embed_html|thumbnail|thumbnail_sequence|title|tags|categories|performer|duration_seconds|views|source_metric_1|source_metric_2|thumbnail_large|thumbnail_sequence_large
<iframe src="https://www.pornhub.com/embed/ph5875ea2876316" frameborder="0" height="481" width="608" scrolling="no"></iframe>|https://ei.phncdn.com/videos/201701/11/101934602/original/(m=eaf8GgaaaWavb)(mh=_Jaz2CPNmQDKck-2)6.jpg|https://ei.phncdn.com/videos/201701/11/101934602/original/(m=eaf8GgaaaWavb)(mh=_Jaz2CPNmQDKck-2)1.jpg;https://ei.phncdn.com/videos/201701/11/101934602/original/(m=eaf8GgaaaWavb)(mh=_Jaz2CPNmQDKck-2)2.jpg;https://ei.phncdn.com/videos/201701/11/101934602/original/(m=eaf8GgaaaWavb)(mh=_Jaz2CPNmQDKck-2)3.jpg;https://ei.phncdn.com/videos/201701/11/101934602/original/(m=eaf8GgaaaWavb)(mh=_Jaz2CPNmQDKck-2)4.jpg;https://ei.phncdn.com/videos/201701/11/101934602/original/(m=eaf8GgaaaWavb)(mh=_Jaz2CPNmQDKck-2)5.jpg;https://ei.phncdn.com/videos/201701/11/101934602/original/(m=eaf8GgaaaWavb)(mh=_Jaz2CPNmQDKck-2)6.jpg;https://ei.phncdn.com/videos/201701/11/101934602/original/(m=eaf8GgaaaWavb)(mh=_Jaz2CPNmQDKck-2)7.jpg;https://ei.phncdn.com/videos/201701/11/101934602/original/(m=eaf8GgaaaWavb)(mh=_Jaz2CPNmQDKck-2)8.jpg;https://ei.phncdn.com/videos/201701/11/101934602/original/(m=eaf8GgaaaWavb)(mh=_Jaz2CPNmQDKck-2)9.jpg;https://ei.phncdn.com/videos/201701/11/101934602/original/(m=eaf8GgaaaWavb)(mh=_Jaz2CPNmQDKck-2)10.jpg;https://ei.phncdn.com/videos/201701/11/101934602/original/(m=eaf8GgaaaWavb)(mh=_Jaz2CPNmQDKck-2)11.jpg;https://ei.phncdn.com/videos/201701/11/101934602/original/(m=eaf8GgaaaWavb)(mh=_Jaz2CPNmQDKck-2)12.jpg;https://ei.phncdn.com/videos/201701/11/101934602/original/(m=eaf8GgaaaWavb)(mh=_Jaz2CPNmQDKck-2)13.jpg;https://ei.phncdn.com/videos/201701/11/101934602/original/(m=eaf8GgaaaWavb)(mh=_Jaz2CPNmQDKck-2)14.jpg;https://ei.phncdn.com/videos/201701/11/101934602/original/(m=eaf8GgaaaWavb)(mh=_Jaz2CPNmQDKck-2)15.jpg;https://ei.phncdn.com/videos/201701/11/101934602/original/(m=eaf8GgaaaWavb)(mh=_Jaz2CPNmQDKck-2)16.jpg|VirtualRealPorn-After Party III|virtualrealporn;virtual;reality;lucia-love;fuck;perfect-blowjob;glamour-blowjob;natural-tits;softcore-sex;titsjob|Virtual Reality;60FPS;180°;3D||367|2591|7|8|https://ei.phncdn.com/videos/201701/11/101934602/original/(m=eaAaGwObaaamqv)(mh=mp1FSSGdSvai48JK)6.jpg|https://ei.phncdn.com/videos/201701/11/101934602/original/(m=eaAaGwObaaamqv)(mh=mp1FSSGdSvai48JK)1.jpg;https://ei.phncdn.com/videos/201701/11/101934602/original/(m=eaAaGwObaaamqv)(mh=mp1FSSGdSvai48JK)2.jpg;https://ei.phncdn.com/videos/201701/11/101934602/original/(m=eaAaGwObaaamqv)(mh=mp1FSSGdSvai48JK)3.jpg;https://ei.phncdn.com/videos/201701/11/101934602/original/(m=eaAaGwObaaamqv)(mh=mp1FSSGdSvai48JK)4.jpg;https://ei.phncdn.com/videos/201701/11/101934602/original/(m=eaAaGwObaaamqv)(mh=mp1FSSGdSvai48JK)5.jpg;https://ei.phncdn.com/videos/201701/11/101934602/original/(m=eaAaGwObaaamqv)(mh=mp1FSSGdSvai48JK)6.jpg;https://ei.phncdn.com/videos/201701/11/101934602/original/(m=eaAaGwObaaamqv)(mh=mp1FSSGdSvai48JK)7.jpg;https://ei.phncdn.com/videos/201701/11/101934602/original/(m=eaAaGwObaaamqv)(mh=mp1FSSGdSvai48JK)8.jpg;https://ei.phncdn.com/videos/201701/11/101934602/original/(m=eaAaGwObaaamqv)(mh=mp1FSSGdSvai48JK)9.jpg;https://ei.phncdn.com/videos/201701/11/101934602/original/(m=eaAaGwObaaamqv)(mh=mp1FSSGdSvai48JK)10.jpg;https://ei.phncdn.com/videos/201701/11/101934602/original/(m=eaAaGwObaaamqv)(mh=mp1FSSGdSvai48JK)11.jpg;https://ei.phncdn.com/videos/201701/11/101934602/original/(m=eaAaGwObaaamqv)(mh=mp1FSSGdSvai48JK)12.jpg;https://ei.phncdn.com/videos/201701/11/101934602/original/(m=eaAaGwObaaamqv)(mh=mp1FSSGdSvai48JK)13.jpg;https://ei.phncdn.com/videos/201701/11/101934602/original/(m=eaAaGwObaaamqv)(mh=mp1FSSGdSvai48JK)14.jpg;https://ei.phncdn.com/videos/201701/11/101934602/original/(m=eaAaGwObaaamqv)(mh=mp1FSSGdSvai48JK)15.jpg;https://ei.phncdn.com/videos/201701/11/101934602/original/(m=eaAaGwObaaamqv)(mh=mp1FSSGdSvai48JK)16.jpg
<iframe src="https://www.pornhub.com/embed/ph58b6978aef7d6" frameborder="0" height="481" width="608" scrolling="no"></iframe>|https://ei.phncdn.com/videos/201703/01/108062842/original/(m=eaf8GgaaaWavb)(mh=88UfB3H-XxTqtIW2)16.jpg|https://ei.phncdn.com/videos/201703/01/108062842/original/(m=eaf8GgaaaWavb)(mh=88UfB3H-XxTqtIW2)1.jpg;https://ei.phncdn.com/videos/201703/01/108062842/original/(m=eaf8GgaaaWavb)(mh=88UfB3H-XxTqtIW2)2.jpg;https://ei.phncdn.com/videos/201703/01/108062842/original/(m=eaf8GgaaaWavb)(mh=88UfB3H-XxTqtIW2)3.jpg;https://ei.phncdn.com/videos/201703/01/108062842/original/(m=eaf8GgaaaWavb)(mh=88UfB3H-XxTqtIW2)4.jpg;https://ei.phncdn.com/videos/201703/01/108062842/original/(m=eaf8GgaaaWavb)(mh=88UfB3H-XxTqtIW2)5.jpg;https://ei.phncdn.com/videos/201703/01/108062842/original/(m=eaf8GgaaaWavb)(mh=88UfB3H-XxTqtIW2)6.jpg;https://ei.phncdn.com/videos/201703/01/108062842/original/(m=eaf8GgaaaWavb)(mh=88UfB3H-XxTqtIW2)7.jpg;https://ei.phncdn.com/videos/201703/01/108062842/original/(m=eaf8GgaaaWavb)(mh=88UfB3H-XxTqtIW2)8.jpg;https://ei.phncdn.com/videos/201703/01/108062842/original/(m=eaf8GgaaaWavb)(mh=88UfB3H-XxTqtIW2)9.jpg;https://ei.phncdn.com/videos/201703/01/108062842/original/(m=eaf8GgaaaWavb)(mh=88UfB3H-XxTqtIW2)10.jpg;https://ei.phncdn.com/videos/201703/01/108062842/original/(m=eaf8GgaaaWavb)(mh=88UfB3H-XxTqtIW2)11.jpg;https://ei.phncdn.com/videos/201703/01/108062842/original/(m=eaf8GgaaaWavb)(mh=88UfB3H-XxTqtIW2)12.jpg;https://ei.phncdn.com/videos/201703/01/108062842/original/(m=eaf8GgaaaWavb)(mh=88UfB3H-XxTqtIW2)13.jpg;https://ei.phncdn.com/videos/201703/01/108062842/original/(m=eaf8GgaaaWavb)(mh=88UfB3H-XxTqtIW2)14.jpg;https://ei.phncdn.com/videos/201703/01/108062842/original/(m=eaf8GgaaaWavb)(mh=88UfB3H-XxTqtIW2)15.jpg;https://ei.phncdn.com/videos/201703/01/108062842/original/(m=eaf8GgaaaWavb)(mh=88UfB3H-XxTqtIW2)16.jpg|VirtualRealPorn.com - Swimming coach|virtualrealporn;virtual;reality;blowjob;cowgirl;natural-tits;tiny-tits;czech|Virtual Reality;60FPS;180°;3D||370|9032|19|12|https://ei.phncdn.com/videos/201703/01/108062842/original/(m=eaAaGwObaaamqv)(mh=aK0cATrv-3cE6tOl)16.jpg|https://ei.phncdn.com/videos/201703/01/108062842/original/(m=eaAaGwObaaamqv)(mh=aK0cATrv-3cE6tOl)1.jpg;https://ei.phncdn.com/videos/201703/01/108062842/original/(m=eaAaGwObaaamqv)(mh=aK0cATrv-3cE6tOl)2.jpg;https://ei.phncdn.com/videos/201703/01/108062842/original/(m=eaAaGwObaaamqv)(mh=aK0cATrv-3cE6tOl)3.jpg;https://ei.phncdn.com/videos/201703/01/108062842/original/(m=eaAaGwObaaamqv)(mh=aK0cATrv-3cE6tOl)4.jpg;https://ei.phncdn.com/videos/201703/01/108062842/original/(m=eaAaGwObaaamqv)(mh=aK0cATrv-3cE6tOl)5.jpg;https://ei.phncdn.com/videos/201703/01/108062842/original/(m=eaAaGwObaaamqv)(mh=aK0cATrv-3cE6tOl)6.jpg;https://ei.phncdn.com/videos/201703/01/108062842/original/(m=eaAaGwObaaamqv)(mh=aK0cATrv-3cE6tOl)7.jpg;https://ei.phncdn.com/videos/201703/01/108062842/original/(m=eaAaGwObaaamqv)(mh=aK0cATrv-3cE6tOl)8.jpg;https://ei.phncdn.com/videos/201703/01/108062842/original/(m=eaAaGwObaaamqv)(mh=aK0cATrv-3cE6tOl)9.jpg;https://ei.phncdn.com/videos/201703/01/108062842/original/(m=eaAaGwObaaamqv)(mh=aK0cATrv-3cE6tOl)10.jpg;https://ei.phncdn.com/videos/201703/01/108062842/original/(m=eaAaGwObaaamqv)(mh=aK0cATrv-3cE6tOl)11.jpg;https://ei.phncdn.com/videos/201703/01/108062842/original/(m=eaAaGwObaaamqv)(mh=aK0cATrv-3cE6tOl)12.jpg;https://ei.phncdn.com/videos/201703/01/108062842/original/(m=eaAaGwObaaamqv)(mh=aK0cATrv-3cE6tOl)13.jpg;https://ei.phncdn.com/videos/201703/01/108062842/original/(m=eaAaGwObaaamqv)(mh=aK0cATrv-3cE6tOl)14.jpg;https://ei.phncdn.com/videos/201703/01/108062842/original/(m=eaAaGwObaaamqv)(mh=aK0cATrv-3cE6tOl)15.jpg;https://ei.phncdn.com/videos/201703/01/108062842/original/(m=eaAaGwObaaamqv)(mh=aK0cATrv-3cE6tOl)16.jpg
<iframe src="https://www.pornhub.com/embed/ph58b6978b083b9" frameborder="0" height="481" width="608" scrolling="no"></iframe>|https://ei.phncdn.com/videos/201703/01/108062862/original/(m=eaf8GgaaaWavb)(mh=FvR6BtmyxZFY-OOD)11.jpg|https://ei.phncdn.com/videos/201703/01/108062862/original/(m=eaf8GgaaaWavb)(mh=FvR6BtmyxZFY-OOD)1.jpg;https://ei.phncdn.com/videos/201703/01/108062862/original/(m=eaf8GgaaaWavb)(mh=FvR6BtmyxZFY-OOD)2.jpg;https://ei.phncdn.com/videos/201703/01/108062862/original/(m=eaf8GgaaaWavb)(mh=FvR6BtmyxZFY-OOD)3.jpg;https://ei.phncdn.com/videos/201703/01/108062862/original/(m=eaf8GgaaaWavb)(mh=FvR6BtmyxZFY-OOD)4.jpg;https://ei.phncdn.com/videos/201703/01/108062862/original/(m=eaf8GgaaaWavb)(mh=FvR6BtmyxZFY-OOD)5.jpg;https://ei.phncdn.com/videos/201703/01/108062862/original/(m=eaf8GgaaaWavb)(mh=FvR6BtmyxZFY-OOD)6.jpg;https://ei.phncdn.com/videos/201703/01/108062862/original/(m=eaf8GgaaaWavb)(mh=FvR6BtmyxZFY-OOD)7.jpg;https://ei.phncdn.com/videos/201703/01/108062862/original/(m=eaf8GgaaaWavb)(mh=FvR6BtmyxZFY-OOD)8.jpg;https://ei.phncdn.com/videos/201703/01/108062862/original/(m=eaf8GgaaaWavb)(mh=FvR6BtmyxZFY-OOD)9.jpg;https://ei.phncdn.com/videos/201703/01/108062862/original/(m=eaf8GgaaaWavb)(mh=FvR6BtmyxZFY-OOD)10.jpg;https://ei.phncdn.com/videos/201703/01/108062862/original/(m=eaf8GgaaaWavb)(mh=FvR6BtmyxZFY-OOD)11.jpg;https://ei.phncdn.com/videos/201703/01/108062862/original/(m=eaf8GgaaaWavb)(mh=FvR6BtmyxZFY-OOD)12.jpg;https://ei.phncdn.com/videos/201703/01/108062862/original/(m=eaf8GgaaaWavb)(mh=FvR6BtmyxZFY-OOD)13.jpg;https://ei.phncdn.com/videos/201703/01/108062862/original/(m=eaf8GgaaaWavb)(mh=FvR6BtmyxZFY-OOD)14.jpg;https://ei.phncdn.com/videos/201703/01/108062862/original/(m=eaf8GgaaaWavb)(mh=FvR6BtmyxZFY-OOD)15.jpg;https://ei.phncdn.com/videos/201703/01/108062862/original/(m=eaf8GgaaaWavb)(mh=FvR6BtmyxZFY-OOD)16.jpg|VirtualRealPorn.com - And the Oscar goes to|virtualrealporn;virtual;reality;blowjob;natural-tits;threesome;tiny-tits|Virtual Reality;60FPS;180°;3D||366|24179|117|39|https://ei.phncdn.com/videos/201703/01/108062862/original/(m=eaAaGwObaaamqv)(mh=FPz1CksBp29FDI_B)11.jpg|https://ei.phncdn.com/videos/201703/01/108062862/original/(m=eaAaGwObaaamqv)(mh=FPz1CksBp29FDI_B)1.jpg;https://ei.phncdn.com/videos/201703/01/108062862/original/(m=eaAaGwObaaamqv)(mh=FPz1CksBp29FDI_B)2.jpg;https://ei.phncdn.com/videos/201703/01/108062862/original/(m=eaAaGwObaaamqv)(mh=FPz1CksBp29FDI_B)3.jpg;https://ei.phncdn.com/videos/201703/01/108062862/original/(m=eaAaGwObaaamqv)(mh=FPz1CksBp29FDI_B)4.jpg;https://ei.phncdn.com/videos/201703/01/108062862/original/(m=eaAaGwObaaamqv)(mh=FPz1CksBp29FDI_B)5.jpg;https://ei.phncdn.com/videos/201703/01/108062862/original/(m=eaAaGwObaaamqv)(mh=FPz1CksBp29FDI_B)6.jpg;https://ei.phncdn.com/videos/201703/01/108062862/original/(m=eaAaGwObaaamqv)(mh=FPz1CksBp29FDI_B)7.jpg;https://ei.phncdn.com/videos/201703/01/108062862/original/(m=eaAaGwObaaamqv)(mh=FPz1CksBp29FDI_B)8.jpg;https://ei.phncdn.com/videos/201703/01/108062862/original/(m=eaAaGwObaaamqv)(mh=FPz1CksBp29FDI_B)9.jpg;https://ei.phncdn.com/videos/201703/01/108062862/original/(m=eaAaGwObaaamqv)(mh=FPz1CksBp29FDI_B)10.jpg;https://ei.phncdn.com/videos/201703/01/108062862/original/(m=eaAaGwObaaamqv)(mh=FPz1CksBp29FDI_B)11.jpg;https://ei.phncdn.com/videos/201703/01/108062862/original/(m=eaAaGwObaaamqv)(mh=FPz1CksBp29FDI_B)12.jpg;https://ei.phncdn.com/videos/201703/01/108062862/original/(m=eaAaGwObaaamqv)(mh=FPz1CksBp29FDI_B)13.jpg;https://ei.phncdn.com/videos/201703/01/108062862/original/(m=eaAaGwObaaamqv)(mh=FPz1CksBp29FDI_B)14.jpg;https://ei.phncdn.com/videos/201703/01/108062862/original/(m=eaAaGwObaaamqv)(mh=FPz1CksBp29FDI_B)15.jpg;https://ei.phncdn.com/videos/201703/01/108062862/original/(m=eaAaGwObaaamqv)(mh=FPz1CksBp29FDI_B)16.jpg
<iframe src="https://www.pornhub.com/embed/ph58d8dbbf12528" frameborder="0" height="481" width="608" scrolling="no"></iframe>|https://ei.phncdn.com/videos/201703/27/111129692/original/(m=eaf8GgaaaWavb)(mh=Hz8IIm1TQe9z4B_j)16.jpg|https://ei.phncdn.com/videos/201703/27/111129692/original/(m=eaf8GgaaaWavb)(mh=Hz8IIm1TQe9z4B_j)1.jpg;https://ei.phncdn.com/videos/201703/27/111129692/original/(m=eaf8GgaaaWavb)(mh=Hz8IIm1TQe9z4B_j)2.jpg;https://ei.phncdn.com/videos/201703/27/111129692/original/(m=eaf8GgaaaWavb)(mh=Hz8IIm1TQe9z4B_j)3.jpg;https://ei.phncdn.com/videos/201703/27/111129692/original/(m=eaf8GgaaaWavb)(mh=Hz8IIm1TQe9z4B_j)4.jpg;https://ei.phncdn.com/videos/201703/27/111129692/original/(m=eaf8GgaaaWavb)(mh=Hz8IIm1TQe9z4B_j)5.jpg;https://ei.phncdn.com/videos/201703/27/111129692/original/(m=eaf8GgaaaWavb)(mh=Hz8IIm1TQe9z4B_j)6.jpg;https://ei.phncdn.com/videos/201703/27/111129692/original/(m=eaf8GgaaaWavb)(mh=Hz8IIm1TQe9z4B_j)7.jpg;https://ei.phncdn.com/videos/201703/27/111129692/original/(m=eaf8GgaaaWavb)(mh=Hz8IIm1TQe9z4B_j)8.jpg;https://ei.phncdn.com/videos/201703/27/111129692/original/(m=eaf8GgaaaWavb)(mh=Hz8IIm1TQe9z4B_j)9.jpg;https://ei.phncdn.com/videos/201703/27/111129692/original/(m=eaf8GgaaaWavb)(mh=Hz8IIm1TQe9z4B_j)10.jpg;https://ei.phncdn.com/videos/201703/27/111129692/original/(m=eaf8GgaaaWavb)(mh=Hz8IIm1TQe9z4B_j)11.jpg;https://ei.phncdn.com/videos/201703/27/111129692/original/(m=eaf8GgaaaWavb)(mh=Hz8IIm1TQe9z4B_j)12.jpg;https://ei.phncdn.com/videos/201703/27/111129692/original/(m=eaf8GgaaaWavb)(mh=Hz8IIm1TQe9z4B_j)13.jpg;https://ei.phncdn.com/videos/201703/27/111129692/original/(m=eaf8GgaaaWavb)(mh=Hz8IIm1TQe9z4B_j)14.jpg;https://ei.phncdn.com/videos/201703/27/111129692/original/(m=eaf8GgaaaWavb)(mh=Hz8IIm1TQe9z4B_j)15.jpg;https://ei.phncdn.com/videos/201703/27/111129692/original/(m=eaf8GgaaaWavb)(mh=Hz8IIm1TQe9z4B_j)16.jpg|VirtualRealPorn.com - The best welcome|virtual;reality;virtualrealporn;60fps;3d-vr;perfect-blowjob;blowjob;facesitting;natural-tits;full-sex;tiny-tits|Virtual Reality;60FPS;180°;3D||376|838|2|1|https://ei.phncdn.com/videos/201703/27/111129692/original/(m=eaAaGwObaaamqv)(mh=yWNrdbO5MrFnENOi)16.jpg|https://ei.phncdn.com/videos/201703/27/111129692/original/(m=eaAaGwObaaamqv)(mh=yWNrdbO5MrFnENOi)1.jpg;https://ei.phncdn.com/videos/201703/27/111129692/original/(m=eaAaGwObaaamqv)(mh=yWNrdbO5MrFnENOi)2.jpg;https://ei.phncdn.com/videos/201703/27/111129692/original/(m=eaAaGwObaaamqv)(mh=yWNrdbO5MrFnENOi)3.jpg;https://ei.phncdn.com/videos/201703/27/111129692/original/(m=eaAaGwObaaamqv)(mh=yWNrdbO5MrFnENOi)4.jpg;https://ei.phncdn.com/videos/201703/27/111129692/original/(m=eaAaGwObaaamqv)(mh=yWNrdbO5MrFnENOi)5.jpg;https://ei.phncdn.com/videos/201703/27/111129692/original/(m=eaAaGwObaaamqv)(mh=yWNrdbO5MrFnENOi)6.jpg;https://ei.phncdn.com/videos/201703/27/111129692/original/(m=eaAaGwObaaamqv)(mh=yWNrdbO5MrFnENOi)7.jpg;https://ei.phncdn.com/videos/201703/27/111129692/original/(m=eaAaGwObaaamqv)(mh=yWNrdbO5MrFnENOi)8.jpg;https://ei.phncdn.com/videos/201703/27/111129692/original/(m=eaAaGwObaaamqv)(mh=yWNrdbO5MrFnENOi)9.jpg;https://ei.phncdn.com/videos/201703/27/111129692/original/(m=eaAaGwObaaamqv)(mh=yWNrdbO5MrFnENOi)10.jpg;https://ei.phncdn.com/videos/201703/27/111129692/original/(m=eaAaGwObaaamqv)(mh=yWNrdbO5MrFnENOi)11.jpg;https://ei.phncdn.com/videos/201703/27/111129692/original/(m=eaAaGwObaaamqv)(mh=yWNrdbO5MrFnENOi)12.jpg;https://ei.phncdn.com/videos/201703/27/111129692/original/(m=eaAaGwObaaamqv)(mh=yWNrdbO5MrFnENOi)13.jpg;https://ei.phncdn.com/videos/201703/27/111129692/original/(m=eaAaGwObaaamqv)(mh=yWNrdbO5MrFnENOi)14.jpg;https://ei.phncdn.com/videos/201703/27/111129692/original/(m=eaAaGwObaaamqv)(mh=yWNrdbO5MrFnENOi)15.jpg;https://ei.phncdn.com/videos/201703/27/111129692/original/(m=eaAaGwObaaamqv)(mh=yWNrdbO5MrFnENOi)16.jpg
<iframe src="https://www.pornhub.com/embed/ph58d8dbbf44248" frameborder="0" height="481" width="608" scrolling="no"></iframe>|https://ei.phncdn.com/videos/201703/27/111131662/original/(m=eaf8GgaaaWavb)(mh=M9ar0qIRI60rua2I)15.jpg|https://ei.phncdn.com/videos/201703/27/111131662/original/(m=eaf8GgaaaWavb)(mh=M9ar0qIRI60rua2I)1.jpg;https://ei.phncdn.com/videos/201703/27/111131662/original/(m=eaf8GgaaaWavb)(mh=M9ar0qIRI60rua2I)2.jpg;https://ei.phncdn.com/videos/201703/27/111131662/original/(m=eaf8GgaaaWavb)(mh=M9ar0qIRI60rua2I)3.jpg;https://ei.phncdn.com/videos/201703/27/111131662/original/(m=eaf8GgaaaWavb)(mh=M9ar0qIRI60rua2I)4.jpg;https://ei.phncdn.com/videos/201703/27/111131662/original/(m=eaf8GgaaaWavb)(mh=M9ar0qIRI60rua2I)5.jpg;https://ei.phncdn.com/videos/201703/27/111131662/original/(m=eaf8GgaaaWavb)(mh=M9ar0qIRI60rua2I)6.jpg;https://ei.phncdn.com/videos/201703/27/111131662/original/(m=eaf8GgaaaWavb)(mh=M9ar0qIRI60rua2I)7.jpg;https://ei.phncdn.com/videos/201703/27/111131662/original/(m=eaf8GgaaaWavb)(mh=M9ar0qIRI60rua2I)8.jpg;https://ei.phncdn.com/videos/201703/27/111131662/original/(m=eaf8GgaaaWavb)(mh=M9ar0qIRI60rua2I)9.jpg;https://ei.phncdn.com/videos/201703/27/111131662/original/(m=eaf8GgaaaWavb)(mh=M9ar0qIRI60rua2I)10.jpg;https://ei.phncdn.com/videos/201703/27/111131662/original/(m=eaf8GgaaaWavb)(mh=M9ar0qIRI60rua2I)11.jpg;https://ei.phncdn.com/videos/201703/27/111131662/original/(m=eaf8GgaaaWavb)(mh=M9ar0qIRI60rua2I)12.jpg;https://ei.phncdn.com/videos/201703/27/111131662/original/(m=eaf8GgaaaWavb)(mh=M9ar0qIRI60rua2I)13.jpg;https://ei.phncdn.com/videos/201703/27/111131662/original/(m=eaf8GgaaaWavb)(mh=M9ar0qIRI60rua2I)14.jpg;https://ei.phncdn.com/videos/201703/27/111131662/original/(m=eaf8GgaaaWavb)(mh=M9ar0qIRI60rua2I)15.jpg;https://ei.phncdn.com/videos/201703/27/111131662/original/(m=eaf8GgaaaWavb)(mh=M9ar0qIRI60rua2I)16.jpg|VirtualRealPorn.com - Pissing fun|virtualrealporn;virtual;reality;3d-vr;4k;60fps;bath;dildo;natural-tits;teen;solo;pissing;ass;dildo-ass;orgasm|Virtual Reality;60FPS;180°;3D||363|6082|20|13|https://ei.phncdn.com/videos/201703/27/111131662/original/(m=eaAaGwObaaamqv)(mh=GvK1t1dtI_sf3SAE)15.jpg|https://ei.phncdn.com/videos/201703/27/111131662/original/(m=eaAaGwObaaamqv)(mh=GvK1t1dtI_sf3SAE)1.jpg;https://ei.phncdn.com/videos/201703/27/111131662/original/(m=eaAaGwObaaamqv)(mh=GvK1t1dtI_sf3SAE)2.jpg;https://ei.phncdn.com/videos/201703/27/111131662/original/(m=eaAaGwObaaamqv)(mh=GvK1t1dtI_sf3SAE)3.jpg;https://ei.phncdn.com/videos/201703/27/111131662/original/(m=eaAaGwObaaamqv)(mh=GvK1t1dtI_sf3SAE)4.jpg;https://ei.phncdn.com/videos/201703/27/111131662/original/(m=eaAaGwObaaamqv)(mh=GvK1t1dtI_sf3SAE)5.jpg;https://ei.phncdn.com/videos/201703/27/111131662/original/(m=eaAaGwObaaamqv)(mh=GvK1t1dtI_sf3SAE)6.jpg;https://ei.phncdn.com/videos/201703/27/111131662/original/(m=eaAaGwObaaamqv)(mh=GvK1t1dtI_sf3SAE)7.jpg;https://ei.phncdn.com/videos/201703/27/111131662/original/(m=eaAaGwObaaamqv)(mh=GvK1t1dtI_sf3SAE)8.jpg;https://ei.phncdn.com/videos/201703/27/111131662/original/(m=eaAaGwObaaamqv)(mh=GvK1t1dtI_sf3SAE)9.jpg;https://ei.phncdn.com/videos/201703/27/111131662/original/(m=eaAaGwObaaamqv)(mh=GvK1t1dtI_sf3SAE)10.jpg;https://ei.phncdn.com/videos/201703/27/111131662/original/(m=eaAaGwObaaamqv)(mh=GvK1t1dtI_sf3SAE)11.jpg;https://ei.phncdn.com/videos/201703/27/111131662/original/(m=eaAaGwObaaamqv)(mh=GvK1t1dtI_sf3SAE)12.jpg;https://ei.phncdn.com/videos/201703/27/111131662/original/(m=eaAaGwObaaamqv)(mh=GvK1t1dtI_sf3SAE)13.jpg;https://ei.phncdn.com/videos/201703/27/111131662/original/(m=eaAaGwObaaamqv)(mh=GvK1t1dtI_sf3SAE)14.jpg;https://ei.phncdn.com/videos/201703/27/111131662/original/(m=eaAaGwObaaamqv)(mh=GvK1t1dtI_sf3SAE)15.jpg;https://ei.phncdn.com/videos/201703/27/111131662/original/(m=eaAaGwObaaamqv)(mh=GvK1t1dtI_sf3SAE)16.jpg
<iframe src="https://www.pornhub.com/embed/ph591e98d897f99" frameborder="0" height="481" width="608" scrolling="no"></iframe>|https://ei.phncdn.com/videos/201705/19/117023701/original/(m=eaf8GgaaaWavb)(mh=3VafHXrV_TWWRIEi)12.jpg|https://ei.phncdn.com/videos/201705/19/117023701/original/(m=eaf8GgaaaWavb)(mh=3VafHXrV_TWWRIEi)1.jpg;https://ei.phncdn.com/videos/201705/19/117023701/original/(m=eaf8GgaaaWavb)(mh=3VafHXrV_TWWRIEi)2.jpg;https://ei.phncdn.com/videos/201705/19/117023701/original/(m=eaf8GgaaaWavb)(mh=3VafHXrV_TWWRIEi)3.jpg;https://ei.phncdn.com/videos/201705/19/117023701/original/(m=eaf8GgaaaWavb)(mh=3VafHXrV_TWWRIEi)4.jpg;https://ei.phncdn.com/videos/201705/19/117023701/original/(m=eaf8GgaaaWavb)(mh=3VafHXrV_TWWRIEi)5.jpg;https://ei.phncdn.com/videos/201705/19/117023701/original/(m=eaf8GgaaaWavb)(mh=3VafHXrV_TWWRIEi)6.jpg;https://ei.phncdn.com/videos/201705/19/117023701/original/(m=eaf8GgaaaWavb)(mh=3VafHXrV_TWWRIEi)7.jpg;https://ei.phncdn.com/videos/201705/19/117023701/original/(m=eaf8GgaaaWavb)(mh=3VafHXrV_TWWRIEi)8.jpg;https://ei.phncdn.com/videos/201705/19/117023701/original/(m=eaf8GgaaaWavb)(mh=3VafHXrV_TWWRIEi)9.jpg;https://ei.phncdn.com/videos/201705/19/117023701/original/(m=eaf8GgaaaWavb)(mh=3VafHXrV_TWWRIEi)10.jpg;https://ei.phncdn.com/videos/201705/19/117023701/original/(m=eaf8GgaaaWavb)(mh=3VafHXrV_TWWRIEi)11.jpg;https://ei.phncdn.com/videos/201705/19/117023701/original/(m=eaf8GgaaaWavb)(mh=3VafHXrV_TWWRIEi)12.jpg;https://ei.phncdn.com/videos/201705/19/117023701/original/(m=eaf8GgaaaWavb)(mh=3VafHXrV_TWWRIEi)13.jpg;https://ei.phncdn.com/videos/201705/19/117023701/original/(m=eaf8GgaaaWavb)(mh=3VafHXrV_TWWRIEi)14.jpg;https://ei.phncdn.com/videos/201705/19/117023701/original/(m=eaf8GgaaaWavb)(mh=3VafHXrV_TWWRIEi)15.jpg;https://ei.phncdn.com/videos/201705/19/117023701/original/(m=eaf8GgaaaWavb)(mh=3VafHXrV_TWWRIEi)16.jpg|VirtualRealPorn.com - Spring special|virtualrealporn;virtual;reality;3d;4k;60fps;vr;anal;blowjob;dildo;lesbian;orgy;pmv;solo;threesome|Virtual Reality;60FPS;180°;3D||298|1491|6|6|https://ei.phncdn.com/videos/201705/19/117023701/original/(m=eaAaGwObaaamqv)(mh=sIqz3eR-3eNEglvL)12.jpg|https://ei.phncdn.com/videos/201705/19/117023701/original/(m=eaAaGwObaaamqv)(mh=sIqz3eR-3eNEglvL)1.jpg;https://ei.phncdn.com/videos/201705/19/117023701/original/(m=eaAaGwObaaamqv)(mh=sIqz3eR-3eNEglvL)2.jpg;https://ei.phncdn.com/videos/201705/19/117023701/original/(m=eaAaGwObaaamqv)(mh=sIqz3eR-3eNEglvL)3.jpg;https://ei.phncdn.com/videos/201705/19/117023701/original/(m=eaAaGwObaaamqv)(mh=sIqz3eR-3eNEglvL)4.jpg;https://ei.phncdn.com/videos/201705/19/117023701/original/(m=eaAaGwObaaamqv)(mh=sIqz3eR-3eNEglvL)5.jpg;https://ei.phncdn.com/videos/201705/19/117023701/original/(m=eaAaGwObaaamqv)(mh=sIqz3eR-3eNEglvL)6.jpg;https://ei.phncdn.com/videos/201705/19/117023701/original/(m=eaAaGwObaaamqv)(mh=sIqz3eR-3eNEglvL)7.jpg;https://ei.phncdn.com/videos/201705/19/117023701/original/(m=eaAaGwObaaamqv)(mh=sIqz3eR-3eNEglvL)8.jpg;https://ei.phncdn.com/videos/201705/19/117023701/original/(m=eaAaGwObaaamqv)(mh=sIqz3eR-3eNEglvL)9.jpg;https://ei.phncdn.com/videos/201705/19/117023701/original/(m=eaAaGwObaaamqv)(mh=sIqz3eR-3eNEglvL)10.jpg;https://ei.phncdn.com/videos/201705/19/117023701/original/(m=eaAaGwObaaamqv)(mh=sIqz3eR-3eNEglvL)11.jpg;https://ei.phncdn.com/videos/201705/19/117023701/original/(m=eaAaGwObaaamqv)(mh=sIqz3eR-3eNEglvL)12.jpg;https://ei.phncdn.com/videos/201705/19/117023701/original/(m=eaAaGwObaaamqv)(mh=sIqz3eR-3eNEglvL)13.jpg;https://ei.phncdn.com/videos/201705/19/117023701/original/(m=eaAaGwObaaamqv)(mh=sIqz3eR-3eNEglvL)14.jpg;https://ei.phncdn.com/videos/201705/19/117023701/original/(m=eaAaGwObaaamqv)(mh=sIqz3eR-3eNEglvL)15.jpg;https://ei.phncdn.com/videos/201705/19/117023701/original/(m=eaAaGwObaaamqv)(mh=sIqz3eR-3eNEglvL)16.jpg
<iframe src="https://www.pornhub.com/embed/ph591e98d8b5c66" frameborder="0" height="481" width="608" scrolling="no"></iframe>|https://ei.phncdn.com/videos/201705/19/117023721/original/(m=eaf8GgaaaWavb)(mh=YY0co2BJU_aNaov8)12.jpg|https://ei.phncdn.com/videos/201705/19/117023721/original/(m=eaf8GgaaaWavb)(mh=YY0co2BJU_aNaov8)1.jpg;https://ei.phncdn.com/videos/201705/19/117023721/original/(m=eaf8GgaaaWavb)(mh=YY0co2BJU_aNaov8)2.jpg;https://ei.phncdn.com/videos/201705/19/117023721/original/(m=eaf8GgaaaWavb)(mh=YY0co2BJU_aNaov8)3.jpg;https://ei.phncdn.com/videos/201705/19/117023721/original/(m=eaf8GgaaaWavb)(mh=YY0co2BJU_aNaov8)4.jpg;https://ei.phncdn.com/videos/201705/19/117023721/original/(m=eaf8GgaaaWavb)(mh=YY0co2BJU_aNaov8)5.jpg;https://ei.phncdn.com/videos/201705/19/117023721/original/(m=eaf8GgaaaWavb)(mh=YY0co2BJU_aNaov8)6.jpg;https://ei.phncdn.com/videos/201705/19/117023721/original/(m=eaf8GgaaaWavb)(mh=YY0co2BJU_aNaov8)7.jpg;https://ei.phncdn.com/videos/201705/19/117023721/original/(m=eaf8GgaaaWavb)(mh=YY0co2BJU_aNaov8)8.jpg;https://ei.phncdn.com/videos/201705/19/117023721/original/(m=eaf8GgaaaWavb)(mh=YY0co2BJU_aNaov8)9.jpg;https://ei.phncdn.com/videos/201705/19/117023721/original/(m=eaf8GgaaaWavb)(mh=YY0co2BJU_aNaov8)10.jpg;https://ei.phncdn.com/videos/201705/19/117023721/original/(m=eaf8GgaaaWavb)(mh=YY0co2BJU_aNaov8)11.jpg;https://ei.phncdn.com/videos/201705/19/117023721/original/(m=eaf8GgaaaWavb)(mh=YY0co2BJU_aNaov8)12.jpg;https://ei.phncdn.com/videos/201705/19/117023721/original/(m=eaf8GgaaaWavb)(mh=YY0co2BJU_aNaov8)13.jpg;https://ei.phncdn.com/videos/201705/19/117023721/original/(m=eaf8GgaaaWavb)(mh=YY0co2BJU_aNaov8)14.jpg;https://ei.phncdn.com/videos/201705/19/117023721/original/(m=eaf8GgaaaWavb)(mh=YY0co2BJU_aNaov8)15.jpg;https://ei.phncdn.com/videos/201705/19/117023721/original/(m=eaf8GgaaaWavb)(mh=YY0co2BJU_aNaov8)16.jpg|VirtualRealPorn.com - Special 100 videos|virtual;reality;virtualrealporn;3d;4k;60fps;vr;anal;asian;bath;big-ass;blowjob;curvy;dildo;doggy;fitnes|Virtual Reality;180°;3D||202|6433|36|9|https://ei.phncdn.com/videos/201705/19/117023721/original/(m=eaAaGwObaaamqv)(mh=9ACd6V7H9Rej9iQX)12.jpg|https://ei.phncdn.com/videos/201705/19/117023721/original/(m=eaAaGwObaaamqv)(mh=9ACd6V7H9Rej9iQX)1.jpg;https://ei.phncdn.com/videos/201705/19/117023721/original/(m=eaAaGwObaaamqv)(mh=9ACd6V7H9Rej9iQX)2.jpg;https://ei.phncdn.com/videos/201705/19/117023721/original/(m=eaAaGwObaaamqv)(mh=9ACd6V7H9Rej9iQX)3.jpg;https://ei.phncdn.com/videos/201705/19/117023721/original/(m=eaAaGwObaaamqv)(mh=9ACd6V7H9Rej9iQX)4.jpg;https://ei.phncdn.com/videos/201705/19/117023721/original/(m=eaAaGwObaaamqv)(mh=9ACd6V7H9Rej9iQX)5.jpg;https://ei.phncdn.com/videos/201705/19/117023721/original/(m=eaAaGwObaaamqv)(mh=9ACd6V7H9Rej9iQX)6.jpg;https://ei.phncdn.com/videos/201705/19/117023721/original/(m=eaAaGwObaaamqv)(mh=9ACd6V7H9Rej9iQX)7.jpg;https://ei.phncdn.com/videos/201705/19/117023721/original/(m=eaAaGwObaaamqv)(mh=9ACd6V7H9Rej9iQX)8.jpg;https://ei.phncdn.com/videos/201705/19/117023721/original/(m=eaAaGwObaaamqv)(mh=9ACd6V7H9Rej9iQX)9.jpg;https://ei.phncdn.com/videos/201705/19/117023721/original/(m=eaAaGwObaaamqv)(mh=9ACd6V7H9Rej9iQX)10.jpg;https://ei.phncdn.com/videos/201705/19/117023721/original/(m=eaAaGwObaaamqv)(mh=9ACd6V7H9Rej9iQX)11.jpg;https://ei.phncdn.com/videos/201705/19/117023721/original/(m=eaAaGwObaaamqv)(mh=9ACd6V7H9Rej9iQX)12.jpg;https://ei.phncdn.com/videos/201705/19/117023721/original/(m=eaAaGwObaaamqv)(mh=9ACd6V7H9Rej9iQX)13.jpg;https://ei.phncdn.com/videos/201705/19/117023721/original/(m=eaAaGwObaaamqv)(mh=9ACd6V7H9Rej9iQX)14.jpg;https://ei.phncdn.com/videos/201705/19/117023721/original/(m=eaAaGwObaaamqv)(mh=9ACd6V7H9Rej9iQX)15.jpg;https://ei.phncdn.com/videos/201705/19/117023721/original/(m=eaAaGwObaaamqv)(mh=9ACd6V7H9Rej9iQX)16.jpg
<iframe src="https://www.pornhub.com/embed/ph591e98d8c5f48" frameborder="0" height="481" width="608" scrolling="no"></iframe>|https://ei.phncdn.com/videos/201705/19/117023731/original/(m=eaf8GgaaaWavb)(mh=ETCdSJYsUQ_-0Xb6)12.jpg|https://ei.phncdn.com/videos/201705/19/117023731/original/(m=eaf8GgaaaWavb)(mh=ETCdSJYsUQ_-0Xb6)1.jpg;https://ei.phncdn.com/videos/201705/19/117023731/original/(m=eaf8GgaaaWavb)(mh=ETCdSJYsUQ_-0Xb6)2.jpg;https://ei.phncdn.com/videos/201705/19/117023731/original/(m=eaf8GgaaaWavb)(mh=ETCdSJYsUQ_-0Xb6)3.jpg;https://ei.phncdn.com/videos/201705/19/117023731/original/(m=eaf8GgaaaWavb)(mh=ETCdSJYsUQ_-0Xb6)4.jpg;https://ei.phncdn.com/videos/201705/19/117023731/original/(m=eaf8GgaaaWavb)(mh=ETCdSJYsUQ_-0Xb6)5.jpg;https://ei.phncdn.com/videos/201705/19/117023731/original/(m=eaf8GgaaaWavb)(mh=ETCdSJYsUQ_-0Xb6)6.jpg;https://ei.phncdn.com/videos/201705/19/117023731/original/(m=eaf8GgaaaWavb)(mh=ETCdSJYsUQ_-0Xb6)7.jpg;https://ei.phncdn.com/videos/201705/19/117023731/original/(m=eaf8GgaaaWavb)(mh=ETCdSJYsUQ_-0Xb6)8.jpg;https://ei.phncdn.com/videos/201705/19/117023731/original/(m=eaf8GgaaaWavb)(mh=ETCdSJYsUQ_-0Xb6)9.jpg;https://ei.phncdn.com/videos/201705/19/117023731/original/(m=eaf8GgaaaWavb)(mh=ETCdSJYsUQ_-0Xb6)10.jpg;https://ei.phncdn.com/videos/201705/19/117023731/original/(m=eaf8GgaaaWavb)(mh=ETCdSJYsUQ_-0Xb6)11.jpg;https://ei.phncdn.com/videos/201705/19/117023731/original/(m=eaf8GgaaaWavb)(mh=ETCdSJYsUQ_-0Xb6)12.jpg;https://ei.phncdn.com/videos/201705/19/117023731/original/(m=eaf8GgaaaWavb)(mh=ETCdSJYsUQ_-0Xb6)13.jpg;https://ei.phncdn.com/videos/201705/19/117023731/original/(m=eaf8GgaaaWavb)(mh=ETCdSJYsUQ_-0Xb6)14.jpg;https://ei.phncdn.com/videos/201705/19/117023731/original/(m=eaf8GgaaaWavb)(mh=ETCdSJYsUQ_-0Xb6)15.jpg;https://ei.phncdn.com/videos/201705/19/117023731/original/(m=eaf8GgaaaWavb)(mh=ETCdSJYsUQ_-0Xb6)16.jpg|VirtualRealPorn.com - Close up|virtualrealporn;virtual;reality;3d;4k;60fps;vr;anal;bdsm;big-ass;big-tits;blowjob;cowgirl;curvy;fetish;threesome|Virtual Reality;60FPS;180°;3D||143|3667|27|8|https://ei.phncdn.com/videos/201705/19/117023731/original/(m=eaAaGwObaaamqv)(mh=4fFQ-dKgp_Q4xn7y)12.jpg|https://ei.phncdn.com/videos/201705/19/117023731/original/(m=eaAaGwObaaamqv)(mh=4fFQ-dKgp_Q4xn7y)1.jpg;https://ei.phncdn.com/videos/201705/19/117023731/original/(m=eaAaGwObaaamqv)(mh=4fFQ-dKgp_Q4xn7y)2.jpg;https://ei.phncdn.com/videos/201705/19/117023731/original/(m=eaAaGwObaaamqv)(mh=4fFQ-dKgp_Q4xn7y)3.jpg;https://ei.phncdn.com/videos/201705/19/117023731/original/(m=eaAaGwObaaamqv)(mh=4fFQ-dKgp_Q4xn7y)4.jpg;https://ei.phncdn.com/videos/201705/19/117023731/original/(m=eaAaGwObaaamqv)(mh=4fFQ-dKgp_Q4xn7y)5.jpg;https://ei.phncdn.com/videos/201705/19/117023731/original/(m=eaAaGwObaaamqv)(mh=4fFQ-dKgp_Q4xn7y)6.jpg;https://ei.phncdn.com/videos/201705/19/117023731/original/(m=eaAaGwObaaamqv)(mh=4fFQ-dKgp_Q4xn7y)7.jpg;https://ei.phncdn.com/videos/201705/19/117023731/original/(m=eaAaGwObaaamqv)(mh=4fFQ-dKgp_Q4xn7y)8.jpg;https://ei.phncdn.com/videos/201705/19/117023731/original/(m=eaAaGwObaaamqv)(mh=4fFQ-dKgp_Q4xn7y)9.jpg;https://ei.phncdn.com/videos/201705/19/117023731/original/(m=eaAaGwObaaamqv)(mh=4fFQ-dKgp_Q4xn7y)10.jpg;https://ei.phncdn.com/videos/201705/19/117023731/original/(m=eaAaGwObaaamqv)(mh=4fFQ-dKgp_Q4xn7y)11.jpg;https://ei.phncdn.com/videos/201705/19/117023731/original/(m=eaAaGwObaaamqv)(mh=4fFQ-dKgp_Q4xn7y)12.jpg;https://ei.phncdn.com/videos/201705/19/117023731/original/(m=eaAaGwObaaamqv)(mh=4fFQ-dKgp_Q4xn7y)13.jpg;https://ei.phncdn.com/videos/201705/19/117023731/original/(m=eaAaGwObaaamqv)(mh=4fFQ-dKgp_Q4xn7y)14.jpg;https://ei.phncdn.com/videos/201705/19/117023731/original/(m=eaAaGwObaaamqv)(mh=4fFQ-dKgp_Q4xn7y)15.jpg;https://ei.phncdn.com/videos/201705/19/117023731/original/(m=eaAaGwObaaamqv)(mh=4fFQ-dKgp_Q4xn7y)16.jpg
<iframe src="https://www.pornhub.com/embed/ph591e98d8d5915" frameborder="0" height="481" width="608" scrolling="no"></iframe>|https://ei.phncdn.com/videos/201705/19/117023741/original/(m=eaf8GgaaaWavb)(mh=HIrjzLvN3c_QXmqr)12.jpg|https://ei.phncdn.com/videos/201705/19/117023741/original/(m=eaf8GgaaaWavb)(mh=HIrjzLvN3c_QXmqr)1.jpg;https://ei.phncdn.com/videos/201705/19/117023741/original/(m=eaf8GgaaaWavb)(mh=HIrjzLvN3c_QXmqr)2.jpg;https://ei.phncdn.com/videos/201705/19/117023741/original/(m=eaf8GgaaaWavb)(mh=HIrjzLvN3c_QXmqr)3.jpg;https://ei.phncdn.com/videos/201705/19/117023741/original/(m=eaf8GgaaaWavb)(mh=HIrjzLvN3c_QXmqr)4.jpg;https://ei.phncdn.com/videos/201705/19/117023741/original/(m=eaf8GgaaaWavb)(mh=HIrjzLvN3c_QXmqr)5.jpg;https://ei.phncdn.com/videos/201705/19/117023741/original/(m=eaf8GgaaaWavb)(mh=HIrjzLvN3c_QXmqr)6.jpg;https://ei.phncdn.com/videos/201705/19/117023741/original/(m=eaf8GgaaaWavb)(mh=HIrjzLvN3c_QXmqr)7.jpg;https://ei.phncdn.com/videos/201705/19/117023741/original/(m=eaf8GgaaaWavb)(mh=HIrjzLvN3c_QXmqr)8.jpg;https://ei.phncdn.com/videos/201705/19/117023741/original/(m=eaf8GgaaaWavb)(mh=HIrjzLvN3c_QXmqr)9.jpg;https://ei.phncdn.com/videos/201705/19/117023741/original/(m=eaf8GgaaaWavb)(mh=HIrjzLvN3c_QXmqr)10.jpg;https://ei.phncdn.com/videos/201705/19/117023741/original/(m=eaf8GgaaaWavb)(mh=HIrjzLvN3c_QXmqr)11.jpg;https://ei.phncdn.com/videos/201705/19/117023741/original/(m=eaf8GgaaaWavb)(mh=HIrjzLvN3c_QXmqr)12.jpg;https://ei.phncdn.com/videos/201705/19/117023741/original/(m=eaf8GgaaaWavb)(mh=HIrjzLvN3c_QXmqr)13.jpg;https://ei.phncdn.com/videos/201705/19/117023741/original/(m=eaf8GgaaaWavb)(mh=HIrjzLvN3c_QXmqr)14.jpg;https://ei.phncdn.com/videos/201705/19/117023741/original/(m=eaf8GgaaaWavb)(mh=HIrjzLvN3c_QXmqr)15.jpg;https://ei.phncdn.com/videos/201705/19/117023741/original/(m=eaf8GgaaaWavb)(mh=HIrjzLvN3c_QXmqr)16.jpg|VirtualRealPorn.com - Special interracial|virtual;reality;virtualrealporn;3d;4k;60fps;vr;anal;asian;big-ass;big-tits;cowgirl;ebony;full-sex;interracial;lesbian|Virtual Reality;60FPS;180°;3D||142|966|1|2|https://ei.phncdn.com/videos/201705/19/117023741/original/(m=eaAaGwObaaamqv)(mh=vf4TQfhpE47nUgUu)12.jpg|https://ei.phncdn.com/videos/201705/19/117023741/original/(m=eaAaGwObaaamqv)(mh=vf4TQfhpE47nUgUu)1.jpg;https://ei.phncdn.com/videos/201705/19/117023741/original/(m=eaAaGwObaaamqv)(mh=vf4TQfhpE47nUgUu)2.jpg;https://ei.phncdn.com/videos/201705/19/117023741/original/(m=eaAaGwObaaamqv)(mh=vf4TQfhpE47nUgUu)3.jpg;https://ei.phncdn.com/videos/201705/19/117023741/original/(m=eaAaGwObaaamqv)(mh=vf4TQfhpE47nUgUu)4.jpg;https://ei.phncdn.com/videos/201705/19/117023741/original/(m=eaAaGwObaaamqv)(mh=vf4TQfhpE47nUgUu)5.jpg;https://ei.phncdn.com/videos/201705/19/117023741/original/(m=eaAaGwObaaamqv)(mh=vf4TQfhpE47nUgUu)6.jpg;https://ei.phncdn.com/videos/201705/19/117023741/original/(m=eaAaGwObaaamqv)(mh=vf4TQfhpE47nUgUu)7.jpg;https://ei.phncdn.com/videos/201705/19/117023741/original/(m=eaAaGwObaaamqv)(mh=vf4TQfhpE47nUgUu)8.jpg;https://ei.phncdn.com/videos/201705/19/117023741/original/(m=eaAaGwObaaamqv)(mh=vf4TQfhpE47nUgUu)9.jpg;https://ei.phncdn.com/videos/201705/19/117023741/original/(m=eaAaGwObaaamqv)(mh=vf4TQfhpE47nUgUu)10.jpg;https://ei.phncdn.com/videos/201705/19/117023741/original/(m=eaAaGwObaaamqv)(mh=vf4TQfhpE47nUgUu)11.jpg;https://ei.phncdn.com/videos/201705/19/117023741/original/(m=eaAaGwObaaamqv)(mh=vf4TQfhpE47nUgUu)12.jpg;https://ei.phncdn.com/videos/201705/19/117023741/original/(m=eaAaGwObaaamqv)(mh=vf4TQfhpE47nUgUu)13.jpg;https://ei.phncdn.com/videos/201705/19/117023741/original/(m=eaAaGwObaaamqv)(mh=vf4TQfhpE47nUgUu)14.jpg;https://ei.phncdn.com/videos/201705/19/117023741/original/(m=eaAaGwObaaamqv)(mh=vf4TQfhpE47nUgUu)15.jpg;https://ei.phncdn.com/videos/201705/19/117023741/original/(m=eaAaGwObaaamqv)(mh=vf4TQfhpE47nUgUu)16.jpg
<iframe src="https://www.pornhub.com/embed/ph591e98d8e55e7" frameborder="0" height="481" width="608" scrolling="no"></iframe>|https://ei.phncdn.com/videos/201705/19/117023751/original/(m=eaf8GgaaaWavb)(mh=Ljbftqtz7XpI84i9)12.jpg|https://ei.phncdn.com/videos/201705/19/117023751/original/(m=eaf8GgaaaWavb)(mh=Ljbftqtz7XpI84i9)1.jpg;https://ei.phncdn.com/videos/201705/19/117023751/original/(m=eaf8GgaaaWavb)(mh=Ljbftqtz7XpI84i9)2.jpg;https://ei.phncdn.com/videos/201705/19/117023751/original/(m=eaf8GgaaaWavb)(mh=Ljbftqtz7XpI84i9)3.jpg;https://ei.phncdn.com/videos/201705/19/117023751/original/(m=eaf8GgaaaWavb)(mh=Ljbftqtz7XpI84i9)4.jpg;https://ei.phncdn.com/videos/201705/19/117023751/original/(m=eaf8GgaaaWavb)(mh=Ljbftqtz7XpI84i9)5.jpg;https://ei.phncdn.com/videos/201705/19/117023751/original/(m=eaf8GgaaaWavb)(mh=Ljbftqtz7XpI84i9)6.jpg;https://ei.phncdn.com/videos/201705/19/117023751/original/(m=eaf8GgaaaWavb)(mh=Ljbftqtz7XpI84i9)7.jpg;https://ei.phncdn.com/videos/201705/19/117023751/original/(m=eaf8GgaaaWavb)(mh=Ljbftqtz7XpI84i9)8.jpg;https://ei.phncdn.com/videos/201705/19/117023751/original/(m=eaf8GgaaaWavb)(mh=Ljbftqtz7XpI84i9)9.jpg;https://ei.phncdn.com/videos/201705/19/117023751/original/(m=eaf8GgaaaWavb)(mh=Ljbftqtz7XpI84i9)10.jpg;https://ei.phncdn.com/videos/201705/19/117023751/original/(m=eaf8GgaaaWavb)(mh=Ljbftqtz7XpI84i9)11.jpg;https://ei.phncdn.com/videos/201705/19/117023751/original/(m=eaf8GgaaaWavb)(mh=Ljbftqtz7XpI84i9)12.jpg;https://ei.phncdn.com/videos/201705/19/117023751/original/(m=eaf8GgaaaWavb)(mh=Ljbftqtz7XpI84i9)13.jpg;https://ei.phncdn.com/videos/201705/19/117023751/original/(m=eaf8GgaaaWavb)(mh=Ljbftqtz7XpI84i9)14.jpg;https://ei.phncdn.com/videos/201705/19/117023751/original/(m=eaf8GgaaaWavb)(mh=Ljbftqtz7XpI84i9)15.jpg;https://ei.phncdn.com/videos/201705/19/117023751/original/(m=eaf8GgaaaWavb)(mh=Ljbftqtz7XpI84i9)16.jpg|VirtualRealPorn.com - Christmas special|virtual;reality;virtualrealporn;3d;4k;60fps;vr;anal;big-ass;big-tits;blowjob;cowgirl;creampie;curvy;fetish;orgy|Virtual Reality;60FPS;180°;3D||115|794|0|1|https://ei.phncdn.com/videos/201705/19/117023751/original/(m=eaAaGwObaaamqv)(mh=soN0rm-jL1_UUDOU)12.jpg|https://ei.phncdn.com/videos/201705/19/117023751/original/(m=eaAaGwObaaamqv)(mh=soN0rm-jL1_UUDOU)1.jpg;https://ei.phncdn.com/videos/201705/19/117023751/original/(m=eaAaGwObaaamqv)(mh=soN0rm-jL1_UUDOU)2.jpg;https://ei.phncdn.com/videos/201705/19/117023751/original/(m=eaAaGwObaaamqv)(mh=soN0rm-jL1_UUDOU)3.jpg;https://ei.phncdn.com/videos/201705/19/117023751/original/(m=eaAaGwObaaamqv)(mh=soN0rm-jL1_UUDOU)4.jpg;https://ei.phncdn.com/videos/201705/19/117023751/original/(m=eaAaGwObaaamqv)(mh=soN0rm-jL1_UUDOU)5.jpg;https://ei.phncdn.com/videos/201705/19/117023751/original/(m=eaAaGwObaaamqv)(mh=soN0rm-jL1_UUDOU)6.jpg;https://ei.phncdn.com/videos/201705/19/117023751/original/(m=eaAaGwObaaamqv)(mh=soN0rm-jL1_UUDOU)7.jpg;https://ei.phncdn.com/videos/201705/19/117023751/original/(m=eaAaGwObaaamqv)(mh=soN0rm-jL1_UUDOU)8.jpg;https://ei.phncdn.com/videos/201705/19/117023751/original/(m=eaAaGwObaaamqv)(mh=soN0rm-jL1_UUDOU)9.jpg;https://ei.phncdn.com/videos/201705/19/117023751/original/(m=eaAaGwObaaamqv)(mh=soN0rm-jL1_UUDOU)10.jpg;https://ei.phncdn.com/videos/201705/19/117023751/original/(m=eaAaGwObaaamqv)(mh=soN0rm-jL1_UUDOU)11.jpg;https://ei.phncdn.com/videos/201705/19/117023751/original/(m=eaAaGwObaaamqv)(mh=soN0rm-jL1_UUDOU)12.jpg;https://ei.phncdn.com/videos/201705/19/117023751/original/(m=eaAaGwObaaamqv)(mh=soN0rm-jL1_UUDOU)13.jpg;https://ei.phncdn.com/videos/201705/19/117023751/original/(m=eaAaGwObaaamqv)(mh=soN0rm-jL1_UUDOU)14.jpg;https://ei.phncdn.com/videos/201705/19/117023751/original/(m=eaAaGwObaaamqv)(mh=soN0rm-jL1_UUDOU)15.jpg;https://ei.phncdn.com/videos/201705/19/117023751/original/(m=eaAaGwObaaamqv)(mh=soN0rm-jL1_UUDOU)16.jpg
<iframe src="https://www.pornhub.com/embed/ph592d1d2e003f4" frameborder="0" height="481" width="608" scrolling="no"></iframe>|https://ei.phncdn.com/videos/201705/30/118419581/original/(m=eaf8GgaaaWavb)(mh=1wcEJmbseNH3lqIs)12.jpg|https://ei.phncdn.com/videos/201705/30/118419581/original/(m=eaf8GgaaaWavb)(mh=1wcEJmbseNH3lqIs)1.jpg;https://ei.phncdn.com/videos/201705/30/118419581/original/(m=eaf8GgaaaWavb)(mh=1wcEJmbseNH3lqIs)2.jpg;https://ei.phncdn.com/videos/201705/30/118419581/original/(m=eaf8GgaaaWavb)(mh=1wcEJmbseNH3lqIs)3.jpg;https://ei.phncdn.com/videos/201705/30/118419581/original/(m=eaf8GgaaaWavb)(mh=1wcEJmbseNH3lqIs)4.jpg;https://ei.phncdn.com/videos/201705/30/118419581/original/(m=eaf8GgaaaWavb)(mh=1wcEJmbseNH3lqIs)5.jpg;https://ei.phncdn.com/videos/201705/30/118419581/original/(m=eaf8GgaaaWavb)(mh=1wcEJmbseNH3lqIs)6.jpg;https://ei.phncdn.com/videos/201705/30/118419581/original/(m=eaf8GgaaaWavb)(mh=1wcEJmbseNH3lqIs)7.jpg;https://ei.phncdn.com/videos/201705/30/118419581/original/(m=eaf8GgaaaWavb)(mh=1wcEJmbseNH3lqIs)8.jpg;https://ei.phncdn.com/videos/201705/30/118419581/original/(m=eaf8GgaaaWavb)(mh=1wcEJmbseNH3lqIs)9.jpg;https://ei.phncdn.com/videos/201705/30/118419581/original/(m=eaf8GgaaaWavb)(mh=1wcEJmbseNH3lqIs)10.jpg;https://ei.phncdn.com/videos/201705/30/118419581/original/(m=eaf8GgaaaWavb)(mh=1wcEJmbseNH3lqIs)11.jpg;https://ei.phncdn.com/videos/201705/30/118419581/original/(m=eaf8GgaaaWavb)(mh=1wcEJmbseNH3lqIs)12.jpg;https://ei.phncdn.com/videos/201705/30/118419581/original/(m=eaf8GgaaaWavb)(mh=1wcEJmbseNH3lqIs)13.jpg;https://ei.phncdn.com/videos/201705/30/118419581/original/(m=eaf8GgaaaWavb)(mh=1wcEJmbseNH3lqIs)14.jpg;https://ei.phncdn.com/videos/201705/30/118419581/original/(m=eaf8GgaaaWavb)(mh=1wcEJmbseNH3lqIs)15.jpg;https://ei.phncdn.com/videos/201705/30/118419581/original/(m=eaf8GgaaaWavb)(mh=1wcEJmbseNH3lqIs)16.jpg|VirtualRealPorn.com - Cat sitter|virtualrealporn;virtual;reality;3d;4k;60fps;vr;blowjob;fitness;natural-tits;teen;titsjob;vyvan-hill|Virtual Reality;60FPS;180°;3D||378|677|||https://ei.phncdn.com/videos/201705/30/118419581/original/(m=eaAaGwObaaamqv)(mh=I9v_E0d1-sYHrMm9)12.jpg|https://ei.phncdn.com/videos/201705/30/118419581/original/(m=eaAaGwObaaamqv)(mh=I9v_E0d1-sYHrMm9)1.jpg;https://ei.phncdn.com/videos/201705/30/118419581/original/(m=eaAaGwObaaamqv)(mh=I9v_E0d1-sYHrMm9)2.jpg;https://ei.phncdn.com/videos/201705/30/118419581/original/(m=eaAaGwObaaamqv)(mh=I9v_E0d1-sYHrMm9)3.jpg;https://ei.phncdn.com/videos/201705/30/118419581/original/(m=eaAaGwObaaamqv)(mh=I9v_E0d1-sYHrMm9)4.jpg;https://ei.phncdn.com/videos/201705/30/118419581/original/(m=eaAaGwObaaamqv)(mh=I9v_E0d1-sYHrMm9)5.jpg;https://ei.phncdn.com/videos/201705/30/118419581/original/(m=eaAaGwObaaamqv)(mh=I9v_E0d1-sYHrMm9)6.jpg;https://ei.phncdn.com/videos/201705/30/118419581/original/(m=eaAaGwObaaamqv)(mh=I9v_E0d1-sYHrMm9)7.jpg;https://ei.phncdn.com/videos/201705/30/118419581/original/(m=eaAaGwObaaamqv)(mh=I9v_E0d1-sYHrMm9)8.jpg;https://ei.phncdn.com/videos/201705/30/118419581/original/(m=eaAaGwObaaamqv)(mh=I9v_E0d1-sYHrMm9)9.jpg;https://ei.phncdn.com/videos/201705/30/118419581/original/(m=eaAaGwObaaamqv)(mh=I9v_E0d1-sYHrMm9)10.jpg;https://ei.phncdn.com/videos/201705/30/118419581/original/(m=eaAaGwObaaamqv)(mh=I9v_E0d1-sYHrMm9)11.jpg;https://ei.phncdn.com/videos/201705/30/118419581/original/(m=eaAaGwObaaamqv)(mh=I9v_E0d1-sYHrMm9)12.jpg;https://ei.phncdn.com/videos/201705/30/118419581/original/(m=eaAaGwObaaamqv)(mh=I9v_E0d1-sYHrMm9)13.jpg;https://ei.phncdn.com/videos/201705/30/118419581/original/(m=eaAaGwObaaamqv)(mh=I9v_E0d1-sYHrMm9)14.jpg;https://ei.phncdn.com/videos/201705/30/118419581/original/(m=eaAaGwObaaamqv)(mh=I9v_E0d1-sYHrMm9)15.jpg;https://ei.phncdn.com/videos/201705/30/118419581/original/(m=eaAaGwObaaamqv)(mh=I9v_E0d1-sYHrMm9)16.jpg
<iframe src="https://www.pornhub.com/embed/ph592fe31e81ac1" frameborder="0" height="481" width="608" scrolling="no"></iframe>|https://ei.phncdn.com/videos/201706/01/118689101/original/(m=eaf8GgaaaWavb)(mh=F8e4hobcf03BVgi5)12.jpg|https://ei.phncdn.com/videos/201706/01/118689101/original/(m=eaf8GgaaaWavb)(mh=F8e4hobcf03BVgi5)1.jpg;https://ei.phncdn.com/videos/201706/01/118689101/original/(m=eaf8GgaaaWavb)(mh=F8e4hobcf03BVgi5)2.jpg;https://ei.phncdn.com/videos/201706/01/118689101/original/(m=eaf8GgaaaWavb)(mh=F8e4hobcf03BVgi5)3.jpg;https://ei.phncdn.com/videos/201706/01/118689101/original/(m=eaf8GgaaaWavb)(mh=F8e4hobcf03BVgi5)4.jpg;https://ei.phncdn.com/videos/201706/01/118689101/original/(m=eaf8GgaaaWavb)(mh=F8e4hobcf03BVgi5)5.jpg;https://ei.phncdn.com/videos/201706/01/118689101/original/(m=eaf8GgaaaWavb)(mh=F8e4hobcf03BVgi5)6.jpg;https://ei.phncdn.com/videos/201706/01/118689101/original/(m=eaf8GgaaaWavb)(mh=F8e4hobcf03BVgi5)7.jpg;https://ei.phncdn.com/videos/201706/01/118689101/original/(m=eaf8GgaaaWavb)(mh=F8e4hobcf03BVgi5)8.jpg;https://ei.phncdn.com/videos/201706/01/118689101/original/(m=eaf8GgaaaWavb)(mh=F8e4hobcf03BVgi5)9.jpg;https://ei.phncdn.com/videos/201706/01/118689101/original/(m=eaf8GgaaaWavb)(mh=F8e4hobcf03BVgi5)10.jpg;https://ei.phncdn.com/videos/201706/01/118689101/original/(m=eaf8GgaaaWavb)(mh=F8e4hobcf03BVgi5)11.jpg;https://ei.phncdn.com/videos/201706/01/118689101/original/(m=eaf8GgaaaWavb)(mh=F8e4hobcf03BVgi5)12.jpg;https://ei.phncdn.com/videos/201706/01/118689101/original/(m=eaf8GgaaaWavb)(mh=F8e4hobcf03BVgi5)13.jpg;https://ei.phncdn.com/videos/201706/01/118689101/original/(m=eaf8GgaaaWavb)(mh=F8e4hobcf03BVgi5)14.jpg;https://ei.phncdn.com/videos/201706/01/118689101/original/(m=eaf8GgaaaWavb)(mh=F8e4hobcf03BVgi5)15.jpg;https://ei.phncdn.com/videos/201706/01/118689101/original/(m=eaf8GgaaaWavb)(mh=F8e4hobcf03BVgi5)16.jpg|VirtualRealPorn.com - My personal masseur|3d;4k;60fps;vr;blowjob;cowgirl;fitness;full-sex;natural-tits;tiny-tits;eveline-dellai;virtual;reality;virtualrealporn|Virtual Reality;60FPS;180°;3D||375|1120|3|2|https://ei.phncdn.com/videos/201706/01/118689101/original/(m=eaAaGwObaaamqv)(mh=7TQaEtuTHhj7BhkZ)12.jpg|https://ei.phncdn.com/videos/201706/01/118689101/original/(m=eaAaGwObaaamqv)(mh=7TQaEtuTHhj7BhkZ)1.jpg;https://ei.phncdn.com/videos/201706/01/118689101/original/(m=eaAaGwObaaamqv)(mh=7TQaEtuTHhj7BhkZ)2.jpg;https://ei.phncdn.com/videos/201706/01/118689101/original/(m=eaAaGwObaaamqv)(mh=7TQaEtuTHhj7BhkZ)3.jpg;https://ei.phncdn.com/videos/201706/01/118689101/original/(m=eaAaGwObaaamqv)(mh=7TQaEtuTHhj7BhkZ)4.jpg;https://ei.phncdn.com/videos/201706/01/118689101/original/(m=eaAaGwObaaamqv)(mh=7TQaEtuTHhj7BhkZ)5.jpg;https://ei.phncdn.com/videos/201706/01/118689101/original/(m=eaAaGwObaaamqv)(mh=7TQaEtuTHhj7BhkZ)6.jpg;https://ei.phncdn.com/videos/201706/01/118689101/original/(m=eaAaGwObaaamqv)(mh=7TQaEtuTHhj7BhkZ)7.jpg;https://ei.phncdn.com/videos/201706/01/118689101/original/(m=eaAaGwObaaamqv)(mh=7TQaEtuTHhj7BhkZ)8.jpg;https://ei.phncdn.com/videos/201706/01/118689101/original/(m=eaAaGwObaaamqv)(mh=7TQaEtuTHhj7BhkZ)9.jpg;https://ei.phncdn.com/videos/201706/01/118689101/original/(m=eaAaGwObaaamqv)(mh=7TQaEtuTHhj7BhkZ)10.jpg;https://ei.phncdn.com/videos/201706/01/118689101/original/(m=eaAaGwObaaamqv)(mh=7TQaEtuTHhj7BhkZ)11.jpg;https://ei.phncdn.com/videos/201706/01/118689101/original/(m=eaAaGwObaaamqv)(mh=7TQaEtuTHhj7BhkZ)12.jpg;https://ei.phncdn.com/videos/201706/01/118689101/original/(m=eaAaGwObaaamqv)(mh=7TQaEtuTHhj7BhkZ)13.jpg;https://ei.phncdn.com/videos/201706/01/118689101/original/(m=eaAaGwObaaamqv)(mh=7TQaEtuTHhj7BhkZ)14.jpg;https://ei.phncdn.com/videos/201706/01/118689101/original/(m=eaAaGwObaaamqv)(mh=7TQaEtuTHhj7BhkZ)15.jpg;https://ei.phncdn.com/videos/201706/01/118689101/original/(m=eaAaGwObaaamqv)(mh=7TQaEtuTHhj7BhkZ)16.jpg
<iframe src="https://www.pornhub.com/embed/ph5954af287f853" frameborder="0" height="481" width="608" scrolling="no"></iframe>|https://ei.phncdn.com/videos/201706/29/122350201/original/(m=eaf8GgaaaWavb)(mh=kMRGqr5JpJ2XuQh2)12.jpg|https://ei.phncdn.com/videos/201706/29/122350201/original/(m=eaf8GgaaaWavb)(mh=kMRGqr5JpJ2XuQh2)1.jpg;https://ei.phncdn.com/videos/201706/29/122350201/original/(m=eaf8GgaaaWavb)(mh=kMRGqr5JpJ2XuQh2)2.jpg;https://ei.phncdn.com/videos/201706/29/122350201/original/(m=eaf8GgaaaWavb)(mh=kMRGqr5JpJ2XuQh2)3.jpg;https://ei.phncdn.com/videos/201706/29/122350201/original/(m=eaf8GgaaaWavb)(mh=kMRGqr5JpJ2XuQh2)4.jpg;https://ei.phncdn.com/videos/201706/29/122350201/original/(m=eaf8GgaaaWavb)(mh=kMRGqr5JpJ2XuQh2)5.jpg;https://ei.phncdn.com/videos/201706/29/122350201/original/(m=eaf8GgaaaWavb)(mh=kMRGqr5JpJ2XuQh2)6.jpg;https://ei.phncdn.com/videos/201706/29/122350201/original/(m=eaf8GgaaaWavb)(mh=kMRGqr5JpJ2XuQh2)7.jpg;https://ei.phncdn.com/videos/201706/29/122350201/original/(m=eaf8GgaaaWavb)(mh=kMRGqr5JpJ2XuQh2)8.jpg;https://ei.phncdn.com/videos/201706/29/122350201/original/(m=eaf8GgaaaWavb)(mh=kMRGqr5JpJ2XuQh2)9.jpg;https://ei.phncdn.com/videos/201706/29/122350201/original/(m=eaf8GgaaaWavb)(mh=kMRGqr5JpJ2XuQh2)10.jpg;https://ei.phncdn.com/videos/201706/29/122350201/original/(m=eaf8GgaaaWavb)(mh=kMRGqr5JpJ2XuQh2)11.jpg;https://ei.phncdn.com/videos/201706/29/122350201/original/(m=eaf8GgaaaWavb)(mh=kMRGqr5JpJ2XuQh2)12.jpg;https://ei.phncdn.com/videos/201706/29/122350201/original/(m=eaf8GgaaaWavb)(mh=kMRGqr5JpJ2XuQh2)13.jpg;https://ei.phncdn.com/videos/201706/29/122350201/original/(m=eaf8GgaaaWavb)(mh=kMRGqr5JpJ2XuQh2)14.jpg;https://ei.phncdn.com/videos/201706/29/122350201/original/(m=eaf8GgaaaWavb)(mh=kMRGqr5JpJ2XuQh2)15.jpg;https://ei.phncdn.com/videos/201706/29/122350201/original/(m=eaf8GgaaaWavb)(mh=kMRGqr5JpJ2XuQh2)16.jpg|VirtualRealPorn.com - Making of|virtualrealporn;virtual;reality;blowjob;full-sex;natural-tits;small-tits;vaginal-sex;kalisy;3d;4k;60fps;vr|Virtual Reality;60FPS;180°;3D||371|1928|4|1|https://ei.phncdn.com/videos/201706/29/122350201/original/(m=eaAaGwObaaamqv)(mh=Ukatd3OdPeFY_aKI)12.jpg|https://ei.phncdn.com/videos/201706/29/122350201/original/(m=eaAaGwObaaamqv)(mh=Ukatd3OdPeFY_aKI)1.jpg;https://ei.phncdn.com/videos/201706/29/122350201/original/(m=eaAaGwObaaamqv)(mh=Ukatd3OdPeFY_aKI)2.jpg;https://ei.phncdn.com/videos/201706/29/122350201/original/(m=eaAaGwObaaamqv)(mh=Ukatd3OdPeFY_aKI)3.jpg;https://ei.phncdn.com/videos/201706/29/122350201/original/(m=eaAaGwObaaamqv)(mh=Ukatd3OdPeFY_aKI)4.jpg;https://ei.phncdn.com/videos/201706/29/122350201/original/(m=eaAaGwObaaamqv)(mh=Ukatd3OdPeFY_aKI)5.jpg;https://ei.phncdn.com/videos/201706/29/122350201/original/(m=eaAaGwObaaamqv)(mh=Ukatd3OdPeFY_aKI)6.jpg;https://ei.phncdn.com/videos/201706/29/122350201/original/(m=eaAaGwObaaamqv)(mh=Ukatd3OdPeFY_aKI)7.jpg;https://ei.phncdn.com/videos/201706/29/122350201/original/(m=eaAaGwObaaamqv)(mh=Ukatd3OdPeFY_aKI)8.jpg;https://ei.phncdn.com/videos/201706/29/122350201/original/(m=eaAaGwObaaamqv)(mh=Ukatd3OdPeFY_aKI)9.jpg;https://ei.phncdn.com/videos/201706/29/122350201/original/(m=eaAaGwObaaamqv)(mh=Ukatd3OdPeFY_aKI)10.jpg;https://ei.phncdn.com/videos/201706/29/122350201/original/(m=eaAaGwObaaamqv)(mh=Ukatd3OdPeFY_aKI)11.jpg;https://ei.phncdn.com/videos/201706/29/122350201/original/(m=eaAaGwObaaamqv)(mh=Ukatd3OdPeFY_aKI)12.jpg;https://ei.phncdn.com/videos/201706/29/122350201/original/(m=eaAaGwObaaamqv)(mh=Ukatd3OdPeFY_aKI)13.jpg;https://ei.phncdn.com/videos/201706/29/122350201/original/(m=eaAaGwObaaamqv)(mh=Ukatd3OdPeFY_aKI)14.jpg;https://ei.phncdn.com/videos/201706/29/122350201/original/(m=eaAaGwObaaamqv)(mh=Ukatd3OdPeFY_aKI)15.jpg;https://ei.phncdn.com/videos/201706/29/122350201/original/(m=eaAaGwObaaamqv)(mh=Ukatd3OdPeFY_aKI)16.jpg
<iframe src="https://www.pornhub.com/embed/ph597f0dcf5d70b" frameborder="0" height="481" width="608" scrolling="no"></iframe>|https://ei.phncdn.com/videos/201707/31/126613081/original/(m=eaf8GgaaaWavb)(mh=IP8fyTyX724QPXf0)12.jpg|https://ei.phncdn.com/videos/201707/31/126613081/original/(m=eaf8GgaaaWavb)(mh=IP8fyTyX724QPXf0)1.jpg;https://ei.phncdn.com/videos/201707/31/126613081/original/(m=eaf8GgaaaWavb)(mh=IP8fyTyX724QPXf0)2.jpg;https://ei.phncdn.com/videos/201707/31/126613081/original/(m=eaf8GgaaaWavb)(mh=IP8fyTyX724QPXf0)3.jpg;https://ei.phncdn.com/videos/201707/31/126613081/original/(m=eaf8GgaaaWavb)(mh=IP8fyTyX724QPXf0)4.jpg;https://ei.phncdn.com/videos/201707/31/126613081/original/(m=eaf8GgaaaWavb)(mh=IP8fyTyX724QPXf0)5.jpg;https://ei.phncdn.com/videos/201707/31/126613081/original/(m=eaf8GgaaaWavb)(mh=IP8fyTyX724QPXf0)6.jpg;https://ei.phncdn.com/videos/201707/31/126613081/original/(m=eaf8GgaaaWavb)(mh=IP8fyTyX724QPXf0)7.jpg;https://ei.phncdn.com/videos/201707/31/126613081/original/(m=eaf8GgaaaWavb)(mh=IP8fyTyX724QPXf0)8.jpg;https://ei.phncdn.com/videos/201707/31/126613081/original/(m=eaf8GgaaaWavb)(mh=IP8fyTyX724QPXf0)9.jpg;https://ei.phncdn.com/videos/201707/31/126613081/original/(m=eaf8GgaaaWavb)(mh=IP8fyTyX724QPXf0)10.jpg;https://ei.phncdn.com/videos/201707/31/126613081/original/(m=eaf8GgaaaWavb)(mh=IP8fyTyX724QPXf0)11.jpg;https://ei.phncdn.com/videos/201707/31/126613081/original/(m=eaf8GgaaaWavb)(mh=IP8fyTyX724QPXf0)12.jpg;https://ei.phncdn.com/videos/201707/31/126613081/original/(m=eaf8GgaaaWavb)(mh=IP8fyTyX724QPXf0)13.jpg;https://ei.phncdn.com/videos/201707/31/126613081/original/(m=eaf8GgaaaWavb)(mh=IP8fyTyX724QPXf0)14.jpg;https://ei.phncdn.com/videos/201707/31/126613081/original/(m=eaf8GgaaaWavb)(mh=IP8fyTyX724QPXf0)15.jpg;https://ei.phncdn.com/videos/201707/31/126613081/original/(m=eaf8GgaaaWavb)(mh=IP8fyTyX724QPXf0)16.jpg|VirtualRealPorn.com - Car washing|virtual;reality;virtualrealporn;3d;4k;60fps;vr;blowjob;cowgirl;natural-tits;teen;tiny-tits;vaginal-sex|Virtual Reality;60FPS;180°;3D||363|1060|3|1|https://ei.phncdn.com/videos/201707/31/126613081/original/(m=eaAaGwObaaamqv)(mh=Nmw61-YDA3MCJJGM)12.jpg|https://ei.phncdn.com/videos/201707/31/126613081/original/(m=eaAaGwObaaamqv)(mh=Nmw61-YDA3MCJJGM)1.jpg;https://ei.phncdn.com/videos/201707/31/126613081/original/(m=eaAaGwObaaamqv)(mh=Nmw61-YDA3MCJJGM)2.jpg;https://ei.phncdn.com/videos/201707/31/126613081/original/(m=eaAaGwObaaamqv)(mh=Nmw61-YDA3MCJJGM)3.jpg;https://ei.phncdn.com/videos/201707/31/126613081/original/(m=eaAaGwObaaamqv)(mh=Nmw61-YDA3MCJJGM)4.jpg;https://ei.phncdn.com/videos/201707/31/126613081/original/(m=eaAaGwObaaamqv)(mh=Nmw61-YDA3MCJJGM)5.jpg;https://ei.phncdn.com/videos/201707/31/126613081/original/(m=eaAaGwObaaamqv)(mh=Nmw61-YDA3MCJJGM)6.jpg;https://ei.phncdn.com/videos/201707/31/126613081/original/(m=eaAaGwObaaamqv)(mh=Nmw61-YDA3MCJJGM)7.jpg;https://ei.phncdn.com/videos/201707/31/126613081/original/(m=eaAaGwObaaamqv)(mh=Nmw61-YDA3MCJJGM)8.jpg;https://ei.phncdn.com/videos/201707/31/126613081/original/(m=eaAaGwObaaamqv)(mh=Nmw61-YDA3MCJJGM)9.jpg;https://ei.phncdn.com/videos/201707/31/126613081/original/(m=eaAaGwObaaamqv)(mh=Nmw61-YDA3MCJJGM)10.jpg;https://ei.phncdn.com/videos/201707/31/126613081/original/(m=eaAaGwObaaamqv)(mh=Nmw61-YDA3MCJJGM)11.jpg;https://ei.phncdn.com/videos/201707/31/126613081/original/(m=eaAaGwObaaamqv)(mh=Nmw61-YDA3MCJJGM)12.jpg;https://ei.phncdn.com/videos/201707/31/126613081/original/(m=eaAaGwObaaamqv)(mh=Nmw61-YDA3MCJJGM)13.jpg;https://ei.phncdn.com/videos/201707/31/126613081/original/(m=eaAaGwObaaamqv)(mh=Nmw61-YDA3MCJJGM)14.jpg;https://ei.phncdn.com/videos/201707/31/126613081/original/(m=eaAaGwObaaamqv)(mh=Nmw61-YDA3MCJJGM)15.jpg;https://ei.phncdn.com/videos/201707/31/126613081/original/(m=eaAaGwObaaamqv)(mh=Nmw61-YDA3MCJJGM)16.jpg
<iframe src="https://www.pornhub.com/embed/ph59a4fffb8128f" frameborder="0" height="481" width="608" scrolling="no"></iframe>|https://ei.phncdn.com/videos/201708/29/130415391/original/(m=eaf8GgaaaWavb)(mh=W4n4DHWwxfwEcS_V)12.jpg|https://ei.phncdn.com/videos/201708/29/130415391/original/(m=eaf8GgaaaWavb)(mh=W4n4DHWwxfwEcS_V)1.jpg;https://ei.phncdn.com/videos/201708/29/130415391/original/(m=eaf8GgaaaWavb)(mh=W4n4DHWwxfwEcS_V)2.jpg;https://ei.phncdn.com/videos/201708/29/130415391/original/(m=eaf8GgaaaWavb)(mh=W4n4DHWwxfwEcS_V)3.jpg;https://ei.phncdn.com/videos/201708/29/130415391/original/(m=eaf8GgaaaWavb)(mh=W4n4DHWwxfwEcS_V)4.jpg;https://ei.phncdn.com/videos/201708/29/130415391/original/(m=eaf8GgaaaWavb)(mh=W4n4DHWwxfwEcS_V)5.jpg;https://ei.phncdn.com/videos/201708/29/130415391/original/(m=eaf8GgaaaWavb)(mh=W4n4DHWwxfwEcS_V)6.jpg;https://ei.phncdn.com/videos/201708/29/130415391/original/(m=eaf8GgaaaWavb)(mh=W4n4DHWwxfwEcS_V)7.jpg;https://ei.phncdn.com/videos/201708/29/130415391/original/(m=eaf8GgaaaWavb)(mh=W4n4DHWwxfwEcS_V)8.jpg;https://ei.phncdn.com/videos/201708/29/130415391/original/(m=eaf8GgaaaWavb)(mh=W4n4DHWwxfwEcS_V)9.jpg;https://ei.phncdn.com/videos/201708/29/130415391/original/(m=eaf8GgaaaWavb)(mh=W4n4DHWwxfwEcS_V)10.jpg;https://ei.phncdn.com/videos/201708/29/130415391/original/(m=eaf8GgaaaWavb)(mh=W4n4DHWwxfwEcS_V)11.jpg;https://ei.phncdn.com/videos/201708/29/130415391/original/(m=eaf8GgaaaWavb)(mh=W4n4DHWwxfwEcS_V)12.jpg;https://ei.phncdn.com/videos/201708/29/130415391/original/(m=eaf8GgaaaWavb)(mh=W4n4DHWwxfwEcS_V)13.jpg;https://ei.phncdn.com/videos/201708/29/130415391/original/(m=eaf8GgaaaWavb)(mh=W4n4DHWwxfwEcS_V)14.jpg;https://ei.phncdn.com/videos/201708/29/130415391/original/(m=eaf8GgaaaWavb)(mh=W4n4DHWwxfwEcS_V)15.jpg;https://ei.phncdn.com/videos/201708/29/130415391/original/(m=eaf8GgaaaWavb)(mh=W4n4DHWwxfwEcS_V)16.jpg|VirtualRealPorn.com - My 19s B Day|virtualrealporn;virtual;reality;3d;4k;60fps;vr;360vr;360-degree;virtual-reality;3d-vr;vr-hentai;vr-anal;vr-pov|Virtual Reality;3D||380|3046|7|4|https://ei.phncdn.com/videos/201708/29/130415391/original/(m=eaAaGwObaaamqv)(mh=8WVo0fe9RaZSS3cA)12.jpg|https://ei.phncdn.com/videos/201708/29/130415391/original/(m=eaAaGwObaaamqv)(mh=8WVo0fe9RaZSS3cA)1.jpg;https://ei.phncdn.com/videos/201708/29/130415391/original/(m=eaAaGwObaaamqv)(mh=8WVo0fe9RaZSS3cA)2.jpg;https://ei.phncdn.com/videos/201708/29/130415391/original/(m=eaAaGwObaaamqv)(mh=8WVo0fe9RaZSS3cA)3.jpg;https://ei.phncdn.com/videos/201708/29/130415391/original/(m=eaAaGwObaaamqv)(mh=8WVo0fe9RaZSS3cA)4.jpg;https://ei.phncdn.com/videos/201708/29/130415391/original/(m=eaAaGwObaaamqv)(mh=8WVo0fe9RaZSS3cA)5.jpg;https://ei.phncdn.com/videos/201708/29/130415391/original/(m=eaAaGwObaaamqv)(mh=8WVo0fe9RaZSS3cA)6.jpg;https://ei.phncdn.com/videos/201708/29/130415391/original/(m=eaAaGwObaaamqv)(mh=8WVo0fe9RaZSS3cA)7.jpg;https://ei.phncdn.com/videos/201708/29/130415391/original/(m=eaAaGwObaaamqv)(mh=8WVo0fe9RaZSS3cA)8.jpg;https://ei.phncdn.com/videos/201708/29/130415391/original/(m=eaAaGwObaaamqv)(mh=8WVo0fe9RaZSS3cA)9.jpg;https://ei.phncdn.com/videos/201708/29/130415391/original/(m=eaAaGwObaaamqv)(mh=8WVo0fe9RaZSS3cA)10.jpg;https://ei.phncdn.com/videos/201708/29/130415391/original/(m=eaAaGwObaaamqv)(mh=8WVo0fe9RaZSS3cA)11.jpg;https://ei.phncdn.com/videos/201708/29/130415391/original/(m=eaAaGwObaaamqv)(mh=8WVo0fe9RaZSS3cA)12.jpg;https://ei.phncdn.com/videos/201708/29/130415391/original/(m=eaAaGwObaaamqv)(mh=8WVo0fe9RaZSS3cA)13.jpg;https://ei.phncdn.com/videos/201708/29/130415391/original/(m=eaAaGwObaaamqv)(mh=8WVo0fe9RaZSS3cA)14.jpg;https://ei.phncdn.com/videos/201708/29/130415391/original/(m=eaAaGwObaaamqv)(mh=8WVo0fe9RaZSS3cA)15.jpg;https://ei.phncdn.com/videos/201708/29/130415391/original/(m=eaAaGwObaaamqv)(mh=8WVo0fe9RaZSS3cA)16.jpg
<iframe src="https://www.pornhub.com/embed/ph59a4fffb8029c" frameborder="0" height="481" width="608" scrolling="no"></iframe>|https://ei.phncdn.com/videos/201708/29/130415401/original/(m=eaf8GgaaaWavb)(mh=91N5Tin4hg340xro)12.jpg|https://ei.phncdn.com/videos/201708/29/130415401/original/(m=eaf8GgaaaWavb)(mh=91N5Tin4hg340xro)1.jpg;https://ei.phncdn.com/videos/201708/29/130415401/original/(m=eaf8GgaaaWavb)(mh=91N5Tin4hg340xro)2.jpg;https://ei.phncdn.com/videos/201708/29/130415401/original/(m=eaf8GgaaaWavb)(mh=91N5Tin4hg340xro)3.jpg;https://ei.phncdn.com/videos/201708/29/130415401/original/(m=eaf8GgaaaWavb)(mh=91N5Tin4hg340xro)4.jpg;https://ei.phncdn.com/videos/201708/29/130415401/original/(m=eaf8GgaaaWavb)(mh=91N5Tin4hg340xro)5.jpg;https://ei.phncdn.com/videos/201708/29/130415401/original/(m=eaf8GgaaaWavb)(mh=91N5Tin4hg340xro)6.jpg;https://ei.phncdn.com/videos/201708/29/130415401/original/(m=eaf8GgaaaWavb)(mh=91N5Tin4hg340xro)7.jpg;https://ei.phncdn.com/videos/201708/29/130415401/original/(m=eaf8GgaaaWavb)(mh=91N5Tin4hg340xro)8.jpg;https://ei.phncdn.com/videos/201708/29/130415401/original/(m=eaf8GgaaaWavb)(mh=91N5Tin4hg340xro)9.jpg;https://ei.phncdn.com/videos/201708/29/130415401/original/(m=eaf8GgaaaWavb)(mh=91N5Tin4hg340xro)10.jpg;https://ei.phncdn.com/videos/201708/29/130415401/original/(m=eaf8GgaaaWavb)(mh=91N5Tin4hg340xro)11.jpg;https://ei.phncdn.com/videos/201708/29/130415401/original/(m=eaf8GgaaaWavb)(mh=91N5Tin4hg340xro)12.jpg;https://ei.phncdn.com/videos/201708/29/130415401/original/(m=eaf8GgaaaWavb)(mh=91N5Tin4hg340xro)13.jpg;https://ei.phncdn.com/videos/201708/29/130415401/original/(m=eaf8GgaaaWavb)(mh=91N5Tin4hg340xro)14.jpg;https://ei.phncdn.com/videos/201708/29/130415401/original/(m=eaf8GgaaaWavb)(mh=91N5Tin4hg340xro)15.jpg;https://ei.phncdn.com/videos/201708/29/130415401/original/(m=eaf8GgaaaWavb)(mh=91N5Tin4hg340xro)16.jpg|VirtualRealPorn.com - Virtual Reality JOI|virtualrealporn;virtual;reality;3d;4k;60fps;vr;360vr;360-degree;virtual-reality;3d-vr;vr-hentai;vr-anal;vr-pov|Virtual Reality;180°;3D||382|35284|84|52|https://ei.phncdn.com/videos/201708/29/130415401/original/(m=eaAaGwObaaamqv)(mh=3MBLsY6TxdZjF2-7)12.jpg|https://ei.phncdn.com/videos/201708/29/130415401/original/(m=eaAaGwObaaamqv)(mh=3MBLsY6TxdZjF2-7)1.jpg;https://ei.phncdn.com/videos/201708/29/130415401/original/(m=eaAaGwObaaamqv)(mh=3MBLsY6TxdZjF2-7)2.jpg;https://ei.phncdn.com/videos/201708/29/130415401/original/(m=eaAaGwObaaamqv)(mh=3MBLsY6TxdZjF2-7)3.jpg;https://ei.phncdn.com/videos/201708/29/130415401/original/(m=eaAaGwObaaamqv)(mh=3MBLsY6TxdZjF2-7)4.jpg;https://ei.phncdn.com/videos/201708/29/130415401/original/(m=eaAaGwObaaamqv)(mh=3MBLsY6TxdZjF2-7)5.jpg;https://ei.phncdn.com/videos/201708/29/130415401/original/(m=eaAaGwObaaamqv)(mh=3MBLsY6TxdZjF2-7)6.jpg;https://ei.phncdn.com/videos/201708/29/130415401/original/(m=eaAaGwObaaamqv)(mh=3MBLsY6TxdZjF2-7)7.jpg;https://ei.phncdn.com/videos/201708/29/130415401/original/(m=eaAaGwObaaamqv)(mh=3MBLsY6TxdZjF2-7)8.jpg;https://ei.phncdn.com/videos/201708/29/130415401/original/(m=eaAaGwObaaamqv)(mh=3MBLsY6TxdZjF2-7)9.jpg;https://ei.phncdn.com/videos/201708/29/130415401/original/(m=eaAaGwObaaamqv)(mh=3MBLsY6TxdZjF2-7)10.jpg;https://ei.phncdn.com/videos/201708/29/130415401/original/(m=eaAaGwObaaamqv)(mh=3MBLsY6TxdZjF2-7)11.jpg;https://ei.phncdn.com/videos/201708/29/130415401/original/(m=eaAaGwObaaamqv)(mh=3MBLsY6TxdZjF2-7)12.jpg;https://ei.phncdn.com/videos/201708/29/130415401/original/(m=eaAaGwObaaamqv)(mh=3MBLsY6TxdZjF2-7)13.jpg;https://ei.phncdn.com/videos/201708/29/130415401/original/(m=eaAaGwObaaamqv)(mh=3MBLsY6TxdZjF2-7)14.jpg;https://ei.phncdn.com/videos/201708/29/130415401/original/(m=eaAaGwObaaamqv)(mh=3MBLsY6TxdZjF2-7)15.jpg;https://ei.phncdn.com/videos/201708/29/130415401/original/(m=eaAaGwObaaamqv)(mh=3MBLsY6TxdZjF2-7)16.jpg
<iframe src="https://www.pornhub.com/embed/ph59cdeb15a5430" frameborder="0" height="481" width="608" scrolling="no"></iframe>|https://ei.phncdn.com/videos/201709/29/134801101/original/(m=eaf8GgaaaWavb)(mh=LgCajLqlbkolthIO)12.jpg|https://ei.phncdn.com/videos/201709/29/134801101/original/(m=eaf8GgaaaWavb)(mh=LgCajLqlbkolthIO)1.jpg;https://ei.phncdn.com/videos/201709/29/134801101/original/(m=eaf8GgaaaWavb)(mh=LgCajLqlbkolthIO)2.jpg;https://ei.phncdn.com/videos/201709/29/134801101/original/(m=eaf8GgaaaWavb)(mh=LgCajLqlbkolthIO)3.jpg;https://ei.phncdn.com/videos/201709/29/134801101/original/(m=eaf8GgaaaWavb)(mh=LgCajLqlbkolthIO)4.jpg;https://ei.phncdn.com/videos/201709/29/134801101/original/(m=eaf8GgaaaWavb)(mh=LgCajLqlbkolthIO)5.jpg;https://ei.phncdn.com/videos/201709/29/134801101/original/(m=eaf8GgaaaWavb)(mh=LgCajLqlbkolthIO)6.jpg;https://ei.phncdn.com/videos/201709/29/134801101/original/(m=eaf8GgaaaWavb)(mh=LgCajLqlbkolthIO)7.jpg;https://ei.phncdn.com/videos/201709/29/134801101/original/(m=eaf8GgaaaWavb)(mh=LgCajLqlbkolthIO)8.jpg;https://ei.phncdn.com/videos/201709/29/134801101/original/(m=eaf8GgaaaWavb)(mh=LgCajLqlbkolthIO)9.jpg;https://ei.phncdn.com/videos/201709/29/134801101/original/(m=eaf8GgaaaWavb)(mh=LgCajLqlbkolthIO)10.jpg;https://ei.phncdn.com/videos/201709/29/134801101/original/(m=eaf8GgaaaWavb)(mh=LgCajLqlbkolthIO)11.jpg;https://ei.phncdn.com/videos/201709/29/134801101/original/(m=eaf8GgaaaWavb)(mh=LgCajLqlbkolthIO)12.jpg;https://ei.phncdn.com/videos/201709/29/134801101/original/(m=eaf8GgaaaWavb)(mh=LgCajLqlbkolthIO)13.jpg;https://ei.phncdn.com/videos/201709/29/134801101/original/(m=eaf8GgaaaWavb)(mh=LgCajLqlbkolthIO)14.jpg;https://ei.phncdn.com/videos/201709/29/134801101/original/(m=eaf8GgaaaWavb)(mh=LgCajLqlbkolthIO)15.jpg;https://ei.phncdn.com/videos/201709/29/134801101/original/(m=eaf8GgaaaWavb)(mh=LgCajLqlbkolthIO)16.jpg|VirtualRealPorn.com - Change the sheets|virtualrealporn;virtual;reality;3d;4k;60fps;vr;360vr;360-degree;virtual-reality;3d-vr;vr-hentai;vr-anal;vr-pov|Virtual Reality;60FPS;180°;3D||385|848|1|1|https://ei.phncdn.com/videos/201709/29/134801101/original/(m=eaAaGwObaaamqv)(mh=dV-cZbjs7xgsrSpT)12.jpg|https://ei.phncdn.com/videos/201709/29/134801101/original/(m=eaAaGwObaaamqv)(mh=dV-cZbjs7xgsrSpT)1.jpg;https://ei.phncdn.com/videos/201709/29/134801101/original/(m=eaAaGwObaaamqv)(mh=dV-cZbjs7xgsrSpT)2.jpg;https://ei.phncdn.com/videos/201709/29/134801101/original/(m=eaAaGwObaaamqv)(mh=dV-cZbjs7xgsrSpT)3.jpg;https://ei.phncdn.com/videos/201709/29/134801101/original/(m=eaAaGwObaaamqv)(mh=dV-cZbjs7xgsrSpT)4.jpg;https://ei.phncdn.com/videos/201709/29/134801101/original/(m=eaAaGwObaaamqv)(mh=dV-cZbjs7xgsrSpT)5.jpg;https://ei.phncdn.com/videos/201709/29/134801101/original/(m=eaAaGwObaaamqv)(mh=dV-cZbjs7xgsrSpT)6.jpg;https://ei.phncdn.com/videos/201709/29/134801101/original/(m=eaAaGwObaaamqv)(mh=dV-cZbjs7xgsrSpT)7.jpg;https://ei.phncdn.com/videos/201709/29/134801101/original/(m=eaAaGwObaaamqv)(mh=dV-cZbjs7xgsrSpT)8.jpg;https://ei.phncdn.com/videos/201709/29/134801101/original/(m=eaAaGwObaaamqv)(mh=dV-cZbjs7xgsrSpT)9.jpg;https://ei.phncdn.com/videos/201709/29/134801101/original/(m=eaAaGwObaaamqv)(mh=dV-cZbjs7xgsrSpT)10.jpg;https://ei.phncdn.com/videos/201709/29/134801101/original/(m=eaAaGwObaaamqv)(mh=dV-cZbjs7xgsrSpT)11.jpg;https://ei.phncdn.com/videos/201709/29/134801101/original/(m=eaAaGwObaaamqv)(mh=dV-cZbjs7xgsrSpT)12.jpg;https://ei.phncdn.com/videos/201709/29/134801101/original/(m=eaAaGwObaaamqv)(mh=dV-cZbjs7xgsrSpT)13.jpg;https://ei.phncdn.com/videos/201709/29/134801101/original/(m=eaAaGwObaaamqv)(mh=dV-cZbjs7xgsrSpT)14.jpg;https://ei.phncdn.com/videos/201709/29/134801101/original/(m=eaAaGwObaaamqv)(mh=dV-cZbjs7xgsrSpT)15.jpg;https://ei.phncdn.com/videos/201709/29/134801101/original/(m=eaAaGwObaaamqv)(mh=dV-cZbjs7xgsrSpT)16.jpg
<iframe src="https://www.pornhub.com/embed/ph59cdeb15b34dd" frameborder="0" height="481" width="608" scrolling="no"></iframe>|https://ei.phncdn.com/videos/201709/29/134801111/original/(m=eaf8GgaaaWavb)(mh=tKHFdEe0BQUJjJAW)12.jpg|https://ei.phncdn.com/videos/201709/29/134801111/original/(m=eaf8GgaaaWavb)(mh=tKHFdEe0BQUJjJAW)1.jpg;https://ei.phncdn.com/videos/201709/29/134801111/original/(m=eaf8GgaaaWavb)(mh=tKHFdEe0BQUJjJAW)2.jpg;https://ei.phncdn.com/videos/201709/29/134801111/original/(m=eaf8GgaaaWavb)(mh=tKHFdEe0BQUJjJAW)3.jpg;https://ei.phncdn.com/videos/201709/29/134801111/original/(m=eaf8GgaaaWavb)(mh=tKHFdEe0BQUJjJAW)4.jpg;https://ei.phncdn.com/videos/201709/29/134801111/original/(m=eaf8GgaaaWavb)(mh=tKHFdEe0BQUJjJAW)5.jpg;https://ei.phncdn.com/videos/201709/29/134801111/original/(m=eaf8GgaaaWavb)(mh=tKHFdEe0BQUJjJAW)6.jpg;https://ei.phncdn.com/videos/201709/29/134801111/original/(m=eaf8GgaaaWavb)(mh=tKHFdEe0BQUJjJAW)7.jpg;https://ei.phncdn.com/videos/201709/29/134801111/original/(m=eaf8GgaaaWavb)(mh=tKHFdEe0BQUJjJAW)8.jpg;https://ei.phncdn.com/videos/201709/29/134801111/original/(m=eaf8GgaaaWavb)(mh=tKHFdEe0BQUJjJAW)9.jpg;https://ei.phncdn.com/videos/201709/29/134801111/original/(m=eaf8GgaaaWavb)(mh=tKHFdEe0BQUJjJAW)10.jpg;https://ei.phncdn.com/videos/201709/29/134801111/original/(m=eaf8GgaaaWavb)(mh=tKHFdEe0BQUJjJAW)11.jpg;https://ei.phncdn.com/videos/201709/29/134801111/original/(m=eaf8GgaaaWavb)(mh=tKHFdEe0BQUJjJAW)12.jpg;https://ei.phncdn.com/videos/201709/29/134801111/original/(m=eaf8GgaaaWavb)(mh=tKHFdEe0BQUJjJAW)13.jpg;https://ei.phncdn.com/videos/201709/29/134801111/original/(m=eaf8GgaaaWavb)(mh=tKHFdEe0BQUJjJAW)14.jpg;https://ei.phncdn.com/videos/201709/29/134801111/original/(m=eaf8GgaaaWavb)(mh=tKHFdEe0BQUJjJAW)15.jpg;https://ei.phncdn.com/videos/201709/29/134801111/original/(m=eaf8GgaaaWavb)(mh=tKHFdEe0BQUJjJAW)16.jpg|VirtualRealPorn.com - Bath for three|virtualrealporn;virtual;reality;3d;4k;60fps;vr;360vr;360-degree;virtual-reality;3d-vr;vr-hentai;vr-anal;vr-pov|Virtual Reality;60FPS;180°;3D||369|750|2|3|https://ei.phncdn.com/videos/201709/29/134801111/original/(m=eaAaGwObaaamqv)(mh=AqNWeagf8nHFW0Kw)12.jpg|https://ei.phncdn.com/videos/201709/29/134801111/original/(m=eaAaGwObaaamqv)(mh=AqNWeagf8nHFW0Kw)1.jpg;https://ei.phncdn.com/videos/201709/29/134801111/original/(m=eaAaGwObaaamqv)(mh=AqNWeagf8nHFW0Kw)2.jpg;https://ei.phncdn.com/videos/201709/29/134801111/original/(m=eaAaGwObaaamqv)(mh=AqNWeagf8nHFW0Kw)3.jpg;https://ei.phncdn.com/videos/201709/29/134801111/original/(m=eaAaGwObaaamqv)(mh=AqNWeagf8nHFW0Kw)4.jpg;https://ei.phncdn.com/videos/201709/29/134801111/original/(m=eaAaGwObaaamqv)(mh=AqNWeagf8nHFW0Kw)5.jpg;https://ei.phncdn.com/videos/201709/29/134801111/original/(m=eaAaGwObaaamqv)(mh=AqNWeagf8nHFW0Kw)6.jpg;https://ei.phncdn.com/videos/201709/29/134801111/original/(m=eaAaGwObaaamqv)(mh=AqNWeagf8nHFW0Kw)7.jpg;https://ei.phncdn.com/videos/201709/29/134801111/original/(m=eaAaGwObaaamqv)(mh=AqNWeagf8nHFW0Kw)8.jpg;https://ei.phncdn.com/videos/201709/29/134801111/original/(m=eaAaGwObaaamqv)(mh=AqNWeagf8nHFW0Kw)9.jpg;https://ei.phncdn.com/videos/201709/29/134801111/original/(m=eaAaGwObaaamqv)(mh=AqNWeagf8nHFW0Kw)10.jpg;https://ei.phncdn.com/videos/201709/29/134801111/original/(m=eaAaGwObaaamqv)(mh=AqNWeagf8nHFW0Kw)11.jpg;https://ei.phncdn.com/videos/201709/29/134801111/original/(m=eaAaGwObaaamqv)(mh=AqNWeagf8nHFW0Kw)12.jpg;https://ei.phncdn.com/videos/201709/29/134801111/original/(m=eaAaGwObaaamqv)(mh=AqNWeagf8nHFW0Kw)13.jpg;https://ei.phncdn.com/videos/201709/29/134801111/original/(m=eaAaGwObaaamqv)(mh=AqNWeagf8nHFW0Kw)14.jpg;https://ei.phncdn.com/videos/201709/29/134801111/original/(m=eaAaGwObaaamqv)(mh=AqNWeagf8nHFW0Kw)15.jpg;https://ei.phncdn.com/videos/201709/29/134801111/original/(m=eaAaGwObaaamqv)(mh=AqNWeagf8nHFW0Kw)16.jpg
<iframe src="https://www.pornhub.com/embed/ph59cdeb15d37f5" frameborder="0" height="481" width="608" scrolling="no"></iframe>|https://ei.phncdn.com/videos/201709/29/134801131/original/(m=eaf8GgaaaWavb)(mh=8wNgq_gizz8tWYij)12.jpg|https://ei.phncdn.com/videos/201709/29/134801131/original/(m=eaf8GgaaaWavb)(mh=8wNgq_gizz8tWYij)1.jpg;https://ei.phncdn.com/videos/201709/29/134801131/original/(m=eaf8GgaaaWavb)(mh=8wNgq_gizz8tWYij)2.jpg;https://ei.phncdn.com/videos/201709/29/134801131/original/(m=eaf8GgaaaWavb)(mh=8wNgq_gizz8tWYij)3.jpg;https://ei.phncdn.com/videos/201709/29/134801131/original/(m=eaf8GgaaaWavb)(mh=8wNgq_gizz8tWYij)4.jpg;https://ei.phncdn.com/videos/201709/29/134801131/original/(m=eaf8GgaaaWavb)(mh=8wNgq_gizz8tWYij)5.jpg;https://ei.phncdn.com/videos/201709/29/134801131/original/(m=eaf8GgaaaWavb)(mh=8wNgq_gizz8tWYij)6.jpg;https://ei.phncdn.com/videos/201709/29/134801131/original/(m=eaf8GgaaaWavb)(mh=8wNgq_gizz8tWYij)7.jpg;https://ei.phncdn.com/videos/201709/29/134801131/original/(m=eaf8GgaaaWavb)(mh=8wNgq_gizz8tWYij)8.jpg;https://ei.phncdn.com/videos/201709/29/134801131/original/(m=eaf8GgaaaWavb)(mh=8wNgq_gizz8tWYij)9.jpg;https://ei.phncdn.com/videos/201709/29/134801131/original/(m=eaf8GgaaaWavb)(mh=8wNgq_gizz8tWYij)10.jpg;https://ei.phncdn.com/videos/201709/29/134801131/original/(m=eaf8GgaaaWavb)(mh=8wNgq_gizz8tWYij)11.jpg;https://ei.phncdn.com/videos/201709/29/134801131/original/(m=eaf8GgaaaWavb)(mh=8wNgq_gizz8tWYij)12.jpg;https://ei.phncdn.com/videos/201709/29/134801131/original/(m=eaf8GgaaaWavb)(mh=8wNgq_gizz8tWYij)13.jpg;https://ei.phncdn.com/videos/201709/29/134801131/original/(m=eaf8GgaaaWavb)(mh=8wNgq_gizz8tWYij)14.jpg;https://ei.phncdn.com/videos/201709/29/134801131/original/(m=eaf8GgaaaWavb)(mh=8wNgq_gizz8tWYij)15.jpg;https://ei.phncdn.com/videos/201709/29/134801131/original/(m=eaf8GgaaaWavb)(mh=8wNgq_gizz8tWYij)16.jpg|VirtualRealPorn.com - Canela uncensored|virtualrealporn;virtual;reality;3d;4k;60fps;vr;360vr;360-degree;virtual-reality;3d-vr;vr-hentai;vr-anal;vr-pov|Virtual Reality;60FPS;3D||374|4929|13|7|https://ei.phncdn.com/videos/201709/29/134801131/original/(m=eaAaGwObaaamqv)(mh=D0nEIkuXPG9prktE)12.jpg|https://ei.phncdn.com/videos/201709/29/134801131/original/(m=eaAaGwObaaamqv)(mh=D0nEIkuXPG9prktE)1.jpg;https://ei.phncdn.com/videos/201709/29/134801131/original/(m=eaAaGwObaaamqv)(mh=D0nEIkuXPG9prktE)2.jpg;https://ei.phncdn.com/videos/201709/29/134801131/original/(m=eaAaGwObaaamqv)(mh=D0nEIkuXPG9prktE)3.jpg;https://ei.phncdn.com/videos/201709/29/134801131/original/(m=eaAaGwObaaamqv)(mh=D0nEIkuXPG9prktE)4.jpg;https://ei.phncdn.com/videos/201709/29/134801131/original/(m=eaAaGwObaaamqv)(mh=D0nEIkuXPG9prktE)5.jpg;https://ei.phncdn.com/videos/201709/29/134801131/original/(m=eaAaGwObaaamqv)(mh=D0nEIkuXPG9prktE)6.jpg;https://ei.phncdn.com/videos/201709/29/134801131/original/(m=eaAaGwObaaamqv)(mh=D0nEIkuXPG9prktE)7.jpg;https://ei.phncdn.com/videos/201709/29/134801131/original/(m=eaAaGwObaaamqv)(mh=D0nEIkuXPG9prktE)8.jpg;https://ei.phncdn.com/videos/201709/29/134801131/original/(m=eaAaGwObaaamqv)(mh=D0nEIkuXPG9prktE)9.jpg;https://ei.phncdn.com/videos/201709/29/134801131/original/(m=eaAaGwObaaamqv)(mh=D0nEIkuXPG9prktE)10.jpg;https://ei.phncdn.com/videos/201709/29/134801131/original/(m=eaAaGwObaaamqv)(mh=D0nEIkuXPG9prktE)11.jpg;https://ei.phncdn.com/videos/201709/29/134801131/original/(m=eaAaGwObaaamqv)(mh=D0nEIkuXPG9prktE)12.jpg;https://ei.phncdn.com/videos/201709/29/134801131/original/(m=eaAaGwObaaamqv)(mh=D0nEIkuXPG9prktE)13.jpg;https://ei.phncdn.com/videos/201709/29/134801131/original/(m=eaAaGwObaaamqv)(mh=D0nEIkuXPG9prktE)14.jpg;https://ei.phncdn.com/videos/201709/29/134801131/original/(m=eaAaGwObaaamqv)(mh=D0nEIkuXPG9prktE)15.jpg;https://ei.phncdn.com/videos/201709/29/134801131/original/(m=eaAaGwObaaamqv)(mh=D0nEIkuXPG9prktE)16.jpg
<iframe src="https://www.pornhub.com/embed/ph59fc0dbc346cc" frameborder="0" height="481" width="608" scrolling="no"></iframe>|https://ei.phncdn.com/videos/201711/03/139559892/original/(m=eaf8GgaaaWavb)(mh=V5baXctjUN8Rr9fe)11.jpg|https://ei.phncdn.com/videos/201711/03/139559892/original/(m=eaf8GgaaaWavb)(mh=V5baXctjUN8Rr9fe)1.jpg;https://ei.phncdn.com/videos/201711/03/139559892/original/(m=eaf8GgaaaWavb)(mh=V5baXctjUN8Rr9fe)2.jpg;https://ei.phncdn.com/videos/201711/03/139559892/original/(m=eaf8GgaaaWavb)(mh=V5baXctjUN8Rr9fe)3.jpg;https://ei.phncdn.com/videos/201711/03/139559892/original/(m=eaf8GgaaaWavb)(mh=V5baXctjUN8Rr9fe)4.jpg;https://ei.phncdn.com/videos/201711/03/139559892/original/(m=eaf8GgaaaWavb)(mh=V5baXctjUN8Rr9fe)5.jpg;https://ei.phncdn.com/videos/201711/03/139559892/original/(m=eaf8GgaaaWavb)(mh=V5baXctjUN8Rr9fe)6.jpg;https://ei.phncdn.com/videos/201711/03/139559892/original/(m=eaf8GgaaaWavb)(mh=V5baXctjUN8Rr9fe)7.jpg;https://ei.phncdn.com/videos/201711/03/139559892/original/(m=eaf8GgaaaWavb)(mh=V5baXctjUN8Rr9fe)8.jpg;https://ei.phncdn.com/videos/201711/03/139559892/original/(m=eaf8GgaaaWavb)(mh=V5baXctjUN8Rr9fe)9.jpg;https://ei.phncdn.com/videos/201711/03/139559892/original/(m=eaf8GgaaaWavb)(mh=V5baXctjUN8Rr9fe)10.jpg;https://ei.phncdn.com/videos/201711/03/139559892/original/(m=eaf8GgaaaWavb)(mh=V5baXctjUN8Rr9fe)11.jpg;https://ei.phncdn.com/videos/201711/03/139559892/original/(m=eaf8GgaaaWavb)(mh=V5baXctjUN8Rr9fe)12.jpg;https://ei.phncdn.com/videos/201711/03/139559892/original/(m=eaf8GgaaaWavb)(mh=V5baXctjUN8Rr9fe)13.jpg;https://ei.phncdn.com/videos/201711/03/139559892/original/(m=eaf8GgaaaWavb)(mh=V5baXctjUN8Rr9fe)14.jpg;https://ei.phncdn.com/videos/201711/03/139559892/original/(m=eaf8GgaaaWavb)(mh=V5baXctjUN8Rr9fe)15.jpg;https://ei.phncdn.com/videos/201711/03/139559892/original/(m=eaf8GgaaaWavb)(mh=V5baXctjUN8Rr9fe)16.jpg|VirtualRealPorn.com - Little slave|virtualrealporn;virtual;reality;3d;4k;60fps;vr-vr;360vr;360-degree;virtual-reality;3d-vr;vr-hentai;vr-anal|Virtual Reality;180°;3D||379|10854|22|5|https://ei.phncdn.com/videos/201711/03/139559892/original/(m=eaAaGwObaaamqv)(mh=y3oFWa5i_yomBLC4)11.jpg|https://ei.phncdn.com/videos/201711/03/139559892/original/(m=eaAaGwObaaamqv)(mh=y3oFWa5i_yomBLC4)1.jpg;https://ei.phncdn.com/videos/201711/03/139559892/original/(m=eaAaGwObaaamqv)(mh=y3oFWa5i_yomBLC4)2.jpg;https://ei.phncdn.com/videos/201711/03/139559892/original/(m=eaAaGwObaaamqv)(mh=y3oFWa5i_yomBLC4)3.jpg;https://ei.phncdn.com/videos/201711/03/139559892/original/(m=eaAaGwObaaamqv)(mh=y3oFWa5i_yomBLC4)4.jpg;https://ei.phncdn.com/videos/201711/03/139559892/original/(m=eaAaGwObaaamqv)(mh=y3oFWa5i_yomBLC4)5.jpg;https://ei.phncdn.com/videos/201711/03/139559892/original/(m=eaAaGwObaaamqv)(mh=y3oFWa5i_yomBLC4)6.jpg;https://ei.phncdn.com/videos/201711/03/139559892/original/(m=eaAaGwObaaamqv)(mh=y3oFWa5i_yomBLC4)7.jpg;https://ei.phncdn.com/videos/201711/03/139559892/original/(m=eaAaGwObaaamqv)(mh=y3oFWa5i_yomBLC4)8.jpg;https://ei.phncdn.com/videos/201711/03/139559892/original/(m=eaAaGwObaaamqv)(mh=y3oFWa5i_yomBLC4)9.jpg;https://ei.phncdn.com/videos/201711/03/139559892/original/(m=eaAaGwObaaamqv)(mh=y3oFWa5i_yomBLC4)10.jpg;https://ei.phncdn.com/videos/201711/03/139559892/original/(m=eaAaGwObaaamqv)(mh=y3oFWa5i_yomBLC4)11.jpg;https://ei.phncdn.com/videos/201711/03/139559892/original/(m=eaAaGwObaaamqv)(mh=y3oFWa5i_yomBLC4)12.jpg;https://ei.phncdn.com/videos/201711/03/139559892/original/(m=eaAaGwObaaamqv)(mh=y3oFWa5i_yomBLC4)13.jpg;https://ei.phncdn.com/videos/201711/03/139559892/original/(m=eaAaGwObaaamqv)(mh=y3oFWa5i_yomBLC4)14.jpg;https://ei.phncdn.com/videos/201711/03/139559892/original/(m=eaAaGwObaaamqv)(mh=y3oFWa5i_yomBLC4)15.jpg;https://ei.phncdn.com/videos/201711/03/139559892/original/(m=eaAaGwObaaamqv)(mh=y3oFWa5i_yomBLC4)16.jpg
<iframe src="https://www.pornhub.com/embed/ph5a45ff6eb75ef" frameborder="0" height="481" width="608" scrolling="no"></iframe>|https://ei.phncdn.com/videos/201712/29/147578502/original/(m=eaf8GgaaaWavb)(mh=zXqT3tuNKY5xpOCk)1.jpg|https://ei.phncdn.com/videos/201712/29/147578502/original/(m=eaf8GgaaaWavb)(mh=zXqT3tuNKY5xpOCk)1.jpg;https://ei.phncdn.com/videos/201712/29/147578502/original/(m=eaf8GgaaaWavb)(mh=zXqT3tuNKY5xpOCk)2.jpg;https://ei.phncdn.com/videos/201712/29/147578502/original/(m=eaf8GgaaaWavb)(mh=zXqT3tuNKY5xpOCk)3.jpg;https://ei.phncdn.com/videos/201712/29/147578502/original/(m=eaf8GgaaaWavb)(mh=zXqT3tuNKY5xpOCk)4.jpg;https://ei.phncdn.com/videos/201712/29/147578502/original/(m=eaf8GgaaaWavb)(mh=zXqT3tuNKY5xpOCk)5.jpg;https://ei.phncdn.com/videos/201712/29/147578502/original/(m=eaf8GgaaaWavb)(mh=zXqT3tuNKY5xpOCk)6.jpg;https://ei.phncdn.com/videos/201712/29/147578502/original/(m=eaf8GgaaaWavb)(mh=zXqT3tuNKY5xpOCk)7.jpg;https://ei.phncdn.com/videos/201712/29/147578502/original/(m=eaf8GgaaaWavb)(mh=zXqT3tuNKY5xpOCk)8.jpg;https://ei.phncdn.com/videos/201712/29/147578502/original/(m=eaf8GgaaaWavb)(mh=zXqT3tuNKY5xpOCk)9.jpg;https://ei.phncdn.com/videos/201712/29/147578502/original/(m=eaf8GgaaaWavb)(mh=zXqT3tuNKY5xpOCk)10.jpg;https://ei.phncdn.com/videos/201712/29/147578502/original/(m=eaf8GgaaaWavb)(mh=zXqT3tuNKY5xpOCk)11.jpg;https://ei.phncdn.com/videos/201712/29/147578502/original/(m=eaf8GgaaaWavb)(mh=zXqT3tuNKY5xpOCk)12.jpg;https://ei.phncdn.com/videos/201712/29/147578502/original/(m=eaf8GgaaaWavb)(mh=zXqT3tuNKY5xpOCk)13.jpg;https://ei.phncdn.com/videos/201712/29/147578502/original/(m=eaf8GgaaaWavb)(mh=zXqT3tuNKY5xpOCk)14.jpg;https://ei.phncdn.com/videos/201712/29/147578502/original/(m=eaf8GgaaaWavb)(mh=zXqT3tuNKY5xpOCk)15.jpg;https://ei.phncdn.com/videos/201712/29/147578502/original/(m=eaf8GgaaaWavb)(mh=zXqT3tuNKY5xpOCk)16.jpg|VirtualRealPorn.com - The landlady soap opera|virtualrealporn;virtual;reality;3d;4k;60fps;vr;alyssia-kent|Virtual Reality;60FPS;180°;3D||370|5246|16|6|https://ei.phncdn.com/videos/201712/29/147578502/original/(m=eaAaGwObaaamqv)(mh=z39ye8bpgmenTLZR)1.jpg|https://ei.phncdn.com/videos/201712/29/147578502/original/(m=eaAaGwObaaamqv)(mh=z39ye8bpgmenTLZR)1.jpg;https://ei.phncdn.com/videos/201712/29/147578502/original/(m=eaAaGwObaaamqv)(mh=z39ye8bpgmenTLZR)2.jpg;https://ei.phncdn.com/videos/201712/29/147578502/original/(m=eaAaGwObaaamqv)(mh=z39ye8bpgmenTLZR)3.jpg;https://ei.phncdn.com/videos/201712/29/147578502/original/(m=eaAaGwObaaamqv)(mh=z39ye8bpgmenTLZR)4.jpg;https://ei.phncdn.com/videos/201712/29/147578502/original/(m=eaAaGwObaaamqv)(mh=z39ye8bpgmenTLZR)5.jpg;https://ei.phncdn.com/videos/201712/29/147578502/original/(m=eaAaGwObaaamqv)(mh=z39ye8bpgmenTLZR)6.jpg;https://ei.phncdn.com/videos/201712/29/147578502/original/(m=eaAaGwObaaamqv)(mh=z39ye8bpgmenTLZR)7.jpg;https://ei.phncdn.com/videos/201712/29/147578502/original/(m=eaAaGwObaaamqv)(mh=z39ye8bpgmenTLZR)8.jpg;https://ei.phncdn.com/videos/201712/29/147578502/original/(m=eaAaGwObaaamqv)(mh=z39ye8bpgmenTLZR)9.jpg;https://ei.phncdn.com/videos/201712/29/147578502/original/(m=eaAaGwObaaamqv)(mh=z39ye8bpgmenTLZR)10.jpg;https://ei.phncdn.com/videos/201712/29/147578502/original/(m=eaAaGwObaaamqv)(mh=z39ye8bpgmenTLZR)11.jpg;https://ei.phncdn.com/videos/201712/29/147578502/original/(m=eaAaGwObaaamqv)(mh=z39ye8bpgmenTLZR)12.jpg;https://ei.phncdn.com/videos/201712/29/147578502/original/(m=eaAaGwObaaamqv)(mh=z39ye8bpgmenTLZR)13.jpg;https://ei.phncdn.com/videos/201712/29/147578502/original/(m=eaAaGwObaaamqv)(mh=z39ye8bpgmenTLZR)14.jpg;https://ei.phncdn.com/videos/201712/29/147578502/original/(m=eaAaGwObaaamqv)(mh=z39ye8bpgmenTLZR)15.jpg;https://ei.phncdn.com/videos/201712/29/147578502/original/(m=eaAaGwObaaamqv)(mh=z39ye8bpgmenTLZR)16.jpg
<iframe src="https://www.pornhub.com/embed/ph5a6f2b4bca2b5" frameborder="0" height="481" width="608" scrolling="no"></iframe>|https://ei.phncdn.com/videos/201801/29/152410852/original/(m=qK5Y_MTbeaf8GgaaaWavb)(mh=-Rx0xJoNqXxw5ZZQ)0.jpg|https://ei.phncdn.com/videos/201801/29/152410852/original/(m=eaf8GgaaaWavb)(mh=19iaUQjBFWw5OsNh)1.jpg;https://ei.phncdn.com/videos/201801/29/152410852/original/(m=eaf8GgaaaWavb)(mh=19iaUQjBFWw5OsNh)2.jpg;https://ei.phncdn.com/videos/201801/29/152410852/original/(m=eaf8GgaaaWavb)(mh=19iaUQjBFWw5OsNh)3.jpg;https://ei.phncdn.com/videos/201801/29/152410852/original/(m=eaf8GgaaaWavb)(mh=19iaUQjBFWw5OsNh)4.jpg;https://ei.phncdn.com/videos/201801/29/152410852/original/(m=eaf8GgaaaWavb)(mh=19iaUQjBFWw5OsNh)5.jpg;https://ei.phncdn.com/videos/201801/29/152410852/original/(m=eaf8GgaaaWavb)(mh=19iaUQjBFWw5OsNh)6.jpg;https://ei.phncdn.com/videos/201801/29/152410852/original/(m=eaf8GgaaaWavb)(mh=19iaUQjBFWw5OsNh)7.jpg;https://ei.phncdn.com/videos/201801/29/152410852/original/(m=eaf8GgaaaWavb)(mh=19iaUQjBFWw5OsNh)8.jpg;https://ei.phncdn.com/videos/201801/29/152410852/original/(m=eaf8GgaaaWavb)(mh=19iaUQjBFWw5OsNh)9.jpg;https://ei.phncdn.com/videos/201801/29/152410852/original/(m=eaf8GgaaaWavb)(mh=19iaUQjBFWw5OsNh)10.jpg;https://ei.phncdn.com/videos/201801/29/152410852/original/(m=eaf8GgaaaWavb)(mh=19iaUQjBFWw5OsNh)11.jpg;https://ei.phncdn.com/videos/201801/29/152410852/original/(m=eaf8GgaaaWavb)(mh=19iaUQjBFWw5OsNh)12.jpg;https://ei.phncdn.com/videos/201801/29/152410852/original/(m=eaf8GgaaaWavb)(mh=19iaUQjBFWw5OsNh)13.jpg;https://ei.phncdn.com/videos/201801/29/152410852/original/(m=eaf8GgaaaWavb)(mh=19iaUQjBFWw5OsNh)14.jpg;https://ei.phncdn.com/videos/201801/29/152410852/original/(m=eaf8GgaaaWavb)(mh=19iaUQjBFWw5OsNh)15.jpg;https://ei.phncdn.com/videos/201801/29/152410852/original/(m=eaf8GgaaaWavb)(mh=19iaUQjBFWw5OsNh)16.jpg|VR PORN - Sexy Teen Geisha Girls Pleasuring a Big Dick|vrbangers;virtual;reality;point-of-view;3some;big-boobs;asian;small-tits;teenager;young;vr;vr-porn;vrporn;big-tits|Virtual Reality;Japanese;180°;POV||318|180930|469|81|https://ei.phncdn.com/videos/201801/29/152410852/original/(m=qK5Y_MTbeaAaGwObaaamqv)(mh=Sdmp2zkPtiWyoUyi)0.jpg|https://ei.phncdn.com/videos/201801/29/152410852/original/(m=eaAaGwObaaamqv)(mh=AdsfQkc5QQnvmNFK)1.jpg;https://ei.phncdn.com/videos/201801/29/152410852/original/(m=eaAaGwObaaamqv)(mh=AdsfQkc5QQnvmNFK)2.jpg;https://ei.phncdn.com/videos/201801/29/152410852/original/(m=eaAaGwObaaamqv)(mh=AdsfQkc5QQnvmNFK)3.jpg;https://ei.phncdn.com/videos/201801/29/152410852/original/(m=eaAaGwObaaamqv)(mh=AdsfQkc5QQnvmNFK)4.jpg;https://ei.phncdn.com/videos/201801/29/152410852/original/(m=eaAaGwObaaamqv)(mh=AdsfQkc5QQnvmNFK)5.jpg;https://ei.phncdn.com/videos/201801/29/152410852/original/(m=eaAaGwObaaamqv)(mh=AdsfQkc5QQnvmNFK)6.jpg;https://ei.phncdn.com/videos/201801/29/152410852/original/(m=eaAaGwObaaamqv)(mh=AdsfQkc5QQnvmNFK)7.jpg;https://ei.phncdn.com/videos/201801/29/152410852/original/(m=eaAaGwObaaamqv)(mh=AdsfQkc5QQnvmNFK)8.jpg;https://ei.phncdn.com/videos/201801/29/152410852/original/(m=eaAaGwObaaamqv)(mh=AdsfQkc5QQnvmNFK)9.jpg;https://ei.phncdn.com/videos/201801/29/152410852/original/(m=eaAaGwObaaamqv)(mh=AdsfQkc5QQnvmNFK)10.jpg;https://ei.phncdn.com/videos/201801/29/152410852/original/(m=eaAaGwObaaamqv)(mh=AdsfQkc5QQnvmNFK)11.jpg;https://ei.phncdn.com/videos/201801/29/152410852/original/(m=eaAaGwObaaamqv)(mh=AdsfQkc5QQnvmNFK)12.jpg;https://ei.phncdn.com/videos/201801/29/152410852/original/(m=eaAaGwObaaamqv)(mh=AdsfQkc5QQnvmNFK)13.jpg;https://ei.phncdn.com/videos/201801/29/152410852/original/(m=eaAaGwObaaamqv)(mh=AdsfQkc5QQnvmNFK)14.jpg;https://ei.phncdn.com/videos/201801/29/152410852/original/(m=eaAaGwObaaamqv)(mh=AdsfQkc5QQnvmNFK)15.jpg;https://ei.phncdn.com/videos/201801/29/152410852/original/(m=eaAaGwObaaamqv)(mh=AdsfQkc5QQnvmNFK)16.jpg
<iframe src="https://www.pornhub.com/embed/ph5a7aa74f415ff" frameborder="0" height="481" width="608" scrolling="no"></iframe>|https://ei.phncdn.com/videos/201802/07/153668352/original/(m=eaf8GgaaaWavb)(mh=VFUfVXtNW6_i5-bD)1.jpg|https://ei.phncdn.com/videos/201802/07/153668352/original/(m=eaf8GgaaaWavb)(mh=VFUfVXtNW6_i5-bD)1.jpg;https://ei.phncdn.com/videos/201802/07/153668352/original/(m=eaf8GgaaaWavb)(mh=VFUfVXtNW6_i5-bD)2.jpg;https://ei.phncdn.com/videos/201802/07/153668352/original/(m=eaf8GgaaaWavb)(mh=VFUfVXtNW6_i5-bD)3.jpg;https://ei.phncdn.com/videos/201802/07/153668352/original/(m=eaf8GgaaaWavb)(mh=VFUfVXtNW6_i5-bD)4.jpg;https://ei.phncdn.com/videos/201802/07/153668352/original/(m=eaf8GgaaaWavb)(mh=VFUfVXtNW6_i5-bD)5.jpg;https://ei.phncdn.com/videos/201802/07/153668352/original/(m=eaf8GgaaaWavb)(mh=VFUfVXtNW6_i5-bD)6.jpg;https://ei.phncdn.com/videos/201802/07/153668352/original/(m=eaf8GgaaaWavb)(mh=VFUfVXtNW6_i5-bD)7.jpg;https://ei.phncdn.com/videos/201802/07/153668352/original/(m=eaf8GgaaaWavb)(mh=VFUfVXtNW6_i5-bD)8.jpg;https://ei.phncdn.com/videos/201802/07/153668352/original/(m=eaf8GgaaaWavb)(mh=VFUfVXtNW6_i5-bD)9.jpg;https://ei.phncdn.com/videos/201802/07/153668352/original/(m=eaf8GgaaaWavb)(mh=VFUfVXtNW6_i5-bD)10.jpg;https://ei.phncdn.com/videos/201802/07/153668352/original/(m=eaf8GgaaaWavb)(mh=VFUfVXtNW6_i5-bD)11.jpg;https://ei.phncdn.com/videos/201802/07/153668352/original/(m=eaf8GgaaaWavb)(mh=VFUfVXtNW6_i5-bD)12.jpg;https://ei.phncdn.com/videos/201802/07/153668352/original/(m=eaf8GgaaaWavb)(mh=VFUfVXtNW6_i5-bD)13.jpg;https://ei.phncdn.com/videos/201802/07/153668352/original/(m=eaf8GgaaaWavb)(mh=VFUfVXtNW6_i5-bD)14.jpg;https://ei.phncdn.com/videos/201802/07/153668352/original/(m=eaf8GgaaaWavb)(mh=VFUfVXtNW6_i5-bD)15.jpg;https://ei.phncdn.com/videos/201802/07/153668352/original/(m=eaf8GgaaaWavb)(mh=VFUfVXtNW6_i5-bD)16.jpg|VirtualRealPorn.com - Drilling my roommate|virtualrealporn;virtual;reality;3d;4k;60fps;vr;virtual-reality;selvaggia-babe|Virtual Reality;60FPS;180°;3D||373|682|3|2|https://ei.phncdn.com/videos/201802/07/153668352/original/(m=eaAaGwObaaamqv)(mh=u1ArLPycC13O6lHG)1.jpg|https://ei.phncdn.com/videos/201802/07/153668352/original/(m=eaAaGwObaaamqv)(mh=u1ArLPycC13O6lHG)1.jpg;https://ei.phncdn.com/videos/201802/07/153668352/original/(m=eaAaGwObaaamqv)(mh=u1ArLPycC13O6lHG)2.jpg;https://ei.phncdn.com/videos/201802/07/153668352/original/(m=eaAaGwObaaamqv)(mh=u1ArLPycC13O6lHG)3.jpg;https://ei.phncdn.com/videos/201802/07/153668352/original/(m=eaAaGwObaaamqv)(mh=u1ArLPycC13O6lHG)4.jpg;https://ei.phncdn.com/videos/201802/07/153668352/original/(m=eaAaGwObaaamqv)(mh=u1ArLPycC13O6lHG)5.jpg;https://ei.phncdn.com/videos/201802/07/153668352/original/(m=eaAaGwObaaamqv)(mh=u1ArLPycC13O6lHG)6.jpg;https://ei.phncdn.com/videos/201802/07/153668352/original/(m=eaAaGwObaaamqv)(mh=u1ArLPycC13O6lHG)7.jpg;https://ei.phncdn.com/videos/201802/07/153668352/original/(m=eaAaGwObaaamqv)(mh=u1ArLPycC13O6lHG)8.jpg;https://ei.phncdn.com/videos/201802/07/153668352/original/(m=eaAaGwObaaamqv)(mh=u1ArLPycC13O6lHG)9.jpg;https://ei.phncdn.com/videos/201802/07/153668352/original/(m=eaAaGwObaaamqv)(mh=u1ArLPycC13O6lHG)10.jpg;https://ei.phncdn.com/videos/201802/07/153668352/original/(m=eaAaGwObaaamqv)(mh=u1ArLPycC13O6lHG)11.jpg;https://ei.phncdn.com/videos/201802/07/153668352/original/(m=eaAaGwObaaamqv)(mh=u1ArLPycC13O6lHG)12.jpg;https://ei.phncdn.com/videos/201802/07/153668352/original/(m=eaAaGwObaaamqv)(mh=u1ArLPycC13O6lHG)13.jpg;https://ei.phncdn.com/videos/201802/07/153668352/original/(m=eaAaGwObaaamqv)(mh=u1ArLPycC13O6lHG)14.jpg;https://ei.phncdn.com/videos/201802/07/153668352/original/(m=eaAaGwObaaamqv)(mh=u1ArLPycC13O6lHG)15.jpg;https://ei.phncdn.com/videos/201802/07/153668352/original/(m=eaAaGwObaaamqv)(mh=u1ArLPycC13O6lHG)16.jpg
<iframe src="https://www.pornhub.com/embed/ph5a7aa74fa028f" frameborder="0" height="481" width="608" scrolling="no"></iframe>|https://ei.phncdn.com/videos/201802/07/153668912/original/(m=eaf8GgaaaWavb)(mh=sWBKyGAzBdPUYIVT)12.jpg|https://ei.phncdn.com/videos/201802/07/153668912/original/(m=eaf8GgaaaWavb)(mh=sWBKyGAzBdPUYIVT)1.jpg;https://ei.phncdn.com/videos/201802/07/153668912/original/(m=eaf8GgaaaWavb)(mh=sWBKyGAzBdPUYIVT)2.jpg;https://ei.phncdn.com/videos/201802/07/153668912/original/(m=eaf8GgaaaWavb)(mh=sWBKyGAzBdPUYIVT)3.jpg;https://ei.phncdn.com/videos/201802/07/153668912/original/(m=eaf8GgaaaWavb)(mh=sWBKyGAzBdPUYIVT)4.jpg;https://ei.phncdn.com/videos/201802/07/153668912/original/(m=eaf8GgaaaWavb)(mh=sWBKyGAzBdPUYIVT)5.jpg;https://ei.phncdn.com/videos/201802/07/153668912/original/(m=eaf8GgaaaWavb)(mh=sWBKyGAzBdPUYIVT)6.jpg;https://ei.phncdn.com/videos/201802/07/153668912/original/(m=eaf8GgaaaWavb)(mh=sWBKyGAzBdPUYIVT)7.jpg;https://ei.phncdn.com/videos/201802/07/153668912/original/(m=eaf8GgaaaWavb)(mh=sWBKyGAzBdPUYIVT)8.jpg;https://ei.phncdn.com/videos/201802/07/153668912/original/(m=eaf8GgaaaWavb)(mh=sWBKyGAzBdPUYIVT)9.jpg;https://ei.phncdn.com/videos/201802/07/153668912/original/(m=eaf8GgaaaWavb)(mh=sWBKyGAzBdPUYIVT)10.jpg;https://ei.phncdn.com/videos/201802/07/153668912/original/(m=eaf8GgaaaWavb)(mh=sWBKyGAzBdPUYIVT)11.jpg;https://ei.phncdn.com/videos/201802/07/153668912/original/(m=eaf8GgaaaWavb)(mh=sWBKyGAzBdPUYIVT)12.jpg;https://ei.phncdn.com/videos/201802/07/153668912/original/(m=eaf8GgaaaWavb)(mh=sWBKyGAzBdPUYIVT)13.jpg;https://ei.phncdn.com/videos/201802/07/153668912/original/(m=eaf8GgaaaWavb)(mh=sWBKyGAzBdPUYIVT)14.jpg;https://ei.phncdn.com/videos/201802/07/153668912/original/(m=eaf8GgaaaWavb)(mh=sWBKyGAzBdPUYIVT)15.jpg;https://ei.phncdn.com/videos/201802/07/153668912/original/(m=eaf8GgaaaWavb)(mh=sWBKyGAzBdPUYIVT)16.jpg|VirtualRealPorn.com - Stretching|virtualrealporn;virtual;reality;3d;4k;60fps;vr;virtual-reality;alyssia-kent|Virtual Reality;60FPS;180°;3D||368|5928|19|4|https://ei.phncdn.com/videos/201802/07/153668912/original/(m=eaAaGwObaaamqv)(mh=mTkMGnJ26gbobLow)12.jpg|https://ei.phncdn.com/videos/201802/07/153668912/original/(m=eaAaGwObaaamqv)(mh=mTkMGnJ26gbobLow)1.jpg;https://ei.phncdn.com/videos/201802/07/153668912/original/(m=eaAaGwObaaamqv)(mh=mTkMGnJ26gbobLow)2.jpg;https://ei.phncdn.com/videos/201802/07/153668912/original/(m=eaAaGwObaaamqv)(mh=mTkMGnJ26gbobLow)3.jpg;https://ei.phncdn.com/videos/201802/07/153668912/original/(m=eaAaGwObaaamqv)(mh=mTkMGnJ26gbobLow)4.jpg;https://ei.phncdn.com/videos/201802/07/153668912/original/(m=eaAaGwObaaamqv)(mh=mTkMGnJ26gbobLow)5.jpg;https://ei.phncdn.com/videos/201802/07/153668912/original/(m=eaAaGwObaaamqv)(mh=mTkMGnJ26gbobLow)6.jpg;https://ei.phncdn.com/videos/201802/07/153668912/original/(m=eaAaGwObaaamqv)(mh=mTkMGnJ26gbobLow)7.jpg;https://ei.phncdn.com/videos/201802/07/153668912/original/(m=eaAaGwObaaamqv)(mh=mTkMGnJ26gbobLow)8.jpg;https://ei.phncdn.com/videos/201802/07/153668912/original/(m=eaAaGwObaaamqv)(mh=mTkMGnJ26gbobLow)9.jpg;https://ei.phncdn.com/videos/201802/07/153668912/original/(m=eaAaGwObaaamqv)(mh=mTkMGnJ26gbobLow)10.jpg;https://ei.phncdn.com/videos/201802/07/153668912/original/(m=eaAaGwObaaamqv)(mh=mTkMGnJ26gbobLow)11.jpg;https://ei.phncdn.com/videos/201802/07/153668912/original/(m=eaAaGwObaaamqv)(mh=mTkMGnJ26gbobLow)12.jpg;https://ei.phncdn.com/videos/201802/07/153668912/original/(m=eaAaGwObaaamqv)(mh=mTkMGnJ26gbobLow)13.jpg;https://ei.phncdn.com/videos/201802/07/153668912/original/(m=eaAaGwObaaamqv)(mh=mTkMGnJ26gbobLow)14.jpg;https://ei.phncdn.com/videos/201802/07/153668912/original/(m=eaAaGwObaaamqv)(mh=mTkMGnJ26gbobLow)15.jpg;https://ei.phncdn.com/videos/201802/07/153668912/original/(m=eaAaGwObaaamqv)(mh=mTkMGnJ26gbobLow)16.jpg
<iframe src="https://www.pornhub.com/embed/ph5aaa3d2887b1c" frameborder="0" height="481" width="608" scrolling="no"></iframe>|https://ei.phncdn.com/videos/201803/15/158214002/original/(m=eaf8GgaaaWavb)(mh=D-gD66wKyZ-mWAon)10.jpg|https://ei.phncdn.com/videos/201803/15/158214002/original/(m=eaf8GgaaaWavb)(mh=D-gD66wKyZ-mWAon)1.jpg;https://ei.phncdn.com/videos/201803/15/158214002/original/(m=eaf8GgaaaWavb)(mh=D-gD66wKyZ-mWAon)2.jpg;https://ei.phncdn.com/videos/201803/15/158214002/original/(m=eaf8GgaaaWavb)(mh=D-gD66wKyZ-mWAon)3.jpg;https://ei.phncdn.com/videos/201803/15/158214002/original/(m=eaf8GgaaaWavb)(mh=D-gD66wKyZ-mWAon)4.jpg;https://ei.phncdn.com/videos/201803/15/158214002/original/(m=eaf8GgaaaWavb)(mh=D-gD66wKyZ-mWAon)5.jpg;https://ei.phncdn.com/videos/201803/15/158214002/original/(m=eaf8GgaaaWavb)(mh=D-gD66wKyZ-mWAon)6.jpg;https://ei.phncdn.com/videos/201803/15/158214002/original/(m=eaf8GgaaaWavb)(mh=D-gD66wKyZ-mWAon)7.jpg;https://ei.phncdn.com/videos/201803/15/158214002/original/(m=eaf8GgaaaWavb)(mh=D-gD66wKyZ-mWAon)8.jpg;https://ei.phncdn.com/videos/201803/15/158214002/original/(m=eaf8GgaaaWavb)(mh=D-gD66wKyZ-mWAon)9.jpg;https://ei.phncdn.com/videos/201803/15/158214002/original/(m=eaf8GgaaaWavb)(mh=D-gD66wKyZ-mWAon)10.jpg;https://ei.phncdn.com/videos/201803/15/158214002/original/(m=eaf8GgaaaWavb)(mh=D-gD66wKyZ-mWAon)11.jpg;https://ei.phncdn.com/videos/201803/15/158214002/original/(m=eaf8GgaaaWavb)(mh=D-gD66wKyZ-mWAon)12.jpg;https://ei.phncdn.com/videos/201803/15/158214002/original/(m=eaf8GgaaaWavb)(mh=D-gD66wKyZ-mWAon)13.jpg;https://ei.phncdn.com/videos/201803/15/158214002/original/(m=eaf8GgaaaWavb)(mh=D-gD66wKyZ-mWAon)14.jpg;https://ei.phncdn.com/videos/201803/15/158214002/original/(m=eaf8GgaaaWavb)(mh=D-gD66wKyZ-mWAon)15.jpg;https://ei.phncdn.com/videos/201803/15/158214002/original/(m=eaf8GgaaaWavb)(mh=D-gD66wKyZ-mWAon)16.jpg|VR porn with Amanda Estela who sucks and fucks her glass dildo|virtual;reality;vr-porn;virtual-reality-porn;free-vr-porn;reality-porn;virtual-porn;vr-xxx;vr-fetish;vr-pissing;dildo;european;adult-toys;masturbate;kink;orgasm|Virtual Reality;Solo Female;360°;3D||82|241|2|1|https://ei.phncdn.com/videos/201803/15/158214002/original/(m=eaAaGwObaaamqv)(mh=_J8Y3hAhuO1Lep76)10.jpg|https://ei.phncdn.com/videos/201803/15/158214002/original/(m=eaAaGwObaaamqv)(mh=_J8Y3hAhuO1Lep76)1.jpg;https://ei.phncdn.com/videos/201803/15/158214002/original/(m=eaAaGwObaaamqv)(mh=_J8Y3hAhuO1Lep76)2.jpg;https://ei.phncdn.com/videos/201803/15/158214002/original/(m=eaAaGwObaaamqv)(mh=_J8Y3hAhuO1Lep76)3.jpg;https://ei.phncdn.com/videos/201803/15/158214002/original/(m=eaAaGwObaaamqv)(mh=_J8Y3hAhuO1Lep76)4.jpg;https://ei.phncdn.com/videos/201803/15/158214002/original/(m=eaAaGwObaaamqv)(mh=_J8Y3hAhuO1Lep76)5.jpg;https://ei.phncdn.com/videos/201803/15/158214002/original/(m=eaAaGwObaaamqv)(mh=_J8Y3hAhuO1Lep76)6.jpg;https://ei.phncdn.com/videos/201803/15/158214002/original/(m=eaAaGwObaaamqv)(mh=_J8Y3hAhuO1Lep76)7.jpg;https://ei.phncdn.com/videos/201803/15/158214002/original/(m=eaAaGwObaaamqv)(mh=_J8Y3hAhuO1Lep76)8.jpg;https://ei.phncdn.com/videos/201803/15/158214002/original/(m=eaAaGwObaaamqv)(mh=_J8Y3hAhuO1Lep76)9.jpg;https://ei.phncdn.com/videos/201803/15/158214002/original/(m=eaAaGwObaaamqv)(mh=_J8Y3hAhuO1Lep76)10.jpg;https://ei.phncdn.com/videos/201803/15/158214002/original/(m=eaAaGwObaaamqv)(mh=_J8Y3hAhuO1Lep76)11.jpg;https://ei.phncdn.com/videos/201803/15/158214002/original/(m=eaAaGwObaaamqv)(mh=_J8Y3hAhuO1Lep76)12.jpg;https://ei.phncdn.com/videos/201803/15/158214002/original/(m=eaAaGwObaaamqv)(mh=_J8Y3hAhuO1Lep76)13.jpg;https://ei.phncdn.com/videos/201803/15/158214002/original/(m=eaAaGwObaaamqv)(mh=_J8Y3hAhuO1Lep76)14.jpg;https://ei.phncdn.com/videos/201803/15/158214002/original/(m=eaAaGwObaaamqv)(mh=_J8Y3hAhuO1Lep76)15.jpg;https://ei.phncdn.com/videos/201803/15/158214002/original/(m=eaAaGwObaaamqv)(mh=_J8Y3hAhuO1Lep76)16.jpg
<iframe src="https://www.pornhub.com/embed/ph5ae1783dbbf66" frameborder="0" height="481" width="608" scrolling="no"></iframe>|https://ei.phncdn.com/videos/201804/26/163587291/original/(m=eaf8GgaaaWavb)(mh=EkZm8MdfH26R2CE4)3.jpg|https://ei.phncdn.com/videos/201804/26/163587291/original/(m=eaf8GgaaaWavb)(mh=EkZm8MdfH26R2CE4)1.jpg;https://ei.phncdn.com/videos/201804/26/163587291/original/(m=eaf8GgaaaWavb)(mh=EkZm8MdfH26R2CE4)2.jpg;https://ei.phncdn.com/videos/201804/26/163587291/original/(m=eaf8GgaaaWavb)(mh=EkZm8MdfH26R2CE4)3.jpg;https://ei.phncdn.com/videos/201804/26/163587291/original/(m=eaf8GgaaaWavb)(mh=EkZm8MdfH26R2CE4)4.jpg;https://ei.phncdn.com/videos/201804/26/163587291/original/(m=eaf8GgaaaWavb)(mh=EkZm8MdfH26R2CE4)5.jpg;https://ei.phncdn.com/videos/201804/26/163587291/original/(m=eaf8GgaaaWavb)(mh=EkZm8MdfH26R2CE4)6.jpg;https://ei.phncdn.com/videos/201804/26/163587291/original/(m=eaf8GgaaaWavb)(mh=EkZm8MdfH26R2CE4)7.jpg;https://ei.phncdn.com/videos/201804/26/163587291/original/(m=eaf8GgaaaWavb)(mh=EkZm8MdfH26R2CE4)8.jpg;https://ei.phncdn.com/videos/201804/26/163587291/original/(m=eaf8GgaaaWavb)(mh=EkZm8MdfH26R2CE4)9.jpg;https://ei.phncdn.com/videos/201804/26/163587291/original/(m=eaf8GgaaaWavb)(mh=EkZm8MdfH26R2CE4)10.jpg;https://ei.phncdn.com/videos/201804/26/163587291/original/(m=eaf8GgaaaWavb)(mh=EkZm8MdfH26R2CE4)11.jpg;https://ei.phncdn.com/videos/201804/26/163587291/original/(m=eaf8GgaaaWavb)(mh=EkZm8MdfH26R2CE4)12.jpg;https://ei.phncdn.com/videos/201804/26/163587291/original/(m=eaf8GgaaaWavb)(mh=EkZm8MdfH26R2CE4)13.jpg;https://ei.phncdn.com/videos/201804/26/163587291/original/(m=eaf8GgaaaWavb)(mh=EkZm8MdfH26R2CE4)14.jpg;https://ei.phncdn.com/videos/201804/26/163587291/original/(m=eaf8GgaaaWavb)(mh=EkZm8MdfH26R2CE4)15.jpg;https://ei.phncdn.com/videos/201804/26/163587291/original/(m=eaf8GgaaaWavb)(mh=EkZm8MdfH26R2CE4)16.jpg|VirtualRealPorn.com - Dance for you|virtualrealporn;virtual;reality;3d;5k;60fps;vr;virtual-reality;asia;asian;small-tits;pole-dancer;brunette;suzie-q|Virtual Reality;60FPS;180°;3D||381|2268|5|1|https://ei.phncdn.com/videos/201804/26/163587291/original/(m=eaAaGwObaaamqv)(mh=5UJQCgt7WNoAKZVN)3.jpg|https://ei.phncdn.com/videos/201804/26/163587291/original/(m=eaAaGwObaaamqv)(mh=5UJQCgt7WNoAKZVN)1.jpg;https://ei.phncdn.com/videos/201804/26/163587291/original/(m=eaAaGwObaaamqv)(mh=5UJQCgt7WNoAKZVN)2.jpg;https://ei.phncdn.com/videos/201804/26/163587291/original/(m=eaAaGwObaaamqv)(mh=5UJQCgt7WNoAKZVN)3.jpg;https://ei.phncdn.com/videos/201804/26/163587291/original/(m=eaAaGwObaaamqv)(mh=5UJQCgt7WNoAKZVN)4.jpg;https://ei.phncdn.com/videos/201804/26/163587291/original/(m=eaAaGwObaaamqv)(mh=5UJQCgt7WNoAKZVN)5.jpg;https://ei.phncdn.com/videos/201804/26/163587291/original/(m=eaAaGwObaaamqv)(mh=5UJQCgt7WNoAKZVN)6.jpg;https://ei.phncdn.com/videos/201804/26/163587291/original/(m=eaAaGwObaaamqv)(mh=5UJQCgt7WNoAKZVN)7.jpg;https://ei.phncdn.com/videos/201804/26/163587291/original/(m=eaAaGwObaaamqv)(mh=5UJQCgt7WNoAKZVN)8.jpg;https://ei.phncdn.com/videos/201804/26/163587291/original/(m=eaAaGwObaaamqv)(mh=5UJQCgt7WNoAKZVN)9.jpg;https://ei.phncdn.com/videos/201804/26/163587291/original/(m=eaAaGwObaaamqv)(mh=5UJQCgt7WNoAKZVN)10.jpg;https://ei.phncdn.com/videos/201804/26/163587291/original/(m=eaAaGwObaaamqv)(mh=5UJQCgt7WNoAKZVN)11.jpg;https://ei.phncdn.com/videos/201804/26/163587291/original/(m=eaAaGwObaaamqv)(mh=5UJQCgt7WNoAKZVN)12.jpg;https://ei.phncdn.com/videos/201804/26/163587291/original/(m=eaAaGwObaaamqv)(mh=5UJQCgt7WNoAKZVN)13.jpg;https://ei.phncdn.com/videos/201804/26/163587291/original/(m=eaAaGwObaaamqv)(mh=5UJQCgt7WNoAKZVN)14.jpg;https://ei.phncdn.com/videos/201804/26/163587291/original/(m=eaAaGwObaaamqv)(mh=5UJQCgt7WNoAKZVN)15.jpg;https://ei.phncdn.com/videos/201804/26/163587291/original/(m=eaAaGwObaaamqv)(mh=5UJQCgt7WNoAKZVN)16.jpg
<iframe src="https://www.pornhub.com/embed/ph5b14dfb3b0e1e" frameborder="0" height="481" width="608" scrolling="no"></iframe>|https://ei.phncdn.com/videos/201806/04/169008962/original/(m=eaf8GgaaaWavb)(mh=Ov65zHdk0MReo0rN)6.jpg|https://ei.phncdn.com/videos/201806/04/169008962/original/(m=eaf8GgaaaWavb)(mh=Ov65zHdk0MReo0rN)1.jpg;https://ei.phncdn.com/videos/201806/04/169008962/original/(m=eaf8GgaaaWavb)(mh=Ov65zHdk0MReo0rN)2.jpg;https://ei.phncdn.com/videos/201806/04/169008962/original/(m=eaf8GgaaaWavb)(mh=Ov65zHdk0MReo0rN)3.jpg;https://ei.phncdn.com/videos/201806/04/169008962/original/(m=eaf8GgaaaWavb)(mh=Ov65zHdk0MReo0rN)4.jpg;https://ei.phncdn.com/videos/201806/04/169008962/original/(m=eaf8GgaaaWavb)(mh=Ov65zHdk0MReo0rN)5.jpg;https://ei.phncdn.com/videos/201806/04/169008962/original/(m=eaf8GgaaaWavb)(mh=Ov65zHdk0MReo0rN)6.jpg;https://ei.phncdn.com/videos/201806/04/169008962/original/(m=eaf8GgaaaWavb)(mh=Ov65zHdk0MReo0rN)7.jpg;https://ei.phncdn.com/videos/201806/04/169008962/original/(m=eaf8GgaaaWavb)(mh=Ov65zHdk0MReo0rN)8.jpg;https://ei.phncdn.com/videos/201806/04/169008962/original/(m=eaf8GgaaaWavb)(mh=Ov65zHdk0MReo0rN)9.jpg;https://ei.phncdn.com/videos/201806/04/169008962/original/(m=eaf8GgaaaWavb)(mh=Ov65zHdk0MReo0rN)10.jpg;https://ei.phncdn.com/videos/201806/04/169008962/original/(m=eaf8GgaaaWavb)(mh=Ov65zHdk0MReo0rN)11.jpg;https://ei.phncdn.com/videos/201806/04/169008962/original/(m=eaf8GgaaaWavb)(mh=Ov65zHdk0MReo0rN)12.jpg;https://ei.phncdn.com/videos/201806/04/169008962/original/(m=eaf8GgaaaWavb)(mh=Ov65zHdk0MReo0rN)13.jpg;https://ei.phncdn.com/videos/201806/04/169008962/original/(m=eaf8GgaaaWavb)(mh=Ov65zHdk0MReo0rN)14.jpg;https://ei.phncdn.com/videos/201806/04/169008962/original/(m=eaf8GgaaaWavb)(mh=Ov65zHdk0MReo0rN)15.jpg;https://ei.phncdn.com/videos/201806/04/169008962/original/(m=eaf8GgaaaWavb)(mh=Ov65zHdk0MReo0rN)16.jpg|VirtualRealPorn.com - You are the winner|virtual;reality;virtualrealporn;3d;5k;60fps;vr;virtual-reality;megan-inky;anal;big-boobs;brunette|Virtual Reality;60FPS;180°;3D||376|33733|216|19|https://ei.phncdn.com/videos/201806/04/169008962/original/(m=eaAaGwObaaamqv)(mh=UMacoJ41WW7gzEhi)6.jpg|https://ei.phncdn.com/videos/201806/04/169008962/original/(m=eaAaGwObaaamqv)(mh=UMacoJ41WW7gzEhi)1.jpg;https://ei.phncdn.com/videos/201806/04/169008962/original/(m=eaAaGwObaaamqv)(mh=UMacoJ41WW7gzEhi)2.jpg;https://ei.phncdn.com/videos/201806/04/169008962/original/(m=eaAaGwObaaamqv)(mh=UMacoJ41WW7gzEhi)3.jpg;https://ei.phncdn.com/videos/201806/04/169008962/original/(m=eaAaGwObaaamqv)(mh=UMacoJ41WW7gzEhi)4.jpg;https://ei.phncdn.com/videos/201806/04/169008962/original/(m=eaAaGwObaaamqv)(mh=UMacoJ41WW7gzEhi)5.jpg;https://ei.phncdn.com/videos/201806/04/169008962/original/(m=eaAaGwObaaamqv)(mh=UMacoJ41WW7gzEhi)6.jpg;https://ei.phncdn.com/videos/201806/04/169008962/original/(m=eaAaGwObaaamqv)(mh=UMacoJ41WW7gzEhi)7.jpg;https://ei.phncdn.com/videos/201806/04/169008962/original/(m=eaAaGwObaaamqv)(mh=UMacoJ41WW7gzEhi)8.jpg;https://ei.phncdn.com/videos/201806/04/169008962/original/(m=eaAaGwObaaamqv)(mh=UMacoJ41WW7gzEhi)9.jpg;https://ei.phncdn.com/videos/201806/04/169008962/original/(m=eaAaGwObaaamqv)(mh=UMacoJ41WW7gzEhi)10.jpg;https://ei.phncdn.com/videos/201806/04/169008962/original/(m=eaAaGwObaaamqv)(mh=UMacoJ41WW7gzEhi)11.jpg;https://ei.phncdn.com/videos/201806/04/169008962/original/(m=eaAaGwObaaamqv)(mh=UMacoJ41WW7gzEhi)12.jpg;https://ei.phncdn.com/videos/201806/04/169008962/original/(m=eaAaGwObaaamqv)(mh=UMacoJ41WW7gzEhi)13.jpg;https://ei.phncdn.com/videos/201806/04/169008962/original/(m=eaAaGwObaaamqv)(mh=UMacoJ41WW7gzEhi)14.jpg;https://ei.phncdn.com/videos/201806/04/169008962/original/(m=eaAaGwObaaamqv)(mh=UMacoJ41WW7gzEhi)15.jpg;https://ei.phncdn.com/videos/201806/04/169008962/original/(m=eaAaGwObaaamqv)(mh=UMacoJ41WW7gzEhi)16.jpg
<iframe src="https://www.pornhub.com/embed/ph5b14dfb33454a" frameborder="0" height="481" width="608" scrolling="no"></iframe>|https://ei.phncdn.com/videos/201806/04/169011122/original/(m=eaf8GgaaaWavb)(mh=7dY4XDbJNkwztK8z)7.jpg|https://ei.phncdn.com/videos/201806/04/169011122/original/(m=eaf8GgaaaWavb)(mh=7dY4XDbJNkwztK8z)1.jpg;https://ei.phncdn.com/videos/201806/04/169011122/original/(m=eaf8GgaaaWavb)(mh=7dY4XDbJNkwztK8z)2.jpg;https://ei.phncdn.com/videos/201806/04/169011122/original/(m=eaf8GgaaaWavb)(mh=7dY4XDbJNkwztK8z)3.jpg;https://ei.phncdn.com/videos/201806/04/169011122/original/(m=eaf8GgaaaWavb)(mh=7dY4XDbJNkwztK8z)4.jpg;https://ei.phncdn.com/videos/201806/04/169011122/original/(m=eaf8GgaaaWavb)(mh=7dY4XDbJNkwztK8z)5.jpg;https://ei.phncdn.com/videos/201806/04/169011122/original/(m=eaf8GgaaaWavb)(mh=7dY4XDbJNkwztK8z)6.jpg;https://ei.phncdn.com/videos/201806/04/169011122/original/(m=eaf8GgaaaWavb)(mh=7dY4XDbJNkwztK8z)7.jpg;https://ei.phncdn.com/videos/201806/04/169011122/original/(m=eaf8GgaaaWavb)(mh=7dY4XDbJNkwztK8z)8.jpg;https://ei.phncdn.com/videos/201806/04/169011122/original/(m=eaf8GgaaaWavb)(mh=7dY4XDbJNkwztK8z)9.jpg;https://ei.phncdn.com/videos/201806/04/169011122/original/(m=eaf8GgaaaWavb)(mh=7dY4XDbJNkwztK8z)10.jpg;https://ei.phncdn.com/videos/201806/04/169011122/original/(m=eaf8GgaaaWavb)(mh=7dY4XDbJNkwztK8z)11.jpg;https://ei.phncdn.com/videos/201806/04/169011122/original/(m=eaf8GgaaaWavb)(mh=7dY4XDbJNkwztK8z)12.jpg;https://ei.phncdn.com/videos/201806/04/169011122/original/(m=eaf8GgaaaWavb)(mh=7dY4XDbJNkwztK8z)13.jpg;https://ei.phncdn.com/videos/201806/04/169011122/original/(m=eaf8GgaaaWavb)(mh=7dY4XDbJNkwztK8z)14.jpg;https://ei.phncdn.com/videos/201806/04/169011122/original/(m=eaf8GgaaaWavb)(mh=7dY4XDbJNkwztK8z)15.jpg;https://ei.phncdn.com/videos/201806/04/169011122/original/(m=eaf8GgaaaWavb)(mh=7dY4XDbJNkwztK8z)16.jpg|VirtualRealPorn.com - Champions League night|virtual;reality;virtualrealporn;sandra-wellness;3d;5k;60fps;vr;virtual-reality;brunette;russian|Virtual Reality;60FPS;180°;3D||381|1647|8|1|https://ei.phncdn.com/videos/201806/04/169011122/original/(m=eaAaGwObaaamqv)(mh=1RrJCu0YIv07-MPU)7.jpg|https://ei.phncdn.com/videos/201806/04/169011122/original/(m=eaAaGwObaaamqv)(mh=1RrJCu0YIv07-MPU)1.jpg;https://ei.phncdn.com/videos/201806/04/169011122/original/(m=eaAaGwObaaamqv)(mh=1RrJCu0YIv07-MPU)2.jpg;https://ei.phncdn.com/videos/201806/04/169011122/original/(m=eaAaGwObaaamqv)(mh=1RrJCu0YIv07-MPU)3.jpg;https://ei.phncdn.com/videos/201806/04/169011122/original/(m=eaAaGwObaaamqv)(mh=1RrJCu0YIv07-MPU)4.jpg;https://ei.phncdn.com/videos/201806/04/169011122/original/(m=eaAaGwObaaamqv)(mh=1RrJCu0YIv07-MPU)5.jpg;https://ei.phncdn.com/videos/201806/04/169011122/original/(m=eaAaGwObaaamqv)(mh=1RrJCu0YIv07-MPU)6.jpg;https://ei.phncdn.com/videos/201806/04/169011122/original/(m=eaAaGwObaaamqv)(mh=1RrJCu0YIv07-MPU)7.jpg;https://ei.phncdn.com/videos/201806/04/169011122/original/(m=eaAaGwObaaamqv)(mh=1RrJCu0YIv07-MPU)8.jpg;https://ei.phncdn.com/videos/201806/04/169011122/original/(m=eaAaGwObaaamqv)(mh=1RrJCu0YIv07-MPU)9.jpg;https://ei.phncdn.com/videos/201806/04/169011122/original/(m=eaAaGwObaaamqv)(mh=1RrJCu0YIv07-MPU)10.jpg;https://ei.phncdn.com/videos/201806/04/169011122/original/(m=eaAaGwObaaamqv)(mh=1RrJCu0YIv07-MPU)11.jpg;https://ei.phncdn.com/videos/201806/04/169011122/original/(m=eaAaGwObaaamqv)(mh=1RrJCu0YIv07-MPU)12.jpg;https://ei.phncdn.com/videos/201806/04/169011122/original/(m=eaAaGwObaaamqv)(mh=1RrJCu0YIv07-MPU)13.jpg;https://ei.phncdn.com/videos/201806/04/169011122/original/(m=eaAaGwObaaamqv)(mh=1RrJCu0YIv07-MPU)14.jpg;https://ei.phncdn.com/videos/201806/04/169011122/original/(m=eaAaGwObaaamqv)(mh=1RrJCu0YIv07-MPU)15.jpg;https://ei.phncdn.com/videos/201806/04/169011122/original/(m=eaAaGwObaaamqv)(mh=1RrJCu0YIv07-MPU)16.jpg
<iframe src="https://www.pornhub.com/embed/ph5b14dfb30ffd3" frameborder="0" height="481" width="608" scrolling="no"></iframe>|https://ei.phncdn.com/videos/201806/04/169011462/original/(m=eaf8GgaaaWavb)(mh=OvreCRiRi2Trlr55)6.jpg|https://ei.phncdn.com/videos/201806/04/169011462/original/(m=eaf8GgaaaWavb)(mh=OvreCRiRi2Trlr55)1.jpg;https://ei.phncdn.com/videos/201806/04/169011462/original/(m=eaf8GgaaaWavb)(mh=OvreCRiRi2Trlr55)2.jpg;https://ei.phncdn.com/videos/201806/04/169011462/original/(m=eaf8GgaaaWavb)(mh=OvreCRiRi2Trlr55)3.jpg;https://ei.phncdn.com/videos/201806/04/169011462/original/(m=eaf8GgaaaWavb)(mh=OvreCRiRi2Trlr55)4.jpg;https://ei.phncdn.com/videos/201806/04/169011462/original/(m=eaf8GgaaaWavb)(mh=OvreCRiRi2Trlr55)5.jpg;https://ei.phncdn.com/videos/201806/04/169011462/original/(m=eaf8GgaaaWavb)(mh=OvreCRiRi2Trlr55)6.jpg;https://ei.phncdn.com/videos/201806/04/169011462/original/(m=eaf8GgaaaWavb)(mh=OvreCRiRi2Trlr55)7.jpg;https://ei.phncdn.com/videos/201806/04/169011462/original/(m=eaf8GgaaaWavb)(mh=OvreCRiRi2Trlr55)8.jpg;https://ei.phncdn.com/videos/201806/04/169011462/original/(m=eaf8GgaaaWavb)(mh=OvreCRiRi2Trlr55)9.jpg;https://ei.phncdn.com/videos/201806/04/169011462/original/(m=eaf8GgaaaWavb)(mh=OvreCRiRi2Trlr55)10.jpg;https://ei.phncdn.com/videos/201806/04/169011462/original/(m=eaf8GgaaaWavb)(mh=OvreCRiRi2Trlr55)11.jpg;https://ei.phncdn.com/videos/201806/04/169011462/original/(m=eaf8GgaaaWavb)(mh=OvreCRiRi2Trlr55)12.jpg;https://ei.phncdn.com/videos/201806/04/169011462/original/(m=eaf8GgaaaWavb)(mh=OvreCRiRi2Trlr55)13.jpg;https://ei.phncdn.com/videos/201806/04/169011462/original/(m=eaf8GgaaaWavb)(mh=OvreCRiRi2Trlr55)14.jpg;https://ei.phncdn.com/videos/201806/04/169011462/original/(m=eaf8GgaaaWavb)(mh=OvreCRiRi2Trlr55)15.jpg;https://ei.phncdn.com/videos/201806/04/169011462/original/(m=eaf8GgaaaWavb)(mh=OvreCRiRi2Trlr55)16.jpg|VirtualRealPorn.com - Artists secrets|virtualrealporn;virtual;reality;3d;5k;60fps;vr;virtual-reality;sybil-kailena|Virtual Reality;60FPS;Solo Female;180°;3D||377|3559|13|2|https://ei.phncdn.com/videos/201806/04/169011462/original/(m=eaAaGwObaaamqv)(mh=sS1epTB_xmOJM167)6.jpg|https://ei.phncdn.com/videos/201806/04/169011462/original/(m=eaAaGwObaaamqv)(mh=sS1epTB_xmOJM167)1.jpg;https://ei.phncdn.com/videos/201806/04/169011462/original/(m=eaAaGwObaaamqv)(mh=sS1epTB_xmOJM167)2.jpg;https://ei.phncdn.com/videos/201806/04/169011462/original/(m=eaAaGwObaaamqv)(mh=sS1epTB_xmOJM167)3.jpg;https://ei.phncdn.com/videos/201806/04/169011462/original/(m=eaAaGwObaaamqv)(mh=sS1epTB_xmOJM167)4.jpg;https://ei.phncdn.com/videos/201806/04/169011462/original/(m=eaAaGwObaaamqv)(mh=sS1epTB_xmOJM167)5.jpg;https://ei.phncdn.com/videos/201806/04/169011462/original/(m=eaAaGwObaaamqv)(mh=sS1epTB_xmOJM167)6.jpg;https://ei.phncdn.com/videos/201806/04/169011462/original/(m=eaAaGwObaaamqv)(mh=sS1epTB_xmOJM167)7.jpg;https://ei.phncdn.com/videos/201806/04/169011462/original/(m=eaAaGwObaaamqv)(mh=sS1epTB_xmOJM167)8.jpg;https://ei.phncdn.com/videos/201806/04/169011462/original/(m=eaAaGwObaaamqv)(mh=sS1epTB_xmOJM167)9.jpg;https://ei.phncdn.com/videos/201806/04/169011462/original/(m=eaAaGwObaaamqv)(mh=sS1epTB_xmOJM167)10.jpg;https://ei.phncdn.com/videos/201806/04/169011462/original/(m=eaAaGwObaaamqv)(mh=sS1epTB_xmOJM167)11.jpg;https://ei.phncdn.com/videos/201806/04/169011462/original/(m=eaAaGwObaaamqv)(mh=sS1epTB_xmOJM167)12.jpg;https://ei.phncdn.com/videos/201806/04/169011462/original/(m=eaAaGwObaaamqv)(mh=sS1epTB_xmOJM167)13.jpg;https://ei.phncdn.com/videos/201806/04/169011462/original/(m=eaAaGwObaaamqv)(mh=sS1epTB_xmOJM167)14.jpg;https://ei.phncdn.com/videos/201806/04/169011462/original/(m=eaAaGwObaaamqv)(mh=sS1epTB_xmOJM167)15.jpg;https://ei.phncdn.com/videos/201806/04/169011462/original/(m=eaAaGwObaaamqv)(mh=sS1epTB_xmOJM167)16.jpg
<iframe src="https://www.pornhub.com/embed/ph5b14ee1e575e8" frameborder="0" height="481" width="608" scrolling="no"></iframe>|https://ei.phncdn.com/videos/201806/04/169011572/original/(m=eaf8GgaaaWavb)(mh=tvr5c3VnupBMd8Dq)6.jpg|https://ei.phncdn.com/videos/201806/04/169011572/original/(m=eaf8GgaaaWavb)(mh=tvr5c3VnupBMd8Dq)1.jpg;https://ei.phncdn.com/videos/201806/04/169011572/original/(m=eaf8GgaaaWavb)(mh=tvr5c3VnupBMd8Dq)2.jpg;https://ei.phncdn.com/videos/201806/04/169011572/original/(m=eaf8GgaaaWavb)(mh=tvr5c3VnupBMd8Dq)3.jpg;https://ei.phncdn.com/videos/201806/04/169011572/original/(m=eaf8GgaaaWavb)(mh=tvr5c3VnupBMd8Dq)4.jpg;https://ei.phncdn.com/videos/201806/04/169011572/original/(m=eaf8GgaaaWavb)(mh=tvr5c3VnupBMd8Dq)5.jpg;https://ei.phncdn.com/videos/201806/04/169011572/original/(m=eaf8GgaaaWavb)(mh=tvr5c3VnupBMd8Dq)6.jpg;https://ei.phncdn.com/videos/201806/04/169011572/original/(m=eaf8GgaaaWavb)(mh=tvr5c3VnupBMd8Dq)7.jpg;https://ei.phncdn.com/videos/201806/04/169011572/original/(m=eaf8GgaaaWavb)(mh=tvr5c3VnupBMd8Dq)8.jpg;https://ei.phncdn.com/videos/201806/04/169011572/original/(m=eaf8GgaaaWavb)(mh=tvr5c3VnupBMd8Dq)9.jpg;https://ei.phncdn.com/videos/201806/04/169011572/original/(m=eaf8GgaaaWavb)(mh=tvr5c3VnupBMd8Dq)10.jpg;https://ei.phncdn.com/videos/201806/04/169011572/original/(m=eaf8GgaaaWavb)(mh=tvr5c3VnupBMd8Dq)11.jpg;https://ei.phncdn.com/videos/201806/04/169011572/original/(m=eaf8GgaaaWavb)(mh=tvr5c3VnupBMd8Dq)12.jpg;https://ei.phncdn.com/videos/201806/04/169011572/original/(m=eaf8GgaaaWavb)(mh=tvr5c3VnupBMd8Dq)13.jpg;https://ei.phncdn.com/videos/201806/04/169011572/original/(m=eaf8GgaaaWavb)(mh=tvr5c3VnupBMd8Dq)14.jpg;https://ei.phncdn.com/videos/201806/04/169011572/original/(m=eaf8GgaaaWavb)(mh=tvr5c3VnupBMd8Dq)15.jpg;https://ei.phncdn.com/videos/201806/04/169011572/original/(m=eaf8GgaaaWavb)(mh=tvr5c3VnupBMd8Dq)16.jpg|VirtualRealPorn.com - Backpacking|virtualrealporn;virtual;reality;3d;5k;60fps;vr;virtual-reality;veronica-leal;blonde;pornstar;anal;pissing|Virtual Reality;60FPS;180°;3D||379|2832|5|3|https://ei.phncdn.com/videos/201806/04/169011572/original/(m=eaAaGwObaaamqv)(mh=U6pqQJJuTd2dkFAW)6.jpg|https://ei.phncdn.com/videos/201806/04/169011572/original/(m=eaAaGwObaaamqv)(mh=U6pqQJJuTd2dkFAW)1.jpg;https://ei.phncdn.com/videos/201806/04/169011572/original/(m=eaAaGwObaaamqv)(mh=U6pqQJJuTd2dkFAW)2.jpg;https://ei.phncdn.com/videos/201806/04/169011572/original/(m=eaAaGwObaaamqv)(mh=U6pqQJJuTd2dkFAW)3.jpg;https://ei.phncdn.com/videos/201806/04/169011572/original/(m=eaAaGwObaaamqv)(mh=U6pqQJJuTd2dkFAW)4.jpg;https://ei.phncdn.com/videos/201806/04/169011572/original/(m=eaAaGwObaaamqv)(mh=U6pqQJJuTd2dkFAW)5.jpg;https://ei.phncdn.com/videos/201806/04/169011572/original/(m=eaAaGwObaaamqv)(mh=U6pqQJJuTd2dkFAW)6.jpg;https://ei.phncdn.com/videos/201806/04/169011572/original/(m=eaAaGwObaaamqv)(mh=U6pqQJJuTd2dkFAW)7.jpg;https://ei.phncdn.com/videos/201806/04/169011572/original/(m=eaAaGwObaaamqv)(mh=U6pqQJJuTd2dkFAW)8.jpg;https://ei.phncdn.com/videos/201806/04/169011572/original/(m=eaAaGwObaaamqv)(mh=U6pqQJJuTd2dkFAW)9.jpg;https://ei.phncdn.com/videos/201806/04/169011572/original/(m=eaAaGwObaaamqv)(mh=U6pqQJJuTd2dkFAW)10.jpg;https://ei.phncdn.com/videos/201806/04/169011572/original/(m=eaAaGwObaaamqv)(mh=U6pqQJJuTd2dkFAW)11.jpg;https://ei.phncdn.com/videos/201806/04/169011572/original/(m=eaAaGwObaaamqv)(mh=U6pqQJJuTd2dkFAW)12.jpg;https://ei.phncdn.com/videos/201806/04/169011572/original/(m=eaAaGwObaaamqv)(mh=U6pqQJJuTd2dkFAW)13.jpg;https://ei.phncdn.com/videos/201806/04/169011572/original/(m=eaAaGwObaaamqv)(mh=U6pqQJJuTd2dkFAW)14.jpg;https://ei.phncdn.com/videos/201806/04/169011572/original/(m=eaAaGwObaaamqv)(mh=U6pqQJJuTd2dkFAW)15.jpg;https://ei.phncdn.com/videos/201806/04/169011572/original/(m=eaAaGwObaaamqv)(mh=U6pqQJJuTd2dkFAW)16.jpg
<iframe src="https://www.pornhub.com/embed/ph5b35db11e9e43" frameborder="0" height="481" width="608" scrolling="no"></iframe>|https://ei.phncdn.com/videos/201806/29/172334181/original/(m=eaf8GgaaaWavb)(mh=y2iYlfGgbQ4ywMpp)12.jpg|https://ei.phncdn.com/videos/201806/29/172334181/original/(m=eaf8GgaaaWavb)(mh=y2iYlfGgbQ4ywMpp)1.jpg;https://ei.phncdn.com/videos/201806/29/172334181/original/(m=eaf8GgaaaWavb)(mh=y2iYlfGgbQ4ywMpp)2.jpg;https://ei.phncdn.com/videos/201806/29/172334181/original/(m=eaf8GgaaaWavb)(mh=y2iYlfGgbQ4ywMpp)3.jpg;https://ei.phncdn.com/videos/201806/29/172334181/original/(m=eaf8GgaaaWavb)(mh=y2iYlfGgbQ4ywMpp)4.jpg;https://ei.phncdn.com/videos/201806/29/172334181/original/(m=eaf8GgaaaWavb)(mh=y2iYlfGgbQ4ywMpp)5.jpg;https://ei.phncdn.com/videos/201806/29/172334181/original/(m=eaf8GgaaaWavb)(mh=y2iYlfGgbQ4ywMpp)6.jpg;https://ei.phncdn.com/videos/201806/29/172334181/original/(m=eaf8GgaaaWavb)(mh=y2iYlfGgbQ4ywMpp)7.jpg;https://ei.phncdn.com/videos/201806/29/172334181/original/(m=eaf8GgaaaWavb)(mh=y2iYlfGgbQ4ywMpp)8.jpg;https://ei.phncdn.com/videos/201806/29/172334181/original/(m=eaf8GgaaaWavb)(mh=y2iYlfGgbQ4ywMpp)9.jpg;https://ei.phncdn.com/videos/201806/29/172334181/original/(m=eaf8GgaaaWavb)(mh=y2iYlfGgbQ4ywMpp)10.jpg;https://ei.phncdn.com/videos/201806/29/172334181/original/(m=eaf8GgaaaWavb)(mh=y2iYlfGgbQ4ywMpp)11.jpg;https://ei.phncdn.com/videos/201806/29/172334181/original/(m=eaf8GgaaaWavb)(mh=y2iYlfGgbQ4ywMpp)12.jpg;https://ei.phncdn.com/videos/201806/29/172334181/original/(m=eaf8GgaaaWavb)(mh=y2iYlfGgbQ4ywMpp)13.jpg;https://ei.phncdn.com/videos/201806/29/172334181/original/(m=eaf8GgaaaWavb)(mh=y2iYlfGgbQ4ywMpp)14.jpg;https://ei.phncdn.com/videos/201806/29/172334181/original/(m=eaf8GgaaaWavb)(mh=y2iYlfGgbQ4ywMpp)15.jpg;https://ei.phncdn.com/videos/201806/29/172334181/original/(m=eaf8GgaaaWavb)(mh=y2iYlfGgbQ4ywMpp)16.jpg|VirtualRealPorn.com - Pink baby|virtualrealporn;virtual;reality;3d;5k;60fps;vr;virtual-reality;pornstar;anal;brunette;full;full-sex;chinese;poopea|Virtual Reality;60FPS;180°;3D||389|12597|28|9|https://ei.phncdn.com/videos/201806/29/172334181/original/(m=eaAaGwObaaamqv)(mh=NeuKM4exYR1piTyn)12.jpg|https://ei.phncdn.com/videos/201806/29/172334181/original/(m=eaAaGwObaaamqv)(mh=NeuKM4exYR1piTyn)1.jpg;https://ei.phncdn.com/videos/201806/29/172334181/original/(m=eaAaGwObaaamqv)(mh=NeuKM4exYR1piTyn)2.jpg;https://ei.phncdn.com/videos/201806/29/172334181/original/(m=eaAaGwObaaamqv)(mh=NeuKM4exYR1piTyn)3.jpg;https://ei.phncdn.com/videos/201806/29/172334181/original/(m=eaAaGwObaaamqv)(mh=NeuKM4exYR1piTyn)4.jpg;https://ei.phncdn.com/videos/201806/29/172334181/original/(m=eaAaGwObaaamqv)(mh=NeuKM4exYR1piTyn)5.jpg;https://ei.phncdn.com/videos/201806/29/172334181/original/(m=eaAaGwObaaamqv)(mh=NeuKM4exYR1piTyn)6.jpg;https://ei.phncdn.com/videos/201806/29/172334181/original/(m=eaAaGwObaaamqv)(mh=NeuKM4exYR1piTyn)7.jpg;https://ei.phncdn.com/videos/201806/29/172334181/original/(m=eaAaGwObaaamqv)(mh=NeuKM4exYR1piTyn)8.jpg;https://ei.phncdn.com/videos/201806/29/172334181/original/(m=eaAaGwObaaamqv)(mh=NeuKM4exYR1piTyn)9.jpg;https://ei.phncdn.com/videos/201806/29/172334181/original/(m=eaAaGwObaaamqv)(mh=NeuKM4exYR1piTyn)10.jpg;https://ei.phncdn.com/videos/201806/29/172334181/original/(m=eaAaGwObaaamqv)(mh=NeuKM4exYR1piTyn)11.jpg;https://ei.phncdn.com/videos/201806/29/172334181/original/(m=eaAaGwObaaamqv)(mh=NeuKM4exYR1piTyn)12.jpg;https://ei.phncdn.com/videos/201806/29/172334181/original/(m=eaAaGwObaaamqv)(mh=NeuKM4exYR1piTyn)13.jpg;https://ei.phncdn.com/videos/201806/29/172334181/original/(m=eaAaGwObaaamqv)(mh=NeuKM4exYR1piTyn)14.jpg;https://ei.phncdn.com/videos/201806/29/172334181/original/(m=eaAaGwObaaamqv)(mh=NeuKM4exYR1piTyn)15.jpg;https://ei.phncdn.com/videos/201806/29/172334181/original/(m=eaAaGwObaaamqv)(mh=NeuKM4exYR1piTyn)16.jpg
<iframe src="https://www.pornhub.com/embed/ph5b35db1282c27" frameborder="0" height="481" width="608" scrolling="no"></iframe>|https://ei.phncdn.com/videos/201806/29/172334471/original/(m=eaf8GgaaaWavb)(mh=C9AwTTlbR0vRLLtJ)14.jpg|https://ei.phncdn.com/videos/201806/29/172334471/original/(m=eaf8GgaaaWavb)(mh=C9AwTTlbR0vRLLtJ)1.jpg;https://ei.phncdn.com/videos/201806/29/172334471/original/(m=eaf8GgaaaWavb)(mh=C9AwTTlbR0vRLLtJ)2.jpg;https://ei.phncdn.com/videos/201806/29/172334471/original/(m=eaf8GgaaaWavb)(mh=C9AwTTlbR0vRLLtJ)3.jpg;https://ei.phncdn.com/videos/201806/29/172334471/original/(m=eaf8GgaaaWavb)(mh=C9AwTTlbR0vRLLtJ)4.jpg;https://ei.phncdn.com/videos/201806/29/172334471/original/(m=eaf8GgaaaWavb)(mh=C9AwTTlbR0vRLLtJ)5.jpg;https://ei.phncdn.com/videos/201806/29/172334471/original/(m=eaf8GgaaaWavb)(mh=C9AwTTlbR0vRLLtJ)6.jpg;https://ei.phncdn.com/videos/201806/29/172334471/original/(m=eaf8GgaaaWavb)(mh=C9AwTTlbR0vRLLtJ)7.jpg;https://ei.phncdn.com/videos/201806/29/172334471/original/(m=eaf8GgaaaWavb)(mh=C9AwTTlbR0vRLLtJ)8.jpg;https://ei.phncdn.com/videos/201806/29/172334471/original/(m=eaf8GgaaaWavb)(mh=C9AwTTlbR0vRLLtJ)9.jpg;https://ei.phncdn.com/videos/201806/29/172334471/original/(m=eaf8GgaaaWavb)(mh=C9AwTTlbR0vRLLtJ)10.jpg;https://ei.phncdn.com/videos/201806/29/172334471/original/(m=eaf8GgaaaWavb)(mh=C9AwTTlbR0vRLLtJ)11.jpg;https://ei.phncdn.com/videos/201806/29/172334471/original/(m=eaf8GgaaaWavb)(mh=C9AwTTlbR0vRLLtJ)12.jpg;https://ei.phncdn.com/videos/201806/29/172334471/original/(m=eaf8GgaaaWavb)(mh=C9AwTTlbR0vRLLtJ)13.jpg;https://ei.phncdn.com/videos/201806/29/172334471/original/(m=eaf8GgaaaWavb)(mh=C9AwTTlbR0vRLLtJ)14.jpg;https://ei.phncdn.com/videos/201806/29/172334471/original/(m=eaf8GgaaaWavb)(mh=C9AwTTlbR0vRLLtJ)15.jpg;https://ei.phncdn.com/videos/201806/29/172334471/original/(m=eaf8GgaaaWavb)(mh=C9AwTTlbR0vRLLtJ)16.jpg|VirtualRealPorn.com - Solo piano|virtualrealporn;virtual;reality;sandra-wellness;3d;5k;60fps;vr;virtual-reality;pornstar;anal;brunette;full;full-sex;solo|Virtual Reality;60FPS;180°;3D||371|604|1|1|https://ei.phncdn.com/videos/201806/29/172334471/original/(m=eaAaGwObaaamqv)(mh=Nhs_riHuC_Coh7ry)14.jpg|https://ei.phncdn.com/videos/201806/29/172334471/original/(m=eaAaGwObaaamqv)(mh=Nhs_riHuC_Coh7ry)1.jpg;https://ei.phncdn.com/videos/201806/29/172334471/original/(m=eaAaGwObaaamqv)(mh=Nhs_riHuC_Coh7ry)2.jpg;https://ei.phncdn.com/videos/201806/29/172334471/original/(m=eaAaGwObaaamqv)(mh=Nhs_riHuC_Coh7ry)3.jpg;https://ei.phncdn.com/videos/201806/29/172334471/original/(m=eaAaGwObaaamqv)(mh=Nhs_riHuC_Coh7ry)4.jpg;https://ei.phncdn.com/videos/201806/29/172334471/original/(m=eaAaGwObaaamqv)(mh=Nhs_riHuC_Coh7ry)5.jpg;https://ei.phncdn.com/videos/201806/29/172334471/original/(m=eaAaGwObaaamqv)(mh=Nhs_riHuC_Coh7ry)6.jpg;https://ei.phncdn.com/videos/201806/29/172334471/original/(m=eaAaGwObaaamqv)(mh=Nhs_riHuC_Coh7ry)7.jpg;https://ei.phncdn.com/videos/201806/29/172334471/original/(m=eaAaGwObaaamqv)(mh=Nhs_riHuC_Coh7ry)8.jpg;https://ei.phncdn.com/videos/201806/29/172334471/original/(m=eaAaGwObaaamqv)(mh=Nhs_riHuC_Coh7ry)9.jpg;https://ei.phncdn.com/videos/201806/29/172334471/original/(m=eaAaGwObaaamqv)(mh=Nhs_riHuC_Coh7ry)10.jpg;https://ei.phncdn.com/videos/201806/29/172334471/original/(m=eaAaGwObaaamqv)(mh=Nhs_riHuC_Coh7ry)11.jpg;https://ei.phncdn.com/videos/201806/29/172334471/original/(m=eaAaGwObaaamqv)(mh=Nhs_riHuC_Coh7ry)12.jpg;https://ei.phncdn.com/videos/201806/29/172334471/original/(m=eaAaGwObaaamqv)(mh=Nhs_riHuC_Coh7ry)13.jpg;https://ei.phncdn.com/videos/201806/29/172334471/original/(m=eaAaGwObaaamqv)(mh=Nhs_riHuC_Coh7ry)14.jpg;https://ei.phncdn.com/videos/201806/29/172334471/original/(m=eaAaGwObaaamqv)(mh=Nhs_riHuC_Coh7ry)15.jpg;https://ei.phncdn.com/videos/201806/29/172334471/original/(m=eaAaGwObaaamqv)(mh=Nhs_riHuC_Coh7ry)16.jpg
<iframe src="https://www.pornhub.com/embed/ph5b3b535033cfa" frameborder="0" height="481" width="608" scrolling="no"></iframe>|https://ei.phncdn.com/videos/201807/03/172895781/original/(m=eaf8GgaaaWavb)(mh=0zrKM_sFYv0-QXUn)0.jpg|https://ei.phncdn.com/videos/201807/03/172895781/original/(m=eaf8GgaaaWavb)(mh=0zrKM_sFYv0-QXUn)1.jpg;https://ei.phncdn.com/videos/201807/03/172895781/original/(m=eaf8GgaaaWavb)(mh=0zrKM_sFYv0-QXUn)2.jpg;https://ei.phncdn.com/videos/201807/03/172895781/original/(m=eaf8GgaaaWavb)(mh=0zrKM_sFYv0-QXUn)3.jpg;https://ei.phncdn.com/videos/201807/03/172895781/original/(m=eaf8GgaaaWavb)(mh=0zrKM_sFYv0-QXUn)4.jpg;https://ei.phncdn.com/videos/201807/03/172895781/original/(m=eaf8GgaaaWavb)(mh=0zrKM_sFYv0-QXUn)5.jpg;https://ei.phncdn.com/videos/201807/03/172895781/original/(m=eaf8GgaaaWavb)(mh=0zrKM_sFYv0-QXUn)6.jpg;https://ei.phncdn.com/videos/201807/03/172895781/original/(m=eaf8GgaaaWavb)(mh=0zrKM_sFYv0-QXUn)7.jpg;https://ei.phncdn.com/videos/201807/03/172895781/original/(m=eaf8GgaaaWavb)(mh=0zrKM_sFYv0-QXUn)8.jpg;https://ei.phncdn.com/videos/201807/03/172895781/original/(m=eaf8GgaaaWavb)(mh=0zrKM_sFYv0-QXUn)9.jpg;https://ei.phncdn.com/videos/201807/03/172895781/original/(m=eaf8GgaaaWavb)(mh=0zrKM_sFYv0-QXUn)10.jpg;https://ei.phncdn.com/videos/201807/03/172895781/original/(m=eaf8GgaaaWavb)(mh=0zrKM_sFYv0-QXUn)11.jpg;https://ei.phncdn.com/videos/201807/03/172895781/original/(m=eaf8GgaaaWavb)(mh=0zrKM_sFYv0-QXUn)12.jpg;https://ei.phncdn.com/videos/201807/03/172895781/original/(m=eaf8GgaaaWavb)(mh=0zrKM_sFYv0-QXUn)13.jpg;https://ei.phncdn.com/videos/201807/03/172895781/original/(m=eaf8GgaaaWavb)(mh=0zrKM_sFYv0-QXUn)14.jpg;https://ei.phncdn.com/videos/201807/03/172895781/original/(m=eaf8GgaaaWavb)(mh=0zrKM_sFYv0-QXUn)15.jpg;https://ei.phncdn.com/videos/201807/03/172895781/original/(m=eaf8GgaaaWavb)(mh=0zrKM_sFYv0-QXUn)16.jpg|Virtualpee - Pussy pissing with hot babe Miky Love in virtual reality|virtual;reality;vr-porn;virtual-reality-porn;free-vr-porn;reality-porn;virtual-porn;vr-xxx;vr-fetish;vr-pissing;black-hair;european;pee-soaked;virtualpee;kink;masturbate|Virtual Reality;Solo Female;360°;3D||85|407|2|2|https://ei.phncdn.com/videos/201807/03/172895781/original/(m=eaAaGwObaaamqv)(mh=W1pwTGNkVsD5GOi8)0.jpg|https://ei.phncdn.com/videos/201807/03/172895781/original/(m=eaAaGwObaaamqv)(mh=W1pwTGNkVsD5GOi8)1.jpg;https://ei.phncdn.com/videos/201807/03/172895781/original/(m=eaAaGwObaaamqv)(mh=W1pwTGNkVsD5GOi8)2.jpg;https://ei.phncdn.com/videos/201807/03/172895781/original/(m=eaAaGwObaaamqv)(mh=W1pwTGNkVsD5GOi8)3.jpg;https://ei.phncdn.com/videos/201807/03/172895781/original/(m=eaAaGwObaaamqv)(mh=W1pwTGNkVsD5GOi8)4.jpg;https://ei.phncdn.com/videos/201807/03/172895781/original/(m=eaAaGwObaaamqv)(mh=W1pwTGNkVsD5GOi8)5.jpg;https://ei.phncdn.com/videos/201807/03/172895781/original/(m=eaAaGwObaaamqv)(mh=W1pwTGNkVsD5GOi8)6.jpg;https://ei.phncdn.com/videos/201807/03/172895781/original/(m=eaAaGwObaaamqv)(mh=W1pwTGNkVsD5GOi8)7.jpg;https://ei.phncdn.com/videos/201807/03/172895781/original/(m=eaAaGwObaaamqv)(mh=W1pwTGNkVsD5GOi8)8.jpg;https://ei.phncdn.com/videos/201807/03/172895781/original/(m=eaAaGwObaaamqv)(mh=W1pwTGNkVsD5GOi8)9.jpg;https://ei.phncdn.com/videos/201807/03/172895781/original/(m=eaAaGwObaaamqv)(mh=W1pwTGNkVsD5GOi8)10.jpg;https://ei.phncdn.com/videos/201807/03/172895781/original/(m=eaAaGwObaaamqv)(mh=W1pwTGNkVsD5GOi8)11.jpg;https://ei.phncdn.com/videos/201807/03/172895781/original/(m=eaAaGwObaaamqv)(mh=W1pwTGNkVsD5GOi8)12.jpg;https://ei.phncdn.com/videos/201807/03/172895781/original/(m=eaAaGwObaaamqv)(mh=W1pwTGNkVsD5GOi8)13.jpg;https://ei.phncdn.com/videos/201807/03/172895781/original/(m=eaAaGwObaaamqv)(mh=W1pwTGNkVsD5GOi8)14.jpg;https://ei.phncdn.com/videos/201807/03/172895781/original/(m=eaAaGwObaaamqv)(mh=W1pwTGNkVsD5GOi8)15.jpg;https://ei.phncdn.com/videos/201807/03/172895781/original/(m=eaAaGwObaaamqv)(mh=W1pwTGNkVsD5GOi8)16.jpg
<iframe src="https://www.pornhub.com/embed/ph5b6153ca39d64" frameborder="0" height="481" width="608" scrolling="no"></iframe>|https://ei.phncdn.com/videos/201808/01/176828821/original/(m=eaf8GgaaaWavb)(mh=jj128EcEHNo6SAKx)13.jpg|https://ei.phncdn.com/videos/201808/01/176828821/original/(m=eaf8GgaaaWavb)(mh=jj128EcEHNo6SAKx)1.jpg;https://ei.phncdn.com/videos/201808/01/176828821/original/(m=eaf8GgaaaWavb)(mh=jj128EcEHNo6SAKx)2.jpg;https://ei.phncdn.com/videos/201808/01/176828821/original/(m=eaf8GgaaaWavb)(mh=jj128EcEHNo6SAKx)3.jpg;https://ei.phncdn.com/videos/201808/01/176828821/original/(m=eaf8GgaaaWavb)(mh=jj128EcEHNo6SAKx)4.jpg;https://ei.phncdn.com/videos/201808/01/176828821/original/(m=eaf8GgaaaWavb)(mh=jj128EcEHNo6SAKx)5.jpg;https://ei.phncdn.com/videos/201808/01/176828821/original/(m=eaf8GgaaaWavb)(mh=jj128EcEHNo6SAKx)6.jpg;https://ei.phncdn.com/videos/201808/01/176828821/original/(m=eaf8GgaaaWavb)(mh=jj128EcEHNo6SAKx)7.jpg;https://ei.phncdn.com/videos/201808/01/176828821/original/(m=eaf8GgaaaWavb)(mh=jj128EcEHNo6SAKx)8.jpg;https://ei.phncdn.com/videos/201808/01/176828821/original/(m=eaf8GgaaaWavb)(mh=jj128EcEHNo6SAKx)9.jpg;https://ei.phncdn.com/videos/201808/01/176828821/original/(m=eaf8GgaaaWavb)(mh=jj128EcEHNo6SAKx)10.jpg;https://ei.phncdn.com/videos/201808/01/176828821/original/(m=eaf8GgaaaWavb)(mh=jj128EcEHNo6SAKx)11.jpg;https://ei.phncdn.com/videos/201808/01/176828821/original/(m=eaf8GgaaaWavb)(mh=jj128EcEHNo6SAKx)12.jpg;https://ei.phncdn.com/videos/201808/01/176828821/original/(m=eaf8GgaaaWavb)(mh=jj128EcEHNo6SAKx)13.jpg;https://ei.phncdn.com/videos/201808/01/176828821/original/(m=eaf8GgaaaWavb)(mh=jj128EcEHNo6SAKx)14.jpg;https://ei.phncdn.com/videos/201808/01/176828821/original/(m=eaf8GgaaaWavb)(mh=jj128EcEHNo6SAKx)15.jpg;https://ei.phncdn.com/videos/201808/01/176828821/original/(m=eaf8GgaaaWavb)(mh=jj128EcEHNo6SAKx)16.jpg|Foreplay|big-tits;foreplay;latina|Virtual Reality;Exclusive;Verified Amateurs;Solo Female||16|473|21|0|https://ei.phncdn.com/videos/201808/01/176828821/original/(m=eaAaGwObaaamqv)(mh=bRo2D3JBjp2fL6Oj)13.jpg|https://ei.phncdn.com/videos/201808/01/176828821/original/(m=eaAaGwObaaamqv)(mh=bRo2D3JBjp2fL6Oj)1.jpg;https://ei.phncdn.com/videos/201808/01/176828821/original/(m=eaAaGwObaaamqv)(mh=bRo2D3JBjp2fL6Oj)2.jpg;https://ei.phncdn.com/videos/201808/01/176828821/original/(m=eaAaGwObaaamqv)(mh=bRo2D3JBjp2fL6Oj)3.jpg;https://ei.phncdn.com/videos/201808/01/176828821/original/(m=eaAaGwObaaamqv)(mh=bRo2D3JBjp2fL6Oj)4.jpg;https://ei.phncdn.com/videos/201808/01/176828821/original/(m=eaAaGwObaaamqv)(mh=bRo2D3JBjp2fL6Oj)5.jpg;https://ei.phncdn.com/videos/201808/01/176828821/original/(m=eaAaGwObaaamqv)(mh=bRo2D3JBjp2fL6Oj)6.jpg;https://ei.phncdn.com/videos/201808/01/176828821/original/(m=eaAaGwObaaamqv)(mh=bRo2D3JBjp2fL6Oj)7.jpg;https://ei.phncdn.com/videos/201808/01/176828821/original/(m=eaAaGwObaaamqv)(mh=bRo2D3JBjp2fL6Oj)8.jpg;https://ei.phncdn.com/videos/201808/01/176828821/original/(m=eaAaGwObaaamqv)(mh=bRo2D3JBjp2fL6Oj)9.jpg;https://ei.phncdn.com/videos/201808/01/176828821/original/(m=eaAaGwObaaamqv)(mh=bRo2D3JBjp2fL6Oj)10.jpg;https://ei.phncdn.com/videos/201808/01/176828821/original/(m=eaAaGwObaaamqv)(mh=bRo2D3JBjp2fL6Oj)11.jpg;https://ei.phncdn.com/videos/201808/01/176828821/original/(m=eaAaGwObaaamqv)(mh=bRo2D3JBjp2fL6Oj)12.jpg;https://ei.phncdn.com/videos/201808/01/176828821/original/(m=eaAaGwObaaamqv)(mh=bRo2D3JBjp2fL6Oj)13.jpg;https://ei.phncdn.com/videos/201808/01/176828821/original/(m=eaAaGwObaaamqv)(mh=bRo2D3JBjp2fL6Oj)14.jpg;https://ei.phncdn.com/videos/201808/01/176828821/original/(m=eaAaGwObaaamqv)(mh=bRo2D3JBjp2fL6Oj)15.jpg;https://ei.phncdn.com/videos/201808/01/176828821/original/(m=eaAaGwObaaamqv)(mh=bRo2D3JBjp2fL6Oj)16.jpg
<iframe src="https://www.pornhub.com/embed/ph5ba9ee723d259" frameborder="0" height="481" width="608" scrolling="no"></iframe>|https://ei.phncdn.com/videos/201809/25/184695771/original/(m=eaf8GgaaaWavb)(mh=AstxwlcP5Rb0zg40)12.jpg|https://ei.phncdn.com/videos/201809/25/184695771/original/(m=eaf8GgaaaWavb)(mh=AstxwlcP5Rb0zg40)1.jpg;https://ei.phncdn.com/videos/201809/25/184695771/original/(m=eaf8GgaaaWavb)(mh=AstxwlcP5Rb0zg40)2.jpg;https://ei.phncdn.com/videos/201809/25/184695771/original/(m=eaf8GgaaaWavb)(mh=AstxwlcP5Rb0zg40)3.jpg;https://ei.phncdn.com/videos/201809/25/184695771/original/(m=eaf8GgaaaWavb)(mh=AstxwlcP5Rb0zg40)4.jpg;https://ei.phncdn.com/videos/201809/25/184695771/original/(m=eaf8GgaaaWavb)(mh=AstxwlcP5Rb0zg40)5.jpg;https://ei.phncdn.com/videos/201809/25/184695771/original/(m=eaf8GgaaaWavb)(mh=AstxwlcP5Rb0zg40)6.jpg;https://ei.phncdn.com/videos/201809/25/184695771/original/(m=eaf8GgaaaWavb)(mh=AstxwlcP5Rb0zg40)7.jpg;https://ei.phncdn.com/videos/201809/25/184695771/original/(m=eaf8GgaaaWavb)(mh=AstxwlcP5Rb0zg40)8.jpg;https://ei.phncdn.com/videos/201809/25/184695771/original/(m=eaf8GgaaaWavb)(mh=AstxwlcP5Rb0zg40)9.jpg;https://ei.phncdn.com/videos/201809/25/184695771/original/(m=eaf8GgaaaWavb)(mh=AstxwlcP5Rb0zg40)10.jpg;https://ei.phncdn.com/videos/201809/25/184695771/original/(m=eaf8GgaaaWavb)(mh=AstxwlcP5Rb0zg40)11.jpg;https://ei.phncdn.com/videos/201809/25/184695771/original/(m=eaf8GgaaaWavb)(mh=AstxwlcP5Rb0zg40)12.jpg;https://ei.phncdn.com/videos/201809/25/184695771/original/(m=eaf8GgaaaWavb)(mh=AstxwlcP5Rb0zg40)13.jpg;https://ei.phncdn.com/videos/201809/25/184695771/original/(m=eaf8GgaaaWavb)(mh=AstxwlcP5Rb0zg40)14.jpg;https://ei.phncdn.com/videos/201809/25/184695771/original/(m=eaf8GgaaaWavb)(mh=AstxwlcP5Rb0zg40)15.jpg;https://ei.phncdn.com/videos/201809/25/184695771/original/(m=eaf8GgaaaWavb)(mh=AstxwlcP5Rb0zg40)16.jpg|Virtualpee - Kinky redhead soaks her clothes in piss|virtualpee;virtual;reality;kink;orgasm;squirting;masturbate;redhead;vr-porn;virtual-reality-porn;free-vr-porn;reality-porn;virtual-porn;vr-xxx;vr-fetish;vr-pissing|Virtual Reality;Solo Female||83|263|0|2|https://ei.phncdn.com/videos/201809/25/184695771/original/(m=eaAaGwObaaamqv)(mh=zETuFBv6_SFw1XFh)12.jpg|https://ei.phncdn.com/videos/201809/25/184695771/original/(m=eaAaGwObaaamqv)(mh=zETuFBv6_SFw1XFh)1.jpg;https://ei.phncdn.com/videos/201809/25/184695771/original/(m=eaAaGwObaaamqv)(mh=zETuFBv6_SFw1XFh)2.jpg;https://ei.phncdn.com/videos/201809/25/184695771/original/(m=eaAaGwObaaamqv)(mh=zETuFBv6_SFw1XFh)3.jpg;https://ei.phncdn.com/videos/201809/25/184695771/original/(m=eaAaGwObaaamqv)(mh=zETuFBv6_SFw1XFh)4.jpg;https://ei.phncdn.com/videos/201809/25/184695771/original/(m=eaAaGwObaaamqv)(mh=zETuFBv6_SFw1XFh)5.jpg;https://ei.phncdn.com/videos/201809/25/184695771/original/(m=eaAaGwObaaamqv)(mh=zETuFBv6_SFw1XFh)6.jpg;https://ei.phncdn.com/videos/201809/25/184695771/original/(m=eaAaGwObaaamqv)(mh=zETuFBv6_SFw1XFh)7.jpg;https://ei.phncdn.com/videos/201809/25/184695771/original/(m=eaAaGwObaaamqv)(mh=zETuFBv6_SFw1XFh)8.jpg;https://ei.phncdn.com/videos/201809/25/184695771/original/(m=eaAaGwObaaamqv)(mh=zETuFBv6_SFw1XFh)9.jpg;https://ei.phncdn.com/videos/201809/25/184695771/original/(m=eaAaGwObaaamqv)(mh=zETuFBv6_SFw1XFh)10.jpg;https://ei.phncdn.com/videos/201809/25/184695771/original/(m=eaAaGwObaaamqv)(mh=zETuFBv6_SFw1XFh)11.jpg;https://ei.phncdn.com/videos/201809/25/184695771/original/(m=eaAaGwObaaamqv)(mh=zETuFBv6_SFw1XFh)12.jpg;https://ei.phncdn.com/videos/201809/25/184695771/original/(m=eaAaGwObaaamqv)(mh=zETuFBv6_SFw1XFh)13.jpg;https://ei.phncdn.com/videos/201809/25/184695771/original/(m=eaAaGwObaaamqv)(mh=zETuFBv6_SFw1XFh)14.jpg;https://ei.phncdn.com/videos/201809/25/184695771/original/(m=eaAaGwObaaamqv)(mh=zETuFBv6_SFw1XFh)15.jpg;https://ei.phncdn.com/videos/201809/25/184695771/original/(m=eaAaGwObaaamqv)(mh=zETuFBv6_SFw1XFh)16.jpg
<iframe src="https://www.pornhub.com/embed/ph5badd36db63fc" frameborder="0" height="481" width="608" scrolling="no"></iframe>|https://ei.phncdn.com/videos/201809/28/185138591/original/(m=eaf8GgaaaWavb)(mh=1BKpQcTW5xEVgawh)12.jpg|https://ei.phncdn.com/videos/201809/28/185138591/original/(m=eaf8GgaaaWavb)(mh=1BKpQcTW5xEVgawh)1.jpg;https://ei.phncdn.com/videos/201809/28/185138591/original/(m=eaf8GgaaaWavb)(mh=1BKpQcTW5xEVgawh)2.jpg;https://ei.phncdn.com/videos/201809/28/185138591/original/(m=eaf8GgaaaWavb)(mh=1BKpQcTW5xEVgawh)3.jpg;https://ei.phncdn.com/videos/201809/28/185138591/original/(m=eaf8GgaaaWavb)(mh=1BKpQcTW5xEVgawh)4.jpg;https://ei.phncdn.com/videos/201809/28/185138591/original/(m=eaf8GgaaaWavb)(mh=1BKpQcTW5xEVgawh)5.jpg;https://ei.phncdn.com/videos/201809/28/185138591/original/(m=eaf8GgaaaWavb)(mh=1BKpQcTW5xEVgawh)6.jpg;https://ei.phncdn.com/videos/201809/28/185138591/original/(m=eaf8GgaaaWavb)(mh=1BKpQcTW5xEVgawh)7.jpg;https://ei.phncdn.com/videos/201809/28/185138591/original/(m=eaf8GgaaaWavb)(mh=1BKpQcTW5xEVgawh)8.jpg;https://ei.phncdn.com/videos/201809/28/185138591/original/(m=eaf8GgaaaWavb)(mh=1BKpQcTW5xEVgawh)9.jpg;https://ei.phncdn.com/videos/201809/28/185138591/original/(m=eaf8GgaaaWavb)(mh=1BKpQcTW5xEVgawh)10.jpg;https://ei.phncdn.com/videos/201809/28/185138591/original/(m=eaf8GgaaaWavb)(mh=1BKpQcTW5xEVgawh)11.jpg;https://ei.phncdn.com/videos/201809/28/185138591/original/(m=eaf8GgaaaWavb)(mh=1BKpQcTW5xEVgawh)12.jpg;https://ei.phncdn.com/videos/201809/28/185138591/original/(m=eaf8GgaaaWavb)(mh=1BKpQcTW5xEVgawh)13.jpg;https://ei.phncdn.com/videos/201809/28/185138591/original/(m=eaf8GgaaaWavb)(mh=1BKpQcTW5xEVgawh)14.jpg;https://ei.phncdn.com/videos/201809/28/185138591/original/(m=eaf8GgaaaWavb)(mh=1BKpQcTW5xEVgawh)15.jpg;https://ei.phncdn.com/videos/201809/28/185138591/original/(m=eaf8GgaaaWavb)(mh=1BKpQcTW5xEVgawh)16.jpg|VirtualRealPorn.com - Kinky super powers|virtual;reality;3d;5k;60fps;vr;virtual-reality;pornstar;anal;brunette;full;full-sex;virtualrealporn|Virtual Reality;60FPS||384|533|3|2|https://ei.phncdn.com/videos/201809/28/185138591/original/(m=eaAaGwObaaamqv)(mh=zOsi_a41RA04-nBW)12.jpg|https://ei.phncdn.com/videos/201809/28/185138591/original/(m=eaAaGwObaaamqv)(mh=zOsi_a41RA04-nBW)1.jpg;https://ei.phncdn.com/videos/201809/28/185138591/original/(m=eaAaGwObaaamqv)(mh=zOsi_a41RA04-nBW)2.jpg;https://ei.phncdn.com/videos/201809/28/185138591/original/(m=eaAaGwObaaamqv)(mh=zOsi_a41RA04-nBW)3.jpg;https://ei.phncdn.com/videos/201809/28/185138591/original/(m=eaAaGwObaaamqv)(mh=zOsi_a41RA04-nBW)4.jpg;https://ei.phncdn.com/videos/201809/28/185138591/original/(m=eaAaGwObaaamqv)(mh=zOsi_a41RA04-nBW)5.jpg;https://ei.phncdn.com/videos/201809/28/185138591/original/(m=eaAaGwObaaamqv)(mh=zOsi_a41RA04-nBW)6.jpg;https://ei.phncdn.com/videos/201809/28/185138591/original/(m=eaAaGwObaaamqv)(mh=zOsi_a41RA04-nBW)7.jpg;https://ei.phncdn.com/videos/201809/28/185138591/original/(m=eaAaGwObaaamqv)(mh=zOsi_a41RA04-nBW)8.jpg;https://ei.phncdn.com/videos/201809/28/185138591/original/(m=eaAaGwObaaamqv)(mh=zOsi_a41RA04-nBW)9.jpg;https://ei.phncdn.com/videos/201809/28/185138591/original/(m=eaAaGwObaaamqv)(mh=zOsi_a41RA04-nBW)10.jpg;https://ei.phncdn.com/videos/201809/28/185138591/original/(m=eaAaGwObaaamqv)(mh=zOsi_a41RA04-nBW)11.jpg;https://ei.phncdn.com/videos/201809/28/185138591/original/(m=eaAaGwObaaamqv)(mh=zOsi_a41RA04-nBW)12.jpg;https://ei.phncdn.com/videos/201809/28/185138591/original/(m=eaAaGwObaaamqv)(mh=zOsi_a41RA04-nBW)13.jpg;https://ei.phncdn.com/videos/201809/28/185138591/original/(m=eaAaGwObaaamqv)(mh=zOsi_a41RA04-nBW)14.jpg;https://ei.phncdn.com/videos/201809/28/185138591/original/(m=eaAaGwObaaamqv)(mh=zOsi_a41RA04-nBW)15.jpg;https://ei.phncdn.com/videos/201809/28/185138591/original/(m=eaAaGwObaaamqv)(mh=zOsi_a41RA04-nBW)16.jpg
<iframe src="https://www.pornhub.com/embed/ph5be25be81c29c" frameborder="0" height="481" width="608" scrolling="no"></iframe>|https://ei.phncdn.com/videos/201811/07/190926911/original/(m=q8IZY-Tbeaf8GgaaaWavb)(mh=MZU0GpY3LSAjdLwT)0.jpg|https://ei.phncdn.com/videos/201811/07/190926911/original/(m=eaf8GgaaaWavb)(mh=Ox1KRtGI4xz9E1Jt)1.jpg;https://ei.phncdn.com/videos/201811/07/190926911/original/(m=eaf8GgaaaWavb)(mh=Ox1KRtGI4xz9E1Jt)2.jpg;https://ei.phncdn.com/videos/201811/07/190926911/original/(m=eaf8GgaaaWavb)(mh=Ox1KRtGI4xz9E1Jt)3.jpg;https://ei.phncdn.com/videos/201811/07/190926911/original/(m=eaf8GgaaaWavb)(mh=Ox1KRtGI4xz9E1Jt)4.jpg;https://ei.phncdn.com/videos/201811/07/190926911/original/(m=eaf8GgaaaWavb)(mh=Ox1KRtGI4xz9E1Jt)5.jpg;https://ei.phncdn.com/videos/201811/07/190926911/original/(m=eaf8GgaaaWavb)(mh=Ox1KRtGI4xz9E1Jt)6.jpg;https://ei.phncdn.com/videos/201811/07/190926911/original/(m=eaf8GgaaaWavb)(mh=Ox1KRtGI4xz9E1Jt)7.jpg;https://ei.phncdn.com/videos/201811/07/190926911/original/(m=eaf8GgaaaWavb)(mh=Ox1KRtGI4xz9E1Jt)8.jpg;https://ei.phncdn.com/videos/201811/07/190926911/original/(m=eaf8GgaaaWavb)(mh=Ox1KRtGI4xz9E1Jt)9.jpg;https://ei.phncdn.com/videos/201811/07/190926911/original/(m=eaf8GgaaaWavb)(mh=Ox1KRtGI4xz9E1Jt)10.jpg;https://ei.phncdn.com/videos/201811/07/190926911/original/(m=eaf8GgaaaWavb)(mh=Ox1KRtGI4xz9E1Jt)11.jpg;https://ei.phncdn.com/videos/201811/07/190926911/original/(m=eaf8GgaaaWavb)(mh=Ox1KRtGI4xz9E1Jt)12.jpg;https://ei.phncdn.com/videos/201811/07/190926911/original/(m=eaf8GgaaaWavb)(mh=Ox1KRtGI4xz9E1Jt)13.jpg;https://ei.phncdn.com/videos/201811/07/190926911/original/(m=eaf8GgaaaWavb)(mh=Ox1KRtGI4xz9E1Jt)14.jpg;https://ei.phncdn.com/videos/201811/07/190926911/original/(m=eaf8GgaaaWavb)(mh=Ox1KRtGI4xz9E1Jt)15.jpg;https://ei.phncdn.com/videos/201811/07/190926911/original/(m=eaf8GgaaaWavb)(mh=Ox1KRtGI4xz9E1Jt)16.jpg|Czech teen is caught peeing her pants - VR Porn|virtualpee;kink;orgasm;squirting;masturbate;adult-toys;redhead;virtual;reality;vr-porn;virtual-reality-porn;free-vr-porn;reality-porn;virtual-porn;vr-xxx;vr-fetish|Virtual Reality;Solo Female||86|848|1|2|https://ei.phncdn.com/videos/201811/07/190926911/original/(m=q8IZY-TbeaAaGwObaaamqv)(mh=eZ1Q06-yLl9pYPtz)0.jpg|https://ei.phncdn.com/videos/201811/07/190926911/original/(m=eaAaGwObaaamqv)(mh=DpAXtLuQdCpRcY_e)1.jpg;https://ei.phncdn.com/videos/201811/07/190926911/original/(m=eaAaGwObaaamqv)(mh=DpAXtLuQdCpRcY_e)2.jpg;https://ei.phncdn.com/videos/201811/07/190926911/original/(m=eaAaGwObaaamqv)(mh=DpAXtLuQdCpRcY_e)3.jpg;https://ei.phncdn.com/videos/201811/07/190926911/original/(m=eaAaGwObaaamqv)(mh=DpAXtLuQdCpRcY_e)4.jpg;https://ei.phncdn.com/videos/201811/07/190926911/original/(m=eaAaGwObaaamqv)(mh=DpAXtLuQdCpRcY_e)5.jpg;https://ei.phncdn.com/videos/201811/07/190926911/original/(m=eaAaGwObaaamqv)(mh=DpAXtLuQdCpRcY_e)6.jpg;https://ei.phncdn.com/videos/201811/07/190926911/original/(m=eaAaGwObaaamqv)(mh=DpAXtLuQdCpRcY_e)7.jpg;https://ei.phncdn.com/videos/201811/07/190926911/original/(m=eaAaGwObaaamqv)(mh=DpAXtLuQdCpRcY_e)8.jpg;https://ei.phncdn.com/videos/201811/07/190926911/original/(m=eaAaGwObaaamqv)(mh=DpAXtLuQdCpRcY_e)9.jpg;https://ei.phncdn.com/videos/201811/07/190926911/original/(m=eaAaGwObaaamqv)(mh=DpAXtLuQdCpRcY_e)10.jpg;https://ei.phncdn.com/videos/201811/07/190926911/original/(m=eaAaGwObaaamqv)(mh=DpAXtLuQdCpRcY_e)11.jpg;https://ei.phncdn.com/videos/201811/07/190926911/original/(m=eaAaGwObaaamqv)(mh=DpAXtLuQdCpRcY_e)12.jpg;https://ei.phncdn.com/videos/201811/07/190926911/original/(m=eaAaGwObaaamqv)(mh=DpAXtLuQdCpRcY_e)13.jpg;https://ei.phncdn.com/videos/201811/07/190926911/original/(m=eaAaGwObaaamqv)(mh=DpAXtLuQdCpRcY_e)14.jpg;https://ei.phncdn.com/videos/201811/07/190926911/original/(m=eaAaGwObaaamqv)(mh=DpAXtLuQdCpRcY_e)15.jpg;https://ei.phncdn.com/videos/201811/07/190926911/original/(m=eaAaGwObaaamqv)(mh=DpAXtLuQdCpRcY_e)16.jpg
<iframe src="https://www.pornhub.com/embed/ph5bea6b4649deb" frameborder="0" height="481" width="608" scrolling="no"></iframe>|https://ei.phncdn.com/videos/201811/13/191852551/original/(m=eaf8GgaaaWavb)(mh=9xQz1xlCprobiuxI)12.jpg|https://ei.phncdn.com/videos/201811/13/191852551/original/(m=eaf8GgaaaWavb)(mh=9xQz1xlCprobiuxI)1.jpg;https://ei.phncdn.com/videos/201811/13/191852551/original/(m=eaf8GgaaaWavb)(mh=9xQz1xlCprobiuxI)2.jpg;https://ei.phncdn.com/videos/201811/13/191852551/original/(m=eaf8GgaaaWavb)(mh=9xQz1xlCprobiuxI)3.jpg;https://ei.phncdn.com/videos/201811/13/191852551/original/(m=eaf8GgaaaWavb)(mh=9xQz1xlCprobiuxI)4.jpg;https://ei.phncdn.com/videos/201811/13/191852551/original/(m=eaf8GgaaaWavb)(mh=9xQz1xlCprobiuxI)5.jpg;https://ei.phncdn.com/videos/201811/13/191852551/original/(m=eaf8GgaaaWavb)(mh=9xQz1xlCprobiuxI)6.jpg;https://ei.phncdn.com/videos/201811/13/191852551/original/(m=eaf8GgaaaWavb)(mh=9xQz1xlCprobiuxI)7.jpg;https://ei.phncdn.com/videos/201811/13/191852551/original/(m=eaf8GgaaaWavb)(mh=9xQz1xlCprobiuxI)8.jpg;https://ei.phncdn.com/videos/201811/13/191852551/original/(m=eaf8GgaaaWavb)(mh=9xQz1xlCprobiuxI)9.jpg;https://ei.phncdn.com/videos/201811/13/191852551/original/(m=eaf8GgaaaWavb)(mh=9xQz1xlCprobiuxI)10.jpg;https://ei.phncdn.com/videos/201811/13/191852551/original/(m=eaf8GgaaaWavb)(mh=9xQz1xlCprobiuxI)11.jpg;https://ei.phncdn.com/videos/201811/13/191852551/original/(m=eaf8GgaaaWavb)(mh=9xQz1xlCprobiuxI)12.jpg;https://ei.phncdn.com/videos/201811/13/191852551/original/(m=eaf8GgaaaWavb)(mh=9xQz1xlCprobiuxI)13.jpg;https://ei.phncdn.com/videos/201811/13/191852551/original/(m=eaf8GgaaaWavb)(mh=9xQz1xlCprobiuxI)14.jpg;https://ei.phncdn.com/videos/201811/13/191852551/original/(m=eaf8GgaaaWavb)(mh=9xQz1xlCprobiuxI)15.jpg;https://ei.phncdn.com/videos/201811/13/191852551/original/(m=eaf8GgaaaWavb)(mh=9xQz1xlCprobiuxI)16.jpg|Jesica Bell licks her pee soaked hands after masturbating|virtualpee;virtual;reality;kink;orgasm;squirting;masturbate;adult-toys;petite;vr-porn;virtual-reality-porn;free-vr-porn;reality-porn;virtual-porn;vr-xxx;vr-fetish|Virtual Reality;Solo Female||84|409|||https://ei.phncdn.com/videos/201811/13/191852551/original/(m=eaAaGwObaaamqv)(mh=X62dtxkgZrmLRfR1)12.jpg|https://ei.phncdn.com/videos/201811/13/191852551/original/(m=eaAaGwObaaamqv)(mh=X62dtxkgZrmLRfR1)1.jpg;https://ei.phncdn.com/videos/201811/13/191852551/original/(m=eaAaGwObaaamqv)(mh=X62dtxkgZrmLRfR1)2.jpg;https://ei.phncdn.com/videos/201811/13/191852551/original/(m=eaAaGwObaaamqv)(mh=X62dtxkgZrmLRfR1)3.jpg;https://ei.phncdn.com/videos/201811/13/191852551/original/(m=eaAaGwObaaamqv)(mh=X62dtxkgZrmLRfR1)4.jpg;https://ei.phncdn.com/videos/201811/13/191852551/original/(m=eaAaGwObaaamqv)(mh=X62dtxkgZrmLRfR1)5.jpg;https://ei.phncdn.com/videos/201811/13/191852551/original/(m=eaAaGwObaaamqv)(mh=X62dtxkgZrmLRfR1)6.jpg;https://ei.phncdn.com/videos/201811/13/191852551/original/(m=eaAaGwObaaamqv)(mh=X62dtxkgZrmLRfR1)7.jpg;https://ei.phncdn.com/videos/201811/13/191852551/original/(m=eaAaGwObaaamqv)(mh=X62dtxkgZrmLRfR1)8.jpg;https://ei.phncdn.com/videos/201811/13/191852551/original/(m=eaAaGwObaaamqv)(mh=X62dtxkgZrmLRfR1)9.jpg;https://ei.phncdn.com/videos/201811/13/191852551/original/(m=eaAaGwObaaamqv)(mh=X62dtxkgZrmLRfR1)10.jpg;https://ei.phncdn.com/videos/201811/13/191852551/original/(m=eaAaGwObaaamqv)(mh=X62dtxkgZrmLRfR1)11.jpg;https://ei.phncdn.com/videos/201811/13/191852551/original/(m=eaAaGwObaaamqv)(mh=X62dtxkgZrmLRfR1)12.jpg;https://ei.phncdn.com/videos/201811/13/191852551/original/(m=eaAaGwObaaamqv)(mh=X62dtxkgZrmLRfR1)13.jpg;https://ei.phncdn.com/videos/201811/13/191852551/original/(m=eaAaGwObaaamqv)(mh=X62dtxkgZrmLRfR1)14.jpg;https://ei.phncdn.com/videos/201811/13/191852551/original/(m=eaAaGwObaaamqv)(mh=X62dtxkgZrmLRfR1)15.jpg;https://ei.phncdn.com/videos/201811/13/191852551/original/(m=eaAaGwObaaamqv)(mh=X62dtxkgZrmLRfR1)16.jpg
<iframe src="https://www.pornhub.com/embed/ph5c47a14737711" frameborder="0" height="481" width="608" scrolling="no"></iframe>|https://ei.phncdn.com/videos/201901/22/203267031/original/(m=q76YZLUbeaf8GgaaaWavb)(mh=InGyj_apm6YFOiqU)0.jpg|https://ei.phncdn.com/videos/201901/22/203267031/original/(m=eaf8GgaaaWavb)(mh=lmA6zB8WK7yGtPAv)1.jpg;https://ei.phncdn.com/videos/201901/22/203267031/original/(m=eaf8GgaaaWavb)(mh=lmA6zB8WK7yGtPAv)2.jpg;https://ei.phncdn.com/videos/201901/22/203267031/original/(m=eaf8GgaaaWavb)(mh=lmA6zB8WK7yGtPAv)3.jpg;https://ei.phncdn.com/videos/201901/22/203267031/original/(m=eaf8GgaaaWavb)(mh=lmA6zB8WK7yGtPAv)4.jpg;https://ei.phncdn.com/videos/201901/22/203267031/original/(m=eaf8GgaaaWavb)(mh=lmA6zB8WK7yGtPAv)5.jpg;https://ei.phncdn.com/videos/201901/22/203267031/original/(m=eaf8GgaaaWavb)(mh=lmA6zB8WK7yGtPAv)6.jpg;https://ei.phncdn.com/videos/201901/22/203267031/original/(m=eaf8GgaaaWavb)(mh=lmA6zB8WK7yGtPAv)7.jpg;https://ei.phncdn.com/videos/201901/22/203267031/original/(m=eaf8GgaaaWavb)(mh=lmA6zB8WK7yGtPAv)8.jpg;https://ei.phncdn.com/videos/201901/22/203267031/original/(m=eaf8GgaaaWavb)(mh=lmA6zB8WK7yGtPAv)9.jpg;https://ei.phncdn.com/videos/201901/22/203267031/original/(m=eaf8GgaaaWavb)(mh=lmA6zB8WK7yGtPAv)10.jpg;https://ei.phncdn.com/videos/201901/22/203267031/original/(m=eaf8GgaaaWavb)(mh=lmA6zB8WK7yGtPAv)11.jpg;https://ei.phncdn.com/videos/201901/22/203267031/original/(m=eaf8GgaaaWavb)(mh=lmA6zB8WK7yGtPAv)12.jpg;https://ei.phncdn.com/videos/201901/22/203267031/original/(m=eaf8GgaaaWavb)(mh=lmA6zB8WK7yGtPAv)13.jpg;https://ei.phncdn.com/videos/201901/22/203267031/original/(m=eaf8GgaaaWavb)(mh=lmA6zB8WK7yGtPAv)14.jpg;https://ei.phncdn.com/videos/201901/22/203267031/original/(m=eaf8GgaaaWavb)(mh=lmA6zB8WK7yGtPAv)15.jpg;https://ei.phncdn.com/videos/201901/22/203267031/original/(m=eaf8GgaaaWavb)(mh=lmA6zB8WK7yGtPAv)16.jpg|VR Pissing - Immerse Yourself|virtual-reality;virtual-reality-porn;vr-porn;masturbation;fingering;pee-play;licking-up-piss;vr-pissing;piss;czech;teen;blonde;fetish;vr;pussy-pump;solo-girl|Virtual Reality;Solo Female||80|2263|1|7|https://ei.phncdn.com/videos/201901/22/203267031/original/(m=q76YZLUbeaAaGwObaaamqv)(mh=uGcS7DMKnlTSgM3L)0.jpg|https://ei.phncdn.com/videos/201901/22/203267031/original/(m=eaAaGwObaaamqv)(mh=Su619sINv-kPzDpY)1.jpg;https://ei.phncdn.com/videos/201901/22/203267031/original/(m=eaAaGwObaaamqv)(mh=Su619sINv-kPzDpY)2.jpg;https://ei.phncdn.com/videos/201901/22/203267031/original/(m=eaAaGwObaaamqv)(mh=Su619sINv-kPzDpY)3.jpg;https://ei.phncdn.com/videos/201901/22/203267031/original/(m=eaAaGwObaaamqv)(mh=Su619sINv-kPzDpY)4.jpg;https://ei.phncdn.com/videos/201901/22/203267031/original/(m=eaAaGwObaaamqv)(mh=Su619sINv-kPzDpY)5.jpg;https://ei.phncdn.com/videos/201901/22/203267031/original/(m=eaAaGwObaaamqv)(mh=Su619sINv-kPzDpY)6.jpg;https://ei.phncdn.com/videos/201901/22/203267031/original/(m=eaAaGwObaaamqv)(mh=Su619sINv-kPzDpY)7.jpg;https://ei.phncdn.com/videos/201901/22/203267031/original/(m=eaAaGwObaaamqv)(mh=Su619sINv-kPzDpY)8.jpg;https://ei.phncdn.com/videos/201901/22/203267031/original/(m=eaAaGwObaaamqv)(mh=Su619sINv-kPzDpY)9.jpg;https://ei.phncdn.com/videos/201901/22/203267031/original/(m=eaAaGwObaaamqv)(mh=Su619sINv-kPzDpY)10.jpg;https://ei.phncdn.com/videos/201901/22/203267031/original/(m=eaAaGwObaaamqv)(mh=Su619sINv-kPzDpY)11.jpg;https://ei.phncdn.com/videos/201901/22/203267031/original/(m=eaAaGwObaaamqv)(mh=Su619sINv-kPzDpY)12.jpg;https://ei.phncdn.com/videos/201901/22/203267031/original/(m=eaAaGwObaaamqv)(mh=Su619sINv-kPzDpY)13.jpg;https://ei.phncdn.com/videos/201901/22/203267031/original/(m=eaAaGwObaaamqv)(mh=Su619sINv-kPzDpY)14.jpg;https://ei.phncdn.com/videos/201901/22/203267031/original/(m=eaAaGwObaaamqv)(mh=Su619sINv-kPzDpY)15.jpg;https://ei.phncdn.com/videos/201901/22/203267031/original/(m=eaAaGwObaaamqv)(mh=Su619sINv-kPzDpY)16.jpg
<iframe src="https://www.pornhub.com/embed/ph5cb56892a2480" frameborder="0" height="481" width="608" scrolling="no"></iframe>|https://ei.phncdn.com/videos/201904/16/218549561/original/(m=eaf8GgaaaWavb)(mh=QhqhXFAknIFbqHfq)4.jpg|https://ei.phncdn.com/videos/201904/16/218549561/original/(m=eaf8GgaaaWavb)(mh=QhqhXFAknIFbqHfq)1.jpg;https://ei.phncdn.com/videos/201904/16/218549561/original/(m=eaf8GgaaaWavb)(mh=QhqhXFAknIFbqHfq)2.jpg;https://ei.phncdn.com/videos/201904/16/218549561/original/(m=eaf8GgaaaWavb)(mh=QhqhXFAknIFbqHfq)3.jpg;https://ei.phncdn.com/videos/201904/16/218549561/original/(m=eaf8GgaaaWavb)(mh=QhqhXFAknIFbqHfq)4.jpg;https://ei.phncdn.com/videos/201904/16/218549561/original/(m=eaf8GgaaaWavb)(mh=QhqhXFAknIFbqHfq)5.jpg;https://ei.phncdn.com/videos/201904/16/218549561/original/(m=eaf8GgaaaWavb)(mh=QhqhXFAknIFbqHfq)6.jpg;https://ei.phncdn.com/videos/201904/16/218549561/original/(m=eaf8GgaaaWavb)(mh=QhqhXFAknIFbqHfq)7.jpg;https://ei.phncdn.com/videos/201904/16/218549561/original/(m=eaf8GgaaaWavb)(mh=QhqhXFAknIFbqHfq)8.jpg;https://ei.phncdn.com/videos/201904/16/218549561/original/(m=eaf8GgaaaWavb)(mh=QhqhXFAknIFbqHfq)9.jpg;https://ei.phncdn.com/videos/201904/16/218549561/original/(m=eaf8GgaaaWavb)(mh=QhqhXFAknIFbqHfq)10.jpg;https://ei.phncdn.com/videos/201904/16/218549561/original/(m=eaf8GgaaaWavb)(mh=QhqhXFAknIFbqHfq)11.jpg;https://ei.phncdn.com/videos/201904/16/218549561/original/(m=eaf8GgaaaWavb)(mh=QhqhXFAknIFbqHfq)12.jpg;https://ei.phncdn.com/videos/201904/16/218549561/original/(m=eaf8GgaaaWavb)(mh=QhqhXFAknIFbqHfq)13.jpg;https://ei.phncdn.com/videos/201904/16/218549561/original/(m=eaf8GgaaaWavb)(mh=QhqhXFAknIFbqHfq)14.jpg;https://ei.phncdn.com/videos/201904/16/218549561/original/(m=eaf8GgaaaWavb)(mh=QhqhXFAknIFbqHfq)15.jpg;https://ei.phncdn.com/videos/201904/16/218549561/original/(m=eaf8GgaaaWavb)(mh=QhqhXFAknIFbqHfq)16.jpg|Rei Furuse in super steamy Asian POV scenes - - More at Slurpjp.com|ferame;virtual;reality;asian;japanese;amateur;cum-eating;blowjob;pov|Virtual Reality;Japanese;360°;3D||736|19189|15|9|https://ei.phncdn.com/videos/201904/16/218549561/original/(m=eaAaGwObaaamqv)(mh=LeE5xmR_mOef-waq)4.jpg|https://ei.phncdn.com/videos/201904/16/218549561/original/(m=eaAaGwObaaamqv)(mh=LeE5xmR_mOef-waq)1.jpg;https://ei.phncdn.com/videos/201904/16/218549561/original/(m=eaAaGwObaaamqv)(mh=LeE5xmR_mOef-waq)2.jpg;https://ei.phncdn.com/videos/201904/16/218549561/original/(m=eaAaGwObaaamqv)(mh=LeE5xmR_mOef-waq)3.jpg;https://ei.phncdn.com/videos/201904/16/218549561/original/(m=eaAaGwObaaamqv)(mh=LeE5xmR_mOef-waq)4.jpg;https://ei.phncdn.com/videos/201904/16/218549561/original/(m=eaAaGwObaaamqv)(mh=LeE5xmR_mOef-waq)5.jpg;https://ei.phncdn.com/videos/201904/16/218549561/original/(m=eaAaGwObaaamqv)(mh=LeE5xmR_mOef-waq)6.jpg;https://ei.phncdn.com/videos/201904/16/218549561/original/(m=eaAaGwObaaamqv)(mh=LeE5xmR_mOef-waq)7.jpg;https://ei.phncdn.com/videos/201904/16/218549561/original/(m=eaAaGwObaaamqv)(mh=LeE5xmR_mOef-waq)8.jpg;https://ei.phncdn.com/videos/201904/16/218549561/original/(m=eaAaGwObaaamqv)(mh=LeE5xmR_mOef-waq)9.jpg;https://ei.phncdn.com/videos/201904/16/218549561/original/(m=eaAaGwObaaamqv)(mh=LeE5xmR_mOef-waq)10.jpg;https://ei.phncdn.com/videos/201904/16/218549561/original/(m=eaAaGwObaaamqv)(mh=LeE5xmR_mOef-waq)11.jpg;https://ei.phncdn.com/videos/201904/16/218549561/original/(m=eaAaGwObaaamqv)(mh=LeE5xmR_mOef-waq)12.jpg;https://ei.phncdn.com/videos/201904/16/218549561/original/(m=eaAaGwObaaamqv)(mh=LeE5xmR_mOef-waq)13.jpg;https://ei.phncdn.com/videos/201904/16/218549561/original/(m=eaAaGwObaaamqv)(mh=LeE5xmR_mOef-waq)14.jpg;https://ei.phncdn.com/videos/201904/16/218549561/original/(m=eaAaGwObaaamqv)(mh=LeE5xmR_mOef-waq)15.jpg;https://ei.phncdn.com/videos/201904/16/218549561/original/(m=eaAaGwObaaamqv)(mh=LeE5xmR_mOef-waq)16.jpg
<iframe src="https://www.pornhub.com/embed/ph5d08088d69718" frameborder="0" height="481" width="608" scrolling="no"></iframe>|https://ei.phncdn.com/videos/201906/17/230006702/original/(m=eaf8GgaaaWavb)(mh=ltRoYr7YnYFL_EhZ)9.jpg|https://ei.phncdn.com/videos/201906/17/230006702/original/(m=eaf8GgaaaWavb)(mh=ltRoYr7YnYFL_EhZ)1.jpg;https://ei.phncdn.com/videos/201906/17/230006702/original/(m=eaf8GgaaaWavb)(mh=ltRoYr7YnYFL_EhZ)2.jpg;https://ei.phncdn.com/videos/201906/17/230006702/original/(m=eaf8GgaaaWavb)(mh=ltRoYr7YnYFL_EhZ)3.jpg;https://ei.phncdn.com/videos/201906/17/230006702/original/(m=eaf8GgaaaWavb)(mh=ltRoYr7YnYFL_EhZ)4.jpg;https://ei.phncdn.com/videos/201906/17/230006702/original/(m=eaf8GgaaaWavb)(mh=ltRoYr7YnYFL_EhZ)5.jpg;https://ei.phncdn.com/videos/201906/17/230006702/original/(m=eaf8GgaaaWavb)(mh=ltRoYr7YnYFL_EhZ)6.jpg;https://ei.phncdn.com/videos/201906/17/230006702/original/(m=eaf8GgaaaWavb)(mh=ltRoYr7YnYFL_EhZ)7.jpg;https://ei.phncdn.com/videos/201906/17/230006702/original/(m=eaf8GgaaaWavb)(mh=ltRoYr7YnYFL_EhZ)8.jpg;https://ei.phncdn.com/videos/201906/17/230006702/original/(m=eaf8GgaaaWavb)(mh=ltRoYr7YnYFL_EhZ)9.jpg;https://ei.phncdn.com/videos/201906/17/230006702/original/(m=eaf8GgaaaWavb)(mh=ltRoYr7YnYFL_EhZ)10.jpg;https://ei.phncdn.com/videos/201906/17/230006702/original/(m=eaf8GgaaaWavb)(mh=ltRoYr7YnYFL_EhZ)11.jpg;https://ei.phncdn.com/videos/201906/17/230006702/original/(m=eaf8GgaaaWavb)(mh=ltRoYr7YnYFL_EhZ)12.jpg;https://ei.phncdn.com/videos/201906/17/230006702/original/(m=eaf8GgaaaWavb)(mh=ltRoYr7YnYFL_EhZ)13.jpg;https://ei.phncdn.com/videos/201906/17/230006702/original/(m=eaf8GgaaaWavb)(mh=ltRoYr7YnYFL_EhZ)14.jpg;https://ei.phncdn.com/videos/201906/17/230006702/original/(m=eaf8GgaaaWavb)(mh=ltRoYr7YnYFL_EhZ)15.jpg;https://ei.phncdn.com/videos/201906/17/230006702/original/(m=eaf8GgaaaWavb)(mh=ltRoYr7YnYFL_EhZ)16.jpg|Cum with me|cum4k;fun;lesbian-pussy-eating|Virtual Reality;Exclusive;Verified Amateurs;Solo Female||48|153|7|0|https://ei.phncdn.com/videos/201906/17/230006702/original/(m=eaAaGwObaaamqv)(mh=XBREqMQYV6mQXhHl)9.jpg|https://ei.phncdn.com/videos/201906/17/230006702/original/(m=eaAaGwObaaamqv)(mh=XBREqMQYV6mQXhHl)1.jpg;https://ei.phncdn.com/videos/201906/17/230006702/original/(m=eaAaGwObaaamqv)(mh=XBREqMQYV6mQXhHl)2.jpg;https://ei.phncdn.com/videos/201906/17/230006702/original/(m=eaAaGwObaaamqv)(mh=XBREqMQYV6mQXhHl)3.jpg;https://ei.phncdn.com/videos/201906/17/230006702/original/(m=eaAaGwObaaamqv)(mh=XBREqMQYV6mQXhHl)4.jpg;https://ei.phncdn.com/videos/201906/17/230006702/original/(m=eaAaGwObaaamqv)(mh=XBREqMQYV6mQXhHl)5.jpg;https://ei.phncdn.com/videos/201906/17/230006702/original/(m=eaAaGwObaaamqv)(mh=XBREqMQYV6mQXhHl)6.jpg;https://ei.phncdn.com/videos/201906/17/230006702/original/(m=eaAaGwObaaamqv)(mh=XBREqMQYV6mQXhHl)7.jpg;https://ei.phncdn.com/videos/201906/17/230006702/original/(m=eaAaGwObaaamqv)(mh=XBREqMQYV6mQXhHl)8.jpg;https://ei.phncdn.com/videos/201906/17/230006702/original/(m=eaAaGwObaaamqv)(mh=XBREqMQYV6mQXhHl)9.jpg;https://ei.phncdn.com/videos/201906/17/230006702/original/(m=eaAaGwObaaamqv)(mh=XBREqMQYV6mQXhHl)10.jpg;https://ei.phncdn.com/videos/201906/17/230006702/original/(m=eaAaGwObaaamqv)(mh=XBREqMQYV6mQXhHl)11.jpg;https://ei.phncdn.com/videos/201906/17/230006702/original/(m=eaAaGwObaaamqv)(mh=XBREqMQYV6mQXhHl)12.jpg;https://ei.phncdn.com/videos/201906/17/230006702/original/(m=eaAaGwObaaamqv)(mh=XBREqMQYV6mQXhHl)13.jpg;https://ei.phncdn.com/videos/201906/17/230006702/original/(m=eaAaGwObaaamqv)(mh=XBREqMQYV6mQXhHl)14.jpg;https://ei.phncdn.com/videos/201906/17/230006702/original/(m=eaAaGwObaaamqv)(mh=XBREqMQYV6mQXhHl)15.jpg;https://ei.phncdn.com/videos/201906/17/230006702/original/(m=eaAaGwObaaamqv)(mh=XBREqMQYV6mQXhHl)16.jpg
<iframe src="https://www.pornhub.com/embed/ph5d16e4114cbd1" frameborder="0" height="481" width="608" scrolling="no"></iframe>|https://ei.phncdn.com/videos/201906/29/232206672/original/(m=eaf8GgaaaWavb)(mh=gXJ0yy2vqslNwCQI)13.jpg|https://ei.phncdn.com/videos/201906/29/232206672/original/(m=eaf8GgaaaWavb)(mh=gXJ0yy2vqslNwCQI)1.jpg;https://ei.phncdn.com/videos/201906/29/232206672/original/(m=eaf8GgaaaWavb)(mh=gXJ0yy2vqslNwCQI)2.jpg;https://ei.phncdn.com/videos/201906/29/232206672/original/(m=eaf8GgaaaWavb)(mh=gXJ0yy2vqslNwCQI)3.jpg;https://ei.phncdn.com/videos/201906/29/232206672/original/(m=eaf8GgaaaWavb)(mh=gXJ0yy2vqslNwCQI)4.jpg;https://ei.phncdn.com/videos/201906/29/232206672/original/(m=eaf8GgaaaWavb)(mh=gXJ0yy2vqslNwCQI)5.jpg;https://ei.phncdn.com/videos/201906/29/232206672/original/(m=eaf8GgaaaWavb)(mh=gXJ0yy2vqslNwCQI)6.jpg;https://ei.phncdn.com/videos/201906/29/232206672/original/(m=eaf8GgaaaWavb)(mh=gXJ0yy2vqslNwCQI)7.jpg;https://ei.phncdn.com/videos/201906/29/232206672/original/(m=eaf8GgaaaWavb)(mh=gXJ0yy2vqslNwCQI)8.jpg;https://ei.phncdn.com/videos/201906/29/232206672/original/(m=eaf8GgaaaWavb)(mh=gXJ0yy2vqslNwCQI)9.jpg;https://ei.phncdn.com/videos/201906/29/232206672/original/(m=eaf8GgaaaWavb)(mh=gXJ0yy2vqslNwCQI)10.jpg;https://ei.phncdn.com/videos/201906/29/232206672/original/(m=eaf8GgaaaWavb)(mh=gXJ0yy2vqslNwCQI)11.jpg;https://ei.phncdn.com/videos/201906/29/232206672/original/(m=eaf8GgaaaWavb)(mh=gXJ0yy2vqslNwCQI)12.jpg;https://ei.phncdn.com/videos/201906/29/232206672/original/(m=eaf8GgaaaWavb)(mh=gXJ0yy2vqslNwCQI)13.jpg;https://ei.phncdn.com/videos/201906/29/232206672/original/(m=eaf8GgaaaWavb)(mh=gXJ0yy2vqslNwCQI)14.jpg;https://ei.phncdn.com/videos/201906/29/232206672/original/(m=eaf8GgaaaWavb)(mh=gXJ0yy2vqslNwCQI)15.jpg;https://ei.phncdn.com/videos/201906/29/232206672/original/(m=eaf8GgaaaWavb)(mh=gXJ0yy2vqslNwCQI)16.jpg|Marin Growth VR Test!|virtual;reality;giantess-growth;giantess|Virtual Reality;60FPS;Verified Amateurs;SFW;180°;3D||14|9000|28|11|https://ei.phncdn.com/videos/201906/29/232206672/original/(m=eaAaGwObaaamqv)(mh=_IiPIBAhmM8BlIFM)13.jpg|https://ei.phncdn.com/videos/201906/29/232206672/original/(m=eaAaGwObaaamqv)(mh=_IiPIBAhmM8BlIFM)1.jpg;https://ei.phncdn.com/videos/201906/29/232206672/original/(m=eaAaGwObaaamqv)(mh=_IiPIBAhmM8BlIFM)2.jpg;https://ei.phncdn.com/videos/201906/29/232206672/original/(m=eaAaGwObaaamqv)(mh=_IiPIBAhmM8BlIFM)3.jpg;https://ei.phncdn.com/videos/201906/29/232206672/original/(m=eaAaGwObaaamqv)(mh=_IiPIBAhmM8BlIFM)4.jpg;https://ei.phncdn.com/videos/201906/29/232206672/original/(m=eaAaGwObaaamqv)(mh=_IiPIBAhmM8BlIFM)5.jpg;https://ei.phncdn.com/videos/201906/29/232206672/original/(m=eaAaGwObaaamqv)(mh=_IiPIBAhmM8BlIFM)6.jpg;https://ei.phncdn.com/videos/201906/29/232206672/original/(m=eaAaGwObaaamqv)(mh=_IiPIBAhmM8BlIFM)7.jpg;https://ei.phncdn.com/videos/201906/29/232206672/original/(m=eaAaGwObaaamqv)(mh=_IiPIBAhmM8BlIFM)8.jpg;https://ei.phncdn.com/videos/201906/29/232206672/original/(m=eaAaGwObaaamqv)(mh=_IiPIBAhmM8BlIFM)9.jpg;https://ei.phncdn.com/videos/201906/29/232206672/original/(m=eaAaGwObaaamqv)(mh=_IiPIBAhmM8BlIFM)10.jpg;https://ei.phncdn.com/videos/201906/29/232206672/original/(m=eaAaGwObaaamqv)(mh=_IiPIBAhmM8BlIFM)11.jpg;https://ei.phncdn.com/videos/201906/29/232206672/original/(m=eaAaGwObaaamqv)(mh=_IiPIBAhmM8BlIFM)12.jpg;https://ei.phncdn.com/videos/201906/29/232206672/original/(m=eaAaGwObaaamqv)(mh=_IiPIBAhmM8BlIFM)13.jpg;https://ei.phncdn.com/videos/201906/29/232206672/original/(m=eaAaGwObaaamqv)(mh=_IiPIBAhmM8BlIFM)14.jpg;https://ei.phncdn.com/videos/201906/29/232206672/original/(m=eaAaGwObaaamqv)(mh=_IiPIBAhmM8BlIFM)15.jpg;https://ei.phncdn.com/videos/201906/29/232206672/original/(m=eaAaGwObaaamqv)(mh=_IiPIBAhmM8BlIFM)16.jpg
<iframe src="https://www.pornhub.com/embed/ph5d49e6878a68b" frameborder="0" height="481" width="608" scrolling="no"></iframe>|https://ei.phncdn.com/videos/201908/06/240064951/original/(m=eaf8GgaaaWavb)(mh=jKMZTZobSy2jIubh)13.jpg|https://ei.phncdn.com/videos/201908/06/240064951/original/(m=eaf8GgaaaWavb)(mh=jKMZTZobSy2jIubh)1.jpg;https://ei.phncdn.com/videos/201908/06/240064951/original/(m=eaf8GgaaaWavb)(mh=jKMZTZobSy2jIubh)2.jpg;https://ei.phncdn.com/videos/201908/06/240064951/original/(m=eaf8GgaaaWavb)(mh=jKMZTZobSy2jIubh)3.jpg;https://ei.phncdn.com/videos/201908/06/240064951/original/(m=eaf8GgaaaWavb)(mh=jKMZTZobSy2jIubh)4.jpg;https://ei.phncdn.com/videos/201908/06/240064951/original/(m=eaf8GgaaaWavb)(mh=jKMZTZobSy2jIubh)5.jpg;https://ei.phncdn.com/videos/201908/06/240064951/original/(m=eaf8GgaaaWavb)(mh=jKMZTZobSy2jIubh)6.jpg;https://ei.phncdn.com/videos/201908/06/240064951/original/(m=eaf8GgaaaWavb)(mh=jKMZTZobSy2jIubh)7.jpg;https://ei.phncdn.com/videos/201908/06/240064951/original/(m=eaf8GgaaaWavb)(mh=jKMZTZobSy2jIubh)8.jpg;https://ei.phncdn.com/videos/201908/06/240064951/original/(m=eaf8GgaaaWavb)(mh=jKMZTZobSy2jIubh)9.jpg;https://ei.phncdn.com/videos/201908/06/240064951/original/(m=eaf8GgaaaWavb)(mh=jKMZTZobSy2jIubh)10.jpg;https://ei.phncdn.com/videos/201908/06/240064951/original/(m=eaf8GgaaaWavb)(mh=jKMZTZobSy2jIubh)11.jpg;https://ei.phncdn.com/videos/201908/06/240064951/original/(m=eaf8GgaaaWavb)(mh=jKMZTZobSy2jIubh)12.jpg;https://ei.phncdn.com/videos/201908/06/240064951/original/(m=eaf8GgaaaWavb)(mh=jKMZTZobSy2jIubh)13.jpg;https://ei.phncdn.com/videos/201908/06/240064951/original/(m=eaf8GgaaaWavb)(mh=jKMZTZobSy2jIubh)14.jpg;https://ei.phncdn.com/videos/201908/06/240064951/original/(m=eaf8GgaaaWavb)(mh=jKMZTZobSy2jIubh)15.jpg;https://ei.phncdn.com/videos/201908/06/240064951/original/(m=eaf8GgaaaWavb)(mh=jKMZTZobSy2jIubh)16.jpg|Pink Lace Thong Tease|big-ass;big-ass-ebony;lesbian;straight;pussy-play;ebony-pussy-play;big-booty;thong;lace-panties|Virtual Reality;Exclusive;Verified Amateurs;Solo Female;360°;3D||52|34|||https://ei.phncdn.com/videos/201908/06/240064951/original/(m=eaAaGwObaaamqv)(mh=IAXHYCgofZxH5UIa)13.jpg|https://ei.phncdn.com/videos/201908/06/240064951/original/(m=eaAaGwObaaamqv)(mh=IAXHYCgofZxH5UIa)1.jpg;https://ei.phncdn.com/videos/201908/06/240064951/original/(m=eaAaGwObaaamqv)(mh=IAXHYCgofZxH5UIa)2.jpg;https://ei.phncdn.com/videos/201908/06/240064951/original/(m=eaAaGwObaaamqv)(mh=IAXHYCgofZxH5UIa)3.jpg;https://ei.phncdn.com/videos/201908/06/240064951/original/(m=eaAaGwObaaamqv)(mh=IAXHYCgofZxH5UIa)4.jpg;https://ei.phncdn.com/videos/201908/06/240064951/original/(m=eaAaGwObaaamqv)(mh=IAXHYCgofZxH5UIa)5.jpg;https://ei.phncdn.com/videos/201908/06/240064951/original/(m=eaAaGwObaaamqv)(mh=IAXHYCgofZxH5UIa)6.jpg;https://ei.phncdn.com/videos/201908/06/240064951/original/(m=eaAaGwObaaamqv)(mh=IAXHYCgofZxH5UIa)7.jpg;https://ei.phncdn.com/videos/201908/06/240064951/original/(m=eaAaGwObaaamqv)(mh=IAXHYCgofZxH5UIa)8.jpg;https://ei.phncdn.com/videos/201908/06/240064951/original/(m=eaAaGwObaaamqv)(mh=IAXHYCgofZxH5UIa)9.jpg;https://ei.phncdn.com/videos/201908/06/240064951/original/(m=eaAaGwObaaamqv)(mh=IAXHYCgofZxH5UIa)10.jpg;https://ei.phncdn.com/videos/201908/06/240064951/original/(m=eaAaGwObaaamqv)(mh=IAXHYCgofZxH5UIa)11.jpg;https://ei.phncdn.com/videos/201908/06/240064951/original/(m=eaAaGwObaaamqv)(mh=IAXHYCgofZxH5UIa)12.jpg;https://ei.phncdn.com/videos/201908/06/240064951/original/(m=eaAaGwObaaamqv)(mh=IAXHYCgofZxH5UIa)13.jpg;https://ei.phncdn.com/videos/201908/06/240064951/original/(m=eaAaGwObaaamqv)(mh=IAXHYCgofZxH5UIa)14.jpg;https://ei.phncdn.com/videos/201908/06/240064951/original/(m=eaAaGwObaaamqv)(mh=IAXHYCgofZxH5UIa)15.jpg;https://ei.phncdn.com/videos/201908/06/240064951/original/(m=eaAaGwObaaamqv)(mh=IAXHYCgofZxH5UIa)16.jpg
<iframe src="https://www.pornhub.com/embed/ph5d58e38d3eaad" frameborder="0" height="481" width="608" scrolling="no"></iframe>|https://ei.phncdn.com/videos/201908/18/242442401/original/(m=eaf8GgaaaWavb)(mh=8S5JmsCKUUG82b0t)9.jpg|https://ei.phncdn.com/videos/201908/18/242442401/original/(m=eaf8GgaaaWavb)(mh=8S5JmsCKUUG82b0t)1.jpg;https://ei.phncdn.com/videos/201908/18/242442401/original/(m=eaf8GgaaaWavb)(mh=8S5JmsCKUUG82b0t)2.jpg;https://ei.phncdn.com/videos/201908/18/242442401/original/(m=eaf8GgaaaWavb)(mh=8S5JmsCKUUG82b0t)3.jpg;https://ei.phncdn.com/videos/201908/18/242442401/original/(m=eaf8GgaaaWavb)(mh=8S5JmsCKUUG82b0t)4.jpg;https://ei.phncdn.com/videos/201908/18/242442401/original/(m=eaf8GgaaaWavb)(mh=8S5JmsCKUUG82b0t)5.jpg;https://ei.phncdn.com/videos/201908/18/242442401/original/(m=eaf8GgaaaWavb)(mh=8S5JmsCKUUG82b0t)6.jpg;https://ei.phncdn.com/videos/201908/18/242442401/original/(m=eaf8GgaaaWavb)(mh=8S5JmsCKUUG82b0t)7.jpg;https://ei.phncdn.com/videos/201908/18/242442401/original/(m=eaf8GgaaaWavb)(mh=8S5JmsCKUUG82b0t)8.jpg;https://ei.phncdn.com/videos/201908/18/242442401/original/(m=eaf8GgaaaWavb)(mh=8S5JmsCKUUG82b0t)9.jpg;https://ei.phncdn.com/videos/201908/18/242442401/original/(m=eaf8GgaaaWavb)(mh=8S5JmsCKUUG82b0t)10.jpg;https://ei.phncdn.com/videos/201908/18/242442401/original/(m=eaf8GgaaaWavb)(mh=8S5JmsCKUUG82b0t)11.jpg;https://ei.phncdn.com/videos/201908/18/242442401/original/(m=eaf8GgaaaWavb)(mh=8S5JmsCKUUG82b0t)12.jpg;https://ei.phncdn.com/videos/201908/18/242442401/original/(m=eaf8GgaaaWavb)(mh=8S5JmsCKUUG82b0t)13.jpg;https://ei.phncdn.com/videos/201908/18/242442401/original/(m=eaf8GgaaaWavb)(mh=8S5JmsCKUUG82b0t)14.jpg;https://ei.phncdn.com/videos/201908/18/242442401/original/(m=eaf8GgaaaWavb)(mh=8S5JmsCKUUG82b0t)15.jpg;https://ei.phncdn.com/videos/201908/18/242442401/original/(m=eaf8GgaaaWavb)(mh=8S5JmsCKUUG82b0t)16.jpg|Clit rubbing|clitoris;clitoris-stimulation;big-clitoris;camera-inside-vagina|Virtual Reality;Exclusive;Verified Amateurs;Solo Female||50|90|2|1|https://ei.phncdn.com/videos/201908/18/242442401/original/(m=eaAaGwObaaamqv)(mh=FsItQGtCJLfukWy3)9.jpg|https://ei.phncdn.com/videos/201908/18/242442401/original/(m=eaAaGwObaaamqv)(mh=FsItQGtCJLfukWy3)1.jpg;https://ei.phncdn.com/videos/201908/18/242442401/original/(m=eaAaGwObaaamqv)(mh=FsItQGtCJLfukWy3)2.jpg;https://ei.phncdn.com/videos/201908/18/242442401/original/(m=eaAaGwObaaamqv)(mh=FsItQGtCJLfukWy3)3.jpg;https://ei.phncdn.com/videos/201908/18/242442401/original/(m=eaAaGwObaaamqv)(mh=FsItQGtCJLfukWy3)4.jpg;https://ei.phncdn.com/videos/201908/18/242442401/original/(m=eaAaGwObaaamqv)(mh=FsItQGtCJLfukWy3)5.jpg;https://ei.phncdn.com/videos/201908/18/242442401/original/(m=eaAaGwObaaamqv)(mh=FsItQGtCJLfukWy3)6.jpg;https://ei.phncdn.com/videos/201908/18/242442401/original/(m=eaAaGwObaaamqv)(mh=FsItQGtCJLfukWy3)7.jpg;https://ei.phncdn.com/videos/201908/18/242442401/original/(m=eaAaGwObaaamqv)(mh=FsItQGtCJLfukWy3)8.jpg;https://ei.phncdn.com/videos/201908/18/242442401/original/(m=eaAaGwObaaamqv)(mh=FsItQGtCJLfukWy3)9.jpg;https://ei.phncdn.com/videos/201908/18/242442401/original/(m=eaAaGwObaaamqv)(mh=FsItQGtCJLfukWy3)10.jpg;https://ei.phncdn.com/videos/201908/18/242442401/original/(m=eaAaGwObaaamqv)(mh=FsItQGtCJLfukWy3)11.jpg;https://ei.phncdn.com/videos/201908/18/242442401/original/(m=eaAaGwObaaamqv)(mh=FsItQGtCJLfukWy3)12.jpg;https://ei.phncdn.com/videos/201908/18/242442401/original/(m=eaAaGwObaaamqv)(mh=FsItQGtCJLfukWy3)13.jpg;https://ei.phncdn.com/videos/201908/18/242442401/original/(m=eaAaGwObaaamqv)(mh=FsItQGtCJLfukWy3)14.jpg;https://ei.phncdn.com/videos/201908/18/242442401/original/(m=eaAaGwObaaamqv)(mh=FsItQGtCJLfukWy3)15.jpg;https://ei.phncdn.com/videos/201908/18/242442401/original/(m=eaAaGwObaaamqv)(mh=FsItQGtCJLfukWy3)16.jpg
<iframe src="https://www.pornhub.com/embed/5d802b6d6f7bb" frameborder="0" height="481" width="608" scrolling="no"></iframe>|https://ei.phncdn.com/videos/201909/17/248899371/original/(m=eaf8GgaaaWavb)(mh=fHH6_lz-nwZPN6Qb)8.jpg|https://ei.phncdn.com/videos/201909/17/248899371/original/(m=eaf8GgaaaWavb)(mh=fHH6_lz-nwZPN6Qb)1.jpg;https://ei.phncdn.com/videos/201909/17/248899371/original/(m=eaf8GgaaaWavb)(mh=fHH6_lz-nwZPN6Qb)2.jpg;https://ei.phncdn.com/videos/201909/17/248899371/original/(m=eaf8GgaaaWavb)(mh=fHH6_lz-nwZPN6Qb)3.jpg;https://ei.phncdn.com/videos/201909/17/248899371/original/(m=eaf8GgaaaWavb)(mh=fHH6_lz-nwZPN6Qb)4.jpg;https://ei.phncdn.com/videos/201909/17/248899371/original/(m=eaf8GgaaaWavb)(mh=fHH6_lz-nwZPN6Qb)5.jpg;https://ei.phncdn.com/videos/201909/17/248899371/original/(m=eaf8GgaaaWavb)(mh=fHH6_lz-nwZPN6Qb)6.jpg;https://ei.phncdn.com/videos/201909/17/248899371/original/(m=eaf8GgaaaWavb)(mh=fHH6_lz-nwZPN6Qb)7.jpg;https://ei.phncdn.com/videos/201909/17/248899371/original/(m=eaf8GgaaaWavb)(mh=fHH6_lz-nwZPN6Qb)8.jpg;https://ei.phncdn.com/videos/201909/17/248899371/original/(m=eaf8GgaaaWavb)(mh=fHH6_lz-nwZPN6Qb)9.jpg;https://ei.phncdn.com/videos/201909/17/248899371/original/(m=eaf8GgaaaWavb)(mh=fHH6_lz-nwZPN6Qb)10.jpg;https://ei.phncdn.com/videos/201909/17/248899371/original/(m=eaf8GgaaaWavb)(mh=fHH6_lz-nwZPN6Qb)11.jpg;https://ei.phncdn.com/videos/201909/17/248899371/original/(m=eaf8GgaaaWavb)(mh=fHH6_lz-nwZPN6Qb)12.jpg;https://ei.phncdn.com/videos/201909/17/248899371/original/(m=eaf8GgaaaWavb)(mh=fHH6_lz-nwZPN6Qb)13.jpg;https://ei.phncdn.com/videos/201909/17/248899371/original/(m=eaf8GgaaaWavb)(mh=fHH6_lz-nwZPN6Qb)14.jpg;https://ei.phncdn.com/videos/201909/17/248899371/original/(m=eaf8GgaaaWavb)(mh=fHH6_lz-nwZPN6Qb)15.jpg;https://ei.phncdn.com/videos/201909/17/248899371/original/(m=eaf8GgaaaWavb)(mh=fHH6_lz-nwZPN6Qb)16.jpg|Nice plump tities|squeezing-tits-hard;ebony-young|Virtual Reality;Exclusive;Verified Amateurs;Solo Female;360°;3D||83|2|||https://ei.phncdn.com/videos/201909/17/248899371/original/(m=eaAaGwObaaamqv)(mh=5pHGIr_7nejpij2S)8.jpg|https://ei.phncdn.com/videos/201909/17/248899371/original/(m=eaAaGwObaaamqv)(mh=5pHGIr_7nejpij2S)1.jpg;https://ei.phncdn.com/videos/201909/17/248899371/original/(m=eaAaGwObaaamqv)(mh=5pHGIr_7nejpij2S)2.jpg;https://ei.phncdn.com/videos/201909/17/248899371/original/(m=eaAaGwObaaamqv)(mh=5pHGIr_7nejpij2S)3.jpg;https://ei.phncdn.com/videos/201909/17/248899371/original/(m=eaAaGwObaaamqv)(mh=5pHGIr_7nejpij2S)4.jpg;https://ei.phncdn.com/videos/201909/17/248899371/original/(m=eaAaGwObaaamqv)(mh=5pHGIr_7nejpij2S)5.jpg;https://ei.phncdn.com/videos/201909/17/248899371/original/(m=eaAaGwObaaamqv)(mh=5pHGIr_7nejpij2S)6.jpg;https://ei.phncdn.com/videos/201909/17/248899371/original/(m=eaAaGwObaaamqv)(mh=5pHGIr_7nejpij2S)7.jpg;https://ei.phncdn.com/videos/201909/17/248899371/original/(m=eaAaGwObaaamqv)(mh=5pHGIr_7nejpij2S)8.jpg;https://ei.phncdn.com/videos/201909/17/248899371/original/(m=eaAaGwObaaamqv)(mh=5pHGIr_7nejpij2S)9.jpg;https://ei.phncdn.com/videos/201909/17/248899371/original/(m=eaAaGwObaaamqv)(mh=5pHGIr_7nejpij2S)10.jpg;https://ei.phncdn.com/videos/201909/17/248899371/original/(m=eaAaGwObaaamqv)(mh=5pHGIr_7nejpij2S)11.jpg;https://ei.phncdn.com/videos/201909/17/248899371/original/(m=eaAaGwObaaamqv)(mh=5pHGIr_7nejpij2S)12.jpg;https://ei.phncdn.com/videos/201909/17/248899371/original/(m=eaAaGwObaaamqv)(mh=5pHGIr_7nejpij2S)13.jpg;https://ei.phncdn.com/videos/201909/17/248899371/original/(m=eaAaGwObaaamqv)(mh=5pHGIr_7nejpij2S)14.jpg;https://ei.phncdn.com/videos/201909/17/248899371/original/(m=eaAaGwObaaamqv)(mh=5pHGIr_7nejpij2S)15.jpg;https://ei.phncdn.com/videos/201909/17/248899371/original/(m=eaAaGwObaaamqv)(mh=5pHGIr_7nejpij2S)16.jpg
<iframe src="https://www.pornhub.com/embed/ph5d87c8c7ba417" frameborder="0" height="481" width="608" scrolling="no"></iframe>|https://ei.phncdn.com/videos/201909/22/250127281/original/(m=eaf8GgaaaWavb)(mh=JW3faVCSoiJYQrZd)5.jpg|https://ei.phncdn.com/videos/201909/22/250127281/original/(m=eaf8GgaaaWavb)(mh=JW3faVCSoiJYQrZd)1.jpg;https://ei.phncdn.com/videos/201909/22/250127281/original/(m=eaf8GgaaaWavb)(mh=JW3faVCSoiJYQrZd)2.jpg;https://ei.phncdn.com/videos/201909/22/250127281/original/(m=eaf8GgaaaWavb)(mh=JW3faVCSoiJYQrZd)3.jpg;https://ei.phncdn.com/videos/201909/22/250127281/original/(m=eaf8GgaaaWavb)(mh=JW3faVCSoiJYQrZd)4.jpg;https://ei.phncdn.com/videos/201909/22/250127281/original/(m=eaf8GgaaaWavb)(mh=JW3faVCSoiJYQrZd)5.jpg;https://ei.phncdn.com/videos/201909/22/250127281/original/(m=eaf8GgaaaWavb)(mh=JW3faVCSoiJYQrZd)6.jpg;https://ei.phncdn.com/videos/201909/22/250127281/original/(m=eaf8GgaaaWavb)(mh=JW3faVCSoiJYQrZd)7.jpg;https://ei.phncdn.com/videos/201909/22/250127281/original/(m=eaf8GgaaaWavb)(mh=JW3faVCSoiJYQrZd)8.jpg;https://ei.phncdn.com/videos/201909/22/250127281/original/(m=eaf8GgaaaWavb)(mh=JW3faVCSoiJYQrZd)9.jpg;https://ei.phncdn.com/videos/201909/22/250127281/original/(m=eaf8GgaaaWavb)(mh=JW3faVCSoiJYQrZd)10.jpg;https://ei.phncdn.com/videos/201909/22/250127281/original/(m=eaf8GgaaaWavb)(mh=JW3faVCSoiJYQrZd)11.jpg;https://ei.phncdn.com/videos/201909/22/250127281/original/(m=eaf8GgaaaWavb)(mh=JW3faVCSoiJYQrZd)12.jpg;https://ei.phncdn.com/videos/201909/22/250127281/original/(m=eaf8GgaaaWavb)(mh=JW3faVCSoiJYQrZd)13.jpg;https://ei.phncdn.com/videos/201909/22/250127281/original/(m=eaf8GgaaaWavb)(mh=JW3faVCSoiJYQrZd)14.jpg;https://ei.phncdn.com/videos/201909/22/250127281/original/(m=eaf8GgaaaWavb)(mh=JW3faVCSoiJYQrZd)15.jpg;https://ei.phncdn.com/videos/201909/22/250127281/original/(m=eaf8GgaaaWavb)(mh=JW3faVCSoiJYQrZd)16.jpg|Slut bbw babe fucks ass and pussy with dildo|bbw-dildo-in-ass;bbw-masturbates-ass;chubby-fucks-her-ass;bbw-masturbates;solo-female-dildo;anal-bbw-toy;bbw-toys-ass|Virtual Reality;Exclusive;Verified Amateurs;Solo Female||292|366|3|1|https://ei.phncdn.com/videos/201909/22/250127281/original/(m=eaAaGwObaaamqv)(mh=xWKshK1bxmVVqNrW)5.jpg|https://ei.phncdn.com/videos/201909/22/250127281/original/(m=eaAaGwObaaamqv)(mh=xWKshK1bxmVVqNrW)1.jpg;https://ei.phncdn.com/videos/201909/22/250127281/original/(m=eaAaGwObaaamqv)(mh=xWKshK1bxmVVqNrW)2.jpg;https://ei.phncdn.com/videos/201909/22/250127281/original/(m=eaAaGwObaaamqv)(mh=xWKshK1bxmVVqNrW)3.jpg;https://ei.phncdn.com/videos/201909/22/250127281/original/(m=eaAaGwObaaamqv)(mh=xWKshK1bxmVVqNrW)4.jpg;https://ei.phncdn.com/videos/201909/22/250127281/original/(m=eaAaGwObaaamqv)(mh=xWKshK1bxmVVqNrW)5.jpg;https://ei.phncdn.com/videos/201909/22/250127281/original/(m=eaAaGwObaaamqv)(mh=xWKshK1bxmVVqNrW)6.jpg;https://ei.phncdn.com/videos/201909/22/250127281/original/(m=eaAaGwObaaamqv)(mh=xWKshK1bxmVVqNrW)7.jpg;https://ei.phncdn.com/videos/201909/22/250127281/original/(m=eaAaGwObaaamqv)(mh=xWKshK1bxmVVqNrW)8.jpg;https://ei.phncdn.com/videos/201909/22/250127281/original/(m=eaAaGwObaaamqv)(mh=xWKshK1bxmVVqNrW)9.jpg;https://ei.phncdn.com/videos/201909/22/250127281/original/(m=eaAaGwObaaamqv)(mh=xWKshK1bxmVVqNrW)10.jpg;https://ei.phncdn.com/videos/201909/22/250127281/original/(m=eaAaGwObaaamqv)(mh=xWKshK1bxmVVqNrW)11.jpg;https://ei.phncdn.com/videos/201909/22/250127281/original/(m=eaAaGwObaaamqv)(mh=xWKshK1bxmVVqNrW)12.jpg;https://ei.phncdn.com/videos/201909/22/250127281/original/(m=eaAaGwObaaamqv)(mh=xWKshK1bxmVVqNrW)13.jpg;https://ei.phncdn.com/videos/201909/22/250127281/original/(m=eaAaGwObaaamqv)(mh=xWKshK1bxmVVqNrW)14.jpg;https://ei.phncdn.com/videos/201909/22/250127281/original/(m=eaAaGwObaaamqv)(mh=xWKshK1bxmVVqNrW)15.jpg;https://ei.phncdn.com/videos/201909/22/250127281/original/(m=eaAaGwObaaamqv)(mh=xWKshK1bxmVVqNrW)16.jpg
<iframe src="https://www.pornhub.com/embed/5d8d466da225e" frameborder="0" height="481" width="608" scrolling="no"></iframe>|https://ei.phncdn.com/videos/201909/26/251077372/original/(m=eaf8GgaaaWavb)(mh=miIToNcUPeYKg3dt)1.jpg|https://ei.phncdn.com/videos/201909/26/251077372/original/(m=eaf8GgaaaWavb)(mh=miIToNcUPeYKg3dt)1.jpg;https://ei.phncdn.com/videos/201909/26/251077372/original/(m=eaf8GgaaaWavb)(mh=miIToNcUPeYKg3dt)2.jpg;https://ei.phncdn.com/videos/201909/26/251077372/original/(m=eaf8GgaaaWavb)(mh=miIToNcUPeYKg3dt)3.jpg;https://ei.phncdn.com/videos/201909/26/251077372/original/(m=eaf8GgaaaWavb)(mh=miIToNcUPeYKg3dt)4.jpg;https://ei.phncdn.com/videos/201909/26/251077372/original/(m=eaf8GgaaaWavb)(mh=miIToNcUPeYKg3dt)5.jpg;https://ei.phncdn.com/videos/201909/26/251077372/original/(m=eaf8GgaaaWavb)(mh=miIToNcUPeYKg3dt)6.jpg;https://ei.phncdn.com/videos/201909/26/251077372/original/(m=eaf8GgaaaWavb)(mh=miIToNcUPeYKg3dt)7.jpg;https://ei.phncdn.com/videos/201909/26/251077372/original/(m=eaf8GgaaaWavb)(mh=miIToNcUPeYKg3dt)8.jpg;https://ei.phncdn.com/videos/201909/26/251077372/original/(m=eaf8GgaaaWavb)(mh=miIToNcUPeYKg3dt)9.jpg;https://ei.phncdn.com/videos/201909/26/251077372/original/(m=eaf8GgaaaWavb)(mh=miIToNcUPeYKg3dt)10.jpg;https://ei.phncdn.com/videos/201909/26/251077372/original/(m=eaf8GgaaaWavb)(mh=miIToNcUPeYKg3dt)11.jpg;https://ei.phncdn.com/videos/201909/26/251077372/original/(m=eaf8GgaaaWavb)(mh=miIToNcUPeYKg3dt)12.jpg;https://ei.phncdn.com/videos/201909/26/251077372/original/(m=eaf8GgaaaWavb)(mh=miIToNcUPeYKg3dt)13.jpg;https://ei.phncdn.com/videos/201909/26/251077372/original/(m=eaf8GgaaaWavb)(mh=miIToNcUPeYKg3dt)14.jpg;https://ei.phncdn.com/videos/201909/26/251077372/original/(m=eaf8GgaaaWavb)(mh=miIToNcUPeYKg3dt)15.jpg;https://ei.phncdn.com/videos/201909/26/251077372/original/(m=eaf8GgaaaWavb)(mh=miIToNcUPeYKg3dt)16.jpg|Playing with the pretty kitty|ebony;lesbian;dripping-wet-pussy;creampie|Virtual Reality;Exclusive;Verified Amateurs;Solo Female;360°;3D||480|2|||https://ei.phncdn.com/videos/201909/26/251077372/original/(m=eaAaGwObaaamqv)(mh=-pKlTxJ7Wk84ZLj3)1.jpg|https://ei.phncdn.com/videos/201909/26/251077372/original/(m=eaAaGwObaaamqv)(mh=-pKlTxJ7Wk84ZLj3)1.jpg;https://ei.phncdn.com/videos/201909/26/251077372/original/(m=eaAaGwObaaamqv)(mh=-pKlTxJ7Wk84ZLj3)2.jpg;https://ei.phncdn.com/videos/201909/26/251077372/original/(m=eaAaGwObaaamqv)(mh=-pKlTxJ7Wk84ZLj3)3.jpg;https://ei.phncdn.com/videos/201909/26/251077372/original/(m=eaAaGwObaaamqv)(mh=-pKlTxJ7Wk84ZLj3)4.jpg;https://ei.phncdn.com/videos/201909/26/251077372/original/(m=eaAaGwObaaamqv)(mh=-pKlTxJ7Wk84ZLj3)5.jpg;https://ei.phncdn.com/videos/201909/26/251077372/original/(m=eaAaGwObaaamqv)(mh=-pKlTxJ7Wk84ZLj3)6.jpg;https://ei.phncdn.com/videos/201909/26/251077372/original/(m=eaAaGwObaaamqv)(mh=-pKlTxJ7Wk84ZLj3)7.jpg;https://ei.phncdn.com/videos/201909/26/251077372/original/(m=eaAaGwObaaamqv)(mh=-pKlTxJ7Wk84ZLj3)8.jpg;https://ei.phncdn.com/videos/201909/26/251077372/original/(m=eaAaGwObaaamqv)(mh=-pKlTxJ7Wk84ZLj3)9.jpg;https://ei.phncdn.com/videos/201909/26/251077372/original/(m=eaAaGwObaaamqv)(mh=-pKlTxJ7Wk84ZLj3)10.jpg;https://ei.phncdn.com/videos/201909/26/251077372/original/(m=eaAaGwObaaamqv)(mh=-pKlTxJ7Wk84ZLj3)11.jpg;https://ei.phncdn.com/videos/201909/26/251077372/original/(m=eaAaGwObaaamqv)(mh=-pKlTxJ7Wk84ZLj3)12.jpg;https://ei.phncdn.com/videos/201909/26/251077372/original/(m=eaAaGwObaaamqv)(mh=-pKlTxJ7Wk84ZLj3)13.jpg;https://ei.phncdn.com/videos/201909/26/251077372/original/(m=eaAaGwObaaamqv)(mh=-pKlTxJ7Wk84ZLj3)14.jpg;https://ei.phncdn.com/videos/201909/26/251077372/original/(m=eaAaGwObaaamqv)(mh=-pKlTxJ7Wk84ZLj3)15.jpg;https://ei.phncdn.com/videos/201909/26/251077372/original/(m=eaAaGwObaaamqv)(mh=-pKlTxJ7Wk84ZLj3)16.jpg
<iframe src="https://www.pornhub.com/embed/ph5dad614b5c951" frameborder="0" height="481" width="608" scrolling="no"></iframe>|https://ei.phncdn.com/videos/201910/21/256249641/original/(m=eaf8GgaaaWavb)(mh=3I07az5_u0unUUIx)15.jpg|https://ei.phncdn.com/videos/201910/21/256249641/original/(m=eaf8GgaaaWavb)(mh=3I07az5_u0unUUIx)1.jpg;https://ei.phncdn.com/videos/201910/21/256249641/original/(m=eaf8GgaaaWavb)(mh=3I07az5_u0unUUIx)2.jpg;https://ei.phncdn.com/videos/201910/21/256249641/original/(m=eaf8GgaaaWavb)(mh=3I07az5_u0unUUIx)3.jpg;https://ei.phncdn.com/videos/201910/21/256249641/original/(m=eaf8GgaaaWavb)(mh=3I07az5_u0unUUIx)4.jpg;https://ei.phncdn.com/videos/201910/21/256249641/original/(m=eaf8GgaaaWavb)(mh=3I07az5_u0unUUIx)5.jpg;https://ei.phncdn.com/videos/201910/21/256249641/original/(m=eaf8GgaaaWavb)(mh=3I07az5_u0unUUIx)6.jpg;https://ei.phncdn.com/videos/201910/21/256249641/original/(m=eaf8GgaaaWavb)(mh=3I07az5_u0unUUIx)7.jpg;https://ei.phncdn.com/videos/201910/21/256249641/original/(m=eaf8GgaaaWavb)(mh=3I07az5_u0unUUIx)8.jpg;https://ei.phncdn.com/videos/201910/21/256249641/original/(m=eaf8GgaaaWavb)(mh=3I07az5_u0unUUIx)9.jpg;https://ei.phncdn.com/videos/201910/21/256249641/original/(m=eaf8GgaaaWavb)(mh=3I07az5_u0unUUIx)10.jpg;https://ei.phncdn.com/videos/201910/21/256249641/original/(m=eaf8GgaaaWavb)(mh=3I07az5_u0unUUIx)11.jpg;https://ei.phncdn.com/videos/201910/21/256249641/original/(m=eaf8GgaaaWavb)(mh=3I07az5_u0unUUIx)12.jpg;https://ei.phncdn.com/videos/201910/21/256249641/original/(m=eaf8GgaaaWavb)(mh=3I07az5_u0unUUIx)13.jpg;https://ei.phncdn.com/videos/201910/21/256249641/original/(m=eaf8GgaaaWavb)(mh=3I07az5_u0unUUIx)14.jpg;https://ei.phncdn.com/videos/201910/21/256249641/original/(m=eaf8GgaaaWavb)(mh=3I07az5_u0unUUIx)15.jpg;https://ei.phncdn.com/videos/201910/21/256249641/original/(m=eaf8GgaaaWavb)(mh=3I07az5_u0unUUIx)16.jpg|VRLatina - Fucking A Sexy Colombian Babe In The Ass - 5K|vrlatina;ass-fuck;butt;big-boobs;latin;virtual;reality;vr;vr-porn;vr-porno;virtual-reality;latina;anal|Virtual Reality||313|7255|22|6|https://ei.phncdn.com/videos/201910/21/256249641/original/(m=eaAaGwObaaamqv)(mh=NVDQmdggX6shE0qg)15.jpg|https://ei.phncdn.com/videos/201910/21/256249641/original/(m=eaAaGwObaaamqv)(mh=NVDQmdggX6shE0qg)1.jpg;https://ei.phncdn.com/videos/201910/21/256249641/original/(m=eaAaGwObaaamqv)(mh=NVDQmdggX6shE0qg)2.jpg;https://ei.phncdn.com/videos/201910/21/256249641/original/(m=eaAaGwObaaamqv)(mh=NVDQmdggX6shE0qg)3.jpg;https://ei.phncdn.com/videos/201910/21/256249641/original/(m=eaAaGwObaaamqv)(mh=NVDQmdggX6shE0qg)4.jpg;https://ei.phncdn.com/videos/201910/21/256249641/original/(m=eaAaGwObaaamqv)(mh=NVDQmdggX6shE0qg)5.jpg;https://ei.phncdn.com/videos/201910/21/256249641/original/(m=eaAaGwObaaamqv)(mh=NVDQmdggX6shE0qg)6.jpg;https://ei.phncdn.com/videos/201910/21/256249641/original/(m=eaAaGwObaaamqv)(mh=NVDQmdggX6shE0qg)7.jpg;https://ei.phncdn.com/videos/201910/21/256249641/original/(m=eaAaGwObaaamqv)(mh=NVDQmdggX6shE0qg)8.jpg;https://ei.phncdn.com/videos/201910/21/256249641/original/(m=eaAaGwObaaamqv)(mh=NVDQmdggX6shE0qg)9.jpg;https://ei.phncdn.com/videos/201910/21/256249641/original/(m=eaAaGwObaaamqv)(mh=NVDQmdggX6shE0qg)10.jpg;https://ei.phncdn.com/videos/201910/21/256249641/original/(m=eaAaGwObaaamqv)(mh=NVDQmdggX6shE0qg)11.jpg;https://ei.phncdn.com/videos/201910/21/256249641/original/(m=eaAaGwObaaamqv)(mh=NVDQmdggX6shE0qg)12.jpg;https://ei.phncdn.com/videos/201910/21/256249641/original/(m=eaAaGwObaaamqv)(mh=NVDQmdggX6shE0qg)13.jpg;https://ei.phncdn.com/videos/201910/21/256249641/original/(m=eaAaGwObaaamqv)(mh=NVDQmdggX6shE0qg)14.jpg;https://ei.phncdn.com/videos/201910/21/256249641/original/(m=eaAaGwObaaamqv)(mh=NVDQmdggX6shE0qg)15.jpg;https://ei.phncdn.com/videos/201910/21/256249641/original/(m=eaAaGwObaaamqv)(mh=NVDQmdggX6shE0qg)16.jpg
<iframe src="https://www.pornhub.com/embed/ph5dbff245b3b5a" frameborder="0" height="481" width="608" scrolling="no"></iframe>|https://ei.phncdn.com/videos/201911/04/259281012/original/(m=eaf8GgaaaWavb)(mh=w2OBa56IPYGVCihk)7.jpg|https://ei.phncdn.com/videos/201911/04/259281012/original/(m=eaf8GgaaaWavb)(mh=w2OBa56IPYGVCihk)1.jpg;https://ei.phncdn.com/videos/201911/04/259281012/original/(m=eaf8GgaaaWavb)(mh=w2OBa56IPYGVCihk)2.jpg;https://ei.phncdn.com/videos/201911/04/259281012/original/(m=eaf8GgaaaWavb)(mh=w2OBa56IPYGVCihk)3.jpg;https://ei.phncdn.com/videos/201911/04/259281012/original/(m=eaf8GgaaaWavb)(mh=w2OBa56IPYGVCihk)4.jpg;https://ei.phncdn.com/videos/201911/04/259281012/original/(m=eaf8GgaaaWavb)(mh=w2OBa56IPYGVCihk)5.jpg;https://ei.phncdn.com/videos/201911/04/259281012/original/(m=eaf8GgaaaWavb)(mh=w2OBa56IPYGVCihk)6.jpg;https://ei.phncdn.com/videos/201911/04/259281012/original/(m=eaf8GgaaaWavb)(mh=w2OBa56IPYGVCihk)7.jpg;https://ei.phncdn.com/videos/201911/04/259281012/original/(m=eaf8GgaaaWavb)(mh=w2OBa56IPYGVCihk)8.jpg;https://ei.phncdn.com/videos/201911/04/259281012/original/(m=eaf8GgaaaWavb)(mh=w2OBa56IPYGVCihk)9.jpg;https://ei.phncdn.com/videos/201911/04/259281012/original/(m=eaf8GgaaaWavb)(mh=w2OBa56IPYGVCihk)10.jpg;https://ei.phncdn.com/videos/201911/04/259281012/original/(m=eaf8GgaaaWavb)(mh=w2OBa56IPYGVCihk)11.jpg;https://ei.phncdn.com/videos/201911/04/259281012/original/(m=eaf8GgaaaWavb)(mh=w2OBa56IPYGVCihk)12.jpg;https://ei.phncdn.com/videos/201911/04/259281012/original/(m=eaf8GgaaaWavb)(mh=w2OBa56IPYGVCihk)13.jpg;https://ei.phncdn.com/videos/201911/04/259281012/original/(m=eaf8GgaaaWavb)(mh=w2OBa56IPYGVCihk)14.jpg;https://ei.phncdn.com/videos/201911/04/259281012/original/(m=eaf8GgaaaWavb)(mh=w2OBa56IPYGVCihk)15.jpg;https://ei.phncdn.com/videos/201911/04/259281012/original/(m=eaf8GgaaaWavb)(mh=w2OBa56IPYGVCihk)16.jpg|TmwVRnet - Kira Axe - Tired but yet excited|tmwvrnet;masturbate;petite;teenager;young;virtual;reality;brunette;fingering;masturbation;medium-tits;shaved;solo;striptease;virtual-reality;babe|Virtual Reality;Solo Female||375|1160|5|0|https://ei.phncdn.com/videos/201911/04/259281012/original/(m=eaAaGwObaaamqv)(mh=2tGBWmlTJp-cU1mz)7.jpg|https://ei.phncdn.com/videos/201911/04/259281012/original/(m=eaAaGwObaaamqv)(mh=2tGBWmlTJp-cU1mz)1.jpg;https://ei.phncdn.com/videos/201911/04/259281012/original/(m=eaAaGwObaaamqv)(mh=2tGBWmlTJp-cU1mz)2.jpg;https://ei.phncdn.com/videos/201911/04/259281012/original/(m=eaAaGwObaaamqv)(mh=2tGBWmlTJp-cU1mz)3.jpg;https://ei.phncdn.com/videos/201911/04/259281012/original/(m=eaAaGwObaaamqv)(mh=2tGBWmlTJp-cU1mz)4.jpg;https://ei.phncdn.com/videos/201911/04/259281012/original/(m=eaAaGwObaaamqv)(mh=2tGBWmlTJp-cU1mz)5.jpg;https://ei.phncdn.com/videos/201911/04/259281012/original/(m=eaAaGwObaaamqv)(mh=2tGBWmlTJp-cU1mz)6.jpg;https://ei.phncdn.com/videos/201911/04/259281012/original/(m=eaAaGwObaaamqv)(mh=2tGBWmlTJp-cU1mz)7.jpg;https://ei.phncdn.com/videos/201911/04/259281012/original/(m=eaAaGwObaaamqv)(mh=2tGBWmlTJp-cU1mz)8.jpg;https://ei.phncdn.com/videos/201911/04/259281012/original/(m=eaAaGwObaaamqv)(mh=2tGBWmlTJp-cU1mz)9.jpg;https://ei.phncdn.com/videos/201911/04/259281012/original/(m=eaAaGwObaaamqv)(mh=2tGBWmlTJp-cU1mz)10.jpg;https://ei.phncdn.com/videos/201911/04/259281012/original/(m=eaAaGwObaaamqv)(mh=2tGBWmlTJp-cU1mz)11.jpg;https://ei.phncdn.com/videos/201911/04/259281012/original/(m=eaAaGwObaaamqv)(mh=2tGBWmlTJp-cU1mz)12.jpg;https://ei.phncdn.com/videos/201911/04/259281012/original/(m=eaAaGwObaaamqv)(mh=2tGBWmlTJp-cU1mz)13.jpg;https://ei.phncdn.com/videos/201911/04/259281012/original/(m=eaAaGwObaaamqv)(mh=2tGBWmlTJp-cU1mz)14.jpg;https://ei.phncdn.com/videos/201911/04/259281012/original/(m=eaAaGwObaaamqv)(mh=2tGBWmlTJp-cU1mz)15.jpg;https://ei.phncdn.com/videos/201911/04/259281012/original/(m=eaAaGwObaaamqv)(mh=2tGBWmlTJp-cU1mz)16.jpg
<iframe src="https://www.pornhub.com/embed/ph5dd7d726ab367" frameborder="0" height="481" width="608" scrolling="no"></iframe>|https://ei.phncdn.com/videos/201911/22/263407622/original/(m=qQJ3V9Ubeaf8GgaaaWavb)(mh=tzpVBfC7mk3EAOd2)0.jpg|https://ei.phncdn.com/videos/201911/22/263407622/original/(m=eaf8GgaaaWavb)(mh=bbUmx8djCgv36i_x)1.jpg;https://ei.phncdn.com/videos/201911/22/263407622/original/(m=eaf8GgaaaWavb)(mh=bbUmx8djCgv36i_x)2.jpg;https://ei.phncdn.com/videos/201911/22/263407622/original/(m=eaf8GgaaaWavb)(mh=bbUmx8djCgv36i_x)3.jpg;https://ei.phncdn.com/videos/201911/22/263407622/original/(m=eaf8GgaaaWavb)(mh=bbUmx8djCgv36i_x)4.jpg;https://ei.phncdn.com/videos/201911/22/263407622/original/(m=eaf8GgaaaWavb)(mh=bbUmx8djCgv36i_x)5.jpg;https://ei.phncdn.com/videos/201911/22/263407622/original/(m=eaf8GgaaaWavb)(mh=bbUmx8djCgv36i_x)6.jpg;https://ei.phncdn.com/videos/201911/22/263407622/original/(m=eaf8GgaaaWavb)(mh=bbUmx8djCgv36i_x)7.jpg;https://ei.phncdn.com/videos/201911/22/263407622/original/(m=eaf8GgaaaWavb)(mh=bbUmx8djCgv36i_x)8.jpg;https://ei.phncdn.com/videos/201911/22/263407622/original/(m=eaf8GgaaaWavb)(mh=bbUmx8djCgv36i_x)9.jpg;https://ei.phncdn.com/videos/201911/22/263407622/original/(m=eaf8GgaaaWavb)(mh=bbUmx8djCgv36i_x)10.jpg;https://ei.phncdn.com/videos/201911/22/263407622/original/(m=eaf8GgaaaWavb)(mh=bbUmx8djCgv36i_x)11.jpg;https://ei.phncdn.com/videos/201911/22/263407622/original/(m=eaf8GgaaaWavb)(mh=bbUmx8djCgv36i_x)12.jpg;https://ei.phncdn.com/videos/201911/22/263407622/original/(m=eaf8GgaaaWavb)(mh=bbUmx8djCgv36i_x)13.jpg;https://ei.phncdn.com/videos/201911/22/263407622/original/(m=eaf8GgaaaWavb)(mh=bbUmx8djCgv36i_x)14.jpg;https://ei.phncdn.com/videos/201911/22/263407622/original/(m=eaf8GgaaaWavb)(mh=bbUmx8djCgv36i_x)15.jpg;https://ei.phncdn.com/videos/201911/22/263407622/original/(m=eaf8GgaaaWavb)(mh=bbUmx8djCgv36i_x)16.jpg|VIRTUAL TABOO - Banging stepsis While She s|virtualtaboo;big-boobs;redhead;virtual;reality;point-of-view;shaved-pussy;no-tattoos;teen;cowgirl|Virtual Reality;Step Fantasy;180°;3D||359|25050|44|18|https://ei.phncdn.com/videos/201911/22/263407622/original/(m=qQJ3V9UbeaAaGwObaaamqv)(mh=3nIduXrh9asyZ6PW)0.jpg|https://ei.phncdn.com/videos/201911/22/263407622/original/(m=eaAaGwObaaamqv)(mh=Wn5UULU4TFknHHCz)1.jpg;https://ei.phncdn.com/videos/201911/22/263407622/original/(m=eaAaGwObaaamqv)(mh=Wn5UULU4TFknHHCz)2.jpg;https://ei.phncdn.com/videos/201911/22/263407622/original/(m=eaAaGwObaaamqv)(mh=Wn5UULU4TFknHHCz)3.jpg;https://ei.phncdn.com/videos/201911/22/263407622/original/(m=eaAaGwObaaamqv)(mh=Wn5UULU4TFknHHCz)4.jpg;https://ei.phncdn.com/videos/201911/22/263407622/original/(m=eaAaGwObaaamqv)(mh=Wn5UULU4TFknHHCz)5.jpg;https://ei.phncdn.com/videos/201911/22/263407622/original/(m=eaAaGwObaaamqv)(mh=Wn5UULU4TFknHHCz)6.jpg;https://ei.phncdn.com/videos/201911/22/263407622/original/(m=eaAaGwObaaamqv)(mh=Wn5UULU4TFknHHCz)7.jpg;https://ei.phncdn.com/videos/201911/22/263407622/original/(m=eaAaGwObaaamqv)(mh=Wn5UULU4TFknHHCz)8.jpg;https://ei.phncdn.com/videos/201911/22/263407622/original/(m=eaAaGwObaaamqv)(mh=Wn5UULU4TFknHHCz)9.jpg;https://ei.phncdn.com/videos/201911/22/263407622/original/(m=eaAaGwObaaamqv)(mh=Wn5UULU4TFknHHCz)10.jpg;https://ei.phncdn.com/videos/201911/22/263407622/original/(m=eaAaGwObaaamqv)(mh=Wn5UULU4TFknHHCz)11.jpg;https://ei.phncdn.com/videos/201911/22/263407622/original/(m=eaAaGwObaaamqv)(mh=Wn5UULU4TFknHHCz)12.jpg;https://ei.phncdn.com/videos/201911/22/263407622/original/(m=eaAaGwObaaamqv)(mh=Wn5UULU4TFknHHCz)13.jpg;https://ei.phncdn.com/videos/201911/22/263407622/original/(m=eaAaGwObaaamqv)(mh=Wn5UULU4TFknHHCz)14.jpg;https://ei.phncdn.com/videos/201911/22/263407622/original/(m=eaAaGwObaaamqv)(mh=Wn5UULU4TFknHHCz)15.jpg;https://ei.phncdn.com/videos/201911/22/263407622/original/(m=eaAaGwObaaamqv)(mh=Wn5UULU4TFknHHCz)16.jpg
<iframe src="https://www.pornhub.com/embed/5df1a14916664" frameborder="0" height="481" width="608" scrolling="no"></iframe>|https://ei.phncdn.com/videos/201912/12/268009572/original/(m=eaf8GgaaaWavb)(mh=-Y6Db8M_H7rLFMLx)1.jpg|https://ei.phncdn.com/videos/201912/12/268009572/original/(m=eaf8GgaaaWavb)(mh=-Y6Db8M_H7rLFMLx)1.jpg;https://ei.phncdn.com/videos/201912/12/268009572/original/(m=eaf8GgaaaWavb)(mh=-Y6Db8M_H7rLFMLx)2.jpg;https://ei.phncdn.com/videos/201912/12/268009572/original/(m=eaf8GgaaaWavb)(mh=-Y6Db8M_H7rLFMLx)3.jpg;https://ei.phncdn.com/videos/201912/12/268009572/original/(m=eaf8GgaaaWavb)(mh=-Y6Db8M_H7rLFMLx)4.jpg;https://ei.phncdn.com/videos/201912/12/268009572/original/(m=eaf8GgaaaWavb)(mh=-Y6Db8M_H7rLFMLx)5.jpg;https://ei.phncdn.com/videos/201912/12/268009572/original/(m=eaf8GgaaaWavb)(mh=-Y6Db8M_H7rLFMLx)6.jpg;https://ei.phncdn.com/videos/201912/12/268009572/original/(m=eaf8GgaaaWavb)(mh=-Y6Db8M_H7rLFMLx)7.jpg;https://ei.phncdn.com/videos/201912/12/268009572/original/(m=eaf8GgaaaWavb)(mh=-Y6Db8M_H7rLFMLx)8.jpg;https://ei.phncdn.com/videos/201912/12/268009572/original/(m=eaf8GgaaaWavb)(mh=-Y6Db8M_H7rLFMLx)9.jpg;https://ei.phncdn.com/videos/201912/12/268009572/original/(m=eaf8GgaaaWavb)(mh=-Y6Db8M_H7rLFMLx)10.jpg;https://ei.phncdn.com/videos/201912/12/268009572/original/(m=eaf8GgaaaWavb)(mh=-Y6Db8M_H7rLFMLx)11.jpg;https://ei.phncdn.com/videos/201912/12/268009572/original/(m=eaf8GgaaaWavb)(mh=-Y6Db8M_H7rLFMLx)12.jpg;https://ei.phncdn.com/videos/201912/12/268009572/original/(m=eaf8GgaaaWavb)(mh=-Y6Db8M_H7rLFMLx)13.jpg;https://ei.phncdn.com/videos/201912/12/268009572/original/(m=eaf8GgaaaWavb)(mh=-Y6Db8M_H7rLFMLx)14.jpg;https://ei.phncdn.com/videos/201912/12/268009572/original/(m=eaf8GgaaaWavb)(mh=-Y6Db8M_H7rLFMLx)15.jpg;https://ei.phncdn.com/videos/201912/12/268009572/original/(m=eaf8GgaaaWavb)(mh=-Y6Db8M_H7rLFMLx)16.jpg|Mormon teen bbw beauty masturbates while everyone at church|mormon-bbw-teen;mormon-masturbation;bbw-christian-teen;teen-bbw-fingers;teen-fingers-hole|Virtual Reality;Exclusive;Verified Amateurs;Solo Female;360°;3D||489|64|||https://ei.phncdn.com/videos/201912/12/268009572/original/(m=eaAaGwObaaamqv)(mh=6P_KTgqnNUtES732)1.jpg|https://ei.phncdn.com/videos/201912/12/268009572/original/(m=eaAaGwObaaamqv)(mh=6P_KTgqnNUtES732)1.jpg;https://ei.phncdn.com/videos/201912/12/268009572/original/(m=eaAaGwObaaamqv)(mh=6P_KTgqnNUtES732)2.jpg;https://ei.phncdn.com/videos/201912/12/268009572/original/(m=eaAaGwObaaamqv)(mh=6P_KTgqnNUtES732)3.jpg;https://ei.phncdn.com/videos/201912/12/268009572/original/(m=eaAaGwObaaamqv)(mh=6P_KTgqnNUtES732)4.jpg;https://ei.phncdn.com/videos/201912/12/268009572/original/(m=eaAaGwObaaamqv)(mh=6P_KTgqnNUtES732)5.jpg;https://ei.phncdn.com/videos/201912/12/268009572/original/(m=eaAaGwObaaamqv)(mh=6P_KTgqnNUtES732)6.jpg;https://ei.phncdn.com/videos/201912/12/268009572/original/(m=eaAaGwObaaamqv)(mh=6P_KTgqnNUtES732)7.jpg;https://ei.phncdn.com/videos/201912/12/268009572/original/(m=eaAaGwObaaamqv)(mh=6P_KTgqnNUtES732)8.jpg;https://ei.phncdn.com/videos/201912/12/268009572/original/(m=eaAaGwObaaamqv)(mh=6P_KTgqnNUtES732)9.jpg;https://ei.phncdn.com/videos/201912/12/268009572/original/(m=eaAaGwObaaamqv)(mh=6P_KTgqnNUtES732)10.jpg;https://ei.phncdn.com/videos/201912/12/268009572/original/(m=eaAaGwObaaamqv)(mh=6P_KTgqnNUtES732)11.jpg;https://ei.phncdn.com/videos/201912/12/268009572/original/(m=eaAaGwObaaamqv)(mh=6P_KTgqnNUtES732)12.jpg;https://ei.phncdn.com/videos/201912/12/268009572/original/(m=eaAaGwObaaamqv)(mh=6P_KTgqnNUtES732)13.jpg;https://ei.phncdn.com/videos/201912/12/268009572/original/(m=eaAaGwObaaamqv)(mh=6P_KTgqnNUtES732)14.jpg;https://ei.phncdn.com/videos/201912/12/268009572/original/(m=eaAaGwObaaamqv)(mh=6P_KTgqnNUtES732)15.jpg;https://ei.phncdn.com/videos/201912/12/268009572/original/(m=eaAaGwObaaamqv)(mh=6P_KTgqnNUtES732)16.jpg
<iframe src="https://www.pornhub.com/embed/ph5e22952a0189d" frameborder="0" height="481" width="608" scrolling="no"></iframe>|https://ei.phncdn.com/videos/202001/18/277458511/original/(m=eaf8GgaaaWavb)(mh=cPQMnuOKuByu_JGh)6.jpg|https://ei.phncdn.com/videos/202001/18/277458511/original/(m=eaf8GgaaaWavb)(mh=cPQMnuOKuByu_JGh)1.jpg;https://ei.phncdn.com/videos/202001/18/277458511/original/(m=eaf8GgaaaWavb)(mh=cPQMnuOKuByu_JGh)2.jpg;https://ei.phncdn.com/videos/202001/18/277458511/original/(m=eaf8GgaaaWavb)(mh=cPQMnuOKuByu_JGh)3.jpg;https://ei.phncdn.com/videos/202001/18/277458511/original/(m=eaf8GgaaaWavb)(mh=cPQMnuOKuByu_JGh)4.jpg;https://ei.phncdn.com/videos/202001/18/277458511/original/(m=eaf8GgaaaWavb)(mh=cPQMnuOKuByu_JGh)5.jpg;https://ei.phncdn.com/videos/202001/18/277458511/original/(m=eaf8GgaaaWavb)(mh=cPQMnuOKuByu_JGh)6.jpg;https://ei.phncdn.com/videos/202001/18/277458511/original/(m=eaf8GgaaaWavb)(mh=cPQMnuOKuByu_JGh)7.jpg;https://ei.phncdn.com/videos/202001/18/277458511/original/(m=eaf8GgaaaWavb)(mh=cPQMnuOKuByu_JGh)8.jpg;https://ei.phncdn.com/videos/202001/18/277458511/original/(m=eaf8GgaaaWavb)(mh=cPQMnuOKuByu_JGh)9.jpg;https://ei.phncdn.com/videos/202001/18/277458511/original/(m=eaf8GgaaaWavb)(mh=cPQMnuOKuByu_JGh)10.jpg;https://ei.phncdn.com/videos/202001/18/277458511/original/(m=eaf8GgaaaWavb)(mh=cPQMnuOKuByu_JGh)11.jpg;https://ei.phncdn.com/videos/202001/18/277458511/original/(m=eaf8GgaaaWavb)(mh=cPQMnuOKuByu_JGh)12.jpg;https://ei.phncdn.com/videos/202001/18/277458511/original/(m=eaf8GgaaaWavb)(mh=cPQMnuOKuByu_JGh)13.jpg;https://ei.phncdn.com/videos/202001/18/277458511/original/(m=eaf8GgaaaWavb)(mh=cPQMnuOKuByu_JGh)14.jpg;https://ei.phncdn.com/videos/202001/18/277458511/original/(m=eaf8GgaaaWavb)(mh=cPQMnuOKuByu_JGh)15.jpg;https://ei.phncdn.com/videos/202001/18/277458511/original/(m=eaf8GgaaaWavb)(mh=cPQMnuOKuByu_JGh)16.jpg|Estrenando juguetito|pussy-eating;pussy-licking;pussy;orgasm;sextoy|Virtual Reality;Exclusive;Verified Amateurs;Solo Female||343|124|5|0|https://ei.phncdn.com/videos/202001/18/277458511/original/(m=eaAaGwObaaamqv)(mh=_-KnHLaKJO6WV_sf)6.jpg|https://ei.phncdn.com/videos/202001/18/277458511/original/(m=eaAaGwObaaamqv)(mh=_-KnHLaKJO6WV_sf)1.jpg;https://ei.phncdn.com/videos/202001/18/277458511/original/(m=eaAaGwObaaamqv)(mh=_-KnHLaKJO6WV_sf)2.jpg;https://ei.phncdn.com/videos/202001/18/277458511/original/(m=eaAaGwObaaamqv)(mh=_-KnHLaKJO6WV_sf)3.jpg;https://ei.phncdn.com/videos/202001/18/277458511/original/(m=eaAaGwObaaamqv)(mh=_-KnHLaKJO6WV_sf)4.jpg;https://ei.phncdn.com/videos/202001/18/277458511/original/(m=eaAaGwObaaamqv)(mh=_-KnHLaKJO6WV_sf)5.jpg;https://ei.phncdn.com/videos/202001/18/277458511/original/(m=eaAaGwObaaamqv)(mh=_-KnHLaKJO6WV_sf)6.jpg;https://ei.phncdn.com/videos/202001/18/277458511/original/(m=eaAaGwObaaamqv)(mh=_-KnHLaKJO6WV_sf)7.jpg;https://ei.phncdn.com/videos/202001/18/277458511/original/(m=eaAaGwObaaamqv)(mh=_-KnHLaKJO6WV_sf)8.jpg;https://ei.phncdn.com/videos/202001/18/277458511/original/(m=eaAaGwObaaamqv)(mh=_-KnHLaKJO6WV_sf)9.jpg;https://ei.phncdn.com/videos/202001/18/277458511/original/(m=eaAaGwObaaamqv)(mh=_-KnHLaKJO6WV_sf)10.jpg;https://ei.phncdn.com/videos/202001/18/277458511/original/(m=eaAaGwObaaamqv)(mh=_-KnHLaKJO6WV_sf)11.jpg;https://ei.phncdn.com/videos/202001/18/277458511/original/(m=eaAaGwObaaamqv)(mh=_-KnHLaKJO6WV_sf)12.jpg;https://ei.phncdn.com/videos/202001/18/277458511/original/(m=eaAaGwObaaamqv)(mh=_-KnHLaKJO6WV_sf)13.jpg;https://ei.phncdn.com/videos/202001/18/277458511/original/(m=eaAaGwObaaamqv)(mh=_-KnHLaKJO6WV_sf)14.jpg;https://ei.phncdn.com/videos/202001/18/277458511/original/(m=eaAaGwObaaamqv)(mh=_-KnHLaKJO6WV_sf)15.jpg;https://ei.phncdn.com/videos/202001/18/277458511/original/(m=eaAaGwObaaamqv)(mh=_-KnHLaKJO6WV_sf)16.jpg
<iframe src="https://www.pornhub.com/embed/ph5e37d4611c632" frameborder="0" height="481" width="608" scrolling="no"></iframe>|https://ei.phncdn.com/videos/202002/03/281578291/original/(m=eaf8GgaaaWavb)(mh=61xuaGqzuPqoEjqN)14.jpg|https://ei.phncdn.com/videos/202002/03/281578291/original/(m=eaf8GgaaaWavb)(mh=61xuaGqzuPqoEjqN)1.jpg;https://ei.phncdn.com/videos/202002/03/281578291/original/(m=eaf8GgaaaWavb)(mh=61xuaGqzuPqoEjqN)2.jpg;https://ei.phncdn.com/videos/202002/03/281578291/original/(m=eaf8GgaaaWavb)(mh=61xuaGqzuPqoEjqN)3.jpg;https://ei.phncdn.com/videos/202002/03/281578291/original/(m=eaf8GgaaaWavb)(mh=61xuaGqzuPqoEjqN)4.jpg;https://ei.phncdn.com/videos/202002/03/281578291/original/(m=eaf8GgaaaWavb)(mh=61xuaGqzuPqoEjqN)5.jpg;https://ei.phncdn.com/videos/202002/03/281578291/original/(m=eaf8GgaaaWavb)(mh=61xuaGqzuPqoEjqN)6.jpg;https://ei.phncdn.com/videos/202002/03/281578291/original/(m=eaf8GgaaaWavb)(mh=61xuaGqzuPqoEjqN)7.jpg;https://ei.phncdn.com/videos/202002/03/281578291/original/(m=eaf8GgaaaWavb)(mh=61xuaGqzuPqoEjqN)8.jpg;https://ei.phncdn.com/videos/202002/03/281578291/original/(m=eaf8GgaaaWavb)(mh=61xuaGqzuPqoEjqN)9.jpg;https://ei.phncdn.com/videos/202002/03/281578291/original/(m=eaf8GgaaaWavb)(mh=61xuaGqzuPqoEjqN)10.jpg;https://ei.phncdn.com/videos/202002/03/281578291/original/(m=eaf8GgaaaWavb)(mh=61xuaGqzuPqoEjqN)11.jpg;https://ei.phncdn.com/videos/202002/03/281578291/original/(m=eaf8GgaaaWavb)(mh=61xuaGqzuPqoEjqN)12.jpg;https://ei.phncdn.com/videos/202002/03/281578291/original/(m=eaf8GgaaaWavb)(mh=61xuaGqzuPqoEjqN)13.jpg;https://ei.phncdn.com/videos/202002/03/281578291/original/(m=eaf8GgaaaWavb)(mh=61xuaGqzuPqoEjqN)14.jpg;https://ei.phncdn.com/videos/202002/03/281578291/original/(m=eaf8GgaaaWavb)(mh=61xuaGqzuPqoEjqN)15.jpg;https://ei.phncdn.com/videos/202002/03/281578291/original/(m=eaf8GgaaaWavb)(mh=61xuaGqzuPqoEjqN)16.jpg|TmwVRnet - Alessandra Amore - Wet pussy needs satisfaction|tmwvrnet;masturbate;petitevirtual;reality;brunette;masturbation;shaved;small-tits;solo;virtual-reality;babe;teen;natural-tits|Virtual Reality;Solo Female;180°;3D||394|1520|3|1|https://ei.phncdn.com/videos/202002/03/281578291/original/(m=eaAaGwObaaamqv)(mh=yk35QFgnjzWbljXe)14.jpg|https://ei.phncdn.com/videos/202002/03/281578291/original/(m=eaAaGwObaaamqv)(mh=yk35QFgnjzWbljXe)1.jpg;https://ei.phncdn.com/videos/202002/03/281578291/original/(m=eaAaGwObaaamqv)(mh=yk35QFgnjzWbljXe)2.jpg;https://ei.phncdn.com/videos/202002/03/281578291/original/(m=eaAaGwObaaamqv)(mh=yk35QFgnjzWbljXe)3.jpg;https://ei.phncdn.com/videos/202002/03/281578291/original/(m=eaAaGwObaaamqv)(mh=yk35QFgnjzWbljXe)4.jpg;https://ei.phncdn.com/videos/202002/03/281578291/original/(m=eaAaGwObaaamqv)(mh=yk35QFgnjzWbljXe)5.jpg;https://ei.phncdn.com/videos/202002/03/281578291/original/(m=eaAaGwObaaamqv)(mh=yk35QFgnjzWbljXe)6.jpg;https://ei.phncdn.com/videos/202002/03/281578291/original/(m=eaAaGwObaaamqv)(mh=yk35QFgnjzWbljXe)7.jpg;https://ei.phncdn.com/videos/202002/03/281578291/original/(m=eaAaGwObaaamqv)(mh=yk35QFgnjzWbljXe)8.jpg;https://ei.phncdn.com/videos/202002/03/281578291/original/(m=eaAaGwObaaamqv)(mh=yk35QFgnjzWbljXe)9.jpg;https://ei.phncdn.com/videos/202002/03/281578291/original/(m=eaAaGwObaaamqv)(mh=yk35QFgnjzWbljXe)10.jpg;https://ei.phncdn.com/videos/202002/03/281578291/original/(m=eaAaGwObaaamqv)(mh=yk35QFgnjzWbljXe)11.jpg;https://ei.phncdn.com/videos/202002/03/281578291/original/(m=eaAaGwObaaamqv)(mh=yk35QFgnjzWbljXe)12.jpg;https://ei.phncdn.com/videos/202002/03/281578291/original/(m=eaAaGwObaaamqv)(mh=yk35QFgnjzWbljXe)13.jpg;https://ei.phncdn.com/videos/202002/03/281578291/original/(m=eaAaGwObaaamqv)(mh=yk35QFgnjzWbljXe)14.jpg;https://ei.phncdn.com/videos/202002/03/281578291/original/(m=eaAaGwObaaamqv)(mh=yk35QFgnjzWbljXe)15.jpg;https://ei.phncdn.com/videos/202002/03/281578291/original/(m=eaAaGwObaaamqv)(mh=yk35QFgnjzWbljXe)16.jpg
<iframe src="https://www.pornhub.com/embed/ph5e5dbe608c86f" frameborder="0" height="481" width="608" scrolling="no"></iframe>|https://ei.phncdn.com/videos/202003/03/289452452/original/(m=qKZN37Wbeaf8GgaaaWavb)(mh=9_PHpMW6zcD65WnG)0.jpg|https://ei.phncdn.com/videos/202003/03/289452452/original/(m=eaf8GgaaaWavb)(mh=1xbiGJ6PyM-mEIkC)1.jpg;https://ei.phncdn.com/videos/202003/03/289452452/original/(m=eaf8GgaaaWavb)(mh=1xbiGJ6PyM-mEIkC)2.jpg;https://ei.phncdn.com/videos/202003/03/289452452/original/(m=eaf8GgaaaWavb)(mh=1xbiGJ6PyM-mEIkC)3.jpg;https://ei.phncdn.com/videos/202003/03/289452452/original/(m=eaf8GgaaaWavb)(mh=1xbiGJ6PyM-mEIkC)4.jpg;https://ei.phncdn.com/videos/202003/03/289452452/original/(m=eaf8GgaaaWavb)(mh=1xbiGJ6PyM-mEIkC)5.jpg;https://ei.phncdn.com/videos/202003/03/289452452/original/(m=eaf8GgaaaWavb)(mh=1xbiGJ6PyM-mEIkC)6.jpg;https://ei.phncdn.com/videos/202003/03/289452452/original/(m=eaf8GgaaaWavb)(mh=1xbiGJ6PyM-mEIkC)7.jpg;https://ei.phncdn.com/videos/202003/03/289452452/original/(m=eaf8GgaaaWavb)(mh=1xbiGJ6PyM-mEIkC)8.jpg;https://ei.phncdn.com/videos/202003/03/289452452/original/(m=eaf8GgaaaWavb)(mh=1xbiGJ6PyM-mEIkC)9.jpg;https://ei.phncdn.com/videos/202003/03/289452452/original/(m=eaf8GgaaaWavb)(mh=1xbiGJ6PyM-mEIkC)10.jpg;https://ei.phncdn.com/videos/202003/03/289452452/original/(m=eaf8GgaaaWavb)(mh=1xbiGJ6PyM-mEIkC)11.jpg;https://ei.phncdn.com/videos/202003/03/289452452/original/(m=eaf8GgaaaWavb)(mh=1xbiGJ6PyM-mEIkC)12.jpg;https://ei.phncdn.com/videos/202003/03/289452452/original/(m=eaf8GgaaaWavb)(mh=1xbiGJ6PyM-mEIkC)13.jpg;https://ei.phncdn.com/videos/202003/03/289452452/original/(m=eaf8GgaaaWavb)(mh=1xbiGJ6PyM-mEIkC)14.jpg;https://ei.phncdn.com/videos/202003/03/289452452/original/(m=eaf8GgaaaWavb)(mh=1xbiGJ6PyM-mEIkC)15.jpg;https://ei.phncdn.com/videos/202003/03/289452452/original/(m=eaf8GgaaaWavb)(mh=1xbiGJ6PyM-mEIkC)16.jpg|VRALLURE Let Me Tell You My Perfect Date|vrallure;masturbate;latin;petite;vr-allure;virtual-reality;180;solo;voyeur;kissing;pussy-lick;toys;small-boobs;blonde;alita-lee;teen|Virtual Reality;Solo Female;180°;3D||361|13347|43|11|https://ei.phncdn.com/videos/202003/03/289452452/original/(m=qKZN37WbeaAaGwObaaamqv)(mh=DdpMkKNyloQ0lWlk)0.jpg|https://ei.phncdn.com/videos/202003/03/289452452/original/(m=eaAaGwObaaamqv)(mh=4fBgQCjkkuZweoG1)1.jpg;https://ei.phncdn.com/videos/202003/03/289452452/original/(m=eaAaGwObaaamqv)(mh=4fBgQCjkkuZweoG1)2.jpg;https://ei.phncdn.com/videos/202003/03/289452452/original/(m=eaAaGwObaaamqv)(mh=4fBgQCjkkuZweoG1)3.jpg;https://ei.phncdn.com/videos/202003/03/289452452/original/(m=eaAaGwObaaamqv)(mh=4fBgQCjkkuZweoG1)4.jpg;https://ei.phncdn.com/videos/202003/03/289452452/original/(m=eaAaGwObaaamqv)(mh=4fBgQCjkkuZweoG1)5.jpg;https://ei.phncdn.com/videos/202003/03/289452452/original/(m=eaAaGwObaaamqv)(mh=4fBgQCjkkuZweoG1)6.jpg;https://ei.phncdn.com/videos/202003/03/289452452/original/(m=eaAaGwObaaamqv)(mh=4fBgQCjkkuZweoG1)7.jpg;https://ei.phncdn.com/videos/202003/03/289452452/original/(m=eaAaGwObaaamqv)(mh=4fBgQCjkkuZweoG1)8.jpg;https://ei.phncdn.com/videos/202003/03/289452452/original/(m=eaAaGwObaaamqv)(mh=4fBgQCjkkuZweoG1)9.jpg;https://ei.phncdn.com/videos/202003/03/289452452/original/(m=eaAaGwObaaamqv)(mh=4fBgQCjkkuZweoG1)10.jpg;https://ei.phncdn.com/videos/202003/03/289452452/original/(m=eaAaGwObaaamqv)(mh=4fBgQCjkkuZweoG1)11.jpg;https://ei.phncdn.com/videos/202003/03/289452452/original/(m=eaAaGwObaaamqv)(mh=4fBgQCjkkuZweoG1)12.jpg;https://ei.phncdn.com/videos/202003/03/289452452/original/(m=eaAaGwObaaamqv)(mh=4fBgQCjkkuZweoG1)13.jpg;https://ei.phncdn.com/videos/202003/03/289452452/original/(m=eaAaGwObaaamqv)(mh=4fBgQCjkkuZweoG1)14.jpg;https://ei.phncdn.com/videos/202003/03/289452452/original/(m=eaAaGwObaaamqv)(mh=4fBgQCjkkuZweoG1)15.jpg;https://ei.phncdn.com/videos/202003/03/289452452/original/(m=eaAaGwObaaamqv)(mh=4fBgQCjkkuZweoG1)16.jpg
<iframe src="https://www.pornhub.com/embed/ph5e64daba77657" frameborder="0" height="481" width="608" scrolling="no"></iframe>|https://ei.phncdn.com/videos/202003/10/291753292/original/(m=eaf8GgaaaWavb)(mh=dBx37-DLOFg0sGtn)11.jpg|https://ei.phncdn.com/videos/202003/10/291753292/original/(m=eaf8GgaaaWavb)(mh=dBx37-DLOFg0sGtn)1.jpg;https://ei.phncdn.com/videos/202003/10/291753292/original/(m=eaf8GgaaaWavb)(mh=dBx37-DLOFg0sGtn)2.jpg;https://ei.phncdn.com/videos/202003/10/291753292/original/(m=eaf8GgaaaWavb)(mh=dBx37-DLOFg0sGtn)3.jpg;https://ei.phncdn.com/videos/202003/10/291753292/original/(m=eaf8GgaaaWavb)(mh=dBx37-DLOFg0sGtn)4.jpg;https://ei.phncdn.com/videos/202003/10/291753292/original/(m=eaf8GgaaaWavb)(mh=dBx37-DLOFg0sGtn)5.jpg;https://ei.phncdn.com/videos/202003/10/291753292/original/(m=eaf8GgaaaWavb)(mh=dBx37-DLOFg0sGtn)6.jpg;https://ei.phncdn.com/videos/202003/10/291753292/original/(m=eaf8GgaaaWavb)(mh=dBx37-DLOFg0sGtn)7.jpg;https://ei.phncdn.com/videos/202003/10/291753292/original/(m=eaf8GgaaaWavb)(mh=dBx37-DLOFg0sGtn)8.jpg;https://ei.phncdn.com/videos/202003/10/291753292/original/(m=eaf8GgaaaWavb)(mh=dBx37-DLOFg0sGtn)9.jpg;https://ei.phncdn.com/videos/202003/10/291753292/original/(m=eaf8GgaaaWavb)(mh=dBx37-DLOFg0sGtn)10.jpg;https://ei.phncdn.com/videos/202003/10/291753292/original/(m=eaf8GgaaaWavb)(mh=dBx37-DLOFg0sGtn)11.jpg;https://ei.phncdn.com/videos/202003/10/291753292/original/(m=eaf8GgaaaWavb)(mh=dBx37-DLOFg0sGtn)12.jpg;https://ei.phncdn.com/videos/202003/10/291753292/original/(m=eaf8GgaaaWavb)(mh=dBx37-DLOFg0sGtn)13.jpg;https://ei.phncdn.com/videos/202003/10/291753292/original/(m=eaf8GgaaaWavb)(mh=dBx37-DLOFg0sGtn)14.jpg;https://ei.phncdn.com/videos/202003/10/291753292/original/(m=eaf8GgaaaWavb)(mh=dBx37-DLOFg0sGtn)15.jpg;https://ei.phncdn.com/videos/202003/10/291753292/original/(m=eaf8GgaaaWavb)(mh=dBx37-DLOFg0sGtn)16.jpg|Louise Working Hard In The Office To Give You An Erection|zexyvr;big-boobs;teenager;virtual;reality;blonde-striptease;babe-vr;babe-striptease;british-teen;office-nude;naked-office;british-vr|Virtual Reality;Solo Female;180°;3D||664|1167|11|8|https://ei.phncdn.com/videos/202003/10/291753292/original/(m=eaAaGwObaaamqv)(mh=ZRDfjGv8y0hrsp5u)11.jpg|https://ei.phncdn.com/videos/202003/10/291753292/original/(m=eaAaGwObaaamqv)(mh=ZRDfjGv8y0hrsp5u)1.jpg;https://ei.phncdn.com/videos/202003/10/291753292/original/(m=eaAaGwObaaamqv)(mh=ZRDfjGv8y0hrsp5u)2.jpg;https://ei.phncdn.com/videos/202003/10/291753292/original/(m=eaAaGwObaaamqv)(mh=ZRDfjGv8y0hrsp5u)3.jpg;https://ei.phncdn.com/videos/202003/10/291753292/original/(m=eaAaGwObaaamqv)(mh=ZRDfjGv8y0hrsp5u)4.jpg;https://ei.phncdn.com/videos/202003/10/291753292/original/(m=eaAaGwObaaamqv)(mh=ZRDfjGv8y0hrsp5u)5.jpg;https://ei.phncdn.com/videos/202003/10/291753292/original/(m=eaAaGwObaaamqv)(mh=ZRDfjGv8y0hrsp5u)6.jpg;https://ei.phncdn.com/videos/202003/10/291753292/original/(m=eaAaGwObaaamqv)(mh=ZRDfjGv8y0hrsp5u)7.jpg;https://ei.phncdn.com/videos/202003/10/291753292/original/(m=eaAaGwObaaamqv)(mh=ZRDfjGv8y0hrsp5u)8.jpg;https://ei.phncdn.com/videos/202003/10/291753292/original/(m=eaAaGwObaaamqv)(mh=ZRDfjGv8y0hrsp5u)9.jpg;https://ei.phncdn.com/videos/202003/10/291753292/original/(m=eaAaGwObaaamqv)(mh=ZRDfjGv8y0hrsp5u)10.jpg;https://ei.phncdn.com/videos/202003/10/291753292/original/(m=eaAaGwObaaamqv)(mh=ZRDfjGv8y0hrsp5u)11.jpg;https://ei.phncdn.com/videos/202003/10/291753292/original/(m=eaAaGwObaaamqv)(mh=ZRDfjGv8y0hrsp5u)12.jpg;https://ei.phncdn.com/videos/202003/10/291753292/original/(m=eaAaGwObaaamqv)(mh=ZRDfjGv8y0hrsp5u)13.jpg;https://ei.phncdn.com/videos/202003/10/291753292/original/(m=eaAaGwObaaamqv)(mh=ZRDfjGv8y0hrsp5u)14.jpg;https://ei.phncdn.com/videos/202003/10/291753292/original/(m=eaAaGwObaaamqv)(mh=ZRDfjGv8y0hrsp5u)15.jpg;https://ei.phncdn.com/videos/202003/10/291753292/original/(m=eaAaGwObaaamqv)(mh=ZRDfjGv8y0hrsp5u)16.jpg
<iframe src="https://www.pornhub.com/embed/ph5e74916a7c5eb" frameborder="0" height="481" width="608" scrolling="no"></iframe>|https://ei.phncdn.com/videos/202003/20/294845931/original/(m=qZZWPNVbeaf8GgaaaWavb)(mh=NGzy62IZOQpiFFHu)0.jpg|https://ei.phncdn.com/videos/202003/20/294845931/original/(m=eaf8GgaaaWavb)(mh=v_bjQ_HnGK-JV4J2)1.jpg;https://ei.phncdn.com/videos/202003/20/294845931/original/(m=eaf8GgaaaWavb)(mh=v_bjQ_HnGK-JV4J2)2.jpg;https://ei.phncdn.com/videos/202003/20/294845931/original/(m=eaf8GgaaaWavb)(mh=v_bjQ_HnGK-JV4J2)3.jpg;https://ei.phncdn.com/videos/202003/20/294845931/original/(m=eaf8GgaaaWavb)(mh=v_bjQ_HnGK-JV4J2)4.jpg;https://ei.phncdn.com/videos/202003/20/294845931/original/(m=eaf8GgaaaWavb)(mh=v_bjQ_HnGK-JV4J2)5.jpg;https://ei.phncdn.com/videos/202003/20/294845931/original/(m=eaf8GgaaaWavb)(mh=v_bjQ_HnGK-JV4J2)6.jpg;https://ei.phncdn.com/videos/202003/20/294845931/original/(m=eaf8GgaaaWavb)(mh=v_bjQ_HnGK-JV4J2)7.jpg;https://ei.phncdn.com/videos/202003/20/294845931/original/(m=eaf8GgaaaWavb)(mh=v_bjQ_HnGK-JV4J2)8.jpg;https://ei.phncdn.com/videos/202003/20/294845931/original/(m=eaf8GgaaaWavb)(mh=v_bjQ_HnGK-JV4J2)9.jpg;https://ei.phncdn.com/videos/202003/20/294845931/original/(m=eaf8GgaaaWavb)(mh=v_bjQ_HnGK-JV4J2)10.jpg;https://ei.phncdn.com/videos/202003/20/294845931/original/(m=eaf8GgaaaWavb)(mh=v_bjQ_HnGK-JV4J2)11.jpg;https://ei.phncdn.com/videos/202003/20/294845931/original/(m=eaf8GgaaaWavb)(mh=v_bjQ_HnGK-JV4J2)12.jpg;https://ei.phncdn.com/videos/202003/20/294845931/original/(m=eaf8GgaaaWavb)(mh=v_bjQ_HnGK-JV4J2)13.jpg;https://ei.phncdn.com/videos/202003/20/294845931/original/(m=eaf8GgaaaWavb)(mh=v_bjQ_HnGK-JV4J2)14.jpg;https://ei.phncdn.com/videos/202003/20/294845931/original/(m=eaf8GgaaaWavb)(mh=v_bjQ_HnGK-JV4J2)15.jpg;https://ei.phncdn.com/videos/202003/20/294845931/original/(m=eaf8GgaaaWavb)(mh=v_bjQ_HnGK-JV4J2)16.jpg|VIRTUAL TABOO - Flexible Teen Needs Big Cock|virtualtaboo;masturbate;petite;teenager;virtual;reality;teen;natural-tits;small-tits;shaved-pussy;no-tattoos|Virtual Reality;Step Fantasy;Solo Female;180°;3D||359|1605|3|0|https://ei.phncdn.com/videos/202003/20/294845931/original/(m=qZZWPNVbeaAaGwObaaamqv)(mh=8Cphldhec35ka4Po)0.jpg|https://ei.phncdn.com/videos/202003/20/294845931/original/(m=eaAaGwObaaamqv)(mh=5z5C01BpAbmK8YRA)1.jpg;https://ei.phncdn.com/videos/202003/20/294845931/original/(m=eaAaGwObaaamqv)(mh=5z5C01BpAbmK8YRA)2.jpg;https://ei.phncdn.com/videos/202003/20/294845931/original/(m=eaAaGwObaaamqv)(mh=5z5C01BpAbmK8YRA)3.jpg;https://ei.phncdn.com/videos/202003/20/294845931/original/(m=eaAaGwObaaamqv)(mh=5z5C01BpAbmK8YRA)4.jpg;https://ei.phncdn.com/videos/202003/20/294845931/original/(m=eaAaGwObaaamqv)(mh=5z5C01BpAbmK8YRA)5.jpg;https://ei.phncdn.com/videos/202003/20/294845931/original/(m=eaAaGwObaaamqv)(mh=5z5C01BpAbmK8YRA)6.jpg;https://ei.phncdn.com/videos/202003/20/294845931/original/(m=eaAaGwObaaamqv)(mh=5z5C01BpAbmK8YRA)7.jpg;https://ei.phncdn.com/videos/202003/20/294845931/original/(m=eaAaGwObaaamqv)(mh=5z5C01BpAbmK8YRA)8.jpg;https://ei.phncdn.com/videos/202003/20/294845931/original/(m=eaAaGwObaaamqv)(mh=5z5C01BpAbmK8YRA)9.jpg;https://ei.phncdn.com/videos/202003/20/294845931/original/(m=eaAaGwObaaamqv)(mh=5z5C01BpAbmK8YRA)10.jpg;https://ei.phncdn.com/videos/202003/20/294845931/original/(m=eaAaGwObaaamqv)(mh=5z5C01BpAbmK8YRA)11.jpg;https://ei.phncdn.com/videos/202003/20/294845931/original/(m=eaAaGwObaaamqv)(mh=5z5C01BpAbmK8YRA)12.jpg;https://ei.phncdn.com/videos/202003/20/294845931/original/(m=eaAaGwObaaamqv)(mh=5z5C01BpAbmK8YRA)13.jpg;https://ei.phncdn.com/videos/202003/20/294845931/original/(m=eaAaGwObaaamqv)(mh=5z5C01BpAbmK8YRA)14.jpg;https://ei.phncdn.com/videos/202003/20/294845931/original/(m=eaAaGwObaaamqv)(mh=5z5C01BpAbmK8YRA)15.jpg;https://ei.phncdn.com/videos/202003/20/294845931/original/(m=eaAaGwObaaamqv)(mh=5z5C01BpAbmK8YRA)16.jpg
<iframe src="https://www.pornhub.com/embed/ph5e755278a244f" frameborder="0" height="481" width="608" scrolling="no"></iframe>|https://ei.phncdn.com/videos/202003/20/295043331/original/(m=eaf8GgaaaWavb)(mh=O7EXqHUFW3350vwu)14.jpg|https://ei.phncdn.com/videos/202003/20/295043331/original/(m=eaf8GgaaaWavb)(mh=O7EXqHUFW3350vwu)1.jpg;https://ei.phncdn.com/videos/202003/20/295043331/original/(m=eaf8GgaaaWavb)(mh=O7EXqHUFW3350vwu)2.jpg;https://ei.phncdn.com/videos/202003/20/295043331/original/(m=eaf8GgaaaWavb)(mh=O7EXqHUFW3350vwu)3.jpg;https://ei.phncdn.com/videos/202003/20/295043331/original/(m=eaf8GgaaaWavb)(mh=O7EXqHUFW3350vwu)4.jpg;https://ei.phncdn.com/videos/202003/20/295043331/original/(m=eaf8GgaaaWavb)(mh=O7EXqHUFW3350vwu)5.jpg;https://ei.phncdn.com/videos/202003/20/295043331/original/(m=eaf8GgaaaWavb)(mh=O7EXqHUFW3350vwu)6.jpg;https://ei.phncdn.com/videos/202003/20/295043331/original/(m=eaf8GgaaaWavb)(mh=O7EXqHUFW3350vwu)7.jpg;https://ei.phncdn.com/videos/202003/20/295043331/original/(m=eaf8GgaaaWavb)(mh=O7EXqHUFW3350vwu)8.jpg;https://ei.phncdn.com/videos/202003/20/295043331/original/(m=eaf8GgaaaWavb)(mh=O7EXqHUFW3350vwu)9.jpg;https://ei.phncdn.com/videos/202003/20/295043331/original/(m=eaf8GgaaaWavb)(mh=O7EXqHUFW3350vwu)10.jpg;https://ei.phncdn.com/videos/202003/20/295043331/original/(m=eaf8GgaaaWavb)(mh=O7EXqHUFW3350vwu)11.jpg;https://ei.phncdn.com/videos/202003/20/295043331/original/(m=eaf8GgaaaWavb)(mh=O7EXqHUFW3350vwu)12.jpg;https://ei.phncdn.com/videos/202003/20/295043331/original/(m=eaf8GgaaaWavb)(mh=O7EXqHUFW3350vwu)13.jpg;https://ei.phncdn.com/videos/202003/20/295043331/original/(m=eaf8GgaaaWavb)(mh=O7EXqHUFW3350vwu)14.jpg;https://ei.phncdn.com/videos/202003/20/295043331/original/(m=eaf8GgaaaWavb)(mh=O7EXqHUFW3350vwu)15.jpg;https://ei.phncdn.com/videos/202003/20/295043331/original/(m=eaf8GgaaaWavb)(mh=O7EXqHUFW3350vwu)16.jpg|Je repeins mes murs toute nue|voyeur;watching;big-ass;big-boobs;chubby;bbw|Virtual Reality;Exclusive;Verified Amateurs;Solo Female;360°;3D||507|952|9|0|https://ei.phncdn.com/videos/202003/20/295043331/original/(m=eaAaGwObaaamqv)(mh=fUh9tfmJzOHoC038)14.jpg|https://ei.phncdn.com/videos/202003/20/295043331/original/(m=eaAaGwObaaamqv)(mh=fUh9tfmJzOHoC038)1.jpg;https://ei.phncdn.com/videos/202003/20/295043331/original/(m=eaAaGwObaaamqv)(mh=fUh9tfmJzOHoC038)2.jpg;https://ei.phncdn.com/videos/202003/20/295043331/original/(m=eaAaGwObaaamqv)(mh=fUh9tfmJzOHoC038)3.jpg;https://ei.phncdn.com/videos/202003/20/295043331/original/(m=eaAaGwObaaamqv)(mh=fUh9tfmJzOHoC038)4.jpg;https://ei.phncdn.com/videos/202003/20/295043331/original/(m=eaAaGwObaaamqv)(mh=fUh9tfmJzOHoC038)5.jpg;https://ei.phncdn.com/videos/202003/20/295043331/original/(m=eaAaGwObaaamqv)(mh=fUh9tfmJzOHoC038)6.jpg;https://ei.phncdn.com/videos/202003/20/295043331/original/(m=eaAaGwObaaamqv)(mh=fUh9tfmJzOHoC038)7.jpg;https://ei.phncdn.com/videos/202003/20/295043331/original/(m=eaAaGwObaaamqv)(mh=fUh9tfmJzOHoC038)8.jpg;https://ei.phncdn.com/videos/202003/20/295043331/original/(m=eaAaGwObaaamqv)(mh=fUh9tfmJzOHoC038)9.jpg;https://ei.phncdn.com/videos/202003/20/295043331/original/(m=eaAaGwObaaamqv)(mh=fUh9tfmJzOHoC038)10.jpg;https://ei.phncdn.com/videos/202003/20/295043331/original/(m=eaAaGwObaaamqv)(mh=fUh9tfmJzOHoC038)11.jpg;https://ei.phncdn.com/videos/202003/20/295043331/original/(m=eaAaGwObaaamqv)(mh=fUh9tfmJzOHoC038)12.jpg;https://ei.phncdn.com/videos/202003/20/295043331/original/(m=eaAaGwObaaamqv)(mh=fUh9tfmJzOHoC038)13.jpg;https://ei.phncdn.com/videos/202003/20/295043331/original/(m=eaAaGwObaaamqv)(mh=fUh9tfmJzOHoC038)14.jpg;https://ei.phncdn.com/videos/202003/20/295043331/original/(m=eaAaGwObaaamqv)(mh=fUh9tfmJzOHoC038)15.jpg;https://ei.phncdn.com/videos/202003/20/295043331/original/(m=eaAaGwObaaamqv)(mh=fUh9tfmJzOHoC038)16.jpg
<iframe src="https://www.pornhub.com/embed/ph5e85c6a9d220b" frameborder="0" height="481" width="608" scrolling="no"></iframe>|https://ei.phncdn.com/videos/202004/02/299454962/original/(m=qIT0ROVbeaf8GgaaaWavb)(mh=EPEl8TMevxzf3SX9)0.jpg|https://ei.phncdn.com/videos/202004/02/299454962/original/(m=eaf8GgaaaWavb)(mh=7Zq0FNDIQaaUkXan)1.jpg;https://ei.phncdn.com/videos/202004/02/299454962/original/(m=eaf8GgaaaWavb)(mh=7Zq0FNDIQaaUkXan)2.jpg;https://ei.phncdn.com/videos/202004/02/299454962/original/(m=eaf8GgaaaWavb)(mh=7Zq0FNDIQaaUkXan)3.jpg;https://ei.phncdn.com/videos/202004/02/299454962/original/(m=eaf8GgaaaWavb)(mh=7Zq0FNDIQaaUkXan)4.jpg;https://ei.phncdn.com/videos/202004/02/299454962/original/(m=eaf8GgaaaWavb)(mh=7Zq0FNDIQaaUkXan)5.jpg;https://ei.phncdn.com/videos/202004/02/299454962/original/(m=eaf8GgaaaWavb)(mh=7Zq0FNDIQaaUkXan)6.jpg;https://ei.phncdn.com/videos/202004/02/299454962/original/(m=eaf8GgaaaWavb)(mh=7Zq0FNDIQaaUkXan)7.jpg;https://ei.phncdn.com/videos/202004/02/299454962/original/(m=eaf8GgaaaWavb)(mh=7Zq0FNDIQaaUkXan)8.jpg;https://ei.phncdn.com/videos/202004/02/299454962/original/(m=eaf8GgaaaWavb)(mh=7Zq0FNDIQaaUkXan)9.jpg;https://ei.phncdn.com/videos/202004/02/299454962/original/(m=eaf8GgaaaWavb)(mh=7Zq0FNDIQaaUkXan)10.jpg;https://ei.phncdn.com/videos/202004/02/299454962/original/(m=eaf8GgaaaWavb)(mh=7Zq0FNDIQaaUkXan)11.jpg;https://ei.phncdn.com/videos/202004/02/299454962/original/(m=eaf8GgaaaWavb)(mh=7Zq0FNDIQaaUkXan)12.jpg;https://ei.phncdn.com/videos/202004/02/299454962/original/(m=eaf8GgaaaWavb)(mh=7Zq0FNDIQaaUkXan)13.jpg;https://ei.phncdn.com/videos/202004/02/299454962/original/(m=eaf8GgaaaWavb)(mh=7Zq0FNDIQaaUkXan)14.jpg;https://ei.phncdn.com/videos/202004/02/299454962/original/(m=eaf8GgaaaWavb)(mh=7Zq0FNDIQaaUkXan)15.jpg;https://ei.phncdn.com/videos/202004/02/299454962/original/(m=eaf8GgaaaWavb)(mh=7Zq0FNDIQaaUkXan)16.jpg|VIRTUAL TABOO - Your Private Home Whore|virtualtaboo;masturbate;petite;teenager;young;virtual;reality;natural-tits;masturbation;shaved-pussy;small-tits;no-tattoos|Virtual Reality;Step Fantasy;Solo Female||359|12272|45|4|https://ei.phncdn.com/videos/202004/02/299454962/original/(m=qIT0ROVbeaAaGwObaaamqv)(mh=j6Jl5wTGUVtkVF0X)0.jpg|https://ei.phncdn.com/videos/202004/02/299454962/original/(m=eaAaGwObaaamqv)(mh=U3o0ZChn--yztX6P)1.jpg;https://ei.phncdn.com/videos/202004/02/299454962/original/(m=eaAaGwObaaamqv)(mh=U3o0ZChn--yztX6P)2.jpg;https://ei.phncdn.com/videos/202004/02/299454962/original/(m=eaAaGwObaaamqv)(mh=U3o0ZChn--yztX6P)3.jpg;https://ei.phncdn.com/videos/202004/02/299454962/original/(m=eaAaGwObaaamqv)(mh=U3o0ZChn--yztX6P)4.jpg;https://ei.phncdn.com/videos/202004/02/299454962/original/(m=eaAaGwObaaamqv)(mh=U3o0ZChn--yztX6P)5.jpg;https://ei.phncdn.com/videos/202004/02/299454962/original/(m=eaAaGwObaaamqv)(mh=U3o0ZChn--yztX6P)6.jpg;https://ei.phncdn.com/videos/202004/02/299454962/original/(m=eaAaGwObaaamqv)(mh=U3o0ZChn--yztX6P)7.jpg;https://ei.phncdn.com/videos/202004/02/299454962/original/(m=eaAaGwObaaamqv)(mh=U3o0ZChn--yztX6P)8.jpg;https://ei.phncdn.com/videos/202004/02/299454962/original/(m=eaAaGwObaaamqv)(mh=U3o0ZChn--yztX6P)9.jpg;https://ei.phncdn.com/videos/202004/02/299454962/original/(m=eaAaGwObaaamqv)(mh=U3o0ZChn--yztX6P)10.jpg;https://ei.phncdn.com/videos/202004/02/299454962/original/(m=eaAaGwObaaamqv)(mh=U3o0ZChn--yztX6P)11.jpg;https://ei.phncdn.com/videos/202004/02/299454962/original/(m=eaAaGwObaaamqv)(mh=U3o0ZChn--yztX6P)12.jpg;https://ei.phncdn.com/videos/202004/02/299454962/original/(m=eaAaGwObaaamqv)(mh=U3o0ZChn--yztX6P)13.jpg;https://ei.phncdn.com/videos/202004/02/299454962/original/(m=eaAaGwObaaamqv)(mh=U3o0ZChn--yztX6P)14.jpg;https://ei.phncdn.com/videos/202004/02/299454962/original/(m=eaAaGwObaaamqv)(mh=U3o0ZChn--yztX6P)15.jpg;https://ei.phncdn.com/videos/202004/02/299454962/original/(m=eaAaGwObaaamqv)(mh=U3o0ZChn--yztX6P)16.jpg
<iframe src="https://www.pornhub.com/embed/5e8ec8e498409" frameborder="0" height="481" width="608" scrolling="no"></iframe>|https://ei.phncdn.com/videos/202004/09/301763332/original/(m=eaf8GgaaaWavb)(mh=TYDlrbIKXpy1xYD3)6.jpg|https://ei.phncdn.com/videos/202004/09/301763332/original/(m=eaf8GgaaaWavb)(mh=TYDlrbIKXpy1xYD3)1.jpg;https://ei.phncdn.com/videos/202004/09/301763332/original/(m=eaf8GgaaaWavb)(mh=TYDlrbIKXpy1xYD3)2.jpg;https://ei.phncdn.com/videos/202004/09/301763332/original/(m=eaf8GgaaaWavb)(mh=TYDlrbIKXpy1xYD3)3.jpg;https://ei.phncdn.com/videos/202004/09/301763332/original/(m=eaf8GgaaaWavb)(mh=TYDlrbIKXpy1xYD3)4.jpg;https://ei.phncdn.com/videos/202004/09/301763332/original/(m=eaf8GgaaaWavb)(mh=TYDlrbIKXpy1xYD3)5.jpg;https://ei.phncdn.com/videos/202004/09/301763332/original/(m=eaf8GgaaaWavb)(mh=TYDlrbIKXpy1xYD3)6.jpg;https://ei.phncdn.com/videos/202004/09/301763332/original/(m=eaf8GgaaaWavb)(mh=TYDlrbIKXpy1xYD3)7.jpg;https://ei.phncdn.com/videos/202004/09/301763332/original/(m=eaf8GgaaaWavb)(mh=TYDlrbIKXpy1xYD3)8.jpg;https://ei.phncdn.com/videos/202004/09/301763332/original/(m=eaf8GgaaaWavb)(mh=TYDlrbIKXpy1xYD3)9.jpg;https://ei.phncdn.com/videos/202004/09/301763332/original/(m=eaf8GgaaaWavb)(mh=TYDlrbIKXpy1xYD3)10.jpg;https://ei.phncdn.com/videos/202004/09/301763332/original/(m=eaf8GgaaaWavb)(mh=TYDlrbIKXpy1xYD3)11.jpg;https://ei.phncdn.com/videos/202004/09/301763332/original/(m=eaf8GgaaaWavb)(mh=TYDlrbIKXpy1xYD3)12.jpg;https://ei.phncdn.com/videos/202004/09/301763332/original/(m=eaf8GgaaaWavb)(mh=TYDlrbIKXpy1xYD3)13.jpg;https://ei.phncdn.com/videos/202004/09/301763332/original/(m=eaf8GgaaaWavb)(mh=TYDlrbIKXpy1xYD3)14.jpg;https://ei.phncdn.com/videos/202004/09/301763332/original/(m=eaf8GgaaaWavb)(mh=TYDlrbIKXpy1xYD3)15.jpg;https://ei.phncdn.com/videos/202004/09/301763332/original/(m=eaf8GgaaaWavb)(mh=TYDlrbIKXpy1xYD3)16.jpg|My vibrator got me creaming part 1|creampie;dripping-wet-pussy|Virtual Reality;Exclusive;Verified Amateurs;Solo Female;360°;3D||62|4|||https://ei.phncdn.com/videos/202004/09/301763332/original/(m=eaAaGwObaaamqv)(mh=ZNgoZ3-PbUKG3BT2)6.jpg|https://ei.phncdn.com/videos/202004/09/301763332/original/(m=eaAaGwObaaamqv)(mh=ZNgoZ3-PbUKG3BT2)1.jpg;https://ei.phncdn.com/videos/202004/09/301763332/original/(m=eaAaGwObaaamqv)(mh=ZNgoZ3-PbUKG3BT2)2.jpg;https://ei.phncdn.com/videos/202004/09/301763332/original/(m=eaAaGwObaaamqv)(mh=ZNgoZ3-PbUKG3BT2)3.jpg;https://ei.phncdn.com/videos/202004/09/301763332/original/(m=eaAaGwObaaamqv)(mh=ZNgoZ3-PbUKG3BT2)4.jpg;https://ei.phncdn.com/videos/202004/09/301763332/original/(m=eaAaGwObaaamqv)(mh=ZNgoZ3-PbUKG3BT2)5.jpg;https://ei.phncdn.com/videos/202004/09/301763332/original/(m=eaAaGwObaaamqv)(mh=ZNgoZ3-PbUKG3BT2)6.jpg;https://ei.phncdn.com/videos/202004/09/301763332/original/(m=eaAaGwObaaamqv)(mh=ZNgoZ3-PbUKG3BT2)7.jpg;https://ei.phncdn.com/videos/202004/09/301763332/original/(m=eaAaGwObaaamqv)(mh=ZNgoZ3-PbUKG3BT2)8.jpg;https://ei.phncdn.com/videos/202004/09/301763332/original/(m=eaAaGwObaaamqv)(mh=ZNgoZ3-PbUKG3BT2)9.jpg;https://ei.phncdn.com/videos/202004/09/301763332/original/(m=eaAaGwObaaamqv)(mh=ZNgoZ3-PbUKG3BT2)10.jpg;https://ei.phncdn.com/videos/202004/09/301763332/original/(m=eaAaGwObaaamqv)(mh=ZNgoZ3-PbUKG3BT2)11.jpg;https://ei.phncdn.com/videos/202004/09/301763332/original/(m=eaAaGwObaaamqv)(mh=ZNgoZ3-PbUKG3BT2)12.jpg;https://ei.phncdn.com/videos/202004/09/301763332/original/(m=eaAaGwObaaamqv)(mh=ZNgoZ3-PbUKG3BT2)13.jpg;https://ei.phncdn.com/videos/202004/09/301763332/original/(m=eaAaGwObaaamqv)(mh=ZNgoZ3-PbUKG3BT2)14.jpg;https://ei.phncdn.com/videos/202004/09/301763332/original/(m=eaAaGwObaaamqv)(mh=ZNgoZ3-PbUKG3BT2)15.jpg;https://ei.phncdn.com/videos/202004/09/301763332/original/(m=eaAaGwObaaamqv)(mh=ZNgoZ3-PbUKG3BT2)16.jpg
<iframe src="https://www.pornhub.com/embed/5e8ec9a92eab2" frameborder="0" height="481" width="608" scrolling="no"></iframe>|https://ei.phncdn.com/videos/202004/09/301763662/original/(m=eaf8GgaaaWavb)(mh=MNoMWDMjCVunDewT)3.jpg|https://ei.phncdn.com/videos/202004/09/301763662/original/(m=eaf8GgaaaWavb)(mh=MNoMWDMjCVunDewT)1.jpg;https://ei.phncdn.com/videos/202004/09/301763662/original/(m=eaf8GgaaaWavb)(mh=MNoMWDMjCVunDewT)2.jpg;https://ei.phncdn.com/videos/202004/09/301763662/original/(m=eaf8GgaaaWavb)(mh=MNoMWDMjCVunDewT)3.jpg;https://ei.phncdn.com/videos/202004/09/301763662/original/(m=eaf8GgaaaWavb)(mh=MNoMWDMjCVunDewT)4.jpg;https://ei.phncdn.com/videos/202004/09/301763662/original/(m=eaf8GgaaaWavb)(mh=MNoMWDMjCVunDewT)5.jpg;https://ei.phncdn.com/videos/202004/09/301763662/original/(m=eaf8GgaaaWavb)(mh=MNoMWDMjCVunDewT)6.jpg;https://ei.phncdn.com/videos/202004/09/301763662/original/(m=eaf8GgaaaWavb)(mh=MNoMWDMjCVunDewT)7.jpg;https://ei.phncdn.com/videos/202004/09/301763662/original/(m=eaf8GgaaaWavb)(mh=MNoMWDMjCVunDewT)8.jpg;https://ei.phncdn.com/videos/202004/09/301763662/original/(m=eaf8GgaaaWavb)(mh=MNoMWDMjCVunDewT)9.jpg;https://ei.phncdn.com/videos/202004/09/301763662/original/(m=eaf8GgaaaWavb)(mh=MNoMWDMjCVunDewT)10.jpg;https://ei.phncdn.com/videos/202004/09/301763662/original/(m=eaf8GgaaaWavb)(mh=MNoMWDMjCVunDewT)11.jpg;https://ei.phncdn.com/videos/202004/09/301763662/original/(m=eaf8GgaaaWavb)(mh=MNoMWDMjCVunDewT)12.jpg;https://ei.phncdn.com/videos/202004/09/301763662/original/(m=eaf8GgaaaWavb)(mh=MNoMWDMjCVunDewT)13.jpg;https://ei.phncdn.com/videos/202004/09/301763662/original/(m=eaf8GgaaaWavb)(mh=MNoMWDMjCVunDewT)14.jpg;https://ei.phncdn.com/videos/202004/09/301763662/original/(m=eaf8GgaaaWavb)(mh=MNoMWDMjCVunDewT)15.jpg;https://ei.phncdn.com/videos/202004/09/301763662/original/(m=eaf8GgaaaWavb)(mh=MNoMWDMjCVunDewT)16.jpg|My vibrator got me creaming part 2|creampie;dripping-wet-pussy|Virtual Reality;Exclusive;Verified Amateurs;Solo Female;360°;3D||62|2|||https://ei.phncdn.com/videos/202004/09/301763662/original/(m=eaAaGwObaaamqv)(mh=qNjCL4liRTc3K98H)3.jpg|https://ei.phncdn.com/videos/202004/09/301763662/original/(m=eaAaGwObaaamqv)(mh=qNjCL4liRTc3K98H)1.jpg;https://ei.phncdn.com/videos/202004/09/301763662/original/(m=eaAaGwObaaamqv)(mh=qNjCL4liRTc3K98H)2.jpg;https://ei.phncdn.com/videos/202004/09/301763662/original/(m=eaAaGwObaaamqv)(mh=qNjCL4liRTc3K98H)3.jpg;https://ei.phncdn.com/videos/202004/09/301763662/original/(m=eaAaGwObaaamqv)(mh=qNjCL4liRTc3K98H)4.jpg;https://ei.phncdn.com/videos/202004/09/301763662/original/(m=eaAaGwObaaamqv)(mh=qNjCL4liRTc3K98H)5.jpg;https://ei.phncdn.com/videos/202004/09/301763662/original/(m=eaAaGwObaaamqv)(mh=qNjCL4liRTc3K98H)6.jpg;https://ei.phncdn.com/videos/202004/09/301763662/original/(m=eaAaGwObaaamqv)(mh=qNjCL4liRTc3K98H)7.jpg;https://ei.phncdn.com/videos/202004/09/301763662/original/(m=eaAaGwObaaamqv)(mh=qNjCL4liRTc3K98H)8.jpg;https://ei.phncdn.com/videos/202004/09/301763662/original/(m=eaAaGwObaaamqv)(mh=qNjCL4liRTc3K98H)9.jpg;https://ei.phncdn.com/videos/202004/09/301763662/original/(m=eaAaGwObaaamqv)(mh=qNjCL4liRTc3K98H)10.jpg;https://ei.phncdn.com/videos/202004/09/301763662/original/(m=eaAaGwObaaamqv)(mh=qNjCL4liRTc3K98H)11.jpg;https://ei.phncdn.com/videos/202004/09/301763662/original/(m=eaAaGwObaaamqv)(mh=qNjCL4liRTc3K98H)12.jpg;https://ei.phncdn.com/videos/202004/09/301763662/original/(m=eaAaGwObaaamqv)(mh=qNjCL4liRTc3K98H)13.jpg;https://ei.phncdn.com/videos/202004/09/301763662/original/(m=eaAaGwObaaamqv)(mh=qNjCL4liRTc3K98H)14.jpg;https://ei.phncdn.com/videos/202004/09/301763662/original/(m=eaAaGwObaaamqv)(mh=qNjCL4liRTc3K98H)15.jpg;https://ei.phncdn.com/videos/202004/09/301763662/original/(m=eaAaGwObaaamqv)(mh=qNjCL4liRTc3K98H)16.jpg
<iframe src="https://www.pornhub.com/embed/5e8eca072363f" frameborder="0" height="481" width="608" scrolling="no"></iframe>|https://ei.phncdn.com/videos/202004/09/301764022/original/(m=eaf8GgaaaWavb)(mh=yxdqRcZ1AUas2y80)16.jpg|https://ei.phncdn.com/videos/202004/09/301764022/original/(m=eaf8GgaaaWavb)(mh=yxdqRcZ1AUas2y80)1.jpg;https://ei.phncdn.com/videos/202004/09/301764022/original/(m=eaf8GgaaaWavb)(mh=yxdqRcZ1AUas2y80)2.jpg;https://ei.phncdn.com/videos/202004/09/301764022/original/(m=eaf8GgaaaWavb)(mh=yxdqRcZ1AUas2y80)3.jpg;https://ei.phncdn.com/videos/202004/09/301764022/original/(m=eaf8GgaaaWavb)(mh=yxdqRcZ1AUas2y80)4.jpg;https://ei.phncdn.com/videos/202004/09/301764022/original/(m=eaf8GgaaaWavb)(mh=yxdqRcZ1AUas2y80)5.jpg;https://ei.phncdn.com/videos/202004/09/301764022/original/(m=eaf8GgaaaWavb)(mh=yxdqRcZ1AUas2y80)6.jpg;https://ei.phncdn.com/videos/202004/09/301764022/original/(m=eaf8GgaaaWavb)(mh=yxdqRcZ1AUas2y80)7.jpg;https://ei.phncdn.com/videos/202004/09/301764022/original/(m=eaf8GgaaaWavb)(mh=yxdqRcZ1AUas2y80)8.jpg;https://ei.phncdn.com/videos/202004/09/301764022/original/(m=eaf8GgaaaWavb)(mh=yxdqRcZ1AUas2y80)9.jpg;https://ei.phncdn.com/videos/202004/09/301764022/original/(m=eaf8GgaaaWavb)(mh=yxdqRcZ1AUas2y80)10.jpg;https://ei.phncdn.com/videos/202004/09/301764022/original/(m=eaf8GgaaaWavb)(mh=yxdqRcZ1AUas2y80)11.jpg;https://ei.phncdn.com/videos/202004/09/301764022/original/(m=eaf8GgaaaWavb)(mh=yxdqRcZ1AUas2y80)12.jpg;https://ei.phncdn.com/videos/202004/09/301764022/original/(m=eaf8GgaaaWavb)(mh=yxdqRcZ1AUas2y80)13.jpg;https://ei.phncdn.com/videos/202004/09/301764022/original/(m=eaf8GgaaaWavb)(mh=yxdqRcZ1AUas2y80)14.jpg;https://ei.phncdn.com/videos/202004/09/301764022/original/(m=eaf8GgaaaWavb)(mh=yxdqRcZ1AUas2y80)15.jpg;https://ei.phncdn.com/videos/202004/09/301764022/original/(m=eaf8GgaaaWavb)(mh=yxdqRcZ1AUas2y80)16.jpg|My vibrator got me creaming part 3|creampie;dripping-wet-pussy|Virtual Reality;Exclusive;Verified Amateurs;Solo Female;360°;3D||62|7|||https://ei.phncdn.com/videos/202004/09/301764022/original/(m=eaAaGwObaaamqv)(mh=7FQmtWSazv3sHzHc)16.jpg|https://ei.phncdn.com/videos/202004/09/301764022/original/(m=eaAaGwObaaamqv)(mh=7FQmtWSazv3sHzHc)1.jpg;https://ei.phncdn.com/videos/202004/09/301764022/original/(m=eaAaGwObaaamqv)(mh=7FQmtWSazv3sHzHc)2.jpg;https://ei.phncdn.com/videos/202004/09/301764022/original/(m=eaAaGwObaaamqv)(mh=7FQmtWSazv3sHzHc)3.jpg;https://ei.phncdn.com/videos/202004/09/301764022/original/(m=eaAaGwObaaamqv)(mh=7FQmtWSazv3sHzHc)4.jpg;https://ei.phncdn.com/videos/202004/09/301764022/original/(m=eaAaGwObaaamqv)(mh=7FQmtWSazv3sHzHc)5.jpg;https://ei.phncdn.com/videos/202004/09/301764022/original/(m=eaAaGwObaaamqv)(mh=7FQmtWSazv3sHzHc)6.jpg;https://ei.phncdn.com/videos/202004/09/301764022/original/(m=eaAaGwObaaamqv)(mh=7FQmtWSazv3sHzHc)7.jpg;https://ei.phncdn.com/videos/202004/09/301764022/original/(m=eaAaGwObaaamqv)(mh=7FQmtWSazv3sHzHc)8.jpg;https://ei.phncdn.com/videos/202004/09/301764022/original/(m=eaAaGwObaaamqv)(mh=7FQmtWSazv3sHzHc)9.jpg;https://ei.phncdn.com/videos/202004/09/301764022/original/(m=eaAaGwObaaamqv)(mh=7FQmtWSazv3sHzHc)10.jpg;https://ei.phncdn.com/videos/202004/09/301764022/original/(m=eaAaGwObaaamqv)(mh=7FQmtWSazv3sHzHc)11.jpg;https://ei.phncdn.com/videos/202004/09/301764022/original/(m=eaAaGwObaaamqv)(mh=7FQmtWSazv3sHzHc)12.jpg;https://ei.phncdn.com/videos/202004/09/301764022/original/(m=eaAaGwObaaamqv)(mh=7FQmtWSazv3sHzHc)13.jpg;https://ei.phncdn.com/videos/202004/09/301764022/original/(m=eaAaGwObaaamqv)(mh=7FQmtWSazv3sHzHc)14.jpg;https://ei.phncdn.com/videos/202004/09/301764022/original/(m=eaAaGwObaaamqv)(mh=7FQmtWSazv3sHzHc)15.jpg;https://ei.phncdn.com/videos/202004/09/301764022/original/(m=eaAaGwObaaamqv)(mh=7FQmtWSazv3sHzHc)16.jpg
<iframe src="https://www.pornhub.com/embed/ph5e93e4aa7eaa7" frameborder="0" height="481" width="608" scrolling="no"></iframe>|https://ei.phncdn.com/videos/202004/13/303150042/original/(m=eaf8GgaaaWavb)(mh=CymTqUuCLKFyK9qg)13.jpg|https://ei.phncdn.com/videos/202004/13/303150042/original/(m=eaf8GgaaaWavb)(mh=CymTqUuCLKFyK9qg)1.jpg;https://ei.phncdn.com/videos/202004/13/303150042/original/(m=eaf8GgaaaWavb)(mh=CymTqUuCLKFyK9qg)2.jpg;https://ei.phncdn.com/videos/202004/13/303150042/original/(m=eaf8GgaaaWavb)(mh=CymTqUuCLKFyK9qg)3.jpg;https://ei.phncdn.com/videos/202004/13/303150042/original/(m=eaf8GgaaaWavb)(mh=CymTqUuCLKFyK9qg)4.jpg;https://ei.phncdn.com/videos/202004/13/303150042/original/(m=eaf8GgaaaWavb)(mh=CymTqUuCLKFyK9qg)5.jpg;https://ei.phncdn.com/videos/202004/13/303150042/original/(m=eaf8GgaaaWavb)(mh=CymTqUuCLKFyK9qg)6.jpg;https://ei.phncdn.com/videos/202004/13/303150042/original/(m=eaf8GgaaaWavb)(mh=CymTqUuCLKFyK9qg)7.jpg;https://ei.phncdn.com/videos/202004/13/303150042/original/(m=eaf8GgaaaWavb)(mh=CymTqUuCLKFyK9qg)8.jpg;https://ei.phncdn.com/videos/202004/13/303150042/original/(m=eaf8GgaaaWavb)(mh=CymTqUuCLKFyK9qg)9.jpg;https://ei.phncdn.com/videos/202004/13/303150042/original/(m=eaf8GgaaaWavb)(mh=CymTqUuCLKFyK9qg)10.jpg;https://ei.phncdn.com/videos/202004/13/303150042/original/(m=eaf8GgaaaWavb)(mh=CymTqUuCLKFyK9qg)11.jpg;https://ei.phncdn.com/videos/202004/13/303150042/original/(m=eaf8GgaaaWavb)(mh=CymTqUuCLKFyK9qg)12.jpg;https://ei.phncdn.com/videos/202004/13/303150042/original/(m=eaf8GgaaaWavb)(mh=CymTqUuCLKFyK9qg)13.jpg;https://ei.phncdn.com/videos/202004/13/303150042/original/(m=eaf8GgaaaWavb)(mh=CymTqUuCLKFyK9qg)14.jpg;https://ei.phncdn.com/videos/202004/13/303150042/original/(m=eaf8GgaaaWavb)(mh=CymTqUuCLKFyK9qg)15.jpg;https://ei.phncdn.com/videos/202004/13/303150042/original/(m=eaf8GgaaaWavb)(mh=CymTqUuCLKFyK9qg)16.jpg|step brother records for step sisters onlyfans.link in bio for full video|pov;ebony-amateur;ebony;juicy-ass;ebony-twerk;swingers;black-swingers;stepbrother|Virtual Reality;Step Fantasy;Solo Female;360°;3D||15|524|2|0|https://ei.phncdn.com/videos/202004/13/303150042/original/(m=eaAaGwObaaamqv)(mh=8-NLs7E0X6FFB82i)13.jpg|https://ei.phncdn.com/videos/202004/13/303150042/original/(m=eaAaGwObaaamqv)(mh=8-NLs7E0X6FFB82i)1.jpg;https://ei.phncdn.com/videos/202004/13/303150042/original/(m=eaAaGwObaaamqv)(mh=8-NLs7E0X6FFB82i)2.jpg;https://ei.phncdn.com/videos/202004/13/303150042/original/(m=eaAaGwObaaamqv)(mh=8-NLs7E0X6FFB82i)3.jpg;https://ei.phncdn.com/videos/202004/13/303150042/original/(m=eaAaGwObaaamqv)(mh=8-NLs7E0X6FFB82i)4.jpg;https://ei.phncdn.com/videos/202004/13/303150042/original/(m=eaAaGwObaaamqv)(mh=8-NLs7E0X6FFB82i)5.jpg;https://ei.phncdn.com/videos/202004/13/303150042/original/(m=eaAaGwObaaamqv)(mh=8-NLs7E0X6FFB82i)6.jpg;https://ei.phncdn.com/videos/202004/13/303150042/original/(m=eaAaGwObaaamqv)(mh=8-NLs7E0X6FFB82i)7.jpg;https://ei.phncdn.com/videos/202004/13/303150042/original/(m=eaAaGwObaaamqv)(mh=8-NLs7E0X6FFB82i)8.jpg;https://ei.phncdn.com/videos/202004/13/303150042/original/(m=eaAaGwObaaamqv)(mh=8-NLs7E0X6FFB82i)9.jpg;https://ei.phncdn.com/videos/202004/13/303150042/original/(m=eaAaGwObaaamqv)(mh=8-NLs7E0X6FFB82i)10.jpg;https://ei.phncdn.com/videos/202004/13/303150042/original/(m=eaAaGwObaaamqv)(mh=8-NLs7E0X6FFB82i)11.jpg;https://ei.phncdn.com/videos/202004/13/303150042/original/(m=eaAaGwObaaamqv)(mh=8-NLs7E0X6FFB82i)12.jpg;https://ei.phncdn.com/videos/202004/13/303150042/original/(m=eaAaGwObaaamqv)(mh=8-NLs7E0X6FFB82i)13.jpg;https://ei.phncdn.com/videos/202004/13/303150042/original/(m=eaAaGwObaaamqv)(mh=8-NLs7E0X6FFB82i)14.jpg;https://ei.phncdn.com/videos/202004/13/303150042/original/(m=eaAaGwObaaamqv)(mh=8-NLs7E0X6FFB82i)15.jpg;https://ei.phncdn.com/videos/202004/13/303150042/original/(m=eaAaGwObaaamqv)(mh=8-NLs7E0X6FFB82i)16.jpg
<iframe src="https://www.pornhub.com/embed/5eb2aa2c3253c" frameborder="0" height="481" width="608" scrolling="no"></iframe>|https://ei.phncdn.com/videos/202005/06/310893341/original/(m=eaf8GgaaaWavb)(mh=DvrYsrxxYDpHDftb)3.jpg|https://ei.phncdn.com/videos/202005/06/310893341/original/(m=eaf8GgaaaWavb)(mh=DvrYsrxxYDpHDftb)1.jpg;https://ei.phncdn.com/videos/202005/06/310893341/original/(m=eaf8GgaaaWavb)(mh=DvrYsrxxYDpHDftb)2.jpg;https://ei.phncdn.com/videos/202005/06/310893341/original/(m=eaf8GgaaaWavb)(mh=DvrYsrxxYDpHDftb)3.jpg;https://ei.phncdn.com/videos/202005/06/310893341/original/(m=eaf8GgaaaWavb)(mh=DvrYsrxxYDpHDftb)4.jpg;https://ei.phncdn.com/videos/202005/06/310893341/original/(m=eaf8GgaaaWavb)(mh=DvrYsrxxYDpHDftb)5.jpg;https://ei.phncdn.com/videos/202005/06/310893341/original/(m=eaf8GgaaaWavb)(mh=DvrYsrxxYDpHDftb)6.jpg;https://ei.phncdn.com/videos/202005/06/310893341/original/(m=eaf8GgaaaWavb)(mh=DvrYsrxxYDpHDftb)7.jpg;https://ei.phncdn.com/videos/202005/06/310893341/original/(m=eaf8GgaaaWavb)(mh=DvrYsrxxYDpHDftb)8.jpg;https://ei.phncdn.com/videos/202005/06/310893341/original/(m=eaf8GgaaaWavb)(mh=DvrYsrxxYDpHDftb)9.jpg;https://ei.phncdn.com/videos/202005/06/310893341/original/(m=eaf8GgaaaWavb)(mh=DvrYsrxxYDpHDftb)10.jpg;https://ei.phncdn.com/videos/202005/06/310893341/original/(m=eaf8GgaaaWavb)(mh=DvrYsrxxYDpHDftb)11.jpg;https://ei.phncdn.com/videos/202005/06/310893341/original/(m=eaf8GgaaaWavb)(mh=DvrYsrxxYDpHDftb)12.jpg;https://ei.phncdn.com/videos/202005/06/310893341/original/(m=eaf8GgaaaWavb)(mh=DvrYsrxxYDpHDftb)13.jpg;https://ei.phncdn.com/videos/202005/06/310893341/original/(m=eaf8GgaaaWavb)(mh=DvrYsrxxYDpHDftb)14.jpg;https://ei.phncdn.com/videos/202005/06/310893341/original/(m=eaf8GgaaaWavb)(mh=DvrYsrxxYDpHDftb)15.jpg;https://ei.phncdn.com/videos/202005/06/310893341/original/(m=eaf8GgaaaWavb)(mh=DvrYsrxxYDpHDftb)16.jpg|Sexiest ever |solo-female-orgasm;homemade;female-orgasm;sexy|Virtual Reality;Exclusive;Verified Amateurs;Solo Female;360°;3D||27|1|||https://ei.phncdn.com/videos/202005/06/310893341/original/(m=eaAaGwObaaamqv)(mh=eHFQ9A6njwxnqxwa)3.jpg|https://ei.phncdn.com/videos/202005/06/310893341/original/(m=eaAaGwObaaamqv)(mh=eHFQ9A6njwxnqxwa)1.jpg;https://ei.phncdn.com/videos/202005/06/310893341/original/(m=eaAaGwObaaamqv)(mh=eHFQ9A6njwxnqxwa)2.jpg;https://ei.phncdn.com/videos/202005/06/310893341/original/(m=eaAaGwObaaamqv)(mh=eHFQ9A6njwxnqxwa)3.jpg;https://ei.phncdn.com/videos/202005/06/310893341/original/(m=eaAaGwObaaamqv)(mh=eHFQ9A6njwxnqxwa)4.jpg;https://ei.phncdn.com/videos/202005/06/310893341/original/(m=eaAaGwObaaamqv)(mh=eHFQ9A6njwxnqxwa)5.jpg;https://ei.phncdn.com/videos/202005/06/310893341/original/(m=eaAaGwObaaamqv)(mh=eHFQ9A6njwxnqxwa)6.jpg;https://ei.phncdn.com/videos/202005/06/310893341/original/(m=eaAaGwObaaamqv)(mh=eHFQ9A6njwxnqxwa)7.jpg;https://ei.phncdn.com/videos/202005/06/310893341/original/(m=eaAaGwObaaamqv)(mh=eHFQ9A6njwxnqxwa)8.jpg;https://ei.phncdn.com/videos/202005/06/310893341/original/(m=eaAaGwObaaamqv)(mh=eHFQ9A6njwxnqxwa)9.jpg;https://ei.phncdn.com/videos/202005/06/310893341/original/(m=eaAaGwObaaamqv)(mh=eHFQ9A6njwxnqxwa)10.jpg;https://ei.phncdn.com/videos/202005/06/310893341/original/(m=eaAaGwObaaamqv)(mh=eHFQ9A6njwxnqxwa)11.jpg;https://ei.phncdn.com/videos/202005/06/310893341/original/(m=eaAaGwObaaamqv)(mh=eHFQ9A6njwxnqxwa)12.jpg;https://ei.phncdn.com/videos/202005/06/310893341/original/(m=eaAaGwObaaamqv)(mh=eHFQ9A6njwxnqxwa)13.jpg;https://ei.phncdn.com/videos/202005/06/310893341/original/(m=eaAaGwObaaamqv)(mh=eHFQ9A6njwxnqxwa)14.jpg;https://ei.phncdn.com/videos/202005/06/310893341/original/(m=eaAaGwObaaamqv)(mh=eHFQ9A6njwxnqxwa)15.jpg;https://ei.phncdn.com/videos/202005/06/310893341/original/(m=eaAaGwObaaamqv)(mh=eHFQ9A6njwxnqxwa)16.jpg
<iframe src="https://www.pornhub.com/embed/5ec7d3d78cf9e" frameborder="0" height="481" width="608" scrolling="no"></iframe>|https://ei.phncdn.com/videos/202005/22/316520361/original/(m=eaf8GgaaaWavb)(mh=f5MIDWQ3tFA176jC)11.jpg|https://ei.phncdn.com/videos/202005/22/316520361/original/(m=eaf8GgaaaWavb)(mh=f5MIDWQ3tFA176jC)1.jpg;https://ei.phncdn.com/videos/202005/22/316520361/original/(m=eaf8GgaaaWavb)(mh=f5MIDWQ3tFA176jC)2.jpg;https://ei.phncdn.com/videos/202005/22/316520361/original/(m=eaf8GgaaaWavb)(mh=f5MIDWQ3tFA176jC)3.jpg;https://ei.phncdn.com/videos/202005/22/316520361/original/(m=eaf8GgaaaWavb)(mh=f5MIDWQ3tFA176jC)4.jpg;https://ei.phncdn.com/videos/202005/22/316520361/original/(m=eaf8GgaaaWavb)(mh=f5MIDWQ3tFA176jC)5.jpg;https://ei.phncdn.com/videos/202005/22/316520361/original/(m=eaf8GgaaaWavb)(mh=f5MIDWQ3tFA176jC)6.jpg;https://ei.phncdn.com/videos/202005/22/316520361/original/(m=eaf8GgaaaWavb)(mh=f5MIDWQ3tFA176jC)7.jpg;https://ei.phncdn.com/videos/202005/22/316520361/original/(m=eaf8GgaaaWavb)(mh=f5MIDWQ3tFA176jC)8.jpg;https://ei.phncdn.com/videos/202005/22/316520361/original/(m=eaf8GgaaaWavb)(mh=f5MIDWQ3tFA176jC)9.jpg;https://ei.phncdn.com/videos/202005/22/316520361/original/(m=eaf8GgaaaWavb)(mh=f5MIDWQ3tFA176jC)10.jpg;https://ei.phncdn.com/videos/202005/22/316520361/original/(m=eaf8GgaaaWavb)(mh=f5MIDWQ3tFA176jC)11.jpg;https://ei.phncdn.com/videos/202005/22/316520361/original/(m=eaf8GgaaaWavb)(mh=f5MIDWQ3tFA176jC)12.jpg;https://ei.phncdn.com/videos/202005/22/316520361/original/(m=eaf8GgaaaWavb)(mh=f5MIDWQ3tFA176jC)13.jpg;https://ei.phncdn.com/videos/202005/22/316520361/original/(m=eaf8GgaaaWavb)(mh=f5MIDWQ3tFA176jC)14.jpg;https://ei.phncdn.com/videos/202005/22/316520361/original/(m=eaf8GgaaaWavb)(mh=f5MIDWQ3tFA176jC)15.jpg;https://ei.phncdn.com/videos/202005/22/316520361/original/(m=eaf8GgaaaWavb)(mh=f5MIDWQ3tFA176jC)16.jpg|Masturbazione sulla sedia|desy;debby|Virtual Reality;Verified Amateurs;Solo Female;360°;3D||348|30|||https://ei.phncdn.com/videos/202005/22/316520361/original/(m=eaAaGwObaaamqv)(mh=9QhiJeCy3NUUVsbd)11.jpg|https://ei.phncdn.com/videos/202005/22/316520361/original/(m=eaAaGwObaaamqv)(mh=9QhiJeCy3NUUVsbd)1.jpg;https://ei.phncdn.com/videos/202005/22/316520361/original/(m=eaAaGwObaaamqv)(mh=9QhiJeCy3NUUVsbd)2.jpg;https://ei.phncdn.com/videos/202005/22/316520361/original/(m=eaAaGwObaaamqv)(mh=9QhiJeCy3NUUVsbd)3.jpg;https://ei.phncdn.com/videos/202005/22/316520361/original/(m=eaAaGwObaaamqv)(mh=9QhiJeCy3NUUVsbd)4.jpg;https://ei.phncdn.com/videos/202005/22/316520361/original/(m=eaAaGwObaaamqv)(mh=9QhiJeCy3NUUVsbd)5.jpg;https://ei.phncdn.com/videos/202005/22/316520361/original/(m=eaAaGwObaaamqv)(mh=9QhiJeCy3NUUVsbd)6.jpg;https://ei.phncdn.com/videos/202005/22/316520361/original/(m=eaAaGwObaaamqv)(mh=9QhiJeCy3NUUVsbd)7.jpg;https://ei.phncdn.com/videos/202005/22/316520361/original/(m=eaAaGwObaaamqv)(mh=9QhiJeCy3NUUVsbd)8.jpg;https://ei.phncdn.com/videos/202005/22/316520361/original/(m=eaAaGwObaaamqv)(mh=9QhiJeCy3NUUVsbd)9.jpg;https://ei.phncdn.com/videos/202005/22/316520361/original/(m=eaAaGwObaaamqv)(mh=9QhiJeCy3NUUVsbd)10.jpg;https://ei.phncdn.com/videos/202005/22/316520361/original/(m=eaAaGwObaaamqv)(mh=9QhiJeCy3NUUVsbd)11.jpg;https://ei.phncdn.com/videos/202005/22/316520361/original/(m=eaAaGwObaaamqv)(mh=9QhiJeCy3NUUVsbd)12.jpg;https://ei.phncdn.com/videos/202005/22/316520361/original/(m=eaAaGwObaaamqv)(mh=9QhiJeCy3NUUVsbd)13.jpg;https://ei.phncdn.com/videos/202005/22/316520361/original/(m=eaAaGwObaaamqv)(mh=9QhiJeCy3NUUVsbd)14.jpg;https://ei.phncdn.com/videos/202005/22/316520361/original/(m=eaAaGwObaaamqv)(mh=9QhiJeCy3NUUVsbd)15.jpg;https://ei.phncdn.com/videos/202005/22/316520361/original/(m=eaAaGwObaaamqv)(mh=9QhiJeCy3NUUVsbd)16.jpg
<iframe src="https://www.pornhub.com/embed/ph5ec7d819f3a11" frameborder="0" height="481" width="608" scrolling="no"></iframe>|https://ei.phncdn.com/videos/202005/22/316523221/original/(m=eaf8GgaaaWavb)(mh=Er2uVVq4FoNkDjJH)3.jpg|https://ei.phncdn.com/videos/202005/22/316523221/original/(m=eaf8GgaaaWavb)(mh=Er2uVVq4FoNkDjJH)1.jpg;https://ei.phncdn.com/videos/202005/22/316523221/original/(m=eaf8GgaaaWavb)(mh=Er2uVVq4FoNkDjJH)2.jpg;https://ei.phncdn.com/videos/202005/22/316523221/original/(m=eaf8GgaaaWavb)(mh=Er2uVVq4FoNkDjJH)3.jpg;https://ei.phncdn.com/videos/202005/22/316523221/original/(m=eaf8GgaaaWavb)(mh=Er2uVVq4FoNkDjJH)4.jpg;https://ei.phncdn.com/videos/202005/22/316523221/original/(m=eaf8GgaaaWavb)(mh=Er2uVVq4FoNkDjJH)5.jpg;https://ei.phncdn.com/videos/202005/22/316523221/original/(m=eaf8GgaaaWavb)(mh=Er2uVVq4FoNkDjJH)6.jpg;https://ei.phncdn.com/videos/202005/22/316523221/original/(m=eaf8GgaaaWavb)(mh=Er2uVVq4FoNkDjJH)7.jpg;https://ei.phncdn.com/videos/202005/22/316523221/original/(m=eaf8GgaaaWavb)(mh=Er2uVVq4FoNkDjJH)8.jpg;https://ei.phncdn.com/videos/202005/22/316523221/original/(m=eaf8GgaaaWavb)(mh=Er2uVVq4FoNkDjJH)9.jpg;https://ei.phncdn.com/videos/202005/22/316523221/original/(m=eaf8GgaaaWavb)(mh=Er2uVVq4FoNkDjJH)10.jpg;https://ei.phncdn.com/videos/202005/22/316523221/original/(m=eaf8GgaaaWavb)(mh=Er2uVVq4FoNkDjJH)11.jpg;https://ei.phncdn.com/videos/202005/22/316523221/original/(m=eaf8GgaaaWavb)(mh=Er2uVVq4FoNkDjJH)12.jpg;https://ei.phncdn.com/videos/202005/22/316523221/original/(m=eaf8GgaaaWavb)(mh=Er2uVVq4FoNkDjJH)13.jpg;https://ei.phncdn.com/videos/202005/22/316523221/original/(m=eaf8GgaaaWavb)(mh=Er2uVVq4FoNkDjJH)14.jpg;https://ei.phncdn.com/videos/202005/22/316523221/original/(m=eaf8GgaaaWavb)(mh=Er2uVVq4FoNkDjJH)15.jpg;https://ei.phncdn.com/videos/202005/22/316523221/original/(m=eaf8GgaaaWavb)(mh=Er2uVVq4FoNkDjJH)16.jpg|Doccia alla patatina|desy;debby|Virtual Reality;Verified Amateurs;Solo Female||24|278|6|0|https://ei.phncdn.com/videos/202005/22/316523221/original/(m=eaAaGwObaaamqv)(mh=l-d_PY-2EfPsC1Fy)3.jpg|https://ei.phncdn.com/videos/202005/22/316523221/original/(m=eaAaGwObaaamqv)(mh=l-d_PY-2EfPsC1Fy)1.jpg;https://ei.phncdn.com/videos/202005/22/316523221/original/(m=eaAaGwObaaamqv)(mh=l-d_PY-2EfPsC1Fy)2.jpg;https://ei.phncdn.com/videos/202005/22/316523221/original/(m=eaAaGwObaaamqv)(mh=l-d_PY-2EfPsC1Fy)3.jpg;https://ei.phncdn.com/videos/202005/22/316523221/original/(m=eaAaGwObaaamqv)(mh=l-d_PY-2EfPsC1Fy)4.jpg;https://ei.phncdn.com/videos/202005/22/316523221/original/(m=eaAaGwObaaamqv)(mh=l-d_PY-2EfPsC1Fy)5.jpg;https://ei.phncdn.com/videos/202005/22/316523221/original/(m=eaAaGwObaaamqv)(mh=l-d_PY-2EfPsC1Fy)6.jpg;https://ei.phncdn.com/videos/202005/22/316523221/original/(m=eaAaGwObaaamqv)(mh=l-d_PY-2EfPsC1Fy)7.jpg;https://ei.phncdn.com/videos/202005/22/316523221/original/(m=eaAaGwObaaamqv)(mh=l-d_PY-2EfPsC1Fy)8.jpg;https://ei.phncdn.com/videos/202005/22/316523221/original/(m=eaAaGwObaaamqv)(mh=l-d_PY-2EfPsC1Fy)9.jpg;https://ei.phncdn.com/videos/202005/22/316523221/original/(m=eaAaGwObaaamqv)(mh=l-d_PY-2EfPsC1Fy)10.jpg;https://ei.phncdn.com/videos/202005/22/316523221/original/(m=eaAaGwObaaamqv)(mh=l-d_PY-2EfPsC1Fy)11.jpg;https://ei.phncdn.com/videos/202005/22/316523221/original/(m=eaAaGwObaaamqv)(mh=l-d_PY-2EfPsC1Fy)12.jpg;https://ei.phncdn.com/videos/202005/22/316523221/original/(m=eaAaGwObaaamqv)(mh=l-d_PY-2EfPsC1Fy)13.jpg;https://ei.phncdn.com/videos/202005/22/316523221/original/(m=eaAaGwObaaamqv)(mh=l-d_PY-2EfPsC1Fy)14.jpg;https://ei.phncdn.com/videos/202005/22/316523221/original/(m=eaAaGwObaaamqv)(mh=l-d_PY-2EfPsC1Fy)15.jpg;https://ei.phncdn.com/videos/202005/22/316523221/original/(m=eaAaGwObaaamqv)(mh=l-d_PY-2EfPsC1Fy)16.jpg
<iframe src="https://www.pornhub.com/embed/5ed92d33b2d67" frameborder="0" height="481" width="608" scrolling="no"></iframe>|https://ei.phncdn.com/videos/202006/04/320555471/original/(m=eaf8GgaaaWavb)(mh=ycGEKu4EQ25g61Pv)5.jpg|https://ei.phncdn.com/videos/202006/04/320555471/original/(m=eaf8GgaaaWavb)(mh=ycGEKu4EQ25g61Pv)1.jpg;https://ei.phncdn.com/videos/202006/04/320555471/original/(m=eaf8GgaaaWavb)(mh=ycGEKu4EQ25g61Pv)2.jpg;https://ei.phncdn.com/videos/202006/04/320555471/original/(m=eaf8GgaaaWavb)(mh=ycGEKu4EQ25g61Pv)3.jpg;https://ei.phncdn.com/videos/202006/04/320555471/original/(m=eaf8GgaaaWavb)(mh=ycGEKu4EQ25g61Pv)4.jpg;https://ei.phncdn.com/videos/202006/04/320555471/original/(m=eaf8GgaaaWavb)(mh=ycGEKu4EQ25g61Pv)5.jpg;https://ei.phncdn.com/videos/202006/04/320555471/original/(m=eaf8GgaaaWavb)(mh=ycGEKu4EQ25g61Pv)6.jpg;https://ei.phncdn.com/videos/202006/04/320555471/original/(m=eaf8GgaaaWavb)(mh=ycGEKu4EQ25g61Pv)7.jpg;https://ei.phncdn.com/videos/202006/04/320555471/original/(m=eaf8GgaaaWavb)(mh=ycGEKu4EQ25g61Pv)8.jpg;https://ei.phncdn.com/videos/202006/04/320555471/original/(m=eaf8GgaaaWavb)(mh=ycGEKu4EQ25g61Pv)9.jpg;https://ei.phncdn.com/videos/202006/04/320555471/original/(m=eaf8GgaaaWavb)(mh=ycGEKu4EQ25g61Pv)10.jpg;https://ei.phncdn.com/videos/202006/04/320555471/original/(m=eaf8GgaaaWavb)(mh=ycGEKu4EQ25g61Pv)11.jpg;https://ei.phncdn.com/videos/202006/04/320555471/original/(m=eaf8GgaaaWavb)(mh=ycGEKu4EQ25g61Pv)12.jpg;https://ei.phncdn.com/videos/202006/04/320555471/original/(m=eaf8GgaaaWavb)(mh=ycGEKu4EQ25g61Pv)13.jpg;https://ei.phncdn.com/videos/202006/04/320555471/original/(m=eaf8GgaaaWavb)(mh=ycGEKu4EQ25g61Pv)14.jpg;https://ei.phncdn.com/videos/202006/04/320555471/original/(m=eaf8GgaaaWavb)(mh=ycGEKu4EQ25g61Pv)15.jpg;https://ei.phncdn.com/videos/202006/04/320555471/original/(m=eaf8GgaaaWavb)(mh=ycGEKu4EQ25g61Pv)16.jpg|Bbw anal masturbation|bbw-anal;creamy|Virtual Reality;Exclusive;Verified Amateurs;Solo Female;360°;3D;Vertical Video||33|25|1|0|https://ei.phncdn.com/videos/202006/04/320555471/original/(m=eaAaGwObaaamqv)(mh=wSFdFjGQUQC_oBAd)5.jpg|https://ei.phncdn.com/videos/202006/04/320555471/original/(m=eaAaGwObaaamqv)(mh=wSFdFjGQUQC_oBAd)1.jpg;https://ei.phncdn.com/videos/202006/04/320555471/original/(m=eaAaGwObaaamqv)(mh=wSFdFjGQUQC_oBAd)2.jpg;https://ei.phncdn.com/videos/202006/04/320555471/original/(m=eaAaGwObaaamqv)(mh=wSFdFjGQUQC_oBAd)3.jpg;https://ei.phncdn.com/videos/202006/04/320555471/original/(m=eaAaGwObaaamqv)(mh=wSFdFjGQUQC_oBAd)4.jpg;https://ei.phncdn.com/videos/202006/04/320555471/original/(m=eaAaGwObaaamqv)(mh=wSFdFjGQUQC_oBAd)5.jpg;https://ei.phncdn.com/videos/202006/04/320555471/original/(m=eaAaGwObaaamqv)(mh=wSFdFjGQUQC_oBAd)6.jpg;https://ei.phncdn.com/videos/202006/04/320555471/original/(m=eaAaGwObaaamqv)(mh=wSFdFjGQUQC_oBAd)7.jpg;https://ei.phncdn.com/videos/202006/04/320555471/original/(m=eaAaGwObaaamqv)(mh=wSFdFjGQUQC_oBAd)8.jpg;https://ei.phncdn.com/videos/202006/04/320555471/original/(m=eaAaGwObaaamqv)(mh=wSFdFjGQUQC_oBAd)9.jpg;https://ei.phncdn.com/videos/202006/04/320555471/original/(m=eaAaGwObaaamqv)(mh=wSFdFjGQUQC_oBAd)10.jpg;https://ei.phncdn.com/videos/202006/04/320555471/original/(m=eaAaGwObaaamqv)(mh=wSFdFjGQUQC_oBAd)11.jpg;https://ei.phncdn.com/videos/202006/04/320555471/original/(m=eaAaGwObaaamqv)(mh=wSFdFjGQUQC_oBAd)12.jpg;https://ei.phncdn.com/videos/202006/04/320555471/original/(m=eaAaGwObaaamqv)(mh=wSFdFjGQUQC_oBAd)13.jpg;https://ei.phncdn.com/videos/202006/04/320555471/original/(m=eaAaGwObaaamqv)(mh=wSFdFjGQUQC_oBAd)14.jpg;https://ei.phncdn.com/videos/202006/04/320555471/original/(m=eaAaGwObaaamqv)(mh=wSFdFjGQUQC_oBAd)15.jpg;https://ei.phncdn.com/videos/202006/04/320555471/original/(m=eaAaGwObaaamqv)(mh=wSFdFjGQUQC_oBAd)16.jpg
<iframe src="https://www.pornhub.com/embed/ph5ee69bec81ce3" frameborder="0" height="481" width="608" scrolling="no"></iframe>|https://ei.phncdn.com/videos/202006/14/323744511/original/(m=eaf8GgaaaWavb)(mh=ZnF6myP1KHuZ8nOh)3.jpg|https://ei.phncdn.com/videos/202006/14/323744511/original/(m=eaf8GgaaaWavb)(mh=ZnF6myP1KHuZ8nOh)1.jpg;https://ei.phncdn.com/videos/202006/14/323744511/original/(m=eaf8GgaaaWavb)(mh=ZnF6myP1KHuZ8nOh)2.jpg;https://ei.phncdn.com/videos/202006/14/323744511/original/(m=eaf8GgaaaWavb)(mh=ZnF6myP1KHuZ8nOh)3.jpg;https://ei.phncdn.com/videos/202006/14/323744511/original/(m=eaf8GgaaaWavb)(mh=ZnF6myP1KHuZ8nOh)4.jpg;https://ei.phncdn.com/videos/202006/14/323744511/original/(m=eaf8GgaaaWavb)(mh=ZnF6myP1KHuZ8nOh)5.jpg;https://ei.phncdn.com/videos/202006/14/323744511/original/(m=eaf8GgaaaWavb)(mh=ZnF6myP1KHuZ8nOh)6.jpg;https://ei.phncdn.com/videos/202006/14/323744511/original/(m=eaf8GgaaaWavb)(mh=ZnF6myP1KHuZ8nOh)7.jpg;https://ei.phncdn.com/videos/202006/14/323744511/original/(m=eaf8GgaaaWavb)(mh=ZnF6myP1KHuZ8nOh)8.jpg;https://ei.phncdn.com/videos/202006/14/323744511/original/(m=eaf8GgaaaWavb)(mh=ZnF6myP1KHuZ8nOh)9.jpg;https://ei.phncdn.com/videos/202006/14/323744511/original/(m=eaf8GgaaaWavb)(mh=ZnF6myP1KHuZ8nOh)10.jpg;https://ei.phncdn.com/videos/202006/14/323744511/original/(m=eaf8GgaaaWavb)(mh=ZnF6myP1KHuZ8nOh)11.jpg;https://ei.phncdn.com/videos/202006/14/323744511/original/(m=eaf8GgaaaWavb)(mh=ZnF6myP1KHuZ8nOh)12.jpg;https://ei.phncdn.com/videos/202006/14/323744511/original/(m=eaf8GgaaaWavb)(mh=ZnF6myP1KHuZ8nOh)13.jpg;https://ei.phncdn.com/videos/202006/14/323744511/original/(m=eaf8GgaaaWavb)(mh=ZnF6myP1KHuZ8nOh)14.jpg;https://ei.phncdn.com/videos/202006/14/323744511/original/(m=eaf8GgaaaWavb)(mh=ZnF6myP1KHuZ8nOh)15.jpg;https://ei.phncdn.com/videos/202006/14/323744511/original/(m=eaf8GgaaaWavb)(mh=ZnF6myP1KHuZ8nOh)16.jpg|Mid day masturbating |sex-toys;big-tits;fucking-my-self;masturbation;vibrator|Virtual Reality;Exclusive;Verified Amateurs;Solo Female;360°;3D||90|93|4|0|https://ei.phncdn.com/videos/202006/14/323744511/original/(m=eaAaGwObaaamqv)(mh=upY6bcdverJAXwvR)3.jpg|https://ei.phncdn.com/videos/202006/14/323744511/original/(m=eaAaGwObaaamqv)(mh=upY6bcdverJAXwvR)1.jpg;https://ei.phncdn.com/videos/202006/14/323744511/original/(m=eaAaGwObaaamqv)(mh=upY6bcdverJAXwvR)2.jpg;https://ei.phncdn.com/videos/202006/14/323744511/original/(m=eaAaGwObaaamqv)(mh=upY6bcdverJAXwvR)3.jpg;https://ei.phncdn.com/videos/202006/14/323744511/original/(m=eaAaGwObaaamqv)(mh=upY6bcdverJAXwvR)4.jpg;https://ei.phncdn.com/videos/202006/14/323744511/original/(m=eaAaGwObaaamqv)(mh=upY6bcdverJAXwvR)5.jpg;https://ei.phncdn.com/videos/202006/14/323744511/original/(m=eaAaGwObaaamqv)(mh=upY6bcdverJAXwvR)6.jpg;https://ei.phncdn.com/videos/202006/14/323744511/original/(m=eaAaGwObaaamqv)(mh=upY6bcdverJAXwvR)7.jpg;https://ei.phncdn.com/videos/202006/14/323744511/original/(m=eaAaGwObaaamqv)(mh=upY6bcdverJAXwvR)8.jpg;https://ei.phncdn.com/videos/202006/14/323744511/original/(m=eaAaGwObaaamqv)(mh=upY6bcdverJAXwvR)9.jpg;https://ei.phncdn.com/videos/202006/14/323744511/original/(m=eaAaGwObaaamqv)(mh=upY6bcdverJAXwvR)10.jpg;https://ei.phncdn.com/videos/202006/14/323744511/original/(m=eaAaGwObaaamqv)(mh=upY6bcdverJAXwvR)11.jpg;https://ei.phncdn.com/videos/202006/14/323744511/original/(m=eaAaGwObaaamqv)(mh=upY6bcdverJAXwvR)12.jpg;https://ei.phncdn.com/videos/202006/14/323744511/original/(m=eaAaGwObaaamqv)(mh=upY6bcdverJAXwvR)13.jpg;https://ei.phncdn.com/videos/202006/14/323744511/original/(m=eaAaGwObaaamqv)(mh=upY6bcdverJAXwvR)14.jpg;https://ei.phncdn.com/videos/202006/14/323744511/original/(m=eaAaGwObaaamqv)(mh=upY6bcdverJAXwvR)15.jpg;https://ei.phncdn.com/videos/202006/14/323744511/original/(m=eaAaGwObaaamqv)(mh=upY6bcdverJAXwvR)16.jpg
<iframe src="https://www.pornhub.com/embed/ph5eee2d0f82dfc" frameborder="0" height="481" width="608" scrolling="no"></iframe>|https://ei.phncdn.com/videos/202006/20/325443852/original/(m=eaf8GgaaaWavb)(mh=LkK6owAVOZrbrAou)13.jpg|https://ei.phncdn.com/videos/202006/20/325443852/original/(m=eaf8GgaaaWavb)(mh=LkK6owAVOZrbrAou)1.jpg;https://ei.phncdn.com/videos/202006/20/325443852/original/(m=eaf8GgaaaWavb)(mh=LkK6owAVOZrbrAou)2.jpg;https://ei.phncdn.com/videos/202006/20/325443852/original/(m=eaf8GgaaaWavb)(mh=LkK6owAVOZrbrAou)3.jpg;https://ei.phncdn.com/videos/202006/20/325443852/original/(m=eaf8GgaaaWavb)(mh=LkK6owAVOZrbrAou)4.jpg;https://ei.phncdn.com/videos/202006/20/325443852/original/(m=eaf8GgaaaWavb)(mh=LkK6owAVOZrbrAou)5.jpg;https://ei.phncdn.com/videos/202006/20/325443852/original/(m=eaf8GgaaaWavb)(mh=LkK6owAVOZrbrAou)6.jpg;https://ei.phncdn.com/videos/202006/20/325443852/original/(m=eaf8GgaaaWavb)(mh=LkK6owAVOZrbrAou)7.jpg;https://ei.phncdn.com/videos/202006/20/325443852/original/(m=eaf8GgaaaWavb)(mh=LkK6owAVOZrbrAou)8.jpg;https://ei.phncdn.com/videos/202006/20/325443852/original/(m=eaf8GgaaaWavb)(mh=LkK6owAVOZrbrAou)9.jpg;https://ei.phncdn.com/videos/202006/20/325443852/original/(m=eaf8GgaaaWavb)(mh=LkK6owAVOZrbrAou)10.jpg;https://ei.phncdn.com/videos/202006/20/325443852/original/(m=eaf8GgaaaWavb)(mh=LkK6owAVOZrbrAou)11.jpg;https://ei.phncdn.com/videos/202006/20/325443852/original/(m=eaf8GgaaaWavb)(mh=LkK6owAVOZrbrAou)12.jpg;https://ei.phncdn.com/videos/202006/20/325443852/original/(m=eaf8GgaaaWavb)(mh=LkK6owAVOZrbrAou)13.jpg;https://ei.phncdn.com/videos/202006/20/325443852/original/(m=eaf8GgaaaWavb)(mh=LkK6owAVOZrbrAou)14.jpg;https://ei.phncdn.com/videos/202006/20/325443852/original/(m=eaf8GgaaaWavb)(mh=LkK6owAVOZrbrAou)15.jpg;https://ei.phncdn.com/videos/202006/20/325443852/original/(m=eaf8GgaaaWavb)(mh=LkK6owAVOZrbrAou)16.jpg|Funnn|fun;cum|Virtual Reality;Exclusive;Verified Amateurs;Solo Female||51|72|1|0|https://ei.phncdn.com/videos/202006/20/325443852/original/(m=eaAaGwObaaamqv)(mh=fNHs1w176DVsNOXS)13.jpg|https://ei.phncdn.com/videos/202006/20/325443852/original/(m=eaAaGwObaaamqv)(mh=fNHs1w176DVsNOXS)1.jpg;https://ei.phncdn.com/videos/202006/20/325443852/original/(m=eaAaGwObaaamqv)(mh=fNHs1w176DVsNOXS)2.jpg;https://ei.phncdn.com/videos/202006/20/325443852/original/(m=eaAaGwObaaamqv)(mh=fNHs1w176DVsNOXS)3.jpg;https://ei.phncdn.com/videos/202006/20/325443852/original/(m=eaAaGwObaaamqv)(mh=fNHs1w176DVsNOXS)4.jpg;https://ei.phncdn.com/videos/202006/20/325443852/original/(m=eaAaGwObaaamqv)(mh=fNHs1w176DVsNOXS)5.jpg;https://ei.phncdn.com/videos/202006/20/325443852/original/(m=eaAaGwObaaamqv)(mh=fNHs1w176DVsNOXS)6.jpg;https://ei.phncdn.com/videos/202006/20/325443852/original/(m=eaAaGwObaaamqv)(mh=fNHs1w176DVsNOXS)7.jpg;https://ei.phncdn.com/videos/202006/20/325443852/original/(m=eaAaGwObaaamqv)(mh=fNHs1w176DVsNOXS)8.jpg;https://ei.phncdn.com/videos/202006/20/325443852/original/(m=eaAaGwObaaamqv)(mh=fNHs1w176DVsNOXS)9.jpg;https://ei.phncdn.com/videos/202006/20/325443852/original/(m=eaAaGwObaaamqv)(mh=fNHs1w176DVsNOXS)10.jpg;https://ei.phncdn.com/videos/202006/20/325443852/original/(m=eaAaGwObaaamqv)(mh=fNHs1w176DVsNOXS)11.jpg;https://ei.phncdn.com/videos/202006/20/325443852/original/(m=eaAaGwObaaamqv)(mh=fNHs1w176DVsNOXS)12.jpg;https://ei.phncdn.com/videos/202006/20/325443852/original/(m=eaAaGwObaaamqv)(mh=fNHs1w176DVsNOXS)13.jpg;https://ei.phncdn.com/videos/202006/20/325443852/original/(m=eaAaGwObaaamqv)(mh=fNHs1w176DVsNOXS)14.jpg;https://ei.phncdn.com/videos/202006/20/325443852/original/(m=eaAaGwObaaamqv)(mh=fNHs1w176DVsNOXS)15.jpg;https://ei.phncdn.com/videos/202006/20/325443852/original/(m=eaAaGwObaaamqv)(mh=fNHs1w176DVsNOXS)16.jpg
<iframe src="https://www.pornhub.com/embed/5eef9f58c0a49" frameborder="0" height="481" width="608" scrolling="no"></iframe>|https://ei.phncdn.com/videos/202006/21/325768182/original/(m=eaf8GgaaaWavb)(mh=iNtOmn3ddfpCqePl)2.jpg|https://ei.phncdn.com/videos/202006/21/325768182/original/(m=eaf8GgaaaWavb)(mh=iNtOmn3ddfpCqePl)1.jpg;https://ei.phncdn.com/videos/202006/21/325768182/original/(m=eaf8GgaaaWavb)(mh=iNtOmn3ddfpCqePl)2.jpg;https://ei.phncdn.com/videos/202006/21/325768182/original/(m=eaf8GgaaaWavb)(mh=iNtOmn3ddfpCqePl)3.jpg;https://ei.phncdn.com/videos/202006/21/325768182/original/(m=eaf8GgaaaWavb)(mh=iNtOmn3ddfpCqePl)4.jpg;https://ei.phncdn.com/videos/202006/21/325768182/original/(m=eaf8GgaaaWavb)(mh=iNtOmn3ddfpCqePl)5.jpg;https://ei.phncdn.com/videos/202006/21/325768182/original/(m=eaf8GgaaaWavb)(mh=iNtOmn3ddfpCqePl)6.jpg;https://ei.phncdn.com/videos/202006/21/325768182/original/(m=eaf8GgaaaWavb)(mh=iNtOmn3ddfpCqePl)7.jpg;https://ei.phncdn.com/videos/202006/21/325768182/original/(m=eaf8GgaaaWavb)(mh=iNtOmn3ddfpCqePl)8.jpg;https://ei.phncdn.com/videos/202006/21/325768182/original/(m=eaf8GgaaaWavb)(mh=iNtOmn3ddfpCqePl)9.jpg;https://ei.phncdn.com/videos/202006/21/325768182/original/(m=eaf8GgaaaWavb)(mh=iNtOmn3ddfpCqePl)10.jpg;https://ei.phncdn.com/videos/202006/21/325768182/original/(m=eaf8GgaaaWavb)(mh=iNtOmn3ddfpCqePl)11.jpg;https://ei.phncdn.com/videos/202006/21/325768182/original/(m=eaf8GgaaaWavb)(mh=iNtOmn3ddfpCqePl)12.jpg;https://ei.phncdn.com/videos/202006/21/325768182/original/(m=eaf8GgaaaWavb)(mh=iNtOmn3ddfpCqePl)13.jpg;https://ei.phncdn.com/videos/202006/21/325768182/original/(m=eaf8GgaaaWavb)(mh=iNtOmn3ddfpCqePl)14.jpg;https://ei.phncdn.com/videos/202006/21/325768182/original/(m=eaf8GgaaaWavb)(mh=iNtOmn3ddfpCqePl)15.jpg;https://ei.phncdn.com/videos/202006/21/325768182/original/(m=eaf8GgaaaWavb)(mh=iNtOmn3ddfpCqePl)16.jpg|Pussy Tease |creampie;ebony|Virtual Reality;Verified Amateurs;Solo Female;360°;3D||58|2|||https://ei.phncdn.com/videos/202006/21/325768182/original/(m=eaAaGwObaaamqv)(mh=NT168WO5sdUC-Hgo)2.jpg|https://ei.phncdn.com/videos/202006/21/325768182/original/(m=eaAaGwObaaamqv)(mh=NT168WO5sdUC-Hgo)1.jpg;https://ei.phncdn.com/videos/202006/21/325768182/original/(m=eaAaGwObaaamqv)(mh=NT168WO5sdUC-Hgo)2.jpg;https://ei.phncdn.com/videos/202006/21/325768182/original/(m=eaAaGwObaaamqv)(mh=NT168WO5sdUC-Hgo)3.jpg;https://ei.phncdn.com/videos/202006/21/325768182/original/(m=eaAaGwObaaamqv)(mh=NT168WO5sdUC-Hgo)4.jpg;https://ei.phncdn.com/videos/202006/21/325768182/original/(m=eaAaGwObaaamqv)(mh=NT168WO5sdUC-Hgo)5.jpg;https://ei.phncdn.com/videos/202006/21/325768182/original/(m=eaAaGwObaaamqv)(mh=NT168WO5sdUC-Hgo)6.jpg;https://ei.phncdn.com/videos/202006/21/325768182/original/(m=eaAaGwObaaamqv)(mh=NT168WO5sdUC-Hgo)7.jpg;https://ei.phncdn.com/videos/202006/21/325768182/original/(m=eaAaGwObaaamqv)(mh=NT168WO5sdUC-Hgo)8.jpg;https://ei.phncdn.com/videos/202006/21/325768182/original/(m=eaAaGwObaaamqv)(mh=NT168WO5sdUC-Hgo)9.jpg;https://ei.phncdn.com/videos/202006/21/325768182/original/(m=eaAaGwObaaamqv)(mh=NT168WO5sdUC-Hgo)10.jpg;https://ei.phncdn.com/videos/202006/21/325768182/original/(m=eaAaGwObaaamqv)(mh=NT168WO5sdUC-Hgo)11.jpg;https://ei.phncdn.com/videos/202006/21/325768182/original/(m=eaAaGwObaaamqv)(mh=NT168WO5sdUC-Hgo)12.jpg;https://ei.phncdn.com/videos/202006/21/325768182/original/(m=eaAaGwObaaamqv)(mh=NT168WO5sdUC-Hgo)13.jpg;https://ei.phncdn.com/videos/202006/21/325768182/original/(m=eaAaGwObaaamqv)(mh=NT168WO5sdUC-Hgo)14.jpg;https://ei.phncdn.com/videos/202006/21/325768182/original/(m=eaAaGwObaaamqv)(mh=NT168WO5sdUC-Hgo)15.jpg;https://ei.phncdn.com/videos/202006/21/325768182/original/(m=eaAaGwObaaamqv)(mh=NT168WO5sdUC-Hgo)16.jpg
<iframe src="https://www.pornhub.com/embed/ph5f07d9c0af4c0" frameborder="0" height="481" width="608" scrolling="no"></iframe>|https://ei.phncdn.com/videos/202007/10/331672692/original/(m=eaf8GgaaaWavb)(mh=dV9qWb6xmF0sa2hM)5.jpg|https://ei.phncdn.com/videos/202007/10/331672692/original/(m=eaf8GgaaaWavb)(mh=dV9qWb6xmF0sa2hM)1.jpg;https://ei.phncdn.com/videos/202007/10/331672692/original/(m=eaf8GgaaaWavb)(mh=dV9qWb6xmF0sa2hM)2.jpg;https://ei.phncdn.com/videos/202007/10/331672692/original/(m=eaf8GgaaaWavb)(mh=dV9qWb6xmF0sa2hM)3.jpg;https://ei.phncdn.com/videos/202007/10/331672692/original/(m=eaf8GgaaaWavb)(mh=dV9qWb6xmF0sa2hM)4.jpg;https://ei.phncdn.com/videos/202007/10/331672692/original/(m=eaf8GgaaaWavb)(mh=dV9qWb6xmF0sa2hM)5.jpg;https://ei.phncdn.com/videos/202007/10/331672692/original/(m=eaf8GgaaaWavb)(mh=dV9qWb6xmF0sa2hM)6.jpg;https://ei.phncdn.com/videos/202007/10/331672692/original/(m=eaf8GgaaaWavb)(mh=dV9qWb6xmF0sa2hM)7.jpg;https://ei.phncdn.com/videos/202007/10/331672692/original/(m=eaf8GgaaaWavb)(mh=dV9qWb6xmF0sa2hM)8.jpg;https://ei.phncdn.com/videos/202007/10/331672692/original/(m=eaf8GgaaaWavb)(mh=dV9qWb6xmF0sa2hM)9.jpg;https://ei.phncdn.com/videos/202007/10/331672692/original/(m=eaf8GgaaaWavb)(mh=dV9qWb6xmF0sa2hM)10.jpg;https://ei.phncdn.com/videos/202007/10/331672692/original/(m=eaf8GgaaaWavb)(mh=dV9qWb6xmF0sa2hM)11.jpg;https://ei.phncdn.com/videos/202007/10/331672692/original/(m=eaf8GgaaaWavb)(mh=dV9qWb6xmF0sa2hM)12.jpg;https://ei.phncdn.com/videos/202007/10/331672692/original/(m=eaf8GgaaaWavb)(mh=dV9qWb6xmF0sa2hM)13.jpg;https://ei.phncdn.com/videos/202007/10/331672692/original/(m=eaf8GgaaaWavb)(mh=dV9qWb6xmF0sa2hM)14.jpg;https://ei.phncdn.com/videos/202007/10/331672692/original/(m=eaf8GgaaaWavb)(mh=dV9qWb6xmF0sa2hM)15.jpg;https://ei.phncdn.com/videos/202007/10/331672692/original/(m=eaf8GgaaaWavb)(mh=dV9qWb6xmF0sa2hM)16.jpg|PYT anxious to dance for older men|virtual;reality;sexy-black-girl;teen;big-ass;big-pussy-lip;sexy-ebony;ass-shakin|Virtual Reality;Exclusive;Verified Amateurs;Solo Female;360°;2D;Vertical Video||28|87|||https://ei.phncdn.com/videos/202007/10/331672692/original/(m=eaAaGwObaaamqv)(mh=iY2kVvNWC7R1qzkU)5.jpg|https://ei.phncdn.com/videos/202007/10/331672692/original/(m=eaAaGwObaaamqv)(mh=iY2kVvNWC7R1qzkU)1.jpg;https://ei.phncdn.com/videos/202007/10/331672692/original/(m=eaAaGwObaaamqv)(mh=iY2kVvNWC7R1qzkU)2.jpg;https://ei.phncdn.com/videos/202007/10/331672692/original/(m=eaAaGwObaaamqv)(mh=iY2kVvNWC7R1qzkU)3.jpg;https://ei.phncdn.com/videos/202007/10/331672692/original/(m=eaAaGwObaaamqv)(mh=iY2kVvNWC7R1qzkU)4.jpg;https://ei.phncdn.com/videos/202007/10/331672692/original/(m=eaAaGwObaaamqv)(mh=iY2kVvNWC7R1qzkU)5.jpg;https://ei.phncdn.com/videos/202007/10/331672692/original/(m=eaAaGwObaaamqv)(mh=iY2kVvNWC7R1qzkU)6.jpg;https://ei.phncdn.com/videos/202007/10/331672692/original/(m=eaAaGwObaaamqv)(mh=iY2kVvNWC7R1qzkU)7.jpg;https://ei.phncdn.com/videos/202007/10/331672692/original/(m=eaAaGwObaaamqv)(mh=iY2kVvNWC7R1qzkU)8.jpg;https://ei.phncdn.com/videos/202007/10/331672692/original/(m=eaAaGwObaaamqv)(mh=iY2kVvNWC7R1qzkU)9.jpg;https://ei.phncdn.com/videos/202007/10/331672692/original/(m=eaAaGwObaaamqv)(mh=iY2kVvNWC7R1qzkU)10.jpg;https://ei.phncdn.com/videos/202007/10/331672692/original/(m=eaAaGwObaaamqv)(mh=iY2kVvNWC7R1qzkU)11.jpg;https://ei.phncdn.com/videos/202007/10/331672692/original/(m=eaAaGwObaaamqv)(mh=iY2kVvNWC7R1qzkU)12.jpg;https://ei.phncdn.com/videos/202007/10/331672692/original/(m=eaAaGwObaaamqv)(mh=iY2kVvNWC7R1qzkU)13.jpg;https://ei.phncdn.com/videos/202007/10/331672692/original/(m=eaAaGwObaaamqv)(mh=iY2kVvNWC7R1qzkU)14.jpg;https://ei.phncdn.com/videos/202007/10/331672692/original/(m=eaAaGwObaaamqv)(mh=iY2kVvNWC7R1qzkU)15.jpg;https://ei.phncdn.com/videos/202007/10/331672692/original/(m=eaAaGwObaaamqv)(mh=iY2kVvNWC7R1qzkU)16.jpg
<iframe src="https://www.pornhub.com/embed/ph5f20e580e2d9c" frameborder="0" height="481" width="608" scrolling="no"></iframe>|https://ei.phncdn.com/videos/202007/29/337282361/original/(m=eaf8GgaaaWavb)(mh=Rpc80bG8l04YX_gv)13.jpg|https://ei.phncdn.com/videos/202007/29/337282361/original/(m=eaf8GgaaaWavb)(mh=Rpc80bG8l04YX_gv)1.jpg;https://ei.phncdn.com/videos/202007/29/337282361/original/(m=eaf8GgaaaWavb)(mh=Rpc80bG8l04YX_gv)2.jpg;https://ei.phncdn.com/videos/202007/29/337282361/original/(m=eaf8GgaaaWavb)(mh=Rpc80bG8l04YX_gv)3.jpg;https://ei.phncdn.com/videos/202007/29/337282361/original/(m=eaf8GgaaaWavb)(mh=Rpc80bG8l04YX_gv)4.jpg;https://ei.phncdn.com/videos/202007/29/337282361/original/(m=eaf8GgaaaWavb)(mh=Rpc80bG8l04YX_gv)5.jpg;https://ei.phncdn.com/videos/202007/29/337282361/original/(m=eaf8GgaaaWavb)(mh=Rpc80bG8l04YX_gv)6.jpg;https://ei.phncdn.com/videos/202007/29/337282361/original/(m=eaf8GgaaaWavb)(mh=Rpc80bG8l04YX_gv)7.jpg;https://ei.phncdn.com/videos/202007/29/337282361/original/(m=eaf8GgaaaWavb)(mh=Rpc80bG8l04YX_gv)8.jpg;https://ei.phncdn.com/videos/202007/29/337282361/original/(m=eaf8GgaaaWavb)(mh=Rpc80bG8l04YX_gv)9.jpg;https://ei.phncdn.com/videos/202007/29/337282361/original/(m=eaf8GgaaaWavb)(mh=Rpc80bG8l04YX_gv)10.jpg;https://ei.phncdn.com/videos/202007/29/337282361/original/(m=eaf8GgaaaWavb)(mh=Rpc80bG8l04YX_gv)11.jpg;https://ei.phncdn.com/videos/202007/29/337282361/original/(m=eaf8GgaaaWavb)(mh=Rpc80bG8l04YX_gv)12.jpg;https://ei.phncdn.com/videos/202007/29/337282361/original/(m=eaf8GgaaaWavb)(mh=Rpc80bG8l04YX_gv)13.jpg;https://ei.phncdn.com/videos/202007/29/337282361/original/(m=eaf8GgaaaWavb)(mh=Rpc80bG8l04YX_gv)14.jpg;https://ei.phncdn.com/videos/202007/29/337282361/original/(m=eaf8GgaaaWavb)(mh=Rpc80bG8l04YX_gv)15.jpg;https://ei.phncdn.com/videos/202007/29/337282361/original/(m=eaf8GgaaaWavb)(mh=Rpc80bG8l04YX_gv)16.jpg|Twerk for you|baile;erotico;sexy-shorty;pettit-411;nalgona|Virtual Reality;Verified Amateurs;Solo Female;360°;3D||31|52|3|0|https://ei.phncdn.com/videos/202007/29/337282361/original/(m=eaAaGwObaaamqv)(mh=p6DBh2-3iFodk2qi)13.jpg|https://ei.phncdn.com/videos/202007/29/337282361/original/(m=eaAaGwObaaamqv)(mh=p6DBh2-3iFodk2qi)1.jpg;https://ei.phncdn.com/videos/202007/29/337282361/original/(m=eaAaGwObaaamqv)(mh=p6DBh2-3iFodk2qi)2.jpg;https://ei.phncdn.com/videos/202007/29/337282361/original/(m=eaAaGwObaaamqv)(mh=p6DBh2-3iFodk2qi)3.jpg;https://ei.phncdn.com/videos/202007/29/337282361/original/(m=eaAaGwObaaamqv)(mh=p6DBh2-3iFodk2qi)4.jpg;https://ei.phncdn.com/videos/202007/29/337282361/original/(m=eaAaGwObaaamqv)(mh=p6DBh2-3iFodk2qi)5.jpg;https://ei.phncdn.com/videos/202007/29/337282361/original/(m=eaAaGwObaaamqv)(mh=p6DBh2-3iFodk2qi)6.jpg;https://ei.phncdn.com/videos/202007/29/337282361/original/(m=eaAaGwObaaamqv)(mh=p6DBh2-3iFodk2qi)7.jpg;https://ei.phncdn.com/videos/202007/29/337282361/original/(m=eaAaGwObaaamqv)(mh=p6DBh2-3iFodk2qi)8.jpg;https://ei.phncdn.com/videos/202007/29/337282361/original/(m=eaAaGwObaaamqv)(mh=p6DBh2-3iFodk2qi)9.jpg;https://ei.phncdn.com/videos/202007/29/337282361/original/(m=eaAaGwObaaamqv)(mh=p6DBh2-3iFodk2qi)10.jpg;https://ei.phncdn.com/videos/202007/29/337282361/original/(m=eaAaGwObaaamqv)(mh=p6DBh2-3iFodk2qi)11.jpg;https://ei.phncdn.com/videos/202007/29/337282361/original/(m=eaAaGwObaaamqv)(mh=p6DBh2-3iFodk2qi)12.jpg;https://ei.phncdn.com/videos/202007/29/337282361/original/(m=eaAaGwObaaamqv)(mh=p6DBh2-3iFodk2qi)13.jpg;https://ei.phncdn.com/videos/202007/29/337282361/original/(m=eaAaGwObaaamqv)(mh=p6DBh2-3iFodk2qi)14.jpg;https://ei.phncdn.com/videos/202007/29/337282361/original/(m=eaAaGwObaaamqv)(mh=p6DBh2-3iFodk2qi)15.jpg;https://ei.phncdn.com/videos/202007/29/337282361/original/(m=eaAaGwObaaamqv)(mh=p6DBh2-3iFodk2qi)16.jpg
<iframe src="https://www.pornhub.com/embed/5f297db8b9412" frameborder="0" height="481" width="608" scrolling="no"></iframe>|https://ei.phncdn.com/videos/202008/04/339334151/original/(m=eaf8GgaaaWavb)(mh=ClXDzm5LpM33aM9E)5.jpg|https://ei.phncdn.com/videos/202008/04/339334151/original/(m=eaf8GgaaaWavb)(mh=ClXDzm5LpM33aM9E)1.jpg;https://ei.phncdn.com/videos/202008/04/339334151/original/(m=eaf8GgaaaWavb)(mh=ClXDzm5LpM33aM9E)2.jpg;https://ei.phncdn.com/videos/202008/04/339334151/original/(m=eaf8GgaaaWavb)(mh=ClXDzm5LpM33aM9E)3.jpg;https://ei.phncdn.com/videos/202008/04/339334151/original/(m=eaf8GgaaaWavb)(mh=ClXDzm5LpM33aM9E)4.jpg;https://ei.phncdn.com/videos/202008/04/339334151/original/(m=eaf8GgaaaWavb)(mh=ClXDzm5LpM33aM9E)5.jpg;https://ei.phncdn.com/videos/202008/04/339334151/original/(m=eaf8GgaaaWavb)(mh=ClXDzm5LpM33aM9E)6.jpg;https://ei.phncdn.com/videos/202008/04/339334151/original/(m=eaf8GgaaaWavb)(mh=ClXDzm5LpM33aM9E)7.jpg;https://ei.phncdn.com/videos/202008/04/339334151/original/(m=eaf8GgaaaWavb)(mh=ClXDzm5LpM33aM9E)8.jpg;https://ei.phncdn.com/videos/202008/04/339334151/original/(m=eaf8GgaaaWavb)(mh=ClXDzm5LpM33aM9E)9.jpg;https://ei.phncdn.com/videos/202008/04/339334151/original/(m=eaf8GgaaaWavb)(mh=ClXDzm5LpM33aM9E)10.jpg;https://ei.phncdn.com/videos/202008/04/339334151/original/(m=eaf8GgaaaWavb)(mh=ClXDzm5LpM33aM9E)11.jpg;https://ei.phncdn.com/videos/202008/04/339334151/original/(m=eaf8GgaaaWavb)(mh=ClXDzm5LpM33aM9E)12.jpg;https://ei.phncdn.com/videos/202008/04/339334151/original/(m=eaf8GgaaaWavb)(mh=ClXDzm5LpM33aM9E)13.jpg;https://ei.phncdn.com/videos/202008/04/339334151/original/(m=eaf8GgaaaWavb)(mh=ClXDzm5LpM33aM9E)14.jpg;https://ei.phncdn.com/videos/202008/04/339334151/original/(m=eaf8GgaaaWavb)(mh=ClXDzm5LpM33aM9E)15.jpg;https://ei.phncdn.com/videos/202008/04/339334151/original/(m=eaf8GgaaaWavb)(mh=ClXDzm5LpM33aM9E)16.jpg|Bae riding my strap on |ebony-teen;west-palm-beach;ebony;onlyfans|Virtual Reality;Exclusive;Verified Amateurs;Solo Female;360°;3D;Vertical Video||63|3|||https://ei.phncdn.com/videos/202008/04/339334151/original/(m=eaAaGwObaaamqv)(mh=-TcFJUk0mAmQyVZa)5.jpg|https://ei.phncdn.com/videos/202008/04/339334151/original/(m=eaAaGwObaaamqv)(mh=-TcFJUk0mAmQyVZa)1.jpg;https://ei.phncdn.com/videos/202008/04/339334151/original/(m=eaAaGwObaaamqv)(mh=-TcFJUk0mAmQyVZa)2.jpg;https://ei.phncdn.com/videos/202008/04/339334151/original/(m=eaAaGwObaaamqv)(mh=-TcFJUk0mAmQyVZa)3.jpg;https://ei.phncdn.com/videos/202008/04/339334151/original/(m=eaAaGwObaaamqv)(mh=-TcFJUk0mAmQyVZa)4.jpg;https://ei.phncdn.com/videos/202008/04/339334151/original/(m=eaAaGwObaaamqv)(mh=-TcFJUk0mAmQyVZa)5.jpg;https://ei.phncdn.com/videos/202008/04/339334151/original/(m=eaAaGwObaaamqv)(mh=-TcFJUk0mAmQyVZa)6.jpg;https://ei.phncdn.com/videos/202008/04/339334151/original/(m=eaAaGwObaaamqv)(mh=-TcFJUk0mAmQyVZa)7.jpg;https://ei.phncdn.com/videos/202008/04/339334151/original/(m=eaAaGwObaaamqv)(mh=-TcFJUk0mAmQyVZa)8.jpg;https://ei.phncdn.com/videos/202008/04/339334151/original/(m=eaAaGwObaaamqv)(mh=-TcFJUk0mAmQyVZa)9.jpg;https://ei.phncdn.com/videos/202008/04/339334151/original/(m=eaAaGwObaaamqv)(mh=-TcFJUk0mAmQyVZa)10.jpg;https://ei.phncdn.com/videos/202008/04/339334151/original/(m=eaAaGwObaaamqv)(mh=-TcFJUk0mAmQyVZa)11.jpg;https://ei.phncdn.com/videos/202008/04/339334151/original/(m=eaAaGwObaaamqv)(mh=-TcFJUk0mAmQyVZa)12.jpg;https://ei.phncdn.com/videos/202008/04/339334151/original/(m=eaAaGwObaaamqv)(mh=-TcFJUk0mAmQyVZa)13.jpg;https://ei.phncdn.com/videos/202008/04/339334151/original/(m=eaAaGwObaaamqv)(mh=-TcFJUk0mAmQyVZa)14.jpg;https://ei.phncdn.com/videos/202008/04/339334151/original/(m=eaAaGwObaaamqv)(mh=-TcFJUk0mAmQyVZa)15.jpg;https://ei.phncdn.com/videos/202008/04/339334151/original/(m=eaAaGwObaaamqv)(mh=-TcFJUk0mAmQyVZa)16.jpg
<iframe src="https://www.pornhub.com/embed/ph5f2d8dbaaed8e" frameborder="0" height="481" width="608" scrolling="no"></iframe>|https://ei.phncdn.com/videos/202008/07/340311711/original/(m=eaf8GgaaaWavb)(mh=z6YkWrh6viHeteYh)5.jpg|https://ei.phncdn.com/videos/202008/07/340311711/original/(m=eaf8GgaaaWavb)(mh=z6YkWrh6viHeteYh)1.jpg;https://ei.phncdn.com/videos/202008/07/340311711/original/(m=eaf8GgaaaWavb)(mh=z6YkWrh6viHeteYh)2.jpg;https://ei.phncdn.com/videos/202008/07/340311711/original/(m=eaf8GgaaaWavb)(mh=z6YkWrh6viHeteYh)3.jpg;https://ei.phncdn.com/videos/202008/07/340311711/original/(m=eaf8GgaaaWavb)(mh=z6YkWrh6viHeteYh)4.jpg;https://ei.phncdn.com/videos/202008/07/340311711/original/(m=eaf8GgaaaWavb)(mh=z6YkWrh6viHeteYh)5.jpg;https://ei.phncdn.com/videos/202008/07/340311711/original/(m=eaf8GgaaaWavb)(mh=z6YkWrh6viHeteYh)6.jpg;https://ei.phncdn.com/videos/202008/07/340311711/original/(m=eaf8GgaaaWavb)(mh=z6YkWrh6viHeteYh)7.jpg;https://ei.phncdn.com/videos/202008/07/340311711/original/(m=eaf8GgaaaWavb)(mh=z6YkWrh6viHeteYh)8.jpg;https://ei.phncdn.com/videos/202008/07/340311711/original/(m=eaf8GgaaaWavb)(mh=z6YkWrh6viHeteYh)9.jpg;https://ei.phncdn.com/videos/202008/07/340311711/original/(m=eaf8GgaaaWavb)(mh=z6YkWrh6viHeteYh)10.jpg;https://ei.phncdn.com/videos/202008/07/340311711/original/(m=eaf8GgaaaWavb)(mh=z6YkWrh6viHeteYh)11.jpg;https://ei.phncdn.com/videos/202008/07/340311711/original/(m=eaf8GgaaaWavb)(mh=z6YkWrh6viHeteYh)12.jpg;https://ei.phncdn.com/videos/202008/07/340311711/original/(m=eaf8GgaaaWavb)(mh=z6YkWrh6viHeteYh)13.jpg;https://ei.phncdn.com/videos/202008/07/340311711/original/(m=eaf8GgaaaWavb)(mh=z6YkWrh6viHeteYh)14.jpg;https://ei.phncdn.com/videos/202008/07/340311711/original/(m=eaf8GgaaaWavb)(mh=z6YkWrh6viHeteYh)15.jpg;https://ei.phncdn.com/videos/202008/07/340311711/original/(m=eaf8GgaaaWavb)(mh=z6YkWrh6viHeteYh)16.jpg|Juicy BBW Pussy|bbw;juicy;upclose-pussy|Virtual Reality;Exclusive;Verified Amateurs;Solo Female||24|59|3|1|https://ei.phncdn.com/videos/202008/07/340311711/original/(m=eaAaGwObaaamqv)(mh=yAf2RwIHJFI3rwAe)5.jpg|https://ei.phncdn.com/videos/202008/07/340311711/original/(m=eaAaGwObaaamqv)(mh=yAf2RwIHJFI3rwAe)1.jpg;https://ei.phncdn.com/videos/202008/07/340311711/original/(m=eaAaGwObaaamqv)(mh=yAf2RwIHJFI3rwAe)2.jpg;https://ei.phncdn.com/videos/202008/07/340311711/original/(m=eaAaGwObaaamqv)(mh=yAf2RwIHJFI3rwAe)3.jpg;https://ei.phncdn.com/videos/202008/07/340311711/original/(m=eaAaGwObaaamqv)(mh=yAf2RwIHJFI3rwAe)4.jpg;https://ei.phncdn.com/videos/202008/07/340311711/original/(m=eaAaGwObaaamqv)(mh=yAf2RwIHJFI3rwAe)5.jpg;https://ei.phncdn.com/videos/202008/07/340311711/original/(m=eaAaGwObaaamqv)(mh=yAf2RwIHJFI3rwAe)6.jpg;https://ei.phncdn.com/videos/202008/07/340311711/original/(m=eaAaGwObaaamqv)(mh=yAf2RwIHJFI3rwAe)7.jpg;https://ei.phncdn.com/videos/202008/07/340311711/original/(m=eaAaGwObaaamqv)(mh=yAf2RwIHJFI3rwAe)8.jpg;https://ei.phncdn.com/videos/202008/07/340311711/original/(m=eaAaGwObaaamqv)(mh=yAf2RwIHJFI3rwAe)9.jpg;https://ei.phncdn.com/videos/202008/07/340311711/original/(m=eaAaGwObaaamqv)(mh=yAf2RwIHJFI3rwAe)10.jpg;https://ei.phncdn.com/videos/202008/07/340311711/original/(m=eaAaGwObaaamqv)(mh=yAf2RwIHJFI3rwAe)11.jpg;https://ei.phncdn.com/videos/202008/07/340311711/original/(m=eaAaGwObaaamqv)(mh=yAf2RwIHJFI3rwAe)12.jpg;https://ei.phncdn.com/videos/202008/07/340311711/original/(m=eaAaGwObaaamqv)(mh=yAf2RwIHJFI3rwAe)13.jpg;https://ei.phncdn.com/videos/202008/07/340311711/original/(m=eaAaGwObaaamqv)(mh=yAf2RwIHJFI3rwAe)14.jpg;https://ei.phncdn.com/videos/202008/07/340311711/original/(m=eaAaGwObaaamqv)(mh=yAf2RwIHJFI3rwAe)15.jpg;https://ei.phncdn.com/videos/202008/07/340311711/original/(m=eaAaGwObaaamqv)(mh=yAf2RwIHJFI3rwAe)16.jpg
<iframe src="https://www.pornhub.com/embed/ph5f2ddd2d772ed" frameborder="0" height="481" width="608" scrolling="no"></iframe>|https://ei.phncdn.com/videos/202008/07/340388771/original/(m=eaf8GgaaaWavb)(mh=hNa0rb_7hwbDtmF8)7.jpg|https://ei.phncdn.com/videos/202008/07/340388771/original/(m=eaf8GgaaaWavb)(mh=hNa0rb_7hwbDtmF8)1.jpg;https://ei.phncdn.com/videos/202008/07/340388771/original/(m=eaf8GgaaaWavb)(mh=hNa0rb_7hwbDtmF8)2.jpg;https://ei.phncdn.com/videos/202008/07/340388771/original/(m=eaf8GgaaaWavb)(mh=hNa0rb_7hwbDtmF8)3.jpg;https://ei.phncdn.com/videos/202008/07/340388771/original/(m=eaf8GgaaaWavb)(mh=hNa0rb_7hwbDtmF8)4.jpg;https://ei.phncdn.com/videos/202008/07/340388771/original/(m=eaf8GgaaaWavb)(mh=hNa0rb_7hwbDtmF8)5.jpg;https://ei.phncdn.com/videos/202008/07/340388771/original/(m=eaf8GgaaaWavb)(mh=hNa0rb_7hwbDtmF8)6.jpg;https://ei.phncdn.com/videos/202008/07/340388771/original/(m=eaf8GgaaaWavb)(mh=hNa0rb_7hwbDtmF8)7.jpg;https://ei.phncdn.com/videos/202008/07/340388771/original/(m=eaf8GgaaaWavb)(mh=hNa0rb_7hwbDtmF8)8.jpg;https://ei.phncdn.com/videos/202008/07/340388771/original/(m=eaf8GgaaaWavb)(mh=hNa0rb_7hwbDtmF8)9.jpg;https://ei.phncdn.com/videos/202008/07/340388771/original/(m=eaf8GgaaaWavb)(mh=hNa0rb_7hwbDtmF8)10.jpg;https://ei.phncdn.com/videos/202008/07/340388771/original/(m=eaf8GgaaaWavb)(mh=hNa0rb_7hwbDtmF8)11.jpg;https://ei.phncdn.com/videos/202008/07/340388771/original/(m=eaf8GgaaaWavb)(mh=hNa0rb_7hwbDtmF8)12.jpg;https://ei.phncdn.com/videos/202008/07/340388771/original/(m=eaf8GgaaaWavb)(mh=hNa0rb_7hwbDtmF8)13.jpg;https://ei.phncdn.com/videos/202008/07/340388771/original/(m=eaf8GgaaaWavb)(mh=hNa0rb_7hwbDtmF8)14.jpg;https://ei.phncdn.com/videos/202008/07/340388771/original/(m=eaf8GgaaaWavb)(mh=hNa0rb_7hwbDtmF8)15.jpg;https://ei.phncdn.com/videos/202008/07/340388771/original/(m=eaf8GgaaaWavb)(mh=hNa0rb_7hwbDtmF8)16.jpg|Remarkable XXX threesome with Mikuru Shiina - More at javhd netRemarkable XXX threesome with Mikuru|javhd;virtual;reality;asian;japanese;hot-milf;masturbation;vibrator;double-blowjob;cum-in-mouth;blowjob;pov;threesome;toys|Virtual Reality;Japanese;360°;3D||736|34232|30|8|https://ei.phncdn.com/videos/202008/07/340388771/original/(m=eaAaGwObaaamqv)(mh=B017PtZQZR2S_1OH)7.jpg|https://ei.phncdn.com/videos/202008/07/340388771/original/(m=eaAaGwObaaamqv)(mh=B017PtZQZR2S_1OH)1.jpg;https://ei.phncdn.com/videos/202008/07/340388771/original/(m=eaAaGwObaaamqv)(mh=B017PtZQZR2S_1OH)2.jpg;https://ei.phncdn.com/videos/202008/07/340388771/original/(m=eaAaGwObaaamqv)(mh=B017PtZQZR2S_1OH)3.jpg;https://ei.phncdn.com/videos/202008/07/340388771/original/(m=eaAaGwObaaamqv)(mh=B017PtZQZR2S_1OH)4.jpg;https://ei.phncdn.com/videos/202008/07/340388771/original/(m=eaAaGwObaaamqv)(mh=B017PtZQZR2S_1OH)5.jpg;https://ei.phncdn.com/videos/202008/07/340388771/original/(m=eaAaGwObaaamqv)(mh=B017PtZQZR2S_1OH)6.jpg;https://ei.phncdn.com/videos/202008/07/340388771/original/(m=eaAaGwObaaamqv)(mh=B017PtZQZR2S_1OH)7.jpg;https://ei.phncdn.com/videos/202008/07/340388771/original/(m=eaAaGwObaaamqv)(mh=B017PtZQZR2S_1OH)8.jpg;https://ei.phncdn.com/videos/202008/07/340388771/original/(m=eaAaGwObaaamqv)(mh=B017PtZQZR2S_1OH)9.jpg;https://ei.phncdn.com/videos/202008/07/340388771/original/(m=eaAaGwObaaamqv)(mh=B017PtZQZR2S_1OH)10.jpg;https://ei.phncdn.com/videos/202008/07/340388771/original/(m=eaAaGwObaaamqv)(mh=B017PtZQZR2S_1OH)11.jpg;https://ei.phncdn.com/videos/202008/07/340388771/original/(m=eaAaGwObaaamqv)(mh=B017PtZQZR2S_1OH)12.jpg;https://ei.phncdn.com/videos/202008/07/340388771/original/(m=eaAaGwObaaamqv)(mh=B017PtZQZR2S_1OH)13.jpg;https://ei.phncdn.com/videos/202008/07/340388771/original/(m=eaAaGwObaaamqv)(mh=B017PtZQZR2S_1OH)14.jpg;https://ei.phncdn.com/videos/202008/07/340388771/original/(m=eaAaGwObaaamqv)(mh=B017PtZQZR2S_1OH)15.jpg;https://ei.phncdn.com/videos/202008/07/340388771/original/(m=eaAaGwObaaamqv)(mh=B017PtZQZR2S_1OH)16.jpg
<iframe src="https://www.pornhub.com/embed/ph5f548c0d21c31" frameborder="0" height="481" width="608" scrolling="no"></iframe>|https://ei.phncdn.com/videos/202009/06/349308261/original/(m=eaf8GgaaaWavb)(mh=K4GcUkxX6ZLsi8tj)8.jpg|https://ei.phncdn.com/videos/202009/06/349308261/original/(m=eaf8GgaaaWavb)(mh=K4GcUkxX6ZLsi8tj)1.jpg;https://ei.phncdn.com/videos/202009/06/349308261/original/(m=eaf8GgaaaWavb)(mh=K4GcUkxX6ZLsi8tj)2.jpg;https://ei.phncdn.com/videos/202009/06/349308261/original/(m=eaf8GgaaaWavb)(mh=K4GcUkxX6ZLsi8tj)3.jpg;https://ei.phncdn.com/videos/202009/06/349308261/original/(m=eaf8GgaaaWavb)(mh=K4GcUkxX6ZLsi8tj)4.jpg;https://ei.phncdn.com/videos/202009/06/349308261/original/(m=eaf8GgaaaWavb)(mh=K4GcUkxX6ZLsi8tj)5.jpg;https://ei.phncdn.com/videos/202009/06/349308261/original/(m=eaf8GgaaaWavb)(mh=K4GcUkxX6ZLsi8tj)6.jpg;https://ei.phncdn.com/videos/202009/06/349308261/original/(m=eaf8GgaaaWavb)(mh=K4GcUkxX6ZLsi8tj)7.jpg;https://ei.phncdn.com/videos/202009/06/349308261/original/(m=eaf8GgaaaWavb)(mh=K4GcUkxX6ZLsi8tj)8.jpg;https://ei.phncdn.com/videos/202009/06/349308261/original/(m=eaf8GgaaaWavb)(mh=K4GcUkxX6ZLsi8tj)9.jpg;https://ei.phncdn.com/videos/202009/06/349308261/original/(m=eaf8GgaaaWavb)(mh=K4GcUkxX6ZLsi8tj)10.jpg;https://ei.phncdn.com/videos/202009/06/349308261/original/(m=eaf8GgaaaWavb)(mh=K4GcUkxX6ZLsi8tj)11.jpg;https://ei.phncdn.com/videos/202009/06/349308261/original/(m=eaf8GgaaaWavb)(mh=K4GcUkxX6ZLsi8tj)12.jpg;https://ei.phncdn.com/videos/202009/06/349308261/original/(m=eaf8GgaaaWavb)(mh=K4GcUkxX6ZLsi8tj)13.jpg;https://ei.phncdn.com/videos/202009/06/349308261/original/(m=eaf8GgaaaWavb)(mh=K4GcUkxX6ZLsi8tj)14.jpg;https://ei.phncdn.com/videos/202009/06/349308261/original/(m=eaf8GgaaaWavb)(mh=K4GcUkxX6ZLsi8tj)15.jpg;https://ei.phncdn.com/videos/202009/06/349308261/original/(m=eaf8GgaaaWavb)(mh=K4GcUkxX6ZLsi8tj)16.jpg|Quick toy fuck|pov;wet-pussy|Virtual Reality;Exclusive;Verified Amateurs;Solo Female||101|27|3|0|https://ei.phncdn.com/videos/202009/06/349308261/original/(m=eaAaGwObaaamqv)(mh=2SiXoSqhGF4Xqmt4)8.jpg|https://ei.phncdn.com/videos/202009/06/349308261/original/(m=eaAaGwObaaamqv)(mh=2SiXoSqhGF4Xqmt4)1.jpg;https://ei.phncdn.com/videos/202009/06/349308261/original/(m=eaAaGwObaaamqv)(mh=2SiXoSqhGF4Xqmt4)2.jpg;https://ei.phncdn.com/videos/202009/06/349308261/original/(m=eaAaGwObaaamqv)(mh=2SiXoSqhGF4Xqmt4)3.jpg;https://ei.phncdn.com/videos/202009/06/349308261/original/(m=eaAaGwObaaamqv)(mh=2SiXoSqhGF4Xqmt4)4.jpg;https://ei.phncdn.com/videos/202009/06/349308261/original/(m=eaAaGwObaaamqv)(mh=2SiXoSqhGF4Xqmt4)5.jpg;https://ei.phncdn.com/videos/202009/06/349308261/original/(m=eaAaGwObaaamqv)(mh=2SiXoSqhGF4Xqmt4)6.jpg;https://ei.phncdn.com/videos/202009/06/349308261/original/(m=eaAaGwObaaamqv)(mh=2SiXoSqhGF4Xqmt4)7.jpg;https://ei.phncdn.com/videos/202009/06/349308261/original/(m=eaAaGwObaaamqv)(mh=2SiXoSqhGF4Xqmt4)8.jpg;https://ei.phncdn.com/videos/202009/06/349308261/original/(m=eaAaGwObaaamqv)(mh=2SiXoSqhGF4Xqmt4)9.jpg;https://ei.phncdn.com/videos/202009/06/349308261/original/(m=eaAaGwObaaamqv)(mh=2SiXoSqhGF4Xqmt4)10.jpg;https://ei.phncdn.com/videos/202009/06/349308261/original/(m=eaAaGwObaaamqv)(mh=2SiXoSqhGF4Xqmt4)11.jpg;https://ei.phncdn.com/videos/202009/06/349308261/original/(m=eaAaGwObaaamqv)(mh=2SiXoSqhGF4Xqmt4)12.jpg;https://ei.phncdn.com/videos/202009/06/349308261/original/(m=eaAaGwObaaamqv)(mh=2SiXoSqhGF4Xqmt4)13.jpg;https://ei.phncdn.com/videos/202009/06/349308261/original/(m=eaAaGwObaaamqv)(mh=2SiXoSqhGF4Xqmt4)14.jpg;https://ei.phncdn.com/videos/202009/06/349308261/original/(m=eaAaGwObaaamqv)(mh=2SiXoSqhGF4Xqmt4)15.jpg;https://ei.phncdn.com/videos/202009/06/349308261/original/(m=eaAaGwObaaamqv)(mh=2SiXoSqhGF4Xqmt4)16.jpg
<iframe src="https://www.pornhub.com/embed/ph5f5f0f574171a" frameborder="0" height="481" width="608" scrolling="no"></iframe>|https://ei.phncdn.com/videos/202009/14/351693382/original/(m=qNWV_1Vbeaf8GgaaaWavb)(mh=EYpyhdVTOUUwKxRB)0.jpg|https://ei.phncdn.com/videos/202009/14/351693382/original/(m=eaf8GgaaaWavb)(mh=aajY3canekXoaXIS)1.jpg;https://ei.phncdn.com/videos/202009/14/351693382/original/(m=eaf8GgaaaWavb)(mh=aajY3canekXoaXIS)2.jpg;https://ei.phncdn.com/videos/202009/14/351693382/original/(m=eaf8GgaaaWavb)(mh=aajY3canekXoaXIS)3.jpg;https://ei.phncdn.com/videos/202009/14/351693382/original/(m=eaf8GgaaaWavb)(mh=aajY3canekXoaXIS)4.jpg;https://ei.phncdn.com/videos/202009/14/351693382/original/(m=eaf8GgaaaWavb)(mh=aajY3canekXoaXIS)5.jpg;https://ei.phncdn.com/videos/202009/14/351693382/original/(m=eaf8GgaaaWavb)(mh=aajY3canekXoaXIS)6.jpg;https://ei.phncdn.com/videos/202009/14/351693382/original/(m=eaf8GgaaaWavb)(mh=aajY3canekXoaXIS)7.jpg;https://ei.phncdn.com/videos/202009/14/351693382/original/(m=eaf8GgaaaWavb)(mh=aajY3canekXoaXIS)8.jpg;https://ei.phncdn.com/videos/202009/14/351693382/original/(m=eaf8GgaaaWavb)(mh=aajY3canekXoaXIS)9.jpg;https://ei.phncdn.com/videos/202009/14/351693382/original/(m=eaf8GgaaaWavb)(mh=aajY3canekXoaXIS)10.jpg;https://ei.phncdn.com/videos/202009/14/351693382/original/(m=eaf8GgaaaWavb)(mh=aajY3canekXoaXIS)11.jpg;https://ei.phncdn.com/videos/202009/14/351693382/original/(m=eaf8GgaaaWavb)(mh=aajY3canekXoaXIS)12.jpg;https://ei.phncdn.com/videos/202009/14/351693382/original/(m=eaf8GgaaaWavb)(mh=aajY3canekXoaXIS)13.jpg;https://ei.phncdn.com/videos/202009/14/351693382/original/(m=eaf8GgaaaWavb)(mh=aajY3canekXoaXIS)14.jpg;https://ei.phncdn.com/videos/202009/14/351693382/original/(m=eaf8GgaaaWavb)(mh=aajY3canekXoaXIS)15.jpg;https://ei.phncdn.com/videos/202009/14/351693382/original/(m=eaf8GgaaaWavb)(mh=aajY3canekXoaXIS)16.jpg|milf valentina sierra rough anal pov fucked|virtualxporn;taboo;rough;black;extreme;vr-porn;milf;skinny;valentina-sierra;anal;fisting;virtual-pov;titjob;virtual-porn;tattooed|Virtual Reality;180°;3D||2019|8190|63|7|https://ei.phncdn.com/videos/202009/14/351693382/original/(m=qNWV_1VbeaAaGwObaaamqv)(mh=O073wzd588kf6QtV)0.jpg|https://ei.phncdn.com/videos/202009/14/351693382/original/(m=eaAaGwObaaamqv)(mh=RNu1a-0cGLXSmBnn)1.jpg;https://ei.phncdn.com/videos/202009/14/351693382/original/(m=eaAaGwObaaamqv)(mh=RNu1a-0cGLXSmBnn)2.jpg;https://ei.phncdn.com/videos/202009/14/351693382/original/(m=eaAaGwObaaamqv)(mh=RNu1a-0cGLXSmBnn)3.jpg;https://ei.phncdn.com/videos/202009/14/351693382/original/(m=eaAaGwObaaamqv)(mh=RNu1a-0cGLXSmBnn)4.jpg;https://ei.phncdn.com/videos/202009/14/351693382/original/(m=eaAaGwObaaamqv)(mh=RNu1a-0cGLXSmBnn)5.jpg;https://ei.phncdn.com/videos/202009/14/351693382/original/(m=eaAaGwObaaamqv)(mh=RNu1a-0cGLXSmBnn)6.jpg;https://ei.phncdn.com/videos/202009/14/351693382/original/(m=eaAaGwObaaamqv)(mh=RNu1a-0cGLXSmBnn)7.jpg;https://ei.phncdn.com/videos/202009/14/351693382/original/(m=eaAaGwObaaamqv)(mh=RNu1a-0cGLXSmBnn)8.jpg;https://ei.phncdn.com/videos/202009/14/351693382/original/(m=eaAaGwObaaamqv)(mh=RNu1a-0cGLXSmBnn)9.jpg;https://ei.phncdn.com/videos/202009/14/351693382/original/(m=eaAaGwObaaamqv)(mh=RNu1a-0cGLXSmBnn)10.jpg;https://ei.phncdn.com/videos/202009/14/351693382/original/(m=eaAaGwObaaamqv)(mh=RNu1a-0cGLXSmBnn)11.jpg;https://ei.phncdn.com/videos/202009/14/351693382/original/(m=eaAaGwObaaamqv)(mh=RNu1a-0cGLXSmBnn)12.jpg;https://ei.phncdn.com/videos/202009/14/351693382/original/(m=eaAaGwObaaamqv)(mh=RNu1a-0cGLXSmBnn)13.jpg;https://ei.phncdn.com/videos/202009/14/351693382/original/(m=eaAaGwObaaamqv)(mh=RNu1a-0cGLXSmBnn)14.jpg;https://ei.phncdn.com/videos/202009/14/351693382/original/(m=eaAaGwObaaamqv)(mh=RNu1a-0cGLXSmBnn)15.jpg;https://ei.phncdn.com/videos/202009/14/351693382/original/(m=eaAaGwObaaamqv)(mh=RNu1a-0cGLXSmBnn)16.jpg
<iframe src="https://www.pornhub.com/embed/ph5f9174dbd9b2c" frameborder="0" height="481" width="608" scrolling="no"></iframe>|https://ei.phncdn.com/videos/202010/22/362973422/original/(m=eaf8GgaaaWavb)(mh=cXBbxvdvRHINLfhP)4.jpg|https://ei.phncdn.com/videos/202010/22/362973422/original/(m=eaf8GgaaaWavb)(mh=cXBbxvdvRHINLfhP)1.jpg;https://ei.phncdn.com/videos/202010/22/362973422/original/(m=eaf8GgaaaWavb)(mh=cXBbxvdvRHINLfhP)2.jpg;https://ei.phncdn.com/videos/202010/22/362973422/original/(m=eaf8GgaaaWavb)(mh=cXBbxvdvRHINLfhP)3.jpg;https://ei.phncdn.com/videos/202010/22/362973422/original/(m=eaf8GgaaaWavb)(mh=cXBbxvdvRHINLfhP)4.jpg;https://ei.phncdn.com/videos/202010/22/362973422/original/(m=eaf8GgaaaWavb)(mh=cXBbxvdvRHINLfhP)5.jpg;https://ei.phncdn.com/videos/202010/22/362973422/original/(m=eaf8GgaaaWavb)(mh=cXBbxvdvRHINLfhP)6.jpg;https://ei.phncdn.com/videos/202010/22/362973422/original/(m=eaf8GgaaaWavb)(mh=cXBbxvdvRHINLfhP)7.jpg;https://ei.phncdn.com/videos/202010/22/362973422/original/(m=eaf8GgaaaWavb)(mh=cXBbxvdvRHINLfhP)8.jpg;https://ei.phncdn.com/videos/202010/22/362973422/original/(m=eaf8GgaaaWavb)(mh=cXBbxvdvRHINLfhP)9.jpg;https://ei.phncdn.com/videos/202010/22/362973422/original/(m=eaf8GgaaaWavb)(mh=cXBbxvdvRHINLfhP)10.jpg;https://ei.phncdn.com/videos/202010/22/362973422/original/(m=eaf8GgaaaWavb)(mh=cXBbxvdvRHINLfhP)11.jpg;https://ei.phncdn.com/videos/202010/22/362973422/original/(m=eaf8GgaaaWavb)(mh=cXBbxvdvRHINLfhP)12.jpg;https://ei.phncdn.com/videos/202010/22/362973422/original/(m=eaf8GgaaaWavb)(mh=cXBbxvdvRHINLfhP)13.jpg;https://ei.phncdn.com/videos/202010/22/362973422/original/(m=eaf8GgaaaWavb)(mh=cXBbxvdvRHINLfhP)14.jpg;https://ei.phncdn.com/videos/202010/22/362973422/original/(m=eaf8GgaaaWavb)(mh=cXBbxvdvRHINLfhP)15.jpg;https://ei.phncdn.com/videos/202010/22/362973422/original/(m=eaf8GgaaaWavb)(mh=cXBbxvdvRHINLfhP)16.jpg|Soapy wash |big-tits;washing;shower;naked-girls;dirty|Virtual Reality;Exclusive;Verified Amateurs;Solo Female;360°;3D||20|41|1|0|https://ei.phncdn.com/videos/202010/22/362973422/original/(m=eaAaGwObaaamqv)(mh=sScn0Pl9NHqlxh2B)4.jpg|https://ei.phncdn.com/videos/202010/22/362973422/original/(m=eaAaGwObaaamqv)(mh=sScn0Pl9NHqlxh2B)1.jpg;https://ei.phncdn.com/videos/202010/22/362973422/original/(m=eaAaGwObaaamqv)(mh=sScn0Pl9NHqlxh2B)2.jpg;https://ei.phncdn.com/videos/202010/22/362973422/original/(m=eaAaGwObaaamqv)(mh=sScn0Pl9NHqlxh2B)3.jpg;https://ei.phncdn.com/videos/202010/22/362973422/original/(m=eaAaGwObaaamqv)(mh=sScn0Pl9NHqlxh2B)4.jpg;https://ei.phncdn.com/videos/202010/22/362973422/original/(m=eaAaGwObaaamqv)(mh=sScn0Pl9NHqlxh2B)5.jpg;https://ei.phncdn.com/videos/202010/22/362973422/original/(m=eaAaGwObaaamqv)(mh=sScn0Pl9NHqlxh2B)6.jpg;https://ei.phncdn.com/videos/202010/22/362973422/original/(m=eaAaGwObaaamqv)(mh=sScn0Pl9NHqlxh2B)7.jpg;https://ei.phncdn.com/videos/202010/22/362973422/original/(m=eaAaGwObaaamqv)(mh=sScn0Pl9NHqlxh2B)8.jpg;https://ei.phncdn.com/videos/202010/22/362973422/original/(m=eaAaGwObaaamqv)(mh=sScn0Pl9NHqlxh2B)9.jpg;https://ei.phncdn.com/videos/202010/22/362973422/original/(m=eaAaGwObaaamqv)(mh=sScn0Pl9NHqlxh2B)10.jpg;https://ei.phncdn.com/videos/202010/22/362973422/original/(m=eaAaGwObaaamqv)(mh=sScn0Pl9NHqlxh2B)11.jpg;https://ei.phncdn.com/videos/202010/22/362973422/original/(m=eaAaGwObaaamqv)(mh=sScn0Pl9NHqlxh2B)12.jpg;https://ei.phncdn.com/videos/202010/22/362973422/original/(m=eaAaGwObaaamqv)(mh=sScn0Pl9NHqlxh2B)13.jpg;https://ei.phncdn.com/videos/202010/22/362973422/original/(m=eaAaGwObaaamqv)(mh=sScn0Pl9NHqlxh2B)14.jpg;https://ei.phncdn.com/videos/202010/22/362973422/original/(m=eaAaGwObaaamqv)(mh=sScn0Pl9NHqlxh2B)15.jpg;https://ei.phncdn.com/videos/202010/22/362973422/original/(m=eaAaGwObaaamqv)(mh=sScn0Pl9NHqlxh2B)16.jpg
<iframe src="https://www.pornhub.com/embed/5fc47cf95be77" frameborder="0" height="481" width="608" scrolling="no"></iframe>|https://ei.phncdn.com/videos/202011/30/375238862/original/(m=eaf8GgaaaWavb)(mh=wlFUcgVBlCAufSUk)14.jpg|https://ei.phncdn.com/videos/202011/30/375238862/original/(m=eaf8GgaaaWavb)(mh=wlFUcgVBlCAufSUk)1.jpg;https://ei.phncdn.com/videos/202011/30/375238862/original/(m=eaf8GgaaaWavb)(mh=wlFUcgVBlCAufSUk)2.jpg;https://ei.phncdn.com/videos/202011/30/375238862/original/(m=eaf8GgaaaWavb)(mh=wlFUcgVBlCAufSUk)3.jpg;https://ei.phncdn.com/videos/202011/30/375238862/original/(m=eaf8GgaaaWavb)(mh=wlFUcgVBlCAufSUk)4.jpg;https://ei.phncdn.com/videos/202011/30/375238862/original/(m=eaf8GgaaaWavb)(mh=wlFUcgVBlCAufSUk)5.jpg;https://ei.phncdn.com/videos/202011/30/375238862/original/(m=eaf8GgaaaWavb)(mh=wlFUcgVBlCAufSUk)6.jpg;https://ei.phncdn.com/videos/202011/30/375238862/original/(m=eaf8GgaaaWavb)(mh=wlFUcgVBlCAufSUk)7.jpg;https://ei.phncdn.com/videos/202011/30/375238862/original/(m=eaf8GgaaaWavb)(mh=wlFUcgVBlCAufSUk)8.jpg;https://ei.phncdn.com/videos/202011/30/375238862/original/(m=eaf8GgaaaWavb)(mh=wlFUcgVBlCAufSUk)9.jpg;https://ei.phncdn.com/videos/202011/30/375238862/original/(m=eaf8GgaaaWavb)(mh=wlFUcgVBlCAufSUk)10.jpg;https://ei.phncdn.com/videos/202011/30/375238862/original/(m=eaf8GgaaaWavb)(mh=wlFUcgVBlCAufSUk)11.jpg;https://ei.phncdn.com/videos/202011/30/375238862/original/(m=eaf8GgaaaWavb)(mh=wlFUcgVBlCAufSUk)12.jpg;https://ei.phncdn.com/videos/202011/30/375238862/original/(m=eaf8GgaaaWavb)(mh=wlFUcgVBlCAufSUk)13.jpg;https://ei.phncdn.com/videos/202011/30/375238862/original/(m=eaf8GgaaaWavb)(mh=wlFUcgVBlCAufSUk)14.jpg;https://ei.phncdn.com/videos/202011/30/375238862/original/(m=eaf8GgaaaWavb)(mh=wlFUcgVBlCAufSUk)15.jpg;https://ei.phncdn.com/videos/202011/30/375238862/original/(m=eaf8GgaaaWavb)(mh=wlFUcgVBlCAufSUk)16.jpg|Ebony piscean slut teasing pink pussy|pink;slut;pussy;ebony|Virtual Reality;Verified Amateurs;Solo Female;360°;3D||128|3|2|0|https://ei.phncdn.com/videos/202011/30/375238862/original/(m=eaAaGwObaaamqv)(mh=TcI_BGP5E8-dLWt8)14.jpg|https://ei.phncdn.com/videos/202011/30/375238862/original/(m=eaAaGwObaaamqv)(mh=TcI_BGP5E8-dLWt8)1.jpg;https://ei.phncdn.com/videos/202011/30/375238862/original/(m=eaAaGwObaaamqv)(mh=TcI_BGP5E8-dLWt8)2.jpg;https://ei.phncdn.com/videos/202011/30/375238862/original/(m=eaAaGwObaaamqv)(mh=TcI_BGP5E8-dLWt8)3.jpg;https://ei.phncdn.com/videos/202011/30/375238862/original/(m=eaAaGwObaaamqv)(mh=TcI_BGP5E8-dLWt8)4.jpg;https://ei.phncdn.com/videos/202011/30/375238862/original/(m=eaAaGwObaaamqv)(mh=TcI_BGP5E8-dLWt8)5.jpg;https://ei.phncdn.com/videos/202011/30/375238862/original/(m=eaAaGwObaaamqv)(mh=TcI_BGP5E8-dLWt8)6.jpg;https://ei.phncdn.com/videos/202011/30/375238862/original/(m=eaAaGwObaaamqv)(mh=TcI_BGP5E8-dLWt8)7.jpg;https://ei.phncdn.com/videos/202011/30/375238862/original/(m=eaAaGwObaaamqv)(mh=TcI_BGP5E8-dLWt8)8.jpg;https://ei.phncdn.com/videos/202011/30/375238862/original/(m=eaAaGwObaaamqv)(mh=TcI_BGP5E8-dLWt8)9.jpg;https://ei.phncdn.com/videos/202011/30/375238862/original/(m=eaAaGwObaaamqv)(mh=TcI_BGP5E8-dLWt8)10.jpg;https://ei.phncdn.com/videos/202011/30/375238862/original/(m=eaAaGwObaaamqv)(mh=TcI_BGP5E8-dLWt8)11.jpg;https://ei.phncdn.com/videos/202011/30/375238862/original/(m=eaAaGwObaaamqv)(mh=TcI_BGP5E8-dLWt8)12.jpg;https://ei.phncdn.com/videos/202011/30/375238862/original/(m=eaAaGwObaaamqv)(mh=TcI_BGP5E8-dLWt8)13.jpg;https://ei.phncdn.com/videos/202011/30/375238862/original/(m=eaAaGwObaaamqv)(mh=TcI_BGP5E8-dLWt8)14.jpg;https://ei.phncdn.com/videos/202011/30/375238862/original/(m=eaAaGwObaaamqv)(mh=TcI_BGP5E8-dLWt8)15.jpg;https://ei.phncdn.com/videos/202011/30/375238862/original/(m=eaAaGwObaaamqv)(mh=TcI_BGP5E8-dLWt8)16.jpg
<iframe src="https://www.pornhub.com/embed/ph5fccc74d2e0f3" frameborder="0" height="481" width="608" scrolling="no"></iframe>|https://ei.phncdn.com/videos/202012/06/377288771/original/(m=eaf8GgaaaWavb)(mh=OD-N3lCZmeeULmHx)1.jpg|https://ei.phncdn.com/videos/202012/06/377288771/original/(m=eaf8GgaaaWavb)(mh=OD-N3lCZmeeULmHx)1.jpg;https://ei.phncdn.com/videos/202012/06/377288771/original/(m=eaf8GgaaaWavb)(mh=OD-N3lCZmeeULmHx)2.jpg;https://ei.phncdn.com/videos/202012/06/377288771/original/(m=eaf8GgaaaWavb)(mh=OD-N3lCZmeeULmHx)3.jpg;https://ei.phncdn.com/videos/202012/06/377288771/original/(m=eaf8GgaaaWavb)(mh=OD-N3lCZmeeULmHx)4.jpg;https://ei.phncdn.com/videos/202012/06/377288771/original/(m=eaf8GgaaaWavb)(mh=OD-N3lCZmeeULmHx)5.jpg;https://ei.phncdn.com/videos/202012/06/377288771/original/(m=eaf8GgaaaWavb)(mh=OD-N3lCZmeeULmHx)6.jpg;https://ei.phncdn.com/videos/202012/06/377288771/original/(m=eaf8GgaaaWavb)(mh=OD-N3lCZmeeULmHx)7.jpg;https://ei.phncdn.com/videos/202012/06/377288771/original/(m=eaf8GgaaaWavb)(mh=OD-N3lCZmeeULmHx)8.jpg;https://ei.phncdn.com/videos/202012/06/377288771/original/(m=eaf8GgaaaWavb)(mh=OD-N3lCZmeeULmHx)9.jpg;https://ei.phncdn.com/videos/202012/06/377288771/original/(m=eaf8GgaaaWavb)(mh=OD-N3lCZmeeULmHx)10.jpg;https://ei.phncdn.com/videos/202012/06/377288771/original/(m=eaf8GgaaaWavb)(mh=OD-N3lCZmeeULmHx)11.jpg;https://ei.phncdn.com/videos/202012/06/377288771/original/(m=eaf8GgaaaWavb)(mh=OD-N3lCZmeeULmHx)12.jpg;https://ei.phncdn.com/videos/202012/06/377288771/original/(m=eaf8GgaaaWavb)(mh=OD-N3lCZmeeULmHx)13.jpg;https://ei.phncdn.com/videos/202012/06/377288771/original/(m=eaf8GgaaaWavb)(mh=OD-N3lCZmeeULmHx)14.jpg;https://ei.phncdn.com/videos/202012/06/377288771/original/(m=eaf8GgaaaWavb)(mh=OD-N3lCZmeeULmHx)15.jpg;https://ei.phncdn.com/videos/202012/06/377288771/original/(m=eaf8GgaaaWavb)(mh=OD-N3lCZmeeULmHx)16.jpg|Milf Secretly Masturbating Over Panties on Toilet|petite;mom;mother;masturbation;milf-masturbation;hot-milf-masturbates;step-mom-secret;mom-masterbating;hot-mom-masturbates;bisexual-women;bi-wife;amateur-mom;virtual;reality|Virtual Reality;Verified Amateurs;Step Fantasy;Solo Female;360°;3D||52|1517|26|3|https://ei.phncdn.com/videos/202012/06/377288771/original/(m=eaAaGwObaaamqv)(mh=gg9lN8HzrwVbyG8t)1.jpg|https://ei.phncdn.com/videos/202012/06/377288771/original/(m=eaAaGwObaaamqv)(mh=gg9lN8HzrwVbyG8t)1.jpg;https://ei.phncdn.com/videos/202012/06/377288771/original/(m=eaAaGwObaaamqv)(mh=gg9lN8HzrwVbyG8t)2.jpg;https://ei.phncdn.com/videos/202012/06/377288771/original/(m=eaAaGwObaaamqv)(mh=gg9lN8HzrwVbyG8t)3.jpg;https://ei.phncdn.com/videos/202012/06/377288771/original/(m=eaAaGwObaaamqv)(mh=gg9lN8HzrwVbyG8t)4.jpg;https://ei.phncdn.com/videos/202012/06/377288771/original/(m=eaAaGwObaaamqv)(mh=gg9lN8HzrwVbyG8t)5.jpg;https://ei.phncdn.com/videos/202012/06/377288771/original/(m=eaAaGwObaaamqv)(mh=gg9lN8HzrwVbyG8t)6.jpg;https://ei.phncdn.com/videos/202012/06/377288771/original/(m=eaAaGwObaaamqv)(mh=gg9lN8HzrwVbyG8t)7.jpg;https://ei.phncdn.com/videos/202012/06/377288771/original/(m=eaAaGwObaaamqv)(mh=gg9lN8HzrwVbyG8t)8.jpg;https://ei.phncdn.com/videos/202012/06/377288771/original/(m=eaAaGwObaaamqv)(mh=gg9lN8HzrwVbyG8t)9.jpg;https://ei.phncdn.com/videos/202012/06/377288771/original/(m=eaAaGwObaaamqv)(mh=gg9lN8HzrwVbyG8t)10.jpg;https://ei.phncdn.com/videos/202012/06/377288771/original/(m=eaAaGwObaaamqv)(mh=gg9lN8HzrwVbyG8t)11.jpg;https://ei.phncdn.com/videos/202012/06/377288771/original/(m=eaAaGwObaaamqv)(mh=gg9lN8HzrwVbyG8t)12.jpg;https://ei.phncdn.com/videos/202012/06/377288771/original/(m=eaAaGwObaaamqv)(mh=gg9lN8HzrwVbyG8t)13.jpg;https://ei.phncdn.com/videos/202012/06/377288771/original/(m=eaAaGwObaaamqv)(mh=gg9lN8HzrwVbyG8t)14.jpg;https://ei.phncdn.com/videos/202012/06/377288771/original/(m=eaAaGwObaaamqv)(mh=gg9lN8HzrwVbyG8t)15.jpg;https://ei.phncdn.com/videos/202012/06/377288771/original/(m=eaAaGwObaaamqv)(mh=gg9lN8HzrwVbyG8t)16.jpg
<iframe src="https://www.pornhub.com/embed/5fda962aa12e6" frameborder="0" height="481" width="608" scrolling="no"></iframe>|https://ei.phncdn.com/videos/202012/16/378507902/original/(m=eaf8GgaaaWavb)(mh=hnvg5EJv0OV7Pxwc)8.jpg|https://ei.phncdn.com/videos/202012/16/378507902/original/(m=eaf8GgaaaWavb)(mh=hnvg5EJv0OV7Pxwc)1.jpg;https://ei.phncdn.com/videos/202012/16/378507902/original/(m=eaf8GgaaaWavb)(mh=hnvg5EJv0OV7Pxwc)2.jpg;https://ei.phncdn.com/videos/202012/16/378507902/original/(m=eaf8GgaaaWavb)(mh=hnvg5EJv0OV7Pxwc)3.jpg;https://ei.phncdn.com/videos/202012/16/378507902/original/(m=eaf8GgaaaWavb)(mh=hnvg5EJv0OV7Pxwc)4.jpg;https://ei.phncdn.com/videos/202012/16/378507902/original/(m=eaf8GgaaaWavb)(mh=hnvg5EJv0OV7Pxwc)5.jpg;https://ei.phncdn.com/videos/202012/16/378507902/original/(m=eaf8GgaaaWavb)(mh=hnvg5EJv0OV7Pxwc)6.jpg;https://ei.phncdn.com/videos/202012/16/378507902/original/(m=eaf8GgaaaWavb)(mh=hnvg5EJv0OV7Pxwc)7.jpg;https://ei.phncdn.com/videos/202012/16/378507902/original/(m=eaf8GgaaaWavb)(mh=hnvg5EJv0OV7Pxwc)8.jpg;https://ei.phncdn.com/videos/202012/16/378507902/original/(m=eaf8GgaaaWavb)(mh=hnvg5EJv0OV7Pxwc)9.jpg;https://ei.phncdn.com/videos/202012/16/378507902/original/(m=eaf8GgaaaWavb)(mh=hnvg5EJv0OV7Pxwc)10.jpg;https://ei.phncdn.com/videos/202012/16/378507902/original/(m=eaf8GgaaaWavb)(mh=hnvg5EJv0OV7Pxwc)11.jpg;https://ei.phncdn.com/videos/202012/16/378507902/original/(m=eaf8GgaaaWavb)(mh=hnvg5EJv0OV7Pxwc)12.jpg;https://ei.phncdn.com/videos/202012/16/378507902/original/(m=eaf8GgaaaWavb)(mh=hnvg5EJv0OV7Pxwc)13.jpg;https://ei.phncdn.com/videos/202012/16/378507902/original/(m=eaf8GgaaaWavb)(mh=hnvg5EJv0OV7Pxwc)14.jpg;https://ei.phncdn.com/videos/202012/16/378507902/original/(m=eaf8GgaaaWavb)(mh=hnvg5EJv0OV7Pxwc)15.jpg;https://ei.phncdn.com/videos/202012/16/378507902/original/(m=eaf8GgaaaWavb)(mh=hnvg5EJv0OV7Pxwc)16.jpg|Playing With Fat Pussy In Ripped Pantyhose|pussy;solo;fingering;pantyhose|Virtual Reality;Exclusive;Verified Amateurs;Solo Female;360°;3D||24|3|||https://ei.phncdn.com/videos/202012/16/378507902/original/(m=eaAaGwObaaamqv)(mh=FYRWAbzUY7inr8B4)8.jpg|https://ei.phncdn.com/videos/202012/16/378507902/original/(m=eaAaGwObaaamqv)(mh=FYRWAbzUY7inr8B4)1.jpg;https://ei.phncdn.com/videos/202012/16/378507902/original/(m=eaAaGwObaaamqv)(mh=FYRWAbzUY7inr8B4)2.jpg;https://ei.phncdn.com/videos/202012/16/378507902/original/(m=eaAaGwObaaamqv)(mh=FYRWAbzUY7inr8B4)3.jpg;https://ei.phncdn.com/videos/202012/16/378507902/original/(m=eaAaGwObaaamqv)(mh=FYRWAbzUY7inr8B4)4.jpg;https://ei.phncdn.com/videos/202012/16/378507902/original/(m=eaAaGwObaaamqv)(mh=FYRWAbzUY7inr8B4)5.jpg;https://ei.phncdn.com/videos/202012/16/378507902/original/(m=eaAaGwObaaamqv)(mh=FYRWAbzUY7inr8B4)6.jpg;https://ei.phncdn.com/videos/202012/16/378507902/original/(m=eaAaGwObaaamqv)(mh=FYRWAbzUY7inr8B4)7.jpg;https://ei.phncdn.com/videos/202012/16/378507902/original/(m=eaAaGwObaaamqv)(mh=FYRWAbzUY7inr8B4)8.jpg;https://ei.phncdn.com/videos/202012/16/378507902/original/(m=eaAaGwObaaamqv)(mh=FYRWAbzUY7inr8B4)9.jpg;https://ei.phncdn.com/videos/202012/16/378507902/original/(m=eaAaGwObaaamqv)(mh=FYRWAbzUY7inr8B4)10.jpg;https://ei.phncdn.com/videos/202012/16/378507902/original/(m=eaAaGwObaaamqv)(mh=FYRWAbzUY7inr8B4)11.jpg;https://ei.phncdn.com/videos/202012/16/378507902/original/(m=eaAaGwObaaamqv)(mh=FYRWAbzUY7inr8B4)12.jpg;https://ei.phncdn.com/videos/202012/16/378507902/original/(m=eaAaGwObaaamqv)(mh=FYRWAbzUY7inr8B4)13.jpg;https://ei.phncdn.com/videos/202012/16/378507902/original/(m=eaAaGwObaaamqv)(mh=FYRWAbzUY7inr8B4)14.jpg;https://ei.phncdn.com/videos/202012/16/378507902/original/(m=eaAaGwObaaamqv)(mh=FYRWAbzUY7inr8B4)15.jpg;https://ei.phncdn.com/videos/202012/16/378507902/original/(m=eaAaGwObaaamqv)(mh=FYRWAbzUY7inr8B4)16.jpg
<iframe src="https://www.pornhub.com/embed/5fdeb4f384f2d" frameborder="0" height="481" width="608" scrolling="no"></iframe>|https://ei.phncdn.com/videos/202012/20/378704962/original/(m=eaf8GgaaaWavb)(mh=4clXAlM-q8QyfdAc)1.jpg|https://ei.phncdn.com/videos/202012/20/378704962/original/(m=eaf8GgaaaWavb)(mh=4clXAlM-q8QyfdAc)1.jpg;https://ei.phncdn.com/videos/202012/20/378704962/original/(m=eaf8GgaaaWavb)(mh=4clXAlM-q8QyfdAc)2.jpg;https://ei.phncdn.com/videos/202012/20/378704962/original/(m=eaf8GgaaaWavb)(mh=4clXAlM-q8QyfdAc)3.jpg;https://ei.phncdn.com/videos/202012/20/378704962/original/(m=eaf8GgaaaWavb)(mh=4clXAlM-q8QyfdAc)4.jpg;https://ei.phncdn.com/videos/202012/20/378704962/original/(m=eaf8GgaaaWavb)(mh=4clXAlM-q8QyfdAc)5.jpg;https://ei.phncdn.com/videos/202012/20/378704962/original/(m=eaf8GgaaaWavb)(mh=4clXAlM-q8QyfdAc)6.jpg;https://ei.phncdn.com/videos/202012/20/378704962/original/(m=eaf8GgaaaWavb)(mh=4clXAlM-q8QyfdAc)7.jpg;https://ei.phncdn.com/videos/202012/20/378704962/original/(m=eaf8GgaaaWavb)(mh=4clXAlM-q8QyfdAc)8.jpg;https://ei.phncdn.com/videos/202012/20/378704962/original/(m=eaf8GgaaaWavb)(mh=4clXAlM-q8QyfdAc)9.jpg;https://ei.phncdn.com/videos/202012/20/378704962/original/(m=eaf8GgaaaWavb)(mh=4clXAlM-q8QyfdAc)10.jpg;https://ei.phncdn.com/videos/202012/20/378704962/original/(m=eaf8GgaaaWavb)(mh=4clXAlM-q8QyfdAc)11.jpg;https://ei.phncdn.com/videos/202012/20/378704962/original/(m=eaf8GgaaaWavb)(mh=4clXAlM-q8QyfdAc)12.jpg;https://ei.phncdn.com/videos/202012/20/378704962/original/(m=eaf8GgaaaWavb)(mh=4clXAlM-q8QyfdAc)13.jpg;https://ei.phncdn.com/videos/202012/20/378704962/original/(m=eaf8GgaaaWavb)(mh=4clXAlM-q8QyfdAc)14.jpg;https://ei.phncdn.com/videos/202012/20/378704962/original/(m=eaf8GgaaaWavb)(mh=4clXAlM-q8QyfdAc)15.jpg;https://ei.phncdn.com/videos/202012/20/378704962/original/(m=eaf8GgaaaWavb)(mh=4clXAlM-q8QyfdAc)16.jpg|Stop and go |lesbian;dildo;toys;cum;masturbation;fucking-myself;tattoos;gothic;gothic-girl-solo;penatration|Virtual Reality;Exclusive;Verified Amateurs;Solo Female;360°;3D||46|1|||https://ei.phncdn.com/videos/202012/20/378704962/original/(m=eaAaGwObaaamqv)(mh=OBLk1ZByo4iP646Z)1.jpg|https://ei.phncdn.com/videos/202012/20/378704962/original/(m=eaAaGwObaaamqv)(mh=OBLk1ZByo4iP646Z)1.jpg;https://ei.phncdn.com/videos/202012/20/378704962/original/(m=eaAaGwObaaamqv)(mh=OBLk1ZByo4iP646Z)2.jpg;https://ei.phncdn.com/videos/202012/20/378704962/original/(m=eaAaGwObaaamqv)(mh=OBLk1ZByo4iP646Z)3.jpg;https://ei.phncdn.com/videos/202012/20/378704962/original/(m=eaAaGwObaaamqv)(mh=OBLk1ZByo4iP646Z)4.jpg;https://ei.phncdn.com/videos/202012/20/378704962/original/(m=eaAaGwObaaamqv)(mh=OBLk1ZByo4iP646Z)5.jpg;https://ei.phncdn.com/videos/202012/20/378704962/original/(m=eaAaGwObaaamqv)(mh=OBLk1ZByo4iP646Z)6.jpg;https://ei.phncdn.com/videos/202012/20/378704962/original/(m=eaAaGwObaaamqv)(mh=OBLk1ZByo4iP646Z)7.jpg;https://ei.phncdn.com/videos/202012/20/378704962/original/(m=eaAaGwObaaamqv)(mh=OBLk1ZByo4iP646Z)8.jpg;https://ei.phncdn.com/videos/202012/20/378704962/original/(m=eaAaGwObaaamqv)(mh=OBLk1ZByo4iP646Z)9.jpg;https://ei.phncdn.com/videos/202012/20/378704962/original/(m=eaAaGwObaaamqv)(mh=OBLk1ZByo4iP646Z)10.jpg;https://ei.phncdn.com/videos/202012/20/378704962/original/(m=eaAaGwObaaamqv)(mh=OBLk1ZByo4iP646Z)11.jpg;https://ei.phncdn.com/videos/202012/20/378704962/original/(m=eaAaGwObaaamqv)(mh=OBLk1ZByo4iP646Z)12.jpg;https://ei.phncdn.com/videos/202012/20/378704962/original/(m=eaAaGwObaaamqv)(mh=OBLk1ZByo4iP646Z)13.jpg;https://ei.phncdn.com/videos/202012/20/378704962/original/(m=eaAaGwObaaamqv)(mh=OBLk1ZByo4iP646Z)14.jpg;https://ei.phncdn.com/videos/202012/20/378704962/original/(m=eaAaGwObaaamqv)(mh=OBLk1ZByo4iP646Z)15.jpg;https://ei.phncdn.com/videos/202012/20/378704962/original/(m=eaAaGwObaaamqv)(mh=OBLk1ZByo4iP646Z)16.jpg
<iframe src="https://www.pornhub.com/embed/ph5ff34c194336c" frameborder="0" height="481" width="608" scrolling="no"></iframe>|https://ei.phncdn.com/videos/202101/04/379678992/original/(m=eaf8GgaaaWavb)(mh=FCq3s1VUH6HMsLwh)6.jpg|https://ei.phncdn.com/videos/202101/04/379678992/original/(m=eaf8GgaaaWavb)(mh=FCq3s1VUH6HMsLwh)1.jpg;https://ei.phncdn.com/videos/202101/04/379678992/original/(m=eaf8GgaaaWavb)(mh=FCq3s1VUH6HMsLwh)2.jpg;https://ei.phncdn.com/videos/202101/04/379678992/original/(m=eaf8GgaaaWavb)(mh=FCq3s1VUH6HMsLwh)3.jpg;https://ei.phncdn.com/videos/202101/04/379678992/original/(m=eaf8GgaaaWavb)(mh=FCq3s1VUH6HMsLwh)4.jpg;https://ei.phncdn.com/videos/202101/04/379678992/original/(m=eaf8GgaaaWavb)(mh=FCq3s1VUH6HMsLwh)5.jpg;https://ei.phncdn.com/videos/202101/04/379678992/original/(m=eaf8GgaaaWavb)(mh=FCq3s1VUH6HMsLwh)6.jpg;https://ei.phncdn.com/videos/202101/04/379678992/original/(m=eaf8GgaaaWavb)(mh=FCq3s1VUH6HMsLwh)7.jpg;https://ei.phncdn.com/videos/202101/04/379678992/original/(m=eaf8GgaaaWavb)(mh=FCq3s1VUH6HMsLwh)8.jpg;https://ei.phncdn.com/videos/202101/04/379678992/original/(m=eaf8GgaaaWavb)(mh=FCq3s1VUH6HMsLwh)9.jpg;https://ei.phncdn.com/videos/202101/04/379678992/original/(m=eaf8GgaaaWavb)(mh=FCq3s1VUH6HMsLwh)10.jpg;https://ei.phncdn.com/videos/202101/04/379678992/original/(m=eaf8GgaaaWavb)(mh=FCq3s1VUH6HMsLwh)11.jpg;https://ei.phncdn.com/videos/202101/04/379678992/original/(m=eaf8GgaaaWavb)(mh=FCq3s1VUH6HMsLwh)12.jpg;https://ei.phncdn.com/videos/202101/04/379678992/original/(m=eaf8GgaaaWavb)(mh=FCq3s1VUH6HMsLwh)13.jpg;https://ei.phncdn.com/videos/202101/04/379678992/original/(m=eaf8GgaaaWavb)(mh=FCq3s1VUH6HMsLwh)14.jpg;https://ei.phncdn.com/videos/202101/04/379678992/original/(m=eaf8GgaaaWavb)(mh=FCq3s1VUH6HMsLwh)15.jpg;https://ei.phncdn.com/videos/202101/04/379678992/original/(m=eaf8GgaaaWavb)(mh=FCq3s1VUH6HMsLwh)16.jpg|Melaninated Goodness |thick;thighs;wet-pussy;tight-pussy|Virtual Reality;Exclusive;Verified Amateurs;Solo Female;360°;3D||69|32|||https://ei.phncdn.com/videos/202101/04/379678992/original/(m=eaAaGwObaaamqv)(mh=2HeAbqDgGFWUeX4d)6.jpg|https://ei.phncdn.com/videos/202101/04/379678992/original/(m=eaAaGwObaaamqv)(mh=2HeAbqDgGFWUeX4d)1.jpg;https://ei.phncdn.com/videos/202101/04/379678992/original/(m=eaAaGwObaaamqv)(mh=2HeAbqDgGFWUeX4d)2.jpg;https://ei.phncdn.com/videos/202101/04/379678992/original/(m=eaAaGwObaaamqv)(mh=2HeAbqDgGFWUeX4d)3.jpg;https://ei.phncdn.com/videos/202101/04/379678992/original/(m=eaAaGwObaaamqv)(mh=2HeAbqDgGFWUeX4d)4.jpg;https://ei.phncdn.com/videos/202101/04/379678992/original/(m=eaAaGwObaaamqv)(mh=2HeAbqDgGFWUeX4d)5.jpg;https://ei.phncdn.com/videos/202101/04/379678992/original/(m=eaAaGwObaaamqv)(mh=2HeAbqDgGFWUeX4d)6.jpg;https://ei.phncdn.com/videos/202101/04/379678992/original/(m=eaAaGwObaaamqv)(mh=2HeAbqDgGFWUeX4d)7.jpg;https://ei.phncdn.com/videos/202101/04/379678992/original/(m=eaAaGwObaaamqv)(mh=2HeAbqDgGFWUeX4d)8.jpg;https://ei.phncdn.com/videos/202101/04/379678992/original/(m=eaAaGwObaaamqv)(mh=2HeAbqDgGFWUeX4d)9.jpg;https://ei.phncdn.com/videos/202101/04/379678992/original/(m=eaAaGwObaaamqv)(mh=2HeAbqDgGFWUeX4d)10.jpg;https://ei.phncdn.com/videos/202101/04/379678992/original/(m=eaAaGwObaaamqv)(mh=2HeAbqDgGFWUeX4d)11.jpg;https://ei.phncdn.com/videos/202101/04/379678992/original/(m=eaAaGwObaaamqv)(mh=2HeAbqDgGFWUeX4d)12.jpg;https://ei.phncdn.com/videos/202101/04/379678992/original/(m=eaAaGwObaaamqv)(mh=2HeAbqDgGFWUeX4d)13.jpg;https://ei.phncdn.com/videos/202101/04/379678992/original/(m=eaAaGwObaaamqv)(mh=2HeAbqDgGFWUeX4d)14.jpg;https://ei.phncdn.com/videos/202101/04/379678992/original/(m=eaAaGwObaaamqv)(mh=2HeAbqDgGFWUeX4d)15.jpg;https://ei.phncdn.com/videos/202101/04/379678992/original/(m=eaAaGwObaaamqv)(mh=2HeAbqDgGFWUeX4d)16.jpg
<iframe src="https://www.pornhub.com/embed/5fffaad051405" frameborder="0" height="481" width="608" scrolling="no"></iframe>|https://ei.phncdn.com/videos/202101/14/381710702/original/(m=eaf8GgaaaWavb)(mh=FiJyFSsNlGtfWiFn)8.jpg|https://ei.phncdn.com/videos/202101/14/381710702/original/(m=eaf8GgaaaWavb)(mh=FiJyFSsNlGtfWiFn)1.jpg;https://ei.phncdn.com/videos/202101/14/381710702/original/(m=eaf8GgaaaWavb)(mh=FiJyFSsNlGtfWiFn)2.jpg;https://ei.phncdn.com/videos/202101/14/381710702/original/(m=eaf8GgaaaWavb)(mh=FiJyFSsNlGtfWiFn)3.jpg;https://ei.phncdn.com/videos/202101/14/381710702/original/(m=eaf8GgaaaWavb)(mh=FiJyFSsNlGtfWiFn)4.jpg;https://ei.phncdn.com/videos/202101/14/381710702/original/(m=eaf8GgaaaWavb)(mh=FiJyFSsNlGtfWiFn)5.jpg;https://ei.phncdn.com/videos/202101/14/381710702/original/(m=eaf8GgaaaWavb)(mh=FiJyFSsNlGtfWiFn)6.jpg;https://ei.phncdn.com/videos/202101/14/381710702/original/(m=eaf8GgaaaWavb)(mh=FiJyFSsNlGtfWiFn)7.jpg;https://ei.phncdn.com/videos/202101/14/381710702/original/(m=eaf8GgaaaWavb)(mh=FiJyFSsNlGtfWiFn)8.jpg;https://ei.phncdn.com/videos/202101/14/381710702/original/(m=eaf8GgaaaWavb)(mh=FiJyFSsNlGtfWiFn)9.jpg;https://ei.phncdn.com/videos/202101/14/381710702/original/(m=eaf8GgaaaWavb)(mh=FiJyFSsNlGtfWiFn)10.jpg;https://ei.phncdn.com/videos/202101/14/381710702/original/(m=eaf8GgaaaWavb)(mh=FiJyFSsNlGtfWiFn)11.jpg;https://ei.phncdn.com/videos/202101/14/381710702/original/(m=eaf8GgaaaWavb)(mh=FiJyFSsNlGtfWiFn)12.jpg;https://ei.phncdn.com/videos/202101/14/381710702/original/(m=eaf8GgaaaWavb)(mh=FiJyFSsNlGtfWiFn)13.jpg;https://ei.phncdn.com/videos/202101/14/381710702/original/(m=eaf8GgaaaWavb)(mh=FiJyFSsNlGtfWiFn)14.jpg;https://ei.phncdn.com/videos/202101/14/381710702/original/(m=eaf8GgaaaWavb)(mh=FiJyFSsNlGtfWiFn)15.jpg;https://ei.phncdn.com/videos/202101/14/381710702/original/(m=eaf8GgaaaWavb)(mh=FiJyFSsNlGtfWiFn)16.jpg|Twearking|pov-twearking;pov-ass|Virtual Reality;Exclusive;Verified Amateurs;Solo Female;360°;3D;Vertical Video||8|0|||https://ei.phncdn.com/videos/202101/14/381710702/original/(m=eaAaGwObaaamqv)(mh=FRmmSMIvZfqlt8tG)8.jpg|https://ei.phncdn.com/videos/202101/14/381710702/original/(m=eaAaGwObaaamqv)(mh=FRmmSMIvZfqlt8tG)1.jpg;https://ei.phncdn.com/videos/202101/14/381710702/original/(m=eaAaGwObaaamqv)(mh=FRmmSMIvZfqlt8tG)2.jpg;https://ei.phncdn.com/videos/202101/14/381710702/original/(m=eaAaGwObaaamqv)(mh=FRmmSMIvZfqlt8tG)3.jpg;https://ei.phncdn.com/videos/202101/14/381710702/original/(m=eaAaGwObaaamqv)(mh=FRmmSMIvZfqlt8tG)4.jpg;https://ei.phncdn.com/videos/202101/14/381710702/original/(m=eaAaGwObaaamqv)(mh=FRmmSMIvZfqlt8tG)5.jpg;https://ei.phncdn.com/videos/202101/14/381710702/original/(m=eaAaGwObaaamqv)(mh=FRmmSMIvZfqlt8tG)6.jpg;https://ei.phncdn.com/videos/202101/14/381710702/original/(m=eaAaGwObaaamqv)(mh=FRmmSMIvZfqlt8tG)7.jpg;https://ei.phncdn.com/videos/202101/14/381710702/original/(m=eaAaGwObaaamqv)(mh=FRmmSMIvZfqlt8tG)8.jpg;https://ei.phncdn.com/videos/202101/14/381710702/original/(m=eaAaGwObaaamqv)(mh=FRmmSMIvZfqlt8tG)9.jpg;https://ei.phncdn.com/videos/202101/14/381710702/original/(m=eaAaGwObaaamqv)(mh=FRmmSMIvZfqlt8tG)10.jpg;https://ei.phncdn.com/videos/202101/14/381710702/original/(m=eaAaGwObaaamqv)(mh=FRmmSMIvZfqlt8tG)11.jpg;https://ei.phncdn.com/videos/202101/14/381710702/original/(m=eaAaGwObaaamqv)(mh=FRmmSMIvZfqlt8tG)12.jpg;https://ei.phncdn.com/videos/202101/14/381710702/original/(m=eaAaGwObaaamqv)(mh=FRmmSMIvZfqlt8tG)13.jpg;https://ei.phncdn.com/videos/202101/14/381710702/original/(m=eaAaGwObaaamqv)(mh=FRmmSMIvZfqlt8tG)14.jpg;https://ei.phncdn.com/videos/202101/14/381710702/original/(m=eaAaGwObaaamqv)(mh=FRmmSMIvZfqlt8tG)15.jpg;https://ei.phncdn.com/videos/202101/14/381710702/original/(m=eaAaGwObaaamqv)(mh=FRmmSMIvZfqlt8tG)16.jpg
<iframe src="https://www.pornhub.com/embed/ph600e336b76948" frameborder="0" height="481" width="608" scrolling="no"></iframe>|https://ei.phncdn.com/videos/202101/25/382367172/original/(m=eaf8GgaaaWavb)(mh=JMXAfcN8M3bG0N0X)13.jpg|https://ei.phncdn.com/videos/202101/25/382367172/original/(m=eaf8GgaaaWavb)(mh=JMXAfcN8M3bG0N0X)1.jpg;https://ei.phncdn.com/videos/202101/25/382367172/original/(m=eaf8GgaaaWavb)(mh=JMXAfcN8M3bG0N0X)2.jpg;https://ei.phncdn.com/videos/202101/25/382367172/original/(m=eaf8GgaaaWavb)(mh=JMXAfcN8M3bG0N0X)3.jpg;https://ei.phncdn.com/videos/202101/25/382367172/original/(m=eaf8GgaaaWavb)(mh=JMXAfcN8M3bG0N0X)4.jpg;https://ei.phncdn.com/videos/202101/25/382367172/original/(m=eaf8GgaaaWavb)(mh=JMXAfcN8M3bG0N0X)5.jpg;https://ei.phncdn.com/videos/202101/25/382367172/original/(m=eaf8GgaaaWavb)(mh=JMXAfcN8M3bG0N0X)6.jpg;https://ei.phncdn.com/videos/202101/25/382367172/original/(m=eaf8GgaaaWavb)(mh=JMXAfcN8M3bG0N0X)7.jpg;https://ei.phncdn.com/videos/202101/25/382367172/original/(m=eaf8GgaaaWavb)(mh=JMXAfcN8M3bG0N0X)8.jpg;https://ei.phncdn.com/videos/202101/25/382367172/original/(m=eaf8GgaaaWavb)(mh=JMXAfcN8M3bG0N0X)9.jpg;https://ei.phncdn.com/videos/202101/25/382367172/original/(m=eaf8GgaaaWavb)(mh=JMXAfcN8M3bG0N0X)10.jpg;https://ei.phncdn.com/videos/202101/25/382367172/original/(m=eaf8GgaaaWavb)(mh=JMXAfcN8M3bG0N0X)11.jpg;https://ei.phncdn.com/videos/202101/25/382367172/original/(m=eaf8GgaaaWavb)(mh=JMXAfcN8M3bG0N0X)12.jpg;https://ei.phncdn.com/videos/202101/25/382367172/original/(m=eaf8GgaaaWavb)(mh=JMXAfcN8M3bG0N0X)13.jpg;https://ei.phncdn.com/videos/202101/25/382367172/original/(m=eaf8GgaaaWavb)(mh=JMXAfcN8M3bG0N0X)14.jpg;https://ei.phncdn.com/videos/202101/25/382367172/original/(m=eaf8GgaaaWavb)(mh=JMXAfcN8M3bG0N0X)15.jpg;https://ei.phncdn.com/videos/202101/25/382367172/original/(m=eaf8GgaaaWavb)(mh=JMXAfcN8M3bG0N0X)16.jpg|Super hairy ebony with huge clit|tiktok;first-time-anal|Virtual Reality;Exclusive;Verified Amateurs;Solo Female;360°;3D||15|192|||https://ei.phncdn.com/videos/202101/25/382367172/original/(m=eaAaGwObaaamqv)(mh=2UKHv2rTnTaG6-Nh)13.jpg|https://ei.phncdn.com/videos/202101/25/382367172/original/(m=eaAaGwObaaamqv)(mh=2UKHv2rTnTaG6-Nh)1.jpg;https://ei.phncdn.com/videos/202101/25/382367172/original/(m=eaAaGwObaaamqv)(mh=2UKHv2rTnTaG6-Nh)2.jpg;https://ei.phncdn.com/videos/202101/25/382367172/original/(m=eaAaGwObaaamqv)(mh=2UKHv2rTnTaG6-Nh)3.jpg;https://ei.phncdn.com/videos/202101/25/382367172/original/(m=eaAaGwObaaamqv)(mh=2UKHv2rTnTaG6-Nh)4.jpg;https://ei.phncdn.com/videos/202101/25/382367172/original/(m=eaAaGwObaaamqv)(mh=2UKHv2rTnTaG6-Nh)5.jpg;https://ei.phncdn.com/videos/202101/25/382367172/original/(m=eaAaGwObaaamqv)(mh=2UKHv2rTnTaG6-Nh)6.jpg;https://ei.phncdn.com/videos/202101/25/382367172/original/(m=eaAaGwObaaamqv)(mh=2UKHv2rTnTaG6-Nh)7.jpg;https://ei.phncdn.com/videos/202101/25/382367172/original/(m=eaAaGwObaaamqv)(mh=2UKHv2rTnTaG6-Nh)8.jpg;https://ei.phncdn.com/videos/202101/25/382367172/original/(m=eaAaGwObaaamqv)(mh=2UKHv2rTnTaG6-Nh)9.jpg;https://ei.phncdn.com/videos/202101/25/382367172/original/(m=eaAaGwObaaamqv)(mh=2UKHv2rTnTaG6-Nh)10.jpg;https://ei.phncdn.com/videos/202101/25/382367172/original/(m=eaAaGwObaaamqv)(mh=2UKHv2rTnTaG6-Nh)11.jpg;https://ei.phncdn.com/videos/202101/25/382367172/original/(m=eaAaGwObaaamqv)(mh=2UKHv2rTnTaG6-Nh)12.jpg;https://ei.phncdn.com/videos/202101/25/382367172/original/(m=eaAaGwObaaamqv)(mh=2UKHv2rTnTaG6-Nh)13.jpg;https://ei.phncdn.com/videos/202101/25/382367172/original/(m=eaAaGwObaaamqv)(mh=2UKHv2rTnTaG6-Nh)14.jpg;https://ei.phncdn.com/videos/202101/25/382367172/original/(m=eaAaGwObaaamqv)(mh=2UKHv2rTnTaG6-Nh)15.jpg;https://ei.phncdn.com/videos/202101/25/382367172/original/(m=eaAaGwObaaamqv)(mh=2UKHv2rTnTaG6-Nh)16.jpg
<iframe src="https://www.pornhub.com/embed/ph600e359053199" frameborder="0" height="481" width="608" scrolling="no"></iframe>|https://ei.phncdn.com/videos/202101/25/382367282/original/(m=eaf8GgaaaWavb)(mh=BB-HhCIGsV4QHuiC)4.jpg|https://ei.phncdn.com/videos/202101/25/382367282/original/(m=eaf8GgaaaWavb)(mh=BB-HhCIGsV4QHuiC)1.jpg;https://ei.phncdn.com/videos/202101/25/382367282/original/(m=eaf8GgaaaWavb)(mh=BB-HhCIGsV4QHuiC)2.jpg;https://ei.phncdn.com/videos/202101/25/382367282/original/(m=eaf8GgaaaWavb)(mh=BB-HhCIGsV4QHuiC)3.jpg;https://ei.phncdn.com/videos/202101/25/382367282/original/(m=eaf8GgaaaWavb)(mh=BB-HhCIGsV4QHuiC)4.jpg;https://ei.phncdn.com/videos/202101/25/382367282/original/(m=eaf8GgaaaWavb)(mh=BB-HhCIGsV4QHuiC)5.jpg;https://ei.phncdn.com/videos/202101/25/382367282/original/(m=eaf8GgaaaWavb)(mh=BB-HhCIGsV4QHuiC)6.jpg;https://ei.phncdn.com/videos/202101/25/382367282/original/(m=eaf8GgaaaWavb)(mh=BB-HhCIGsV4QHuiC)7.jpg;https://ei.phncdn.com/videos/202101/25/382367282/original/(m=eaf8GgaaaWavb)(mh=BB-HhCIGsV4QHuiC)8.jpg;https://ei.phncdn.com/videos/202101/25/382367282/original/(m=eaf8GgaaaWavb)(mh=BB-HhCIGsV4QHuiC)9.jpg;https://ei.phncdn.com/videos/202101/25/382367282/original/(m=eaf8GgaaaWavb)(mh=BB-HhCIGsV4QHuiC)10.jpg;https://ei.phncdn.com/videos/202101/25/382367282/original/(m=eaf8GgaaaWavb)(mh=BB-HhCIGsV4QHuiC)11.jpg;https://ei.phncdn.com/videos/202101/25/382367282/original/(m=eaf8GgaaaWavb)(mh=BB-HhCIGsV4QHuiC)12.jpg;https://ei.phncdn.com/videos/202101/25/382367282/original/(m=eaf8GgaaaWavb)(mh=BB-HhCIGsV4QHuiC)13.jpg;https://ei.phncdn.com/videos/202101/25/382367282/original/(m=eaf8GgaaaWavb)(mh=BB-HhCIGsV4QHuiC)14.jpg;https://ei.phncdn.com/videos/202101/25/382367282/original/(m=eaf8GgaaaWavb)(mh=BB-HhCIGsV4QHuiC)15.jpg;https://ei.phncdn.com/videos/202101/25/382367282/original/(m=eaf8GgaaaWavb)(mh=BB-HhCIGsV4QHuiC)16.jpg|Dripping wet fat pussy juice |asian;japanese|Virtual Reality;Exclusive;Verified Amateurs;Solo Female;360°;3D||43|227|1|1|https://ei.phncdn.com/videos/202101/25/382367282/original/(m=eaAaGwObaaamqv)(mh=gTvjpKTKea9lahcX)4.jpg|https://ei.phncdn.com/videos/202101/25/382367282/original/(m=eaAaGwObaaamqv)(mh=gTvjpKTKea9lahcX)1.jpg;https://ei.phncdn.com/videos/202101/25/382367282/original/(m=eaAaGwObaaamqv)(mh=gTvjpKTKea9lahcX)2.jpg;https://ei.phncdn.com/videos/202101/25/382367282/original/(m=eaAaGwObaaamqv)(mh=gTvjpKTKea9lahcX)3.jpg;https://ei.phncdn.com/videos/202101/25/382367282/original/(m=eaAaGwObaaamqv)(mh=gTvjpKTKea9lahcX)4.jpg;https://ei.phncdn.com/videos/202101/25/382367282/original/(m=eaAaGwObaaamqv)(mh=gTvjpKTKea9lahcX)5.jpg;https://ei.phncdn.com/videos/202101/25/382367282/original/(m=eaAaGwObaaamqv)(mh=gTvjpKTKea9lahcX)6.jpg;https://ei.phncdn.com/videos/202101/25/382367282/original/(m=eaAaGwObaaamqv)(mh=gTvjpKTKea9lahcX)7.jpg;https://ei.phncdn.com/videos/202101/25/382367282/original/(m=eaAaGwObaaamqv)(mh=gTvjpKTKea9lahcX)8.jpg;https://ei.phncdn.com/videos/202101/25/382367282/original/(m=eaAaGwObaaamqv)(mh=gTvjpKTKea9lahcX)9.jpg;https://ei.phncdn.com/videos/202101/25/382367282/original/(m=eaAaGwObaaamqv)(mh=gTvjpKTKea9lahcX)10.jpg;https://ei.phncdn.com/videos/202101/25/382367282/original/(m=eaAaGwObaaamqv)(mh=gTvjpKTKea9lahcX)11.jpg;https://ei.phncdn.com/videos/202101/25/382367282/original/(m=eaAaGwObaaamqv)(mh=gTvjpKTKea9lahcX)12.jpg;https://ei.phncdn.com/videos/202101/25/382367282/original/(m=eaAaGwObaaamqv)(mh=gTvjpKTKea9lahcX)13.jpg;https://ei.phncdn.com/videos/202101/25/382367282/original/(m=eaAaGwObaaamqv)(mh=gTvjpKTKea9lahcX)14.jpg;https://ei.phncdn.com/videos/202101/25/382367282/original/(m=eaAaGwObaaamqv)(mh=gTvjpKTKea9lahcX)15.jpg;https://ei.phncdn.com/videos/202101/25/382367282/original/(m=eaAaGwObaaamqv)(mh=gTvjpKTKea9lahcX)16.jpg
<iframe src="https://www.pornhub.com/embed/60107c7979c3a" frameborder="0" height="481" width="608" scrolling="no"></iframe>|https://ei.phncdn.com/videos/202101/26/382473232/original/(m=eaf8GgaaaWavb)(mh=zVUDH2-G73hf0iTE)12.jpg|https://ei.phncdn.com/videos/202101/26/382473232/original/(m=eaf8GgaaaWavb)(mh=zVUDH2-G73hf0iTE)1.jpg;https://ei.phncdn.com/videos/202101/26/382473232/original/(m=eaf8GgaaaWavb)(mh=zVUDH2-G73hf0iTE)2.jpg;https://ei.phncdn.com/videos/202101/26/382473232/original/(m=eaf8GgaaaWavb)(mh=zVUDH2-G73hf0iTE)3.jpg;https://ei.phncdn.com/videos/202101/26/382473232/original/(m=eaf8GgaaaWavb)(mh=zVUDH2-G73hf0iTE)4.jpg;https://ei.phncdn.com/videos/202101/26/382473232/original/(m=eaf8GgaaaWavb)(mh=zVUDH2-G73hf0iTE)5.jpg;https://ei.phncdn.com/videos/202101/26/382473232/original/(m=eaf8GgaaaWavb)(mh=zVUDH2-G73hf0iTE)6.jpg;https://ei.phncdn.com/videos/202101/26/382473232/original/(m=eaf8GgaaaWavb)(mh=zVUDH2-G73hf0iTE)7.jpg;https://ei.phncdn.com/videos/202101/26/382473232/original/(m=eaf8GgaaaWavb)(mh=zVUDH2-G73hf0iTE)8.jpg;https://ei.phncdn.com/videos/202101/26/382473232/original/(m=eaf8GgaaaWavb)(mh=zVUDH2-G73hf0iTE)9.jpg;https://ei.phncdn.com/videos/202101/26/382473232/original/(m=eaf8GgaaaWavb)(mh=zVUDH2-G73hf0iTE)10.jpg;https://ei.phncdn.com/videos/202101/26/382473232/original/(m=eaf8GgaaaWavb)(mh=zVUDH2-G73hf0iTE)11.jpg;https://ei.phncdn.com/videos/202101/26/382473232/original/(m=eaf8GgaaaWavb)(mh=zVUDH2-G73hf0iTE)12.jpg;https://ei.phncdn.com/videos/202101/26/382473232/original/(m=eaf8GgaaaWavb)(mh=zVUDH2-G73hf0iTE)13.jpg;https://ei.phncdn.com/videos/202101/26/382473232/original/(m=eaf8GgaaaWavb)(mh=zVUDH2-G73hf0iTE)14.jpg;https://ei.phncdn.com/videos/202101/26/382473232/original/(m=eaf8GgaaaWavb)(mh=zVUDH2-G73hf0iTE)15.jpg;https://ei.phncdn.com/videos/202101/26/382473232/original/(m=eaf8GgaaaWavb)(mh=zVUDH2-G73hf0iTE)16.jpg|Water dripping off my HOT! Wet body !!!|babeinshowerdripping;teentouchingherself|Virtual Reality;Exclusive;Verified Amateurs;Solo Female;360°;3D||52|0|||https://ei.phncdn.com/videos/202101/26/382473232/original/(m=eaAaGwObaaamqv)(mh=3qUboXU_rxMn7kTF)12.jpg|https://ei.phncdn.com/videos/202101/26/382473232/original/(m=eaAaGwObaaamqv)(mh=3qUboXU_rxMn7kTF)1.jpg;https://ei.phncdn.com/videos/202101/26/382473232/original/(m=eaAaGwObaaamqv)(mh=3qUboXU_rxMn7kTF)2.jpg;https://ei.phncdn.com/videos/202101/26/382473232/original/(m=eaAaGwObaaamqv)(mh=3qUboXU_rxMn7kTF)3.jpg;https://ei.phncdn.com/videos/202101/26/382473232/original/(m=eaAaGwObaaamqv)(mh=3qUboXU_rxMn7kTF)4.jpg;https://ei.phncdn.com/videos/202101/26/382473232/original/(m=eaAaGwObaaamqv)(mh=3qUboXU_rxMn7kTF)5.jpg;https://ei.phncdn.com/videos/202101/26/382473232/original/(m=eaAaGwObaaamqv)(mh=3qUboXU_rxMn7kTF)6.jpg;https://ei.phncdn.com/videos/202101/26/382473232/original/(m=eaAaGwObaaamqv)(mh=3qUboXU_rxMn7kTF)7.jpg;https://ei.phncdn.com/videos/202101/26/382473232/original/(m=eaAaGwObaaamqv)(mh=3qUboXU_rxMn7kTF)8.jpg;https://ei.phncdn.com/videos/202101/26/382473232/original/(m=eaAaGwObaaamqv)(mh=3qUboXU_rxMn7kTF)9.jpg;https://ei.phncdn.com/videos/202101/26/382473232/original/(m=eaAaGwObaaamqv)(mh=3qUboXU_rxMn7kTF)10.jpg;https://ei.phncdn.com/videos/202101/26/382473232/original/(m=eaAaGwObaaamqv)(mh=3qUboXU_rxMn7kTF)11.jpg;https://ei.phncdn.com/videos/202101/26/382473232/original/(m=eaAaGwObaaamqv)(mh=3qUboXU_rxMn7kTF)12.jpg;https://ei.phncdn.com/videos/202101/26/382473232/original/(m=eaAaGwObaaamqv)(mh=3qUboXU_rxMn7kTF)13.jpg;https://ei.phncdn.com/videos/202101/26/382473232/original/(m=eaAaGwObaaamqv)(mh=3qUboXU_rxMn7kTF)14.jpg;https://ei.phncdn.com/videos/202101/26/382473232/original/(m=eaAaGwObaaamqv)(mh=3qUboXU_rxMn7kTF)15.jpg;https://ei.phncdn.com/videos/202101/26/382473232/original/(m=eaAaGwObaaamqv)(mh=3qUboXU_rxMn7kTF)16.jpg
<iframe src="https://www.pornhub.com/embed/ph601d50d61ae17" frameborder="0" height="481" width="608" scrolling="no"></iframe>|https://ei.phncdn.com/videos/202102/05/383054272/original/(m=eaf8GgaaaWavb)(mh=OL_tlP98w_zKBu0t)9.jpg|https://ei.phncdn.com/videos/202102/05/383054272/original/(m=eaf8GgaaaWavb)(mh=OL_tlP98w_zKBu0t)1.jpg;https://ei.phncdn.com/videos/202102/05/383054272/original/(m=eaf8GgaaaWavb)(mh=OL_tlP98w_zKBu0t)2.jpg;https://ei.phncdn.com/videos/202102/05/383054272/original/(m=eaf8GgaaaWavb)(mh=OL_tlP98w_zKBu0t)3.jpg;https://ei.phncdn.com/videos/202102/05/383054272/original/(m=eaf8GgaaaWavb)(mh=OL_tlP98w_zKBu0t)4.jpg;https://ei.phncdn.com/videos/202102/05/383054272/original/(m=eaf8GgaaaWavb)(mh=OL_tlP98w_zKBu0t)5.jpg;https://ei.phncdn.com/videos/202102/05/383054272/original/(m=eaf8GgaaaWavb)(mh=OL_tlP98w_zKBu0t)6.jpg;https://ei.phncdn.com/videos/202102/05/383054272/original/(m=eaf8GgaaaWavb)(mh=OL_tlP98w_zKBu0t)7.jpg;https://ei.phncdn.com/videos/202102/05/383054272/original/(m=eaf8GgaaaWavb)(mh=OL_tlP98w_zKBu0t)8.jpg;https://ei.phncdn.com/videos/202102/05/383054272/original/(m=eaf8GgaaaWavb)(mh=OL_tlP98w_zKBu0t)9.jpg;https://ei.phncdn.com/videos/202102/05/383054272/original/(m=eaf8GgaaaWavb)(mh=OL_tlP98w_zKBu0t)10.jpg;https://ei.phncdn.com/videos/202102/05/383054272/original/(m=eaf8GgaaaWavb)(mh=OL_tlP98w_zKBu0t)11.jpg;https://ei.phncdn.com/videos/202102/05/383054272/original/(m=eaf8GgaaaWavb)(mh=OL_tlP98w_zKBu0t)12.jpg;https://ei.phncdn.com/videos/202102/05/383054272/original/(m=eaf8GgaaaWavb)(mh=OL_tlP98w_zKBu0t)13.jpg;https://ei.phncdn.com/videos/202102/05/383054272/original/(m=eaf8GgaaaWavb)(mh=OL_tlP98w_zKBu0t)14.jpg;https://ei.phncdn.com/videos/202102/05/383054272/original/(m=eaf8GgaaaWavb)(mh=OL_tlP98w_zKBu0t)15.jpg;https://ei.phncdn.com/videos/202102/05/383054272/original/(m=eaf8GgaaaWavb)(mh=OL_tlP98w_zKBu0t)16.jpg|4k bi girl plays with herself|pussy;teen;coworker;4k;love;bigirl;tiny|Virtual Reality;Exclusive;Verified Amateurs;Solo Female;360°;3D||108|59|||https://ei.phncdn.com/videos/202102/05/383054272/original/(m=eaAaGwObaaamqv)(mh=OuAg5FPjBq5xrNrW)9.jpg|https://ei.phncdn.com/videos/202102/05/383054272/original/(m=eaAaGwObaaamqv)(mh=OuAg5FPjBq5xrNrW)1.jpg;https://ei.phncdn.com/videos/202102/05/383054272/original/(m=eaAaGwObaaamqv)(mh=OuAg5FPjBq5xrNrW)2.jpg;https://ei.phncdn.com/videos/202102/05/383054272/original/(m=eaAaGwObaaamqv)(mh=OuAg5FPjBq5xrNrW)3.jpg;https://ei.phncdn.com/videos/202102/05/383054272/original/(m=eaAaGwObaaamqv)(mh=OuAg5FPjBq5xrNrW)4.jpg;https://ei.phncdn.com/videos/202102/05/383054272/original/(m=eaAaGwObaaamqv)(mh=OuAg5FPjBq5xrNrW)5.jpg;https://ei.phncdn.com/videos/202102/05/383054272/original/(m=eaAaGwObaaamqv)(mh=OuAg5FPjBq5xrNrW)6.jpg;https://ei.phncdn.com/videos/202102/05/383054272/original/(m=eaAaGwObaaamqv)(mh=OuAg5FPjBq5xrNrW)7.jpg;https://ei.phncdn.com/videos/202102/05/383054272/original/(m=eaAaGwObaaamqv)(mh=OuAg5FPjBq5xrNrW)8.jpg;https://ei.phncdn.com/videos/202102/05/383054272/original/(m=eaAaGwObaaamqv)(mh=OuAg5FPjBq5xrNrW)9.jpg;https://ei.phncdn.com/videos/202102/05/383054272/original/(m=eaAaGwObaaamqv)(mh=OuAg5FPjBq5xrNrW)10.jpg;https://ei.phncdn.com/videos/202102/05/383054272/original/(m=eaAaGwObaaamqv)(mh=OuAg5FPjBq5xrNrW)11.jpg;https://ei.phncdn.com/videos/202102/05/383054272/original/(m=eaAaGwObaaamqv)(mh=OuAg5FPjBq5xrNrW)12.jpg;https://ei.phncdn.com/videos/202102/05/383054272/original/(m=eaAaGwObaaamqv)(mh=OuAg5FPjBq5xrNrW)13.jpg;https://ei.phncdn.com/videos/202102/05/383054272/original/(m=eaAaGwObaaamqv)(mh=OuAg5FPjBq5xrNrW)14.jpg;https://ei.phncdn.com/videos/202102/05/383054272/original/(m=eaAaGwObaaamqv)(mh=OuAg5FPjBq5xrNrW)15.jpg;https://ei.phncdn.com/videos/202102/05/383054272/original/(m=eaAaGwObaaamqv)(mh=OuAg5FPjBq5xrNrW)16.jpg
<iframe src="https://www.pornhub.com/embed/ph602411d0cb235" frameborder="0" height="481" width="608" scrolling="no"></iframe>|https://ei.phncdn.com/videos/202102/10/383353052/original/(m=eaf8GgaaaWavb)(mh=Fj7xXDYtrCLWSjiI)0.jpg|https://ei.phncdn.com/videos/202102/10/383353052/original/(m=eaf8GgaaaWavb)(mh=Fj7xXDYtrCLWSjiI)1.jpg;https://ei.phncdn.com/videos/202102/10/383353052/original/(m=eaf8GgaaaWavb)(mh=Fj7xXDYtrCLWSjiI)2.jpg;https://ei.phncdn.com/videos/202102/10/383353052/original/(m=eaf8GgaaaWavb)(mh=Fj7xXDYtrCLWSjiI)3.jpg;https://ei.phncdn.com/videos/202102/10/383353052/original/(m=eaf8GgaaaWavb)(mh=Fj7xXDYtrCLWSjiI)4.jpg;https://ei.phncdn.com/videos/202102/10/383353052/original/(m=eaf8GgaaaWavb)(mh=Fj7xXDYtrCLWSjiI)5.jpg;https://ei.phncdn.com/videos/202102/10/383353052/original/(m=eaf8GgaaaWavb)(mh=Fj7xXDYtrCLWSjiI)6.jpg;https://ei.phncdn.com/videos/202102/10/383353052/original/(m=eaf8GgaaaWavb)(mh=Fj7xXDYtrCLWSjiI)7.jpg;https://ei.phncdn.com/videos/202102/10/383353052/original/(m=eaf8GgaaaWavb)(mh=Fj7xXDYtrCLWSjiI)8.jpg;https://ei.phncdn.com/videos/202102/10/383353052/original/(m=eaf8GgaaaWavb)(mh=Fj7xXDYtrCLWSjiI)9.jpg;https://ei.phncdn.com/videos/202102/10/383353052/original/(m=eaf8GgaaaWavb)(mh=Fj7xXDYtrCLWSjiI)10.jpg;https://ei.phncdn.com/videos/202102/10/383353052/original/(m=eaf8GgaaaWavb)(mh=Fj7xXDYtrCLWSjiI)11.jpg;https://ei.phncdn.com/videos/202102/10/383353052/original/(m=eaf8GgaaaWavb)(mh=Fj7xXDYtrCLWSjiI)12.jpg;https://ei.phncdn.com/videos/202102/10/383353052/original/(m=eaf8GgaaaWavb)(mh=Fj7xXDYtrCLWSjiI)13.jpg;https://ei.phncdn.com/videos/202102/10/383353052/original/(m=eaf8GgaaaWavb)(mh=Fj7xXDYtrCLWSjiI)14.jpg;https://ei.phncdn.com/videos/202102/10/383353052/original/(m=eaf8GgaaaWavb)(mh=Fj7xXDYtrCLWSjiI)15.jpg;https://ei.phncdn.com/videos/202102/10/383353052/original/(m=eaf8GgaaaWavb)(mh=Fj7xXDYtrCLWSjiI)16.jpg|VR 180 - Katie Morgan, Vanna Bardot and Lana Sharapova Get Lesbian Extra Credit|fingering;threesome;stockings;pussylicking;blonde;brunette;vr;virtualreality;lesbian;orgasm;scissoring|Virtual Reality;180°;3D||2011|5245|26|25|https://ei.phncdn.com/videos/202102/10/383353052/original/(m=eaAaGwObaaamqv)(mh=GhFQjmWO4DJxkBVW)0.jpg|https://ei.phncdn.com/videos/202102/10/383353052/original/(m=eaAaGwObaaamqv)(mh=GhFQjmWO4DJxkBVW)1.jpg;https://ei.phncdn.com/videos/202102/10/383353052/original/(m=eaAaGwObaaamqv)(mh=GhFQjmWO4DJxkBVW)2.jpg;https://ei.phncdn.com/videos/202102/10/383353052/original/(m=eaAaGwObaaamqv)(mh=GhFQjmWO4DJxkBVW)3.jpg;https://ei.phncdn.com/videos/202102/10/383353052/original/(m=eaAaGwObaaamqv)(mh=GhFQjmWO4DJxkBVW)4.jpg;https://ei.phncdn.com/videos/202102/10/383353052/original/(m=eaAaGwObaaamqv)(mh=GhFQjmWO4DJxkBVW)5.jpg;https://ei.phncdn.com/videos/202102/10/383353052/original/(m=eaAaGwObaaamqv)(mh=GhFQjmWO4DJxkBVW)6.jpg;https://ei.phncdn.com/videos/202102/10/383353052/original/(m=eaAaGwObaaamqv)(mh=GhFQjmWO4DJxkBVW)7.jpg;https://ei.phncdn.com/videos/202102/10/383353052/original/(m=eaAaGwObaaamqv)(mh=GhFQjmWO4DJxkBVW)8.jpg;https://ei.phncdn.com/videos/202102/10/383353052/original/(m=eaAaGwObaaamqv)(mh=GhFQjmWO4DJxkBVW)9.jpg;https://ei.phncdn.com/videos/202102/10/383353052/original/(m=eaAaGwObaaamqv)(mh=GhFQjmWO4DJxkBVW)10.jpg;https://ei.phncdn.com/videos/202102/10/383353052/original/(m=eaAaGwObaaamqv)(mh=GhFQjmWO4DJxkBVW)11.jpg;https://ei.phncdn.com/videos/202102/10/383353052/original/(m=eaAaGwObaaamqv)(mh=GhFQjmWO4DJxkBVW)12.jpg;https://ei.phncdn.com/videos/202102/10/383353052/original/(m=eaAaGwObaaamqv)(mh=GhFQjmWO4DJxkBVW)13.jpg;https://ei.phncdn.com/videos/202102/10/383353052/original/(m=eaAaGwObaaamqv)(mh=GhFQjmWO4DJxkBVW)14.jpg;https://ei.phncdn.com/videos/202102/10/383353052/original/(m=eaAaGwObaaamqv)(mh=GhFQjmWO4DJxkBVW)15.jpg;https://ei.phncdn.com/videos/202102/10/383353052/original/(m=eaAaGwObaaamqv)(mh=GhFQjmWO4DJxkBVW)16.jpg
<iframe src="https://www.pornhub.com/embed/ph6039d7c61fe13" frameborder="0" height="481" width="608" scrolling="no"></iframe>|https://ei.phncdn.com/videos/202102/27/384331062/original/(m=eaf8GgaaaWavb)(mh=q5DjkFzUypjfd0xO)8.jpg|https://ei.phncdn.com/videos/202102/27/384331062/original/(m=eaf8GgaaaWavb)(mh=q5DjkFzUypjfd0xO)1.jpg;https://ei.phncdn.com/videos/202102/27/384331062/original/(m=eaf8GgaaaWavb)(mh=q5DjkFzUypjfd0xO)2.jpg;https://ei.phncdn.com/videos/202102/27/384331062/original/(m=eaf8GgaaaWavb)(mh=q5DjkFzUypjfd0xO)3.jpg;https://ei.phncdn.com/videos/202102/27/384331062/original/(m=eaf8GgaaaWavb)(mh=q5DjkFzUypjfd0xO)4.jpg;https://ei.phncdn.com/videos/202102/27/384331062/original/(m=eaf8GgaaaWavb)(mh=q5DjkFzUypjfd0xO)5.jpg;https://ei.phncdn.com/videos/202102/27/384331062/original/(m=eaf8GgaaaWavb)(mh=q5DjkFzUypjfd0xO)6.jpg;https://ei.phncdn.com/videos/202102/27/384331062/original/(m=eaf8GgaaaWavb)(mh=q5DjkFzUypjfd0xO)7.jpg;https://ei.phncdn.com/videos/202102/27/384331062/original/(m=eaf8GgaaaWavb)(mh=q5DjkFzUypjfd0xO)8.jpg;https://ei.phncdn.com/videos/202102/27/384331062/original/(m=eaf8GgaaaWavb)(mh=q5DjkFzUypjfd0xO)9.jpg;https://ei.phncdn.com/videos/202102/27/384331062/original/(m=eaf8GgaaaWavb)(mh=q5DjkFzUypjfd0xO)10.jpg;https://ei.phncdn.com/videos/202102/27/384331062/original/(m=eaf8GgaaaWavb)(mh=q5DjkFzUypjfd0xO)11.jpg;https://ei.phncdn.com/videos/202102/27/384331062/original/(m=eaf8GgaaaWavb)(mh=q5DjkFzUypjfd0xO)12.jpg;https://ei.phncdn.com/videos/202102/27/384331062/original/(m=eaf8GgaaaWavb)(mh=q5DjkFzUypjfd0xO)13.jpg;https://ei.phncdn.com/videos/202102/27/384331062/original/(m=eaf8GgaaaWavb)(mh=q5DjkFzUypjfd0xO)14.jpg;https://ei.phncdn.com/videos/202102/27/384331062/original/(m=eaf8GgaaaWavb)(mh=q5DjkFzUypjfd0xO)15.jpg;https://ei.phncdn.com/videos/202102/27/384331062/original/(m=eaf8GgaaaWavb)(mh=q5DjkFzUypjfd0xO)16.jpg|Мягкая попка|18|Virtual Reality;Exclusive;Verified Amateurs;Solo Female||17|4125|10|1|https://ei.phncdn.com/videos/202102/27/384331062/original/(m=eaAaGwObaaamqv)(mh=yrklXVWwgD_0KK_8)8.jpg|https://ei.phncdn.com/videos/202102/27/384331062/original/(m=eaAaGwObaaamqv)(mh=yrklXVWwgD_0KK_8)1.jpg;https://ei.phncdn.com/videos/202102/27/384331062/original/(m=eaAaGwObaaamqv)(mh=yrklXVWwgD_0KK_8)2.jpg;https://ei.phncdn.com/videos/202102/27/384331062/original/(m=eaAaGwObaaamqv)(mh=yrklXVWwgD_0KK_8)3.jpg;https://ei.phncdn.com/videos/202102/27/384331062/original/(m=eaAaGwObaaamqv)(mh=yrklXVWwgD_0KK_8)4.jpg;https://ei.phncdn.com/videos/202102/27/384331062/original/(m=eaAaGwObaaamqv)(mh=yrklXVWwgD_0KK_8)5.jpg;https://ei.phncdn.com/videos/202102/27/384331062/original/(m=eaAaGwObaaamqv)(mh=yrklXVWwgD_0KK_8)6.jpg;https://ei.phncdn.com/videos/202102/27/384331062/original/(m=eaAaGwObaaamqv)(mh=yrklXVWwgD_0KK_8)7.jpg;https://ei.phncdn.com/videos/202102/27/384331062/original/(m=eaAaGwObaaamqv)(mh=yrklXVWwgD_0KK_8)8.jpg;https://ei.phncdn.com/videos/202102/27/384331062/original/(m=eaAaGwObaaamqv)(mh=yrklXVWwgD_0KK_8)9.jpg;https://ei.phncdn.com/videos/202102/27/384331062/original/(m=eaAaGwObaaamqv)(mh=yrklXVWwgD_0KK_8)10.jpg;https://ei.phncdn.com/videos/202102/27/384331062/original/(m=eaAaGwObaaamqv)(mh=yrklXVWwgD_0KK_8)11.jpg;https://ei.phncdn.com/videos/202102/27/384331062/original/(m=eaAaGwObaaamqv)(mh=yrklXVWwgD_0KK_8)12.jpg;https://ei.phncdn.com/videos/202102/27/384331062/original/(m=eaAaGwObaaamqv)(mh=yrklXVWwgD_0KK_8)13.jpg;https://ei.phncdn.com/videos/202102/27/384331062/original/(m=eaAaGwObaaamqv)(mh=yrklXVWwgD_0KK_8)14.jpg;https://ei.phncdn.com/videos/202102/27/384331062/original/(m=eaAaGwObaaamqv)(mh=yrklXVWwgD_0KK_8)15.jpg;https://ei.phncdn.com/videos/202102/27/384331062/original/(m=eaAaGwObaaamqv)(mh=yrklXVWwgD_0KK_8)16.jpg
<iframe src="https://www.pornhub.com/embed/ph60521eb38fa08" frameborder="0" height="481" width="608" scrolling="no"></iframe>|https://ei.phncdn.com/videos/202103/17/385268741/original/(m=q53JKMWbeaf8GgaaaWavb)(mh=Q3vdj7IDy1vE3wHY)0.jpg|https://ei.phncdn.com/videos/202103/17/385268741/original/(m=eaf8GgaaaWavb)(mh=2lveMlrlcsDT2aSC)1.jpg;https://ei.phncdn.com/videos/202103/17/385268741/original/(m=eaf8GgaaaWavb)(mh=2lveMlrlcsDT2aSC)2.jpg;https://ei.phncdn.com/videos/202103/17/385268741/original/(m=eaf8GgaaaWavb)(mh=2lveMlrlcsDT2aSC)3.jpg;https://ei.phncdn.com/videos/202103/17/385268741/original/(m=eaf8GgaaaWavb)(mh=2lveMlrlcsDT2aSC)4.jpg;https://ei.phncdn.com/videos/202103/17/385268741/original/(m=eaf8GgaaaWavb)(mh=2lveMlrlcsDT2aSC)5.jpg;https://ei.phncdn.com/videos/202103/17/385268741/original/(m=eaf8GgaaaWavb)(mh=2lveMlrlcsDT2aSC)6.jpg;https://ei.phncdn.com/videos/202103/17/385268741/original/(m=eaf8GgaaaWavb)(mh=2lveMlrlcsDT2aSC)7.jpg;https://ei.phncdn.com/videos/202103/17/385268741/original/(m=eaf8GgaaaWavb)(mh=2lveMlrlcsDT2aSC)8.jpg;https://ei.phncdn.com/videos/202103/17/385268741/original/(m=eaf8GgaaaWavb)(mh=2lveMlrlcsDT2aSC)9.jpg;https://ei.phncdn.com/videos/202103/17/385268741/original/(m=eaf8GgaaaWavb)(mh=2lveMlrlcsDT2aSC)10.jpg;https://ei.phncdn.com/videos/202103/17/385268741/original/(m=eaf8GgaaaWavb)(mh=2lveMlrlcsDT2aSC)11.jpg;https://ei.phncdn.com/videos/202103/17/385268741/original/(m=eaf8GgaaaWavb)(mh=2lveMlrlcsDT2aSC)12.jpg;https://ei.phncdn.com/videos/202103/17/385268741/original/(m=eaf8GgaaaWavb)(mh=2lveMlrlcsDT2aSC)13.jpg;https://ei.phncdn.com/videos/202103/17/385268741/original/(m=eaf8GgaaaWavb)(mh=2lveMlrlcsDT2aSC)14.jpg;https://ei.phncdn.com/videos/202103/17/385268741/original/(m=eaf8GgaaaWavb)(mh=2lveMlrlcsDT2aSC)15.jpg;https://ei.phncdn.com/videos/202103/17/385268741/original/(m=eaf8GgaaaWavb)(mh=2lveMlrlcsDT2aSC)16.jpg|Stepdaughter Angel Is No Angel After All|lethalhardcorevr;step-fantasy;petite;stepdaughter;older-man;angel big-boobs;virtual;reality;busty;naturally-busty;pierced-nipples|Virtual Reality;Step Fantasy;180°;3D||2787|14879|147|1|https://ei.phncdn.com/videos/202103/17/385268741/original/(m=q53JKMWbeaAaGwObaaamqv)(mh=dQjH_7uO9xt2oxYL)0.jpg|https://ei.phncdn.com/videos/202103/17/385268741/original/(m=eaAaGwObaaamqv)(mh=sBeLKbMum2wbehPC)1.jpg;https://ei.phncdn.com/videos/202103/17/385268741/original/(m=eaAaGwObaaamqv)(mh=sBeLKbMum2wbehPC)2.jpg;https://ei.phncdn.com/videos/202103/17/385268741/original/(m=eaAaGwObaaamqv)(mh=sBeLKbMum2wbehPC)3.jpg;https://ei.phncdn.com/videos/202103/17/385268741/original/(m=eaAaGwObaaamqv)(mh=sBeLKbMum2wbehPC)4.jpg;https://ei.phncdn.com/videos/202103/17/385268741/original/(m=eaAaGwObaaamqv)(mh=sBeLKbMum2wbehPC)5.jpg;https://ei.phncdn.com/videos/202103/17/385268741/original/(m=eaAaGwObaaamqv)(mh=sBeLKbMum2wbehPC)6.jpg;https://ei.phncdn.com/videos/202103/17/385268741/original/(m=eaAaGwObaaamqv)(mh=sBeLKbMum2wbehPC)7.jpg;https://ei.phncdn.com/videos/202103/17/385268741/original/(m=eaAaGwObaaamqv)(mh=sBeLKbMum2wbehPC)8.jpg;https://ei.phncdn.com/videos/202103/17/385268741/original/(m=eaAaGwObaaamqv)(mh=sBeLKbMum2wbehPC)9.jpg;https://ei.phncdn.com/videos/202103/17/385268741/original/(m=eaAaGwObaaamqv)(mh=sBeLKbMum2wbehPC)10.jpg;https://ei.phncdn.com/videos/202103/17/385268741/original/(m=eaAaGwObaaamqv)(mh=sBeLKbMum2wbehPC)11.jpg;https://ei.phncdn.com/videos/202103/17/385268741/original/(m=eaAaGwObaaamqv)(mh=sBeLKbMum2wbehPC)12.jpg;https://ei.phncdn.com/videos/202103/17/385268741/original/(m=eaAaGwObaaamqv)(mh=sBeLKbMum2wbehPC)13.jpg;https://ei.phncdn.com/videos/202103/17/385268741/original/(m=eaAaGwObaaamqv)(mh=sBeLKbMum2wbehPC)14.jpg;https://ei.phncdn.com/videos/202103/17/385268741/original/(m=eaAaGwObaaamqv)(mh=sBeLKbMum2wbehPC)15.jpg;https://ei.phncdn.com/videos/202103/17/385268741/original/(m=eaAaGwObaaamqv)(mh=sBeLKbMum2wbehPC)16.jpg
<iframe src="https://www.pornhub.com/embed/ph606bf4a6401a0" frameborder="0" height="481" width="608" scrolling="no"></iframe>|https://ei.phncdn.com/videos/202104/06/386203721/original/(m=eaf8GgaaaWavb)(mh=_uL6PBT1RnZyIzpV)13.jpg|https://ei.phncdn.com/videos/202104/06/386203721/original/(m=eaf8GgaaaWavb)(mh=_uL6PBT1RnZyIzpV)1.jpg;https://ei.phncdn.com/videos/202104/06/386203721/original/(m=eaf8GgaaaWavb)(mh=_uL6PBT1RnZyIzpV)2.jpg;https://ei.phncdn.com/videos/202104/06/386203721/original/(m=eaf8GgaaaWavb)(mh=_uL6PBT1RnZyIzpV)3.jpg;https://ei.phncdn.com/videos/202104/06/386203721/original/(m=eaf8GgaaaWavb)(mh=_uL6PBT1RnZyIzpV)4.jpg;https://ei.phncdn.com/videos/202104/06/386203721/original/(m=eaf8GgaaaWavb)(mh=_uL6PBT1RnZyIzpV)5.jpg;https://ei.phncdn.com/videos/202104/06/386203721/original/(m=eaf8GgaaaWavb)(mh=_uL6PBT1RnZyIzpV)6.jpg;https://ei.phncdn.com/videos/202104/06/386203721/original/(m=eaf8GgaaaWavb)(mh=_uL6PBT1RnZyIzpV)7.jpg;https://ei.phncdn.com/videos/202104/06/386203721/original/(m=eaf8GgaaaWavb)(mh=_uL6PBT1RnZyIzpV)8.jpg;https://ei.phncdn.com/videos/202104/06/386203721/original/(m=eaf8GgaaaWavb)(mh=_uL6PBT1RnZyIzpV)9.jpg;https://ei.phncdn.com/videos/202104/06/386203721/original/(m=eaf8GgaaaWavb)(mh=_uL6PBT1RnZyIzpV)10.jpg;https://ei.phncdn.com/videos/202104/06/386203721/original/(m=eaf8GgaaaWavb)(mh=_uL6PBT1RnZyIzpV)11.jpg;https://ei.phncdn.com/videos/202104/06/386203721/original/(m=eaf8GgaaaWavb)(mh=_uL6PBT1RnZyIzpV)12.jpg;https://ei.phncdn.com/videos/202104/06/386203721/original/(m=eaf8GgaaaWavb)(mh=_uL6PBT1RnZyIzpV)13.jpg;https://ei.phncdn.com/videos/202104/06/386203721/original/(m=eaf8GgaaaWavb)(mh=_uL6PBT1RnZyIzpV)14.jpg;https://ei.phncdn.com/videos/202104/06/386203721/original/(m=eaf8GgaaaWavb)(mh=_uL6PBT1RnZyIzpV)15.jpg;https://ei.phncdn.com/videos/202104/06/386203721/original/(m=eaf8GgaaaWavb)(mh=_uL6PBT1RnZyIzpV)16.jpg|solo masturbate, dance|sex;sexy-lingerie;orgasms;porno;dance;small-pussy;wet-pussy;european;amateur;excited;inexperienced;solo-girl;selfie;squirting;milf|Virtual Reality;Exclusive;Verified Amateurs;Solo Female;360°;3D||367|201|3|0|https://ei.phncdn.com/videos/202104/06/386203721/original/(m=eaAaGwObaaamqv)(mh=_KrLqTYdLH8DMXTs)13.jpg|https://ei.phncdn.com/videos/202104/06/386203721/original/(m=eaAaGwObaaamqv)(mh=_KrLqTYdLH8DMXTs)1.jpg;https://ei.phncdn.com/videos/202104/06/386203721/original/(m=eaAaGwObaaamqv)(mh=_KrLqTYdLH8DMXTs)2.jpg;https://ei.phncdn.com/videos/202104/06/386203721/original/(m=eaAaGwObaaamqv)(mh=_KrLqTYdLH8DMXTs)3.jpg;https://ei.phncdn.com/videos/202104/06/386203721/original/(m=eaAaGwObaaamqv)(mh=_KrLqTYdLH8DMXTs)4.jpg;https://ei.phncdn.com/videos/202104/06/386203721/original/(m=eaAaGwObaaamqv)(mh=_KrLqTYdLH8DMXTs)5.jpg;https://ei.phncdn.com/videos/202104/06/386203721/original/(m=eaAaGwObaaamqv)(mh=_KrLqTYdLH8DMXTs)6.jpg;https://ei.phncdn.com/videos/202104/06/386203721/original/(m=eaAaGwObaaamqv)(mh=_KrLqTYdLH8DMXTs)7.jpg;https://ei.phncdn.com/videos/202104/06/386203721/original/(m=eaAaGwObaaamqv)(mh=_KrLqTYdLH8DMXTs)8.jpg;https://ei.phncdn.com/videos/202104/06/386203721/original/(m=eaAaGwObaaamqv)(mh=_KrLqTYdLH8DMXTs)9.jpg;https://ei.phncdn.com/videos/202104/06/386203721/original/(m=eaAaGwObaaamqv)(mh=_KrLqTYdLH8DMXTs)10.jpg;https://ei.phncdn.com/videos/202104/06/386203721/original/(m=eaAaGwObaaamqv)(mh=_KrLqTYdLH8DMXTs)11.jpg;https://ei.phncdn.com/videos/202104/06/386203721/original/(m=eaAaGwObaaamqv)(mh=_KrLqTYdLH8DMXTs)12.jpg;https://ei.phncdn.com/videos/202104/06/386203721/original/(m=eaAaGwObaaamqv)(mh=_KrLqTYdLH8DMXTs)13.jpg;https://ei.phncdn.com/videos/202104/06/386203721/original/(m=eaAaGwObaaamqv)(mh=_KrLqTYdLH8DMXTs)14.jpg;https://ei.phncdn.com/videos/202104/06/386203721/original/(m=eaAaGwObaaamqv)(mh=_KrLqTYdLH8DMXTs)15.jpg;https://ei.phncdn.com/videos/202104/06/386203721/original/(m=eaAaGwObaaamqv)(mh=_KrLqTYdLH8DMXTs)16.jpg
<iframe src="https://www.pornhub.com/embed/ph606cba5573104" frameborder="0" height="481" width="608" scrolling="no"></iframe>|https://ei.phncdn.com/videos/202104/06/386233781/original/(m=eaf8GgaaaWavb)(mh=Li3hDxLf0Ml3MVKP)13.jpg|https://ei.phncdn.com/videos/202104/06/386233781/original/(m=eaf8GgaaaWavb)(mh=Li3hDxLf0Ml3MVKP)1.jpg;https://ei.phncdn.com/videos/202104/06/386233781/original/(m=eaf8GgaaaWavb)(mh=Li3hDxLf0Ml3MVKP)2.jpg;https://ei.phncdn.com/videos/202104/06/386233781/original/(m=eaf8GgaaaWavb)(mh=Li3hDxLf0Ml3MVKP)3.jpg;https://ei.phncdn.com/videos/202104/06/386233781/original/(m=eaf8GgaaaWavb)(mh=Li3hDxLf0Ml3MVKP)4.jpg;https://ei.phncdn.com/videos/202104/06/386233781/original/(m=eaf8GgaaaWavb)(mh=Li3hDxLf0Ml3MVKP)5.jpg;https://ei.phncdn.com/videos/202104/06/386233781/original/(m=eaf8GgaaaWavb)(mh=Li3hDxLf0Ml3MVKP)6.jpg;https://ei.phncdn.com/videos/202104/06/386233781/original/(m=eaf8GgaaaWavb)(mh=Li3hDxLf0Ml3MVKP)7.jpg;https://ei.phncdn.com/videos/202104/06/386233781/original/(m=eaf8GgaaaWavb)(mh=Li3hDxLf0Ml3MVKP)8.jpg;https://ei.phncdn.com/videos/202104/06/386233781/original/(m=eaf8GgaaaWavb)(mh=Li3hDxLf0Ml3MVKP)9.jpg;https://ei.phncdn.com/videos/202104/06/386233781/original/(m=eaf8GgaaaWavb)(mh=Li3hDxLf0Ml3MVKP)10.jpg;https://ei.phncdn.com/videos/202104/06/386233781/original/(m=eaf8GgaaaWavb)(mh=Li3hDxLf0Ml3MVKP)11.jpg;https://ei.phncdn.com/videos/202104/06/386233781/original/(m=eaf8GgaaaWavb)(mh=Li3hDxLf0Ml3MVKP)12.jpg;https://ei.phncdn.com/videos/202104/06/386233781/original/(m=eaf8GgaaaWavb)(mh=Li3hDxLf0Ml3MVKP)13.jpg;https://ei.phncdn.com/videos/202104/06/386233781/original/(m=eaf8GgaaaWavb)(mh=Li3hDxLf0Ml3MVKP)14.jpg;https://ei.phncdn.com/videos/202104/06/386233781/original/(m=eaf8GgaaaWavb)(mh=Li3hDxLf0Ml3MVKP)15.jpg;https://ei.phncdn.com/videos/202104/06/386233781/original/(m=eaf8GgaaaWavb)(mh=Li3hDxLf0Ml3MVKP)16.jpg|шлюшка суёт в себя огромный огурец|sex;wet-pussy;small-pussy;russian-milf;amateur;brazzers-step-mom;step;orgasms;hardcore;squirt;squirting;brunette;big-ass;small-tits;bebi;ter|Virtual Reality;Exclusive;Verified Amateurs;Step Fantasy;Solo Female;360°;3D||579|292|5|0|https://ei.phncdn.com/videos/202104/06/386233781/original/(m=eaAaGwObaaamqv)(mh=bx3eLzqXkXT5t9JW)13.jpg|https://ei.phncdn.com/videos/202104/06/386233781/original/(m=eaAaGwObaaamqv)(mh=bx3eLzqXkXT5t9JW)1.jpg;https://ei.phncdn.com/videos/202104/06/386233781/original/(m=eaAaGwObaaamqv)(mh=bx3eLzqXkXT5t9JW)2.jpg;https://ei.phncdn.com/videos/202104/06/386233781/original/(m=eaAaGwObaaamqv)(mh=bx3eLzqXkXT5t9JW)3.jpg;https://ei.phncdn.com/videos/202104/06/386233781/original/(m=eaAaGwObaaamqv)(mh=bx3eLzqXkXT5t9JW)4.jpg;https://ei.phncdn.com/videos/202104/06/386233781/original/(m=eaAaGwObaaamqv)(mh=bx3eLzqXkXT5t9JW)5.jpg;https://ei.phncdn.com/videos/202104/06/386233781/original/(m=eaAaGwObaaamqv)(mh=bx3eLzqXkXT5t9JW)6.jpg;https://ei.phncdn.com/videos/202104/06/386233781/original/(m=eaAaGwObaaamqv)(mh=bx3eLzqXkXT5t9JW)7.jpg;https://ei.phncdn.com/videos/202104/06/386233781/original/(m=eaAaGwObaaamqv)(mh=bx3eLzqXkXT5t9JW)8.jpg;https://ei.phncdn.com/videos/202104/06/386233781/original/(m=eaAaGwObaaamqv)(mh=bx3eLzqXkXT5t9JW)9.jpg;https://ei.phncdn.com/videos/202104/06/386233781/original/(m=eaAaGwObaaamqv)(mh=bx3eLzqXkXT5t9JW)10.jpg;https://ei.phncdn.com/videos/202104/06/386233781/original/(m=eaAaGwObaaamqv)(mh=bx3eLzqXkXT5t9JW)11.jpg;https://ei.phncdn.com/videos/202104/06/386233781/original/(m=eaAaGwObaaamqv)(mh=bx3eLzqXkXT5t9JW)12.jpg;https://ei.phncdn.com/videos/202104/06/386233781/original/(m=eaAaGwObaaamqv)(mh=bx3eLzqXkXT5t9JW)13.jpg;https://ei.phncdn.com/videos/202104/06/386233781/original/(m=eaAaGwObaaamqv)(mh=bx3eLzqXkXT5t9JW)14.jpg;https://ei.phncdn.com/videos/202104/06/386233781/original/(m=eaAaGwObaaamqv)(mh=bx3eLzqXkXT5t9JW)15.jpg;https://ei.phncdn.com/videos/202104/06/386233781/original/(m=eaAaGwObaaamqv)(mh=bx3eLzqXkXT5t9JW)16.jpg
<iframe src="https://www.pornhub.com/embed/ph606ffff8f0451" frameborder="0" height="481" width="608" scrolling="no"></iframe>|https://ei.phncdn.com/videos/202104/09/386356001/original/(m=eaf8GgaaaWavb)(mh=rYRPbAeerWL2WkaD)13.jpg|https://ei.phncdn.com/videos/202104/09/386356001/original/(m=eaf8GgaaaWavb)(mh=rYRPbAeerWL2WkaD)1.jpg;https://ei.phncdn.com/videos/202104/09/386356001/original/(m=eaf8GgaaaWavb)(mh=rYRPbAeerWL2WkaD)2.jpg;https://ei.phncdn.com/videos/202104/09/386356001/original/(m=eaf8GgaaaWavb)(mh=rYRPbAeerWL2WkaD)3.jpg;https://ei.phncdn.com/videos/202104/09/386356001/original/(m=eaf8GgaaaWavb)(mh=rYRPbAeerWL2WkaD)4.jpg;https://ei.phncdn.com/videos/202104/09/386356001/original/(m=eaf8GgaaaWavb)(mh=rYRPbAeerWL2WkaD)5.jpg;https://ei.phncdn.com/videos/202104/09/386356001/original/(m=eaf8GgaaaWavb)(mh=rYRPbAeerWL2WkaD)6.jpg;https://ei.phncdn.com/videos/202104/09/386356001/original/(m=eaf8GgaaaWavb)(mh=rYRPbAeerWL2WkaD)7.jpg;https://ei.phncdn.com/videos/202104/09/386356001/original/(m=eaf8GgaaaWavb)(mh=rYRPbAeerWL2WkaD)8.jpg;https://ei.phncdn.com/videos/202104/09/386356001/original/(m=eaf8GgaaaWavb)(mh=rYRPbAeerWL2WkaD)9.jpg;https://ei.phncdn.com/videos/202104/09/386356001/original/(m=eaf8GgaaaWavb)(mh=rYRPbAeerWL2WkaD)10.jpg;https://ei.phncdn.com/videos/202104/09/386356001/original/(m=eaf8GgaaaWavb)(mh=rYRPbAeerWL2WkaD)11.jpg;https://ei.phncdn.com/videos/202104/09/386356001/original/(m=eaf8GgaaaWavb)(mh=rYRPbAeerWL2WkaD)12.jpg;https://ei.phncdn.com/videos/202104/09/386356001/original/(m=eaf8GgaaaWavb)(mh=rYRPbAeerWL2WkaD)13.jpg;https://ei.phncdn.com/videos/202104/09/386356001/original/(m=eaf8GgaaaWavb)(mh=rYRPbAeerWL2WkaD)14.jpg;https://ei.phncdn.com/videos/202104/09/386356001/original/(m=eaf8GgaaaWavb)(mh=rYRPbAeerWL2WkaD)15.jpg;https://ei.phncdn.com/videos/202104/09/386356001/original/(m=eaf8GgaaaWavb)(mh=rYRPbAeerWL2WkaD)16.jpg|the whore caresses her wet pussy|wet-pussy;small-pussy;step-mom;step-sister;amateur-milf;small-tits;petite;european;blonde;selfie;tiktok;no-filter;teen;ladies|Virtual Reality;Exclusive;Verified Amateurs;Step Fantasy;Solo Female;360°;3D||335|399|8|0|https://ei.phncdn.com/videos/202104/09/386356001/original/(m=eaAaGwObaaamqv)(mh=ZG0hc5jUrsN5sx7U)13.jpg|https://ei.phncdn.com/videos/202104/09/386356001/original/(m=eaAaGwObaaamqv)(mh=ZG0hc5jUrsN5sx7U)1.jpg;https://ei.phncdn.com/videos/202104/09/386356001/original/(m=eaAaGwObaaamqv)(mh=ZG0hc5jUrsN5sx7U)2.jpg;https://ei.phncdn.com/videos/202104/09/386356001/original/(m=eaAaGwObaaamqv)(mh=ZG0hc5jUrsN5sx7U)3.jpg;https://ei.phncdn.com/videos/202104/09/386356001/original/(m=eaAaGwObaaamqv)(mh=ZG0hc5jUrsN5sx7U)4.jpg;https://ei.phncdn.com/videos/202104/09/386356001/original/(m=eaAaGwObaaamqv)(mh=ZG0hc5jUrsN5sx7U)5.jpg;https://ei.phncdn.com/videos/202104/09/386356001/original/(m=eaAaGwObaaamqv)(mh=ZG0hc5jUrsN5sx7U)6.jpg;https://ei.phncdn.com/videos/202104/09/386356001/original/(m=eaAaGwObaaamqv)(mh=ZG0hc5jUrsN5sx7U)7.jpg;https://ei.phncdn.com/videos/202104/09/386356001/original/(m=eaAaGwObaaamqv)(mh=ZG0hc5jUrsN5sx7U)8.jpg;https://ei.phncdn.com/videos/202104/09/386356001/original/(m=eaAaGwObaaamqv)(mh=ZG0hc5jUrsN5sx7U)9.jpg;https://ei.phncdn.com/videos/202104/09/386356001/original/(m=eaAaGwObaaamqv)(mh=ZG0hc5jUrsN5sx7U)10.jpg;https://ei.phncdn.com/videos/202104/09/386356001/original/(m=eaAaGwObaaamqv)(mh=ZG0hc5jUrsN5sx7U)11.jpg;https://ei.phncdn.com/videos/202104/09/386356001/original/(m=eaAaGwObaaamqv)(mh=ZG0hc5jUrsN5sx7U)12.jpg;https://ei.phncdn.com/videos/202104/09/386356001/original/(m=eaAaGwObaaamqv)(mh=ZG0hc5jUrsN5sx7U)13.jpg;https://ei.phncdn.com/videos/202104/09/386356001/original/(m=eaAaGwObaaamqv)(mh=ZG0hc5jUrsN5sx7U)14.jpg;https://ei.phncdn.com/videos/202104/09/386356001/original/(m=eaAaGwObaaamqv)(mh=ZG0hc5jUrsN5sx7U)15.jpg;https://ei.phncdn.com/videos/202104/09/386356001/original/(m=eaAaGwObaaamqv)(mh=ZG0hc5jUrsN5sx7U)16.jpg
<iframe src="https://www.pornhub.com/embed/ph60767b52c4dc2" frameborder="0" height="481" width="608" scrolling="no"></iframe>|https://ei.phncdn.com/videos/202104/14/386581541/original/(m=eaf8GgaaaWavb)(mh=YoP4EO8zxOXlH_db)8.jpg|https://ei.phncdn.com/videos/202104/14/386581541/original/(m=eaf8GgaaaWavb)(mh=YoP4EO8zxOXlH_db)1.jpg;https://ei.phncdn.com/videos/202104/14/386581541/original/(m=eaf8GgaaaWavb)(mh=YoP4EO8zxOXlH_db)2.jpg;https://ei.phncdn.com/videos/202104/14/386581541/original/(m=eaf8GgaaaWavb)(mh=YoP4EO8zxOXlH_db)3.jpg;https://ei.phncdn.com/videos/202104/14/386581541/original/(m=eaf8GgaaaWavb)(mh=YoP4EO8zxOXlH_db)4.jpg;https://ei.phncdn.com/videos/202104/14/386581541/original/(m=eaf8GgaaaWavb)(mh=YoP4EO8zxOXlH_db)5.jpg;https://ei.phncdn.com/videos/202104/14/386581541/original/(m=eaf8GgaaaWavb)(mh=YoP4EO8zxOXlH_db)6.jpg;https://ei.phncdn.com/videos/202104/14/386581541/original/(m=eaf8GgaaaWavb)(mh=YoP4EO8zxOXlH_db)7.jpg;https://ei.phncdn.com/videos/202104/14/386581541/original/(m=eaf8GgaaaWavb)(mh=YoP4EO8zxOXlH_db)8.jpg;https://ei.phncdn.com/videos/202104/14/386581541/original/(m=eaf8GgaaaWavb)(mh=YoP4EO8zxOXlH_db)9.jpg;https://ei.phncdn.com/videos/202104/14/386581541/original/(m=eaf8GgaaaWavb)(mh=YoP4EO8zxOXlH_db)10.jpg;https://ei.phncdn.com/videos/202104/14/386581541/original/(m=eaf8GgaaaWavb)(mh=YoP4EO8zxOXlH_db)11.jpg;https://ei.phncdn.com/videos/202104/14/386581541/original/(m=eaf8GgaaaWavb)(mh=YoP4EO8zxOXlH_db)12.jpg;https://ei.phncdn.com/videos/202104/14/386581541/original/(m=eaf8GgaaaWavb)(mh=YoP4EO8zxOXlH_db)13.jpg;https://ei.phncdn.com/videos/202104/14/386581541/original/(m=eaf8GgaaaWavb)(mh=YoP4EO8zxOXlH_db)14.jpg;https://ei.phncdn.com/videos/202104/14/386581541/original/(m=eaf8GgaaaWavb)(mh=YoP4EO8zxOXlH_db)15.jpg;https://ei.phncdn.com/videos/202104/14/386581541/original/(m=eaf8GgaaaWavb)(mh=YoP4EO8zxOXlH_db)16.jpg|Ebigy has anal sex in the bathroom|anal-sex;dildo;big-ass;wet-pussy;small-pussy;squirting;squirt;orgazm;hardcore;no-filter;europe;selfie;60cm;joke|Virtual Reality;Exclusive;Verified Amateurs;Solo Female;360°;3D||418|5020|44|8|https://ei.phncdn.com/videos/202104/14/386581541/original/(m=eaAaGwObaaamqv)(mh=bm1S4GnyLZV3KofN)8.jpg|https://ei.phncdn.com/videos/202104/14/386581541/original/(m=eaAaGwObaaamqv)(mh=bm1S4GnyLZV3KofN)1.jpg;https://ei.phncdn.com/videos/202104/14/386581541/original/(m=eaAaGwObaaamqv)(mh=bm1S4GnyLZV3KofN)2.jpg;https://ei.phncdn.com/videos/202104/14/386581541/original/(m=eaAaGwObaaamqv)(mh=bm1S4GnyLZV3KofN)3.jpg;https://ei.phncdn.com/videos/202104/14/386581541/original/(m=eaAaGwObaaamqv)(mh=bm1S4GnyLZV3KofN)4.jpg;https://ei.phncdn.com/videos/202104/14/386581541/original/(m=eaAaGwObaaamqv)(mh=bm1S4GnyLZV3KofN)5.jpg;https://ei.phncdn.com/videos/202104/14/386581541/original/(m=eaAaGwObaaamqv)(mh=bm1S4GnyLZV3KofN)6.jpg;https://ei.phncdn.com/videos/202104/14/386581541/original/(m=eaAaGwObaaamqv)(mh=bm1S4GnyLZV3KofN)7.jpg;https://ei.phncdn.com/videos/202104/14/386581541/original/(m=eaAaGwObaaamqv)(mh=bm1S4GnyLZV3KofN)8.jpg;https://ei.phncdn.com/videos/202104/14/386581541/original/(m=eaAaGwObaaamqv)(mh=bm1S4GnyLZV3KofN)9.jpg;https://ei.phncdn.com/videos/202104/14/386581541/original/(m=eaAaGwObaaamqv)(mh=bm1S4GnyLZV3KofN)10.jpg;https://ei.phncdn.com/videos/202104/14/386581541/original/(m=eaAaGwObaaamqv)(mh=bm1S4GnyLZV3KofN)11.jpg;https://ei.phncdn.com/videos/202104/14/386581541/original/(m=eaAaGwObaaamqv)(mh=bm1S4GnyLZV3KofN)12.jpg;https://ei.phncdn.com/videos/202104/14/386581541/original/(m=eaAaGwObaaamqv)(mh=bm1S4GnyLZV3KofN)13.jpg;https://ei.phncdn.com/videos/202104/14/386581541/original/(m=eaAaGwObaaamqv)(mh=bm1S4GnyLZV3KofN)14.jpg;https://ei.phncdn.com/videos/202104/14/386581541/original/(m=eaAaGwObaaamqv)(mh=bm1S4GnyLZV3KofN)15.jpg;https://ei.phncdn.com/videos/202104/14/386581541/original/(m=eaAaGwObaaamqv)(mh=bm1S4GnyLZV3KofN)16.jpg
<iframe src="https://www.pornhub.com/embed/6085f3195956e" frameborder="0" height="481" width="608" scrolling="no"></iframe>|https://ei.phncdn.com/videos/202104/25/387129501/original/(m=eaf8GgaaaWavb)(mh=3k15R-I93MFiia6g)13.jpg|https://ei.phncdn.com/videos/202104/25/387129501/original/(m=eaf8GgaaaWavb)(mh=3k15R-I93MFiia6g)1.jpg;https://ei.phncdn.com/videos/202104/25/387129501/original/(m=eaf8GgaaaWavb)(mh=3k15R-I93MFiia6g)2.jpg;https://ei.phncdn.com/videos/202104/25/387129501/original/(m=eaf8GgaaaWavb)(mh=3k15R-I93MFiia6g)3.jpg;https://ei.phncdn.com/videos/202104/25/387129501/original/(m=eaf8GgaaaWavb)(mh=3k15R-I93MFiia6g)4.jpg;https://ei.phncdn.com/videos/202104/25/387129501/original/(m=eaf8GgaaaWavb)(mh=3k15R-I93MFiia6g)5.jpg;https://ei.phncdn.com/videos/202104/25/387129501/original/(m=eaf8GgaaaWavb)(mh=3k15R-I93MFiia6g)6.jpg;https://ei.phncdn.com/videos/202104/25/387129501/original/(m=eaf8GgaaaWavb)(mh=3k15R-I93MFiia6g)7.jpg;https://ei.phncdn.com/videos/202104/25/387129501/original/(m=eaf8GgaaaWavb)(mh=3k15R-I93MFiia6g)8.jpg;https://ei.phncdn.com/videos/202104/25/387129501/original/(m=eaf8GgaaaWavb)(mh=3k15R-I93MFiia6g)9.jpg;https://ei.phncdn.com/videos/202104/25/387129501/original/(m=eaf8GgaaaWavb)(mh=3k15R-I93MFiia6g)10.jpg;https://ei.phncdn.com/videos/202104/25/387129501/original/(m=eaf8GgaaaWavb)(mh=3k15R-I93MFiia6g)11.jpg;https://ei.phncdn.com/videos/202104/25/387129501/original/(m=eaf8GgaaaWavb)(mh=3k15R-I93MFiia6g)12.jpg;https://ei.phncdn.com/videos/202104/25/387129501/original/(m=eaf8GgaaaWavb)(mh=3k15R-I93MFiia6g)13.jpg;https://ei.phncdn.com/videos/202104/25/387129501/original/(m=eaf8GgaaaWavb)(mh=3k15R-I93MFiia6g)14.jpg;https://ei.phncdn.com/videos/202104/25/387129501/original/(m=eaf8GgaaaWavb)(mh=3k15R-I93MFiia6g)15.jpg;https://ei.phncdn.com/videos/202104/25/387129501/original/(m=eaf8GgaaaWavb)(mh=3k15R-I93MFiia6g)16.jpg|Big Booty Tease|big-booty;phat-ass;phat-ass-ebony;ebony;black-girl;big-ass;shaking;teasing|Virtual Reality;Exclusive;Verified Amateurs;Solo Female;360°;3D||18|0|||https://ei.phncdn.com/videos/202104/25/387129501/original/(m=eaAaGwObaaamqv)(mh=BHcvR3BwBkAEzrWU)13.jpg|https://ei.phncdn.com/videos/202104/25/387129501/original/(m=eaAaGwObaaamqv)(mh=BHcvR3BwBkAEzrWU)1.jpg;https://ei.phncdn.com/videos/202104/25/387129501/original/(m=eaAaGwObaaamqv)(mh=BHcvR3BwBkAEzrWU)2.jpg;https://ei.phncdn.com/videos/202104/25/387129501/original/(m=eaAaGwObaaamqv)(mh=BHcvR3BwBkAEzrWU)3.jpg;https://ei.phncdn.com/videos/202104/25/387129501/original/(m=eaAaGwObaaamqv)(mh=BHcvR3BwBkAEzrWU)4.jpg;https://ei.phncdn.com/videos/202104/25/387129501/original/(m=eaAaGwObaaamqv)(mh=BHcvR3BwBkAEzrWU)5.jpg;https://ei.phncdn.com/videos/202104/25/387129501/original/(m=eaAaGwObaaamqv)(mh=BHcvR3BwBkAEzrWU)6.jpg;https://ei.phncdn.com/videos/202104/25/387129501/original/(m=eaAaGwObaaamqv)(mh=BHcvR3BwBkAEzrWU)7.jpg;https://ei.phncdn.com/videos/202104/25/387129501/original/(m=eaAaGwObaaamqv)(mh=BHcvR3BwBkAEzrWU)8.jpg;https://ei.phncdn.com/videos/202104/25/387129501/original/(m=eaAaGwObaaamqv)(mh=BHcvR3BwBkAEzrWU)9.jpg;https://ei.phncdn.com/videos/202104/25/387129501/original/(m=eaAaGwObaaamqv)(mh=BHcvR3BwBkAEzrWU)10.jpg;https://ei.phncdn.com/videos/202104/25/387129501/original/(m=eaAaGwObaaamqv)(mh=BHcvR3BwBkAEzrWU)11.jpg;https://ei.phncdn.com/videos/202104/25/387129501/original/(m=eaAaGwObaaamqv)(mh=BHcvR3BwBkAEzrWU)12.jpg;https://ei.phncdn.com/videos/202104/25/387129501/original/(m=eaAaGwObaaamqv)(mh=BHcvR3BwBkAEzrWU)13.jpg;https://ei.phncdn.com/videos/202104/25/387129501/original/(m=eaAaGwObaaamqv)(mh=BHcvR3BwBkAEzrWU)14.jpg;https://ei.phncdn.com/videos/202104/25/387129501/original/(m=eaAaGwObaaamqv)(mh=BHcvR3BwBkAEzrWU)15.jpg;https://ei.phncdn.com/videos/202104/25/387129501/original/(m=eaAaGwObaaamqv)(mh=BHcvR3BwBkAEzrWU)16.jpg
<iframe src="https://www.pornhub.com/embed/ph60a7ab4d45bf8" frameborder="0" height="481" width="608" scrolling="no"></iframe>|https://ei.phncdn.com/videos/202105/21/388375521/original/(m=eaf8GgaaaWavb)(mh=8R4O1LgyQ48gu3ar)15.jpg|https://ei.phncdn.com/videos/202105/21/388375521/original/(m=eaf8GgaaaWavb)(mh=8R4O1LgyQ48gu3ar)1.jpg;https://ei.phncdn.com/videos/202105/21/388375521/original/(m=eaf8GgaaaWavb)(mh=8R4O1LgyQ48gu3ar)2.jpg;https://ei.phncdn.com/videos/202105/21/388375521/original/(m=eaf8GgaaaWavb)(mh=8R4O1LgyQ48gu3ar)3.jpg;https://ei.phncdn.com/videos/202105/21/388375521/original/(m=eaf8GgaaaWavb)(mh=8R4O1LgyQ48gu3ar)4.jpg;https://ei.phncdn.com/videos/202105/21/388375521/original/(m=eaf8GgaaaWavb)(mh=8R4O1LgyQ48gu3ar)5.jpg;https://ei.phncdn.com/videos/202105/21/388375521/original/(m=eaf8GgaaaWavb)(mh=8R4O1LgyQ48gu3ar)6.jpg;https://ei.phncdn.com/videos/202105/21/388375521/original/(m=eaf8GgaaaWavb)(mh=8R4O1LgyQ48gu3ar)7.jpg;https://ei.phncdn.com/videos/202105/21/388375521/original/(m=eaf8GgaaaWavb)(mh=8R4O1LgyQ48gu3ar)8.jpg;https://ei.phncdn.com/videos/202105/21/388375521/original/(m=eaf8GgaaaWavb)(mh=8R4O1LgyQ48gu3ar)9.jpg;https://ei.phncdn.com/videos/202105/21/388375521/original/(m=eaf8GgaaaWavb)(mh=8R4O1LgyQ48gu3ar)10.jpg;https://ei.phncdn.com/videos/202105/21/388375521/original/(m=eaf8GgaaaWavb)(mh=8R4O1LgyQ48gu3ar)11.jpg;https://ei.phncdn.com/videos/202105/21/388375521/original/(m=eaf8GgaaaWavb)(mh=8R4O1LgyQ48gu3ar)12.jpg;https://ei.phncdn.com/videos/202105/21/388375521/original/(m=eaf8GgaaaWavb)(mh=8R4O1LgyQ48gu3ar)13.jpg;https://ei.phncdn.com/videos/202105/21/388375521/original/(m=eaf8GgaaaWavb)(mh=8R4O1LgyQ48gu3ar)14.jpg;https://ei.phncdn.com/videos/202105/21/388375521/original/(m=eaf8GgaaaWavb)(mh=8R4O1LgyQ48gu3ar)15.jpg;https://ei.phncdn.com/videos/202105/21/388375521/original/(m=eaf8GgaaaWavb)(mh=8R4O1LgyQ48gu3ar)16.jpg|Phat pussy bbw ebony phat booty KarDbae|phat-ass;phat-pussy;compilation;ebony-bbw;chubby;butt;point-of-view;virtual;reality;black|Virtual Reality;Exclusive;Verified Amateurs;Solo Female;360°;3D||149|511|5|1|https://ei.phncdn.com/videos/202105/21/388375521/original/(m=eaAaGwObaaamqv)(mh=PsIrTmJa3gL-BBL5)15.jpg|https://ei.phncdn.com/videos/202105/21/388375521/original/(m=eaAaGwObaaamqv)(mh=PsIrTmJa3gL-BBL5)1.jpg;https://ei.phncdn.com/videos/202105/21/388375521/original/(m=eaAaGwObaaamqv)(mh=PsIrTmJa3gL-BBL5)2.jpg;https://ei.phncdn.com/videos/202105/21/388375521/original/(m=eaAaGwObaaamqv)(mh=PsIrTmJa3gL-BBL5)3.jpg;https://ei.phncdn.com/videos/202105/21/388375521/original/(m=eaAaGwObaaamqv)(mh=PsIrTmJa3gL-BBL5)4.jpg;https://ei.phncdn.com/videos/202105/21/388375521/original/(m=eaAaGwObaaamqv)(mh=PsIrTmJa3gL-BBL5)5.jpg;https://ei.phncdn.com/videos/202105/21/388375521/original/(m=eaAaGwObaaamqv)(mh=PsIrTmJa3gL-BBL5)6.jpg;https://ei.phncdn.com/videos/202105/21/388375521/original/(m=eaAaGwObaaamqv)(mh=PsIrTmJa3gL-BBL5)7.jpg;https://ei.phncdn.com/videos/202105/21/388375521/original/(m=eaAaGwObaaamqv)(mh=PsIrTmJa3gL-BBL5)8.jpg;https://ei.phncdn.com/videos/202105/21/388375521/original/(m=eaAaGwObaaamqv)(mh=PsIrTmJa3gL-BBL5)9.jpg;https://ei.phncdn.com/videos/202105/21/388375521/original/(m=eaAaGwObaaamqv)(mh=PsIrTmJa3gL-BBL5)10.jpg;https://ei.phncdn.com/videos/202105/21/388375521/original/(m=eaAaGwObaaamqv)(mh=PsIrTmJa3gL-BBL5)11.jpg;https://ei.phncdn.com/videos/202105/21/388375521/original/(m=eaAaGwObaaamqv)(mh=PsIrTmJa3gL-BBL5)12.jpg;https://ei.phncdn.com/videos/202105/21/388375521/original/(m=eaAaGwObaaamqv)(mh=PsIrTmJa3gL-BBL5)13.jpg;https://ei.phncdn.com/videos/202105/21/388375521/original/(m=eaAaGwObaaamqv)(mh=PsIrTmJa3gL-BBL5)14.jpg;https://ei.phncdn.com/videos/202105/21/388375521/original/(m=eaAaGwObaaamqv)(mh=PsIrTmJa3gL-BBL5)15.jpg;https://ei.phncdn.com/videos/202105/21/388375521/original/(m=eaAaGwObaaamqv)(mh=PsIrTmJa3gL-BBL5)16.jpg
<iframe src="https://www.pornhub.com/embed/ph60a9b9472d49b" frameborder="0" height="481" width="608" scrolling="no"></iframe>|https://ei.phncdn.com/videos/202105/23/388450061/original/(m=eaf8GgaaaWavb)(mh=cVxVxUpQKMcjPiMQ)10.jpg|https://ei.phncdn.com/videos/202105/23/388450061/original/(m=eaf8GgaaaWavb)(mh=cVxVxUpQKMcjPiMQ)1.jpg;https://ei.phncdn.com/videos/202105/23/388450061/original/(m=eaf8GgaaaWavb)(mh=cVxVxUpQKMcjPiMQ)2.jpg;https://ei.phncdn.com/videos/202105/23/388450061/original/(m=eaf8GgaaaWavb)(mh=cVxVxUpQKMcjPiMQ)3.jpg;https://ei.phncdn.com/videos/202105/23/388450061/original/(m=eaf8GgaaaWavb)(mh=cVxVxUpQKMcjPiMQ)4.jpg;https://ei.phncdn.com/videos/202105/23/388450061/original/(m=eaf8GgaaaWavb)(mh=cVxVxUpQKMcjPiMQ)5.jpg;https://ei.phncdn.com/videos/202105/23/388450061/original/(m=eaf8GgaaaWavb)(mh=cVxVxUpQKMcjPiMQ)6.jpg;https://ei.phncdn.com/videos/202105/23/388450061/original/(m=eaf8GgaaaWavb)(mh=cVxVxUpQKMcjPiMQ)7.jpg;https://ei.phncdn.com/videos/202105/23/388450061/original/(m=eaf8GgaaaWavb)(mh=cVxVxUpQKMcjPiMQ)8.jpg;https://ei.phncdn.com/videos/202105/23/388450061/original/(m=eaf8GgaaaWavb)(mh=cVxVxUpQKMcjPiMQ)9.jpg;https://ei.phncdn.com/videos/202105/23/388450061/original/(m=eaf8GgaaaWavb)(mh=cVxVxUpQKMcjPiMQ)10.jpg;https://ei.phncdn.com/videos/202105/23/388450061/original/(m=eaf8GgaaaWavb)(mh=cVxVxUpQKMcjPiMQ)11.jpg;https://ei.phncdn.com/videos/202105/23/388450061/original/(m=eaf8GgaaaWavb)(mh=cVxVxUpQKMcjPiMQ)12.jpg;https://ei.phncdn.com/videos/202105/23/388450061/original/(m=eaf8GgaaaWavb)(mh=cVxVxUpQKMcjPiMQ)13.jpg;https://ei.phncdn.com/videos/202105/23/388450061/original/(m=eaf8GgaaaWavb)(mh=cVxVxUpQKMcjPiMQ)14.jpg;https://ei.phncdn.com/videos/202105/23/388450061/original/(m=eaf8GgaaaWavb)(mh=cVxVxUpQKMcjPiMQ)15.jpg;https://ei.phncdn.com/videos/202105/23/388450061/original/(m=eaf8GgaaaWavb)(mh=cVxVxUpQKMcjPiMQ)16.jpg|dancing for you baby let me just demonstrate|thick-ebony;phat-ass;phat-ass-ebony;bbw-ebony;ebony-bbw;chubby;butt;point-of-view;virtual;reality|Virtual Reality;Exclusive;Verified Amateurs;Solo Female;360°;3D||166|117|2|0|https://ei.phncdn.com/videos/202105/23/388450061/original/(m=eaAaGwObaaamqv)(mh=SPrkFwegyKWIcVDX)10.jpg|https://ei.phncdn.com/videos/202105/23/388450061/original/(m=eaAaGwObaaamqv)(mh=SPrkFwegyKWIcVDX)1.jpg;https://ei.phncdn.com/videos/202105/23/388450061/original/(m=eaAaGwObaaamqv)(mh=SPrkFwegyKWIcVDX)2.jpg;https://ei.phncdn.com/videos/202105/23/388450061/original/(m=eaAaGwObaaamqv)(mh=SPrkFwegyKWIcVDX)3.jpg;https://ei.phncdn.com/videos/202105/23/388450061/original/(m=eaAaGwObaaamqv)(mh=SPrkFwegyKWIcVDX)4.jpg;https://ei.phncdn.com/videos/202105/23/388450061/original/(m=eaAaGwObaaamqv)(mh=SPrkFwegyKWIcVDX)5.jpg;https://ei.phncdn.com/videos/202105/23/388450061/original/(m=eaAaGwObaaamqv)(mh=SPrkFwegyKWIcVDX)6.jpg;https://ei.phncdn.com/videos/202105/23/388450061/original/(m=eaAaGwObaaamqv)(mh=SPrkFwegyKWIcVDX)7.jpg;https://ei.phncdn.com/videos/202105/23/388450061/original/(m=eaAaGwObaaamqv)(mh=SPrkFwegyKWIcVDX)8.jpg;https://ei.phncdn.com/videos/202105/23/388450061/original/(m=eaAaGwObaaamqv)(mh=SPrkFwegyKWIcVDX)9.jpg;https://ei.phncdn.com/videos/202105/23/388450061/original/(m=eaAaGwObaaamqv)(mh=SPrkFwegyKWIcVDX)10.jpg;https://ei.phncdn.com/videos/202105/23/388450061/original/(m=eaAaGwObaaamqv)(mh=SPrkFwegyKWIcVDX)11.jpg;https://ei.phncdn.com/videos/202105/23/388450061/original/(m=eaAaGwObaaamqv)(mh=SPrkFwegyKWIcVDX)12.jpg;https://ei.phncdn.com/videos/202105/23/388450061/original/(m=eaAaGwObaaamqv)(mh=SPrkFwegyKWIcVDX)13.jpg;https://ei.phncdn.com/videos/202105/23/388450061/original/(m=eaAaGwObaaamqv)(mh=SPrkFwegyKWIcVDX)14.jpg;https://ei.phncdn.com/videos/202105/23/388450061/original/(m=eaAaGwObaaamqv)(mh=SPrkFwegyKWIcVDX)15.jpg;https://ei.phncdn.com/videos/202105/23/388450061/original/(m=eaAaGwObaaamqv)(mh=SPrkFwegyKWIcVDX)16.jpg
<iframe src="https://www.pornhub.com/embed/ph60e5e5ef0c001" frameborder="0" height="481" width="608" scrolling="no"></iframe>|https://ei.phncdn.com/videos/202107/07/390845981/original/(m=eaf8GgaaaWavb)(mh=WEBclhXkmkCM0RxY)12.jpg|https://ei.phncdn.com/videos/202107/07/390845981/original/(m=eaf8GgaaaWavb)(mh=WEBclhXkmkCM0RxY)1.jpg;https://ei.phncdn.com/videos/202107/07/390845981/original/(m=eaf8GgaaaWavb)(mh=WEBclhXkmkCM0RxY)2.jpg;https://ei.phncdn.com/videos/202107/07/390845981/original/(m=eaf8GgaaaWavb)(mh=WEBclhXkmkCM0RxY)3.jpg;https://ei.phncdn.com/videos/202107/07/390845981/original/(m=eaf8GgaaaWavb)(mh=WEBclhXkmkCM0RxY)4.jpg;https://ei.phncdn.com/videos/202107/07/390845981/original/(m=eaf8GgaaaWavb)(mh=WEBclhXkmkCM0RxY)5.jpg;https://ei.phncdn.com/videos/202107/07/390845981/original/(m=eaf8GgaaaWavb)(mh=WEBclhXkmkCM0RxY)6.jpg;https://ei.phncdn.com/videos/202107/07/390845981/original/(m=eaf8GgaaaWavb)(mh=WEBclhXkmkCM0RxY)7.jpg;https://ei.phncdn.com/videos/202107/07/390845981/original/(m=eaf8GgaaaWavb)(mh=WEBclhXkmkCM0RxY)8.jpg;https://ei.phncdn.com/videos/202107/07/390845981/original/(m=eaf8GgaaaWavb)(mh=WEBclhXkmkCM0RxY)9.jpg;https://ei.phncdn.com/videos/202107/07/390845981/original/(m=eaf8GgaaaWavb)(mh=WEBclhXkmkCM0RxY)10.jpg;https://ei.phncdn.com/videos/202107/07/390845981/original/(m=eaf8GgaaaWavb)(mh=WEBclhXkmkCM0RxY)11.jpg;https://ei.phncdn.com/videos/202107/07/390845981/original/(m=eaf8GgaaaWavb)(mh=WEBclhXkmkCM0RxY)12.jpg;https://ei.phncdn.com/videos/202107/07/390845981/original/(m=eaf8GgaaaWavb)(mh=WEBclhXkmkCM0RxY)13.jpg;https://ei.phncdn.com/videos/202107/07/390845981/original/(m=eaf8GgaaaWavb)(mh=WEBclhXkmkCM0RxY)14.jpg;https://ei.phncdn.com/videos/202107/07/390845981/original/(m=eaf8GgaaaWavb)(mh=WEBclhXkmkCM0RxY)15.jpg;https://ei.phncdn.com/videos/202107/07/390845981/original/(m=eaf8GgaaaWavb)(mh=WEBclhXkmkCM0RxY)16.jpg|【無修正】リアルぽっちゃりのお風呂姿〜びちゃびちゃ〜|素人;masturbate;kink;chubby;butt;virtual;reality|Virtual Reality;Exclusive;Verified Amateurs;Solo Female||32|3243|5|1|https://ei.phncdn.com/videos/202107/07/390845981/original/(m=eaAaGwObaaamqv)(mh=atVkOjUwsbU9drhW)12.jpg|https://ei.phncdn.com/videos/202107/07/390845981/original/(m=eaAaGwObaaamqv)(mh=atVkOjUwsbU9drhW)1.jpg;https://ei.phncdn.com/videos/202107/07/390845981/original/(m=eaAaGwObaaamqv)(mh=atVkOjUwsbU9drhW)2.jpg;https://ei.phncdn.com/videos/202107/07/390845981/original/(m=eaAaGwObaaamqv)(mh=atVkOjUwsbU9drhW)3.jpg;https://ei.phncdn.com/videos/202107/07/390845981/original/(m=eaAaGwObaaamqv)(mh=atVkOjUwsbU9drhW)4.jpg;https://ei.phncdn.com/videos/202107/07/390845981/original/(m=eaAaGwObaaamqv)(mh=atVkOjUwsbU9drhW)5.jpg;https://ei.phncdn.com/videos/202107/07/390845981/original/(m=eaAaGwObaaamqv)(mh=atVkOjUwsbU9drhW)6.jpg;https://ei.phncdn.com/videos/202107/07/390845981/original/(m=eaAaGwObaaamqv)(mh=atVkOjUwsbU9drhW)7.jpg;https://ei.phncdn.com/videos/202107/07/390845981/original/(m=eaAaGwObaaamqv)(mh=atVkOjUwsbU9drhW)8.jpg;https://ei.phncdn.com/videos/202107/07/390845981/original/(m=eaAaGwObaaamqv)(mh=atVkOjUwsbU9drhW)9.jpg;https://ei.phncdn.com/videos/202107/07/390845981/original/(m=eaAaGwObaaamqv)(mh=atVkOjUwsbU9drhW)10.jpg;https://ei.phncdn.com/videos/202107/07/390845981/original/(m=eaAaGwObaaamqv)(mh=atVkOjUwsbU9drhW)11.jpg;https://ei.phncdn.com/videos/202107/07/390845981/original/(m=eaAaGwObaaamqv)(mh=atVkOjUwsbU9drhW)12.jpg;https://ei.phncdn.com/videos/202107/07/390845981/original/(m=eaAaGwObaaamqv)(mh=atVkOjUwsbU9drhW)13.jpg;https://ei.phncdn.com/videos/202107/07/390845981/original/(m=eaAaGwObaaamqv)(mh=atVkOjUwsbU9drhW)14.jpg;https://ei.phncdn.com/videos/202107/07/390845981/original/(m=eaAaGwObaaamqv)(mh=atVkOjUwsbU9drhW)15.jpg;https://ei.phncdn.com/videos/202107/07/390845981/original/(m=eaAaGwObaaamqv)(mh=atVkOjUwsbU9drhW)16.jpg
<iframe src="https://www.pornhub.com/embed/60e84ebc22080" frameborder="0" height="481" width="608" scrolling="no"></iframe>|https://ei.phncdn.com/videos/202107/09/390943101/original/(m=eaf8GgaaaWavb)(mh=vXZ_VGrVMq6NsOA9)15.jpg|https://ei.phncdn.com/videos/202107/09/390943101/original/(m=eaf8GgaaaWavb)(mh=vXZ_VGrVMq6NsOA9)1.jpg;https://ei.phncdn.com/videos/202107/09/390943101/original/(m=eaf8GgaaaWavb)(mh=vXZ_VGrVMq6NsOA9)2.jpg;https://ei.phncdn.com/videos/202107/09/390943101/original/(m=eaf8GgaaaWavb)(mh=vXZ_VGrVMq6NsOA9)3.jpg;https://ei.phncdn.com/videos/202107/09/390943101/original/(m=eaf8GgaaaWavb)(mh=vXZ_VGrVMq6NsOA9)4.jpg;https://ei.phncdn.com/videos/202107/09/390943101/original/(m=eaf8GgaaaWavb)(mh=vXZ_VGrVMq6NsOA9)5.jpg;https://ei.phncdn.com/videos/202107/09/390943101/original/(m=eaf8GgaaaWavb)(mh=vXZ_VGrVMq6NsOA9)6.jpg;https://ei.phncdn.com/videos/202107/09/390943101/original/(m=eaf8GgaaaWavb)(mh=vXZ_VGrVMq6NsOA9)7.jpg;https://ei.phncdn.com/videos/202107/09/390943101/original/(m=eaf8GgaaaWavb)(mh=vXZ_VGrVMq6NsOA9)8.jpg;https://ei.phncdn.com/videos/202107/09/390943101/original/(m=eaf8GgaaaWavb)(mh=vXZ_VGrVMq6NsOA9)9.jpg;https://ei.phncdn.com/videos/202107/09/390943101/original/(m=eaf8GgaaaWavb)(mh=vXZ_VGrVMq6NsOA9)10.jpg;https://ei.phncdn.com/videos/202107/09/390943101/original/(m=eaf8GgaaaWavb)(mh=vXZ_VGrVMq6NsOA9)11.jpg;https://ei.phncdn.com/videos/202107/09/390943101/original/(m=eaf8GgaaaWavb)(mh=vXZ_VGrVMq6NsOA9)12.jpg;https://ei.phncdn.com/videos/202107/09/390943101/original/(m=eaf8GgaaaWavb)(mh=vXZ_VGrVMq6NsOA9)13.jpg;https://ei.phncdn.com/videos/202107/09/390943101/original/(m=eaf8GgaaaWavb)(mh=vXZ_VGrVMq6NsOA9)14.jpg;https://ei.phncdn.com/videos/202107/09/390943101/original/(m=eaf8GgaaaWavb)(mh=vXZ_VGrVMq6NsOA9)15.jpg;https://ei.phncdn.com/videos/202107/09/390943101/original/(m=eaf8GgaaaWavb)(mh=vXZ_VGrVMq6NsOA9)16.jpg|#素人 #瘋狂 #刺激 #大學｜張旭微積分2020版(上)｜積分前篇｜重點十：四大積分基本方法之二：三角置換法｜精選範例 10-2｜數學老師張旭|university;teacher;class;public;outside;anime;virtual;reality|Virtual Reality;Verified Amateurs;SFW;360°;3D||1052|0|||https://ei.phncdn.com/videos/202107/09/390943101/original/(m=eaAaGwObaaamqv)(mh=xqPLHD6R385ofoTJ)15.jpg|https://ei.phncdn.com/videos/202107/09/390943101/original/(m=eaAaGwObaaamqv)(mh=xqPLHD6R385ofoTJ)1.jpg;https://ei.phncdn.com/videos/202107/09/390943101/original/(m=eaAaGwObaaamqv)(mh=xqPLHD6R385ofoTJ)2.jpg;https://ei.phncdn.com/videos/202107/09/390943101/original/(m=eaAaGwObaaamqv)(mh=xqPLHD6R385ofoTJ)3.jpg;https://ei.phncdn.com/videos/202107/09/390943101/original/(m=eaAaGwObaaamqv)(mh=xqPLHD6R385ofoTJ)4.jpg;https://ei.phncdn.com/videos/202107/09/390943101/original/(m=eaAaGwObaaamqv)(mh=xqPLHD6R385ofoTJ)5.jpg;https://ei.phncdn.com/videos/202107/09/390943101/original/(m=eaAaGwObaaamqv)(mh=xqPLHD6R385ofoTJ)6.jpg;https://ei.phncdn.com/videos/202107/09/390943101/original/(m=eaAaGwObaaamqv)(mh=xqPLHD6R385ofoTJ)7.jpg;https://ei.phncdn.com/videos/202107/09/390943101/original/(m=eaAaGwObaaamqv)(mh=xqPLHD6R385ofoTJ)8.jpg;https://ei.phncdn.com/videos/202107/09/390943101/original/(m=eaAaGwObaaamqv)(mh=xqPLHD6R385ofoTJ)9.jpg;https://ei.phncdn.com/videos/202107/09/390943101/original/(m=eaAaGwObaaamqv)(mh=xqPLHD6R385ofoTJ)10.jpg;https://ei.phncdn.com/videos/202107/09/390943101/original/(m=eaAaGwObaaamqv)(mh=xqPLHD6R385ofoTJ)11.jpg;https://ei.phncdn.com/videos/202107/09/390943101/original/(m=eaAaGwObaaamqv)(mh=xqPLHD6R385ofoTJ)12.jpg;https://ei.phncdn.com/videos/202107/09/390943101/original/(m=eaAaGwObaaamqv)(mh=xqPLHD6R385ofoTJ)13.jpg;https://ei.phncdn.com/videos/202107/09/390943101/original/(m=eaAaGwObaaamqv)(mh=xqPLHD6R385ofoTJ)14.jpg;https://ei.phncdn.com/videos/202107/09/390943101/original/(m=eaAaGwObaaamqv)(mh=xqPLHD6R385ofoTJ)15.jpg;https://ei.phncdn.com/videos/202107/09/390943101/original/(m=eaAaGwObaaamqv)(mh=xqPLHD6R385ofoTJ)16.jpg
<iframe src="https://www.pornhub.com/embed/ph60f3c475e38a7" frameborder="0" height="481" width="608" scrolling="no"></iframe>|https://ei.phncdn.com/videos/202107/18/391424471/original/(m=eaf8GgaaaWavb)(mh=GAuqW-45dtkPjIls)12.jpg|https://ei.phncdn.com/videos/202107/18/391424471/original/(m=eaf8GgaaaWavb)(mh=GAuqW-45dtkPjIls)1.jpg;https://ei.phncdn.com/videos/202107/18/391424471/original/(m=eaf8GgaaaWavb)(mh=GAuqW-45dtkPjIls)2.jpg;https://ei.phncdn.com/videos/202107/18/391424471/original/(m=eaf8GgaaaWavb)(mh=GAuqW-45dtkPjIls)3.jpg;https://ei.phncdn.com/videos/202107/18/391424471/original/(m=eaf8GgaaaWavb)(mh=GAuqW-45dtkPjIls)4.jpg;https://ei.phncdn.com/videos/202107/18/391424471/original/(m=eaf8GgaaaWavb)(mh=GAuqW-45dtkPjIls)5.jpg;https://ei.phncdn.com/videos/202107/18/391424471/original/(m=eaf8GgaaaWavb)(mh=GAuqW-45dtkPjIls)6.jpg;https://ei.phncdn.com/videos/202107/18/391424471/original/(m=eaf8GgaaaWavb)(mh=GAuqW-45dtkPjIls)7.jpg;https://ei.phncdn.com/videos/202107/18/391424471/original/(m=eaf8GgaaaWavb)(mh=GAuqW-45dtkPjIls)8.jpg;https://ei.phncdn.com/videos/202107/18/391424471/original/(m=eaf8GgaaaWavb)(mh=GAuqW-45dtkPjIls)9.jpg;https://ei.phncdn.com/videos/202107/18/391424471/original/(m=eaf8GgaaaWavb)(mh=GAuqW-45dtkPjIls)10.jpg;https://ei.phncdn.com/videos/202107/18/391424471/original/(m=eaf8GgaaaWavb)(mh=GAuqW-45dtkPjIls)11.jpg;https://ei.phncdn.com/videos/202107/18/391424471/original/(m=eaf8GgaaaWavb)(mh=GAuqW-45dtkPjIls)12.jpg;https://ei.phncdn.com/videos/202107/18/391424471/original/(m=eaf8GgaaaWavb)(mh=GAuqW-45dtkPjIls)13.jpg;https://ei.phncdn.com/videos/202107/18/391424471/original/(m=eaf8GgaaaWavb)(mh=GAuqW-45dtkPjIls)14.jpg;https://ei.phncdn.com/videos/202107/18/391424471/original/(m=eaf8GgaaaWavb)(mh=GAuqW-45dtkPjIls)15.jpg;https://ei.phncdn.com/videos/202107/18/391424471/original/(m=eaf8GgaaaWavb)(mh=GAuqW-45dtkPjIls)16.jpg|Quicky|pussy-juice;creamy-pussy-juice;wet-pussy;dripping-wet-pussy;close-up-pussy|Virtual Reality;Exclusive;Verified Amateurs;Solo Female;360°;3D||12|24|||https://ei.phncdn.com/videos/202107/18/391424471/original/(m=eaAaGwObaaamqv)(mh=LaNVoMjhJrm7uMtd)12.jpg|https://ei.phncdn.com/videos/202107/18/391424471/original/(m=eaAaGwObaaamqv)(mh=LaNVoMjhJrm7uMtd)1.jpg;https://ei.phncdn.com/videos/202107/18/391424471/original/(m=eaAaGwObaaamqv)(mh=LaNVoMjhJrm7uMtd)2.jpg;https://ei.phncdn.com/videos/202107/18/391424471/original/(m=eaAaGwObaaamqv)(mh=LaNVoMjhJrm7uMtd)3.jpg;https://ei.phncdn.com/videos/202107/18/391424471/original/(m=eaAaGwObaaamqv)(mh=LaNVoMjhJrm7uMtd)4.jpg;https://ei.phncdn.com/videos/202107/18/391424471/original/(m=eaAaGwObaaamqv)(mh=LaNVoMjhJrm7uMtd)5.jpg;https://ei.phncdn.com/videos/202107/18/391424471/original/(m=eaAaGwObaaamqv)(mh=LaNVoMjhJrm7uMtd)6.jpg;https://ei.phncdn.com/videos/202107/18/391424471/original/(m=eaAaGwObaaamqv)(mh=LaNVoMjhJrm7uMtd)7.jpg;https://ei.phncdn.com/videos/202107/18/391424471/original/(m=eaAaGwObaaamqv)(mh=LaNVoMjhJrm7uMtd)8.jpg;https://ei.phncdn.com/videos/202107/18/391424471/original/(m=eaAaGwObaaamqv)(mh=LaNVoMjhJrm7uMtd)9.jpg;https://ei.phncdn.com/videos/202107/18/391424471/original/(m=eaAaGwObaaamqv)(mh=LaNVoMjhJrm7uMtd)10.jpg;https://ei.phncdn.com/videos/202107/18/391424471/original/(m=eaAaGwObaaamqv)(mh=LaNVoMjhJrm7uMtd)11.jpg;https://ei.phncdn.com/videos/202107/18/391424471/original/(m=eaAaGwObaaamqv)(mh=LaNVoMjhJrm7uMtd)12.jpg;https://ei.phncdn.com/videos/202107/18/391424471/original/(m=eaAaGwObaaamqv)(mh=LaNVoMjhJrm7uMtd)13.jpg;https://ei.phncdn.com/videos/202107/18/391424471/original/(m=eaAaGwObaaamqv)(mh=LaNVoMjhJrm7uMtd)14.jpg;https://ei.phncdn.com/videos/202107/18/391424471/original/(m=eaAaGwObaaamqv)(mh=LaNVoMjhJrm7uMtd)15.jpg;https://ei.phncdn.com/videos/202107/18/391424471/original/(m=eaAaGwObaaamqv)(mh=LaNVoMjhJrm7uMtd)16.jpg
<iframe src="https://www.pornhub.com/embed/ph611a42ae1d822" frameborder="0" height="481" width="608" scrolling="no"></iframe>|https://ei.phncdn.com/videos/202108/16/393029661/original/(m=eaf8GgaaaWavb)(mh=6AIniOzs0H0Kbfma)9.jpg|https://ei.phncdn.com/videos/202108/16/393029661/original/(m=eaf8GgaaaWavb)(mh=6AIniOzs0H0Kbfma)1.jpg;https://ei.phncdn.com/videos/202108/16/393029661/original/(m=eaf8GgaaaWavb)(mh=6AIniOzs0H0Kbfma)2.jpg;https://ei.phncdn.com/videos/202108/16/393029661/original/(m=eaf8GgaaaWavb)(mh=6AIniOzs0H0Kbfma)3.jpg;https://ei.phncdn.com/videos/202108/16/393029661/original/(m=eaf8GgaaaWavb)(mh=6AIniOzs0H0Kbfma)4.jpg;https://ei.phncdn.com/videos/202108/16/393029661/original/(m=eaf8GgaaaWavb)(mh=6AIniOzs0H0Kbfma)5.jpg;https://ei.phncdn.com/videos/202108/16/393029661/original/(m=eaf8GgaaaWavb)(mh=6AIniOzs0H0Kbfma)6.jpg;https://ei.phncdn.com/videos/202108/16/393029661/original/(m=eaf8GgaaaWavb)(mh=6AIniOzs0H0Kbfma)7.jpg;https://ei.phncdn.com/videos/202108/16/393029661/original/(m=eaf8GgaaaWavb)(mh=6AIniOzs0H0Kbfma)8.jpg;https://ei.phncdn.com/videos/202108/16/393029661/original/(m=eaf8GgaaaWavb)(mh=6AIniOzs0H0Kbfma)9.jpg;https://ei.phncdn.com/videos/202108/16/393029661/original/(m=eaf8GgaaaWavb)(mh=6AIniOzs0H0Kbfma)10.jpg;https://ei.phncdn.com/videos/202108/16/393029661/original/(m=eaf8GgaaaWavb)(mh=6AIniOzs0H0Kbfma)11.jpg;https://ei.phncdn.com/videos/202108/16/393029661/original/(m=eaf8GgaaaWavb)(mh=6AIniOzs0H0Kbfma)12.jpg;https://ei.phncdn.com/videos/202108/16/393029661/original/(m=eaf8GgaaaWavb)(mh=6AIniOzs0H0Kbfma)13.jpg;https://ei.phncdn.com/videos/202108/16/393029661/original/(m=eaf8GgaaaWavb)(mh=6AIniOzs0H0Kbfma)14.jpg;https://ei.phncdn.com/videos/202108/16/393029661/original/(m=eaf8GgaaaWavb)(mh=6AIniOzs0H0Kbfma)15.jpg;https://ei.phncdn.com/videos/202108/16/393029661/original/(m=eaf8GgaaaWavb)(mh=6AIniOzs0H0Kbfma)16.jpg|Introducing Miss Foxx.|model;petite;natural-tits;babe;solo-female;lingerie;heels|Virtual Reality;Exclusive;Verified Amateurs;Solo Female;360°;3D||29|53|2|0|https://ei.phncdn.com/videos/202108/16/393029661/original/(m=eaAaGwObaaamqv)(mh=48NKhtTy5vVAm7-u)9.jpg|https://ei.phncdn.com/videos/202108/16/393029661/original/(m=eaAaGwObaaamqv)(mh=48NKhtTy5vVAm7-u)1.jpg;https://ei.phncdn.com/videos/202108/16/393029661/original/(m=eaAaGwObaaamqv)(mh=48NKhtTy5vVAm7-u)2.jpg;https://ei.phncdn.com/videos/202108/16/393029661/original/(m=eaAaGwObaaamqv)(mh=48NKhtTy5vVAm7-u)3.jpg;https://ei.phncdn.com/videos/202108/16/393029661/original/(m=eaAaGwObaaamqv)(mh=48NKhtTy5vVAm7-u)4.jpg;https://ei.phncdn.com/videos/202108/16/393029661/original/(m=eaAaGwObaaamqv)(mh=48NKhtTy5vVAm7-u)5.jpg;https://ei.phncdn.com/videos/202108/16/393029661/original/(m=eaAaGwObaaamqv)(mh=48NKhtTy5vVAm7-u)6.jpg;https://ei.phncdn.com/videos/202108/16/393029661/original/(m=eaAaGwObaaamqv)(mh=48NKhtTy5vVAm7-u)7.jpg;https://ei.phncdn.com/videos/202108/16/393029661/original/(m=eaAaGwObaaamqv)(mh=48NKhtTy5vVAm7-u)8.jpg;https://ei.phncdn.com/videos/202108/16/393029661/original/(m=eaAaGwObaaamqv)(mh=48NKhtTy5vVAm7-u)9.jpg;https://ei.phncdn.com/videos/202108/16/393029661/original/(m=eaAaGwObaaamqv)(mh=48NKhtTy5vVAm7-u)10.jpg;https://ei.phncdn.com/videos/202108/16/393029661/original/(m=eaAaGwObaaamqv)(mh=48NKhtTy5vVAm7-u)11.jpg;https://ei.phncdn.com/videos/202108/16/393029661/original/(m=eaAaGwObaaamqv)(mh=48NKhtTy5vVAm7-u)12.jpg;https://ei.phncdn.com/videos/202108/16/393029661/original/(m=eaAaGwObaaamqv)(mh=48NKhtTy5vVAm7-u)13.jpg;https://ei.phncdn.com/videos/202108/16/393029661/original/(m=eaAaGwObaaamqv)(mh=48NKhtTy5vVAm7-u)14.jpg;https://ei.phncdn.com/videos/202108/16/393029661/original/(m=eaAaGwObaaamqv)(mh=48NKhtTy5vVAm7-u)15.jpg;https://ei.phncdn.com/videos/202108/16/393029661/original/(m=eaAaGwObaaamqv)(mh=48NKhtTy5vVAm7-u)16.jpg
<iframe src="https://www.pornhub.com/embed/ph614d1ae36f4c5" frameborder="0" height="481" width="608" scrolling="no"></iframe>|https://ei.phncdn.com/videos/202109/24/395229371/original/(m=eaf8GgaaaWavb)(mh=bLiQU_v-UI8j9Cl2)3.jpg|https://ei.phncdn.com/videos/202109/24/395229371/original/(m=eaf8GgaaaWavb)(mh=bLiQU_v-UI8j9Cl2)1.jpg;https://ei.phncdn.com/videos/202109/24/395229371/original/(m=eaf8GgaaaWavb)(mh=bLiQU_v-UI8j9Cl2)2.jpg;https://ei.phncdn.com/videos/202109/24/395229371/original/(m=eaf8GgaaaWavb)(mh=bLiQU_v-UI8j9Cl2)3.jpg;https://ei.phncdn.com/videos/202109/24/395229371/original/(m=eaf8GgaaaWavb)(mh=bLiQU_v-UI8j9Cl2)4.jpg;https://ei.phncdn.com/videos/202109/24/395229371/original/(m=eaf8GgaaaWavb)(mh=bLiQU_v-UI8j9Cl2)5.jpg;https://ei.phncdn.com/videos/202109/24/395229371/original/(m=eaf8GgaaaWavb)(mh=bLiQU_v-UI8j9Cl2)6.jpg;https://ei.phncdn.com/videos/202109/24/395229371/original/(m=eaf8GgaaaWavb)(mh=bLiQU_v-UI8j9Cl2)7.jpg;https://ei.phncdn.com/videos/202109/24/395229371/original/(m=eaf8GgaaaWavb)(mh=bLiQU_v-UI8j9Cl2)8.jpg;https://ei.phncdn.com/videos/202109/24/395229371/original/(m=eaf8GgaaaWavb)(mh=bLiQU_v-UI8j9Cl2)9.jpg;https://ei.phncdn.com/videos/202109/24/395229371/original/(m=eaf8GgaaaWavb)(mh=bLiQU_v-UI8j9Cl2)10.jpg;https://ei.phncdn.com/videos/202109/24/395229371/original/(m=eaf8GgaaaWavb)(mh=bLiQU_v-UI8j9Cl2)11.jpg;https://ei.phncdn.com/videos/202109/24/395229371/original/(m=eaf8GgaaaWavb)(mh=bLiQU_v-UI8j9Cl2)12.jpg;https://ei.phncdn.com/videos/202109/24/395229371/original/(m=eaf8GgaaaWavb)(mh=bLiQU_v-UI8j9Cl2)13.jpg;https://ei.phncdn.com/videos/202109/24/395229371/original/(m=eaf8GgaaaWavb)(mh=bLiQU_v-UI8j9Cl2)14.jpg;https://ei.phncdn.com/videos/202109/24/395229371/original/(m=eaf8GgaaaWavb)(mh=bLiQU_v-UI8j9Cl2)15.jpg;https://ei.phncdn.com/videos/202109/24/395229371/original/(m=eaf8GgaaaWavb)(mh=bLiQU_v-UI8j9Cl2)16.jpg|Loose booty |twerk;booty;thick;cute;sexy|Virtual Reality;Exclusive;Verified Amateurs;Solo Female;360°;3D||40|2131|13|2|https://ei.phncdn.com/videos/202109/24/395229371/original/(m=eaAaGwObaaamqv)(mh=Dl1wksrW89DCsEG1)3.jpg|https://ei.phncdn.com/videos/202109/24/395229371/original/(m=eaAaGwObaaamqv)(mh=Dl1wksrW89DCsEG1)1.jpg;https://ei.phncdn.com/videos/202109/24/395229371/original/(m=eaAaGwObaaamqv)(mh=Dl1wksrW89DCsEG1)2.jpg;https://ei.phncdn.com/videos/202109/24/395229371/original/(m=eaAaGwObaaamqv)(mh=Dl1wksrW89DCsEG1)3.jpg;https://ei.phncdn.com/videos/202109/24/395229371/original/(m=eaAaGwObaaamqv)(mh=Dl1wksrW89DCsEG1)4.jpg;https://ei.phncdn.com/videos/202109/24/395229371/original/(m=eaAaGwObaaamqv)(mh=Dl1wksrW89DCsEG1)5.jpg;https://ei.phncdn.com/videos/202109/24/395229371/original/(m=eaAaGwObaaamqv)(mh=Dl1wksrW89DCsEG1)6.jpg;https://ei.phncdn.com/videos/202109/24/395229371/original/(m=eaAaGwObaaamqv)(mh=Dl1wksrW89DCsEG1)7.jpg;https://ei.phncdn.com/videos/202109/24/395229371/original/(m=eaAaGwObaaamqv)(mh=Dl1wksrW89DCsEG1)8.jpg;https://ei.phncdn.com/videos/202109/24/395229371/original/(m=eaAaGwObaaamqv)(mh=Dl1wksrW89DCsEG1)9.jpg;https://ei.phncdn.com/videos/202109/24/395229371/original/(m=eaAaGwObaaamqv)(mh=Dl1wksrW89DCsEG1)10.jpg;https://ei.phncdn.com/videos/202109/24/395229371/original/(m=eaAaGwObaaamqv)(mh=Dl1wksrW89DCsEG1)11.jpg;https://ei.phncdn.com/videos/202109/24/395229371/original/(m=eaAaGwObaaamqv)(mh=Dl1wksrW89DCsEG1)12.jpg;https://ei.phncdn.com/videos/202109/24/395229371/original/(m=eaAaGwObaaamqv)(mh=Dl1wksrW89DCsEG1)13.jpg;https://ei.phncdn.com/videos/202109/24/395229371/original/(m=eaAaGwObaaamqv)(mh=Dl1wksrW89DCsEG1)14.jpg;https://ei.phncdn.com/videos/202109/24/395229371/original/(m=eaAaGwObaaamqv)(mh=Dl1wksrW89DCsEG1)15.jpg;https://ei.phncdn.com/videos/202109/24/395229371/original/(m=eaAaGwObaaamqv)(mh=Dl1wksrW89DCsEG1)16.jpg
<iframe src="https://www.pornhub.com/embed/ph614d212e5d86c" frameborder="0" height="481" width="608" scrolling="no"></iframe>|https://ei.phncdn.com/videos/202109/24/395230181/original/(m=eaf8GgaaaWavb)(mh=8JF7CHWf54wGSGN-)11.jpg|https://ei.phncdn.com/videos/202109/24/395230181/original/(m=eaf8GgaaaWavb)(mh=8JF7CHWf54wGSGN-)1.jpg;https://ei.phncdn.com/videos/202109/24/395230181/original/(m=eaf8GgaaaWavb)(mh=8JF7CHWf54wGSGN-)2.jpg;https://ei.phncdn.com/videos/202109/24/395230181/original/(m=eaf8GgaaaWavb)(mh=8JF7CHWf54wGSGN-)3.jpg;https://ei.phncdn.com/videos/202109/24/395230181/original/(m=eaf8GgaaaWavb)(mh=8JF7CHWf54wGSGN-)4.jpg;https://ei.phncdn.com/videos/202109/24/395230181/original/(m=eaf8GgaaaWavb)(mh=8JF7CHWf54wGSGN-)5.jpg;https://ei.phncdn.com/videos/202109/24/395230181/original/(m=eaf8GgaaaWavb)(mh=8JF7CHWf54wGSGN-)6.jpg;https://ei.phncdn.com/videos/202109/24/395230181/original/(m=eaf8GgaaaWavb)(mh=8JF7CHWf54wGSGN-)7.jpg;https://ei.phncdn.com/videos/202109/24/395230181/original/(m=eaf8GgaaaWavb)(mh=8JF7CHWf54wGSGN-)8.jpg;https://ei.phncdn.com/videos/202109/24/395230181/original/(m=eaf8GgaaaWavb)(mh=8JF7CHWf54wGSGN-)9.jpg;https://ei.phncdn.com/videos/202109/24/395230181/original/(m=eaf8GgaaaWavb)(mh=8JF7CHWf54wGSGN-)10.jpg;https://ei.phncdn.com/videos/202109/24/395230181/original/(m=eaf8GgaaaWavb)(mh=8JF7CHWf54wGSGN-)11.jpg;https://ei.phncdn.com/videos/202109/24/395230181/original/(m=eaf8GgaaaWavb)(mh=8JF7CHWf54wGSGN-)12.jpg;https://ei.phncdn.com/videos/202109/24/395230181/original/(m=eaf8GgaaaWavb)(mh=8JF7CHWf54wGSGN-)13.jpg;https://ei.phncdn.com/videos/202109/24/395230181/original/(m=eaf8GgaaaWavb)(mh=8JF7CHWf54wGSGN-)14.jpg;https://ei.phncdn.com/videos/202109/24/395230181/original/(m=eaf8GgaaaWavb)(mh=8JF7CHWf54wGSGN-)15.jpg;https://ei.phncdn.com/videos/202109/24/395230181/original/(m=eaf8GgaaaWavb)(mh=8JF7CHWf54wGSGN-)16.jpg|Twerk |booty;thick|Virtual Reality;Exclusive;Verified Amateurs;Solo Female;Vertical Video||108|130|0|1|https://ei.phncdn.com/videos/202109/24/395230181/original/(m=eaAaGwObaaamqv)(mh=xHmjiZl6YESa0tUM)11.jpg|https://ei.phncdn.com/videos/202109/24/395230181/original/(m=eaAaGwObaaamqv)(mh=xHmjiZl6YESa0tUM)1.jpg;https://ei.phncdn.com/videos/202109/24/395230181/original/(m=eaAaGwObaaamqv)(mh=xHmjiZl6YESa0tUM)2.jpg;https://ei.phncdn.com/videos/202109/24/395230181/original/(m=eaAaGwObaaamqv)(mh=xHmjiZl6YESa0tUM)3.jpg;https://ei.phncdn.com/videos/202109/24/395230181/original/(m=eaAaGwObaaamqv)(mh=xHmjiZl6YESa0tUM)4.jpg;https://ei.phncdn.com/videos/202109/24/395230181/original/(m=eaAaGwObaaamqv)(mh=xHmjiZl6YESa0tUM)5.jpg;https://ei.phncdn.com/videos/202109/24/395230181/original/(m=eaAaGwObaaamqv)(mh=xHmjiZl6YESa0tUM)6.jpg;https://ei.phncdn.com/videos/202109/24/395230181/original/(m=eaAaGwObaaamqv)(mh=xHmjiZl6YESa0tUM)7.jpg;https://ei.phncdn.com/videos/202109/24/395230181/original/(m=eaAaGwObaaamqv)(mh=xHmjiZl6YESa0tUM)8.jpg;https://ei.phncdn.com/videos/202109/24/395230181/original/(m=eaAaGwObaaamqv)(mh=xHmjiZl6YESa0tUM)9.jpg;https://ei.phncdn.com/videos/202109/24/395230181/original/(m=eaAaGwObaaamqv)(mh=xHmjiZl6YESa0tUM)10.jpg;https://ei.phncdn.com/videos/202109/24/395230181/original/(m=eaAaGwObaaamqv)(mh=xHmjiZl6YESa0tUM)11.jpg;https://ei.phncdn.com/videos/202109/24/395230181/original/(m=eaAaGwObaaamqv)(mh=xHmjiZl6YESa0tUM)12.jpg;https://ei.phncdn.com/videos/202109/24/395230181/original/(m=eaAaGwObaaamqv)(mh=xHmjiZl6YESa0tUM)13.jpg;https://ei.phncdn.com/videos/202109/24/395230181/original/(m=eaAaGwObaaamqv)(mh=xHmjiZl6YESa0tUM)14.jpg;https://ei.phncdn.com/videos/202109/24/395230181/original/(m=eaAaGwObaaamqv)(mh=xHmjiZl6YESa0tUM)15.jpg;https://ei.phncdn.com/videos/202109/24/395230181/original/(m=eaAaGwObaaamqv)(mh=xHmjiZl6YESa0tUM)16.jpg
<iframe src="https://www.pornhub.com/embed/ph6171011651838" frameborder="0" height="481" width="608" scrolling="no"></iframe>|https://ei.phncdn.com/videos/202110/21/396721191/original/(m=eaf8GgaaaWavb)(mh=Otq4dGtblzDq96C6)16.jpg|https://ei.phncdn.com/videos/202110/21/396721191/original/(m=eaf8GgaaaWavb)(mh=Otq4dGtblzDq96C6)1.jpg;https://ei.phncdn.com/videos/202110/21/396721191/original/(m=eaf8GgaaaWavb)(mh=Otq4dGtblzDq96C6)2.jpg;https://ei.phncdn.com/videos/202110/21/396721191/original/(m=eaf8GgaaaWavb)(mh=Otq4dGtblzDq96C6)3.jpg;https://ei.phncdn.com/videos/202110/21/396721191/original/(m=eaf8GgaaaWavb)(mh=Otq4dGtblzDq96C6)4.jpg;https://ei.phncdn.com/videos/202110/21/396721191/original/(m=eaf8GgaaaWavb)(mh=Otq4dGtblzDq96C6)5.jpg;https://ei.phncdn.com/videos/202110/21/396721191/original/(m=eaf8GgaaaWavb)(mh=Otq4dGtblzDq96C6)6.jpg;https://ei.phncdn.com/videos/202110/21/396721191/original/(m=eaf8GgaaaWavb)(mh=Otq4dGtblzDq96C6)7.jpg;https://ei.phncdn.com/videos/202110/21/396721191/original/(m=eaf8GgaaaWavb)(mh=Otq4dGtblzDq96C6)8.jpg;https://ei.phncdn.com/videos/202110/21/396721191/original/(m=eaf8GgaaaWavb)(mh=Otq4dGtblzDq96C6)9.jpg;https://ei.phncdn.com/videos/202110/21/396721191/original/(m=eaf8GgaaaWavb)(mh=Otq4dGtblzDq96C6)10.jpg;https://ei.phncdn.com/videos/202110/21/396721191/original/(m=eaf8GgaaaWavb)(mh=Otq4dGtblzDq96C6)11.jpg;https://ei.phncdn.com/videos/202110/21/396721191/original/(m=eaf8GgaaaWavb)(mh=Otq4dGtblzDq96C6)12.jpg;https://ei.phncdn.com/videos/202110/21/396721191/original/(m=eaf8GgaaaWavb)(mh=Otq4dGtblzDq96C6)13.jpg;https://ei.phncdn.com/videos/202110/21/396721191/original/(m=eaf8GgaaaWavb)(mh=Otq4dGtblzDq96C6)14.jpg;https://ei.phncdn.com/videos/202110/21/396721191/original/(m=eaf8GgaaaWavb)(mh=Otq4dGtblzDq96C6)15.jpg;https://ei.phncdn.com/videos/202110/21/396721191/original/(m=eaf8GgaaaWavb)(mh=Otq4dGtblzDq96C6)16.jpg|Travel Canceled|virtualrealporn;pussy-closeup;facial;perky-tits;sloppy;round-ass;shaved-pussy;bedroom-sex;sex-on-the-bed;cumshot;cum-on-face;doggystyle;virtual;reality|Virtual Reality;60FPS||481|1709|5|5|https://ei.phncdn.com/videos/202110/21/396721191/original/(m=eaAaGwObaaamqv)(mh=4dXSuL7JdkfvPaci)16.jpg|https://ei.phncdn.com/videos/202110/21/396721191/original/(m=eaAaGwObaaamqv)(mh=4dXSuL7JdkfvPaci)1.jpg;https://ei.phncdn.com/videos/202110/21/396721191/original/(m=eaAaGwObaaamqv)(mh=4dXSuL7JdkfvPaci)2.jpg;https://ei.phncdn.com/videos/202110/21/396721191/original/(m=eaAaGwObaaamqv)(mh=4dXSuL7JdkfvPaci)3.jpg;https://ei.phncdn.com/videos/202110/21/396721191/original/(m=eaAaGwObaaamqv)(mh=4dXSuL7JdkfvPaci)4.jpg;https://ei.phncdn.com/videos/202110/21/396721191/original/(m=eaAaGwObaaamqv)(mh=4dXSuL7JdkfvPaci)5.jpg;https://ei.phncdn.com/videos/202110/21/396721191/original/(m=eaAaGwObaaamqv)(mh=4dXSuL7JdkfvPaci)6.jpg;https://ei.phncdn.com/videos/202110/21/396721191/original/(m=eaAaGwObaaamqv)(mh=4dXSuL7JdkfvPaci)7.jpg;https://ei.phncdn.com/videos/202110/21/396721191/original/(m=eaAaGwObaaamqv)(mh=4dXSuL7JdkfvPaci)8.jpg;https://ei.phncdn.com/videos/202110/21/396721191/original/(m=eaAaGwObaaamqv)(mh=4dXSuL7JdkfvPaci)9.jpg;https://ei.phncdn.com/videos/202110/21/396721191/original/(m=eaAaGwObaaamqv)(mh=4dXSuL7JdkfvPaci)10.jpg;https://ei.phncdn.com/videos/202110/21/396721191/original/(m=eaAaGwObaaamqv)(mh=4dXSuL7JdkfvPaci)11.jpg;https://ei.phncdn.com/videos/202110/21/396721191/original/(m=eaAaGwObaaamqv)(mh=4dXSuL7JdkfvPaci)12.jpg;https://ei.phncdn.com/videos/202110/21/396721191/original/(m=eaAaGwObaaamqv)(mh=4dXSuL7JdkfvPaci)13.jpg;https://ei.phncdn.com/videos/202110/21/396721191/original/(m=eaAaGwObaaamqv)(mh=4dXSuL7JdkfvPaci)14.jpg;https://ei.phncdn.com/videos/202110/21/396721191/original/(m=eaAaGwObaaamqv)(mh=4dXSuL7JdkfvPaci)15.jpg;https://ei.phncdn.com/videos/202110/21/396721191/original/(m=eaAaGwObaaamqv)(mh=4dXSuL7JdkfvPaci)16.jpg
<iframe src="https://www.pornhub.com/embed/ph61867cebcc4de" frameborder="0" height="481" width="608" scrolling="no"></iframe>|https://ei.phncdn.com/videos/202111/06/397604081/original/(m=eaf8GgaaaWavb)(mh=cZtULuHn7L2tPPjD)6.jpg|https://ei.phncdn.com/videos/202111/06/397604081/original/(m=eaf8GgaaaWavb)(mh=cZtULuHn7L2tPPjD)1.jpg;https://ei.phncdn.com/videos/202111/06/397604081/original/(m=eaf8GgaaaWavb)(mh=cZtULuHn7L2tPPjD)2.jpg;https://ei.phncdn.com/videos/202111/06/397604081/original/(m=eaf8GgaaaWavb)(mh=cZtULuHn7L2tPPjD)3.jpg;https://ei.phncdn.com/videos/202111/06/397604081/original/(m=eaf8GgaaaWavb)(mh=cZtULuHn7L2tPPjD)4.jpg;https://ei.phncdn.com/videos/202111/06/397604081/original/(m=eaf8GgaaaWavb)(mh=cZtULuHn7L2tPPjD)5.jpg;https://ei.phncdn.com/videos/202111/06/397604081/original/(m=eaf8GgaaaWavb)(mh=cZtULuHn7L2tPPjD)6.jpg;https://ei.phncdn.com/videos/202111/06/397604081/original/(m=eaf8GgaaaWavb)(mh=cZtULuHn7L2tPPjD)7.jpg;https://ei.phncdn.com/videos/202111/06/397604081/original/(m=eaf8GgaaaWavb)(mh=cZtULuHn7L2tPPjD)8.jpg;https://ei.phncdn.com/videos/202111/06/397604081/original/(m=eaf8GgaaaWavb)(mh=cZtULuHn7L2tPPjD)9.jpg;https://ei.phncdn.com/videos/202111/06/397604081/original/(m=eaf8GgaaaWavb)(mh=cZtULuHn7L2tPPjD)10.jpg;https://ei.phncdn.com/videos/202111/06/397604081/original/(m=eaf8GgaaaWavb)(mh=cZtULuHn7L2tPPjD)11.jpg;https://ei.phncdn.com/videos/202111/06/397604081/original/(m=eaf8GgaaaWavb)(mh=cZtULuHn7L2tPPjD)12.jpg;https://ei.phncdn.com/videos/202111/06/397604081/original/(m=eaf8GgaaaWavb)(mh=cZtULuHn7L2tPPjD)13.jpg;https://ei.phncdn.com/videos/202111/06/397604081/original/(m=eaf8GgaaaWavb)(mh=cZtULuHn7L2tPPjD)14.jpg;https://ei.phncdn.com/videos/202111/06/397604081/original/(m=eaf8GgaaaWavb)(mh=cZtULuHn7L2tPPjD)15.jpg;https://ei.phncdn.com/videos/202111/06/397604081/original/(m=eaf8GgaaaWavb)(mh=cZtULuHn7L2tPPjD)16.jpg|Who wanna see Passionfruitina’s pink starburst |pink-pussy;hairy-pussy|Virtual Reality;Exclusive;Verified Amateurs;Solo Female;360°;3D||14|274|1|0|https://ei.phncdn.com/videos/202111/06/397604081/original/(m=eaAaGwObaaamqv)(mh=3HN8YI4DDZlBN3Ja)6.jpg|https://ei.phncdn.com/videos/202111/06/397604081/original/(m=eaAaGwObaaamqv)(mh=3HN8YI4DDZlBN3Ja)1.jpg;https://ei.phncdn.com/videos/202111/06/397604081/original/(m=eaAaGwObaaamqv)(mh=3HN8YI4DDZlBN3Ja)2.jpg;https://ei.phncdn.com/videos/202111/06/397604081/original/(m=eaAaGwObaaamqv)(mh=3HN8YI4DDZlBN3Ja)3.jpg;https://ei.phncdn.com/videos/202111/06/397604081/original/(m=eaAaGwObaaamqv)(mh=3HN8YI4DDZlBN3Ja)4.jpg;https://ei.phncdn.com/videos/202111/06/397604081/original/(m=eaAaGwObaaamqv)(mh=3HN8YI4DDZlBN3Ja)5.jpg;https://ei.phncdn.com/videos/202111/06/397604081/original/(m=eaAaGwObaaamqv)(mh=3HN8YI4DDZlBN3Ja)6.jpg;https://ei.phncdn.com/videos/202111/06/397604081/original/(m=eaAaGwObaaamqv)(mh=3HN8YI4DDZlBN3Ja)7.jpg;https://ei.phncdn.com/videos/202111/06/397604081/original/(m=eaAaGwObaaamqv)(mh=3HN8YI4DDZlBN3Ja)8.jpg;https://ei.phncdn.com/videos/202111/06/397604081/original/(m=eaAaGwObaaamqv)(mh=3HN8YI4DDZlBN3Ja)9.jpg;https://ei.phncdn.com/videos/202111/06/397604081/original/(m=eaAaGwObaaamqv)(mh=3HN8YI4DDZlBN3Ja)10.jpg;https://ei.phncdn.com/videos/202111/06/397604081/original/(m=eaAaGwObaaamqv)(mh=3HN8YI4DDZlBN3Ja)11.jpg;https://ei.phncdn.com/videos/202111/06/397604081/original/(m=eaAaGwObaaamqv)(mh=3HN8YI4DDZlBN3Ja)12.jpg;https://ei.phncdn.com/videos/202111/06/397604081/original/(m=eaAaGwObaaamqv)(mh=3HN8YI4DDZlBN3Ja)13.jpg;https://ei.phncdn.com/videos/202111/06/397604081/original/(m=eaAaGwObaaamqv)(mh=3HN8YI4DDZlBN3Ja)14.jpg;https://ei.phncdn.com/videos/202111/06/397604081/original/(m=eaAaGwObaaamqv)(mh=3HN8YI4DDZlBN3Ja)15.jpg;https://ei.phncdn.com/videos/202111/06/397604081/original/(m=eaAaGwObaaamqv)(mh=3HN8YI4DDZlBN3Ja)16.jpg
<iframe src="https://www.pornhub.com/embed/ph61c77d295e822" frameborder="0" height="481" width="608" scrolling="no"></iframe>|https://ei.phncdn.com/videos/202112/25/400216301/original/(m=eaf8GgaaaWavb)(mh=CNmoZkIKnBAetyjO)13.jpg|https://ei.phncdn.com/videos/202112/25/400216301/original/(m=eaf8GgaaaWavb)(mh=CNmoZkIKnBAetyjO)1.jpg;https://ei.phncdn.com/videos/202112/25/400216301/original/(m=eaf8GgaaaWavb)(mh=CNmoZkIKnBAetyjO)2.jpg;https://ei.phncdn.com/videos/202112/25/400216301/original/(m=eaf8GgaaaWavb)(mh=CNmoZkIKnBAetyjO)3.jpg;https://ei.phncdn.com/videos/202112/25/400216301/original/(m=eaf8GgaaaWavb)(mh=CNmoZkIKnBAetyjO)4.jpg;https://ei.phncdn.com/videos/202112/25/400216301/original/(m=eaf8GgaaaWavb)(mh=CNmoZkIKnBAetyjO)5.jpg;https://ei.phncdn.com/videos/202112/25/400216301/original/(m=eaf8GgaaaWavb)(mh=CNmoZkIKnBAetyjO)6.jpg;https://ei.phncdn.com/videos/202112/25/400216301/original/(m=eaf8GgaaaWavb)(mh=CNmoZkIKnBAetyjO)7.jpg;https://ei.phncdn.com/videos/202112/25/400216301/original/(m=eaf8GgaaaWavb)(mh=CNmoZkIKnBAetyjO)8.jpg;https://ei.phncdn.com/videos/202112/25/400216301/original/(m=eaf8GgaaaWavb)(mh=CNmoZkIKnBAetyjO)9.jpg;https://ei.phncdn.com/videos/202112/25/400216301/original/(m=eaf8GgaaaWavb)(mh=CNmoZkIKnBAetyjO)10.jpg;https://ei.phncdn.com/videos/202112/25/400216301/original/(m=eaf8GgaaaWavb)(mh=CNmoZkIKnBAetyjO)11.jpg;https://ei.phncdn.com/videos/202112/25/400216301/original/(m=eaf8GgaaaWavb)(mh=CNmoZkIKnBAetyjO)12.jpg;https://ei.phncdn.com/videos/202112/25/400216301/original/(m=eaf8GgaaaWavb)(mh=CNmoZkIKnBAetyjO)13.jpg;https://ei.phncdn.com/videos/202112/25/400216301/original/(m=eaf8GgaaaWavb)(mh=CNmoZkIKnBAetyjO)14.jpg;https://ei.phncdn.com/videos/202112/25/400216301/original/(m=eaf8GgaaaWavb)(mh=CNmoZkIKnBAetyjO)15.jpg;https://ei.phncdn.com/videos/202112/25/400216301/original/(m=eaf8GgaaaWavb)(mh=CNmoZkIKnBAetyjO)16.jpg|Fingered my wet pussy|pussy;inside-pussy;fingering|Virtual Reality;Exclusive;Verified Amateurs;Solo Female;360°;3D;Vertical Video||81|67|4|0|https://ei.phncdn.com/videos/202112/25/400216301/original/(m=eaAaGwObaaamqv)(mh=CvAhYiifOpRkE_ny)13.jpg|https://ei.phncdn.com/videos/202112/25/400216301/original/(m=eaAaGwObaaamqv)(mh=CvAhYiifOpRkE_ny)1.jpg;https://ei.phncdn.com/videos/202112/25/400216301/original/(m=eaAaGwObaaamqv)(mh=CvAhYiifOpRkE_ny)2.jpg;https://ei.phncdn.com/videos/202112/25/400216301/original/(m=eaAaGwObaaamqv)(mh=CvAhYiifOpRkE_ny)3.jpg;https://ei.phncdn.com/videos/202112/25/400216301/original/(m=eaAaGwObaaamqv)(mh=CvAhYiifOpRkE_ny)4.jpg;https://ei.phncdn.com/videos/202112/25/400216301/original/(m=eaAaGwObaaamqv)(mh=CvAhYiifOpRkE_ny)5.jpg;https://ei.phncdn.com/videos/202112/25/400216301/original/(m=eaAaGwObaaamqv)(mh=CvAhYiifOpRkE_ny)6.jpg;https://ei.phncdn.com/videos/202112/25/400216301/original/(m=eaAaGwObaaamqv)(mh=CvAhYiifOpRkE_ny)7.jpg;https://ei.phncdn.com/videos/202112/25/400216301/original/(m=eaAaGwObaaamqv)(mh=CvAhYiifOpRkE_ny)8.jpg;https://ei.phncdn.com/videos/202112/25/400216301/original/(m=eaAaGwObaaamqv)(mh=CvAhYiifOpRkE_ny)9.jpg;https://ei.phncdn.com/videos/202112/25/400216301/original/(m=eaAaGwObaaamqv)(mh=CvAhYiifOpRkE_ny)10.jpg;https://ei.phncdn.com/videos/202112/25/400216301/original/(m=eaAaGwObaaamqv)(mh=CvAhYiifOpRkE_ny)11.jpg;https://ei.phncdn.com/videos/202112/25/400216301/original/(m=eaAaGwObaaamqv)(mh=CvAhYiifOpRkE_ny)12.jpg;https://ei.phncdn.com/videos/202112/25/400216301/original/(m=eaAaGwObaaamqv)(mh=CvAhYiifOpRkE_ny)13.jpg;https://ei.phncdn.com/videos/202112/25/400216301/original/(m=eaAaGwObaaamqv)(mh=CvAhYiifOpRkE_ny)14.jpg;https://ei.phncdn.com/videos/202112/25/400216301/original/(m=eaAaGwObaaamqv)(mh=CvAhYiifOpRkE_ny)15.jpg;https://ei.phncdn.com/videos/202112/25/400216301/original/(m=eaAaGwObaaamqv)(mh=CvAhYiifOpRkE_ny)16.jpg
<iframe src="https://www.pornhub.com/embed/ph61e9ab26127ce" frameborder="0" height="481" width="608" scrolling="no"></iframe>|https://ei.phncdn.com/videos/202201/20/401648941/original/(m=eaf8GgaaaWavb)(mh=8XVeThPwX-Z-uzxQ)9.jpg|https://ei.phncdn.com/videos/202201/20/401648941/original/(m=eaf8GgaaaWavb)(mh=8XVeThPwX-Z-uzxQ)1.jpg;https://ei.phncdn.com/videos/202201/20/401648941/original/(m=eaf8GgaaaWavb)(mh=8XVeThPwX-Z-uzxQ)2.jpg;https://ei.phncdn.com/videos/202201/20/401648941/original/(m=eaf8GgaaaWavb)(mh=8XVeThPwX-Z-uzxQ)3.jpg;https://ei.phncdn.com/videos/202201/20/401648941/original/(m=eaf8GgaaaWavb)(mh=8XVeThPwX-Z-uzxQ)4.jpg;https://ei.phncdn.com/videos/202201/20/401648941/original/(m=eaf8GgaaaWavb)(mh=8XVeThPwX-Z-uzxQ)5.jpg;https://ei.phncdn.com/videos/202201/20/401648941/original/(m=eaf8GgaaaWavb)(mh=8XVeThPwX-Z-uzxQ)6.jpg;https://ei.phncdn.com/videos/202201/20/401648941/original/(m=eaf8GgaaaWavb)(mh=8XVeThPwX-Z-uzxQ)7.jpg;https://ei.phncdn.com/videos/202201/20/401648941/original/(m=eaf8GgaaaWavb)(mh=8XVeThPwX-Z-uzxQ)8.jpg;https://ei.phncdn.com/videos/202201/20/401648941/original/(m=eaf8GgaaaWavb)(mh=8XVeThPwX-Z-uzxQ)9.jpg;https://ei.phncdn.com/videos/202201/20/401648941/original/(m=eaf8GgaaaWavb)(mh=8XVeThPwX-Z-uzxQ)10.jpg;https://ei.phncdn.com/videos/202201/20/401648941/original/(m=eaf8GgaaaWavb)(mh=8XVeThPwX-Z-uzxQ)11.jpg;https://ei.phncdn.com/videos/202201/20/401648941/original/(m=eaf8GgaaaWavb)(mh=8XVeThPwX-Z-uzxQ)12.jpg;https://ei.phncdn.com/videos/202201/20/401648941/original/(m=eaf8GgaaaWavb)(mh=8XVeThPwX-Z-uzxQ)13.jpg;https://ei.phncdn.com/videos/202201/20/401648941/original/(m=eaf8GgaaaWavb)(mh=8XVeThPwX-Z-uzxQ)14.jpg;https://ei.phncdn.com/videos/202201/20/401648941/original/(m=eaf8GgaaaWavb)(mh=8XVeThPwX-Z-uzxQ)15.jpg;https://ei.phncdn.com/videos/202201/20/401648941/original/(m=eaf8GgaaaWavb)(mh=8XVeThPwX-Z-uzxQ)16.jpg|cumslut plays with pussy for fun|cumslut;3d|Virtual Reality;Exclusive;Verified Amateurs;Solo Female||22|19|1|0|https://ei.phncdn.com/videos/202201/20/401648941/original/(m=eaAaGwObaaamqv)(mh=79x5-tOCsVWQWrJ8)9.jpg|https://ei.phncdn.com/videos/202201/20/401648941/original/(m=eaAaGwObaaamqv)(mh=79x5-tOCsVWQWrJ8)1.jpg;https://ei.phncdn.com/videos/202201/20/401648941/original/(m=eaAaGwObaaamqv)(mh=79x5-tOCsVWQWrJ8)2.jpg;https://ei.phncdn.com/videos/202201/20/401648941/original/(m=eaAaGwObaaamqv)(mh=79x5-tOCsVWQWrJ8)3.jpg;https://ei.phncdn.com/videos/202201/20/401648941/original/(m=eaAaGwObaaamqv)(mh=79x5-tOCsVWQWrJ8)4.jpg;https://ei.phncdn.com/videos/202201/20/401648941/original/(m=eaAaGwObaaamqv)(mh=79x5-tOCsVWQWrJ8)5.jpg;https://ei.phncdn.com/videos/202201/20/401648941/original/(m=eaAaGwObaaamqv)(mh=79x5-tOCsVWQWrJ8)6.jpg;https://ei.phncdn.com/videos/202201/20/401648941/original/(m=eaAaGwObaaamqv)(mh=79x5-tOCsVWQWrJ8)7.jpg;https://ei.phncdn.com/videos/202201/20/401648941/original/(m=eaAaGwObaaamqv)(mh=79x5-tOCsVWQWrJ8)8.jpg;https://ei.phncdn.com/videos/202201/20/401648941/original/(m=eaAaGwObaaamqv)(mh=79x5-tOCsVWQWrJ8)9.jpg;https://ei.phncdn.com/videos/202201/20/401648941/original/(m=eaAaGwObaaamqv)(mh=79x5-tOCsVWQWrJ8)10.jpg;https://ei.phncdn.com/videos/202201/20/401648941/original/(m=eaAaGwObaaamqv)(mh=79x5-tOCsVWQWrJ8)11.jpg;https://ei.phncdn.com/videos/202201/20/401648941/original/(m=eaAaGwObaaamqv)(mh=79x5-tOCsVWQWrJ8)12.jpg;https://ei.phncdn.com/videos/202201/20/401648941/original/(m=eaAaGwObaaamqv)(mh=79x5-tOCsVWQWrJ8)13.jpg;https://ei.phncdn.com/videos/202201/20/401648941/original/(m=eaAaGwObaaamqv)(mh=79x5-tOCsVWQWrJ8)14.jpg;https://ei.phncdn.com/videos/202201/20/401648941/original/(m=eaAaGwObaaamqv)(mh=79x5-tOCsVWQWrJ8)15.jpg;https://ei.phncdn.com/videos/202201/20/401648941/original/(m=eaAaGwObaaamqv)(mh=79x5-tOCsVWQWrJ8)16.jpg
<iframe src="https://www.pornhub.com/embed/ph6219817cd3fa2" frameborder="0" height="481" width="608" scrolling="no"></iframe>|https://ei.phncdn.com/videos/202202/26/403723521/original/(m=eaf8GgaaaWavb)(mh=vjGwmjgSHd17dlob)7.jpg|https://ei.phncdn.com/videos/202202/26/403723521/original/(m=eaf8GgaaaWavb)(mh=vjGwmjgSHd17dlob)1.jpg;https://ei.phncdn.com/videos/202202/26/403723521/original/(m=eaf8GgaaaWavb)(mh=vjGwmjgSHd17dlob)2.jpg;https://ei.phncdn.com/videos/202202/26/403723521/original/(m=eaf8GgaaaWavb)(mh=vjGwmjgSHd17dlob)3.jpg;https://ei.phncdn.com/videos/202202/26/403723521/original/(m=eaf8GgaaaWavb)(mh=vjGwmjgSHd17dlob)4.jpg;https://ei.phncdn.com/videos/202202/26/403723521/original/(m=eaf8GgaaaWavb)(mh=vjGwmjgSHd17dlob)5.jpg;https://ei.phncdn.com/videos/202202/26/403723521/original/(m=eaf8GgaaaWavb)(mh=vjGwmjgSHd17dlob)6.jpg;https://ei.phncdn.com/videos/202202/26/403723521/original/(m=eaf8GgaaaWavb)(mh=vjGwmjgSHd17dlob)7.jpg;https://ei.phncdn.com/videos/202202/26/403723521/original/(m=eaf8GgaaaWavb)(mh=vjGwmjgSHd17dlob)8.jpg;https://ei.phncdn.com/videos/202202/26/403723521/original/(m=eaf8GgaaaWavb)(mh=vjGwmjgSHd17dlob)9.jpg;https://ei.phncdn.com/videos/202202/26/403723521/original/(m=eaf8GgaaaWavb)(mh=vjGwmjgSHd17dlob)10.jpg;https://ei.phncdn.com/videos/202202/26/403723521/original/(m=eaf8GgaaaWavb)(mh=vjGwmjgSHd17dlob)11.jpg;https://ei.phncdn.com/videos/202202/26/403723521/original/(m=eaf8GgaaaWavb)(mh=vjGwmjgSHd17dlob)12.jpg;https://ei.phncdn.com/videos/202202/26/403723521/original/(m=eaf8GgaaaWavb)(mh=vjGwmjgSHd17dlob)13.jpg;https://ei.phncdn.com/videos/202202/26/403723521/original/(m=eaf8GgaaaWavb)(mh=vjGwmjgSHd17dlob)14.jpg;https://ei.phncdn.com/videos/202202/26/403723521/original/(m=eaf8GgaaaWavb)(mh=vjGwmjgSHd17dlob)15.jpg;https://ei.phncdn.com/videos/202202/26/403723521/original/(m=eaf8GgaaaWavb)(mh=vjGwmjgSHd17dlob)16.jpg|Sexy Shower time |sexy;body|Virtual Reality;Exclusive;Verified Amateurs;Solo Female;360°;3D||337|531|15|1|https://ei.phncdn.com/videos/202202/26/403723521/original/(m=eaAaGwObaaamqv)(mh=BOrUl-YRQHw5aRpe)7.jpg|https://ei.phncdn.com/videos/202202/26/403723521/original/(m=eaAaGwObaaamqv)(mh=BOrUl-YRQHw5aRpe)1.jpg;https://ei.phncdn.com/videos/202202/26/403723521/original/(m=eaAaGwObaaamqv)(mh=BOrUl-YRQHw5aRpe)2.jpg;https://ei.phncdn.com/videos/202202/26/403723521/original/(m=eaAaGwObaaamqv)(mh=BOrUl-YRQHw5aRpe)3.jpg;https://ei.phncdn.com/videos/202202/26/403723521/original/(m=eaAaGwObaaamqv)(mh=BOrUl-YRQHw5aRpe)4.jpg;https://ei.phncdn.com/videos/202202/26/403723521/original/(m=eaAaGwObaaamqv)(mh=BOrUl-YRQHw5aRpe)5.jpg;https://ei.phncdn.com/videos/202202/26/403723521/original/(m=eaAaGwObaaamqv)(mh=BOrUl-YRQHw5aRpe)6.jpg;https://ei.phncdn.com/videos/202202/26/403723521/original/(m=eaAaGwObaaamqv)(mh=BOrUl-YRQHw5aRpe)7.jpg;https://ei.phncdn.com/videos/202202/26/403723521/original/(m=eaAaGwObaaamqv)(mh=BOrUl-YRQHw5aRpe)8.jpg;https://ei.phncdn.com/videos/202202/26/403723521/original/(m=eaAaGwObaaamqv)(mh=BOrUl-YRQHw5aRpe)9.jpg;https://ei.phncdn.com/videos/202202/26/403723521/original/(m=eaAaGwObaaamqv)(mh=BOrUl-YRQHw5aRpe)10.jpg;https://ei.phncdn.com/videos/202202/26/403723521/original/(m=eaAaGwObaaamqv)(mh=BOrUl-YRQHw5aRpe)11.jpg;https://ei.phncdn.com/videos/202202/26/403723521/original/(m=eaAaGwObaaamqv)(mh=BOrUl-YRQHw5aRpe)12.jpg;https://ei.phncdn.com/videos/202202/26/403723521/original/(m=eaAaGwObaaamqv)(mh=BOrUl-YRQHw5aRpe)13.jpg;https://ei.phncdn.com/videos/202202/26/403723521/original/(m=eaAaGwObaaamqv)(mh=BOrUl-YRQHw5aRpe)14.jpg;https://ei.phncdn.com/videos/202202/26/403723521/original/(m=eaAaGwObaaamqv)(mh=BOrUl-YRQHw5aRpe)15.jpg;https://ei.phncdn.com/videos/202202/26/403723521/original/(m=eaAaGwObaaamqv)(mh=BOrUl-YRQHw5aRpe)16.jpg
<iframe src="https://www.pornhub.com/embed/ph623c9f7417a27" frameborder="0" height="481" width="608" scrolling="no"></iframe>|https://ei.phncdn.com/videos/202203/24/405247261/original/(m=eaf8GgaaaWavb)(mh=n0wIkqjpwcrk2O4T)11.jpg|https://ei.phncdn.com/videos/202203/24/405247261/original/(m=eaf8GgaaaWavb)(mh=n0wIkqjpwcrk2O4T)1.jpg;https://ei.phncdn.com/videos/202203/24/405247261/original/(m=eaf8GgaaaWavb)(mh=n0wIkqjpwcrk2O4T)2.jpg;https://ei.phncdn.com/videos/202203/24/405247261/original/(m=eaf8GgaaaWavb)(mh=n0wIkqjpwcrk2O4T)3.jpg;https://ei.phncdn.com/videos/202203/24/405247261/original/(m=eaf8GgaaaWavb)(mh=n0wIkqjpwcrk2O4T)4.jpg;https://ei.phncdn.com/videos/202203/24/405247261/original/(m=eaf8GgaaaWavb)(mh=n0wIkqjpwcrk2O4T)5.jpg;https://ei.phncdn.com/videos/202203/24/405247261/original/(m=eaf8GgaaaWavb)(mh=n0wIkqjpwcrk2O4T)6.jpg;https://ei.phncdn.com/videos/202203/24/405247261/original/(m=eaf8GgaaaWavb)(mh=n0wIkqjpwcrk2O4T)7.jpg;https://ei.phncdn.com/videos/202203/24/405247261/original/(m=eaf8GgaaaWavb)(mh=n0wIkqjpwcrk2O4T)8.jpg;https://ei.phncdn.com/videos/202203/24/405247261/original/(m=eaf8GgaaaWavb)(mh=n0wIkqjpwcrk2O4T)9.jpg;https://ei.phncdn.com/videos/202203/24/405247261/original/(m=eaf8GgaaaWavb)(mh=n0wIkqjpwcrk2O4T)10.jpg;https://ei.phncdn.com/videos/202203/24/405247261/original/(m=eaf8GgaaaWavb)(mh=n0wIkqjpwcrk2O4T)11.jpg;https://ei.phncdn.com/videos/202203/24/405247261/original/(m=eaf8GgaaaWavb)(mh=n0wIkqjpwcrk2O4T)12.jpg;https://ei.phncdn.com/videos/202203/24/405247261/original/(m=eaf8GgaaaWavb)(mh=n0wIkqjpwcrk2O4T)13.jpg;https://ei.phncdn.com/videos/202203/24/405247261/original/(m=eaf8GgaaaWavb)(mh=n0wIkqjpwcrk2O4T)14.jpg;https://ei.phncdn.com/videos/202203/24/405247261/original/(m=eaf8GgaaaWavb)(mh=n0wIkqjpwcrk2O4T)15.jpg;https://ei.phncdn.com/videos/202203/24/405247261/original/(m=eaf8GgaaaWavb)(mh=n0wIkqjpwcrk2O4T)16.jpg|Milf Alert|milf;fuck-me-daddy;wet-pussy|Virtual Reality;Exclusive;Verified Amateurs;Solo Female;360°;3D||70|37|0|0|https://ei.phncdn.com/videos/202203/24/405247261/original/(m=eaAaGwObaaamqv)(mh=buUpN0zN2cI5KG03)11.jpg|https://ei.phncdn.com/videos/202203/24/405247261/original/(m=eaAaGwObaaamqv)(mh=buUpN0zN2cI5KG03)1.jpg;https://ei.phncdn.com/videos/202203/24/405247261/original/(m=eaAaGwObaaamqv)(mh=buUpN0zN2cI5KG03)2.jpg;https://ei.phncdn.com/videos/202203/24/405247261/original/(m=eaAaGwObaaamqv)(mh=buUpN0zN2cI5KG03)3.jpg;https://ei.phncdn.com/videos/202203/24/405247261/original/(m=eaAaGwObaaamqv)(mh=buUpN0zN2cI5KG03)4.jpg;https://ei.phncdn.com/videos/202203/24/405247261/original/(m=eaAaGwObaaamqv)(mh=buUpN0zN2cI5KG03)5.jpg;https://ei.phncdn.com/videos/202203/24/405247261/original/(m=eaAaGwObaaamqv)(mh=buUpN0zN2cI5KG03)6.jpg;https://ei.phncdn.com/videos/202203/24/405247261/original/(m=eaAaGwObaaamqv)(mh=buUpN0zN2cI5KG03)7.jpg;https://ei.phncdn.com/videos/202203/24/405247261/original/(m=eaAaGwObaaamqv)(mh=buUpN0zN2cI5KG03)8.jpg;https://ei.phncdn.com/videos/202203/24/405247261/original/(m=eaAaGwObaaamqv)(mh=buUpN0zN2cI5KG03)9.jpg;https://ei.phncdn.com/videos/202203/24/405247261/original/(m=eaAaGwObaaamqv)(mh=buUpN0zN2cI5KG03)10.jpg;https://ei.phncdn.com/videos/202203/24/405247261/original/(m=eaAaGwObaaamqv)(mh=buUpN0zN2cI5KG03)11.jpg;https://ei.phncdn.com/videos/202203/24/405247261/original/(m=eaAaGwObaaamqv)(mh=buUpN0zN2cI5KG03)12.jpg;https://ei.phncdn.com/videos/202203/24/405247261/original/(m=eaAaGwObaaamqv)(mh=buUpN0zN2cI5KG03)13.jpg;https://ei.phncdn.com/videos/202203/24/405247261/original/(m=eaAaGwObaaamqv)(mh=buUpN0zN2cI5KG03)14.jpg;https://ei.phncdn.com/videos/202203/24/405247261/original/(m=eaAaGwObaaamqv)(mh=buUpN0zN2cI5KG03)15.jpg;https://ei.phncdn.com/videos/202203/24/405247261/original/(m=eaAaGwObaaamqv)(mh=buUpN0zN2cI5KG03)16.jpg
<iframe src="https://www.pornhub.com/embed/ph623e8fdfa79ec" frameborder="0" height="481" width="608" scrolling="no"></iframe>|https://ei.phncdn.com/videos/202203/26/405333791/original/(m=eaf8GgaaaWavb)(mh=35tkxBuVmj2BZzhc)2.jpg|https://ei.phncdn.com/videos/202203/26/405333791/original/(m=eaf8GgaaaWavb)(mh=35tkxBuVmj2BZzhc)1.jpg;https://ei.phncdn.com/videos/202203/26/405333791/original/(m=eaf8GgaaaWavb)(mh=35tkxBuVmj2BZzhc)2.jpg;https://ei.phncdn.com/videos/202203/26/405333791/original/(m=eaf8GgaaaWavb)(mh=35tkxBuVmj2BZzhc)3.jpg;https://ei.phncdn.com/videos/202203/26/405333791/original/(m=eaf8GgaaaWavb)(mh=35tkxBuVmj2BZzhc)4.jpg;https://ei.phncdn.com/videos/202203/26/405333791/original/(m=eaf8GgaaaWavb)(mh=35tkxBuVmj2BZzhc)5.jpg;https://ei.phncdn.com/videos/202203/26/405333791/original/(m=eaf8GgaaaWavb)(mh=35tkxBuVmj2BZzhc)6.jpg;https://ei.phncdn.com/videos/202203/26/405333791/original/(m=eaf8GgaaaWavb)(mh=35tkxBuVmj2BZzhc)7.jpg;https://ei.phncdn.com/videos/202203/26/405333791/original/(m=eaf8GgaaaWavb)(mh=35tkxBuVmj2BZzhc)8.jpg;https://ei.phncdn.com/videos/202203/26/405333791/original/(m=eaf8GgaaaWavb)(mh=35tkxBuVmj2BZzhc)9.jpg;https://ei.phncdn.com/videos/202203/26/405333791/original/(m=eaf8GgaaaWavb)(mh=35tkxBuVmj2BZzhc)10.jpg;https://ei.phncdn.com/videos/202203/26/405333791/original/(m=eaf8GgaaaWavb)(mh=35tkxBuVmj2BZzhc)11.jpg;https://ei.phncdn.com/videos/202203/26/405333791/original/(m=eaf8GgaaaWavb)(mh=35tkxBuVmj2BZzhc)12.jpg;https://ei.phncdn.com/videos/202203/26/405333791/original/(m=eaf8GgaaaWavb)(mh=35tkxBuVmj2BZzhc)13.jpg;https://ei.phncdn.com/videos/202203/26/405333791/original/(m=eaf8GgaaaWavb)(mh=35tkxBuVmj2BZzhc)14.jpg;https://ei.phncdn.com/videos/202203/26/405333791/original/(m=eaf8GgaaaWavb)(mh=35tkxBuVmj2BZzhc)15.jpg;https://ei.phncdn.com/videos/202203/26/405333791/original/(m=eaf8GgaaaWavb)(mh=35tkxBuVmj2BZzhc)16.jpg|Tit Play|solo-female;female-pov|Virtual Reality;Exclusive;Verified Amateurs;Solo Female;360°;3D;Vertical Video||49|50|||https://ei.phncdn.com/videos/202203/26/405333791/original/(m=eaAaGwObaaamqv)(mh=Et7hX7jRRP2PwvMj)2.jpg|https://ei.phncdn.com/videos/202203/26/405333791/original/(m=eaAaGwObaaamqv)(mh=Et7hX7jRRP2PwvMj)1.jpg;https://ei.phncdn.com/videos/202203/26/405333791/original/(m=eaAaGwObaaamqv)(mh=Et7hX7jRRP2PwvMj)2.jpg;https://ei.phncdn.com/videos/202203/26/405333791/original/(m=eaAaGwObaaamqv)(mh=Et7hX7jRRP2PwvMj)3.jpg;https://ei.phncdn.com/videos/202203/26/405333791/original/(m=eaAaGwObaaamqv)(mh=Et7hX7jRRP2PwvMj)4.jpg;https://ei.phncdn.com/videos/202203/26/405333791/original/(m=eaAaGwObaaamqv)(mh=Et7hX7jRRP2PwvMj)5.jpg;https://ei.phncdn.com/videos/202203/26/405333791/original/(m=eaAaGwObaaamqv)(mh=Et7hX7jRRP2PwvMj)6.jpg;https://ei.phncdn.com/videos/202203/26/405333791/original/(m=eaAaGwObaaamqv)(mh=Et7hX7jRRP2PwvMj)7.jpg;https://ei.phncdn.com/videos/202203/26/405333791/original/(m=eaAaGwObaaamqv)(mh=Et7hX7jRRP2PwvMj)8.jpg;https://ei.phncdn.com/videos/202203/26/405333791/original/(m=eaAaGwObaaamqv)(mh=Et7hX7jRRP2PwvMj)9.jpg;https://ei.phncdn.com/videos/202203/26/405333791/original/(m=eaAaGwObaaamqv)(mh=Et7hX7jRRP2PwvMj)10.jpg;https://ei.phncdn.com/videos/202203/26/405333791/original/(m=eaAaGwObaaamqv)(mh=Et7hX7jRRP2PwvMj)11.jpg;https://ei.phncdn.com/videos/202203/26/405333791/original/(m=eaAaGwObaaamqv)(mh=Et7hX7jRRP2PwvMj)12.jpg;https://ei.phncdn.com/videos/202203/26/405333791/original/(m=eaAaGwObaaamqv)(mh=Et7hX7jRRP2PwvMj)13.jpg;https://ei.phncdn.com/videos/202203/26/405333791/original/(m=eaAaGwObaaamqv)(mh=Et7hX7jRRP2PwvMj)14.jpg;https://ei.phncdn.com/videos/202203/26/405333791/original/(m=eaAaGwObaaamqv)(mh=Et7hX7jRRP2PwvMj)15.jpg;https://ei.phncdn.com/videos/202203/26/405333791/original/(m=eaAaGwObaaamqv)(mh=Et7hX7jRRP2PwvMj)16.jpg
<iframe src="https://www.pornhub.com/embed/ph628d88832fef4" frameborder="0" height="481" width="608" scrolling="no"></iframe>|https://ei.phncdn.com/videos/202205/25/408711301/original/(m=eaf8GgaaaWavb)(mh=XlBogzCkPtGVWpD2)8.jpg|https://ei.phncdn.com/videos/202205/25/408711301/original/(m=eaf8GgaaaWavb)(mh=XlBogzCkPtGVWpD2)1.jpg;https://ei.phncdn.com/videos/202205/25/408711301/original/(m=eaf8GgaaaWavb)(mh=XlBogzCkPtGVWpD2)2.jpg;https://ei.phncdn.com/videos/202205/25/408711301/original/(m=eaf8GgaaaWavb)(mh=XlBogzCkPtGVWpD2)3.jpg;https://ei.phncdn.com/videos/202205/25/408711301/original/(m=eaf8GgaaaWavb)(mh=XlBogzCkPtGVWpD2)4.jpg;https://ei.phncdn.com/videos/202205/25/408711301/original/(m=eaf8GgaaaWavb)(mh=XlBogzCkPtGVWpD2)5.jpg;https://ei.phncdn.com/videos/202205/25/408711301/original/(m=eaf8GgaaaWavb)(mh=XlBogzCkPtGVWpD2)6.jpg;https://ei.phncdn.com/videos/202205/25/408711301/original/(m=eaf8GgaaaWavb)(mh=XlBogzCkPtGVWpD2)7.jpg;https://ei.phncdn.com/videos/202205/25/408711301/original/(m=eaf8GgaaaWavb)(mh=XlBogzCkPtGVWpD2)8.jpg;https://ei.phncdn.com/videos/202205/25/408711301/original/(m=eaf8GgaaaWavb)(mh=XlBogzCkPtGVWpD2)9.jpg;https://ei.phncdn.com/videos/202205/25/408711301/original/(m=eaf8GgaaaWavb)(mh=XlBogzCkPtGVWpD2)10.jpg;https://ei.phncdn.com/videos/202205/25/408711301/original/(m=eaf8GgaaaWavb)(mh=XlBogzCkPtGVWpD2)11.jpg;https://ei.phncdn.com/videos/202205/25/408711301/original/(m=eaf8GgaaaWavb)(mh=XlBogzCkPtGVWpD2)12.jpg;https://ei.phncdn.com/videos/202205/25/408711301/original/(m=eaf8GgaaaWavb)(mh=XlBogzCkPtGVWpD2)13.jpg;https://ei.phncdn.com/videos/202205/25/408711301/original/(m=eaf8GgaaaWavb)(mh=XlBogzCkPtGVWpD2)14.jpg;https://ei.phncdn.com/videos/202205/25/408711301/original/(m=eaf8GgaaaWavb)(mh=XlBogzCkPtGVWpD2)15.jpg;https://ei.phncdn.com/videos/202205/25/408711301/original/(m=eaf8GgaaaWavb)(mh=XlBogzCkPtGVWpD2)16.jpg|Shower |schoolgirl;shower|Virtual Reality;Exclusive;Verified Amateurs;Solo Female;360°;3D;Vertical Video||18|31|3|0|https://ei.phncdn.com/videos/202205/25/408711301/original/(m=eaAaGwObaaamqv)(mh=dYe6NqDsytGraA83)8.jpg|https://ei.phncdn.com/videos/202205/25/408711301/original/(m=eaAaGwObaaamqv)(mh=dYe6NqDsytGraA83)1.jpg;https://ei.phncdn.com/videos/202205/25/408711301/original/(m=eaAaGwObaaamqv)(mh=dYe6NqDsytGraA83)2.jpg;https://ei.phncdn.com/videos/202205/25/408711301/original/(m=eaAaGwObaaamqv)(mh=dYe6NqDsytGraA83)3.jpg;https://ei.phncdn.com/videos/202205/25/408711301/original/(m=eaAaGwObaaamqv)(mh=dYe6NqDsytGraA83)4.jpg;https://ei.phncdn.com/videos/202205/25/408711301/original/(m=eaAaGwObaaamqv)(mh=dYe6NqDsytGraA83)5.jpg;https://ei.phncdn.com/videos/202205/25/408711301/original/(m=eaAaGwObaaamqv)(mh=dYe6NqDsytGraA83)6.jpg;https://ei.phncdn.com/videos/202205/25/408711301/original/(m=eaAaGwObaaamqv)(mh=dYe6NqDsytGraA83)7.jpg;https://ei.phncdn.com/videos/202205/25/408711301/original/(m=eaAaGwObaaamqv)(mh=dYe6NqDsytGraA83)8.jpg;https://ei.phncdn.com/videos/202205/25/408711301/original/(m=eaAaGwObaaamqv)(mh=dYe6NqDsytGraA83)9.jpg;https://ei.phncdn.com/videos/202205/25/408711301/original/(m=eaAaGwObaaamqv)(mh=dYe6NqDsytGraA83)10.jpg;https://ei.phncdn.com/videos/202205/25/408711301/original/(m=eaAaGwObaaamqv)(mh=dYe6NqDsytGraA83)11.jpg;https://ei.phncdn.com/videos/202205/25/408711301/original/(m=eaAaGwObaaamqv)(mh=dYe6NqDsytGraA83)12.jpg;https://ei.phncdn.com/videos/202205/25/408711301/original/(m=eaAaGwObaaamqv)(mh=dYe6NqDsytGraA83)13.jpg;https://ei.phncdn.com/videos/202205/25/408711301/original/(m=eaAaGwObaaamqv)(mh=dYe6NqDsytGraA83)14.jpg;https://ei.phncdn.com/videos/202205/25/408711301/original/(m=eaAaGwObaaamqv)(mh=dYe6NqDsytGraA83)15.jpg;https://ei.phncdn.com/videos/202205/25/408711301/original/(m=eaAaGwObaaamqv)(mh=dYe6NqDsytGraA83)16.jpg
<iframe src="https://www.pornhub.com/embed/ph62d4d2abced54" frameborder="0" height="481" width="608" scrolling="no"></iframe>|https://ei.phncdn.com/videos/202207/18/411946641/original/(m=eaf8GgaaaWavb)(mh=DwtZoaCUejkIAodx)15.jpg|https://ei.phncdn.com/videos/202207/18/411946641/original/(m=eaf8GgaaaWavb)(mh=DwtZoaCUejkIAodx)1.jpg;https://ei.phncdn.com/videos/202207/18/411946641/original/(m=eaf8GgaaaWavb)(mh=DwtZoaCUejkIAodx)2.jpg;https://ei.phncdn.com/videos/202207/18/411946641/original/(m=eaf8GgaaaWavb)(mh=DwtZoaCUejkIAodx)3.jpg;https://ei.phncdn.com/videos/202207/18/411946641/original/(m=eaf8GgaaaWavb)(mh=DwtZoaCUejkIAodx)4.jpg;https://ei.phncdn.com/videos/202207/18/411946641/original/(m=eaf8GgaaaWavb)(mh=DwtZoaCUejkIAodx)5.jpg;https://ei.phncdn.com/videos/202207/18/411946641/original/(m=eaf8GgaaaWavb)(mh=DwtZoaCUejkIAodx)6.jpg;https://ei.phncdn.com/videos/202207/18/411946641/original/(m=eaf8GgaaaWavb)(mh=DwtZoaCUejkIAodx)7.jpg;https://ei.phncdn.com/videos/202207/18/411946641/original/(m=eaf8GgaaaWavb)(mh=DwtZoaCUejkIAodx)8.jpg;https://ei.phncdn.com/videos/202207/18/411946641/original/(m=eaf8GgaaaWavb)(mh=DwtZoaCUejkIAodx)9.jpg;https://ei.phncdn.com/videos/202207/18/411946641/original/(m=eaf8GgaaaWavb)(mh=DwtZoaCUejkIAodx)10.jpg;https://ei.phncdn.com/videos/202207/18/411946641/original/(m=eaf8GgaaaWavb)(mh=DwtZoaCUejkIAodx)11.jpg;https://ei.phncdn.com/videos/202207/18/411946641/original/(m=eaf8GgaaaWavb)(mh=DwtZoaCUejkIAodx)12.jpg;https://ei.phncdn.com/videos/202207/18/411946641/original/(m=eaf8GgaaaWavb)(mh=DwtZoaCUejkIAodx)13.jpg;https://ei.phncdn.com/videos/202207/18/411946641/original/(m=eaf8GgaaaWavb)(mh=DwtZoaCUejkIAodx)14.jpg;https://ei.phncdn.com/videos/202207/18/411946641/original/(m=eaf8GgaaaWavb)(mh=DwtZoaCUejkIAodx)15.jpg;https://ei.phncdn.com/videos/202207/18/411946641/original/(m=eaf8GgaaaWavb)(mh=DwtZoaCUejkIAodx)16.jpg|fuck me hard on my onlyfans lola_fox1|hard-fast-fuck;masturbation;fingering;hentai;cartoon;stocking;lesbian;big-boobs;big-ass;pussy;onlyfans;only-fans;stockings;big-ass-white-girls;creampie;natural|Virtual Reality;Verified Amateurs;Solo Female||63|205|||https://ei.phncdn.com/videos/202207/18/411946641/original/(m=eaAaGwObaaamqv)(mh=sU9pST12DnpBL41x)15.jpg|https://ei.phncdn.com/videos/202207/18/411946641/original/(m=eaAaGwObaaamqv)(mh=sU9pST12DnpBL41x)1.jpg;https://ei.phncdn.com/videos/202207/18/411946641/original/(m=eaAaGwObaaamqv)(mh=sU9pST12DnpBL41x)2.jpg;https://ei.phncdn.com/videos/202207/18/411946641/original/(m=eaAaGwObaaamqv)(mh=sU9pST12DnpBL41x)3.jpg;https://ei.phncdn.com/videos/202207/18/411946641/original/(m=eaAaGwObaaamqv)(mh=sU9pST12DnpBL41x)4.jpg;https://ei.phncdn.com/videos/202207/18/411946641/original/(m=eaAaGwObaaamqv)(mh=sU9pST12DnpBL41x)5.jpg;https://ei.phncdn.com/videos/202207/18/411946641/original/(m=eaAaGwObaaamqv)(mh=sU9pST12DnpBL41x)6.jpg;https://ei.phncdn.com/videos/202207/18/411946641/original/(m=eaAaGwObaaamqv)(mh=sU9pST12DnpBL41x)7.jpg;https://ei.phncdn.com/videos/202207/18/411946641/original/(m=eaAaGwObaaamqv)(mh=sU9pST12DnpBL41x)8.jpg;https://ei.phncdn.com/videos/202207/18/411946641/original/(m=eaAaGwObaaamqv)(mh=sU9pST12DnpBL41x)9.jpg;https://ei.phncdn.com/videos/202207/18/411946641/original/(m=eaAaGwObaaamqv)(mh=sU9pST12DnpBL41x)10.jpg;https://ei.phncdn.com/videos/202207/18/411946641/original/(m=eaAaGwObaaamqv)(mh=sU9pST12DnpBL41x)11.jpg;https://ei.phncdn.com/videos/202207/18/411946641/original/(m=eaAaGwObaaamqv)(mh=sU9pST12DnpBL41x)12.jpg;https://ei.phncdn.com/videos/202207/18/411946641/original/(m=eaAaGwObaaamqv)(mh=sU9pST12DnpBL41x)13.jpg;https://ei.phncdn.com/videos/202207/18/411946641/original/(m=eaAaGwObaaamqv)(mh=sU9pST12DnpBL41x)14.jpg;https://ei.phncdn.com/videos/202207/18/411946641/original/(m=eaAaGwObaaamqv)(mh=sU9pST12DnpBL41x)15.jpg;https://ei.phncdn.com/videos/202207/18/411946641/original/(m=eaAaGwObaaamqv)(mh=sU9pST12DnpBL41x)16.jpg
<iframe src="https://www.pornhub.com/embed/ph63b608461b291" frameborder="0" height="481" width="608" scrolling="no"></iframe>|https://ei.phncdn.com/videos/202301/04/422686521/original/(m=eaf8GgaaaWavb)(mh=sPDjPWOAGsiT6wFo)11.jpg|https://ei.phncdn.com/videos/202301/04/422686521/original/(m=eaf8GgaaaWavb)(mh=sPDjPWOAGsiT6wFo)1.jpg;https://ei.phncdn.com/videos/202301/04/422686521/original/(m=eaf8GgaaaWavb)(mh=sPDjPWOAGsiT6wFo)2.jpg;https://ei.phncdn.com/videos/202301/04/422686521/original/(m=eaf8GgaaaWavb)(mh=sPDjPWOAGsiT6wFo)3.jpg;https://ei.phncdn.com/videos/202301/04/422686521/original/(m=eaf8GgaaaWavb)(mh=sPDjPWOAGsiT6wFo)4.jpg;https://ei.phncdn.com/videos/202301/04/422686521/original/(m=eaf8GgaaaWavb)(mh=sPDjPWOAGsiT6wFo)5.jpg;https://ei.phncdn.com/videos/202301/04/422686521/original/(m=eaf8GgaaaWavb)(mh=sPDjPWOAGsiT6wFo)6.jpg;https://ei.phncdn.com/videos/202301/04/422686521/original/(m=eaf8GgaaaWavb)(mh=sPDjPWOAGsiT6wFo)7.jpg;https://ei.phncdn.com/videos/202301/04/422686521/original/(m=eaf8GgaaaWavb)(mh=sPDjPWOAGsiT6wFo)8.jpg;https://ei.phncdn.com/videos/202301/04/422686521/original/(m=eaf8GgaaaWavb)(mh=sPDjPWOAGsiT6wFo)9.jpg;https://ei.phncdn.com/videos/202301/04/422686521/original/(m=eaf8GgaaaWavb)(mh=sPDjPWOAGsiT6wFo)10.jpg;https://ei.phncdn.com/videos/202301/04/422686521/original/(m=eaf8GgaaaWavb)(mh=sPDjPWOAGsiT6wFo)11.jpg;https://ei.phncdn.com/videos/202301/04/422686521/original/(m=eaf8GgaaaWavb)(mh=sPDjPWOAGsiT6wFo)12.jpg;https://ei.phncdn.com/videos/202301/04/422686521/original/(m=eaf8GgaaaWavb)(mh=sPDjPWOAGsiT6wFo)13.jpg;https://ei.phncdn.com/videos/202301/04/422686521/original/(m=eaf8GgaaaWavb)(mh=sPDjPWOAGsiT6wFo)14.jpg;https://ei.phncdn.com/videos/202301/04/422686521/original/(m=eaf8GgaaaWavb)(mh=sPDjPWOAGsiT6wFo)15.jpg;https://ei.phncdn.com/videos/202301/04/422686521/original/(m=eaf8GgaaaWavb)(mh=sPDjPWOAGsiT6wFo)16.jpg|Girl with full bldder pissing on bidet and after washes her pussy|pussy;pissing;pee;piss;clit;masturbation;shaved-pussy;elle-se-touche;bidet;virtual;reality|Virtual Reality;Exclusive;Verified Amateurs;Pissing;Solo Female||125|1566|4|0|https://ei.phncdn.com/videos/202301/04/422686521/original/(m=eaAaGwObaaamqv)(mh=t9NjIKSASlso18pI)11.jpg|https://ei.phncdn.com/videos/202301/04/422686521/original/(m=eaAaGwObaaamqv)(mh=t9NjIKSASlso18pI)1.jpg;https://ei.phncdn.com/videos/202301/04/422686521/original/(m=eaAaGwObaaamqv)(mh=t9NjIKSASlso18pI)2.jpg;https://ei.phncdn.com/videos/202301/04/422686521/original/(m=eaAaGwObaaamqv)(mh=t9NjIKSASlso18pI)3.jpg;https://ei.phncdn.com/videos/202301/04/422686521/original/(m=eaAaGwObaaamqv)(mh=t9NjIKSASlso18pI)4.jpg;https://ei.phncdn.com/videos/202301/04/422686521/original/(m=eaAaGwObaaamqv)(mh=t9NjIKSASlso18pI)5.jpg;https://ei.phncdn.com/videos/202301/04/422686521/original/(m=eaAaGwObaaamqv)(mh=t9NjIKSASlso18pI)6.jpg;https://ei.phncdn.com/videos/202301/04/422686521/original/(m=eaAaGwObaaamqv)(mh=t9NjIKSASlso18pI)7.jpg;https://ei.phncdn.com/videos/202301/04/422686521/original/(m=eaAaGwObaaamqv)(mh=t9NjIKSASlso18pI)8.jpg;https://ei.phncdn.com/videos/202301/04/422686521/original/(m=eaAaGwObaaamqv)(mh=t9NjIKSASlso18pI)9.jpg;https://ei.phncdn.com/videos/202301/04/422686521/original/(m=eaAaGwObaaamqv)(mh=t9NjIKSASlso18pI)10.jpg;https://ei.phncdn.com/videos/202301/04/422686521/original/(m=eaAaGwObaaamqv)(mh=t9NjIKSASlso18pI)11.jpg;https://ei.phncdn.com/videos/202301/04/422686521/original/(m=eaAaGwObaaamqv)(mh=t9NjIKSASlso18pI)12.jpg;https://ei.phncdn.com/videos/202301/04/422686521/original/(m=eaAaGwObaaamqv)(mh=t9NjIKSASlso18pI)13.jpg;https://ei.phncdn.com/videos/202301/04/422686521/original/(m=eaAaGwObaaamqv)(mh=t9NjIKSASlso18pI)14.jpg;https://ei.phncdn.com/videos/202301/04/422686521/original/(m=eaAaGwObaaamqv)(mh=t9NjIKSASlso18pI)15.jpg;https://ei.phncdn.com/videos/202301/04/422686521/original/(m=eaAaGwObaaamqv)(mh=t9NjIKSASlso18pI)16.jpg
<iframe src="https://www.pornhub.com/embed/63e6db9a4d78a" frameborder="0" height="481" width="608" scrolling="no"></iframe>|https://ei.phncdn.com/videos/202302/11/425223851/original/(m=eaf8GgaaaWavb)(mh=QMWz36jtassiRX7S)10.jpg|https://ei.phncdn.com/videos/202302/11/425223851/original/(m=eaf8GgaaaWavb)(mh=QMWz36jtassiRX7S)1.jpg;https://ei.phncdn.com/videos/202302/11/425223851/original/(m=eaf8GgaaaWavb)(mh=QMWz36jtassiRX7S)2.jpg;https://ei.phncdn.com/videos/202302/11/425223851/original/(m=eaf8GgaaaWavb)(mh=QMWz36jtassiRX7S)3.jpg;https://ei.phncdn.com/videos/202302/11/425223851/original/(m=eaf8GgaaaWavb)(mh=QMWz36jtassiRX7S)4.jpg;https://ei.phncdn.com/videos/202302/11/425223851/original/(m=eaf8GgaaaWavb)(mh=QMWz36jtassiRX7S)5.jpg;https://ei.phncdn.com/videos/202302/11/425223851/original/(m=eaf8GgaaaWavb)(mh=QMWz36jtassiRX7S)6.jpg;https://ei.phncdn.com/videos/202302/11/425223851/original/(m=eaf8GgaaaWavb)(mh=QMWz36jtassiRX7S)7.jpg;https://ei.phncdn.com/videos/202302/11/425223851/original/(m=eaf8GgaaaWavb)(mh=QMWz36jtassiRX7S)8.jpg;https://ei.phncdn.com/videos/202302/11/425223851/original/(m=eaf8GgaaaWavb)(mh=QMWz36jtassiRX7S)9.jpg;https://ei.phncdn.com/videos/202302/11/425223851/original/(m=eaf8GgaaaWavb)(mh=QMWz36jtassiRX7S)10.jpg;https://ei.phncdn.com/videos/202302/11/425223851/original/(m=eaf8GgaaaWavb)(mh=QMWz36jtassiRX7S)11.jpg;https://ei.phncdn.com/videos/202302/11/425223851/original/(m=eaf8GgaaaWavb)(mh=QMWz36jtassiRX7S)12.jpg;https://ei.phncdn.com/videos/202302/11/425223851/original/(m=eaf8GgaaaWavb)(mh=QMWz36jtassiRX7S)13.jpg;https://ei.phncdn.com/videos/202302/11/425223851/original/(m=eaf8GgaaaWavb)(mh=QMWz36jtassiRX7S)14.jpg;https://ei.phncdn.com/videos/202302/11/425223851/original/(m=eaf8GgaaaWavb)(mh=QMWz36jtassiRX7S)15.jpg;https://ei.phncdn.com/videos/202302/11/425223851/original/(m=eaf8GgaaaWavb)(mh=QMWz36jtassiRX7S)16.jpg|CuzinhoPiscando|anal;gostosa;rabão;cuzinho;d4|Virtual Reality;Exclusive;Verified Amateurs;Solo Female||4|14|||https://ei.phncdn.com/videos/202302/11/425223851/original/(m=eaAaGwObaaamqv)(mh=WAp1rzdx0XxyLuI3)10.jpg|https://ei.phncdn.com/videos/202302/11/425223851/original/(m=eaAaGwObaaamqv)(mh=WAp1rzdx0XxyLuI3)1.jpg;https://ei.phncdn.com/videos/202302/11/425223851/original/(m=eaAaGwObaaamqv)(mh=WAp1rzdx0XxyLuI3)2.jpg;https://ei.phncdn.com/videos/202302/11/425223851/original/(m=eaAaGwObaaamqv)(mh=WAp1rzdx0XxyLuI3)3.jpg;https://ei.phncdn.com/videos/202302/11/425223851/original/(m=eaAaGwObaaamqv)(mh=WAp1rzdx0XxyLuI3)4.jpg;https://ei.phncdn.com/videos/202302/11/425223851/original/(m=eaAaGwObaaamqv)(mh=WAp1rzdx0XxyLuI3)5.jpg;https://ei.phncdn.com/videos/202302/11/425223851/original/(m=eaAaGwObaaamqv)(mh=WAp1rzdx0XxyLuI3)6.jpg;https://ei.phncdn.com/videos/202302/11/425223851/original/(m=eaAaGwObaaamqv)(mh=WAp1rzdx0XxyLuI3)7.jpg;https://ei.phncdn.com/videos/202302/11/425223851/original/(m=eaAaGwObaaamqv)(mh=WAp1rzdx0XxyLuI3)8.jpg;https://ei.phncdn.com/videos/202302/11/425223851/original/(m=eaAaGwObaaamqv)(mh=WAp1rzdx0XxyLuI3)9.jpg;https://ei.phncdn.com/videos/202302/11/425223851/original/(m=eaAaGwObaaamqv)(mh=WAp1rzdx0XxyLuI3)10.jpg;https://ei.phncdn.com/videos/202302/11/425223851/original/(m=eaAaGwObaaamqv)(mh=WAp1rzdx0XxyLuI3)11.jpg;https://ei.phncdn.com/videos/202302/11/425223851/original/(m=eaAaGwObaaamqv)(mh=WAp1rzdx0XxyLuI3)12.jpg;https://ei.phncdn.com/videos/202302/11/425223851/original/(m=eaAaGwObaaamqv)(mh=WAp1rzdx0XxyLuI3)13.jpg;https://ei.phncdn.com/videos/202302/11/425223851/original/(m=eaAaGwObaaamqv)(mh=WAp1rzdx0XxyLuI3)14.jpg;https://ei.phncdn.com/videos/202302/11/425223851/original/(m=eaAaGwObaaamqv)(mh=WAp1rzdx0XxyLuI3)15.jpg;https://ei.phncdn.com/videos/202302/11/425223851/original/(m=eaAaGwObaaamqv)(mh=WAp1rzdx0XxyLuI3)16.jpg
<iframe src="https://www.pornhub.com/embed/6419b6d6e0cf1" frameborder="0" height="481" width="608" scrolling="no"></iframe>|https://ei.phncdn.com/videos/202303/21/427865541/original/(m=eaf8GgaaaWavb)(mh=naEd4XZO9aeX9Elv)16.jpg|https://ei.phncdn.com/videos/202303/21/427865541/original/(m=eaf8GgaaaWavb)(mh=naEd4XZO9aeX9Elv)1.jpg;https://ei.phncdn.com/videos/202303/21/427865541/original/(m=eaf8GgaaaWavb)(mh=naEd4XZO9aeX9Elv)2.jpg;https://ei.phncdn.com/videos/202303/21/427865541/original/(m=eaf8GgaaaWavb)(mh=naEd4XZO9aeX9Elv)3.jpg;https://ei.phncdn.com/videos/202303/21/427865541/original/(m=eaf8GgaaaWavb)(mh=naEd4XZO9aeX9Elv)4.jpg;https://ei.phncdn.com/videos/202303/21/427865541/original/(m=eaf8GgaaaWavb)(mh=naEd4XZO9aeX9Elv)5.jpg;https://ei.phncdn.com/videos/202303/21/427865541/original/(m=eaf8GgaaaWavb)(mh=naEd4XZO9aeX9Elv)6.jpg;https://ei.phncdn.com/videos/202303/21/427865541/original/(m=eaf8GgaaaWavb)(mh=naEd4XZO9aeX9Elv)7.jpg;https://ei.phncdn.com/videos/202303/21/427865541/original/(m=eaf8GgaaaWavb)(mh=naEd4XZO9aeX9Elv)8.jpg;https://ei.phncdn.com/videos/202303/21/427865541/original/(m=eaf8GgaaaWavb)(mh=naEd4XZO9aeX9Elv)9.jpg;https://ei.phncdn.com/videos/202303/21/427865541/original/(m=eaf8GgaaaWavb)(mh=naEd4XZO9aeX9Elv)10.jpg;https://ei.phncdn.com/videos/202303/21/427865541/original/(m=eaf8GgaaaWavb)(mh=naEd4XZO9aeX9Elv)11.jpg;https://ei.phncdn.com/videos/202303/21/427865541/original/(m=eaf8GgaaaWavb)(mh=naEd4XZO9aeX9Elv)12.jpg;https://ei.phncdn.com/videos/202303/21/427865541/original/(m=eaf8GgaaaWavb)(mh=naEd4XZO9aeX9Elv)13.jpg;https://ei.phncdn.com/videos/202303/21/427865541/original/(m=eaf8GgaaaWavb)(mh=naEd4XZO9aeX9Elv)14.jpg;https://ei.phncdn.com/videos/202303/21/427865541/original/(m=eaf8GgaaaWavb)(mh=naEd4XZO9aeX9Elv)15.jpg;https://ei.phncdn.com/videos/202303/21/427865541/original/(m=eaf8GgaaaWavb)(mh=naEd4XZO9aeX9Elv)16.jpg|The cutest anime girls who you really want|cute;anime;girls|Virtual Reality;SFW||193|158|||https://ei.phncdn.com/videos/202303/21/427865541/original/(m=eaAaGwObaaamqv)(mh=_shGpvCXs7lVt1Kf)16.jpg|https://ei.phncdn.com/videos/202303/21/427865541/original/(m=eaAaGwObaaamqv)(mh=_shGpvCXs7lVt1Kf)1.jpg;https://ei.phncdn.com/videos/202303/21/427865541/original/(m=eaAaGwObaaamqv)(mh=_shGpvCXs7lVt1Kf)2.jpg;https://ei.phncdn.com/videos/202303/21/427865541/original/(m=eaAaGwObaaamqv)(mh=_shGpvCXs7lVt1Kf)3.jpg;https://ei.phncdn.com/videos/202303/21/427865541/original/(m=eaAaGwObaaamqv)(mh=_shGpvCXs7lVt1Kf)4.jpg;https://ei.phncdn.com/videos/202303/21/427865541/original/(m=eaAaGwObaaamqv)(mh=_shGpvCXs7lVt1Kf)5.jpg;https://ei.phncdn.com/videos/202303/21/427865541/original/(m=eaAaGwObaaamqv)(mh=_shGpvCXs7lVt1Kf)6.jpg;https://ei.phncdn.com/videos/202303/21/427865541/original/(m=eaAaGwObaaamqv)(mh=_shGpvCXs7lVt1Kf)7.jpg;https://ei.phncdn.com/videos/202303/21/427865541/original/(m=eaAaGwObaaamqv)(mh=_shGpvCXs7lVt1Kf)8.jpg;https://ei.phncdn.com/videos/202303/21/427865541/original/(m=eaAaGwObaaamqv)(mh=_shGpvCXs7lVt1Kf)9.jpg;https://ei.phncdn.com/videos/202303/21/427865541/original/(m=eaAaGwObaaamqv)(mh=_shGpvCXs7lVt1Kf)10.jpg;https://ei.phncdn.com/videos/202303/21/427865541/original/(m=eaAaGwObaaamqv)(mh=_shGpvCXs7lVt1Kf)11.jpg;https://ei.phncdn.com/videos/202303/21/427865541/original/(m=eaAaGwObaaamqv)(mh=_shGpvCXs7lVt1Kf)12.jpg;https://ei.phncdn.com/videos/202303/21/427865541/original/(m=eaAaGwObaaamqv)(mh=_shGpvCXs7lVt1Kf)13.jpg;https://ei.phncdn.com/videos/202303/21/427865541/original/(m=eaAaGwObaaamqv)(mh=_shGpvCXs7lVt1Kf)14.jpg;https://ei.phncdn.com/videos/202303/21/427865541/original/(m=eaAaGwObaaamqv)(mh=_shGpvCXs7lVt1Kf)15.jpg;https://ei.phncdn.com/videos/202303/21/427865541/original/(m=eaAaGwObaaamqv)(mh=_shGpvCXs7lVt1Kf)16.jpg
<iframe src="https://www.pornhub.com/embed/64a3f5d9c593c" frameborder="0" height="481" width="608" scrolling="no"></iframe>|https://ei.phncdn.com/videos/202307/04/434817031/original/(m=eaf8GgaaaWavb)(mh=t4feCI7e5Q-prPMC)5.jpg|https://ei.phncdn.com/videos/202307/04/434817031/original/(m=eaf8GgaaaWavb)(mh=t4feCI7e5Q-prPMC)1.jpg;https://ei.phncdn.com/videos/202307/04/434817031/original/(m=eaf8GgaaaWavb)(mh=t4feCI7e5Q-prPMC)2.jpg;https://ei.phncdn.com/videos/202307/04/434817031/original/(m=eaf8GgaaaWavb)(mh=t4feCI7e5Q-prPMC)3.jpg;https://ei.phncdn.com/videos/202307/04/434817031/original/(m=eaf8GgaaaWavb)(mh=t4feCI7e5Q-prPMC)4.jpg;https://ei.phncdn.com/videos/202307/04/434817031/original/(m=eaf8GgaaaWavb)(mh=t4feCI7e5Q-prPMC)5.jpg;https://ei.phncdn.com/videos/202307/04/434817031/original/(m=eaf8GgaaaWavb)(mh=t4feCI7e5Q-prPMC)6.jpg;https://ei.phncdn.com/videos/202307/04/434817031/original/(m=eaf8GgaaaWavb)(mh=t4feCI7e5Q-prPMC)7.jpg;https://ei.phncdn.com/videos/202307/04/434817031/original/(m=eaf8GgaaaWavb)(mh=t4feCI7e5Q-prPMC)8.jpg;https://ei.phncdn.com/videos/202307/04/434817031/original/(m=eaf8GgaaaWavb)(mh=t4feCI7e5Q-prPMC)9.jpg;https://ei.phncdn.com/videos/202307/04/434817031/original/(m=eaf8GgaaaWavb)(mh=t4feCI7e5Q-prPMC)10.jpg;https://ei.phncdn.com/videos/202307/04/434817031/original/(m=eaf8GgaaaWavb)(mh=t4feCI7e5Q-prPMC)11.jpg;https://ei.phncdn.com/videos/202307/04/434817031/original/(m=eaf8GgaaaWavb)(mh=t4feCI7e5Q-prPMC)12.jpg;https://ei.phncdn.com/videos/202307/04/434817031/original/(m=eaf8GgaaaWavb)(mh=t4feCI7e5Q-prPMC)13.jpg;https://ei.phncdn.com/videos/202307/04/434817031/original/(m=eaf8GgaaaWavb)(mh=t4feCI7e5Q-prPMC)14.jpg;https://ei.phncdn.com/videos/202307/04/434817031/original/(m=eaf8GgaaaWavb)(mh=t4feCI7e5Q-prPMC)15.jpg;https://ei.phncdn.com/videos/202307/04/434817031/original/(m=eaf8GgaaaWavb)(mh=t4feCI7e5Q-prPMC)16.jpg|test test|asdasd|Virtual Reality;SFW;180°;2D||8|0|||https://ei.phncdn.com/videos/202307/04/434817031/original/(m=eaAaGwObaaamqv)(mh=njz0FBz-GvLYl196)5.jpg|https://ei.phncdn.com/videos/202307/04/434817031/original/(m=eaAaGwObaaamqv)(mh=njz0FBz-GvLYl196)1.jpg;https://ei.phncdn.com/videos/202307/04/434817031/original/(m=eaAaGwObaaamqv)(mh=njz0FBz-GvLYl196)2.jpg;https://ei.phncdn.com/videos/202307/04/434817031/original/(m=eaAaGwObaaamqv)(mh=njz0FBz-GvLYl196)3.jpg;https://ei.phncdn.com/videos/202307/04/434817031/original/(m=eaAaGwObaaamqv)(mh=njz0FBz-GvLYl196)4.jpg;https://ei.phncdn.com/videos/202307/04/434817031/original/(m=eaAaGwObaaamqv)(mh=njz0FBz-GvLYl196)5.jpg;https://ei.phncdn.com/videos/202307/04/434817031/original/(m=eaAaGwObaaamqv)(mh=njz0FBz-GvLYl196)6.jpg;https://ei.phncdn.com/videos/202307/04/434817031/original/(m=eaAaGwObaaamqv)(mh=njz0FBz-GvLYl196)7.jpg;https://ei.phncdn.com/videos/202307/04/434817031/original/(m=eaAaGwObaaamqv)(mh=njz0FBz-GvLYl196)8.jpg;https://ei.phncdn.com/videos/202307/04/434817031/original/(m=eaAaGwObaaamqv)(mh=njz0FBz-GvLYl196)9.jpg;https://ei.phncdn.com/videos/202307/04/434817031/original/(m=eaAaGwObaaamqv)(mh=njz0FBz-GvLYl196)10.jpg;https://ei.phncdn.com/videos/202307/04/434817031/original/(m=eaAaGwObaaamqv)(mh=njz0FBz-GvLYl196)11.jpg;https://ei.phncdn.com/videos/202307/04/434817031/original/(m=eaAaGwObaaamqv)(mh=njz0FBz-GvLYl196)12.jpg;https://ei.phncdn.com/videos/202307/04/434817031/original/(m=eaAaGwObaaamqv)(mh=njz0FBz-GvLYl196)13.jpg;https://ei.phncdn.com/videos/202307/04/434817031/original/(m=eaAaGwObaaamqv)(mh=njz0FBz-GvLYl196)14.jpg;https://ei.phncdn.com/videos/202307/04/434817031/original/(m=eaAaGwObaaamqv)(mh=njz0FBz-GvLYl196)15.jpg;https://ei.phncdn.com/videos/202307/04/434817031/original/(m=eaAaGwObaaamqv)(mh=njz0FBz-GvLYl196)16.jpg
<iframe src="https://www.pornhub.com/embed/65bbd49ea3463" frameborder="0" height="481" width="608" scrolling="no"></iframe>|https://ei.phncdn.com/videos/202402/01/447499701/original/(m=eaf8GgaaaWavb)(mh=FVjXdNvc0HxjN7m-)2.jpg|https://ei.phncdn.com/videos/202402/01/447499701/original/(m=eaf8GgaaaWavb)(mh=FVjXdNvc0HxjN7m-)1.jpg;https://ei.phncdn.com/videos/202402/01/447499701/original/(m=eaf8GgaaaWavb)(mh=FVjXdNvc0HxjN7m-)2.jpg;https://ei.phncdn.com/videos/202402/01/447499701/original/(m=eaf8GgaaaWavb)(mh=FVjXdNvc0HxjN7m-)3.jpg;https://ei.phncdn.com/videos/202402/01/447499701/original/(m=eaf8GgaaaWavb)(mh=FVjXdNvc0HxjN7m-)4.jpg;https://ei.phncdn.com/videos/202402/01/447499701/original/(m=eaf8GgaaaWavb)(mh=FVjXdNvc0HxjN7m-)5.jpg;https://ei.phncdn.com/videos/202402/01/447499701/original/(m=eaf8GgaaaWavb)(mh=FVjXdNvc0HxjN7m-)6.jpg;https://ei.phncdn.com/videos/202402/01/447499701/original/(m=eaf8GgaaaWavb)(mh=FVjXdNvc0HxjN7m-)7.jpg;https://ei.phncdn.com/videos/202402/01/447499701/original/(m=eaf8GgaaaWavb)(mh=FVjXdNvc0HxjN7m-)8.jpg;https://ei.phncdn.com/videos/202402/01/447499701/original/(m=eaf8GgaaaWavb)(mh=FVjXdNvc0HxjN7m-)9.jpg;https://ei.phncdn.com/videos/202402/01/447499701/original/(m=eaf8GgaaaWavb)(mh=FVjXdNvc0HxjN7m-)10.jpg;https://ei.phncdn.com/videos/202402/01/447499701/original/(m=eaf8GgaaaWavb)(mh=FVjXdNvc0HxjN7m-)11.jpg;https://ei.phncdn.com/videos/202402/01/447499701/original/(m=eaf8GgaaaWavb)(mh=FVjXdNvc0HxjN7m-)12.jpg;https://ei.phncdn.com/videos/202402/01/447499701/original/(m=eaf8GgaaaWavb)(mh=FVjXdNvc0HxjN7m-)13.jpg;https://ei.phncdn.com/videos/202402/01/447499701/original/(m=eaf8GgaaaWavb)(mh=FVjXdNvc0HxjN7m-)14.jpg;https://ei.phncdn.com/videos/202402/01/447499701/original/(m=eaf8GgaaaWavb)(mh=FVjXdNvc0HxjN7m-)15.jpg;https://ei.phncdn.com/videos/202402/01/447499701/original/(m=eaf8GgaaaWavb)(mh=FVjXdNvc0HxjN7m-)16.jpg|Waitinginthetruck|solo-girl;amateur|Virtual Reality;Exclusive;Verified Amateurs;Old/Young (18+);Solo Female;Female Orgasm;Vertical Video||75|486|8|0|https://ei.phncdn.com/videos/202402/01/447499701/original/(m=eaAaGwObaaamqv)(mh=SaO_OIfKTILYIpHB)2.jpg|https://ei.phncdn.com/videos/202402/01/447499701/original/(m=eaAaGwObaaamqv)(mh=SaO_OIfKTILYIpHB)1.jpg;https://ei.phncdn.com/videos/202402/01/447499701/original/(m=eaAaGwObaaamqv)(mh=SaO_OIfKTILYIpHB)2.jpg;https://ei.phncdn.com/videos/202402/01/447499701/original/(m=eaAaGwObaaamqv)(mh=SaO_OIfKTILYIpHB)3.jpg;https://ei.phncdn.com/videos/202402/01/447499701/original/(m=eaAaGwObaaamqv)(mh=SaO_OIfKTILYIpHB)4.jpg;https://ei.phncdn.com/videos/202402/01/447499701/original/(m=eaAaGwObaaamqv)(mh=SaO_OIfKTILYIpHB)5.jpg;https://ei.phncdn.com/videos/202402/01/447499701/original/(m=eaAaGwObaaamqv)(mh=SaO_OIfKTILYIpHB)6.jpg;https://ei.phncdn.com/videos/202402/01/447499701/original/(m=eaAaGwObaaamqv)(mh=SaO_OIfKTILYIpHB)7.jpg;https://ei.phncdn.com/videos/202402/01/447499701/original/(m=eaAaGwObaaamqv)(mh=SaO_OIfKTILYIpHB)8.jpg;https://ei.phncdn.com/videos/202402/01/447499701/original/(m=eaAaGwObaaamqv)(mh=SaO_OIfKTILYIpHB)9.jpg;https://ei.phncdn.com/videos/202402/01/447499701/original/(m=eaAaGwObaaamqv)(mh=SaO_OIfKTILYIpHB)10.jpg;https://ei.phncdn.com/videos/202402/01/447499701/original/(m=eaAaGwObaaamqv)(mh=SaO_OIfKTILYIpHB)11.jpg;https://ei.phncdn.com/videos/202402/01/447499701/original/(m=eaAaGwObaaamqv)(mh=SaO_OIfKTILYIpHB)12.jpg;https://ei.phncdn.com/videos/202402/01/447499701/original/(m=eaAaGwObaaamqv)(mh=SaO_OIfKTILYIpHB)13.jpg;https://ei.phncdn.com/videos/202402/01/447499701/original/(m=eaAaGwObaaamqv)(mh=SaO_OIfKTILYIpHB)14.jpg;https://ei.phncdn.com/videos/202402/01/447499701/original/(m=eaAaGwObaaamqv)(mh=SaO_OIfKTILYIpHB)15.jpg;https://ei.phncdn.com/videos/202402/01/447499701/original/(m=eaAaGwObaaamqv)(mh=SaO_OIfKTILYIpHB)16.jpg
<iframe src="https://www.pornhub.com/embed/65ce2d69db944" frameborder="0" height="481" width="608" scrolling="no"></iframe>|https://ei.phncdn.com/videos/202402/15/448192091/original/(m=eaf8GgaaaWavb)(mh=NcYm_MOCz5y7UjW7)1.jpg|https://ei.phncdn.com/videos/202402/15/448192091/original/(m=eaf8GgaaaWavb)(mh=NcYm_MOCz5y7UjW7)1.jpg;https://ei.phncdn.com/videos/202402/15/448192091/original/(m=eaf8GgaaaWavb)(mh=NcYm_MOCz5y7UjW7)2.jpg;https://ei.phncdn.com/videos/202402/15/448192091/original/(m=eaf8GgaaaWavb)(mh=NcYm_MOCz5y7UjW7)3.jpg;https://ei.phncdn.com/videos/202402/15/448192091/original/(m=eaf8GgaaaWavb)(mh=NcYm_MOCz5y7UjW7)4.jpg;https://ei.phncdn.com/videos/202402/15/448192091/original/(m=eaf8GgaaaWavb)(mh=NcYm_MOCz5y7UjW7)5.jpg;https://ei.phncdn.com/videos/202402/15/448192091/original/(m=eaf8GgaaaWavb)(mh=NcYm_MOCz5y7UjW7)6.jpg;https://ei.phncdn.com/videos/202402/15/448192091/original/(m=eaf8GgaaaWavb)(mh=NcYm_MOCz5y7UjW7)7.jpg;https://ei.phncdn.com/videos/202402/15/448192091/original/(m=eaf8GgaaaWavb)(mh=NcYm_MOCz5y7UjW7)8.jpg;https://ei.phncdn.com/videos/202402/15/448192091/original/(m=eaf8GgaaaWavb)(mh=NcYm_MOCz5y7UjW7)9.jpg;https://ei.phncdn.com/videos/202402/15/448192091/original/(m=eaf8GgaaaWavb)(mh=NcYm_MOCz5y7UjW7)10.jpg;https://ei.phncdn.com/videos/202402/15/448192091/original/(m=eaf8GgaaaWavb)(mh=NcYm_MOCz5y7UjW7)11.jpg;https://ei.phncdn.com/videos/202402/15/448192091/original/(m=eaf8GgaaaWavb)(mh=NcYm_MOCz5y7UjW7)12.jpg;https://ei.phncdn.com/videos/202402/15/448192091/original/(m=eaf8GgaaaWavb)(mh=NcYm_MOCz5y7UjW7)13.jpg;https://ei.phncdn.com/videos/202402/15/448192091/original/(m=eaf8GgaaaWavb)(mh=NcYm_MOCz5y7UjW7)14.jpg;https://ei.phncdn.com/videos/202402/15/448192091/original/(m=eaf8GgaaaWavb)(mh=NcYm_MOCz5y7UjW7)15.jpg;https://ei.phncdn.com/videos/202402/15/448192091/original/(m=eaf8GgaaaWavb)(mh=NcYm_MOCz5y7UjW7)16.jpg|Testing….|360-Vr;virtual-reality-360|Virtual Reality;Exclusive;Verified Amateurs;Solo Female||18|142|0|1|https://ei.phncdn.com/videos/202402/15/448192091/original/(m=eaAaGwObaaamqv)(mh=Pric6gKR-R3KZLV2)1.jpg|https://ei.phncdn.com/videos/202402/15/448192091/original/(m=eaAaGwObaaamqv)(mh=Pric6gKR-R3KZLV2)1.jpg;https://ei.phncdn.com/videos/202402/15/448192091/original/(m=eaAaGwObaaamqv)(mh=Pric6gKR-R3KZLV2)2.jpg;https://ei.phncdn.com/videos/202402/15/448192091/original/(m=eaAaGwObaaamqv)(mh=Pric6gKR-R3KZLV2)3.jpg;https://ei.phncdn.com/videos/202402/15/448192091/original/(m=eaAaGwObaaamqv)(mh=Pric6gKR-R3KZLV2)4.jpg;https://ei.phncdn.com/videos/202402/15/448192091/original/(m=eaAaGwObaaamqv)(mh=Pric6gKR-R3KZLV2)5.jpg;https://ei.phncdn.com/videos/202402/15/448192091/original/(m=eaAaGwObaaamqv)(mh=Pric6gKR-R3KZLV2)6.jpg;https://ei.phncdn.com/videos/202402/15/448192091/original/(m=eaAaGwObaaamqv)(mh=Pric6gKR-R3KZLV2)7.jpg;https://ei.phncdn.com/videos/202402/15/448192091/original/(m=eaAaGwObaaamqv)(mh=Pric6gKR-R3KZLV2)8.jpg;https://ei.phncdn.com/videos/202402/15/448192091/original/(m=eaAaGwObaaamqv)(mh=Pric6gKR-R3KZLV2)9.jpg;https://ei.phncdn.com/videos/202402/15/448192091/original/(m=eaAaGwObaaamqv)(mh=Pric6gKR-R3KZLV2)10.jpg;https://ei.phncdn.com/videos/202402/15/448192091/original/(m=eaAaGwObaaamqv)(mh=Pric6gKR-R3KZLV2)11.jpg;https://ei.phncdn.com/videos/202402/15/448192091/original/(m=eaAaGwObaaamqv)(mh=Pric6gKR-R3KZLV2)12.jpg;https://ei.phncdn.com/videos/202402/15/448192091/original/(m=eaAaGwObaaamqv)(mh=Pric6gKR-R3KZLV2)13.jpg;https://ei.phncdn.com/videos/202402/15/448192091/original/(m=eaAaGwObaaamqv)(mh=Pric6gKR-R3KZLV2)14.jpg;https://ei.phncdn.com/videos/202402/15/448192091/original/(m=eaAaGwObaaamqv)(mh=Pric6gKR-R3KZLV2)15.jpg;https://ei.phncdn.com/videos/202402/15/448192091/original/(m=eaAaGwObaaamqv)(mh=Pric6gKR-R3KZLV2)16.jpg
<iframe src="https://www.pornhub.com/embed/663678daae32c" frameborder="0" height="481" width="608" scrolling="no"></iframe>|https://ei.phncdn.com/videos/202405/04/452007821/original/(m=eaf8GgaaaWavb)(mh=WdW22WY-O0RXlYVy)2.jpg|https://ei.phncdn.com/videos/202405/04/452007821/original/(m=eaf8GgaaaWavb)(mh=WdW22WY-O0RXlYVy)1.jpg;https://ei.phncdn.com/videos/202405/04/452007821/original/(m=eaf8GgaaaWavb)(mh=WdW22WY-O0RXlYVy)2.jpg;https://ei.phncdn.com/videos/202405/04/452007821/original/(m=eaf8GgaaaWavb)(mh=WdW22WY-O0RXlYVy)3.jpg;https://ei.phncdn.com/videos/202405/04/452007821/original/(m=eaf8GgaaaWavb)(mh=WdW22WY-O0RXlYVy)4.jpg;https://ei.phncdn.com/videos/202405/04/452007821/original/(m=eaf8GgaaaWavb)(mh=WdW22WY-O0RXlYVy)5.jpg;https://ei.phncdn.com/videos/202405/04/452007821/original/(m=eaf8GgaaaWavb)(mh=WdW22WY-O0RXlYVy)6.jpg;https://ei.phncdn.com/videos/202405/04/452007821/original/(m=eaf8GgaaaWavb)(mh=WdW22WY-O0RXlYVy)7.jpg;https://ei.phncdn.com/videos/202405/04/452007821/original/(m=eaf8GgaaaWavb)(mh=WdW22WY-O0RXlYVy)8.jpg;https://ei.phncdn.com/videos/202405/04/452007821/original/(m=eaf8GgaaaWavb)(mh=WdW22WY-O0RXlYVy)9.jpg;https://ei.phncdn.com/videos/202405/04/452007821/original/(m=eaf8GgaaaWavb)(mh=WdW22WY-O0RXlYVy)10.jpg;https://ei.phncdn.com/videos/202405/04/452007821/original/(m=eaf8GgaaaWavb)(mh=WdW22WY-O0RXlYVy)11.jpg;https://ei.phncdn.com/videos/202405/04/452007821/original/(m=eaf8GgaaaWavb)(mh=WdW22WY-O0RXlYVy)12.jpg;https://ei.phncdn.com/videos/202405/04/452007821/original/(m=eaf8GgaaaWavb)(mh=WdW22WY-O0RXlYVy)13.jpg;https://ei.phncdn.com/videos/202405/04/452007821/original/(m=eaf8GgaaaWavb)(mh=WdW22WY-O0RXlYVy)14.jpg;https://ei.phncdn.com/videos/202405/04/452007821/original/(m=eaf8GgaaaWavb)(mh=WdW22WY-O0RXlYVy)15.jpg;https://ei.phncdn.com/videos/202405/04/452007821/original/(m=eaf8GgaaaWavb)(mh=WdW22WY-O0RXlYVy)16.jpg|True Confessions of a Smoker pt2|smoking-fetish;smoking;milf-smoking;sexy-smoker;old-smoker;lesbian-smoker;smoking-lesbian;confession;confessional;story;smoking-girls;smoking-girl;smoking-women;smoking-woman;woman-smoking;girl-smoking|Virtual Reality;Verified Amateurs;SFW||528|1599|8|1|https://ei.phncdn.com/videos/202405/04/452007821/original/(m=eaAaGwObaaamqv)(mh=1Vlg2XMWH4g4NmCB)2.jpg|https://ei.phncdn.com/videos/202405/04/452007821/original/(m=eaAaGwObaaamqv)(mh=1Vlg2XMWH4g4NmCB)1.jpg;https://ei.phncdn.com/videos/202405/04/452007821/original/(m=eaAaGwObaaamqv)(mh=1Vlg2XMWH4g4NmCB)2.jpg;https://ei.phncdn.com/videos/202405/04/452007821/original/(m=eaAaGwObaaamqv)(mh=1Vlg2XMWH4g4NmCB)3.jpg;https://ei.phncdn.com/videos/202405/04/452007821/original/(m=eaAaGwObaaamqv)(mh=1Vlg2XMWH4g4NmCB)4.jpg;https://ei.phncdn.com/videos/202405/04/452007821/original/(m=eaAaGwObaaamqv)(mh=1Vlg2XMWH4g4NmCB)5.jpg;https://ei.phncdn.com/videos/202405/04/452007821/original/(m=eaAaGwObaaamqv)(mh=1Vlg2XMWH4g4NmCB)6.jpg;https://ei.phncdn.com/videos/202405/04/452007821/original/(m=eaAaGwObaaamqv)(mh=1Vlg2XMWH4g4NmCB)7.jpg;https://ei.phncdn.com/videos/202405/04/452007821/original/(m=eaAaGwObaaamqv)(mh=1Vlg2XMWH4g4NmCB)8.jpg;https://ei.phncdn.com/videos/202405/04/452007821/original/(m=eaAaGwObaaamqv)(mh=1Vlg2XMWH4g4NmCB)9.jpg;https://ei.phncdn.com/videos/202405/04/452007821/original/(m=eaAaGwObaaamqv)(mh=1Vlg2XMWH4g4NmCB)10.jpg;https://ei.phncdn.com/videos/202405/04/452007821/original/(m=eaAaGwObaaamqv)(mh=1Vlg2XMWH4g4NmCB)11.jpg;https://ei.phncdn.com/videos/202405/04/452007821/original/(m=eaAaGwObaaamqv)(mh=1Vlg2XMWH4g4NmCB)12.jpg;https://ei.phncdn.com/videos/202405/04/452007821/original/(m=eaAaGwObaaamqv)(mh=1Vlg2XMWH4g4NmCB)13.jpg;https://ei.phncdn.com/videos/202405/04/452007821/original/(m=eaAaGwObaaamqv)(mh=1Vlg2XMWH4g4NmCB)14.jpg;https://ei.phncdn.com/videos/202405/04/452007821/original/(m=eaAaGwObaaamqv)(mh=1Vlg2XMWH4g4NmCB)15.jpg;https://ei.phncdn.com/videos/202405/04/452007821/original/(m=eaAaGwObaaamqv)(mh=1Vlg2XMWH4g4NmCB)16.jpg
<iframe src="https://www.pornhub.com/embed/66a6f24daca65" frameborder="0" height="481" width="608" scrolling="no"></iframe>|https://ei.phncdn.com/videos/202407/29/455775591/original/(m=eaf8GgaaaWavb)(mh=RbmKguAp-KKBorQ7)1.jpg|https://ei.phncdn.com/videos/202407/29/455775591/original/(m=eaf8GgaaaWavb)(mh=RbmKguAp-KKBorQ7)1.jpg;https://ei.phncdn.com/videos/202407/29/455775591/original/(m=eaf8GgaaaWavb)(mh=RbmKguAp-KKBorQ7)2.jpg;https://ei.phncdn.com/videos/202407/29/455775591/original/(m=eaf8GgaaaWavb)(mh=RbmKguAp-KKBorQ7)3.jpg;https://ei.phncdn.com/videos/202407/29/455775591/original/(m=eaf8GgaaaWavb)(mh=RbmKguAp-KKBorQ7)4.jpg;https://ei.phncdn.com/videos/202407/29/455775591/original/(m=eaf8GgaaaWavb)(mh=RbmKguAp-KKBorQ7)5.jpg;https://ei.phncdn.com/videos/202407/29/455775591/original/(m=eaf8GgaaaWavb)(mh=RbmKguAp-KKBorQ7)6.jpg;https://ei.phncdn.com/videos/202407/29/455775591/original/(m=eaf8GgaaaWavb)(mh=RbmKguAp-KKBorQ7)7.jpg;https://ei.phncdn.com/videos/202407/29/455775591/original/(m=eaf8GgaaaWavb)(mh=RbmKguAp-KKBorQ7)8.jpg;https://ei.phncdn.com/videos/202407/29/455775591/original/(m=eaf8GgaaaWavb)(mh=RbmKguAp-KKBorQ7)9.jpg;https://ei.phncdn.com/videos/202407/29/455775591/original/(m=eaf8GgaaaWavb)(mh=RbmKguAp-KKBorQ7)10.jpg;https://ei.phncdn.com/videos/202407/29/455775591/original/(m=eaf8GgaaaWavb)(mh=RbmKguAp-KKBorQ7)11.jpg;https://ei.phncdn.com/videos/202407/29/455775591/original/(m=eaf8GgaaaWavb)(mh=RbmKguAp-KKBorQ7)12.jpg;https://ei.phncdn.com/videos/202407/29/455775591/original/(m=eaf8GgaaaWavb)(mh=RbmKguAp-KKBorQ7)13.jpg;https://ei.phncdn.com/videos/202407/29/455775591/original/(m=eaf8GgaaaWavb)(mh=RbmKguAp-KKBorQ7)14.jpg;https://ei.phncdn.com/videos/202407/29/455775591/original/(m=eaf8GgaaaWavb)(mh=RbmKguAp-KKBorQ7)15.jpg;https://ei.phncdn.com/videos/202407/29/455775591/original/(m=eaf8GgaaaWavb)(mh=RbmKguAp-KKBorQ7)16.jpg|Sex on the Beach - Crystal River, Second Life|second-life;virtual-sex;virtual-porn;beach-sex|Virtual Reality;Romantic||47|53|||https://ei.phncdn.com/videos/202407/29/455775591/original/(m=eaAaGwObaaamqv)(mh=XLM0HaLxJyVIGfsb)1.jpg|https://ei.phncdn.com/videos/202407/29/455775591/original/(m=eaAaGwObaaamqv)(mh=XLM0HaLxJyVIGfsb)1.jpg;https://ei.phncdn.com/videos/202407/29/455775591/original/(m=eaAaGwObaaamqv)(mh=XLM0HaLxJyVIGfsb)2.jpg;https://ei.phncdn.com/videos/202407/29/455775591/original/(m=eaAaGwObaaamqv)(mh=XLM0HaLxJyVIGfsb)3.jpg;https://ei.phncdn.com/videos/202407/29/455775591/original/(m=eaAaGwObaaamqv)(mh=XLM0HaLxJyVIGfsb)4.jpg;https://ei.phncdn.com/videos/202407/29/455775591/original/(m=eaAaGwObaaamqv)(mh=XLM0HaLxJyVIGfsb)5.jpg;https://ei.phncdn.com/videos/202407/29/455775591/original/(m=eaAaGwObaaamqv)(mh=XLM0HaLxJyVIGfsb)6.jpg;https://ei.phncdn.com/videos/202407/29/455775591/original/(m=eaAaGwObaaamqv)(mh=XLM0HaLxJyVIGfsb)7.jpg;https://ei.phncdn.com/videos/202407/29/455775591/original/(m=eaAaGwObaaamqv)(mh=XLM0HaLxJyVIGfsb)8.jpg;https://ei.phncdn.com/videos/202407/29/455775591/original/(m=eaAaGwObaaamqv)(mh=XLM0HaLxJyVIGfsb)9.jpg;https://ei.phncdn.com/videos/202407/29/455775591/original/(m=eaAaGwObaaamqv)(mh=XLM0HaLxJyVIGfsb)10.jpg;https://ei.phncdn.com/videos/202407/29/455775591/original/(m=eaAaGwObaaamqv)(mh=XLM0HaLxJyVIGfsb)11.jpg;https://ei.phncdn.com/videos/202407/29/455775591/original/(m=eaAaGwObaaamqv)(mh=XLM0HaLxJyVIGfsb)12.jpg;https://ei.phncdn.com/videos/202407/29/455775591/original/(m=eaAaGwObaaamqv)(mh=XLM0HaLxJyVIGfsb)13.jpg;https://ei.phncdn.com/videos/202407/29/455775591/original/(m=eaAaGwObaaamqv)(mh=XLM0HaLxJyVIGfsb)14.jpg;https://ei.phncdn.com/videos/202407/29/455775591/original/(m=eaAaGwObaaamqv)(mh=XLM0HaLxJyVIGfsb)15.jpg;https://ei.phncdn.com/videos/202407/29/455775591/original/(m=eaAaGwObaaamqv)(mh=XLM0HaLxJyVIGfsb)16.jpg
<iframe src="https://www.pornhub.com/embed/673a16532bcf8" frameborder="0" height="481" width="608" scrolling="no"></iframe>|https://ei.phncdn.com/videos/202411/17/460652381/original/(m=eaf8GgaaaWavb)(mh=TmVAEqoRpbVW4MDN)4.jpg|https://ei.phncdn.com/videos/202411/17/460652381/original/(m=eaf8GgaaaWavb)(mh=TmVAEqoRpbVW4MDN)1.jpg;https://ei.phncdn.com/videos/202411/17/460652381/original/(m=eaf8GgaaaWavb)(mh=TmVAEqoRpbVW4MDN)2.jpg;https://ei.phncdn.com/videos/202411/17/460652381/original/(m=eaf8GgaaaWavb)(mh=TmVAEqoRpbVW4MDN)3.jpg;https://ei.phncdn.com/videos/202411/17/460652381/original/(m=eaf8GgaaaWavb)(mh=TmVAEqoRpbVW4MDN)4.jpg;https://ei.phncdn.com/videos/202411/17/460652381/original/(m=eaf8GgaaaWavb)(mh=TmVAEqoRpbVW4MDN)5.jpg;https://ei.phncdn.com/videos/202411/17/460652381/original/(m=eaf8GgaaaWavb)(mh=TmVAEqoRpbVW4MDN)6.jpg;https://ei.phncdn.com/videos/202411/17/460652381/original/(m=eaf8GgaaaWavb)(mh=TmVAEqoRpbVW4MDN)7.jpg;https://ei.phncdn.com/videos/202411/17/460652381/original/(m=eaf8GgaaaWavb)(mh=TmVAEqoRpbVW4MDN)8.jpg;https://ei.phncdn.com/videos/202411/17/460652381/original/(m=eaf8GgaaaWavb)(mh=TmVAEqoRpbVW4MDN)9.jpg;https://ei.phncdn.com/videos/202411/17/460652381/original/(m=eaf8GgaaaWavb)(mh=TmVAEqoRpbVW4MDN)10.jpg;https://ei.phncdn.com/videos/202411/17/460652381/original/(m=eaf8GgaaaWavb)(mh=TmVAEqoRpbVW4MDN)11.jpg;https://ei.phncdn.com/videos/202411/17/460652381/original/(m=eaf8GgaaaWavb)(mh=TmVAEqoRpbVW4MDN)12.jpg;https://ei.phncdn.com/videos/202411/17/460652381/original/(m=eaf8GgaaaWavb)(mh=TmVAEqoRpbVW4MDN)13.jpg;https://ei.phncdn.com/videos/202411/17/460652381/original/(m=eaf8GgaaaWavb)(mh=TmVAEqoRpbVW4MDN)14.jpg;https://ei.phncdn.com/videos/202411/17/460652381/original/(m=eaf8GgaaaWavb)(mh=TmVAEqoRpbVW4MDN)15.jpg;https://ei.phncdn.com/videos/202411/17/460652381/original/(m=eaf8GgaaaWavb)(mh=TmVAEqoRpbVW4MDN)16.jpg|GameVR ViRo Playspace "Cap 1 DEMO"|realidad-virtual;vr-porn;juegos-porno;juegos-sexuales;juegos-hentai;virales|Virtual Reality;Gaming||422|604|1|0|https://ei.phncdn.com/videos/202411/17/460652381/original/(m=eaAaGwObaaamqv)(mh=lGI33BadSt7yMBH8)4.jpg|https://ei.phncdn.com/videos/202411/17/460652381/original/(m=eaAaGwObaaamqv)(mh=lGI33BadSt7yMBH8)1.jpg;https://ei.phncdn.com/videos/202411/17/460652381/original/(m=eaAaGwObaaamqv)(mh=lGI33BadSt7yMBH8)2.jpg;https://ei.phncdn.com/videos/202411/17/460652381/original/(m=eaAaGwObaaamqv)(mh=lGI33BadSt7yMBH8)3.jpg;https://ei.phncdn.com/videos/202411/17/460652381/original/(m=eaAaGwObaaamqv)(mh=lGI33BadSt7yMBH8)4.jpg;https://ei.phncdn.com/videos/202411/17/460652381/original/(m=eaAaGwObaaamqv)(mh=lGI33BadSt7yMBH8)5.jpg;https://ei.phncdn.com/videos/202411/17/460652381/original/(m=eaAaGwObaaamqv)(mh=lGI33BadSt7yMBH8)6.jpg;https://ei.phncdn.com/videos/202411/17/460652381/original/(m=eaAaGwObaaamqv)(mh=lGI33BadSt7yMBH8)7.jpg;https://ei.phncdn.com/videos/202411/17/460652381/original/(m=eaAaGwObaaamqv)(mh=lGI33BadSt7yMBH8)8.jpg;https://ei.phncdn.com/videos/202411/17/460652381/original/(m=eaAaGwObaaamqv)(mh=lGI33BadSt7yMBH8)9.jpg;https://ei.phncdn.com/videos/202411/17/460652381/original/(m=eaAaGwObaaamqv)(mh=lGI33BadSt7yMBH8)10.jpg;https://ei.phncdn.com/videos/202411/17/460652381/original/(m=eaAaGwObaaamqv)(mh=lGI33BadSt7yMBH8)11.jpg;https://ei.phncdn.com/videos/202411/17/460652381/original/(m=eaAaGwObaaamqv)(mh=lGI33BadSt7yMBH8)12.jpg;https://ei.phncdn.com/videos/202411/17/460652381/original/(m=eaAaGwObaaamqv)(mh=lGI33BadSt7yMBH8)13.jpg;https://ei.phncdn.com/videos/202411/17/460652381/original/(m=eaAaGwObaaamqv)(mh=lGI33BadSt7yMBH8)14.jpg;https://ei.phncdn.com/videos/202411/17/460652381/original/(m=eaAaGwObaaamqv)(mh=lGI33BadSt7yMBH8)15.jpg;https://ei.phncdn.com/videos/202411/17/460652381/original/(m=eaAaGwObaaamqv)(mh=lGI33BadSt7yMBH8)16.jpg
<iframe src="https://www.pornhub.com/embed/67551503024ff" frameborder="0" height="481" width="608" scrolling="no"></iframe>|https://ei.phncdn.com/videos/202412/08/461575891/original/(m=eaf8GgaaaWavb)(mh=E58pBOU4SBO0e6MJ)10.jpg|https://ei.phncdn.com/videos/202412/08/461575891/original/(m=eaf8GgaaaWavb)(mh=E58pBOU4SBO0e6MJ)1.jpg;https://ei.phncdn.com/videos/202412/08/461575891/original/(m=eaf8GgaaaWavb)(mh=E58pBOU4SBO0e6MJ)2.jpg;https://ei.phncdn.com/videos/202412/08/461575891/original/(m=eaf8GgaaaWavb)(mh=E58pBOU4SBO0e6MJ)3.jpg;https://ei.phncdn.com/videos/202412/08/461575891/original/(m=eaf8GgaaaWavb)(mh=E58pBOU4SBO0e6MJ)4.jpg;https://ei.phncdn.com/videos/202412/08/461575891/original/(m=eaf8GgaaaWavb)(mh=E58pBOU4SBO0e6MJ)5.jpg;https://ei.phncdn.com/videos/202412/08/461575891/original/(m=eaf8GgaaaWavb)(mh=E58pBOU4SBO0e6MJ)6.jpg;https://ei.phncdn.com/videos/202412/08/461575891/original/(m=eaf8GgaaaWavb)(mh=E58pBOU4SBO0e6MJ)7.jpg;https://ei.phncdn.com/videos/202412/08/461575891/original/(m=eaf8GgaaaWavb)(mh=E58pBOU4SBO0e6MJ)8.jpg;https://ei.phncdn.com/videos/202412/08/461575891/original/(m=eaf8GgaaaWavb)(mh=E58pBOU4SBO0e6MJ)9.jpg;https://ei.phncdn.com/videos/202412/08/461575891/original/(m=eaf8GgaaaWavb)(mh=E58pBOU4SBO0e6MJ)10.jpg;https://ei.phncdn.com/videos/202412/08/461575891/original/(m=eaf8GgaaaWavb)(mh=E58pBOU4SBO0e6MJ)11.jpg;https://ei.phncdn.com/videos/202412/08/461575891/original/(m=eaf8GgaaaWavb)(mh=E58pBOU4SBO0e6MJ)12.jpg;https://ei.phncdn.com/videos/202412/08/461575891/original/(m=eaf8GgaaaWavb)(mh=E58pBOU4SBO0e6MJ)13.jpg;https://ei.phncdn.com/videos/202412/08/461575891/original/(m=eaf8GgaaaWavb)(mh=E58pBOU4SBO0e6MJ)14.jpg;https://ei.phncdn.com/videos/202412/08/461575891/original/(m=eaf8GgaaaWavb)(mh=E58pBOU4SBO0e6MJ)15.jpg;https://ei.phncdn.com/videos/202412/08/461575891/original/(m=eaf8GgaaaWavb)(mh=E58pBOU4SBO0e6MJ)16.jpg|Me amateur|mature-amateur;real|Virtual Reality;Exclusive;Verified Amateurs;Behind The Scenes;Vertical Video||4|1|||https://ei.phncdn.com/videos/202412/08/461575891/original/(m=eaAaGwObaaamqv)(mh=zsSwielR5n0AflDC)10.jpg|https://ei.phncdn.com/videos/202412/08/461575891/original/(m=eaAaGwObaaamqv)(mh=zsSwielR5n0AflDC)1.jpg;https://ei.phncdn.com/videos/202412/08/461575891/original/(m=eaAaGwObaaamqv)(mh=zsSwielR5n0AflDC)2.jpg;https://ei.phncdn.com/videos/202412/08/461575891/original/(m=eaAaGwObaaamqv)(mh=zsSwielR5n0AflDC)3.jpg;https://ei.phncdn.com/videos/202412/08/461575891/original/(m=eaAaGwObaaamqv)(mh=zsSwielR5n0AflDC)4.jpg;https://ei.phncdn.com/videos/202412/08/461575891/original/(m=eaAaGwObaaamqv)(mh=zsSwielR5n0AflDC)5.jpg;https://ei.phncdn.com/videos/202412/08/461575891/original/(m=eaAaGwObaaamqv)(mh=zsSwielR5n0AflDC)6.jpg;https://ei.phncdn.com/videos/202412/08/461575891/original/(m=eaAaGwObaaamqv)(mh=zsSwielR5n0AflDC)7.jpg;https://ei.phncdn.com/videos/202412/08/461575891/original/(m=eaAaGwObaaamqv)(mh=zsSwielR5n0AflDC)8.jpg;https://ei.phncdn.com/videos/202412/08/461575891/original/(m=eaAaGwObaaamqv)(mh=zsSwielR5n0AflDC)9.jpg;https://ei.phncdn.com/videos/202412/08/461575891/original/(m=eaAaGwObaaamqv)(mh=zsSwielR5n0AflDC)10.jpg;https://ei.phncdn.com/videos/202412/08/461575891/original/(m=eaAaGwObaaamqv)(mh=zsSwielR5n0AflDC)11.jpg;https://ei.phncdn.com/videos/202412/08/461575891/original/(m=eaAaGwObaaamqv)(mh=zsSwielR5n0AflDC)12.jpg;https://ei.phncdn.com/videos/202412/08/461575891/original/(m=eaAaGwObaaamqv)(mh=zsSwielR5n0AflDC)13.jpg;https://ei.phncdn.com/videos/202412/08/461575891/original/(m=eaAaGwObaaamqv)(mh=zsSwielR5n0AflDC)14.jpg;https://ei.phncdn.com/videos/202412/08/461575891/original/(m=eaAaGwObaaamqv)(mh=zsSwielR5n0AflDC)15.jpg;https://ei.phncdn.com/videos/202412/08/461575891/original/(m=eaAaGwObaaamqv)(mh=zsSwielR5n0AflDC)16.jpg
<iframe src="https://www.pornhub.com/embed/675af00ad2ba6" frameborder="0" height="481" width="608" scrolling="no"></iframe>|https://ei.phncdn.com/videos/202412/12/461766345/original/(m=eaf8GgaaaWavb)(mh=5VnFen9t4t7nN1sA)11.jpg|https://ei.phncdn.com/videos/202412/12/461766345/original/(m=eaf8GgaaaWavb)(mh=5VnFen9t4t7nN1sA)1.jpg;https://ei.phncdn.com/videos/202412/12/461766345/original/(m=eaf8GgaaaWavb)(mh=5VnFen9t4t7nN1sA)2.jpg;https://ei.phncdn.com/videos/202412/12/461766345/original/(m=eaf8GgaaaWavb)(mh=5VnFen9t4t7nN1sA)3.jpg;https://ei.phncdn.com/videos/202412/12/461766345/original/(m=eaf8GgaaaWavb)(mh=5VnFen9t4t7nN1sA)4.jpg;https://ei.phncdn.com/videos/202412/12/461766345/original/(m=eaf8GgaaaWavb)(mh=5VnFen9t4t7nN1sA)5.jpg;https://ei.phncdn.com/videos/202412/12/461766345/original/(m=eaf8GgaaaWavb)(mh=5VnFen9t4t7nN1sA)6.jpg;https://ei.phncdn.com/videos/202412/12/461766345/original/(m=eaf8GgaaaWavb)(mh=5VnFen9t4t7nN1sA)7.jpg;https://ei.phncdn.com/videos/202412/12/461766345/original/(m=eaf8GgaaaWavb)(mh=5VnFen9t4t7nN1sA)8.jpg;https://ei.phncdn.com/videos/202412/12/461766345/original/(m=eaf8GgaaaWavb)(mh=5VnFen9t4t7nN1sA)9.jpg;https://ei.phncdn.com/videos/202412/12/461766345/original/(m=eaf8GgaaaWavb)(mh=5VnFen9t4t7nN1sA)10.jpg;https://ei.phncdn.com/videos/202412/12/461766345/original/(m=eaf8GgaaaWavb)(mh=5VnFen9t4t7nN1sA)11.jpg;https://ei.phncdn.com/videos/202412/12/461766345/original/(m=eaf8GgaaaWavb)(mh=5VnFen9t4t7nN1sA)12.jpg;https://ei.phncdn.com/videos/202412/12/461766345/original/(m=eaf8GgaaaWavb)(mh=5VnFen9t4t7nN1sA)13.jpg;https://ei.phncdn.com/videos/202412/12/461766345/original/(m=eaf8GgaaaWavb)(mh=5VnFen9t4t7nN1sA)14.jpg;https://ei.phncdn.com/videos/202412/12/461766345/original/(m=eaf8GgaaaWavb)(mh=5VnFen9t4t7nN1sA)15.jpg;https://ei.phncdn.com/videos/202412/12/461766345/original/(m=eaf8GgaaaWavb)(mh=5VnFen9t4t7nN1sA)16.jpg|This is fine damn coffee|coffee;espresso|Virtual Reality||1221|14|||https://ei.phncdn.com/videos/202412/12/461766345/original/(m=eaAaGwObaaamqv)(mh=M-n41jxsNxmWKOiI)11.jpg|https://ei.phncdn.com/videos/202412/12/461766345/original/(m=eaAaGwObaaamqv)(mh=M-n41jxsNxmWKOiI)1.jpg;https://ei.phncdn.com/videos/202412/12/461766345/original/(m=eaAaGwObaaamqv)(mh=M-n41jxsNxmWKOiI)2.jpg;https://ei.phncdn.com/videos/202412/12/461766345/original/(m=eaAaGwObaaamqv)(mh=M-n41jxsNxmWKOiI)3.jpg;https://ei.phncdn.com/videos/202412/12/461766345/original/(m=eaAaGwObaaamqv)(mh=M-n41jxsNxmWKOiI)4.jpg;https://ei.phncdn.com/videos/202412/12/461766345/original/(m=eaAaGwObaaamqv)(mh=M-n41jxsNxmWKOiI)5.jpg;https://ei.phncdn.com/videos/202412/12/461766345/original/(m=eaAaGwObaaamqv)(mh=M-n41jxsNxmWKOiI)6.jpg;https://ei.phncdn.com/videos/202412/12/461766345/original/(m=eaAaGwObaaamqv)(mh=M-n41jxsNxmWKOiI)7.jpg;https://ei.phncdn.com/videos/202412/12/461766345/original/(m=eaAaGwObaaamqv)(mh=M-n41jxsNxmWKOiI)8.jpg;https://ei.phncdn.com/videos/202412/12/461766345/original/(m=eaAaGwObaaamqv)(mh=M-n41jxsNxmWKOiI)9.jpg;https://ei.phncdn.com/videos/202412/12/461766345/original/(m=eaAaGwObaaamqv)(mh=M-n41jxsNxmWKOiI)10.jpg;https://ei.phncdn.com/videos/202412/12/461766345/original/(m=eaAaGwObaaamqv)(mh=M-n41jxsNxmWKOiI)11.jpg;https://ei.phncdn.com/videos/202412/12/461766345/original/(m=eaAaGwObaaamqv)(mh=M-n41jxsNxmWKOiI)12.jpg;https://ei.phncdn.com/videos/202412/12/461766345/original/(m=eaAaGwObaaamqv)(mh=M-n41jxsNxmWKOiI)13.jpg;https://ei.phncdn.com/videos/202412/12/461766345/original/(m=eaAaGwObaaamqv)(mh=M-n41jxsNxmWKOiI)14.jpg;https://ei.phncdn.com/videos/202412/12/461766345/original/(m=eaAaGwObaaamqv)(mh=M-n41jxsNxmWKOiI)15.jpg;https://ei.phncdn.com/videos/202412/12/461766345/original/(m=eaAaGwObaaamqv)(mh=M-n41jxsNxmWKOiI)16.jpg
<iframe src="https://www.pornhub.com/embed/6773278346f0c" frameborder="0" height="481" width="608" scrolling="no"></iframe>|https://ei.phncdn.com/videos/202412/30/462539811/original/(m=eaf8GgaaaWavb)(mh=23EduQGOCy7DJqgq)12.jpg|https://ei.phncdn.com/videos/202412/30/462539811/original/(m=eaf8GgaaaWavb)(mh=23EduQGOCy7DJqgq)1.jpg;https://ei.phncdn.com/videos/202412/30/462539811/original/(m=eaf8GgaaaWavb)(mh=23EduQGOCy7DJqgq)2.jpg;https://ei.phncdn.com/videos/202412/30/462539811/original/(m=eaf8GgaaaWavb)(mh=23EduQGOCy7DJqgq)3.jpg;https://ei.phncdn.com/videos/202412/30/462539811/original/(m=eaf8GgaaaWavb)(mh=23EduQGOCy7DJqgq)4.jpg;https://ei.phncdn.com/videos/202412/30/462539811/original/(m=eaf8GgaaaWavb)(mh=23EduQGOCy7DJqgq)5.jpg;https://ei.phncdn.com/videos/202412/30/462539811/original/(m=eaf8GgaaaWavb)(mh=23EduQGOCy7DJqgq)6.jpg;https://ei.phncdn.com/videos/202412/30/462539811/original/(m=eaf8GgaaaWavb)(mh=23EduQGOCy7DJqgq)7.jpg;https://ei.phncdn.com/videos/202412/30/462539811/original/(m=eaf8GgaaaWavb)(mh=23EduQGOCy7DJqgq)8.jpg;https://ei.phncdn.com/videos/202412/30/462539811/original/(m=eaf8GgaaaWavb)(mh=23EduQGOCy7DJqgq)9.jpg;https://ei.phncdn.com/videos/202412/30/462539811/original/(m=eaf8GgaaaWavb)(mh=23EduQGOCy7DJqgq)10.jpg;https://ei.phncdn.com/videos/202412/30/462539811/original/(m=eaf8GgaaaWavb)(mh=23EduQGOCy7DJqgq)11.jpg;https://ei.phncdn.com/videos/202412/30/462539811/original/(m=eaf8GgaaaWavb)(mh=23EduQGOCy7DJqgq)12.jpg;https://ei.phncdn.com/videos/202412/30/462539811/original/(m=eaf8GgaaaWavb)(mh=23EduQGOCy7DJqgq)13.jpg;https://ei.phncdn.com/videos/202412/30/462539811/original/(m=eaf8GgaaaWavb)(mh=23EduQGOCy7DJqgq)14.jpg;https://ei.phncdn.com/videos/202412/30/462539811/original/(m=eaf8GgaaaWavb)(mh=23EduQGOCy7DJqgq)15.jpg;https://ei.phncdn.com/videos/202412/30/462539811/original/(m=eaf8GgaaaWavb)(mh=23EduQGOCy7DJqgq)16.jpg|Mi cuñada le gusta masturbar con sus pies|feet;feet-fetish;feet-joi;masturbate;pajas;latina;onlyfans-venezolana|Virtual Reality;Exclusive;Music;Verified Amateurs||363|128|||https://ei.phncdn.com/videos/202412/30/462539811/original/(m=eaAaGwObaaamqv)(mh=CVbvG--4oITGR_Tv)12.jpg|https://ei.phncdn.com/videos/202412/30/462539811/original/(m=eaAaGwObaaamqv)(mh=CVbvG--4oITGR_Tv)1.jpg;https://ei.phncdn.com/videos/202412/30/462539811/original/(m=eaAaGwObaaamqv)(mh=CVbvG--4oITGR_Tv)2.jpg;https://ei.phncdn.com/videos/202412/30/462539811/original/(m=eaAaGwObaaamqv)(mh=CVbvG--4oITGR_Tv)3.jpg;https://ei.phncdn.com/videos/202412/30/462539811/original/(m=eaAaGwObaaamqv)(mh=CVbvG--4oITGR_Tv)4.jpg;https://ei.phncdn.com/videos/202412/30/462539811/original/(m=eaAaGwObaaamqv)(mh=CVbvG--4oITGR_Tv)5.jpg;https://ei.phncdn.com/videos/202412/30/462539811/original/(m=eaAaGwObaaamqv)(mh=CVbvG--4oITGR_Tv)6.jpg;https://ei.phncdn.com/videos/202412/30/462539811/original/(m=eaAaGwObaaamqv)(mh=CVbvG--4oITGR_Tv)7.jpg;https://ei.phncdn.com/videos/202412/30/462539811/original/(m=eaAaGwObaaamqv)(mh=CVbvG--4oITGR_Tv)8.jpg;https://ei.phncdn.com/videos/202412/30/462539811/original/(m=eaAaGwObaaamqv)(mh=CVbvG--4oITGR_Tv)9.jpg;https://ei.phncdn.com/videos/202412/30/462539811/original/(m=eaAaGwObaaamqv)(mh=CVbvG--4oITGR_Tv)10.jpg;https://ei.phncdn.com/videos/202412/30/462539811/original/(m=eaAaGwObaaamqv)(mh=CVbvG--4oITGR_Tv)11.jpg;https://ei.phncdn.com/videos/202412/30/462539811/original/(m=eaAaGwObaaamqv)(mh=CVbvG--4oITGR_Tv)12.jpg;https://ei.phncdn.com/videos/202412/30/462539811/original/(m=eaAaGwObaaamqv)(mh=CVbvG--4oITGR_Tv)13.jpg;https://ei.phncdn.com/videos/202412/30/462539811/original/(m=eaAaGwObaaamqv)(mh=CVbvG--4oITGR_Tv)14.jpg;https://ei.phncdn.com/videos/202412/30/462539811/original/(m=eaAaGwObaaamqv)(mh=CVbvG--4oITGR_Tv)15.jpg;https://ei.phncdn.com/videos/202412/30/462539811/original/(m=eaAaGwObaaamqv)(mh=CVbvG--4oITGR_Tv)16.jpg
<iframe src="https://www.pornhub.com/embed/686b1ebfea57f" frameborder="0" height="481" width="608" scrolling="no"></iframe>|https://ei.phncdn.com/videos/202507/07/14657125/original/(m=eaf8GgaaaWavb)(mh=PPrr_xH12O1PZdr2)6.jpg|https://ei.phncdn.com/videos/202507/07/14657125/original/(m=eaf8GgaaaWavb)(mh=PPrr_xH12O1PZdr2)1.jpg;https://ei.phncdn.com/videos/202507/07/14657125/original/(m=eaf8GgaaaWavb)(mh=PPrr_xH12O1PZdr2)2.jpg;https://ei.phncdn.com/videos/202507/07/14657125/original/(m=eaf8GgaaaWavb)(mh=PPrr_xH12O1PZdr2)3.jpg;https://ei.phncdn.com/videos/202507/07/14657125/original/(m=eaf8GgaaaWavb)(mh=PPrr_xH12O1PZdr2)4.jpg;https://ei.phncdn.com/videos/202507/07/14657125/original/(m=eaf8GgaaaWavb)(mh=PPrr_xH12O1PZdr2)5.jpg;https://ei.phncdn.com/videos/202507/07/14657125/original/(m=eaf8GgaaaWavb)(mh=PPrr_xH12O1PZdr2)6.jpg;https://ei.phncdn.com/videos/202507/07/14657125/original/(m=eaf8GgaaaWavb)(mh=PPrr_xH12O1PZdr2)7.jpg;https://ei.phncdn.com/videos/202507/07/14657125/original/(m=eaf8GgaaaWavb)(mh=PPrr_xH12O1PZdr2)8.jpg;https://ei.phncdn.com/videos/202507/07/14657125/original/(m=eaf8GgaaaWavb)(mh=PPrr_xH12O1PZdr2)9.jpg;https://ei.phncdn.com/videos/202507/07/14657125/original/(m=eaf8GgaaaWavb)(mh=PPrr_xH12O1PZdr2)10.jpg;https://ei.phncdn.com/videos/202507/07/14657125/original/(m=eaf8GgaaaWavb)(mh=PPrr_xH12O1PZdr2)11.jpg;https://ei.phncdn.com/videos/202507/07/14657125/original/(m=eaf8GgaaaWavb)(mh=PPrr_xH12O1PZdr2)12.jpg;https://ei.phncdn.com/videos/202507/07/14657125/original/(m=eaf8GgaaaWavb)(mh=PPrr_xH12O1PZdr2)13.jpg;https://ei.phncdn.com/videos/202507/07/14657125/original/(m=eaf8GgaaaWavb)(mh=PPrr_xH12O1PZdr2)14.jpg;https://ei.phncdn.com/videos/202507/07/14657125/original/(m=eaf8GgaaaWavb)(mh=PPrr_xH12O1PZdr2)15.jpg;https://ei.phncdn.com/videos/202507/07/14657125/original/(m=eaf8GgaaaWavb)(mh=PPrr_xH12O1PZdr2)16.jpg|Svakom Jordan Review - Vibrating And Thrusting Buttplug - Butt Plug - UKDAZZZ|svakom;svakom-jordan;svakom-review;vibrating-butt-plug;butt-plug;sex-toy-review;sex-toy-testing;sex-toys;sex-toys-for-men;sex-toys-men;sextoys;sex-toy;toy-review;vibrator-review;review;male-sex-toy-review|Virtual Reality;Verified Amateurs||665|1283|2|0|https://ei.phncdn.com/videos/202507/07/14657125/original/(m=eaAaGwObaaamqv)(mh=ptDw-ElmdivKLIkB)6.jpg|https://ei.phncdn.com/videos/202507/07/14657125/original/(m=eaAaGwObaaamqv)(mh=ptDw-ElmdivKLIkB)1.jpg;https://ei.phncdn.com/videos/202507/07/14657125/original/(m=eaAaGwObaaamqv)(mh=ptDw-ElmdivKLIkB)2.jpg;https://ei.phncdn.com/videos/202507/07/14657125/original/(m=eaAaGwObaaamqv)(mh=ptDw-ElmdivKLIkB)3.jpg;https://ei.phncdn.com/videos/202507/07/14657125/original/(m=eaAaGwObaaamqv)(mh=ptDw-ElmdivKLIkB)4.jpg;https://ei.phncdn.com/videos/202507/07/14657125/original/(m=eaAaGwObaaamqv)(mh=ptDw-ElmdivKLIkB)5.jpg;https://ei.phncdn.com/videos/202507/07/14657125/original/(m=eaAaGwObaaamqv)(mh=ptDw-ElmdivKLIkB)6.jpg;https://ei.phncdn.com/videos/202507/07/14657125/original/(m=eaAaGwObaaamqv)(mh=ptDw-ElmdivKLIkB)7.jpg;https://ei.phncdn.com/videos/202507/07/14657125/original/(m=eaAaGwObaaamqv)(mh=ptDw-ElmdivKLIkB)8.jpg;https://ei.phncdn.com/videos/202507/07/14657125/original/(m=eaAaGwObaaamqv)(mh=ptDw-ElmdivKLIkB)9.jpg;https://ei.phncdn.com/videos/202507/07/14657125/original/(m=eaAaGwObaaamqv)(mh=ptDw-ElmdivKLIkB)10.jpg;https://ei.phncdn.com/videos/202507/07/14657125/original/(m=eaAaGwObaaamqv)(mh=ptDw-ElmdivKLIkB)11.jpg;https://ei.phncdn.com/videos/202507/07/14657125/original/(m=eaAaGwObaaamqv)(mh=ptDw-ElmdivKLIkB)12.jpg;https://ei.phncdn.com/videos/202507/07/14657125/original/(m=eaAaGwObaaamqv)(mh=ptDw-ElmdivKLIkB)13.jpg;https://ei.phncdn.com/videos/202507/07/14657125/original/(m=eaAaGwObaaamqv)(mh=ptDw-ElmdivKLIkB)14.jpg;https://ei.phncdn.com/videos/202507/07/14657125/original/(m=eaAaGwObaaamqv)(mh=ptDw-ElmdivKLIkB)15.jpg;https://ei.phncdn.com/videos/202507/07/14657125/original/(m=eaAaGwObaaamqv)(mh=ptDw-ElmdivKLIkB)16.jpg
<iframe src="https://www.pornhub.com/embed/68819fce63992" frameborder="0" height="481" width="608" scrolling="no"></iframe>|https://ei.phncdn.com/videos/202507/24/16943775/original/(m=eaf8GgaaaWavb)(mh=eQv8Y6lrnlBubybo)10.jpg|https://ei.phncdn.com/videos/202507/24/16943775/original/(m=eaf8GgaaaWavb)(mh=eQv8Y6lrnlBubybo)1.jpg;https://ei.phncdn.com/videos/202507/24/16943775/original/(m=eaf8GgaaaWavb)(mh=eQv8Y6lrnlBubybo)2.jpg;https://ei.phncdn.com/videos/202507/24/16943775/original/(m=eaf8GgaaaWavb)(mh=eQv8Y6lrnlBubybo)3.jpg;https://ei.phncdn.com/videos/202507/24/16943775/original/(m=eaf8GgaaaWavb)(mh=eQv8Y6lrnlBubybo)4.jpg;https://ei.phncdn.com/videos/202507/24/16943775/original/(m=eaf8GgaaaWavb)(mh=eQv8Y6lrnlBubybo)5.jpg;https://ei.phncdn.com/videos/202507/24/16943775/original/(m=eaf8GgaaaWavb)(mh=eQv8Y6lrnlBubybo)6.jpg;https://ei.phncdn.com/videos/202507/24/16943775/original/(m=eaf8GgaaaWavb)(mh=eQv8Y6lrnlBubybo)7.jpg;https://ei.phncdn.com/videos/202507/24/16943775/original/(m=eaf8GgaaaWavb)(mh=eQv8Y6lrnlBubybo)8.jpg;https://ei.phncdn.com/videos/202507/24/16943775/original/(m=eaf8GgaaaWavb)(mh=eQv8Y6lrnlBubybo)9.jpg;https://ei.phncdn.com/videos/202507/24/16943775/original/(m=eaf8GgaaaWavb)(mh=eQv8Y6lrnlBubybo)10.jpg;https://ei.phncdn.com/videos/202507/24/16943775/original/(m=eaf8GgaaaWavb)(mh=eQv8Y6lrnlBubybo)11.jpg;https://ei.phncdn.com/videos/202507/24/16943775/original/(m=eaf8GgaaaWavb)(mh=eQv8Y6lrnlBubybo)12.jpg;https://ei.phncdn.com/videos/202507/24/16943775/original/(m=eaf8GgaaaWavb)(mh=eQv8Y6lrnlBubybo)13.jpg;https://ei.phncdn.com/videos/202507/24/16943775/original/(m=eaf8GgaaaWavb)(mh=eQv8Y6lrnlBubybo)14.jpg;https://ei.phncdn.com/videos/202507/24/16943775/original/(m=eaf8GgaaaWavb)(mh=eQv8Y6lrnlBubybo)15.jpg;https://ei.phncdn.com/videos/202507/24/16943775/original/(m=eaf8GgaaaWavb)(mh=eQv8Y6lrnlBubybo)16.jpg|Casada mostrando a buceta no banho, mijo gostoso|banheiro;banho;exibicionista;xixi;mijando|Virtual Reality;Exclusive;Verified Amateurs;Solo Female||679|8281|270|22|https://ei.phncdn.com/videos/202507/24/16943775/original/(m=eaAaGwObaaamqv)(mh=ARte1LYMDiSkW_ls)10.jpg|https://ei.phncdn.com/videos/202507/24/16943775/original/(m=eaAaGwObaaamqv)(mh=ARte1LYMDiSkW_ls)1.jpg;https://ei.phncdn.com/videos/202507/24/16943775/original/(m=eaAaGwObaaamqv)(mh=ARte1LYMDiSkW_ls)2.jpg;https://ei.phncdn.com/videos/202507/24/16943775/original/(m=eaAaGwObaaamqv)(mh=ARte1LYMDiSkW_ls)3.jpg;https://ei.phncdn.com/videos/202507/24/16943775/original/(m=eaAaGwObaaamqv)(mh=ARte1LYMDiSkW_ls)4.jpg;https://ei.phncdn.com/videos/202507/24/16943775/original/(m=eaAaGwObaaamqv)(mh=ARte1LYMDiSkW_ls)5.jpg;https://ei.phncdn.com/videos/202507/24/16943775/original/(m=eaAaGwObaaamqv)(mh=ARte1LYMDiSkW_ls)6.jpg;https://ei.phncdn.com/videos/202507/24/16943775/original/(m=eaAaGwObaaamqv)(mh=ARte1LYMDiSkW_ls)7.jpg;https://ei.phncdn.com/videos/202507/24/16943775/original/(m=eaAaGwObaaamqv)(mh=ARte1LYMDiSkW_ls)8.jpg;https://ei.phncdn.com/videos/202507/24/16943775/original/(m=eaAaGwObaaamqv)(mh=ARte1LYMDiSkW_ls)9.jpg;https://ei.phncdn.com/videos/202507/24/16943775/original/(m=eaAaGwObaaamqv)(mh=ARte1LYMDiSkW_ls)10.jpg;https://ei.phncdn.com/videos/202507/24/16943775/original/(m=eaAaGwObaaamqv)(mh=ARte1LYMDiSkW_ls)11.jpg;https://ei.phncdn.com/videos/202507/24/16943775/original/(m=eaAaGwObaaamqv)(mh=ARte1LYMDiSkW_ls)12.jpg;https://ei.phncdn.com/videos/202507/24/16943775/original/(m=eaAaGwObaaamqv)(mh=ARte1LYMDiSkW_ls)13.jpg;https://ei.phncdn.com/videos/202507/24/16943775/original/(m=eaAaGwObaaamqv)(mh=ARte1LYMDiSkW_ls)14.jpg;https://ei.phncdn.com/videos/202507/24/16943775/original/(m=eaAaGwObaaamqv)(mh=ARte1LYMDiSkW_ls)15.jpg;https://ei.phncdn.com/videos/202507/24/16943775/original/(m=eaAaGwObaaamqv)(mh=ARte1LYMDiSkW_ls)16.jpg
<iframe src="https://www.pornhub.com/embed/69190d6cee01e" frameborder="0" height="481" width="608" scrolling="no"></iframe>|https://ei.phncdn.com/videos/202511/15/29814125/original/(m=eaf8GgaaaWavb)(mh=6aKRzSbZic4zShSk)12.jpg|https://ei.phncdn.com/videos/202511/15/29814125/original/(m=eaf8GgaaaWavb)(mh=6aKRzSbZic4zShSk)1.jpg;https://ei.phncdn.com/videos/202511/15/29814125/original/(m=eaf8GgaaaWavb)(mh=6aKRzSbZic4zShSk)2.jpg;https://ei.phncdn.com/videos/202511/15/29814125/original/(m=eaf8GgaaaWavb)(mh=6aKRzSbZic4zShSk)3.jpg;https://ei.phncdn.com/videos/202511/15/29814125/original/(m=eaf8GgaaaWavb)(mh=6aKRzSbZic4zShSk)4.jpg;https://ei.phncdn.com/videos/202511/15/29814125/original/(m=eaf8GgaaaWavb)(mh=6aKRzSbZic4zShSk)5.jpg;https://ei.phncdn.com/videos/202511/15/29814125/original/(m=eaf8GgaaaWavb)(mh=6aKRzSbZic4zShSk)6.jpg;https://ei.phncdn.com/videos/202511/15/29814125/original/(m=eaf8GgaaaWavb)(mh=6aKRzSbZic4zShSk)7.jpg;https://ei.phncdn.com/videos/202511/15/29814125/original/(m=eaf8GgaaaWavb)(mh=6aKRzSbZic4zShSk)8.jpg;https://ei.phncdn.com/videos/202511/15/29814125/original/(m=eaf8GgaaaWavb)(mh=6aKRzSbZic4zShSk)9.jpg;https://ei.phncdn.com/videos/202511/15/29814125/original/(m=eaf8GgaaaWavb)(mh=6aKRzSbZic4zShSk)10.jpg;https://ei.phncdn.com/videos/202511/15/29814125/original/(m=eaf8GgaaaWavb)(mh=6aKRzSbZic4zShSk)11.jpg;https://ei.phncdn.com/videos/202511/15/29814125/original/(m=eaf8GgaaaWavb)(mh=6aKRzSbZic4zShSk)12.jpg;https://ei.phncdn.com/videos/202511/15/29814125/original/(m=eaf8GgaaaWavb)(mh=6aKRzSbZic4zShSk)13.jpg;https://ei.phncdn.com/videos/202511/15/29814125/original/(m=eaf8GgaaaWavb)(mh=6aKRzSbZic4zShSk)14.jpg;https://ei.phncdn.com/videos/202511/15/29814125/original/(m=eaf8GgaaaWavb)(mh=6aKRzSbZic4zShSk)15.jpg;https://ei.phncdn.com/videos/202511/15/29814125/original/(m=eaf8GgaaaWavb)(mh=6aKRzSbZic4zShSk)16.jpg|Upload1440pVR_2025/11/15|hard-rough-sex;cum|Virtual Reality||600|15|||https://ei.phncdn.com/videos/202511/15/29814125/original/(m=eaAaGwObaaamqv)(mh=eqiStH8X3hgSingp)12.jpg|https://ei.phncdn.com/videos/202511/15/29814125/original/(m=eaAaGwObaaamqv)(mh=eqiStH8X3hgSingp)1.jpg;https://ei.phncdn.com/videos/202511/15/29814125/original/(m=eaAaGwObaaamqv)(mh=eqiStH8X3hgSingp)2.jpg;https://ei.phncdn.com/videos/202511/15/29814125/original/(m=eaAaGwObaaamqv)(mh=eqiStH8X3hgSingp)3.jpg;https://ei.phncdn.com/videos/202511/15/29814125/original/(m=eaAaGwObaaamqv)(mh=eqiStH8X3hgSingp)4.jpg;https://ei.phncdn.com/videos/202511/15/29814125/original/(m=eaAaGwObaaamqv)(mh=eqiStH8X3hgSingp)5.jpg;https://ei.phncdn.com/videos/202511/15/29814125/original/(m=eaAaGwObaaamqv)(mh=eqiStH8X3hgSingp)6.jpg;https://ei.phncdn.com/videos/202511/15/29814125/original/(m=eaAaGwObaaamqv)(mh=eqiStH8X3hgSingp)7.jpg;https://ei.phncdn.com/videos/202511/15/29814125/original/(m=eaAaGwObaaamqv)(mh=eqiStH8X3hgSingp)8.jpg;https://ei.phncdn.com/videos/202511/15/29814125/original/(m=eaAaGwObaaamqv)(mh=eqiStH8X3hgSingp)9.jpg;https://ei.phncdn.com/videos/202511/15/29814125/original/(m=eaAaGwObaaamqv)(mh=eqiStH8X3hgSingp)10.jpg;https://ei.phncdn.com/videos/202511/15/29814125/original/(m=eaAaGwObaaamqv)(mh=eqiStH8X3hgSingp)11.jpg;https://ei.phncdn.com/videos/202511/15/29814125/original/(m=eaAaGwObaaamqv)(mh=eqiStH8X3hgSingp)12.jpg;https://ei.phncdn.com/videos/202511/15/29814125/original/(m=eaAaGwObaaamqv)(mh=eqiStH8X3hgSingp)13.jpg;https://ei.phncdn.com/videos/202511/15/29814125/original/(m=eaAaGwObaaamqv)(mh=eqiStH8X3hgSingp)14.jpg;https://ei.phncdn.com/videos/202511/15/29814125/original/(m=eaAaGwObaaamqv)(mh=eqiStH8X3hgSingp)15.jpg;https://ei.phncdn.com/videos/202511/15/29814125/original/(m=eaAaGwObaaamqv)(mh=eqiStH8X3hgSingp)16.jpg
<iframe src="https://www.pornhub.com/embed/691b89b665a12" frameborder="0" height="481" width="608" scrolling="no"></iframe>|https://ei.phncdn.com/videos/202511/17/29976675/original/(m=eaf8GgaaaWavb)(mh=eciv7svtMs18lCc2)12.jpg|https://ei.phncdn.com/videos/202511/17/29976675/original/(m=eaf8GgaaaWavb)(mh=eciv7svtMs18lCc2)1.jpg;https://ei.phncdn.com/videos/202511/17/29976675/original/(m=eaf8GgaaaWavb)(mh=eciv7svtMs18lCc2)2.jpg;https://ei.phncdn.com/videos/202511/17/29976675/original/(m=eaf8GgaaaWavb)(mh=eciv7svtMs18lCc2)3.jpg;https://ei.phncdn.com/videos/202511/17/29976675/original/(m=eaf8GgaaaWavb)(mh=eciv7svtMs18lCc2)4.jpg;https://ei.phncdn.com/videos/202511/17/29976675/original/(m=eaf8GgaaaWavb)(mh=eciv7svtMs18lCc2)5.jpg;https://ei.phncdn.com/videos/202511/17/29976675/original/(m=eaf8GgaaaWavb)(mh=eciv7svtMs18lCc2)6.jpg;https://ei.phncdn.com/videos/202511/17/29976675/original/(m=eaf8GgaaaWavb)(mh=eciv7svtMs18lCc2)7.jpg;https://ei.phncdn.com/videos/202511/17/29976675/original/(m=eaf8GgaaaWavb)(mh=eciv7svtMs18lCc2)8.jpg;https://ei.phncdn.com/videos/202511/17/29976675/original/(m=eaf8GgaaaWavb)(mh=eciv7svtMs18lCc2)9.jpg;https://ei.phncdn.com/videos/202511/17/29976675/original/(m=eaf8GgaaaWavb)(mh=eciv7svtMs18lCc2)10.jpg;https://ei.phncdn.com/videos/202511/17/29976675/original/(m=eaf8GgaaaWavb)(mh=eciv7svtMs18lCc2)11.jpg;https://ei.phncdn.com/videos/202511/17/29976675/original/(m=eaf8GgaaaWavb)(mh=eciv7svtMs18lCc2)12.jpg;https://ei.phncdn.com/videos/202511/17/29976675/original/(m=eaf8GgaaaWavb)(mh=eciv7svtMs18lCc2)13.jpg;https://ei.phncdn.com/videos/202511/17/29976675/original/(m=eaf8GgaaaWavb)(mh=eciv7svtMs18lCc2)14.jpg;https://ei.phncdn.com/videos/202511/17/29976675/original/(m=eaf8GgaaaWavb)(mh=eciv7svtMs18lCc2)15.jpg;https://ei.phncdn.com/videos/202511/17/29976675/original/(m=eaf8GgaaaWavb)(mh=eciv7svtMs18lCc2)16.jpg|Alpha Male Cuckold Story|360;latex;virtual-pov;virtual-reality-360|Virtual Reality||360|282|||https://ei.phncdn.com/videos/202511/17/29976675/original/(m=eaAaGwObaaamqv)(mh=i1VziwEvtJ-VXVhf)12.jpg|https://ei.phncdn.com/videos/202511/17/29976675/original/(m=eaAaGwObaaamqv)(mh=i1VziwEvtJ-VXVhf)1.jpg;https://ei.phncdn.com/videos/202511/17/29976675/original/(m=eaAaGwObaaamqv)(mh=i1VziwEvtJ-VXVhf)2.jpg;https://ei.phncdn.com/videos/202511/17/29976675/original/(m=eaAaGwObaaamqv)(mh=i1VziwEvtJ-VXVhf)3.jpg;https://ei.phncdn.com/videos/202511/17/29976675/original/(m=eaAaGwObaaamqv)(mh=i1VziwEvtJ-VXVhf)4.jpg;https://ei.phncdn.com/videos/202511/17/29976675/original/(m=eaAaGwObaaamqv)(mh=i1VziwEvtJ-VXVhf)5.jpg;https://ei.phncdn.com/videos/202511/17/29976675/original/(m=eaAaGwObaaamqv)(mh=i1VziwEvtJ-VXVhf)6.jpg;https://ei.phncdn.com/videos/202511/17/29976675/original/(m=eaAaGwObaaamqv)(mh=i1VziwEvtJ-VXVhf)7.jpg;https://ei.phncdn.com/videos/202511/17/29976675/original/(m=eaAaGwObaaamqv)(mh=i1VziwEvtJ-VXVhf)8.jpg;https://ei.phncdn.com/videos/202511/17/29976675/original/(m=eaAaGwObaaamqv)(mh=i1VziwEvtJ-VXVhf)9.jpg;https://ei.phncdn.com/videos/202511/17/29976675/original/(m=eaAaGwObaaamqv)(mh=i1VziwEvtJ-VXVhf)10.jpg;https://ei.phncdn.com/videos/202511/17/29976675/original/(m=eaAaGwObaaamqv)(mh=i1VziwEvtJ-VXVhf)11.jpg;https://ei.phncdn.com/videos/202511/17/29976675/original/(m=eaAaGwObaaamqv)(mh=i1VziwEvtJ-VXVhf)12.jpg;https://ei.phncdn.com/videos/202511/17/29976675/original/(m=eaAaGwObaaamqv)(mh=i1VziwEvtJ-VXVhf)13.jpg;https://ei.phncdn.com/videos/202511/17/29976675/original/(m=eaAaGwObaaamqv)(mh=i1VziwEvtJ-VXVhf)14.jpg;https://ei.phncdn.com/videos/202511/17/29976675/original/(m=eaAaGwObaaamqv)(mh=i1VziwEvtJ-VXVhf)15.jpg;https://ei.phncdn.com/videos/202511/17/29976675/original/(m=eaAaGwObaaamqv)(mh=i1VziwEvtJ-VXVhf)16.jpg
<iframe src="https://www.pornhub.com/embed/69285438910ef" frameborder="0" height="481" width="608" scrolling="no"></iframe>|https://ei.phncdn.com/videos/202511/27/31030455/original/(m=eaf8GgaaaWavb)(mh=OaGtMcY6GKmzm9K7)12.jpg|https://ei.phncdn.com/videos/202511/27/31030455/original/(m=eaf8GgaaaWavb)(mh=OaGtMcY6GKmzm9K7)1.jpg;https://ei.phncdn.com/videos/202511/27/31030455/original/(m=eaf8GgaaaWavb)(mh=OaGtMcY6GKmzm9K7)2.jpg;https://ei.phncdn.com/videos/202511/27/31030455/original/(m=eaf8GgaaaWavb)(mh=OaGtMcY6GKmzm9K7)3.jpg;https://ei.phncdn.com/videos/202511/27/31030455/original/(m=eaf8GgaaaWavb)(mh=OaGtMcY6GKmzm9K7)4.jpg;https://ei.phncdn.com/videos/202511/27/31030455/original/(m=eaf8GgaaaWavb)(mh=OaGtMcY6GKmzm9K7)5.jpg;https://ei.phncdn.com/videos/202511/27/31030455/original/(m=eaf8GgaaaWavb)(mh=OaGtMcY6GKmzm9K7)6.jpg;https://ei.phncdn.com/videos/202511/27/31030455/original/(m=eaf8GgaaaWavb)(mh=OaGtMcY6GKmzm9K7)7.jpg;https://ei.phncdn.com/videos/202511/27/31030455/original/(m=eaf8GgaaaWavb)(mh=OaGtMcY6GKmzm9K7)8.jpg;https://ei.phncdn.com/videos/202511/27/31030455/original/(m=eaf8GgaaaWavb)(mh=OaGtMcY6GKmzm9K7)9.jpg;https://ei.phncdn.com/videos/202511/27/31030455/original/(m=eaf8GgaaaWavb)(mh=OaGtMcY6GKmzm9K7)10.jpg;https://ei.phncdn.com/videos/202511/27/31030455/original/(m=eaf8GgaaaWavb)(mh=OaGtMcY6GKmzm9K7)11.jpg;https://ei.phncdn.com/videos/202511/27/31030455/original/(m=eaf8GgaaaWavb)(mh=OaGtMcY6GKmzm9K7)12.jpg;https://ei.phncdn.com/videos/202511/27/31030455/original/(m=eaf8GgaaaWavb)(mh=OaGtMcY6GKmzm9K7)13.jpg;https://ei.phncdn.com/videos/202511/27/31030455/original/(m=eaf8GgaaaWavb)(mh=OaGtMcY6GKmzm9K7)14.jpg;https://ei.phncdn.com/videos/202511/27/31030455/original/(m=eaf8GgaaaWavb)(mh=OaGtMcY6GKmzm9K7)15.jpg;https://ei.phncdn.com/videos/202511/27/31030455/original/(m=eaf8GgaaaWavb)(mh=OaGtMcY6GKmzm9K7)16.jpg|Hotel Party Turns in a Threesome|4-some;cock-sucking;gangbang;hard-sex;2-boys-1-girl;pee-in-mouth;deepthroat-swallow;pov|Virtual Reality;Verified Amateurs||360|370|3|0|https://ei.phncdn.com/videos/202511/27/31030455/original/(m=eaAaGwObaaamqv)(mh=-YI-UvSLQvTSTiCW)12.jpg|https://ei.phncdn.com/videos/202511/27/31030455/original/(m=eaAaGwObaaamqv)(mh=-YI-UvSLQvTSTiCW)1.jpg;https://ei.phncdn.com/videos/202511/27/31030455/original/(m=eaAaGwObaaamqv)(mh=-YI-UvSLQvTSTiCW)2.jpg;https://ei.phncdn.com/videos/202511/27/31030455/original/(m=eaAaGwObaaamqv)(mh=-YI-UvSLQvTSTiCW)3.jpg;https://ei.phncdn.com/videos/202511/27/31030455/original/(m=eaAaGwObaaamqv)(mh=-YI-UvSLQvTSTiCW)4.jpg;https://ei.phncdn.com/videos/202511/27/31030455/original/(m=eaAaGwObaaamqv)(mh=-YI-UvSLQvTSTiCW)5.jpg;https://ei.phncdn.com/videos/202511/27/31030455/original/(m=eaAaGwObaaamqv)(mh=-YI-UvSLQvTSTiCW)6.jpg;https://ei.phncdn.com/videos/202511/27/31030455/original/(m=eaAaGwObaaamqv)(mh=-YI-UvSLQvTSTiCW)7.jpg;https://ei.phncdn.com/videos/202511/27/31030455/original/(m=eaAaGwObaaamqv)(mh=-YI-UvSLQvTSTiCW)8.jpg;https://ei.phncdn.com/videos/202511/27/31030455/original/(m=eaAaGwObaaamqv)(mh=-YI-UvSLQvTSTiCW)9.jpg;https://ei.phncdn.com/videos/202511/27/31030455/original/(m=eaAaGwObaaamqv)(mh=-YI-UvSLQvTSTiCW)10.jpg;https://ei.phncdn.com/videos/202511/27/31030455/original/(m=eaAaGwObaaamqv)(mh=-YI-UvSLQvTSTiCW)11.jpg;https://ei.phncdn.com/videos/202511/27/31030455/original/(m=eaAaGwObaaamqv)(mh=-YI-UvSLQvTSTiCW)12.jpg;https://ei.phncdn.com/videos/202511/27/31030455/original/(m=eaAaGwObaaamqv)(mh=-YI-UvSLQvTSTiCW)13.jpg;https://ei.phncdn.com/videos/202511/27/31030455/original/(m=eaAaGwObaaamqv)(mh=-YI-UvSLQvTSTiCW)14.jpg;https://ei.phncdn.com/videos/202511/27/31030455/original/(m=eaAaGwObaaamqv)(mh=-YI-UvSLQvTSTiCW)15.jpg;https://ei.phncdn.com/videos/202511/27/31030455/original/(m=eaAaGwObaaamqv)(mh=-YI-UvSLQvTSTiCW)16.jpg
<iframe src="https://www.pornhub.com/embed/692ccc437f9c2" frameborder="0" height="481" width="608" scrolling="no"></iframe>|https://ei.phncdn.com/videos/202511/30/31332815/original/(m=eaf8GgaaaWavb)(mh=qMKP1QMpHkTzjzyh)12.jpg|https://ei.phncdn.com/videos/202511/30/31332815/original/(m=eaf8GgaaaWavb)(mh=qMKP1QMpHkTzjzyh)1.jpg;https://ei.phncdn.com/videos/202511/30/31332815/original/(m=eaf8GgaaaWavb)(mh=qMKP1QMpHkTzjzyh)2.jpg;https://ei.phncdn.com/videos/202511/30/31332815/original/(m=eaf8GgaaaWavb)(mh=qMKP1QMpHkTzjzyh)3.jpg;https://ei.phncdn.com/videos/202511/30/31332815/original/(m=eaf8GgaaaWavb)(mh=qMKP1QMpHkTzjzyh)4.jpg;https://ei.phncdn.com/videos/202511/30/31332815/original/(m=eaf8GgaaaWavb)(mh=qMKP1QMpHkTzjzyh)5.jpg;https://ei.phncdn.com/videos/202511/30/31332815/original/(m=eaf8GgaaaWavb)(mh=qMKP1QMpHkTzjzyh)6.jpg;https://ei.phncdn.com/videos/202511/30/31332815/original/(m=eaf8GgaaaWavb)(mh=qMKP1QMpHkTzjzyh)7.jpg;https://ei.phncdn.com/videos/202511/30/31332815/original/(m=eaf8GgaaaWavb)(mh=qMKP1QMpHkTzjzyh)8.jpg;https://ei.phncdn.com/videos/202511/30/31332815/original/(m=eaf8GgaaaWavb)(mh=qMKP1QMpHkTzjzyh)9.jpg;https://ei.phncdn.com/videos/202511/30/31332815/original/(m=eaf8GgaaaWavb)(mh=qMKP1QMpHkTzjzyh)10.jpg;https://ei.phncdn.com/videos/202511/30/31332815/original/(m=eaf8GgaaaWavb)(mh=qMKP1QMpHkTzjzyh)11.jpg;https://ei.phncdn.com/videos/202511/30/31332815/original/(m=eaf8GgaaaWavb)(mh=qMKP1QMpHkTzjzyh)12.jpg;https://ei.phncdn.com/videos/202511/30/31332815/original/(m=eaf8GgaaaWavb)(mh=qMKP1QMpHkTzjzyh)13.jpg;https://ei.phncdn.com/videos/202511/30/31332815/original/(m=eaf8GgaaaWavb)(mh=qMKP1QMpHkTzjzyh)14.jpg;https://ei.phncdn.com/videos/202511/30/31332815/original/(m=eaf8GgaaaWavb)(mh=qMKP1QMpHkTzjzyh)15.jpg;https://ei.phncdn.com/videos/202511/30/31332815/original/(m=eaf8GgaaaWavb)(mh=qMKP1QMpHkTzjzyh)16.jpg|Massaging Your Dick With My Pussy|best-blowjob;virtual-pov;virtual-reality;virtual;hard-fuck|Virtual Reality;Verified Amateurs||360|117|||https://ei.phncdn.com/videos/202511/30/31332815/original/(m=eaAaGwObaaamqv)(mh=VjFnZIszUHPtC6EE)12.jpg|https://ei.phncdn.com/videos/202511/30/31332815/original/(m=eaAaGwObaaamqv)(mh=VjFnZIszUHPtC6EE)1.jpg;https://ei.phncdn.com/videos/202511/30/31332815/original/(m=eaAaGwObaaamqv)(mh=VjFnZIszUHPtC6EE)2.jpg;https://ei.phncdn.com/videos/202511/30/31332815/original/(m=eaAaGwObaaamqv)(mh=VjFnZIszUHPtC6EE)3.jpg;https://ei.phncdn.com/videos/202511/30/31332815/original/(m=eaAaGwObaaamqv)(mh=VjFnZIszUHPtC6EE)4.jpg;https://ei.phncdn.com/videos/202511/30/31332815/original/(m=eaAaGwObaaamqv)(mh=VjFnZIszUHPtC6EE)5.jpg;https://ei.phncdn.com/videos/202511/30/31332815/original/(m=eaAaGwObaaamqv)(mh=VjFnZIszUHPtC6EE)6.jpg;https://ei.phncdn.com/videos/202511/30/31332815/original/(m=eaAaGwObaaamqv)(mh=VjFnZIszUHPtC6EE)7.jpg;https://ei.phncdn.com/videos/202511/30/31332815/original/(m=eaAaGwObaaamqv)(mh=VjFnZIszUHPtC6EE)8.jpg;https://ei.phncdn.com/videos/202511/30/31332815/original/(m=eaAaGwObaaamqv)(mh=VjFnZIszUHPtC6EE)9.jpg;https://ei.phncdn.com/videos/202511/30/31332815/original/(m=eaAaGwObaaamqv)(mh=VjFnZIszUHPtC6EE)10.jpg;https://ei.phncdn.com/videos/202511/30/31332815/original/(m=eaAaGwObaaamqv)(mh=VjFnZIszUHPtC6EE)11.jpg;https://ei.phncdn.com/videos/202511/30/31332815/original/(m=eaAaGwObaaamqv)(mh=VjFnZIszUHPtC6EE)12.jpg;https://ei.phncdn.com/videos/202511/30/31332815/original/(m=eaAaGwObaaamqv)(mh=VjFnZIszUHPtC6EE)13.jpg;https://ei.phncdn.com/videos/202511/30/31332815/original/(m=eaAaGwObaaamqv)(mh=VjFnZIszUHPtC6EE)14.jpg;https://ei.phncdn.com/videos/202511/30/31332815/original/(m=eaAaGwObaaamqv)(mh=VjFnZIszUHPtC6EE)15.jpg;https://ei.phncdn.com/videos/202511/30/31332815/original/(m=eaAaGwObaaamqv)(mh=VjFnZIszUHPtC6EE)16.jpg
<iframe src="https://www.pornhub.com/embed/693289e109531" frameborder="0" height="481" width="608" scrolling="no"></iframe>|https://ei.phncdn.com/videos/202512/05/31814665/original/(m=eaf8GgaaaWavb)(mh=sueNHZ33Vw3aalqG)8.jpg|https://ei.phncdn.com/videos/202512/05/31814665/original/(m=eaf8GgaaaWavb)(mh=sueNHZ33Vw3aalqG)1.jpg;https://ei.phncdn.com/videos/202512/05/31814665/original/(m=eaf8GgaaaWavb)(mh=sueNHZ33Vw3aalqG)2.jpg;https://ei.phncdn.com/videos/202512/05/31814665/original/(m=eaf8GgaaaWavb)(mh=sueNHZ33Vw3aalqG)3.jpg;https://ei.phncdn.com/videos/202512/05/31814665/original/(m=eaf8GgaaaWavb)(mh=sueNHZ33Vw3aalqG)4.jpg;https://ei.phncdn.com/videos/202512/05/31814665/original/(m=eaf8GgaaaWavb)(mh=sueNHZ33Vw3aalqG)5.jpg;https://ei.phncdn.com/videos/202512/05/31814665/original/(m=eaf8GgaaaWavb)(mh=sueNHZ33Vw3aalqG)6.jpg;https://ei.phncdn.com/videos/202512/05/31814665/original/(m=eaf8GgaaaWavb)(mh=sueNHZ33Vw3aalqG)7.jpg;https://ei.phncdn.com/videos/202512/05/31814665/original/(m=eaf8GgaaaWavb)(mh=sueNHZ33Vw3aalqG)8.jpg;https://ei.phncdn.com/videos/202512/05/31814665/original/(m=eaf8GgaaaWavb)(mh=sueNHZ33Vw3aalqG)9.jpg;https://ei.phncdn.com/videos/202512/05/31814665/original/(m=eaf8GgaaaWavb)(mh=sueNHZ33Vw3aalqG)10.jpg;https://ei.phncdn.com/videos/202512/05/31814665/original/(m=eaf8GgaaaWavb)(mh=sueNHZ33Vw3aalqG)11.jpg;https://ei.phncdn.com/videos/202512/05/31814665/original/(m=eaf8GgaaaWavb)(mh=sueNHZ33Vw3aalqG)12.jpg;https://ei.phncdn.com/videos/202512/05/31814665/original/(m=eaf8GgaaaWavb)(mh=sueNHZ33Vw3aalqG)13.jpg;https://ei.phncdn.com/videos/202512/05/31814665/original/(m=eaf8GgaaaWavb)(mh=sueNHZ33Vw3aalqG)14.jpg;https://ei.phncdn.com/videos/202512/05/31814665/original/(m=eaf8GgaaaWavb)(mh=sueNHZ33Vw3aalqG)15.jpg;https://ei.phncdn.com/videos/202512/05/31814665/original/(m=eaf8GgaaaWavb)(mh=sueNHZ33Vw3aalqG)16.jpg|Passionate Nights Dasha's Bedroom Temptations|couple-fuck;amateur-threesome;amateur-anal;ball-sucking;blowjob-swallow;amateur-blowjob|Virtual Reality;Verified Amateurs;180°;3D||360|48|||https://ei.phncdn.com/videos/202512/05/31814665/original/(m=eaAaGwObaaamqv)(mh=ncaCfQk3KVxX6Gap)8.jpg|https://ei.phncdn.com/videos/202512/05/31814665/original/(m=eaAaGwObaaamqv)(mh=ncaCfQk3KVxX6Gap)1.jpg;https://ei.phncdn.com/videos/202512/05/31814665/original/(m=eaAaGwObaaamqv)(mh=ncaCfQk3KVxX6Gap)2.jpg;https://ei.phncdn.com/videos/202512/05/31814665/original/(m=eaAaGwObaaamqv)(mh=ncaCfQk3KVxX6Gap)3.jpg;https://ei.phncdn.com/videos/202512/05/31814665/original/(m=eaAaGwObaaamqv)(mh=ncaCfQk3KVxX6Gap)4.jpg;https://ei.phncdn.com/videos/202512/05/31814665/original/(m=eaAaGwObaaamqv)(mh=ncaCfQk3KVxX6Gap)5.jpg;https://ei.phncdn.com/videos/202512/05/31814665/original/(m=eaAaGwObaaamqv)(mh=ncaCfQk3KVxX6Gap)6.jpg;https://ei.phncdn.com/videos/202512/05/31814665/original/(m=eaAaGwObaaamqv)(mh=ncaCfQk3KVxX6Gap)7.jpg;https://ei.phncdn.com/videos/202512/05/31814665/original/(m=eaAaGwObaaamqv)(mh=ncaCfQk3KVxX6Gap)8.jpg;https://ei.phncdn.com/videos/202512/05/31814665/original/(m=eaAaGwObaaamqv)(mh=ncaCfQk3KVxX6Gap)9.jpg;https://ei.phncdn.com/videos/202512/05/31814665/original/(m=eaAaGwObaaamqv)(mh=ncaCfQk3KVxX6Gap)10.jpg;https://ei.phncdn.com/videos/202512/05/31814665/original/(m=eaAaGwObaaamqv)(mh=ncaCfQk3KVxX6Gap)11.jpg;https://ei.phncdn.com/videos/202512/05/31814665/original/(m=eaAaGwObaaamqv)(mh=ncaCfQk3KVxX6Gap)12.jpg;https://ei.phncdn.com/videos/202512/05/31814665/original/(m=eaAaGwObaaamqv)(mh=ncaCfQk3KVxX6Gap)13.jpg;https://ei.phncdn.com/videos/202512/05/31814665/original/(m=eaAaGwObaaamqv)(mh=ncaCfQk3KVxX6Gap)14.jpg;https://ei.phncdn.com/videos/202512/05/31814665/original/(m=eaAaGwObaaamqv)(mh=ncaCfQk3KVxX6Gap)15.jpg;https://ei.phncdn.com/videos/202512/05/31814665/original/(m=eaAaGwObaaamqv)(mh=ncaCfQk3KVxX6Gap)16.jpg
<iframe src="https://www.pornhub.com/embed/69384031e613a" frameborder="0" height="481" width="608" scrolling="no"></iframe>|https://ei.phncdn.com/videos/202512/09/32213235/original/(m=eaf8GgaaaWavb)(mh=cfwTxEnqcmEGb4eD)12.jpg|https://ei.phncdn.com/videos/202512/09/32213235/original/(m=eaf8GgaaaWavb)(mh=cfwTxEnqcmEGb4eD)1.jpg;https://ei.phncdn.com/videos/202512/09/32213235/original/(m=eaf8GgaaaWavb)(mh=cfwTxEnqcmEGb4eD)2.jpg;https://ei.phncdn.com/videos/202512/09/32213235/original/(m=eaf8GgaaaWavb)(mh=cfwTxEnqcmEGb4eD)3.jpg;https://ei.phncdn.com/videos/202512/09/32213235/original/(m=eaf8GgaaaWavb)(mh=cfwTxEnqcmEGb4eD)4.jpg;https://ei.phncdn.com/videos/202512/09/32213235/original/(m=eaf8GgaaaWavb)(mh=cfwTxEnqcmEGb4eD)5.jpg;https://ei.phncdn.com/videos/202512/09/32213235/original/(m=eaf8GgaaaWavb)(mh=cfwTxEnqcmEGb4eD)6.jpg;https://ei.phncdn.com/videos/202512/09/32213235/original/(m=eaf8GgaaaWavb)(mh=cfwTxEnqcmEGb4eD)7.jpg;https://ei.phncdn.com/videos/202512/09/32213235/original/(m=eaf8GgaaaWavb)(mh=cfwTxEnqcmEGb4eD)8.jpg;https://ei.phncdn.com/videos/202512/09/32213235/original/(m=eaf8GgaaaWavb)(mh=cfwTxEnqcmEGb4eD)9.jpg;https://ei.phncdn.com/videos/202512/09/32213235/original/(m=eaf8GgaaaWavb)(mh=cfwTxEnqcmEGb4eD)10.jpg;https://ei.phncdn.com/videos/202512/09/32213235/original/(m=eaf8GgaaaWavb)(mh=cfwTxEnqcmEGb4eD)11.jpg;https://ei.phncdn.com/videos/202512/09/32213235/original/(m=eaf8GgaaaWavb)(mh=cfwTxEnqcmEGb4eD)12.jpg;https://ei.phncdn.com/videos/202512/09/32213235/original/(m=eaf8GgaaaWavb)(mh=cfwTxEnqcmEGb4eD)13.jpg;https://ei.phncdn.com/videos/202512/09/32213235/original/(m=eaf8GgaaaWavb)(mh=cfwTxEnqcmEGb4eD)14.jpg;https://ei.phncdn.com/videos/202512/09/32213235/original/(m=eaf8GgaaaWavb)(mh=cfwTxEnqcmEGb4eD)15.jpg;https://ei.phncdn.com/videos/202512/09/32213235/original/(m=eaf8GgaaaWavb)(mh=cfwTxEnqcmEGb4eD)16.jpg|Upload1440pVR_2025/12/09|hard-rough-sex;cum|Virtual Reality||600|0|||https://ei.phncdn.com/videos/202512/09/32213235/original/(m=eaAaGwObaaamqv)(mh=9BxGir-2J68FoMof)12.jpg|https://ei.phncdn.com/videos/202512/09/32213235/original/(m=eaAaGwObaaamqv)(mh=9BxGir-2J68FoMof)1.jpg;https://ei.phncdn.com/videos/202512/09/32213235/original/(m=eaAaGwObaaamqv)(mh=9BxGir-2J68FoMof)2.jpg;https://ei.phncdn.com/videos/202512/09/32213235/original/(m=eaAaGwObaaamqv)(mh=9BxGir-2J68FoMof)3.jpg;https://ei.phncdn.com/videos/202512/09/32213235/original/(m=eaAaGwObaaamqv)(mh=9BxGir-2J68FoMof)4.jpg;https://ei.phncdn.com/videos/202512/09/32213235/original/(m=eaAaGwObaaamqv)(mh=9BxGir-2J68FoMof)5.jpg;https://ei.phncdn.com/videos/202512/09/32213235/original/(m=eaAaGwObaaamqv)(mh=9BxGir-2J68FoMof)6.jpg;https://ei.phncdn.com/videos/202512/09/32213235/original/(m=eaAaGwObaaamqv)(mh=9BxGir-2J68FoMof)7.jpg;https://ei.phncdn.com/videos/202512/09/32213235/original/(m=eaAaGwObaaamqv)(mh=9BxGir-2J68FoMof)8.jpg;https://ei.phncdn.com/videos/202512/09/32213235/original/(m=eaAaGwObaaamqv)(mh=9BxGir-2J68FoMof)9.jpg;https://ei.phncdn.com/videos/202512/09/32213235/original/(m=eaAaGwObaaamqv)(mh=9BxGir-2J68FoMof)10.jpg;https://ei.phncdn.com/videos/202512/09/32213235/original/(m=eaAaGwObaaamqv)(mh=9BxGir-2J68FoMof)11.jpg;https://ei.phncdn.com/videos/202512/09/32213235/original/(m=eaAaGwObaaamqv)(mh=9BxGir-2J68FoMof)12.jpg;https://ei.phncdn.com/videos/202512/09/32213235/original/(m=eaAaGwObaaamqv)(mh=9BxGir-2J68FoMof)13.jpg;https://ei.phncdn.com/videos/202512/09/32213235/original/(m=eaAaGwObaaamqv)(mh=9BxGir-2J68FoMof)14.jpg;https://ei.phncdn.com/videos/202512/09/32213235/original/(m=eaAaGwObaaamqv)(mh=9BxGir-2J68FoMof)15.jpg;https://ei.phncdn.com/videos/202512/09/32213235/original/(m=eaAaGwObaaamqv)(mh=9BxGir-2J68FoMof)16.jpg
<iframe src="https://www.pornhub.com/embed/6938dc551b56c" frameborder="0" height="481" width="608" scrolling="no"></iframe>|https://ei.phncdn.com/videos/202512/10/32258995/original/(m=eaf8GgaaaWavb)(mh=xBqaFqdH-dL_ZF6j)12.jpg|https://ei.phncdn.com/videos/202512/10/32258995/original/(m=eaf8GgaaaWavb)(mh=xBqaFqdH-dL_ZF6j)1.jpg;https://ei.phncdn.com/videos/202512/10/32258995/original/(m=eaf8GgaaaWavb)(mh=xBqaFqdH-dL_ZF6j)2.jpg;https://ei.phncdn.com/videos/202512/10/32258995/original/(m=eaf8GgaaaWavb)(mh=xBqaFqdH-dL_ZF6j)3.jpg;https://ei.phncdn.com/videos/202512/10/32258995/original/(m=eaf8GgaaaWavb)(mh=xBqaFqdH-dL_ZF6j)4.jpg;https://ei.phncdn.com/videos/202512/10/32258995/original/(m=eaf8GgaaaWavb)(mh=xBqaFqdH-dL_ZF6j)5.jpg;https://ei.phncdn.com/videos/202512/10/32258995/original/(m=eaf8GgaaaWavb)(mh=xBqaFqdH-dL_ZF6j)6.jpg;https://ei.phncdn.com/videos/202512/10/32258995/original/(m=eaf8GgaaaWavb)(mh=xBqaFqdH-dL_ZF6j)7.jpg;https://ei.phncdn.com/videos/202512/10/32258995/original/(m=eaf8GgaaaWavb)(mh=xBqaFqdH-dL_ZF6j)8.jpg;https://ei.phncdn.com/videos/202512/10/32258995/original/(m=eaf8GgaaaWavb)(mh=xBqaFqdH-dL_ZF6j)9.jpg;https://ei.phncdn.com/videos/202512/10/32258995/original/(m=eaf8GgaaaWavb)(mh=xBqaFqdH-dL_ZF6j)10.jpg;https://ei.phncdn.com/videos/202512/10/32258995/original/(m=eaf8GgaaaWavb)(mh=xBqaFqdH-dL_ZF6j)11.jpg;https://ei.phncdn.com/videos/202512/10/32258995/original/(m=eaf8GgaaaWavb)(mh=xBqaFqdH-dL_ZF6j)12.jpg;https://ei.phncdn.com/videos/202512/10/32258995/original/(m=eaf8GgaaaWavb)(mh=xBqaFqdH-dL_ZF6j)13.jpg;https://ei.phncdn.com/videos/202512/10/32258995/original/(m=eaf8GgaaaWavb)(mh=xBqaFqdH-dL_ZF6j)14.jpg;https://ei.phncdn.com/videos/202512/10/32258995/original/(m=eaf8GgaaaWavb)(mh=xBqaFqdH-dL_ZF6j)15.jpg;https://ei.phncdn.com/videos/202512/10/32258995/original/(m=eaf8GgaaaWavb)(mh=xBqaFqdH-dL_ZF6j)16.jpg|Upload1440pVR_2025/12/10|hard-rough-sex;cum|Virtual Reality||600|10|||https://ei.phncdn.com/videos/202512/10/32258995/original/(m=eaAaGwObaaamqv)(mh=y0pAFKeScvBp1ZJw)12.jpg|https://ei.phncdn.com/videos/202512/10/32258995/original/(m=eaAaGwObaaamqv)(mh=y0pAFKeScvBp1ZJw)1.jpg;https://ei.phncdn.com/videos/202512/10/32258995/original/(m=eaAaGwObaaamqv)(mh=y0pAFKeScvBp1ZJw)2.jpg;https://ei.phncdn.com/videos/202512/10/32258995/original/(m=eaAaGwObaaamqv)(mh=y0pAFKeScvBp1ZJw)3.jpg;https://ei.phncdn.com/videos/202512/10/32258995/original/(m=eaAaGwObaaamqv)(mh=y0pAFKeScvBp1ZJw)4.jpg;https://ei.phncdn.com/videos/202512/10/32258995/original/(m=eaAaGwObaaamqv)(mh=y0pAFKeScvBp1ZJw)5.jpg;https://ei.phncdn.com/videos/202512/10/32258995/original/(m=eaAaGwObaaamqv)(mh=y0pAFKeScvBp1ZJw)6.jpg;https://ei.phncdn.com/videos/202512/10/32258995/original/(m=eaAaGwObaaamqv)(mh=y0pAFKeScvBp1ZJw)7.jpg;https://ei.phncdn.com/videos/202512/10/32258995/original/(m=eaAaGwObaaamqv)(mh=y0pAFKeScvBp1ZJw)8.jpg;https://ei.phncdn.com/videos/202512/10/32258995/original/(m=eaAaGwObaaamqv)(mh=y0pAFKeScvBp1ZJw)9.jpg;https://ei.phncdn.com/videos/202512/10/32258995/original/(m=eaAaGwObaaamqv)(mh=y0pAFKeScvBp1ZJw)10.jpg;https://ei.phncdn.com/videos/202512/10/32258995/original/(m=eaAaGwObaaamqv)(mh=y0pAFKeScvBp1ZJw)11.jpg;https://ei.phncdn.com/videos/202512/10/32258995/original/(m=eaAaGwObaaamqv)(mh=y0pAFKeScvBp1ZJw)12.jpg;https://ei.phncdn.com/videos/202512/10/32258995/original/(m=eaAaGwObaaamqv)(mh=y0pAFKeScvBp1ZJw)13.jpg;https://ei.phncdn.com/videos/202512/10/32258995/original/(m=eaAaGwObaaamqv)(mh=y0pAFKeScvBp1ZJw)14.jpg;https://ei.phncdn.com/videos/202512/10/32258995/original/(m=eaAaGwObaaamqv)(mh=y0pAFKeScvBp1ZJw)15.jpg;https://ei.phncdn.com/videos/202512/10/32258995/original/(m=eaAaGwObaaamqv)(mh=y0pAFKeScvBp1ZJw)16.jpg
<iframe src="https://www.pornhub.com/embed/6938e758924e9" frameborder="0" height="481" width="608" scrolling="no"></iframe>|https://ei.phncdn.com/videos/202512/10/32263565/original/(m=eaf8GgaaaWavb)(mh=93_gsDCKN77mdNB6)12.jpg|https://ei.phncdn.com/videos/202512/10/32263565/original/(m=eaf8GgaaaWavb)(mh=93_gsDCKN77mdNB6)1.jpg;https://ei.phncdn.com/videos/202512/10/32263565/original/(m=eaf8GgaaaWavb)(mh=93_gsDCKN77mdNB6)2.jpg;https://ei.phncdn.com/videos/202512/10/32263565/original/(m=eaf8GgaaaWavb)(mh=93_gsDCKN77mdNB6)3.jpg;https://ei.phncdn.com/videos/202512/10/32263565/original/(m=eaf8GgaaaWavb)(mh=93_gsDCKN77mdNB6)4.jpg;https://ei.phncdn.com/videos/202512/10/32263565/original/(m=eaf8GgaaaWavb)(mh=93_gsDCKN77mdNB6)5.jpg;https://ei.phncdn.com/videos/202512/10/32263565/original/(m=eaf8GgaaaWavb)(mh=93_gsDCKN77mdNB6)6.jpg;https://ei.phncdn.com/videos/202512/10/32263565/original/(m=eaf8GgaaaWavb)(mh=93_gsDCKN77mdNB6)7.jpg;https://ei.phncdn.com/videos/202512/10/32263565/original/(m=eaf8GgaaaWavb)(mh=93_gsDCKN77mdNB6)8.jpg;https://ei.phncdn.com/videos/202512/10/32263565/original/(m=eaf8GgaaaWavb)(mh=93_gsDCKN77mdNB6)9.jpg;https://ei.phncdn.com/videos/202512/10/32263565/original/(m=eaf8GgaaaWavb)(mh=93_gsDCKN77mdNB6)10.jpg;https://ei.phncdn.com/videos/202512/10/32263565/original/(m=eaf8GgaaaWavb)(mh=93_gsDCKN77mdNB6)11.jpg;https://ei.phncdn.com/videos/202512/10/32263565/original/(m=eaf8GgaaaWavb)(mh=93_gsDCKN77mdNB6)12.jpg;https://ei.phncdn.com/videos/202512/10/32263565/original/(m=eaf8GgaaaWavb)(mh=93_gsDCKN77mdNB6)13.jpg;https://ei.phncdn.com/videos/202512/10/32263565/original/(m=eaf8GgaaaWavb)(mh=93_gsDCKN77mdNB6)14.jpg;https://ei.phncdn.com/videos/202512/10/32263565/original/(m=eaf8GgaaaWavb)(mh=93_gsDCKN77mdNB6)15.jpg;https://ei.phncdn.com/videos/202512/10/32263565/original/(m=eaf8GgaaaWavb)(mh=93_gsDCKN77mdNB6)16.jpg|Upload1440pVR_2025/12/10|hard-rough-sex;cum|Virtual Reality||600|4|||https://ei.phncdn.com/videos/202512/10/32263565/original/(m=eaAaGwObaaamqv)(mh=4FW_G-xVUSC2ard3)12.jpg|https://ei.phncdn.com/videos/202512/10/32263565/original/(m=eaAaGwObaaamqv)(mh=4FW_G-xVUSC2ard3)1.jpg;https://ei.phncdn.com/videos/202512/10/32263565/original/(m=eaAaGwObaaamqv)(mh=4FW_G-xVUSC2ard3)2.jpg;https://ei.phncdn.com/videos/202512/10/32263565/original/(m=eaAaGwObaaamqv)(mh=4FW_G-xVUSC2ard3)3.jpg;https://ei.phncdn.com/videos/202512/10/32263565/original/(m=eaAaGwObaaamqv)(mh=4FW_G-xVUSC2ard3)4.jpg;https://ei.phncdn.com/videos/202512/10/32263565/original/(m=eaAaGwObaaamqv)(mh=4FW_G-xVUSC2ard3)5.jpg;https://ei.phncdn.com/videos/202512/10/32263565/original/(m=eaAaGwObaaamqv)(mh=4FW_G-xVUSC2ard3)6.jpg;https://ei.phncdn.com/videos/202512/10/32263565/original/(m=eaAaGwObaaamqv)(mh=4FW_G-xVUSC2ard3)7.jpg;https://ei.phncdn.com/videos/202512/10/32263565/original/(m=eaAaGwObaaamqv)(mh=4FW_G-xVUSC2ard3)8.jpg;https://ei.phncdn.com/videos/202512/10/32263565/original/(m=eaAaGwObaaamqv)(mh=4FW_G-xVUSC2ard3)9.jpg;https://ei.phncdn.com/videos/202512/10/32263565/original/(m=eaAaGwObaaamqv)(mh=4FW_G-xVUSC2ard3)10.jpg;https://ei.phncdn.com/videos/202512/10/32263565/original/(m=eaAaGwObaaamqv)(mh=4FW_G-xVUSC2ard3)11.jpg;https://ei.phncdn.com/videos/202512/10/32263565/original/(m=eaAaGwObaaamqv)(mh=4FW_G-xVUSC2ard3)12.jpg;https://ei.phncdn.com/videos/202512/10/32263565/original/(m=eaAaGwObaaamqv)(mh=4FW_G-xVUSC2ard3)13.jpg;https://ei.phncdn.com/videos/202512/10/32263565/original/(m=eaAaGwObaaamqv)(mh=4FW_G-xVUSC2ard3)14.jpg;https://ei.phncdn.com/videos/202512/10/32263565/original/(m=eaAaGwObaaamqv)(mh=4FW_G-xVUSC2ard3)15.jpg;https://ei.phncdn.com/videos/202512/10/32263565/original/(m=eaAaGwObaaamqv)(mh=4FW_G-xVUSC2ard3)16.jpg
<iframe src="https://www.pornhub.com/embed/6939515906ae1" frameborder="0" height="481" width="608" scrolling="no"></iframe>|https://ei.phncdn.com/videos/202512/10/32288915/original/(m=eaf8GgaaaWavb)(mh=joRW6j_HMaQSkBfF)12.jpg|https://ei.phncdn.com/videos/202512/10/32288915/original/(m=eaf8GgaaaWavb)(mh=joRW6j_HMaQSkBfF)1.jpg;https://ei.phncdn.com/videos/202512/10/32288915/original/(m=eaf8GgaaaWavb)(mh=joRW6j_HMaQSkBfF)2.jpg;https://ei.phncdn.com/videos/202512/10/32288915/original/(m=eaf8GgaaaWavb)(mh=joRW6j_HMaQSkBfF)3.jpg;https://ei.phncdn.com/videos/202512/10/32288915/original/(m=eaf8GgaaaWavb)(mh=joRW6j_HMaQSkBfF)4.jpg;https://ei.phncdn.com/videos/202512/10/32288915/original/(m=eaf8GgaaaWavb)(mh=joRW6j_HMaQSkBfF)5.jpg;https://ei.phncdn.com/videos/202512/10/32288915/original/(m=eaf8GgaaaWavb)(mh=joRW6j_HMaQSkBfF)6.jpg;https://ei.phncdn.com/videos/202512/10/32288915/original/(m=eaf8GgaaaWavb)(mh=joRW6j_HMaQSkBfF)7.jpg;https://ei.phncdn.com/videos/202512/10/32288915/original/(m=eaf8GgaaaWavb)(mh=joRW6j_HMaQSkBfF)8.jpg;https://ei.phncdn.com/videos/202512/10/32288915/original/(m=eaf8GgaaaWavb)(mh=joRW6j_HMaQSkBfF)9.jpg;https://ei.phncdn.com/videos/202512/10/32288915/original/(m=eaf8GgaaaWavb)(mh=joRW6j_HMaQSkBfF)10.jpg;https://ei.phncdn.com/videos/202512/10/32288915/original/(m=eaf8GgaaaWavb)(mh=joRW6j_HMaQSkBfF)11.jpg;https://ei.phncdn.com/videos/202512/10/32288915/original/(m=eaf8GgaaaWavb)(mh=joRW6j_HMaQSkBfF)12.jpg;https://ei.phncdn.com/videos/202512/10/32288915/original/(m=eaf8GgaaaWavb)(mh=joRW6j_HMaQSkBfF)13.jpg;https://ei.phncdn.com/videos/202512/10/32288915/original/(m=eaf8GgaaaWavb)(mh=joRW6j_HMaQSkBfF)14.jpg;https://ei.phncdn.com/videos/202512/10/32288915/original/(m=eaf8GgaaaWavb)(mh=joRW6j_HMaQSkBfF)15.jpg;https://ei.phncdn.com/videos/202512/10/32288915/original/(m=eaf8GgaaaWavb)(mh=joRW6j_HMaQSkBfF)16.jpg|Upload1440pVR_2025/12/10|hard-rough-sex;cum|Virtual Reality||600|8|||https://ei.phncdn.com/videos/202512/10/32288915/original/(m=eaAaGwObaaamqv)(mh=NDUF0o6hSyNvlAIg)12.jpg|https://ei.phncdn.com/videos/202512/10/32288915/original/(m=eaAaGwObaaamqv)(mh=NDUF0o6hSyNvlAIg)1.jpg;https://ei.phncdn.com/videos/202512/10/32288915/original/(m=eaAaGwObaaamqv)(mh=NDUF0o6hSyNvlAIg)2.jpg;https://ei.phncdn.com/videos/202512/10/32288915/original/(m=eaAaGwObaaamqv)(mh=NDUF0o6hSyNvlAIg)3.jpg;https://ei.phncdn.com/videos/202512/10/32288915/original/(m=eaAaGwObaaamqv)(mh=NDUF0o6hSyNvlAIg)4.jpg;https://ei.phncdn.com/videos/202512/10/32288915/original/(m=eaAaGwObaaamqv)(mh=NDUF0o6hSyNvlAIg)5.jpg;https://ei.phncdn.com/videos/202512/10/32288915/original/(m=eaAaGwObaaamqv)(mh=NDUF0o6hSyNvlAIg)6.jpg;https://ei.phncdn.com/videos/202512/10/32288915/original/(m=eaAaGwObaaamqv)(mh=NDUF0o6hSyNvlAIg)7.jpg;https://ei.phncdn.com/videos/202512/10/32288915/original/(m=eaAaGwObaaamqv)(mh=NDUF0o6hSyNvlAIg)8.jpg;https://ei.phncdn.com/videos/202512/10/32288915/original/(m=eaAaGwObaaamqv)(mh=NDUF0o6hSyNvlAIg)9.jpg;https://ei.phncdn.com/videos/202512/10/32288915/original/(m=eaAaGwObaaamqv)(mh=NDUF0o6hSyNvlAIg)10.jpg;https://ei.phncdn.com/videos/202512/10/32288915/original/(m=eaAaGwObaaamqv)(mh=NDUF0o6hSyNvlAIg)11.jpg;https://ei.phncdn.com/videos/202512/10/32288915/original/(m=eaAaGwObaaamqv)(mh=NDUF0o6hSyNvlAIg)12.jpg;https://ei.phncdn.com/videos/202512/10/32288915/original/(m=eaAaGwObaaamqv)(mh=NDUF0o6hSyNvlAIg)13.jpg;https://ei.phncdn.com/videos/202512/10/32288915/original/(m=eaAaGwObaaamqv)(mh=NDUF0o6hSyNvlAIg)14.jpg;https://ei.phncdn.com/videos/202512/10/32288915/original/(m=eaAaGwObaaamqv)(mh=NDUF0o6hSyNvlAIg)15.jpg;https://ei.phncdn.com/videos/202512/10/32288915/original/(m=eaAaGwObaaamqv)(mh=NDUF0o6hSyNvlAIg)16.jpg
<iframe src="https://www.pornhub.com/embed/693b619a23846" frameborder="0" height="481" width="608" scrolling="no"></iframe>|https://ei.phncdn.com/videos/202512/12/32456795/original/(m=eaf8GgaaaWavb)(mh=t6Vl2DnFy46FhQB8)12.jpg|https://ei.phncdn.com/videos/202512/12/32456795/original/(m=eaf8GgaaaWavb)(mh=t6Vl2DnFy46FhQB8)1.jpg;https://ei.phncdn.com/videos/202512/12/32456795/original/(m=eaf8GgaaaWavb)(mh=t6Vl2DnFy46FhQB8)2.jpg;https://ei.phncdn.com/videos/202512/12/32456795/original/(m=eaf8GgaaaWavb)(mh=t6Vl2DnFy46FhQB8)3.jpg;https://ei.phncdn.com/videos/202512/12/32456795/original/(m=eaf8GgaaaWavb)(mh=t6Vl2DnFy46FhQB8)4.jpg;https://ei.phncdn.com/videos/202512/12/32456795/original/(m=eaf8GgaaaWavb)(mh=t6Vl2DnFy46FhQB8)5.jpg;https://ei.phncdn.com/videos/202512/12/32456795/original/(m=eaf8GgaaaWavb)(mh=t6Vl2DnFy46FhQB8)6.jpg;https://ei.phncdn.com/videos/202512/12/32456795/original/(m=eaf8GgaaaWavb)(mh=t6Vl2DnFy46FhQB8)7.jpg;https://ei.phncdn.com/videos/202512/12/32456795/original/(m=eaf8GgaaaWavb)(mh=t6Vl2DnFy46FhQB8)8.jpg;https://ei.phncdn.com/videos/202512/12/32456795/original/(m=eaf8GgaaaWavb)(mh=t6Vl2DnFy46FhQB8)9.jpg;https://ei.phncdn.com/videos/202512/12/32456795/original/(m=eaf8GgaaaWavb)(mh=t6Vl2DnFy46FhQB8)10.jpg;https://ei.phncdn.com/videos/202512/12/32456795/original/(m=eaf8GgaaaWavb)(mh=t6Vl2DnFy46FhQB8)11.jpg;https://ei.phncdn.com/videos/202512/12/32456795/original/(m=eaf8GgaaaWavb)(mh=t6Vl2DnFy46FhQB8)12.jpg;https://ei.phncdn.com/videos/202512/12/32456795/original/(m=eaf8GgaaaWavb)(mh=t6Vl2DnFy46FhQB8)13.jpg;https://ei.phncdn.com/videos/202512/12/32456795/original/(m=eaf8GgaaaWavb)(mh=t6Vl2DnFy46FhQB8)14.jpg;https://ei.phncdn.com/videos/202512/12/32456795/original/(m=eaf8GgaaaWavb)(mh=t6Vl2DnFy46FhQB8)15.jpg;https://ei.phncdn.com/videos/202512/12/32456795/original/(m=eaf8GgaaaWavb)(mh=t6Vl2DnFy46FhQB8)16.jpg|Upload1440pVR_2025/12/12|hard-rough-sex;cum|Virtual Reality||600|3|||https://ei.phncdn.com/videos/202512/12/32456795/original/(m=eaAaGwObaaamqv)(mh=PQvwgrUcLuMDFDaO)12.jpg|https://ei.phncdn.com/videos/202512/12/32456795/original/(m=eaAaGwObaaamqv)(mh=PQvwgrUcLuMDFDaO)1.jpg;https://ei.phncdn.com/videos/202512/12/32456795/original/(m=eaAaGwObaaamqv)(mh=PQvwgrUcLuMDFDaO)2.jpg;https://ei.phncdn.com/videos/202512/12/32456795/original/(m=eaAaGwObaaamqv)(mh=PQvwgrUcLuMDFDaO)3.jpg;https://ei.phncdn.com/videos/202512/12/32456795/original/(m=eaAaGwObaaamqv)(mh=PQvwgrUcLuMDFDaO)4.jpg;https://ei.phncdn.com/videos/202512/12/32456795/original/(m=eaAaGwObaaamqv)(mh=PQvwgrUcLuMDFDaO)5.jpg;https://ei.phncdn.com/videos/202512/12/32456795/original/(m=eaAaGwObaaamqv)(mh=PQvwgrUcLuMDFDaO)6.jpg;https://ei.phncdn.com/videos/202512/12/32456795/original/(m=eaAaGwObaaamqv)(mh=PQvwgrUcLuMDFDaO)7.jpg;https://ei.phncdn.com/videos/202512/12/32456795/original/(m=eaAaGwObaaamqv)(mh=PQvwgrUcLuMDFDaO)8.jpg;https://ei.phncdn.com/videos/202512/12/32456795/original/(m=eaAaGwObaaamqv)(mh=PQvwgrUcLuMDFDaO)9.jpg;https://ei.phncdn.com/videos/202512/12/32456795/original/(m=eaAaGwObaaamqv)(mh=PQvwgrUcLuMDFDaO)10.jpg;https://ei.phncdn.com/videos/202512/12/32456795/original/(m=eaAaGwObaaamqv)(mh=PQvwgrUcLuMDFDaO)11.jpg;https://ei.phncdn.com/videos/202512/12/32456795/original/(m=eaAaGwObaaamqv)(mh=PQvwgrUcLuMDFDaO)12.jpg;https://ei.phncdn.com/videos/202512/12/32456795/original/(m=eaAaGwObaaamqv)(mh=PQvwgrUcLuMDFDaO)13.jpg;https://ei.phncdn.com/videos/202512/12/32456795/original/(m=eaAaGwObaaamqv)(mh=PQvwgrUcLuMDFDaO)14.jpg;https://ei.phncdn.com/videos/202512/12/32456795/original/(m=eaAaGwObaaamqv)(mh=PQvwgrUcLuMDFDaO)15.jpg;https://ei.phncdn.com/videos/202512/12/32456795/original/(m=eaAaGwObaaamqv)(mh=PQvwgrUcLuMDFDaO)16.jpg
<iframe src="https://www.pornhub.com/embed/693bdd7e6b4a5" frameborder="0" height="481" width="608" scrolling="no"></iframe>|https://ei.phncdn.com/videos/202512/12/32504325/original/(m=eaf8GgaaaWavb)(mh=AcK37XwBqWjCSrDP)12.jpg|https://ei.phncdn.com/videos/202512/12/32504325/original/(m=eaf8GgaaaWavb)(mh=AcK37XwBqWjCSrDP)1.jpg;https://ei.phncdn.com/videos/202512/12/32504325/original/(m=eaf8GgaaaWavb)(mh=AcK37XwBqWjCSrDP)2.jpg;https://ei.phncdn.com/videos/202512/12/32504325/original/(m=eaf8GgaaaWavb)(mh=AcK37XwBqWjCSrDP)3.jpg;https://ei.phncdn.com/videos/202512/12/32504325/original/(m=eaf8GgaaaWavb)(mh=AcK37XwBqWjCSrDP)4.jpg;https://ei.phncdn.com/videos/202512/12/32504325/original/(m=eaf8GgaaaWavb)(mh=AcK37XwBqWjCSrDP)5.jpg;https://ei.phncdn.com/videos/202512/12/32504325/original/(m=eaf8GgaaaWavb)(mh=AcK37XwBqWjCSrDP)6.jpg;https://ei.phncdn.com/videos/202512/12/32504325/original/(m=eaf8GgaaaWavb)(mh=AcK37XwBqWjCSrDP)7.jpg;https://ei.phncdn.com/videos/202512/12/32504325/original/(m=eaf8GgaaaWavb)(mh=AcK37XwBqWjCSrDP)8.jpg;https://ei.phncdn.com/videos/202512/12/32504325/original/(m=eaf8GgaaaWavb)(mh=AcK37XwBqWjCSrDP)9.jpg;https://ei.phncdn.com/videos/202512/12/32504325/original/(m=eaf8GgaaaWavb)(mh=AcK37XwBqWjCSrDP)10.jpg;https://ei.phncdn.com/videos/202512/12/32504325/original/(m=eaf8GgaaaWavb)(mh=AcK37XwBqWjCSrDP)11.jpg;https://ei.phncdn.com/videos/202512/12/32504325/original/(m=eaf8GgaaaWavb)(mh=AcK37XwBqWjCSrDP)12.jpg;https://ei.phncdn.com/videos/202512/12/32504325/original/(m=eaf8GgaaaWavb)(mh=AcK37XwBqWjCSrDP)13.jpg;https://ei.phncdn.com/videos/202512/12/32504325/original/(m=eaf8GgaaaWavb)(mh=AcK37XwBqWjCSrDP)14.jpg;https://ei.phncdn.com/videos/202512/12/32504325/original/(m=eaf8GgaaaWavb)(mh=AcK37XwBqWjCSrDP)15.jpg;https://ei.phncdn.com/videos/202512/12/32504325/original/(m=eaf8GgaaaWavb)(mh=AcK37XwBqWjCSrDP)16.jpg|Upload1440pVR_2025/12/12|hard-rough-sex;cum|Virtual Reality||600|1|||https://ei.phncdn.com/videos/202512/12/32504325/original/(m=eaAaGwObaaamqv)(mh=GkCdR6S7m-_zo7v3)12.jpg|https://ei.phncdn.com/videos/202512/12/32504325/original/(m=eaAaGwObaaamqv)(mh=GkCdR6S7m-_zo7v3)1.jpg;https://ei.phncdn.com/videos/202512/12/32504325/original/(m=eaAaGwObaaamqv)(mh=GkCdR6S7m-_zo7v3)2.jpg;https://ei.phncdn.com/videos/202512/12/32504325/original/(m=eaAaGwObaaamqv)(mh=GkCdR6S7m-_zo7v3)3.jpg;https://ei.phncdn.com/videos/202512/12/32504325/original/(m=eaAaGwObaaamqv)(mh=GkCdR6S7m-_zo7v3)4.jpg;https://ei.phncdn.com/videos/202512/12/32504325/original/(m=eaAaGwObaaamqv)(mh=GkCdR6S7m-_zo7v3)5.jpg;https://ei.phncdn.com/videos/202512/12/32504325/original/(m=eaAaGwObaaamqv)(mh=GkCdR6S7m-_zo7v3)6.jpg;https://ei.phncdn.com/videos/202512/12/32504325/original/(m=eaAaGwObaaamqv)(mh=GkCdR6S7m-_zo7v3)7.jpg;https://ei.phncdn.com/videos/202512/12/32504325/original/(m=eaAaGwObaaamqv)(mh=GkCdR6S7m-_zo7v3)8.jpg;https://ei.phncdn.com/videos/202512/12/32504325/original/(m=eaAaGwObaaamqv)(mh=GkCdR6S7m-_zo7v3)9.jpg;https://ei.phncdn.com/videos/202512/12/32504325/original/(m=eaAaGwObaaamqv)(mh=GkCdR6S7m-_zo7v3)10.jpg;https://ei.phncdn.com/videos/202512/12/32504325/original/(m=eaAaGwObaaamqv)(mh=GkCdR6S7m-_zo7v3)11.jpg;https://ei.phncdn.com/videos/202512/12/32504325/original/(m=eaAaGwObaaamqv)(mh=GkCdR6S7m-_zo7v3)12.jpg;https://ei.phncdn.com/videos/202512/12/32504325/original/(m=eaAaGwObaaamqv)(mh=GkCdR6S7m-_zo7v3)13.jpg;https://ei.phncdn.com/videos/202512/12/32504325/original/(m=eaAaGwObaaamqv)(mh=GkCdR6S7m-_zo7v3)14.jpg;https://ei.phncdn.com/videos/202512/12/32504325/original/(m=eaAaGwObaaamqv)(mh=GkCdR6S7m-_zo7v3)15.jpg;https://ei.phncdn.com/videos/202512/12/32504325/original/(m=eaAaGwObaaamqv)(mh=GkCdR6S7m-_zo7v3)16.jpg
<iframe src="https://www.pornhub.com/embed/693c64bcdcce8" frameborder="0" height="481" width="608" scrolling="no"></iframe>|https://ei.phncdn.com/videos/202512/12/32544325/original/(m=eaf8GgaaaWavb)(mh=OXntBBUTimkuftDa)12.jpg|https://ei.phncdn.com/videos/202512/12/32544325/original/(m=eaf8GgaaaWavb)(mh=OXntBBUTimkuftDa)1.jpg;https://ei.phncdn.com/videos/202512/12/32544325/original/(m=eaf8GgaaaWavb)(mh=OXntBBUTimkuftDa)2.jpg;https://ei.phncdn.com/videos/202512/12/32544325/original/(m=eaf8GgaaaWavb)(mh=OXntBBUTimkuftDa)3.jpg;https://ei.phncdn.com/videos/202512/12/32544325/original/(m=eaf8GgaaaWavb)(mh=OXntBBUTimkuftDa)4.jpg;https://ei.phncdn.com/videos/202512/12/32544325/original/(m=eaf8GgaaaWavb)(mh=OXntBBUTimkuftDa)5.jpg;https://ei.phncdn.com/videos/202512/12/32544325/original/(m=eaf8GgaaaWavb)(mh=OXntBBUTimkuftDa)6.jpg;https://ei.phncdn.com/videos/202512/12/32544325/original/(m=eaf8GgaaaWavb)(mh=OXntBBUTimkuftDa)7.jpg;https://ei.phncdn.com/videos/202512/12/32544325/original/(m=eaf8GgaaaWavb)(mh=OXntBBUTimkuftDa)8.jpg;https://ei.phncdn.com/videos/202512/12/32544325/original/(m=eaf8GgaaaWavb)(mh=OXntBBUTimkuftDa)9.jpg;https://ei.phncdn.com/videos/202512/12/32544325/original/(m=eaf8GgaaaWavb)(mh=OXntBBUTimkuftDa)10.jpg;https://ei.phncdn.com/videos/202512/12/32544325/original/(m=eaf8GgaaaWavb)(mh=OXntBBUTimkuftDa)11.jpg;https://ei.phncdn.com/videos/202512/12/32544325/original/(m=eaf8GgaaaWavb)(mh=OXntBBUTimkuftDa)12.jpg;https://ei.phncdn.com/videos/202512/12/32544325/original/(m=eaf8GgaaaWavb)(mh=OXntBBUTimkuftDa)13.jpg;https://ei.phncdn.com/videos/202512/12/32544325/original/(m=eaf8GgaaaWavb)(mh=OXntBBUTimkuftDa)14.jpg;https://ei.phncdn.com/videos/202512/12/32544325/original/(m=eaf8GgaaaWavb)(mh=OXntBBUTimkuftDa)15.jpg;https://ei.phncdn.com/videos/202512/12/32544325/original/(m=eaf8GgaaaWavb)(mh=OXntBBUTimkuftDa)16.jpg|Upload1440pVR_2025/12/12|hard-rough-sex;cum|Virtual Reality||600|1|||https://ei.phncdn.com/videos/202512/12/32544325/original/(m=eaAaGwObaaamqv)(mh=N-ndhHmKbyKdVhGf)12.jpg|https://ei.phncdn.com/videos/202512/12/32544325/original/(m=eaAaGwObaaamqv)(mh=N-ndhHmKbyKdVhGf)1.jpg;https://ei.phncdn.com/videos/202512/12/32544325/original/(m=eaAaGwObaaamqv)(mh=N-ndhHmKbyKdVhGf)2.jpg;https://ei.phncdn.com/videos/202512/12/32544325/original/(m=eaAaGwObaaamqv)(mh=N-ndhHmKbyKdVhGf)3.jpg;https://ei.phncdn.com/videos/202512/12/32544325/original/(m=eaAaGwObaaamqv)(mh=N-ndhHmKbyKdVhGf)4.jpg;https://ei.phncdn.com/videos/202512/12/32544325/original/(m=eaAaGwObaaamqv)(mh=N-ndhHmKbyKdVhGf)5.jpg;https://ei.phncdn.com/videos/202512/12/32544325/original/(m=eaAaGwObaaamqv)(mh=N-ndhHmKbyKdVhGf)6.jpg;https://ei.phncdn.com/videos/202512/12/32544325/original/(m=eaAaGwObaaamqv)(mh=N-ndhHmKbyKdVhGf)7.jpg;https://ei.phncdn.com/videos/202512/12/32544325/original/(m=eaAaGwObaaamqv)(mh=N-ndhHmKbyKdVhGf)8.jpg;https://ei.phncdn.com/videos/202512/12/32544325/original/(m=eaAaGwObaaamqv)(mh=N-ndhHmKbyKdVhGf)9.jpg;https://ei.phncdn.com/videos/202512/12/32544325/original/(m=eaAaGwObaaamqv)(mh=N-ndhHmKbyKdVhGf)10.jpg;https://ei.phncdn.com/videos/202512/12/32544325/original/(m=eaAaGwObaaamqv)(mh=N-ndhHmKbyKdVhGf)11.jpg;https://ei.phncdn.com/videos/202512/12/32544325/original/(m=eaAaGwObaaamqv)(mh=N-ndhHmKbyKdVhGf)12.jpg;https://ei.phncdn.com/videos/202512/12/32544325/original/(m=eaAaGwObaaamqv)(mh=N-ndhHmKbyKdVhGf)13.jpg;https://ei.phncdn.com/videos/202512/12/32544325/original/(m=eaAaGwObaaamqv)(mh=N-ndhHmKbyKdVhGf)14.jpg;https://ei.phncdn.com/videos/202512/12/32544325/original/(m=eaAaGwObaaamqv)(mh=N-ndhHmKbyKdVhGf)15.jpg;https://ei.phncdn.com/videos/202512/12/32544325/original/(m=eaAaGwObaaamqv)(mh=N-ndhHmKbyKdVhGf)16.jpg
<iframe src="https://www.pornhub.com/embed/693d2ea54bffe" frameborder="0" height="481" width="608" scrolling="no"></iframe>|https://ei.phncdn.com/videos/202512/13/32602875/original/(m=eaf8GgaaaWavb)(mh=zDIHs4y2l59ZV650)12.jpg|https://ei.phncdn.com/videos/202512/13/32602875/original/(m=eaf8GgaaaWavb)(mh=zDIHs4y2l59ZV650)1.jpg;https://ei.phncdn.com/videos/202512/13/32602875/original/(m=eaf8GgaaaWavb)(mh=zDIHs4y2l59ZV650)2.jpg;https://ei.phncdn.com/videos/202512/13/32602875/original/(m=eaf8GgaaaWavb)(mh=zDIHs4y2l59ZV650)3.jpg;https://ei.phncdn.com/videos/202512/13/32602875/original/(m=eaf8GgaaaWavb)(mh=zDIHs4y2l59ZV650)4.jpg;https://ei.phncdn.com/videos/202512/13/32602875/original/(m=eaf8GgaaaWavb)(mh=zDIHs4y2l59ZV650)5.jpg;https://ei.phncdn.com/videos/202512/13/32602875/original/(m=eaf8GgaaaWavb)(mh=zDIHs4y2l59ZV650)6.jpg;https://ei.phncdn.com/videos/202512/13/32602875/original/(m=eaf8GgaaaWavb)(mh=zDIHs4y2l59ZV650)7.jpg;https://ei.phncdn.com/videos/202512/13/32602875/original/(m=eaf8GgaaaWavb)(mh=zDIHs4y2l59ZV650)8.jpg;https://ei.phncdn.com/videos/202512/13/32602875/original/(m=eaf8GgaaaWavb)(mh=zDIHs4y2l59ZV650)9.jpg;https://ei.phncdn.com/videos/202512/13/32602875/original/(m=eaf8GgaaaWavb)(mh=zDIHs4y2l59ZV650)10.jpg;https://ei.phncdn.com/videos/202512/13/32602875/original/(m=eaf8GgaaaWavb)(mh=zDIHs4y2l59ZV650)11.jpg;https://ei.phncdn.com/videos/202512/13/32602875/original/(m=eaf8GgaaaWavb)(mh=zDIHs4y2l59ZV650)12.jpg;https://ei.phncdn.com/videos/202512/13/32602875/original/(m=eaf8GgaaaWavb)(mh=zDIHs4y2l59ZV650)13.jpg;https://ei.phncdn.com/videos/202512/13/32602875/original/(m=eaf8GgaaaWavb)(mh=zDIHs4y2l59ZV650)14.jpg;https://ei.phncdn.com/videos/202512/13/32602875/original/(m=eaf8GgaaaWavb)(mh=zDIHs4y2l59ZV650)15.jpg;https://ei.phncdn.com/videos/202512/13/32602875/original/(m=eaf8GgaaaWavb)(mh=zDIHs4y2l59ZV650)16.jpg|Upload1440pVR_2025/12/13|hard-rough-sex;cum|Virtual Reality||600|1|||https://ei.phncdn.com/videos/202512/13/32602875/original/(m=eaAaGwObaaamqv)(mh=vMC7Zs7T5oUpLgA3)12.jpg|https://ei.phncdn.com/videos/202512/13/32602875/original/(m=eaAaGwObaaamqv)(mh=vMC7Zs7T5oUpLgA3)1.jpg;https://ei.phncdn.com/videos/202512/13/32602875/original/(m=eaAaGwObaaamqv)(mh=vMC7Zs7T5oUpLgA3)2.jpg;https://ei.phncdn.com/videos/202512/13/32602875/original/(m=eaAaGwObaaamqv)(mh=vMC7Zs7T5oUpLgA3)3.jpg;https://ei.phncdn.com/videos/202512/13/32602875/original/(m=eaAaGwObaaamqv)(mh=vMC7Zs7T5oUpLgA3)4.jpg;https://ei.phncdn.com/videos/202512/13/32602875/original/(m=eaAaGwObaaamqv)(mh=vMC7Zs7T5oUpLgA3)5.jpg;https://ei.phncdn.com/videos/202512/13/32602875/original/(m=eaAaGwObaaamqv)(mh=vMC7Zs7T5oUpLgA3)6.jpg;https://ei.phncdn.com/videos/202512/13/32602875/original/(m=eaAaGwObaaamqv)(mh=vMC7Zs7T5oUpLgA3)7.jpg;https://ei.phncdn.com/videos/202512/13/32602875/original/(m=eaAaGwObaaamqv)(mh=vMC7Zs7T5oUpLgA3)8.jpg;https://ei.phncdn.com/videos/202512/13/32602875/original/(m=eaAaGwObaaamqv)(mh=vMC7Zs7T5oUpLgA3)9.jpg;https://ei.phncdn.com/videos/202512/13/32602875/original/(m=eaAaGwObaaamqv)(mh=vMC7Zs7T5oUpLgA3)10.jpg;https://ei.phncdn.com/videos/202512/13/32602875/original/(m=eaAaGwObaaamqv)(mh=vMC7Zs7T5oUpLgA3)11.jpg;https://ei.phncdn.com/videos/202512/13/32602875/original/(m=eaAaGwObaaamqv)(mh=vMC7Zs7T5oUpLgA3)12.jpg;https://ei.phncdn.com/videos/202512/13/32602875/original/(m=eaAaGwObaaamqv)(mh=vMC7Zs7T5oUpLgA3)13.jpg;https://ei.phncdn.com/videos/202512/13/32602875/original/(m=eaAaGwObaaamqv)(mh=vMC7Zs7T5oUpLgA3)14.jpg;https://ei.phncdn.com/videos/202512/13/32602875/original/(m=eaAaGwObaaamqv)(mh=vMC7Zs7T5oUpLgA3)15.jpg;https://ei.phncdn.com/videos/202512/13/32602875/original/(m=eaAaGwObaaamqv)(mh=vMC7Zs7T5oUpLgA3)16.jpg
<iframe src="https://www.pornhub.com/embed/693d38b26182e" frameborder="0" height="481" width="608" scrolling="no"></iframe>|https://ei.phncdn.com/videos/202512/13/32605305/original/(m=eaf8GgaaaWavb)(mh=qyoojBT8HOhw__2o)12.jpg|https://ei.phncdn.com/videos/202512/13/32605305/original/(m=eaf8GgaaaWavb)(mh=qyoojBT8HOhw__2o)1.jpg;https://ei.phncdn.com/videos/202512/13/32605305/original/(m=eaf8GgaaaWavb)(mh=qyoojBT8HOhw__2o)2.jpg;https://ei.phncdn.com/videos/202512/13/32605305/original/(m=eaf8GgaaaWavb)(mh=qyoojBT8HOhw__2o)3.jpg;https://ei.phncdn.com/videos/202512/13/32605305/original/(m=eaf8GgaaaWavb)(mh=qyoojBT8HOhw__2o)4.jpg;https://ei.phncdn.com/videos/202512/13/32605305/original/(m=eaf8GgaaaWavb)(mh=qyoojBT8HOhw__2o)5.jpg;https://ei.phncdn.com/videos/202512/13/32605305/original/(m=eaf8GgaaaWavb)(mh=qyoojBT8HOhw__2o)6.jpg;https://ei.phncdn.com/videos/202512/13/32605305/original/(m=eaf8GgaaaWavb)(mh=qyoojBT8HOhw__2o)7.jpg;https://ei.phncdn.com/videos/202512/13/32605305/original/(m=eaf8GgaaaWavb)(mh=qyoojBT8HOhw__2o)8.jpg;https://ei.phncdn.com/videos/202512/13/32605305/original/(m=eaf8GgaaaWavb)(mh=qyoojBT8HOhw__2o)9.jpg;https://ei.phncdn.com/videos/202512/13/32605305/original/(m=eaf8GgaaaWavb)(mh=qyoojBT8HOhw__2o)10.jpg;https://ei.phncdn.com/videos/202512/13/32605305/original/(m=eaf8GgaaaWavb)(mh=qyoojBT8HOhw__2o)11.jpg;https://ei.phncdn.com/videos/202512/13/32605305/original/(m=eaf8GgaaaWavb)(mh=qyoojBT8HOhw__2o)12.jpg;https://ei.phncdn.com/videos/202512/13/32605305/original/(m=eaf8GgaaaWavb)(mh=qyoojBT8HOhw__2o)13.jpg;https://ei.phncdn.com/videos/202512/13/32605305/original/(m=eaf8GgaaaWavb)(mh=qyoojBT8HOhw__2o)14.jpg;https://ei.phncdn.com/videos/202512/13/32605305/original/(m=eaf8GgaaaWavb)(mh=qyoojBT8HOhw__2o)15.jpg;https://ei.phncdn.com/videos/202512/13/32605305/original/(m=eaf8GgaaaWavb)(mh=qyoojBT8HOhw__2o)16.jpg|Upload1440pVR_2025/12/13|hard-rough-sex;cum|Virtual Reality||600|0|||https://ei.phncdn.com/videos/202512/13/32605305/original/(m=eaAaGwObaaamqv)(mh=m1Msyvi1UM-ao8nu)12.jpg|https://ei.phncdn.com/videos/202512/13/32605305/original/(m=eaAaGwObaaamqv)(mh=m1Msyvi1UM-ao8nu)1.jpg;https://ei.phncdn.com/videos/202512/13/32605305/original/(m=eaAaGwObaaamqv)(mh=m1Msyvi1UM-ao8nu)2.jpg;https://ei.phncdn.com/videos/202512/13/32605305/original/(m=eaAaGwObaaamqv)(mh=m1Msyvi1UM-ao8nu)3.jpg;https://ei.phncdn.com/videos/202512/13/32605305/original/(m=eaAaGwObaaamqv)(mh=m1Msyvi1UM-ao8nu)4.jpg;https://ei.phncdn.com/videos/202512/13/32605305/original/(m=eaAaGwObaaamqv)(mh=m1Msyvi1UM-ao8nu)5.jpg;https://ei.phncdn.com/videos/202512/13/32605305/original/(m=eaAaGwObaaamqv)(mh=m1Msyvi1UM-ao8nu)6.jpg;https://ei.phncdn.com/videos/202512/13/32605305/original/(m=eaAaGwObaaamqv)(mh=m1Msyvi1UM-ao8nu)7.jpg;https://ei.phncdn.com/videos/202512/13/32605305/original/(m=eaAaGwObaaamqv)(mh=m1Msyvi1UM-ao8nu)8.jpg;https://ei.phncdn.com/videos/202512/13/32605305/original/(m=eaAaGwObaaamqv)(mh=m1Msyvi1UM-ao8nu)9.jpg;https://ei.phncdn.com/videos/202512/13/32605305/original/(m=eaAaGwObaaamqv)(mh=m1Msyvi1UM-ao8nu)10.jpg;https://ei.phncdn.com/videos/202512/13/32605305/original/(m=eaAaGwObaaamqv)(mh=m1Msyvi1UM-ao8nu)11.jpg;https://ei.phncdn.com/videos/202512/13/32605305/original/(m=eaAaGwObaaamqv)(mh=m1Msyvi1UM-ao8nu)12.jpg;https://ei.phncdn.com/videos/202512/13/32605305/original/(m=eaAaGwObaaamqv)(mh=m1Msyvi1UM-ao8nu)13.jpg;https://ei.phncdn.com/videos/202512/13/32605305/original/(m=eaAaGwObaaamqv)(mh=m1Msyvi1UM-ao8nu)14.jpg;https://ei.phncdn.com/videos/202512/13/32605305/original/(m=eaAaGwObaaamqv)(mh=m1Msyvi1UM-ao8nu)15.jpg;https://ei.phncdn.com/videos/202512/13/32605305/original/(m=eaAaGwObaaamqv)(mh=m1Msyvi1UM-ao8nu)16.jpg
<iframe src="https://www.pornhub.com/embed/6940bb0d73a8a" frameborder="0" height="481" width="608" scrolling="no"></iframe>|https://ei.phncdn.com/videos/202512/16/32873125/original/(m=eaf8GgaaaWavb)(mh=yZ-L_bt3hy_8IfCV)12.jpg|https://ei.phncdn.com/videos/202512/16/32873125/original/(m=eaf8GgaaaWavb)(mh=yZ-L_bt3hy_8IfCV)1.jpg;https://ei.phncdn.com/videos/202512/16/32873125/original/(m=eaf8GgaaaWavb)(mh=yZ-L_bt3hy_8IfCV)2.jpg;https://ei.phncdn.com/videos/202512/16/32873125/original/(m=eaf8GgaaaWavb)(mh=yZ-L_bt3hy_8IfCV)3.jpg;https://ei.phncdn.com/videos/202512/16/32873125/original/(m=eaf8GgaaaWavb)(mh=yZ-L_bt3hy_8IfCV)4.jpg;https://ei.phncdn.com/videos/202512/16/32873125/original/(m=eaf8GgaaaWavb)(mh=yZ-L_bt3hy_8IfCV)5.jpg;https://ei.phncdn.com/videos/202512/16/32873125/original/(m=eaf8GgaaaWavb)(mh=yZ-L_bt3hy_8IfCV)6.jpg;https://ei.phncdn.com/videos/202512/16/32873125/original/(m=eaf8GgaaaWavb)(mh=yZ-L_bt3hy_8IfCV)7.jpg;https://ei.phncdn.com/videos/202512/16/32873125/original/(m=eaf8GgaaaWavb)(mh=yZ-L_bt3hy_8IfCV)8.jpg;https://ei.phncdn.com/videos/202512/16/32873125/original/(m=eaf8GgaaaWavb)(mh=yZ-L_bt3hy_8IfCV)9.jpg;https://ei.phncdn.com/videos/202512/16/32873125/original/(m=eaf8GgaaaWavb)(mh=yZ-L_bt3hy_8IfCV)10.jpg;https://ei.phncdn.com/videos/202512/16/32873125/original/(m=eaf8GgaaaWavb)(mh=yZ-L_bt3hy_8IfCV)11.jpg;https://ei.phncdn.com/videos/202512/16/32873125/original/(m=eaf8GgaaaWavb)(mh=yZ-L_bt3hy_8IfCV)12.jpg;https://ei.phncdn.com/videos/202512/16/32873125/original/(m=eaf8GgaaaWavb)(mh=yZ-L_bt3hy_8IfCV)13.jpg;https://ei.phncdn.com/videos/202512/16/32873125/original/(m=eaf8GgaaaWavb)(mh=yZ-L_bt3hy_8IfCV)14.jpg;https://ei.phncdn.com/videos/202512/16/32873125/original/(m=eaf8GgaaaWavb)(mh=yZ-L_bt3hy_8IfCV)15.jpg;https://ei.phncdn.com/videos/202512/16/32873125/original/(m=eaf8GgaaaWavb)(mh=yZ-L_bt3hy_8IfCV)16.jpg|Upload1440pVR_2025/12/16|hard-rough-sex;cum|Virtual Reality;360°;3D||600|26|||https://ei.phncdn.com/videos/202512/16/32873125/original/(m=eaAaGwObaaamqv)(mh=8mQBHIA3n_8aLdrm)12.jpg|https://ei.phncdn.com/videos/202512/16/32873125/original/(m=eaAaGwObaaamqv)(mh=8mQBHIA3n_8aLdrm)1.jpg;https://ei.phncdn.com/videos/202512/16/32873125/original/(m=eaAaGwObaaamqv)(mh=8mQBHIA3n_8aLdrm)2.jpg;https://ei.phncdn.com/videos/202512/16/32873125/original/(m=eaAaGwObaaamqv)(mh=8mQBHIA3n_8aLdrm)3.jpg;https://ei.phncdn.com/videos/202512/16/32873125/original/(m=eaAaGwObaaamqv)(mh=8mQBHIA3n_8aLdrm)4.jpg;https://ei.phncdn.com/videos/202512/16/32873125/original/(m=eaAaGwObaaamqv)(mh=8mQBHIA3n_8aLdrm)5.jpg;https://ei.phncdn.com/videos/202512/16/32873125/original/(m=eaAaGwObaaamqv)(mh=8mQBHIA3n_8aLdrm)6.jpg;https://ei.phncdn.com/videos/202512/16/32873125/original/(m=eaAaGwObaaamqv)(mh=8mQBHIA3n_8aLdrm)7.jpg;https://ei.phncdn.com/videos/202512/16/32873125/original/(m=eaAaGwObaaamqv)(mh=8mQBHIA3n_8aLdrm)8.jpg;https://ei.phncdn.com/videos/202512/16/32873125/original/(m=eaAaGwObaaamqv)(mh=8mQBHIA3n_8aLdrm)9.jpg;https://ei.phncdn.com/videos/202512/16/32873125/original/(m=eaAaGwObaaamqv)(mh=8mQBHIA3n_8aLdrm)10.jpg;https://ei.phncdn.com/videos/202512/16/32873125/original/(m=eaAaGwObaaamqv)(mh=8mQBHIA3n_8aLdrm)11.jpg;https://ei.phncdn.com/videos/202512/16/32873125/original/(m=eaAaGwObaaamqv)(mh=8mQBHIA3n_8aLdrm)12.jpg;https://ei.phncdn.com/videos/202512/16/32873125/original/(m=eaAaGwObaaamqv)(mh=8mQBHIA3n_8aLdrm)13.jpg;https://ei.phncdn.com/videos/202512/16/32873125/original/(m=eaAaGwObaaamqv)(mh=8mQBHIA3n_8aLdrm)14.jpg;https://ei.phncdn.com/videos/202512/16/32873125/original/(m=eaAaGwObaaamqv)(mh=8mQBHIA3n_8aLdrm)15.jpg;https://ei.phncdn.com/videos/202512/16/32873125/original/(m=eaAaGwObaaamqv)(mh=8mQBHIA3n_8aLdrm)16.jpg
<iframe src="https://www.pornhub.com/embed/69455479338df" frameborder="0" height="481" width="608" scrolling="no"></iframe>|https://ei.phncdn.com/videos/202512/19/33235015/original/(m=eaf8GgaaaWavb)(mh=orVdc7OyYTbcZT2f)12.jpg|https://ei.phncdn.com/videos/202512/19/33235015/original/(m=eaf8GgaaaWavb)(mh=orVdc7OyYTbcZT2f)1.jpg;https://ei.phncdn.com/videos/202512/19/33235015/original/(m=eaf8GgaaaWavb)(mh=orVdc7OyYTbcZT2f)2.jpg;https://ei.phncdn.com/videos/202512/19/33235015/original/(m=eaf8GgaaaWavb)(mh=orVdc7OyYTbcZT2f)3.jpg;https://ei.phncdn.com/videos/202512/19/33235015/original/(m=eaf8GgaaaWavb)(mh=orVdc7OyYTbcZT2f)4.jpg;https://ei.phncdn.com/videos/202512/19/33235015/original/(m=eaf8GgaaaWavb)(mh=orVdc7OyYTbcZT2f)5.jpg;https://ei.phncdn.com/videos/202512/19/33235015/original/(m=eaf8GgaaaWavb)(mh=orVdc7OyYTbcZT2f)6.jpg;https://ei.phncdn.com/videos/202512/19/33235015/original/(m=eaf8GgaaaWavb)(mh=orVdc7OyYTbcZT2f)7.jpg;https://ei.phncdn.com/videos/202512/19/33235015/original/(m=eaf8GgaaaWavb)(mh=orVdc7OyYTbcZT2f)8.jpg;https://ei.phncdn.com/videos/202512/19/33235015/original/(m=eaf8GgaaaWavb)(mh=orVdc7OyYTbcZT2f)9.jpg;https://ei.phncdn.com/videos/202512/19/33235015/original/(m=eaf8GgaaaWavb)(mh=orVdc7OyYTbcZT2f)10.jpg;https://ei.phncdn.com/videos/202512/19/33235015/original/(m=eaf8GgaaaWavb)(mh=orVdc7OyYTbcZT2f)11.jpg;https://ei.phncdn.com/videos/202512/19/33235015/original/(m=eaf8GgaaaWavb)(mh=orVdc7OyYTbcZT2f)12.jpg;https://ei.phncdn.com/videos/202512/19/33235015/original/(m=eaf8GgaaaWavb)(mh=orVdc7OyYTbcZT2f)13.jpg;https://ei.phncdn.com/videos/202512/19/33235015/original/(m=eaf8GgaaaWavb)(mh=orVdc7OyYTbcZT2f)14.jpg;https://ei.phncdn.com/videos/202512/19/33235015/original/(m=eaf8GgaaaWavb)(mh=orVdc7OyYTbcZT2f)15.jpg;https://ei.phncdn.com/videos/202512/19/33235015/original/(m=eaf8GgaaaWavb)(mh=orVdc7OyYTbcZT2f)16.jpg|VRLatina - Big Latina MILF VR Sex Experience|vr;vr-porn;vr-sex;vr-porno;virtual-reality;pov;milf;vr-big-tits;vr-big-ass|Virtual Reality||300|4658|1|1|https://ei.phncdn.com/videos/202512/19/33235015/original/(m=eaAaGwObaaamqv)(mh=n-ORB8bHD_M4V2AG)12.jpg|https://ei.phncdn.com/videos/202512/19/33235015/original/(m=eaAaGwObaaamqv)(mh=n-ORB8bHD_M4V2AG)1.jpg;https://ei.phncdn.com/videos/202512/19/33235015/original/(m=eaAaGwObaaamqv)(mh=n-ORB8bHD_M4V2AG)2.jpg;https://ei.phncdn.com/videos/202512/19/33235015/original/(m=eaAaGwObaaamqv)(mh=n-ORB8bHD_M4V2AG)3.jpg;https://ei.phncdn.com/videos/202512/19/33235015/original/(m=eaAaGwObaaamqv)(mh=n-ORB8bHD_M4V2AG)4.jpg;https://ei.phncdn.com/videos/202512/19/33235015/original/(m=eaAaGwObaaamqv)(mh=n-ORB8bHD_M4V2AG)5.jpg;https://ei.phncdn.com/videos/202512/19/33235015/original/(m=eaAaGwObaaamqv)(mh=n-ORB8bHD_M4V2AG)6.jpg;https://ei.phncdn.com/videos/202512/19/33235015/original/(m=eaAaGwObaaamqv)(mh=n-ORB8bHD_M4V2AG)7.jpg;https://ei.phncdn.com/videos/202512/19/33235015/original/(m=eaAaGwObaaamqv)(mh=n-ORB8bHD_M4V2AG)8.jpg;https://ei.phncdn.com/videos/202512/19/33235015/original/(m=eaAaGwObaaamqv)(mh=n-ORB8bHD_M4V2AG)9.jpg;https://ei.phncdn.com/videos/202512/19/33235015/original/(m=eaAaGwObaaamqv)(mh=n-ORB8bHD_M4V2AG)10.jpg;https://ei.phncdn.com/videos/202512/19/33235015/original/(m=eaAaGwObaaamqv)(mh=n-ORB8bHD_M4V2AG)11.jpg;https://ei.phncdn.com/videos/202512/19/33235015/original/(m=eaAaGwObaaamqv)(mh=n-ORB8bHD_M4V2AG)12.jpg;https://ei.phncdn.com/videos/202512/19/33235015/original/(m=eaAaGwObaaamqv)(mh=n-ORB8bHD_M4V2AG)13.jpg;https://ei.phncdn.com/videos/202512/19/33235015/original/(m=eaAaGwObaaamqv)(mh=n-ORB8bHD_M4V2AG)14.jpg;https://ei.phncdn.com/videos/202512/19/33235015/original/(m=eaAaGwObaaamqv)(mh=n-ORB8bHD_M4V2AG)15.jpg;https://ei.phncdn.com/videos/202512/19/33235015/original/(m=eaAaGwObaaamqv)(mh=n-ORB8bHD_M4V2AG)16.jpg
<iframe src="https://www.pornhub.com/embed/69896a1fdb867" frameborder="0" height="481" width="608" scrolling="no"></iframe>|https://ei.phncdn.com/videos/202602/09/38808615/original/(m=eaf8GgaaaWavb)(mh=tLgdtD_rlJ0oIGMF)12.jpg|https://ei.phncdn.com/videos/202602/09/38808615/original/(m=eaf8GgaaaWavb)(mh=tLgdtD_rlJ0oIGMF)1.jpg;https://ei.phncdn.com/videos/202602/09/38808615/original/(m=eaf8GgaaaWavb)(mh=tLgdtD_rlJ0oIGMF)2.jpg;https://ei.phncdn.com/videos/202602/09/38808615/original/(m=eaf8GgaaaWavb)(mh=tLgdtD_rlJ0oIGMF)3.jpg;https://ei.phncdn.com/videos/202602/09/38808615/original/(m=eaf8GgaaaWavb)(mh=tLgdtD_rlJ0oIGMF)4.jpg;https://ei.phncdn.com/videos/202602/09/38808615/original/(m=eaf8GgaaaWavb)(mh=tLgdtD_rlJ0oIGMF)5.jpg;https://ei.phncdn.com/videos/202602/09/38808615/original/(m=eaf8GgaaaWavb)(mh=tLgdtD_rlJ0oIGMF)6.jpg;https://ei.phncdn.com/videos/202602/09/38808615/original/(m=eaf8GgaaaWavb)(mh=tLgdtD_rlJ0oIGMF)7.jpg;https://ei.phncdn.com/videos/202602/09/38808615/original/(m=eaf8GgaaaWavb)(mh=tLgdtD_rlJ0oIGMF)8.jpg;https://ei.phncdn.com/videos/202602/09/38808615/original/(m=eaf8GgaaaWavb)(mh=tLgdtD_rlJ0oIGMF)9.jpg;https://ei.phncdn.com/videos/202602/09/38808615/original/(m=eaf8GgaaaWavb)(mh=tLgdtD_rlJ0oIGMF)10.jpg;https://ei.phncdn.com/videos/202602/09/38808615/original/(m=eaf8GgaaaWavb)(mh=tLgdtD_rlJ0oIGMF)11.jpg;https://ei.phncdn.com/videos/202602/09/38808615/original/(m=eaf8GgaaaWavb)(mh=tLgdtD_rlJ0oIGMF)12.jpg;https://ei.phncdn.com/videos/202602/09/38808615/original/(m=eaf8GgaaaWavb)(mh=tLgdtD_rlJ0oIGMF)13.jpg;https://ei.phncdn.com/videos/202602/09/38808615/original/(m=eaf8GgaaaWavb)(mh=tLgdtD_rlJ0oIGMF)14.jpg;https://ei.phncdn.com/videos/202602/09/38808615/original/(m=eaf8GgaaaWavb)(mh=tLgdtD_rlJ0oIGMF)15.jpg;https://ei.phncdn.com/videos/202602/09/38808615/original/(m=eaf8GgaaaWavb)(mh=tLgdtD_rlJ0oIGMF)16.jpg|My Feet 🦶 🤭|amateur;homemade;filipina;hot-single-mom|Virtual Reality;Verified Amateurs;Solo Female||9|234|11|0|https://ei.phncdn.com/videos/202602/09/38808615/original/(m=eaAaGwObaaamqv)(mh=yFD8fLs2bzZyYuR2)12.jpg|https://ei.phncdn.com/videos/202602/09/38808615/original/(m=eaAaGwObaaamqv)(mh=yFD8fLs2bzZyYuR2)1.jpg;https://ei.phncdn.com/videos/202602/09/38808615/original/(m=eaAaGwObaaamqv)(mh=yFD8fLs2bzZyYuR2)2.jpg;https://ei.phncdn.com/videos/202602/09/38808615/original/(m=eaAaGwObaaamqv)(mh=yFD8fLs2bzZyYuR2)3.jpg;https://ei.phncdn.com/videos/202602/09/38808615/original/(m=eaAaGwObaaamqv)(mh=yFD8fLs2bzZyYuR2)4.jpg;https://ei.phncdn.com/videos/202602/09/38808615/original/(m=eaAaGwObaaamqv)(mh=yFD8fLs2bzZyYuR2)5.jpg;https://ei.phncdn.com/videos/202602/09/38808615/original/(m=eaAaGwObaaamqv)(mh=yFD8fLs2bzZyYuR2)6.jpg;https://ei.phncdn.com/videos/202602/09/38808615/original/(m=eaAaGwObaaamqv)(mh=yFD8fLs2bzZyYuR2)7.jpg;https://ei.phncdn.com/videos/202602/09/38808615/original/(m=eaAaGwObaaamqv)(mh=yFD8fLs2bzZyYuR2)8.jpg;https://ei.phncdn.com/videos/202602/09/38808615/original/(m=eaAaGwObaaamqv)(mh=yFD8fLs2bzZyYuR2)9.jpg;https://ei.phncdn.com/videos/202602/09/38808615/original/(m=eaAaGwObaaamqv)(mh=yFD8fLs2bzZyYuR2)10.jpg;https://ei.phncdn.com/videos/202602/09/38808615/original/(m=eaAaGwObaaamqv)(mh=yFD8fLs2bzZyYuR2)11.jpg;https://ei.phncdn.com/videos/202602/09/38808615/original/(m=eaAaGwObaaamqv)(mh=yFD8fLs2bzZyYuR2)12.jpg;https://ei.phncdn.com/videos/202602/09/38808615/original/(m=eaAaGwObaaamqv)(mh=yFD8fLs2bzZyYuR2)13.jpg;https://ei.phncdn.com/videos/202602/09/38808615/original/(m=eaAaGwObaaamqv)(mh=yFD8fLs2bzZyYuR2)14.jpg;https://ei.phncdn.com/videos/202602/09/38808615/original/(m=eaAaGwObaaamqv)(mh=yFD8fLs2bzZyYuR2)15.jpg;https://ei.phncdn.com/videos/202602/09/38808615/original/(m=eaAaGwObaaamqv)(mh=yFD8fLs2bzZyYuR2)16.jpg
<iframe src="https://www.pornhub.com/embed/69c8c6c03d3eb" frameborder="0" height="481" width="608" scrolling="no"></iframe>|https://ei.phncdn.com/videos/202603/29/43697425/original/(m=eaf8GgaaaWavb)(mh=5e2SX0LwFYKE79X2)14.jpg|https://ei.phncdn.com/videos/202603/29/43697425/original/(m=eaf8GgaaaWavb)(mh=5e2SX0LwFYKE79X2)1.jpg;https://ei.phncdn.com/videos/202603/29/43697425/original/(m=eaf8GgaaaWavb)(mh=5e2SX0LwFYKE79X2)2.jpg;https://ei.phncdn.com/videos/202603/29/43697425/original/(m=eaf8GgaaaWavb)(mh=5e2SX0LwFYKE79X2)3.jpg;https://ei.phncdn.com/videos/202603/29/43697425/original/(m=eaf8GgaaaWavb)(mh=5e2SX0LwFYKE79X2)4.jpg;https://ei.phncdn.com/videos/202603/29/43697425/original/(m=eaf8GgaaaWavb)(mh=5e2SX0LwFYKE79X2)5.jpg;https://ei.phncdn.com/videos/202603/29/43697425/original/(m=eaf8GgaaaWavb)(mh=5e2SX0LwFYKE79X2)6.jpg;https://ei.phncdn.com/videos/202603/29/43697425/original/(m=eaf8GgaaaWavb)(mh=5e2SX0LwFYKE79X2)7.jpg;https://ei.phncdn.com/videos/202603/29/43697425/original/(m=eaf8GgaaaWavb)(mh=5e2SX0LwFYKE79X2)8.jpg;https://ei.phncdn.com/videos/202603/29/43697425/original/(m=eaf8GgaaaWavb)(mh=5e2SX0LwFYKE79X2)9.jpg;https://ei.phncdn.com/videos/202603/29/43697425/original/(m=eaf8GgaaaWavb)(mh=5e2SX0LwFYKE79X2)10.jpg;https://ei.phncdn.com/videos/202603/29/43697425/original/(m=eaf8GgaaaWavb)(mh=5e2SX0LwFYKE79X2)11.jpg;https://ei.phncdn.com/videos/202603/29/43697425/original/(m=eaf8GgaaaWavb)(mh=5e2SX0LwFYKE79X2)12.jpg;https://ei.phncdn.com/videos/202603/29/43697425/original/(m=eaf8GgaaaWavb)(mh=5e2SX0LwFYKE79X2)13.jpg;https://ei.phncdn.com/videos/202603/29/43697425/original/(m=eaf8GgaaaWavb)(mh=5e2SX0LwFYKE79X2)14.jpg;https://ei.phncdn.com/videos/202603/29/43697425/original/(m=eaf8GgaaaWavb)(mh=5e2SX0LwFYKE79X2)15.jpg;https://ei.phncdn.com/videos/202603/29/43697425/original/(m=eaf8GgaaaWavb)(mh=5e2SX0LwFYKE79X2)16.jpg|Secretaria india complace a su jefe en la casa🥵🥵🥵🥵🥵|novia;chica-india;desi-anal-hardcore;culo-indio;ex-girfriends;girfriends;atk-girfriends;desi-gf;desi-gf-bf;desi;desi-auty;desi-bihabhi;indian-callege-girl;indian-girl;cute-desi-girl|Virtual Reality;Exclusive;Verified Amateurs||382|768|73|2|https://ei.phncdn.com/videos/202603/29/43697425/original/(m=eaAaGwObaaamqv)(mh=kHzXMn6Fp_45-iW7)14.jpg|https://ei.phncdn.com/videos/202603/29/43697425/original/(m=eaAaGwObaaamqv)(mh=kHzXMn6Fp_45-iW7)1.jpg;https://ei.phncdn.com/videos/202603/29/43697425/original/(m=eaAaGwObaaamqv)(mh=kHzXMn6Fp_45-iW7)2.jpg;https://ei.phncdn.com/videos/202603/29/43697425/original/(m=eaAaGwObaaamqv)(mh=kHzXMn6Fp_45-iW7)3.jpg;https://ei.phncdn.com/videos/202603/29/43697425/original/(m=eaAaGwObaaamqv)(mh=kHzXMn6Fp_45-iW7)4.jpg;https://ei.phncdn.com/videos/202603/29/43697425/original/(m=eaAaGwObaaamqv)(mh=kHzXMn6Fp_45-iW7)5.jpg;https://ei.phncdn.com/videos/202603/29/43697425/original/(m=eaAaGwObaaamqv)(mh=kHzXMn6Fp_45-iW7)6.jpg;https://ei.phncdn.com/videos/202603/29/43697425/original/(m=eaAaGwObaaamqv)(mh=kHzXMn6Fp_45-iW7)7.jpg;https://ei.phncdn.com/videos/202603/29/43697425/original/(m=eaAaGwObaaamqv)(mh=kHzXMn6Fp_45-iW7)8.jpg;https://ei.phncdn.com/videos/202603/29/43697425/original/(m=eaAaGwObaaamqv)(mh=kHzXMn6Fp_45-iW7)9.jpg;https://ei.phncdn.com/videos/202603/29/43697425/original/(m=eaAaGwObaaamqv)(mh=kHzXMn6Fp_45-iW7)10.jpg;https://ei.phncdn.com/videos/202603/29/43697425/original/(m=eaAaGwObaaamqv)(mh=kHzXMn6Fp_45-iW7)11.jpg;https://ei.phncdn.com/videos/202603/29/43697425/original/(m=eaAaGwObaaamqv)(mh=kHzXMn6Fp_45-iW7)12.jpg;https://ei.phncdn.com/videos/202603/29/43697425/original/(m=eaAaGwObaaamqv)(mh=kHzXMn6Fp_45-iW7)13.jpg;https://ei.phncdn.com/videos/202603/29/43697425/original/(m=eaAaGwObaaamqv)(mh=kHzXMn6Fp_45-iW7)14.jpg;https://ei.phncdn.com/videos/202603/29/43697425/original/(m=eaAaGwObaaamqv)(mh=kHzXMn6Fp_45-iW7)15.jpg;https://ei.phncdn.com/videos/202603/29/43697425/original/(m=eaAaGwObaaamqv)(mh=kHzXMn6Fp_45-iW7)16.jpg
<iframe src="https://www.pornhub.com/embed/6a2d2a6169295" frameborder="0" height="481" width="608" scrolling="no"></iframe>|https://ei.phncdn.com/videos/202606/13/52094395/original/(m=eaf8GgaaaWavb)(mh=HtEISRgHzMYznxW5)12.jpg|https://ei.phncdn.com/videos/202606/13/52094395/original/(m=eaf8GgaaaWavb)(mh=HtEISRgHzMYznxW5)1.jpg;https://ei.phncdn.com/videos/202606/13/52094395/original/(m=eaf8GgaaaWavb)(mh=HtEISRgHzMYznxW5)2.jpg;https://ei.phncdn.com/videos/202606/13/52094395/original/(m=eaf8GgaaaWavb)(mh=HtEISRgHzMYznxW5)3.jpg;https://ei.phncdn.com/videos/202606/13/52094395/original/(m=eaf8GgaaaWavb)(mh=HtEISRgHzMYznxW5)4.jpg;https://ei.phncdn.com/videos/202606/13/52094395/original/(m=eaf8GgaaaWavb)(mh=HtEISRgHzMYznxW5)5.jpg;https://ei.phncdn.com/videos/202606/13/52094395/original/(m=eaf8GgaaaWavb)(mh=HtEISRgHzMYznxW5)6.jpg;https://ei.phncdn.com/videos/202606/13/52094395/original/(m=eaf8GgaaaWavb)(mh=HtEISRgHzMYznxW5)7.jpg;https://ei.phncdn.com/videos/202606/13/52094395/original/(m=eaf8GgaaaWavb)(mh=HtEISRgHzMYznxW5)8.jpg;https://ei.phncdn.com/videos/202606/13/52094395/original/(m=eaf8GgaaaWavb)(mh=HtEISRgHzMYznxW5)9.jpg;https://ei.phncdn.com/videos/202606/13/52094395/original/(m=eaf8GgaaaWavb)(mh=HtEISRgHzMYznxW5)10.jpg;https://ei.phncdn.com/videos/202606/13/52094395/original/(m=eaf8GgaaaWavb)(mh=HtEISRgHzMYznxW5)11.jpg;https://ei.phncdn.com/videos/202606/13/52094395/original/(m=eaf8GgaaaWavb)(mh=HtEISRgHzMYznxW5)12.jpg;https://ei.phncdn.com/videos/202606/13/52094395/original/(m=eaf8GgaaaWavb)(mh=HtEISRgHzMYznxW5)13.jpg;https://ei.phncdn.com/videos/202606/13/52094395/original/(m=eaf8GgaaaWavb)(mh=HtEISRgHzMYznxW5)14.jpg;https://ei.phncdn.com/videos/202606/13/52094395/original/(m=eaf8GgaaaWavb)(mh=HtEISRgHzMYznxW5)15.jpg;https://ei.phncdn.com/videos/202606/13/52094395/original/(m=eaf8GgaaaWavb)(mh=HtEISRgHzMYznxW5)16.jpg|Chupada rica|mgshantal;kimmy-granger;cugarangel|Virtual Reality;Exclusive;Verified Amateurs;Podcast||60|18|||https://ei.phncdn.com/videos/202606/13/52094395/original/(m=eaAaGwObaaamqv)(mh=LBkNOdKYnwEeBdEV)12.jpg|https://ei.phncdn.com/videos/202606/13/52094395/original/(m=eaAaGwObaaamqv)(mh=LBkNOdKYnwEeBdEV)1.jpg;https://ei.phncdn.com/videos/202606/13/52094395/original/(m=eaAaGwObaaamqv)(mh=LBkNOdKYnwEeBdEV)2.jpg;https://ei.phncdn.com/videos/202606/13/52094395/original/(m=eaAaGwObaaamqv)(mh=LBkNOdKYnwEeBdEV)3.jpg;https://ei.phncdn.com/videos/202606/13/52094395/original/(m=eaAaGwObaaamqv)(mh=LBkNOdKYnwEeBdEV)4.jpg;https://ei.phncdn.com/videos/202606/13/52094395/original/(m=eaAaGwObaaamqv)(mh=LBkNOdKYnwEeBdEV)5.jpg;https://ei.phncdn.com/videos/202606/13/52094395/original/(m=eaAaGwObaaamqv)(mh=LBkNOdKYnwEeBdEV)6.jpg;https://ei.phncdn.com/videos/202606/13/52094395/original/(m=eaAaGwObaaamqv)(mh=LBkNOdKYnwEeBdEV)7.jpg;https://ei.phncdn.com/videos/202606/13/52094395/original/(m=eaAaGwObaaamqv)(mh=LBkNOdKYnwEeBdEV)8.jpg;https://ei.phncdn.com/videos/202606/13/52094395/original/(m=eaAaGwObaaamqv)(mh=LBkNOdKYnwEeBdEV)9.jpg;https://ei.phncdn.com/videos/202606/13/52094395/original/(m=eaAaGwObaaamqv)(mh=LBkNOdKYnwEeBdEV)10.jpg;https://ei.phncdn.com/videos/202606/13/52094395/original/(m=eaAaGwObaaamqv)(mh=LBkNOdKYnwEeBdEV)11.jpg;https://ei.phncdn.com/videos/202606/13/52094395/original/(m=eaAaGwObaaamqv)(mh=LBkNOdKYnwEeBdEV)12.jpg;https://ei.phncdn.com/videos/202606/13/52094395/original/(m=eaAaGwObaaamqv)(mh=LBkNOdKYnwEeBdEV)13.jpg;https://ei.phncdn.com/videos/202606/13/52094395/original/(m=eaAaGwObaaamqv)(mh=LBkNOdKYnwEeBdEV)14.jpg;https://ei.phncdn.com/videos/202606/13/52094395/original/(m=eaAaGwObaaamqv)(mh=LBkNOdKYnwEeBdEV)15.jpg;https://ei.phncdn.com/videos/202606/13/52094395/original/(m=eaAaGwObaaamqv)(mh=LBkNOdKYnwEeBdEV)16.jpg
<iframe src="https://www.pornhub.com/embed/6a319699db440" frameborder="0" height="481" width="608" scrolling="no"></iframe>|https://ei.phncdn.com/videos/202606/16/52443335/original/(m=eaf8GgaaaWavb)(mh=DH3AKfHmkxg3qYmP)12.jpg|https://ei.phncdn.com/videos/202606/16/52443335/original/(m=eaf8GgaaaWavb)(mh=DH3AKfHmkxg3qYmP)1.jpg;https://ei.phncdn.com/videos/202606/16/52443335/original/(m=eaf8GgaaaWavb)(mh=DH3AKfHmkxg3qYmP)2.jpg;https://ei.phncdn.com/videos/202606/16/52443335/original/(m=eaf8GgaaaWavb)(mh=DH3AKfHmkxg3qYmP)3.jpg;https://ei.phncdn.com/videos/202606/16/52443335/original/(m=eaf8GgaaaWavb)(mh=DH3AKfHmkxg3qYmP)4.jpg;https://ei.phncdn.com/videos/202606/16/52443335/original/(m=eaf8GgaaaWavb)(mh=DH3AKfHmkxg3qYmP)5.jpg;https://ei.phncdn.com/videos/202606/16/52443335/original/(m=eaf8GgaaaWavb)(mh=DH3AKfHmkxg3qYmP)6.jpg;https://ei.phncdn.com/videos/202606/16/52443335/original/(m=eaf8GgaaaWavb)(mh=DH3AKfHmkxg3qYmP)7.jpg;https://ei.phncdn.com/videos/202606/16/52443335/original/(m=eaf8GgaaaWavb)(mh=DH3AKfHmkxg3qYmP)8.jpg;https://ei.phncdn.com/videos/202606/16/52443335/original/(m=eaf8GgaaaWavb)(mh=DH3AKfHmkxg3qYmP)9.jpg;https://ei.phncdn.com/videos/202606/16/52443335/original/(m=eaf8GgaaaWavb)(mh=DH3AKfHmkxg3qYmP)10.jpg;https://ei.phncdn.com/videos/202606/16/52443335/original/(m=eaf8GgaaaWavb)(mh=DH3AKfHmkxg3qYmP)11.jpg;https://ei.phncdn.com/videos/202606/16/52443335/original/(m=eaf8GgaaaWavb)(mh=DH3AKfHmkxg3qYmP)12.jpg;https://ei.phncdn.com/videos/202606/16/52443335/original/(m=eaf8GgaaaWavb)(mh=DH3AKfHmkxg3qYmP)13.jpg;https://ei.phncdn.com/videos/202606/16/52443335/original/(m=eaf8GgaaaWavb)(mh=DH3AKfHmkxg3qYmP)14.jpg;https://ei.phncdn.com/videos/202606/16/52443335/original/(m=eaf8GgaaaWavb)(mh=DH3AKfHmkxg3qYmP)15.jpg;https://ei.phncdn.com/videos/202606/16/52443335/original/(m=eaf8GgaaaWavb)(mh=DH3AKfHmkxg3qYmP)16.jpg|quest slave rome|games;bdsm-slave|Virtual Reality;Solo Female||293|59|||https://ei.phncdn.com/videos/202606/16/52443335/original/(m=eaAaGwObaaamqv)(mh=SxqwG2YAnZiZgmEo)12.jpg|https://ei.phncdn.com/videos/202606/16/52443335/original/(m=eaAaGwObaaamqv)(mh=SxqwG2YAnZiZgmEo)1.jpg;https://ei.phncdn.com/videos/202606/16/52443335/original/(m=eaAaGwObaaamqv)(mh=SxqwG2YAnZiZgmEo)2.jpg;https://ei.phncdn.com/videos/202606/16/52443335/original/(m=eaAaGwObaaamqv)(mh=SxqwG2YAnZiZgmEo)3.jpg;https://ei.phncdn.com/videos/202606/16/52443335/original/(m=eaAaGwObaaamqv)(mh=SxqwG2YAnZiZgmEo)4.jpg;https://ei.phncdn.com/videos/202606/16/52443335/original/(m=eaAaGwObaaamqv)(mh=SxqwG2YAnZiZgmEo)5.jpg;https://ei.phncdn.com/videos/202606/16/52443335/original/(m=eaAaGwObaaamqv)(mh=SxqwG2YAnZiZgmEo)6.jpg;https://ei.phncdn.com/videos/202606/16/52443335/original/(m=eaAaGwObaaamqv)(mh=SxqwG2YAnZiZgmEo)7.jpg;https://ei.phncdn.com/videos/202606/16/52443335/original/(m=eaAaGwObaaamqv)(mh=SxqwG2YAnZiZgmEo)8.jpg;https://ei.phncdn.com/videos/202606/16/52443335/original/(m=eaAaGwObaaamqv)(mh=SxqwG2YAnZiZgmEo)9.jpg;https://ei.phncdn.com/videos/202606/16/52443335/original/(m=eaAaGwObaaamqv)(mh=SxqwG2YAnZiZgmEo)10.jpg;https://ei.phncdn.com/videos/202606/16/52443335/original/(m=eaAaGwObaaamqv)(mh=SxqwG2YAnZiZgmEo)11.jpg;https://ei.phncdn.com/videos/202606/16/52443335/original/(m=eaAaGwObaaamqv)(mh=SxqwG2YAnZiZgmEo)12.jpg;https://ei.phncdn.com/videos/202606/16/52443335/original/(m=eaAaGwObaaamqv)(mh=SxqwG2YAnZiZgmEo)13.jpg;https://ei.phncdn.com/videos/202606/16/52443335/original/(m=eaAaGwObaaamqv)(mh=SxqwG2YAnZiZgmEo)14.jpg;https://ei.phncdn.com/videos/202606/16/52443335/original/(m=eaAaGwObaaamqv)(mh=SxqwG2YAnZiZgmEo)15.jpg;https://ei.phncdn.com/videos/202606/16/52443335/original/(m=eaAaGwObaaamqv)(mh=SxqwG2YAnZiZgmEo)16.jpg
<iframe src="https://www.pornhub.com/embed/6a405b3a5ba9d" frameborder="0" height="481" width="608" scrolling="no"></iframe>|https://ei.phncdn.com/videos/202606/27/53631255/original/(m=eaf8GgaaaWavb)(mh=nxyiL3HNMvqR0Wza)12.jpg|https://ei.phncdn.com/videos/202606/27/53631255/original/(m=eaf8GgaaaWavb)(mh=nxyiL3HNMvqR0Wza)1.jpg;https://ei.phncdn.com/videos/202606/27/53631255/original/(m=eaf8GgaaaWavb)(mh=nxyiL3HNMvqR0Wza)2.jpg;https://ei.phncdn.com/videos/202606/27/53631255/original/(m=eaf8GgaaaWavb)(mh=nxyiL3HNMvqR0Wza)3.jpg;https://ei.phncdn.com/videos/202606/27/53631255/original/(m=eaf8GgaaaWavb)(mh=nxyiL3HNMvqR0Wza)4.jpg;https://ei.phncdn.com/videos/202606/27/53631255/original/(m=eaf8GgaaaWavb)(mh=nxyiL3HNMvqR0Wza)5.jpg;https://ei.phncdn.com/videos/202606/27/53631255/original/(m=eaf8GgaaaWavb)(mh=nxyiL3HNMvqR0Wza)6.jpg;https://ei.phncdn.com/videos/202606/27/53631255/original/(m=eaf8GgaaaWavb)(mh=nxyiL3HNMvqR0Wza)7.jpg;https://ei.phncdn.com/videos/202606/27/53631255/original/(m=eaf8GgaaaWavb)(mh=nxyiL3HNMvqR0Wza)8.jpg;https://ei.phncdn.com/videos/202606/27/53631255/original/(m=eaf8GgaaaWavb)(mh=nxyiL3HNMvqR0Wza)9.jpg;https://ei.phncdn.com/videos/202606/27/53631255/original/(m=eaf8GgaaaWavb)(mh=nxyiL3HNMvqR0Wza)10.jpg;https://ei.phncdn.com/videos/202606/27/53631255/original/(m=eaf8GgaaaWavb)(mh=nxyiL3HNMvqR0Wza)11.jpg;https://ei.phncdn.com/videos/202606/27/53631255/original/(m=eaf8GgaaaWavb)(mh=nxyiL3HNMvqR0Wza)12.jpg;https://ei.phncdn.com/videos/202606/27/53631255/original/(m=eaf8GgaaaWavb)(mh=nxyiL3HNMvqR0Wza)13.jpg;https://ei.phncdn.com/videos/202606/27/53631255/original/(m=eaf8GgaaaWavb)(mh=nxyiL3HNMvqR0Wza)14.jpg;https://ei.phncdn.com/videos/202606/27/53631255/original/(m=eaf8GgaaaWavb)(mh=nxyiL3HNMvqR0Wza)15.jpg;https://ei.phncdn.com/videos/202606/27/53631255/original/(m=eaf8GgaaaWavb)(mh=nxyiL3HNMvqR0Wza)16.jpg|flesh surrenders-no name, only primal need-cum and breath entwined|amateur;vlog|Virtual Reality;Exclusive;Verified Amateurs;Solo Female||28|52|2|1|https://ei.phncdn.com/videos/202606/27/53631255/original/(m=eaAaGwObaaamqv)(mh=p2x7zKUvVbTlgcLq)12.jpg|https://ei.phncdn.com/videos/202606/27/53631255/original/(m=eaAaGwObaaamqv)(mh=p2x7zKUvVbTlgcLq)1.jpg;https://ei.phncdn.com/videos/202606/27/53631255/original/(m=eaAaGwObaaamqv)(mh=p2x7zKUvVbTlgcLq)2.jpg;https://ei.phncdn.com/videos/202606/27/53631255/original/(m=eaAaGwObaaamqv)(mh=p2x7zKUvVbTlgcLq)3.jpg;https://ei.phncdn.com/videos/202606/27/53631255/original/(m=eaAaGwObaaamqv)(mh=p2x7zKUvVbTlgcLq)4.jpg;https://ei.phncdn.com/videos/202606/27/53631255/original/(m=eaAaGwObaaamqv)(mh=p2x7zKUvVbTlgcLq)5.jpg;https://ei.phncdn.com/videos/202606/27/53631255/original/(m=eaAaGwObaaamqv)(mh=p2x7zKUvVbTlgcLq)6.jpg;https://ei.phncdn.com/videos/202606/27/53631255/original/(m=eaAaGwObaaamqv)(mh=p2x7zKUvVbTlgcLq)7.jpg;https://ei.phncdn.com/videos/202606/27/53631255/original/(m=eaAaGwObaaamqv)(mh=p2x7zKUvVbTlgcLq)8.jpg;https://ei.phncdn.com/videos/202606/27/53631255/original/(m=eaAaGwObaaamqv)(mh=p2x7zKUvVbTlgcLq)9.jpg;https://ei.phncdn.com/videos/202606/27/53631255/original/(m=eaAaGwObaaamqv)(mh=p2x7zKUvVbTlgcLq)10.jpg;https://ei.phncdn.com/videos/202606/27/53631255/original/(m=eaAaGwObaaamqv)(mh=p2x7zKUvVbTlgcLq)11.jpg;https://ei.phncdn.com/videos/202606/27/53631255/original/(m=eaAaGwObaaamqv)(mh=p2x7zKUvVbTlgcLq)12.jpg;https://ei.phncdn.com/videos/202606/27/53631255/original/(m=eaAaGwObaaamqv)(mh=p2x7zKUvVbTlgcLq)13.jpg;https://ei.phncdn.com/videos/202606/27/53631255/original/(m=eaAaGwObaaamqv)(mh=p2x7zKUvVbTlgcLq)14.jpg;https://ei.phncdn.com/videos/202606/27/53631255/original/(m=eaAaGwObaaamqv)(mh=p2x7zKUvVbTlgcLq)15.jpg;https://ei.phncdn.com/videos/202606/27/53631255/original/(m=eaAaGwObaaamqv)(mh=p2x7zKUvVbTlgcLq)16.jpg
<iframe src="https://www.pornhub.com/embed/6a6e45543fba0" frameborder="0" height="481" width="608" scrolling="no"></iframe>|https://ei.phncdn.com/videos/202608/01/57461785/original/(m=eaf8GgaaaWavb)(mh=XYZI_PF4mLN9lW9V)12.jpg|https://ei.phncdn.com/videos/202608/01/57461785/original/(m=eaf8GgaaaWavb)(mh=XYZI_PF4mLN9lW9V)1.jpg;https://ei.phncdn.com/videos/202608/01/57461785/original/(m=eaf8GgaaaWavb)(mh=XYZI_PF4mLN9lW9V)2.jpg;https://ei.phncdn.com/videos/202608/01/57461785/original/(m=eaf8GgaaaWavb)(mh=XYZI_PF4mLN9lW9V)3.jpg;https://ei.phncdn.com/videos/202608/01/57461785/original/(m=eaf8GgaaaWavb)(mh=XYZI_PF4mLN9lW9V)4.jpg;https://ei.phncdn.com/videos/202608/01/57461785/original/(m=eaf8GgaaaWavb)(mh=XYZI_PF4mLN9lW9V)5.jpg;https://ei.phncdn.com/videos/202608/01/57461785/original/(m=eaf8GgaaaWavb)(mh=XYZI_PF4mLN9lW9V)6.jpg;https://ei.phncdn.com/videos/202608/01/57461785/original/(m=eaf8GgaaaWavb)(mh=XYZI_PF4mLN9lW9V)7.jpg;https://ei.phncdn.com/videos/202608/01/57461785/original/(m=eaf8GgaaaWavb)(mh=XYZI_PF4mLN9lW9V)8.jpg;https://ei.phncdn.com/videos/202608/01/57461785/original/(m=eaf8GgaaaWavb)(mh=XYZI_PF4mLN9lW9V)9.jpg;https://ei.phncdn.com/videos/202608/01/57461785/original/(m=eaf8GgaaaWavb)(mh=XYZI_PF4mLN9lW9V)10.jpg;https://ei.phncdn.com/videos/202608/01/57461785/original/(m=eaf8GgaaaWavb)(mh=XYZI_PF4mLN9lW9V)11.jpg;https://ei.phncdn.com/videos/202608/01/57461785/original/(m=eaf8GgaaaWavb)(mh=XYZI_PF4mLN9lW9V)12.jpg;https://ei.phncdn.com/videos/202608/01/57461785/original/(m=eaf8GgaaaWavb)(mh=XYZI_PF4mLN9lW9V)13.jpg;https://ei.phncdn.com/videos/202608/01/57461785/original/(m=eaf8GgaaaWavb)(mh=XYZI_PF4mLN9lW9V)14.jpg;https://ei.phncdn.com/videos/202608/01/57461785/original/(m=eaf8GgaaaWavb)(mh=XYZI_PF4mLN9lW9V)15.jpg;https://ei.phncdn.com/videos/202608/01/57461785/original/(m=eaf8GgaaaWavb)(mh=XYZI_PF4mLN9lW9V)16.jpg|LA ADA EN MI VERGA|animacion;nsfw|Virtual Reality||89|27|||https://ei.phncdn.com/videos/202608/01/57461785/original/(m=eaAaGwObaaamqv)(mh=ILJAnpFTkCWlSN04)12.jpg|https://ei.phncdn.com/videos/202608/01/57461785/original/(m=eaAaGwObaaamqv)(mh=ILJAnpFTkCWlSN04)1.jpg;https://ei.phncdn.com/videos/202608/01/57461785/original/(m=eaAaGwObaaamqv)(mh=ILJAnpFTkCWlSN04)2.jpg;https://ei.phncdn.com/videos/202608/01/57461785/original/(m=eaAaGwObaaamqv)(mh=ILJAnpFTkCWlSN04)3.jpg;https://ei.phncdn.com/videos/202608/01/57461785/original/(m=eaAaGwObaaamqv)(mh=ILJAnpFTkCWlSN04)4.jpg;https://ei.phncdn.com/videos/202608/01/57461785/original/(m=eaAaGwObaaamqv)(mh=ILJAnpFTkCWlSN04)5.jpg;https://ei.phncdn.com/videos/202608/01/57461785/original/(m=eaAaGwObaaamqv)(mh=ILJAnpFTkCWlSN04)6.jpg;https://ei.phncdn.com/videos/202608/01/57461785/original/(m=eaAaGwObaaamqv)(mh=ILJAnpFTkCWlSN04)7.jpg;https://ei.phncdn.com/videos/202608/01/57461785/original/(m=eaAaGwObaaamqv)(mh=ILJAnpFTkCWlSN04)8.jpg;https://ei.phncdn.com/videos/202608/01/57461785/original/(m=eaAaGwObaaamqv)(mh=ILJAnpFTkCWlSN04)9.jpg;https://ei.phncdn.com/videos/202608/01/57461785/original/(m=eaAaGwObaaamqv)(mh=ILJAnpFTkCWlSN04)10.jpg;https://ei.phncdn.com/videos/202608/01/57461785/original/(m=eaAaGwObaaamqv)(mh=ILJAnpFTkCWlSN04)11.jpg;https://ei.phncdn.com/videos/202608/01/57461785/original/(m=eaAaGwObaaamqv)(mh=ILJAnpFTkCWlSN04)12.jpg;https://ei.phncdn.com/videos/202608/01/57461785/original/(m=eaAaGwObaaamqv)(mh=ILJAnpFTkCWlSN04)13.jpg;https://ei.phncdn.com/videos/202608/01/57461785/original/(m=eaAaGwObaaamqv)(mh=ILJAnpFTkCWlSN04)14.jpg;https://ei.phncdn.com/videos/202608/01/57461785/original/(m=eaAaGwObaaamqv)(mh=ILJAnpFTkCWlSN04)15.jpg;https://ei.phncdn.com/videos/202608/01/57461785/original/(m=eaAaGwObaaamqv)(mh=ILJAnpFTkCWlSN04)16.jpg
<iframe src="https://www.pornhub.com/embed/6a6e48398806f" frameborder="0" height="481" width="608" scrolling="no"></iframe>|https://ei.phncdn.com/videos/202608/01/57462795/original/(m=eaf8GgaaaWavb)(mh=d5aAQ0r-Q7f9C-S6)12.jpg|https://ei.phncdn.com/videos/202608/01/57462795/original/(m=eaf8GgaaaWavb)(mh=d5aAQ0r-Q7f9C-S6)1.jpg;https://ei.phncdn.com/videos/202608/01/57462795/original/(m=eaf8GgaaaWavb)(mh=d5aAQ0r-Q7f9C-S6)2.jpg;https://ei.phncdn.com/videos/202608/01/57462795/original/(m=eaf8GgaaaWavb)(mh=d5aAQ0r-Q7f9C-S6)3.jpg;https://ei.phncdn.com/videos/202608/01/57462795/original/(m=eaf8GgaaaWavb)(mh=d5aAQ0r-Q7f9C-S6)4.jpg;https://ei.phncdn.com/videos/202608/01/57462795/original/(m=eaf8GgaaaWavb)(mh=d5aAQ0r-Q7f9C-S6)5.jpg;https://ei.phncdn.com/videos/202608/01/57462795/original/(m=eaf8GgaaaWavb)(mh=d5aAQ0r-Q7f9C-S6)6.jpg;https://ei.phncdn.com/videos/202608/01/57462795/original/(m=eaf8GgaaaWavb)(mh=d5aAQ0r-Q7f9C-S6)7.jpg;https://ei.phncdn.com/videos/202608/01/57462795/original/(m=eaf8GgaaaWavb)(mh=d5aAQ0r-Q7f9C-S6)8.jpg;https://ei.phncdn.com/videos/202608/01/57462795/original/(m=eaf8GgaaaWavb)(mh=d5aAQ0r-Q7f9C-S6)9.jpg;https://ei.phncdn.com/videos/202608/01/57462795/original/(m=eaf8GgaaaWavb)(mh=d5aAQ0r-Q7f9C-S6)10.jpg;https://ei.phncdn.com/videos/202608/01/57462795/original/(m=eaf8GgaaaWavb)(mh=d5aAQ0r-Q7f9C-S6)11.jpg;https://ei.phncdn.com/videos/202608/01/57462795/original/(m=eaf8GgaaaWavb)(mh=d5aAQ0r-Q7f9C-S6)12.jpg;https://ei.phncdn.com/videos/202608/01/57462795/original/(m=eaf8GgaaaWavb)(mh=d5aAQ0r-Q7f9C-S6)13.jpg;https://ei.phncdn.com/videos/202608/01/57462795/original/(m=eaf8GgaaaWavb)(mh=d5aAQ0r-Q7f9C-S6)14.jpg;https://ei.phncdn.com/videos/202608/01/57462795/original/(m=eaf8GgaaaWavb)(mh=d5aAQ0r-Q7f9C-S6)15.jpg;https://ei.phncdn.com/videos/202608/01/57462795/original/(m=eaf8GgaaaWavb)(mh=d5aAQ0r-Q7f9C-S6)16.jpg|cogiendo con un monstruo|animacion;realidad-virtual|Virtual Reality||58|12|||https://ei.phncdn.com/videos/202608/01/57462795/original/(m=eaAaGwObaaamqv)(mh=yUXtrf6qmHpTnMrC)12.jpg|https://ei.phncdn.com/videos/202608/01/57462795/original/(m=eaAaGwObaaamqv)(mh=yUXtrf6qmHpTnMrC)1.jpg;https://ei.phncdn.com/videos/202608/01/57462795/original/(m=eaAaGwObaaamqv)(mh=yUXtrf6qmHpTnMrC)2.jpg;https://ei.phncdn.com/videos/202608/01/57462795/original/(m=eaAaGwObaaamqv)(mh=yUXtrf6qmHpTnMrC)3.jpg;https://ei.phncdn.com/videos/202608/01/57462795/original/(m=eaAaGwObaaamqv)(mh=yUXtrf6qmHpTnMrC)4.jpg;https://ei.phncdn.com/videos/202608/01/57462795/original/(m=eaAaGwObaaamqv)(mh=yUXtrf6qmHpTnMrC)5.jpg;https://ei.phncdn.com/videos/202608/01/57462795/original/(m=eaAaGwObaaamqv)(mh=yUXtrf6qmHpTnMrC)6.jpg;https://ei.phncdn.com/videos/202608/01/57462795/original/(m=eaAaGwObaaamqv)(mh=yUXtrf6qmHpTnMrC)7.jpg;https://ei.phncdn.com/videos/202608/01/57462795/original/(m=eaAaGwObaaamqv)(mh=yUXtrf6qmHpTnMrC)8.jpg;https://ei.phncdn.com/videos/202608/01/57462795/original/(m=eaAaGwObaaamqv)(mh=yUXtrf6qmHpTnMrC)9.jpg;https://ei.phncdn.com/videos/202608/01/57462795/original/(m=eaAaGwObaaamqv)(mh=yUXtrf6qmHpTnMrC)10.jpg;https://ei.phncdn.com/videos/202608/01/57462795/original/(m=eaAaGwObaaamqv)(mh=yUXtrf6qmHpTnMrC)11.jpg;https://ei.phncdn.com/videos/202608/01/57462795/original/(m=eaAaGwObaaamqv)(mh=yUXtrf6qmHpTnMrC)12.jpg;https://ei.phncdn.com/videos/202608/01/57462795/original/(m=eaAaGwObaaamqv)(mh=yUXtrf6qmHpTnMrC)13.jpg;https://ei.phncdn.com/videos/202608/01/57462795/original/(m=eaAaGwObaaamqv)(mh=yUXtrf6qmHpTnMrC)14.jpg;https://ei.phncdn.com/videos/202608/01/57462795/original/(m=eaAaGwObaaamqv)(mh=yUXtrf6qmHpTnMrC)15.jpg;https://ei.phncdn.com/videos/202608/01/57462795/original/(m=eaAaGwObaaamqv)(mh=yUXtrf6qmHpTnMrC)16.jpg
<iframe src="https://www.pornhub.com/embed/6a7c7312b9586" frameborder="0" height="481" width="608" scrolling="no"></iframe>|https://ei.phncdn.com/videos/202608/12/58748755/original/(m=eaf8GgaaaWavb)(mh=rWCN9dnZ1KTw08pI)7.jpg|https://ei.phncdn.com/videos/202608/12/58748755/original/(m=eaf8GgaaaWavb)(mh=rWCN9dnZ1KTw08pI)1.jpg;https://ei.phncdn.com/videos/202608/12/58748755/original/(m=eaf8GgaaaWavb)(mh=rWCN9dnZ1KTw08pI)2.jpg;https://ei.phncdn.com/videos/202608/12/58748755/original/(m=eaf8GgaaaWavb)(mh=rWCN9dnZ1KTw08pI)3.jpg;https://ei.phncdn.com/videos/202608/12/58748755/original/(m=eaf8GgaaaWavb)(mh=rWCN9dnZ1KTw08pI)4.jpg;https://ei.phncdn.com/videos/202608/12/58748755/original/(m=eaf8GgaaaWavb)(mh=rWCN9dnZ1KTw08pI)5.jpg;https://ei.phncdn.com/videos/202608/12/58748755/original/(m=eaf8GgaaaWavb)(mh=rWCN9dnZ1KTw08pI)6.jpg;https://ei.phncdn.com/videos/202608/12/58748755/original/(m=eaf8GgaaaWavb)(mh=rWCN9dnZ1KTw08pI)7.jpg;https://ei.phncdn.com/videos/202608/12/58748755/original/(m=eaf8GgaaaWavb)(mh=rWCN9dnZ1KTw08pI)8.jpg;https://ei.phncdn.com/videos/202608/12/58748755/original/(m=eaf8GgaaaWavb)(mh=rWCN9dnZ1KTw08pI)9.jpg;https://ei.phncdn.com/videos/202608/12/58748755/original/(m=eaf8GgaaaWavb)(mh=rWCN9dnZ1KTw08pI)10.jpg;https://ei.phncdn.com/videos/202608/12/58748755/original/(m=eaf8GgaaaWavb)(mh=rWCN9dnZ1KTw08pI)11.jpg;https://ei.phncdn.com/videos/202608/12/58748755/original/(m=eaf8GgaaaWavb)(mh=rWCN9dnZ1KTw08pI)12.jpg;https://ei.phncdn.com/videos/202608/12/58748755/original/(m=eaf8GgaaaWavb)(mh=rWCN9dnZ1KTw08pI)13.jpg;https://ei.phncdn.com/videos/202608/12/58748755/original/(m=eaf8GgaaaWavb)(mh=rWCN9dnZ1KTw08pI)14.jpg;https://ei.phncdn.com/videos/202608/12/58748755/original/(m=eaf8GgaaaWavb)(mh=rWCN9dnZ1KTw08pI)15.jpg;https://ei.phncdn.com/videos/202608/12/58748755/original/(m=eaf8GgaaaWavb)(mh=rWCN9dnZ1KTw08pI)16.jpg|Virtual Vr Sex Fantasy: Hardcore Russian Deepthroat With vrlatina|vr;vr-porn;virtual-reality;vr-porno;vrlatina;samantha-cherry|Virtual Reality||120|78|||https://ei.phncdn.com/videos/202608/12/58748755/original/(m=eaAaGwObaaamqv)(mh=n4DhPhYeOHdJkFgf)7.jpg|https://ei.phncdn.com/videos/202608/12/58748755/original/(m=eaAaGwObaaamqv)(mh=n4DhPhYeOHdJkFgf)1.jpg;https://ei.phncdn.com/videos/202608/12/58748755/original/(m=eaAaGwObaaamqv)(mh=n4DhPhYeOHdJkFgf)2.jpg;https://ei.phncdn.com/videos/202608/12/58748755/original/(m=eaAaGwObaaamqv)(mh=n4DhPhYeOHdJkFgf)3.jpg;https://ei.phncdn.com/videos/202608/12/58748755/original/(m=eaAaGwObaaamqv)(mh=n4DhPhYeOHdJkFgf)4.jpg;https://ei.phncdn.com/videos/202608/12/58748755/original/(m=eaAaGwObaaamqv)(mh=n4DhPhYeOHdJkFgf)5.jpg;https://ei.phncdn.com/videos/202608/12/58748755/original/(m=eaAaGwObaaamqv)(mh=n4DhPhYeOHdJkFgf)6.jpg;https://ei.phncdn.com/videos/202608/12/58748755/original/(m=eaAaGwObaaamqv)(mh=n4DhPhYeOHdJkFgf)7.jpg;https://ei.phncdn.com/videos/202608/12/58748755/original/(m=eaAaGwObaaamqv)(mh=n4DhPhYeOHdJkFgf)8.jpg;https://ei.phncdn.com/videos/202608/12/58748755/original/(m=eaAaGwObaaamqv)(mh=n4DhPhYeOHdJkFgf)9.jpg;https://ei.phncdn.com/videos/202608/12/58748755/original/(m=eaAaGwObaaamqv)(mh=n4DhPhYeOHdJkFgf)10.jpg;https://ei.phncdn.com/videos/202608/12/58748755/original/(m=eaAaGwObaaamqv)(mh=n4DhPhYeOHdJkFgf)11.jpg;https://ei.phncdn.com/videos/202608/12/58748755/original/(m=eaAaGwObaaamqv)(mh=n4DhPhYeOHdJkFgf)12.jpg;https://ei.phncdn.com/videos/202608/12/58748755/original/(m=eaAaGwObaaamqv)(mh=n4DhPhYeOHdJkFgf)13.jpg;https://ei.phncdn.com/videos/202608/12/58748755/original/(m=eaAaGwObaaamqv)(mh=n4DhPhYeOHdJkFgf)14.jpg;https://ei.phncdn.com/videos/202608/12/58748755/original/(m=eaAaGwObaaamqv)(mh=n4DhPhYeOHdJkFgf)15.jpg;https://ei.phncdn.com/videos/202608/12/58748755/original/(m=eaAaGwObaaamqv)(mh=n4DhPhYeOHdJkFgf)16.jpg
