embed_html|thumbnail|thumbnail_sequence|title|tags|categories|performer|duration_seconds|views|source_metric_1|source_metric_2|thumbnail_large|thumbnail_sequence_large
<iframe src="https://www.pornhub.com/embed/1621222441" frameborder="0" height="481" width="608" scrolling="no"></iframe>|https://ei.phncdn.com/videos/201211/28/7635971/original/(m=eaf8GgaaaWavb)(mh=oFWli_DsyZzR6lv0)13.jpg|https://ei.phncdn.com/videos/201211/28/7635971/original/(m=eaf8GgaaaWavb)(mh=oFWli_DsyZzR6lv0)1.jpg;https://ei.phncdn.com/videos/201211/28/7635971/original/(m=eaf8GgaaaWavb)(mh=oFWli_DsyZzR6lv0)2.jpg;https://ei.phncdn.com/videos/201211/28/7635971/original/(m=eaf8GgaaaWavb)(mh=oFWli_DsyZzR6lv0)3.jpg;https://ei.phncdn.com/videos/201211/28/7635971/original/(m=eaf8GgaaaWavb)(mh=oFWli_DsyZzR6lv0)4.jpg;https://ei.phncdn.com/videos/201211/28/7635971/original/(m=eaf8GgaaaWavb)(mh=oFWli_DsyZzR6lv0)5.jpg;https://ei.phncdn.com/videos/201211/28/7635971/original/(m=eaf8GgaaaWavb)(mh=oFWli_DsyZzR6lv0)6.jpg;https://ei.phncdn.com/videos/201211/28/7635971/original/(m=eaf8GgaaaWavb)(mh=oFWli_DsyZzR6lv0)7.jpg;https://ei.phncdn.com/videos/201211/28/7635971/original/(m=eaf8GgaaaWavb)(mh=oFWli_DsyZzR6lv0)8.jpg;https://ei.phncdn.com/videos/201211/28/7635971/original/(m=eaf8GgaaaWavb)(mh=oFWli_DsyZzR6lv0)9.jpg;https://ei.phncdn.com/videos/201211/28/7635971/original/(m=eaf8GgaaaWavb)(mh=oFWli_DsyZzR6lv0)10.jpg;https://ei.phncdn.com/videos/201211/28/7635971/original/(m=eaf8GgaaaWavb)(mh=oFWli_DsyZzR6lv0)11.jpg;https://ei.phncdn.com/videos/201211/28/7635971/original/(m=eaf8GgaaaWavb)(mh=oFWli_DsyZzR6lv0)12.jpg;https://ei.phncdn.com/videos/201211/28/7635971/original/(m=eaf8GgaaaWavb)(mh=oFWli_DsyZzR6lv0)13.jpg;https://ei.phncdn.com/videos/201211/28/7635971/original/(m=eaf8GgaaaWavb)(mh=oFWli_DsyZzR6lv0)14.jpg;https://ei.phncdn.com/videos/201211/28/7635971/original/(m=eaf8GgaaaWavb)(mh=oFWli_DsyZzR6lv0)15.jpg;https://ei.phncdn.com/videos/201211/28/7635971/original/(m=eaf8GgaaaWavb)(mh=oFWli_DsyZzR6lv0)16.jpg|FakeAgent Russian threesome|homemade;point-of-view;real;casting;interview;office;cumshot|Casting;Russian||589|588078|694|180|https://ei.phncdn.com/videos/201211/28/7635971/original/(m=eaAaGwObaaamqv)(mh=rUxsIgwkbDUh4IyT)13.jpg|https://ei.phncdn.com/videos/201211/28/7635971/original/(m=eaAaGwObaaamqv)(mh=rUxsIgwkbDUh4IyT)1.jpg;https://ei.phncdn.com/videos/201211/28/7635971/original/(m=eaAaGwObaaamqv)(mh=rUxsIgwkbDUh4IyT)2.jpg;https://ei.phncdn.com/videos/201211/28/7635971/original/(m=eaAaGwObaaamqv)(mh=rUxsIgwkbDUh4IyT)3.jpg;https://ei.phncdn.com/videos/201211/28/7635971/original/(m=eaAaGwObaaamqv)(mh=rUxsIgwkbDUh4IyT)4.jpg;https://ei.phncdn.com/videos/201211/28/7635971/original/(m=eaAaGwObaaamqv)(mh=rUxsIgwkbDUh4IyT)5.jpg;https://ei.phncdn.com/videos/201211/28/7635971/original/(m=eaAaGwObaaamqv)(mh=rUxsIgwkbDUh4IyT)6.jpg;https://ei.phncdn.com/videos/201211/28/7635971/original/(m=eaAaGwObaaamqv)(mh=rUxsIgwkbDUh4IyT)7.jpg;https://ei.phncdn.com/videos/201211/28/7635971/original/(m=eaAaGwObaaamqv)(mh=rUxsIgwkbDUh4IyT)8.jpg;https://ei.phncdn.com/videos/201211/28/7635971/original/(m=eaAaGwObaaamqv)(mh=rUxsIgwkbDUh4IyT)9.jpg;https://ei.phncdn.com/videos/201211/28/7635971/original/(m=eaAaGwObaaamqv)(mh=rUxsIgwkbDUh4IyT)10.jpg;https://ei.phncdn.com/videos/201211/28/7635971/original/(m=eaAaGwObaaamqv)(mh=rUxsIgwkbDUh4IyT)11.jpg;https://ei.phncdn.com/videos/201211/28/7635971/original/(m=eaAaGwObaaamqv)(mh=rUxsIgwkbDUh4IyT)12.jpg;https://ei.phncdn.com/videos/201211/28/7635971/original/(m=eaAaGwObaaamqv)(mh=rUxsIgwkbDUh4IyT)13.jpg;https://ei.phncdn.com/videos/201211/28/7635971/original/(m=eaAaGwObaaamqv)(mh=rUxsIgwkbDUh4IyT)14.jpg;https://ei.phncdn.com/videos/201211/28/7635971/original/(m=eaAaGwObaaamqv)(mh=rUxsIgwkbDUh4IyT)15.jpg;https://ei.phncdn.com/videos/201211/28/7635971/original/(m=eaAaGwObaaamqv)(mh=rUxsIgwkbDUh4IyT)16.jpg
<iframe src="https://www.pornhub.com/embed/1772669494" frameborder="0" height="481" width="608" scrolling="no"></iframe>|https://ei.phncdn.com/videos/201306/30/14160781/original/(m=eaf8GgaaaWavb)(mh=4paCxBuPZ3Jnvhp6)8.jpg|https://ei.phncdn.com/videos/201306/30/14160781/original/(m=eaf8GgaaaWavb)(mh=4paCxBuPZ3Jnvhp6)1.jpg;https://ei.phncdn.com/videos/201306/30/14160781/original/(m=eaf8GgaaaWavb)(mh=4paCxBuPZ3Jnvhp6)2.jpg;https://ei.phncdn.com/videos/201306/30/14160781/original/(m=eaf8GgaaaWavb)(mh=4paCxBuPZ3Jnvhp6)3.jpg;https://ei.phncdn.com/videos/201306/30/14160781/original/(m=eaf8GgaaaWavb)(mh=4paCxBuPZ3Jnvhp6)4.jpg;https://ei.phncdn.com/videos/201306/30/14160781/original/(m=eaf8GgaaaWavb)(mh=4paCxBuPZ3Jnvhp6)5.jpg;https://ei.phncdn.com/videos/201306/30/14160781/original/(m=eaf8GgaaaWavb)(mh=4paCxBuPZ3Jnvhp6)6.jpg;https://ei.phncdn.com/videos/201306/30/14160781/original/(m=eaf8GgaaaWavb)(mh=4paCxBuPZ3Jnvhp6)7.jpg;https://ei.phncdn.com/videos/201306/30/14160781/original/(m=eaf8GgaaaWavb)(mh=4paCxBuPZ3Jnvhp6)8.jpg;https://ei.phncdn.com/videos/201306/30/14160781/original/(m=eaf8GgaaaWavb)(mh=4paCxBuPZ3Jnvhp6)9.jpg;https://ei.phncdn.com/videos/201306/30/14160781/original/(m=eaf8GgaaaWavb)(mh=4paCxBuPZ3Jnvhp6)10.jpg;https://ei.phncdn.com/videos/201306/30/14160781/original/(m=eaf8GgaaaWavb)(mh=4paCxBuPZ3Jnvhp6)11.jpg;https://ei.phncdn.com/videos/201306/30/14160781/original/(m=eaf8GgaaaWavb)(mh=4paCxBuPZ3Jnvhp6)12.jpg;https://ei.phncdn.com/videos/201306/30/14160781/original/(m=eaf8GgaaaWavb)(mh=4paCxBuPZ3Jnvhp6)13.jpg;https://ei.phncdn.com/videos/201306/30/14160781/original/(m=eaf8GgaaaWavb)(mh=4paCxBuPZ3Jnvhp6)14.jpg;https://ei.phncdn.com/videos/201306/30/14160781/original/(m=eaf8GgaaaWavb)(mh=4paCxBuPZ3Jnvhp6)15.jpg;https://ei.phncdn.com/videos/201306/30/14160781/original/(m=eaf8GgaaaWavb)(mh=4paCxBuPZ3Jnvhp6)16.jpg|FakeAgent HD Business class brunette fucked senseless|reality;real;pov;amateur;casting;audition;couch;oral-sex;cumshot;homemade;brunette|Casting||648|444574|804|180|https://ei.phncdn.com/videos/201306/30/14160781/original/(m=eaAaGwObaaamqv)(mh=wwQCJiwMOGmw95fd)8.jpg|https://ei.phncdn.com/videos/201306/30/14160781/original/(m=eaAaGwObaaamqv)(mh=wwQCJiwMOGmw95fd)1.jpg;https://ei.phncdn.com/videos/201306/30/14160781/original/(m=eaAaGwObaaamqv)(mh=wwQCJiwMOGmw95fd)2.jpg;https://ei.phncdn.com/videos/201306/30/14160781/original/(m=eaAaGwObaaamqv)(mh=wwQCJiwMOGmw95fd)3.jpg;https://ei.phncdn.com/videos/201306/30/14160781/original/(m=eaAaGwObaaamqv)(mh=wwQCJiwMOGmw95fd)4.jpg;https://ei.phncdn.com/videos/201306/30/14160781/original/(m=eaAaGwObaaamqv)(mh=wwQCJiwMOGmw95fd)5.jpg;https://ei.phncdn.com/videos/201306/30/14160781/original/(m=eaAaGwObaaamqv)(mh=wwQCJiwMOGmw95fd)6.jpg;https://ei.phncdn.com/videos/201306/30/14160781/original/(m=eaAaGwObaaamqv)(mh=wwQCJiwMOGmw95fd)7.jpg;https://ei.phncdn.com/videos/201306/30/14160781/original/(m=eaAaGwObaaamqv)(mh=wwQCJiwMOGmw95fd)8.jpg;https://ei.phncdn.com/videos/201306/30/14160781/original/(m=eaAaGwObaaamqv)(mh=wwQCJiwMOGmw95fd)9.jpg;https://ei.phncdn.com/videos/201306/30/14160781/original/(m=eaAaGwObaaamqv)(mh=wwQCJiwMOGmw95fd)10.jpg;https://ei.phncdn.com/videos/201306/30/14160781/original/(m=eaAaGwObaaamqv)(mh=wwQCJiwMOGmw95fd)11.jpg;https://ei.phncdn.com/videos/201306/30/14160781/original/(m=eaAaGwObaaamqv)(mh=wwQCJiwMOGmw95fd)12.jpg;https://ei.phncdn.com/videos/201306/30/14160781/original/(m=eaAaGwObaaamqv)(mh=wwQCJiwMOGmw95fd)13.jpg;https://ei.phncdn.com/videos/201306/30/14160781/original/(m=eaAaGwObaaamqv)(mh=wwQCJiwMOGmw95fd)14.jpg;https://ei.phncdn.com/videos/201306/30/14160781/original/(m=eaAaGwObaaamqv)(mh=wwQCJiwMOGmw95fd)15.jpg;https://ei.phncdn.com/videos/201306/30/14160781/original/(m=eaAaGwObaaamqv)(mh=wwQCJiwMOGmw95fd)16.jpg
<iframe src="https://www.pornhub.com/embed/ph5a9d4757d1958" frameborder="0" height="481" width="608" scrolling="no"></iframe>|https://ei.phncdn.com/videos/201803/05/156972642/original/(m=eaf8GgaaaWavb)(mh=TZFhuWF1jSKCzDf5)10.jpg|https://ei.phncdn.com/videos/201803/05/156972642/original/(m=eaf8GgaaaWavb)(mh=TZFhuWF1jSKCzDf5)1.jpg;https://ei.phncdn.com/videos/201803/05/156972642/original/(m=eaf8GgaaaWavb)(mh=TZFhuWF1jSKCzDf5)2.jpg;https://ei.phncdn.com/videos/201803/05/156972642/original/(m=eaf8GgaaaWavb)(mh=TZFhuWF1jSKCzDf5)3.jpg;https://ei.phncdn.com/videos/201803/05/156972642/original/(m=eaf8GgaaaWavb)(mh=TZFhuWF1jSKCzDf5)4.jpg;https://ei.phncdn.com/videos/201803/05/156972642/original/(m=eaf8GgaaaWavb)(mh=TZFhuWF1jSKCzDf5)5.jpg;https://ei.phncdn.com/videos/201803/05/156972642/original/(m=eaf8GgaaaWavb)(mh=TZFhuWF1jSKCzDf5)6.jpg;https://ei.phncdn.com/videos/201803/05/156972642/original/(m=eaf8GgaaaWavb)(mh=TZFhuWF1jSKCzDf5)7.jpg;https://ei.phncdn.com/videos/201803/05/156972642/original/(m=eaf8GgaaaWavb)(mh=TZFhuWF1jSKCzDf5)8.jpg;https://ei.phncdn.com/videos/201803/05/156972642/original/(m=eaf8GgaaaWavb)(mh=TZFhuWF1jSKCzDf5)9.jpg;https://ei.phncdn.com/videos/201803/05/156972642/original/(m=eaf8GgaaaWavb)(mh=TZFhuWF1jSKCzDf5)10.jpg;https://ei.phncdn.com/videos/201803/05/156972642/original/(m=eaf8GgaaaWavb)(mh=TZFhuWF1jSKCzDf5)11.jpg;https://ei.phncdn.com/videos/201803/05/156972642/original/(m=eaf8GgaaaWavb)(mh=TZFhuWF1jSKCzDf5)12.jpg;https://ei.phncdn.com/videos/201803/05/156972642/original/(m=eaf8GgaaaWavb)(mh=TZFhuWF1jSKCzDf5)13.jpg;https://ei.phncdn.com/videos/201803/05/156972642/original/(m=eaf8GgaaaWavb)(mh=TZFhuWF1jSKCzDf5)14.jpg;https://ei.phncdn.com/videos/201803/05/156972642/original/(m=eaf8GgaaaWavb)(mh=TZFhuWF1jSKCzDf5)15.jpg;https://ei.phncdn.com/videos/201803/05/156972642/original/(m=eaf8GgaaaWavb)(mh=TZFhuWF1jSKCzDf5)16.jpg|LOAN4K. Sex, sex and rock’n’roll|loan4k;casting;czech-casting;audition;public-agent;agent;interview;czech-couple-money;cash-for-sex;teens-for-cash|Casting;Czech;60FPS||518|4308|4|5|https://ei.phncdn.com/videos/201803/05/156972642/original/(m=eaAaGwObaaamqv)(mh=sfYqKmg4aEnXR3kD)10.jpg|https://ei.phncdn.com/videos/201803/05/156972642/original/(m=eaAaGwObaaamqv)(mh=sfYqKmg4aEnXR3kD)1.jpg;https://ei.phncdn.com/videos/201803/05/156972642/original/(m=eaAaGwObaaamqv)(mh=sfYqKmg4aEnXR3kD)2.jpg;https://ei.phncdn.com/videos/201803/05/156972642/original/(m=eaAaGwObaaamqv)(mh=sfYqKmg4aEnXR3kD)3.jpg;https://ei.phncdn.com/videos/201803/05/156972642/original/(m=eaAaGwObaaamqv)(mh=sfYqKmg4aEnXR3kD)4.jpg;https://ei.phncdn.com/videos/201803/05/156972642/original/(m=eaAaGwObaaamqv)(mh=sfYqKmg4aEnXR3kD)5.jpg;https://ei.phncdn.com/videos/201803/05/156972642/original/(m=eaAaGwObaaamqv)(mh=sfYqKmg4aEnXR3kD)6.jpg;https://ei.phncdn.com/videos/201803/05/156972642/original/(m=eaAaGwObaaamqv)(mh=sfYqKmg4aEnXR3kD)7.jpg;https://ei.phncdn.com/videos/201803/05/156972642/original/(m=eaAaGwObaaamqv)(mh=sfYqKmg4aEnXR3kD)8.jpg;https://ei.phncdn.com/videos/201803/05/156972642/original/(m=eaAaGwObaaamqv)(mh=sfYqKmg4aEnXR3kD)9.jpg;https://ei.phncdn.com/videos/201803/05/156972642/original/(m=eaAaGwObaaamqv)(mh=sfYqKmg4aEnXR3kD)10.jpg;https://ei.phncdn.com/videos/201803/05/156972642/original/(m=eaAaGwObaaamqv)(mh=sfYqKmg4aEnXR3kD)11.jpg;https://ei.phncdn.com/videos/201803/05/156972642/original/(m=eaAaGwObaaamqv)(mh=sfYqKmg4aEnXR3kD)12.jpg;https://ei.phncdn.com/videos/201803/05/156972642/original/(m=eaAaGwObaaamqv)(mh=sfYqKmg4aEnXR3kD)13.jpg;https://ei.phncdn.com/videos/201803/05/156972642/original/(m=eaAaGwObaaamqv)(mh=sfYqKmg4aEnXR3kD)14.jpg;https://ei.phncdn.com/videos/201803/05/156972642/original/(m=eaAaGwObaaamqv)(mh=sfYqKmg4aEnXR3kD)15.jpg;https://ei.phncdn.com/videos/201803/05/156972642/original/(m=eaAaGwObaaamqv)(mh=sfYqKmg4aEnXR3kD)16.jpg
<iframe src="https://www.pornhub.com/embed/ph5aafc9f74b7fd" frameborder="0" height="481" width="608" scrolling="no"></iframe>|https://ei.phncdn.com/videos/201803/19/158735082/original/(m=eaf8GgaaaWavb)(mh=fTXGAio_AXk2vLMB)7.jpg|https://ei.phncdn.com/videos/201803/19/158735082/original/(m=eaf8GgaaaWavb)(mh=fTXGAio_AXk2vLMB)1.jpg;https://ei.phncdn.com/videos/201803/19/158735082/original/(m=eaf8GgaaaWavb)(mh=fTXGAio_AXk2vLMB)2.jpg;https://ei.phncdn.com/videos/201803/19/158735082/original/(m=eaf8GgaaaWavb)(mh=fTXGAio_AXk2vLMB)3.jpg;https://ei.phncdn.com/videos/201803/19/158735082/original/(m=eaf8GgaaaWavb)(mh=fTXGAio_AXk2vLMB)4.jpg;https://ei.phncdn.com/videos/201803/19/158735082/original/(m=eaf8GgaaaWavb)(mh=fTXGAio_AXk2vLMB)5.jpg;https://ei.phncdn.com/videos/201803/19/158735082/original/(m=eaf8GgaaaWavb)(mh=fTXGAio_AXk2vLMB)6.jpg;https://ei.phncdn.com/videos/201803/19/158735082/original/(m=eaf8GgaaaWavb)(mh=fTXGAio_AXk2vLMB)7.jpg;https://ei.phncdn.com/videos/201803/19/158735082/original/(m=eaf8GgaaaWavb)(mh=fTXGAio_AXk2vLMB)8.jpg;https://ei.phncdn.com/videos/201803/19/158735082/original/(m=eaf8GgaaaWavb)(mh=fTXGAio_AXk2vLMB)9.jpg;https://ei.phncdn.com/videos/201803/19/158735082/original/(m=eaf8GgaaaWavb)(mh=fTXGAio_AXk2vLMB)10.jpg;https://ei.phncdn.com/videos/201803/19/158735082/original/(m=eaf8GgaaaWavb)(mh=fTXGAio_AXk2vLMB)11.jpg;https://ei.phncdn.com/videos/201803/19/158735082/original/(m=eaf8GgaaaWavb)(mh=fTXGAio_AXk2vLMB)12.jpg;https://ei.phncdn.com/videos/201803/19/158735082/original/(m=eaf8GgaaaWavb)(mh=fTXGAio_AXk2vLMB)13.jpg;https://ei.phncdn.com/videos/201803/19/158735082/original/(m=eaf8GgaaaWavb)(mh=fTXGAio_AXk2vLMB)14.jpg;https://ei.phncdn.com/videos/201803/19/158735082/original/(m=eaf8GgaaaWavb)(mh=fTXGAio_AXk2vLMB)15.jpg;https://ei.phncdn.com/videos/201803/19/158735082/original/(m=eaf8GgaaaWavb)(mh=fTXGAio_AXk2vLMB)16.jpg|LOAN4K. Small issues for rich people|loan4k;cash-for-sex;cash;czech-couple-money;money;audition;interviewsex;teen-casting|Casting;Czech;60FPS||539|20798|32|19|https://ei.phncdn.com/videos/201803/19/158735082/original/(m=eaAaGwObaaamqv)(mh=rhVXb8lW00_jflyx)7.jpg|https://ei.phncdn.com/videos/201803/19/158735082/original/(m=eaAaGwObaaamqv)(mh=rhVXb8lW00_jflyx)1.jpg;https://ei.phncdn.com/videos/201803/19/158735082/original/(m=eaAaGwObaaamqv)(mh=rhVXb8lW00_jflyx)2.jpg;https://ei.phncdn.com/videos/201803/19/158735082/original/(m=eaAaGwObaaamqv)(mh=rhVXb8lW00_jflyx)3.jpg;https://ei.phncdn.com/videos/201803/19/158735082/original/(m=eaAaGwObaaamqv)(mh=rhVXb8lW00_jflyx)4.jpg;https://ei.phncdn.com/videos/201803/19/158735082/original/(m=eaAaGwObaaamqv)(mh=rhVXb8lW00_jflyx)5.jpg;https://ei.phncdn.com/videos/201803/19/158735082/original/(m=eaAaGwObaaamqv)(mh=rhVXb8lW00_jflyx)6.jpg;https://ei.phncdn.com/videos/201803/19/158735082/original/(m=eaAaGwObaaamqv)(mh=rhVXb8lW00_jflyx)7.jpg;https://ei.phncdn.com/videos/201803/19/158735082/original/(m=eaAaGwObaaamqv)(mh=rhVXb8lW00_jflyx)8.jpg;https://ei.phncdn.com/videos/201803/19/158735082/original/(m=eaAaGwObaaamqv)(mh=rhVXb8lW00_jflyx)9.jpg;https://ei.phncdn.com/videos/201803/19/158735082/original/(m=eaAaGwObaaamqv)(mh=rhVXb8lW00_jflyx)10.jpg;https://ei.phncdn.com/videos/201803/19/158735082/original/(m=eaAaGwObaaamqv)(mh=rhVXb8lW00_jflyx)11.jpg;https://ei.phncdn.com/videos/201803/19/158735082/original/(m=eaAaGwObaaamqv)(mh=rhVXb8lW00_jflyx)12.jpg;https://ei.phncdn.com/videos/201803/19/158735082/original/(m=eaAaGwObaaamqv)(mh=rhVXb8lW00_jflyx)13.jpg;https://ei.phncdn.com/videos/201803/19/158735082/original/(m=eaAaGwObaaamqv)(mh=rhVXb8lW00_jflyx)14.jpg;https://ei.phncdn.com/videos/201803/19/158735082/original/(m=eaAaGwObaaamqv)(mh=rhVXb8lW00_jflyx)15.jpg;https://ei.phncdn.com/videos/201803/19/158735082/original/(m=eaAaGwObaaamqv)(mh=rhVXb8lW00_jflyx)16.jpg
<iframe src="https://www.pornhub.com/embed/ph5ab9299237464" frameborder="0" height="481" width="608" scrolling="no"></iframe>|https://ei.phncdn.com/videos/201803/26/159671042/original/(m=eaf8GgaaaWavb)(mh=euTVIMtoQBm6xe9X)2.jpg|https://ei.phncdn.com/videos/201803/26/159671042/original/(m=eaf8GgaaaWavb)(mh=euTVIMtoQBm6xe9X)1.jpg;https://ei.phncdn.com/videos/201803/26/159671042/original/(m=eaf8GgaaaWavb)(mh=euTVIMtoQBm6xe9X)2.jpg;https://ei.phncdn.com/videos/201803/26/159671042/original/(m=eaf8GgaaaWavb)(mh=euTVIMtoQBm6xe9X)3.jpg;https://ei.phncdn.com/videos/201803/26/159671042/original/(m=eaf8GgaaaWavb)(mh=euTVIMtoQBm6xe9X)4.jpg;https://ei.phncdn.com/videos/201803/26/159671042/original/(m=eaf8GgaaaWavb)(mh=euTVIMtoQBm6xe9X)5.jpg;https://ei.phncdn.com/videos/201803/26/159671042/original/(m=eaf8GgaaaWavb)(mh=euTVIMtoQBm6xe9X)6.jpg;https://ei.phncdn.com/videos/201803/26/159671042/original/(m=eaf8GgaaaWavb)(mh=euTVIMtoQBm6xe9X)7.jpg;https://ei.phncdn.com/videos/201803/26/159671042/original/(m=eaf8GgaaaWavb)(mh=euTVIMtoQBm6xe9X)8.jpg;https://ei.phncdn.com/videos/201803/26/159671042/original/(m=eaf8GgaaaWavb)(mh=euTVIMtoQBm6xe9X)9.jpg;https://ei.phncdn.com/videos/201803/26/159671042/original/(m=eaf8GgaaaWavb)(mh=euTVIMtoQBm6xe9X)10.jpg;https://ei.phncdn.com/videos/201803/26/159671042/original/(m=eaf8GgaaaWavb)(mh=euTVIMtoQBm6xe9X)11.jpg;https://ei.phncdn.com/videos/201803/26/159671042/original/(m=eaf8GgaaaWavb)(mh=euTVIMtoQBm6xe9X)12.jpg;https://ei.phncdn.com/videos/201803/26/159671042/original/(m=eaf8GgaaaWavb)(mh=euTVIMtoQBm6xe9X)13.jpg;https://ei.phncdn.com/videos/201803/26/159671042/original/(m=eaf8GgaaaWavb)(mh=euTVIMtoQBm6xe9X)14.jpg;https://ei.phncdn.com/videos/201803/26/159671042/original/(m=eaf8GgaaaWavb)(mh=euTVIMtoQBm6xe9X)15.jpg;https://ei.phncdn.com/videos/201803/26/159671042/original/(m=eaf8GgaaaWavb)(mh=euTVIMtoQBm6xe9X)16.jpg|LOAN4K. Sex, sex and rock’n’roll|loan4k;big-cock;teenager casting;czech-casting;audition;interview;czech-couple-money;money;fuck-for-money;sex-for-money;public-agent;agent|Casting;Czech;60FPS||451|10749|31|19|https://ei.phncdn.com/videos/201803/26/159671042/original/(m=eaAaGwObaaamqv)(mh=jJkQQ08U9vOGCv8F)2.jpg|https://ei.phncdn.com/videos/201803/26/159671042/original/(m=eaAaGwObaaamqv)(mh=jJkQQ08U9vOGCv8F)1.jpg;https://ei.phncdn.com/videos/201803/26/159671042/original/(m=eaAaGwObaaamqv)(mh=jJkQQ08U9vOGCv8F)2.jpg;https://ei.phncdn.com/videos/201803/26/159671042/original/(m=eaAaGwObaaamqv)(mh=jJkQQ08U9vOGCv8F)3.jpg;https://ei.phncdn.com/videos/201803/26/159671042/original/(m=eaAaGwObaaamqv)(mh=jJkQQ08U9vOGCv8F)4.jpg;https://ei.phncdn.com/videos/201803/26/159671042/original/(m=eaAaGwObaaamqv)(mh=jJkQQ08U9vOGCv8F)5.jpg;https://ei.phncdn.com/videos/201803/26/159671042/original/(m=eaAaGwObaaamqv)(mh=jJkQQ08U9vOGCv8F)6.jpg;https://ei.phncdn.com/videos/201803/26/159671042/original/(m=eaAaGwObaaamqv)(mh=jJkQQ08U9vOGCv8F)7.jpg;https://ei.phncdn.com/videos/201803/26/159671042/original/(m=eaAaGwObaaamqv)(mh=jJkQQ08U9vOGCv8F)8.jpg;https://ei.phncdn.com/videos/201803/26/159671042/original/(m=eaAaGwObaaamqv)(mh=jJkQQ08U9vOGCv8F)9.jpg;https://ei.phncdn.com/videos/201803/26/159671042/original/(m=eaAaGwObaaamqv)(mh=jJkQQ08U9vOGCv8F)10.jpg;https://ei.phncdn.com/videos/201803/26/159671042/original/(m=eaAaGwObaaamqv)(mh=jJkQQ08U9vOGCv8F)11.jpg;https://ei.phncdn.com/videos/201803/26/159671042/original/(m=eaAaGwObaaamqv)(mh=jJkQQ08U9vOGCv8F)12.jpg;https://ei.phncdn.com/videos/201803/26/159671042/original/(m=eaAaGwObaaamqv)(mh=jJkQQ08U9vOGCv8F)13.jpg;https://ei.phncdn.com/videos/201803/26/159671042/original/(m=eaAaGwObaaamqv)(mh=jJkQQ08U9vOGCv8F)14.jpg;https://ei.phncdn.com/videos/201803/26/159671042/original/(m=eaAaGwObaaamqv)(mh=jJkQQ08U9vOGCv8F)15.jpg;https://ei.phncdn.com/videos/201803/26/159671042/original/(m=eaAaGwObaaamqv)(mh=jJkQQ08U9vOGCv8F)16.jpg
<iframe src="https://www.pornhub.com/embed/ph5ac381c7afd98" frameborder="0" height="481" width="608" scrolling="no"></iframe>|https://ei.phncdn.com/videos/201804/03/160665262/original/(m=eaf8GgaaaWavb)(mh=5JyEimYSFd5exLiD)1.jpg|https://ei.phncdn.com/videos/201804/03/160665262/original/(m=eaf8GgaaaWavb)(mh=5JyEimYSFd5exLiD)1.jpg;https://ei.phncdn.com/videos/201804/03/160665262/original/(m=eaf8GgaaaWavb)(mh=5JyEimYSFd5exLiD)2.jpg;https://ei.phncdn.com/videos/201804/03/160665262/original/(m=eaf8GgaaaWavb)(mh=5JyEimYSFd5exLiD)3.jpg;https://ei.phncdn.com/videos/201804/03/160665262/original/(m=eaf8GgaaaWavb)(mh=5JyEimYSFd5exLiD)4.jpg;https://ei.phncdn.com/videos/201804/03/160665262/original/(m=eaf8GgaaaWavb)(mh=5JyEimYSFd5exLiD)5.jpg;https://ei.phncdn.com/videos/201804/03/160665262/original/(m=eaf8GgaaaWavb)(mh=5JyEimYSFd5exLiD)6.jpg;https://ei.phncdn.com/videos/201804/03/160665262/original/(m=eaf8GgaaaWavb)(mh=5JyEimYSFd5exLiD)7.jpg;https://ei.phncdn.com/videos/201804/03/160665262/original/(m=eaf8GgaaaWavb)(mh=5JyEimYSFd5exLiD)8.jpg;https://ei.phncdn.com/videos/201804/03/160665262/original/(m=eaf8GgaaaWavb)(mh=5JyEimYSFd5exLiD)9.jpg;https://ei.phncdn.com/videos/201804/03/160665262/original/(m=eaf8GgaaaWavb)(mh=5JyEimYSFd5exLiD)10.jpg;https://ei.phncdn.com/videos/201804/03/160665262/original/(m=eaf8GgaaaWavb)(mh=5JyEimYSFd5exLiD)11.jpg;https://ei.phncdn.com/videos/201804/03/160665262/original/(m=eaf8GgaaaWavb)(mh=5JyEimYSFd5exLiD)12.jpg;https://ei.phncdn.com/videos/201804/03/160665262/original/(m=eaf8GgaaaWavb)(mh=5JyEimYSFd5exLiD)13.jpg;https://ei.phncdn.com/videos/201804/03/160665262/original/(m=eaf8GgaaaWavb)(mh=5JyEimYSFd5exLiD)14.jpg;https://ei.phncdn.com/videos/201804/03/160665262/original/(m=eaf8GgaaaWavb)(mh=5JyEimYSFd5exLiD)15.jpg;https://ei.phncdn.com/videos/201804/03/160665262/original/(m=eaf8GgaaaWavb)(mh=5JyEimYSFd5exLiD)16.jpg|LOAN4K. Small issues for rich people|loan4k;teenager;young;casting;czech-casting;audition;interview;czech-couple-money;money;fuck-for-money;sex-for-money;public-agent;agent|Casting;Czech;60FPS||489|19141|38|13|https://ei.phncdn.com/videos/201804/03/160665262/original/(m=eaAaGwObaaamqv)(mh=F3pKe9w0Gi8MKek7)1.jpg|https://ei.phncdn.com/videos/201804/03/160665262/original/(m=eaAaGwObaaamqv)(mh=F3pKe9w0Gi8MKek7)1.jpg;https://ei.phncdn.com/videos/201804/03/160665262/original/(m=eaAaGwObaaamqv)(mh=F3pKe9w0Gi8MKek7)2.jpg;https://ei.phncdn.com/videos/201804/03/160665262/original/(m=eaAaGwObaaamqv)(mh=F3pKe9w0Gi8MKek7)3.jpg;https://ei.phncdn.com/videos/201804/03/160665262/original/(m=eaAaGwObaaamqv)(mh=F3pKe9w0Gi8MKek7)4.jpg;https://ei.phncdn.com/videos/201804/03/160665262/original/(m=eaAaGwObaaamqv)(mh=F3pKe9w0Gi8MKek7)5.jpg;https://ei.phncdn.com/videos/201804/03/160665262/original/(m=eaAaGwObaaamqv)(mh=F3pKe9w0Gi8MKek7)6.jpg;https://ei.phncdn.com/videos/201804/03/160665262/original/(m=eaAaGwObaaamqv)(mh=F3pKe9w0Gi8MKek7)7.jpg;https://ei.phncdn.com/videos/201804/03/160665262/original/(m=eaAaGwObaaamqv)(mh=F3pKe9w0Gi8MKek7)8.jpg;https://ei.phncdn.com/videos/201804/03/160665262/original/(m=eaAaGwObaaamqv)(mh=F3pKe9w0Gi8MKek7)9.jpg;https://ei.phncdn.com/videos/201804/03/160665262/original/(m=eaAaGwObaaamqv)(mh=F3pKe9w0Gi8MKek7)10.jpg;https://ei.phncdn.com/videos/201804/03/160665262/original/(m=eaAaGwObaaamqv)(mh=F3pKe9w0Gi8MKek7)11.jpg;https://ei.phncdn.com/videos/201804/03/160665262/original/(m=eaAaGwObaaamqv)(mh=F3pKe9w0Gi8MKek7)12.jpg;https://ei.phncdn.com/videos/201804/03/160665262/original/(m=eaAaGwObaaamqv)(mh=F3pKe9w0Gi8MKek7)13.jpg;https://ei.phncdn.com/videos/201804/03/160665262/original/(m=eaAaGwObaaamqv)(mh=F3pKe9w0Gi8MKek7)14.jpg;https://ei.phncdn.com/videos/201804/03/160665262/original/(m=eaAaGwObaaamqv)(mh=F3pKe9w0Gi8MKek7)15.jpg;https://ei.phncdn.com/videos/201804/03/160665262/original/(m=eaAaGwObaaamqv)(mh=F3pKe9w0Gi8MKek7)16.jpg
<iframe src="https://www.pornhub.com/embed/ph5ad4b81cde429" frameborder="0" height="481" width="608" scrolling="no"></iframe>|https://ei.phncdn.com/videos/201804/16/162326232/original/(m=eaf8GgaaaWavb)(mh=-BWdO1ty7GEP1XQH)15.jpg|https://ei.phncdn.com/videos/201804/16/162326232/original/(m=eaf8GgaaaWavb)(mh=-BWdO1ty7GEP1XQH)1.jpg;https://ei.phncdn.com/videos/201804/16/162326232/original/(m=eaf8GgaaaWavb)(mh=-BWdO1ty7GEP1XQH)2.jpg;https://ei.phncdn.com/videos/201804/16/162326232/original/(m=eaf8GgaaaWavb)(mh=-BWdO1ty7GEP1XQH)3.jpg;https://ei.phncdn.com/videos/201804/16/162326232/original/(m=eaf8GgaaaWavb)(mh=-BWdO1ty7GEP1XQH)4.jpg;https://ei.phncdn.com/videos/201804/16/162326232/original/(m=eaf8GgaaaWavb)(mh=-BWdO1ty7GEP1XQH)5.jpg;https://ei.phncdn.com/videos/201804/16/162326232/original/(m=eaf8GgaaaWavb)(mh=-BWdO1ty7GEP1XQH)6.jpg;https://ei.phncdn.com/videos/201804/16/162326232/original/(m=eaf8GgaaaWavb)(mh=-BWdO1ty7GEP1XQH)7.jpg;https://ei.phncdn.com/videos/201804/16/162326232/original/(m=eaf8GgaaaWavb)(mh=-BWdO1ty7GEP1XQH)8.jpg;https://ei.phncdn.com/videos/201804/16/162326232/original/(m=eaf8GgaaaWavb)(mh=-BWdO1ty7GEP1XQH)9.jpg;https://ei.phncdn.com/videos/201804/16/162326232/original/(m=eaf8GgaaaWavb)(mh=-BWdO1ty7GEP1XQH)10.jpg;https://ei.phncdn.com/videos/201804/16/162326232/original/(m=eaf8GgaaaWavb)(mh=-BWdO1ty7GEP1XQH)11.jpg;https://ei.phncdn.com/videos/201804/16/162326232/original/(m=eaf8GgaaaWavb)(mh=-BWdO1ty7GEP1XQH)12.jpg;https://ei.phncdn.com/videos/201804/16/162326232/original/(m=eaf8GgaaaWavb)(mh=-BWdO1ty7GEP1XQH)13.jpg;https://ei.phncdn.com/videos/201804/16/162326232/original/(m=eaf8GgaaaWavb)(mh=-BWdO1ty7GEP1XQH)14.jpg;https://ei.phncdn.com/videos/201804/16/162326232/original/(m=eaf8GgaaaWavb)(mh=-BWdO1ty7GEP1XQH)15.jpg;https://ei.phncdn.com/videos/201804/16/162326232/original/(m=eaf8GgaaaWavb)(mh=-BWdO1ty7GEP1XQH)16.jpg|GIRLS WANTED: BangBros Is Hiring. Make Lots Of Money, Work In Paradise!|bangbros;bang-bros;adult-jobs;porn-jobs;jobs-in-porn;pornstars-wanted;hot-girls-wanted;girls-wanted;jobs-for-women;adult-industry-jobs;now-hiring;become-a-pornstar;high-paying-jobs|Casting||199|14041|61|16|https://ei.phncdn.com/videos/201804/16/162326232/original/(m=eaAaGwObaaamqv)(mh=oX9nxMwc3swUzsDs)15.jpg|https://ei.phncdn.com/videos/201804/16/162326232/original/(m=eaAaGwObaaamqv)(mh=oX9nxMwc3swUzsDs)1.jpg;https://ei.phncdn.com/videos/201804/16/162326232/original/(m=eaAaGwObaaamqv)(mh=oX9nxMwc3swUzsDs)2.jpg;https://ei.phncdn.com/videos/201804/16/162326232/original/(m=eaAaGwObaaamqv)(mh=oX9nxMwc3swUzsDs)3.jpg;https://ei.phncdn.com/videos/201804/16/162326232/original/(m=eaAaGwObaaamqv)(mh=oX9nxMwc3swUzsDs)4.jpg;https://ei.phncdn.com/videos/201804/16/162326232/original/(m=eaAaGwObaaamqv)(mh=oX9nxMwc3swUzsDs)5.jpg;https://ei.phncdn.com/videos/201804/16/162326232/original/(m=eaAaGwObaaamqv)(mh=oX9nxMwc3swUzsDs)6.jpg;https://ei.phncdn.com/videos/201804/16/162326232/original/(m=eaAaGwObaaamqv)(mh=oX9nxMwc3swUzsDs)7.jpg;https://ei.phncdn.com/videos/201804/16/162326232/original/(m=eaAaGwObaaamqv)(mh=oX9nxMwc3swUzsDs)8.jpg;https://ei.phncdn.com/videos/201804/16/162326232/original/(m=eaAaGwObaaamqv)(mh=oX9nxMwc3swUzsDs)9.jpg;https://ei.phncdn.com/videos/201804/16/162326232/original/(m=eaAaGwObaaamqv)(mh=oX9nxMwc3swUzsDs)10.jpg;https://ei.phncdn.com/videos/201804/16/162326232/original/(m=eaAaGwObaaamqv)(mh=oX9nxMwc3swUzsDs)11.jpg;https://ei.phncdn.com/videos/201804/16/162326232/original/(m=eaAaGwObaaamqv)(mh=oX9nxMwc3swUzsDs)12.jpg;https://ei.phncdn.com/videos/201804/16/162326232/original/(m=eaAaGwObaaamqv)(mh=oX9nxMwc3swUzsDs)13.jpg;https://ei.phncdn.com/videos/201804/16/162326232/original/(m=eaAaGwObaaamqv)(mh=oX9nxMwc3swUzsDs)14.jpg;https://ei.phncdn.com/videos/201804/16/162326232/original/(m=eaAaGwObaaamqv)(mh=oX9nxMwc3swUzsDs)15.jpg;https://ei.phncdn.com/videos/201804/16/162326232/original/(m=eaAaGwObaaamqv)(mh=oX9nxMwc3swUzsDs)16.jpg
<iframe src="https://www.pornhub.com/embed/ph5d2595ff11e56" frameborder="0" height="481" width="608" scrolling="no"></iframe>|https://ei.phncdn.com/videos/201907/10/234414251/original/(m=eaf8GgaaaWavb)(mh=zdw-KgTu0S6mLG7n)10.jpg|https://ei.phncdn.com/videos/201907/10/234414251/original/(m=eaf8GgaaaWavb)(mh=zdw-KgTu0S6mLG7n)1.jpg;https://ei.phncdn.com/videos/201907/10/234414251/original/(m=eaf8GgaaaWavb)(mh=zdw-KgTu0S6mLG7n)2.jpg;https://ei.phncdn.com/videos/201907/10/234414251/original/(m=eaf8GgaaaWavb)(mh=zdw-KgTu0S6mLG7n)3.jpg;https://ei.phncdn.com/videos/201907/10/234414251/original/(m=eaf8GgaaaWavb)(mh=zdw-KgTu0S6mLG7n)4.jpg;https://ei.phncdn.com/videos/201907/10/234414251/original/(m=eaf8GgaaaWavb)(mh=zdw-KgTu0S6mLG7n)5.jpg;https://ei.phncdn.com/videos/201907/10/234414251/original/(m=eaf8GgaaaWavb)(mh=zdw-KgTu0S6mLG7n)6.jpg;https://ei.phncdn.com/videos/201907/10/234414251/original/(m=eaf8GgaaaWavb)(mh=zdw-KgTu0S6mLG7n)7.jpg;https://ei.phncdn.com/videos/201907/10/234414251/original/(m=eaf8GgaaaWavb)(mh=zdw-KgTu0S6mLG7n)8.jpg;https://ei.phncdn.com/videos/201907/10/234414251/original/(m=eaf8GgaaaWavb)(mh=zdw-KgTu0S6mLG7n)9.jpg;https://ei.phncdn.com/videos/201907/10/234414251/original/(m=eaf8GgaaaWavb)(mh=zdw-KgTu0S6mLG7n)10.jpg;https://ei.phncdn.com/videos/201907/10/234414251/original/(m=eaf8GgaaaWavb)(mh=zdw-KgTu0S6mLG7n)11.jpg;https://ei.phncdn.com/videos/201907/10/234414251/original/(m=eaf8GgaaaWavb)(mh=zdw-KgTu0S6mLG7n)12.jpg;https://ei.phncdn.com/videos/201907/10/234414251/original/(m=eaf8GgaaaWavb)(mh=zdw-KgTu0S6mLG7n)13.jpg;https://ei.phncdn.com/videos/201907/10/234414251/original/(m=eaf8GgaaaWavb)(mh=zdw-KgTu0S6mLG7n)14.jpg;https://ei.phncdn.com/videos/201907/10/234414251/original/(m=eaf8GgaaaWavb)(mh=zdw-KgTu0S6mLG7n)15.jpg;https://ei.phncdn.com/videos/201907/10/234414251/original/(m=eaf8GgaaaWavb)(mh=zdw-KgTu0S6mLG7n)16.jpg|benjamin-20 star du porno|jean-benjamin|Casting;Solo Male;Exclusive;Verified Amateurs||265|387|1|0|https://ei.phncdn.com/videos/201907/10/234414251/original/(m=eaAaGwObaaamqv)(mh=VVdS_VMXcea92wqb)10.jpg|https://ei.phncdn.com/videos/201907/10/234414251/original/(m=eaAaGwObaaamqv)(mh=VVdS_VMXcea92wqb)1.jpg;https://ei.phncdn.com/videos/201907/10/234414251/original/(m=eaAaGwObaaamqv)(mh=VVdS_VMXcea92wqb)2.jpg;https://ei.phncdn.com/videos/201907/10/234414251/original/(m=eaAaGwObaaamqv)(mh=VVdS_VMXcea92wqb)3.jpg;https://ei.phncdn.com/videos/201907/10/234414251/original/(m=eaAaGwObaaamqv)(mh=VVdS_VMXcea92wqb)4.jpg;https://ei.phncdn.com/videos/201907/10/234414251/original/(m=eaAaGwObaaamqv)(mh=VVdS_VMXcea92wqb)5.jpg;https://ei.phncdn.com/videos/201907/10/234414251/original/(m=eaAaGwObaaamqv)(mh=VVdS_VMXcea92wqb)6.jpg;https://ei.phncdn.com/videos/201907/10/234414251/original/(m=eaAaGwObaaamqv)(mh=VVdS_VMXcea92wqb)7.jpg;https://ei.phncdn.com/videos/201907/10/234414251/original/(m=eaAaGwObaaamqv)(mh=VVdS_VMXcea92wqb)8.jpg;https://ei.phncdn.com/videos/201907/10/234414251/original/(m=eaAaGwObaaamqv)(mh=VVdS_VMXcea92wqb)9.jpg;https://ei.phncdn.com/videos/201907/10/234414251/original/(m=eaAaGwObaaamqv)(mh=VVdS_VMXcea92wqb)10.jpg;https://ei.phncdn.com/videos/201907/10/234414251/original/(m=eaAaGwObaaamqv)(mh=VVdS_VMXcea92wqb)11.jpg;https://ei.phncdn.com/videos/201907/10/234414251/original/(m=eaAaGwObaaamqv)(mh=VVdS_VMXcea92wqb)12.jpg;https://ei.phncdn.com/videos/201907/10/234414251/original/(m=eaAaGwObaaamqv)(mh=VVdS_VMXcea92wqb)13.jpg;https://ei.phncdn.com/videos/201907/10/234414251/original/(m=eaAaGwObaaamqv)(mh=VVdS_VMXcea92wqb)14.jpg;https://ei.phncdn.com/videos/201907/10/234414251/original/(m=eaAaGwObaaamqv)(mh=VVdS_VMXcea92wqb)15.jpg;https://ei.phncdn.com/videos/201907/10/234414251/original/(m=eaAaGwObaaamqv)(mh=VVdS_VMXcea92wqb)16.jpg
<iframe src="https://www.pornhub.com/embed/ph5d56213403a8c" frameborder="0" height="481" width="608" scrolling="no"></iframe>|https://ei.phncdn.com/videos/201908/16/242017721/original/(m=eaf8GgaaaWavb)(mh=Nlkev8_MSDpJv7IG)15.jpg|https://ei.phncdn.com/videos/201908/16/242017721/original/(m=eaf8GgaaaWavb)(mh=Nlkev8_MSDpJv7IG)1.jpg;https://ei.phncdn.com/videos/201908/16/242017721/original/(m=eaf8GgaaaWavb)(mh=Nlkev8_MSDpJv7IG)2.jpg;https://ei.phncdn.com/videos/201908/16/242017721/original/(m=eaf8GgaaaWavb)(mh=Nlkev8_MSDpJv7IG)3.jpg;https://ei.phncdn.com/videos/201908/16/242017721/original/(m=eaf8GgaaaWavb)(mh=Nlkev8_MSDpJv7IG)4.jpg;https://ei.phncdn.com/videos/201908/16/242017721/original/(m=eaf8GgaaaWavb)(mh=Nlkev8_MSDpJv7IG)5.jpg;https://ei.phncdn.com/videos/201908/16/242017721/original/(m=eaf8GgaaaWavb)(mh=Nlkev8_MSDpJv7IG)6.jpg;https://ei.phncdn.com/videos/201908/16/242017721/original/(m=eaf8GgaaaWavb)(mh=Nlkev8_MSDpJv7IG)7.jpg;https://ei.phncdn.com/videos/201908/16/242017721/original/(m=eaf8GgaaaWavb)(mh=Nlkev8_MSDpJv7IG)8.jpg;https://ei.phncdn.com/videos/201908/16/242017721/original/(m=eaf8GgaaaWavb)(mh=Nlkev8_MSDpJv7IG)9.jpg;https://ei.phncdn.com/videos/201908/16/242017721/original/(m=eaf8GgaaaWavb)(mh=Nlkev8_MSDpJv7IG)10.jpg;https://ei.phncdn.com/videos/201908/16/242017721/original/(m=eaf8GgaaaWavb)(mh=Nlkev8_MSDpJv7IG)11.jpg;https://ei.phncdn.com/videos/201908/16/242017721/original/(m=eaf8GgaaaWavb)(mh=Nlkev8_MSDpJv7IG)12.jpg;https://ei.phncdn.com/videos/201908/16/242017721/original/(m=eaf8GgaaaWavb)(mh=Nlkev8_MSDpJv7IG)13.jpg;https://ei.phncdn.com/videos/201908/16/242017721/original/(m=eaf8GgaaaWavb)(mh=Nlkev8_MSDpJv7IG)14.jpg;https://ei.phncdn.com/videos/201908/16/242017721/original/(m=eaf8GgaaaWavb)(mh=Nlkev8_MSDpJv7IG)15.jpg;https://ei.phncdn.com/videos/201908/16/242017721/original/(m=eaf8GgaaaWavb)(mh=Nlkev8_MSDpJv7IG)16.jpg|Behind The Scenes Sextape|hotel;sex-videos|Casting;Behind The Scenes||10|312|1|2|https://ei.phncdn.com/videos/201908/16/242017721/original/(m=eaAaGwObaaamqv)(mh=ykIYWvSov_qTkAzK)15.jpg|https://ei.phncdn.com/videos/201908/16/242017721/original/(m=eaAaGwObaaamqv)(mh=ykIYWvSov_qTkAzK)1.jpg;https://ei.phncdn.com/videos/201908/16/242017721/original/(m=eaAaGwObaaamqv)(mh=ykIYWvSov_qTkAzK)2.jpg;https://ei.phncdn.com/videos/201908/16/242017721/original/(m=eaAaGwObaaamqv)(mh=ykIYWvSov_qTkAzK)3.jpg;https://ei.phncdn.com/videos/201908/16/242017721/original/(m=eaAaGwObaaamqv)(mh=ykIYWvSov_qTkAzK)4.jpg;https://ei.phncdn.com/videos/201908/16/242017721/original/(m=eaAaGwObaaamqv)(mh=ykIYWvSov_qTkAzK)5.jpg;https://ei.phncdn.com/videos/201908/16/242017721/original/(m=eaAaGwObaaamqv)(mh=ykIYWvSov_qTkAzK)6.jpg;https://ei.phncdn.com/videos/201908/16/242017721/original/(m=eaAaGwObaaamqv)(mh=ykIYWvSov_qTkAzK)7.jpg;https://ei.phncdn.com/videos/201908/16/242017721/original/(m=eaAaGwObaaamqv)(mh=ykIYWvSov_qTkAzK)8.jpg;https://ei.phncdn.com/videos/201908/16/242017721/original/(m=eaAaGwObaaamqv)(mh=ykIYWvSov_qTkAzK)9.jpg;https://ei.phncdn.com/videos/201908/16/242017721/original/(m=eaAaGwObaaamqv)(mh=ykIYWvSov_qTkAzK)10.jpg;https://ei.phncdn.com/videos/201908/16/242017721/original/(m=eaAaGwObaaamqv)(mh=ykIYWvSov_qTkAzK)11.jpg;https://ei.phncdn.com/videos/201908/16/242017721/original/(m=eaAaGwObaaamqv)(mh=ykIYWvSov_qTkAzK)12.jpg;https://ei.phncdn.com/videos/201908/16/242017721/original/(m=eaAaGwObaaamqv)(mh=ykIYWvSov_qTkAzK)13.jpg;https://ei.phncdn.com/videos/201908/16/242017721/original/(m=eaAaGwObaaamqv)(mh=ykIYWvSov_qTkAzK)14.jpg;https://ei.phncdn.com/videos/201908/16/242017721/original/(m=eaAaGwObaaamqv)(mh=ykIYWvSov_qTkAzK)15.jpg;https://ei.phncdn.com/videos/201908/16/242017721/original/(m=eaAaGwObaaamqv)(mh=ykIYWvSov_qTkAzK)16.jpg
<iframe src="https://www.pornhub.com/embed/ph5e9f503eeb03e" frameborder="0" height="481" width="608" scrolling="no"></iframe>|https://ei.phncdn.com/videos/202004/21/306073171/original/(m=eaf8GgaaaWavb)(mh=7XzQRUEiPBANSCUM)16.jpg|https://ei.phncdn.com/videos/202004/21/306073171/original/(m=eaf8GgaaaWavb)(mh=7XzQRUEiPBANSCUM)1.jpg;https://ei.phncdn.com/videos/202004/21/306073171/original/(m=eaf8GgaaaWavb)(mh=7XzQRUEiPBANSCUM)2.jpg;https://ei.phncdn.com/videos/202004/21/306073171/original/(m=eaf8GgaaaWavb)(mh=7XzQRUEiPBANSCUM)3.jpg;https://ei.phncdn.com/videos/202004/21/306073171/original/(m=eaf8GgaaaWavb)(mh=7XzQRUEiPBANSCUM)4.jpg;https://ei.phncdn.com/videos/202004/21/306073171/original/(m=eaf8GgaaaWavb)(mh=7XzQRUEiPBANSCUM)5.jpg;https://ei.phncdn.com/videos/202004/21/306073171/original/(m=eaf8GgaaaWavb)(mh=7XzQRUEiPBANSCUM)6.jpg;https://ei.phncdn.com/videos/202004/21/306073171/original/(m=eaf8GgaaaWavb)(mh=7XzQRUEiPBANSCUM)7.jpg;https://ei.phncdn.com/videos/202004/21/306073171/original/(m=eaf8GgaaaWavb)(mh=7XzQRUEiPBANSCUM)8.jpg;https://ei.phncdn.com/videos/202004/21/306073171/original/(m=eaf8GgaaaWavb)(mh=7XzQRUEiPBANSCUM)9.jpg;https://ei.phncdn.com/videos/202004/21/306073171/original/(m=eaf8GgaaaWavb)(mh=7XzQRUEiPBANSCUM)10.jpg;https://ei.phncdn.com/videos/202004/21/306073171/original/(m=eaf8GgaaaWavb)(mh=7XzQRUEiPBANSCUM)11.jpg;https://ei.phncdn.com/videos/202004/21/306073171/original/(m=eaf8GgaaaWavb)(mh=7XzQRUEiPBANSCUM)12.jpg;https://ei.phncdn.com/videos/202004/21/306073171/original/(m=eaf8GgaaaWavb)(mh=7XzQRUEiPBANSCUM)13.jpg;https://ei.phncdn.com/videos/202004/21/306073171/original/(m=eaf8GgaaaWavb)(mh=7XzQRUEiPBANSCUM)14.jpg;https://ei.phncdn.com/videos/202004/21/306073171/original/(m=eaf8GgaaaWavb)(mh=7XzQRUEiPBANSCUM)15.jpg;https://ei.phncdn.com/videos/202004/21/306073171/original/(m=eaf8GgaaaWavb)(mh=7XzQRUEiPBANSCUM)16.jpg|chica in the net|big-ass;big-boobs;tattoo;net-video-girls|Casting;Russian;Exclusive;Verified Models;Behind The Scenes;Solo Female;Tattooed Women;Vertical Video||17|660973|6761|149|https://ei.phncdn.com/videos/202004/21/306073171/original/(m=eaAaGwObaaamqv)(mh=x0E2QW7rlS9qBMjC)16.jpg|https://ei.phncdn.com/videos/202004/21/306073171/original/(m=eaAaGwObaaamqv)(mh=x0E2QW7rlS9qBMjC)1.jpg;https://ei.phncdn.com/videos/202004/21/306073171/original/(m=eaAaGwObaaamqv)(mh=x0E2QW7rlS9qBMjC)2.jpg;https://ei.phncdn.com/videos/202004/21/306073171/original/(m=eaAaGwObaaamqv)(mh=x0E2QW7rlS9qBMjC)3.jpg;https://ei.phncdn.com/videos/202004/21/306073171/original/(m=eaAaGwObaaamqv)(mh=x0E2QW7rlS9qBMjC)4.jpg;https://ei.phncdn.com/videos/202004/21/306073171/original/(m=eaAaGwObaaamqv)(mh=x0E2QW7rlS9qBMjC)5.jpg;https://ei.phncdn.com/videos/202004/21/306073171/original/(m=eaAaGwObaaamqv)(mh=x0E2QW7rlS9qBMjC)6.jpg;https://ei.phncdn.com/videos/202004/21/306073171/original/(m=eaAaGwObaaamqv)(mh=x0E2QW7rlS9qBMjC)7.jpg;https://ei.phncdn.com/videos/202004/21/306073171/original/(m=eaAaGwObaaamqv)(mh=x0E2QW7rlS9qBMjC)8.jpg;https://ei.phncdn.com/videos/202004/21/306073171/original/(m=eaAaGwObaaamqv)(mh=x0E2QW7rlS9qBMjC)9.jpg;https://ei.phncdn.com/videos/202004/21/306073171/original/(m=eaAaGwObaaamqv)(mh=x0E2QW7rlS9qBMjC)10.jpg;https://ei.phncdn.com/videos/202004/21/306073171/original/(m=eaAaGwObaaamqv)(mh=x0E2QW7rlS9qBMjC)11.jpg;https://ei.phncdn.com/videos/202004/21/306073171/original/(m=eaAaGwObaaamqv)(mh=x0E2QW7rlS9qBMjC)12.jpg;https://ei.phncdn.com/videos/202004/21/306073171/original/(m=eaAaGwObaaamqv)(mh=x0E2QW7rlS9qBMjC)13.jpg;https://ei.phncdn.com/videos/202004/21/306073171/original/(m=eaAaGwObaaamqv)(mh=x0E2QW7rlS9qBMjC)14.jpg;https://ei.phncdn.com/videos/202004/21/306073171/original/(m=eaAaGwObaaamqv)(mh=x0E2QW7rlS9qBMjC)15.jpg;https://ei.phncdn.com/videos/202004/21/306073171/original/(m=eaAaGwObaaamqv)(mh=x0E2QW7rlS9qBMjC)16.jpg
<iframe src="https://www.pornhub.com/embed/ph5ec5ac839da02" frameborder="0" height="481" width="608" scrolling="no"></iframe>|https://ei.phncdn.com/videos/202005/20/315969221/original/(m=eaf8GgaaaWavb)(mh=a5buOpxx2CmYWlhr)7.jpg|https://ei.phncdn.com/videos/202005/20/315969221/original/(m=eaf8GgaaaWavb)(mh=a5buOpxx2CmYWlhr)1.jpg;https://ei.phncdn.com/videos/202005/20/315969221/original/(m=eaf8GgaaaWavb)(mh=a5buOpxx2CmYWlhr)2.jpg;https://ei.phncdn.com/videos/202005/20/315969221/original/(m=eaf8GgaaaWavb)(mh=a5buOpxx2CmYWlhr)3.jpg;https://ei.phncdn.com/videos/202005/20/315969221/original/(m=eaf8GgaaaWavb)(mh=a5buOpxx2CmYWlhr)4.jpg;https://ei.phncdn.com/videos/202005/20/315969221/original/(m=eaf8GgaaaWavb)(mh=a5buOpxx2CmYWlhr)5.jpg;https://ei.phncdn.com/videos/202005/20/315969221/original/(m=eaf8GgaaaWavb)(mh=a5buOpxx2CmYWlhr)6.jpg;https://ei.phncdn.com/videos/202005/20/315969221/original/(m=eaf8GgaaaWavb)(mh=a5buOpxx2CmYWlhr)7.jpg;https://ei.phncdn.com/videos/202005/20/315969221/original/(m=eaf8GgaaaWavb)(mh=a5buOpxx2CmYWlhr)8.jpg;https://ei.phncdn.com/videos/202005/20/315969221/original/(m=eaf8GgaaaWavb)(mh=a5buOpxx2CmYWlhr)9.jpg;https://ei.phncdn.com/videos/202005/20/315969221/original/(m=eaf8GgaaaWavb)(mh=a5buOpxx2CmYWlhr)10.jpg;https://ei.phncdn.com/videos/202005/20/315969221/original/(m=eaf8GgaaaWavb)(mh=a5buOpxx2CmYWlhr)11.jpg;https://ei.phncdn.com/videos/202005/20/315969221/original/(m=eaf8GgaaaWavb)(mh=a5buOpxx2CmYWlhr)12.jpg;https://ei.phncdn.com/videos/202005/20/315969221/original/(m=eaf8GgaaaWavb)(mh=a5buOpxx2CmYWlhr)13.jpg;https://ei.phncdn.com/videos/202005/20/315969221/original/(m=eaf8GgaaaWavb)(mh=a5buOpxx2CmYWlhr)14.jpg;https://ei.phncdn.com/videos/202005/20/315969221/original/(m=eaf8GgaaaWavb)(mh=a5buOpxx2CmYWlhr)15.jpg;https://ei.phncdn.com/videos/202005/20/315969221/original/(m=eaf8GgaaaWavb)(mh=a5buOpxx2CmYWlhr)16.jpg|Dick play|thug;dickplay;solomale;bbc|Casting;Solo Male;Exclusive;Verified Amateurs;Muscular Men||41|30|2|0|https://ei.phncdn.com/videos/202005/20/315969221/original/(m=eaAaGwObaaamqv)(mh=V7l8ubz1TJ0NBm8B)7.jpg|https://ei.phncdn.com/videos/202005/20/315969221/original/(m=eaAaGwObaaamqv)(mh=V7l8ubz1TJ0NBm8B)1.jpg;https://ei.phncdn.com/videos/202005/20/315969221/original/(m=eaAaGwObaaamqv)(mh=V7l8ubz1TJ0NBm8B)2.jpg;https://ei.phncdn.com/videos/202005/20/315969221/original/(m=eaAaGwObaaamqv)(mh=V7l8ubz1TJ0NBm8B)3.jpg;https://ei.phncdn.com/videos/202005/20/315969221/original/(m=eaAaGwObaaamqv)(mh=V7l8ubz1TJ0NBm8B)4.jpg;https://ei.phncdn.com/videos/202005/20/315969221/original/(m=eaAaGwObaaamqv)(mh=V7l8ubz1TJ0NBm8B)5.jpg;https://ei.phncdn.com/videos/202005/20/315969221/original/(m=eaAaGwObaaamqv)(mh=V7l8ubz1TJ0NBm8B)6.jpg;https://ei.phncdn.com/videos/202005/20/315969221/original/(m=eaAaGwObaaamqv)(mh=V7l8ubz1TJ0NBm8B)7.jpg;https://ei.phncdn.com/videos/202005/20/315969221/original/(m=eaAaGwObaaamqv)(mh=V7l8ubz1TJ0NBm8B)8.jpg;https://ei.phncdn.com/videos/202005/20/315969221/original/(m=eaAaGwObaaamqv)(mh=V7l8ubz1TJ0NBm8B)9.jpg;https://ei.phncdn.com/videos/202005/20/315969221/original/(m=eaAaGwObaaamqv)(mh=V7l8ubz1TJ0NBm8B)10.jpg;https://ei.phncdn.com/videos/202005/20/315969221/original/(m=eaAaGwObaaamqv)(mh=V7l8ubz1TJ0NBm8B)11.jpg;https://ei.phncdn.com/videos/202005/20/315969221/original/(m=eaAaGwObaaamqv)(mh=V7l8ubz1TJ0NBm8B)12.jpg;https://ei.phncdn.com/videos/202005/20/315969221/original/(m=eaAaGwObaaamqv)(mh=V7l8ubz1TJ0NBm8B)13.jpg;https://ei.phncdn.com/videos/202005/20/315969221/original/(m=eaAaGwObaaamqv)(mh=V7l8ubz1TJ0NBm8B)14.jpg;https://ei.phncdn.com/videos/202005/20/315969221/original/(m=eaAaGwObaaamqv)(mh=V7l8ubz1TJ0NBm8B)15.jpg;https://ei.phncdn.com/videos/202005/20/315969221/original/(m=eaAaGwObaaamqv)(mh=V7l8ubz1TJ0NBm8B)16.jpg
<iframe src="https://www.pornhub.com/embed/ph5eed64386a85c" frameborder="0" height="481" width="608" scrolling="no"></iframe>|https://ei.phncdn.com/videos/202006/20/325271041/original/(m=eaf8GgaaaWavb)(mh=63AetqeuBiIu5pHN)8.jpg|https://ei.phncdn.com/videos/202006/20/325271041/original/(m=eaf8GgaaaWavb)(mh=63AetqeuBiIu5pHN)1.jpg;https://ei.phncdn.com/videos/202006/20/325271041/original/(m=eaf8GgaaaWavb)(mh=63AetqeuBiIu5pHN)2.jpg;https://ei.phncdn.com/videos/202006/20/325271041/original/(m=eaf8GgaaaWavb)(mh=63AetqeuBiIu5pHN)3.jpg;https://ei.phncdn.com/videos/202006/20/325271041/original/(m=eaf8GgaaaWavb)(mh=63AetqeuBiIu5pHN)4.jpg;https://ei.phncdn.com/videos/202006/20/325271041/original/(m=eaf8GgaaaWavb)(mh=63AetqeuBiIu5pHN)5.jpg;https://ei.phncdn.com/videos/202006/20/325271041/original/(m=eaf8GgaaaWavb)(mh=63AetqeuBiIu5pHN)6.jpg;https://ei.phncdn.com/videos/202006/20/325271041/original/(m=eaf8GgaaaWavb)(mh=63AetqeuBiIu5pHN)7.jpg;https://ei.phncdn.com/videos/202006/20/325271041/original/(m=eaf8GgaaaWavb)(mh=63AetqeuBiIu5pHN)8.jpg;https://ei.phncdn.com/videos/202006/20/325271041/original/(m=eaf8GgaaaWavb)(mh=63AetqeuBiIu5pHN)9.jpg;https://ei.phncdn.com/videos/202006/20/325271041/original/(m=eaf8GgaaaWavb)(mh=63AetqeuBiIu5pHN)10.jpg;https://ei.phncdn.com/videos/202006/20/325271041/original/(m=eaf8GgaaaWavb)(mh=63AetqeuBiIu5pHN)11.jpg;https://ei.phncdn.com/videos/202006/20/325271041/original/(m=eaf8GgaaaWavb)(mh=63AetqeuBiIu5pHN)12.jpg;https://ei.phncdn.com/videos/202006/20/325271041/original/(m=eaf8GgaaaWavb)(mh=63AetqeuBiIu5pHN)13.jpg;https://ei.phncdn.com/videos/202006/20/325271041/original/(m=eaf8GgaaaWavb)(mh=63AetqeuBiIu5pHN)14.jpg;https://ei.phncdn.com/videos/202006/20/325271041/original/(m=eaf8GgaaaWavb)(mh=63AetqeuBiIu5pHN)15.jpg;https://ei.phncdn.com/videos/202006/20/325271041/original/(m=eaf8GgaaaWavb)(mh=63AetqeuBiIu5pHN)16.jpg|slut w|british-slut;british-milf;amateur-mmf|Casting;German;Exclusive;Verified Amateurs;Solo Female||13|165|1|1|https://ei.phncdn.com/videos/202006/20/325271041/original/(m=eaAaGwObaaamqv)(mh=YLlsq2wIHXJvA2Ca)8.jpg|https://ei.phncdn.com/videos/202006/20/325271041/original/(m=eaAaGwObaaamqv)(mh=YLlsq2wIHXJvA2Ca)1.jpg;https://ei.phncdn.com/videos/202006/20/325271041/original/(m=eaAaGwObaaamqv)(mh=YLlsq2wIHXJvA2Ca)2.jpg;https://ei.phncdn.com/videos/202006/20/325271041/original/(m=eaAaGwObaaamqv)(mh=YLlsq2wIHXJvA2Ca)3.jpg;https://ei.phncdn.com/videos/202006/20/325271041/original/(m=eaAaGwObaaamqv)(mh=YLlsq2wIHXJvA2Ca)4.jpg;https://ei.phncdn.com/videos/202006/20/325271041/original/(m=eaAaGwObaaamqv)(mh=YLlsq2wIHXJvA2Ca)5.jpg;https://ei.phncdn.com/videos/202006/20/325271041/original/(m=eaAaGwObaaamqv)(mh=YLlsq2wIHXJvA2Ca)6.jpg;https://ei.phncdn.com/videos/202006/20/325271041/original/(m=eaAaGwObaaamqv)(mh=YLlsq2wIHXJvA2Ca)7.jpg;https://ei.phncdn.com/videos/202006/20/325271041/original/(m=eaAaGwObaaamqv)(mh=YLlsq2wIHXJvA2Ca)8.jpg;https://ei.phncdn.com/videos/202006/20/325271041/original/(m=eaAaGwObaaamqv)(mh=YLlsq2wIHXJvA2Ca)9.jpg;https://ei.phncdn.com/videos/202006/20/325271041/original/(m=eaAaGwObaaamqv)(mh=YLlsq2wIHXJvA2Ca)10.jpg;https://ei.phncdn.com/videos/202006/20/325271041/original/(m=eaAaGwObaaamqv)(mh=YLlsq2wIHXJvA2Ca)11.jpg;https://ei.phncdn.com/videos/202006/20/325271041/original/(m=eaAaGwObaaamqv)(mh=YLlsq2wIHXJvA2Ca)12.jpg;https://ei.phncdn.com/videos/202006/20/325271041/original/(m=eaAaGwObaaamqv)(mh=YLlsq2wIHXJvA2Ca)13.jpg;https://ei.phncdn.com/videos/202006/20/325271041/original/(m=eaAaGwObaaamqv)(mh=YLlsq2wIHXJvA2Ca)14.jpg;https://ei.phncdn.com/videos/202006/20/325271041/original/(m=eaAaGwObaaamqv)(mh=YLlsq2wIHXJvA2Ca)15.jpg;https://ei.phncdn.com/videos/202006/20/325271041/original/(m=eaAaGwObaaamqv)(mh=YLlsq2wIHXJvA2Ca)16.jpg
<iframe src="https://www.pornhub.com/embed/ph5f26240dc519a" frameborder="0" height="481" width="608" scrolling="no"></iframe>|https://ei.phncdn.com/videos/202008/02/338504531/original/(m=eaf8GgaaaWavb)(mh=m3IJwmOl_UYvSrBF)10.jpg|https://ei.phncdn.com/videos/202008/02/338504531/original/(m=eaf8GgaaaWavb)(mh=m3IJwmOl_UYvSrBF)1.jpg;https://ei.phncdn.com/videos/202008/02/338504531/original/(m=eaf8GgaaaWavb)(mh=m3IJwmOl_UYvSrBF)2.jpg;https://ei.phncdn.com/videos/202008/02/338504531/original/(m=eaf8GgaaaWavb)(mh=m3IJwmOl_UYvSrBF)3.jpg;https://ei.phncdn.com/videos/202008/02/338504531/original/(m=eaf8GgaaaWavb)(mh=m3IJwmOl_UYvSrBF)4.jpg;https://ei.phncdn.com/videos/202008/02/338504531/original/(m=eaf8GgaaaWavb)(mh=m3IJwmOl_UYvSrBF)5.jpg;https://ei.phncdn.com/videos/202008/02/338504531/original/(m=eaf8GgaaaWavb)(mh=m3IJwmOl_UYvSrBF)6.jpg;https://ei.phncdn.com/videos/202008/02/338504531/original/(m=eaf8GgaaaWavb)(mh=m3IJwmOl_UYvSrBF)7.jpg;https://ei.phncdn.com/videos/202008/02/338504531/original/(m=eaf8GgaaaWavb)(mh=m3IJwmOl_UYvSrBF)8.jpg;https://ei.phncdn.com/videos/202008/02/338504531/original/(m=eaf8GgaaaWavb)(mh=m3IJwmOl_UYvSrBF)9.jpg;https://ei.phncdn.com/videos/202008/02/338504531/original/(m=eaf8GgaaaWavb)(mh=m3IJwmOl_UYvSrBF)10.jpg;https://ei.phncdn.com/videos/202008/02/338504531/original/(m=eaf8GgaaaWavb)(mh=m3IJwmOl_UYvSrBF)11.jpg;https://ei.phncdn.com/videos/202008/02/338504531/original/(m=eaf8GgaaaWavb)(mh=m3IJwmOl_UYvSrBF)12.jpg;https://ei.phncdn.com/videos/202008/02/338504531/original/(m=eaf8GgaaaWavb)(mh=m3IJwmOl_UYvSrBF)13.jpg;https://ei.phncdn.com/videos/202008/02/338504531/original/(m=eaf8GgaaaWavb)(mh=m3IJwmOl_UYvSrBF)14.jpg;https://ei.phncdn.com/videos/202008/02/338504531/original/(m=eaf8GgaaaWavb)(mh=m3IJwmOl_UYvSrBF)15.jpg;https://ei.phncdn.com/videos/202008/02/338504531/original/(m=eaf8GgaaaWavb)(mh=m3IJwmOl_UYvSrBF)16.jpg|A volte durante le riprese di un porno qualcosa va storto con giovane tettona studentessa italiana|errori-sul-set;errori;per-errore;italiano;amatoriale-italiano;amatoriale-italiana;moglie-amatoriale|Casting;Italian;Exclusive;Verified Amateurs;Behind The Scenes||22|49832|28|17|https://ei.phncdn.com/videos/202008/02/338504531/original/(m=eaAaGwObaaamqv)(mh=y4Ybt6XaCyIUs8wP)10.jpg|https://ei.phncdn.com/videos/202008/02/338504531/original/(m=eaAaGwObaaamqv)(mh=y4Ybt6XaCyIUs8wP)1.jpg;https://ei.phncdn.com/videos/202008/02/338504531/original/(m=eaAaGwObaaamqv)(mh=y4Ybt6XaCyIUs8wP)2.jpg;https://ei.phncdn.com/videos/202008/02/338504531/original/(m=eaAaGwObaaamqv)(mh=y4Ybt6XaCyIUs8wP)3.jpg;https://ei.phncdn.com/videos/202008/02/338504531/original/(m=eaAaGwObaaamqv)(mh=y4Ybt6XaCyIUs8wP)4.jpg;https://ei.phncdn.com/videos/202008/02/338504531/original/(m=eaAaGwObaaamqv)(mh=y4Ybt6XaCyIUs8wP)5.jpg;https://ei.phncdn.com/videos/202008/02/338504531/original/(m=eaAaGwObaaamqv)(mh=y4Ybt6XaCyIUs8wP)6.jpg;https://ei.phncdn.com/videos/202008/02/338504531/original/(m=eaAaGwObaaamqv)(mh=y4Ybt6XaCyIUs8wP)7.jpg;https://ei.phncdn.com/videos/202008/02/338504531/original/(m=eaAaGwObaaamqv)(mh=y4Ybt6XaCyIUs8wP)8.jpg;https://ei.phncdn.com/videos/202008/02/338504531/original/(m=eaAaGwObaaamqv)(mh=y4Ybt6XaCyIUs8wP)9.jpg;https://ei.phncdn.com/videos/202008/02/338504531/original/(m=eaAaGwObaaamqv)(mh=y4Ybt6XaCyIUs8wP)10.jpg;https://ei.phncdn.com/videos/202008/02/338504531/original/(m=eaAaGwObaaamqv)(mh=y4Ybt6XaCyIUs8wP)11.jpg;https://ei.phncdn.com/videos/202008/02/338504531/original/(m=eaAaGwObaaamqv)(mh=y4Ybt6XaCyIUs8wP)12.jpg;https://ei.phncdn.com/videos/202008/02/338504531/original/(m=eaAaGwObaaamqv)(mh=y4Ybt6XaCyIUs8wP)13.jpg;https://ei.phncdn.com/videos/202008/02/338504531/original/(m=eaAaGwObaaamqv)(mh=y4Ybt6XaCyIUs8wP)14.jpg;https://ei.phncdn.com/videos/202008/02/338504531/original/(m=eaAaGwObaaamqv)(mh=y4Ybt6XaCyIUs8wP)15.jpg;https://ei.phncdn.com/videos/202008/02/338504531/original/(m=eaAaGwObaaamqv)(mh=y4Ybt6XaCyIUs8wP)16.jpg
<iframe src="https://www.pornhub.com/embed/ph60c8e8f9f0a4f" frameborder="0" height="481" width="608" scrolling="no"></iframe>|https://ei.phncdn.com/videos/202106/15/389660061/original/(m=eaf8GgaaaWavb)(mh=eJWYpfAX6lcS0LHi)4.jpg|https://ei.phncdn.com/videos/202106/15/389660061/original/(m=eaf8GgaaaWavb)(mh=eJWYpfAX6lcS0LHi)1.jpg;https://ei.phncdn.com/videos/202106/15/389660061/original/(m=eaf8GgaaaWavb)(mh=eJWYpfAX6lcS0LHi)2.jpg;https://ei.phncdn.com/videos/202106/15/389660061/original/(m=eaf8GgaaaWavb)(mh=eJWYpfAX6lcS0LHi)3.jpg;https://ei.phncdn.com/videos/202106/15/389660061/original/(m=eaf8GgaaaWavb)(mh=eJWYpfAX6lcS0LHi)4.jpg;https://ei.phncdn.com/videos/202106/15/389660061/original/(m=eaf8GgaaaWavb)(mh=eJWYpfAX6lcS0LHi)5.jpg;https://ei.phncdn.com/videos/202106/15/389660061/original/(m=eaf8GgaaaWavb)(mh=eJWYpfAX6lcS0LHi)6.jpg;https://ei.phncdn.com/videos/202106/15/389660061/original/(m=eaf8GgaaaWavb)(mh=eJWYpfAX6lcS0LHi)7.jpg;https://ei.phncdn.com/videos/202106/15/389660061/original/(m=eaf8GgaaaWavb)(mh=eJWYpfAX6lcS0LHi)8.jpg;https://ei.phncdn.com/videos/202106/15/389660061/original/(m=eaf8GgaaaWavb)(mh=eJWYpfAX6lcS0LHi)9.jpg;https://ei.phncdn.com/videos/202106/15/389660061/original/(m=eaf8GgaaaWavb)(mh=eJWYpfAX6lcS0LHi)10.jpg;https://ei.phncdn.com/videos/202106/15/389660061/original/(m=eaf8GgaaaWavb)(mh=eJWYpfAX6lcS0LHi)11.jpg;https://ei.phncdn.com/videos/202106/15/389660061/original/(m=eaf8GgaaaWavb)(mh=eJWYpfAX6lcS0LHi)12.jpg;https://ei.phncdn.com/videos/202106/15/389660061/original/(m=eaf8GgaaaWavb)(mh=eJWYpfAX6lcS0LHi)13.jpg;https://ei.phncdn.com/videos/202106/15/389660061/original/(m=eaf8GgaaaWavb)(mh=eJWYpfAX6lcS0LHi)14.jpg;https://ei.phncdn.com/videos/202106/15/389660061/original/(m=eaf8GgaaaWavb)(mh=eJWYpfAX6lcS0LHi)15.jpg;https://ei.phncdn.com/videos/202106/15/389660061/original/(m=eaf8GgaaaWavb)(mh=eJWYpfAX6lcS0LHi)16.jpg|Uber driver gets a show|sparkkle-skkeez;uber-show;good-pussy;tight-pussy;pussy-for-sale|Casting;Exclusive;Verified Amateurs;Solo Female;Female Orgasm;Vertical Video||23|696|5|0|https://ei.phncdn.com/videos/202106/15/389660061/original/(m=eaAaGwObaaamqv)(mh=3603qwDaBPvNnLzQ)4.jpg|https://ei.phncdn.com/videos/202106/15/389660061/original/(m=eaAaGwObaaamqv)(mh=3603qwDaBPvNnLzQ)1.jpg;https://ei.phncdn.com/videos/202106/15/389660061/original/(m=eaAaGwObaaamqv)(mh=3603qwDaBPvNnLzQ)2.jpg;https://ei.phncdn.com/videos/202106/15/389660061/original/(m=eaAaGwObaaamqv)(mh=3603qwDaBPvNnLzQ)3.jpg;https://ei.phncdn.com/videos/202106/15/389660061/original/(m=eaAaGwObaaamqv)(mh=3603qwDaBPvNnLzQ)4.jpg;https://ei.phncdn.com/videos/202106/15/389660061/original/(m=eaAaGwObaaamqv)(mh=3603qwDaBPvNnLzQ)5.jpg;https://ei.phncdn.com/videos/202106/15/389660061/original/(m=eaAaGwObaaamqv)(mh=3603qwDaBPvNnLzQ)6.jpg;https://ei.phncdn.com/videos/202106/15/389660061/original/(m=eaAaGwObaaamqv)(mh=3603qwDaBPvNnLzQ)7.jpg;https://ei.phncdn.com/videos/202106/15/389660061/original/(m=eaAaGwObaaamqv)(mh=3603qwDaBPvNnLzQ)8.jpg;https://ei.phncdn.com/videos/202106/15/389660061/original/(m=eaAaGwObaaamqv)(mh=3603qwDaBPvNnLzQ)9.jpg;https://ei.phncdn.com/videos/202106/15/389660061/original/(m=eaAaGwObaaamqv)(mh=3603qwDaBPvNnLzQ)10.jpg;https://ei.phncdn.com/videos/202106/15/389660061/original/(m=eaAaGwObaaamqv)(mh=3603qwDaBPvNnLzQ)11.jpg;https://ei.phncdn.com/videos/202106/15/389660061/original/(m=eaAaGwObaaamqv)(mh=3603qwDaBPvNnLzQ)12.jpg;https://ei.phncdn.com/videos/202106/15/389660061/original/(m=eaAaGwObaaamqv)(mh=3603qwDaBPvNnLzQ)13.jpg;https://ei.phncdn.com/videos/202106/15/389660061/original/(m=eaAaGwObaaamqv)(mh=3603qwDaBPvNnLzQ)14.jpg;https://ei.phncdn.com/videos/202106/15/389660061/original/(m=eaAaGwObaaamqv)(mh=3603qwDaBPvNnLzQ)15.jpg;https://ei.phncdn.com/videos/202106/15/389660061/original/(m=eaAaGwObaaamqv)(mh=3603qwDaBPvNnLzQ)16.jpg
<iframe src="https://www.pornhub.com/embed/ph61143adabc391" frameborder="0" height="481" width="608" scrolling="no"></iframe>|https://ei.phncdn.com/videos/202108/11/392796371/original/(m=eaf8GgaaaWavb)(mh=ANlUfLkZyFcng57_)8.jpg|https://ei.phncdn.com/videos/202108/11/392796371/original/(m=eaf8GgaaaWavb)(mh=ANlUfLkZyFcng57_)1.jpg;https://ei.phncdn.com/videos/202108/11/392796371/original/(m=eaf8GgaaaWavb)(mh=ANlUfLkZyFcng57_)2.jpg;https://ei.phncdn.com/videos/202108/11/392796371/original/(m=eaf8GgaaaWavb)(mh=ANlUfLkZyFcng57_)3.jpg;https://ei.phncdn.com/videos/202108/11/392796371/original/(m=eaf8GgaaaWavb)(mh=ANlUfLkZyFcng57_)4.jpg;https://ei.phncdn.com/videos/202108/11/392796371/original/(m=eaf8GgaaaWavb)(mh=ANlUfLkZyFcng57_)5.jpg;https://ei.phncdn.com/videos/202108/11/392796371/original/(m=eaf8GgaaaWavb)(mh=ANlUfLkZyFcng57_)6.jpg;https://ei.phncdn.com/videos/202108/11/392796371/original/(m=eaf8GgaaaWavb)(mh=ANlUfLkZyFcng57_)7.jpg;https://ei.phncdn.com/videos/202108/11/392796371/original/(m=eaf8GgaaaWavb)(mh=ANlUfLkZyFcng57_)8.jpg;https://ei.phncdn.com/videos/202108/11/392796371/original/(m=eaf8GgaaaWavb)(mh=ANlUfLkZyFcng57_)9.jpg;https://ei.phncdn.com/videos/202108/11/392796371/original/(m=eaf8GgaaaWavb)(mh=ANlUfLkZyFcng57_)10.jpg;https://ei.phncdn.com/videos/202108/11/392796371/original/(m=eaf8GgaaaWavb)(mh=ANlUfLkZyFcng57_)11.jpg;https://ei.phncdn.com/videos/202108/11/392796371/original/(m=eaf8GgaaaWavb)(mh=ANlUfLkZyFcng57_)12.jpg;https://ei.phncdn.com/videos/202108/11/392796371/original/(m=eaf8GgaaaWavb)(mh=ANlUfLkZyFcng57_)13.jpg;https://ei.phncdn.com/videos/202108/11/392796371/original/(m=eaf8GgaaaWavb)(mh=ANlUfLkZyFcng57_)14.jpg;https://ei.phncdn.com/videos/202108/11/392796371/original/(m=eaf8GgaaaWavb)(mh=ANlUfLkZyFcng57_)15.jpg;https://ei.phncdn.com/videos/202108/11/392796371/original/(m=eaf8GgaaaWavb)(mh=ANlUfLkZyFcng57_)16.jpg|Introduction|justme-facebody;homade-bodyshot|Casting;Solo Male;Exclusive;Verified Amateurs;Vertical Video||24|24|||https://ei.phncdn.com/videos/202108/11/392796371/original/(m=eaAaGwObaaamqv)(mh=QgDQgwewrrfMG3_L)8.jpg|https://ei.phncdn.com/videos/202108/11/392796371/original/(m=eaAaGwObaaamqv)(mh=QgDQgwewrrfMG3_L)1.jpg;https://ei.phncdn.com/videos/202108/11/392796371/original/(m=eaAaGwObaaamqv)(mh=QgDQgwewrrfMG3_L)2.jpg;https://ei.phncdn.com/videos/202108/11/392796371/original/(m=eaAaGwObaaamqv)(mh=QgDQgwewrrfMG3_L)3.jpg;https://ei.phncdn.com/videos/202108/11/392796371/original/(m=eaAaGwObaaamqv)(mh=QgDQgwewrrfMG3_L)4.jpg;https://ei.phncdn.com/videos/202108/11/392796371/original/(m=eaAaGwObaaamqv)(mh=QgDQgwewrrfMG3_L)5.jpg;https://ei.phncdn.com/videos/202108/11/392796371/original/(m=eaAaGwObaaamqv)(mh=QgDQgwewrrfMG3_L)6.jpg;https://ei.phncdn.com/videos/202108/11/392796371/original/(m=eaAaGwObaaamqv)(mh=QgDQgwewrrfMG3_L)7.jpg;https://ei.phncdn.com/videos/202108/11/392796371/original/(m=eaAaGwObaaamqv)(mh=QgDQgwewrrfMG3_L)8.jpg;https://ei.phncdn.com/videos/202108/11/392796371/original/(m=eaAaGwObaaamqv)(mh=QgDQgwewrrfMG3_L)9.jpg;https://ei.phncdn.com/videos/202108/11/392796371/original/(m=eaAaGwObaaamqv)(mh=QgDQgwewrrfMG3_L)10.jpg;https://ei.phncdn.com/videos/202108/11/392796371/original/(m=eaAaGwObaaamqv)(mh=QgDQgwewrrfMG3_L)11.jpg;https://ei.phncdn.com/videos/202108/11/392796371/original/(m=eaAaGwObaaamqv)(mh=QgDQgwewrrfMG3_L)12.jpg;https://ei.phncdn.com/videos/202108/11/392796371/original/(m=eaAaGwObaaamqv)(mh=QgDQgwewrrfMG3_L)13.jpg;https://ei.phncdn.com/videos/202108/11/392796371/original/(m=eaAaGwObaaamqv)(mh=QgDQgwewrrfMG3_L)14.jpg;https://ei.phncdn.com/videos/202108/11/392796371/original/(m=eaAaGwObaaamqv)(mh=QgDQgwewrrfMG3_L)15.jpg;https://ei.phncdn.com/videos/202108/11/392796371/original/(m=eaAaGwObaaamqv)(mh=QgDQgwewrrfMG3_L)16.jpg
<iframe src="https://www.pornhub.com/embed/ph61143bc70d2e7" frameborder="0" height="481" width="608" scrolling="no"></iframe>|https://ei.phncdn.com/videos/202108/11/392796691/original/(m=eaf8GgaaaWavb)(mh=LZiLl9WSxaTxnPu0)9.jpg|https://ei.phncdn.com/videos/202108/11/392796691/original/(m=eaf8GgaaaWavb)(mh=LZiLl9WSxaTxnPu0)1.jpg;https://ei.phncdn.com/videos/202108/11/392796691/original/(m=eaf8GgaaaWavb)(mh=LZiLl9WSxaTxnPu0)2.jpg;https://ei.phncdn.com/videos/202108/11/392796691/original/(m=eaf8GgaaaWavb)(mh=LZiLl9WSxaTxnPu0)3.jpg;https://ei.phncdn.com/videos/202108/11/392796691/original/(m=eaf8GgaaaWavb)(mh=LZiLl9WSxaTxnPu0)4.jpg;https://ei.phncdn.com/videos/202108/11/392796691/original/(m=eaf8GgaaaWavb)(mh=LZiLl9WSxaTxnPu0)5.jpg;https://ei.phncdn.com/videos/202108/11/392796691/original/(m=eaf8GgaaaWavb)(mh=LZiLl9WSxaTxnPu0)6.jpg;https://ei.phncdn.com/videos/202108/11/392796691/original/(m=eaf8GgaaaWavb)(mh=LZiLl9WSxaTxnPu0)7.jpg;https://ei.phncdn.com/videos/202108/11/392796691/original/(m=eaf8GgaaaWavb)(mh=LZiLl9WSxaTxnPu0)8.jpg;https://ei.phncdn.com/videos/202108/11/392796691/original/(m=eaf8GgaaaWavb)(mh=LZiLl9WSxaTxnPu0)9.jpg;https://ei.phncdn.com/videos/202108/11/392796691/original/(m=eaf8GgaaaWavb)(mh=LZiLl9WSxaTxnPu0)10.jpg;https://ei.phncdn.com/videos/202108/11/392796691/original/(m=eaf8GgaaaWavb)(mh=LZiLl9WSxaTxnPu0)11.jpg;https://ei.phncdn.com/videos/202108/11/392796691/original/(m=eaf8GgaaaWavb)(mh=LZiLl9WSxaTxnPu0)12.jpg;https://ei.phncdn.com/videos/202108/11/392796691/original/(m=eaf8GgaaaWavb)(mh=LZiLl9WSxaTxnPu0)13.jpg;https://ei.phncdn.com/videos/202108/11/392796691/original/(m=eaf8GgaaaWavb)(mh=LZiLl9WSxaTxnPu0)14.jpg;https://ei.phncdn.com/videos/202108/11/392796691/original/(m=eaf8GgaaaWavb)(mh=LZiLl9WSxaTxnPu0)15.jpg;https://ei.phncdn.com/videos/202108/11/392796691/original/(m=eaf8GgaaaWavb)(mh=LZiLl9WSxaTxnPu0)16.jpg|Introduction|discoverme-amatuer;new-needachance|Casting;Solo Male;Exclusive;Verified Amateurs;Behind The Scenes;Vertical Video||49|32|1|0|https://ei.phncdn.com/videos/202108/11/392796691/original/(m=eaAaGwObaaamqv)(mh=_J59jyvEEperA3ET)9.jpg|https://ei.phncdn.com/videos/202108/11/392796691/original/(m=eaAaGwObaaamqv)(mh=_J59jyvEEperA3ET)1.jpg;https://ei.phncdn.com/videos/202108/11/392796691/original/(m=eaAaGwObaaamqv)(mh=_J59jyvEEperA3ET)2.jpg;https://ei.phncdn.com/videos/202108/11/392796691/original/(m=eaAaGwObaaamqv)(mh=_J59jyvEEperA3ET)3.jpg;https://ei.phncdn.com/videos/202108/11/392796691/original/(m=eaAaGwObaaamqv)(mh=_J59jyvEEperA3ET)4.jpg;https://ei.phncdn.com/videos/202108/11/392796691/original/(m=eaAaGwObaaamqv)(mh=_J59jyvEEperA3ET)5.jpg;https://ei.phncdn.com/videos/202108/11/392796691/original/(m=eaAaGwObaaamqv)(mh=_J59jyvEEperA3ET)6.jpg;https://ei.phncdn.com/videos/202108/11/392796691/original/(m=eaAaGwObaaamqv)(mh=_J59jyvEEperA3ET)7.jpg;https://ei.phncdn.com/videos/202108/11/392796691/original/(m=eaAaGwObaaamqv)(mh=_J59jyvEEperA3ET)8.jpg;https://ei.phncdn.com/videos/202108/11/392796691/original/(m=eaAaGwObaaamqv)(mh=_J59jyvEEperA3ET)9.jpg;https://ei.phncdn.com/videos/202108/11/392796691/original/(m=eaAaGwObaaamqv)(mh=_J59jyvEEperA3ET)10.jpg;https://ei.phncdn.com/videos/202108/11/392796691/original/(m=eaAaGwObaaamqv)(mh=_J59jyvEEperA3ET)11.jpg;https://ei.phncdn.com/videos/202108/11/392796691/original/(m=eaAaGwObaaamqv)(mh=_J59jyvEEperA3ET)12.jpg;https://ei.phncdn.com/videos/202108/11/392796691/original/(m=eaAaGwObaaamqv)(mh=_J59jyvEEperA3ET)13.jpg;https://ei.phncdn.com/videos/202108/11/392796691/original/(m=eaAaGwObaaamqv)(mh=_J59jyvEEperA3ET)14.jpg;https://ei.phncdn.com/videos/202108/11/392796691/original/(m=eaAaGwObaaamqv)(mh=_J59jyvEEperA3ET)15.jpg;https://ei.phncdn.com/videos/202108/11/392796691/original/(m=eaAaGwObaaamqv)(mh=_J59jyvEEperA3ET)16.jpg
<iframe src="https://www.pornhub.com/embed/ph61427828bf613" frameborder="0" height="481" width="608" scrolling="no"></iframe>|https://ei.phncdn.com/videos/202109/15/394776601/original/(m=eaf8GgaaaWavb)(mh=zkFq2uFmioYqycK6)12.jpg|https://ei.phncdn.com/videos/202109/15/394776601/original/(m=eaf8GgaaaWavb)(mh=zkFq2uFmioYqycK6)1.jpg;https://ei.phncdn.com/videos/202109/15/394776601/original/(m=eaf8GgaaaWavb)(mh=zkFq2uFmioYqycK6)2.jpg;https://ei.phncdn.com/videos/202109/15/394776601/original/(m=eaf8GgaaaWavb)(mh=zkFq2uFmioYqycK6)3.jpg;https://ei.phncdn.com/videos/202109/15/394776601/original/(m=eaf8GgaaaWavb)(mh=zkFq2uFmioYqycK6)4.jpg;https://ei.phncdn.com/videos/202109/15/394776601/original/(m=eaf8GgaaaWavb)(mh=zkFq2uFmioYqycK6)5.jpg;https://ei.phncdn.com/videos/202109/15/394776601/original/(m=eaf8GgaaaWavb)(mh=zkFq2uFmioYqycK6)6.jpg;https://ei.phncdn.com/videos/202109/15/394776601/original/(m=eaf8GgaaaWavb)(mh=zkFq2uFmioYqycK6)7.jpg;https://ei.phncdn.com/videos/202109/15/394776601/original/(m=eaf8GgaaaWavb)(mh=zkFq2uFmioYqycK6)8.jpg;https://ei.phncdn.com/videos/202109/15/394776601/original/(m=eaf8GgaaaWavb)(mh=zkFq2uFmioYqycK6)9.jpg;https://ei.phncdn.com/videos/202109/15/394776601/original/(m=eaf8GgaaaWavb)(mh=zkFq2uFmioYqycK6)10.jpg;https://ei.phncdn.com/videos/202109/15/394776601/original/(m=eaf8GgaaaWavb)(mh=zkFq2uFmioYqycK6)11.jpg;https://ei.phncdn.com/videos/202109/15/394776601/original/(m=eaf8GgaaaWavb)(mh=zkFq2uFmioYqycK6)12.jpg;https://ei.phncdn.com/videos/202109/15/394776601/original/(m=eaf8GgaaaWavb)(mh=zkFq2uFmioYqycK6)13.jpg;https://ei.phncdn.com/videos/202109/15/394776601/original/(m=eaf8GgaaaWavb)(mh=zkFq2uFmioYqycK6)14.jpg;https://ei.phncdn.com/videos/202109/15/394776601/original/(m=eaf8GgaaaWavb)(mh=zkFq2uFmioYqycK6)15.jpg;https://ei.phncdn.com/videos/202109/15/394776601/original/(m=eaf8GgaaaWavb)(mh=zkFq2uFmioYqycK6)16.jpg|Blonde Latina super chaude |blonde;latina;gros-cul;gros-seins-gros-cul|Casting;Exclusive;Verified Amateurs;Solo Female||49|51|||https://ei.phncdn.com/videos/202109/15/394776601/original/(m=eaAaGwObaaamqv)(mh=8Zo97rcAjPEH0IDz)12.jpg|https://ei.phncdn.com/videos/202109/15/394776601/original/(m=eaAaGwObaaamqv)(mh=8Zo97rcAjPEH0IDz)1.jpg;https://ei.phncdn.com/videos/202109/15/394776601/original/(m=eaAaGwObaaamqv)(mh=8Zo97rcAjPEH0IDz)2.jpg;https://ei.phncdn.com/videos/202109/15/394776601/original/(m=eaAaGwObaaamqv)(mh=8Zo97rcAjPEH0IDz)3.jpg;https://ei.phncdn.com/videos/202109/15/394776601/original/(m=eaAaGwObaaamqv)(mh=8Zo97rcAjPEH0IDz)4.jpg;https://ei.phncdn.com/videos/202109/15/394776601/original/(m=eaAaGwObaaamqv)(mh=8Zo97rcAjPEH0IDz)5.jpg;https://ei.phncdn.com/videos/202109/15/394776601/original/(m=eaAaGwObaaamqv)(mh=8Zo97rcAjPEH0IDz)6.jpg;https://ei.phncdn.com/videos/202109/15/394776601/original/(m=eaAaGwObaaamqv)(mh=8Zo97rcAjPEH0IDz)7.jpg;https://ei.phncdn.com/videos/202109/15/394776601/original/(m=eaAaGwObaaamqv)(mh=8Zo97rcAjPEH0IDz)8.jpg;https://ei.phncdn.com/videos/202109/15/394776601/original/(m=eaAaGwObaaamqv)(mh=8Zo97rcAjPEH0IDz)9.jpg;https://ei.phncdn.com/videos/202109/15/394776601/original/(m=eaAaGwObaaamqv)(mh=8Zo97rcAjPEH0IDz)10.jpg;https://ei.phncdn.com/videos/202109/15/394776601/original/(m=eaAaGwObaaamqv)(mh=8Zo97rcAjPEH0IDz)11.jpg;https://ei.phncdn.com/videos/202109/15/394776601/original/(m=eaAaGwObaaamqv)(mh=8Zo97rcAjPEH0IDz)12.jpg;https://ei.phncdn.com/videos/202109/15/394776601/original/(m=eaAaGwObaaamqv)(mh=8Zo97rcAjPEH0IDz)13.jpg;https://ei.phncdn.com/videos/202109/15/394776601/original/(m=eaAaGwObaaamqv)(mh=8Zo97rcAjPEH0IDz)14.jpg;https://ei.phncdn.com/videos/202109/15/394776601/original/(m=eaAaGwObaaamqv)(mh=8Zo97rcAjPEH0IDz)15.jpg;https://ei.phncdn.com/videos/202109/15/394776601/original/(m=eaAaGwObaaamqv)(mh=8Zo97rcAjPEH0IDz)16.jpg
<iframe src="https://www.pornhub.com/embed/ph618798882d44d" frameborder="0" height="481" width="608" scrolling="no"></iframe>|https://ei.phncdn.com/videos/202111/07/397643661/original/(m=eaf8GgaaaWavb)(mh=O4zSqQ-EAJNp76Mg)7.jpg|https://ei.phncdn.com/videos/202111/07/397643661/original/(m=eaf8GgaaaWavb)(mh=O4zSqQ-EAJNp76Mg)1.jpg;https://ei.phncdn.com/videos/202111/07/397643661/original/(m=eaf8GgaaaWavb)(mh=O4zSqQ-EAJNp76Mg)2.jpg;https://ei.phncdn.com/videos/202111/07/397643661/original/(m=eaf8GgaaaWavb)(mh=O4zSqQ-EAJNp76Mg)3.jpg;https://ei.phncdn.com/videos/202111/07/397643661/original/(m=eaf8GgaaaWavb)(mh=O4zSqQ-EAJNp76Mg)4.jpg;https://ei.phncdn.com/videos/202111/07/397643661/original/(m=eaf8GgaaaWavb)(mh=O4zSqQ-EAJNp76Mg)5.jpg;https://ei.phncdn.com/videos/202111/07/397643661/original/(m=eaf8GgaaaWavb)(mh=O4zSqQ-EAJNp76Mg)6.jpg;https://ei.phncdn.com/videos/202111/07/397643661/original/(m=eaf8GgaaaWavb)(mh=O4zSqQ-EAJNp76Mg)7.jpg;https://ei.phncdn.com/videos/202111/07/397643661/original/(m=eaf8GgaaaWavb)(mh=O4zSqQ-EAJNp76Mg)8.jpg;https://ei.phncdn.com/videos/202111/07/397643661/original/(m=eaf8GgaaaWavb)(mh=O4zSqQ-EAJNp76Mg)9.jpg;https://ei.phncdn.com/videos/202111/07/397643661/original/(m=eaf8GgaaaWavb)(mh=O4zSqQ-EAJNp76Mg)10.jpg;https://ei.phncdn.com/videos/202111/07/397643661/original/(m=eaf8GgaaaWavb)(mh=O4zSqQ-EAJNp76Mg)11.jpg;https://ei.phncdn.com/videos/202111/07/397643661/original/(m=eaf8GgaaaWavb)(mh=O4zSqQ-EAJNp76Mg)12.jpg;https://ei.phncdn.com/videos/202111/07/397643661/original/(m=eaf8GgaaaWavb)(mh=O4zSqQ-EAJNp76Mg)13.jpg;https://ei.phncdn.com/videos/202111/07/397643661/original/(m=eaf8GgaaaWavb)(mh=O4zSqQ-EAJNp76Mg)14.jpg;https://ei.phncdn.com/videos/202111/07/397643661/original/(m=eaf8GgaaaWavb)(mh=O4zSqQ-EAJNp76Mg)15.jpg;https://ei.phncdn.com/videos/202111/07/397643661/original/(m=eaf8GgaaaWavb)(mh=O4zSqQ-EAJNp76Mg)16.jpg|Start Action|sex;action|Casting;Solo Male;Exclusive;Verified Amateurs;Vertical Video||15|88|||https://ei.phncdn.com/videos/202111/07/397643661/original/(m=eaAaGwObaaamqv)(mh=ovBgRNGvGlcZSSZw)7.jpg|https://ei.phncdn.com/videos/202111/07/397643661/original/(m=eaAaGwObaaamqv)(mh=ovBgRNGvGlcZSSZw)1.jpg;https://ei.phncdn.com/videos/202111/07/397643661/original/(m=eaAaGwObaaamqv)(mh=ovBgRNGvGlcZSSZw)2.jpg;https://ei.phncdn.com/videos/202111/07/397643661/original/(m=eaAaGwObaaamqv)(mh=ovBgRNGvGlcZSSZw)3.jpg;https://ei.phncdn.com/videos/202111/07/397643661/original/(m=eaAaGwObaaamqv)(mh=ovBgRNGvGlcZSSZw)4.jpg;https://ei.phncdn.com/videos/202111/07/397643661/original/(m=eaAaGwObaaamqv)(mh=ovBgRNGvGlcZSSZw)5.jpg;https://ei.phncdn.com/videos/202111/07/397643661/original/(m=eaAaGwObaaamqv)(mh=ovBgRNGvGlcZSSZw)6.jpg;https://ei.phncdn.com/videos/202111/07/397643661/original/(m=eaAaGwObaaamqv)(mh=ovBgRNGvGlcZSSZw)7.jpg;https://ei.phncdn.com/videos/202111/07/397643661/original/(m=eaAaGwObaaamqv)(mh=ovBgRNGvGlcZSSZw)8.jpg;https://ei.phncdn.com/videos/202111/07/397643661/original/(m=eaAaGwObaaamqv)(mh=ovBgRNGvGlcZSSZw)9.jpg;https://ei.phncdn.com/videos/202111/07/397643661/original/(m=eaAaGwObaaamqv)(mh=ovBgRNGvGlcZSSZw)10.jpg;https://ei.phncdn.com/videos/202111/07/397643661/original/(m=eaAaGwObaaamqv)(mh=ovBgRNGvGlcZSSZw)11.jpg;https://ei.phncdn.com/videos/202111/07/397643661/original/(m=eaAaGwObaaamqv)(mh=ovBgRNGvGlcZSSZw)12.jpg;https://ei.phncdn.com/videos/202111/07/397643661/original/(m=eaAaGwObaaamqv)(mh=ovBgRNGvGlcZSSZw)13.jpg;https://ei.phncdn.com/videos/202111/07/397643661/original/(m=eaAaGwObaaamqv)(mh=ovBgRNGvGlcZSSZw)14.jpg;https://ei.phncdn.com/videos/202111/07/397643661/original/(m=eaAaGwObaaamqv)(mh=ovBgRNGvGlcZSSZw)15.jpg;https://ei.phncdn.com/videos/202111/07/397643661/original/(m=eaAaGwObaaamqv)(mh=ovBgRNGvGlcZSSZw)16.jpg
<iframe src="https://www.pornhub.com/embed/ph6208e074a7b48" frameborder="0" height="481" width="608" scrolling="no"></iframe>|https://ei.phncdn.com/videos/202202/13/403000181/original/(m=eaf8GgaaaWavb)(mh=AWSbZbpONWJZGBJm)4.jpg|https://ei.phncdn.com/videos/202202/13/403000181/original/(m=eaf8GgaaaWavb)(mh=AWSbZbpONWJZGBJm)1.jpg;https://ei.phncdn.com/videos/202202/13/403000181/original/(m=eaf8GgaaaWavb)(mh=AWSbZbpONWJZGBJm)2.jpg;https://ei.phncdn.com/videos/202202/13/403000181/original/(m=eaf8GgaaaWavb)(mh=AWSbZbpONWJZGBJm)3.jpg;https://ei.phncdn.com/videos/202202/13/403000181/original/(m=eaf8GgaaaWavb)(mh=AWSbZbpONWJZGBJm)4.jpg;https://ei.phncdn.com/videos/202202/13/403000181/original/(m=eaf8GgaaaWavb)(mh=AWSbZbpONWJZGBJm)5.jpg;https://ei.phncdn.com/videos/202202/13/403000181/original/(m=eaf8GgaaaWavb)(mh=AWSbZbpONWJZGBJm)6.jpg;https://ei.phncdn.com/videos/202202/13/403000181/original/(m=eaf8GgaaaWavb)(mh=AWSbZbpONWJZGBJm)7.jpg;https://ei.phncdn.com/videos/202202/13/403000181/original/(m=eaf8GgaaaWavb)(mh=AWSbZbpONWJZGBJm)8.jpg;https://ei.phncdn.com/videos/202202/13/403000181/original/(m=eaf8GgaaaWavb)(mh=AWSbZbpONWJZGBJm)9.jpg;https://ei.phncdn.com/videos/202202/13/403000181/original/(m=eaf8GgaaaWavb)(mh=AWSbZbpONWJZGBJm)10.jpg;https://ei.phncdn.com/videos/202202/13/403000181/original/(m=eaf8GgaaaWavb)(mh=AWSbZbpONWJZGBJm)11.jpg;https://ei.phncdn.com/videos/202202/13/403000181/original/(m=eaf8GgaaaWavb)(mh=AWSbZbpONWJZGBJm)12.jpg;https://ei.phncdn.com/videos/202202/13/403000181/original/(m=eaf8GgaaaWavb)(mh=AWSbZbpONWJZGBJm)13.jpg;https://ei.phncdn.com/videos/202202/13/403000181/original/(m=eaf8GgaaaWavb)(mh=AWSbZbpONWJZGBJm)14.jpg;https://ei.phncdn.com/videos/202202/13/403000181/original/(m=eaf8GgaaaWavb)(mh=AWSbZbpONWJZGBJm)15.jpg;https://ei.phncdn.com/videos/202202/13/403000181/original/(m=eaf8GgaaaWavb)(mh=AWSbZbpONWJZGBJm)16.jpg|Just playing innocent|innocent;lingerie;model-latina;teasing|Casting;Verified Amateurs;Solo Female||13|23|||https://ei.phncdn.com/videos/202202/13/403000181/original/(m=eaAaGwObaaamqv)(mh=zE4YXeDrcshbvwET)4.jpg|https://ei.phncdn.com/videos/202202/13/403000181/original/(m=eaAaGwObaaamqv)(mh=zE4YXeDrcshbvwET)1.jpg;https://ei.phncdn.com/videos/202202/13/403000181/original/(m=eaAaGwObaaamqv)(mh=zE4YXeDrcshbvwET)2.jpg;https://ei.phncdn.com/videos/202202/13/403000181/original/(m=eaAaGwObaaamqv)(mh=zE4YXeDrcshbvwET)3.jpg;https://ei.phncdn.com/videos/202202/13/403000181/original/(m=eaAaGwObaaamqv)(mh=zE4YXeDrcshbvwET)4.jpg;https://ei.phncdn.com/videos/202202/13/403000181/original/(m=eaAaGwObaaamqv)(mh=zE4YXeDrcshbvwET)5.jpg;https://ei.phncdn.com/videos/202202/13/403000181/original/(m=eaAaGwObaaamqv)(mh=zE4YXeDrcshbvwET)6.jpg;https://ei.phncdn.com/videos/202202/13/403000181/original/(m=eaAaGwObaaamqv)(mh=zE4YXeDrcshbvwET)7.jpg;https://ei.phncdn.com/videos/202202/13/403000181/original/(m=eaAaGwObaaamqv)(mh=zE4YXeDrcshbvwET)8.jpg;https://ei.phncdn.com/videos/202202/13/403000181/original/(m=eaAaGwObaaamqv)(mh=zE4YXeDrcshbvwET)9.jpg;https://ei.phncdn.com/videos/202202/13/403000181/original/(m=eaAaGwObaaamqv)(mh=zE4YXeDrcshbvwET)10.jpg;https://ei.phncdn.com/videos/202202/13/403000181/original/(m=eaAaGwObaaamqv)(mh=zE4YXeDrcshbvwET)11.jpg;https://ei.phncdn.com/videos/202202/13/403000181/original/(m=eaAaGwObaaamqv)(mh=zE4YXeDrcshbvwET)12.jpg;https://ei.phncdn.com/videos/202202/13/403000181/original/(m=eaAaGwObaaamqv)(mh=zE4YXeDrcshbvwET)13.jpg;https://ei.phncdn.com/videos/202202/13/403000181/original/(m=eaAaGwObaaamqv)(mh=zE4YXeDrcshbvwET)14.jpg;https://ei.phncdn.com/videos/202202/13/403000181/original/(m=eaAaGwObaaamqv)(mh=zE4YXeDrcshbvwET)15.jpg;https://ei.phncdn.com/videos/202202/13/403000181/original/(m=eaAaGwObaaamqv)(mh=zE4YXeDrcshbvwET)16.jpg
<iframe src="https://www.pornhub.com/embed/6224a6bc00efd" frameborder="0" height="481" width="608" scrolling="no"></iframe>|https://ei.phncdn.com/videos/202203/06/404167651/original/(m=eaf8GgaaaWavb)(mh=4qOc0zOu9nvWRp_T)14.jpg|https://ei.phncdn.com/videos/202203/06/404167651/original/(m=eaf8GgaaaWavb)(mh=4qOc0zOu9nvWRp_T)1.jpg;https://ei.phncdn.com/videos/202203/06/404167651/original/(m=eaf8GgaaaWavb)(mh=4qOc0zOu9nvWRp_T)2.jpg;https://ei.phncdn.com/videos/202203/06/404167651/original/(m=eaf8GgaaaWavb)(mh=4qOc0zOu9nvWRp_T)3.jpg;https://ei.phncdn.com/videos/202203/06/404167651/original/(m=eaf8GgaaaWavb)(mh=4qOc0zOu9nvWRp_T)4.jpg;https://ei.phncdn.com/videos/202203/06/404167651/original/(m=eaf8GgaaaWavb)(mh=4qOc0zOu9nvWRp_T)5.jpg;https://ei.phncdn.com/videos/202203/06/404167651/original/(m=eaf8GgaaaWavb)(mh=4qOc0zOu9nvWRp_T)6.jpg;https://ei.phncdn.com/videos/202203/06/404167651/original/(m=eaf8GgaaaWavb)(mh=4qOc0zOu9nvWRp_T)7.jpg;https://ei.phncdn.com/videos/202203/06/404167651/original/(m=eaf8GgaaaWavb)(mh=4qOc0zOu9nvWRp_T)8.jpg;https://ei.phncdn.com/videos/202203/06/404167651/original/(m=eaf8GgaaaWavb)(mh=4qOc0zOu9nvWRp_T)9.jpg;https://ei.phncdn.com/videos/202203/06/404167651/original/(m=eaf8GgaaaWavb)(mh=4qOc0zOu9nvWRp_T)10.jpg;https://ei.phncdn.com/videos/202203/06/404167651/original/(m=eaf8GgaaaWavb)(mh=4qOc0zOu9nvWRp_T)11.jpg;https://ei.phncdn.com/videos/202203/06/404167651/original/(m=eaf8GgaaaWavb)(mh=4qOc0zOu9nvWRp_T)12.jpg;https://ei.phncdn.com/videos/202203/06/404167651/original/(m=eaf8GgaaaWavb)(mh=4qOc0zOu9nvWRp_T)13.jpg;https://ei.phncdn.com/videos/202203/06/404167651/original/(m=eaf8GgaaaWavb)(mh=4qOc0zOu9nvWRp_T)14.jpg;https://ei.phncdn.com/videos/202203/06/404167651/original/(m=eaf8GgaaaWavb)(mh=4qOc0zOu9nvWRp_T)15.jpg;https://ei.phncdn.com/videos/202203/06/404167651/original/(m=eaf8GgaaaWavb)(mh=4qOc0zOu9nvWRp_T)16.jpg|Showing meat|cumshot-compilation;big-dick;big-dick-small-pussy|Casting;Solo Male;Exclusive;Verified Amateurs||39|0|||https://ei.phncdn.com/videos/202203/06/404167651/original/(m=eaAaGwObaaamqv)(mh=B5FweTEwOnl78uvT)14.jpg|https://ei.phncdn.com/videos/202203/06/404167651/original/(m=eaAaGwObaaamqv)(mh=B5FweTEwOnl78uvT)1.jpg;https://ei.phncdn.com/videos/202203/06/404167651/original/(m=eaAaGwObaaamqv)(mh=B5FweTEwOnl78uvT)2.jpg;https://ei.phncdn.com/videos/202203/06/404167651/original/(m=eaAaGwObaaamqv)(mh=B5FweTEwOnl78uvT)3.jpg;https://ei.phncdn.com/videos/202203/06/404167651/original/(m=eaAaGwObaaamqv)(mh=B5FweTEwOnl78uvT)4.jpg;https://ei.phncdn.com/videos/202203/06/404167651/original/(m=eaAaGwObaaamqv)(mh=B5FweTEwOnl78uvT)5.jpg;https://ei.phncdn.com/videos/202203/06/404167651/original/(m=eaAaGwObaaamqv)(mh=B5FweTEwOnl78uvT)6.jpg;https://ei.phncdn.com/videos/202203/06/404167651/original/(m=eaAaGwObaaamqv)(mh=B5FweTEwOnl78uvT)7.jpg;https://ei.phncdn.com/videos/202203/06/404167651/original/(m=eaAaGwObaaamqv)(mh=B5FweTEwOnl78uvT)8.jpg;https://ei.phncdn.com/videos/202203/06/404167651/original/(m=eaAaGwObaaamqv)(mh=B5FweTEwOnl78uvT)9.jpg;https://ei.phncdn.com/videos/202203/06/404167651/original/(m=eaAaGwObaaamqv)(mh=B5FweTEwOnl78uvT)10.jpg;https://ei.phncdn.com/videos/202203/06/404167651/original/(m=eaAaGwObaaamqv)(mh=B5FweTEwOnl78uvT)11.jpg;https://ei.phncdn.com/videos/202203/06/404167651/original/(m=eaAaGwObaaamqv)(mh=B5FweTEwOnl78uvT)12.jpg;https://ei.phncdn.com/videos/202203/06/404167651/original/(m=eaAaGwObaaamqv)(mh=B5FweTEwOnl78uvT)13.jpg;https://ei.phncdn.com/videos/202203/06/404167651/original/(m=eaAaGwObaaamqv)(mh=B5FweTEwOnl78uvT)14.jpg;https://ei.phncdn.com/videos/202203/06/404167651/original/(m=eaAaGwObaaamqv)(mh=B5FweTEwOnl78uvT)15.jpg;https://ei.phncdn.com/videos/202203/06/404167651/original/(m=eaAaGwObaaamqv)(mh=B5FweTEwOnl78uvT)16.jpg
<iframe src="https://www.pornhub.com/embed/ph626097cf7c2ee" frameborder="0" height="481" width="608" scrolling="no"></iframe>|https://ei.phncdn.com/videos/202204/20/406716281/original/(m=eaf8GgaaaWavb)(mh=CzO2uwuyx40JoFxt)16.jpg|https://ei.phncdn.com/videos/202204/20/406716281/original/(m=eaf8GgaaaWavb)(mh=CzO2uwuyx40JoFxt)1.jpg;https://ei.phncdn.com/videos/202204/20/406716281/original/(m=eaf8GgaaaWavb)(mh=CzO2uwuyx40JoFxt)2.jpg;https://ei.phncdn.com/videos/202204/20/406716281/original/(m=eaf8GgaaaWavb)(mh=CzO2uwuyx40JoFxt)3.jpg;https://ei.phncdn.com/videos/202204/20/406716281/original/(m=eaf8GgaaaWavb)(mh=CzO2uwuyx40JoFxt)4.jpg;https://ei.phncdn.com/videos/202204/20/406716281/original/(m=eaf8GgaaaWavb)(mh=CzO2uwuyx40JoFxt)5.jpg;https://ei.phncdn.com/videos/202204/20/406716281/original/(m=eaf8GgaaaWavb)(mh=CzO2uwuyx40JoFxt)6.jpg;https://ei.phncdn.com/videos/202204/20/406716281/original/(m=eaf8GgaaaWavb)(mh=CzO2uwuyx40JoFxt)7.jpg;https://ei.phncdn.com/videos/202204/20/406716281/original/(m=eaf8GgaaaWavb)(mh=CzO2uwuyx40JoFxt)8.jpg;https://ei.phncdn.com/videos/202204/20/406716281/original/(m=eaf8GgaaaWavb)(mh=CzO2uwuyx40JoFxt)9.jpg;https://ei.phncdn.com/videos/202204/20/406716281/original/(m=eaf8GgaaaWavb)(mh=CzO2uwuyx40JoFxt)10.jpg;https://ei.phncdn.com/videos/202204/20/406716281/original/(m=eaf8GgaaaWavb)(mh=CzO2uwuyx40JoFxt)11.jpg;https://ei.phncdn.com/videos/202204/20/406716281/original/(m=eaf8GgaaaWavb)(mh=CzO2uwuyx40JoFxt)12.jpg;https://ei.phncdn.com/videos/202204/20/406716281/original/(m=eaf8GgaaaWavb)(mh=CzO2uwuyx40JoFxt)13.jpg;https://ei.phncdn.com/videos/202204/20/406716281/original/(m=eaf8GgaaaWavb)(mh=CzO2uwuyx40JoFxt)14.jpg;https://ei.phncdn.com/videos/202204/20/406716281/original/(m=eaf8GgaaaWavb)(mh=CzO2uwuyx40JoFxt)15.jpg;https://ei.phncdn.com/videos/202204/20/406716281/original/(m=eaf8GgaaaWavb)(mh=CzO2uwuyx40JoFxt)16.jpg|Me at the club|striptease;stripper;big-booty-shake|Casting;Old/Young (18+);Vertical Video||159|161|0|1|https://ei.phncdn.com/videos/202204/20/406716281/original/(m=eaAaGwObaaamqv)(mh=ozce_ZuKZWtn4X0P)16.jpg|https://ei.phncdn.com/videos/202204/20/406716281/original/(m=eaAaGwObaaamqv)(mh=ozce_ZuKZWtn4X0P)1.jpg;https://ei.phncdn.com/videos/202204/20/406716281/original/(m=eaAaGwObaaamqv)(mh=ozce_ZuKZWtn4X0P)2.jpg;https://ei.phncdn.com/videos/202204/20/406716281/original/(m=eaAaGwObaaamqv)(mh=ozce_ZuKZWtn4X0P)3.jpg;https://ei.phncdn.com/videos/202204/20/406716281/original/(m=eaAaGwObaaamqv)(mh=ozce_ZuKZWtn4X0P)4.jpg;https://ei.phncdn.com/videos/202204/20/406716281/original/(m=eaAaGwObaaamqv)(mh=ozce_ZuKZWtn4X0P)5.jpg;https://ei.phncdn.com/videos/202204/20/406716281/original/(m=eaAaGwObaaamqv)(mh=ozce_ZuKZWtn4X0P)6.jpg;https://ei.phncdn.com/videos/202204/20/406716281/original/(m=eaAaGwObaaamqv)(mh=ozce_ZuKZWtn4X0P)7.jpg;https://ei.phncdn.com/videos/202204/20/406716281/original/(m=eaAaGwObaaamqv)(mh=ozce_ZuKZWtn4X0P)8.jpg;https://ei.phncdn.com/videos/202204/20/406716281/original/(m=eaAaGwObaaamqv)(mh=ozce_ZuKZWtn4X0P)9.jpg;https://ei.phncdn.com/videos/202204/20/406716281/original/(m=eaAaGwObaaamqv)(mh=ozce_ZuKZWtn4X0P)10.jpg;https://ei.phncdn.com/videos/202204/20/406716281/original/(m=eaAaGwObaaamqv)(mh=ozce_ZuKZWtn4X0P)11.jpg;https://ei.phncdn.com/videos/202204/20/406716281/original/(m=eaAaGwObaaamqv)(mh=ozce_ZuKZWtn4X0P)12.jpg;https://ei.phncdn.com/videos/202204/20/406716281/original/(m=eaAaGwObaaamqv)(mh=ozce_ZuKZWtn4X0P)13.jpg;https://ei.phncdn.com/videos/202204/20/406716281/original/(m=eaAaGwObaaamqv)(mh=ozce_ZuKZWtn4X0P)14.jpg;https://ei.phncdn.com/videos/202204/20/406716281/original/(m=eaAaGwObaaamqv)(mh=ozce_ZuKZWtn4X0P)15.jpg;https://ei.phncdn.com/videos/202204/20/406716281/original/(m=eaAaGwObaaamqv)(mh=ozce_ZuKZWtn4X0P)16.jpg
<iframe src="https://www.pornhub.com/embed/ph6271f58c001ce" frameborder="0" height="481" width="608" scrolling="no"></iframe>|https://ei.phncdn.com/videos/202205/04/407478461/original/(m=eaf8GgaaaWavb)(mh=jcUuqvwN6fb2bHfY)6.jpg|https://ei.phncdn.com/videos/202205/04/407478461/original/(m=eaf8GgaaaWavb)(mh=jcUuqvwN6fb2bHfY)1.jpg;https://ei.phncdn.com/videos/202205/04/407478461/original/(m=eaf8GgaaaWavb)(mh=jcUuqvwN6fb2bHfY)2.jpg;https://ei.phncdn.com/videos/202205/04/407478461/original/(m=eaf8GgaaaWavb)(mh=jcUuqvwN6fb2bHfY)3.jpg;https://ei.phncdn.com/videos/202205/04/407478461/original/(m=eaf8GgaaaWavb)(mh=jcUuqvwN6fb2bHfY)4.jpg;https://ei.phncdn.com/videos/202205/04/407478461/original/(m=eaf8GgaaaWavb)(mh=jcUuqvwN6fb2bHfY)5.jpg;https://ei.phncdn.com/videos/202205/04/407478461/original/(m=eaf8GgaaaWavb)(mh=jcUuqvwN6fb2bHfY)6.jpg;https://ei.phncdn.com/videos/202205/04/407478461/original/(m=eaf8GgaaaWavb)(mh=jcUuqvwN6fb2bHfY)7.jpg;https://ei.phncdn.com/videos/202205/04/407478461/original/(m=eaf8GgaaaWavb)(mh=jcUuqvwN6fb2bHfY)8.jpg;https://ei.phncdn.com/videos/202205/04/407478461/original/(m=eaf8GgaaaWavb)(mh=jcUuqvwN6fb2bHfY)9.jpg;https://ei.phncdn.com/videos/202205/04/407478461/original/(m=eaf8GgaaaWavb)(mh=jcUuqvwN6fb2bHfY)10.jpg;https://ei.phncdn.com/videos/202205/04/407478461/original/(m=eaf8GgaaaWavb)(mh=jcUuqvwN6fb2bHfY)11.jpg;https://ei.phncdn.com/videos/202205/04/407478461/original/(m=eaf8GgaaaWavb)(mh=jcUuqvwN6fb2bHfY)12.jpg;https://ei.phncdn.com/videos/202205/04/407478461/original/(m=eaf8GgaaaWavb)(mh=jcUuqvwN6fb2bHfY)13.jpg;https://ei.phncdn.com/videos/202205/04/407478461/original/(m=eaf8GgaaaWavb)(mh=jcUuqvwN6fb2bHfY)14.jpg;https://ei.phncdn.com/videos/202205/04/407478461/original/(m=eaf8GgaaaWavb)(mh=jcUuqvwN6fb2bHfY)15.jpg;https://ei.phncdn.com/videos/202205/04/407478461/original/(m=eaf8GgaaaWavb)(mh=jcUuqvwN6fb2bHfY)16.jpg|Una buena jalada🥵|pinay-pornhub;pornhub|Casting;Solo Male;60FPS;Exclusive;Verified Amateurs;Behind The Scenes||18|35|||https://ei.phncdn.com/videos/202205/04/407478461/original/(m=eaAaGwObaaamqv)(mh=oQ_3usvJzdQWEXyu)6.jpg|https://ei.phncdn.com/videos/202205/04/407478461/original/(m=eaAaGwObaaamqv)(mh=oQ_3usvJzdQWEXyu)1.jpg;https://ei.phncdn.com/videos/202205/04/407478461/original/(m=eaAaGwObaaamqv)(mh=oQ_3usvJzdQWEXyu)2.jpg;https://ei.phncdn.com/videos/202205/04/407478461/original/(m=eaAaGwObaaamqv)(mh=oQ_3usvJzdQWEXyu)3.jpg;https://ei.phncdn.com/videos/202205/04/407478461/original/(m=eaAaGwObaaamqv)(mh=oQ_3usvJzdQWEXyu)4.jpg;https://ei.phncdn.com/videos/202205/04/407478461/original/(m=eaAaGwObaaamqv)(mh=oQ_3usvJzdQWEXyu)5.jpg;https://ei.phncdn.com/videos/202205/04/407478461/original/(m=eaAaGwObaaamqv)(mh=oQ_3usvJzdQWEXyu)6.jpg;https://ei.phncdn.com/videos/202205/04/407478461/original/(m=eaAaGwObaaamqv)(mh=oQ_3usvJzdQWEXyu)7.jpg;https://ei.phncdn.com/videos/202205/04/407478461/original/(m=eaAaGwObaaamqv)(mh=oQ_3usvJzdQWEXyu)8.jpg;https://ei.phncdn.com/videos/202205/04/407478461/original/(m=eaAaGwObaaamqv)(mh=oQ_3usvJzdQWEXyu)9.jpg;https://ei.phncdn.com/videos/202205/04/407478461/original/(m=eaAaGwObaaamqv)(mh=oQ_3usvJzdQWEXyu)10.jpg;https://ei.phncdn.com/videos/202205/04/407478461/original/(m=eaAaGwObaaamqv)(mh=oQ_3usvJzdQWEXyu)11.jpg;https://ei.phncdn.com/videos/202205/04/407478461/original/(m=eaAaGwObaaamqv)(mh=oQ_3usvJzdQWEXyu)12.jpg;https://ei.phncdn.com/videos/202205/04/407478461/original/(m=eaAaGwObaaamqv)(mh=oQ_3usvJzdQWEXyu)13.jpg;https://ei.phncdn.com/videos/202205/04/407478461/original/(m=eaAaGwObaaamqv)(mh=oQ_3usvJzdQWEXyu)14.jpg;https://ei.phncdn.com/videos/202205/04/407478461/original/(m=eaAaGwObaaamqv)(mh=oQ_3usvJzdQWEXyu)15.jpg;https://ei.phncdn.com/videos/202205/04/407478461/original/(m=eaAaGwObaaamqv)(mh=oQ_3usvJzdQWEXyu)16.jpg
<iframe src="https://www.pornhub.com/embed/ph631bc3f632217" frameborder="0" height="481" width="608" scrolling="no"></iframe>|https://ei.phncdn.com/videos/202209/09/415312731/original/(m=eaf8GgaaaWavb)(mh=WiXPMoKYJ2LOm6R9)10.jpg|https://ei.phncdn.com/videos/202209/09/415312731/original/(m=eaf8GgaaaWavb)(mh=WiXPMoKYJ2LOm6R9)1.jpg;https://ei.phncdn.com/videos/202209/09/415312731/original/(m=eaf8GgaaaWavb)(mh=WiXPMoKYJ2LOm6R9)2.jpg;https://ei.phncdn.com/videos/202209/09/415312731/original/(m=eaf8GgaaaWavb)(mh=WiXPMoKYJ2LOm6R9)3.jpg;https://ei.phncdn.com/videos/202209/09/415312731/original/(m=eaf8GgaaaWavb)(mh=WiXPMoKYJ2LOm6R9)4.jpg;https://ei.phncdn.com/videos/202209/09/415312731/original/(m=eaf8GgaaaWavb)(mh=WiXPMoKYJ2LOm6R9)5.jpg;https://ei.phncdn.com/videos/202209/09/415312731/original/(m=eaf8GgaaaWavb)(mh=WiXPMoKYJ2LOm6R9)6.jpg;https://ei.phncdn.com/videos/202209/09/415312731/original/(m=eaf8GgaaaWavb)(mh=WiXPMoKYJ2LOm6R9)7.jpg;https://ei.phncdn.com/videos/202209/09/415312731/original/(m=eaf8GgaaaWavb)(mh=WiXPMoKYJ2LOm6R9)8.jpg;https://ei.phncdn.com/videos/202209/09/415312731/original/(m=eaf8GgaaaWavb)(mh=WiXPMoKYJ2LOm6R9)9.jpg;https://ei.phncdn.com/videos/202209/09/415312731/original/(m=eaf8GgaaaWavb)(mh=WiXPMoKYJ2LOm6R9)10.jpg;https://ei.phncdn.com/videos/202209/09/415312731/original/(m=eaf8GgaaaWavb)(mh=WiXPMoKYJ2LOm6R9)11.jpg;https://ei.phncdn.com/videos/202209/09/415312731/original/(m=eaf8GgaaaWavb)(mh=WiXPMoKYJ2LOm6R9)12.jpg;https://ei.phncdn.com/videos/202209/09/415312731/original/(m=eaf8GgaaaWavb)(mh=WiXPMoKYJ2LOm6R9)13.jpg;https://ei.phncdn.com/videos/202209/09/415312731/original/(m=eaf8GgaaaWavb)(mh=WiXPMoKYJ2LOm6R9)14.jpg;https://ei.phncdn.com/videos/202209/09/415312731/original/(m=eaf8GgaaaWavb)(mh=WiXPMoKYJ2LOm6R9)15.jpg;https://ei.phncdn.com/videos/202209/09/415312731/original/(m=eaf8GgaaaWavb)(mh=WiXPMoKYJ2LOm6R9)16.jpg|You want me..Let me bei your whore💋|italian;bitch;horny;watch-porn-together|Casting;Exclusive;Verified Amateurs;Solo Female;Vertical Video||28|667|5|1|https://ei.phncdn.com/videos/202209/09/415312731/original/(m=eaAaGwObaaamqv)(mh=vqb-kL82wILu7sYX)10.jpg|https://ei.phncdn.com/videos/202209/09/415312731/original/(m=eaAaGwObaaamqv)(mh=vqb-kL82wILu7sYX)1.jpg;https://ei.phncdn.com/videos/202209/09/415312731/original/(m=eaAaGwObaaamqv)(mh=vqb-kL82wILu7sYX)2.jpg;https://ei.phncdn.com/videos/202209/09/415312731/original/(m=eaAaGwObaaamqv)(mh=vqb-kL82wILu7sYX)3.jpg;https://ei.phncdn.com/videos/202209/09/415312731/original/(m=eaAaGwObaaamqv)(mh=vqb-kL82wILu7sYX)4.jpg;https://ei.phncdn.com/videos/202209/09/415312731/original/(m=eaAaGwObaaamqv)(mh=vqb-kL82wILu7sYX)5.jpg;https://ei.phncdn.com/videos/202209/09/415312731/original/(m=eaAaGwObaaamqv)(mh=vqb-kL82wILu7sYX)6.jpg;https://ei.phncdn.com/videos/202209/09/415312731/original/(m=eaAaGwObaaamqv)(mh=vqb-kL82wILu7sYX)7.jpg;https://ei.phncdn.com/videos/202209/09/415312731/original/(m=eaAaGwObaaamqv)(mh=vqb-kL82wILu7sYX)8.jpg;https://ei.phncdn.com/videos/202209/09/415312731/original/(m=eaAaGwObaaamqv)(mh=vqb-kL82wILu7sYX)9.jpg;https://ei.phncdn.com/videos/202209/09/415312731/original/(m=eaAaGwObaaamqv)(mh=vqb-kL82wILu7sYX)10.jpg;https://ei.phncdn.com/videos/202209/09/415312731/original/(m=eaAaGwObaaamqv)(mh=vqb-kL82wILu7sYX)11.jpg;https://ei.phncdn.com/videos/202209/09/415312731/original/(m=eaAaGwObaaamqv)(mh=vqb-kL82wILu7sYX)12.jpg;https://ei.phncdn.com/videos/202209/09/415312731/original/(m=eaAaGwObaaamqv)(mh=vqb-kL82wILu7sYX)13.jpg;https://ei.phncdn.com/videos/202209/09/415312731/original/(m=eaAaGwObaaamqv)(mh=vqb-kL82wILu7sYX)14.jpg;https://ei.phncdn.com/videos/202209/09/415312731/original/(m=eaAaGwObaaamqv)(mh=vqb-kL82wILu7sYX)15.jpg;https://ei.phncdn.com/videos/202209/09/415312731/original/(m=eaAaGwObaaamqv)(mh=vqb-kL82wILu7sYX)16.jpg
<iframe src="https://www.pornhub.com/embed/ph632e02d5a2cb9" frameborder="0" height="481" width="608" scrolling="no"></iframe>|https://ei.phncdn.com/videos/202209/23/416176961/original/(m=eaf8GgaaaWavb)(mh=rxjwD81Ikvo42TX3)3.jpg|https://ei.phncdn.com/videos/202209/23/416176961/original/(m=eaf8GgaaaWavb)(mh=rxjwD81Ikvo42TX3)1.jpg;https://ei.phncdn.com/videos/202209/23/416176961/original/(m=eaf8GgaaaWavb)(mh=rxjwD81Ikvo42TX3)2.jpg;https://ei.phncdn.com/videos/202209/23/416176961/original/(m=eaf8GgaaaWavb)(mh=rxjwD81Ikvo42TX3)3.jpg;https://ei.phncdn.com/videos/202209/23/416176961/original/(m=eaf8GgaaaWavb)(mh=rxjwD81Ikvo42TX3)4.jpg;https://ei.phncdn.com/videos/202209/23/416176961/original/(m=eaf8GgaaaWavb)(mh=rxjwD81Ikvo42TX3)5.jpg;https://ei.phncdn.com/videos/202209/23/416176961/original/(m=eaf8GgaaaWavb)(mh=rxjwD81Ikvo42TX3)6.jpg;https://ei.phncdn.com/videos/202209/23/416176961/original/(m=eaf8GgaaaWavb)(mh=rxjwD81Ikvo42TX3)7.jpg;https://ei.phncdn.com/videos/202209/23/416176961/original/(m=eaf8GgaaaWavb)(mh=rxjwD81Ikvo42TX3)8.jpg;https://ei.phncdn.com/videos/202209/23/416176961/original/(m=eaf8GgaaaWavb)(mh=rxjwD81Ikvo42TX3)9.jpg;https://ei.phncdn.com/videos/202209/23/416176961/original/(m=eaf8GgaaaWavb)(mh=rxjwD81Ikvo42TX3)10.jpg;https://ei.phncdn.com/videos/202209/23/416176961/original/(m=eaf8GgaaaWavb)(mh=rxjwD81Ikvo42TX3)11.jpg;https://ei.phncdn.com/videos/202209/23/416176961/original/(m=eaf8GgaaaWavb)(mh=rxjwD81Ikvo42TX3)12.jpg;https://ei.phncdn.com/videos/202209/23/416176961/original/(m=eaf8GgaaaWavb)(mh=rxjwD81Ikvo42TX3)13.jpg;https://ei.phncdn.com/videos/202209/23/416176961/original/(m=eaf8GgaaaWavb)(mh=rxjwD81Ikvo42TX3)14.jpg;https://ei.phncdn.com/videos/202209/23/416176961/original/(m=eaf8GgaaaWavb)(mh=rxjwD81Ikvo42TX3)15.jpg;https://ei.phncdn.com/videos/202209/23/416176961/original/(m=eaf8GgaaaWavb)(mh=rxjwD81Ikvo42TX3)16.jpg|Welcome on my profil - next Video Fake taxi drive|fake-taxi;sex|Casting;Solo Male;Exclusive;Verified Amateurs;Vertical Video||60|481|7|0|https://ei.phncdn.com/videos/202209/23/416176961/original/(m=eaAaGwObaaamqv)(mh=OBvHDVIhWMclmd8z)3.jpg|https://ei.phncdn.com/videos/202209/23/416176961/original/(m=eaAaGwObaaamqv)(mh=OBvHDVIhWMclmd8z)1.jpg;https://ei.phncdn.com/videos/202209/23/416176961/original/(m=eaAaGwObaaamqv)(mh=OBvHDVIhWMclmd8z)2.jpg;https://ei.phncdn.com/videos/202209/23/416176961/original/(m=eaAaGwObaaamqv)(mh=OBvHDVIhWMclmd8z)3.jpg;https://ei.phncdn.com/videos/202209/23/416176961/original/(m=eaAaGwObaaamqv)(mh=OBvHDVIhWMclmd8z)4.jpg;https://ei.phncdn.com/videos/202209/23/416176961/original/(m=eaAaGwObaaamqv)(mh=OBvHDVIhWMclmd8z)5.jpg;https://ei.phncdn.com/videos/202209/23/416176961/original/(m=eaAaGwObaaamqv)(mh=OBvHDVIhWMclmd8z)6.jpg;https://ei.phncdn.com/videos/202209/23/416176961/original/(m=eaAaGwObaaamqv)(mh=OBvHDVIhWMclmd8z)7.jpg;https://ei.phncdn.com/videos/202209/23/416176961/original/(m=eaAaGwObaaamqv)(mh=OBvHDVIhWMclmd8z)8.jpg;https://ei.phncdn.com/videos/202209/23/416176961/original/(m=eaAaGwObaaamqv)(mh=OBvHDVIhWMclmd8z)9.jpg;https://ei.phncdn.com/videos/202209/23/416176961/original/(m=eaAaGwObaaamqv)(mh=OBvHDVIhWMclmd8z)10.jpg;https://ei.phncdn.com/videos/202209/23/416176961/original/(m=eaAaGwObaaamqv)(mh=OBvHDVIhWMclmd8z)11.jpg;https://ei.phncdn.com/videos/202209/23/416176961/original/(m=eaAaGwObaaamqv)(mh=OBvHDVIhWMclmd8z)12.jpg;https://ei.phncdn.com/videos/202209/23/416176961/original/(m=eaAaGwObaaamqv)(mh=OBvHDVIhWMclmd8z)13.jpg;https://ei.phncdn.com/videos/202209/23/416176961/original/(m=eaAaGwObaaamqv)(mh=OBvHDVIhWMclmd8z)14.jpg;https://ei.phncdn.com/videos/202209/23/416176961/original/(m=eaAaGwObaaamqv)(mh=OBvHDVIhWMclmd8z)15.jpg;https://ei.phncdn.com/videos/202209/23/416176961/original/(m=eaAaGwObaaamqv)(mh=OBvHDVIhWMclmd8z)16.jpg
<iframe src="https://www.pornhub.com/embed/ph6380c11209da0" frameborder="0" height="481" width="608" scrolling="no"></iframe>|https://ei.phncdn.com/videos/202211/25/420206681/original/(m=eaf8GgaaaWavb)(mh=TbWNlheLzRQPvSLW)2.jpg|https://ei.phncdn.com/videos/202211/25/420206681/original/(m=eaf8GgaaaWavb)(mh=TbWNlheLzRQPvSLW)1.jpg;https://ei.phncdn.com/videos/202211/25/420206681/original/(m=eaf8GgaaaWavb)(mh=TbWNlheLzRQPvSLW)2.jpg;https://ei.phncdn.com/videos/202211/25/420206681/original/(m=eaf8GgaaaWavb)(mh=TbWNlheLzRQPvSLW)3.jpg;https://ei.phncdn.com/videos/202211/25/420206681/original/(m=eaf8GgaaaWavb)(mh=TbWNlheLzRQPvSLW)4.jpg;https://ei.phncdn.com/videos/202211/25/420206681/original/(m=eaf8GgaaaWavb)(mh=TbWNlheLzRQPvSLW)5.jpg;https://ei.phncdn.com/videos/202211/25/420206681/original/(m=eaf8GgaaaWavb)(mh=TbWNlheLzRQPvSLW)6.jpg;https://ei.phncdn.com/videos/202211/25/420206681/original/(m=eaf8GgaaaWavb)(mh=TbWNlheLzRQPvSLW)7.jpg;https://ei.phncdn.com/videos/202211/25/420206681/original/(m=eaf8GgaaaWavb)(mh=TbWNlheLzRQPvSLW)8.jpg;https://ei.phncdn.com/videos/202211/25/420206681/original/(m=eaf8GgaaaWavb)(mh=TbWNlheLzRQPvSLW)9.jpg;https://ei.phncdn.com/videos/202211/25/420206681/original/(m=eaf8GgaaaWavb)(mh=TbWNlheLzRQPvSLW)10.jpg;https://ei.phncdn.com/videos/202211/25/420206681/original/(m=eaf8GgaaaWavb)(mh=TbWNlheLzRQPvSLW)11.jpg;https://ei.phncdn.com/videos/202211/25/420206681/original/(m=eaf8GgaaaWavb)(mh=TbWNlheLzRQPvSLW)12.jpg;https://ei.phncdn.com/videos/202211/25/420206681/original/(m=eaf8GgaaaWavb)(mh=TbWNlheLzRQPvSLW)13.jpg;https://ei.phncdn.com/videos/202211/25/420206681/original/(m=eaf8GgaaaWavb)(mh=TbWNlheLzRQPvSLW)14.jpg;https://ei.phncdn.com/videos/202211/25/420206681/original/(m=eaf8GgaaaWavb)(mh=TbWNlheLzRQPvSLW)15.jpg;https://ei.phncdn.com/videos/202211/25/420206681/original/(m=eaf8GgaaaWavb)(mh=TbWNlheLzRQPvSLW)16.jpg|Audio erótico, follando centro comercial, le pongo los cuernos a mi marido con un desconocido|erotic-audio;cuernos;desconocido|Casting;Exclusive;Verified Amateurs;Solo Female||338|6571|11|6|https://ei.phncdn.com/videos/202211/25/420206681/original/(m=eaAaGwObaaamqv)(mh=hDU2B-g0rlphr0ue)2.jpg|https://ei.phncdn.com/videos/202211/25/420206681/original/(m=eaAaGwObaaamqv)(mh=hDU2B-g0rlphr0ue)1.jpg;https://ei.phncdn.com/videos/202211/25/420206681/original/(m=eaAaGwObaaamqv)(mh=hDU2B-g0rlphr0ue)2.jpg;https://ei.phncdn.com/videos/202211/25/420206681/original/(m=eaAaGwObaaamqv)(mh=hDU2B-g0rlphr0ue)3.jpg;https://ei.phncdn.com/videos/202211/25/420206681/original/(m=eaAaGwObaaamqv)(mh=hDU2B-g0rlphr0ue)4.jpg;https://ei.phncdn.com/videos/202211/25/420206681/original/(m=eaAaGwObaaamqv)(mh=hDU2B-g0rlphr0ue)5.jpg;https://ei.phncdn.com/videos/202211/25/420206681/original/(m=eaAaGwObaaamqv)(mh=hDU2B-g0rlphr0ue)6.jpg;https://ei.phncdn.com/videos/202211/25/420206681/original/(m=eaAaGwObaaamqv)(mh=hDU2B-g0rlphr0ue)7.jpg;https://ei.phncdn.com/videos/202211/25/420206681/original/(m=eaAaGwObaaamqv)(mh=hDU2B-g0rlphr0ue)8.jpg;https://ei.phncdn.com/videos/202211/25/420206681/original/(m=eaAaGwObaaamqv)(mh=hDU2B-g0rlphr0ue)9.jpg;https://ei.phncdn.com/videos/202211/25/420206681/original/(m=eaAaGwObaaamqv)(mh=hDU2B-g0rlphr0ue)10.jpg;https://ei.phncdn.com/videos/202211/25/420206681/original/(m=eaAaGwObaaamqv)(mh=hDU2B-g0rlphr0ue)11.jpg;https://ei.phncdn.com/videos/202211/25/420206681/original/(m=eaAaGwObaaamqv)(mh=hDU2B-g0rlphr0ue)12.jpg;https://ei.phncdn.com/videos/202211/25/420206681/original/(m=eaAaGwObaaamqv)(mh=hDU2B-g0rlphr0ue)13.jpg;https://ei.phncdn.com/videos/202211/25/420206681/original/(m=eaAaGwObaaamqv)(mh=hDU2B-g0rlphr0ue)14.jpg;https://ei.phncdn.com/videos/202211/25/420206681/original/(m=eaAaGwObaaamqv)(mh=hDU2B-g0rlphr0ue)15.jpg;https://ei.phncdn.com/videos/202211/25/420206681/original/(m=eaAaGwObaaamqv)(mh=hDU2B-g0rlphr0ue)16.jpg
<iframe src="https://www.pornhub.com/embed/ph63b42dcadfca5" frameborder="0" height="481" width="608" scrolling="no"></iframe>|https://ei.phncdn.com/videos/202301/03/422585451/original/(m=eaf8GgaaaWavb)(mh=bJY6kjHrlNiSqjtg)15.jpg|https://ei.phncdn.com/videos/202301/03/422585451/original/(m=eaf8GgaaaWavb)(mh=bJY6kjHrlNiSqjtg)1.jpg;https://ei.phncdn.com/videos/202301/03/422585451/original/(m=eaf8GgaaaWavb)(mh=bJY6kjHrlNiSqjtg)2.jpg;https://ei.phncdn.com/videos/202301/03/422585451/original/(m=eaf8GgaaaWavb)(mh=bJY6kjHrlNiSqjtg)3.jpg;https://ei.phncdn.com/videos/202301/03/422585451/original/(m=eaf8GgaaaWavb)(mh=bJY6kjHrlNiSqjtg)4.jpg;https://ei.phncdn.com/videos/202301/03/422585451/original/(m=eaf8GgaaaWavb)(mh=bJY6kjHrlNiSqjtg)5.jpg;https://ei.phncdn.com/videos/202301/03/422585451/original/(m=eaf8GgaaaWavb)(mh=bJY6kjHrlNiSqjtg)6.jpg;https://ei.phncdn.com/videos/202301/03/422585451/original/(m=eaf8GgaaaWavb)(mh=bJY6kjHrlNiSqjtg)7.jpg;https://ei.phncdn.com/videos/202301/03/422585451/original/(m=eaf8GgaaaWavb)(mh=bJY6kjHrlNiSqjtg)8.jpg;https://ei.phncdn.com/videos/202301/03/422585451/original/(m=eaf8GgaaaWavb)(mh=bJY6kjHrlNiSqjtg)9.jpg;https://ei.phncdn.com/videos/202301/03/422585451/original/(m=eaf8GgaaaWavb)(mh=bJY6kjHrlNiSqjtg)10.jpg;https://ei.phncdn.com/videos/202301/03/422585451/original/(m=eaf8GgaaaWavb)(mh=bJY6kjHrlNiSqjtg)11.jpg;https://ei.phncdn.com/videos/202301/03/422585451/original/(m=eaf8GgaaaWavb)(mh=bJY6kjHrlNiSqjtg)12.jpg;https://ei.phncdn.com/videos/202301/03/422585451/original/(m=eaf8GgaaaWavb)(mh=bJY6kjHrlNiSqjtg)13.jpg;https://ei.phncdn.com/videos/202301/03/422585451/original/(m=eaf8GgaaaWavb)(mh=bJY6kjHrlNiSqjtg)14.jpg;https://ei.phncdn.com/videos/202301/03/422585451/original/(m=eaf8GgaaaWavb)(mh=bJY6kjHrlNiSqjtg)15.jpg;https://ei.phncdn.com/videos/202301/03/422585451/original/(m=eaf8GgaaaWavb)(mh=bJY6kjHrlNiSqjtg)16.jpg|time to enjoy july 4|july;latina|Casting;Verified Amateurs;Solo Female||12|37|||https://ei.phncdn.com/videos/202301/03/422585451/original/(m=eaAaGwObaaamqv)(mh=iV6x3obGk-aGR9rD)15.jpg|https://ei.phncdn.com/videos/202301/03/422585451/original/(m=eaAaGwObaaamqv)(mh=iV6x3obGk-aGR9rD)1.jpg;https://ei.phncdn.com/videos/202301/03/422585451/original/(m=eaAaGwObaaamqv)(mh=iV6x3obGk-aGR9rD)2.jpg;https://ei.phncdn.com/videos/202301/03/422585451/original/(m=eaAaGwObaaamqv)(mh=iV6x3obGk-aGR9rD)3.jpg;https://ei.phncdn.com/videos/202301/03/422585451/original/(m=eaAaGwObaaamqv)(mh=iV6x3obGk-aGR9rD)4.jpg;https://ei.phncdn.com/videos/202301/03/422585451/original/(m=eaAaGwObaaamqv)(mh=iV6x3obGk-aGR9rD)5.jpg;https://ei.phncdn.com/videos/202301/03/422585451/original/(m=eaAaGwObaaamqv)(mh=iV6x3obGk-aGR9rD)6.jpg;https://ei.phncdn.com/videos/202301/03/422585451/original/(m=eaAaGwObaaamqv)(mh=iV6x3obGk-aGR9rD)7.jpg;https://ei.phncdn.com/videos/202301/03/422585451/original/(m=eaAaGwObaaamqv)(mh=iV6x3obGk-aGR9rD)8.jpg;https://ei.phncdn.com/videos/202301/03/422585451/original/(m=eaAaGwObaaamqv)(mh=iV6x3obGk-aGR9rD)9.jpg;https://ei.phncdn.com/videos/202301/03/422585451/original/(m=eaAaGwObaaamqv)(mh=iV6x3obGk-aGR9rD)10.jpg;https://ei.phncdn.com/videos/202301/03/422585451/original/(m=eaAaGwObaaamqv)(mh=iV6x3obGk-aGR9rD)11.jpg;https://ei.phncdn.com/videos/202301/03/422585451/original/(m=eaAaGwObaaamqv)(mh=iV6x3obGk-aGR9rD)12.jpg;https://ei.phncdn.com/videos/202301/03/422585451/original/(m=eaAaGwObaaamqv)(mh=iV6x3obGk-aGR9rD)13.jpg;https://ei.phncdn.com/videos/202301/03/422585451/original/(m=eaAaGwObaaamqv)(mh=iV6x3obGk-aGR9rD)14.jpg;https://ei.phncdn.com/videos/202301/03/422585451/original/(m=eaAaGwObaaamqv)(mh=iV6x3obGk-aGR9rD)15.jpg;https://ei.phncdn.com/videos/202301/03/422585451/original/(m=eaAaGwObaaamqv)(mh=iV6x3obGk-aGR9rD)16.jpg
<iframe src="https://www.pornhub.com/embed/63d4ceb87c0a1" frameborder="0" height="481" width="608" scrolling="no"></iframe>|https://ei.phncdn.com/videos/202301/28/424281241/original/(m=eaf8GgaaaWavb)(mh=ECbvyEaNvI4nnn2U)14.jpg|https://ei.phncdn.com/videos/202301/28/424281241/original/(m=eaf8GgaaaWavb)(mh=ECbvyEaNvI4nnn2U)1.jpg;https://ei.phncdn.com/videos/202301/28/424281241/original/(m=eaf8GgaaaWavb)(mh=ECbvyEaNvI4nnn2U)2.jpg;https://ei.phncdn.com/videos/202301/28/424281241/original/(m=eaf8GgaaaWavb)(mh=ECbvyEaNvI4nnn2U)3.jpg;https://ei.phncdn.com/videos/202301/28/424281241/original/(m=eaf8GgaaaWavb)(mh=ECbvyEaNvI4nnn2U)4.jpg;https://ei.phncdn.com/videos/202301/28/424281241/original/(m=eaf8GgaaaWavb)(mh=ECbvyEaNvI4nnn2U)5.jpg;https://ei.phncdn.com/videos/202301/28/424281241/original/(m=eaf8GgaaaWavb)(mh=ECbvyEaNvI4nnn2U)6.jpg;https://ei.phncdn.com/videos/202301/28/424281241/original/(m=eaf8GgaaaWavb)(mh=ECbvyEaNvI4nnn2U)7.jpg;https://ei.phncdn.com/videos/202301/28/424281241/original/(m=eaf8GgaaaWavb)(mh=ECbvyEaNvI4nnn2U)8.jpg;https://ei.phncdn.com/videos/202301/28/424281241/original/(m=eaf8GgaaaWavb)(mh=ECbvyEaNvI4nnn2U)9.jpg;https://ei.phncdn.com/videos/202301/28/424281241/original/(m=eaf8GgaaaWavb)(mh=ECbvyEaNvI4nnn2U)10.jpg;https://ei.phncdn.com/videos/202301/28/424281241/original/(m=eaf8GgaaaWavb)(mh=ECbvyEaNvI4nnn2U)11.jpg;https://ei.phncdn.com/videos/202301/28/424281241/original/(m=eaf8GgaaaWavb)(mh=ECbvyEaNvI4nnn2U)12.jpg;https://ei.phncdn.com/videos/202301/28/424281241/original/(m=eaf8GgaaaWavb)(mh=ECbvyEaNvI4nnn2U)13.jpg;https://ei.phncdn.com/videos/202301/28/424281241/original/(m=eaf8GgaaaWavb)(mh=ECbvyEaNvI4nnn2U)14.jpg;https://ei.phncdn.com/videos/202301/28/424281241/original/(m=eaf8GgaaaWavb)(mh=ECbvyEaNvI4nnn2U)15.jpg;https://ei.phncdn.com/videos/202301/28/424281241/original/(m=eaf8GgaaaWavb)(mh=ECbvyEaNvI4nnn2U)16.jpg|web3用戶增長的思考|web3;web3-0|Casting;Solo Male;Exclusive;Verified Amateurs||477|20|||https://ei.phncdn.com/videos/202301/28/424281241/original/(m=eaAaGwObaaamqv)(mh=57zgZGRKPm5k4epF)14.jpg|https://ei.phncdn.com/videos/202301/28/424281241/original/(m=eaAaGwObaaamqv)(mh=57zgZGRKPm5k4epF)1.jpg;https://ei.phncdn.com/videos/202301/28/424281241/original/(m=eaAaGwObaaamqv)(mh=57zgZGRKPm5k4epF)2.jpg;https://ei.phncdn.com/videos/202301/28/424281241/original/(m=eaAaGwObaaamqv)(mh=57zgZGRKPm5k4epF)3.jpg;https://ei.phncdn.com/videos/202301/28/424281241/original/(m=eaAaGwObaaamqv)(mh=57zgZGRKPm5k4epF)4.jpg;https://ei.phncdn.com/videos/202301/28/424281241/original/(m=eaAaGwObaaamqv)(mh=57zgZGRKPm5k4epF)5.jpg;https://ei.phncdn.com/videos/202301/28/424281241/original/(m=eaAaGwObaaamqv)(mh=57zgZGRKPm5k4epF)6.jpg;https://ei.phncdn.com/videos/202301/28/424281241/original/(m=eaAaGwObaaamqv)(mh=57zgZGRKPm5k4epF)7.jpg;https://ei.phncdn.com/videos/202301/28/424281241/original/(m=eaAaGwObaaamqv)(mh=57zgZGRKPm5k4epF)8.jpg;https://ei.phncdn.com/videos/202301/28/424281241/original/(m=eaAaGwObaaamqv)(mh=57zgZGRKPm5k4epF)9.jpg;https://ei.phncdn.com/videos/202301/28/424281241/original/(m=eaAaGwObaaamqv)(mh=57zgZGRKPm5k4epF)10.jpg;https://ei.phncdn.com/videos/202301/28/424281241/original/(m=eaAaGwObaaamqv)(mh=57zgZGRKPm5k4epF)11.jpg;https://ei.phncdn.com/videos/202301/28/424281241/original/(m=eaAaGwObaaamqv)(mh=57zgZGRKPm5k4epF)12.jpg;https://ei.phncdn.com/videos/202301/28/424281241/original/(m=eaAaGwObaaamqv)(mh=57zgZGRKPm5k4epF)13.jpg;https://ei.phncdn.com/videos/202301/28/424281241/original/(m=eaAaGwObaaamqv)(mh=57zgZGRKPm5k4epF)14.jpg;https://ei.phncdn.com/videos/202301/28/424281241/original/(m=eaAaGwObaaamqv)(mh=57zgZGRKPm5k4epF)15.jpg;https://ei.phncdn.com/videos/202301/28/424281241/original/(m=eaAaGwObaaamqv)(mh=57zgZGRKPm5k4epF)16.jpg
<iframe src="https://www.pornhub.com/embed/6405e6d37f383" frameborder="0" height="481" width="608" scrolling="no"></iframe>|https://ei.phncdn.com/videos/202303/06/426809751/original/(m=eaf8GgaaaWavb)(mh=RtwdzGF0cJ137c6L)14.jpg|https://ei.phncdn.com/videos/202303/06/426809751/original/(m=eaf8GgaaaWavb)(mh=RtwdzGF0cJ137c6L)1.jpg;https://ei.phncdn.com/videos/202303/06/426809751/original/(m=eaf8GgaaaWavb)(mh=RtwdzGF0cJ137c6L)2.jpg;https://ei.phncdn.com/videos/202303/06/426809751/original/(m=eaf8GgaaaWavb)(mh=RtwdzGF0cJ137c6L)3.jpg;https://ei.phncdn.com/videos/202303/06/426809751/original/(m=eaf8GgaaaWavb)(mh=RtwdzGF0cJ137c6L)4.jpg;https://ei.phncdn.com/videos/202303/06/426809751/original/(m=eaf8GgaaaWavb)(mh=RtwdzGF0cJ137c6L)5.jpg;https://ei.phncdn.com/videos/202303/06/426809751/original/(m=eaf8GgaaaWavb)(mh=RtwdzGF0cJ137c6L)6.jpg;https://ei.phncdn.com/videos/202303/06/426809751/original/(m=eaf8GgaaaWavb)(mh=RtwdzGF0cJ137c6L)7.jpg;https://ei.phncdn.com/videos/202303/06/426809751/original/(m=eaf8GgaaaWavb)(mh=RtwdzGF0cJ137c6L)8.jpg;https://ei.phncdn.com/videos/202303/06/426809751/original/(m=eaf8GgaaaWavb)(mh=RtwdzGF0cJ137c6L)9.jpg;https://ei.phncdn.com/videos/202303/06/426809751/original/(m=eaf8GgaaaWavb)(mh=RtwdzGF0cJ137c6L)10.jpg;https://ei.phncdn.com/videos/202303/06/426809751/original/(m=eaf8GgaaaWavb)(mh=RtwdzGF0cJ137c6L)11.jpg;https://ei.phncdn.com/videos/202303/06/426809751/original/(m=eaf8GgaaaWavb)(mh=RtwdzGF0cJ137c6L)12.jpg;https://ei.phncdn.com/videos/202303/06/426809751/original/(m=eaf8GgaaaWavb)(mh=RtwdzGF0cJ137c6L)13.jpg;https://ei.phncdn.com/videos/202303/06/426809751/original/(m=eaf8GgaaaWavb)(mh=RtwdzGF0cJ137c6L)14.jpg;https://ei.phncdn.com/videos/202303/06/426809751/original/(m=eaf8GgaaaWavb)(mh=RtwdzGF0cJ137c6L)15.jpg;https://ei.phncdn.com/videos/202303/06/426809751/original/(m=eaf8GgaaaWavb)(mh=RtwdzGF0cJ137c6L)16.jpg|Scary Honking Halloween Night|wetschoolgirl;creampie;cheating;submissive-sluts;pov-sex;virtual-sex;anal;gangbang;wet-pussy;60fps;sex-with-stranger;deflowering;milf;hard-sex;18-yo|Casting;60FPS;Exclusive;Verified Amateurs;Cosplay;Solo Female||30|142|2|0|https://ei.phncdn.com/videos/202303/06/426809751/original/(m=eaAaGwObaaamqv)(mh=WGIxjqAz_i5Y553g)14.jpg|https://ei.phncdn.com/videos/202303/06/426809751/original/(m=eaAaGwObaaamqv)(mh=WGIxjqAz_i5Y553g)1.jpg;https://ei.phncdn.com/videos/202303/06/426809751/original/(m=eaAaGwObaaamqv)(mh=WGIxjqAz_i5Y553g)2.jpg;https://ei.phncdn.com/videos/202303/06/426809751/original/(m=eaAaGwObaaamqv)(mh=WGIxjqAz_i5Y553g)3.jpg;https://ei.phncdn.com/videos/202303/06/426809751/original/(m=eaAaGwObaaamqv)(mh=WGIxjqAz_i5Y553g)4.jpg;https://ei.phncdn.com/videos/202303/06/426809751/original/(m=eaAaGwObaaamqv)(mh=WGIxjqAz_i5Y553g)5.jpg;https://ei.phncdn.com/videos/202303/06/426809751/original/(m=eaAaGwObaaamqv)(mh=WGIxjqAz_i5Y553g)6.jpg;https://ei.phncdn.com/videos/202303/06/426809751/original/(m=eaAaGwObaaamqv)(mh=WGIxjqAz_i5Y553g)7.jpg;https://ei.phncdn.com/videos/202303/06/426809751/original/(m=eaAaGwObaaamqv)(mh=WGIxjqAz_i5Y553g)8.jpg;https://ei.phncdn.com/videos/202303/06/426809751/original/(m=eaAaGwObaaamqv)(mh=WGIxjqAz_i5Y553g)9.jpg;https://ei.phncdn.com/videos/202303/06/426809751/original/(m=eaAaGwObaaamqv)(mh=WGIxjqAz_i5Y553g)10.jpg;https://ei.phncdn.com/videos/202303/06/426809751/original/(m=eaAaGwObaaamqv)(mh=WGIxjqAz_i5Y553g)11.jpg;https://ei.phncdn.com/videos/202303/06/426809751/original/(m=eaAaGwObaaamqv)(mh=WGIxjqAz_i5Y553g)12.jpg;https://ei.phncdn.com/videos/202303/06/426809751/original/(m=eaAaGwObaaamqv)(mh=WGIxjqAz_i5Y553g)13.jpg;https://ei.phncdn.com/videos/202303/06/426809751/original/(m=eaAaGwObaaamqv)(mh=WGIxjqAz_i5Y553g)14.jpg;https://ei.phncdn.com/videos/202303/06/426809751/original/(m=eaAaGwObaaamqv)(mh=WGIxjqAz_i5Y553g)15.jpg;https://ei.phncdn.com/videos/202303/06/426809751/original/(m=eaAaGwObaaamqv)(mh=WGIxjqAz_i5Y553g)16.jpg
<iframe src="https://www.pornhub.com/embed/64066487e8888" frameborder="0" height="481" width="608" scrolling="no"></iframe>|https://ei.phncdn.com/videos/202303/06/426844831/original/(m=eaf8GgaaaWavb)(mh=kFyu22Hg4v7O95Tl)8.jpg|https://ei.phncdn.com/videos/202303/06/426844831/original/(m=eaf8GgaaaWavb)(mh=kFyu22Hg4v7O95Tl)1.jpg;https://ei.phncdn.com/videos/202303/06/426844831/original/(m=eaf8GgaaaWavb)(mh=kFyu22Hg4v7O95Tl)2.jpg;https://ei.phncdn.com/videos/202303/06/426844831/original/(m=eaf8GgaaaWavb)(mh=kFyu22Hg4v7O95Tl)3.jpg;https://ei.phncdn.com/videos/202303/06/426844831/original/(m=eaf8GgaaaWavb)(mh=kFyu22Hg4v7O95Tl)4.jpg;https://ei.phncdn.com/videos/202303/06/426844831/original/(m=eaf8GgaaaWavb)(mh=kFyu22Hg4v7O95Tl)5.jpg;https://ei.phncdn.com/videos/202303/06/426844831/original/(m=eaf8GgaaaWavb)(mh=kFyu22Hg4v7O95Tl)6.jpg;https://ei.phncdn.com/videos/202303/06/426844831/original/(m=eaf8GgaaaWavb)(mh=kFyu22Hg4v7O95Tl)7.jpg;https://ei.phncdn.com/videos/202303/06/426844831/original/(m=eaf8GgaaaWavb)(mh=kFyu22Hg4v7O95Tl)8.jpg;https://ei.phncdn.com/videos/202303/06/426844831/original/(m=eaf8GgaaaWavb)(mh=kFyu22Hg4v7O95Tl)9.jpg;https://ei.phncdn.com/videos/202303/06/426844831/original/(m=eaf8GgaaaWavb)(mh=kFyu22Hg4v7O95Tl)10.jpg;https://ei.phncdn.com/videos/202303/06/426844831/original/(m=eaf8GgaaaWavb)(mh=kFyu22Hg4v7O95Tl)11.jpg;https://ei.phncdn.com/videos/202303/06/426844831/original/(m=eaf8GgaaaWavb)(mh=kFyu22Hg4v7O95Tl)12.jpg;https://ei.phncdn.com/videos/202303/06/426844831/original/(m=eaf8GgaaaWavb)(mh=kFyu22Hg4v7O95Tl)13.jpg;https://ei.phncdn.com/videos/202303/06/426844831/original/(m=eaf8GgaaaWavb)(mh=kFyu22Hg4v7O95Tl)14.jpg;https://ei.phncdn.com/videos/202303/06/426844831/original/(m=eaf8GgaaaWavb)(mh=kFyu22Hg4v7O95Tl)15.jpg;https://ei.phncdn.com/videos/202303/06/426844831/original/(m=eaf8GgaaaWavb)(mh=kFyu22Hg4v7O95Tl)16.jpg|Behind the scenes|photoshoot;lingerie|Casting;Exclusive;Verified Amateurs;Behind The Scenes;Old/Young (18+);Solo Female;Vertical Video||12|103|3|1|https://ei.phncdn.com/videos/202303/06/426844831/original/(m=eaAaGwObaaamqv)(mh=LNvLRiyoVgCV9QAT)8.jpg|https://ei.phncdn.com/videos/202303/06/426844831/original/(m=eaAaGwObaaamqv)(mh=LNvLRiyoVgCV9QAT)1.jpg;https://ei.phncdn.com/videos/202303/06/426844831/original/(m=eaAaGwObaaamqv)(mh=LNvLRiyoVgCV9QAT)2.jpg;https://ei.phncdn.com/videos/202303/06/426844831/original/(m=eaAaGwObaaamqv)(mh=LNvLRiyoVgCV9QAT)3.jpg;https://ei.phncdn.com/videos/202303/06/426844831/original/(m=eaAaGwObaaamqv)(mh=LNvLRiyoVgCV9QAT)4.jpg;https://ei.phncdn.com/videos/202303/06/426844831/original/(m=eaAaGwObaaamqv)(mh=LNvLRiyoVgCV9QAT)5.jpg;https://ei.phncdn.com/videos/202303/06/426844831/original/(m=eaAaGwObaaamqv)(mh=LNvLRiyoVgCV9QAT)6.jpg;https://ei.phncdn.com/videos/202303/06/426844831/original/(m=eaAaGwObaaamqv)(mh=LNvLRiyoVgCV9QAT)7.jpg;https://ei.phncdn.com/videos/202303/06/426844831/original/(m=eaAaGwObaaamqv)(mh=LNvLRiyoVgCV9QAT)8.jpg;https://ei.phncdn.com/videos/202303/06/426844831/original/(m=eaAaGwObaaamqv)(mh=LNvLRiyoVgCV9QAT)9.jpg;https://ei.phncdn.com/videos/202303/06/426844831/original/(m=eaAaGwObaaamqv)(mh=LNvLRiyoVgCV9QAT)10.jpg;https://ei.phncdn.com/videos/202303/06/426844831/original/(m=eaAaGwObaaamqv)(mh=LNvLRiyoVgCV9QAT)11.jpg;https://ei.phncdn.com/videos/202303/06/426844831/original/(m=eaAaGwObaaamqv)(mh=LNvLRiyoVgCV9QAT)12.jpg;https://ei.phncdn.com/videos/202303/06/426844831/original/(m=eaAaGwObaaamqv)(mh=LNvLRiyoVgCV9QAT)13.jpg;https://ei.phncdn.com/videos/202303/06/426844831/original/(m=eaAaGwObaaamqv)(mh=LNvLRiyoVgCV9QAT)14.jpg;https://ei.phncdn.com/videos/202303/06/426844831/original/(m=eaAaGwObaaamqv)(mh=LNvLRiyoVgCV9QAT)15.jpg;https://ei.phncdn.com/videos/202303/06/426844831/original/(m=eaAaGwObaaamqv)(mh=LNvLRiyoVgCV9QAT)16.jpg
<iframe src="https://www.pornhub.com/embed/64271e0a55736" frameborder="0" height="481" width="608" scrolling="no"></iframe>|https://ei.phncdn.com/videos/202303/31/428590661/original/(m=eaf8GgaaaWavb)(mh=aAcu8E9vC9cSS-VQ)9.jpg|https://ei.phncdn.com/videos/202303/31/428590661/original/(m=eaf8GgaaaWavb)(mh=aAcu8E9vC9cSS-VQ)1.jpg;https://ei.phncdn.com/videos/202303/31/428590661/original/(m=eaf8GgaaaWavb)(mh=aAcu8E9vC9cSS-VQ)2.jpg;https://ei.phncdn.com/videos/202303/31/428590661/original/(m=eaf8GgaaaWavb)(mh=aAcu8E9vC9cSS-VQ)3.jpg;https://ei.phncdn.com/videos/202303/31/428590661/original/(m=eaf8GgaaaWavb)(mh=aAcu8E9vC9cSS-VQ)4.jpg;https://ei.phncdn.com/videos/202303/31/428590661/original/(m=eaf8GgaaaWavb)(mh=aAcu8E9vC9cSS-VQ)5.jpg;https://ei.phncdn.com/videos/202303/31/428590661/original/(m=eaf8GgaaaWavb)(mh=aAcu8E9vC9cSS-VQ)6.jpg;https://ei.phncdn.com/videos/202303/31/428590661/original/(m=eaf8GgaaaWavb)(mh=aAcu8E9vC9cSS-VQ)7.jpg;https://ei.phncdn.com/videos/202303/31/428590661/original/(m=eaf8GgaaaWavb)(mh=aAcu8E9vC9cSS-VQ)8.jpg;https://ei.phncdn.com/videos/202303/31/428590661/original/(m=eaf8GgaaaWavb)(mh=aAcu8E9vC9cSS-VQ)9.jpg;https://ei.phncdn.com/videos/202303/31/428590661/original/(m=eaf8GgaaaWavb)(mh=aAcu8E9vC9cSS-VQ)10.jpg;https://ei.phncdn.com/videos/202303/31/428590661/original/(m=eaf8GgaaaWavb)(mh=aAcu8E9vC9cSS-VQ)11.jpg;https://ei.phncdn.com/videos/202303/31/428590661/original/(m=eaf8GgaaaWavb)(mh=aAcu8E9vC9cSS-VQ)12.jpg;https://ei.phncdn.com/videos/202303/31/428590661/original/(m=eaf8GgaaaWavb)(mh=aAcu8E9vC9cSS-VQ)13.jpg;https://ei.phncdn.com/videos/202303/31/428590661/original/(m=eaf8GgaaaWavb)(mh=aAcu8E9vC9cSS-VQ)14.jpg;https://ei.phncdn.com/videos/202303/31/428590661/original/(m=eaf8GgaaaWavb)(mh=aAcu8E9vC9cSS-VQ)15.jpg;https://ei.phncdn.com/videos/202303/31/428590661/original/(m=eaf8GgaaaWavb)(mh=aAcu8E9vC9cSS-VQ)16.jpg|Cum & Explore Erotic Exhibitionism at Oasis Aqualounge|oasisaqualounge;fresh-women;amateur;community;exhibitionism;porn-star|Casting;Behind The Scenes||60|15051|23|4|https://ei.phncdn.com/videos/202303/31/428590661/original/(m=eaAaGwObaaamqv)(mh=XP8YYbpd66iWAQaV)9.jpg|https://ei.phncdn.com/videos/202303/31/428590661/original/(m=eaAaGwObaaamqv)(mh=XP8YYbpd66iWAQaV)1.jpg;https://ei.phncdn.com/videos/202303/31/428590661/original/(m=eaAaGwObaaamqv)(mh=XP8YYbpd66iWAQaV)2.jpg;https://ei.phncdn.com/videos/202303/31/428590661/original/(m=eaAaGwObaaamqv)(mh=XP8YYbpd66iWAQaV)3.jpg;https://ei.phncdn.com/videos/202303/31/428590661/original/(m=eaAaGwObaaamqv)(mh=XP8YYbpd66iWAQaV)4.jpg;https://ei.phncdn.com/videos/202303/31/428590661/original/(m=eaAaGwObaaamqv)(mh=XP8YYbpd66iWAQaV)5.jpg;https://ei.phncdn.com/videos/202303/31/428590661/original/(m=eaAaGwObaaamqv)(mh=XP8YYbpd66iWAQaV)6.jpg;https://ei.phncdn.com/videos/202303/31/428590661/original/(m=eaAaGwObaaamqv)(mh=XP8YYbpd66iWAQaV)7.jpg;https://ei.phncdn.com/videos/202303/31/428590661/original/(m=eaAaGwObaaamqv)(mh=XP8YYbpd66iWAQaV)8.jpg;https://ei.phncdn.com/videos/202303/31/428590661/original/(m=eaAaGwObaaamqv)(mh=XP8YYbpd66iWAQaV)9.jpg;https://ei.phncdn.com/videos/202303/31/428590661/original/(m=eaAaGwObaaamqv)(mh=XP8YYbpd66iWAQaV)10.jpg;https://ei.phncdn.com/videos/202303/31/428590661/original/(m=eaAaGwObaaamqv)(mh=XP8YYbpd66iWAQaV)11.jpg;https://ei.phncdn.com/videos/202303/31/428590661/original/(m=eaAaGwObaaamqv)(mh=XP8YYbpd66iWAQaV)12.jpg;https://ei.phncdn.com/videos/202303/31/428590661/original/(m=eaAaGwObaaamqv)(mh=XP8YYbpd66iWAQaV)13.jpg;https://ei.phncdn.com/videos/202303/31/428590661/original/(m=eaAaGwObaaamqv)(mh=XP8YYbpd66iWAQaV)14.jpg;https://ei.phncdn.com/videos/202303/31/428590661/original/(m=eaAaGwObaaamqv)(mh=XP8YYbpd66iWAQaV)15.jpg;https://ei.phncdn.com/videos/202303/31/428590661/original/(m=eaAaGwObaaamqv)(mh=XP8YYbpd66iWAQaV)16.jpg
<iframe src="https://www.pornhub.com/embed/649d4b596c4d4" frameborder="0" height="481" width="608" scrolling="no"></iframe>|https://ei.phncdn.com/videos/202306/29/434501441/original/(m=eaf8GgaaaWavb)(mh=EeNHYpfTFDm7q2hy)8.jpg|https://ei.phncdn.com/videos/202306/29/434501441/original/(m=eaf8GgaaaWavb)(mh=EeNHYpfTFDm7q2hy)1.jpg;https://ei.phncdn.com/videos/202306/29/434501441/original/(m=eaf8GgaaaWavb)(mh=EeNHYpfTFDm7q2hy)2.jpg;https://ei.phncdn.com/videos/202306/29/434501441/original/(m=eaf8GgaaaWavb)(mh=EeNHYpfTFDm7q2hy)3.jpg;https://ei.phncdn.com/videos/202306/29/434501441/original/(m=eaf8GgaaaWavb)(mh=EeNHYpfTFDm7q2hy)4.jpg;https://ei.phncdn.com/videos/202306/29/434501441/original/(m=eaf8GgaaaWavb)(mh=EeNHYpfTFDm7q2hy)5.jpg;https://ei.phncdn.com/videos/202306/29/434501441/original/(m=eaf8GgaaaWavb)(mh=EeNHYpfTFDm7q2hy)6.jpg;https://ei.phncdn.com/videos/202306/29/434501441/original/(m=eaf8GgaaaWavb)(mh=EeNHYpfTFDm7q2hy)7.jpg;https://ei.phncdn.com/videos/202306/29/434501441/original/(m=eaf8GgaaaWavb)(mh=EeNHYpfTFDm7q2hy)8.jpg;https://ei.phncdn.com/videos/202306/29/434501441/original/(m=eaf8GgaaaWavb)(mh=EeNHYpfTFDm7q2hy)9.jpg;https://ei.phncdn.com/videos/202306/29/434501441/original/(m=eaf8GgaaaWavb)(mh=EeNHYpfTFDm7q2hy)10.jpg;https://ei.phncdn.com/videos/202306/29/434501441/original/(m=eaf8GgaaaWavb)(mh=EeNHYpfTFDm7q2hy)11.jpg;https://ei.phncdn.com/videos/202306/29/434501441/original/(m=eaf8GgaaaWavb)(mh=EeNHYpfTFDm7q2hy)12.jpg;https://ei.phncdn.com/videos/202306/29/434501441/original/(m=eaf8GgaaaWavb)(mh=EeNHYpfTFDm7q2hy)13.jpg;https://ei.phncdn.com/videos/202306/29/434501441/original/(m=eaf8GgaaaWavb)(mh=EeNHYpfTFDm7q2hy)14.jpg;https://ei.phncdn.com/videos/202306/29/434501441/original/(m=eaf8GgaaaWavb)(mh=EeNHYpfTFDm7q2hy)15.jpg;https://ei.phncdn.com/videos/202306/29/434501441/original/(m=eaf8GgaaaWavb)(mh=EeNHYpfTFDm7q2hy)16.jpg|Shoplifter2|shoplyfter-mylf;shoplifter|Casting||2561|287214|828|113|https://ei.phncdn.com/videos/202306/29/434501441/original/(m=eaAaGwObaaamqv)(mh=wutUZKnNHOowMJ_m)8.jpg|https://ei.phncdn.com/videos/202306/29/434501441/original/(m=eaAaGwObaaamqv)(mh=wutUZKnNHOowMJ_m)1.jpg;https://ei.phncdn.com/videos/202306/29/434501441/original/(m=eaAaGwObaaamqv)(mh=wutUZKnNHOowMJ_m)2.jpg;https://ei.phncdn.com/videos/202306/29/434501441/original/(m=eaAaGwObaaamqv)(mh=wutUZKnNHOowMJ_m)3.jpg;https://ei.phncdn.com/videos/202306/29/434501441/original/(m=eaAaGwObaaamqv)(mh=wutUZKnNHOowMJ_m)4.jpg;https://ei.phncdn.com/videos/202306/29/434501441/original/(m=eaAaGwObaaamqv)(mh=wutUZKnNHOowMJ_m)5.jpg;https://ei.phncdn.com/videos/202306/29/434501441/original/(m=eaAaGwObaaamqv)(mh=wutUZKnNHOowMJ_m)6.jpg;https://ei.phncdn.com/videos/202306/29/434501441/original/(m=eaAaGwObaaamqv)(mh=wutUZKnNHOowMJ_m)7.jpg;https://ei.phncdn.com/videos/202306/29/434501441/original/(m=eaAaGwObaaamqv)(mh=wutUZKnNHOowMJ_m)8.jpg;https://ei.phncdn.com/videos/202306/29/434501441/original/(m=eaAaGwObaaamqv)(mh=wutUZKnNHOowMJ_m)9.jpg;https://ei.phncdn.com/videos/202306/29/434501441/original/(m=eaAaGwObaaamqv)(mh=wutUZKnNHOowMJ_m)10.jpg;https://ei.phncdn.com/videos/202306/29/434501441/original/(m=eaAaGwObaaamqv)(mh=wutUZKnNHOowMJ_m)11.jpg;https://ei.phncdn.com/videos/202306/29/434501441/original/(m=eaAaGwObaaamqv)(mh=wutUZKnNHOowMJ_m)12.jpg;https://ei.phncdn.com/videos/202306/29/434501441/original/(m=eaAaGwObaaamqv)(mh=wutUZKnNHOowMJ_m)13.jpg;https://ei.phncdn.com/videos/202306/29/434501441/original/(m=eaAaGwObaaamqv)(mh=wutUZKnNHOowMJ_m)14.jpg;https://ei.phncdn.com/videos/202306/29/434501441/original/(m=eaAaGwObaaamqv)(mh=wutUZKnNHOowMJ_m)15.jpg;https://ei.phncdn.com/videos/202306/29/434501441/original/(m=eaAaGwObaaamqv)(mh=wutUZKnNHOowMJ_m)16.jpg
<iframe src="https://www.pornhub.com/embed/64fcafc0426b1" frameborder="0" height="481" width="608" scrolling="no"></iframe>|https://ei.phncdn.com/videos/202309/09/439091541/original/(m=eaf8GgaaaWavb)(mh=TivhQunYEQ1N0Srm)11.jpg|https://ei.phncdn.com/videos/202309/09/439091541/original/(m=eaf8GgaaaWavb)(mh=TivhQunYEQ1N0Srm)1.jpg;https://ei.phncdn.com/videos/202309/09/439091541/original/(m=eaf8GgaaaWavb)(mh=TivhQunYEQ1N0Srm)2.jpg;https://ei.phncdn.com/videos/202309/09/439091541/original/(m=eaf8GgaaaWavb)(mh=TivhQunYEQ1N0Srm)3.jpg;https://ei.phncdn.com/videos/202309/09/439091541/original/(m=eaf8GgaaaWavb)(mh=TivhQunYEQ1N0Srm)4.jpg;https://ei.phncdn.com/videos/202309/09/439091541/original/(m=eaf8GgaaaWavb)(mh=TivhQunYEQ1N0Srm)5.jpg;https://ei.phncdn.com/videos/202309/09/439091541/original/(m=eaf8GgaaaWavb)(mh=TivhQunYEQ1N0Srm)6.jpg;https://ei.phncdn.com/videos/202309/09/439091541/original/(m=eaf8GgaaaWavb)(mh=TivhQunYEQ1N0Srm)7.jpg;https://ei.phncdn.com/videos/202309/09/439091541/original/(m=eaf8GgaaaWavb)(mh=TivhQunYEQ1N0Srm)8.jpg;https://ei.phncdn.com/videos/202309/09/439091541/original/(m=eaf8GgaaaWavb)(mh=TivhQunYEQ1N0Srm)9.jpg;https://ei.phncdn.com/videos/202309/09/439091541/original/(m=eaf8GgaaaWavb)(mh=TivhQunYEQ1N0Srm)10.jpg;https://ei.phncdn.com/videos/202309/09/439091541/original/(m=eaf8GgaaaWavb)(mh=TivhQunYEQ1N0Srm)11.jpg;https://ei.phncdn.com/videos/202309/09/439091541/original/(m=eaf8GgaaaWavb)(mh=TivhQunYEQ1N0Srm)12.jpg;https://ei.phncdn.com/videos/202309/09/439091541/original/(m=eaf8GgaaaWavb)(mh=TivhQunYEQ1N0Srm)13.jpg;https://ei.phncdn.com/videos/202309/09/439091541/original/(m=eaf8GgaaaWavb)(mh=TivhQunYEQ1N0Srm)14.jpg;https://ei.phncdn.com/videos/202309/09/439091541/original/(m=eaf8GgaaaWavb)(mh=TivhQunYEQ1N0Srm)15.jpg;https://ei.phncdn.com/videos/202309/09/439091541/original/(m=eaf8GgaaaWavb)(mh=TivhQunYEQ1N0Srm)16.jpg|Jerking off|jerking-off;jerking|Casting;Solo Male;Exclusive;Verified Amateurs;Vertical Video||36|26|||https://ei.phncdn.com/videos/202309/09/439091541/original/(m=eaAaGwObaaamqv)(mh=-ztf9s6JsikWfJ_i)11.jpg|https://ei.phncdn.com/videos/202309/09/439091541/original/(m=eaAaGwObaaamqv)(mh=-ztf9s6JsikWfJ_i)1.jpg;https://ei.phncdn.com/videos/202309/09/439091541/original/(m=eaAaGwObaaamqv)(mh=-ztf9s6JsikWfJ_i)2.jpg;https://ei.phncdn.com/videos/202309/09/439091541/original/(m=eaAaGwObaaamqv)(mh=-ztf9s6JsikWfJ_i)3.jpg;https://ei.phncdn.com/videos/202309/09/439091541/original/(m=eaAaGwObaaamqv)(mh=-ztf9s6JsikWfJ_i)4.jpg;https://ei.phncdn.com/videos/202309/09/439091541/original/(m=eaAaGwObaaamqv)(mh=-ztf9s6JsikWfJ_i)5.jpg;https://ei.phncdn.com/videos/202309/09/439091541/original/(m=eaAaGwObaaamqv)(mh=-ztf9s6JsikWfJ_i)6.jpg;https://ei.phncdn.com/videos/202309/09/439091541/original/(m=eaAaGwObaaamqv)(mh=-ztf9s6JsikWfJ_i)7.jpg;https://ei.phncdn.com/videos/202309/09/439091541/original/(m=eaAaGwObaaamqv)(mh=-ztf9s6JsikWfJ_i)8.jpg;https://ei.phncdn.com/videos/202309/09/439091541/original/(m=eaAaGwObaaamqv)(mh=-ztf9s6JsikWfJ_i)9.jpg;https://ei.phncdn.com/videos/202309/09/439091541/original/(m=eaAaGwObaaamqv)(mh=-ztf9s6JsikWfJ_i)10.jpg;https://ei.phncdn.com/videos/202309/09/439091541/original/(m=eaAaGwObaaamqv)(mh=-ztf9s6JsikWfJ_i)11.jpg;https://ei.phncdn.com/videos/202309/09/439091541/original/(m=eaAaGwObaaamqv)(mh=-ztf9s6JsikWfJ_i)12.jpg;https://ei.phncdn.com/videos/202309/09/439091541/original/(m=eaAaGwObaaamqv)(mh=-ztf9s6JsikWfJ_i)13.jpg;https://ei.phncdn.com/videos/202309/09/439091541/original/(m=eaAaGwObaaamqv)(mh=-ztf9s6JsikWfJ_i)14.jpg;https://ei.phncdn.com/videos/202309/09/439091541/original/(m=eaAaGwObaaamqv)(mh=-ztf9s6JsikWfJ_i)15.jpg;https://ei.phncdn.com/videos/202309/09/439091541/original/(m=eaAaGwObaaamqv)(mh=-ztf9s6JsikWfJ_i)16.jpg
<iframe src="https://www.pornhub.com/embed/655393923879b" frameborder="0" height="481" width="608" scrolling="no"></iframe>|https://ei.phncdn.com/videos/202311/14/442983811/original/(m=eaf8GgaaaWavb)(mh=eSO2MalzmArTFBkE)7.jpg|https://ei.phncdn.com/videos/202311/14/442983811/original/(m=eaf8GgaaaWavb)(mh=eSO2MalzmArTFBkE)1.jpg;https://ei.phncdn.com/videos/202311/14/442983811/original/(m=eaf8GgaaaWavb)(mh=eSO2MalzmArTFBkE)2.jpg;https://ei.phncdn.com/videos/202311/14/442983811/original/(m=eaf8GgaaaWavb)(mh=eSO2MalzmArTFBkE)3.jpg;https://ei.phncdn.com/videos/202311/14/442983811/original/(m=eaf8GgaaaWavb)(mh=eSO2MalzmArTFBkE)4.jpg;https://ei.phncdn.com/videos/202311/14/442983811/original/(m=eaf8GgaaaWavb)(mh=eSO2MalzmArTFBkE)5.jpg;https://ei.phncdn.com/videos/202311/14/442983811/original/(m=eaf8GgaaaWavb)(mh=eSO2MalzmArTFBkE)6.jpg;https://ei.phncdn.com/videos/202311/14/442983811/original/(m=eaf8GgaaaWavb)(mh=eSO2MalzmArTFBkE)7.jpg;https://ei.phncdn.com/videos/202311/14/442983811/original/(m=eaf8GgaaaWavb)(mh=eSO2MalzmArTFBkE)8.jpg;https://ei.phncdn.com/videos/202311/14/442983811/original/(m=eaf8GgaaaWavb)(mh=eSO2MalzmArTFBkE)9.jpg;https://ei.phncdn.com/videos/202311/14/442983811/original/(m=eaf8GgaaaWavb)(mh=eSO2MalzmArTFBkE)10.jpg;https://ei.phncdn.com/videos/202311/14/442983811/original/(m=eaf8GgaaaWavb)(mh=eSO2MalzmArTFBkE)11.jpg;https://ei.phncdn.com/videos/202311/14/442983811/original/(m=eaf8GgaaaWavb)(mh=eSO2MalzmArTFBkE)12.jpg;https://ei.phncdn.com/videos/202311/14/442983811/original/(m=eaf8GgaaaWavb)(mh=eSO2MalzmArTFBkE)13.jpg;https://ei.phncdn.com/videos/202311/14/442983811/original/(m=eaf8GgaaaWavb)(mh=eSO2MalzmArTFBkE)14.jpg;https://ei.phncdn.com/videos/202311/14/442983811/original/(m=eaf8GgaaaWavb)(mh=eSO2MalzmArTFBkE)15.jpg;https://ei.phncdn.com/videos/202311/14/442983811/original/(m=eaf8GgaaaWavb)(mh=eSO2MalzmArTFBkE)16.jpg|Angelinashemale Aarburg Switzerland|shemales;transgender|Casting;Italian;Exclusive;Verified Amateurs;Solo Female||13|1083|2|4|https://ei.phncdn.com/videos/202311/14/442983811/original/(m=eaAaGwObaaamqv)(mh=WVa5PLHvLZIE4ZHT)7.jpg|https://ei.phncdn.com/videos/202311/14/442983811/original/(m=eaAaGwObaaamqv)(mh=WVa5PLHvLZIE4ZHT)1.jpg;https://ei.phncdn.com/videos/202311/14/442983811/original/(m=eaAaGwObaaamqv)(mh=WVa5PLHvLZIE4ZHT)2.jpg;https://ei.phncdn.com/videos/202311/14/442983811/original/(m=eaAaGwObaaamqv)(mh=WVa5PLHvLZIE4ZHT)3.jpg;https://ei.phncdn.com/videos/202311/14/442983811/original/(m=eaAaGwObaaamqv)(mh=WVa5PLHvLZIE4ZHT)4.jpg;https://ei.phncdn.com/videos/202311/14/442983811/original/(m=eaAaGwObaaamqv)(mh=WVa5PLHvLZIE4ZHT)5.jpg;https://ei.phncdn.com/videos/202311/14/442983811/original/(m=eaAaGwObaaamqv)(mh=WVa5PLHvLZIE4ZHT)6.jpg;https://ei.phncdn.com/videos/202311/14/442983811/original/(m=eaAaGwObaaamqv)(mh=WVa5PLHvLZIE4ZHT)7.jpg;https://ei.phncdn.com/videos/202311/14/442983811/original/(m=eaAaGwObaaamqv)(mh=WVa5PLHvLZIE4ZHT)8.jpg;https://ei.phncdn.com/videos/202311/14/442983811/original/(m=eaAaGwObaaamqv)(mh=WVa5PLHvLZIE4ZHT)9.jpg;https://ei.phncdn.com/videos/202311/14/442983811/original/(m=eaAaGwObaaamqv)(mh=WVa5PLHvLZIE4ZHT)10.jpg;https://ei.phncdn.com/videos/202311/14/442983811/original/(m=eaAaGwObaaamqv)(mh=WVa5PLHvLZIE4ZHT)11.jpg;https://ei.phncdn.com/videos/202311/14/442983811/original/(m=eaAaGwObaaamqv)(mh=WVa5PLHvLZIE4ZHT)12.jpg;https://ei.phncdn.com/videos/202311/14/442983811/original/(m=eaAaGwObaaamqv)(mh=WVa5PLHvLZIE4ZHT)13.jpg;https://ei.phncdn.com/videos/202311/14/442983811/original/(m=eaAaGwObaaamqv)(mh=WVa5PLHvLZIE4ZHT)14.jpg;https://ei.phncdn.com/videos/202311/14/442983811/original/(m=eaAaGwObaaamqv)(mh=WVa5PLHvLZIE4ZHT)15.jpg;https://ei.phncdn.com/videos/202311/14/442983811/original/(m=eaAaGwObaaamqv)(mh=WVa5PLHvLZIE4ZHT)16.jpg
<iframe src="https://www.pornhub.com/embed/659362a2e8bbc" frameborder="0" height="481" width="608" scrolling="no"></iframe>|https://ei.phncdn.com/videos/202401/02/445765221/original/(m=eaf8GgaaaWavb)(mh=h4-NJSZzQuqx6BEY)9.jpg|https://ei.phncdn.com/videos/202401/02/445765221/original/(m=eaf8GgaaaWavb)(mh=h4-NJSZzQuqx6BEY)1.jpg;https://ei.phncdn.com/videos/202401/02/445765221/original/(m=eaf8GgaaaWavb)(mh=h4-NJSZzQuqx6BEY)2.jpg;https://ei.phncdn.com/videos/202401/02/445765221/original/(m=eaf8GgaaaWavb)(mh=h4-NJSZzQuqx6BEY)3.jpg;https://ei.phncdn.com/videos/202401/02/445765221/original/(m=eaf8GgaaaWavb)(mh=h4-NJSZzQuqx6BEY)4.jpg;https://ei.phncdn.com/videos/202401/02/445765221/original/(m=eaf8GgaaaWavb)(mh=h4-NJSZzQuqx6BEY)5.jpg;https://ei.phncdn.com/videos/202401/02/445765221/original/(m=eaf8GgaaaWavb)(mh=h4-NJSZzQuqx6BEY)6.jpg;https://ei.phncdn.com/videos/202401/02/445765221/original/(m=eaf8GgaaaWavb)(mh=h4-NJSZzQuqx6BEY)7.jpg;https://ei.phncdn.com/videos/202401/02/445765221/original/(m=eaf8GgaaaWavb)(mh=h4-NJSZzQuqx6BEY)8.jpg;https://ei.phncdn.com/videos/202401/02/445765221/original/(m=eaf8GgaaaWavb)(mh=h4-NJSZzQuqx6BEY)9.jpg;https://ei.phncdn.com/videos/202401/02/445765221/original/(m=eaf8GgaaaWavb)(mh=h4-NJSZzQuqx6BEY)10.jpg;https://ei.phncdn.com/videos/202401/02/445765221/original/(m=eaf8GgaaaWavb)(mh=h4-NJSZzQuqx6BEY)11.jpg;https://ei.phncdn.com/videos/202401/02/445765221/original/(m=eaf8GgaaaWavb)(mh=h4-NJSZzQuqx6BEY)12.jpg;https://ei.phncdn.com/videos/202401/02/445765221/original/(m=eaf8GgaaaWavb)(mh=h4-NJSZzQuqx6BEY)13.jpg;https://ei.phncdn.com/videos/202401/02/445765221/original/(m=eaf8GgaaaWavb)(mh=h4-NJSZzQuqx6BEY)14.jpg;https://ei.phncdn.com/videos/202401/02/445765221/original/(m=eaf8GgaaaWavb)(mh=h4-NJSZzQuqx6BEY)15.jpg;https://ei.phncdn.com/videos/202401/02/445765221/original/(m=eaf8GgaaaWavb)(mh=h4-NJSZzQuqx6BEY)16.jpg|Vergon calentando|vergon;big-dick|Casting;Solo Male;Exclusive;Verified Amateurs;Vertical Video||64|16|||https://ei.phncdn.com/videos/202401/02/445765221/original/(m=eaAaGwObaaamqv)(mh=lifX_lPMYy_ybWw3)9.jpg|https://ei.phncdn.com/videos/202401/02/445765221/original/(m=eaAaGwObaaamqv)(mh=lifX_lPMYy_ybWw3)1.jpg;https://ei.phncdn.com/videos/202401/02/445765221/original/(m=eaAaGwObaaamqv)(mh=lifX_lPMYy_ybWw3)2.jpg;https://ei.phncdn.com/videos/202401/02/445765221/original/(m=eaAaGwObaaamqv)(mh=lifX_lPMYy_ybWw3)3.jpg;https://ei.phncdn.com/videos/202401/02/445765221/original/(m=eaAaGwObaaamqv)(mh=lifX_lPMYy_ybWw3)4.jpg;https://ei.phncdn.com/videos/202401/02/445765221/original/(m=eaAaGwObaaamqv)(mh=lifX_lPMYy_ybWw3)5.jpg;https://ei.phncdn.com/videos/202401/02/445765221/original/(m=eaAaGwObaaamqv)(mh=lifX_lPMYy_ybWw3)6.jpg;https://ei.phncdn.com/videos/202401/02/445765221/original/(m=eaAaGwObaaamqv)(mh=lifX_lPMYy_ybWw3)7.jpg;https://ei.phncdn.com/videos/202401/02/445765221/original/(m=eaAaGwObaaamqv)(mh=lifX_lPMYy_ybWw3)8.jpg;https://ei.phncdn.com/videos/202401/02/445765221/original/(m=eaAaGwObaaamqv)(mh=lifX_lPMYy_ybWw3)9.jpg;https://ei.phncdn.com/videos/202401/02/445765221/original/(m=eaAaGwObaaamqv)(mh=lifX_lPMYy_ybWw3)10.jpg;https://ei.phncdn.com/videos/202401/02/445765221/original/(m=eaAaGwObaaamqv)(mh=lifX_lPMYy_ybWw3)11.jpg;https://ei.phncdn.com/videos/202401/02/445765221/original/(m=eaAaGwObaaamqv)(mh=lifX_lPMYy_ybWw3)12.jpg;https://ei.phncdn.com/videos/202401/02/445765221/original/(m=eaAaGwObaaamqv)(mh=lifX_lPMYy_ybWw3)13.jpg;https://ei.phncdn.com/videos/202401/02/445765221/original/(m=eaAaGwObaaamqv)(mh=lifX_lPMYy_ybWw3)14.jpg;https://ei.phncdn.com/videos/202401/02/445765221/original/(m=eaAaGwObaaamqv)(mh=lifX_lPMYy_ybWw3)15.jpg;https://ei.phncdn.com/videos/202401/02/445765221/original/(m=eaAaGwObaaamqv)(mh=lifX_lPMYy_ybWw3)16.jpg
<iframe src="https://www.pornhub.com/embed/65aaa0186defe" frameborder="0" height="481" width="608" scrolling="no"></iframe>|https://ei.phncdn.com/videos/202401/19/446788991/original/(m=eaf8GgaaaWavb)(mh=dUg8Cno3pUT9-wZn)14.jpg|https://ei.phncdn.com/videos/202401/19/446788991/original/(m=eaf8GgaaaWavb)(mh=dUg8Cno3pUT9-wZn)1.jpg;https://ei.phncdn.com/videos/202401/19/446788991/original/(m=eaf8GgaaaWavb)(mh=dUg8Cno3pUT9-wZn)2.jpg;https://ei.phncdn.com/videos/202401/19/446788991/original/(m=eaf8GgaaaWavb)(mh=dUg8Cno3pUT9-wZn)3.jpg;https://ei.phncdn.com/videos/202401/19/446788991/original/(m=eaf8GgaaaWavb)(mh=dUg8Cno3pUT9-wZn)4.jpg;https://ei.phncdn.com/videos/202401/19/446788991/original/(m=eaf8GgaaaWavb)(mh=dUg8Cno3pUT9-wZn)5.jpg;https://ei.phncdn.com/videos/202401/19/446788991/original/(m=eaf8GgaaaWavb)(mh=dUg8Cno3pUT9-wZn)6.jpg;https://ei.phncdn.com/videos/202401/19/446788991/original/(m=eaf8GgaaaWavb)(mh=dUg8Cno3pUT9-wZn)7.jpg;https://ei.phncdn.com/videos/202401/19/446788991/original/(m=eaf8GgaaaWavb)(mh=dUg8Cno3pUT9-wZn)8.jpg;https://ei.phncdn.com/videos/202401/19/446788991/original/(m=eaf8GgaaaWavb)(mh=dUg8Cno3pUT9-wZn)9.jpg;https://ei.phncdn.com/videos/202401/19/446788991/original/(m=eaf8GgaaaWavb)(mh=dUg8Cno3pUT9-wZn)10.jpg;https://ei.phncdn.com/videos/202401/19/446788991/original/(m=eaf8GgaaaWavb)(mh=dUg8Cno3pUT9-wZn)11.jpg;https://ei.phncdn.com/videos/202401/19/446788991/original/(m=eaf8GgaaaWavb)(mh=dUg8Cno3pUT9-wZn)12.jpg;https://ei.phncdn.com/videos/202401/19/446788991/original/(m=eaf8GgaaaWavb)(mh=dUg8Cno3pUT9-wZn)13.jpg;https://ei.phncdn.com/videos/202401/19/446788991/original/(m=eaf8GgaaaWavb)(mh=dUg8Cno3pUT9-wZn)14.jpg;https://ei.phncdn.com/videos/202401/19/446788991/original/(m=eaf8GgaaaWavb)(mh=dUg8Cno3pUT9-wZn)15.jpg;https://ei.phncdn.com/videos/202401/19/446788991/original/(m=eaf8GgaaaWavb)(mh=dUg8Cno3pUT9-wZn)16.jpg|Face Cam|face-fuck;camping|Casting;Solo Male;Exclusive;Verified Amateurs;Vertical Video||7|28|2|0|https://ei.phncdn.com/videos/202401/19/446788991/original/(m=eaAaGwObaaamqv)(mh=fjCDDL6FzTzS8QJx)14.jpg|https://ei.phncdn.com/videos/202401/19/446788991/original/(m=eaAaGwObaaamqv)(mh=fjCDDL6FzTzS8QJx)1.jpg;https://ei.phncdn.com/videos/202401/19/446788991/original/(m=eaAaGwObaaamqv)(mh=fjCDDL6FzTzS8QJx)2.jpg;https://ei.phncdn.com/videos/202401/19/446788991/original/(m=eaAaGwObaaamqv)(mh=fjCDDL6FzTzS8QJx)3.jpg;https://ei.phncdn.com/videos/202401/19/446788991/original/(m=eaAaGwObaaamqv)(mh=fjCDDL6FzTzS8QJx)4.jpg;https://ei.phncdn.com/videos/202401/19/446788991/original/(m=eaAaGwObaaamqv)(mh=fjCDDL6FzTzS8QJx)5.jpg;https://ei.phncdn.com/videos/202401/19/446788991/original/(m=eaAaGwObaaamqv)(mh=fjCDDL6FzTzS8QJx)6.jpg;https://ei.phncdn.com/videos/202401/19/446788991/original/(m=eaAaGwObaaamqv)(mh=fjCDDL6FzTzS8QJx)7.jpg;https://ei.phncdn.com/videos/202401/19/446788991/original/(m=eaAaGwObaaamqv)(mh=fjCDDL6FzTzS8QJx)8.jpg;https://ei.phncdn.com/videos/202401/19/446788991/original/(m=eaAaGwObaaamqv)(mh=fjCDDL6FzTzS8QJx)9.jpg;https://ei.phncdn.com/videos/202401/19/446788991/original/(m=eaAaGwObaaamqv)(mh=fjCDDL6FzTzS8QJx)10.jpg;https://ei.phncdn.com/videos/202401/19/446788991/original/(m=eaAaGwObaaamqv)(mh=fjCDDL6FzTzS8QJx)11.jpg;https://ei.phncdn.com/videos/202401/19/446788991/original/(m=eaAaGwObaaamqv)(mh=fjCDDL6FzTzS8QJx)12.jpg;https://ei.phncdn.com/videos/202401/19/446788991/original/(m=eaAaGwObaaamqv)(mh=fjCDDL6FzTzS8QJx)13.jpg;https://ei.phncdn.com/videos/202401/19/446788991/original/(m=eaAaGwObaaamqv)(mh=fjCDDL6FzTzS8QJx)14.jpg;https://ei.phncdn.com/videos/202401/19/446788991/original/(m=eaAaGwObaaamqv)(mh=fjCDDL6FzTzS8QJx)15.jpg;https://ei.phncdn.com/videos/202401/19/446788991/original/(m=eaAaGwObaaamqv)(mh=fjCDDL6FzTzS8QJx)16.jpg
<iframe src="https://www.pornhub.com/embed/6636963b169c2" frameborder="0" height="481" width="608" scrolling="no"></iframe>|https://ei.phncdn.com/videos/202405/04/452012331/original/(m=eaf8GgaaaWavb)(mh=4jFN1AzqzTz_qKVS)8.jpg|https://ei.phncdn.com/videos/202405/04/452012331/original/(m=eaf8GgaaaWavb)(mh=4jFN1AzqzTz_qKVS)1.jpg;https://ei.phncdn.com/videos/202405/04/452012331/original/(m=eaf8GgaaaWavb)(mh=4jFN1AzqzTz_qKVS)2.jpg;https://ei.phncdn.com/videos/202405/04/452012331/original/(m=eaf8GgaaaWavb)(mh=4jFN1AzqzTz_qKVS)3.jpg;https://ei.phncdn.com/videos/202405/04/452012331/original/(m=eaf8GgaaaWavb)(mh=4jFN1AzqzTz_qKVS)4.jpg;https://ei.phncdn.com/videos/202405/04/452012331/original/(m=eaf8GgaaaWavb)(mh=4jFN1AzqzTz_qKVS)5.jpg;https://ei.phncdn.com/videos/202405/04/452012331/original/(m=eaf8GgaaaWavb)(mh=4jFN1AzqzTz_qKVS)6.jpg;https://ei.phncdn.com/videos/202405/04/452012331/original/(m=eaf8GgaaaWavb)(mh=4jFN1AzqzTz_qKVS)7.jpg;https://ei.phncdn.com/videos/202405/04/452012331/original/(m=eaf8GgaaaWavb)(mh=4jFN1AzqzTz_qKVS)8.jpg;https://ei.phncdn.com/videos/202405/04/452012331/original/(m=eaf8GgaaaWavb)(mh=4jFN1AzqzTz_qKVS)9.jpg;https://ei.phncdn.com/videos/202405/04/452012331/original/(m=eaf8GgaaaWavb)(mh=4jFN1AzqzTz_qKVS)10.jpg;https://ei.phncdn.com/videos/202405/04/452012331/original/(m=eaf8GgaaaWavb)(mh=4jFN1AzqzTz_qKVS)11.jpg;https://ei.phncdn.com/videos/202405/04/452012331/original/(m=eaf8GgaaaWavb)(mh=4jFN1AzqzTz_qKVS)12.jpg;https://ei.phncdn.com/videos/202405/04/452012331/original/(m=eaf8GgaaaWavb)(mh=4jFN1AzqzTz_qKVS)13.jpg;https://ei.phncdn.com/videos/202405/04/452012331/original/(m=eaf8GgaaaWavb)(mh=4jFN1AzqzTz_qKVS)14.jpg;https://ei.phncdn.com/videos/202405/04/452012331/original/(m=eaf8GgaaaWavb)(mh=4jFN1AzqzTz_qKVS)15.jpg;https://ei.phncdn.com/videos/202405/04/452012331/original/(m=eaf8GgaaaWavb)(mh=4jFN1AzqzTz_qKVS)16.jpg|_gostosa_strotease|angel-gostosa;branquinha|Casting;Brazilian;Verified Amateurs;Solo Female;Vertical Video||118|804|7|1|https://ei.phncdn.com/videos/202405/04/452012331/original/(m=eaAaGwObaaamqv)(mh=EAxijFnYyZD6h8iU)8.jpg|https://ei.phncdn.com/videos/202405/04/452012331/original/(m=eaAaGwObaaamqv)(mh=EAxijFnYyZD6h8iU)1.jpg;https://ei.phncdn.com/videos/202405/04/452012331/original/(m=eaAaGwObaaamqv)(mh=EAxijFnYyZD6h8iU)2.jpg;https://ei.phncdn.com/videos/202405/04/452012331/original/(m=eaAaGwObaaamqv)(mh=EAxijFnYyZD6h8iU)3.jpg;https://ei.phncdn.com/videos/202405/04/452012331/original/(m=eaAaGwObaaamqv)(mh=EAxijFnYyZD6h8iU)4.jpg;https://ei.phncdn.com/videos/202405/04/452012331/original/(m=eaAaGwObaaamqv)(mh=EAxijFnYyZD6h8iU)5.jpg;https://ei.phncdn.com/videos/202405/04/452012331/original/(m=eaAaGwObaaamqv)(mh=EAxijFnYyZD6h8iU)6.jpg;https://ei.phncdn.com/videos/202405/04/452012331/original/(m=eaAaGwObaaamqv)(mh=EAxijFnYyZD6h8iU)7.jpg;https://ei.phncdn.com/videos/202405/04/452012331/original/(m=eaAaGwObaaamqv)(mh=EAxijFnYyZD6h8iU)8.jpg;https://ei.phncdn.com/videos/202405/04/452012331/original/(m=eaAaGwObaaamqv)(mh=EAxijFnYyZD6h8iU)9.jpg;https://ei.phncdn.com/videos/202405/04/452012331/original/(m=eaAaGwObaaamqv)(mh=EAxijFnYyZD6h8iU)10.jpg;https://ei.phncdn.com/videos/202405/04/452012331/original/(m=eaAaGwObaaamqv)(mh=EAxijFnYyZD6h8iU)11.jpg;https://ei.phncdn.com/videos/202405/04/452012331/original/(m=eaAaGwObaaamqv)(mh=EAxijFnYyZD6h8iU)12.jpg;https://ei.phncdn.com/videos/202405/04/452012331/original/(m=eaAaGwObaaamqv)(mh=EAxijFnYyZD6h8iU)13.jpg;https://ei.phncdn.com/videos/202405/04/452012331/original/(m=eaAaGwObaaamqv)(mh=EAxijFnYyZD6h8iU)14.jpg;https://ei.phncdn.com/videos/202405/04/452012331/original/(m=eaAaGwObaaamqv)(mh=EAxijFnYyZD6h8iU)15.jpg;https://ei.phncdn.com/videos/202405/04/452012331/original/(m=eaAaGwObaaamqv)(mh=EAxijFnYyZD6h8iU)16.jpg
<iframe src="https://www.pornhub.com/embed/6640ab30bb313" frameborder="0" height="481" width="608" scrolling="no"></iframe>|https://ei.phncdn.com/videos/202405/12/452359391/original/(m=eaf8GgaaaWavb)(mh=E5WGMgMb6nzxCqTE)12.jpg|https://ei.phncdn.com/videos/202405/12/452359391/original/(m=eaf8GgaaaWavb)(mh=E5WGMgMb6nzxCqTE)1.jpg;https://ei.phncdn.com/videos/202405/12/452359391/original/(m=eaf8GgaaaWavb)(mh=E5WGMgMb6nzxCqTE)2.jpg;https://ei.phncdn.com/videos/202405/12/452359391/original/(m=eaf8GgaaaWavb)(mh=E5WGMgMb6nzxCqTE)3.jpg;https://ei.phncdn.com/videos/202405/12/452359391/original/(m=eaf8GgaaaWavb)(mh=E5WGMgMb6nzxCqTE)4.jpg;https://ei.phncdn.com/videos/202405/12/452359391/original/(m=eaf8GgaaaWavb)(mh=E5WGMgMb6nzxCqTE)5.jpg;https://ei.phncdn.com/videos/202405/12/452359391/original/(m=eaf8GgaaaWavb)(mh=E5WGMgMb6nzxCqTE)6.jpg;https://ei.phncdn.com/videos/202405/12/452359391/original/(m=eaf8GgaaaWavb)(mh=E5WGMgMb6nzxCqTE)7.jpg;https://ei.phncdn.com/videos/202405/12/452359391/original/(m=eaf8GgaaaWavb)(mh=E5WGMgMb6nzxCqTE)8.jpg;https://ei.phncdn.com/videos/202405/12/452359391/original/(m=eaf8GgaaaWavb)(mh=E5WGMgMb6nzxCqTE)9.jpg;https://ei.phncdn.com/videos/202405/12/452359391/original/(m=eaf8GgaaaWavb)(mh=E5WGMgMb6nzxCqTE)10.jpg;https://ei.phncdn.com/videos/202405/12/452359391/original/(m=eaf8GgaaaWavb)(mh=E5WGMgMb6nzxCqTE)11.jpg;https://ei.phncdn.com/videos/202405/12/452359391/original/(m=eaf8GgaaaWavb)(mh=E5WGMgMb6nzxCqTE)12.jpg;https://ei.phncdn.com/videos/202405/12/452359391/original/(m=eaf8GgaaaWavb)(mh=E5WGMgMb6nzxCqTE)13.jpg;https://ei.phncdn.com/videos/202405/12/452359391/original/(m=eaf8GgaaaWavb)(mh=E5WGMgMb6nzxCqTE)14.jpg;https://ei.phncdn.com/videos/202405/12/452359391/original/(m=eaf8GgaaaWavb)(mh=E5WGMgMb6nzxCqTE)15.jpg;https://ei.phncdn.com/videos/202405/12/452359391/original/(m=eaf8GgaaaWavb)(mh=E5WGMgMb6nzxCqTE)16.jpg|Gatas-anda-de-quatro|angel-gostosa|Casting;Brazilian;Verified Amateurs;Solo Female;Vertical Video||15|514|2|0|https://ei.phncdn.com/videos/202405/12/452359391/original/(m=eaAaGwObaaamqv)(mh=OhZiGjcdgoooU3gt)12.jpg|https://ei.phncdn.com/videos/202405/12/452359391/original/(m=eaAaGwObaaamqv)(mh=OhZiGjcdgoooU3gt)1.jpg;https://ei.phncdn.com/videos/202405/12/452359391/original/(m=eaAaGwObaaamqv)(mh=OhZiGjcdgoooU3gt)2.jpg;https://ei.phncdn.com/videos/202405/12/452359391/original/(m=eaAaGwObaaamqv)(mh=OhZiGjcdgoooU3gt)3.jpg;https://ei.phncdn.com/videos/202405/12/452359391/original/(m=eaAaGwObaaamqv)(mh=OhZiGjcdgoooU3gt)4.jpg;https://ei.phncdn.com/videos/202405/12/452359391/original/(m=eaAaGwObaaamqv)(mh=OhZiGjcdgoooU3gt)5.jpg;https://ei.phncdn.com/videos/202405/12/452359391/original/(m=eaAaGwObaaamqv)(mh=OhZiGjcdgoooU3gt)6.jpg;https://ei.phncdn.com/videos/202405/12/452359391/original/(m=eaAaGwObaaamqv)(mh=OhZiGjcdgoooU3gt)7.jpg;https://ei.phncdn.com/videos/202405/12/452359391/original/(m=eaAaGwObaaamqv)(mh=OhZiGjcdgoooU3gt)8.jpg;https://ei.phncdn.com/videos/202405/12/452359391/original/(m=eaAaGwObaaamqv)(mh=OhZiGjcdgoooU3gt)9.jpg;https://ei.phncdn.com/videos/202405/12/452359391/original/(m=eaAaGwObaaamqv)(mh=OhZiGjcdgoooU3gt)10.jpg;https://ei.phncdn.com/videos/202405/12/452359391/original/(m=eaAaGwObaaamqv)(mh=OhZiGjcdgoooU3gt)11.jpg;https://ei.phncdn.com/videos/202405/12/452359391/original/(m=eaAaGwObaaamqv)(mh=OhZiGjcdgoooU3gt)12.jpg;https://ei.phncdn.com/videos/202405/12/452359391/original/(m=eaAaGwObaaamqv)(mh=OhZiGjcdgoooU3gt)13.jpg;https://ei.phncdn.com/videos/202405/12/452359391/original/(m=eaAaGwObaaamqv)(mh=OhZiGjcdgoooU3gt)14.jpg;https://ei.phncdn.com/videos/202405/12/452359391/original/(m=eaAaGwObaaamqv)(mh=OhZiGjcdgoooU3gt)15.jpg;https://ei.phncdn.com/videos/202405/12/452359391/original/(m=eaAaGwObaaamqv)(mh=OhZiGjcdgoooU3gt)16.jpg
<iframe src="https://www.pornhub.com/embed/66490a12ab101" frameborder="0" height="481" width="608" scrolling="no"></iframe>|https://ei.phncdn.com/videos/202405/18/452647811/original/(m=eaf8GgaaaWavb)(mh=FunIUnD3YLBafpNp)6.jpg|https://ei.phncdn.com/videos/202405/18/452647811/original/(m=eaf8GgaaaWavb)(mh=FunIUnD3YLBafpNp)1.jpg;https://ei.phncdn.com/videos/202405/18/452647811/original/(m=eaf8GgaaaWavb)(mh=FunIUnD3YLBafpNp)2.jpg;https://ei.phncdn.com/videos/202405/18/452647811/original/(m=eaf8GgaaaWavb)(mh=FunIUnD3YLBafpNp)3.jpg;https://ei.phncdn.com/videos/202405/18/452647811/original/(m=eaf8GgaaaWavb)(mh=FunIUnD3YLBafpNp)4.jpg;https://ei.phncdn.com/videos/202405/18/452647811/original/(m=eaf8GgaaaWavb)(mh=FunIUnD3YLBafpNp)5.jpg;https://ei.phncdn.com/videos/202405/18/452647811/original/(m=eaf8GgaaaWavb)(mh=FunIUnD3YLBafpNp)6.jpg;https://ei.phncdn.com/videos/202405/18/452647811/original/(m=eaf8GgaaaWavb)(mh=FunIUnD3YLBafpNp)7.jpg;https://ei.phncdn.com/videos/202405/18/452647811/original/(m=eaf8GgaaaWavb)(mh=FunIUnD3YLBafpNp)8.jpg;https://ei.phncdn.com/videos/202405/18/452647811/original/(m=eaf8GgaaaWavb)(mh=FunIUnD3YLBafpNp)9.jpg;https://ei.phncdn.com/videos/202405/18/452647811/original/(m=eaf8GgaaaWavb)(mh=FunIUnD3YLBafpNp)10.jpg;https://ei.phncdn.com/videos/202405/18/452647811/original/(m=eaf8GgaaaWavb)(mh=FunIUnD3YLBafpNp)11.jpg;https://ei.phncdn.com/videos/202405/18/452647811/original/(m=eaf8GgaaaWavb)(mh=FunIUnD3YLBafpNp)12.jpg;https://ei.phncdn.com/videos/202405/18/452647811/original/(m=eaf8GgaaaWavb)(mh=FunIUnD3YLBafpNp)13.jpg;https://ei.phncdn.com/videos/202405/18/452647811/original/(m=eaf8GgaaaWavb)(mh=FunIUnD3YLBafpNp)14.jpg;https://ei.phncdn.com/videos/202405/18/452647811/original/(m=eaf8GgaaaWavb)(mh=FunIUnD3YLBafpNp)15.jpg;https://ei.phncdn.com/videos/202405/18/452647811/original/(m=eaf8GgaaaWavb)(mh=FunIUnD3YLBafpNp)16.jpg|_gostosa_com_pug_branquinha|gostosa;big-ass-brazilian|Casting;Brazilian;Verified Amateurs;Solo Female;Vertical Video||32|750|3|1|https://ei.phncdn.com/videos/202405/18/452647811/original/(m=eaAaGwObaaamqv)(mh=HfVf9nnxHEIqWzEg)6.jpg|https://ei.phncdn.com/videos/202405/18/452647811/original/(m=eaAaGwObaaamqv)(mh=HfVf9nnxHEIqWzEg)1.jpg;https://ei.phncdn.com/videos/202405/18/452647811/original/(m=eaAaGwObaaamqv)(mh=HfVf9nnxHEIqWzEg)2.jpg;https://ei.phncdn.com/videos/202405/18/452647811/original/(m=eaAaGwObaaamqv)(mh=HfVf9nnxHEIqWzEg)3.jpg;https://ei.phncdn.com/videos/202405/18/452647811/original/(m=eaAaGwObaaamqv)(mh=HfVf9nnxHEIqWzEg)4.jpg;https://ei.phncdn.com/videos/202405/18/452647811/original/(m=eaAaGwObaaamqv)(mh=HfVf9nnxHEIqWzEg)5.jpg;https://ei.phncdn.com/videos/202405/18/452647811/original/(m=eaAaGwObaaamqv)(mh=HfVf9nnxHEIqWzEg)6.jpg;https://ei.phncdn.com/videos/202405/18/452647811/original/(m=eaAaGwObaaamqv)(mh=HfVf9nnxHEIqWzEg)7.jpg;https://ei.phncdn.com/videos/202405/18/452647811/original/(m=eaAaGwObaaamqv)(mh=HfVf9nnxHEIqWzEg)8.jpg;https://ei.phncdn.com/videos/202405/18/452647811/original/(m=eaAaGwObaaamqv)(mh=HfVf9nnxHEIqWzEg)9.jpg;https://ei.phncdn.com/videos/202405/18/452647811/original/(m=eaAaGwObaaamqv)(mh=HfVf9nnxHEIqWzEg)10.jpg;https://ei.phncdn.com/videos/202405/18/452647811/original/(m=eaAaGwObaaamqv)(mh=HfVf9nnxHEIqWzEg)11.jpg;https://ei.phncdn.com/videos/202405/18/452647811/original/(m=eaAaGwObaaamqv)(mh=HfVf9nnxHEIqWzEg)12.jpg;https://ei.phncdn.com/videos/202405/18/452647811/original/(m=eaAaGwObaaamqv)(mh=HfVf9nnxHEIqWzEg)13.jpg;https://ei.phncdn.com/videos/202405/18/452647811/original/(m=eaAaGwObaaamqv)(mh=HfVf9nnxHEIqWzEg)14.jpg;https://ei.phncdn.com/videos/202405/18/452647811/original/(m=eaAaGwObaaamqv)(mh=HfVf9nnxHEIqWzEg)15.jpg;https://ei.phncdn.com/videos/202405/18/452647811/original/(m=eaAaGwObaaamqv)(mh=HfVf9nnxHEIqWzEg)16.jpg
<iframe src="https://www.pornhub.com/embed/66495f513bd9b" frameborder="0" height="481" width="608" scrolling="no"></iframe>|https://ei.phncdn.com/videos/202405/19/452657531/original/(m=eaf8GgaaaWavb)(mh=765jsXAW3f_lxucy)8.jpg|https://ei.phncdn.com/videos/202405/19/452657531/original/(m=eaf8GgaaaWavb)(mh=765jsXAW3f_lxucy)1.jpg;https://ei.phncdn.com/videos/202405/19/452657531/original/(m=eaf8GgaaaWavb)(mh=765jsXAW3f_lxucy)2.jpg;https://ei.phncdn.com/videos/202405/19/452657531/original/(m=eaf8GgaaaWavb)(mh=765jsXAW3f_lxucy)3.jpg;https://ei.phncdn.com/videos/202405/19/452657531/original/(m=eaf8GgaaaWavb)(mh=765jsXAW3f_lxucy)4.jpg;https://ei.phncdn.com/videos/202405/19/452657531/original/(m=eaf8GgaaaWavb)(mh=765jsXAW3f_lxucy)5.jpg;https://ei.phncdn.com/videos/202405/19/452657531/original/(m=eaf8GgaaaWavb)(mh=765jsXAW3f_lxucy)6.jpg;https://ei.phncdn.com/videos/202405/19/452657531/original/(m=eaf8GgaaaWavb)(mh=765jsXAW3f_lxucy)7.jpg;https://ei.phncdn.com/videos/202405/19/452657531/original/(m=eaf8GgaaaWavb)(mh=765jsXAW3f_lxucy)8.jpg;https://ei.phncdn.com/videos/202405/19/452657531/original/(m=eaf8GgaaaWavb)(mh=765jsXAW3f_lxucy)9.jpg;https://ei.phncdn.com/videos/202405/19/452657531/original/(m=eaf8GgaaaWavb)(mh=765jsXAW3f_lxucy)10.jpg;https://ei.phncdn.com/videos/202405/19/452657531/original/(m=eaf8GgaaaWavb)(mh=765jsXAW3f_lxucy)11.jpg;https://ei.phncdn.com/videos/202405/19/452657531/original/(m=eaf8GgaaaWavb)(mh=765jsXAW3f_lxucy)12.jpg;https://ei.phncdn.com/videos/202405/19/452657531/original/(m=eaf8GgaaaWavb)(mh=765jsXAW3f_lxucy)13.jpg;https://ei.phncdn.com/videos/202405/19/452657531/original/(m=eaf8GgaaaWavb)(mh=765jsXAW3f_lxucy)14.jpg;https://ei.phncdn.com/videos/202405/19/452657531/original/(m=eaf8GgaaaWavb)(mh=765jsXAW3f_lxucy)15.jpg;https://ei.phncdn.com/videos/202405/19/452657531/original/(m=eaf8GgaaaWavb)(mh=765jsXAW3f_lxucy)16.jpg|Dançando_com_plug|bunda-grande-gostosa;brazilian-anal|Casting;Brazilian;Verified Amateurs;Solo Female;Vertical Video||18|2013|6|2|https://ei.phncdn.com/videos/202405/19/452657531/original/(m=eaAaGwObaaamqv)(mh=G6Ui76yxlgqJ8lqz)8.jpg|https://ei.phncdn.com/videos/202405/19/452657531/original/(m=eaAaGwObaaamqv)(mh=G6Ui76yxlgqJ8lqz)1.jpg;https://ei.phncdn.com/videos/202405/19/452657531/original/(m=eaAaGwObaaamqv)(mh=G6Ui76yxlgqJ8lqz)2.jpg;https://ei.phncdn.com/videos/202405/19/452657531/original/(m=eaAaGwObaaamqv)(mh=G6Ui76yxlgqJ8lqz)3.jpg;https://ei.phncdn.com/videos/202405/19/452657531/original/(m=eaAaGwObaaamqv)(mh=G6Ui76yxlgqJ8lqz)4.jpg;https://ei.phncdn.com/videos/202405/19/452657531/original/(m=eaAaGwObaaamqv)(mh=G6Ui76yxlgqJ8lqz)5.jpg;https://ei.phncdn.com/videos/202405/19/452657531/original/(m=eaAaGwObaaamqv)(mh=G6Ui76yxlgqJ8lqz)6.jpg;https://ei.phncdn.com/videos/202405/19/452657531/original/(m=eaAaGwObaaamqv)(mh=G6Ui76yxlgqJ8lqz)7.jpg;https://ei.phncdn.com/videos/202405/19/452657531/original/(m=eaAaGwObaaamqv)(mh=G6Ui76yxlgqJ8lqz)8.jpg;https://ei.phncdn.com/videos/202405/19/452657531/original/(m=eaAaGwObaaamqv)(mh=G6Ui76yxlgqJ8lqz)9.jpg;https://ei.phncdn.com/videos/202405/19/452657531/original/(m=eaAaGwObaaamqv)(mh=G6Ui76yxlgqJ8lqz)10.jpg;https://ei.phncdn.com/videos/202405/19/452657531/original/(m=eaAaGwObaaamqv)(mh=G6Ui76yxlgqJ8lqz)11.jpg;https://ei.phncdn.com/videos/202405/19/452657531/original/(m=eaAaGwObaaamqv)(mh=G6Ui76yxlgqJ8lqz)12.jpg;https://ei.phncdn.com/videos/202405/19/452657531/original/(m=eaAaGwObaaamqv)(mh=G6Ui76yxlgqJ8lqz)13.jpg;https://ei.phncdn.com/videos/202405/19/452657531/original/(m=eaAaGwObaaamqv)(mh=G6Ui76yxlgqJ8lqz)14.jpg;https://ei.phncdn.com/videos/202405/19/452657531/original/(m=eaAaGwObaaamqv)(mh=G6Ui76yxlgqJ8lqz)15.jpg;https://ei.phncdn.com/videos/202405/19/452657531/original/(m=eaAaGwObaaamqv)(mh=G6Ui76yxlgqJ8lqz)16.jpg
<iframe src="https://www.pornhub.com/embed/669449891c5db" frameborder="0" height="481" width="608" scrolling="no"></iframe>|https://ei.phncdn.com/videos/202407/14/455170641/original/(m=eaf8GgaaaWavb)(mh=ouYOhdzNt5fzBTYw)6.jpg|https://ei.phncdn.com/videos/202407/14/455170641/original/(m=eaf8GgaaaWavb)(mh=ouYOhdzNt5fzBTYw)1.jpg;https://ei.phncdn.com/videos/202407/14/455170641/original/(m=eaf8GgaaaWavb)(mh=ouYOhdzNt5fzBTYw)2.jpg;https://ei.phncdn.com/videos/202407/14/455170641/original/(m=eaf8GgaaaWavb)(mh=ouYOhdzNt5fzBTYw)3.jpg;https://ei.phncdn.com/videos/202407/14/455170641/original/(m=eaf8GgaaaWavb)(mh=ouYOhdzNt5fzBTYw)4.jpg;https://ei.phncdn.com/videos/202407/14/455170641/original/(m=eaf8GgaaaWavb)(mh=ouYOhdzNt5fzBTYw)5.jpg;https://ei.phncdn.com/videos/202407/14/455170641/original/(m=eaf8GgaaaWavb)(mh=ouYOhdzNt5fzBTYw)6.jpg;https://ei.phncdn.com/videos/202407/14/455170641/original/(m=eaf8GgaaaWavb)(mh=ouYOhdzNt5fzBTYw)7.jpg;https://ei.phncdn.com/videos/202407/14/455170641/original/(m=eaf8GgaaaWavb)(mh=ouYOhdzNt5fzBTYw)8.jpg;https://ei.phncdn.com/videos/202407/14/455170641/original/(m=eaf8GgaaaWavb)(mh=ouYOhdzNt5fzBTYw)9.jpg;https://ei.phncdn.com/videos/202407/14/455170641/original/(m=eaf8GgaaaWavb)(mh=ouYOhdzNt5fzBTYw)10.jpg;https://ei.phncdn.com/videos/202407/14/455170641/original/(m=eaf8GgaaaWavb)(mh=ouYOhdzNt5fzBTYw)11.jpg;https://ei.phncdn.com/videos/202407/14/455170641/original/(m=eaf8GgaaaWavb)(mh=ouYOhdzNt5fzBTYw)12.jpg;https://ei.phncdn.com/videos/202407/14/455170641/original/(m=eaf8GgaaaWavb)(mh=ouYOhdzNt5fzBTYw)13.jpg;https://ei.phncdn.com/videos/202407/14/455170641/original/(m=eaf8GgaaaWavb)(mh=ouYOhdzNt5fzBTYw)14.jpg;https://ei.phncdn.com/videos/202407/14/455170641/original/(m=eaf8GgaaaWavb)(mh=ouYOhdzNt5fzBTYw)15.jpg;https://ei.phncdn.com/videos/202407/14/455170641/original/(m=eaf8GgaaaWavb)(mh=ouYOhdzNt5fzBTYw)16.jpg|Gostosa_com_plug_apertadinha|brasileira;bunda-grande-gostosa|Casting;Verified Amateurs;Solo Female;Vertical Video||23|82|1|0|https://ei.phncdn.com/videos/202407/14/455170641/original/(m=eaAaGwObaaamqv)(mh=p3Di__XToLbAVFDa)6.jpg|https://ei.phncdn.com/videos/202407/14/455170641/original/(m=eaAaGwObaaamqv)(mh=p3Di__XToLbAVFDa)1.jpg;https://ei.phncdn.com/videos/202407/14/455170641/original/(m=eaAaGwObaaamqv)(mh=p3Di__XToLbAVFDa)2.jpg;https://ei.phncdn.com/videos/202407/14/455170641/original/(m=eaAaGwObaaamqv)(mh=p3Di__XToLbAVFDa)3.jpg;https://ei.phncdn.com/videos/202407/14/455170641/original/(m=eaAaGwObaaamqv)(mh=p3Di__XToLbAVFDa)4.jpg;https://ei.phncdn.com/videos/202407/14/455170641/original/(m=eaAaGwObaaamqv)(mh=p3Di__XToLbAVFDa)5.jpg;https://ei.phncdn.com/videos/202407/14/455170641/original/(m=eaAaGwObaaamqv)(mh=p3Di__XToLbAVFDa)6.jpg;https://ei.phncdn.com/videos/202407/14/455170641/original/(m=eaAaGwObaaamqv)(mh=p3Di__XToLbAVFDa)7.jpg;https://ei.phncdn.com/videos/202407/14/455170641/original/(m=eaAaGwObaaamqv)(mh=p3Di__XToLbAVFDa)8.jpg;https://ei.phncdn.com/videos/202407/14/455170641/original/(m=eaAaGwObaaamqv)(mh=p3Di__XToLbAVFDa)9.jpg;https://ei.phncdn.com/videos/202407/14/455170641/original/(m=eaAaGwObaaamqv)(mh=p3Di__XToLbAVFDa)10.jpg;https://ei.phncdn.com/videos/202407/14/455170641/original/(m=eaAaGwObaaamqv)(mh=p3Di__XToLbAVFDa)11.jpg;https://ei.phncdn.com/videos/202407/14/455170641/original/(m=eaAaGwObaaamqv)(mh=p3Di__XToLbAVFDa)12.jpg;https://ei.phncdn.com/videos/202407/14/455170641/original/(m=eaAaGwObaaamqv)(mh=p3Di__XToLbAVFDa)13.jpg;https://ei.phncdn.com/videos/202407/14/455170641/original/(m=eaAaGwObaaamqv)(mh=p3Di__XToLbAVFDa)14.jpg;https://ei.phncdn.com/videos/202407/14/455170641/original/(m=eaAaGwObaaamqv)(mh=p3Di__XToLbAVFDa)15.jpg;https://ei.phncdn.com/videos/202407/14/455170641/original/(m=eaAaGwObaaamqv)(mh=p3Di__XToLbAVFDa)16.jpg
<iframe src="https://www.pornhub.com/embed/66944a25ac4b1" frameborder="0" height="481" width="608" scrolling="no"></iframe>|https://ei.phncdn.com/videos/202407/14/455170701/original/(m=eaf8GgaaaWavb)(mh=QkmtFheIvQGCv9UZ)6.jpg|https://ei.phncdn.com/videos/202407/14/455170701/original/(m=eaf8GgaaaWavb)(mh=QkmtFheIvQGCv9UZ)1.jpg;https://ei.phncdn.com/videos/202407/14/455170701/original/(m=eaf8GgaaaWavb)(mh=QkmtFheIvQGCv9UZ)2.jpg;https://ei.phncdn.com/videos/202407/14/455170701/original/(m=eaf8GgaaaWavb)(mh=QkmtFheIvQGCv9UZ)3.jpg;https://ei.phncdn.com/videos/202407/14/455170701/original/(m=eaf8GgaaaWavb)(mh=QkmtFheIvQGCv9UZ)4.jpg;https://ei.phncdn.com/videos/202407/14/455170701/original/(m=eaf8GgaaaWavb)(mh=QkmtFheIvQGCv9UZ)5.jpg;https://ei.phncdn.com/videos/202407/14/455170701/original/(m=eaf8GgaaaWavb)(mh=QkmtFheIvQGCv9UZ)6.jpg;https://ei.phncdn.com/videos/202407/14/455170701/original/(m=eaf8GgaaaWavb)(mh=QkmtFheIvQGCv9UZ)7.jpg;https://ei.phncdn.com/videos/202407/14/455170701/original/(m=eaf8GgaaaWavb)(mh=QkmtFheIvQGCv9UZ)8.jpg;https://ei.phncdn.com/videos/202407/14/455170701/original/(m=eaf8GgaaaWavb)(mh=QkmtFheIvQGCv9UZ)9.jpg;https://ei.phncdn.com/videos/202407/14/455170701/original/(m=eaf8GgaaaWavb)(mh=QkmtFheIvQGCv9UZ)10.jpg;https://ei.phncdn.com/videos/202407/14/455170701/original/(m=eaf8GgaaaWavb)(mh=QkmtFheIvQGCv9UZ)11.jpg;https://ei.phncdn.com/videos/202407/14/455170701/original/(m=eaf8GgaaaWavb)(mh=QkmtFheIvQGCv9UZ)12.jpg;https://ei.phncdn.com/videos/202407/14/455170701/original/(m=eaf8GgaaaWavb)(mh=QkmtFheIvQGCv9UZ)13.jpg;https://ei.phncdn.com/videos/202407/14/455170701/original/(m=eaf8GgaaaWavb)(mh=QkmtFheIvQGCv9UZ)14.jpg;https://ei.phncdn.com/videos/202407/14/455170701/original/(m=eaf8GgaaaWavb)(mh=QkmtFheIvQGCv9UZ)15.jpg;https://ei.phncdn.com/videos/202407/14/455170701/original/(m=eaf8GgaaaWavb)(mh=QkmtFheIvQGCv9UZ)16.jpg|Gostosa|brasileira;brazilian|Casting;Brazilian;Verified Amateurs;Solo Female;Vertical Video||23|175|3|0|https://ei.phncdn.com/videos/202407/14/455170701/original/(m=eaAaGwObaaamqv)(mh=z5mZqf2zsi1bq1pv)6.jpg|https://ei.phncdn.com/videos/202407/14/455170701/original/(m=eaAaGwObaaamqv)(mh=z5mZqf2zsi1bq1pv)1.jpg;https://ei.phncdn.com/videos/202407/14/455170701/original/(m=eaAaGwObaaamqv)(mh=z5mZqf2zsi1bq1pv)2.jpg;https://ei.phncdn.com/videos/202407/14/455170701/original/(m=eaAaGwObaaamqv)(mh=z5mZqf2zsi1bq1pv)3.jpg;https://ei.phncdn.com/videos/202407/14/455170701/original/(m=eaAaGwObaaamqv)(mh=z5mZqf2zsi1bq1pv)4.jpg;https://ei.phncdn.com/videos/202407/14/455170701/original/(m=eaAaGwObaaamqv)(mh=z5mZqf2zsi1bq1pv)5.jpg;https://ei.phncdn.com/videos/202407/14/455170701/original/(m=eaAaGwObaaamqv)(mh=z5mZqf2zsi1bq1pv)6.jpg;https://ei.phncdn.com/videos/202407/14/455170701/original/(m=eaAaGwObaaamqv)(mh=z5mZqf2zsi1bq1pv)7.jpg;https://ei.phncdn.com/videos/202407/14/455170701/original/(m=eaAaGwObaaamqv)(mh=z5mZqf2zsi1bq1pv)8.jpg;https://ei.phncdn.com/videos/202407/14/455170701/original/(m=eaAaGwObaaamqv)(mh=z5mZqf2zsi1bq1pv)9.jpg;https://ei.phncdn.com/videos/202407/14/455170701/original/(m=eaAaGwObaaamqv)(mh=z5mZqf2zsi1bq1pv)10.jpg;https://ei.phncdn.com/videos/202407/14/455170701/original/(m=eaAaGwObaaamqv)(mh=z5mZqf2zsi1bq1pv)11.jpg;https://ei.phncdn.com/videos/202407/14/455170701/original/(m=eaAaGwObaaamqv)(mh=z5mZqf2zsi1bq1pv)12.jpg;https://ei.phncdn.com/videos/202407/14/455170701/original/(m=eaAaGwObaaamqv)(mh=z5mZqf2zsi1bq1pv)13.jpg;https://ei.phncdn.com/videos/202407/14/455170701/original/(m=eaAaGwObaaamqv)(mh=z5mZqf2zsi1bq1pv)14.jpg;https://ei.phncdn.com/videos/202407/14/455170701/original/(m=eaAaGwObaaamqv)(mh=z5mZqf2zsi1bq1pv)15.jpg;https://ei.phncdn.com/videos/202407/14/455170701/original/(m=eaAaGwObaaamqv)(mh=z5mZqf2zsi1bq1pv)16.jpg
<iframe src="https://www.pornhub.com/embed/67177833d93f9" frameborder="0" height="481" width="608" scrolling="no"></iframe>|https://ei.phncdn.com/videos/202410/22/459479721/original/(m=eaf8GgaaaWavb)(mh=ujl0dvz2Qmi0nd3S)8.jpg|https://ei.phncdn.com/videos/202410/22/459479721/original/(m=eaf8GgaaaWavb)(mh=ujl0dvz2Qmi0nd3S)1.jpg;https://ei.phncdn.com/videos/202410/22/459479721/original/(m=eaf8GgaaaWavb)(mh=ujl0dvz2Qmi0nd3S)2.jpg;https://ei.phncdn.com/videos/202410/22/459479721/original/(m=eaf8GgaaaWavb)(mh=ujl0dvz2Qmi0nd3S)3.jpg;https://ei.phncdn.com/videos/202410/22/459479721/original/(m=eaf8GgaaaWavb)(mh=ujl0dvz2Qmi0nd3S)4.jpg;https://ei.phncdn.com/videos/202410/22/459479721/original/(m=eaf8GgaaaWavb)(mh=ujl0dvz2Qmi0nd3S)5.jpg;https://ei.phncdn.com/videos/202410/22/459479721/original/(m=eaf8GgaaaWavb)(mh=ujl0dvz2Qmi0nd3S)6.jpg;https://ei.phncdn.com/videos/202410/22/459479721/original/(m=eaf8GgaaaWavb)(mh=ujl0dvz2Qmi0nd3S)7.jpg;https://ei.phncdn.com/videos/202410/22/459479721/original/(m=eaf8GgaaaWavb)(mh=ujl0dvz2Qmi0nd3S)8.jpg;https://ei.phncdn.com/videos/202410/22/459479721/original/(m=eaf8GgaaaWavb)(mh=ujl0dvz2Qmi0nd3S)9.jpg;https://ei.phncdn.com/videos/202410/22/459479721/original/(m=eaf8GgaaaWavb)(mh=ujl0dvz2Qmi0nd3S)10.jpg;https://ei.phncdn.com/videos/202410/22/459479721/original/(m=eaf8GgaaaWavb)(mh=ujl0dvz2Qmi0nd3S)11.jpg;https://ei.phncdn.com/videos/202410/22/459479721/original/(m=eaf8GgaaaWavb)(mh=ujl0dvz2Qmi0nd3S)12.jpg;https://ei.phncdn.com/videos/202410/22/459479721/original/(m=eaf8GgaaaWavb)(mh=ujl0dvz2Qmi0nd3S)13.jpg;https://ei.phncdn.com/videos/202410/22/459479721/original/(m=eaf8GgaaaWavb)(mh=ujl0dvz2Qmi0nd3S)14.jpg;https://ei.phncdn.com/videos/202410/22/459479721/original/(m=eaf8GgaaaWavb)(mh=ujl0dvz2Qmi0nd3S)15.jpg;https://ei.phncdn.com/videos/202410/22/459479721/original/(m=eaf8GgaaaWavb)(mh=ujl0dvz2Qmi0nd3S)16.jpg|Raba Erre Go|fetish;sexy|Casting;Solo Male;Exclusive;Verified Amateurs||33|8|||https://ei.phncdn.com/videos/202410/22/459479721/original/(m=eaAaGwObaaamqv)(mh=ks-3wjKttBNMiYtv)8.jpg|https://ei.phncdn.com/videos/202410/22/459479721/original/(m=eaAaGwObaaamqv)(mh=ks-3wjKttBNMiYtv)1.jpg;https://ei.phncdn.com/videos/202410/22/459479721/original/(m=eaAaGwObaaamqv)(mh=ks-3wjKttBNMiYtv)2.jpg;https://ei.phncdn.com/videos/202410/22/459479721/original/(m=eaAaGwObaaamqv)(mh=ks-3wjKttBNMiYtv)3.jpg;https://ei.phncdn.com/videos/202410/22/459479721/original/(m=eaAaGwObaaamqv)(mh=ks-3wjKttBNMiYtv)4.jpg;https://ei.phncdn.com/videos/202410/22/459479721/original/(m=eaAaGwObaaamqv)(mh=ks-3wjKttBNMiYtv)5.jpg;https://ei.phncdn.com/videos/202410/22/459479721/original/(m=eaAaGwObaaamqv)(mh=ks-3wjKttBNMiYtv)6.jpg;https://ei.phncdn.com/videos/202410/22/459479721/original/(m=eaAaGwObaaamqv)(mh=ks-3wjKttBNMiYtv)7.jpg;https://ei.phncdn.com/videos/202410/22/459479721/original/(m=eaAaGwObaaamqv)(mh=ks-3wjKttBNMiYtv)8.jpg;https://ei.phncdn.com/videos/202410/22/459479721/original/(m=eaAaGwObaaamqv)(mh=ks-3wjKttBNMiYtv)9.jpg;https://ei.phncdn.com/videos/202410/22/459479721/original/(m=eaAaGwObaaamqv)(mh=ks-3wjKttBNMiYtv)10.jpg;https://ei.phncdn.com/videos/202410/22/459479721/original/(m=eaAaGwObaaamqv)(mh=ks-3wjKttBNMiYtv)11.jpg;https://ei.phncdn.com/videos/202410/22/459479721/original/(m=eaAaGwObaaamqv)(mh=ks-3wjKttBNMiYtv)12.jpg;https://ei.phncdn.com/videos/202410/22/459479721/original/(m=eaAaGwObaaamqv)(mh=ks-3wjKttBNMiYtv)13.jpg;https://ei.phncdn.com/videos/202410/22/459479721/original/(m=eaAaGwObaaamqv)(mh=ks-3wjKttBNMiYtv)14.jpg;https://ei.phncdn.com/videos/202410/22/459479721/original/(m=eaAaGwObaaamqv)(mh=ks-3wjKttBNMiYtv)15.jpg;https://ei.phncdn.com/videos/202410/22/459479721/original/(m=eaAaGwObaaamqv)(mh=ks-3wjKttBNMiYtv)16.jpg
<iframe src="https://www.pornhub.com/embed/6781bc4a2a861" frameborder="0" height="481" width="608" scrolling="no"></iframe>|https://ei.phncdn.com/videos/202501/11/463024271/original/(m=eaf8GgaaaWavb)(mh=G7FSwpeICckRrVBv)3.jpg|https://ei.phncdn.com/videos/202501/11/463024271/original/(m=eaf8GgaaaWavb)(mh=G7FSwpeICckRrVBv)1.jpg;https://ei.phncdn.com/videos/202501/11/463024271/original/(m=eaf8GgaaaWavb)(mh=G7FSwpeICckRrVBv)2.jpg;https://ei.phncdn.com/videos/202501/11/463024271/original/(m=eaf8GgaaaWavb)(mh=G7FSwpeICckRrVBv)3.jpg;https://ei.phncdn.com/videos/202501/11/463024271/original/(m=eaf8GgaaaWavb)(mh=G7FSwpeICckRrVBv)4.jpg;https://ei.phncdn.com/videos/202501/11/463024271/original/(m=eaf8GgaaaWavb)(mh=G7FSwpeICckRrVBv)5.jpg;https://ei.phncdn.com/videos/202501/11/463024271/original/(m=eaf8GgaaaWavb)(mh=G7FSwpeICckRrVBv)6.jpg;https://ei.phncdn.com/videos/202501/11/463024271/original/(m=eaf8GgaaaWavb)(mh=G7FSwpeICckRrVBv)7.jpg;https://ei.phncdn.com/videos/202501/11/463024271/original/(m=eaf8GgaaaWavb)(mh=G7FSwpeICckRrVBv)8.jpg;https://ei.phncdn.com/videos/202501/11/463024271/original/(m=eaf8GgaaaWavb)(mh=G7FSwpeICckRrVBv)9.jpg;https://ei.phncdn.com/videos/202501/11/463024271/original/(m=eaf8GgaaaWavb)(mh=G7FSwpeICckRrVBv)10.jpg;https://ei.phncdn.com/videos/202501/11/463024271/original/(m=eaf8GgaaaWavb)(mh=G7FSwpeICckRrVBv)11.jpg;https://ei.phncdn.com/videos/202501/11/463024271/original/(m=eaf8GgaaaWavb)(mh=G7FSwpeICckRrVBv)12.jpg;https://ei.phncdn.com/videos/202501/11/463024271/original/(m=eaf8GgaaaWavb)(mh=G7FSwpeICckRrVBv)13.jpg;https://ei.phncdn.com/videos/202501/11/463024271/original/(m=eaf8GgaaaWavb)(mh=G7FSwpeICckRrVBv)14.jpg;https://ei.phncdn.com/videos/202501/11/463024271/original/(m=eaf8GgaaaWavb)(mh=G7FSwpeICckRrVBv)15.jpg;https://ei.phncdn.com/videos/202501/11/463024271/original/(m=eaf8GgaaaWavb)(mh=G7FSwpeICckRrVBv)16.jpg|BIG ASS DICK WEBCAM SHOW BLACK BROWN ONLINE CHAT UR BATE|chat-bate;chat;bate;webcam;couple|Casting;Verified Amateurs||581|323|1|0|https://ei.phncdn.com/videos/202501/11/463024271/original/(m=eaAaGwObaaamqv)(mh=0oZxN0y7yeSRQ3UQ)3.jpg|https://ei.phncdn.com/videos/202501/11/463024271/original/(m=eaAaGwObaaamqv)(mh=0oZxN0y7yeSRQ3UQ)1.jpg;https://ei.phncdn.com/videos/202501/11/463024271/original/(m=eaAaGwObaaamqv)(mh=0oZxN0y7yeSRQ3UQ)2.jpg;https://ei.phncdn.com/videos/202501/11/463024271/original/(m=eaAaGwObaaamqv)(mh=0oZxN0y7yeSRQ3UQ)3.jpg;https://ei.phncdn.com/videos/202501/11/463024271/original/(m=eaAaGwObaaamqv)(mh=0oZxN0y7yeSRQ3UQ)4.jpg;https://ei.phncdn.com/videos/202501/11/463024271/original/(m=eaAaGwObaaamqv)(mh=0oZxN0y7yeSRQ3UQ)5.jpg;https://ei.phncdn.com/videos/202501/11/463024271/original/(m=eaAaGwObaaamqv)(mh=0oZxN0y7yeSRQ3UQ)6.jpg;https://ei.phncdn.com/videos/202501/11/463024271/original/(m=eaAaGwObaaamqv)(mh=0oZxN0y7yeSRQ3UQ)7.jpg;https://ei.phncdn.com/videos/202501/11/463024271/original/(m=eaAaGwObaaamqv)(mh=0oZxN0y7yeSRQ3UQ)8.jpg;https://ei.phncdn.com/videos/202501/11/463024271/original/(m=eaAaGwObaaamqv)(mh=0oZxN0y7yeSRQ3UQ)9.jpg;https://ei.phncdn.com/videos/202501/11/463024271/original/(m=eaAaGwObaaamqv)(mh=0oZxN0y7yeSRQ3UQ)10.jpg;https://ei.phncdn.com/videos/202501/11/463024271/original/(m=eaAaGwObaaamqv)(mh=0oZxN0y7yeSRQ3UQ)11.jpg;https://ei.phncdn.com/videos/202501/11/463024271/original/(m=eaAaGwObaaamqv)(mh=0oZxN0y7yeSRQ3UQ)12.jpg;https://ei.phncdn.com/videos/202501/11/463024271/original/(m=eaAaGwObaaamqv)(mh=0oZxN0y7yeSRQ3UQ)13.jpg;https://ei.phncdn.com/videos/202501/11/463024271/original/(m=eaAaGwObaaamqv)(mh=0oZxN0y7yeSRQ3UQ)14.jpg;https://ei.phncdn.com/videos/202501/11/463024271/original/(m=eaAaGwObaaamqv)(mh=0oZxN0y7yeSRQ3UQ)15.jpg;https://ei.phncdn.com/videos/202501/11/463024271/original/(m=eaAaGwObaaamqv)(mh=0oZxN0y7yeSRQ3UQ)16.jpg
<iframe src="https://www.pornhub.com/embed/678a7dd8e8e72" frameborder="0" height="481" width="608" scrolling="no"></iframe>|https://ei.phncdn.com/videos/202501/17/463318305/original/(m=eaf8GgaaaWavb)(mh=2XYF8OW9n25sG-Ch)1.jpg|https://ei.phncdn.com/videos/202501/17/463318305/original/(m=eaf8GgaaaWavb)(mh=2XYF8OW9n25sG-Ch)1.jpg;https://ei.phncdn.com/videos/202501/17/463318305/original/(m=eaf8GgaaaWavb)(mh=2XYF8OW9n25sG-Ch)2.jpg;https://ei.phncdn.com/videos/202501/17/463318305/original/(m=eaf8GgaaaWavb)(mh=2XYF8OW9n25sG-Ch)3.jpg;https://ei.phncdn.com/videos/202501/17/463318305/original/(m=eaf8GgaaaWavb)(mh=2XYF8OW9n25sG-Ch)4.jpg;https://ei.phncdn.com/videos/202501/17/463318305/original/(m=eaf8GgaaaWavb)(mh=2XYF8OW9n25sG-Ch)5.jpg;https://ei.phncdn.com/videos/202501/17/463318305/original/(m=eaf8GgaaaWavb)(mh=2XYF8OW9n25sG-Ch)6.jpg;https://ei.phncdn.com/videos/202501/17/463318305/original/(m=eaf8GgaaaWavb)(mh=2XYF8OW9n25sG-Ch)7.jpg;https://ei.phncdn.com/videos/202501/17/463318305/original/(m=eaf8GgaaaWavb)(mh=2XYF8OW9n25sG-Ch)8.jpg;https://ei.phncdn.com/videos/202501/17/463318305/original/(m=eaf8GgaaaWavb)(mh=2XYF8OW9n25sG-Ch)9.jpg;https://ei.phncdn.com/videos/202501/17/463318305/original/(m=eaf8GgaaaWavb)(mh=2XYF8OW9n25sG-Ch)10.jpg;https://ei.phncdn.com/videos/202501/17/463318305/original/(m=eaf8GgaaaWavb)(mh=2XYF8OW9n25sG-Ch)11.jpg;https://ei.phncdn.com/videos/202501/17/463318305/original/(m=eaf8GgaaaWavb)(mh=2XYF8OW9n25sG-Ch)12.jpg;https://ei.phncdn.com/videos/202501/17/463318305/original/(m=eaf8GgaaaWavb)(mh=2XYF8OW9n25sG-Ch)13.jpg;https://ei.phncdn.com/videos/202501/17/463318305/original/(m=eaf8GgaaaWavb)(mh=2XYF8OW9n25sG-Ch)14.jpg;https://ei.phncdn.com/videos/202501/17/463318305/original/(m=eaf8GgaaaWavb)(mh=2XYF8OW9n25sG-Ch)15.jpg;https://ei.phncdn.com/videos/202501/17/463318305/original/(m=eaf8GgaaaWavb)(mh=2XYF8OW9n25sG-Ch)16.jpg|Dream blunt rotation.|funny;snap-chat;content|Casting;Verified Amateurs;Behind The Scenes;Gaming||27|1434|15|2|https://ei.phncdn.com/videos/202501/17/463318305/original/(m=eaAaGwObaaamqv)(mh=yIiedo4AYkNVqZAt)1.jpg|https://ei.phncdn.com/videos/202501/17/463318305/original/(m=eaAaGwObaaamqv)(mh=yIiedo4AYkNVqZAt)1.jpg;https://ei.phncdn.com/videos/202501/17/463318305/original/(m=eaAaGwObaaamqv)(mh=yIiedo4AYkNVqZAt)2.jpg;https://ei.phncdn.com/videos/202501/17/463318305/original/(m=eaAaGwObaaamqv)(mh=yIiedo4AYkNVqZAt)3.jpg;https://ei.phncdn.com/videos/202501/17/463318305/original/(m=eaAaGwObaaamqv)(mh=yIiedo4AYkNVqZAt)4.jpg;https://ei.phncdn.com/videos/202501/17/463318305/original/(m=eaAaGwObaaamqv)(mh=yIiedo4AYkNVqZAt)5.jpg;https://ei.phncdn.com/videos/202501/17/463318305/original/(m=eaAaGwObaaamqv)(mh=yIiedo4AYkNVqZAt)6.jpg;https://ei.phncdn.com/videos/202501/17/463318305/original/(m=eaAaGwObaaamqv)(mh=yIiedo4AYkNVqZAt)7.jpg;https://ei.phncdn.com/videos/202501/17/463318305/original/(m=eaAaGwObaaamqv)(mh=yIiedo4AYkNVqZAt)8.jpg;https://ei.phncdn.com/videos/202501/17/463318305/original/(m=eaAaGwObaaamqv)(mh=yIiedo4AYkNVqZAt)9.jpg;https://ei.phncdn.com/videos/202501/17/463318305/original/(m=eaAaGwObaaamqv)(mh=yIiedo4AYkNVqZAt)10.jpg;https://ei.phncdn.com/videos/202501/17/463318305/original/(m=eaAaGwObaaamqv)(mh=yIiedo4AYkNVqZAt)11.jpg;https://ei.phncdn.com/videos/202501/17/463318305/original/(m=eaAaGwObaaamqv)(mh=yIiedo4AYkNVqZAt)12.jpg;https://ei.phncdn.com/videos/202501/17/463318305/original/(m=eaAaGwObaaamqv)(mh=yIiedo4AYkNVqZAt)13.jpg;https://ei.phncdn.com/videos/202501/17/463318305/original/(m=eaAaGwObaaamqv)(mh=yIiedo4AYkNVqZAt)14.jpg;https://ei.phncdn.com/videos/202501/17/463318305/original/(m=eaAaGwObaaamqv)(mh=yIiedo4AYkNVqZAt)15.jpg;https://ei.phncdn.com/videos/202501/17/463318305/original/(m=eaAaGwObaaamqv)(mh=yIiedo4AYkNVqZAt)16.jpg
<iframe src="https://www.pornhub.com/embed/678fefec1e690" frameborder="0" height="481" width="608" scrolling="no"></iframe>|https://ei.phncdn.com/videos/202501/21/463501485/original/(m=eaf8GgaaaWavb)(mh=hrnshCHFFrIfpVck)13.jpg|https://ei.phncdn.com/videos/202501/21/463501485/original/(m=eaf8GgaaaWavb)(mh=hrnshCHFFrIfpVck)1.jpg;https://ei.phncdn.com/videos/202501/21/463501485/original/(m=eaf8GgaaaWavb)(mh=hrnshCHFFrIfpVck)2.jpg;https://ei.phncdn.com/videos/202501/21/463501485/original/(m=eaf8GgaaaWavb)(mh=hrnshCHFFrIfpVck)3.jpg;https://ei.phncdn.com/videos/202501/21/463501485/original/(m=eaf8GgaaaWavb)(mh=hrnshCHFFrIfpVck)4.jpg;https://ei.phncdn.com/videos/202501/21/463501485/original/(m=eaf8GgaaaWavb)(mh=hrnshCHFFrIfpVck)5.jpg;https://ei.phncdn.com/videos/202501/21/463501485/original/(m=eaf8GgaaaWavb)(mh=hrnshCHFFrIfpVck)6.jpg;https://ei.phncdn.com/videos/202501/21/463501485/original/(m=eaf8GgaaaWavb)(mh=hrnshCHFFrIfpVck)7.jpg;https://ei.phncdn.com/videos/202501/21/463501485/original/(m=eaf8GgaaaWavb)(mh=hrnshCHFFrIfpVck)8.jpg;https://ei.phncdn.com/videos/202501/21/463501485/original/(m=eaf8GgaaaWavb)(mh=hrnshCHFFrIfpVck)9.jpg;https://ei.phncdn.com/videos/202501/21/463501485/original/(m=eaf8GgaaaWavb)(mh=hrnshCHFFrIfpVck)10.jpg;https://ei.phncdn.com/videos/202501/21/463501485/original/(m=eaf8GgaaaWavb)(mh=hrnshCHFFrIfpVck)11.jpg;https://ei.phncdn.com/videos/202501/21/463501485/original/(m=eaf8GgaaaWavb)(mh=hrnshCHFFrIfpVck)12.jpg;https://ei.phncdn.com/videos/202501/21/463501485/original/(m=eaf8GgaaaWavb)(mh=hrnshCHFFrIfpVck)13.jpg;https://ei.phncdn.com/videos/202501/21/463501485/original/(m=eaf8GgaaaWavb)(mh=hrnshCHFFrIfpVck)14.jpg;https://ei.phncdn.com/videos/202501/21/463501485/original/(m=eaf8GgaaaWavb)(mh=hrnshCHFFrIfpVck)15.jpg;https://ei.phncdn.com/videos/202501/21/463501485/original/(m=eaf8GgaaaWavb)(mh=hrnshCHFFrIfpVck)16.jpg|Once again your baby shakes her body|real-public-sex;animation-sex|Casting;Feet;Exclusive;Verified Amateurs;Solo Female;Vertical Video||55|259|3|2|https://ei.phncdn.com/videos/202501/21/463501485/original/(m=eaAaGwObaaamqv)(mh=gHijZWO9leomXfQ9)13.jpg|https://ei.phncdn.com/videos/202501/21/463501485/original/(m=eaAaGwObaaamqv)(mh=gHijZWO9leomXfQ9)1.jpg;https://ei.phncdn.com/videos/202501/21/463501485/original/(m=eaAaGwObaaamqv)(mh=gHijZWO9leomXfQ9)2.jpg;https://ei.phncdn.com/videos/202501/21/463501485/original/(m=eaAaGwObaaamqv)(mh=gHijZWO9leomXfQ9)3.jpg;https://ei.phncdn.com/videos/202501/21/463501485/original/(m=eaAaGwObaaamqv)(mh=gHijZWO9leomXfQ9)4.jpg;https://ei.phncdn.com/videos/202501/21/463501485/original/(m=eaAaGwObaaamqv)(mh=gHijZWO9leomXfQ9)5.jpg;https://ei.phncdn.com/videos/202501/21/463501485/original/(m=eaAaGwObaaamqv)(mh=gHijZWO9leomXfQ9)6.jpg;https://ei.phncdn.com/videos/202501/21/463501485/original/(m=eaAaGwObaaamqv)(mh=gHijZWO9leomXfQ9)7.jpg;https://ei.phncdn.com/videos/202501/21/463501485/original/(m=eaAaGwObaaamqv)(mh=gHijZWO9leomXfQ9)8.jpg;https://ei.phncdn.com/videos/202501/21/463501485/original/(m=eaAaGwObaaamqv)(mh=gHijZWO9leomXfQ9)9.jpg;https://ei.phncdn.com/videos/202501/21/463501485/original/(m=eaAaGwObaaamqv)(mh=gHijZWO9leomXfQ9)10.jpg;https://ei.phncdn.com/videos/202501/21/463501485/original/(m=eaAaGwObaaamqv)(mh=gHijZWO9leomXfQ9)11.jpg;https://ei.phncdn.com/videos/202501/21/463501485/original/(m=eaAaGwObaaamqv)(mh=gHijZWO9leomXfQ9)12.jpg;https://ei.phncdn.com/videos/202501/21/463501485/original/(m=eaAaGwObaaamqv)(mh=gHijZWO9leomXfQ9)13.jpg;https://ei.phncdn.com/videos/202501/21/463501485/original/(m=eaAaGwObaaamqv)(mh=gHijZWO9leomXfQ9)14.jpg;https://ei.phncdn.com/videos/202501/21/463501485/original/(m=eaAaGwObaaamqv)(mh=gHijZWO9leomXfQ9)15.jpg;https://ei.phncdn.com/videos/202501/21/463501485/original/(m=eaAaGwObaaamqv)(mh=gHijZWO9leomXfQ9)16.jpg
<iframe src="https://www.pornhub.com/embed/67b216d184b4f" frameborder="0" height="481" width="608" scrolling="no"></iframe>|https://ei.phncdn.com/videos/202502/16/464636565/original/(m=eaf8GgaaaWavb)(mh=VDpXKqVmMhtzmnjT)7.jpg|https://ei.phncdn.com/videos/202502/16/464636565/original/(m=eaf8GgaaaWavb)(mh=VDpXKqVmMhtzmnjT)1.jpg;https://ei.phncdn.com/videos/202502/16/464636565/original/(m=eaf8GgaaaWavb)(mh=VDpXKqVmMhtzmnjT)2.jpg;https://ei.phncdn.com/videos/202502/16/464636565/original/(m=eaf8GgaaaWavb)(mh=VDpXKqVmMhtzmnjT)3.jpg;https://ei.phncdn.com/videos/202502/16/464636565/original/(m=eaf8GgaaaWavb)(mh=VDpXKqVmMhtzmnjT)4.jpg;https://ei.phncdn.com/videos/202502/16/464636565/original/(m=eaf8GgaaaWavb)(mh=VDpXKqVmMhtzmnjT)5.jpg;https://ei.phncdn.com/videos/202502/16/464636565/original/(m=eaf8GgaaaWavb)(mh=VDpXKqVmMhtzmnjT)6.jpg;https://ei.phncdn.com/videos/202502/16/464636565/original/(m=eaf8GgaaaWavb)(mh=VDpXKqVmMhtzmnjT)7.jpg;https://ei.phncdn.com/videos/202502/16/464636565/original/(m=eaf8GgaaaWavb)(mh=VDpXKqVmMhtzmnjT)8.jpg;https://ei.phncdn.com/videos/202502/16/464636565/original/(m=eaf8GgaaaWavb)(mh=VDpXKqVmMhtzmnjT)9.jpg;https://ei.phncdn.com/videos/202502/16/464636565/original/(m=eaf8GgaaaWavb)(mh=VDpXKqVmMhtzmnjT)10.jpg;https://ei.phncdn.com/videos/202502/16/464636565/original/(m=eaf8GgaaaWavb)(mh=VDpXKqVmMhtzmnjT)11.jpg;https://ei.phncdn.com/videos/202502/16/464636565/original/(m=eaf8GgaaaWavb)(mh=VDpXKqVmMhtzmnjT)12.jpg;https://ei.phncdn.com/videos/202502/16/464636565/original/(m=eaf8GgaaaWavb)(mh=VDpXKqVmMhtzmnjT)13.jpg;https://ei.phncdn.com/videos/202502/16/464636565/original/(m=eaf8GgaaaWavb)(mh=VDpXKqVmMhtzmnjT)14.jpg;https://ei.phncdn.com/videos/202502/16/464636565/original/(m=eaf8GgaaaWavb)(mh=VDpXKqVmMhtzmnjT)15.jpg;https://ei.phncdn.com/videos/202502/16/464636565/original/(m=eaf8GgaaaWavb)(mh=VDpXKqVmMhtzmnjT)16.jpg|Verga saca mucha leche  leche de nepe|verga;pene;leche;leche-de-nepe|Casting;Solo Male;Exclusive;Verified Amateurs;Cosplay||121|67|||https://ei.phncdn.com/videos/202502/16/464636565/original/(m=eaAaGwObaaamqv)(mh=aVY34-T3PIF0i4kC)7.jpg|https://ei.phncdn.com/videos/202502/16/464636565/original/(m=eaAaGwObaaamqv)(mh=aVY34-T3PIF0i4kC)1.jpg;https://ei.phncdn.com/videos/202502/16/464636565/original/(m=eaAaGwObaaamqv)(mh=aVY34-T3PIF0i4kC)2.jpg;https://ei.phncdn.com/videos/202502/16/464636565/original/(m=eaAaGwObaaamqv)(mh=aVY34-T3PIF0i4kC)3.jpg;https://ei.phncdn.com/videos/202502/16/464636565/original/(m=eaAaGwObaaamqv)(mh=aVY34-T3PIF0i4kC)4.jpg;https://ei.phncdn.com/videos/202502/16/464636565/original/(m=eaAaGwObaaamqv)(mh=aVY34-T3PIF0i4kC)5.jpg;https://ei.phncdn.com/videos/202502/16/464636565/original/(m=eaAaGwObaaamqv)(mh=aVY34-T3PIF0i4kC)6.jpg;https://ei.phncdn.com/videos/202502/16/464636565/original/(m=eaAaGwObaaamqv)(mh=aVY34-T3PIF0i4kC)7.jpg;https://ei.phncdn.com/videos/202502/16/464636565/original/(m=eaAaGwObaaamqv)(mh=aVY34-T3PIF0i4kC)8.jpg;https://ei.phncdn.com/videos/202502/16/464636565/original/(m=eaAaGwObaaamqv)(mh=aVY34-T3PIF0i4kC)9.jpg;https://ei.phncdn.com/videos/202502/16/464636565/original/(m=eaAaGwObaaamqv)(mh=aVY34-T3PIF0i4kC)10.jpg;https://ei.phncdn.com/videos/202502/16/464636565/original/(m=eaAaGwObaaamqv)(mh=aVY34-T3PIF0i4kC)11.jpg;https://ei.phncdn.com/videos/202502/16/464636565/original/(m=eaAaGwObaaamqv)(mh=aVY34-T3PIF0i4kC)12.jpg;https://ei.phncdn.com/videos/202502/16/464636565/original/(m=eaAaGwObaaamqv)(mh=aVY34-T3PIF0i4kC)13.jpg;https://ei.phncdn.com/videos/202502/16/464636565/original/(m=eaAaGwObaaamqv)(mh=aVY34-T3PIF0i4kC)14.jpg;https://ei.phncdn.com/videos/202502/16/464636565/original/(m=eaAaGwObaaamqv)(mh=aVY34-T3PIF0i4kC)15.jpg;https://ei.phncdn.com/videos/202502/16/464636565/original/(m=eaAaGwObaaamqv)(mh=aVY34-T3PIF0i4kC)16.jpg
<iframe src="https://www.pornhub.com/embed/67b73c34017ab" frameborder="0" height="481" width="608" scrolling="no"></iframe>|https://ei.phncdn.com/videos/202502/20/464811055/original/(m=eaf8GgaaaWavb)(mh=DRNG2Pg5pHY7hP5f)12.jpg|https://ei.phncdn.com/videos/202502/20/464811055/original/(m=eaf8GgaaaWavb)(mh=DRNG2Pg5pHY7hP5f)1.jpg;https://ei.phncdn.com/videos/202502/20/464811055/original/(m=eaf8GgaaaWavb)(mh=DRNG2Pg5pHY7hP5f)2.jpg;https://ei.phncdn.com/videos/202502/20/464811055/original/(m=eaf8GgaaaWavb)(mh=DRNG2Pg5pHY7hP5f)3.jpg;https://ei.phncdn.com/videos/202502/20/464811055/original/(m=eaf8GgaaaWavb)(mh=DRNG2Pg5pHY7hP5f)4.jpg;https://ei.phncdn.com/videos/202502/20/464811055/original/(m=eaf8GgaaaWavb)(mh=DRNG2Pg5pHY7hP5f)5.jpg;https://ei.phncdn.com/videos/202502/20/464811055/original/(m=eaf8GgaaaWavb)(mh=DRNG2Pg5pHY7hP5f)6.jpg;https://ei.phncdn.com/videos/202502/20/464811055/original/(m=eaf8GgaaaWavb)(mh=DRNG2Pg5pHY7hP5f)7.jpg;https://ei.phncdn.com/videos/202502/20/464811055/original/(m=eaf8GgaaaWavb)(mh=DRNG2Pg5pHY7hP5f)8.jpg;https://ei.phncdn.com/videos/202502/20/464811055/original/(m=eaf8GgaaaWavb)(mh=DRNG2Pg5pHY7hP5f)9.jpg;https://ei.phncdn.com/videos/202502/20/464811055/original/(m=eaf8GgaaaWavb)(mh=DRNG2Pg5pHY7hP5f)10.jpg;https://ei.phncdn.com/videos/202502/20/464811055/original/(m=eaf8GgaaaWavb)(mh=DRNG2Pg5pHY7hP5f)11.jpg;https://ei.phncdn.com/videos/202502/20/464811055/original/(m=eaf8GgaaaWavb)(mh=DRNG2Pg5pHY7hP5f)12.jpg;https://ei.phncdn.com/videos/202502/20/464811055/original/(m=eaf8GgaaaWavb)(mh=DRNG2Pg5pHY7hP5f)13.jpg;https://ei.phncdn.com/videos/202502/20/464811055/original/(m=eaf8GgaaaWavb)(mh=DRNG2Pg5pHY7hP5f)14.jpg;https://ei.phncdn.com/videos/202502/20/464811055/original/(m=eaf8GgaaaWavb)(mh=DRNG2Pg5pHY7hP5f)15.jpg;https://ei.phncdn.com/videos/202502/20/464811055/original/(m=eaf8GgaaaWavb)(mh=DRNG2Pg5pHY7hP5f)16.jpg|Prod Long 5|asian;ass|Casting;Arab||965|72|0|0|https://ei.phncdn.com/videos/202502/20/464811055/original/(m=eaAaGwObaaamqv)(mh=9oJ5wm6ctVusowQq)12.jpg|https://ei.phncdn.com/videos/202502/20/464811055/original/(m=eaAaGwObaaamqv)(mh=9oJ5wm6ctVusowQq)1.jpg;https://ei.phncdn.com/videos/202502/20/464811055/original/(m=eaAaGwObaaamqv)(mh=9oJ5wm6ctVusowQq)2.jpg;https://ei.phncdn.com/videos/202502/20/464811055/original/(m=eaAaGwObaaamqv)(mh=9oJ5wm6ctVusowQq)3.jpg;https://ei.phncdn.com/videos/202502/20/464811055/original/(m=eaAaGwObaaamqv)(mh=9oJ5wm6ctVusowQq)4.jpg;https://ei.phncdn.com/videos/202502/20/464811055/original/(m=eaAaGwObaaamqv)(mh=9oJ5wm6ctVusowQq)5.jpg;https://ei.phncdn.com/videos/202502/20/464811055/original/(m=eaAaGwObaaamqv)(mh=9oJ5wm6ctVusowQq)6.jpg;https://ei.phncdn.com/videos/202502/20/464811055/original/(m=eaAaGwObaaamqv)(mh=9oJ5wm6ctVusowQq)7.jpg;https://ei.phncdn.com/videos/202502/20/464811055/original/(m=eaAaGwObaaamqv)(mh=9oJ5wm6ctVusowQq)8.jpg;https://ei.phncdn.com/videos/202502/20/464811055/original/(m=eaAaGwObaaamqv)(mh=9oJ5wm6ctVusowQq)9.jpg;https://ei.phncdn.com/videos/202502/20/464811055/original/(m=eaAaGwObaaamqv)(mh=9oJ5wm6ctVusowQq)10.jpg;https://ei.phncdn.com/videos/202502/20/464811055/original/(m=eaAaGwObaaamqv)(mh=9oJ5wm6ctVusowQq)11.jpg;https://ei.phncdn.com/videos/202502/20/464811055/original/(m=eaAaGwObaaamqv)(mh=9oJ5wm6ctVusowQq)12.jpg;https://ei.phncdn.com/videos/202502/20/464811055/original/(m=eaAaGwObaaamqv)(mh=9oJ5wm6ctVusowQq)13.jpg;https://ei.phncdn.com/videos/202502/20/464811055/original/(m=eaAaGwObaaamqv)(mh=9oJ5wm6ctVusowQq)14.jpg;https://ei.phncdn.com/videos/202502/20/464811055/original/(m=eaAaGwObaaamqv)(mh=9oJ5wm6ctVusowQq)15.jpg;https://ei.phncdn.com/videos/202502/20/464811055/original/(m=eaAaGwObaaamqv)(mh=9oJ5wm6ctVusowQq)16.jpg
<iframe src="https://www.pornhub.com/embed/67c5b003411c5" frameborder="0" height="481" width="608" scrolling="no"></iframe>|https://ei.phncdn.com/videos/202503/03/465267065/original/(m=eaf8GgaaaWavb)(mh=vjK8wjz3usKzDDls)13.jpg|https://ei.phncdn.com/videos/202503/03/465267065/original/(m=eaf8GgaaaWavb)(mh=vjK8wjz3usKzDDls)1.jpg;https://ei.phncdn.com/videos/202503/03/465267065/original/(m=eaf8GgaaaWavb)(mh=vjK8wjz3usKzDDls)2.jpg;https://ei.phncdn.com/videos/202503/03/465267065/original/(m=eaf8GgaaaWavb)(mh=vjK8wjz3usKzDDls)3.jpg;https://ei.phncdn.com/videos/202503/03/465267065/original/(m=eaf8GgaaaWavb)(mh=vjK8wjz3usKzDDls)4.jpg;https://ei.phncdn.com/videos/202503/03/465267065/original/(m=eaf8GgaaaWavb)(mh=vjK8wjz3usKzDDls)5.jpg;https://ei.phncdn.com/videos/202503/03/465267065/original/(m=eaf8GgaaaWavb)(mh=vjK8wjz3usKzDDls)6.jpg;https://ei.phncdn.com/videos/202503/03/465267065/original/(m=eaf8GgaaaWavb)(mh=vjK8wjz3usKzDDls)7.jpg;https://ei.phncdn.com/videos/202503/03/465267065/original/(m=eaf8GgaaaWavb)(mh=vjK8wjz3usKzDDls)8.jpg;https://ei.phncdn.com/videos/202503/03/465267065/original/(m=eaf8GgaaaWavb)(mh=vjK8wjz3usKzDDls)9.jpg;https://ei.phncdn.com/videos/202503/03/465267065/original/(m=eaf8GgaaaWavb)(mh=vjK8wjz3usKzDDls)10.jpg;https://ei.phncdn.com/videos/202503/03/465267065/original/(m=eaf8GgaaaWavb)(mh=vjK8wjz3usKzDDls)11.jpg;https://ei.phncdn.com/videos/202503/03/465267065/original/(m=eaf8GgaaaWavb)(mh=vjK8wjz3usKzDDls)12.jpg;https://ei.phncdn.com/videos/202503/03/465267065/original/(m=eaf8GgaaaWavb)(mh=vjK8wjz3usKzDDls)13.jpg;https://ei.phncdn.com/videos/202503/03/465267065/original/(m=eaf8GgaaaWavb)(mh=vjK8wjz3usKzDDls)14.jpg;https://ei.phncdn.com/videos/202503/03/465267065/original/(m=eaf8GgaaaWavb)(mh=vjK8wjz3usKzDDls)15.jpg;https://ei.phncdn.com/videos/202503/03/465267065/original/(m=eaf8GgaaaWavb)(mh=vjK8wjz3usKzDDls)16.jpg|I have eyebrows down there|sqa;qa|Casting;French||423|1815|6|2|https://ei.phncdn.com/videos/202503/03/465267065/original/(m=eaAaGwObaaamqv)(mh=mP5E470i1OHtc-Yy)13.jpg|https://ei.phncdn.com/videos/202503/03/465267065/original/(m=eaAaGwObaaamqv)(mh=mP5E470i1OHtc-Yy)1.jpg;https://ei.phncdn.com/videos/202503/03/465267065/original/(m=eaAaGwObaaamqv)(mh=mP5E470i1OHtc-Yy)2.jpg;https://ei.phncdn.com/videos/202503/03/465267065/original/(m=eaAaGwObaaamqv)(mh=mP5E470i1OHtc-Yy)3.jpg;https://ei.phncdn.com/videos/202503/03/465267065/original/(m=eaAaGwObaaamqv)(mh=mP5E470i1OHtc-Yy)4.jpg;https://ei.phncdn.com/videos/202503/03/465267065/original/(m=eaAaGwObaaamqv)(mh=mP5E470i1OHtc-Yy)5.jpg;https://ei.phncdn.com/videos/202503/03/465267065/original/(m=eaAaGwObaaamqv)(mh=mP5E470i1OHtc-Yy)6.jpg;https://ei.phncdn.com/videos/202503/03/465267065/original/(m=eaAaGwObaaamqv)(mh=mP5E470i1OHtc-Yy)7.jpg;https://ei.phncdn.com/videos/202503/03/465267065/original/(m=eaAaGwObaaamqv)(mh=mP5E470i1OHtc-Yy)8.jpg;https://ei.phncdn.com/videos/202503/03/465267065/original/(m=eaAaGwObaaamqv)(mh=mP5E470i1OHtc-Yy)9.jpg;https://ei.phncdn.com/videos/202503/03/465267065/original/(m=eaAaGwObaaamqv)(mh=mP5E470i1OHtc-Yy)10.jpg;https://ei.phncdn.com/videos/202503/03/465267065/original/(m=eaAaGwObaaamqv)(mh=mP5E470i1OHtc-Yy)11.jpg;https://ei.phncdn.com/videos/202503/03/465267065/original/(m=eaAaGwObaaamqv)(mh=mP5E470i1OHtc-Yy)12.jpg;https://ei.phncdn.com/videos/202503/03/465267065/original/(m=eaAaGwObaaamqv)(mh=mP5E470i1OHtc-Yy)13.jpg;https://ei.phncdn.com/videos/202503/03/465267065/original/(m=eaAaGwObaaamqv)(mh=mP5E470i1OHtc-Yy)14.jpg;https://ei.phncdn.com/videos/202503/03/465267065/original/(m=eaAaGwObaaamqv)(mh=mP5E470i1OHtc-Yy)15.jpg;https://ei.phncdn.com/videos/202503/03/465267065/original/(m=eaAaGwObaaamqv)(mh=mP5E470i1OHtc-Yy)16.jpg
<iframe src="https://www.pornhub.com/embed/67c641b4f05ca" frameborder="0" height="481" width="608" scrolling="no"></iframe>|https://ei.phncdn.com/videos/202503/04/465287825/original/(m=eaf8GgaaaWavb)(mh=OrZ3d4BW1U-hLLVO)4.jpg|https://ei.phncdn.com/videos/202503/04/465287825/original/(m=eaf8GgaaaWavb)(mh=OrZ3d4BW1U-hLLVO)1.jpg;https://ei.phncdn.com/videos/202503/04/465287825/original/(m=eaf8GgaaaWavb)(mh=OrZ3d4BW1U-hLLVO)2.jpg;https://ei.phncdn.com/videos/202503/04/465287825/original/(m=eaf8GgaaaWavb)(mh=OrZ3d4BW1U-hLLVO)3.jpg;https://ei.phncdn.com/videos/202503/04/465287825/original/(m=eaf8GgaaaWavb)(mh=OrZ3d4BW1U-hLLVO)4.jpg;https://ei.phncdn.com/videos/202503/04/465287825/original/(m=eaf8GgaaaWavb)(mh=OrZ3d4BW1U-hLLVO)5.jpg;https://ei.phncdn.com/videos/202503/04/465287825/original/(m=eaf8GgaaaWavb)(mh=OrZ3d4BW1U-hLLVO)6.jpg;https://ei.phncdn.com/videos/202503/04/465287825/original/(m=eaf8GgaaaWavb)(mh=OrZ3d4BW1U-hLLVO)7.jpg;https://ei.phncdn.com/videos/202503/04/465287825/original/(m=eaf8GgaaaWavb)(mh=OrZ3d4BW1U-hLLVO)8.jpg;https://ei.phncdn.com/videos/202503/04/465287825/original/(m=eaf8GgaaaWavb)(mh=OrZ3d4BW1U-hLLVO)9.jpg;https://ei.phncdn.com/videos/202503/04/465287825/original/(m=eaf8GgaaaWavb)(mh=OrZ3d4BW1U-hLLVO)10.jpg;https://ei.phncdn.com/videos/202503/04/465287825/original/(m=eaf8GgaaaWavb)(mh=OrZ3d4BW1U-hLLVO)11.jpg;https://ei.phncdn.com/videos/202503/04/465287825/original/(m=eaf8GgaaaWavb)(mh=OrZ3d4BW1U-hLLVO)12.jpg;https://ei.phncdn.com/videos/202503/04/465287825/original/(m=eaf8GgaaaWavb)(mh=OrZ3d4BW1U-hLLVO)13.jpg;https://ei.phncdn.com/videos/202503/04/465287825/original/(m=eaf8GgaaaWavb)(mh=OrZ3d4BW1U-hLLVO)14.jpg;https://ei.phncdn.com/videos/202503/04/465287825/original/(m=eaf8GgaaaWavb)(mh=OrZ3d4BW1U-hLLVO)15.jpg;https://ei.phncdn.com/videos/202503/04/465287825/original/(m=eaf8GgaaaWavb)(mh=OrZ3d4BW1U-hLLVO)16.jpg|TIKTOK Gooners Into Money - Fat White Guy Gives You The Hookup|help;tiktok;tiktok-sluts;tiktok-porn;tiktok-dance;nude-tiktok|Casting;Solo Male;Verified Amateurs;Behind The Scenes;Podcast||59|119|||https://ei.phncdn.com/videos/202503/04/465287825/original/(m=eaAaGwObaaamqv)(mh=nEJZX-3syTUshuDC)4.jpg|https://ei.phncdn.com/videos/202503/04/465287825/original/(m=eaAaGwObaaamqv)(mh=nEJZX-3syTUshuDC)1.jpg;https://ei.phncdn.com/videos/202503/04/465287825/original/(m=eaAaGwObaaamqv)(mh=nEJZX-3syTUshuDC)2.jpg;https://ei.phncdn.com/videos/202503/04/465287825/original/(m=eaAaGwObaaamqv)(mh=nEJZX-3syTUshuDC)3.jpg;https://ei.phncdn.com/videos/202503/04/465287825/original/(m=eaAaGwObaaamqv)(mh=nEJZX-3syTUshuDC)4.jpg;https://ei.phncdn.com/videos/202503/04/465287825/original/(m=eaAaGwObaaamqv)(mh=nEJZX-3syTUshuDC)5.jpg;https://ei.phncdn.com/videos/202503/04/465287825/original/(m=eaAaGwObaaamqv)(mh=nEJZX-3syTUshuDC)6.jpg;https://ei.phncdn.com/videos/202503/04/465287825/original/(m=eaAaGwObaaamqv)(mh=nEJZX-3syTUshuDC)7.jpg;https://ei.phncdn.com/videos/202503/04/465287825/original/(m=eaAaGwObaaamqv)(mh=nEJZX-3syTUshuDC)8.jpg;https://ei.phncdn.com/videos/202503/04/465287825/original/(m=eaAaGwObaaamqv)(mh=nEJZX-3syTUshuDC)9.jpg;https://ei.phncdn.com/videos/202503/04/465287825/original/(m=eaAaGwObaaamqv)(mh=nEJZX-3syTUshuDC)10.jpg;https://ei.phncdn.com/videos/202503/04/465287825/original/(m=eaAaGwObaaamqv)(mh=nEJZX-3syTUshuDC)11.jpg;https://ei.phncdn.com/videos/202503/04/465287825/original/(m=eaAaGwObaaamqv)(mh=nEJZX-3syTUshuDC)12.jpg;https://ei.phncdn.com/videos/202503/04/465287825/original/(m=eaAaGwObaaamqv)(mh=nEJZX-3syTUshuDC)13.jpg;https://ei.phncdn.com/videos/202503/04/465287825/original/(m=eaAaGwObaaamqv)(mh=nEJZX-3syTUshuDC)14.jpg;https://ei.phncdn.com/videos/202503/04/465287825/original/(m=eaAaGwObaaamqv)(mh=nEJZX-3syTUshuDC)15.jpg;https://ei.phncdn.com/videos/202503/04/465287825/original/(m=eaAaGwObaaamqv)(mh=nEJZX-3syTUshuDC)16.jpg
<iframe src="https://www.pornhub.com/embed/67c90f962d070" frameborder="0" height="481" width="608" scrolling="no"></iframe>|https://ei.phncdn.com/videos/202503/06/465381895/original/(m=eaf8GgaaaWavb)(mh=K7e3zq9wwfnYK1Vo)15.jpg|https://ei.phncdn.com/videos/202503/06/465381895/original/(m=eaf8GgaaaWavb)(mh=K7e3zq9wwfnYK1Vo)1.jpg;https://ei.phncdn.com/videos/202503/06/465381895/original/(m=eaf8GgaaaWavb)(mh=K7e3zq9wwfnYK1Vo)2.jpg;https://ei.phncdn.com/videos/202503/06/465381895/original/(m=eaf8GgaaaWavb)(mh=K7e3zq9wwfnYK1Vo)3.jpg;https://ei.phncdn.com/videos/202503/06/465381895/original/(m=eaf8GgaaaWavb)(mh=K7e3zq9wwfnYK1Vo)4.jpg;https://ei.phncdn.com/videos/202503/06/465381895/original/(m=eaf8GgaaaWavb)(mh=K7e3zq9wwfnYK1Vo)5.jpg;https://ei.phncdn.com/videos/202503/06/465381895/original/(m=eaf8GgaaaWavb)(mh=K7e3zq9wwfnYK1Vo)6.jpg;https://ei.phncdn.com/videos/202503/06/465381895/original/(m=eaf8GgaaaWavb)(mh=K7e3zq9wwfnYK1Vo)7.jpg;https://ei.phncdn.com/videos/202503/06/465381895/original/(m=eaf8GgaaaWavb)(mh=K7e3zq9wwfnYK1Vo)8.jpg;https://ei.phncdn.com/videos/202503/06/465381895/original/(m=eaf8GgaaaWavb)(mh=K7e3zq9wwfnYK1Vo)9.jpg;https://ei.phncdn.com/videos/202503/06/465381895/original/(m=eaf8GgaaaWavb)(mh=K7e3zq9wwfnYK1Vo)10.jpg;https://ei.phncdn.com/videos/202503/06/465381895/original/(m=eaf8GgaaaWavb)(mh=K7e3zq9wwfnYK1Vo)11.jpg;https://ei.phncdn.com/videos/202503/06/465381895/original/(m=eaf8GgaaaWavb)(mh=K7e3zq9wwfnYK1Vo)12.jpg;https://ei.phncdn.com/videos/202503/06/465381895/original/(m=eaf8GgaaaWavb)(mh=K7e3zq9wwfnYK1Vo)13.jpg;https://ei.phncdn.com/videos/202503/06/465381895/original/(m=eaf8GgaaaWavb)(mh=K7e3zq9wwfnYK1Vo)14.jpg;https://ei.phncdn.com/videos/202503/06/465381895/original/(m=eaf8GgaaaWavb)(mh=K7e3zq9wwfnYK1Vo)15.jpg;https://ei.phncdn.com/videos/202503/06/465381895/original/(m=eaf8GgaaaWavb)(mh=K7e3zq9wwfnYK1Vo)16.jpg|Fast job|fast-handjob;cumshot|Casting;Exclusive;Verified Amateurs;Behind The Scenes;Vertical Video||36|8|||https://ei.phncdn.com/videos/202503/06/465381895/original/(m=eaAaGwObaaamqv)(mh=lqv6vrMpJe_zUMzY)15.jpg|https://ei.phncdn.com/videos/202503/06/465381895/original/(m=eaAaGwObaaamqv)(mh=lqv6vrMpJe_zUMzY)1.jpg;https://ei.phncdn.com/videos/202503/06/465381895/original/(m=eaAaGwObaaamqv)(mh=lqv6vrMpJe_zUMzY)2.jpg;https://ei.phncdn.com/videos/202503/06/465381895/original/(m=eaAaGwObaaamqv)(mh=lqv6vrMpJe_zUMzY)3.jpg;https://ei.phncdn.com/videos/202503/06/465381895/original/(m=eaAaGwObaaamqv)(mh=lqv6vrMpJe_zUMzY)4.jpg;https://ei.phncdn.com/videos/202503/06/465381895/original/(m=eaAaGwObaaamqv)(mh=lqv6vrMpJe_zUMzY)5.jpg;https://ei.phncdn.com/videos/202503/06/465381895/original/(m=eaAaGwObaaamqv)(mh=lqv6vrMpJe_zUMzY)6.jpg;https://ei.phncdn.com/videos/202503/06/465381895/original/(m=eaAaGwObaaamqv)(mh=lqv6vrMpJe_zUMzY)7.jpg;https://ei.phncdn.com/videos/202503/06/465381895/original/(m=eaAaGwObaaamqv)(mh=lqv6vrMpJe_zUMzY)8.jpg;https://ei.phncdn.com/videos/202503/06/465381895/original/(m=eaAaGwObaaamqv)(mh=lqv6vrMpJe_zUMzY)9.jpg;https://ei.phncdn.com/videos/202503/06/465381895/original/(m=eaAaGwObaaamqv)(mh=lqv6vrMpJe_zUMzY)10.jpg;https://ei.phncdn.com/videos/202503/06/465381895/original/(m=eaAaGwObaaamqv)(mh=lqv6vrMpJe_zUMzY)11.jpg;https://ei.phncdn.com/videos/202503/06/465381895/original/(m=eaAaGwObaaamqv)(mh=lqv6vrMpJe_zUMzY)12.jpg;https://ei.phncdn.com/videos/202503/06/465381895/original/(m=eaAaGwObaaamqv)(mh=lqv6vrMpJe_zUMzY)13.jpg;https://ei.phncdn.com/videos/202503/06/465381895/original/(m=eaAaGwObaaamqv)(mh=lqv6vrMpJe_zUMzY)14.jpg;https://ei.phncdn.com/videos/202503/06/465381895/original/(m=eaAaGwObaaamqv)(mh=lqv6vrMpJe_zUMzY)15.jpg;https://ei.phncdn.com/videos/202503/06/465381895/original/(m=eaAaGwObaaamqv)(mh=lqv6vrMpJe_zUMzY)16.jpg
<iframe src="https://www.pornhub.com/embed/67cb176d72cc3" frameborder="0" height="481" width="608" scrolling="no"></iframe>|https://ei.phncdn.com/videos/202503/07/465449025/original/(m=eaf8GgaaaWavb)(mh=wED6GemAR3OFnvLx)10.jpg|https://ei.phncdn.com/videos/202503/07/465449025/original/(m=eaf8GgaaaWavb)(mh=wED6GemAR3OFnvLx)1.jpg;https://ei.phncdn.com/videos/202503/07/465449025/original/(m=eaf8GgaaaWavb)(mh=wED6GemAR3OFnvLx)2.jpg;https://ei.phncdn.com/videos/202503/07/465449025/original/(m=eaf8GgaaaWavb)(mh=wED6GemAR3OFnvLx)3.jpg;https://ei.phncdn.com/videos/202503/07/465449025/original/(m=eaf8GgaaaWavb)(mh=wED6GemAR3OFnvLx)4.jpg;https://ei.phncdn.com/videos/202503/07/465449025/original/(m=eaf8GgaaaWavb)(mh=wED6GemAR3OFnvLx)5.jpg;https://ei.phncdn.com/videos/202503/07/465449025/original/(m=eaf8GgaaaWavb)(mh=wED6GemAR3OFnvLx)6.jpg;https://ei.phncdn.com/videos/202503/07/465449025/original/(m=eaf8GgaaaWavb)(mh=wED6GemAR3OFnvLx)7.jpg;https://ei.phncdn.com/videos/202503/07/465449025/original/(m=eaf8GgaaaWavb)(mh=wED6GemAR3OFnvLx)8.jpg;https://ei.phncdn.com/videos/202503/07/465449025/original/(m=eaf8GgaaaWavb)(mh=wED6GemAR3OFnvLx)9.jpg;https://ei.phncdn.com/videos/202503/07/465449025/original/(m=eaf8GgaaaWavb)(mh=wED6GemAR3OFnvLx)10.jpg;https://ei.phncdn.com/videos/202503/07/465449025/original/(m=eaf8GgaaaWavb)(mh=wED6GemAR3OFnvLx)11.jpg;https://ei.phncdn.com/videos/202503/07/465449025/original/(m=eaf8GgaaaWavb)(mh=wED6GemAR3OFnvLx)12.jpg;https://ei.phncdn.com/videos/202503/07/465449025/original/(m=eaf8GgaaaWavb)(mh=wED6GemAR3OFnvLx)13.jpg;https://ei.phncdn.com/videos/202503/07/465449025/original/(m=eaf8GgaaaWavb)(mh=wED6GemAR3OFnvLx)14.jpg;https://ei.phncdn.com/videos/202503/07/465449025/original/(m=eaf8GgaaaWavb)(mh=wED6GemAR3OFnvLx)15.jpg;https://ei.phncdn.com/videos/202503/07/465449025/original/(m=eaf8GgaaaWavb)(mh=wED6GemAR3OFnvLx)16.jpg|Great stuff|sqa;qa|Casting;Gaming||912|89|1|0|https://ei.phncdn.com/videos/202503/07/465449025/original/(m=eaAaGwObaaamqv)(mh=3J5sn4YZTC7uTl2H)10.jpg|https://ei.phncdn.com/videos/202503/07/465449025/original/(m=eaAaGwObaaamqv)(mh=3J5sn4YZTC7uTl2H)1.jpg;https://ei.phncdn.com/videos/202503/07/465449025/original/(m=eaAaGwObaaamqv)(mh=3J5sn4YZTC7uTl2H)2.jpg;https://ei.phncdn.com/videos/202503/07/465449025/original/(m=eaAaGwObaaamqv)(mh=3J5sn4YZTC7uTl2H)3.jpg;https://ei.phncdn.com/videos/202503/07/465449025/original/(m=eaAaGwObaaamqv)(mh=3J5sn4YZTC7uTl2H)4.jpg;https://ei.phncdn.com/videos/202503/07/465449025/original/(m=eaAaGwObaaamqv)(mh=3J5sn4YZTC7uTl2H)5.jpg;https://ei.phncdn.com/videos/202503/07/465449025/original/(m=eaAaGwObaaamqv)(mh=3J5sn4YZTC7uTl2H)6.jpg;https://ei.phncdn.com/videos/202503/07/465449025/original/(m=eaAaGwObaaamqv)(mh=3J5sn4YZTC7uTl2H)7.jpg;https://ei.phncdn.com/videos/202503/07/465449025/original/(m=eaAaGwObaaamqv)(mh=3J5sn4YZTC7uTl2H)8.jpg;https://ei.phncdn.com/videos/202503/07/465449025/original/(m=eaAaGwObaaamqv)(mh=3J5sn4YZTC7uTl2H)9.jpg;https://ei.phncdn.com/videos/202503/07/465449025/original/(m=eaAaGwObaaamqv)(mh=3J5sn4YZTC7uTl2H)10.jpg;https://ei.phncdn.com/videos/202503/07/465449025/original/(m=eaAaGwObaaamqv)(mh=3J5sn4YZTC7uTl2H)11.jpg;https://ei.phncdn.com/videos/202503/07/465449025/original/(m=eaAaGwObaaamqv)(mh=3J5sn4YZTC7uTl2H)12.jpg;https://ei.phncdn.com/videos/202503/07/465449025/original/(m=eaAaGwObaaamqv)(mh=3J5sn4YZTC7uTl2H)13.jpg;https://ei.phncdn.com/videos/202503/07/465449025/original/(m=eaAaGwObaaamqv)(mh=3J5sn4YZTC7uTl2H)14.jpg;https://ei.phncdn.com/videos/202503/07/465449025/original/(m=eaAaGwObaaamqv)(mh=3J5sn4YZTC7uTl2H)15.jpg;https://ei.phncdn.com/videos/202503/07/465449025/original/(m=eaAaGwObaaamqv)(mh=3J5sn4YZTC7uTl2H)16.jpg
<iframe src="https://www.pornhub.com/embed/67cedbb3a5ed4" frameborder="0" height="481" width="608" scrolling="no"></iframe>|https://ei.phncdn.com/videos/202503/10/465561915/original/(m=eaf8GgaaaWavb)(mh=s6M30Vg-PNGwtDMw)8.jpg|https://ei.phncdn.com/videos/202503/10/465561915/original/(m=eaf8GgaaaWavb)(mh=s6M30Vg-PNGwtDMw)1.jpg;https://ei.phncdn.com/videos/202503/10/465561915/original/(m=eaf8GgaaaWavb)(mh=s6M30Vg-PNGwtDMw)2.jpg;https://ei.phncdn.com/videos/202503/10/465561915/original/(m=eaf8GgaaaWavb)(mh=s6M30Vg-PNGwtDMw)3.jpg;https://ei.phncdn.com/videos/202503/10/465561915/original/(m=eaf8GgaaaWavb)(mh=s6M30Vg-PNGwtDMw)4.jpg;https://ei.phncdn.com/videos/202503/10/465561915/original/(m=eaf8GgaaaWavb)(mh=s6M30Vg-PNGwtDMw)5.jpg;https://ei.phncdn.com/videos/202503/10/465561915/original/(m=eaf8GgaaaWavb)(mh=s6M30Vg-PNGwtDMw)6.jpg;https://ei.phncdn.com/videos/202503/10/465561915/original/(m=eaf8GgaaaWavb)(mh=s6M30Vg-PNGwtDMw)7.jpg;https://ei.phncdn.com/videos/202503/10/465561915/original/(m=eaf8GgaaaWavb)(mh=s6M30Vg-PNGwtDMw)8.jpg;https://ei.phncdn.com/videos/202503/10/465561915/original/(m=eaf8GgaaaWavb)(mh=s6M30Vg-PNGwtDMw)9.jpg;https://ei.phncdn.com/videos/202503/10/465561915/original/(m=eaf8GgaaaWavb)(mh=s6M30Vg-PNGwtDMw)10.jpg;https://ei.phncdn.com/videos/202503/10/465561915/original/(m=eaf8GgaaaWavb)(mh=s6M30Vg-PNGwtDMw)11.jpg;https://ei.phncdn.com/videos/202503/10/465561915/original/(m=eaf8GgaaaWavb)(mh=s6M30Vg-PNGwtDMw)12.jpg;https://ei.phncdn.com/videos/202503/10/465561915/original/(m=eaf8GgaaaWavb)(mh=s6M30Vg-PNGwtDMw)13.jpg;https://ei.phncdn.com/videos/202503/10/465561915/original/(m=eaf8GgaaaWavb)(mh=s6M30Vg-PNGwtDMw)14.jpg;https://ei.phncdn.com/videos/202503/10/465561915/original/(m=eaf8GgaaaWavb)(mh=s6M30Vg-PNGwtDMw)15.jpg;https://ei.phncdn.com/videos/202503/10/465561915/original/(m=eaf8GgaaaWavb)(mh=s6M30Vg-PNGwtDMw)16.jpg|Getting freaky at the station|sqa;qa|Casting;Brazilian||412|31291|91|27|https://ei.phncdn.com/videos/202503/10/465561915/original/(m=eaAaGwObaaamqv)(mh=Qcim2IngbthncFuj)8.jpg|https://ei.phncdn.com/videos/202503/10/465561915/original/(m=eaAaGwObaaamqv)(mh=Qcim2IngbthncFuj)1.jpg;https://ei.phncdn.com/videos/202503/10/465561915/original/(m=eaAaGwObaaamqv)(mh=Qcim2IngbthncFuj)2.jpg;https://ei.phncdn.com/videos/202503/10/465561915/original/(m=eaAaGwObaaamqv)(mh=Qcim2IngbthncFuj)3.jpg;https://ei.phncdn.com/videos/202503/10/465561915/original/(m=eaAaGwObaaamqv)(mh=Qcim2IngbthncFuj)4.jpg;https://ei.phncdn.com/videos/202503/10/465561915/original/(m=eaAaGwObaaamqv)(mh=Qcim2IngbthncFuj)5.jpg;https://ei.phncdn.com/videos/202503/10/465561915/original/(m=eaAaGwObaaamqv)(mh=Qcim2IngbthncFuj)6.jpg;https://ei.phncdn.com/videos/202503/10/465561915/original/(m=eaAaGwObaaamqv)(mh=Qcim2IngbthncFuj)7.jpg;https://ei.phncdn.com/videos/202503/10/465561915/original/(m=eaAaGwObaaamqv)(mh=Qcim2IngbthncFuj)8.jpg;https://ei.phncdn.com/videos/202503/10/465561915/original/(m=eaAaGwObaaamqv)(mh=Qcim2IngbthncFuj)9.jpg;https://ei.phncdn.com/videos/202503/10/465561915/original/(m=eaAaGwObaaamqv)(mh=Qcim2IngbthncFuj)10.jpg;https://ei.phncdn.com/videos/202503/10/465561915/original/(m=eaAaGwObaaamqv)(mh=Qcim2IngbthncFuj)11.jpg;https://ei.phncdn.com/videos/202503/10/465561915/original/(m=eaAaGwObaaamqv)(mh=Qcim2IngbthncFuj)12.jpg;https://ei.phncdn.com/videos/202503/10/465561915/original/(m=eaAaGwObaaamqv)(mh=Qcim2IngbthncFuj)13.jpg;https://ei.phncdn.com/videos/202503/10/465561915/original/(m=eaAaGwObaaamqv)(mh=Qcim2IngbthncFuj)14.jpg;https://ei.phncdn.com/videos/202503/10/465561915/original/(m=eaAaGwObaaamqv)(mh=Qcim2IngbthncFuj)15.jpg;https://ei.phncdn.com/videos/202503/10/465561915/original/(m=eaAaGwObaaamqv)(mh=Qcim2IngbthncFuj)16.jpg
<iframe src="https://www.pornhub.com/embed/67e0c036e0f3f" frameborder="0" height="481" width="608" scrolling="no"></iframe>|https://ei.phncdn.com/videos/202503/24/466226905/original/(m=eaf8GgaaaWavb)(mh=m4JVJtXp-j72G8Ca)4.jpg|https://ei.phncdn.com/videos/202503/24/466226905/original/(m=eaf8GgaaaWavb)(mh=m4JVJtXp-j72G8Ca)1.jpg;https://ei.phncdn.com/videos/202503/24/466226905/original/(m=eaf8GgaaaWavb)(mh=m4JVJtXp-j72G8Ca)2.jpg;https://ei.phncdn.com/videos/202503/24/466226905/original/(m=eaf8GgaaaWavb)(mh=m4JVJtXp-j72G8Ca)3.jpg;https://ei.phncdn.com/videos/202503/24/466226905/original/(m=eaf8GgaaaWavb)(mh=m4JVJtXp-j72G8Ca)4.jpg;https://ei.phncdn.com/videos/202503/24/466226905/original/(m=eaf8GgaaaWavb)(mh=m4JVJtXp-j72G8Ca)5.jpg;https://ei.phncdn.com/videos/202503/24/466226905/original/(m=eaf8GgaaaWavb)(mh=m4JVJtXp-j72G8Ca)6.jpg;https://ei.phncdn.com/videos/202503/24/466226905/original/(m=eaf8GgaaaWavb)(mh=m4JVJtXp-j72G8Ca)7.jpg;https://ei.phncdn.com/videos/202503/24/466226905/original/(m=eaf8GgaaaWavb)(mh=m4JVJtXp-j72G8Ca)8.jpg;https://ei.phncdn.com/videos/202503/24/466226905/original/(m=eaf8GgaaaWavb)(mh=m4JVJtXp-j72G8Ca)9.jpg;https://ei.phncdn.com/videos/202503/24/466226905/original/(m=eaf8GgaaaWavb)(mh=m4JVJtXp-j72G8Ca)10.jpg;https://ei.phncdn.com/videos/202503/24/466226905/original/(m=eaf8GgaaaWavb)(mh=m4JVJtXp-j72G8Ca)11.jpg;https://ei.phncdn.com/videos/202503/24/466226905/original/(m=eaf8GgaaaWavb)(mh=m4JVJtXp-j72G8Ca)12.jpg;https://ei.phncdn.com/videos/202503/24/466226905/original/(m=eaf8GgaaaWavb)(mh=m4JVJtXp-j72G8Ca)13.jpg;https://ei.phncdn.com/videos/202503/24/466226905/original/(m=eaf8GgaaaWavb)(mh=m4JVJtXp-j72G8Ca)14.jpg;https://ei.phncdn.com/videos/202503/24/466226905/original/(m=eaf8GgaaaWavb)(mh=m4JVJtXp-j72G8Ca)15.jpg;https://ei.phncdn.com/videos/202503/24/466226905/original/(m=eaf8GgaaaWavb)(mh=m4JVJtXp-j72G8Ca)16.jpg|Desperté a mi hermanastra Strokin' me ... Ella sabe exactamente lo que quiere|mihanika69;mirari-hub|Casting;French;Exclusive;Verified Amateurs;Solo Female;Vertical Video||39|1314|30|2|https://ei.phncdn.com/videos/202503/24/466226905/original/(m=eaAaGwObaaamqv)(mh=rj4XOfDPG8XN74xS)4.jpg|https://ei.phncdn.com/videos/202503/24/466226905/original/(m=eaAaGwObaaamqv)(mh=rj4XOfDPG8XN74xS)1.jpg;https://ei.phncdn.com/videos/202503/24/466226905/original/(m=eaAaGwObaaamqv)(mh=rj4XOfDPG8XN74xS)2.jpg;https://ei.phncdn.com/videos/202503/24/466226905/original/(m=eaAaGwObaaamqv)(mh=rj4XOfDPG8XN74xS)3.jpg;https://ei.phncdn.com/videos/202503/24/466226905/original/(m=eaAaGwObaaamqv)(mh=rj4XOfDPG8XN74xS)4.jpg;https://ei.phncdn.com/videos/202503/24/466226905/original/(m=eaAaGwObaaamqv)(mh=rj4XOfDPG8XN74xS)5.jpg;https://ei.phncdn.com/videos/202503/24/466226905/original/(m=eaAaGwObaaamqv)(mh=rj4XOfDPG8XN74xS)6.jpg;https://ei.phncdn.com/videos/202503/24/466226905/original/(m=eaAaGwObaaamqv)(mh=rj4XOfDPG8XN74xS)7.jpg;https://ei.phncdn.com/videos/202503/24/466226905/original/(m=eaAaGwObaaamqv)(mh=rj4XOfDPG8XN74xS)8.jpg;https://ei.phncdn.com/videos/202503/24/466226905/original/(m=eaAaGwObaaamqv)(mh=rj4XOfDPG8XN74xS)9.jpg;https://ei.phncdn.com/videos/202503/24/466226905/original/(m=eaAaGwObaaamqv)(mh=rj4XOfDPG8XN74xS)10.jpg;https://ei.phncdn.com/videos/202503/24/466226905/original/(m=eaAaGwObaaamqv)(mh=rj4XOfDPG8XN74xS)11.jpg;https://ei.phncdn.com/videos/202503/24/466226905/original/(m=eaAaGwObaaamqv)(mh=rj4XOfDPG8XN74xS)12.jpg;https://ei.phncdn.com/videos/202503/24/466226905/original/(m=eaAaGwObaaamqv)(mh=rj4XOfDPG8XN74xS)13.jpg;https://ei.phncdn.com/videos/202503/24/466226905/original/(m=eaAaGwObaaamqv)(mh=rj4XOfDPG8XN74xS)14.jpg;https://ei.phncdn.com/videos/202503/24/466226905/original/(m=eaAaGwObaaamqv)(mh=rj4XOfDPG8XN74xS)15.jpg;https://ei.phncdn.com/videos/202503/24/466226905/original/(m=eaAaGwObaaamqv)(mh=rj4XOfDPG8XN74xS)16.jpg
<iframe src="https://www.pornhub.com/embed/67ee86c0bfa99" frameborder="0" height="481" width="608" scrolling="no"></iframe>|https://ei.phncdn.com/videos/202504/03/466739005/original/(m=eaf8GgaaaWavb)(mh=thudCfhSQE7EZXSD)2.jpg|https://ei.phncdn.com/videos/202504/03/466739005/original/(m=eaf8GgaaaWavb)(mh=thudCfhSQE7EZXSD)1.jpg;https://ei.phncdn.com/videos/202504/03/466739005/original/(m=eaf8GgaaaWavb)(mh=thudCfhSQE7EZXSD)2.jpg;https://ei.phncdn.com/videos/202504/03/466739005/original/(m=eaf8GgaaaWavb)(mh=thudCfhSQE7EZXSD)3.jpg;https://ei.phncdn.com/videos/202504/03/466739005/original/(m=eaf8GgaaaWavb)(mh=thudCfhSQE7EZXSD)4.jpg;https://ei.phncdn.com/videos/202504/03/466739005/original/(m=eaf8GgaaaWavb)(mh=thudCfhSQE7EZXSD)5.jpg;https://ei.phncdn.com/videos/202504/03/466739005/original/(m=eaf8GgaaaWavb)(mh=thudCfhSQE7EZXSD)6.jpg;https://ei.phncdn.com/videos/202504/03/466739005/original/(m=eaf8GgaaaWavb)(mh=thudCfhSQE7EZXSD)7.jpg;https://ei.phncdn.com/videos/202504/03/466739005/original/(m=eaf8GgaaaWavb)(mh=thudCfhSQE7EZXSD)8.jpg;https://ei.phncdn.com/videos/202504/03/466739005/original/(m=eaf8GgaaaWavb)(mh=thudCfhSQE7EZXSD)9.jpg;https://ei.phncdn.com/videos/202504/03/466739005/original/(m=eaf8GgaaaWavb)(mh=thudCfhSQE7EZXSD)10.jpg;https://ei.phncdn.com/videos/202504/03/466739005/original/(m=eaf8GgaaaWavb)(mh=thudCfhSQE7EZXSD)11.jpg;https://ei.phncdn.com/videos/202504/03/466739005/original/(m=eaf8GgaaaWavb)(mh=thudCfhSQE7EZXSD)12.jpg;https://ei.phncdn.com/videos/202504/03/466739005/original/(m=eaf8GgaaaWavb)(mh=thudCfhSQE7EZXSD)13.jpg;https://ei.phncdn.com/videos/202504/03/466739005/original/(m=eaf8GgaaaWavb)(mh=thudCfhSQE7EZXSD)14.jpg;https://ei.phncdn.com/videos/202504/03/466739005/original/(m=eaf8GgaaaWavb)(mh=thudCfhSQE7EZXSD)15.jpg;https://ei.phncdn.com/videos/202504/03/466739005/original/(m=eaf8GgaaaWavb)(mh=thudCfhSQE7EZXSD)16.jpg|Hermosa jovencita|casting;tetas-enormes;flaquita-casero;parejas-reales;parejas-aficionados;creampie|Casting;Exclusive;Verified Amateurs;Vertical Video;Podcast||659|10389|123|7|https://ei.phncdn.com/videos/202504/03/466739005/original/(m=eaAaGwObaaamqv)(mh=ZdbaMPF1fl6GnAS6)2.jpg|https://ei.phncdn.com/videos/202504/03/466739005/original/(m=eaAaGwObaaamqv)(mh=ZdbaMPF1fl6GnAS6)1.jpg;https://ei.phncdn.com/videos/202504/03/466739005/original/(m=eaAaGwObaaamqv)(mh=ZdbaMPF1fl6GnAS6)2.jpg;https://ei.phncdn.com/videos/202504/03/466739005/original/(m=eaAaGwObaaamqv)(mh=ZdbaMPF1fl6GnAS6)3.jpg;https://ei.phncdn.com/videos/202504/03/466739005/original/(m=eaAaGwObaaamqv)(mh=ZdbaMPF1fl6GnAS6)4.jpg;https://ei.phncdn.com/videos/202504/03/466739005/original/(m=eaAaGwObaaamqv)(mh=ZdbaMPF1fl6GnAS6)5.jpg;https://ei.phncdn.com/videos/202504/03/466739005/original/(m=eaAaGwObaaamqv)(mh=ZdbaMPF1fl6GnAS6)6.jpg;https://ei.phncdn.com/videos/202504/03/466739005/original/(m=eaAaGwObaaamqv)(mh=ZdbaMPF1fl6GnAS6)7.jpg;https://ei.phncdn.com/videos/202504/03/466739005/original/(m=eaAaGwObaaamqv)(mh=ZdbaMPF1fl6GnAS6)8.jpg;https://ei.phncdn.com/videos/202504/03/466739005/original/(m=eaAaGwObaaamqv)(mh=ZdbaMPF1fl6GnAS6)9.jpg;https://ei.phncdn.com/videos/202504/03/466739005/original/(m=eaAaGwObaaamqv)(mh=ZdbaMPF1fl6GnAS6)10.jpg;https://ei.phncdn.com/videos/202504/03/466739005/original/(m=eaAaGwObaaamqv)(mh=ZdbaMPF1fl6GnAS6)11.jpg;https://ei.phncdn.com/videos/202504/03/466739005/original/(m=eaAaGwObaaamqv)(mh=ZdbaMPF1fl6GnAS6)12.jpg;https://ei.phncdn.com/videos/202504/03/466739005/original/(m=eaAaGwObaaamqv)(mh=ZdbaMPF1fl6GnAS6)13.jpg;https://ei.phncdn.com/videos/202504/03/466739005/original/(m=eaAaGwObaaamqv)(mh=ZdbaMPF1fl6GnAS6)14.jpg;https://ei.phncdn.com/videos/202504/03/466739005/original/(m=eaAaGwObaaamqv)(mh=ZdbaMPF1fl6GnAS6)15.jpg;https://ei.phncdn.com/videos/202504/03/466739005/original/(m=eaAaGwObaaamqv)(mh=ZdbaMPF1fl6GnAS6)16.jpg
<iframe src="https://www.pornhub.com/embed/680f7ffd7c0e1" frameborder="0" height="481" width="608" scrolling="no"></iframe>|https://ei.phncdn.com/videos/202504/28/467877175/original/(m=eaf8GgaaaWavb)(mh=ymd0aIY54Vkfxbjk)7.jpg|https://ei.phncdn.com/videos/202504/28/467877175/original/(m=eaf8GgaaaWavb)(mh=ymd0aIY54Vkfxbjk)1.jpg;https://ei.phncdn.com/videos/202504/28/467877175/original/(m=eaf8GgaaaWavb)(mh=ymd0aIY54Vkfxbjk)2.jpg;https://ei.phncdn.com/videos/202504/28/467877175/original/(m=eaf8GgaaaWavb)(mh=ymd0aIY54Vkfxbjk)3.jpg;https://ei.phncdn.com/videos/202504/28/467877175/original/(m=eaf8GgaaaWavb)(mh=ymd0aIY54Vkfxbjk)4.jpg;https://ei.phncdn.com/videos/202504/28/467877175/original/(m=eaf8GgaaaWavb)(mh=ymd0aIY54Vkfxbjk)5.jpg;https://ei.phncdn.com/videos/202504/28/467877175/original/(m=eaf8GgaaaWavb)(mh=ymd0aIY54Vkfxbjk)6.jpg;https://ei.phncdn.com/videos/202504/28/467877175/original/(m=eaf8GgaaaWavb)(mh=ymd0aIY54Vkfxbjk)7.jpg;https://ei.phncdn.com/videos/202504/28/467877175/original/(m=eaf8GgaaaWavb)(mh=ymd0aIY54Vkfxbjk)8.jpg;https://ei.phncdn.com/videos/202504/28/467877175/original/(m=eaf8GgaaaWavb)(mh=ymd0aIY54Vkfxbjk)9.jpg;https://ei.phncdn.com/videos/202504/28/467877175/original/(m=eaf8GgaaaWavb)(mh=ymd0aIY54Vkfxbjk)10.jpg;https://ei.phncdn.com/videos/202504/28/467877175/original/(m=eaf8GgaaaWavb)(mh=ymd0aIY54Vkfxbjk)11.jpg;https://ei.phncdn.com/videos/202504/28/467877175/original/(m=eaf8GgaaaWavb)(mh=ymd0aIY54Vkfxbjk)12.jpg;https://ei.phncdn.com/videos/202504/28/467877175/original/(m=eaf8GgaaaWavb)(mh=ymd0aIY54Vkfxbjk)13.jpg;https://ei.phncdn.com/videos/202504/28/467877175/original/(m=eaf8GgaaaWavb)(mh=ymd0aIY54Vkfxbjk)14.jpg;https://ei.phncdn.com/videos/202504/28/467877175/original/(m=eaf8GgaaaWavb)(mh=ymd0aIY54Vkfxbjk)15.jpg;https://ei.phncdn.com/videos/202504/28/467877175/original/(m=eaf8GgaaaWavb)(mh=ymd0aIY54Vkfxbjk)16.jpg|Likely, but unfinished|sqa;qa|Casting;Czech||381|429|||https://ei.phncdn.com/videos/202504/28/467877175/original/(m=eaAaGwObaaamqv)(mh=jylhORgVRNgLUePx)7.jpg|https://ei.phncdn.com/videos/202504/28/467877175/original/(m=eaAaGwObaaamqv)(mh=jylhORgVRNgLUePx)1.jpg;https://ei.phncdn.com/videos/202504/28/467877175/original/(m=eaAaGwObaaamqv)(mh=jylhORgVRNgLUePx)2.jpg;https://ei.phncdn.com/videos/202504/28/467877175/original/(m=eaAaGwObaaamqv)(mh=jylhORgVRNgLUePx)3.jpg;https://ei.phncdn.com/videos/202504/28/467877175/original/(m=eaAaGwObaaamqv)(mh=jylhORgVRNgLUePx)4.jpg;https://ei.phncdn.com/videos/202504/28/467877175/original/(m=eaAaGwObaaamqv)(mh=jylhORgVRNgLUePx)5.jpg;https://ei.phncdn.com/videos/202504/28/467877175/original/(m=eaAaGwObaaamqv)(mh=jylhORgVRNgLUePx)6.jpg;https://ei.phncdn.com/videos/202504/28/467877175/original/(m=eaAaGwObaaamqv)(mh=jylhORgVRNgLUePx)7.jpg;https://ei.phncdn.com/videos/202504/28/467877175/original/(m=eaAaGwObaaamqv)(mh=jylhORgVRNgLUePx)8.jpg;https://ei.phncdn.com/videos/202504/28/467877175/original/(m=eaAaGwObaaamqv)(mh=jylhORgVRNgLUePx)9.jpg;https://ei.phncdn.com/videos/202504/28/467877175/original/(m=eaAaGwObaaamqv)(mh=jylhORgVRNgLUePx)10.jpg;https://ei.phncdn.com/videos/202504/28/467877175/original/(m=eaAaGwObaaamqv)(mh=jylhORgVRNgLUePx)11.jpg;https://ei.phncdn.com/videos/202504/28/467877175/original/(m=eaAaGwObaaamqv)(mh=jylhORgVRNgLUePx)12.jpg;https://ei.phncdn.com/videos/202504/28/467877175/original/(m=eaAaGwObaaamqv)(mh=jylhORgVRNgLUePx)13.jpg;https://ei.phncdn.com/videos/202504/28/467877175/original/(m=eaAaGwObaaamqv)(mh=jylhORgVRNgLUePx)14.jpg;https://ei.phncdn.com/videos/202504/28/467877175/original/(m=eaAaGwObaaamqv)(mh=jylhORgVRNgLUePx)15.jpg;https://ei.phncdn.com/videos/202504/28/467877175/original/(m=eaAaGwObaaamqv)(mh=jylhORgVRNgLUePx)16.jpg
<iframe src="https://www.pornhub.com/embed/6824c682607f3" frameborder="0" height="481" width="608" scrolling="no"></iframe>|https://ei.phncdn.com/videos/202505/14/468642655/original/(m=eaf8GgaaaWavb)(mh=elT2ZdNmuyfMOCt2)12.jpg|https://ei.phncdn.com/videos/202505/14/468642655/original/(m=eaf8GgaaaWavb)(mh=elT2ZdNmuyfMOCt2)1.jpg;https://ei.phncdn.com/videos/202505/14/468642655/original/(m=eaf8GgaaaWavb)(mh=elT2ZdNmuyfMOCt2)2.jpg;https://ei.phncdn.com/videos/202505/14/468642655/original/(m=eaf8GgaaaWavb)(mh=elT2ZdNmuyfMOCt2)3.jpg;https://ei.phncdn.com/videos/202505/14/468642655/original/(m=eaf8GgaaaWavb)(mh=elT2ZdNmuyfMOCt2)4.jpg;https://ei.phncdn.com/videos/202505/14/468642655/original/(m=eaf8GgaaaWavb)(mh=elT2ZdNmuyfMOCt2)5.jpg;https://ei.phncdn.com/videos/202505/14/468642655/original/(m=eaf8GgaaaWavb)(mh=elT2ZdNmuyfMOCt2)6.jpg;https://ei.phncdn.com/videos/202505/14/468642655/original/(m=eaf8GgaaaWavb)(mh=elT2ZdNmuyfMOCt2)7.jpg;https://ei.phncdn.com/videos/202505/14/468642655/original/(m=eaf8GgaaaWavb)(mh=elT2ZdNmuyfMOCt2)8.jpg;https://ei.phncdn.com/videos/202505/14/468642655/original/(m=eaf8GgaaaWavb)(mh=elT2ZdNmuyfMOCt2)9.jpg;https://ei.phncdn.com/videos/202505/14/468642655/original/(m=eaf8GgaaaWavb)(mh=elT2ZdNmuyfMOCt2)10.jpg;https://ei.phncdn.com/videos/202505/14/468642655/original/(m=eaf8GgaaaWavb)(mh=elT2ZdNmuyfMOCt2)11.jpg;https://ei.phncdn.com/videos/202505/14/468642655/original/(m=eaf8GgaaaWavb)(mh=elT2ZdNmuyfMOCt2)12.jpg;https://ei.phncdn.com/videos/202505/14/468642655/original/(m=eaf8GgaaaWavb)(mh=elT2ZdNmuyfMOCt2)13.jpg;https://ei.phncdn.com/videos/202505/14/468642655/original/(m=eaf8GgaaaWavb)(mh=elT2ZdNmuyfMOCt2)14.jpg;https://ei.phncdn.com/videos/202505/14/468642655/original/(m=eaf8GgaaaWavb)(mh=elT2ZdNmuyfMOCt2)15.jpg;https://ei.phncdn.com/videos/202505/14/468642655/original/(m=eaf8GgaaaWavb)(mh=elT2ZdNmuyfMOCt2)16.jpg|Enjoy the penis|massage-sex;sex-party|Casting;Solo Male;Exclusive;Verified Amateurs;Trans Male||136|57|||https://ei.phncdn.com/videos/202505/14/468642655/original/(m=eaAaGwObaaamqv)(mh=j3jVeZqOkIrZfQWO)12.jpg|https://ei.phncdn.com/videos/202505/14/468642655/original/(m=eaAaGwObaaamqv)(mh=j3jVeZqOkIrZfQWO)1.jpg;https://ei.phncdn.com/videos/202505/14/468642655/original/(m=eaAaGwObaaamqv)(mh=j3jVeZqOkIrZfQWO)2.jpg;https://ei.phncdn.com/videos/202505/14/468642655/original/(m=eaAaGwObaaamqv)(mh=j3jVeZqOkIrZfQWO)3.jpg;https://ei.phncdn.com/videos/202505/14/468642655/original/(m=eaAaGwObaaamqv)(mh=j3jVeZqOkIrZfQWO)4.jpg;https://ei.phncdn.com/videos/202505/14/468642655/original/(m=eaAaGwObaaamqv)(mh=j3jVeZqOkIrZfQWO)5.jpg;https://ei.phncdn.com/videos/202505/14/468642655/original/(m=eaAaGwObaaamqv)(mh=j3jVeZqOkIrZfQWO)6.jpg;https://ei.phncdn.com/videos/202505/14/468642655/original/(m=eaAaGwObaaamqv)(mh=j3jVeZqOkIrZfQWO)7.jpg;https://ei.phncdn.com/videos/202505/14/468642655/original/(m=eaAaGwObaaamqv)(mh=j3jVeZqOkIrZfQWO)8.jpg;https://ei.phncdn.com/videos/202505/14/468642655/original/(m=eaAaGwObaaamqv)(mh=j3jVeZqOkIrZfQWO)9.jpg;https://ei.phncdn.com/videos/202505/14/468642655/original/(m=eaAaGwObaaamqv)(mh=j3jVeZqOkIrZfQWO)10.jpg;https://ei.phncdn.com/videos/202505/14/468642655/original/(m=eaAaGwObaaamqv)(mh=j3jVeZqOkIrZfQWO)11.jpg;https://ei.phncdn.com/videos/202505/14/468642655/original/(m=eaAaGwObaaamqv)(mh=j3jVeZqOkIrZfQWO)12.jpg;https://ei.phncdn.com/videos/202505/14/468642655/original/(m=eaAaGwObaaamqv)(mh=j3jVeZqOkIrZfQWO)13.jpg;https://ei.phncdn.com/videos/202505/14/468642655/original/(m=eaAaGwObaaamqv)(mh=j3jVeZqOkIrZfQWO)14.jpg;https://ei.phncdn.com/videos/202505/14/468642655/original/(m=eaAaGwObaaamqv)(mh=j3jVeZqOkIrZfQWO)15.jpg;https://ei.phncdn.com/videos/202505/14/468642655/original/(m=eaAaGwObaaamqv)(mh=j3jVeZqOkIrZfQWO)16.jpg
<iframe src="https://www.pornhub.com/embed/6826f370be6f7" frameborder="0" height="481" width="608" scrolling="no"></iframe>|https://ei.phncdn.com/videos/202505/16/468714275/original/(m=eaf8GgaaaWavb)(mh=ZtrMbOhQpDD9yTPZ)13.jpg|https://ei.phncdn.com/videos/202505/16/468714275/original/(m=eaf8GgaaaWavb)(mh=ZtrMbOhQpDD9yTPZ)1.jpg;https://ei.phncdn.com/videos/202505/16/468714275/original/(m=eaf8GgaaaWavb)(mh=ZtrMbOhQpDD9yTPZ)2.jpg;https://ei.phncdn.com/videos/202505/16/468714275/original/(m=eaf8GgaaaWavb)(mh=ZtrMbOhQpDD9yTPZ)3.jpg;https://ei.phncdn.com/videos/202505/16/468714275/original/(m=eaf8GgaaaWavb)(mh=ZtrMbOhQpDD9yTPZ)4.jpg;https://ei.phncdn.com/videos/202505/16/468714275/original/(m=eaf8GgaaaWavb)(mh=ZtrMbOhQpDD9yTPZ)5.jpg;https://ei.phncdn.com/videos/202505/16/468714275/original/(m=eaf8GgaaaWavb)(mh=ZtrMbOhQpDD9yTPZ)6.jpg;https://ei.phncdn.com/videos/202505/16/468714275/original/(m=eaf8GgaaaWavb)(mh=ZtrMbOhQpDD9yTPZ)7.jpg;https://ei.phncdn.com/videos/202505/16/468714275/original/(m=eaf8GgaaaWavb)(mh=ZtrMbOhQpDD9yTPZ)8.jpg;https://ei.phncdn.com/videos/202505/16/468714275/original/(m=eaf8GgaaaWavb)(mh=ZtrMbOhQpDD9yTPZ)9.jpg;https://ei.phncdn.com/videos/202505/16/468714275/original/(m=eaf8GgaaaWavb)(mh=ZtrMbOhQpDD9yTPZ)10.jpg;https://ei.phncdn.com/videos/202505/16/468714275/original/(m=eaf8GgaaaWavb)(mh=ZtrMbOhQpDD9yTPZ)11.jpg;https://ei.phncdn.com/videos/202505/16/468714275/original/(m=eaf8GgaaaWavb)(mh=ZtrMbOhQpDD9yTPZ)12.jpg;https://ei.phncdn.com/videos/202505/16/468714275/original/(m=eaf8GgaaaWavb)(mh=ZtrMbOhQpDD9yTPZ)13.jpg;https://ei.phncdn.com/videos/202505/16/468714275/original/(m=eaf8GgaaaWavb)(mh=ZtrMbOhQpDD9yTPZ)14.jpg;https://ei.phncdn.com/videos/202505/16/468714275/original/(m=eaf8GgaaaWavb)(mh=ZtrMbOhQpDD9yTPZ)15.jpg;https://ei.phncdn.com/videos/202505/16/468714275/original/(m=eaf8GgaaaWavb)(mh=ZtrMbOhQpDD9yTPZ)16.jpg|Bien parau|fast-handjob;bukkake|Casting;Solo Male;Exclusive;Verified Amateurs||23|12|1|0|https://ei.phncdn.com/videos/202505/16/468714275/original/(m=eaAaGwObaaamqv)(mh=sR_Y7bclE0SY1Dtt)13.jpg|https://ei.phncdn.com/videos/202505/16/468714275/original/(m=eaAaGwObaaamqv)(mh=sR_Y7bclE0SY1Dtt)1.jpg;https://ei.phncdn.com/videos/202505/16/468714275/original/(m=eaAaGwObaaamqv)(mh=sR_Y7bclE0SY1Dtt)2.jpg;https://ei.phncdn.com/videos/202505/16/468714275/original/(m=eaAaGwObaaamqv)(mh=sR_Y7bclE0SY1Dtt)3.jpg;https://ei.phncdn.com/videos/202505/16/468714275/original/(m=eaAaGwObaaamqv)(mh=sR_Y7bclE0SY1Dtt)4.jpg;https://ei.phncdn.com/videos/202505/16/468714275/original/(m=eaAaGwObaaamqv)(mh=sR_Y7bclE0SY1Dtt)5.jpg;https://ei.phncdn.com/videos/202505/16/468714275/original/(m=eaAaGwObaaamqv)(mh=sR_Y7bclE0SY1Dtt)6.jpg;https://ei.phncdn.com/videos/202505/16/468714275/original/(m=eaAaGwObaaamqv)(mh=sR_Y7bclE0SY1Dtt)7.jpg;https://ei.phncdn.com/videos/202505/16/468714275/original/(m=eaAaGwObaaamqv)(mh=sR_Y7bclE0SY1Dtt)8.jpg;https://ei.phncdn.com/videos/202505/16/468714275/original/(m=eaAaGwObaaamqv)(mh=sR_Y7bclE0SY1Dtt)9.jpg;https://ei.phncdn.com/videos/202505/16/468714275/original/(m=eaAaGwObaaamqv)(mh=sR_Y7bclE0SY1Dtt)10.jpg;https://ei.phncdn.com/videos/202505/16/468714275/original/(m=eaAaGwObaaamqv)(mh=sR_Y7bclE0SY1Dtt)11.jpg;https://ei.phncdn.com/videos/202505/16/468714275/original/(m=eaAaGwObaaamqv)(mh=sR_Y7bclE0SY1Dtt)12.jpg;https://ei.phncdn.com/videos/202505/16/468714275/original/(m=eaAaGwObaaamqv)(mh=sR_Y7bclE0SY1Dtt)13.jpg;https://ei.phncdn.com/videos/202505/16/468714275/original/(m=eaAaGwObaaamqv)(mh=sR_Y7bclE0SY1Dtt)14.jpg;https://ei.phncdn.com/videos/202505/16/468714275/original/(m=eaAaGwObaaamqv)(mh=sR_Y7bclE0SY1Dtt)15.jpg;https://ei.phncdn.com/videos/202505/16/468714275/original/(m=eaAaGwObaaamqv)(mh=sR_Y7bclE0SY1Dtt)16.jpg
<iframe src="https://www.pornhub.com/embed/6871c2bf85d28" frameborder="0" height="481" width="608" scrolling="no"></iframe>|https://ei.phncdn.com/videos/202507/12/15427955/original/(m=eaf8GgaaaWavb)(mh=BqGcdtjz-xHQX7I4)12.jpg|https://ei.phncdn.com/videos/202507/12/15427955/original/(m=eaf8GgaaaWavb)(mh=BqGcdtjz-xHQX7I4)1.jpg;https://ei.phncdn.com/videos/202507/12/15427955/original/(m=eaf8GgaaaWavb)(mh=BqGcdtjz-xHQX7I4)2.jpg;https://ei.phncdn.com/videos/202507/12/15427955/original/(m=eaf8GgaaaWavb)(mh=BqGcdtjz-xHQX7I4)3.jpg;https://ei.phncdn.com/videos/202507/12/15427955/original/(m=eaf8GgaaaWavb)(mh=BqGcdtjz-xHQX7I4)4.jpg;https://ei.phncdn.com/videos/202507/12/15427955/original/(m=eaf8GgaaaWavb)(mh=BqGcdtjz-xHQX7I4)5.jpg;https://ei.phncdn.com/videos/202507/12/15427955/original/(m=eaf8GgaaaWavb)(mh=BqGcdtjz-xHQX7I4)6.jpg;https://ei.phncdn.com/videos/202507/12/15427955/original/(m=eaf8GgaaaWavb)(mh=BqGcdtjz-xHQX7I4)7.jpg;https://ei.phncdn.com/videos/202507/12/15427955/original/(m=eaf8GgaaaWavb)(mh=BqGcdtjz-xHQX7I4)8.jpg;https://ei.phncdn.com/videos/202507/12/15427955/original/(m=eaf8GgaaaWavb)(mh=BqGcdtjz-xHQX7I4)9.jpg;https://ei.phncdn.com/videos/202507/12/15427955/original/(m=eaf8GgaaaWavb)(mh=BqGcdtjz-xHQX7I4)10.jpg;https://ei.phncdn.com/videos/202507/12/15427955/original/(m=eaf8GgaaaWavb)(mh=BqGcdtjz-xHQX7I4)11.jpg;https://ei.phncdn.com/videos/202507/12/15427955/original/(m=eaf8GgaaaWavb)(mh=BqGcdtjz-xHQX7I4)12.jpg;https://ei.phncdn.com/videos/202507/12/15427955/original/(m=eaf8GgaaaWavb)(mh=BqGcdtjz-xHQX7I4)13.jpg;https://ei.phncdn.com/videos/202507/12/15427955/original/(m=eaf8GgaaaWavb)(mh=BqGcdtjz-xHQX7I4)14.jpg;https://ei.phncdn.com/videos/202507/12/15427955/original/(m=eaf8GgaaaWavb)(mh=BqGcdtjz-xHQX7I4)15.jpg;https://ei.phncdn.com/videos/202507/12/15427955/original/(m=eaf8GgaaaWavb)(mh=BqGcdtjz-xHQX7I4)16.jpg|Calor|calor;ardiente|Casting;Verified Amateurs;Cosplay;Solo Female||79|16|||https://ei.phncdn.com/videos/202507/12/15427955/original/(m=eaAaGwObaaamqv)(mh=ovGLvJGqAfXkzhO9)12.jpg|https://ei.phncdn.com/videos/202507/12/15427955/original/(m=eaAaGwObaaamqv)(mh=ovGLvJGqAfXkzhO9)1.jpg;https://ei.phncdn.com/videos/202507/12/15427955/original/(m=eaAaGwObaaamqv)(mh=ovGLvJGqAfXkzhO9)2.jpg;https://ei.phncdn.com/videos/202507/12/15427955/original/(m=eaAaGwObaaamqv)(mh=ovGLvJGqAfXkzhO9)3.jpg;https://ei.phncdn.com/videos/202507/12/15427955/original/(m=eaAaGwObaaamqv)(mh=ovGLvJGqAfXkzhO9)4.jpg;https://ei.phncdn.com/videos/202507/12/15427955/original/(m=eaAaGwObaaamqv)(mh=ovGLvJGqAfXkzhO9)5.jpg;https://ei.phncdn.com/videos/202507/12/15427955/original/(m=eaAaGwObaaamqv)(mh=ovGLvJGqAfXkzhO9)6.jpg;https://ei.phncdn.com/videos/202507/12/15427955/original/(m=eaAaGwObaaamqv)(mh=ovGLvJGqAfXkzhO9)7.jpg;https://ei.phncdn.com/videos/202507/12/15427955/original/(m=eaAaGwObaaamqv)(mh=ovGLvJGqAfXkzhO9)8.jpg;https://ei.phncdn.com/videos/202507/12/15427955/original/(m=eaAaGwObaaamqv)(mh=ovGLvJGqAfXkzhO9)9.jpg;https://ei.phncdn.com/videos/202507/12/15427955/original/(m=eaAaGwObaaamqv)(mh=ovGLvJGqAfXkzhO9)10.jpg;https://ei.phncdn.com/videos/202507/12/15427955/original/(m=eaAaGwObaaamqv)(mh=ovGLvJGqAfXkzhO9)11.jpg;https://ei.phncdn.com/videos/202507/12/15427955/original/(m=eaAaGwObaaamqv)(mh=ovGLvJGqAfXkzhO9)12.jpg;https://ei.phncdn.com/videos/202507/12/15427955/original/(m=eaAaGwObaaamqv)(mh=ovGLvJGqAfXkzhO9)13.jpg;https://ei.phncdn.com/videos/202507/12/15427955/original/(m=eaAaGwObaaamqv)(mh=ovGLvJGqAfXkzhO9)14.jpg;https://ei.phncdn.com/videos/202507/12/15427955/original/(m=eaAaGwObaaamqv)(mh=ovGLvJGqAfXkzhO9)15.jpg;https://ei.phncdn.com/videos/202507/12/15427955/original/(m=eaAaGwObaaamqv)(mh=ovGLvJGqAfXkzhO9)16.jpg
<iframe src="https://www.pornhub.com/embed/68bac6de4786a" frameborder="0" height="481" width="608" scrolling="no"></iframe>|https://ei.phncdn.com/videos/202509/05/21579465/original/(m=eaf8GgaaaWavb)(mh=ofDejm8kXwfVCJL_)12.jpg|https://ei.phncdn.com/videos/202509/05/21579465/original/(m=eaf8GgaaaWavb)(mh=ofDejm8kXwfVCJL_)1.jpg;https://ei.phncdn.com/videos/202509/05/21579465/original/(m=eaf8GgaaaWavb)(mh=ofDejm8kXwfVCJL_)2.jpg;https://ei.phncdn.com/videos/202509/05/21579465/original/(m=eaf8GgaaaWavb)(mh=ofDejm8kXwfVCJL_)3.jpg;https://ei.phncdn.com/videos/202509/05/21579465/original/(m=eaf8GgaaaWavb)(mh=ofDejm8kXwfVCJL_)4.jpg;https://ei.phncdn.com/videos/202509/05/21579465/original/(m=eaf8GgaaaWavb)(mh=ofDejm8kXwfVCJL_)5.jpg;https://ei.phncdn.com/videos/202509/05/21579465/original/(m=eaf8GgaaaWavb)(mh=ofDejm8kXwfVCJL_)6.jpg;https://ei.phncdn.com/videos/202509/05/21579465/original/(m=eaf8GgaaaWavb)(mh=ofDejm8kXwfVCJL_)7.jpg;https://ei.phncdn.com/videos/202509/05/21579465/original/(m=eaf8GgaaaWavb)(mh=ofDejm8kXwfVCJL_)8.jpg;https://ei.phncdn.com/videos/202509/05/21579465/original/(m=eaf8GgaaaWavb)(mh=ofDejm8kXwfVCJL_)9.jpg;https://ei.phncdn.com/videos/202509/05/21579465/original/(m=eaf8GgaaaWavb)(mh=ofDejm8kXwfVCJL_)10.jpg;https://ei.phncdn.com/videos/202509/05/21579465/original/(m=eaf8GgaaaWavb)(mh=ofDejm8kXwfVCJL_)11.jpg;https://ei.phncdn.com/videos/202509/05/21579465/original/(m=eaf8GgaaaWavb)(mh=ofDejm8kXwfVCJL_)12.jpg;https://ei.phncdn.com/videos/202509/05/21579465/original/(m=eaf8GgaaaWavb)(mh=ofDejm8kXwfVCJL_)13.jpg;https://ei.phncdn.com/videos/202509/05/21579465/original/(m=eaf8GgaaaWavb)(mh=ofDejm8kXwfVCJL_)14.jpg;https://ei.phncdn.com/videos/202509/05/21579465/original/(m=eaf8GgaaaWavb)(mh=ofDejm8kXwfVCJL_)15.jpg;https://ei.phncdn.com/videos/202509/05/21579465/original/(m=eaf8GgaaaWavb)(mh=ofDejm8kXwfVCJL_)16.jpg|"Beauty secrets await you! Subscribe! 💖"|big-ass;solo|Casting;British;Verified Amateurs;Solo Female||15|362|4|0|https://ei.phncdn.com/videos/202509/05/21579465/original/(m=eaAaGwObaaamqv)(mh=4PoCN1dQk5BBJuUe)12.jpg|https://ei.phncdn.com/videos/202509/05/21579465/original/(m=eaAaGwObaaamqv)(mh=4PoCN1dQk5BBJuUe)1.jpg;https://ei.phncdn.com/videos/202509/05/21579465/original/(m=eaAaGwObaaamqv)(mh=4PoCN1dQk5BBJuUe)2.jpg;https://ei.phncdn.com/videos/202509/05/21579465/original/(m=eaAaGwObaaamqv)(mh=4PoCN1dQk5BBJuUe)3.jpg;https://ei.phncdn.com/videos/202509/05/21579465/original/(m=eaAaGwObaaamqv)(mh=4PoCN1dQk5BBJuUe)4.jpg;https://ei.phncdn.com/videos/202509/05/21579465/original/(m=eaAaGwObaaamqv)(mh=4PoCN1dQk5BBJuUe)5.jpg;https://ei.phncdn.com/videos/202509/05/21579465/original/(m=eaAaGwObaaamqv)(mh=4PoCN1dQk5BBJuUe)6.jpg;https://ei.phncdn.com/videos/202509/05/21579465/original/(m=eaAaGwObaaamqv)(mh=4PoCN1dQk5BBJuUe)7.jpg;https://ei.phncdn.com/videos/202509/05/21579465/original/(m=eaAaGwObaaamqv)(mh=4PoCN1dQk5BBJuUe)8.jpg;https://ei.phncdn.com/videos/202509/05/21579465/original/(m=eaAaGwObaaamqv)(mh=4PoCN1dQk5BBJuUe)9.jpg;https://ei.phncdn.com/videos/202509/05/21579465/original/(m=eaAaGwObaaamqv)(mh=4PoCN1dQk5BBJuUe)10.jpg;https://ei.phncdn.com/videos/202509/05/21579465/original/(m=eaAaGwObaaamqv)(mh=4PoCN1dQk5BBJuUe)11.jpg;https://ei.phncdn.com/videos/202509/05/21579465/original/(m=eaAaGwObaaamqv)(mh=4PoCN1dQk5BBJuUe)12.jpg;https://ei.phncdn.com/videos/202509/05/21579465/original/(m=eaAaGwObaaamqv)(mh=4PoCN1dQk5BBJuUe)13.jpg;https://ei.phncdn.com/videos/202509/05/21579465/original/(m=eaAaGwObaaamqv)(mh=4PoCN1dQk5BBJuUe)14.jpg;https://ei.phncdn.com/videos/202509/05/21579465/original/(m=eaAaGwObaaamqv)(mh=4PoCN1dQk5BBJuUe)15.jpg;https://ei.phncdn.com/videos/202509/05/21579465/original/(m=eaAaGwObaaamqv)(mh=4PoCN1dQk5BBJuUe)16.jpg
<iframe src="https://www.pornhub.com/embed/68c42a56b1a17" frameborder="0" height="481" width="608" scrolling="no"></iframe>|https://ei.phncdn.com/videos/202509/12/22375195/original/(m=eaf8GgaaaWavb)(mh=nSP_GLgqPveqqnxP)13.jpg|https://ei.phncdn.com/videos/202509/12/22375195/original/(m=eaf8GgaaaWavb)(mh=nSP_GLgqPveqqnxP)1.jpg;https://ei.phncdn.com/videos/202509/12/22375195/original/(m=eaf8GgaaaWavb)(mh=nSP_GLgqPveqqnxP)2.jpg;https://ei.phncdn.com/videos/202509/12/22375195/original/(m=eaf8GgaaaWavb)(mh=nSP_GLgqPveqqnxP)3.jpg;https://ei.phncdn.com/videos/202509/12/22375195/original/(m=eaf8GgaaaWavb)(mh=nSP_GLgqPveqqnxP)4.jpg;https://ei.phncdn.com/videos/202509/12/22375195/original/(m=eaf8GgaaaWavb)(mh=nSP_GLgqPveqqnxP)5.jpg;https://ei.phncdn.com/videos/202509/12/22375195/original/(m=eaf8GgaaaWavb)(mh=nSP_GLgqPveqqnxP)6.jpg;https://ei.phncdn.com/videos/202509/12/22375195/original/(m=eaf8GgaaaWavb)(mh=nSP_GLgqPveqqnxP)7.jpg;https://ei.phncdn.com/videos/202509/12/22375195/original/(m=eaf8GgaaaWavb)(mh=nSP_GLgqPveqqnxP)8.jpg;https://ei.phncdn.com/videos/202509/12/22375195/original/(m=eaf8GgaaaWavb)(mh=nSP_GLgqPveqqnxP)9.jpg;https://ei.phncdn.com/videos/202509/12/22375195/original/(m=eaf8GgaaaWavb)(mh=nSP_GLgqPveqqnxP)10.jpg;https://ei.phncdn.com/videos/202509/12/22375195/original/(m=eaf8GgaaaWavb)(mh=nSP_GLgqPveqqnxP)11.jpg;https://ei.phncdn.com/videos/202509/12/22375195/original/(m=eaf8GgaaaWavb)(mh=nSP_GLgqPveqqnxP)12.jpg;https://ei.phncdn.com/videos/202509/12/22375195/original/(m=eaf8GgaaaWavb)(mh=nSP_GLgqPveqqnxP)13.jpg;https://ei.phncdn.com/videos/202509/12/22375195/original/(m=eaf8GgaaaWavb)(mh=nSP_GLgqPveqqnxP)14.jpg;https://ei.phncdn.com/videos/202509/12/22375195/original/(m=eaf8GgaaaWavb)(mh=nSP_GLgqPveqqnxP)15.jpg;https://ei.phncdn.com/videos/202509/12/22375195/original/(m=eaf8GgaaaWavb)(mh=nSP_GLgqPveqqnxP)16.jpg|LanaTuls - Anal Slut and Whore - Man Cunt Demonstration|ass;mancunt;man-cunt;whore;bottom-slut;slut;bitch|Casting;Solo Male;Russian;Verified Amateurs||36|150|1|0|https://ei.phncdn.com/videos/202509/12/22375195/original/(m=eaAaGwObaaamqv)(mh=imzDmMOCHo6isY4j)13.jpg|https://ei.phncdn.com/videos/202509/12/22375195/original/(m=eaAaGwObaaamqv)(mh=imzDmMOCHo6isY4j)1.jpg;https://ei.phncdn.com/videos/202509/12/22375195/original/(m=eaAaGwObaaamqv)(mh=imzDmMOCHo6isY4j)2.jpg;https://ei.phncdn.com/videos/202509/12/22375195/original/(m=eaAaGwObaaamqv)(mh=imzDmMOCHo6isY4j)3.jpg;https://ei.phncdn.com/videos/202509/12/22375195/original/(m=eaAaGwObaaamqv)(mh=imzDmMOCHo6isY4j)4.jpg;https://ei.phncdn.com/videos/202509/12/22375195/original/(m=eaAaGwObaaamqv)(mh=imzDmMOCHo6isY4j)5.jpg;https://ei.phncdn.com/videos/202509/12/22375195/original/(m=eaAaGwObaaamqv)(mh=imzDmMOCHo6isY4j)6.jpg;https://ei.phncdn.com/videos/202509/12/22375195/original/(m=eaAaGwObaaamqv)(mh=imzDmMOCHo6isY4j)7.jpg;https://ei.phncdn.com/videos/202509/12/22375195/original/(m=eaAaGwObaaamqv)(mh=imzDmMOCHo6isY4j)8.jpg;https://ei.phncdn.com/videos/202509/12/22375195/original/(m=eaAaGwObaaamqv)(mh=imzDmMOCHo6isY4j)9.jpg;https://ei.phncdn.com/videos/202509/12/22375195/original/(m=eaAaGwObaaamqv)(mh=imzDmMOCHo6isY4j)10.jpg;https://ei.phncdn.com/videos/202509/12/22375195/original/(m=eaAaGwObaaamqv)(mh=imzDmMOCHo6isY4j)11.jpg;https://ei.phncdn.com/videos/202509/12/22375195/original/(m=eaAaGwObaaamqv)(mh=imzDmMOCHo6isY4j)12.jpg;https://ei.phncdn.com/videos/202509/12/22375195/original/(m=eaAaGwObaaamqv)(mh=imzDmMOCHo6isY4j)13.jpg;https://ei.phncdn.com/videos/202509/12/22375195/original/(m=eaAaGwObaaamqv)(mh=imzDmMOCHo6isY4j)14.jpg;https://ei.phncdn.com/videos/202509/12/22375195/original/(m=eaAaGwObaaamqv)(mh=imzDmMOCHo6isY4j)15.jpg;https://ei.phncdn.com/videos/202509/12/22375195/original/(m=eaAaGwObaaamqv)(mh=imzDmMOCHo6isY4j)16.jpg
<iframe src="https://www.pornhub.com/embed/6905908294236" frameborder="0" height="481" width="608" scrolling="no"></iframe>|https://ei.phncdn.com/videos/202511/01/28279645/original/(m=eaf8GgaaaWavb)(mh=UV4Jmb1HJ1nSL7rc)12.jpg|https://ei.phncdn.com/videos/202511/01/28279645/original/(m=eaf8GgaaaWavb)(mh=UV4Jmb1HJ1nSL7rc)1.jpg;https://ei.phncdn.com/videos/202511/01/28279645/original/(m=eaf8GgaaaWavb)(mh=UV4Jmb1HJ1nSL7rc)2.jpg;https://ei.phncdn.com/videos/202511/01/28279645/original/(m=eaf8GgaaaWavb)(mh=UV4Jmb1HJ1nSL7rc)3.jpg;https://ei.phncdn.com/videos/202511/01/28279645/original/(m=eaf8GgaaaWavb)(mh=UV4Jmb1HJ1nSL7rc)4.jpg;https://ei.phncdn.com/videos/202511/01/28279645/original/(m=eaf8GgaaaWavb)(mh=UV4Jmb1HJ1nSL7rc)5.jpg;https://ei.phncdn.com/videos/202511/01/28279645/original/(m=eaf8GgaaaWavb)(mh=UV4Jmb1HJ1nSL7rc)6.jpg;https://ei.phncdn.com/videos/202511/01/28279645/original/(m=eaf8GgaaaWavb)(mh=UV4Jmb1HJ1nSL7rc)7.jpg;https://ei.phncdn.com/videos/202511/01/28279645/original/(m=eaf8GgaaaWavb)(mh=UV4Jmb1HJ1nSL7rc)8.jpg;https://ei.phncdn.com/videos/202511/01/28279645/original/(m=eaf8GgaaaWavb)(mh=UV4Jmb1HJ1nSL7rc)9.jpg;https://ei.phncdn.com/videos/202511/01/28279645/original/(m=eaf8GgaaaWavb)(mh=UV4Jmb1HJ1nSL7rc)10.jpg;https://ei.phncdn.com/videos/202511/01/28279645/original/(m=eaf8GgaaaWavb)(mh=UV4Jmb1HJ1nSL7rc)11.jpg;https://ei.phncdn.com/videos/202511/01/28279645/original/(m=eaf8GgaaaWavb)(mh=UV4Jmb1HJ1nSL7rc)12.jpg;https://ei.phncdn.com/videos/202511/01/28279645/original/(m=eaf8GgaaaWavb)(mh=UV4Jmb1HJ1nSL7rc)13.jpg;https://ei.phncdn.com/videos/202511/01/28279645/original/(m=eaf8GgaaaWavb)(mh=UV4Jmb1HJ1nSL7rc)14.jpg;https://ei.phncdn.com/videos/202511/01/28279645/original/(m=eaf8GgaaaWavb)(mh=UV4Jmb1HJ1nSL7rc)15.jpg;https://ei.phncdn.com/videos/202511/01/28279645/original/(m=eaf8GgaaaWavb)(mh=UV4Jmb1HJ1nSL7rc)16.jpg|Lindas tetas se masturba|hot;18-year-old-latina|Casting;Verified Amateurs;Solo Female;Podcast||982|139|||https://ei.phncdn.com/videos/202511/01/28279645/original/(m=eaAaGwObaaamqv)(mh=6QP6JHR9p-N6kmzd)12.jpg|https://ei.phncdn.com/videos/202511/01/28279645/original/(m=eaAaGwObaaamqv)(mh=6QP6JHR9p-N6kmzd)1.jpg;https://ei.phncdn.com/videos/202511/01/28279645/original/(m=eaAaGwObaaamqv)(mh=6QP6JHR9p-N6kmzd)2.jpg;https://ei.phncdn.com/videos/202511/01/28279645/original/(m=eaAaGwObaaamqv)(mh=6QP6JHR9p-N6kmzd)3.jpg;https://ei.phncdn.com/videos/202511/01/28279645/original/(m=eaAaGwObaaamqv)(mh=6QP6JHR9p-N6kmzd)4.jpg;https://ei.phncdn.com/videos/202511/01/28279645/original/(m=eaAaGwObaaamqv)(mh=6QP6JHR9p-N6kmzd)5.jpg;https://ei.phncdn.com/videos/202511/01/28279645/original/(m=eaAaGwObaaamqv)(mh=6QP6JHR9p-N6kmzd)6.jpg;https://ei.phncdn.com/videos/202511/01/28279645/original/(m=eaAaGwObaaamqv)(mh=6QP6JHR9p-N6kmzd)7.jpg;https://ei.phncdn.com/videos/202511/01/28279645/original/(m=eaAaGwObaaamqv)(mh=6QP6JHR9p-N6kmzd)8.jpg;https://ei.phncdn.com/videos/202511/01/28279645/original/(m=eaAaGwObaaamqv)(mh=6QP6JHR9p-N6kmzd)9.jpg;https://ei.phncdn.com/videos/202511/01/28279645/original/(m=eaAaGwObaaamqv)(mh=6QP6JHR9p-N6kmzd)10.jpg;https://ei.phncdn.com/videos/202511/01/28279645/original/(m=eaAaGwObaaamqv)(mh=6QP6JHR9p-N6kmzd)11.jpg;https://ei.phncdn.com/videos/202511/01/28279645/original/(m=eaAaGwObaaamqv)(mh=6QP6JHR9p-N6kmzd)12.jpg;https://ei.phncdn.com/videos/202511/01/28279645/original/(m=eaAaGwObaaamqv)(mh=6QP6JHR9p-N6kmzd)13.jpg;https://ei.phncdn.com/videos/202511/01/28279645/original/(m=eaAaGwObaaamqv)(mh=6QP6JHR9p-N6kmzd)14.jpg;https://ei.phncdn.com/videos/202511/01/28279645/original/(m=eaAaGwObaaamqv)(mh=6QP6JHR9p-N6kmzd)15.jpg;https://ei.phncdn.com/videos/202511/01/28279645/original/(m=eaAaGwObaaamqv)(mh=6QP6JHR9p-N6kmzd)16.jpg
<iframe src="https://www.pornhub.com/embed/691a61d75ebec" frameborder="0" height="481" width="608" scrolling="no"></iframe>|https://ei.phncdn.com/videos/202511/16/29896405/original/(m=q-750X0beaf8GgaaaWavb)(mh=6a0hBzGQFr9I8T3-)0.jpg|https://ei.phncdn.com/videos/202511/16/29896405/original/(m=eaf8GgaaaWavb)(mh=yg18VT64wDdfb7Yj)1.jpg;https://ei.phncdn.com/videos/202511/16/29896405/original/(m=eaf8GgaaaWavb)(mh=yg18VT64wDdfb7Yj)2.jpg;https://ei.phncdn.com/videos/202511/16/29896405/original/(m=eaf8GgaaaWavb)(mh=yg18VT64wDdfb7Yj)3.jpg;https://ei.phncdn.com/videos/202511/16/29896405/original/(m=eaf8GgaaaWavb)(mh=yg18VT64wDdfb7Yj)4.jpg;https://ei.phncdn.com/videos/202511/16/29896405/original/(m=eaf8GgaaaWavb)(mh=yg18VT64wDdfb7Yj)5.jpg;https://ei.phncdn.com/videos/202511/16/29896405/original/(m=eaf8GgaaaWavb)(mh=yg18VT64wDdfb7Yj)6.jpg;https://ei.phncdn.com/videos/202511/16/29896405/original/(m=eaf8GgaaaWavb)(mh=yg18VT64wDdfb7Yj)7.jpg;https://ei.phncdn.com/videos/202511/16/29896405/original/(m=eaf8GgaaaWavb)(mh=yg18VT64wDdfb7Yj)8.jpg;https://ei.phncdn.com/videos/202511/16/29896405/original/(m=eaf8GgaaaWavb)(mh=yg18VT64wDdfb7Yj)9.jpg;https://ei.phncdn.com/videos/202511/16/29896405/original/(m=eaf8GgaaaWavb)(mh=yg18VT64wDdfb7Yj)10.jpg;https://ei.phncdn.com/videos/202511/16/29896405/original/(m=eaf8GgaaaWavb)(mh=yg18VT64wDdfb7Yj)11.jpg;https://ei.phncdn.com/videos/202511/16/29896405/original/(m=eaf8GgaaaWavb)(mh=yg18VT64wDdfb7Yj)12.jpg;https://ei.phncdn.com/videos/202511/16/29896405/original/(m=eaf8GgaaaWavb)(mh=yg18VT64wDdfb7Yj)13.jpg;https://ei.phncdn.com/videos/202511/16/29896405/original/(m=eaf8GgaaaWavb)(mh=yg18VT64wDdfb7Yj)14.jpg;https://ei.phncdn.com/videos/202511/16/29896405/original/(m=eaf8GgaaaWavb)(mh=yg18VT64wDdfb7Yj)15.jpg;https://ei.phncdn.com/videos/202511/16/29896405/original/(m=eaf8GgaaaWavb)(mh=yg18VT64wDdfb7Yj)16.jpg|GANGBENG CASTING #03 - BAMBI VS BJöRN|casting;italian|Casting;Italian;Exclusive;Verified Models||1065|65896|120|35|https://ei.phncdn.com/videos/202511/16/29896405/original/(m=q-750X0beaAaGwObaaamqv)(mh=cJNDkUIa4VCVZvU-)0.jpg|https://ei.phncdn.com/videos/202511/16/29896405/original/(m=eaAaGwObaaamqv)(mh=oT-N-rWXqtNhiak9)1.jpg;https://ei.phncdn.com/videos/202511/16/29896405/original/(m=eaAaGwObaaamqv)(mh=oT-N-rWXqtNhiak9)2.jpg;https://ei.phncdn.com/videos/202511/16/29896405/original/(m=eaAaGwObaaamqv)(mh=oT-N-rWXqtNhiak9)3.jpg;https://ei.phncdn.com/videos/202511/16/29896405/original/(m=eaAaGwObaaamqv)(mh=oT-N-rWXqtNhiak9)4.jpg;https://ei.phncdn.com/videos/202511/16/29896405/original/(m=eaAaGwObaaamqv)(mh=oT-N-rWXqtNhiak9)5.jpg;https://ei.phncdn.com/videos/202511/16/29896405/original/(m=eaAaGwObaaamqv)(mh=oT-N-rWXqtNhiak9)6.jpg;https://ei.phncdn.com/videos/202511/16/29896405/original/(m=eaAaGwObaaamqv)(mh=oT-N-rWXqtNhiak9)7.jpg;https://ei.phncdn.com/videos/202511/16/29896405/original/(m=eaAaGwObaaamqv)(mh=oT-N-rWXqtNhiak9)8.jpg;https://ei.phncdn.com/videos/202511/16/29896405/original/(m=eaAaGwObaaamqv)(mh=oT-N-rWXqtNhiak9)9.jpg;https://ei.phncdn.com/videos/202511/16/29896405/original/(m=eaAaGwObaaamqv)(mh=oT-N-rWXqtNhiak9)10.jpg;https://ei.phncdn.com/videos/202511/16/29896405/original/(m=eaAaGwObaaamqv)(mh=oT-N-rWXqtNhiak9)11.jpg;https://ei.phncdn.com/videos/202511/16/29896405/original/(m=eaAaGwObaaamqv)(mh=oT-N-rWXqtNhiak9)12.jpg;https://ei.phncdn.com/videos/202511/16/29896405/original/(m=eaAaGwObaaamqv)(mh=oT-N-rWXqtNhiak9)13.jpg;https://ei.phncdn.com/videos/202511/16/29896405/original/(m=eaAaGwObaaamqv)(mh=oT-N-rWXqtNhiak9)14.jpg;https://ei.phncdn.com/videos/202511/16/29896405/original/(m=eaAaGwObaaamqv)(mh=oT-N-rWXqtNhiak9)15.jpg;https://ei.phncdn.com/videos/202511/16/29896405/original/(m=eaAaGwObaaamqv)(mh=oT-N-rWXqtNhiak9)16.jpg
<iframe src="https://www.pornhub.com/embed/691df39082fb8" frameborder="0" height="481" width="608" scrolling="no"></iframe>|https://ei.phncdn.com/videos/202511/19/30232895/thumbs_5/(m=eaf8GgaaaWavb)(mh=le4LcNFyv2YrHjh6)16.jpg|https://ei.phncdn.com/videos/202511/19/30232895/thumbs_5/(m=eaf8GgaaaWavb)(mh=le4LcNFyv2YrHjh6)1.jpg;https://ei.phncdn.com/videos/202511/19/30232895/thumbs_5/(m=eaf8GgaaaWavb)(mh=le4LcNFyv2YrHjh6)2.jpg;https://ei.phncdn.com/videos/202511/19/30232895/thumbs_5/(m=eaf8GgaaaWavb)(mh=le4LcNFyv2YrHjh6)3.jpg;https://ei.phncdn.com/videos/202511/19/30232895/thumbs_5/(m=eaf8GgaaaWavb)(mh=le4LcNFyv2YrHjh6)4.jpg;https://ei.phncdn.com/videos/202511/19/30232895/thumbs_5/(m=eaf8GgaaaWavb)(mh=le4LcNFyv2YrHjh6)5.jpg;https://ei.phncdn.com/videos/202511/19/30232895/thumbs_5/(m=eaf8GgaaaWavb)(mh=le4LcNFyv2YrHjh6)6.jpg;https://ei.phncdn.com/videos/202511/19/30232895/thumbs_5/(m=eaf8GgaaaWavb)(mh=le4LcNFyv2YrHjh6)7.jpg;https://ei.phncdn.com/videos/202511/19/30232895/thumbs_5/(m=eaf8GgaaaWavb)(mh=le4LcNFyv2YrHjh6)8.jpg;https://ei.phncdn.com/videos/202511/19/30232895/thumbs_5/(m=eaf8GgaaaWavb)(mh=le4LcNFyv2YrHjh6)9.jpg;https://ei.phncdn.com/videos/202511/19/30232895/thumbs_5/(m=eaf8GgaaaWavb)(mh=le4LcNFyv2YrHjh6)10.jpg;https://ei.phncdn.com/videos/202511/19/30232895/thumbs_5/(m=eaf8GgaaaWavb)(mh=le4LcNFyv2YrHjh6)11.jpg;https://ei.phncdn.com/videos/202511/19/30232895/thumbs_5/(m=eaf8GgaaaWavb)(mh=le4LcNFyv2YrHjh6)12.jpg;https://ei.phncdn.com/videos/202511/19/30232895/thumbs_5/(m=eaf8GgaaaWavb)(mh=le4LcNFyv2YrHjh6)13.jpg;https://ei.phncdn.com/videos/202511/19/30232895/thumbs_5/(m=eaf8GgaaaWavb)(mh=le4LcNFyv2YrHjh6)14.jpg;https://ei.phncdn.com/videos/202511/19/30232895/thumbs_5/(m=eaf8GgaaaWavb)(mh=le4LcNFyv2YrHjh6)15.jpg;https://ei.phncdn.com/videos/202511/19/30232895/thumbs_5/(m=eaf8GgaaaWavb)(mh=le4LcNFyv2YrHjh6)16.jpg|Wendy Felony meets Producer at hotel CASTING|blonde;petite;stocking;black-lingerie;hot-tattoo-girl;casting|Casting;Exclusive;Verified Amateurs;Tattooed Women||260|484|4|0|https://ei.phncdn.com/videos/202511/19/30232895/thumbs_5/(m=eaAaGwObaaamqv)(mh=JfBaVnEHDEw9ampH)16.jpg|https://ei.phncdn.com/videos/202511/19/30232895/thumbs_5/(m=eaAaGwObaaamqv)(mh=JfBaVnEHDEw9ampH)1.jpg;https://ei.phncdn.com/videos/202511/19/30232895/thumbs_5/(m=eaAaGwObaaamqv)(mh=JfBaVnEHDEw9ampH)2.jpg;https://ei.phncdn.com/videos/202511/19/30232895/thumbs_5/(m=eaAaGwObaaamqv)(mh=JfBaVnEHDEw9ampH)3.jpg;https://ei.phncdn.com/videos/202511/19/30232895/thumbs_5/(m=eaAaGwObaaamqv)(mh=JfBaVnEHDEw9ampH)4.jpg;https://ei.phncdn.com/videos/202511/19/30232895/thumbs_5/(m=eaAaGwObaaamqv)(mh=JfBaVnEHDEw9ampH)5.jpg;https://ei.phncdn.com/videos/202511/19/30232895/thumbs_5/(m=eaAaGwObaaamqv)(mh=JfBaVnEHDEw9ampH)6.jpg;https://ei.phncdn.com/videos/202511/19/30232895/thumbs_5/(m=eaAaGwObaaamqv)(mh=JfBaVnEHDEw9ampH)7.jpg;https://ei.phncdn.com/videos/202511/19/30232895/thumbs_5/(m=eaAaGwObaaamqv)(mh=JfBaVnEHDEw9ampH)8.jpg;https://ei.phncdn.com/videos/202511/19/30232895/thumbs_5/(m=eaAaGwObaaamqv)(mh=JfBaVnEHDEw9ampH)9.jpg;https://ei.phncdn.com/videos/202511/19/30232895/thumbs_5/(m=eaAaGwObaaamqv)(mh=JfBaVnEHDEw9ampH)10.jpg;https://ei.phncdn.com/videos/202511/19/30232895/thumbs_5/(m=eaAaGwObaaamqv)(mh=JfBaVnEHDEw9ampH)11.jpg;https://ei.phncdn.com/videos/202511/19/30232895/thumbs_5/(m=eaAaGwObaaamqv)(mh=JfBaVnEHDEw9ampH)12.jpg;https://ei.phncdn.com/videos/202511/19/30232895/thumbs_5/(m=eaAaGwObaaamqv)(mh=JfBaVnEHDEw9ampH)13.jpg;https://ei.phncdn.com/videos/202511/19/30232895/thumbs_5/(m=eaAaGwObaaamqv)(mh=JfBaVnEHDEw9ampH)14.jpg;https://ei.phncdn.com/videos/202511/19/30232895/thumbs_5/(m=eaAaGwObaaamqv)(mh=JfBaVnEHDEw9ampH)15.jpg;https://ei.phncdn.com/videos/202511/19/30232895/thumbs_5/(m=eaAaGwObaaamqv)(mh=JfBaVnEHDEw9ampH)16.jpg
<iframe src="https://www.pornhub.com/embed/693868031891f" frameborder="0" height="481" width="608" scrolling="no"></iframe>|https://ei.phncdn.com/videos/202512/09/32223745/original/(m=eaf8GgaaaWavb)(mh=tBqTF6letf-6-50B)12.jpg|https://ei.phncdn.com/videos/202512/09/32223745/original/(m=eaf8GgaaaWavb)(mh=tBqTF6letf-6-50B)1.jpg;https://ei.phncdn.com/videos/202512/09/32223745/original/(m=eaf8GgaaaWavb)(mh=tBqTF6letf-6-50B)2.jpg;https://ei.phncdn.com/videos/202512/09/32223745/original/(m=eaf8GgaaaWavb)(mh=tBqTF6letf-6-50B)3.jpg;https://ei.phncdn.com/videos/202512/09/32223745/original/(m=eaf8GgaaaWavb)(mh=tBqTF6letf-6-50B)4.jpg;https://ei.phncdn.com/videos/202512/09/32223745/original/(m=eaf8GgaaaWavb)(mh=tBqTF6letf-6-50B)5.jpg;https://ei.phncdn.com/videos/202512/09/32223745/original/(m=eaf8GgaaaWavb)(mh=tBqTF6letf-6-50B)6.jpg;https://ei.phncdn.com/videos/202512/09/32223745/original/(m=eaf8GgaaaWavb)(mh=tBqTF6letf-6-50B)7.jpg;https://ei.phncdn.com/videos/202512/09/32223745/original/(m=eaf8GgaaaWavb)(mh=tBqTF6letf-6-50B)8.jpg;https://ei.phncdn.com/videos/202512/09/32223745/original/(m=eaf8GgaaaWavb)(mh=tBqTF6letf-6-50B)9.jpg;https://ei.phncdn.com/videos/202512/09/32223745/original/(m=eaf8GgaaaWavb)(mh=tBqTF6letf-6-50B)10.jpg;https://ei.phncdn.com/videos/202512/09/32223745/original/(m=eaf8GgaaaWavb)(mh=tBqTF6letf-6-50B)11.jpg;https://ei.phncdn.com/videos/202512/09/32223745/original/(m=eaf8GgaaaWavb)(mh=tBqTF6letf-6-50B)12.jpg;https://ei.phncdn.com/videos/202512/09/32223745/original/(m=eaf8GgaaaWavb)(mh=tBqTF6letf-6-50B)13.jpg;https://ei.phncdn.com/videos/202512/09/32223745/original/(m=eaf8GgaaaWavb)(mh=tBqTF6letf-6-50B)14.jpg;https://ei.phncdn.com/videos/202512/09/32223745/original/(m=eaf8GgaaaWavb)(mh=tBqTF6letf-6-50B)15.jpg;https://ei.phncdn.com/videos/202512/09/32223745/original/(m=eaf8GgaaaWavb)(mh=tBqTF6letf-6-50B)16.jpg|Big ass|bunda-grande;brady-bud|Casting;Exclusive;Verified Amateurs;Solo Female;Gaming||27|11|||https://ei.phncdn.com/videos/202512/09/32223745/original/(m=eaAaGwObaaamqv)(mh=3zcM-ADCB4972gux)12.jpg|https://ei.phncdn.com/videos/202512/09/32223745/original/(m=eaAaGwObaaamqv)(mh=3zcM-ADCB4972gux)1.jpg;https://ei.phncdn.com/videos/202512/09/32223745/original/(m=eaAaGwObaaamqv)(mh=3zcM-ADCB4972gux)2.jpg;https://ei.phncdn.com/videos/202512/09/32223745/original/(m=eaAaGwObaaamqv)(mh=3zcM-ADCB4972gux)3.jpg;https://ei.phncdn.com/videos/202512/09/32223745/original/(m=eaAaGwObaaamqv)(mh=3zcM-ADCB4972gux)4.jpg;https://ei.phncdn.com/videos/202512/09/32223745/original/(m=eaAaGwObaaamqv)(mh=3zcM-ADCB4972gux)5.jpg;https://ei.phncdn.com/videos/202512/09/32223745/original/(m=eaAaGwObaaamqv)(mh=3zcM-ADCB4972gux)6.jpg;https://ei.phncdn.com/videos/202512/09/32223745/original/(m=eaAaGwObaaamqv)(mh=3zcM-ADCB4972gux)7.jpg;https://ei.phncdn.com/videos/202512/09/32223745/original/(m=eaAaGwObaaamqv)(mh=3zcM-ADCB4972gux)8.jpg;https://ei.phncdn.com/videos/202512/09/32223745/original/(m=eaAaGwObaaamqv)(mh=3zcM-ADCB4972gux)9.jpg;https://ei.phncdn.com/videos/202512/09/32223745/original/(m=eaAaGwObaaamqv)(mh=3zcM-ADCB4972gux)10.jpg;https://ei.phncdn.com/videos/202512/09/32223745/original/(m=eaAaGwObaaamqv)(mh=3zcM-ADCB4972gux)11.jpg;https://ei.phncdn.com/videos/202512/09/32223745/original/(m=eaAaGwObaaamqv)(mh=3zcM-ADCB4972gux)12.jpg;https://ei.phncdn.com/videos/202512/09/32223745/original/(m=eaAaGwObaaamqv)(mh=3zcM-ADCB4972gux)13.jpg;https://ei.phncdn.com/videos/202512/09/32223745/original/(m=eaAaGwObaaamqv)(mh=3zcM-ADCB4972gux)14.jpg;https://ei.phncdn.com/videos/202512/09/32223745/original/(m=eaAaGwObaaamqv)(mh=3zcM-ADCB4972gux)15.jpg;https://ei.phncdn.com/videos/202512/09/32223745/original/(m=eaAaGwObaaamqv)(mh=3zcM-ADCB4972gux)16.jpg
<iframe src="https://www.pornhub.com/embed/693ac5fb5bd70" frameborder="0" height="481" width="608" scrolling="no"></iframe>|https://ei.phncdn.com/videos/202512/11/32403025/original/(m=eaf8GgaaaWavb)(mh=9SrYPhioUPWtTby_)12.jpg|https://ei.phncdn.com/videos/202512/11/32403025/original/(m=eaf8GgaaaWavb)(mh=9SrYPhioUPWtTby_)1.jpg;https://ei.phncdn.com/videos/202512/11/32403025/original/(m=eaf8GgaaaWavb)(mh=9SrYPhioUPWtTby_)2.jpg;https://ei.phncdn.com/videos/202512/11/32403025/original/(m=eaf8GgaaaWavb)(mh=9SrYPhioUPWtTby_)3.jpg;https://ei.phncdn.com/videos/202512/11/32403025/original/(m=eaf8GgaaaWavb)(mh=9SrYPhioUPWtTby_)4.jpg;https://ei.phncdn.com/videos/202512/11/32403025/original/(m=eaf8GgaaaWavb)(mh=9SrYPhioUPWtTby_)5.jpg;https://ei.phncdn.com/videos/202512/11/32403025/original/(m=eaf8GgaaaWavb)(mh=9SrYPhioUPWtTby_)6.jpg;https://ei.phncdn.com/videos/202512/11/32403025/original/(m=eaf8GgaaaWavb)(mh=9SrYPhioUPWtTby_)7.jpg;https://ei.phncdn.com/videos/202512/11/32403025/original/(m=eaf8GgaaaWavb)(mh=9SrYPhioUPWtTby_)8.jpg;https://ei.phncdn.com/videos/202512/11/32403025/original/(m=eaf8GgaaaWavb)(mh=9SrYPhioUPWtTby_)9.jpg;https://ei.phncdn.com/videos/202512/11/32403025/original/(m=eaf8GgaaaWavb)(mh=9SrYPhioUPWtTby_)10.jpg;https://ei.phncdn.com/videos/202512/11/32403025/original/(m=eaf8GgaaaWavb)(mh=9SrYPhioUPWtTby_)11.jpg;https://ei.phncdn.com/videos/202512/11/32403025/original/(m=eaf8GgaaaWavb)(mh=9SrYPhioUPWtTby_)12.jpg;https://ei.phncdn.com/videos/202512/11/32403025/original/(m=eaf8GgaaaWavb)(mh=9SrYPhioUPWtTby_)13.jpg;https://ei.phncdn.com/videos/202512/11/32403025/original/(m=eaf8GgaaaWavb)(mh=9SrYPhioUPWtTby_)14.jpg;https://ei.phncdn.com/videos/202512/11/32403025/original/(m=eaf8GgaaaWavb)(mh=9SrYPhioUPWtTby_)15.jpg;https://ei.phncdn.com/videos/202512/11/32403025/original/(m=eaf8GgaaaWavb)(mh=9SrYPhioUPWtTby_)16.jpg|Hardly objective|sqa;qa|Casting;Deepthroat||8|5|||https://ei.phncdn.com/videos/202512/11/32403025/original/(m=eaAaGwObaaamqv)(mh=tvb3F3sRVmwHj9hk)12.jpg|https://ei.phncdn.com/videos/202512/11/32403025/original/(m=eaAaGwObaaamqv)(mh=tvb3F3sRVmwHj9hk)1.jpg;https://ei.phncdn.com/videos/202512/11/32403025/original/(m=eaAaGwObaaamqv)(mh=tvb3F3sRVmwHj9hk)2.jpg;https://ei.phncdn.com/videos/202512/11/32403025/original/(m=eaAaGwObaaamqv)(mh=tvb3F3sRVmwHj9hk)3.jpg;https://ei.phncdn.com/videos/202512/11/32403025/original/(m=eaAaGwObaaamqv)(mh=tvb3F3sRVmwHj9hk)4.jpg;https://ei.phncdn.com/videos/202512/11/32403025/original/(m=eaAaGwObaaamqv)(mh=tvb3F3sRVmwHj9hk)5.jpg;https://ei.phncdn.com/videos/202512/11/32403025/original/(m=eaAaGwObaaamqv)(mh=tvb3F3sRVmwHj9hk)6.jpg;https://ei.phncdn.com/videos/202512/11/32403025/original/(m=eaAaGwObaaamqv)(mh=tvb3F3sRVmwHj9hk)7.jpg;https://ei.phncdn.com/videos/202512/11/32403025/original/(m=eaAaGwObaaamqv)(mh=tvb3F3sRVmwHj9hk)8.jpg;https://ei.phncdn.com/videos/202512/11/32403025/original/(m=eaAaGwObaaamqv)(mh=tvb3F3sRVmwHj9hk)9.jpg;https://ei.phncdn.com/videos/202512/11/32403025/original/(m=eaAaGwObaaamqv)(mh=tvb3F3sRVmwHj9hk)10.jpg;https://ei.phncdn.com/videos/202512/11/32403025/original/(m=eaAaGwObaaamqv)(mh=tvb3F3sRVmwHj9hk)11.jpg;https://ei.phncdn.com/videos/202512/11/32403025/original/(m=eaAaGwObaaamqv)(mh=tvb3F3sRVmwHj9hk)12.jpg;https://ei.phncdn.com/videos/202512/11/32403025/original/(m=eaAaGwObaaamqv)(mh=tvb3F3sRVmwHj9hk)13.jpg;https://ei.phncdn.com/videos/202512/11/32403025/original/(m=eaAaGwObaaamqv)(mh=tvb3F3sRVmwHj9hk)14.jpg;https://ei.phncdn.com/videos/202512/11/32403025/original/(m=eaAaGwObaaamqv)(mh=tvb3F3sRVmwHj9hk)15.jpg;https://ei.phncdn.com/videos/202512/11/32403025/original/(m=eaAaGwObaaamqv)(mh=tvb3F3sRVmwHj9hk)16.jpg
<iframe src="https://www.pornhub.com/embed/694881b801a75" frameborder="0" height="481" width="608" scrolling="no"></iframe>|https://ei.phncdn.com/videos/202512/21/33446675/original/(m=q_XGX00beaf8GgaaaWavb)(mh=jFk4OD3fyI5cefWh)0.jpg|https://ei.phncdn.com/videos/202512/21/33446675/original/(m=eaf8GgaaaWavb)(mh=-lyRplymRJ6hylQq)1.jpg;https://ei.phncdn.com/videos/202512/21/33446675/original/(m=eaf8GgaaaWavb)(mh=-lyRplymRJ6hylQq)2.jpg;https://ei.phncdn.com/videos/202512/21/33446675/original/(m=eaf8GgaaaWavb)(mh=-lyRplymRJ6hylQq)3.jpg;https://ei.phncdn.com/videos/202512/21/33446675/original/(m=eaf8GgaaaWavb)(mh=-lyRplymRJ6hylQq)4.jpg;https://ei.phncdn.com/videos/202512/21/33446675/original/(m=eaf8GgaaaWavb)(mh=-lyRplymRJ6hylQq)5.jpg;https://ei.phncdn.com/videos/202512/21/33446675/original/(m=eaf8GgaaaWavb)(mh=-lyRplymRJ6hylQq)6.jpg;https://ei.phncdn.com/videos/202512/21/33446675/original/(m=eaf8GgaaaWavb)(mh=-lyRplymRJ6hylQq)7.jpg;https://ei.phncdn.com/videos/202512/21/33446675/original/(m=eaf8GgaaaWavb)(mh=-lyRplymRJ6hylQq)8.jpg;https://ei.phncdn.com/videos/202512/21/33446675/original/(m=eaf8GgaaaWavb)(mh=-lyRplymRJ6hylQq)9.jpg;https://ei.phncdn.com/videos/202512/21/33446675/original/(m=eaf8GgaaaWavb)(mh=-lyRplymRJ6hylQq)10.jpg;https://ei.phncdn.com/videos/202512/21/33446675/original/(m=eaf8GgaaaWavb)(mh=-lyRplymRJ6hylQq)11.jpg;https://ei.phncdn.com/videos/202512/21/33446675/original/(m=eaf8GgaaaWavb)(mh=-lyRplymRJ6hylQq)12.jpg;https://ei.phncdn.com/videos/202512/21/33446675/original/(m=eaf8GgaaaWavb)(mh=-lyRplymRJ6hylQq)13.jpg;https://ei.phncdn.com/videos/202512/21/33446675/original/(m=eaf8GgaaaWavb)(mh=-lyRplymRJ6hylQq)14.jpg;https://ei.phncdn.com/videos/202512/21/33446675/original/(m=eaf8GgaaaWavb)(mh=-lyRplymRJ6hylQq)15.jpg;https://ei.phncdn.com/videos/202512/21/33446675/original/(m=eaf8GgaaaWavb)(mh=-lyRplymRJ6hylQq)16.jpg|CASTING #06 - BAMBI VS IL TIMIDO|casting;italian|Casting;Italian;Exclusive;Verified Models||0|69081|106|33|https://ei.phncdn.com/videos/202512/21/33446675/original/(m=q_XGX00beaAaGwObaaamqv)(mh=EQExScAyF6ib5VOz)0.jpg|https://ei.phncdn.com/videos/202512/21/33446675/original/(m=eaAaGwObaaamqv)(mh=n7VIBYxhrOC5AHCq)1.jpg;https://ei.phncdn.com/videos/202512/21/33446675/original/(m=eaAaGwObaaamqv)(mh=n7VIBYxhrOC5AHCq)2.jpg;https://ei.phncdn.com/videos/202512/21/33446675/original/(m=eaAaGwObaaamqv)(mh=n7VIBYxhrOC5AHCq)3.jpg;https://ei.phncdn.com/videos/202512/21/33446675/original/(m=eaAaGwObaaamqv)(mh=n7VIBYxhrOC5AHCq)4.jpg;https://ei.phncdn.com/videos/202512/21/33446675/original/(m=eaAaGwObaaamqv)(mh=n7VIBYxhrOC5AHCq)5.jpg;https://ei.phncdn.com/videos/202512/21/33446675/original/(m=eaAaGwObaaamqv)(mh=n7VIBYxhrOC5AHCq)6.jpg;https://ei.phncdn.com/videos/202512/21/33446675/original/(m=eaAaGwObaaamqv)(mh=n7VIBYxhrOC5AHCq)7.jpg;https://ei.phncdn.com/videos/202512/21/33446675/original/(m=eaAaGwObaaamqv)(mh=n7VIBYxhrOC5AHCq)8.jpg;https://ei.phncdn.com/videos/202512/21/33446675/original/(m=eaAaGwObaaamqv)(mh=n7VIBYxhrOC5AHCq)9.jpg;https://ei.phncdn.com/videos/202512/21/33446675/original/(m=eaAaGwObaaamqv)(mh=n7VIBYxhrOC5AHCq)10.jpg;https://ei.phncdn.com/videos/202512/21/33446675/original/(m=eaAaGwObaaamqv)(mh=n7VIBYxhrOC5AHCq)11.jpg;https://ei.phncdn.com/videos/202512/21/33446675/original/(m=eaAaGwObaaamqv)(mh=n7VIBYxhrOC5AHCq)12.jpg;https://ei.phncdn.com/videos/202512/21/33446675/original/(m=eaAaGwObaaamqv)(mh=n7VIBYxhrOC5AHCq)13.jpg;https://ei.phncdn.com/videos/202512/21/33446675/original/(m=eaAaGwObaaamqv)(mh=n7VIBYxhrOC5AHCq)14.jpg;https://ei.phncdn.com/videos/202512/21/33446675/original/(m=eaAaGwObaaamqv)(mh=n7VIBYxhrOC5AHCq)15.jpg;https://ei.phncdn.com/videos/202512/21/33446675/original/(m=eaAaGwObaaamqv)(mh=n7VIBYxhrOC5AHCq)16.jpg
<iframe src="https://www.pornhub.com/embed/69527ddeedfcf" frameborder="0" height="481" width="608" scrolling="no"></iframe>|https://ei.phncdn.com/videos/202512/29/34184145/original/(m=eaf8GgaaaWavb)(mh=qO__DHLJ-OhTAgZ-)12.jpg|https://ei.phncdn.com/videos/202512/29/34184145/original/(m=eaf8GgaaaWavb)(mh=qO__DHLJ-OhTAgZ-)1.jpg;https://ei.phncdn.com/videos/202512/29/34184145/original/(m=eaf8GgaaaWavb)(mh=qO__DHLJ-OhTAgZ-)2.jpg;https://ei.phncdn.com/videos/202512/29/34184145/original/(m=eaf8GgaaaWavb)(mh=qO__DHLJ-OhTAgZ-)3.jpg;https://ei.phncdn.com/videos/202512/29/34184145/original/(m=eaf8GgaaaWavb)(mh=qO__DHLJ-OhTAgZ-)4.jpg;https://ei.phncdn.com/videos/202512/29/34184145/original/(m=eaf8GgaaaWavb)(mh=qO__DHLJ-OhTAgZ-)5.jpg;https://ei.phncdn.com/videos/202512/29/34184145/original/(m=eaf8GgaaaWavb)(mh=qO__DHLJ-OhTAgZ-)6.jpg;https://ei.phncdn.com/videos/202512/29/34184145/original/(m=eaf8GgaaaWavb)(mh=qO__DHLJ-OhTAgZ-)7.jpg;https://ei.phncdn.com/videos/202512/29/34184145/original/(m=eaf8GgaaaWavb)(mh=qO__DHLJ-OhTAgZ-)8.jpg;https://ei.phncdn.com/videos/202512/29/34184145/original/(m=eaf8GgaaaWavb)(mh=qO__DHLJ-OhTAgZ-)9.jpg;https://ei.phncdn.com/videos/202512/29/34184145/original/(m=eaf8GgaaaWavb)(mh=qO__DHLJ-OhTAgZ-)10.jpg;https://ei.phncdn.com/videos/202512/29/34184145/original/(m=eaf8GgaaaWavb)(mh=qO__DHLJ-OhTAgZ-)11.jpg;https://ei.phncdn.com/videos/202512/29/34184145/original/(m=eaf8GgaaaWavb)(mh=qO__DHLJ-OhTAgZ-)12.jpg;https://ei.phncdn.com/videos/202512/29/34184145/original/(m=eaf8GgaaaWavb)(mh=qO__DHLJ-OhTAgZ-)13.jpg;https://ei.phncdn.com/videos/202512/29/34184145/original/(m=eaf8GgaaaWavb)(mh=qO__DHLJ-OhTAgZ-)14.jpg;https://ei.phncdn.com/videos/202512/29/34184145/original/(m=eaf8GgaaaWavb)(mh=qO__DHLJ-OhTAgZ-)15.jpg;https://ei.phncdn.com/videos/202512/29/34184145/original/(m=eaf8GgaaaWavb)(mh=qO__DHLJ-OhTAgZ-)16.jpg|how is this cock|big-cock;hot-sex;caught-masturbating|Casting;Solo Male;Exclusive;Verified Amateurs;Muscular Men||31|8|||https://ei.phncdn.com/videos/202512/29/34184145/original/(m=eaAaGwObaaamqv)(mh=0JDh1j5kI1ykR8jA)12.jpg|https://ei.phncdn.com/videos/202512/29/34184145/original/(m=eaAaGwObaaamqv)(mh=0JDh1j5kI1ykR8jA)1.jpg;https://ei.phncdn.com/videos/202512/29/34184145/original/(m=eaAaGwObaaamqv)(mh=0JDh1j5kI1ykR8jA)2.jpg;https://ei.phncdn.com/videos/202512/29/34184145/original/(m=eaAaGwObaaamqv)(mh=0JDh1j5kI1ykR8jA)3.jpg;https://ei.phncdn.com/videos/202512/29/34184145/original/(m=eaAaGwObaaamqv)(mh=0JDh1j5kI1ykR8jA)4.jpg;https://ei.phncdn.com/videos/202512/29/34184145/original/(m=eaAaGwObaaamqv)(mh=0JDh1j5kI1ykR8jA)5.jpg;https://ei.phncdn.com/videos/202512/29/34184145/original/(m=eaAaGwObaaamqv)(mh=0JDh1j5kI1ykR8jA)6.jpg;https://ei.phncdn.com/videos/202512/29/34184145/original/(m=eaAaGwObaaamqv)(mh=0JDh1j5kI1ykR8jA)7.jpg;https://ei.phncdn.com/videos/202512/29/34184145/original/(m=eaAaGwObaaamqv)(mh=0JDh1j5kI1ykR8jA)8.jpg;https://ei.phncdn.com/videos/202512/29/34184145/original/(m=eaAaGwObaaamqv)(mh=0JDh1j5kI1ykR8jA)9.jpg;https://ei.phncdn.com/videos/202512/29/34184145/original/(m=eaAaGwObaaamqv)(mh=0JDh1j5kI1ykR8jA)10.jpg;https://ei.phncdn.com/videos/202512/29/34184145/original/(m=eaAaGwObaaamqv)(mh=0JDh1j5kI1ykR8jA)11.jpg;https://ei.phncdn.com/videos/202512/29/34184145/original/(m=eaAaGwObaaamqv)(mh=0JDh1j5kI1ykR8jA)12.jpg;https://ei.phncdn.com/videos/202512/29/34184145/original/(m=eaAaGwObaaamqv)(mh=0JDh1j5kI1ykR8jA)13.jpg;https://ei.phncdn.com/videos/202512/29/34184145/original/(m=eaAaGwObaaamqv)(mh=0JDh1j5kI1ykR8jA)14.jpg;https://ei.phncdn.com/videos/202512/29/34184145/original/(m=eaAaGwObaaamqv)(mh=0JDh1j5kI1ykR8jA)15.jpg;https://ei.phncdn.com/videos/202512/29/34184145/original/(m=eaAaGwObaaamqv)(mh=0JDh1j5kI1ykR8jA)16.jpg
<iframe src="https://www.pornhub.com/embed/697b833771a37" frameborder="0" height="481" width="608" scrolling="no"></iframe>|https://ei.phncdn.com/videos/202601/29/37772305/original/(m=eaf8GgaaaWavb)(mh=tS7otqORMWzTge3p)12.jpg|https://ei.phncdn.com/videos/202601/29/37772305/original/(m=eaf8GgaaaWavb)(mh=tS7otqORMWzTge3p)1.jpg;https://ei.phncdn.com/videos/202601/29/37772305/original/(m=eaf8GgaaaWavb)(mh=tS7otqORMWzTge3p)2.jpg;https://ei.phncdn.com/videos/202601/29/37772305/original/(m=eaf8GgaaaWavb)(mh=tS7otqORMWzTge3p)3.jpg;https://ei.phncdn.com/videos/202601/29/37772305/original/(m=eaf8GgaaaWavb)(mh=tS7otqORMWzTge3p)4.jpg;https://ei.phncdn.com/videos/202601/29/37772305/original/(m=eaf8GgaaaWavb)(mh=tS7otqORMWzTge3p)5.jpg;https://ei.phncdn.com/videos/202601/29/37772305/original/(m=eaf8GgaaaWavb)(mh=tS7otqORMWzTge3p)6.jpg;https://ei.phncdn.com/videos/202601/29/37772305/original/(m=eaf8GgaaaWavb)(mh=tS7otqORMWzTge3p)7.jpg;https://ei.phncdn.com/videos/202601/29/37772305/original/(m=eaf8GgaaaWavb)(mh=tS7otqORMWzTge3p)8.jpg;https://ei.phncdn.com/videos/202601/29/37772305/original/(m=eaf8GgaaaWavb)(mh=tS7otqORMWzTge3p)9.jpg;https://ei.phncdn.com/videos/202601/29/37772305/original/(m=eaf8GgaaaWavb)(mh=tS7otqORMWzTge3p)10.jpg;https://ei.phncdn.com/videos/202601/29/37772305/original/(m=eaf8GgaaaWavb)(mh=tS7otqORMWzTge3p)11.jpg;https://ei.phncdn.com/videos/202601/29/37772305/original/(m=eaf8GgaaaWavb)(mh=tS7otqORMWzTge3p)12.jpg;https://ei.phncdn.com/videos/202601/29/37772305/original/(m=eaf8GgaaaWavb)(mh=tS7otqORMWzTge3p)13.jpg;https://ei.phncdn.com/videos/202601/29/37772305/original/(m=eaf8GgaaaWavb)(mh=tS7otqORMWzTge3p)14.jpg;https://ei.phncdn.com/videos/202601/29/37772305/original/(m=eaf8GgaaaWavb)(mh=tS7otqORMWzTge3p)15.jpg;https://ei.phncdn.com/videos/202601/29/37772305/original/(m=eaf8GgaaaWavb)(mh=tS7otqORMWzTge3p)16.jpg|Erosmassgrey 🇮🇹|italian;mature-milf|Casting;Solo Male;Italian;Exclusive;Verified Amateurs||36|4|||https://ei.phncdn.com/videos/202601/29/37772305/original/(m=eaAaGwObaaamqv)(mh=JfSHxFRsr22BV8SY)12.jpg|https://ei.phncdn.com/videos/202601/29/37772305/original/(m=eaAaGwObaaamqv)(mh=JfSHxFRsr22BV8SY)1.jpg;https://ei.phncdn.com/videos/202601/29/37772305/original/(m=eaAaGwObaaamqv)(mh=JfSHxFRsr22BV8SY)2.jpg;https://ei.phncdn.com/videos/202601/29/37772305/original/(m=eaAaGwObaaamqv)(mh=JfSHxFRsr22BV8SY)3.jpg;https://ei.phncdn.com/videos/202601/29/37772305/original/(m=eaAaGwObaaamqv)(mh=JfSHxFRsr22BV8SY)4.jpg;https://ei.phncdn.com/videos/202601/29/37772305/original/(m=eaAaGwObaaamqv)(mh=JfSHxFRsr22BV8SY)5.jpg;https://ei.phncdn.com/videos/202601/29/37772305/original/(m=eaAaGwObaaamqv)(mh=JfSHxFRsr22BV8SY)6.jpg;https://ei.phncdn.com/videos/202601/29/37772305/original/(m=eaAaGwObaaamqv)(mh=JfSHxFRsr22BV8SY)7.jpg;https://ei.phncdn.com/videos/202601/29/37772305/original/(m=eaAaGwObaaamqv)(mh=JfSHxFRsr22BV8SY)8.jpg;https://ei.phncdn.com/videos/202601/29/37772305/original/(m=eaAaGwObaaamqv)(mh=JfSHxFRsr22BV8SY)9.jpg;https://ei.phncdn.com/videos/202601/29/37772305/original/(m=eaAaGwObaaamqv)(mh=JfSHxFRsr22BV8SY)10.jpg;https://ei.phncdn.com/videos/202601/29/37772305/original/(m=eaAaGwObaaamqv)(mh=JfSHxFRsr22BV8SY)11.jpg;https://ei.phncdn.com/videos/202601/29/37772305/original/(m=eaAaGwObaaamqv)(mh=JfSHxFRsr22BV8SY)12.jpg;https://ei.phncdn.com/videos/202601/29/37772305/original/(m=eaAaGwObaaamqv)(mh=JfSHxFRsr22BV8SY)13.jpg;https://ei.phncdn.com/videos/202601/29/37772305/original/(m=eaAaGwObaaamqv)(mh=JfSHxFRsr22BV8SY)14.jpg;https://ei.phncdn.com/videos/202601/29/37772305/original/(m=eaAaGwObaaamqv)(mh=JfSHxFRsr22BV8SY)15.jpg;https://ei.phncdn.com/videos/202601/29/37772305/original/(m=eaAaGwObaaamqv)(mh=JfSHxFRsr22BV8SY)16.jpg
<iframe src="https://www.pornhub.com/embed/6982cdb25d6a8" frameborder="0" height="481" width="608" scrolling="no"></iframe>|https://ei.phncdn.com/videos/202602/04/38301165/original/(m=eaf8GgaaaWavb)(mh=Yq5f7OGaQjPoDGxW)12.jpg|https://ei.phncdn.com/videos/202602/04/38301165/original/(m=eaf8GgaaaWavb)(mh=Yq5f7OGaQjPoDGxW)1.jpg;https://ei.phncdn.com/videos/202602/04/38301165/original/(m=eaf8GgaaaWavb)(mh=Yq5f7OGaQjPoDGxW)2.jpg;https://ei.phncdn.com/videos/202602/04/38301165/original/(m=eaf8GgaaaWavb)(mh=Yq5f7OGaQjPoDGxW)3.jpg;https://ei.phncdn.com/videos/202602/04/38301165/original/(m=eaf8GgaaaWavb)(mh=Yq5f7OGaQjPoDGxW)4.jpg;https://ei.phncdn.com/videos/202602/04/38301165/original/(m=eaf8GgaaaWavb)(mh=Yq5f7OGaQjPoDGxW)5.jpg;https://ei.phncdn.com/videos/202602/04/38301165/original/(m=eaf8GgaaaWavb)(mh=Yq5f7OGaQjPoDGxW)6.jpg;https://ei.phncdn.com/videos/202602/04/38301165/original/(m=eaf8GgaaaWavb)(mh=Yq5f7OGaQjPoDGxW)7.jpg;https://ei.phncdn.com/videos/202602/04/38301165/original/(m=eaf8GgaaaWavb)(mh=Yq5f7OGaQjPoDGxW)8.jpg;https://ei.phncdn.com/videos/202602/04/38301165/original/(m=eaf8GgaaaWavb)(mh=Yq5f7OGaQjPoDGxW)9.jpg;https://ei.phncdn.com/videos/202602/04/38301165/original/(m=eaf8GgaaaWavb)(mh=Yq5f7OGaQjPoDGxW)10.jpg;https://ei.phncdn.com/videos/202602/04/38301165/original/(m=eaf8GgaaaWavb)(mh=Yq5f7OGaQjPoDGxW)11.jpg;https://ei.phncdn.com/videos/202602/04/38301165/original/(m=eaf8GgaaaWavb)(mh=Yq5f7OGaQjPoDGxW)12.jpg;https://ei.phncdn.com/videos/202602/04/38301165/original/(m=eaf8GgaaaWavb)(mh=Yq5f7OGaQjPoDGxW)13.jpg;https://ei.phncdn.com/videos/202602/04/38301165/original/(m=eaf8GgaaaWavb)(mh=Yq5f7OGaQjPoDGxW)14.jpg;https://ei.phncdn.com/videos/202602/04/38301165/original/(m=eaf8GgaaaWavb)(mh=Yq5f7OGaQjPoDGxW)15.jpg;https://ei.phncdn.com/videos/202602/04/38301165/original/(m=eaf8GgaaaWavb)(mh=Yq5f7OGaQjPoDGxW)16.jpg|Hard Problems, Easy Solutions - Math Lec Part 05|math;math-teacher;mature|Casting;Solo Male;Verified Amateurs;Behind The Scenes;Reaction||125|3307|||https://ei.phncdn.com/videos/202602/04/38301165/original/(m=eaAaGwObaaamqv)(mh=Vtc7PFsT-iWmTrGa)12.jpg|https://ei.phncdn.com/videos/202602/04/38301165/original/(m=eaAaGwObaaamqv)(mh=Vtc7PFsT-iWmTrGa)1.jpg;https://ei.phncdn.com/videos/202602/04/38301165/original/(m=eaAaGwObaaamqv)(mh=Vtc7PFsT-iWmTrGa)2.jpg;https://ei.phncdn.com/videos/202602/04/38301165/original/(m=eaAaGwObaaamqv)(mh=Vtc7PFsT-iWmTrGa)3.jpg;https://ei.phncdn.com/videos/202602/04/38301165/original/(m=eaAaGwObaaamqv)(mh=Vtc7PFsT-iWmTrGa)4.jpg;https://ei.phncdn.com/videos/202602/04/38301165/original/(m=eaAaGwObaaamqv)(mh=Vtc7PFsT-iWmTrGa)5.jpg;https://ei.phncdn.com/videos/202602/04/38301165/original/(m=eaAaGwObaaamqv)(mh=Vtc7PFsT-iWmTrGa)6.jpg;https://ei.phncdn.com/videos/202602/04/38301165/original/(m=eaAaGwObaaamqv)(mh=Vtc7PFsT-iWmTrGa)7.jpg;https://ei.phncdn.com/videos/202602/04/38301165/original/(m=eaAaGwObaaamqv)(mh=Vtc7PFsT-iWmTrGa)8.jpg;https://ei.phncdn.com/videos/202602/04/38301165/original/(m=eaAaGwObaaamqv)(mh=Vtc7PFsT-iWmTrGa)9.jpg;https://ei.phncdn.com/videos/202602/04/38301165/original/(m=eaAaGwObaaamqv)(mh=Vtc7PFsT-iWmTrGa)10.jpg;https://ei.phncdn.com/videos/202602/04/38301165/original/(m=eaAaGwObaaamqv)(mh=Vtc7PFsT-iWmTrGa)11.jpg;https://ei.phncdn.com/videos/202602/04/38301165/original/(m=eaAaGwObaaamqv)(mh=Vtc7PFsT-iWmTrGa)12.jpg;https://ei.phncdn.com/videos/202602/04/38301165/original/(m=eaAaGwObaaamqv)(mh=Vtc7PFsT-iWmTrGa)13.jpg;https://ei.phncdn.com/videos/202602/04/38301165/original/(m=eaAaGwObaaamqv)(mh=Vtc7PFsT-iWmTrGa)14.jpg;https://ei.phncdn.com/videos/202602/04/38301165/original/(m=eaAaGwObaaamqv)(mh=Vtc7PFsT-iWmTrGa)15.jpg;https://ei.phncdn.com/videos/202602/04/38301165/original/(m=eaAaGwObaaamqv)(mh=Vtc7PFsT-iWmTrGa)16.jpg
<iframe src="https://www.pornhub.com/embed/6984139d14abd" frameborder="0" height="481" width="608" scrolling="no"></iframe>|https://ei.phncdn.com/videos/202602/05/38393175/original/(m=eaf8GgaaaWavb)(mh=1ZR7L_RBGw9ot6U-)6.jpg|https://ei.phncdn.com/videos/202602/05/38393175/original/(m=eaf8GgaaaWavb)(mh=1ZR7L_RBGw9ot6U-)1.jpg;https://ei.phncdn.com/videos/202602/05/38393175/original/(m=eaf8GgaaaWavb)(mh=1ZR7L_RBGw9ot6U-)2.jpg;https://ei.phncdn.com/videos/202602/05/38393175/original/(m=eaf8GgaaaWavb)(mh=1ZR7L_RBGw9ot6U-)3.jpg;https://ei.phncdn.com/videos/202602/05/38393175/original/(m=eaf8GgaaaWavb)(mh=1ZR7L_RBGw9ot6U-)4.jpg;https://ei.phncdn.com/videos/202602/05/38393175/original/(m=eaf8GgaaaWavb)(mh=1ZR7L_RBGw9ot6U-)5.jpg;https://ei.phncdn.com/videos/202602/05/38393175/original/(m=eaf8GgaaaWavb)(mh=1ZR7L_RBGw9ot6U-)6.jpg;https://ei.phncdn.com/videos/202602/05/38393175/original/(m=eaf8GgaaaWavb)(mh=1ZR7L_RBGw9ot6U-)7.jpg;https://ei.phncdn.com/videos/202602/05/38393175/original/(m=eaf8GgaaaWavb)(mh=1ZR7L_RBGw9ot6U-)8.jpg;https://ei.phncdn.com/videos/202602/05/38393175/original/(m=eaf8GgaaaWavb)(mh=1ZR7L_RBGw9ot6U-)9.jpg;https://ei.phncdn.com/videos/202602/05/38393175/original/(m=eaf8GgaaaWavb)(mh=1ZR7L_RBGw9ot6U-)10.jpg;https://ei.phncdn.com/videos/202602/05/38393175/original/(m=eaf8GgaaaWavb)(mh=1ZR7L_RBGw9ot6U-)11.jpg;https://ei.phncdn.com/videos/202602/05/38393175/original/(m=eaf8GgaaaWavb)(mh=1ZR7L_RBGw9ot6U-)12.jpg;https://ei.phncdn.com/videos/202602/05/38393175/original/(m=eaf8GgaaaWavb)(mh=1ZR7L_RBGw9ot6U-)13.jpg;https://ei.phncdn.com/videos/202602/05/38393175/original/(m=eaf8GgaaaWavb)(mh=1ZR7L_RBGw9ot6U-)14.jpg;https://ei.phncdn.com/videos/202602/05/38393175/original/(m=eaf8GgaaaWavb)(mh=1ZR7L_RBGw9ot6U-)15.jpg;https://ei.phncdn.com/videos/202602/05/38393175/original/(m=eaf8GgaaaWavb)(mh=1ZR7L_RBGw9ot6U-)16.jpg|Cozy Cabin Getaway: She Won’t Stop Until I Cum TWICE|pov;handjob;edging;petite;big-cock;big-dick;small-boobs;milf;fast-handjob;cumshot;amateur-couple;amateur;milf-amateur;foot-job;foot-fetish;cute|Casting;Exclusive;Verified Amateurs;Romantic||429|23298|49|14|https://ei.phncdn.com/videos/202602/05/38393175/original/(m=eaAaGwObaaamqv)(mh=OvdTgUcf4PcGg1RQ)6.jpg|https://ei.phncdn.com/videos/202602/05/38393175/original/(m=eaAaGwObaaamqv)(mh=OvdTgUcf4PcGg1RQ)1.jpg;https://ei.phncdn.com/videos/202602/05/38393175/original/(m=eaAaGwObaaamqv)(mh=OvdTgUcf4PcGg1RQ)2.jpg;https://ei.phncdn.com/videos/202602/05/38393175/original/(m=eaAaGwObaaamqv)(mh=OvdTgUcf4PcGg1RQ)3.jpg;https://ei.phncdn.com/videos/202602/05/38393175/original/(m=eaAaGwObaaamqv)(mh=OvdTgUcf4PcGg1RQ)4.jpg;https://ei.phncdn.com/videos/202602/05/38393175/original/(m=eaAaGwObaaamqv)(mh=OvdTgUcf4PcGg1RQ)5.jpg;https://ei.phncdn.com/videos/202602/05/38393175/original/(m=eaAaGwObaaamqv)(mh=OvdTgUcf4PcGg1RQ)6.jpg;https://ei.phncdn.com/videos/202602/05/38393175/original/(m=eaAaGwObaaamqv)(mh=OvdTgUcf4PcGg1RQ)7.jpg;https://ei.phncdn.com/videos/202602/05/38393175/original/(m=eaAaGwObaaamqv)(mh=OvdTgUcf4PcGg1RQ)8.jpg;https://ei.phncdn.com/videos/202602/05/38393175/original/(m=eaAaGwObaaamqv)(mh=OvdTgUcf4PcGg1RQ)9.jpg;https://ei.phncdn.com/videos/202602/05/38393175/original/(m=eaAaGwObaaamqv)(mh=OvdTgUcf4PcGg1RQ)10.jpg;https://ei.phncdn.com/videos/202602/05/38393175/original/(m=eaAaGwObaaamqv)(mh=OvdTgUcf4PcGg1RQ)11.jpg;https://ei.phncdn.com/videos/202602/05/38393175/original/(m=eaAaGwObaaamqv)(mh=OvdTgUcf4PcGg1RQ)12.jpg;https://ei.phncdn.com/videos/202602/05/38393175/original/(m=eaAaGwObaaamqv)(mh=OvdTgUcf4PcGg1RQ)13.jpg;https://ei.phncdn.com/videos/202602/05/38393175/original/(m=eaAaGwObaaamqv)(mh=OvdTgUcf4PcGg1RQ)14.jpg;https://ei.phncdn.com/videos/202602/05/38393175/original/(m=eaAaGwObaaamqv)(mh=OvdTgUcf4PcGg1RQ)15.jpg;https://ei.phncdn.com/videos/202602/05/38393175/original/(m=eaAaGwObaaamqv)(mh=OvdTgUcf4PcGg1RQ)16.jpg
<iframe src="https://www.pornhub.com/embed/698418bc8ad1d" frameborder="0" height="481" width="608" scrolling="no"></iframe>|https://ei.phncdn.com/videos/202602/05/38394725/original/(m=eaf8GgaaaWavb)(mh=N01bMU10RRNhylUn)12.jpg|https://ei.phncdn.com/videos/202602/05/38394725/original/(m=eaf8GgaaaWavb)(mh=N01bMU10RRNhylUn)1.jpg;https://ei.phncdn.com/videos/202602/05/38394725/original/(m=eaf8GgaaaWavb)(mh=N01bMU10RRNhylUn)2.jpg;https://ei.phncdn.com/videos/202602/05/38394725/original/(m=eaf8GgaaaWavb)(mh=N01bMU10RRNhylUn)3.jpg;https://ei.phncdn.com/videos/202602/05/38394725/original/(m=eaf8GgaaaWavb)(mh=N01bMU10RRNhylUn)4.jpg;https://ei.phncdn.com/videos/202602/05/38394725/original/(m=eaf8GgaaaWavb)(mh=N01bMU10RRNhylUn)5.jpg;https://ei.phncdn.com/videos/202602/05/38394725/original/(m=eaf8GgaaaWavb)(mh=N01bMU10RRNhylUn)6.jpg;https://ei.phncdn.com/videos/202602/05/38394725/original/(m=eaf8GgaaaWavb)(mh=N01bMU10RRNhylUn)7.jpg;https://ei.phncdn.com/videos/202602/05/38394725/original/(m=eaf8GgaaaWavb)(mh=N01bMU10RRNhylUn)8.jpg;https://ei.phncdn.com/videos/202602/05/38394725/original/(m=eaf8GgaaaWavb)(mh=N01bMU10RRNhylUn)9.jpg;https://ei.phncdn.com/videos/202602/05/38394725/original/(m=eaf8GgaaaWavb)(mh=N01bMU10RRNhylUn)10.jpg;https://ei.phncdn.com/videos/202602/05/38394725/original/(m=eaf8GgaaaWavb)(mh=N01bMU10RRNhylUn)11.jpg;https://ei.phncdn.com/videos/202602/05/38394725/original/(m=eaf8GgaaaWavb)(mh=N01bMU10RRNhylUn)12.jpg;https://ei.phncdn.com/videos/202602/05/38394725/original/(m=eaf8GgaaaWavb)(mh=N01bMU10RRNhylUn)13.jpg;https://ei.phncdn.com/videos/202602/05/38394725/original/(m=eaf8GgaaaWavb)(mh=N01bMU10RRNhylUn)14.jpg;https://ei.phncdn.com/videos/202602/05/38394725/original/(m=eaf8GgaaaWavb)(mh=N01bMU10RRNhylUn)15.jpg;https://ei.phncdn.com/videos/202602/05/38394725/original/(m=eaf8GgaaaWavb)(mh=N01bMU10RRNhylUn)16.jpg|Fetish games - fancentro for full clip|bdsm;fetish;games;dirty-talk-joi;femdom-mistress;findom;goddess|Casting;Verified Amateurs;Behind The Scenes;Solo Female||8|7|||https://ei.phncdn.com/videos/202602/05/38394725/original/(m=eaAaGwObaaamqv)(mh=dmL__fU-vbMKa_nX)12.jpg|https://ei.phncdn.com/videos/202602/05/38394725/original/(m=eaAaGwObaaamqv)(mh=dmL__fU-vbMKa_nX)1.jpg;https://ei.phncdn.com/videos/202602/05/38394725/original/(m=eaAaGwObaaamqv)(mh=dmL__fU-vbMKa_nX)2.jpg;https://ei.phncdn.com/videos/202602/05/38394725/original/(m=eaAaGwObaaamqv)(mh=dmL__fU-vbMKa_nX)3.jpg;https://ei.phncdn.com/videos/202602/05/38394725/original/(m=eaAaGwObaaamqv)(mh=dmL__fU-vbMKa_nX)4.jpg;https://ei.phncdn.com/videos/202602/05/38394725/original/(m=eaAaGwObaaamqv)(mh=dmL__fU-vbMKa_nX)5.jpg;https://ei.phncdn.com/videos/202602/05/38394725/original/(m=eaAaGwObaaamqv)(mh=dmL__fU-vbMKa_nX)6.jpg;https://ei.phncdn.com/videos/202602/05/38394725/original/(m=eaAaGwObaaamqv)(mh=dmL__fU-vbMKa_nX)7.jpg;https://ei.phncdn.com/videos/202602/05/38394725/original/(m=eaAaGwObaaamqv)(mh=dmL__fU-vbMKa_nX)8.jpg;https://ei.phncdn.com/videos/202602/05/38394725/original/(m=eaAaGwObaaamqv)(mh=dmL__fU-vbMKa_nX)9.jpg;https://ei.phncdn.com/videos/202602/05/38394725/original/(m=eaAaGwObaaamqv)(mh=dmL__fU-vbMKa_nX)10.jpg;https://ei.phncdn.com/videos/202602/05/38394725/original/(m=eaAaGwObaaamqv)(mh=dmL__fU-vbMKa_nX)11.jpg;https://ei.phncdn.com/videos/202602/05/38394725/original/(m=eaAaGwObaaamqv)(mh=dmL__fU-vbMKa_nX)12.jpg;https://ei.phncdn.com/videos/202602/05/38394725/original/(m=eaAaGwObaaamqv)(mh=dmL__fU-vbMKa_nX)13.jpg;https://ei.phncdn.com/videos/202602/05/38394725/original/(m=eaAaGwObaaamqv)(mh=dmL__fU-vbMKa_nX)14.jpg;https://ei.phncdn.com/videos/202602/05/38394725/original/(m=eaAaGwObaaamqv)(mh=dmL__fU-vbMKa_nX)15.jpg;https://ei.phncdn.com/videos/202602/05/38394725/original/(m=eaAaGwObaaamqv)(mh=dmL__fU-vbMKa_nX)16.jpg
<iframe src="https://www.pornhub.com/embed/69850535a2219" frameborder="0" height="481" width="608" scrolling="no"></iframe>|https://ei.phncdn.com/videos/202602/05/38477755/original/(m=eaf8GgaaaWavb)(mh=13OvX4kraZ3QbVC_)12.jpg|https://ei.phncdn.com/videos/202602/05/38477755/original/(m=eaf8GgaaaWavb)(mh=13OvX4kraZ3QbVC_)1.jpg;https://ei.phncdn.com/videos/202602/05/38477755/original/(m=eaf8GgaaaWavb)(mh=13OvX4kraZ3QbVC_)2.jpg;https://ei.phncdn.com/videos/202602/05/38477755/original/(m=eaf8GgaaaWavb)(mh=13OvX4kraZ3QbVC_)3.jpg;https://ei.phncdn.com/videos/202602/05/38477755/original/(m=eaf8GgaaaWavb)(mh=13OvX4kraZ3QbVC_)4.jpg;https://ei.phncdn.com/videos/202602/05/38477755/original/(m=eaf8GgaaaWavb)(mh=13OvX4kraZ3QbVC_)5.jpg;https://ei.phncdn.com/videos/202602/05/38477755/original/(m=eaf8GgaaaWavb)(mh=13OvX4kraZ3QbVC_)6.jpg;https://ei.phncdn.com/videos/202602/05/38477755/original/(m=eaf8GgaaaWavb)(mh=13OvX4kraZ3QbVC_)7.jpg;https://ei.phncdn.com/videos/202602/05/38477755/original/(m=eaf8GgaaaWavb)(mh=13OvX4kraZ3QbVC_)8.jpg;https://ei.phncdn.com/videos/202602/05/38477755/original/(m=eaf8GgaaaWavb)(mh=13OvX4kraZ3QbVC_)9.jpg;https://ei.phncdn.com/videos/202602/05/38477755/original/(m=eaf8GgaaaWavb)(mh=13OvX4kraZ3QbVC_)10.jpg;https://ei.phncdn.com/videos/202602/05/38477755/original/(m=eaf8GgaaaWavb)(mh=13OvX4kraZ3QbVC_)11.jpg;https://ei.phncdn.com/videos/202602/05/38477755/original/(m=eaf8GgaaaWavb)(mh=13OvX4kraZ3QbVC_)12.jpg;https://ei.phncdn.com/videos/202602/05/38477755/original/(m=eaf8GgaaaWavb)(mh=13OvX4kraZ3QbVC_)13.jpg;https://ei.phncdn.com/videos/202602/05/38477755/original/(m=eaf8GgaaaWavb)(mh=13OvX4kraZ3QbVC_)14.jpg;https://ei.phncdn.com/videos/202602/05/38477755/original/(m=eaf8GgaaaWavb)(mh=13OvX4kraZ3QbVC_)15.jpg;https://ei.phncdn.com/videos/202602/05/38477755/original/(m=eaf8GgaaaWavb)(mh=13OvX4kraZ3QbVC_)16.jpg|Ride me|bigcock;bigdick|Casting;Solo Male;Exclusive;Verified Amateurs;Behind The Scenes||12|8|1|0|https://ei.phncdn.com/videos/202602/05/38477755/original/(m=eaAaGwObaaamqv)(mh=TlJaqcjPUoeWvfyO)12.jpg|https://ei.phncdn.com/videos/202602/05/38477755/original/(m=eaAaGwObaaamqv)(mh=TlJaqcjPUoeWvfyO)1.jpg;https://ei.phncdn.com/videos/202602/05/38477755/original/(m=eaAaGwObaaamqv)(mh=TlJaqcjPUoeWvfyO)2.jpg;https://ei.phncdn.com/videos/202602/05/38477755/original/(m=eaAaGwObaaamqv)(mh=TlJaqcjPUoeWvfyO)3.jpg;https://ei.phncdn.com/videos/202602/05/38477755/original/(m=eaAaGwObaaamqv)(mh=TlJaqcjPUoeWvfyO)4.jpg;https://ei.phncdn.com/videos/202602/05/38477755/original/(m=eaAaGwObaaamqv)(mh=TlJaqcjPUoeWvfyO)5.jpg;https://ei.phncdn.com/videos/202602/05/38477755/original/(m=eaAaGwObaaamqv)(mh=TlJaqcjPUoeWvfyO)6.jpg;https://ei.phncdn.com/videos/202602/05/38477755/original/(m=eaAaGwObaaamqv)(mh=TlJaqcjPUoeWvfyO)7.jpg;https://ei.phncdn.com/videos/202602/05/38477755/original/(m=eaAaGwObaaamqv)(mh=TlJaqcjPUoeWvfyO)8.jpg;https://ei.phncdn.com/videos/202602/05/38477755/original/(m=eaAaGwObaaamqv)(mh=TlJaqcjPUoeWvfyO)9.jpg;https://ei.phncdn.com/videos/202602/05/38477755/original/(m=eaAaGwObaaamqv)(mh=TlJaqcjPUoeWvfyO)10.jpg;https://ei.phncdn.com/videos/202602/05/38477755/original/(m=eaAaGwObaaamqv)(mh=TlJaqcjPUoeWvfyO)11.jpg;https://ei.phncdn.com/videos/202602/05/38477755/original/(m=eaAaGwObaaamqv)(mh=TlJaqcjPUoeWvfyO)12.jpg;https://ei.phncdn.com/videos/202602/05/38477755/original/(m=eaAaGwObaaamqv)(mh=TlJaqcjPUoeWvfyO)13.jpg;https://ei.phncdn.com/videos/202602/05/38477755/original/(m=eaAaGwObaaamqv)(mh=TlJaqcjPUoeWvfyO)14.jpg;https://ei.phncdn.com/videos/202602/05/38477755/original/(m=eaAaGwObaaamqv)(mh=TlJaqcjPUoeWvfyO)15.jpg;https://ei.phncdn.com/videos/202602/05/38477755/original/(m=eaAaGwObaaamqv)(mh=TlJaqcjPUoeWvfyO)16.jpg
<iframe src="https://www.pornhub.com/embed/6986ae4e3ed93" frameborder="0" height="481" width="608" scrolling="no"></iframe>|https://ei.phncdn.com/videos/202602/07/38616725/original/(m=eaf8GgaaaWavb)(mh=8WGRCcqHbBKjI4Tj)12.jpg|https://ei.phncdn.com/videos/202602/07/38616725/original/(m=eaf8GgaaaWavb)(mh=8WGRCcqHbBKjI4Tj)1.jpg;https://ei.phncdn.com/videos/202602/07/38616725/original/(m=eaf8GgaaaWavb)(mh=8WGRCcqHbBKjI4Tj)2.jpg;https://ei.phncdn.com/videos/202602/07/38616725/original/(m=eaf8GgaaaWavb)(mh=8WGRCcqHbBKjI4Tj)3.jpg;https://ei.phncdn.com/videos/202602/07/38616725/original/(m=eaf8GgaaaWavb)(mh=8WGRCcqHbBKjI4Tj)4.jpg;https://ei.phncdn.com/videos/202602/07/38616725/original/(m=eaf8GgaaaWavb)(mh=8WGRCcqHbBKjI4Tj)5.jpg;https://ei.phncdn.com/videos/202602/07/38616725/original/(m=eaf8GgaaaWavb)(mh=8WGRCcqHbBKjI4Tj)6.jpg;https://ei.phncdn.com/videos/202602/07/38616725/original/(m=eaf8GgaaaWavb)(mh=8WGRCcqHbBKjI4Tj)7.jpg;https://ei.phncdn.com/videos/202602/07/38616725/original/(m=eaf8GgaaaWavb)(mh=8WGRCcqHbBKjI4Tj)8.jpg;https://ei.phncdn.com/videos/202602/07/38616725/original/(m=eaf8GgaaaWavb)(mh=8WGRCcqHbBKjI4Tj)9.jpg;https://ei.phncdn.com/videos/202602/07/38616725/original/(m=eaf8GgaaaWavb)(mh=8WGRCcqHbBKjI4Tj)10.jpg;https://ei.phncdn.com/videos/202602/07/38616725/original/(m=eaf8GgaaaWavb)(mh=8WGRCcqHbBKjI4Tj)11.jpg;https://ei.phncdn.com/videos/202602/07/38616725/original/(m=eaf8GgaaaWavb)(mh=8WGRCcqHbBKjI4Tj)12.jpg;https://ei.phncdn.com/videos/202602/07/38616725/original/(m=eaf8GgaaaWavb)(mh=8WGRCcqHbBKjI4Tj)13.jpg;https://ei.phncdn.com/videos/202602/07/38616725/original/(m=eaf8GgaaaWavb)(mh=8WGRCcqHbBKjI4Tj)14.jpg;https://ei.phncdn.com/videos/202602/07/38616725/original/(m=eaf8GgaaaWavb)(mh=8WGRCcqHbBKjI4Tj)15.jpg;https://ei.phncdn.com/videos/202602/07/38616725/original/(m=eaf8GgaaaWavb)(mh=8WGRCcqHbBKjI4Tj)16.jpg|Nice big curvy ass latina|big-tits;big-ass;latina;curvy;big-ass-latina;big-white-ass;young;chubby;bubble-ass;natural-big-ass|Casting;Verified Amateurs;Cosplay;Solo Female||19|34|||https://ei.phncdn.com/videos/202602/07/38616725/original/(m=eaAaGwObaaamqv)(mh=n7nwq9Dldwjh57BX)12.jpg|https://ei.phncdn.com/videos/202602/07/38616725/original/(m=eaAaGwObaaamqv)(mh=n7nwq9Dldwjh57BX)1.jpg;https://ei.phncdn.com/videos/202602/07/38616725/original/(m=eaAaGwObaaamqv)(mh=n7nwq9Dldwjh57BX)2.jpg;https://ei.phncdn.com/videos/202602/07/38616725/original/(m=eaAaGwObaaamqv)(mh=n7nwq9Dldwjh57BX)3.jpg;https://ei.phncdn.com/videos/202602/07/38616725/original/(m=eaAaGwObaaamqv)(mh=n7nwq9Dldwjh57BX)4.jpg;https://ei.phncdn.com/videos/202602/07/38616725/original/(m=eaAaGwObaaamqv)(mh=n7nwq9Dldwjh57BX)5.jpg;https://ei.phncdn.com/videos/202602/07/38616725/original/(m=eaAaGwObaaamqv)(mh=n7nwq9Dldwjh57BX)6.jpg;https://ei.phncdn.com/videos/202602/07/38616725/original/(m=eaAaGwObaaamqv)(mh=n7nwq9Dldwjh57BX)7.jpg;https://ei.phncdn.com/videos/202602/07/38616725/original/(m=eaAaGwObaaamqv)(mh=n7nwq9Dldwjh57BX)8.jpg;https://ei.phncdn.com/videos/202602/07/38616725/original/(m=eaAaGwObaaamqv)(mh=n7nwq9Dldwjh57BX)9.jpg;https://ei.phncdn.com/videos/202602/07/38616725/original/(m=eaAaGwObaaamqv)(mh=n7nwq9Dldwjh57BX)10.jpg;https://ei.phncdn.com/videos/202602/07/38616725/original/(m=eaAaGwObaaamqv)(mh=n7nwq9Dldwjh57BX)11.jpg;https://ei.phncdn.com/videos/202602/07/38616725/original/(m=eaAaGwObaaamqv)(mh=n7nwq9Dldwjh57BX)12.jpg;https://ei.phncdn.com/videos/202602/07/38616725/original/(m=eaAaGwObaaamqv)(mh=n7nwq9Dldwjh57BX)13.jpg;https://ei.phncdn.com/videos/202602/07/38616725/original/(m=eaAaGwObaaamqv)(mh=n7nwq9Dldwjh57BX)14.jpg;https://ei.phncdn.com/videos/202602/07/38616725/original/(m=eaAaGwObaaamqv)(mh=n7nwq9Dldwjh57BX)15.jpg;https://ei.phncdn.com/videos/202602/07/38616725/original/(m=eaAaGwObaaamqv)(mh=n7nwq9Dldwjh57BX)16.jpg
<iframe src="https://www.pornhub.com/embed/6986ae4e3ab75" frameborder="0" height="481" width="608" scrolling="no"></iframe>|https://ei.phncdn.com/videos/202602/07/38616715/original/(m=eaf8GgaaaWavb)(mh=kNVavz5nqQrF7kBE)12.jpg|https://ei.phncdn.com/videos/202602/07/38616715/original/(m=eaf8GgaaaWavb)(mh=kNVavz5nqQrF7kBE)1.jpg;https://ei.phncdn.com/videos/202602/07/38616715/original/(m=eaf8GgaaaWavb)(mh=kNVavz5nqQrF7kBE)2.jpg;https://ei.phncdn.com/videos/202602/07/38616715/original/(m=eaf8GgaaaWavb)(mh=kNVavz5nqQrF7kBE)3.jpg;https://ei.phncdn.com/videos/202602/07/38616715/original/(m=eaf8GgaaaWavb)(mh=kNVavz5nqQrF7kBE)4.jpg;https://ei.phncdn.com/videos/202602/07/38616715/original/(m=eaf8GgaaaWavb)(mh=kNVavz5nqQrF7kBE)5.jpg;https://ei.phncdn.com/videos/202602/07/38616715/original/(m=eaf8GgaaaWavb)(mh=kNVavz5nqQrF7kBE)6.jpg;https://ei.phncdn.com/videos/202602/07/38616715/original/(m=eaf8GgaaaWavb)(mh=kNVavz5nqQrF7kBE)7.jpg;https://ei.phncdn.com/videos/202602/07/38616715/original/(m=eaf8GgaaaWavb)(mh=kNVavz5nqQrF7kBE)8.jpg;https://ei.phncdn.com/videos/202602/07/38616715/original/(m=eaf8GgaaaWavb)(mh=kNVavz5nqQrF7kBE)9.jpg;https://ei.phncdn.com/videos/202602/07/38616715/original/(m=eaf8GgaaaWavb)(mh=kNVavz5nqQrF7kBE)10.jpg;https://ei.phncdn.com/videos/202602/07/38616715/original/(m=eaf8GgaaaWavb)(mh=kNVavz5nqQrF7kBE)11.jpg;https://ei.phncdn.com/videos/202602/07/38616715/original/(m=eaf8GgaaaWavb)(mh=kNVavz5nqQrF7kBE)12.jpg;https://ei.phncdn.com/videos/202602/07/38616715/original/(m=eaf8GgaaaWavb)(mh=kNVavz5nqQrF7kBE)13.jpg;https://ei.phncdn.com/videos/202602/07/38616715/original/(m=eaf8GgaaaWavb)(mh=kNVavz5nqQrF7kBE)14.jpg;https://ei.phncdn.com/videos/202602/07/38616715/original/(m=eaf8GgaaaWavb)(mh=kNVavz5nqQrF7kBE)15.jpg;https://ei.phncdn.com/videos/202602/07/38616715/original/(m=eaf8GgaaaWavb)(mh=kNVavz5nqQrF7kBE)16.jpg|moving this bigg ass latina so curvy and chubby|latina;curvy;big-ass-latina;big-white-ass;young;chubby;bubble-ass;natural-big-ass;big-tits;big-ass|Casting;Verified Amateurs;Solo Female||33|80|||https://ei.phncdn.com/videos/202602/07/38616715/original/(m=eaAaGwObaaamqv)(mh=eBQUPP8Wdx8Wsh3h)12.jpg|https://ei.phncdn.com/videos/202602/07/38616715/original/(m=eaAaGwObaaamqv)(mh=eBQUPP8Wdx8Wsh3h)1.jpg;https://ei.phncdn.com/videos/202602/07/38616715/original/(m=eaAaGwObaaamqv)(mh=eBQUPP8Wdx8Wsh3h)2.jpg;https://ei.phncdn.com/videos/202602/07/38616715/original/(m=eaAaGwObaaamqv)(mh=eBQUPP8Wdx8Wsh3h)3.jpg;https://ei.phncdn.com/videos/202602/07/38616715/original/(m=eaAaGwObaaamqv)(mh=eBQUPP8Wdx8Wsh3h)4.jpg;https://ei.phncdn.com/videos/202602/07/38616715/original/(m=eaAaGwObaaamqv)(mh=eBQUPP8Wdx8Wsh3h)5.jpg;https://ei.phncdn.com/videos/202602/07/38616715/original/(m=eaAaGwObaaamqv)(mh=eBQUPP8Wdx8Wsh3h)6.jpg;https://ei.phncdn.com/videos/202602/07/38616715/original/(m=eaAaGwObaaamqv)(mh=eBQUPP8Wdx8Wsh3h)7.jpg;https://ei.phncdn.com/videos/202602/07/38616715/original/(m=eaAaGwObaaamqv)(mh=eBQUPP8Wdx8Wsh3h)8.jpg;https://ei.phncdn.com/videos/202602/07/38616715/original/(m=eaAaGwObaaamqv)(mh=eBQUPP8Wdx8Wsh3h)9.jpg;https://ei.phncdn.com/videos/202602/07/38616715/original/(m=eaAaGwObaaamqv)(mh=eBQUPP8Wdx8Wsh3h)10.jpg;https://ei.phncdn.com/videos/202602/07/38616715/original/(m=eaAaGwObaaamqv)(mh=eBQUPP8Wdx8Wsh3h)11.jpg;https://ei.phncdn.com/videos/202602/07/38616715/original/(m=eaAaGwObaaamqv)(mh=eBQUPP8Wdx8Wsh3h)12.jpg;https://ei.phncdn.com/videos/202602/07/38616715/original/(m=eaAaGwObaaamqv)(mh=eBQUPP8Wdx8Wsh3h)13.jpg;https://ei.phncdn.com/videos/202602/07/38616715/original/(m=eaAaGwObaaamqv)(mh=eBQUPP8Wdx8Wsh3h)14.jpg;https://ei.phncdn.com/videos/202602/07/38616715/original/(m=eaAaGwObaaamqv)(mh=eBQUPP8Wdx8Wsh3h)15.jpg;https://ei.phncdn.com/videos/202602/07/38616715/original/(m=eaAaGwObaaamqv)(mh=eBQUPP8Wdx8Wsh3h)16.jpg
<iframe src="https://www.pornhub.com/embed/6986aa920b34a" frameborder="0" height="481" width="608" scrolling="no"></iframe>|https://ei.phncdn.com/videos/202602/07/38615865/original/(m=eaf8GgaaaWavb)(mh=R-Qlvildros1D8Hl)12.jpg|https://ei.phncdn.com/videos/202602/07/38615865/original/(m=eaf8GgaaaWavb)(mh=R-Qlvildros1D8Hl)1.jpg;https://ei.phncdn.com/videos/202602/07/38615865/original/(m=eaf8GgaaaWavb)(mh=R-Qlvildros1D8Hl)2.jpg;https://ei.phncdn.com/videos/202602/07/38615865/original/(m=eaf8GgaaaWavb)(mh=R-Qlvildros1D8Hl)3.jpg;https://ei.phncdn.com/videos/202602/07/38615865/original/(m=eaf8GgaaaWavb)(mh=R-Qlvildros1D8Hl)4.jpg;https://ei.phncdn.com/videos/202602/07/38615865/original/(m=eaf8GgaaaWavb)(mh=R-Qlvildros1D8Hl)5.jpg;https://ei.phncdn.com/videos/202602/07/38615865/original/(m=eaf8GgaaaWavb)(mh=R-Qlvildros1D8Hl)6.jpg;https://ei.phncdn.com/videos/202602/07/38615865/original/(m=eaf8GgaaaWavb)(mh=R-Qlvildros1D8Hl)7.jpg;https://ei.phncdn.com/videos/202602/07/38615865/original/(m=eaf8GgaaaWavb)(mh=R-Qlvildros1D8Hl)8.jpg;https://ei.phncdn.com/videos/202602/07/38615865/original/(m=eaf8GgaaaWavb)(mh=R-Qlvildros1D8Hl)9.jpg;https://ei.phncdn.com/videos/202602/07/38615865/original/(m=eaf8GgaaaWavb)(mh=R-Qlvildros1D8Hl)10.jpg;https://ei.phncdn.com/videos/202602/07/38615865/original/(m=eaf8GgaaaWavb)(mh=R-Qlvildros1D8Hl)11.jpg;https://ei.phncdn.com/videos/202602/07/38615865/original/(m=eaf8GgaaaWavb)(mh=R-Qlvildros1D8Hl)12.jpg;https://ei.phncdn.com/videos/202602/07/38615865/original/(m=eaf8GgaaaWavb)(mh=R-Qlvildros1D8Hl)13.jpg;https://ei.phncdn.com/videos/202602/07/38615865/original/(m=eaf8GgaaaWavb)(mh=R-Qlvildros1D8Hl)14.jpg;https://ei.phncdn.com/videos/202602/07/38615865/original/(m=eaf8GgaaaWavb)(mh=R-Qlvildros1D8Hl)15.jpg;https://ei.phncdn.com/videos/202602/07/38615865/original/(m=eaf8GgaaaWavb)(mh=R-Qlvildros1D8Hl)16.jpg|A mi madrastra le gusta calentar antes del sexo tocando mi verga y yo tocando su coño|big-ass;big-dick-small-pussy;porno-espanol-hd|Casting;Solo Male;Exclusive;Verified Amateurs;Cosplay||306|1361|4|2|https://ei.phncdn.com/videos/202602/07/38615865/original/(m=eaAaGwObaaamqv)(mh=DygylQ9ev-ZwQkel)12.jpg|https://ei.phncdn.com/videos/202602/07/38615865/original/(m=eaAaGwObaaamqv)(mh=DygylQ9ev-ZwQkel)1.jpg;https://ei.phncdn.com/videos/202602/07/38615865/original/(m=eaAaGwObaaamqv)(mh=DygylQ9ev-ZwQkel)2.jpg;https://ei.phncdn.com/videos/202602/07/38615865/original/(m=eaAaGwObaaamqv)(mh=DygylQ9ev-ZwQkel)3.jpg;https://ei.phncdn.com/videos/202602/07/38615865/original/(m=eaAaGwObaaamqv)(mh=DygylQ9ev-ZwQkel)4.jpg;https://ei.phncdn.com/videos/202602/07/38615865/original/(m=eaAaGwObaaamqv)(mh=DygylQ9ev-ZwQkel)5.jpg;https://ei.phncdn.com/videos/202602/07/38615865/original/(m=eaAaGwObaaamqv)(mh=DygylQ9ev-ZwQkel)6.jpg;https://ei.phncdn.com/videos/202602/07/38615865/original/(m=eaAaGwObaaamqv)(mh=DygylQ9ev-ZwQkel)7.jpg;https://ei.phncdn.com/videos/202602/07/38615865/original/(m=eaAaGwObaaamqv)(mh=DygylQ9ev-ZwQkel)8.jpg;https://ei.phncdn.com/videos/202602/07/38615865/original/(m=eaAaGwObaaamqv)(mh=DygylQ9ev-ZwQkel)9.jpg;https://ei.phncdn.com/videos/202602/07/38615865/original/(m=eaAaGwObaaamqv)(mh=DygylQ9ev-ZwQkel)10.jpg;https://ei.phncdn.com/videos/202602/07/38615865/original/(m=eaAaGwObaaamqv)(mh=DygylQ9ev-ZwQkel)11.jpg;https://ei.phncdn.com/videos/202602/07/38615865/original/(m=eaAaGwObaaamqv)(mh=DygylQ9ev-ZwQkel)12.jpg;https://ei.phncdn.com/videos/202602/07/38615865/original/(m=eaAaGwObaaamqv)(mh=DygylQ9ev-ZwQkel)13.jpg;https://ei.phncdn.com/videos/202602/07/38615865/original/(m=eaAaGwObaaamqv)(mh=DygylQ9ev-ZwQkel)14.jpg;https://ei.phncdn.com/videos/202602/07/38615865/original/(m=eaAaGwObaaamqv)(mh=DygylQ9ev-ZwQkel)15.jpg;https://ei.phncdn.com/videos/202602/07/38615865/original/(m=eaAaGwObaaamqv)(mh=DygylQ9ev-ZwQkel)16.jpg
<iframe src="https://www.pornhub.com/embed/6986b116db340" frameborder="0" height="481" width="608" scrolling="no"></iframe>|https://ei.phncdn.com/videos/202602/07/38617735/original/(m=eaf8GgaaaWavb)(mh=zW9IGFhWPk7gWyEz)12.jpg|https://ei.phncdn.com/videos/202602/07/38617735/original/(m=eaf8GgaaaWavb)(mh=zW9IGFhWPk7gWyEz)1.jpg;https://ei.phncdn.com/videos/202602/07/38617735/original/(m=eaf8GgaaaWavb)(mh=zW9IGFhWPk7gWyEz)2.jpg;https://ei.phncdn.com/videos/202602/07/38617735/original/(m=eaf8GgaaaWavb)(mh=zW9IGFhWPk7gWyEz)3.jpg;https://ei.phncdn.com/videos/202602/07/38617735/original/(m=eaf8GgaaaWavb)(mh=zW9IGFhWPk7gWyEz)4.jpg;https://ei.phncdn.com/videos/202602/07/38617735/original/(m=eaf8GgaaaWavb)(mh=zW9IGFhWPk7gWyEz)5.jpg;https://ei.phncdn.com/videos/202602/07/38617735/original/(m=eaf8GgaaaWavb)(mh=zW9IGFhWPk7gWyEz)6.jpg;https://ei.phncdn.com/videos/202602/07/38617735/original/(m=eaf8GgaaaWavb)(mh=zW9IGFhWPk7gWyEz)7.jpg;https://ei.phncdn.com/videos/202602/07/38617735/original/(m=eaf8GgaaaWavb)(mh=zW9IGFhWPk7gWyEz)8.jpg;https://ei.phncdn.com/videos/202602/07/38617735/original/(m=eaf8GgaaaWavb)(mh=zW9IGFhWPk7gWyEz)9.jpg;https://ei.phncdn.com/videos/202602/07/38617735/original/(m=eaf8GgaaaWavb)(mh=zW9IGFhWPk7gWyEz)10.jpg;https://ei.phncdn.com/videos/202602/07/38617735/original/(m=eaf8GgaaaWavb)(mh=zW9IGFhWPk7gWyEz)11.jpg;https://ei.phncdn.com/videos/202602/07/38617735/original/(m=eaf8GgaaaWavb)(mh=zW9IGFhWPk7gWyEz)12.jpg;https://ei.phncdn.com/videos/202602/07/38617735/original/(m=eaf8GgaaaWavb)(mh=zW9IGFhWPk7gWyEz)13.jpg;https://ei.phncdn.com/videos/202602/07/38617735/original/(m=eaf8GgaaaWavb)(mh=zW9IGFhWPk7gWyEz)14.jpg;https://ei.phncdn.com/videos/202602/07/38617735/original/(m=eaf8GgaaaWavb)(mh=zW9IGFhWPk7gWyEz)15.jpg;https://ei.phncdn.com/videos/202602/07/38617735/original/(m=eaf8GgaaaWavb)(mh=zW9IGFhWPk7gWyEz)16.jpg|I’m chilling|big-black-cock;solo|Casting;Solo Male;Exclusive;Verified Amateurs;Behind The Scenes||23|1196|40|0|https://ei.phncdn.com/videos/202602/07/38617735/original/(m=eaAaGwObaaamqv)(mh=6DOTkSZEy2fEbkGa)12.jpg|https://ei.phncdn.com/videos/202602/07/38617735/original/(m=eaAaGwObaaamqv)(mh=6DOTkSZEy2fEbkGa)1.jpg;https://ei.phncdn.com/videos/202602/07/38617735/original/(m=eaAaGwObaaamqv)(mh=6DOTkSZEy2fEbkGa)2.jpg;https://ei.phncdn.com/videos/202602/07/38617735/original/(m=eaAaGwObaaamqv)(mh=6DOTkSZEy2fEbkGa)3.jpg;https://ei.phncdn.com/videos/202602/07/38617735/original/(m=eaAaGwObaaamqv)(mh=6DOTkSZEy2fEbkGa)4.jpg;https://ei.phncdn.com/videos/202602/07/38617735/original/(m=eaAaGwObaaamqv)(mh=6DOTkSZEy2fEbkGa)5.jpg;https://ei.phncdn.com/videos/202602/07/38617735/original/(m=eaAaGwObaaamqv)(mh=6DOTkSZEy2fEbkGa)6.jpg;https://ei.phncdn.com/videos/202602/07/38617735/original/(m=eaAaGwObaaamqv)(mh=6DOTkSZEy2fEbkGa)7.jpg;https://ei.phncdn.com/videos/202602/07/38617735/original/(m=eaAaGwObaaamqv)(mh=6DOTkSZEy2fEbkGa)8.jpg;https://ei.phncdn.com/videos/202602/07/38617735/original/(m=eaAaGwObaaamqv)(mh=6DOTkSZEy2fEbkGa)9.jpg;https://ei.phncdn.com/videos/202602/07/38617735/original/(m=eaAaGwObaaamqv)(mh=6DOTkSZEy2fEbkGa)10.jpg;https://ei.phncdn.com/videos/202602/07/38617735/original/(m=eaAaGwObaaamqv)(mh=6DOTkSZEy2fEbkGa)11.jpg;https://ei.phncdn.com/videos/202602/07/38617735/original/(m=eaAaGwObaaamqv)(mh=6DOTkSZEy2fEbkGa)12.jpg;https://ei.phncdn.com/videos/202602/07/38617735/original/(m=eaAaGwObaaamqv)(mh=6DOTkSZEy2fEbkGa)13.jpg;https://ei.phncdn.com/videos/202602/07/38617735/original/(m=eaAaGwObaaamqv)(mh=6DOTkSZEy2fEbkGa)14.jpg;https://ei.phncdn.com/videos/202602/07/38617735/original/(m=eaAaGwObaaamqv)(mh=6DOTkSZEy2fEbkGa)15.jpg;https://ei.phncdn.com/videos/202602/07/38617735/original/(m=eaAaGwObaaamqv)(mh=6DOTkSZEy2fEbkGa)16.jpg
<iframe src="https://www.pornhub.com/embed/6986aa922ea44" frameborder="0" height="481" width="608" scrolling="no"></iframe>|https://ei.phncdn.com/videos/202602/07/38615885/original/(m=eaf8GgaaaWavb)(mh=Inz03hnEu3Q0GwDL)4.jpg|https://ei.phncdn.com/videos/202602/07/38615885/original/(m=eaf8GgaaaWavb)(mh=Inz03hnEu3Q0GwDL)1.jpg;https://ei.phncdn.com/videos/202602/07/38615885/original/(m=eaf8GgaaaWavb)(mh=Inz03hnEu3Q0GwDL)2.jpg;https://ei.phncdn.com/videos/202602/07/38615885/original/(m=eaf8GgaaaWavb)(mh=Inz03hnEu3Q0GwDL)3.jpg;https://ei.phncdn.com/videos/202602/07/38615885/original/(m=eaf8GgaaaWavb)(mh=Inz03hnEu3Q0GwDL)4.jpg;https://ei.phncdn.com/videos/202602/07/38615885/original/(m=eaf8GgaaaWavb)(mh=Inz03hnEu3Q0GwDL)5.jpg;https://ei.phncdn.com/videos/202602/07/38615885/original/(m=eaf8GgaaaWavb)(mh=Inz03hnEu3Q0GwDL)6.jpg;https://ei.phncdn.com/videos/202602/07/38615885/original/(m=eaf8GgaaaWavb)(mh=Inz03hnEu3Q0GwDL)7.jpg;https://ei.phncdn.com/videos/202602/07/38615885/original/(m=eaf8GgaaaWavb)(mh=Inz03hnEu3Q0GwDL)8.jpg;https://ei.phncdn.com/videos/202602/07/38615885/original/(m=eaf8GgaaaWavb)(mh=Inz03hnEu3Q0GwDL)9.jpg;https://ei.phncdn.com/videos/202602/07/38615885/original/(m=eaf8GgaaaWavb)(mh=Inz03hnEu3Q0GwDL)10.jpg;https://ei.phncdn.com/videos/202602/07/38615885/original/(m=eaf8GgaaaWavb)(mh=Inz03hnEu3Q0GwDL)11.jpg;https://ei.phncdn.com/videos/202602/07/38615885/original/(m=eaf8GgaaaWavb)(mh=Inz03hnEu3Q0GwDL)12.jpg;https://ei.phncdn.com/videos/202602/07/38615885/original/(m=eaf8GgaaaWavb)(mh=Inz03hnEu3Q0GwDL)13.jpg;https://ei.phncdn.com/videos/202602/07/38615885/original/(m=eaf8GgaaaWavb)(mh=Inz03hnEu3Q0GwDL)14.jpg;https://ei.phncdn.com/videos/202602/07/38615885/original/(m=eaf8GgaaaWavb)(mh=Inz03hnEu3Q0GwDL)15.jpg;https://ei.phncdn.com/videos/202602/07/38615885/original/(m=eaf8GgaaaWavb)(mh=Inz03hnEu3Q0GwDL)16.jpg|No me pude contener y termine follandome a mi propia madrastra operada|culo-enorme;culo-grande-latina;porno-espanol-hd;madrastra-culona;big-ass|Casting;Solo Male;Exclusive;Verified Amateurs;Cosplay||305|47390|86|19|https://ei.phncdn.com/videos/202602/07/38615885/original/(m=eaAaGwObaaamqv)(mh=z4NYLzu9Dkm5uBDo)4.jpg|https://ei.phncdn.com/videos/202602/07/38615885/original/(m=eaAaGwObaaamqv)(mh=z4NYLzu9Dkm5uBDo)1.jpg;https://ei.phncdn.com/videos/202602/07/38615885/original/(m=eaAaGwObaaamqv)(mh=z4NYLzu9Dkm5uBDo)2.jpg;https://ei.phncdn.com/videos/202602/07/38615885/original/(m=eaAaGwObaaamqv)(mh=z4NYLzu9Dkm5uBDo)3.jpg;https://ei.phncdn.com/videos/202602/07/38615885/original/(m=eaAaGwObaaamqv)(mh=z4NYLzu9Dkm5uBDo)4.jpg;https://ei.phncdn.com/videos/202602/07/38615885/original/(m=eaAaGwObaaamqv)(mh=z4NYLzu9Dkm5uBDo)5.jpg;https://ei.phncdn.com/videos/202602/07/38615885/original/(m=eaAaGwObaaamqv)(mh=z4NYLzu9Dkm5uBDo)6.jpg;https://ei.phncdn.com/videos/202602/07/38615885/original/(m=eaAaGwObaaamqv)(mh=z4NYLzu9Dkm5uBDo)7.jpg;https://ei.phncdn.com/videos/202602/07/38615885/original/(m=eaAaGwObaaamqv)(mh=z4NYLzu9Dkm5uBDo)8.jpg;https://ei.phncdn.com/videos/202602/07/38615885/original/(m=eaAaGwObaaamqv)(mh=z4NYLzu9Dkm5uBDo)9.jpg;https://ei.phncdn.com/videos/202602/07/38615885/original/(m=eaAaGwObaaamqv)(mh=z4NYLzu9Dkm5uBDo)10.jpg;https://ei.phncdn.com/videos/202602/07/38615885/original/(m=eaAaGwObaaamqv)(mh=z4NYLzu9Dkm5uBDo)11.jpg;https://ei.phncdn.com/videos/202602/07/38615885/original/(m=eaAaGwObaaamqv)(mh=z4NYLzu9Dkm5uBDo)12.jpg;https://ei.phncdn.com/videos/202602/07/38615885/original/(m=eaAaGwObaaamqv)(mh=z4NYLzu9Dkm5uBDo)13.jpg;https://ei.phncdn.com/videos/202602/07/38615885/original/(m=eaAaGwObaaamqv)(mh=z4NYLzu9Dkm5uBDo)14.jpg;https://ei.phncdn.com/videos/202602/07/38615885/original/(m=eaAaGwObaaamqv)(mh=z4NYLzu9Dkm5uBDo)15.jpg;https://ei.phncdn.com/videos/202602/07/38615885/original/(m=eaAaGwObaaamqv)(mh=z4NYLzu9Dkm5uBDo)16.jpg
<iframe src="https://www.pornhub.com/embed/6986aa9258833" frameborder="0" height="481" width="608" scrolling="no"></iframe>|https://ei.phncdn.com/videos/202602/07/38615905/original/(m=eaf8GgaaaWavb)(mh=N-iLezYZRvfMVTWv)9.jpg|https://ei.phncdn.com/videos/202602/07/38615905/original/(m=eaf8GgaaaWavb)(mh=N-iLezYZRvfMVTWv)1.jpg;https://ei.phncdn.com/videos/202602/07/38615905/original/(m=eaf8GgaaaWavb)(mh=N-iLezYZRvfMVTWv)2.jpg;https://ei.phncdn.com/videos/202602/07/38615905/original/(m=eaf8GgaaaWavb)(mh=N-iLezYZRvfMVTWv)3.jpg;https://ei.phncdn.com/videos/202602/07/38615905/original/(m=eaf8GgaaaWavb)(mh=N-iLezYZRvfMVTWv)4.jpg;https://ei.phncdn.com/videos/202602/07/38615905/original/(m=eaf8GgaaaWavb)(mh=N-iLezYZRvfMVTWv)5.jpg;https://ei.phncdn.com/videos/202602/07/38615905/original/(m=eaf8GgaaaWavb)(mh=N-iLezYZRvfMVTWv)6.jpg;https://ei.phncdn.com/videos/202602/07/38615905/original/(m=eaf8GgaaaWavb)(mh=N-iLezYZRvfMVTWv)7.jpg;https://ei.phncdn.com/videos/202602/07/38615905/original/(m=eaf8GgaaaWavb)(mh=N-iLezYZRvfMVTWv)8.jpg;https://ei.phncdn.com/videos/202602/07/38615905/original/(m=eaf8GgaaaWavb)(mh=N-iLezYZRvfMVTWv)9.jpg;https://ei.phncdn.com/videos/202602/07/38615905/original/(m=eaf8GgaaaWavb)(mh=N-iLezYZRvfMVTWv)10.jpg;https://ei.phncdn.com/videos/202602/07/38615905/original/(m=eaf8GgaaaWavb)(mh=N-iLezYZRvfMVTWv)11.jpg;https://ei.phncdn.com/videos/202602/07/38615905/original/(m=eaf8GgaaaWavb)(mh=N-iLezYZRvfMVTWv)12.jpg;https://ei.phncdn.com/videos/202602/07/38615905/original/(m=eaf8GgaaaWavb)(mh=N-iLezYZRvfMVTWv)13.jpg;https://ei.phncdn.com/videos/202602/07/38615905/original/(m=eaf8GgaaaWavb)(mh=N-iLezYZRvfMVTWv)14.jpg;https://ei.phncdn.com/videos/202602/07/38615905/original/(m=eaf8GgaaaWavb)(mh=N-iLezYZRvfMVTWv)15.jpg;https://ei.phncdn.com/videos/202602/07/38615905/original/(m=eaf8GgaaaWavb)(mh=N-iLezYZRvfMVTWv)16.jpg|Trata de no hacer tanto ruido con tus gemidos madrastra que se parara mi papa|big-ass;porno-espanol-hd;latinas-nalgonas|Casting;Solo Male;Exclusive;Verified Amateurs;Cosplay||312|638|2|0|https://ei.phncdn.com/videos/202602/07/38615905/original/(m=eaAaGwObaaamqv)(mh=Jtq8pm2BEr8XREEr)9.jpg|https://ei.phncdn.com/videos/202602/07/38615905/original/(m=eaAaGwObaaamqv)(mh=Jtq8pm2BEr8XREEr)1.jpg;https://ei.phncdn.com/videos/202602/07/38615905/original/(m=eaAaGwObaaamqv)(mh=Jtq8pm2BEr8XREEr)2.jpg;https://ei.phncdn.com/videos/202602/07/38615905/original/(m=eaAaGwObaaamqv)(mh=Jtq8pm2BEr8XREEr)3.jpg;https://ei.phncdn.com/videos/202602/07/38615905/original/(m=eaAaGwObaaamqv)(mh=Jtq8pm2BEr8XREEr)4.jpg;https://ei.phncdn.com/videos/202602/07/38615905/original/(m=eaAaGwObaaamqv)(mh=Jtq8pm2BEr8XREEr)5.jpg;https://ei.phncdn.com/videos/202602/07/38615905/original/(m=eaAaGwObaaamqv)(mh=Jtq8pm2BEr8XREEr)6.jpg;https://ei.phncdn.com/videos/202602/07/38615905/original/(m=eaAaGwObaaamqv)(mh=Jtq8pm2BEr8XREEr)7.jpg;https://ei.phncdn.com/videos/202602/07/38615905/original/(m=eaAaGwObaaamqv)(mh=Jtq8pm2BEr8XREEr)8.jpg;https://ei.phncdn.com/videos/202602/07/38615905/original/(m=eaAaGwObaaamqv)(mh=Jtq8pm2BEr8XREEr)9.jpg;https://ei.phncdn.com/videos/202602/07/38615905/original/(m=eaAaGwObaaamqv)(mh=Jtq8pm2BEr8XREEr)10.jpg;https://ei.phncdn.com/videos/202602/07/38615905/original/(m=eaAaGwObaaamqv)(mh=Jtq8pm2BEr8XREEr)11.jpg;https://ei.phncdn.com/videos/202602/07/38615905/original/(m=eaAaGwObaaamqv)(mh=Jtq8pm2BEr8XREEr)12.jpg;https://ei.phncdn.com/videos/202602/07/38615905/original/(m=eaAaGwObaaamqv)(mh=Jtq8pm2BEr8XREEr)13.jpg;https://ei.phncdn.com/videos/202602/07/38615905/original/(m=eaAaGwObaaamqv)(mh=Jtq8pm2BEr8XREEr)14.jpg;https://ei.phncdn.com/videos/202602/07/38615905/original/(m=eaAaGwObaaamqv)(mh=Jtq8pm2BEr8XREEr)15.jpg;https://ei.phncdn.com/videos/202602/07/38615905/original/(m=eaAaGwObaaamqv)(mh=Jtq8pm2BEr8XREEr)16.jpg
<iframe src="https://www.pornhub.com/embed/6986aa928cd1c" frameborder="0" height="481" width="608" scrolling="no"></iframe>|https://ei.phncdn.com/videos/202602/07/38615925/original/(m=eaf8GgaaaWavb)(mh=bN2-NLoyV9FSoDoG)2.jpg|https://ei.phncdn.com/videos/202602/07/38615925/original/(m=eaf8GgaaaWavb)(mh=bN2-NLoyV9FSoDoG)1.jpg;https://ei.phncdn.com/videos/202602/07/38615925/original/(m=eaf8GgaaaWavb)(mh=bN2-NLoyV9FSoDoG)2.jpg;https://ei.phncdn.com/videos/202602/07/38615925/original/(m=eaf8GgaaaWavb)(mh=bN2-NLoyV9FSoDoG)3.jpg;https://ei.phncdn.com/videos/202602/07/38615925/original/(m=eaf8GgaaaWavb)(mh=bN2-NLoyV9FSoDoG)4.jpg;https://ei.phncdn.com/videos/202602/07/38615925/original/(m=eaf8GgaaaWavb)(mh=bN2-NLoyV9FSoDoG)5.jpg;https://ei.phncdn.com/videos/202602/07/38615925/original/(m=eaf8GgaaaWavb)(mh=bN2-NLoyV9FSoDoG)6.jpg;https://ei.phncdn.com/videos/202602/07/38615925/original/(m=eaf8GgaaaWavb)(mh=bN2-NLoyV9FSoDoG)7.jpg;https://ei.phncdn.com/videos/202602/07/38615925/original/(m=eaf8GgaaaWavb)(mh=bN2-NLoyV9FSoDoG)8.jpg;https://ei.phncdn.com/videos/202602/07/38615925/original/(m=eaf8GgaaaWavb)(mh=bN2-NLoyV9FSoDoG)9.jpg;https://ei.phncdn.com/videos/202602/07/38615925/original/(m=eaf8GgaaaWavb)(mh=bN2-NLoyV9FSoDoG)10.jpg;https://ei.phncdn.com/videos/202602/07/38615925/original/(m=eaf8GgaaaWavb)(mh=bN2-NLoyV9FSoDoG)11.jpg;https://ei.phncdn.com/videos/202602/07/38615925/original/(m=eaf8GgaaaWavb)(mh=bN2-NLoyV9FSoDoG)12.jpg;https://ei.phncdn.com/videos/202602/07/38615925/original/(m=eaf8GgaaaWavb)(mh=bN2-NLoyV9FSoDoG)13.jpg;https://ei.phncdn.com/videos/202602/07/38615925/original/(m=eaf8GgaaaWavb)(mh=bN2-NLoyV9FSoDoG)14.jpg;https://ei.phncdn.com/videos/202602/07/38615925/original/(m=eaf8GgaaaWavb)(mh=bN2-NLoyV9FSoDoG)15.jpg;https://ei.phncdn.com/videos/202602/07/38615925/original/(m=eaf8GgaaaWavb)(mh=bN2-NLoyV9FSoDoG)16.jpg|Jooder, las tetas de mi hijastra son tan perfectas como su coño rosado|big-boobs;culo-grande-tetas;maduras-nalgonas|Casting;Solo Male;Exclusive;Verified Amateurs;Cosplay||315|576|||https://ei.phncdn.com/videos/202602/07/38615925/original/(m=eaAaGwObaaamqv)(mh=8NBGdr3n5ZK_JPzA)2.jpg|https://ei.phncdn.com/videos/202602/07/38615925/original/(m=eaAaGwObaaamqv)(mh=8NBGdr3n5ZK_JPzA)1.jpg;https://ei.phncdn.com/videos/202602/07/38615925/original/(m=eaAaGwObaaamqv)(mh=8NBGdr3n5ZK_JPzA)2.jpg;https://ei.phncdn.com/videos/202602/07/38615925/original/(m=eaAaGwObaaamqv)(mh=8NBGdr3n5ZK_JPzA)3.jpg;https://ei.phncdn.com/videos/202602/07/38615925/original/(m=eaAaGwObaaamqv)(mh=8NBGdr3n5ZK_JPzA)4.jpg;https://ei.phncdn.com/videos/202602/07/38615925/original/(m=eaAaGwObaaamqv)(mh=8NBGdr3n5ZK_JPzA)5.jpg;https://ei.phncdn.com/videos/202602/07/38615925/original/(m=eaAaGwObaaamqv)(mh=8NBGdr3n5ZK_JPzA)6.jpg;https://ei.phncdn.com/videos/202602/07/38615925/original/(m=eaAaGwObaaamqv)(mh=8NBGdr3n5ZK_JPzA)7.jpg;https://ei.phncdn.com/videos/202602/07/38615925/original/(m=eaAaGwObaaamqv)(mh=8NBGdr3n5ZK_JPzA)8.jpg;https://ei.phncdn.com/videos/202602/07/38615925/original/(m=eaAaGwObaaamqv)(mh=8NBGdr3n5ZK_JPzA)9.jpg;https://ei.phncdn.com/videos/202602/07/38615925/original/(m=eaAaGwObaaamqv)(mh=8NBGdr3n5ZK_JPzA)10.jpg;https://ei.phncdn.com/videos/202602/07/38615925/original/(m=eaAaGwObaaamqv)(mh=8NBGdr3n5ZK_JPzA)11.jpg;https://ei.phncdn.com/videos/202602/07/38615925/original/(m=eaAaGwObaaamqv)(mh=8NBGdr3n5ZK_JPzA)12.jpg;https://ei.phncdn.com/videos/202602/07/38615925/original/(m=eaAaGwObaaamqv)(mh=8NBGdr3n5ZK_JPzA)13.jpg;https://ei.phncdn.com/videos/202602/07/38615925/original/(m=eaAaGwObaaamqv)(mh=8NBGdr3n5ZK_JPzA)14.jpg;https://ei.phncdn.com/videos/202602/07/38615925/original/(m=eaAaGwObaaamqv)(mh=8NBGdr3n5ZK_JPzA)15.jpg;https://ei.phncdn.com/videos/202602/07/38615925/original/(m=eaAaGwObaaamqv)(mh=8NBGdr3n5ZK_JPzA)16.jpg
<iframe src="https://www.pornhub.com/embed/6986b268941eb" frameborder="0" height="481" width="608" scrolling="no"></iframe>|https://ei.phncdn.com/videos/202602/07/38618145/thumbs_5/(m=eaf8GgaaaWavb)(mh=Wprm7OcUlSjOjRl-)3.jpg|https://ei.phncdn.com/videos/202602/07/38618145/thumbs_5/(m=eaf8GgaaaWavb)(mh=Wprm7OcUlSjOjRl-)1.jpg;https://ei.phncdn.com/videos/202602/07/38618145/thumbs_5/(m=eaf8GgaaaWavb)(mh=Wprm7OcUlSjOjRl-)2.jpg;https://ei.phncdn.com/videos/202602/07/38618145/thumbs_5/(m=eaf8GgaaaWavb)(mh=Wprm7OcUlSjOjRl-)3.jpg;https://ei.phncdn.com/videos/202602/07/38618145/thumbs_5/(m=eaf8GgaaaWavb)(mh=Wprm7OcUlSjOjRl-)4.jpg;https://ei.phncdn.com/videos/202602/07/38618145/thumbs_5/(m=eaf8GgaaaWavb)(mh=Wprm7OcUlSjOjRl-)5.jpg;https://ei.phncdn.com/videos/202602/07/38618145/thumbs_5/(m=eaf8GgaaaWavb)(mh=Wprm7OcUlSjOjRl-)6.jpg;https://ei.phncdn.com/videos/202602/07/38618145/thumbs_5/(m=eaf8GgaaaWavb)(mh=Wprm7OcUlSjOjRl-)7.jpg;https://ei.phncdn.com/videos/202602/07/38618145/thumbs_5/(m=eaf8GgaaaWavb)(mh=Wprm7OcUlSjOjRl-)8.jpg;https://ei.phncdn.com/videos/202602/07/38618145/thumbs_5/(m=eaf8GgaaaWavb)(mh=Wprm7OcUlSjOjRl-)9.jpg;https://ei.phncdn.com/videos/202602/07/38618145/thumbs_5/(m=eaf8GgaaaWavb)(mh=Wprm7OcUlSjOjRl-)10.jpg;https://ei.phncdn.com/videos/202602/07/38618145/thumbs_5/(m=eaf8GgaaaWavb)(mh=Wprm7OcUlSjOjRl-)11.jpg;https://ei.phncdn.com/videos/202602/07/38618145/thumbs_5/(m=eaf8GgaaaWavb)(mh=Wprm7OcUlSjOjRl-)12.jpg;https://ei.phncdn.com/videos/202602/07/38618145/thumbs_5/(m=eaf8GgaaaWavb)(mh=Wprm7OcUlSjOjRl-)13.jpg;https://ei.phncdn.com/videos/202602/07/38618145/thumbs_5/(m=eaf8GgaaaWavb)(mh=Wprm7OcUlSjOjRl-)14.jpg;https://ei.phncdn.com/videos/202602/07/38618145/thumbs_5/(m=eaf8GgaaaWavb)(mh=Wprm7OcUlSjOjRl-)15.jpg;https://ei.phncdn.com/videos/202602/07/38618145/thumbs_5/(m=eaf8GgaaaWavb)(mh=Wprm7OcUlSjOjRl-)16.jpg|sexy MILF milks my cock until i cum for her  - harley melts gone vertical ep two|edging-joi;feet-joi;boobs;brown-eyed-girl;feet;eye-contact;Asmr-Joi;cum;hand-job;long-nails;small-boobs;big-dick;nipple;amateur-couple;couple;amateur|Casting;Verified Amateurs;Behind The Scenes;Cosplay;Cuckold;Muscular Men;Romantic;Podcast;Reaction||81|1649|53|0|https://ei.phncdn.com/videos/202602/07/38618145/thumbs_5/(m=eaAaGwObaaamqv)(mh=EcuTYaqPQ3aJL0Mj)3.jpg|https://ei.phncdn.com/videos/202602/07/38618145/thumbs_5/(m=eaAaGwObaaamqv)(mh=EcuTYaqPQ3aJL0Mj)1.jpg;https://ei.phncdn.com/videos/202602/07/38618145/thumbs_5/(m=eaAaGwObaaamqv)(mh=EcuTYaqPQ3aJL0Mj)2.jpg;https://ei.phncdn.com/videos/202602/07/38618145/thumbs_5/(m=eaAaGwObaaamqv)(mh=EcuTYaqPQ3aJL0Mj)3.jpg;https://ei.phncdn.com/videos/202602/07/38618145/thumbs_5/(m=eaAaGwObaaamqv)(mh=EcuTYaqPQ3aJL0Mj)4.jpg;https://ei.phncdn.com/videos/202602/07/38618145/thumbs_5/(m=eaAaGwObaaamqv)(mh=EcuTYaqPQ3aJL0Mj)5.jpg;https://ei.phncdn.com/videos/202602/07/38618145/thumbs_5/(m=eaAaGwObaaamqv)(mh=EcuTYaqPQ3aJL0Mj)6.jpg;https://ei.phncdn.com/videos/202602/07/38618145/thumbs_5/(m=eaAaGwObaaamqv)(mh=EcuTYaqPQ3aJL0Mj)7.jpg;https://ei.phncdn.com/videos/202602/07/38618145/thumbs_5/(m=eaAaGwObaaamqv)(mh=EcuTYaqPQ3aJL0Mj)8.jpg;https://ei.phncdn.com/videos/202602/07/38618145/thumbs_5/(m=eaAaGwObaaamqv)(mh=EcuTYaqPQ3aJL0Mj)9.jpg;https://ei.phncdn.com/videos/202602/07/38618145/thumbs_5/(m=eaAaGwObaaamqv)(mh=EcuTYaqPQ3aJL0Mj)10.jpg;https://ei.phncdn.com/videos/202602/07/38618145/thumbs_5/(m=eaAaGwObaaamqv)(mh=EcuTYaqPQ3aJL0Mj)11.jpg;https://ei.phncdn.com/videos/202602/07/38618145/thumbs_5/(m=eaAaGwObaaamqv)(mh=EcuTYaqPQ3aJL0Mj)12.jpg;https://ei.phncdn.com/videos/202602/07/38618145/thumbs_5/(m=eaAaGwObaaamqv)(mh=EcuTYaqPQ3aJL0Mj)13.jpg;https://ei.phncdn.com/videos/202602/07/38618145/thumbs_5/(m=eaAaGwObaaamqv)(mh=EcuTYaqPQ3aJL0Mj)14.jpg;https://ei.phncdn.com/videos/202602/07/38618145/thumbs_5/(m=eaAaGwObaaamqv)(mh=EcuTYaqPQ3aJL0Mj)15.jpg;https://ei.phncdn.com/videos/202602/07/38618145/thumbs_5/(m=eaAaGwObaaamqv)(mh=EcuTYaqPQ3aJL0Mj)16.jpg
<iframe src="https://www.pornhub.com/embed/6986b11c9aea3" frameborder="0" height="481" width="608" scrolling="no"></iframe>|https://ei.phncdn.com/videos/202602/07/38617775/original/(m=eaf8GgaaaWavb)(mh=BW8BVbAoXwAnfDSB)10.jpg|https://ei.phncdn.com/videos/202602/07/38617775/original/(m=eaf8GgaaaWavb)(mh=BW8BVbAoXwAnfDSB)1.jpg;https://ei.phncdn.com/videos/202602/07/38617775/original/(m=eaf8GgaaaWavb)(mh=BW8BVbAoXwAnfDSB)2.jpg;https://ei.phncdn.com/videos/202602/07/38617775/original/(m=eaf8GgaaaWavb)(mh=BW8BVbAoXwAnfDSB)3.jpg;https://ei.phncdn.com/videos/202602/07/38617775/original/(m=eaf8GgaaaWavb)(mh=BW8BVbAoXwAnfDSB)4.jpg;https://ei.phncdn.com/videos/202602/07/38617775/original/(m=eaf8GgaaaWavb)(mh=BW8BVbAoXwAnfDSB)5.jpg;https://ei.phncdn.com/videos/202602/07/38617775/original/(m=eaf8GgaaaWavb)(mh=BW8BVbAoXwAnfDSB)6.jpg;https://ei.phncdn.com/videos/202602/07/38617775/original/(m=eaf8GgaaaWavb)(mh=BW8BVbAoXwAnfDSB)7.jpg;https://ei.phncdn.com/videos/202602/07/38617775/original/(m=eaf8GgaaaWavb)(mh=BW8BVbAoXwAnfDSB)8.jpg;https://ei.phncdn.com/videos/202602/07/38617775/original/(m=eaf8GgaaaWavb)(mh=BW8BVbAoXwAnfDSB)9.jpg;https://ei.phncdn.com/videos/202602/07/38617775/original/(m=eaf8GgaaaWavb)(mh=BW8BVbAoXwAnfDSB)10.jpg;https://ei.phncdn.com/videos/202602/07/38617775/original/(m=eaf8GgaaaWavb)(mh=BW8BVbAoXwAnfDSB)11.jpg;https://ei.phncdn.com/videos/202602/07/38617775/original/(m=eaf8GgaaaWavb)(mh=BW8BVbAoXwAnfDSB)12.jpg;https://ei.phncdn.com/videos/202602/07/38617775/original/(m=eaf8GgaaaWavb)(mh=BW8BVbAoXwAnfDSB)13.jpg;https://ei.phncdn.com/videos/202602/07/38617775/original/(m=eaf8GgaaaWavb)(mh=BW8BVbAoXwAnfDSB)14.jpg;https://ei.phncdn.com/videos/202602/07/38617775/original/(m=eaf8GgaaaWavb)(mh=BW8BVbAoXwAnfDSB)15.jpg;https://ei.phncdn.com/videos/202602/07/38617775/original/(m=eaf8GgaaaWavb)(mh=BW8BVbAoXwAnfDSB)16.jpg|Ella se abrio de piernas para que mi pequeña verga entrara en su apretado coño|big-ass;porno-espanol-hd;coño-rosado;culo-rosado|Casting;Solo Male;Exclusive;Verified Amateurs;Cosplay||302|291|2|0|https://ei.phncdn.com/videos/202602/07/38617775/original/(m=eaAaGwObaaamqv)(mh=jgZEzXEPW7K0ygl_)10.jpg|https://ei.phncdn.com/videos/202602/07/38617775/original/(m=eaAaGwObaaamqv)(mh=jgZEzXEPW7K0ygl_)1.jpg;https://ei.phncdn.com/videos/202602/07/38617775/original/(m=eaAaGwObaaamqv)(mh=jgZEzXEPW7K0ygl_)2.jpg;https://ei.phncdn.com/videos/202602/07/38617775/original/(m=eaAaGwObaaamqv)(mh=jgZEzXEPW7K0ygl_)3.jpg;https://ei.phncdn.com/videos/202602/07/38617775/original/(m=eaAaGwObaaamqv)(mh=jgZEzXEPW7K0ygl_)4.jpg;https://ei.phncdn.com/videos/202602/07/38617775/original/(m=eaAaGwObaaamqv)(mh=jgZEzXEPW7K0ygl_)5.jpg;https://ei.phncdn.com/videos/202602/07/38617775/original/(m=eaAaGwObaaamqv)(mh=jgZEzXEPW7K0ygl_)6.jpg;https://ei.phncdn.com/videos/202602/07/38617775/original/(m=eaAaGwObaaamqv)(mh=jgZEzXEPW7K0ygl_)7.jpg;https://ei.phncdn.com/videos/202602/07/38617775/original/(m=eaAaGwObaaamqv)(mh=jgZEzXEPW7K0ygl_)8.jpg;https://ei.phncdn.com/videos/202602/07/38617775/original/(m=eaAaGwObaaamqv)(mh=jgZEzXEPW7K0ygl_)9.jpg;https://ei.phncdn.com/videos/202602/07/38617775/original/(m=eaAaGwObaaamqv)(mh=jgZEzXEPW7K0ygl_)10.jpg;https://ei.phncdn.com/videos/202602/07/38617775/original/(m=eaAaGwObaaamqv)(mh=jgZEzXEPW7K0ygl_)11.jpg;https://ei.phncdn.com/videos/202602/07/38617775/original/(m=eaAaGwObaaamqv)(mh=jgZEzXEPW7K0ygl_)12.jpg;https://ei.phncdn.com/videos/202602/07/38617775/original/(m=eaAaGwObaaamqv)(mh=jgZEzXEPW7K0ygl_)13.jpg;https://ei.phncdn.com/videos/202602/07/38617775/original/(m=eaAaGwObaaamqv)(mh=jgZEzXEPW7K0ygl_)14.jpg;https://ei.phncdn.com/videos/202602/07/38617775/original/(m=eaAaGwObaaamqv)(mh=jgZEzXEPW7K0ygl_)15.jpg;https://ei.phncdn.com/videos/202602/07/38617775/original/(m=eaAaGwObaaamqv)(mh=jgZEzXEPW7K0ygl_)16.jpg
<iframe src="https://www.pornhub.com/embed/6986b11daee13" frameborder="0" height="481" width="608" scrolling="no"></iframe>|https://ei.phncdn.com/videos/202602/07/38617805/original/(m=eaf8GgaaaWavb)(mh=LV2gCn3798gszvBh)2.jpg|https://ei.phncdn.com/videos/202602/07/38617805/original/(m=eaf8GgaaaWavb)(mh=LV2gCn3798gszvBh)1.jpg;https://ei.phncdn.com/videos/202602/07/38617805/original/(m=eaf8GgaaaWavb)(mh=LV2gCn3798gszvBh)2.jpg;https://ei.phncdn.com/videos/202602/07/38617805/original/(m=eaf8GgaaaWavb)(mh=LV2gCn3798gszvBh)3.jpg;https://ei.phncdn.com/videos/202602/07/38617805/original/(m=eaf8GgaaaWavb)(mh=LV2gCn3798gszvBh)4.jpg;https://ei.phncdn.com/videos/202602/07/38617805/original/(m=eaf8GgaaaWavb)(mh=LV2gCn3798gszvBh)5.jpg;https://ei.phncdn.com/videos/202602/07/38617805/original/(m=eaf8GgaaaWavb)(mh=LV2gCn3798gszvBh)6.jpg;https://ei.phncdn.com/videos/202602/07/38617805/original/(m=eaf8GgaaaWavb)(mh=LV2gCn3798gszvBh)7.jpg;https://ei.phncdn.com/videos/202602/07/38617805/original/(m=eaf8GgaaaWavb)(mh=LV2gCn3798gszvBh)8.jpg;https://ei.phncdn.com/videos/202602/07/38617805/original/(m=eaf8GgaaaWavb)(mh=LV2gCn3798gszvBh)9.jpg;https://ei.phncdn.com/videos/202602/07/38617805/original/(m=eaf8GgaaaWavb)(mh=LV2gCn3798gszvBh)10.jpg;https://ei.phncdn.com/videos/202602/07/38617805/original/(m=eaf8GgaaaWavb)(mh=LV2gCn3798gszvBh)11.jpg;https://ei.phncdn.com/videos/202602/07/38617805/original/(m=eaf8GgaaaWavb)(mh=LV2gCn3798gszvBh)12.jpg;https://ei.phncdn.com/videos/202602/07/38617805/original/(m=eaf8GgaaaWavb)(mh=LV2gCn3798gszvBh)13.jpg;https://ei.phncdn.com/videos/202602/07/38617805/original/(m=eaf8GgaaaWavb)(mh=LV2gCn3798gszvBh)14.jpg;https://ei.phncdn.com/videos/202602/07/38617805/original/(m=eaf8GgaaaWavb)(mh=LV2gCn3798gszvBh)15.jpg;https://ei.phncdn.com/videos/202602/07/38617805/original/(m=eaf8GgaaaWavb)(mh=LV2gCn3798gszvBh)16.jpg|Jamas me habia comido un coño tan perfecto y rosado como este|bem-dotado;coño-perfecto;coño-rosado|Casting;Solo Male;Exclusive;Verified Amateurs;Cosplay||310|277|2|0|https://ei.phncdn.com/videos/202602/07/38617805/original/(m=eaAaGwObaaamqv)(mh=jheGD2K8BN_7cyHF)2.jpg|https://ei.phncdn.com/videos/202602/07/38617805/original/(m=eaAaGwObaaamqv)(mh=jheGD2K8BN_7cyHF)1.jpg;https://ei.phncdn.com/videos/202602/07/38617805/original/(m=eaAaGwObaaamqv)(mh=jheGD2K8BN_7cyHF)2.jpg;https://ei.phncdn.com/videos/202602/07/38617805/original/(m=eaAaGwObaaamqv)(mh=jheGD2K8BN_7cyHF)3.jpg;https://ei.phncdn.com/videos/202602/07/38617805/original/(m=eaAaGwObaaamqv)(mh=jheGD2K8BN_7cyHF)4.jpg;https://ei.phncdn.com/videos/202602/07/38617805/original/(m=eaAaGwObaaamqv)(mh=jheGD2K8BN_7cyHF)5.jpg;https://ei.phncdn.com/videos/202602/07/38617805/original/(m=eaAaGwObaaamqv)(mh=jheGD2K8BN_7cyHF)6.jpg;https://ei.phncdn.com/videos/202602/07/38617805/original/(m=eaAaGwObaaamqv)(mh=jheGD2K8BN_7cyHF)7.jpg;https://ei.phncdn.com/videos/202602/07/38617805/original/(m=eaAaGwObaaamqv)(mh=jheGD2K8BN_7cyHF)8.jpg;https://ei.phncdn.com/videos/202602/07/38617805/original/(m=eaAaGwObaaamqv)(mh=jheGD2K8BN_7cyHF)9.jpg;https://ei.phncdn.com/videos/202602/07/38617805/original/(m=eaAaGwObaaamqv)(mh=jheGD2K8BN_7cyHF)10.jpg;https://ei.phncdn.com/videos/202602/07/38617805/original/(m=eaAaGwObaaamqv)(mh=jheGD2K8BN_7cyHF)11.jpg;https://ei.phncdn.com/videos/202602/07/38617805/original/(m=eaAaGwObaaamqv)(mh=jheGD2K8BN_7cyHF)12.jpg;https://ei.phncdn.com/videos/202602/07/38617805/original/(m=eaAaGwObaaamqv)(mh=jheGD2K8BN_7cyHF)13.jpg;https://ei.phncdn.com/videos/202602/07/38617805/original/(m=eaAaGwObaaamqv)(mh=jheGD2K8BN_7cyHF)14.jpg;https://ei.phncdn.com/videos/202602/07/38617805/original/(m=eaAaGwObaaamqv)(mh=jheGD2K8BN_7cyHF)15.jpg;https://ei.phncdn.com/videos/202602/07/38617805/original/(m=eaAaGwObaaamqv)(mh=jheGD2K8BN_7cyHF)16.jpg
<iframe src="https://www.pornhub.com/embed/6986b489b4f98" frameborder="0" height="481" width="608" scrolling="no"></iframe>|https://ei.phncdn.com/videos/202602/07/38618635/original/(m=eaf8GgaaaWavb)(mh=4XFmHddzMM82sYk1)12.jpg|https://ei.phncdn.com/videos/202602/07/38618635/original/(m=eaf8GgaaaWavb)(mh=4XFmHddzMM82sYk1)1.jpg;https://ei.phncdn.com/videos/202602/07/38618635/original/(m=eaf8GgaaaWavb)(mh=4XFmHddzMM82sYk1)2.jpg;https://ei.phncdn.com/videos/202602/07/38618635/original/(m=eaf8GgaaaWavb)(mh=4XFmHddzMM82sYk1)3.jpg;https://ei.phncdn.com/videos/202602/07/38618635/original/(m=eaf8GgaaaWavb)(mh=4XFmHddzMM82sYk1)4.jpg;https://ei.phncdn.com/videos/202602/07/38618635/original/(m=eaf8GgaaaWavb)(mh=4XFmHddzMM82sYk1)5.jpg;https://ei.phncdn.com/videos/202602/07/38618635/original/(m=eaf8GgaaaWavb)(mh=4XFmHddzMM82sYk1)6.jpg;https://ei.phncdn.com/videos/202602/07/38618635/original/(m=eaf8GgaaaWavb)(mh=4XFmHddzMM82sYk1)7.jpg;https://ei.phncdn.com/videos/202602/07/38618635/original/(m=eaf8GgaaaWavb)(mh=4XFmHddzMM82sYk1)8.jpg;https://ei.phncdn.com/videos/202602/07/38618635/original/(m=eaf8GgaaaWavb)(mh=4XFmHddzMM82sYk1)9.jpg;https://ei.phncdn.com/videos/202602/07/38618635/original/(m=eaf8GgaaaWavb)(mh=4XFmHddzMM82sYk1)10.jpg;https://ei.phncdn.com/videos/202602/07/38618635/original/(m=eaf8GgaaaWavb)(mh=4XFmHddzMM82sYk1)11.jpg;https://ei.phncdn.com/videos/202602/07/38618635/original/(m=eaf8GgaaaWavb)(mh=4XFmHddzMM82sYk1)12.jpg;https://ei.phncdn.com/videos/202602/07/38618635/original/(m=eaf8GgaaaWavb)(mh=4XFmHddzMM82sYk1)13.jpg;https://ei.phncdn.com/videos/202602/07/38618635/original/(m=eaf8GgaaaWavb)(mh=4XFmHddzMM82sYk1)14.jpg;https://ei.phncdn.com/videos/202602/07/38618635/original/(m=eaf8GgaaaWavb)(mh=4XFmHddzMM82sYk1)15.jpg;https://ei.phncdn.com/videos/202602/07/38618635/original/(m=eaf8GgaaaWavb)(mh=4XFmHddzMM82sYk1)16.jpg|camouflage|camp-buddy;camp|Casting;Solo Male;Exclusive;Verified Amateurs;Behind The Scenes||304|7|||https://ei.phncdn.com/videos/202602/07/38618635/original/(m=eaAaGwObaaamqv)(mh=wCTfo2ExOUZROGwr)12.jpg|https://ei.phncdn.com/videos/202602/07/38618635/original/(m=eaAaGwObaaamqv)(mh=wCTfo2ExOUZROGwr)1.jpg;https://ei.phncdn.com/videos/202602/07/38618635/original/(m=eaAaGwObaaamqv)(mh=wCTfo2ExOUZROGwr)2.jpg;https://ei.phncdn.com/videos/202602/07/38618635/original/(m=eaAaGwObaaamqv)(mh=wCTfo2ExOUZROGwr)3.jpg;https://ei.phncdn.com/videos/202602/07/38618635/original/(m=eaAaGwObaaamqv)(mh=wCTfo2ExOUZROGwr)4.jpg;https://ei.phncdn.com/videos/202602/07/38618635/original/(m=eaAaGwObaaamqv)(mh=wCTfo2ExOUZROGwr)5.jpg;https://ei.phncdn.com/videos/202602/07/38618635/original/(m=eaAaGwObaaamqv)(mh=wCTfo2ExOUZROGwr)6.jpg;https://ei.phncdn.com/videos/202602/07/38618635/original/(m=eaAaGwObaaamqv)(mh=wCTfo2ExOUZROGwr)7.jpg;https://ei.phncdn.com/videos/202602/07/38618635/original/(m=eaAaGwObaaamqv)(mh=wCTfo2ExOUZROGwr)8.jpg;https://ei.phncdn.com/videos/202602/07/38618635/original/(m=eaAaGwObaaamqv)(mh=wCTfo2ExOUZROGwr)9.jpg;https://ei.phncdn.com/videos/202602/07/38618635/original/(m=eaAaGwObaaamqv)(mh=wCTfo2ExOUZROGwr)10.jpg;https://ei.phncdn.com/videos/202602/07/38618635/original/(m=eaAaGwObaaamqv)(mh=wCTfo2ExOUZROGwr)11.jpg;https://ei.phncdn.com/videos/202602/07/38618635/original/(m=eaAaGwObaaamqv)(mh=wCTfo2ExOUZROGwr)12.jpg;https://ei.phncdn.com/videos/202602/07/38618635/original/(m=eaAaGwObaaamqv)(mh=wCTfo2ExOUZROGwr)13.jpg;https://ei.phncdn.com/videos/202602/07/38618635/original/(m=eaAaGwObaaamqv)(mh=wCTfo2ExOUZROGwr)14.jpg;https://ei.phncdn.com/videos/202602/07/38618635/original/(m=eaAaGwObaaamqv)(mh=wCTfo2ExOUZROGwr)15.jpg;https://ei.phncdn.com/videos/202602/07/38618635/original/(m=eaAaGwObaaamqv)(mh=wCTfo2ExOUZROGwr)16.jpg
<iframe src="https://www.pornhub.com/embed/6986b9dc877cc" frameborder="0" height="481" width="608" scrolling="no"></iframe>|https://ei.phncdn.com/videos/202602/07/38619995/original/(m=eaf8GgaaaWavb)(mh=ZqOBaQShvPE-0IIR)12.jpg|https://ei.phncdn.com/videos/202602/07/38619995/original/(m=eaf8GgaaaWavb)(mh=ZqOBaQShvPE-0IIR)1.jpg;https://ei.phncdn.com/videos/202602/07/38619995/original/(m=eaf8GgaaaWavb)(mh=ZqOBaQShvPE-0IIR)2.jpg;https://ei.phncdn.com/videos/202602/07/38619995/original/(m=eaf8GgaaaWavb)(mh=ZqOBaQShvPE-0IIR)3.jpg;https://ei.phncdn.com/videos/202602/07/38619995/original/(m=eaf8GgaaaWavb)(mh=ZqOBaQShvPE-0IIR)4.jpg;https://ei.phncdn.com/videos/202602/07/38619995/original/(m=eaf8GgaaaWavb)(mh=ZqOBaQShvPE-0IIR)5.jpg;https://ei.phncdn.com/videos/202602/07/38619995/original/(m=eaf8GgaaaWavb)(mh=ZqOBaQShvPE-0IIR)6.jpg;https://ei.phncdn.com/videos/202602/07/38619995/original/(m=eaf8GgaaaWavb)(mh=ZqOBaQShvPE-0IIR)7.jpg;https://ei.phncdn.com/videos/202602/07/38619995/original/(m=eaf8GgaaaWavb)(mh=ZqOBaQShvPE-0IIR)8.jpg;https://ei.phncdn.com/videos/202602/07/38619995/original/(m=eaf8GgaaaWavb)(mh=ZqOBaQShvPE-0IIR)9.jpg;https://ei.phncdn.com/videos/202602/07/38619995/original/(m=eaf8GgaaaWavb)(mh=ZqOBaQShvPE-0IIR)10.jpg;https://ei.phncdn.com/videos/202602/07/38619995/original/(m=eaf8GgaaaWavb)(mh=ZqOBaQShvPE-0IIR)11.jpg;https://ei.phncdn.com/videos/202602/07/38619995/original/(m=eaf8GgaaaWavb)(mh=ZqOBaQShvPE-0IIR)12.jpg;https://ei.phncdn.com/videos/202602/07/38619995/original/(m=eaf8GgaaaWavb)(mh=ZqOBaQShvPE-0IIR)13.jpg;https://ei.phncdn.com/videos/202602/07/38619995/original/(m=eaf8GgaaaWavb)(mh=ZqOBaQShvPE-0IIR)14.jpg;https://ei.phncdn.com/videos/202602/07/38619995/original/(m=eaf8GgaaaWavb)(mh=ZqOBaQShvPE-0IIR)15.jpg;https://ei.phncdn.com/videos/202602/07/38619995/original/(m=eaf8GgaaaWavb)(mh=ZqOBaQShvPE-0IIR)16.jpg|Eager Beaver Camille Ray Lets Loose on Her First Porn Shoot|pov;pov-blowjob;missionary-pov;missionary;blowjob;handjob;doggy-style;doggystyle;pov-cowgirl;cowgirl-pov;cowgirl;reverse-cowgirl;reverse-cowgirl-pov;pussy-eating;orgasm;blonde|Casting;Exclusive;Verified Amateurs;Romantic||1063|5070|31|2|https://ei.phncdn.com/videos/202602/07/38619995/original/(m=eaAaGwObaaamqv)(mh=iZx52pxpO_z-wQIp)12.jpg|https://ei.phncdn.com/videos/202602/07/38619995/original/(m=eaAaGwObaaamqv)(mh=iZx52pxpO_z-wQIp)1.jpg;https://ei.phncdn.com/videos/202602/07/38619995/original/(m=eaAaGwObaaamqv)(mh=iZx52pxpO_z-wQIp)2.jpg;https://ei.phncdn.com/videos/202602/07/38619995/original/(m=eaAaGwObaaamqv)(mh=iZx52pxpO_z-wQIp)3.jpg;https://ei.phncdn.com/videos/202602/07/38619995/original/(m=eaAaGwObaaamqv)(mh=iZx52pxpO_z-wQIp)4.jpg;https://ei.phncdn.com/videos/202602/07/38619995/original/(m=eaAaGwObaaamqv)(mh=iZx52pxpO_z-wQIp)5.jpg;https://ei.phncdn.com/videos/202602/07/38619995/original/(m=eaAaGwObaaamqv)(mh=iZx52pxpO_z-wQIp)6.jpg;https://ei.phncdn.com/videos/202602/07/38619995/original/(m=eaAaGwObaaamqv)(mh=iZx52pxpO_z-wQIp)7.jpg;https://ei.phncdn.com/videos/202602/07/38619995/original/(m=eaAaGwObaaamqv)(mh=iZx52pxpO_z-wQIp)8.jpg;https://ei.phncdn.com/videos/202602/07/38619995/original/(m=eaAaGwObaaamqv)(mh=iZx52pxpO_z-wQIp)9.jpg;https://ei.phncdn.com/videos/202602/07/38619995/original/(m=eaAaGwObaaamqv)(mh=iZx52pxpO_z-wQIp)10.jpg;https://ei.phncdn.com/videos/202602/07/38619995/original/(m=eaAaGwObaaamqv)(mh=iZx52pxpO_z-wQIp)11.jpg;https://ei.phncdn.com/videos/202602/07/38619995/original/(m=eaAaGwObaaamqv)(mh=iZx52pxpO_z-wQIp)12.jpg;https://ei.phncdn.com/videos/202602/07/38619995/original/(m=eaAaGwObaaamqv)(mh=iZx52pxpO_z-wQIp)13.jpg;https://ei.phncdn.com/videos/202602/07/38619995/original/(m=eaAaGwObaaamqv)(mh=iZx52pxpO_z-wQIp)14.jpg;https://ei.phncdn.com/videos/202602/07/38619995/original/(m=eaAaGwObaaamqv)(mh=iZx52pxpO_z-wQIp)15.jpg;https://ei.phncdn.com/videos/202602/07/38619995/original/(m=eaAaGwObaaamqv)(mh=iZx52pxpO_z-wQIp)16.jpg
<iframe src="https://www.pornhub.com/embed/6986cd9a64b58" frameborder="0" height="481" width="608" scrolling="no"></iframe>|https://ei.phncdn.com/videos/202602/07/38625065/original/(m=eaf8GgaaaWavb)(mh=DFovUr0aiuPUtGJc)11.jpg|https://ei.phncdn.com/videos/202602/07/38625065/original/(m=eaf8GgaaaWavb)(mh=DFovUr0aiuPUtGJc)1.jpg;https://ei.phncdn.com/videos/202602/07/38625065/original/(m=eaf8GgaaaWavb)(mh=DFovUr0aiuPUtGJc)2.jpg;https://ei.phncdn.com/videos/202602/07/38625065/original/(m=eaf8GgaaaWavb)(mh=DFovUr0aiuPUtGJc)3.jpg;https://ei.phncdn.com/videos/202602/07/38625065/original/(m=eaf8GgaaaWavb)(mh=DFovUr0aiuPUtGJc)4.jpg;https://ei.phncdn.com/videos/202602/07/38625065/original/(m=eaf8GgaaaWavb)(mh=DFovUr0aiuPUtGJc)5.jpg;https://ei.phncdn.com/videos/202602/07/38625065/original/(m=eaf8GgaaaWavb)(mh=DFovUr0aiuPUtGJc)6.jpg;https://ei.phncdn.com/videos/202602/07/38625065/original/(m=eaf8GgaaaWavb)(mh=DFovUr0aiuPUtGJc)7.jpg;https://ei.phncdn.com/videos/202602/07/38625065/original/(m=eaf8GgaaaWavb)(mh=DFovUr0aiuPUtGJc)8.jpg;https://ei.phncdn.com/videos/202602/07/38625065/original/(m=eaf8GgaaaWavb)(mh=DFovUr0aiuPUtGJc)9.jpg;https://ei.phncdn.com/videos/202602/07/38625065/original/(m=eaf8GgaaaWavb)(mh=DFovUr0aiuPUtGJc)10.jpg;https://ei.phncdn.com/videos/202602/07/38625065/original/(m=eaf8GgaaaWavb)(mh=DFovUr0aiuPUtGJc)11.jpg;https://ei.phncdn.com/videos/202602/07/38625065/original/(m=eaf8GgaaaWavb)(mh=DFovUr0aiuPUtGJc)12.jpg;https://ei.phncdn.com/videos/202602/07/38625065/original/(m=eaf8GgaaaWavb)(mh=DFovUr0aiuPUtGJc)13.jpg;https://ei.phncdn.com/videos/202602/07/38625065/original/(m=eaf8GgaaaWavb)(mh=DFovUr0aiuPUtGJc)14.jpg;https://ei.phncdn.com/videos/202602/07/38625065/original/(m=eaf8GgaaaWavb)(mh=DFovUr0aiuPUtGJc)15.jpg;https://ei.phncdn.com/videos/202602/07/38625065/original/(m=eaf8GgaaaWavb)(mh=DFovUr0aiuPUtGJc)16.jpg|SANKTOR  BEAUTIFUL BUSTY ASIAN MILF IS TEASING|sanktor;met-art;hegre;nude-art;erotic;asian;anal-milf;big-tits;music;amateur-striptease|Casting;Music;Solo Female;Romantic||63|4493|18|3|https://ei.phncdn.com/videos/202602/07/38625065/original/(m=eaAaGwObaaamqv)(mh=eiyGPBR5MtG41dVb)11.jpg|https://ei.phncdn.com/videos/202602/07/38625065/original/(m=eaAaGwObaaamqv)(mh=eiyGPBR5MtG41dVb)1.jpg;https://ei.phncdn.com/videos/202602/07/38625065/original/(m=eaAaGwObaaamqv)(mh=eiyGPBR5MtG41dVb)2.jpg;https://ei.phncdn.com/videos/202602/07/38625065/original/(m=eaAaGwObaaamqv)(mh=eiyGPBR5MtG41dVb)3.jpg;https://ei.phncdn.com/videos/202602/07/38625065/original/(m=eaAaGwObaaamqv)(mh=eiyGPBR5MtG41dVb)4.jpg;https://ei.phncdn.com/videos/202602/07/38625065/original/(m=eaAaGwObaaamqv)(mh=eiyGPBR5MtG41dVb)5.jpg;https://ei.phncdn.com/videos/202602/07/38625065/original/(m=eaAaGwObaaamqv)(mh=eiyGPBR5MtG41dVb)6.jpg;https://ei.phncdn.com/videos/202602/07/38625065/original/(m=eaAaGwObaaamqv)(mh=eiyGPBR5MtG41dVb)7.jpg;https://ei.phncdn.com/videos/202602/07/38625065/original/(m=eaAaGwObaaamqv)(mh=eiyGPBR5MtG41dVb)8.jpg;https://ei.phncdn.com/videos/202602/07/38625065/original/(m=eaAaGwObaaamqv)(mh=eiyGPBR5MtG41dVb)9.jpg;https://ei.phncdn.com/videos/202602/07/38625065/original/(m=eaAaGwObaaamqv)(mh=eiyGPBR5MtG41dVb)10.jpg;https://ei.phncdn.com/videos/202602/07/38625065/original/(m=eaAaGwObaaamqv)(mh=eiyGPBR5MtG41dVb)11.jpg;https://ei.phncdn.com/videos/202602/07/38625065/original/(m=eaAaGwObaaamqv)(mh=eiyGPBR5MtG41dVb)12.jpg;https://ei.phncdn.com/videos/202602/07/38625065/original/(m=eaAaGwObaaamqv)(mh=eiyGPBR5MtG41dVb)13.jpg;https://ei.phncdn.com/videos/202602/07/38625065/original/(m=eaAaGwObaaamqv)(mh=eiyGPBR5MtG41dVb)14.jpg;https://ei.phncdn.com/videos/202602/07/38625065/original/(m=eaAaGwObaaamqv)(mh=eiyGPBR5MtG41dVb)15.jpg;https://ei.phncdn.com/videos/202602/07/38625065/original/(m=eaAaGwObaaamqv)(mh=eiyGPBR5MtG41dVb)16.jpg
<iframe src="https://www.pornhub.com/embed/6986cd9a6c4ba" frameborder="0" height="481" width="608" scrolling="no"></iframe>|https://ei.phncdn.com/videos/202602/07/38625075/original/(m=eaf8GgaaaWavb)(mh=ZMvmY-gkrEZPYUXE)5.jpg|https://ei.phncdn.com/videos/202602/07/38625075/original/(m=eaf8GgaaaWavb)(mh=ZMvmY-gkrEZPYUXE)1.jpg;https://ei.phncdn.com/videos/202602/07/38625075/original/(m=eaf8GgaaaWavb)(mh=ZMvmY-gkrEZPYUXE)2.jpg;https://ei.phncdn.com/videos/202602/07/38625075/original/(m=eaf8GgaaaWavb)(mh=ZMvmY-gkrEZPYUXE)3.jpg;https://ei.phncdn.com/videos/202602/07/38625075/original/(m=eaf8GgaaaWavb)(mh=ZMvmY-gkrEZPYUXE)4.jpg;https://ei.phncdn.com/videos/202602/07/38625075/original/(m=eaf8GgaaaWavb)(mh=ZMvmY-gkrEZPYUXE)5.jpg;https://ei.phncdn.com/videos/202602/07/38625075/original/(m=eaf8GgaaaWavb)(mh=ZMvmY-gkrEZPYUXE)6.jpg;https://ei.phncdn.com/videos/202602/07/38625075/original/(m=eaf8GgaaaWavb)(mh=ZMvmY-gkrEZPYUXE)7.jpg;https://ei.phncdn.com/videos/202602/07/38625075/original/(m=eaf8GgaaaWavb)(mh=ZMvmY-gkrEZPYUXE)8.jpg;https://ei.phncdn.com/videos/202602/07/38625075/original/(m=eaf8GgaaaWavb)(mh=ZMvmY-gkrEZPYUXE)9.jpg;https://ei.phncdn.com/videos/202602/07/38625075/original/(m=eaf8GgaaaWavb)(mh=ZMvmY-gkrEZPYUXE)10.jpg;https://ei.phncdn.com/videos/202602/07/38625075/original/(m=eaf8GgaaaWavb)(mh=ZMvmY-gkrEZPYUXE)11.jpg;https://ei.phncdn.com/videos/202602/07/38625075/original/(m=eaf8GgaaaWavb)(mh=ZMvmY-gkrEZPYUXE)12.jpg;https://ei.phncdn.com/videos/202602/07/38625075/original/(m=eaf8GgaaaWavb)(mh=ZMvmY-gkrEZPYUXE)13.jpg;https://ei.phncdn.com/videos/202602/07/38625075/original/(m=eaf8GgaaaWavb)(mh=ZMvmY-gkrEZPYUXE)14.jpg;https://ei.phncdn.com/videos/202602/07/38625075/original/(m=eaf8GgaaaWavb)(mh=ZMvmY-gkrEZPYUXE)15.jpg;https://ei.phncdn.com/videos/202602/07/38625075/original/(m=eaf8GgaaaWavb)(mh=ZMvmY-gkrEZPYUXE)16.jpg|SANKTOR  SKINNY TALL ASIAN ART NUDE MODEL TEASING|bdsm-slave;asian;sanktor;met-art;hegre;nude-art;solo-masturbation;real-orgasm;big-ass-oiled;shower;music;amateur-striptease;small-tits;skinny|Casting;Music;Solo Female;Romantic||51|1629|6|0|https://ei.phncdn.com/videos/202602/07/38625075/original/(m=eaAaGwObaaamqv)(mh=GnU9w3LQLFa5KMLY)5.jpg|https://ei.phncdn.com/videos/202602/07/38625075/original/(m=eaAaGwObaaamqv)(mh=GnU9w3LQLFa5KMLY)1.jpg;https://ei.phncdn.com/videos/202602/07/38625075/original/(m=eaAaGwObaaamqv)(mh=GnU9w3LQLFa5KMLY)2.jpg;https://ei.phncdn.com/videos/202602/07/38625075/original/(m=eaAaGwObaaamqv)(mh=GnU9w3LQLFa5KMLY)3.jpg;https://ei.phncdn.com/videos/202602/07/38625075/original/(m=eaAaGwObaaamqv)(mh=GnU9w3LQLFa5KMLY)4.jpg;https://ei.phncdn.com/videos/202602/07/38625075/original/(m=eaAaGwObaaamqv)(mh=GnU9w3LQLFa5KMLY)5.jpg;https://ei.phncdn.com/videos/202602/07/38625075/original/(m=eaAaGwObaaamqv)(mh=GnU9w3LQLFa5KMLY)6.jpg;https://ei.phncdn.com/videos/202602/07/38625075/original/(m=eaAaGwObaaamqv)(mh=GnU9w3LQLFa5KMLY)7.jpg;https://ei.phncdn.com/videos/202602/07/38625075/original/(m=eaAaGwObaaamqv)(mh=GnU9w3LQLFa5KMLY)8.jpg;https://ei.phncdn.com/videos/202602/07/38625075/original/(m=eaAaGwObaaamqv)(mh=GnU9w3LQLFa5KMLY)9.jpg;https://ei.phncdn.com/videos/202602/07/38625075/original/(m=eaAaGwObaaamqv)(mh=GnU9w3LQLFa5KMLY)10.jpg;https://ei.phncdn.com/videos/202602/07/38625075/original/(m=eaAaGwObaaamqv)(mh=GnU9w3LQLFa5KMLY)11.jpg;https://ei.phncdn.com/videos/202602/07/38625075/original/(m=eaAaGwObaaamqv)(mh=GnU9w3LQLFa5KMLY)12.jpg;https://ei.phncdn.com/videos/202602/07/38625075/original/(m=eaAaGwObaaamqv)(mh=GnU9w3LQLFa5KMLY)13.jpg;https://ei.phncdn.com/videos/202602/07/38625075/original/(m=eaAaGwObaaamqv)(mh=GnU9w3LQLFa5KMLY)14.jpg;https://ei.phncdn.com/videos/202602/07/38625075/original/(m=eaAaGwObaaamqv)(mh=GnU9w3LQLFa5KMLY)15.jpg;https://ei.phncdn.com/videos/202602/07/38625075/original/(m=eaAaGwObaaamqv)(mh=GnU9w3LQLFa5KMLY)16.jpg
<iframe src="https://www.pornhub.com/embed/6986cd9a6f6bd" frameborder="0" height="481" width="608" scrolling="no"></iframe>|https://ei.phncdn.com/videos/202602/07/38625085/original/(m=eaf8GgaaaWavb)(mh=rMDoD8bq35IEI9VJ)9.jpg|https://ei.phncdn.com/videos/202602/07/38625085/original/(m=eaf8GgaaaWavb)(mh=rMDoD8bq35IEI9VJ)1.jpg;https://ei.phncdn.com/videos/202602/07/38625085/original/(m=eaf8GgaaaWavb)(mh=rMDoD8bq35IEI9VJ)2.jpg;https://ei.phncdn.com/videos/202602/07/38625085/original/(m=eaf8GgaaaWavb)(mh=rMDoD8bq35IEI9VJ)3.jpg;https://ei.phncdn.com/videos/202602/07/38625085/original/(m=eaf8GgaaaWavb)(mh=rMDoD8bq35IEI9VJ)4.jpg;https://ei.phncdn.com/videos/202602/07/38625085/original/(m=eaf8GgaaaWavb)(mh=rMDoD8bq35IEI9VJ)5.jpg;https://ei.phncdn.com/videos/202602/07/38625085/original/(m=eaf8GgaaaWavb)(mh=rMDoD8bq35IEI9VJ)6.jpg;https://ei.phncdn.com/videos/202602/07/38625085/original/(m=eaf8GgaaaWavb)(mh=rMDoD8bq35IEI9VJ)7.jpg;https://ei.phncdn.com/videos/202602/07/38625085/original/(m=eaf8GgaaaWavb)(mh=rMDoD8bq35IEI9VJ)8.jpg;https://ei.phncdn.com/videos/202602/07/38625085/original/(m=eaf8GgaaaWavb)(mh=rMDoD8bq35IEI9VJ)9.jpg;https://ei.phncdn.com/videos/202602/07/38625085/original/(m=eaf8GgaaaWavb)(mh=rMDoD8bq35IEI9VJ)10.jpg;https://ei.phncdn.com/videos/202602/07/38625085/original/(m=eaf8GgaaaWavb)(mh=rMDoD8bq35IEI9VJ)11.jpg;https://ei.phncdn.com/videos/202602/07/38625085/original/(m=eaf8GgaaaWavb)(mh=rMDoD8bq35IEI9VJ)12.jpg;https://ei.phncdn.com/videos/202602/07/38625085/original/(m=eaf8GgaaaWavb)(mh=rMDoD8bq35IEI9VJ)13.jpg;https://ei.phncdn.com/videos/202602/07/38625085/original/(m=eaf8GgaaaWavb)(mh=rMDoD8bq35IEI9VJ)14.jpg;https://ei.phncdn.com/videos/202602/07/38625085/original/(m=eaf8GgaaaWavb)(mh=rMDoD8bq35IEI9VJ)15.jpg;https://ei.phncdn.com/videos/202602/07/38625085/original/(m=eaf8GgaaaWavb)(mh=rMDoD8bq35IEI9VJ)16.jpg|SANKTOR  ASIAN TATTOOED FITNESS MILF MASTURBATES|sanktor;met-art;hegre;nude-art;solo-masturbation;asian;asian-milf;tattoo-milf;music;amateur-striptease;romantic;real-orgasm;fitness;perfect-body|Casting;Music;Solo Female;Romantic||61|1371|8|1|https://ei.phncdn.com/videos/202602/07/38625085/original/(m=eaAaGwObaaamqv)(mh=jBjBay8X3Yn9EABY)9.jpg|https://ei.phncdn.com/videos/202602/07/38625085/original/(m=eaAaGwObaaamqv)(mh=jBjBay8X3Yn9EABY)1.jpg;https://ei.phncdn.com/videos/202602/07/38625085/original/(m=eaAaGwObaaamqv)(mh=jBjBay8X3Yn9EABY)2.jpg;https://ei.phncdn.com/videos/202602/07/38625085/original/(m=eaAaGwObaaamqv)(mh=jBjBay8X3Yn9EABY)3.jpg;https://ei.phncdn.com/videos/202602/07/38625085/original/(m=eaAaGwObaaamqv)(mh=jBjBay8X3Yn9EABY)4.jpg;https://ei.phncdn.com/videos/202602/07/38625085/original/(m=eaAaGwObaaamqv)(mh=jBjBay8X3Yn9EABY)5.jpg;https://ei.phncdn.com/videos/202602/07/38625085/original/(m=eaAaGwObaaamqv)(mh=jBjBay8X3Yn9EABY)6.jpg;https://ei.phncdn.com/videos/202602/07/38625085/original/(m=eaAaGwObaaamqv)(mh=jBjBay8X3Yn9EABY)7.jpg;https://ei.phncdn.com/videos/202602/07/38625085/original/(m=eaAaGwObaaamqv)(mh=jBjBay8X3Yn9EABY)8.jpg;https://ei.phncdn.com/videos/202602/07/38625085/original/(m=eaAaGwObaaamqv)(mh=jBjBay8X3Yn9EABY)9.jpg;https://ei.phncdn.com/videos/202602/07/38625085/original/(m=eaAaGwObaaamqv)(mh=jBjBay8X3Yn9EABY)10.jpg;https://ei.phncdn.com/videos/202602/07/38625085/original/(m=eaAaGwObaaamqv)(mh=jBjBay8X3Yn9EABY)11.jpg;https://ei.phncdn.com/videos/202602/07/38625085/original/(m=eaAaGwObaaamqv)(mh=jBjBay8X3Yn9EABY)12.jpg;https://ei.phncdn.com/videos/202602/07/38625085/original/(m=eaAaGwObaaamqv)(mh=jBjBay8X3Yn9EABY)13.jpg;https://ei.phncdn.com/videos/202602/07/38625085/original/(m=eaAaGwObaaamqv)(mh=jBjBay8X3Yn9EABY)14.jpg;https://ei.phncdn.com/videos/202602/07/38625085/original/(m=eaAaGwObaaamqv)(mh=jBjBay8X3Yn9EABY)15.jpg;https://ei.phncdn.com/videos/202602/07/38625085/original/(m=eaAaGwObaaamqv)(mh=jBjBay8X3Yn9EABY)16.jpg
<iframe src="https://www.pornhub.com/embed/6986cd9a8873d" frameborder="0" height="481" width="608" scrolling="no"></iframe>|https://ei.phncdn.com/videos/202602/07/38625095/original/(m=eaf8GgaaaWavb)(mh=zmJkVke4wmbXv-A8)11.jpg|https://ei.phncdn.com/videos/202602/07/38625095/original/(m=eaf8GgaaaWavb)(mh=zmJkVke4wmbXv-A8)1.jpg;https://ei.phncdn.com/videos/202602/07/38625095/original/(m=eaf8GgaaaWavb)(mh=zmJkVke4wmbXv-A8)2.jpg;https://ei.phncdn.com/videos/202602/07/38625095/original/(m=eaf8GgaaaWavb)(mh=zmJkVke4wmbXv-A8)3.jpg;https://ei.phncdn.com/videos/202602/07/38625095/original/(m=eaf8GgaaaWavb)(mh=zmJkVke4wmbXv-A8)4.jpg;https://ei.phncdn.com/videos/202602/07/38625095/original/(m=eaf8GgaaaWavb)(mh=zmJkVke4wmbXv-A8)5.jpg;https://ei.phncdn.com/videos/202602/07/38625095/original/(m=eaf8GgaaaWavb)(mh=zmJkVke4wmbXv-A8)6.jpg;https://ei.phncdn.com/videos/202602/07/38625095/original/(m=eaf8GgaaaWavb)(mh=zmJkVke4wmbXv-A8)7.jpg;https://ei.phncdn.com/videos/202602/07/38625095/original/(m=eaf8GgaaaWavb)(mh=zmJkVke4wmbXv-A8)8.jpg;https://ei.phncdn.com/videos/202602/07/38625095/original/(m=eaf8GgaaaWavb)(mh=zmJkVke4wmbXv-A8)9.jpg;https://ei.phncdn.com/videos/202602/07/38625095/original/(m=eaf8GgaaaWavb)(mh=zmJkVke4wmbXv-A8)10.jpg;https://ei.phncdn.com/videos/202602/07/38625095/original/(m=eaf8GgaaaWavb)(mh=zmJkVke4wmbXv-A8)11.jpg;https://ei.phncdn.com/videos/202602/07/38625095/original/(m=eaf8GgaaaWavb)(mh=zmJkVke4wmbXv-A8)12.jpg;https://ei.phncdn.com/videos/202602/07/38625095/original/(m=eaf8GgaaaWavb)(mh=zmJkVke4wmbXv-A8)13.jpg;https://ei.phncdn.com/videos/202602/07/38625095/original/(m=eaf8GgaaaWavb)(mh=zmJkVke4wmbXv-A8)14.jpg;https://ei.phncdn.com/videos/202602/07/38625095/original/(m=eaf8GgaaaWavb)(mh=zmJkVke4wmbXv-A8)15.jpg;https://ei.phncdn.com/videos/202602/07/38625095/original/(m=eaf8GgaaaWavb)(mh=zmJkVke4wmbXv-A8)16.jpg|SANKTOR  TOPLESS CURVY NATIVE AMERICAN GIRL AT THE RANCHO|native-american;sanktor;curvy;bbw;asian-milf;met-art;hegre;nude-art;huge-tits;big-butt;erotic;big-tits-milf;outdoor;ethnic;busty-milf;solo-masturbation|Casting;Music;Solo Female;Romantic||52|2419|9|1|https://ei.phncdn.com/videos/202602/07/38625095/original/(m=eaAaGwObaaamqv)(mh=d9glgOu8z2zRkUKx)11.jpg|https://ei.phncdn.com/videos/202602/07/38625095/original/(m=eaAaGwObaaamqv)(mh=d9glgOu8z2zRkUKx)1.jpg;https://ei.phncdn.com/videos/202602/07/38625095/original/(m=eaAaGwObaaamqv)(mh=d9glgOu8z2zRkUKx)2.jpg;https://ei.phncdn.com/videos/202602/07/38625095/original/(m=eaAaGwObaaamqv)(mh=d9glgOu8z2zRkUKx)3.jpg;https://ei.phncdn.com/videos/202602/07/38625095/original/(m=eaAaGwObaaamqv)(mh=d9glgOu8z2zRkUKx)4.jpg;https://ei.phncdn.com/videos/202602/07/38625095/original/(m=eaAaGwObaaamqv)(mh=d9glgOu8z2zRkUKx)5.jpg;https://ei.phncdn.com/videos/202602/07/38625095/original/(m=eaAaGwObaaamqv)(mh=d9glgOu8z2zRkUKx)6.jpg;https://ei.phncdn.com/videos/202602/07/38625095/original/(m=eaAaGwObaaamqv)(mh=d9glgOu8z2zRkUKx)7.jpg;https://ei.phncdn.com/videos/202602/07/38625095/original/(m=eaAaGwObaaamqv)(mh=d9glgOu8z2zRkUKx)8.jpg;https://ei.phncdn.com/videos/202602/07/38625095/original/(m=eaAaGwObaaamqv)(mh=d9glgOu8z2zRkUKx)9.jpg;https://ei.phncdn.com/videos/202602/07/38625095/original/(m=eaAaGwObaaamqv)(mh=d9glgOu8z2zRkUKx)10.jpg;https://ei.phncdn.com/videos/202602/07/38625095/original/(m=eaAaGwObaaamqv)(mh=d9glgOu8z2zRkUKx)11.jpg;https://ei.phncdn.com/videos/202602/07/38625095/original/(m=eaAaGwObaaamqv)(mh=d9glgOu8z2zRkUKx)12.jpg;https://ei.phncdn.com/videos/202602/07/38625095/original/(m=eaAaGwObaaamqv)(mh=d9glgOu8z2zRkUKx)13.jpg;https://ei.phncdn.com/videos/202602/07/38625095/original/(m=eaAaGwObaaamqv)(mh=d9glgOu8z2zRkUKx)14.jpg;https://ei.phncdn.com/videos/202602/07/38625095/original/(m=eaAaGwObaaamqv)(mh=d9glgOu8z2zRkUKx)15.jpg;https://ei.phncdn.com/videos/202602/07/38625095/original/(m=eaAaGwObaaamqv)(mh=d9glgOu8z2zRkUKx)16.jpg
<iframe src="https://www.pornhub.com/embed/6987ff9d38447" frameborder="0" height="481" width="608" scrolling="no"></iframe>|https://ei.phncdn.com/videos/202602/08/38710755/original/(m=eaf8GgaaaWavb)(mh=XUgwTtykDg2PFsch)14.jpg|https://ei.phncdn.com/videos/202602/08/38710755/original/(m=eaf8GgaaaWavb)(mh=XUgwTtykDg2PFsch)1.jpg;https://ei.phncdn.com/videos/202602/08/38710755/original/(m=eaf8GgaaaWavb)(mh=XUgwTtykDg2PFsch)2.jpg;https://ei.phncdn.com/videos/202602/08/38710755/original/(m=eaf8GgaaaWavb)(mh=XUgwTtykDg2PFsch)3.jpg;https://ei.phncdn.com/videos/202602/08/38710755/original/(m=eaf8GgaaaWavb)(mh=XUgwTtykDg2PFsch)4.jpg;https://ei.phncdn.com/videos/202602/08/38710755/original/(m=eaf8GgaaaWavb)(mh=XUgwTtykDg2PFsch)5.jpg;https://ei.phncdn.com/videos/202602/08/38710755/original/(m=eaf8GgaaaWavb)(mh=XUgwTtykDg2PFsch)6.jpg;https://ei.phncdn.com/videos/202602/08/38710755/original/(m=eaf8GgaaaWavb)(mh=XUgwTtykDg2PFsch)7.jpg;https://ei.phncdn.com/videos/202602/08/38710755/original/(m=eaf8GgaaaWavb)(mh=XUgwTtykDg2PFsch)8.jpg;https://ei.phncdn.com/videos/202602/08/38710755/original/(m=eaf8GgaaaWavb)(mh=XUgwTtykDg2PFsch)9.jpg;https://ei.phncdn.com/videos/202602/08/38710755/original/(m=eaf8GgaaaWavb)(mh=XUgwTtykDg2PFsch)10.jpg;https://ei.phncdn.com/videos/202602/08/38710755/original/(m=eaf8GgaaaWavb)(mh=XUgwTtykDg2PFsch)11.jpg;https://ei.phncdn.com/videos/202602/08/38710755/original/(m=eaf8GgaaaWavb)(mh=XUgwTtykDg2PFsch)12.jpg;https://ei.phncdn.com/videos/202602/08/38710755/original/(m=eaf8GgaaaWavb)(mh=XUgwTtykDg2PFsch)13.jpg;https://ei.phncdn.com/videos/202602/08/38710755/original/(m=eaf8GgaaaWavb)(mh=XUgwTtykDg2PFsch)14.jpg;https://ei.phncdn.com/videos/202602/08/38710755/original/(m=eaf8GgaaaWavb)(mh=XUgwTtykDg2PFsch)15.jpg;https://ei.phncdn.com/videos/202602/08/38710755/original/(m=eaf8GgaaaWavb)(mh=XUgwTtykDg2PFsch)16.jpg|My stepmom is a bitch in bed.|fucking-my-stepmom;my-hot-stepmom;stepmom;big-natural-tits;big-tits-milf;big-dick-tight-pussy|Casting;Exclusive;Verified Amateurs;Step Fantasy;Romantic||436|2154|19|1|https://ei.phncdn.com/videos/202602/08/38710755/original/(m=eaAaGwObaaamqv)(mh=J0JNZlK2dY-ZYoEt)14.jpg|https://ei.phncdn.com/videos/202602/08/38710755/original/(m=eaAaGwObaaamqv)(mh=J0JNZlK2dY-ZYoEt)1.jpg;https://ei.phncdn.com/videos/202602/08/38710755/original/(m=eaAaGwObaaamqv)(mh=J0JNZlK2dY-ZYoEt)2.jpg;https://ei.phncdn.com/videos/202602/08/38710755/original/(m=eaAaGwObaaamqv)(mh=J0JNZlK2dY-ZYoEt)3.jpg;https://ei.phncdn.com/videos/202602/08/38710755/original/(m=eaAaGwObaaamqv)(mh=J0JNZlK2dY-ZYoEt)4.jpg;https://ei.phncdn.com/videos/202602/08/38710755/original/(m=eaAaGwObaaamqv)(mh=J0JNZlK2dY-ZYoEt)5.jpg;https://ei.phncdn.com/videos/202602/08/38710755/original/(m=eaAaGwObaaamqv)(mh=J0JNZlK2dY-ZYoEt)6.jpg;https://ei.phncdn.com/videos/202602/08/38710755/original/(m=eaAaGwObaaamqv)(mh=J0JNZlK2dY-ZYoEt)7.jpg;https://ei.phncdn.com/videos/202602/08/38710755/original/(m=eaAaGwObaaamqv)(mh=J0JNZlK2dY-ZYoEt)8.jpg;https://ei.phncdn.com/videos/202602/08/38710755/original/(m=eaAaGwObaaamqv)(mh=J0JNZlK2dY-ZYoEt)9.jpg;https://ei.phncdn.com/videos/202602/08/38710755/original/(m=eaAaGwObaaamqv)(mh=J0JNZlK2dY-ZYoEt)10.jpg;https://ei.phncdn.com/videos/202602/08/38710755/original/(m=eaAaGwObaaamqv)(mh=J0JNZlK2dY-ZYoEt)11.jpg;https://ei.phncdn.com/videos/202602/08/38710755/original/(m=eaAaGwObaaamqv)(mh=J0JNZlK2dY-ZYoEt)12.jpg;https://ei.phncdn.com/videos/202602/08/38710755/original/(m=eaAaGwObaaamqv)(mh=J0JNZlK2dY-ZYoEt)13.jpg;https://ei.phncdn.com/videos/202602/08/38710755/original/(m=eaAaGwObaaamqv)(mh=J0JNZlK2dY-ZYoEt)14.jpg;https://ei.phncdn.com/videos/202602/08/38710755/original/(m=eaAaGwObaaamqv)(mh=J0JNZlK2dY-ZYoEt)15.jpg;https://ei.phncdn.com/videos/202602/08/38710755/original/(m=eaAaGwObaaamqv)(mh=J0JNZlK2dY-ZYoEt)16.jpg
<iframe src="https://www.pornhub.com/embed/69896da14d59c" frameborder="0" height="481" width="608" scrolling="no"></iframe>|https://ei.phncdn.com/videos/202602/09/38809185/original/(m=eaf8GgaaaWavb)(mh=xvr6u4PkzXyf8myB)16.jpg|https://ei.phncdn.com/videos/202602/09/38809185/original/(m=eaf8GgaaaWavb)(mh=xvr6u4PkzXyf8myB)1.jpg;https://ei.phncdn.com/videos/202602/09/38809185/original/(m=eaf8GgaaaWavb)(mh=xvr6u4PkzXyf8myB)2.jpg;https://ei.phncdn.com/videos/202602/09/38809185/original/(m=eaf8GgaaaWavb)(mh=xvr6u4PkzXyf8myB)3.jpg;https://ei.phncdn.com/videos/202602/09/38809185/original/(m=eaf8GgaaaWavb)(mh=xvr6u4PkzXyf8myB)4.jpg;https://ei.phncdn.com/videos/202602/09/38809185/original/(m=eaf8GgaaaWavb)(mh=xvr6u4PkzXyf8myB)5.jpg;https://ei.phncdn.com/videos/202602/09/38809185/original/(m=eaf8GgaaaWavb)(mh=xvr6u4PkzXyf8myB)6.jpg;https://ei.phncdn.com/videos/202602/09/38809185/original/(m=eaf8GgaaaWavb)(mh=xvr6u4PkzXyf8myB)7.jpg;https://ei.phncdn.com/videos/202602/09/38809185/original/(m=eaf8GgaaaWavb)(mh=xvr6u4PkzXyf8myB)8.jpg;https://ei.phncdn.com/videos/202602/09/38809185/original/(m=eaf8GgaaaWavb)(mh=xvr6u4PkzXyf8myB)9.jpg;https://ei.phncdn.com/videos/202602/09/38809185/original/(m=eaf8GgaaaWavb)(mh=xvr6u4PkzXyf8myB)10.jpg;https://ei.phncdn.com/videos/202602/09/38809185/original/(m=eaf8GgaaaWavb)(mh=xvr6u4PkzXyf8myB)11.jpg;https://ei.phncdn.com/videos/202602/09/38809185/original/(m=eaf8GgaaaWavb)(mh=xvr6u4PkzXyf8myB)12.jpg;https://ei.phncdn.com/videos/202602/09/38809185/original/(m=eaf8GgaaaWavb)(mh=xvr6u4PkzXyf8myB)13.jpg;https://ei.phncdn.com/videos/202602/09/38809185/original/(m=eaf8GgaaaWavb)(mh=xvr6u4PkzXyf8myB)14.jpg;https://ei.phncdn.com/videos/202602/09/38809185/original/(m=eaf8GgaaaWavb)(mh=xvr6u4PkzXyf8myB)15.jpg;https://ei.phncdn.com/videos/202602/09/38809185/original/(m=eaf8GgaaaWavb)(mh=xvr6u4PkzXyf8myB)16.jpg|My dick is so weak, I wonder if I can hold back! 😖|edging;ruined-orgasm;nipple-play;femdom;cfnm;tease-and-denial;s女;cum-control;slave;m男;mistress;nipple;乳首責め;乳首;手コキ;寸止め|Casting;Verified Amateurs;Cosplay||268|7143|9|1|https://ei.phncdn.com/videos/202602/09/38809185/original/(m=eaAaGwObaaamqv)(mh=rbATJVKrNfKpL6QH)16.jpg|https://ei.phncdn.com/videos/202602/09/38809185/original/(m=eaAaGwObaaamqv)(mh=rbATJVKrNfKpL6QH)1.jpg;https://ei.phncdn.com/videos/202602/09/38809185/original/(m=eaAaGwObaaamqv)(mh=rbATJVKrNfKpL6QH)2.jpg;https://ei.phncdn.com/videos/202602/09/38809185/original/(m=eaAaGwObaaamqv)(mh=rbATJVKrNfKpL6QH)3.jpg;https://ei.phncdn.com/videos/202602/09/38809185/original/(m=eaAaGwObaaamqv)(mh=rbATJVKrNfKpL6QH)4.jpg;https://ei.phncdn.com/videos/202602/09/38809185/original/(m=eaAaGwObaaamqv)(mh=rbATJVKrNfKpL6QH)5.jpg;https://ei.phncdn.com/videos/202602/09/38809185/original/(m=eaAaGwObaaamqv)(mh=rbATJVKrNfKpL6QH)6.jpg;https://ei.phncdn.com/videos/202602/09/38809185/original/(m=eaAaGwObaaamqv)(mh=rbATJVKrNfKpL6QH)7.jpg;https://ei.phncdn.com/videos/202602/09/38809185/original/(m=eaAaGwObaaamqv)(mh=rbATJVKrNfKpL6QH)8.jpg;https://ei.phncdn.com/videos/202602/09/38809185/original/(m=eaAaGwObaaamqv)(mh=rbATJVKrNfKpL6QH)9.jpg;https://ei.phncdn.com/videos/202602/09/38809185/original/(m=eaAaGwObaaamqv)(mh=rbATJVKrNfKpL6QH)10.jpg;https://ei.phncdn.com/videos/202602/09/38809185/original/(m=eaAaGwObaaamqv)(mh=rbATJVKrNfKpL6QH)11.jpg;https://ei.phncdn.com/videos/202602/09/38809185/original/(m=eaAaGwObaaamqv)(mh=rbATJVKrNfKpL6QH)12.jpg;https://ei.phncdn.com/videos/202602/09/38809185/original/(m=eaAaGwObaaamqv)(mh=rbATJVKrNfKpL6QH)13.jpg;https://ei.phncdn.com/videos/202602/09/38809185/original/(m=eaAaGwObaaamqv)(mh=rbATJVKrNfKpL6QH)14.jpg;https://ei.phncdn.com/videos/202602/09/38809185/original/(m=eaAaGwObaaamqv)(mh=rbATJVKrNfKpL6QH)15.jpg;https://ei.phncdn.com/videos/202602/09/38809185/original/(m=eaAaGwObaaamqv)(mh=rbATJVKrNfKpL6QH)16.jpg
<iframe src="https://www.pornhub.com/embed/698a6a146582a" frameborder="0" height="481" width="608" scrolling="no"></iframe>|https://ei.phncdn.com/videos/202602/09/38889485/original/(m=eaf8GgaaaWavb)(mh=_MTbL5JD2YCUPlCN)1.jpg|https://ei.phncdn.com/videos/202602/09/38889485/original/(m=eaf8GgaaaWavb)(mh=_MTbL5JD2YCUPlCN)1.jpg;https://ei.phncdn.com/videos/202602/09/38889485/original/(m=eaf8GgaaaWavb)(mh=_MTbL5JD2YCUPlCN)2.jpg;https://ei.phncdn.com/videos/202602/09/38889485/original/(m=eaf8GgaaaWavb)(mh=_MTbL5JD2YCUPlCN)3.jpg;https://ei.phncdn.com/videos/202602/09/38889485/original/(m=eaf8GgaaaWavb)(mh=_MTbL5JD2YCUPlCN)4.jpg;https://ei.phncdn.com/videos/202602/09/38889485/original/(m=eaf8GgaaaWavb)(mh=_MTbL5JD2YCUPlCN)5.jpg;https://ei.phncdn.com/videos/202602/09/38889485/original/(m=eaf8GgaaaWavb)(mh=_MTbL5JD2YCUPlCN)6.jpg;https://ei.phncdn.com/videos/202602/09/38889485/original/(m=eaf8GgaaaWavb)(mh=_MTbL5JD2YCUPlCN)7.jpg;https://ei.phncdn.com/videos/202602/09/38889485/original/(m=eaf8GgaaaWavb)(mh=_MTbL5JD2YCUPlCN)8.jpg;https://ei.phncdn.com/videos/202602/09/38889485/original/(m=eaf8GgaaaWavb)(mh=_MTbL5JD2YCUPlCN)9.jpg;https://ei.phncdn.com/videos/202602/09/38889485/original/(m=eaf8GgaaaWavb)(mh=_MTbL5JD2YCUPlCN)10.jpg;https://ei.phncdn.com/videos/202602/09/38889485/original/(m=eaf8GgaaaWavb)(mh=_MTbL5JD2YCUPlCN)11.jpg;https://ei.phncdn.com/videos/202602/09/38889485/original/(m=eaf8GgaaaWavb)(mh=_MTbL5JD2YCUPlCN)12.jpg;https://ei.phncdn.com/videos/202602/09/38889485/original/(m=eaf8GgaaaWavb)(mh=_MTbL5JD2YCUPlCN)13.jpg;https://ei.phncdn.com/videos/202602/09/38889485/original/(m=eaf8GgaaaWavb)(mh=_MTbL5JD2YCUPlCN)14.jpg;https://ei.phncdn.com/videos/202602/09/38889485/original/(m=eaf8GgaaaWavb)(mh=_MTbL5JD2YCUPlCN)15.jpg;https://ei.phncdn.com/videos/202602/09/38889485/original/(m=eaf8GgaaaWavb)(mh=_MTbL5JD2YCUPlCN)16.jpg|Patikim|big-pussy;ass-fuck|Casting;Exclusive;Verified Amateurs;Behind The Scenes||329|20|||https://ei.phncdn.com/videos/202602/09/38889485/original/(m=eaAaGwObaaamqv)(mh=G0JXUZWFKcAZrple)1.jpg|https://ei.phncdn.com/videos/202602/09/38889485/original/(m=eaAaGwObaaamqv)(mh=G0JXUZWFKcAZrple)1.jpg;https://ei.phncdn.com/videos/202602/09/38889485/original/(m=eaAaGwObaaamqv)(mh=G0JXUZWFKcAZrple)2.jpg;https://ei.phncdn.com/videos/202602/09/38889485/original/(m=eaAaGwObaaamqv)(mh=G0JXUZWFKcAZrple)3.jpg;https://ei.phncdn.com/videos/202602/09/38889485/original/(m=eaAaGwObaaamqv)(mh=G0JXUZWFKcAZrple)4.jpg;https://ei.phncdn.com/videos/202602/09/38889485/original/(m=eaAaGwObaaamqv)(mh=G0JXUZWFKcAZrple)5.jpg;https://ei.phncdn.com/videos/202602/09/38889485/original/(m=eaAaGwObaaamqv)(mh=G0JXUZWFKcAZrple)6.jpg;https://ei.phncdn.com/videos/202602/09/38889485/original/(m=eaAaGwObaaamqv)(mh=G0JXUZWFKcAZrple)7.jpg;https://ei.phncdn.com/videos/202602/09/38889485/original/(m=eaAaGwObaaamqv)(mh=G0JXUZWFKcAZrple)8.jpg;https://ei.phncdn.com/videos/202602/09/38889485/original/(m=eaAaGwObaaamqv)(mh=G0JXUZWFKcAZrple)9.jpg;https://ei.phncdn.com/videos/202602/09/38889485/original/(m=eaAaGwObaaamqv)(mh=G0JXUZWFKcAZrple)10.jpg;https://ei.phncdn.com/videos/202602/09/38889485/original/(m=eaAaGwObaaamqv)(mh=G0JXUZWFKcAZrple)11.jpg;https://ei.phncdn.com/videos/202602/09/38889485/original/(m=eaAaGwObaaamqv)(mh=G0JXUZWFKcAZrple)12.jpg;https://ei.phncdn.com/videos/202602/09/38889485/original/(m=eaAaGwObaaamqv)(mh=G0JXUZWFKcAZrple)13.jpg;https://ei.phncdn.com/videos/202602/09/38889485/original/(m=eaAaGwObaaamqv)(mh=G0JXUZWFKcAZrple)14.jpg;https://ei.phncdn.com/videos/202602/09/38889485/original/(m=eaAaGwObaaamqv)(mh=G0JXUZWFKcAZrple)15.jpg;https://ei.phncdn.com/videos/202602/09/38889485/original/(m=eaAaGwObaaamqv)(mh=G0JXUZWFKcAZrple)16.jpg
<iframe src="https://www.pornhub.com/embed/698a9ec473196" frameborder="0" height="481" width="608" scrolling="no"></iframe>|https://ei.phncdn.com/videos/202602/10/38902745/original/(m=eaf8GgaaaWavb)(mh=gGfSyejzUlEIgjk8)12.jpg|https://ei.phncdn.com/videos/202602/10/38902745/original/(m=eaf8GgaaaWavb)(mh=gGfSyejzUlEIgjk8)1.jpg;https://ei.phncdn.com/videos/202602/10/38902745/original/(m=eaf8GgaaaWavb)(mh=gGfSyejzUlEIgjk8)2.jpg;https://ei.phncdn.com/videos/202602/10/38902745/original/(m=eaf8GgaaaWavb)(mh=gGfSyejzUlEIgjk8)3.jpg;https://ei.phncdn.com/videos/202602/10/38902745/original/(m=eaf8GgaaaWavb)(mh=gGfSyejzUlEIgjk8)4.jpg;https://ei.phncdn.com/videos/202602/10/38902745/original/(m=eaf8GgaaaWavb)(mh=gGfSyejzUlEIgjk8)5.jpg;https://ei.phncdn.com/videos/202602/10/38902745/original/(m=eaf8GgaaaWavb)(mh=gGfSyejzUlEIgjk8)6.jpg;https://ei.phncdn.com/videos/202602/10/38902745/original/(m=eaf8GgaaaWavb)(mh=gGfSyejzUlEIgjk8)7.jpg;https://ei.phncdn.com/videos/202602/10/38902745/original/(m=eaf8GgaaaWavb)(mh=gGfSyejzUlEIgjk8)8.jpg;https://ei.phncdn.com/videos/202602/10/38902745/original/(m=eaf8GgaaaWavb)(mh=gGfSyejzUlEIgjk8)9.jpg;https://ei.phncdn.com/videos/202602/10/38902745/original/(m=eaf8GgaaaWavb)(mh=gGfSyejzUlEIgjk8)10.jpg;https://ei.phncdn.com/videos/202602/10/38902745/original/(m=eaf8GgaaaWavb)(mh=gGfSyejzUlEIgjk8)11.jpg;https://ei.phncdn.com/videos/202602/10/38902745/original/(m=eaf8GgaaaWavb)(mh=gGfSyejzUlEIgjk8)12.jpg;https://ei.phncdn.com/videos/202602/10/38902745/original/(m=eaf8GgaaaWavb)(mh=gGfSyejzUlEIgjk8)13.jpg;https://ei.phncdn.com/videos/202602/10/38902745/original/(m=eaf8GgaaaWavb)(mh=gGfSyejzUlEIgjk8)14.jpg;https://ei.phncdn.com/videos/202602/10/38902745/original/(m=eaf8GgaaaWavb)(mh=gGfSyejzUlEIgjk8)15.jpg;https://ei.phncdn.com/videos/202602/10/38902745/original/(m=eaf8GgaaaWavb)(mh=gGfSyejzUlEIgjk8)16.jpg|stuffing DLB|creampie;pussy-stuffing|Casting;Exclusive;Verified Amateurs;Behind The Scenes||33|27|||https://ei.phncdn.com/videos/202602/10/38902745/original/(m=eaAaGwObaaamqv)(mh=-zVMPT9gf_SnO75h)12.jpg|https://ei.phncdn.com/videos/202602/10/38902745/original/(m=eaAaGwObaaamqv)(mh=-zVMPT9gf_SnO75h)1.jpg;https://ei.phncdn.com/videos/202602/10/38902745/original/(m=eaAaGwObaaamqv)(mh=-zVMPT9gf_SnO75h)2.jpg;https://ei.phncdn.com/videos/202602/10/38902745/original/(m=eaAaGwObaaamqv)(mh=-zVMPT9gf_SnO75h)3.jpg;https://ei.phncdn.com/videos/202602/10/38902745/original/(m=eaAaGwObaaamqv)(mh=-zVMPT9gf_SnO75h)4.jpg;https://ei.phncdn.com/videos/202602/10/38902745/original/(m=eaAaGwObaaamqv)(mh=-zVMPT9gf_SnO75h)5.jpg;https://ei.phncdn.com/videos/202602/10/38902745/original/(m=eaAaGwObaaamqv)(mh=-zVMPT9gf_SnO75h)6.jpg;https://ei.phncdn.com/videos/202602/10/38902745/original/(m=eaAaGwObaaamqv)(mh=-zVMPT9gf_SnO75h)7.jpg;https://ei.phncdn.com/videos/202602/10/38902745/original/(m=eaAaGwObaaamqv)(mh=-zVMPT9gf_SnO75h)8.jpg;https://ei.phncdn.com/videos/202602/10/38902745/original/(m=eaAaGwObaaamqv)(mh=-zVMPT9gf_SnO75h)9.jpg;https://ei.phncdn.com/videos/202602/10/38902745/original/(m=eaAaGwObaaamqv)(mh=-zVMPT9gf_SnO75h)10.jpg;https://ei.phncdn.com/videos/202602/10/38902745/original/(m=eaAaGwObaaamqv)(mh=-zVMPT9gf_SnO75h)11.jpg;https://ei.phncdn.com/videos/202602/10/38902745/original/(m=eaAaGwObaaamqv)(mh=-zVMPT9gf_SnO75h)12.jpg;https://ei.phncdn.com/videos/202602/10/38902745/original/(m=eaAaGwObaaamqv)(mh=-zVMPT9gf_SnO75h)13.jpg;https://ei.phncdn.com/videos/202602/10/38902745/original/(m=eaAaGwObaaamqv)(mh=-zVMPT9gf_SnO75h)14.jpg;https://ei.phncdn.com/videos/202602/10/38902745/original/(m=eaAaGwObaaamqv)(mh=-zVMPT9gf_SnO75h)15.jpg;https://ei.phncdn.com/videos/202602/10/38902745/original/(m=eaAaGwObaaamqv)(mh=-zVMPT9gf_SnO75h)16.jpg
<iframe src="https://www.pornhub.com/embed/698aaa2e000d0" frameborder="0" height="481" width="608" scrolling="no"></iframe>|https://ei.phncdn.com/videos/202602/10/38905405/original/(m=eaf8GgaaaWavb)(mh=yLAuIVJTm_Ml2p1g)12.jpg|https://ei.phncdn.com/videos/202602/10/38905405/original/(m=eaf8GgaaaWavb)(mh=yLAuIVJTm_Ml2p1g)1.jpg;https://ei.phncdn.com/videos/202602/10/38905405/original/(m=eaf8GgaaaWavb)(mh=yLAuIVJTm_Ml2p1g)2.jpg;https://ei.phncdn.com/videos/202602/10/38905405/original/(m=eaf8GgaaaWavb)(mh=yLAuIVJTm_Ml2p1g)3.jpg;https://ei.phncdn.com/videos/202602/10/38905405/original/(m=eaf8GgaaaWavb)(mh=yLAuIVJTm_Ml2p1g)4.jpg;https://ei.phncdn.com/videos/202602/10/38905405/original/(m=eaf8GgaaaWavb)(mh=yLAuIVJTm_Ml2p1g)5.jpg;https://ei.phncdn.com/videos/202602/10/38905405/original/(m=eaf8GgaaaWavb)(mh=yLAuIVJTm_Ml2p1g)6.jpg;https://ei.phncdn.com/videos/202602/10/38905405/original/(m=eaf8GgaaaWavb)(mh=yLAuIVJTm_Ml2p1g)7.jpg;https://ei.phncdn.com/videos/202602/10/38905405/original/(m=eaf8GgaaaWavb)(mh=yLAuIVJTm_Ml2p1g)8.jpg;https://ei.phncdn.com/videos/202602/10/38905405/original/(m=eaf8GgaaaWavb)(mh=yLAuIVJTm_Ml2p1g)9.jpg;https://ei.phncdn.com/videos/202602/10/38905405/original/(m=eaf8GgaaaWavb)(mh=yLAuIVJTm_Ml2p1g)10.jpg;https://ei.phncdn.com/videos/202602/10/38905405/original/(m=eaf8GgaaaWavb)(mh=yLAuIVJTm_Ml2p1g)11.jpg;https://ei.phncdn.com/videos/202602/10/38905405/original/(m=eaf8GgaaaWavb)(mh=yLAuIVJTm_Ml2p1g)12.jpg;https://ei.phncdn.com/videos/202602/10/38905405/original/(m=eaf8GgaaaWavb)(mh=yLAuIVJTm_Ml2p1g)13.jpg;https://ei.phncdn.com/videos/202602/10/38905405/original/(m=eaf8GgaaaWavb)(mh=yLAuIVJTm_Ml2p1g)14.jpg;https://ei.phncdn.com/videos/202602/10/38905405/original/(m=eaf8GgaaaWavb)(mh=yLAuIVJTm_Ml2p1g)15.jpg;https://ei.phncdn.com/videos/202602/10/38905405/original/(m=eaf8GgaaaWavb)(mh=yLAuIVJTm_Ml2p1g)16.jpg|Maddy bent ass|asshole-close-up;big-pussy-lips|Casting;Exclusive;Verified Amateurs;Solo Female||51|497|8|0|https://ei.phncdn.com/videos/202602/10/38905405/original/(m=eaAaGwObaaamqv)(mh=xpwMxS9ejY4lrWrz)12.jpg|https://ei.phncdn.com/videos/202602/10/38905405/original/(m=eaAaGwObaaamqv)(mh=xpwMxS9ejY4lrWrz)1.jpg;https://ei.phncdn.com/videos/202602/10/38905405/original/(m=eaAaGwObaaamqv)(mh=xpwMxS9ejY4lrWrz)2.jpg;https://ei.phncdn.com/videos/202602/10/38905405/original/(m=eaAaGwObaaamqv)(mh=xpwMxS9ejY4lrWrz)3.jpg;https://ei.phncdn.com/videos/202602/10/38905405/original/(m=eaAaGwObaaamqv)(mh=xpwMxS9ejY4lrWrz)4.jpg;https://ei.phncdn.com/videos/202602/10/38905405/original/(m=eaAaGwObaaamqv)(mh=xpwMxS9ejY4lrWrz)5.jpg;https://ei.phncdn.com/videos/202602/10/38905405/original/(m=eaAaGwObaaamqv)(mh=xpwMxS9ejY4lrWrz)6.jpg;https://ei.phncdn.com/videos/202602/10/38905405/original/(m=eaAaGwObaaamqv)(mh=xpwMxS9ejY4lrWrz)7.jpg;https://ei.phncdn.com/videos/202602/10/38905405/original/(m=eaAaGwObaaamqv)(mh=xpwMxS9ejY4lrWrz)8.jpg;https://ei.phncdn.com/videos/202602/10/38905405/original/(m=eaAaGwObaaamqv)(mh=xpwMxS9ejY4lrWrz)9.jpg;https://ei.phncdn.com/videos/202602/10/38905405/original/(m=eaAaGwObaaamqv)(mh=xpwMxS9ejY4lrWrz)10.jpg;https://ei.phncdn.com/videos/202602/10/38905405/original/(m=eaAaGwObaaamqv)(mh=xpwMxS9ejY4lrWrz)11.jpg;https://ei.phncdn.com/videos/202602/10/38905405/original/(m=eaAaGwObaaamqv)(mh=xpwMxS9ejY4lrWrz)12.jpg;https://ei.phncdn.com/videos/202602/10/38905405/original/(m=eaAaGwObaaamqv)(mh=xpwMxS9ejY4lrWrz)13.jpg;https://ei.phncdn.com/videos/202602/10/38905405/original/(m=eaAaGwObaaamqv)(mh=xpwMxS9ejY4lrWrz)14.jpg;https://ei.phncdn.com/videos/202602/10/38905405/original/(m=eaAaGwObaaamqv)(mh=xpwMxS9ejY4lrWrz)15.jpg;https://ei.phncdn.com/videos/202602/10/38905405/original/(m=eaAaGwObaaamqv)(mh=xpwMxS9ejY4lrWrz)16.jpg
<iframe src="https://www.pornhub.com/embed/698d609edfde3" frameborder="0" height="481" width="608" scrolling="no"></iframe>|https://ei.phncdn.com/videos/202602/12/39113505/original/(m=eaf8GgaaaWavb)(mh=_mTRrwYqdvJ7jEp_)4.jpg|https://ei.phncdn.com/videos/202602/12/39113505/original/(m=eaf8GgaaaWavb)(mh=_mTRrwYqdvJ7jEp_)1.jpg;https://ei.phncdn.com/videos/202602/12/39113505/original/(m=eaf8GgaaaWavb)(mh=_mTRrwYqdvJ7jEp_)2.jpg;https://ei.phncdn.com/videos/202602/12/39113505/original/(m=eaf8GgaaaWavb)(mh=_mTRrwYqdvJ7jEp_)3.jpg;https://ei.phncdn.com/videos/202602/12/39113505/original/(m=eaf8GgaaaWavb)(mh=_mTRrwYqdvJ7jEp_)4.jpg;https://ei.phncdn.com/videos/202602/12/39113505/original/(m=eaf8GgaaaWavb)(mh=_mTRrwYqdvJ7jEp_)5.jpg;https://ei.phncdn.com/videos/202602/12/39113505/original/(m=eaf8GgaaaWavb)(mh=_mTRrwYqdvJ7jEp_)6.jpg;https://ei.phncdn.com/videos/202602/12/39113505/original/(m=eaf8GgaaaWavb)(mh=_mTRrwYqdvJ7jEp_)7.jpg;https://ei.phncdn.com/videos/202602/12/39113505/original/(m=eaf8GgaaaWavb)(mh=_mTRrwYqdvJ7jEp_)8.jpg;https://ei.phncdn.com/videos/202602/12/39113505/original/(m=eaf8GgaaaWavb)(mh=_mTRrwYqdvJ7jEp_)9.jpg;https://ei.phncdn.com/videos/202602/12/39113505/original/(m=eaf8GgaaaWavb)(mh=_mTRrwYqdvJ7jEp_)10.jpg;https://ei.phncdn.com/videos/202602/12/39113505/original/(m=eaf8GgaaaWavb)(mh=_mTRrwYqdvJ7jEp_)11.jpg;https://ei.phncdn.com/videos/202602/12/39113505/original/(m=eaf8GgaaaWavb)(mh=_mTRrwYqdvJ7jEp_)12.jpg;https://ei.phncdn.com/videos/202602/12/39113505/original/(m=eaf8GgaaaWavb)(mh=_mTRrwYqdvJ7jEp_)13.jpg;https://ei.phncdn.com/videos/202602/12/39113505/original/(m=eaf8GgaaaWavb)(mh=_mTRrwYqdvJ7jEp_)14.jpg;https://ei.phncdn.com/videos/202602/12/39113505/original/(m=eaf8GgaaaWavb)(mh=_mTRrwYqdvJ7jEp_)15.jpg;https://ei.phncdn.com/videos/202602/12/39113505/original/(m=eaf8GgaaaWavb)(mh=_mTRrwYqdvJ7jEp_)16.jpg|Camille Ray Is a Moaning Machine - FDL POV Ep.7|pov;pov-blowjob;missionary-pov;blowjob;handjob;missionary;doggy;cowgirl;cowgirl-pov;reverse-cowgirl;pov-reverse-cowgirl;doggystyle;doggy-style;pussy-eating;loud-moaning-orgasm;orgasm|Casting;Verified Amateurs;Romantic||1063|3385|18|1|https://ei.phncdn.com/videos/202602/12/39113505/original/(m=eaAaGwObaaamqv)(mh=1sLZyA1-taah9L5o)4.jpg|https://ei.phncdn.com/videos/202602/12/39113505/original/(m=eaAaGwObaaamqv)(mh=1sLZyA1-taah9L5o)1.jpg;https://ei.phncdn.com/videos/202602/12/39113505/original/(m=eaAaGwObaaamqv)(mh=1sLZyA1-taah9L5o)2.jpg;https://ei.phncdn.com/videos/202602/12/39113505/original/(m=eaAaGwObaaamqv)(mh=1sLZyA1-taah9L5o)3.jpg;https://ei.phncdn.com/videos/202602/12/39113505/original/(m=eaAaGwObaaamqv)(mh=1sLZyA1-taah9L5o)4.jpg;https://ei.phncdn.com/videos/202602/12/39113505/original/(m=eaAaGwObaaamqv)(mh=1sLZyA1-taah9L5o)5.jpg;https://ei.phncdn.com/videos/202602/12/39113505/original/(m=eaAaGwObaaamqv)(mh=1sLZyA1-taah9L5o)6.jpg;https://ei.phncdn.com/videos/202602/12/39113505/original/(m=eaAaGwObaaamqv)(mh=1sLZyA1-taah9L5o)7.jpg;https://ei.phncdn.com/videos/202602/12/39113505/original/(m=eaAaGwObaaamqv)(mh=1sLZyA1-taah9L5o)8.jpg;https://ei.phncdn.com/videos/202602/12/39113505/original/(m=eaAaGwObaaamqv)(mh=1sLZyA1-taah9L5o)9.jpg;https://ei.phncdn.com/videos/202602/12/39113505/original/(m=eaAaGwObaaamqv)(mh=1sLZyA1-taah9L5o)10.jpg;https://ei.phncdn.com/videos/202602/12/39113505/original/(m=eaAaGwObaaamqv)(mh=1sLZyA1-taah9L5o)11.jpg;https://ei.phncdn.com/videos/202602/12/39113505/original/(m=eaAaGwObaaamqv)(mh=1sLZyA1-taah9L5o)12.jpg;https://ei.phncdn.com/videos/202602/12/39113505/original/(m=eaAaGwObaaamqv)(mh=1sLZyA1-taah9L5o)13.jpg;https://ei.phncdn.com/videos/202602/12/39113505/original/(m=eaAaGwObaaamqv)(mh=1sLZyA1-taah9L5o)14.jpg;https://ei.phncdn.com/videos/202602/12/39113505/original/(m=eaAaGwObaaamqv)(mh=1sLZyA1-taah9L5o)15.jpg;https://ei.phncdn.com/videos/202602/12/39113505/original/(m=eaAaGwObaaamqv)(mh=1sLZyA1-taah9L5o)16.jpg
<iframe src="https://www.pornhub.com/embed/698ebc1740d2d" frameborder="0" height="481" width="608" scrolling="no"></iframe>|https://ei.phncdn.com/videos/202602/13/39209495/thumbs_58/(m=eaf8GgaaaWavb)(mh=rfG4_AMjW5_xiC6c)10.jpg|https://ei.phncdn.com/videos/202602/13/39209495/thumbs_58/(m=eaf8GgaaaWavb)(mh=rfG4_AMjW5_xiC6c)1.jpg;https://ei.phncdn.com/videos/202602/13/39209495/thumbs_58/(m=eaf8GgaaaWavb)(mh=rfG4_AMjW5_xiC6c)2.jpg;https://ei.phncdn.com/videos/202602/13/39209495/thumbs_58/(m=eaf8GgaaaWavb)(mh=rfG4_AMjW5_xiC6c)3.jpg;https://ei.phncdn.com/videos/202602/13/39209495/thumbs_58/(m=eaf8GgaaaWavb)(mh=rfG4_AMjW5_xiC6c)4.jpg;https://ei.phncdn.com/videos/202602/13/39209495/thumbs_58/(m=eaf8GgaaaWavb)(mh=rfG4_AMjW5_xiC6c)5.jpg;https://ei.phncdn.com/videos/202602/13/39209495/thumbs_58/(m=eaf8GgaaaWavb)(mh=rfG4_AMjW5_xiC6c)6.jpg;https://ei.phncdn.com/videos/202602/13/39209495/thumbs_58/(m=eaf8GgaaaWavb)(mh=rfG4_AMjW5_xiC6c)7.jpg;https://ei.phncdn.com/videos/202602/13/39209495/thumbs_58/(m=eaf8GgaaaWavb)(mh=rfG4_AMjW5_xiC6c)8.jpg;https://ei.phncdn.com/videos/202602/13/39209495/thumbs_58/(m=eaf8GgaaaWavb)(mh=rfG4_AMjW5_xiC6c)9.jpg;https://ei.phncdn.com/videos/202602/13/39209495/thumbs_58/(m=eaf8GgaaaWavb)(mh=rfG4_AMjW5_xiC6c)10.jpg;https://ei.phncdn.com/videos/202602/13/39209495/thumbs_58/(m=eaf8GgaaaWavb)(mh=rfG4_AMjW5_xiC6c)11.jpg;https://ei.phncdn.com/videos/202602/13/39209495/thumbs_58/(m=eaf8GgaaaWavb)(mh=rfG4_AMjW5_xiC6c)12.jpg;https://ei.phncdn.com/videos/202602/13/39209495/thumbs_58/(m=eaf8GgaaaWavb)(mh=rfG4_AMjW5_xiC6c)13.jpg;https://ei.phncdn.com/videos/202602/13/39209495/thumbs_58/(m=eaf8GgaaaWavb)(mh=rfG4_AMjW5_xiC6c)14.jpg;https://ei.phncdn.com/videos/202602/13/39209495/thumbs_58/(m=eaf8GgaaaWavb)(mh=rfG4_AMjW5_xiC6c)15.jpg;https://ei.phncdn.com/videos/202602/13/39209495/thumbs_58/(m=eaf8GgaaaWavb)(mh=rfG4_AMjW5_xiC6c)16.jpg|Hijastro, quiero que me folles los dos agujeros muy fuerte. Me destrozaste el culo apretado|amateur-anal;doble-penetracion;doble-anal;anal-creampie;culo-enorme;culo-grande;culo-perfecto;mexicanas-nalgonas;nalgona-casero;nalgonas-ricas;chaparrita-nalgona;nalgadas-fuertes;sexo-con-nalgadas;nalgas-abiertas;piernas-abiertas;verga-gruesa|Casting;Exclusive;Verified Amateurs;Muscular Men;Romantic||1076|49910|186|31|https://ei.phncdn.com/videos/202602/13/39209495/thumbs_58/(m=eaAaGwObaaamqv)(mh=cdeyXWuVL66QpwTx)10.jpg|https://ei.phncdn.com/videos/202602/13/39209495/thumbs_58/(m=eaAaGwObaaamqv)(mh=cdeyXWuVL66QpwTx)1.jpg;https://ei.phncdn.com/videos/202602/13/39209495/thumbs_58/(m=eaAaGwObaaamqv)(mh=cdeyXWuVL66QpwTx)2.jpg;https://ei.phncdn.com/videos/202602/13/39209495/thumbs_58/(m=eaAaGwObaaamqv)(mh=cdeyXWuVL66QpwTx)3.jpg;https://ei.phncdn.com/videos/202602/13/39209495/thumbs_58/(m=eaAaGwObaaamqv)(mh=cdeyXWuVL66QpwTx)4.jpg;https://ei.phncdn.com/videos/202602/13/39209495/thumbs_58/(m=eaAaGwObaaamqv)(mh=cdeyXWuVL66QpwTx)5.jpg;https://ei.phncdn.com/videos/202602/13/39209495/thumbs_58/(m=eaAaGwObaaamqv)(mh=cdeyXWuVL66QpwTx)6.jpg;https://ei.phncdn.com/videos/202602/13/39209495/thumbs_58/(m=eaAaGwObaaamqv)(mh=cdeyXWuVL66QpwTx)7.jpg;https://ei.phncdn.com/videos/202602/13/39209495/thumbs_58/(m=eaAaGwObaaamqv)(mh=cdeyXWuVL66QpwTx)8.jpg;https://ei.phncdn.com/videos/202602/13/39209495/thumbs_58/(m=eaAaGwObaaamqv)(mh=cdeyXWuVL66QpwTx)9.jpg;https://ei.phncdn.com/videos/202602/13/39209495/thumbs_58/(m=eaAaGwObaaamqv)(mh=cdeyXWuVL66QpwTx)10.jpg;https://ei.phncdn.com/videos/202602/13/39209495/thumbs_58/(m=eaAaGwObaaamqv)(mh=cdeyXWuVL66QpwTx)11.jpg;https://ei.phncdn.com/videos/202602/13/39209495/thumbs_58/(m=eaAaGwObaaamqv)(mh=cdeyXWuVL66QpwTx)12.jpg;https://ei.phncdn.com/videos/202602/13/39209495/thumbs_58/(m=eaAaGwObaaamqv)(mh=cdeyXWuVL66QpwTx)13.jpg;https://ei.phncdn.com/videos/202602/13/39209495/thumbs_58/(m=eaAaGwObaaamqv)(mh=cdeyXWuVL66QpwTx)14.jpg;https://ei.phncdn.com/videos/202602/13/39209495/thumbs_58/(m=eaAaGwObaaamqv)(mh=cdeyXWuVL66QpwTx)15.jpg;https://ei.phncdn.com/videos/202602/13/39209495/thumbs_58/(m=eaAaGwObaaamqv)(mh=cdeyXWuVL66QpwTx)16.jpg
<iframe src="https://www.pornhub.com/embed/69913b4487279" frameborder="0" height="481" width="608" scrolling="no"></iframe>|https://ei.phncdn.com/videos/202602/15/39383465/original/(m=eaf8GgaaaWavb)(mh=pKB9PCUFodY3wEAQ)8.jpg|https://ei.phncdn.com/videos/202602/15/39383465/original/(m=eaf8GgaaaWavb)(mh=pKB9PCUFodY3wEAQ)1.jpg;https://ei.phncdn.com/videos/202602/15/39383465/original/(m=eaf8GgaaaWavb)(mh=pKB9PCUFodY3wEAQ)2.jpg;https://ei.phncdn.com/videos/202602/15/39383465/original/(m=eaf8GgaaaWavb)(mh=pKB9PCUFodY3wEAQ)3.jpg;https://ei.phncdn.com/videos/202602/15/39383465/original/(m=eaf8GgaaaWavb)(mh=pKB9PCUFodY3wEAQ)4.jpg;https://ei.phncdn.com/videos/202602/15/39383465/original/(m=eaf8GgaaaWavb)(mh=pKB9PCUFodY3wEAQ)5.jpg;https://ei.phncdn.com/videos/202602/15/39383465/original/(m=eaf8GgaaaWavb)(mh=pKB9PCUFodY3wEAQ)6.jpg;https://ei.phncdn.com/videos/202602/15/39383465/original/(m=eaf8GgaaaWavb)(mh=pKB9PCUFodY3wEAQ)7.jpg;https://ei.phncdn.com/videos/202602/15/39383465/original/(m=eaf8GgaaaWavb)(mh=pKB9PCUFodY3wEAQ)8.jpg;https://ei.phncdn.com/videos/202602/15/39383465/original/(m=eaf8GgaaaWavb)(mh=pKB9PCUFodY3wEAQ)9.jpg;https://ei.phncdn.com/videos/202602/15/39383465/original/(m=eaf8GgaaaWavb)(mh=pKB9PCUFodY3wEAQ)10.jpg;https://ei.phncdn.com/videos/202602/15/39383465/original/(m=eaf8GgaaaWavb)(mh=pKB9PCUFodY3wEAQ)11.jpg;https://ei.phncdn.com/videos/202602/15/39383465/original/(m=eaf8GgaaaWavb)(mh=pKB9PCUFodY3wEAQ)12.jpg;https://ei.phncdn.com/videos/202602/15/39383465/original/(m=eaf8GgaaaWavb)(mh=pKB9PCUFodY3wEAQ)13.jpg;https://ei.phncdn.com/videos/202602/15/39383465/original/(m=eaf8GgaaaWavb)(mh=pKB9PCUFodY3wEAQ)14.jpg;https://ei.phncdn.com/videos/202602/15/39383465/original/(m=eaf8GgaaaWavb)(mh=pKB9PCUFodY3wEAQ)15.jpg;https://ei.phncdn.com/videos/202602/15/39383465/original/(m=eaf8GgaaaWavb)(mh=pKB9PCUFodY3wEAQ)16.jpg|Hot Latina calls a neighbor for unplanned, passionate sex|latina;neighbor;69-position;sex-in-69-position;doggy-style;passionate-sex;blowjob;deepthroat;amateur;home-made;real-sex|Casting;Verified Amateurs;Behind The Scenes;Romantic||763|4128|33|1|https://ei.phncdn.com/videos/202602/15/39383465/original/(m=eaAaGwObaaamqv)(mh=C3h60sKHXxP2IT4P)8.jpg|https://ei.phncdn.com/videos/202602/15/39383465/original/(m=eaAaGwObaaamqv)(mh=C3h60sKHXxP2IT4P)1.jpg;https://ei.phncdn.com/videos/202602/15/39383465/original/(m=eaAaGwObaaamqv)(mh=C3h60sKHXxP2IT4P)2.jpg;https://ei.phncdn.com/videos/202602/15/39383465/original/(m=eaAaGwObaaamqv)(mh=C3h60sKHXxP2IT4P)3.jpg;https://ei.phncdn.com/videos/202602/15/39383465/original/(m=eaAaGwObaaamqv)(mh=C3h60sKHXxP2IT4P)4.jpg;https://ei.phncdn.com/videos/202602/15/39383465/original/(m=eaAaGwObaaamqv)(mh=C3h60sKHXxP2IT4P)5.jpg;https://ei.phncdn.com/videos/202602/15/39383465/original/(m=eaAaGwObaaamqv)(mh=C3h60sKHXxP2IT4P)6.jpg;https://ei.phncdn.com/videos/202602/15/39383465/original/(m=eaAaGwObaaamqv)(mh=C3h60sKHXxP2IT4P)7.jpg;https://ei.phncdn.com/videos/202602/15/39383465/original/(m=eaAaGwObaaamqv)(mh=C3h60sKHXxP2IT4P)8.jpg;https://ei.phncdn.com/videos/202602/15/39383465/original/(m=eaAaGwObaaamqv)(mh=C3h60sKHXxP2IT4P)9.jpg;https://ei.phncdn.com/videos/202602/15/39383465/original/(m=eaAaGwObaaamqv)(mh=C3h60sKHXxP2IT4P)10.jpg;https://ei.phncdn.com/videos/202602/15/39383465/original/(m=eaAaGwObaaamqv)(mh=C3h60sKHXxP2IT4P)11.jpg;https://ei.phncdn.com/videos/202602/15/39383465/original/(m=eaAaGwObaaamqv)(mh=C3h60sKHXxP2IT4P)12.jpg;https://ei.phncdn.com/videos/202602/15/39383465/original/(m=eaAaGwObaaamqv)(mh=C3h60sKHXxP2IT4P)13.jpg;https://ei.phncdn.com/videos/202602/15/39383465/original/(m=eaAaGwObaaamqv)(mh=C3h60sKHXxP2IT4P)14.jpg;https://ei.phncdn.com/videos/202602/15/39383465/original/(m=eaAaGwObaaamqv)(mh=C3h60sKHXxP2IT4P)15.jpg;https://ei.phncdn.com/videos/202602/15/39383465/original/(m=eaAaGwObaaamqv)(mh=C3h60sKHXxP2IT4P)16.jpg
<iframe src="https://www.pornhub.com/embed/69927e6ace1e5" frameborder="0" height="481" width="608" scrolling="no"></iframe>|https://ei.phncdn.com/videos/202602/16/39463105/original/(m=eaf8GgaaaWavb)(mh=CXg3MN_XzhwRGnsb)15.jpg|https://ei.phncdn.com/videos/202602/16/39463105/original/(m=eaf8GgaaaWavb)(mh=CXg3MN_XzhwRGnsb)1.jpg;https://ei.phncdn.com/videos/202602/16/39463105/original/(m=eaf8GgaaaWavb)(mh=CXg3MN_XzhwRGnsb)2.jpg;https://ei.phncdn.com/videos/202602/16/39463105/original/(m=eaf8GgaaaWavb)(mh=CXg3MN_XzhwRGnsb)3.jpg;https://ei.phncdn.com/videos/202602/16/39463105/original/(m=eaf8GgaaaWavb)(mh=CXg3MN_XzhwRGnsb)4.jpg;https://ei.phncdn.com/videos/202602/16/39463105/original/(m=eaf8GgaaaWavb)(mh=CXg3MN_XzhwRGnsb)5.jpg;https://ei.phncdn.com/videos/202602/16/39463105/original/(m=eaf8GgaaaWavb)(mh=CXg3MN_XzhwRGnsb)6.jpg;https://ei.phncdn.com/videos/202602/16/39463105/original/(m=eaf8GgaaaWavb)(mh=CXg3MN_XzhwRGnsb)7.jpg;https://ei.phncdn.com/videos/202602/16/39463105/original/(m=eaf8GgaaaWavb)(mh=CXg3MN_XzhwRGnsb)8.jpg;https://ei.phncdn.com/videos/202602/16/39463105/original/(m=eaf8GgaaaWavb)(mh=CXg3MN_XzhwRGnsb)9.jpg;https://ei.phncdn.com/videos/202602/16/39463105/original/(m=eaf8GgaaaWavb)(mh=CXg3MN_XzhwRGnsb)10.jpg;https://ei.phncdn.com/videos/202602/16/39463105/original/(m=eaf8GgaaaWavb)(mh=CXg3MN_XzhwRGnsb)11.jpg;https://ei.phncdn.com/videos/202602/16/39463105/original/(m=eaf8GgaaaWavb)(mh=CXg3MN_XzhwRGnsb)12.jpg;https://ei.phncdn.com/videos/202602/16/39463105/original/(m=eaf8GgaaaWavb)(mh=CXg3MN_XzhwRGnsb)13.jpg;https://ei.phncdn.com/videos/202602/16/39463105/original/(m=eaf8GgaaaWavb)(mh=CXg3MN_XzhwRGnsb)14.jpg;https://ei.phncdn.com/videos/202602/16/39463105/original/(m=eaf8GgaaaWavb)(mh=CXg3MN_XzhwRGnsb)15.jpg;https://ei.phncdn.com/videos/202602/16/39463105/original/(m=eaf8GgaaaWavb)(mh=CXg3MN_XzhwRGnsb)16.jpg|133 Mia Bandini flashing|flashing-boobs;solo|Casting;Verified Amateurs;Solo Female||15|2|5|1|https://ei.phncdn.com/videos/202602/16/39463105/original/(m=eaAaGwObaaamqv)(mh=KOlhB724wzWwVH5F)15.jpg|https://ei.phncdn.com/videos/202602/16/39463105/original/(m=eaAaGwObaaamqv)(mh=KOlhB724wzWwVH5F)1.jpg;https://ei.phncdn.com/videos/202602/16/39463105/original/(m=eaAaGwObaaamqv)(mh=KOlhB724wzWwVH5F)2.jpg;https://ei.phncdn.com/videos/202602/16/39463105/original/(m=eaAaGwObaaamqv)(mh=KOlhB724wzWwVH5F)3.jpg;https://ei.phncdn.com/videos/202602/16/39463105/original/(m=eaAaGwObaaamqv)(mh=KOlhB724wzWwVH5F)4.jpg;https://ei.phncdn.com/videos/202602/16/39463105/original/(m=eaAaGwObaaamqv)(mh=KOlhB724wzWwVH5F)5.jpg;https://ei.phncdn.com/videos/202602/16/39463105/original/(m=eaAaGwObaaamqv)(mh=KOlhB724wzWwVH5F)6.jpg;https://ei.phncdn.com/videos/202602/16/39463105/original/(m=eaAaGwObaaamqv)(mh=KOlhB724wzWwVH5F)7.jpg;https://ei.phncdn.com/videos/202602/16/39463105/original/(m=eaAaGwObaaamqv)(mh=KOlhB724wzWwVH5F)8.jpg;https://ei.phncdn.com/videos/202602/16/39463105/original/(m=eaAaGwObaaamqv)(mh=KOlhB724wzWwVH5F)9.jpg;https://ei.phncdn.com/videos/202602/16/39463105/original/(m=eaAaGwObaaamqv)(mh=KOlhB724wzWwVH5F)10.jpg;https://ei.phncdn.com/videos/202602/16/39463105/original/(m=eaAaGwObaaamqv)(mh=KOlhB724wzWwVH5F)11.jpg;https://ei.phncdn.com/videos/202602/16/39463105/original/(m=eaAaGwObaaamqv)(mh=KOlhB724wzWwVH5F)12.jpg;https://ei.phncdn.com/videos/202602/16/39463105/original/(m=eaAaGwObaaamqv)(mh=KOlhB724wzWwVH5F)13.jpg;https://ei.phncdn.com/videos/202602/16/39463105/original/(m=eaAaGwObaaamqv)(mh=KOlhB724wzWwVH5F)14.jpg;https://ei.phncdn.com/videos/202602/16/39463105/original/(m=eaAaGwObaaamqv)(mh=KOlhB724wzWwVH5F)15.jpg;https://ei.phncdn.com/videos/202602/16/39463105/original/(m=eaAaGwObaaamqv)(mh=KOlhB724wzWwVH5F)16.jpg
<iframe src="https://www.pornhub.com/embed/69954a0c4234d" frameborder="0" height="481" width="608" scrolling="no"></iframe>|https://ei.phncdn.com/videos/202602/18/39673165/original/(m=eaf8GgaaaWavb)(mh=hDSboZTwjbiyIGlj)12.jpg|https://ei.phncdn.com/videos/202602/18/39673165/original/(m=eaf8GgaaaWavb)(mh=hDSboZTwjbiyIGlj)1.jpg;https://ei.phncdn.com/videos/202602/18/39673165/original/(m=eaf8GgaaaWavb)(mh=hDSboZTwjbiyIGlj)2.jpg;https://ei.phncdn.com/videos/202602/18/39673165/original/(m=eaf8GgaaaWavb)(mh=hDSboZTwjbiyIGlj)3.jpg;https://ei.phncdn.com/videos/202602/18/39673165/original/(m=eaf8GgaaaWavb)(mh=hDSboZTwjbiyIGlj)4.jpg;https://ei.phncdn.com/videos/202602/18/39673165/original/(m=eaf8GgaaaWavb)(mh=hDSboZTwjbiyIGlj)5.jpg;https://ei.phncdn.com/videos/202602/18/39673165/original/(m=eaf8GgaaaWavb)(mh=hDSboZTwjbiyIGlj)6.jpg;https://ei.phncdn.com/videos/202602/18/39673165/original/(m=eaf8GgaaaWavb)(mh=hDSboZTwjbiyIGlj)7.jpg;https://ei.phncdn.com/videos/202602/18/39673165/original/(m=eaf8GgaaaWavb)(mh=hDSboZTwjbiyIGlj)8.jpg;https://ei.phncdn.com/videos/202602/18/39673165/original/(m=eaf8GgaaaWavb)(mh=hDSboZTwjbiyIGlj)9.jpg;https://ei.phncdn.com/videos/202602/18/39673165/original/(m=eaf8GgaaaWavb)(mh=hDSboZTwjbiyIGlj)10.jpg;https://ei.phncdn.com/videos/202602/18/39673165/original/(m=eaf8GgaaaWavb)(mh=hDSboZTwjbiyIGlj)11.jpg;https://ei.phncdn.com/videos/202602/18/39673165/original/(m=eaf8GgaaaWavb)(mh=hDSboZTwjbiyIGlj)12.jpg;https://ei.phncdn.com/videos/202602/18/39673165/original/(m=eaf8GgaaaWavb)(mh=hDSboZTwjbiyIGlj)13.jpg;https://ei.phncdn.com/videos/202602/18/39673165/original/(m=eaf8GgaaaWavb)(mh=hDSboZTwjbiyIGlj)14.jpg;https://ei.phncdn.com/videos/202602/18/39673165/original/(m=eaf8GgaaaWavb)(mh=hDSboZTwjbiyIGlj)15.jpg;https://ei.phncdn.com/videos/202602/18/39673165/original/(m=eaf8GgaaaWavb)(mh=hDSboZTwjbiyIGlj)16.jpg|My first vlog on pornhub|solo-vlog;solo|Casting;Solo Male;Exclusive;Verified Amateurs;Behind The Scenes||30|48|||https://ei.phncdn.com/videos/202602/18/39673165/original/(m=eaAaGwObaaamqv)(mh=97uX8Q1xRVRcf57R)12.jpg|https://ei.phncdn.com/videos/202602/18/39673165/original/(m=eaAaGwObaaamqv)(mh=97uX8Q1xRVRcf57R)1.jpg;https://ei.phncdn.com/videos/202602/18/39673165/original/(m=eaAaGwObaaamqv)(mh=97uX8Q1xRVRcf57R)2.jpg;https://ei.phncdn.com/videos/202602/18/39673165/original/(m=eaAaGwObaaamqv)(mh=97uX8Q1xRVRcf57R)3.jpg;https://ei.phncdn.com/videos/202602/18/39673165/original/(m=eaAaGwObaaamqv)(mh=97uX8Q1xRVRcf57R)4.jpg;https://ei.phncdn.com/videos/202602/18/39673165/original/(m=eaAaGwObaaamqv)(mh=97uX8Q1xRVRcf57R)5.jpg;https://ei.phncdn.com/videos/202602/18/39673165/original/(m=eaAaGwObaaamqv)(mh=97uX8Q1xRVRcf57R)6.jpg;https://ei.phncdn.com/videos/202602/18/39673165/original/(m=eaAaGwObaaamqv)(mh=97uX8Q1xRVRcf57R)7.jpg;https://ei.phncdn.com/videos/202602/18/39673165/original/(m=eaAaGwObaaamqv)(mh=97uX8Q1xRVRcf57R)8.jpg;https://ei.phncdn.com/videos/202602/18/39673165/original/(m=eaAaGwObaaamqv)(mh=97uX8Q1xRVRcf57R)9.jpg;https://ei.phncdn.com/videos/202602/18/39673165/original/(m=eaAaGwObaaamqv)(mh=97uX8Q1xRVRcf57R)10.jpg;https://ei.phncdn.com/videos/202602/18/39673165/original/(m=eaAaGwObaaamqv)(mh=97uX8Q1xRVRcf57R)11.jpg;https://ei.phncdn.com/videos/202602/18/39673165/original/(m=eaAaGwObaaamqv)(mh=97uX8Q1xRVRcf57R)12.jpg;https://ei.phncdn.com/videos/202602/18/39673165/original/(m=eaAaGwObaaamqv)(mh=97uX8Q1xRVRcf57R)13.jpg;https://ei.phncdn.com/videos/202602/18/39673165/original/(m=eaAaGwObaaamqv)(mh=97uX8Q1xRVRcf57R)14.jpg;https://ei.phncdn.com/videos/202602/18/39673165/original/(m=eaAaGwObaaamqv)(mh=97uX8Q1xRVRcf57R)15.jpg;https://ei.phncdn.com/videos/202602/18/39673165/original/(m=eaAaGwObaaamqv)(mh=97uX8Q1xRVRcf57R)16.jpg
<iframe src="https://www.pornhub.com/embed/69966abdce765" frameborder="0" height="481" width="608" scrolling="no"></iframe>|https://ei.phncdn.com/videos/202602/19/39760205/original/(m=eaf8GgaaaWavb)(mh=81bvDLqgGbj2kQ1c)12.jpg|https://ei.phncdn.com/videos/202602/19/39760205/original/(m=eaf8GgaaaWavb)(mh=81bvDLqgGbj2kQ1c)1.jpg;https://ei.phncdn.com/videos/202602/19/39760205/original/(m=eaf8GgaaaWavb)(mh=81bvDLqgGbj2kQ1c)2.jpg;https://ei.phncdn.com/videos/202602/19/39760205/original/(m=eaf8GgaaaWavb)(mh=81bvDLqgGbj2kQ1c)3.jpg;https://ei.phncdn.com/videos/202602/19/39760205/original/(m=eaf8GgaaaWavb)(mh=81bvDLqgGbj2kQ1c)4.jpg;https://ei.phncdn.com/videos/202602/19/39760205/original/(m=eaf8GgaaaWavb)(mh=81bvDLqgGbj2kQ1c)5.jpg;https://ei.phncdn.com/videos/202602/19/39760205/original/(m=eaf8GgaaaWavb)(mh=81bvDLqgGbj2kQ1c)6.jpg;https://ei.phncdn.com/videos/202602/19/39760205/original/(m=eaf8GgaaaWavb)(mh=81bvDLqgGbj2kQ1c)7.jpg;https://ei.phncdn.com/videos/202602/19/39760205/original/(m=eaf8GgaaaWavb)(mh=81bvDLqgGbj2kQ1c)8.jpg;https://ei.phncdn.com/videos/202602/19/39760205/original/(m=eaf8GgaaaWavb)(mh=81bvDLqgGbj2kQ1c)9.jpg;https://ei.phncdn.com/videos/202602/19/39760205/original/(m=eaf8GgaaaWavb)(mh=81bvDLqgGbj2kQ1c)10.jpg;https://ei.phncdn.com/videos/202602/19/39760205/original/(m=eaf8GgaaaWavb)(mh=81bvDLqgGbj2kQ1c)11.jpg;https://ei.phncdn.com/videos/202602/19/39760205/original/(m=eaf8GgaaaWavb)(mh=81bvDLqgGbj2kQ1c)12.jpg;https://ei.phncdn.com/videos/202602/19/39760205/original/(m=eaf8GgaaaWavb)(mh=81bvDLqgGbj2kQ1c)13.jpg;https://ei.phncdn.com/videos/202602/19/39760205/original/(m=eaf8GgaaaWavb)(mh=81bvDLqgGbj2kQ1c)14.jpg;https://ei.phncdn.com/videos/202602/19/39760205/original/(m=eaf8GgaaaWavb)(mh=81bvDLqgGbj2kQ1c)15.jpg;https://ei.phncdn.com/videos/202602/19/39760205/original/(m=eaf8GgaaaWavb)(mh=81bvDLqgGbj2kQ1c)16.jpg|No me le bajo hasta que me llena toda de leche por dentro 💦💦💦 lo quieres ver completo?|leche-adentro;cono-apretado;mucha-leche;latina-sin-condon;sexo-duro-sin-condon;caseros;real-couple;pareja-amateur;pareja-real;pareja-real-casero;dominicana-culona;gran-polla-anal;polla-enorme;culo-grande;culo-grande-latina;duro|Casting;Virtual Reality;Verified Amateurs;Romantic||189|31507|16|7|https://ei.phncdn.com/videos/202602/19/39760205/original/(m=eaAaGwObaaamqv)(mh=Pw5dhvm3QkYFVdsy)12.jpg|https://ei.phncdn.com/videos/202602/19/39760205/original/(m=eaAaGwObaaamqv)(mh=Pw5dhvm3QkYFVdsy)1.jpg;https://ei.phncdn.com/videos/202602/19/39760205/original/(m=eaAaGwObaaamqv)(mh=Pw5dhvm3QkYFVdsy)2.jpg;https://ei.phncdn.com/videos/202602/19/39760205/original/(m=eaAaGwObaaamqv)(mh=Pw5dhvm3QkYFVdsy)3.jpg;https://ei.phncdn.com/videos/202602/19/39760205/original/(m=eaAaGwObaaamqv)(mh=Pw5dhvm3QkYFVdsy)4.jpg;https://ei.phncdn.com/videos/202602/19/39760205/original/(m=eaAaGwObaaamqv)(mh=Pw5dhvm3QkYFVdsy)5.jpg;https://ei.phncdn.com/videos/202602/19/39760205/original/(m=eaAaGwObaaamqv)(mh=Pw5dhvm3QkYFVdsy)6.jpg;https://ei.phncdn.com/videos/202602/19/39760205/original/(m=eaAaGwObaaamqv)(mh=Pw5dhvm3QkYFVdsy)7.jpg;https://ei.phncdn.com/videos/202602/19/39760205/original/(m=eaAaGwObaaamqv)(mh=Pw5dhvm3QkYFVdsy)8.jpg;https://ei.phncdn.com/videos/202602/19/39760205/original/(m=eaAaGwObaaamqv)(mh=Pw5dhvm3QkYFVdsy)9.jpg;https://ei.phncdn.com/videos/202602/19/39760205/original/(m=eaAaGwObaaamqv)(mh=Pw5dhvm3QkYFVdsy)10.jpg;https://ei.phncdn.com/videos/202602/19/39760205/original/(m=eaAaGwObaaamqv)(mh=Pw5dhvm3QkYFVdsy)11.jpg;https://ei.phncdn.com/videos/202602/19/39760205/original/(m=eaAaGwObaaamqv)(mh=Pw5dhvm3QkYFVdsy)12.jpg;https://ei.phncdn.com/videos/202602/19/39760205/original/(m=eaAaGwObaaamqv)(mh=Pw5dhvm3QkYFVdsy)13.jpg;https://ei.phncdn.com/videos/202602/19/39760205/original/(m=eaAaGwObaaamqv)(mh=Pw5dhvm3QkYFVdsy)14.jpg;https://ei.phncdn.com/videos/202602/19/39760205/original/(m=eaAaGwObaaamqv)(mh=Pw5dhvm3QkYFVdsy)15.jpg;https://ei.phncdn.com/videos/202602/19/39760205/original/(m=eaAaGwObaaamqv)(mh=Pw5dhvm3QkYFVdsy)16.jpg
<iframe src="https://www.pornhub.com/embed/6997e294d9eb8" frameborder="0" height="481" width="608" scrolling="no"></iframe>|https://ei.phncdn.com/videos/202602/20/39905505/original/(m=eaf8GgaaaWavb)(mh=OzHiKs40R-XpmYc6)12.jpg|https://ei.phncdn.com/videos/202602/20/39905505/original/(m=eaf8GgaaaWavb)(mh=OzHiKs40R-XpmYc6)1.jpg;https://ei.phncdn.com/videos/202602/20/39905505/original/(m=eaf8GgaaaWavb)(mh=OzHiKs40R-XpmYc6)2.jpg;https://ei.phncdn.com/videos/202602/20/39905505/original/(m=eaf8GgaaaWavb)(mh=OzHiKs40R-XpmYc6)3.jpg;https://ei.phncdn.com/videos/202602/20/39905505/original/(m=eaf8GgaaaWavb)(mh=OzHiKs40R-XpmYc6)4.jpg;https://ei.phncdn.com/videos/202602/20/39905505/original/(m=eaf8GgaaaWavb)(mh=OzHiKs40R-XpmYc6)5.jpg;https://ei.phncdn.com/videos/202602/20/39905505/original/(m=eaf8GgaaaWavb)(mh=OzHiKs40R-XpmYc6)6.jpg;https://ei.phncdn.com/videos/202602/20/39905505/original/(m=eaf8GgaaaWavb)(mh=OzHiKs40R-XpmYc6)7.jpg;https://ei.phncdn.com/videos/202602/20/39905505/original/(m=eaf8GgaaaWavb)(mh=OzHiKs40R-XpmYc6)8.jpg;https://ei.phncdn.com/videos/202602/20/39905505/original/(m=eaf8GgaaaWavb)(mh=OzHiKs40R-XpmYc6)9.jpg;https://ei.phncdn.com/videos/202602/20/39905505/original/(m=eaf8GgaaaWavb)(mh=OzHiKs40R-XpmYc6)10.jpg;https://ei.phncdn.com/videos/202602/20/39905505/original/(m=eaf8GgaaaWavb)(mh=OzHiKs40R-XpmYc6)11.jpg;https://ei.phncdn.com/videos/202602/20/39905505/original/(m=eaf8GgaaaWavb)(mh=OzHiKs40R-XpmYc6)12.jpg;https://ei.phncdn.com/videos/202602/20/39905505/original/(m=eaf8GgaaaWavb)(mh=OzHiKs40R-XpmYc6)13.jpg;https://ei.phncdn.com/videos/202602/20/39905505/original/(m=eaf8GgaaaWavb)(mh=OzHiKs40R-XpmYc6)14.jpg;https://ei.phncdn.com/videos/202602/20/39905505/original/(m=eaf8GgaaaWavb)(mh=OzHiKs40R-XpmYc6)15.jpg;https://ei.phncdn.com/videos/202602/20/39905505/original/(m=eaf8GgaaaWavb)(mh=OzHiKs40R-XpmYc6)16.jpg|Sometimes those custom "🌽" scripts can be a doozy!|scripts;funny;sfw;safe-for-work;bts;behind-the-scenes;no-nudity;non-nude|Casting;Behind The Scenes;Solo Female||18|3|2|0|https://ei.phncdn.com/videos/202602/20/39905505/original/(m=eaAaGwObaaamqv)(mh=MkQsZRADy4NKEO58)12.jpg|https://ei.phncdn.com/videos/202602/20/39905505/original/(m=eaAaGwObaaamqv)(mh=MkQsZRADy4NKEO58)1.jpg;https://ei.phncdn.com/videos/202602/20/39905505/original/(m=eaAaGwObaaamqv)(mh=MkQsZRADy4NKEO58)2.jpg;https://ei.phncdn.com/videos/202602/20/39905505/original/(m=eaAaGwObaaamqv)(mh=MkQsZRADy4NKEO58)3.jpg;https://ei.phncdn.com/videos/202602/20/39905505/original/(m=eaAaGwObaaamqv)(mh=MkQsZRADy4NKEO58)4.jpg;https://ei.phncdn.com/videos/202602/20/39905505/original/(m=eaAaGwObaaamqv)(mh=MkQsZRADy4NKEO58)5.jpg;https://ei.phncdn.com/videos/202602/20/39905505/original/(m=eaAaGwObaaamqv)(mh=MkQsZRADy4NKEO58)6.jpg;https://ei.phncdn.com/videos/202602/20/39905505/original/(m=eaAaGwObaaamqv)(mh=MkQsZRADy4NKEO58)7.jpg;https://ei.phncdn.com/videos/202602/20/39905505/original/(m=eaAaGwObaaamqv)(mh=MkQsZRADy4NKEO58)8.jpg;https://ei.phncdn.com/videos/202602/20/39905505/original/(m=eaAaGwObaaamqv)(mh=MkQsZRADy4NKEO58)9.jpg;https://ei.phncdn.com/videos/202602/20/39905505/original/(m=eaAaGwObaaamqv)(mh=MkQsZRADy4NKEO58)10.jpg;https://ei.phncdn.com/videos/202602/20/39905505/original/(m=eaAaGwObaaamqv)(mh=MkQsZRADy4NKEO58)11.jpg;https://ei.phncdn.com/videos/202602/20/39905505/original/(m=eaAaGwObaaamqv)(mh=MkQsZRADy4NKEO58)12.jpg;https://ei.phncdn.com/videos/202602/20/39905505/original/(m=eaAaGwObaaamqv)(mh=MkQsZRADy4NKEO58)13.jpg;https://ei.phncdn.com/videos/202602/20/39905505/original/(m=eaAaGwObaaamqv)(mh=MkQsZRADy4NKEO58)14.jpg;https://ei.phncdn.com/videos/202602/20/39905505/original/(m=eaAaGwObaaamqv)(mh=MkQsZRADy4NKEO58)15.jpg;https://ei.phncdn.com/videos/202602/20/39905505/original/(m=eaAaGwObaaamqv)(mh=MkQsZRADy4NKEO58)16.jpg
<iframe src="https://www.pornhub.com/embed/6998e88070afe" frameborder="0" height="481" width="608" scrolling="no"></iframe>|https://ei.phncdn.com/videos/202602/20/40000825/original/(m=eaf8GgaaaWavb)(mh=55Gery4Bsj9vEgb_)12.jpg|https://ei.phncdn.com/videos/202602/20/40000825/original/(m=eaf8GgaaaWavb)(mh=55Gery4Bsj9vEgb_)1.jpg;https://ei.phncdn.com/videos/202602/20/40000825/original/(m=eaf8GgaaaWavb)(mh=55Gery4Bsj9vEgb_)2.jpg;https://ei.phncdn.com/videos/202602/20/40000825/original/(m=eaf8GgaaaWavb)(mh=55Gery4Bsj9vEgb_)3.jpg;https://ei.phncdn.com/videos/202602/20/40000825/original/(m=eaf8GgaaaWavb)(mh=55Gery4Bsj9vEgb_)4.jpg;https://ei.phncdn.com/videos/202602/20/40000825/original/(m=eaf8GgaaaWavb)(mh=55Gery4Bsj9vEgb_)5.jpg;https://ei.phncdn.com/videos/202602/20/40000825/original/(m=eaf8GgaaaWavb)(mh=55Gery4Bsj9vEgb_)6.jpg;https://ei.phncdn.com/videos/202602/20/40000825/original/(m=eaf8GgaaaWavb)(mh=55Gery4Bsj9vEgb_)7.jpg;https://ei.phncdn.com/videos/202602/20/40000825/original/(m=eaf8GgaaaWavb)(mh=55Gery4Bsj9vEgb_)8.jpg;https://ei.phncdn.com/videos/202602/20/40000825/original/(m=eaf8GgaaaWavb)(mh=55Gery4Bsj9vEgb_)9.jpg;https://ei.phncdn.com/videos/202602/20/40000825/original/(m=eaf8GgaaaWavb)(mh=55Gery4Bsj9vEgb_)10.jpg;https://ei.phncdn.com/videos/202602/20/40000825/original/(m=eaf8GgaaaWavb)(mh=55Gery4Bsj9vEgb_)11.jpg;https://ei.phncdn.com/videos/202602/20/40000825/original/(m=eaf8GgaaaWavb)(mh=55Gery4Bsj9vEgb_)12.jpg;https://ei.phncdn.com/videos/202602/20/40000825/original/(m=eaf8GgaaaWavb)(mh=55Gery4Bsj9vEgb_)13.jpg;https://ei.phncdn.com/videos/202602/20/40000825/original/(m=eaf8GgaaaWavb)(mh=55Gery4Bsj9vEgb_)14.jpg;https://ei.phncdn.com/videos/202602/20/40000825/original/(m=eaf8GgaaaWavb)(mh=55Gery4Bsj9vEgb_)15.jpg;https://ei.phncdn.com/videos/202602/20/40000825/original/(m=eaf8GgaaaWavb)(mh=55Gery4Bsj9vEgb_)16.jpg|Why do models "fake moan" during porn scenes?|moaning;confessions;behind-the-scenes;bts;no-nudity;non-nude;sfw;safe-for-work|Casting;Behind The Scenes;Solo Female||9|24|1|1|https://ei.phncdn.com/videos/202602/20/40000825/original/(m=eaAaGwObaaamqv)(mh=e06RmOV4PLTq4r2_)12.jpg|https://ei.phncdn.com/videos/202602/20/40000825/original/(m=eaAaGwObaaamqv)(mh=e06RmOV4PLTq4r2_)1.jpg;https://ei.phncdn.com/videos/202602/20/40000825/original/(m=eaAaGwObaaamqv)(mh=e06RmOV4PLTq4r2_)2.jpg;https://ei.phncdn.com/videos/202602/20/40000825/original/(m=eaAaGwObaaamqv)(mh=e06RmOV4PLTq4r2_)3.jpg;https://ei.phncdn.com/videos/202602/20/40000825/original/(m=eaAaGwObaaamqv)(mh=e06RmOV4PLTq4r2_)4.jpg;https://ei.phncdn.com/videos/202602/20/40000825/original/(m=eaAaGwObaaamqv)(mh=e06RmOV4PLTq4r2_)5.jpg;https://ei.phncdn.com/videos/202602/20/40000825/original/(m=eaAaGwObaaamqv)(mh=e06RmOV4PLTq4r2_)6.jpg;https://ei.phncdn.com/videos/202602/20/40000825/original/(m=eaAaGwObaaamqv)(mh=e06RmOV4PLTq4r2_)7.jpg;https://ei.phncdn.com/videos/202602/20/40000825/original/(m=eaAaGwObaaamqv)(mh=e06RmOV4PLTq4r2_)8.jpg;https://ei.phncdn.com/videos/202602/20/40000825/original/(m=eaAaGwObaaamqv)(mh=e06RmOV4PLTq4r2_)9.jpg;https://ei.phncdn.com/videos/202602/20/40000825/original/(m=eaAaGwObaaamqv)(mh=e06RmOV4PLTq4r2_)10.jpg;https://ei.phncdn.com/videos/202602/20/40000825/original/(m=eaAaGwObaaamqv)(mh=e06RmOV4PLTq4r2_)11.jpg;https://ei.phncdn.com/videos/202602/20/40000825/original/(m=eaAaGwObaaamqv)(mh=e06RmOV4PLTq4r2_)12.jpg;https://ei.phncdn.com/videos/202602/20/40000825/original/(m=eaAaGwObaaamqv)(mh=e06RmOV4PLTq4r2_)13.jpg;https://ei.phncdn.com/videos/202602/20/40000825/original/(m=eaAaGwObaaamqv)(mh=e06RmOV4PLTq4r2_)14.jpg;https://ei.phncdn.com/videos/202602/20/40000825/original/(m=eaAaGwObaaamqv)(mh=e06RmOV4PLTq4r2_)15.jpg;https://ei.phncdn.com/videos/202602/20/40000825/original/(m=eaAaGwObaaamqv)(mh=e06RmOV4PLTq4r2_)16.jpg
<iframe src="https://www.pornhub.com/embed/699a36d5342ac" frameborder="0" height="481" width="608" scrolling="no"></iframe>|https://ei.phncdn.com/videos/202602/21/40084545/original/(m=eaf8GgaaaWavb)(mh=jhAPiC2ewHrcceb4)7.jpg|https://ei.phncdn.com/videos/202602/21/40084545/original/(m=eaf8GgaaaWavb)(mh=jhAPiC2ewHrcceb4)1.jpg;https://ei.phncdn.com/videos/202602/21/40084545/original/(m=eaf8GgaaaWavb)(mh=jhAPiC2ewHrcceb4)2.jpg;https://ei.phncdn.com/videos/202602/21/40084545/original/(m=eaf8GgaaaWavb)(mh=jhAPiC2ewHrcceb4)3.jpg;https://ei.phncdn.com/videos/202602/21/40084545/original/(m=eaf8GgaaaWavb)(mh=jhAPiC2ewHrcceb4)4.jpg;https://ei.phncdn.com/videos/202602/21/40084545/original/(m=eaf8GgaaaWavb)(mh=jhAPiC2ewHrcceb4)5.jpg;https://ei.phncdn.com/videos/202602/21/40084545/original/(m=eaf8GgaaaWavb)(mh=jhAPiC2ewHrcceb4)6.jpg;https://ei.phncdn.com/videos/202602/21/40084545/original/(m=eaf8GgaaaWavb)(mh=jhAPiC2ewHrcceb4)7.jpg;https://ei.phncdn.com/videos/202602/21/40084545/original/(m=eaf8GgaaaWavb)(mh=jhAPiC2ewHrcceb4)8.jpg;https://ei.phncdn.com/videos/202602/21/40084545/original/(m=eaf8GgaaaWavb)(mh=jhAPiC2ewHrcceb4)9.jpg;https://ei.phncdn.com/videos/202602/21/40084545/original/(m=eaf8GgaaaWavb)(mh=jhAPiC2ewHrcceb4)10.jpg;https://ei.phncdn.com/videos/202602/21/40084545/original/(m=eaf8GgaaaWavb)(mh=jhAPiC2ewHrcceb4)11.jpg;https://ei.phncdn.com/videos/202602/21/40084545/original/(m=eaf8GgaaaWavb)(mh=jhAPiC2ewHrcceb4)12.jpg;https://ei.phncdn.com/videos/202602/21/40084545/original/(m=eaf8GgaaaWavb)(mh=jhAPiC2ewHrcceb4)13.jpg;https://ei.phncdn.com/videos/202602/21/40084545/original/(m=eaf8GgaaaWavb)(mh=jhAPiC2ewHrcceb4)14.jpg;https://ei.phncdn.com/videos/202602/21/40084545/original/(m=eaf8GgaaaWavb)(mh=jhAPiC2ewHrcceb4)15.jpg;https://ei.phncdn.com/videos/202602/21/40084545/original/(m=eaf8GgaaaWavb)(mh=jhAPiC2ewHrcceb4)16.jpg|CPHPORN Interview with Moby dick|interview;black;cphporn|Casting;Solo Male;Reaction||723|128|||https://ei.phncdn.com/videos/202602/21/40084545/original/(m=eaAaGwObaaamqv)(mh=KPaJK5d2_MbbsvkF)7.jpg|https://ei.phncdn.com/videos/202602/21/40084545/original/(m=eaAaGwObaaamqv)(mh=KPaJK5d2_MbbsvkF)1.jpg;https://ei.phncdn.com/videos/202602/21/40084545/original/(m=eaAaGwObaaamqv)(mh=KPaJK5d2_MbbsvkF)2.jpg;https://ei.phncdn.com/videos/202602/21/40084545/original/(m=eaAaGwObaaamqv)(mh=KPaJK5d2_MbbsvkF)3.jpg;https://ei.phncdn.com/videos/202602/21/40084545/original/(m=eaAaGwObaaamqv)(mh=KPaJK5d2_MbbsvkF)4.jpg;https://ei.phncdn.com/videos/202602/21/40084545/original/(m=eaAaGwObaaamqv)(mh=KPaJK5d2_MbbsvkF)5.jpg;https://ei.phncdn.com/videos/202602/21/40084545/original/(m=eaAaGwObaaamqv)(mh=KPaJK5d2_MbbsvkF)6.jpg;https://ei.phncdn.com/videos/202602/21/40084545/original/(m=eaAaGwObaaamqv)(mh=KPaJK5d2_MbbsvkF)7.jpg;https://ei.phncdn.com/videos/202602/21/40084545/original/(m=eaAaGwObaaamqv)(mh=KPaJK5d2_MbbsvkF)8.jpg;https://ei.phncdn.com/videos/202602/21/40084545/original/(m=eaAaGwObaaamqv)(mh=KPaJK5d2_MbbsvkF)9.jpg;https://ei.phncdn.com/videos/202602/21/40084545/original/(m=eaAaGwObaaamqv)(mh=KPaJK5d2_MbbsvkF)10.jpg;https://ei.phncdn.com/videos/202602/21/40084545/original/(m=eaAaGwObaaamqv)(mh=KPaJK5d2_MbbsvkF)11.jpg;https://ei.phncdn.com/videos/202602/21/40084545/original/(m=eaAaGwObaaamqv)(mh=KPaJK5d2_MbbsvkF)12.jpg;https://ei.phncdn.com/videos/202602/21/40084545/original/(m=eaAaGwObaaamqv)(mh=KPaJK5d2_MbbsvkF)13.jpg;https://ei.phncdn.com/videos/202602/21/40084545/original/(m=eaAaGwObaaamqv)(mh=KPaJK5d2_MbbsvkF)14.jpg;https://ei.phncdn.com/videos/202602/21/40084545/original/(m=eaAaGwObaaamqv)(mh=KPaJK5d2_MbbsvkF)15.jpg;https://ei.phncdn.com/videos/202602/21/40084545/original/(m=eaAaGwObaaamqv)(mh=KPaJK5d2_MbbsvkF)16.jpg
<iframe src="https://www.pornhub.com/embed/69a3a2f05ca02" frameborder="0" height="481" width="608" scrolling="no"></iframe>|https://ei.phncdn.com/videos/202603/01/40752215/original/(m=eaf8GgaaaWavb)(mh=soj5mPfc2QvZksz_)12.jpg|https://ei.phncdn.com/videos/202603/01/40752215/original/(m=eaf8GgaaaWavb)(mh=soj5mPfc2QvZksz_)1.jpg;https://ei.phncdn.com/videos/202603/01/40752215/original/(m=eaf8GgaaaWavb)(mh=soj5mPfc2QvZksz_)2.jpg;https://ei.phncdn.com/videos/202603/01/40752215/original/(m=eaf8GgaaaWavb)(mh=soj5mPfc2QvZksz_)3.jpg;https://ei.phncdn.com/videos/202603/01/40752215/original/(m=eaf8GgaaaWavb)(mh=soj5mPfc2QvZksz_)4.jpg;https://ei.phncdn.com/videos/202603/01/40752215/original/(m=eaf8GgaaaWavb)(mh=soj5mPfc2QvZksz_)5.jpg;https://ei.phncdn.com/videos/202603/01/40752215/original/(m=eaf8GgaaaWavb)(mh=soj5mPfc2QvZksz_)6.jpg;https://ei.phncdn.com/videos/202603/01/40752215/original/(m=eaf8GgaaaWavb)(mh=soj5mPfc2QvZksz_)7.jpg;https://ei.phncdn.com/videos/202603/01/40752215/original/(m=eaf8GgaaaWavb)(mh=soj5mPfc2QvZksz_)8.jpg;https://ei.phncdn.com/videos/202603/01/40752215/original/(m=eaf8GgaaaWavb)(mh=soj5mPfc2QvZksz_)9.jpg;https://ei.phncdn.com/videos/202603/01/40752215/original/(m=eaf8GgaaaWavb)(mh=soj5mPfc2QvZksz_)10.jpg;https://ei.phncdn.com/videos/202603/01/40752215/original/(m=eaf8GgaaaWavb)(mh=soj5mPfc2QvZksz_)11.jpg;https://ei.phncdn.com/videos/202603/01/40752215/original/(m=eaf8GgaaaWavb)(mh=soj5mPfc2QvZksz_)12.jpg;https://ei.phncdn.com/videos/202603/01/40752215/original/(m=eaf8GgaaaWavb)(mh=soj5mPfc2QvZksz_)13.jpg;https://ei.phncdn.com/videos/202603/01/40752215/original/(m=eaf8GgaaaWavb)(mh=soj5mPfc2QvZksz_)14.jpg;https://ei.phncdn.com/videos/202603/01/40752215/original/(m=eaf8GgaaaWavb)(mh=soj5mPfc2QvZksz_)15.jpg;https://ei.phncdn.com/videos/202603/01/40752215/original/(m=eaf8GgaaaWavb)(mh=soj5mPfc2QvZksz_)16.jpg|Master Beater|solo;cumshot;handjob-cumshot|Casting;Solo Male;Exclusive;Verified Amateurs;Behind The Scenes||77|7|0|1|https://ei.phncdn.com/videos/202603/01/40752215/original/(m=eaAaGwObaaamqv)(mh=i-MizHiIydVM9wHd)12.jpg|https://ei.phncdn.com/videos/202603/01/40752215/original/(m=eaAaGwObaaamqv)(mh=i-MizHiIydVM9wHd)1.jpg;https://ei.phncdn.com/videos/202603/01/40752215/original/(m=eaAaGwObaaamqv)(mh=i-MizHiIydVM9wHd)2.jpg;https://ei.phncdn.com/videos/202603/01/40752215/original/(m=eaAaGwObaaamqv)(mh=i-MizHiIydVM9wHd)3.jpg;https://ei.phncdn.com/videos/202603/01/40752215/original/(m=eaAaGwObaaamqv)(mh=i-MizHiIydVM9wHd)4.jpg;https://ei.phncdn.com/videos/202603/01/40752215/original/(m=eaAaGwObaaamqv)(mh=i-MizHiIydVM9wHd)5.jpg;https://ei.phncdn.com/videos/202603/01/40752215/original/(m=eaAaGwObaaamqv)(mh=i-MizHiIydVM9wHd)6.jpg;https://ei.phncdn.com/videos/202603/01/40752215/original/(m=eaAaGwObaaamqv)(mh=i-MizHiIydVM9wHd)7.jpg;https://ei.phncdn.com/videos/202603/01/40752215/original/(m=eaAaGwObaaamqv)(mh=i-MizHiIydVM9wHd)8.jpg;https://ei.phncdn.com/videos/202603/01/40752215/original/(m=eaAaGwObaaamqv)(mh=i-MizHiIydVM9wHd)9.jpg;https://ei.phncdn.com/videos/202603/01/40752215/original/(m=eaAaGwObaaamqv)(mh=i-MizHiIydVM9wHd)10.jpg;https://ei.phncdn.com/videos/202603/01/40752215/original/(m=eaAaGwObaaamqv)(mh=i-MizHiIydVM9wHd)11.jpg;https://ei.phncdn.com/videos/202603/01/40752215/original/(m=eaAaGwObaaamqv)(mh=i-MizHiIydVM9wHd)12.jpg;https://ei.phncdn.com/videos/202603/01/40752215/original/(m=eaAaGwObaaamqv)(mh=i-MizHiIydVM9wHd)13.jpg;https://ei.phncdn.com/videos/202603/01/40752215/original/(m=eaAaGwObaaamqv)(mh=i-MizHiIydVM9wHd)14.jpg;https://ei.phncdn.com/videos/202603/01/40752215/original/(m=eaAaGwObaaamqv)(mh=i-MizHiIydVM9wHd)15.jpg;https://ei.phncdn.com/videos/202603/01/40752215/original/(m=eaAaGwObaaamqv)(mh=i-MizHiIydVM9wHd)16.jpg
<iframe src="https://www.pornhub.com/embed/69a8b4c00e368" frameborder="0" height="481" width="608" scrolling="no"></iframe>|https://ei.phncdn.com/videos/202603/04/41124685/original/(m=eaf8GgaaaWavb)(mh=i-7zd0kIlMH78TLL)12.jpg|https://ei.phncdn.com/videos/202603/04/41124685/original/(m=eaf8GgaaaWavb)(mh=i-7zd0kIlMH78TLL)1.jpg;https://ei.phncdn.com/videos/202603/04/41124685/original/(m=eaf8GgaaaWavb)(mh=i-7zd0kIlMH78TLL)2.jpg;https://ei.phncdn.com/videos/202603/04/41124685/original/(m=eaf8GgaaaWavb)(mh=i-7zd0kIlMH78TLL)3.jpg;https://ei.phncdn.com/videos/202603/04/41124685/original/(m=eaf8GgaaaWavb)(mh=i-7zd0kIlMH78TLL)4.jpg;https://ei.phncdn.com/videos/202603/04/41124685/original/(m=eaf8GgaaaWavb)(mh=i-7zd0kIlMH78TLL)5.jpg;https://ei.phncdn.com/videos/202603/04/41124685/original/(m=eaf8GgaaaWavb)(mh=i-7zd0kIlMH78TLL)6.jpg;https://ei.phncdn.com/videos/202603/04/41124685/original/(m=eaf8GgaaaWavb)(mh=i-7zd0kIlMH78TLL)7.jpg;https://ei.phncdn.com/videos/202603/04/41124685/original/(m=eaf8GgaaaWavb)(mh=i-7zd0kIlMH78TLL)8.jpg;https://ei.phncdn.com/videos/202603/04/41124685/original/(m=eaf8GgaaaWavb)(mh=i-7zd0kIlMH78TLL)9.jpg;https://ei.phncdn.com/videos/202603/04/41124685/original/(m=eaf8GgaaaWavb)(mh=i-7zd0kIlMH78TLL)10.jpg;https://ei.phncdn.com/videos/202603/04/41124685/original/(m=eaf8GgaaaWavb)(mh=i-7zd0kIlMH78TLL)11.jpg;https://ei.phncdn.com/videos/202603/04/41124685/original/(m=eaf8GgaaaWavb)(mh=i-7zd0kIlMH78TLL)12.jpg;https://ei.phncdn.com/videos/202603/04/41124685/original/(m=eaf8GgaaaWavb)(mh=i-7zd0kIlMH78TLL)13.jpg;https://ei.phncdn.com/videos/202603/04/41124685/original/(m=eaf8GgaaaWavb)(mh=i-7zd0kIlMH78TLL)14.jpg;https://ei.phncdn.com/videos/202603/04/41124685/original/(m=eaf8GgaaaWavb)(mh=i-7zd0kIlMH78TLL)15.jpg;https://ei.phncdn.com/videos/202603/04/41124685/original/(m=eaf8GgaaaWavb)(mh=i-7zd0kIlMH78TLL)16.jpg|Just warming up my hole… full stretch on OF 🍑|toy;dildo;onlyfans;teasing;onlyfans-model|Casting;Exclusive;Verified Amateurs;Solo Female||15|66|6|1|https://ei.phncdn.com/videos/202603/04/41124685/original/(m=eaAaGwObaaamqv)(mh=agMNQhO4pPckK6-5)12.jpg|https://ei.phncdn.com/videos/202603/04/41124685/original/(m=eaAaGwObaaamqv)(mh=agMNQhO4pPckK6-5)1.jpg;https://ei.phncdn.com/videos/202603/04/41124685/original/(m=eaAaGwObaaamqv)(mh=agMNQhO4pPckK6-5)2.jpg;https://ei.phncdn.com/videos/202603/04/41124685/original/(m=eaAaGwObaaamqv)(mh=agMNQhO4pPckK6-5)3.jpg;https://ei.phncdn.com/videos/202603/04/41124685/original/(m=eaAaGwObaaamqv)(mh=agMNQhO4pPckK6-5)4.jpg;https://ei.phncdn.com/videos/202603/04/41124685/original/(m=eaAaGwObaaamqv)(mh=agMNQhO4pPckK6-5)5.jpg;https://ei.phncdn.com/videos/202603/04/41124685/original/(m=eaAaGwObaaamqv)(mh=agMNQhO4pPckK6-5)6.jpg;https://ei.phncdn.com/videos/202603/04/41124685/original/(m=eaAaGwObaaamqv)(mh=agMNQhO4pPckK6-5)7.jpg;https://ei.phncdn.com/videos/202603/04/41124685/original/(m=eaAaGwObaaamqv)(mh=agMNQhO4pPckK6-5)8.jpg;https://ei.phncdn.com/videos/202603/04/41124685/original/(m=eaAaGwObaaamqv)(mh=agMNQhO4pPckK6-5)9.jpg;https://ei.phncdn.com/videos/202603/04/41124685/original/(m=eaAaGwObaaamqv)(mh=agMNQhO4pPckK6-5)10.jpg;https://ei.phncdn.com/videos/202603/04/41124685/original/(m=eaAaGwObaaamqv)(mh=agMNQhO4pPckK6-5)11.jpg;https://ei.phncdn.com/videos/202603/04/41124685/original/(m=eaAaGwObaaamqv)(mh=agMNQhO4pPckK6-5)12.jpg;https://ei.phncdn.com/videos/202603/04/41124685/original/(m=eaAaGwObaaamqv)(mh=agMNQhO4pPckK6-5)13.jpg;https://ei.phncdn.com/videos/202603/04/41124685/original/(m=eaAaGwObaaamqv)(mh=agMNQhO4pPckK6-5)14.jpg;https://ei.phncdn.com/videos/202603/04/41124685/original/(m=eaAaGwObaaamqv)(mh=agMNQhO4pPckK6-5)15.jpg;https://ei.phncdn.com/videos/202603/04/41124685/original/(m=eaAaGwObaaamqv)(mh=agMNQhO4pPckK6-5)16.jpg
<iframe src="https://www.pornhub.com/embed/69aa1c4cc14d3" frameborder="0" height="481" width="608" scrolling="no"></iframe>|https://ei.phncdn.com/videos/202603/06/41231415/original/(m=eaf8GgaaaWavb)(mh=bKHmhu8wNfeUmqKF)12.jpg|https://ei.phncdn.com/videos/202603/06/41231415/original/(m=eaf8GgaaaWavb)(mh=bKHmhu8wNfeUmqKF)1.jpg;https://ei.phncdn.com/videos/202603/06/41231415/original/(m=eaf8GgaaaWavb)(mh=bKHmhu8wNfeUmqKF)2.jpg;https://ei.phncdn.com/videos/202603/06/41231415/original/(m=eaf8GgaaaWavb)(mh=bKHmhu8wNfeUmqKF)3.jpg;https://ei.phncdn.com/videos/202603/06/41231415/original/(m=eaf8GgaaaWavb)(mh=bKHmhu8wNfeUmqKF)4.jpg;https://ei.phncdn.com/videos/202603/06/41231415/original/(m=eaf8GgaaaWavb)(mh=bKHmhu8wNfeUmqKF)5.jpg;https://ei.phncdn.com/videos/202603/06/41231415/original/(m=eaf8GgaaaWavb)(mh=bKHmhu8wNfeUmqKF)6.jpg;https://ei.phncdn.com/videos/202603/06/41231415/original/(m=eaf8GgaaaWavb)(mh=bKHmhu8wNfeUmqKF)7.jpg;https://ei.phncdn.com/videos/202603/06/41231415/original/(m=eaf8GgaaaWavb)(mh=bKHmhu8wNfeUmqKF)8.jpg;https://ei.phncdn.com/videos/202603/06/41231415/original/(m=eaf8GgaaaWavb)(mh=bKHmhu8wNfeUmqKF)9.jpg;https://ei.phncdn.com/videos/202603/06/41231415/original/(m=eaf8GgaaaWavb)(mh=bKHmhu8wNfeUmqKF)10.jpg;https://ei.phncdn.com/videos/202603/06/41231415/original/(m=eaf8GgaaaWavb)(mh=bKHmhu8wNfeUmqKF)11.jpg;https://ei.phncdn.com/videos/202603/06/41231415/original/(m=eaf8GgaaaWavb)(mh=bKHmhu8wNfeUmqKF)12.jpg;https://ei.phncdn.com/videos/202603/06/41231415/original/(m=eaf8GgaaaWavb)(mh=bKHmhu8wNfeUmqKF)13.jpg;https://ei.phncdn.com/videos/202603/06/41231415/original/(m=eaf8GgaaaWavb)(mh=bKHmhu8wNfeUmqKF)14.jpg;https://ei.phncdn.com/videos/202603/06/41231415/original/(m=eaf8GgaaaWavb)(mh=bKHmhu8wNfeUmqKF)15.jpg;https://ei.phncdn.com/videos/202603/06/41231415/original/(m=eaf8GgaaaWavb)(mh=bKHmhu8wNfeUmqKF)16.jpg|Pajote|yoga;cuckold|Casting;Solo Male;Exclusive;Verified Amateurs||20|4|||https://ei.phncdn.com/videos/202603/06/41231415/original/(m=eaAaGwObaaamqv)(mh=8B6HCdBf3yR_DsfM)12.jpg|https://ei.phncdn.com/videos/202603/06/41231415/original/(m=eaAaGwObaaamqv)(mh=8B6HCdBf3yR_DsfM)1.jpg;https://ei.phncdn.com/videos/202603/06/41231415/original/(m=eaAaGwObaaamqv)(mh=8B6HCdBf3yR_DsfM)2.jpg;https://ei.phncdn.com/videos/202603/06/41231415/original/(m=eaAaGwObaaamqv)(mh=8B6HCdBf3yR_DsfM)3.jpg;https://ei.phncdn.com/videos/202603/06/41231415/original/(m=eaAaGwObaaamqv)(mh=8B6HCdBf3yR_DsfM)4.jpg;https://ei.phncdn.com/videos/202603/06/41231415/original/(m=eaAaGwObaaamqv)(mh=8B6HCdBf3yR_DsfM)5.jpg;https://ei.phncdn.com/videos/202603/06/41231415/original/(m=eaAaGwObaaamqv)(mh=8B6HCdBf3yR_DsfM)6.jpg;https://ei.phncdn.com/videos/202603/06/41231415/original/(m=eaAaGwObaaamqv)(mh=8B6HCdBf3yR_DsfM)7.jpg;https://ei.phncdn.com/videos/202603/06/41231415/original/(m=eaAaGwObaaamqv)(mh=8B6HCdBf3yR_DsfM)8.jpg;https://ei.phncdn.com/videos/202603/06/41231415/original/(m=eaAaGwObaaamqv)(mh=8B6HCdBf3yR_DsfM)9.jpg;https://ei.phncdn.com/videos/202603/06/41231415/original/(m=eaAaGwObaaamqv)(mh=8B6HCdBf3yR_DsfM)10.jpg;https://ei.phncdn.com/videos/202603/06/41231415/original/(m=eaAaGwObaaamqv)(mh=8B6HCdBf3yR_DsfM)11.jpg;https://ei.phncdn.com/videos/202603/06/41231415/original/(m=eaAaGwObaaamqv)(mh=8B6HCdBf3yR_DsfM)12.jpg;https://ei.phncdn.com/videos/202603/06/41231415/original/(m=eaAaGwObaaamqv)(mh=8B6HCdBf3yR_DsfM)13.jpg;https://ei.phncdn.com/videos/202603/06/41231415/original/(m=eaAaGwObaaamqv)(mh=8B6HCdBf3yR_DsfM)14.jpg;https://ei.phncdn.com/videos/202603/06/41231415/original/(m=eaAaGwObaaamqv)(mh=8B6HCdBf3yR_DsfM)15.jpg;https://ei.phncdn.com/videos/202603/06/41231415/original/(m=eaAaGwObaaamqv)(mh=8B6HCdBf3yR_DsfM)16.jpg
<iframe src="https://www.pornhub.com/embed/69ae268c5526b" frameborder="0" height="481" width="608" scrolling="no"></iframe>|https://ei.phncdn.com/videos/202603/09/41506895/original/(m=eaf8GgaaaWavb)(mh=uOqzZQ58nWtB9piY)12.jpg|https://ei.phncdn.com/videos/202603/09/41506895/original/(m=eaf8GgaaaWavb)(mh=uOqzZQ58nWtB9piY)1.jpg;https://ei.phncdn.com/videos/202603/09/41506895/original/(m=eaf8GgaaaWavb)(mh=uOqzZQ58nWtB9piY)2.jpg;https://ei.phncdn.com/videos/202603/09/41506895/original/(m=eaf8GgaaaWavb)(mh=uOqzZQ58nWtB9piY)3.jpg;https://ei.phncdn.com/videos/202603/09/41506895/original/(m=eaf8GgaaaWavb)(mh=uOqzZQ58nWtB9piY)4.jpg;https://ei.phncdn.com/videos/202603/09/41506895/original/(m=eaf8GgaaaWavb)(mh=uOqzZQ58nWtB9piY)5.jpg;https://ei.phncdn.com/videos/202603/09/41506895/original/(m=eaf8GgaaaWavb)(mh=uOqzZQ58nWtB9piY)6.jpg;https://ei.phncdn.com/videos/202603/09/41506895/original/(m=eaf8GgaaaWavb)(mh=uOqzZQ58nWtB9piY)7.jpg;https://ei.phncdn.com/videos/202603/09/41506895/original/(m=eaf8GgaaaWavb)(mh=uOqzZQ58nWtB9piY)8.jpg;https://ei.phncdn.com/videos/202603/09/41506895/original/(m=eaf8GgaaaWavb)(mh=uOqzZQ58nWtB9piY)9.jpg;https://ei.phncdn.com/videos/202603/09/41506895/original/(m=eaf8GgaaaWavb)(mh=uOqzZQ58nWtB9piY)10.jpg;https://ei.phncdn.com/videos/202603/09/41506895/original/(m=eaf8GgaaaWavb)(mh=uOqzZQ58nWtB9piY)11.jpg;https://ei.phncdn.com/videos/202603/09/41506895/original/(m=eaf8GgaaaWavb)(mh=uOqzZQ58nWtB9piY)12.jpg;https://ei.phncdn.com/videos/202603/09/41506895/original/(m=eaf8GgaaaWavb)(mh=uOqzZQ58nWtB9piY)13.jpg;https://ei.phncdn.com/videos/202603/09/41506895/original/(m=eaf8GgaaaWavb)(mh=uOqzZQ58nWtB9piY)14.jpg;https://ei.phncdn.com/videos/202603/09/41506895/original/(m=eaf8GgaaaWavb)(mh=uOqzZQ58nWtB9piY)15.jpg;https://ei.phncdn.com/videos/202603/09/41506895/original/(m=eaf8GgaaaWavb)(mh=uOqzZQ58nWtB9piY)16.jpg|Pornhub first times|newbie;first-video|Casting;Solo Male;Exclusive;Verified Amateurs||21|67|2|0|https://ei.phncdn.com/videos/202603/09/41506895/original/(m=eaAaGwObaaamqv)(mh=x-_mWMVlyfBkKm3y)12.jpg|https://ei.phncdn.com/videos/202603/09/41506895/original/(m=eaAaGwObaaamqv)(mh=x-_mWMVlyfBkKm3y)1.jpg;https://ei.phncdn.com/videos/202603/09/41506895/original/(m=eaAaGwObaaamqv)(mh=x-_mWMVlyfBkKm3y)2.jpg;https://ei.phncdn.com/videos/202603/09/41506895/original/(m=eaAaGwObaaamqv)(mh=x-_mWMVlyfBkKm3y)3.jpg;https://ei.phncdn.com/videos/202603/09/41506895/original/(m=eaAaGwObaaamqv)(mh=x-_mWMVlyfBkKm3y)4.jpg;https://ei.phncdn.com/videos/202603/09/41506895/original/(m=eaAaGwObaaamqv)(mh=x-_mWMVlyfBkKm3y)5.jpg;https://ei.phncdn.com/videos/202603/09/41506895/original/(m=eaAaGwObaaamqv)(mh=x-_mWMVlyfBkKm3y)6.jpg;https://ei.phncdn.com/videos/202603/09/41506895/original/(m=eaAaGwObaaamqv)(mh=x-_mWMVlyfBkKm3y)7.jpg;https://ei.phncdn.com/videos/202603/09/41506895/original/(m=eaAaGwObaaamqv)(mh=x-_mWMVlyfBkKm3y)8.jpg;https://ei.phncdn.com/videos/202603/09/41506895/original/(m=eaAaGwObaaamqv)(mh=x-_mWMVlyfBkKm3y)9.jpg;https://ei.phncdn.com/videos/202603/09/41506895/original/(m=eaAaGwObaaamqv)(mh=x-_mWMVlyfBkKm3y)10.jpg;https://ei.phncdn.com/videos/202603/09/41506895/original/(m=eaAaGwObaaamqv)(mh=x-_mWMVlyfBkKm3y)11.jpg;https://ei.phncdn.com/videos/202603/09/41506895/original/(m=eaAaGwObaaamqv)(mh=x-_mWMVlyfBkKm3y)12.jpg;https://ei.phncdn.com/videos/202603/09/41506895/original/(m=eaAaGwObaaamqv)(mh=x-_mWMVlyfBkKm3y)13.jpg;https://ei.phncdn.com/videos/202603/09/41506895/original/(m=eaAaGwObaaamqv)(mh=x-_mWMVlyfBkKm3y)14.jpg;https://ei.phncdn.com/videos/202603/09/41506895/original/(m=eaAaGwObaaamqv)(mh=x-_mWMVlyfBkKm3y)15.jpg;https://ei.phncdn.com/videos/202603/09/41506895/original/(m=eaAaGwObaaamqv)(mh=x-_mWMVlyfBkKm3y)16.jpg
<iframe src="https://www.pornhub.com/embed/69c32deb9aa69" frameborder="0" height="481" width="608" scrolling="no"></iframe>|https://ei.phncdn.com/videos/202603/25/43239265/original/(m=eaf8GgaaaWavb)(mh=QaBhgzm53OlZVDBl)3.jpg|https://ei.phncdn.com/videos/202603/25/43239265/original/(m=eaf8GgaaaWavb)(mh=QaBhgzm53OlZVDBl)1.jpg;https://ei.phncdn.com/videos/202603/25/43239265/original/(m=eaf8GgaaaWavb)(mh=QaBhgzm53OlZVDBl)2.jpg;https://ei.phncdn.com/videos/202603/25/43239265/original/(m=eaf8GgaaaWavb)(mh=QaBhgzm53OlZVDBl)3.jpg;https://ei.phncdn.com/videos/202603/25/43239265/original/(m=eaf8GgaaaWavb)(mh=QaBhgzm53OlZVDBl)4.jpg;https://ei.phncdn.com/videos/202603/25/43239265/original/(m=eaf8GgaaaWavb)(mh=QaBhgzm53OlZVDBl)5.jpg;https://ei.phncdn.com/videos/202603/25/43239265/original/(m=eaf8GgaaaWavb)(mh=QaBhgzm53OlZVDBl)6.jpg;https://ei.phncdn.com/videos/202603/25/43239265/original/(m=eaf8GgaaaWavb)(mh=QaBhgzm53OlZVDBl)7.jpg;https://ei.phncdn.com/videos/202603/25/43239265/original/(m=eaf8GgaaaWavb)(mh=QaBhgzm53OlZVDBl)8.jpg;https://ei.phncdn.com/videos/202603/25/43239265/original/(m=eaf8GgaaaWavb)(mh=QaBhgzm53OlZVDBl)9.jpg;https://ei.phncdn.com/videos/202603/25/43239265/original/(m=eaf8GgaaaWavb)(mh=QaBhgzm53OlZVDBl)10.jpg;https://ei.phncdn.com/videos/202603/25/43239265/original/(m=eaf8GgaaaWavb)(mh=QaBhgzm53OlZVDBl)11.jpg;https://ei.phncdn.com/videos/202603/25/43239265/original/(m=eaf8GgaaaWavb)(mh=QaBhgzm53OlZVDBl)12.jpg;https://ei.phncdn.com/videos/202603/25/43239265/original/(m=eaf8GgaaaWavb)(mh=QaBhgzm53OlZVDBl)13.jpg;https://ei.phncdn.com/videos/202603/25/43239265/original/(m=eaf8GgaaaWavb)(mh=QaBhgzm53OlZVDBl)14.jpg;https://ei.phncdn.com/videos/202603/25/43239265/original/(m=eaf8GgaaaWavb)(mh=QaBhgzm53OlZVDBl)15.jpg;https://ei.phncdn.com/videos/202603/25/43239265/original/(m=eaf8GgaaaWavb)(mh=QaBhgzm53OlZVDBl)16.jpg|Segunda parte de nuestra transmisión en vivo mientras hacemos cosas sucias|big-boobs;tetas-naturales;culonas-tetonas;piel-canela;oral-sex|Casting;Exclusive;Verified Amateurs;Female Orgasm||892|117|||https://ei.phncdn.com/videos/202603/25/43239265/original/(m=eaAaGwObaaamqv)(mh=DlYbjX3WamNgzj4P)3.jpg|https://ei.phncdn.com/videos/202603/25/43239265/original/(m=eaAaGwObaaamqv)(mh=DlYbjX3WamNgzj4P)1.jpg;https://ei.phncdn.com/videos/202603/25/43239265/original/(m=eaAaGwObaaamqv)(mh=DlYbjX3WamNgzj4P)2.jpg;https://ei.phncdn.com/videos/202603/25/43239265/original/(m=eaAaGwObaaamqv)(mh=DlYbjX3WamNgzj4P)3.jpg;https://ei.phncdn.com/videos/202603/25/43239265/original/(m=eaAaGwObaaamqv)(mh=DlYbjX3WamNgzj4P)4.jpg;https://ei.phncdn.com/videos/202603/25/43239265/original/(m=eaAaGwObaaamqv)(mh=DlYbjX3WamNgzj4P)5.jpg;https://ei.phncdn.com/videos/202603/25/43239265/original/(m=eaAaGwObaaamqv)(mh=DlYbjX3WamNgzj4P)6.jpg;https://ei.phncdn.com/videos/202603/25/43239265/original/(m=eaAaGwObaaamqv)(mh=DlYbjX3WamNgzj4P)7.jpg;https://ei.phncdn.com/videos/202603/25/43239265/original/(m=eaAaGwObaaamqv)(mh=DlYbjX3WamNgzj4P)8.jpg;https://ei.phncdn.com/videos/202603/25/43239265/original/(m=eaAaGwObaaamqv)(mh=DlYbjX3WamNgzj4P)9.jpg;https://ei.phncdn.com/videos/202603/25/43239265/original/(m=eaAaGwObaaamqv)(mh=DlYbjX3WamNgzj4P)10.jpg;https://ei.phncdn.com/videos/202603/25/43239265/original/(m=eaAaGwObaaamqv)(mh=DlYbjX3WamNgzj4P)11.jpg;https://ei.phncdn.com/videos/202603/25/43239265/original/(m=eaAaGwObaaamqv)(mh=DlYbjX3WamNgzj4P)12.jpg;https://ei.phncdn.com/videos/202603/25/43239265/original/(m=eaAaGwObaaamqv)(mh=DlYbjX3WamNgzj4P)13.jpg;https://ei.phncdn.com/videos/202603/25/43239265/original/(m=eaAaGwObaaamqv)(mh=DlYbjX3WamNgzj4P)14.jpg;https://ei.phncdn.com/videos/202603/25/43239265/original/(m=eaAaGwObaaamqv)(mh=DlYbjX3WamNgzj4P)15.jpg;https://ei.phncdn.com/videos/202603/25/43239265/original/(m=eaAaGwObaaamqv)(mh=DlYbjX3WamNgzj4P)16.jpg
<iframe src="https://www.pornhub.com/embed/69c5d88e3b8b3" frameborder="0" height="481" width="608" scrolling="no"></iframe>|https://ei.phncdn.com/videos/202603/27/43480605/original/(m=eaf8GgaaaWavb)(mh=TXcA_dmpCN26fwCo)12.jpg|https://ei.phncdn.com/videos/202603/27/43480605/original/(m=eaf8GgaaaWavb)(mh=TXcA_dmpCN26fwCo)1.jpg;https://ei.phncdn.com/videos/202603/27/43480605/original/(m=eaf8GgaaaWavb)(mh=TXcA_dmpCN26fwCo)2.jpg;https://ei.phncdn.com/videos/202603/27/43480605/original/(m=eaf8GgaaaWavb)(mh=TXcA_dmpCN26fwCo)3.jpg;https://ei.phncdn.com/videos/202603/27/43480605/original/(m=eaf8GgaaaWavb)(mh=TXcA_dmpCN26fwCo)4.jpg;https://ei.phncdn.com/videos/202603/27/43480605/original/(m=eaf8GgaaaWavb)(mh=TXcA_dmpCN26fwCo)5.jpg;https://ei.phncdn.com/videos/202603/27/43480605/original/(m=eaf8GgaaaWavb)(mh=TXcA_dmpCN26fwCo)6.jpg;https://ei.phncdn.com/videos/202603/27/43480605/original/(m=eaf8GgaaaWavb)(mh=TXcA_dmpCN26fwCo)7.jpg;https://ei.phncdn.com/videos/202603/27/43480605/original/(m=eaf8GgaaaWavb)(mh=TXcA_dmpCN26fwCo)8.jpg;https://ei.phncdn.com/videos/202603/27/43480605/original/(m=eaf8GgaaaWavb)(mh=TXcA_dmpCN26fwCo)9.jpg;https://ei.phncdn.com/videos/202603/27/43480605/original/(m=eaf8GgaaaWavb)(mh=TXcA_dmpCN26fwCo)10.jpg;https://ei.phncdn.com/videos/202603/27/43480605/original/(m=eaf8GgaaaWavb)(mh=TXcA_dmpCN26fwCo)11.jpg;https://ei.phncdn.com/videos/202603/27/43480605/original/(m=eaf8GgaaaWavb)(mh=TXcA_dmpCN26fwCo)12.jpg;https://ei.phncdn.com/videos/202603/27/43480605/original/(m=eaf8GgaaaWavb)(mh=TXcA_dmpCN26fwCo)13.jpg;https://ei.phncdn.com/videos/202603/27/43480605/original/(m=eaf8GgaaaWavb)(mh=TXcA_dmpCN26fwCo)14.jpg;https://ei.phncdn.com/videos/202603/27/43480605/original/(m=eaf8GgaaaWavb)(mh=TXcA_dmpCN26fwCo)15.jpg;https://ei.phncdn.com/videos/202603/27/43480605/original/(m=eaf8GgaaaWavb)(mh=TXcA_dmpCN26fwCo)16.jpg|Gorąca brunetka milf mommy big boobs missmonicaperez bielizna ponczochy zmysłowy taniec|milf;big-titts;big-boobs;missmonicaperez;polish;stockings;lingerie|Casting;Exclusive;Verified Amateurs;Solo Female||424|4907|45|1|https://ei.phncdn.com/videos/202603/27/43480605/original/(m=eaAaGwObaaamqv)(mh=T5CpwoSBbhE8WX3m)12.jpg|https://ei.phncdn.com/videos/202603/27/43480605/original/(m=eaAaGwObaaamqv)(mh=T5CpwoSBbhE8WX3m)1.jpg;https://ei.phncdn.com/videos/202603/27/43480605/original/(m=eaAaGwObaaamqv)(mh=T5CpwoSBbhE8WX3m)2.jpg;https://ei.phncdn.com/videos/202603/27/43480605/original/(m=eaAaGwObaaamqv)(mh=T5CpwoSBbhE8WX3m)3.jpg;https://ei.phncdn.com/videos/202603/27/43480605/original/(m=eaAaGwObaaamqv)(mh=T5CpwoSBbhE8WX3m)4.jpg;https://ei.phncdn.com/videos/202603/27/43480605/original/(m=eaAaGwObaaamqv)(mh=T5CpwoSBbhE8WX3m)5.jpg;https://ei.phncdn.com/videos/202603/27/43480605/original/(m=eaAaGwObaaamqv)(mh=T5CpwoSBbhE8WX3m)6.jpg;https://ei.phncdn.com/videos/202603/27/43480605/original/(m=eaAaGwObaaamqv)(mh=T5CpwoSBbhE8WX3m)7.jpg;https://ei.phncdn.com/videos/202603/27/43480605/original/(m=eaAaGwObaaamqv)(mh=T5CpwoSBbhE8WX3m)8.jpg;https://ei.phncdn.com/videos/202603/27/43480605/original/(m=eaAaGwObaaamqv)(mh=T5CpwoSBbhE8WX3m)9.jpg;https://ei.phncdn.com/videos/202603/27/43480605/original/(m=eaAaGwObaaamqv)(mh=T5CpwoSBbhE8WX3m)10.jpg;https://ei.phncdn.com/videos/202603/27/43480605/original/(m=eaAaGwObaaamqv)(mh=T5CpwoSBbhE8WX3m)11.jpg;https://ei.phncdn.com/videos/202603/27/43480605/original/(m=eaAaGwObaaamqv)(mh=T5CpwoSBbhE8WX3m)12.jpg;https://ei.phncdn.com/videos/202603/27/43480605/original/(m=eaAaGwObaaamqv)(mh=T5CpwoSBbhE8WX3m)13.jpg;https://ei.phncdn.com/videos/202603/27/43480605/original/(m=eaAaGwObaaamqv)(mh=T5CpwoSBbhE8WX3m)14.jpg;https://ei.phncdn.com/videos/202603/27/43480605/original/(m=eaAaGwObaaamqv)(mh=T5CpwoSBbhE8WX3m)15.jpg;https://ei.phncdn.com/videos/202603/27/43480605/original/(m=eaAaGwObaaamqv)(mh=T5CpwoSBbhE8WX3m)16.jpg
<iframe src="https://www.pornhub.com/embed/69c62062535ba" frameborder="0" height="481" width="608" scrolling="no"></iframe>|https://ei.phncdn.com/videos/202603/27/43503365/original/(m=eaf8GgaaaWavb)(mh=1UYhg53_c7wSvLei)12.jpg|https://ei.phncdn.com/videos/202603/27/43503365/original/(m=eaf8GgaaaWavb)(mh=1UYhg53_c7wSvLei)1.jpg;https://ei.phncdn.com/videos/202603/27/43503365/original/(m=eaf8GgaaaWavb)(mh=1UYhg53_c7wSvLei)2.jpg;https://ei.phncdn.com/videos/202603/27/43503365/original/(m=eaf8GgaaaWavb)(mh=1UYhg53_c7wSvLei)3.jpg;https://ei.phncdn.com/videos/202603/27/43503365/original/(m=eaf8GgaaaWavb)(mh=1UYhg53_c7wSvLei)4.jpg;https://ei.phncdn.com/videos/202603/27/43503365/original/(m=eaf8GgaaaWavb)(mh=1UYhg53_c7wSvLei)5.jpg;https://ei.phncdn.com/videos/202603/27/43503365/original/(m=eaf8GgaaaWavb)(mh=1UYhg53_c7wSvLei)6.jpg;https://ei.phncdn.com/videos/202603/27/43503365/original/(m=eaf8GgaaaWavb)(mh=1UYhg53_c7wSvLei)7.jpg;https://ei.phncdn.com/videos/202603/27/43503365/original/(m=eaf8GgaaaWavb)(mh=1UYhg53_c7wSvLei)8.jpg;https://ei.phncdn.com/videos/202603/27/43503365/original/(m=eaf8GgaaaWavb)(mh=1UYhg53_c7wSvLei)9.jpg;https://ei.phncdn.com/videos/202603/27/43503365/original/(m=eaf8GgaaaWavb)(mh=1UYhg53_c7wSvLei)10.jpg;https://ei.phncdn.com/videos/202603/27/43503365/original/(m=eaf8GgaaaWavb)(mh=1UYhg53_c7wSvLei)11.jpg;https://ei.phncdn.com/videos/202603/27/43503365/original/(m=eaf8GgaaaWavb)(mh=1UYhg53_c7wSvLei)12.jpg;https://ei.phncdn.com/videos/202603/27/43503365/original/(m=eaf8GgaaaWavb)(mh=1UYhg53_c7wSvLei)13.jpg;https://ei.phncdn.com/videos/202603/27/43503365/original/(m=eaf8GgaaaWavb)(mh=1UYhg53_c7wSvLei)14.jpg;https://ei.phncdn.com/videos/202603/27/43503365/original/(m=eaf8GgaaaWavb)(mh=1UYhg53_c7wSvLei)15.jpg;https://ei.phncdn.com/videos/202603/27/43503365/original/(m=eaf8GgaaaWavb)(mh=1UYhg53_c7wSvLei)16.jpg|Double fisting 82|kinky;extreme;homemade;amateur;sizequeen;fisting;squirt;stretching;gape;dildo;hugedildo;submissive;crazyslut;insertions;loosehole;orgasm|Casting;German;Verified Amateurs||17|12048|22|2|https://ei.phncdn.com/videos/202603/27/43503365/original/(m=eaAaGwObaaamqv)(mh=V8PlfcKkrXRaOJDM)12.jpg|https://ei.phncdn.com/videos/202603/27/43503365/original/(m=eaAaGwObaaamqv)(mh=V8PlfcKkrXRaOJDM)1.jpg;https://ei.phncdn.com/videos/202603/27/43503365/original/(m=eaAaGwObaaamqv)(mh=V8PlfcKkrXRaOJDM)2.jpg;https://ei.phncdn.com/videos/202603/27/43503365/original/(m=eaAaGwObaaamqv)(mh=V8PlfcKkrXRaOJDM)3.jpg;https://ei.phncdn.com/videos/202603/27/43503365/original/(m=eaAaGwObaaamqv)(mh=V8PlfcKkrXRaOJDM)4.jpg;https://ei.phncdn.com/videos/202603/27/43503365/original/(m=eaAaGwObaaamqv)(mh=V8PlfcKkrXRaOJDM)5.jpg;https://ei.phncdn.com/videos/202603/27/43503365/original/(m=eaAaGwObaaamqv)(mh=V8PlfcKkrXRaOJDM)6.jpg;https://ei.phncdn.com/videos/202603/27/43503365/original/(m=eaAaGwObaaamqv)(mh=V8PlfcKkrXRaOJDM)7.jpg;https://ei.phncdn.com/videos/202603/27/43503365/original/(m=eaAaGwObaaamqv)(mh=V8PlfcKkrXRaOJDM)8.jpg;https://ei.phncdn.com/videos/202603/27/43503365/original/(m=eaAaGwObaaamqv)(mh=V8PlfcKkrXRaOJDM)9.jpg;https://ei.phncdn.com/videos/202603/27/43503365/original/(m=eaAaGwObaaamqv)(mh=V8PlfcKkrXRaOJDM)10.jpg;https://ei.phncdn.com/videos/202603/27/43503365/original/(m=eaAaGwObaaamqv)(mh=V8PlfcKkrXRaOJDM)11.jpg;https://ei.phncdn.com/videos/202603/27/43503365/original/(m=eaAaGwObaaamqv)(mh=V8PlfcKkrXRaOJDM)12.jpg;https://ei.phncdn.com/videos/202603/27/43503365/original/(m=eaAaGwObaaamqv)(mh=V8PlfcKkrXRaOJDM)13.jpg;https://ei.phncdn.com/videos/202603/27/43503365/original/(m=eaAaGwObaaamqv)(mh=V8PlfcKkrXRaOJDM)14.jpg;https://ei.phncdn.com/videos/202603/27/43503365/original/(m=eaAaGwObaaamqv)(mh=V8PlfcKkrXRaOJDM)15.jpg;https://ei.phncdn.com/videos/202603/27/43503365/original/(m=eaAaGwObaaamqv)(mh=V8PlfcKkrXRaOJDM)16.jpg
<iframe src="https://www.pornhub.com/embed/69c9b143a8610" frameborder="0" height="481" width="608" scrolling="no"></iframe>|https://ei.phncdn.com/videos/202603/29/43758055/original/(m=eaf8GgaaaWavb)(mh=Twzts6lg4CnqDf8q)12.jpg|https://ei.phncdn.com/videos/202603/29/43758055/original/(m=eaf8GgaaaWavb)(mh=Twzts6lg4CnqDf8q)1.jpg;https://ei.phncdn.com/videos/202603/29/43758055/original/(m=eaf8GgaaaWavb)(mh=Twzts6lg4CnqDf8q)2.jpg;https://ei.phncdn.com/videos/202603/29/43758055/original/(m=eaf8GgaaaWavb)(mh=Twzts6lg4CnqDf8q)3.jpg;https://ei.phncdn.com/videos/202603/29/43758055/original/(m=eaf8GgaaaWavb)(mh=Twzts6lg4CnqDf8q)4.jpg;https://ei.phncdn.com/videos/202603/29/43758055/original/(m=eaf8GgaaaWavb)(mh=Twzts6lg4CnqDf8q)5.jpg;https://ei.phncdn.com/videos/202603/29/43758055/original/(m=eaf8GgaaaWavb)(mh=Twzts6lg4CnqDf8q)6.jpg;https://ei.phncdn.com/videos/202603/29/43758055/original/(m=eaf8GgaaaWavb)(mh=Twzts6lg4CnqDf8q)7.jpg;https://ei.phncdn.com/videos/202603/29/43758055/original/(m=eaf8GgaaaWavb)(mh=Twzts6lg4CnqDf8q)8.jpg;https://ei.phncdn.com/videos/202603/29/43758055/original/(m=eaf8GgaaaWavb)(mh=Twzts6lg4CnqDf8q)9.jpg;https://ei.phncdn.com/videos/202603/29/43758055/original/(m=eaf8GgaaaWavb)(mh=Twzts6lg4CnqDf8q)10.jpg;https://ei.phncdn.com/videos/202603/29/43758055/original/(m=eaf8GgaaaWavb)(mh=Twzts6lg4CnqDf8q)11.jpg;https://ei.phncdn.com/videos/202603/29/43758055/original/(m=eaf8GgaaaWavb)(mh=Twzts6lg4CnqDf8q)12.jpg;https://ei.phncdn.com/videos/202603/29/43758055/original/(m=eaf8GgaaaWavb)(mh=Twzts6lg4CnqDf8q)13.jpg;https://ei.phncdn.com/videos/202603/29/43758055/original/(m=eaf8GgaaaWavb)(mh=Twzts6lg4CnqDf8q)14.jpg;https://ei.phncdn.com/videos/202603/29/43758055/original/(m=eaf8GgaaaWavb)(mh=Twzts6lg4CnqDf8q)15.jpg;https://ei.phncdn.com/videos/202603/29/43758055/original/(m=eaf8GgaaaWavb)(mh=Twzts6lg4CnqDf8q)16.jpg|Prepárate|colombianas;colombiana-anal|Casting;Exclusive;Verified Amateurs;Cosplay||21|55|2|0|https://ei.phncdn.com/videos/202603/29/43758055/original/(m=eaAaGwObaaamqv)(mh=EYvGnE8kkKur46rW)12.jpg|https://ei.phncdn.com/videos/202603/29/43758055/original/(m=eaAaGwObaaamqv)(mh=EYvGnE8kkKur46rW)1.jpg;https://ei.phncdn.com/videos/202603/29/43758055/original/(m=eaAaGwObaaamqv)(mh=EYvGnE8kkKur46rW)2.jpg;https://ei.phncdn.com/videos/202603/29/43758055/original/(m=eaAaGwObaaamqv)(mh=EYvGnE8kkKur46rW)3.jpg;https://ei.phncdn.com/videos/202603/29/43758055/original/(m=eaAaGwObaaamqv)(mh=EYvGnE8kkKur46rW)4.jpg;https://ei.phncdn.com/videos/202603/29/43758055/original/(m=eaAaGwObaaamqv)(mh=EYvGnE8kkKur46rW)5.jpg;https://ei.phncdn.com/videos/202603/29/43758055/original/(m=eaAaGwObaaamqv)(mh=EYvGnE8kkKur46rW)6.jpg;https://ei.phncdn.com/videos/202603/29/43758055/original/(m=eaAaGwObaaamqv)(mh=EYvGnE8kkKur46rW)7.jpg;https://ei.phncdn.com/videos/202603/29/43758055/original/(m=eaAaGwObaaamqv)(mh=EYvGnE8kkKur46rW)8.jpg;https://ei.phncdn.com/videos/202603/29/43758055/original/(m=eaAaGwObaaamqv)(mh=EYvGnE8kkKur46rW)9.jpg;https://ei.phncdn.com/videos/202603/29/43758055/original/(m=eaAaGwObaaamqv)(mh=EYvGnE8kkKur46rW)10.jpg;https://ei.phncdn.com/videos/202603/29/43758055/original/(m=eaAaGwObaaamqv)(mh=EYvGnE8kkKur46rW)11.jpg;https://ei.phncdn.com/videos/202603/29/43758055/original/(m=eaAaGwObaaamqv)(mh=EYvGnE8kkKur46rW)12.jpg;https://ei.phncdn.com/videos/202603/29/43758055/original/(m=eaAaGwObaaamqv)(mh=EYvGnE8kkKur46rW)13.jpg;https://ei.phncdn.com/videos/202603/29/43758055/original/(m=eaAaGwObaaamqv)(mh=EYvGnE8kkKur46rW)14.jpg;https://ei.phncdn.com/videos/202603/29/43758055/original/(m=eaAaGwObaaamqv)(mh=EYvGnE8kkKur46rW)15.jpg;https://ei.phncdn.com/videos/202603/29/43758055/original/(m=eaAaGwObaaamqv)(mh=EYvGnE8kkKur46rW)16.jpg
<iframe src="https://www.pornhub.com/embed/69c9c6000a846" frameborder="0" height="481" width="608" scrolling="no"></iframe>|https://ei.phncdn.com/videos/202603/30/43764125/original/(m=eaf8GgaaaWavb)(mh=laugnm2wrq-CThQ5)16.jpg|https://ei.phncdn.com/videos/202603/30/43764125/original/(m=eaf8GgaaaWavb)(mh=laugnm2wrq-CThQ5)1.jpg;https://ei.phncdn.com/videos/202603/30/43764125/original/(m=eaf8GgaaaWavb)(mh=laugnm2wrq-CThQ5)2.jpg;https://ei.phncdn.com/videos/202603/30/43764125/original/(m=eaf8GgaaaWavb)(mh=laugnm2wrq-CThQ5)3.jpg;https://ei.phncdn.com/videos/202603/30/43764125/original/(m=eaf8GgaaaWavb)(mh=laugnm2wrq-CThQ5)4.jpg;https://ei.phncdn.com/videos/202603/30/43764125/original/(m=eaf8GgaaaWavb)(mh=laugnm2wrq-CThQ5)5.jpg;https://ei.phncdn.com/videos/202603/30/43764125/original/(m=eaf8GgaaaWavb)(mh=laugnm2wrq-CThQ5)6.jpg;https://ei.phncdn.com/videos/202603/30/43764125/original/(m=eaf8GgaaaWavb)(mh=laugnm2wrq-CThQ5)7.jpg;https://ei.phncdn.com/videos/202603/30/43764125/original/(m=eaf8GgaaaWavb)(mh=laugnm2wrq-CThQ5)8.jpg;https://ei.phncdn.com/videos/202603/30/43764125/original/(m=eaf8GgaaaWavb)(mh=laugnm2wrq-CThQ5)9.jpg;https://ei.phncdn.com/videos/202603/30/43764125/original/(m=eaf8GgaaaWavb)(mh=laugnm2wrq-CThQ5)10.jpg;https://ei.phncdn.com/videos/202603/30/43764125/original/(m=eaf8GgaaaWavb)(mh=laugnm2wrq-CThQ5)11.jpg;https://ei.phncdn.com/videos/202603/30/43764125/original/(m=eaf8GgaaaWavb)(mh=laugnm2wrq-CThQ5)12.jpg;https://ei.phncdn.com/videos/202603/30/43764125/original/(m=eaf8GgaaaWavb)(mh=laugnm2wrq-CThQ5)13.jpg;https://ei.phncdn.com/videos/202603/30/43764125/original/(m=eaf8GgaaaWavb)(mh=laugnm2wrq-CThQ5)14.jpg;https://ei.phncdn.com/videos/202603/30/43764125/original/(m=eaf8GgaaaWavb)(mh=laugnm2wrq-CThQ5)15.jpg;https://ei.phncdn.com/videos/202603/30/43764125/original/(m=eaf8GgaaaWavb)(mh=laugnm2wrq-CThQ5)16.jpg|Fat Boi DOD MAX fucks Stephanie Love|best-blowjob;bbc-snowbunny;eating-pussy|Casting;Exclusive;Verified Amateurs;Behind The Scenes||534|3816|46|2|https://ei.phncdn.com/videos/202603/30/43764125/original/(m=eaAaGwObaaamqv)(mh=IF_u6cNrzlctif9D)16.jpg|https://ei.phncdn.com/videos/202603/30/43764125/original/(m=eaAaGwObaaamqv)(mh=IF_u6cNrzlctif9D)1.jpg;https://ei.phncdn.com/videos/202603/30/43764125/original/(m=eaAaGwObaaamqv)(mh=IF_u6cNrzlctif9D)2.jpg;https://ei.phncdn.com/videos/202603/30/43764125/original/(m=eaAaGwObaaamqv)(mh=IF_u6cNrzlctif9D)3.jpg;https://ei.phncdn.com/videos/202603/30/43764125/original/(m=eaAaGwObaaamqv)(mh=IF_u6cNrzlctif9D)4.jpg;https://ei.phncdn.com/videos/202603/30/43764125/original/(m=eaAaGwObaaamqv)(mh=IF_u6cNrzlctif9D)5.jpg;https://ei.phncdn.com/videos/202603/30/43764125/original/(m=eaAaGwObaaamqv)(mh=IF_u6cNrzlctif9D)6.jpg;https://ei.phncdn.com/videos/202603/30/43764125/original/(m=eaAaGwObaaamqv)(mh=IF_u6cNrzlctif9D)7.jpg;https://ei.phncdn.com/videos/202603/30/43764125/original/(m=eaAaGwObaaamqv)(mh=IF_u6cNrzlctif9D)8.jpg;https://ei.phncdn.com/videos/202603/30/43764125/original/(m=eaAaGwObaaamqv)(mh=IF_u6cNrzlctif9D)9.jpg;https://ei.phncdn.com/videos/202603/30/43764125/original/(m=eaAaGwObaaamqv)(mh=IF_u6cNrzlctif9D)10.jpg;https://ei.phncdn.com/videos/202603/30/43764125/original/(m=eaAaGwObaaamqv)(mh=IF_u6cNrzlctif9D)11.jpg;https://ei.phncdn.com/videos/202603/30/43764125/original/(m=eaAaGwObaaamqv)(mh=IF_u6cNrzlctif9D)12.jpg;https://ei.phncdn.com/videos/202603/30/43764125/original/(m=eaAaGwObaaamqv)(mh=IF_u6cNrzlctif9D)13.jpg;https://ei.phncdn.com/videos/202603/30/43764125/original/(m=eaAaGwObaaamqv)(mh=IF_u6cNrzlctif9D)14.jpg;https://ei.phncdn.com/videos/202603/30/43764125/original/(m=eaAaGwObaaamqv)(mh=IF_u6cNrzlctif9D)15.jpg;https://ei.phncdn.com/videos/202603/30/43764125/original/(m=eaAaGwObaaamqv)(mh=IF_u6cNrzlctif9D)16.jpg
<iframe src="https://www.pornhub.com/embed/69cdacae8d5a4" frameborder="0" height="481" width="608" scrolling="no"></iframe>|https://ei.phncdn.com/videos/202604/01/44073755/original/(m=eaf8GgaaaWavb)(mh=nJ5lNpVgFbCEYfjA)12.jpg|https://ei.phncdn.com/videos/202604/01/44073755/original/(m=eaf8GgaaaWavb)(mh=nJ5lNpVgFbCEYfjA)1.jpg;https://ei.phncdn.com/videos/202604/01/44073755/original/(m=eaf8GgaaaWavb)(mh=nJ5lNpVgFbCEYfjA)2.jpg;https://ei.phncdn.com/videos/202604/01/44073755/original/(m=eaf8GgaaaWavb)(mh=nJ5lNpVgFbCEYfjA)3.jpg;https://ei.phncdn.com/videos/202604/01/44073755/original/(m=eaf8GgaaaWavb)(mh=nJ5lNpVgFbCEYfjA)4.jpg;https://ei.phncdn.com/videos/202604/01/44073755/original/(m=eaf8GgaaaWavb)(mh=nJ5lNpVgFbCEYfjA)5.jpg;https://ei.phncdn.com/videos/202604/01/44073755/original/(m=eaf8GgaaaWavb)(mh=nJ5lNpVgFbCEYfjA)6.jpg;https://ei.phncdn.com/videos/202604/01/44073755/original/(m=eaf8GgaaaWavb)(mh=nJ5lNpVgFbCEYfjA)7.jpg;https://ei.phncdn.com/videos/202604/01/44073755/original/(m=eaf8GgaaaWavb)(mh=nJ5lNpVgFbCEYfjA)8.jpg;https://ei.phncdn.com/videos/202604/01/44073755/original/(m=eaf8GgaaaWavb)(mh=nJ5lNpVgFbCEYfjA)9.jpg;https://ei.phncdn.com/videos/202604/01/44073755/original/(m=eaf8GgaaaWavb)(mh=nJ5lNpVgFbCEYfjA)10.jpg;https://ei.phncdn.com/videos/202604/01/44073755/original/(m=eaf8GgaaaWavb)(mh=nJ5lNpVgFbCEYfjA)11.jpg;https://ei.phncdn.com/videos/202604/01/44073755/original/(m=eaf8GgaaaWavb)(mh=nJ5lNpVgFbCEYfjA)12.jpg;https://ei.phncdn.com/videos/202604/01/44073755/original/(m=eaf8GgaaaWavb)(mh=nJ5lNpVgFbCEYfjA)13.jpg;https://ei.phncdn.com/videos/202604/01/44073755/original/(m=eaf8GgaaaWavb)(mh=nJ5lNpVgFbCEYfjA)14.jpg;https://ei.phncdn.com/videos/202604/01/44073755/original/(m=eaf8GgaaaWavb)(mh=nJ5lNpVgFbCEYfjA)15.jpg;https://ei.phncdn.com/videos/202604/01/44073755/original/(m=eaf8GgaaaWavb)(mh=nJ5lNpVgFbCEYfjA)16.jpg|Pagándole una deuda a un amigo|amateur-anal;pareja-real-casero;casero;casero-real;big-ass;big-ass-latina;big-ass-milf;18-year-old-latina;parejas-swinger;amateur-cuckold;creampie;creamy-pussy;cornudo-real|Casting;Verified Amateurs;Cosplay;Cuckold;Muscular Men;Romantic||271|26136|89|13|https://ei.phncdn.com/videos/202604/01/44073755/original/(m=eaAaGwObaaamqv)(mh=zrGPlRpG0LZlD7Cg)12.jpg|https://ei.phncdn.com/videos/202604/01/44073755/original/(m=eaAaGwObaaamqv)(mh=zrGPlRpG0LZlD7Cg)1.jpg;https://ei.phncdn.com/videos/202604/01/44073755/original/(m=eaAaGwObaaamqv)(mh=zrGPlRpG0LZlD7Cg)2.jpg;https://ei.phncdn.com/videos/202604/01/44073755/original/(m=eaAaGwObaaamqv)(mh=zrGPlRpG0LZlD7Cg)3.jpg;https://ei.phncdn.com/videos/202604/01/44073755/original/(m=eaAaGwObaaamqv)(mh=zrGPlRpG0LZlD7Cg)4.jpg;https://ei.phncdn.com/videos/202604/01/44073755/original/(m=eaAaGwObaaamqv)(mh=zrGPlRpG0LZlD7Cg)5.jpg;https://ei.phncdn.com/videos/202604/01/44073755/original/(m=eaAaGwObaaamqv)(mh=zrGPlRpG0LZlD7Cg)6.jpg;https://ei.phncdn.com/videos/202604/01/44073755/original/(m=eaAaGwObaaamqv)(mh=zrGPlRpG0LZlD7Cg)7.jpg;https://ei.phncdn.com/videos/202604/01/44073755/original/(m=eaAaGwObaaamqv)(mh=zrGPlRpG0LZlD7Cg)8.jpg;https://ei.phncdn.com/videos/202604/01/44073755/original/(m=eaAaGwObaaamqv)(mh=zrGPlRpG0LZlD7Cg)9.jpg;https://ei.phncdn.com/videos/202604/01/44073755/original/(m=eaAaGwObaaamqv)(mh=zrGPlRpG0LZlD7Cg)10.jpg;https://ei.phncdn.com/videos/202604/01/44073755/original/(m=eaAaGwObaaamqv)(mh=zrGPlRpG0LZlD7Cg)11.jpg;https://ei.phncdn.com/videos/202604/01/44073755/original/(m=eaAaGwObaaamqv)(mh=zrGPlRpG0LZlD7Cg)12.jpg;https://ei.phncdn.com/videos/202604/01/44073755/original/(m=eaAaGwObaaamqv)(mh=zrGPlRpG0LZlD7Cg)13.jpg;https://ei.phncdn.com/videos/202604/01/44073755/original/(m=eaAaGwObaaamqv)(mh=zrGPlRpG0LZlD7Cg)14.jpg;https://ei.phncdn.com/videos/202604/01/44073755/original/(m=eaAaGwObaaamqv)(mh=zrGPlRpG0LZlD7Cg)15.jpg;https://ei.phncdn.com/videos/202604/01/44073755/original/(m=eaAaGwObaaamqv)(mh=zrGPlRpG0LZlD7Cg)16.jpg
<iframe src="https://www.pornhub.com/embed/69d303790728a" frameborder="0" height="481" width="608" scrolling="no"></iframe>|https://ei.phncdn.com/videos/202604/06/44453745/original/(m=eaf8GgaaaWavb)(mh=bUtdoEaZMNKuyvIj)12.jpg|https://ei.phncdn.com/videos/202604/06/44453745/original/(m=eaf8GgaaaWavb)(mh=bUtdoEaZMNKuyvIj)1.jpg;https://ei.phncdn.com/videos/202604/06/44453745/original/(m=eaf8GgaaaWavb)(mh=bUtdoEaZMNKuyvIj)2.jpg;https://ei.phncdn.com/videos/202604/06/44453745/original/(m=eaf8GgaaaWavb)(mh=bUtdoEaZMNKuyvIj)3.jpg;https://ei.phncdn.com/videos/202604/06/44453745/original/(m=eaf8GgaaaWavb)(mh=bUtdoEaZMNKuyvIj)4.jpg;https://ei.phncdn.com/videos/202604/06/44453745/original/(m=eaf8GgaaaWavb)(mh=bUtdoEaZMNKuyvIj)5.jpg;https://ei.phncdn.com/videos/202604/06/44453745/original/(m=eaf8GgaaaWavb)(mh=bUtdoEaZMNKuyvIj)6.jpg;https://ei.phncdn.com/videos/202604/06/44453745/original/(m=eaf8GgaaaWavb)(mh=bUtdoEaZMNKuyvIj)7.jpg;https://ei.phncdn.com/videos/202604/06/44453745/original/(m=eaf8GgaaaWavb)(mh=bUtdoEaZMNKuyvIj)8.jpg;https://ei.phncdn.com/videos/202604/06/44453745/original/(m=eaf8GgaaaWavb)(mh=bUtdoEaZMNKuyvIj)9.jpg;https://ei.phncdn.com/videos/202604/06/44453745/original/(m=eaf8GgaaaWavb)(mh=bUtdoEaZMNKuyvIj)10.jpg;https://ei.phncdn.com/videos/202604/06/44453745/original/(m=eaf8GgaaaWavb)(mh=bUtdoEaZMNKuyvIj)11.jpg;https://ei.phncdn.com/videos/202604/06/44453745/original/(m=eaf8GgaaaWavb)(mh=bUtdoEaZMNKuyvIj)12.jpg;https://ei.phncdn.com/videos/202604/06/44453745/original/(m=eaf8GgaaaWavb)(mh=bUtdoEaZMNKuyvIj)13.jpg;https://ei.phncdn.com/videos/202604/06/44453745/original/(m=eaf8GgaaaWavb)(mh=bUtdoEaZMNKuyvIj)14.jpg;https://ei.phncdn.com/videos/202604/06/44453745/original/(m=eaf8GgaaaWavb)(mh=bUtdoEaZMNKuyvIj)15.jpg;https://ei.phncdn.com/videos/202604/06/44453745/original/(m=eaf8GgaaaWavb)(mh=bUtdoEaZMNKuyvIj)16.jpg|solitaire de sexe profond commence|solo-fingering;solo-girl;jouet-sexuel;brunette-anal|Casting;Exclusive;Verified Amateurs;Solo Female||106|1277|17|0|https://ei.phncdn.com/videos/202604/06/44453745/original/(m=eaAaGwObaaamqv)(mh=fo8YmqF3XnZloxam)12.jpg|https://ei.phncdn.com/videos/202604/06/44453745/original/(m=eaAaGwObaaamqv)(mh=fo8YmqF3XnZloxam)1.jpg;https://ei.phncdn.com/videos/202604/06/44453745/original/(m=eaAaGwObaaamqv)(mh=fo8YmqF3XnZloxam)2.jpg;https://ei.phncdn.com/videos/202604/06/44453745/original/(m=eaAaGwObaaamqv)(mh=fo8YmqF3XnZloxam)3.jpg;https://ei.phncdn.com/videos/202604/06/44453745/original/(m=eaAaGwObaaamqv)(mh=fo8YmqF3XnZloxam)4.jpg;https://ei.phncdn.com/videos/202604/06/44453745/original/(m=eaAaGwObaaamqv)(mh=fo8YmqF3XnZloxam)5.jpg;https://ei.phncdn.com/videos/202604/06/44453745/original/(m=eaAaGwObaaamqv)(mh=fo8YmqF3XnZloxam)6.jpg;https://ei.phncdn.com/videos/202604/06/44453745/original/(m=eaAaGwObaaamqv)(mh=fo8YmqF3XnZloxam)7.jpg;https://ei.phncdn.com/videos/202604/06/44453745/original/(m=eaAaGwObaaamqv)(mh=fo8YmqF3XnZloxam)8.jpg;https://ei.phncdn.com/videos/202604/06/44453745/original/(m=eaAaGwObaaamqv)(mh=fo8YmqF3XnZloxam)9.jpg;https://ei.phncdn.com/videos/202604/06/44453745/original/(m=eaAaGwObaaamqv)(mh=fo8YmqF3XnZloxam)10.jpg;https://ei.phncdn.com/videos/202604/06/44453745/original/(m=eaAaGwObaaamqv)(mh=fo8YmqF3XnZloxam)11.jpg;https://ei.phncdn.com/videos/202604/06/44453745/original/(m=eaAaGwObaaamqv)(mh=fo8YmqF3XnZloxam)12.jpg;https://ei.phncdn.com/videos/202604/06/44453745/original/(m=eaAaGwObaaamqv)(mh=fo8YmqF3XnZloxam)13.jpg;https://ei.phncdn.com/videos/202604/06/44453745/original/(m=eaAaGwObaaamqv)(mh=fo8YmqF3XnZloxam)14.jpg;https://ei.phncdn.com/videos/202604/06/44453745/original/(m=eaAaGwObaaamqv)(mh=fo8YmqF3XnZloxam)15.jpg;https://ei.phncdn.com/videos/202604/06/44453745/original/(m=eaAaGwObaaamqv)(mh=fo8YmqF3XnZloxam)16.jpg
<iframe src="https://www.pornhub.com/embed/69d6ec0f95c96" frameborder="0" height="481" width="608" scrolling="no"></iframe>|https://ei.phncdn.com/videos/202604/09/44735955/original/(m=eaf8GgaaaWavb)(mh=9B7w2-w_DMZMdd_2)12.jpg|https://ei.phncdn.com/videos/202604/09/44735955/original/(m=eaf8GgaaaWavb)(mh=9B7w2-w_DMZMdd_2)1.jpg;https://ei.phncdn.com/videos/202604/09/44735955/original/(m=eaf8GgaaaWavb)(mh=9B7w2-w_DMZMdd_2)2.jpg;https://ei.phncdn.com/videos/202604/09/44735955/original/(m=eaf8GgaaaWavb)(mh=9B7w2-w_DMZMdd_2)3.jpg;https://ei.phncdn.com/videos/202604/09/44735955/original/(m=eaf8GgaaaWavb)(mh=9B7w2-w_DMZMdd_2)4.jpg;https://ei.phncdn.com/videos/202604/09/44735955/original/(m=eaf8GgaaaWavb)(mh=9B7w2-w_DMZMdd_2)5.jpg;https://ei.phncdn.com/videos/202604/09/44735955/original/(m=eaf8GgaaaWavb)(mh=9B7w2-w_DMZMdd_2)6.jpg;https://ei.phncdn.com/videos/202604/09/44735955/original/(m=eaf8GgaaaWavb)(mh=9B7w2-w_DMZMdd_2)7.jpg;https://ei.phncdn.com/videos/202604/09/44735955/original/(m=eaf8GgaaaWavb)(mh=9B7w2-w_DMZMdd_2)8.jpg;https://ei.phncdn.com/videos/202604/09/44735955/original/(m=eaf8GgaaaWavb)(mh=9B7w2-w_DMZMdd_2)9.jpg;https://ei.phncdn.com/videos/202604/09/44735955/original/(m=eaf8GgaaaWavb)(mh=9B7w2-w_DMZMdd_2)10.jpg;https://ei.phncdn.com/videos/202604/09/44735955/original/(m=eaf8GgaaaWavb)(mh=9B7w2-w_DMZMdd_2)11.jpg;https://ei.phncdn.com/videos/202604/09/44735955/original/(m=eaf8GgaaaWavb)(mh=9B7w2-w_DMZMdd_2)12.jpg;https://ei.phncdn.com/videos/202604/09/44735955/original/(m=eaf8GgaaaWavb)(mh=9B7w2-w_DMZMdd_2)13.jpg;https://ei.phncdn.com/videos/202604/09/44735955/original/(m=eaf8GgaaaWavb)(mh=9B7w2-w_DMZMdd_2)14.jpg;https://ei.phncdn.com/videos/202604/09/44735955/original/(m=eaf8GgaaaWavb)(mh=9B7w2-w_DMZMdd_2)15.jpg;https://ei.phncdn.com/videos/202604/09/44735955/original/(m=eaf8GgaaaWavb)(mh=9B7w2-w_DMZMdd_2)16.jpg|Legs spread wide, fingers teasing her wet slit|cute;amateur;rough;busty;e-girl;closeup;natural-tits;petite;vertical-porn;slut;student;tiktok;big-tits;small;cheating;ginger|Casting;Verified Amateurs;Solo Female||12|20|1|0|https://ei.phncdn.com/videos/202604/09/44735955/original/(m=eaAaGwObaaamqv)(mh=Eaaw5oKUvWB3irt9)12.jpg|https://ei.phncdn.com/videos/202604/09/44735955/original/(m=eaAaGwObaaamqv)(mh=Eaaw5oKUvWB3irt9)1.jpg;https://ei.phncdn.com/videos/202604/09/44735955/original/(m=eaAaGwObaaamqv)(mh=Eaaw5oKUvWB3irt9)2.jpg;https://ei.phncdn.com/videos/202604/09/44735955/original/(m=eaAaGwObaaamqv)(mh=Eaaw5oKUvWB3irt9)3.jpg;https://ei.phncdn.com/videos/202604/09/44735955/original/(m=eaAaGwObaaamqv)(mh=Eaaw5oKUvWB3irt9)4.jpg;https://ei.phncdn.com/videos/202604/09/44735955/original/(m=eaAaGwObaaamqv)(mh=Eaaw5oKUvWB3irt9)5.jpg;https://ei.phncdn.com/videos/202604/09/44735955/original/(m=eaAaGwObaaamqv)(mh=Eaaw5oKUvWB3irt9)6.jpg;https://ei.phncdn.com/videos/202604/09/44735955/original/(m=eaAaGwObaaamqv)(mh=Eaaw5oKUvWB3irt9)7.jpg;https://ei.phncdn.com/videos/202604/09/44735955/original/(m=eaAaGwObaaamqv)(mh=Eaaw5oKUvWB3irt9)8.jpg;https://ei.phncdn.com/videos/202604/09/44735955/original/(m=eaAaGwObaaamqv)(mh=Eaaw5oKUvWB3irt9)9.jpg;https://ei.phncdn.com/videos/202604/09/44735955/original/(m=eaAaGwObaaamqv)(mh=Eaaw5oKUvWB3irt9)10.jpg;https://ei.phncdn.com/videos/202604/09/44735955/original/(m=eaAaGwObaaamqv)(mh=Eaaw5oKUvWB3irt9)11.jpg;https://ei.phncdn.com/videos/202604/09/44735955/original/(m=eaAaGwObaaamqv)(mh=Eaaw5oKUvWB3irt9)12.jpg;https://ei.phncdn.com/videos/202604/09/44735955/original/(m=eaAaGwObaaamqv)(mh=Eaaw5oKUvWB3irt9)13.jpg;https://ei.phncdn.com/videos/202604/09/44735955/original/(m=eaAaGwObaaamqv)(mh=Eaaw5oKUvWB3irt9)14.jpg;https://ei.phncdn.com/videos/202604/09/44735955/original/(m=eaAaGwObaaamqv)(mh=Eaaw5oKUvWB3irt9)15.jpg;https://ei.phncdn.com/videos/202604/09/44735955/original/(m=eaAaGwObaaamqv)(mh=Eaaw5oKUvWB3irt9)16.jpg
<iframe src="https://www.pornhub.com/embed/69d986077bb73" frameborder="0" height="481" width="608" scrolling="no"></iframe>|https://ei.phncdn.com/videos/202604/10/44933955/original/(m=eaf8GgaaaWavb)(mh=uCmbns_6MMtqOYBY)12.jpg|https://ei.phncdn.com/videos/202604/10/44933955/original/(m=eaf8GgaaaWavb)(mh=uCmbns_6MMtqOYBY)1.jpg;https://ei.phncdn.com/videos/202604/10/44933955/original/(m=eaf8GgaaaWavb)(mh=uCmbns_6MMtqOYBY)2.jpg;https://ei.phncdn.com/videos/202604/10/44933955/original/(m=eaf8GgaaaWavb)(mh=uCmbns_6MMtqOYBY)3.jpg;https://ei.phncdn.com/videos/202604/10/44933955/original/(m=eaf8GgaaaWavb)(mh=uCmbns_6MMtqOYBY)4.jpg;https://ei.phncdn.com/videos/202604/10/44933955/original/(m=eaf8GgaaaWavb)(mh=uCmbns_6MMtqOYBY)5.jpg;https://ei.phncdn.com/videos/202604/10/44933955/original/(m=eaf8GgaaaWavb)(mh=uCmbns_6MMtqOYBY)6.jpg;https://ei.phncdn.com/videos/202604/10/44933955/original/(m=eaf8GgaaaWavb)(mh=uCmbns_6MMtqOYBY)7.jpg;https://ei.phncdn.com/videos/202604/10/44933955/original/(m=eaf8GgaaaWavb)(mh=uCmbns_6MMtqOYBY)8.jpg;https://ei.phncdn.com/videos/202604/10/44933955/original/(m=eaf8GgaaaWavb)(mh=uCmbns_6MMtqOYBY)9.jpg;https://ei.phncdn.com/videos/202604/10/44933955/original/(m=eaf8GgaaaWavb)(mh=uCmbns_6MMtqOYBY)10.jpg;https://ei.phncdn.com/videos/202604/10/44933955/original/(m=eaf8GgaaaWavb)(mh=uCmbns_6MMtqOYBY)11.jpg;https://ei.phncdn.com/videos/202604/10/44933955/original/(m=eaf8GgaaaWavb)(mh=uCmbns_6MMtqOYBY)12.jpg;https://ei.phncdn.com/videos/202604/10/44933955/original/(m=eaf8GgaaaWavb)(mh=uCmbns_6MMtqOYBY)13.jpg;https://ei.phncdn.com/videos/202604/10/44933955/original/(m=eaf8GgaaaWavb)(mh=uCmbns_6MMtqOYBY)14.jpg;https://ei.phncdn.com/videos/202604/10/44933955/original/(m=eaf8GgaaaWavb)(mh=uCmbns_6MMtqOYBY)15.jpg;https://ei.phncdn.com/videos/202604/10/44933955/original/(m=eaf8GgaaaWavb)(mh=uCmbns_6MMtqOYBY)16.jpg|25alejandra25's sizzling gordita debut|xxx-gorditas;gordas-masturbandose|Casting;Exclusive;Verified Amateurs;Solo Female||44|12377|153|27|https://ei.phncdn.com/videos/202604/10/44933955/original/(m=eaAaGwObaaamqv)(mh=_-iNaX2Ef_5juXfw)12.jpg|https://ei.phncdn.com/videos/202604/10/44933955/original/(m=eaAaGwObaaamqv)(mh=_-iNaX2Ef_5juXfw)1.jpg;https://ei.phncdn.com/videos/202604/10/44933955/original/(m=eaAaGwObaaamqv)(mh=_-iNaX2Ef_5juXfw)2.jpg;https://ei.phncdn.com/videos/202604/10/44933955/original/(m=eaAaGwObaaamqv)(mh=_-iNaX2Ef_5juXfw)3.jpg;https://ei.phncdn.com/videos/202604/10/44933955/original/(m=eaAaGwObaaamqv)(mh=_-iNaX2Ef_5juXfw)4.jpg;https://ei.phncdn.com/videos/202604/10/44933955/original/(m=eaAaGwObaaamqv)(mh=_-iNaX2Ef_5juXfw)5.jpg;https://ei.phncdn.com/videos/202604/10/44933955/original/(m=eaAaGwObaaamqv)(mh=_-iNaX2Ef_5juXfw)6.jpg;https://ei.phncdn.com/videos/202604/10/44933955/original/(m=eaAaGwObaaamqv)(mh=_-iNaX2Ef_5juXfw)7.jpg;https://ei.phncdn.com/videos/202604/10/44933955/original/(m=eaAaGwObaaamqv)(mh=_-iNaX2Ef_5juXfw)8.jpg;https://ei.phncdn.com/videos/202604/10/44933955/original/(m=eaAaGwObaaamqv)(mh=_-iNaX2Ef_5juXfw)9.jpg;https://ei.phncdn.com/videos/202604/10/44933955/original/(m=eaAaGwObaaamqv)(mh=_-iNaX2Ef_5juXfw)10.jpg;https://ei.phncdn.com/videos/202604/10/44933955/original/(m=eaAaGwObaaamqv)(mh=_-iNaX2Ef_5juXfw)11.jpg;https://ei.phncdn.com/videos/202604/10/44933955/original/(m=eaAaGwObaaamqv)(mh=_-iNaX2Ef_5juXfw)12.jpg;https://ei.phncdn.com/videos/202604/10/44933955/original/(m=eaAaGwObaaamqv)(mh=_-iNaX2Ef_5juXfw)13.jpg;https://ei.phncdn.com/videos/202604/10/44933955/original/(m=eaAaGwObaaamqv)(mh=_-iNaX2Ef_5juXfw)14.jpg;https://ei.phncdn.com/videos/202604/10/44933955/original/(m=eaAaGwObaaamqv)(mh=_-iNaX2Ef_5juXfw)15.jpg;https://ei.phncdn.com/videos/202604/10/44933955/original/(m=eaAaGwObaaamqv)(mh=_-iNaX2Ef_5juXfw)16.jpg
<iframe src="https://www.pornhub.com/embed/69dd80d77e59b" frameborder="0" height="481" width="608" scrolling="no"></iframe>|https://ei.phncdn.com/videos/202604/13/45207245/original/(m=qSW9S_0beaf8GgaaaWavb)(mh=PxAxbb1923HNKDiS)0.jpg|https://ei.phncdn.com/videos/202604/13/45207245/original/(m=eaf8GgaaaWavb)(mh=2ykzicfBY9IQqX0v)1.jpg;https://ei.phncdn.com/videos/202604/13/45207245/original/(m=eaf8GgaaaWavb)(mh=2ykzicfBY9IQqX0v)2.jpg;https://ei.phncdn.com/videos/202604/13/45207245/original/(m=eaf8GgaaaWavb)(mh=2ykzicfBY9IQqX0v)3.jpg;https://ei.phncdn.com/videos/202604/13/45207245/original/(m=eaf8GgaaaWavb)(mh=2ykzicfBY9IQqX0v)4.jpg;https://ei.phncdn.com/videos/202604/13/45207245/original/(m=eaf8GgaaaWavb)(mh=2ykzicfBY9IQqX0v)5.jpg;https://ei.phncdn.com/videos/202604/13/45207245/original/(m=eaf8GgaaaWavb)(mh=2ykzicfBY9IQqX0v)6.jpg;https://ei.phncdn.com/videos/202604/13/45207245/original/(m=eaf8GgaaaWavb)(mh=2ykzicfBY9IQqX0v)7.jpg;https://ei.phncdn.com/videos/202604/13/45207245/original/(m=eaf8GgaaaWavb)(mh=2ykzicfBY9IQqX0v)8.jpg;https://ei.phncdn.com/videos/202604/13/45207245/original/(m=eaf8GgaaaWavb)(mh=2ykzicfBY9IQqX0v)9.jpg;https://ei.phncdn.com/videos/202604/13/45207245/original/(m=eaf8GgaaaWavb)(mh=2ykzicfBY9IQqX0v)10.jpg;https://ei.phncdn.com/videos/202604/13/45207245/original/(m=eaf8GgaaaWavb)(mh=2ykzicfBY9IQqX0v)11.jpg;https://ei.phncdn.com/videos/202604/13/45207245/original/(m=eaf8GgaaaWavb)(mh=2ykzicfBY9IQqX0v)12.jpg;https://ei.phncdn.com/videos/202604/13/45207245/original/(m=eaf8GgaaaWavb)(mh=2ykzicfBY9IQqX0v)13.jpg;https://ei.phncdn.com/videos/202604/13/45207245/original/(m=eaf8GgaaaWavb)(mh=2ykzicfBY9IQqX0v)14.jpg;https://ei.phncdn.com/videos/202604/13/45207245/original/(m=eaf8GgaaaWavb)(mh=2ykzicfBY9IQqX0v)15.jpg;https://ei.phncdn.com/videos/202604/13/45207245/original/(m=eaf8GgaaaWavb)(mh=2ykzicfBY9IQqX0v)16.jpg|Ms. Red X - Chance Encounter in Vegas Leads to Lusty Big Tit Fuck with Older Man DCTrousersnake|amateur;casting;big-tits;audition;age-gap;amateurs;amateur-casting;huge-tits;old-man-creampie;creampie;breeding|Casting;Verified Amateurs;Romantic||62|2729|5|1|https://ei.phncdn.com/videos/202604/13/45207245/original/(m=qSW9S_0beaAaGwObaaamqv)(mh=H1AOQVVImIPSa8N7)0.jpg|https://ei.phncdn.com/videos/202604/13/45207245/original/(m=eaAaGwObaaamqv)(mh=mg8VtmwBd7TWB8SF)1.jpg;https://ei.phncdn.com/videos/202604/13/45207245/original/(m=eaAaGwObaaamqv)(mh=mg8VtmwBd7TWB8SF)2.jpg;https://ei.phncdn.com/videos/202604/13/45207245/original/(m=eaAaGwObaaamqv)(mh=mg8VtmwBd7TWB8SF)3.jpg;https://ei.phncdn.com/videos/202604/13/45207245/original/(m=eaAaGwObaaamqv)(mh=mg8VtmwBd7TWB8SF)4.jpg;https://ei.phncdn.com/videos/202604/13/45207245/original/(m=eaAaGwObaaamqv)(mh=mg8VtmwBd7TWB8SF)5.jpg;https://ei.phncdn.com/videos/202604/13/45207245/original/(m=eaAaGwObaaamqv)(mh=mg8VtmwBd7TWB8SF)6.jpg;https://ei.phncdn.com/videos/202604/13/45207245/original/(m=eaAaGwObaaamqv)(mh=mg8VtmwBd7TWB8SF)7.jpg;https://ei.phncdn.com/videos/202604/13/45207245/original/(m=eaAaGwObaaamqv)(mh=mg8VtmwBd7TWB8SF)8.jpg;https://ei.phncdn.com/videos/202604/13/45207245/original/(m=eaAaGwObaaamqv)(mh=mg8VtmwBd7TWB8SF)9.jpg;https://ei.phncdn.com/videos/202604/13/45207245/original/(m=eaAaGwObaaamqv)(mh=mg8VtmwBd7TWB8SF)10.jpg;https://ei.phncdn.com/videos/202604/13/45207245/original/(m=eaAaGwObaaamqv)(mh=mg8VtmwBd7TWB8SF)11.jpg;https://ei.phncdn.com/videos/202604/13/45207245/original/(m=eaAaGwObaaamqv)(mh=mg8VtmwBd7TWB8SF)12.jpg;https://ei.phncdn.com/videos/202604/13/45207245/original/(m=eaAaGwObaaamqv)(mh=mg8VtmwBd7TWB8SF)13.jpg;https://ei.phncdn.com/videos/202604/13/45207245/original/(m=eaAaGwObaaamqv)(mh=mg8VtmwBd7TWB8SF)14.jpg;https://ei.phncdn.com/videos/202604/13/45207245/original/(m=eaAaGwObaaamqv)(mh=mg8VtmwBd7TWB8SF)15.jpg;https://ei.phncdn.com/videos/202604/13/45207245/original/(m=eaAaGwObaaamqv)(mh=mg8VtmwBd7TWB8SF)16.jpg
<iframe src="https://www.pornhub.com/embed/69e032532561e" frameborder="0" height="481" width="608" scrolling="no"></iframe>|https://ei.phncdn.com/videos/202604/16/45400335/original/(m=eaf8GgaaaWavb)(mh=PhGydGvd_Qo0OmmS)12.jpg|https://ei.phncdn.com/videos/202604/16/45400335/original/(m=eaf8GgaaaWavb)(mh=PhGydGvd_Qo0OmmS)1.jpg;https://ei.phncdn.com/videos/202604/16/45400335/original/(m=eaf8GgaaaWavb)(mh=PhGydGvd_Qo0OmmS)2.jpg;https://ei.phncdn.com/videos/202604/16/45400335/original/(m=eaf8GgaaaWavb)(mh=PhGydGvd_Qo0OmmS)3.jpg;https://ei.phncdn.com/videos/202604/16/45400335/original/(m=eaf8GgaaaWavb)(mh=PhGydGvd_Qo0OmmS)4.jpg;https://ei.phncdn.com/videos/202604/16/45400335/original/(m=eaf8GgaaaWavb)(mh=PhGydGvd_Qo0OmmS)5.jpg;https://ei.phncdn.com/videos/202604/16/45400335/original/(m=eaf8GgaaaWavb)(mh=PhGydGvd_Qo0OmmS)6.jpg;https://ei.phncdn.com/videos/202604/16/45400335/original/(m=eaf8GgaaaWavb)(mh=PhGydGvd_Qo0OmmS)7.jpg;https://ei.phncdn.com/videos/202604/16/45400335/original/(m=eaf8GgaaaWavb)(mh=PhGydGvd_Qo0OmmS)8.jpg;https://ei.phncdn.com/videos/202604/16/45400335/original/(m=eaf8GgaaaWavb)(mh=PhGydGvd_Qo0OmmS)9.jpg;https://ei.phncdn.com/videos/202604/16/45400335/original/(m=eaf8GgaaaWavb)(mh=PhGydGvd_Qo0OmmS)10.jpg;https://ei.phncdn.com/videos/202604/16/45400335/original/(m=eaf8GgaaaWavb)(mh=PhGydGvd_Qo0OmmS)11.jpg;https://ei.phncdn.com/videos/202604/16/45400335/original/(m=eaf8GgaaaWavb)(mh=PhGydGvd_Qo0OmmS)12.jpg;https://ei.phncdn.com/videos/202604/16/45400335/original/(m=eaf8GgaaaWavb)(mh=PhGydGvd_Qo0OmmS)13.jpg;https://ei.phncdn.com/videos/202604/16/45400335/original/(m=eaf8GgaaaWavb)(mh=PhGydGvd_Qo0OmmS)14.jpg;https://ei.phncdn.com/videos/202604/16/45400335/original/(m=eaf8GgaaaWavb)(mh=PhGydGvd_Qo0OmmS)15.jpg;https://ei.phncdn.com/videos/202604/16/45400335/original/(m=eaf8GgaaaWavb)(mh=PhGydGvd_Qo0OmmS)16.jpg|Thick thighs spread wide on the couch 😇|slut;schoolgirl;popular;lingerie;sexy;blowjob;bbw;new;college;skinny;brunette;tattoo;natural-tits;stockings;goth;onlyfans|Casting;Feet;Exclusive;Verified Amateurs;Cosplay;Solo Female||11|21|2|0|https://ei.phncdn.com/videos/202604/16/45400335/original/(m=eaAaGwObaaamqv)(mh=MhTBz3-XEexktd9O)12.jpg|https://ei.phncdn.com/videos/202604/16/45400335/original/(m=eaAaGwObaaamqv)(mh=MhTBz3-XEexktd9O)1.jpg;https://ei.phncdn.com/videos/202604/16/45400335/original/(m=eaAaGwObaaamqv)(mh=MhTBz3-XEexktd9O)2.jpg;https://ei.phncdn.com/videos/202604/16/45400335/original/(m=eaAaGwObaaamqv)(mh=MhTBz3-XEexktd9O)3.jpg;https://ei.phncdn.com/videos/202604/16/45400335/original/(m=eaAaGwObaaamqv)(mh=MhTBz3-XEexktd9O)4.jpg;https://ei.phncdn.com/videos/202604/16/45400335/original/(m=eaAaGwObaaamqv)(mh=MhTBz3-XEexktd9O)5.jpg;https://ei.phncdn.com/videos/202604/16/45400335/original/(m=eaAaGwObaaamqv)(mh=MhTBz3-XEexktd9O)6.jpg;https://ei.phncdn.com/videos/202604/16/45400335/original/(m=eaAaGwObaaamqv)(mh=MhTBz3-XEexktd9O)7.jpg;https://ei.phncdn.com/videos/202604/16/45400335/original/(m=eaAaGwObaaamqv)(mh=MhTBz3-XEexktd9O)8.jpg;https://ei.phncdn.com/videos/202604/16/45400335/original/(m=eaAaGwObaaamqv)(mh=MhTBz3-XEexktd9O)9.jpg;https://ei.phncdn.com/videos/202604/16/45400335/original/(m=eaAaGwObaaamqv)(mh=MhTBz3-XEexktd9O)10.jpg;https://ei.phncdn.com/videos/202604/16/45400335/original/(m=eaAaGwObaaamqv)(mh=MhTBz3-XEexktd9O)11.jpg;https://ei.phncdn.com/videos/202604/16/45400335/original/(m=eaAaGwObaaamqv)(mh=MhTBz3-XEexktd9O)12.jpg;https://ei.phncdn.com/videos/202604/16/45400335/original/(m=eaAaGwObaaamqv)(mh=MhTBz3-XEexktd9O)13.jpg;https://ei.phncdn.com/videos/202604/16/45400335/original/(m=eaAaGwObaaamqv)(mh=MhTBz3-XEexktd9O)14.jpg;https://ei.phncdn.com/videos/202604/16/45400335/original/(m=eaAaGwObaaamqv)(mh=MhTBz3-XEexktd9O)15.jpg;https://ei.phncdn.com/videos/202604/16/45400335/original/(m=eaAaGwObaaamqv)(mh=MhTBz3-XEexktd9O)16.jpg
<iframe src="https://www.pornhub.com/embed/69e1814814a28" frameborder="0" height="481" width="608" scrolling="no"></iframe>|https://ei.phncdn.com/videos/202604/17/45523585/original/(m=eaf8GgaaaWavb)(mh=eCSCRCi_uKZ4P1ut)12.jpg|https://ei.phncdn.com/videos/202604/17/45523585/original/(m=eaf8GgaaaWavb)(mh=eCSCRCi_uKZ4P1ut)1.jpg;https://ei.phncdn.com/videos/202604/17/45523585/original/(m=eaf8GgaaaWavb)(mh=eCSCRCi_uKZ4P1ut)2.jpg;https://ei.phncdn.com/videos/202604/17/45523585/original/(m=eaf8GgaaaWavb)(mh=eCSCRCi_uKZ4P1ut)3.jpg;https://ei.phncdn.com/videos/202604/17/45523585/original/(m=eaf8GgaaaWavb)(mh=eCSCRCi_uKZ4P1ut)4.jpg;https://ei.phncdn.com/videos/202604/17/45523585/original/(m=eaf8GgaaaWavb)(mh=eCSCRCi_uKZ4P1ut)5.jpg;https://ei.phncdn.com/videos/202604/17/45523585/original/(m=eaf8GgaaaWavb)(mh=eCSCRCi_uKZ4P1ut)6.jpg;https://ei.phncdn.com/videos/202604/17/45523585/original/(m=eaf8GgaaaWavb)(mh=eCSCRCi_uKZ4P1ut)7.jpg;https://ei.phncdn.com/videos/202604/17/45523585/original/(m=eaf8GgaaaWavb)(mh=eCSCRCi_uKZ4P1ut)8.jpg;https://ei.phncdn.com/videos/202604/17/45523585/original/(m=eaf8GgaaaWavb)(mh=eCSCRCi_uKZ4P1ut)9.jpg;https://ei.phncdn.com/videos/202604/17/45523585/original/(m=eaf8GgaaaWavb)(mh=eCSCRCi_uKZ4P1ut)10.jpg;https://ei.phncdn.com/videos/202604/17/45523585/original/(m=eaf8GgaaaWavb)(mh=eCSCRCi_uKZ4P1ut)11.jpg;https://ei.phncdn.com/videos/202604/17/45523585/original/(m=eaf8GgaaaWavb)(mh=eCSCRCi_uKZ4P1ut)12.jpg;https://ei.phncdn.com/videos/202604/17/45523585/original/(m=eaf8GgaaaWavb)(mh=eCSCRCi_uKZ4P1ut)13.jpg;https://ei.phncdn.com/videos/202604/17/45523585/original/(m=eaf8GgaaaWavb)(mh=eCSCRCi_uKZ4P1ut)14.jpg;https://ei.phncdn.com/videos/202604/17/45523585/original/(m=eaf8GgaaaWavb)(mh=eCSCRCi_uKZ4P1ut)15.jpg;https://ei.phncdn.com/videos/202604/17/45523585/original/(m=eaf8GgaaaWavb)(mh=eCSCRCi_uKZ4P1ut)16.jpg|Follow my OF for more 😘|onlyfans;best-onlyfans|Casting;Exclusive;Verified Amateurs;Behind The Scenes;Parody;Solo Female;Podcast||10|19|1|0|https://ei.phncdn.com/videos/202604/17/45523585/original/(m=eaAaGwObaaamqv)(mh=g-DDU27-B5rzAR-C)12.jpg|https://ei.phncdn.com/videos/202604/17/45523585/original/(m=eaAaGwObaaamqv)(mh=g-DDU27-B5rzAR-C)1.jpg;https://ei.phncdn.com/videos/202604/17/45523585/original/(m=eaAaGwObaaamqv)(mh=g-DDU27-B5rzAR-C)2.jpg;https://ei.phncdn.com/videos/202604/17/45523585/original/(m=eaAaGwObaaamqv)(mh=g-DDU27-B5rzAR-C)3.jpg;https://ei.phncdn.com/videos/202604/17/45523585/original/(m=eaAaGwObaaamqv)(mh=g-DDU27-B5rzAR-C)4.jpg;https://ei.phncdn.com/videos/202604/17/45523585/original/(m=eaAaGwObaaamqv)(mh=g-DDU27-B5rzAR-C)5.jpg;https://ei.phncdn.com/videos/202604/17/45523585/original/(m=eaAaGwObaaamqv)(mh=g-DDU27-B5rzAR-C)6.jpg;https://ei.phncdn.com/videos/202604/17/45523585/original/(m=eaAaGwObaaamqv)(mh=g-DDU27-B5rzAR-C)7.jpg;https://ei.phncdn.com/videos/202604/17/45523585/original/(m=eaAaGwObaaamqv)(mh=g-DDU27-B5rzAR-C)8.jpg;https://ei.phncdn.com/videos/202604/17/45523585/original/(m=eaAaGwObaaamqv)(mh=g-DDU27-B5rzAR-C)9.jpg;https://ei.phncdn.com/videos/202604/17/45523585/original/(m=eaAaGwObaaamqv)(mh=g-DDU27-B5rzAR-C)10.jpg;https://ei.phncdn.com/videos/202604/17/45523585/original/(m=eaAaGwObaaamqv)(mh=g-DDU27-B5rzAR-C)11.jpg;https://ei.phncdn.com/videos/202604/17/45523585/original/(m=eaAaGwObaaamqv)(mh=g-DDU27-B5rzAR-C)12.jpg;https://ei.phncdn.com/videos/202604/17/45523585/original/(m=eaAaGwObaaamqv)(mh=g-DDU27-B5rzAR-C)13.jpg;https://ei.phncdn.com/videos/202604/17/45523585/original/(m=eaAaGwObaaamqv)(mh=g-DDU27-B5rzAR-C)14.jpg;https://ei.phncdn.com/videos/202604/17/45523585/original/(m=eaAaGwObaaamqv)(mh=g-DDU27-B5rzAR-C)15.jpg;https://ei.phncdn.com/videos/202604/17/45523585/original/(m=eaAaGwObaaamqv)(mh=g-DDU27-B5rzAR-C)16.jpg
<iframe src="https://www.pornhub.com/embed/69e3fe5953e69" frameborder="0" height="481" width="608" scrolling="no"></iframe>|https://ei.phncdn.com/videos/202604/18/45705135/original/(m=eaf8GgaaaWavb)(mh=x15YEzvWb3N4gWCK)12.jpg|https://ei.phncdn.com/videos/202604/18/45705135/original/(m=eaf8GgaaaWavb)(mh=x15YEzvWb3N4gWCK)1.jpg;https://ei.phncdn.com/videos/202604/18/45705135/original/(m=eaf8GgaaaWavb)(mh=x15YEzvWb3N4gWCK)2.jpg;https://ei.phncdn.com/videos/202604/18/45705135/original/(m=eaf8GgaaaWavb)(mh=x15YEzvWb3N4gWCK)3.jpg;https://ei.phncdn.com/videos/202604/18/45705135/original/(m=eaf8GgaaaWavb)(mh=x15YEzvWb3N4gWCK)4.jpg;https://ei.phncdn.com/videos/202604/18/45705135/original/(m=eaf8GgaaaWavb)(mh=x15YEzvWb3N4gWCK)5.jpg;https://ei.phncdn.com/videos/202604/18/45705135/original/(m=eaf8GgaaaWavb)(mh=x15YEzvWb3N4gWCK)6.jpg;https://ei.phncdn.com/videos/202604/18/45705135/original/(m=eaf8GgaaaWavb)(mh=x15YEzvWb3N4gWCK)7.jpg;https://ei.phncdn.com/videos/202604/18/45705135/original/(m=eaf8GgaaaWavb)(mh=x15YEzvWb3N4gWCK)8.jpg;https://ei.phncdn.com/videos/202604/18/45705135/original/(m=eaf8GgaaaWavb)(mh=x15YEzvWb3N4gWCK)9.jpg;https://ei.phncdn.com/videos/202604/18/45705135/original/(m=eaf8GgaaaWavb)(mh=x15YEzvWb3N4gWCK)10.jpg;https://ei.phncdn.com/videos/202604/18/45705135/original/(m=eaf8GgaaaWavb)(mh=x15YEzvWb3N4gWCK)11.jpg;https://ei.phncdn.com/videos/202604/18/45705135/original/(m=eaf8GgaaaWavb)(mh=x15YEzvWb3N4gWCK)12.jpg;https://ei.phncdn.com/videos/202604/18/45705135/original/(m=eaf8GgaaaWavb)(mh=x15YEzvWb3N4gWCK)13.jpg;https://ei.phncdn.com/videos/202604/18/45705135/original/(m=eaf8GgaaaWavb)(mh=x15YEzvWb3N4gWCK)14.jpg;https://ei.phncdn.com/videos/202604/18/45705135/original/(m=eaf8GgaaaWavb)(mh=x15YEzvWb3N4gWCK)15.jpg;https://ei.phncdn.com/videos/202604/18/45705135/original/(m=eaf8GgaaaWavb)(mh=x15YEzvWb3N4gWCK)16.jpg|Gostam do meu bundao?|big-ass-milf;buceta-de-gravida;gravida;bunda-e-peito-grande|Casting;Exclusive;Verified Amateurs;Solo Female||44|265|7|0|https://ei.phncdn.com/videos/202604/18/45705135/original/(m=eaAaGwObaaamqv)(mh=VyFsfeJSeDBNtRZG)12.jpg|https://ei.phncdn.com/videos/202604/18/45705135/original/(m=eaAaGwObaaamqv)(mh=VyFsfeJSeDBNtRZG)1.jpg;https://ei.phncdn.com/videos/202604/18/45705135/original/(m=eaAaGwObaaamqv)(mh=VyFsfeJSeDBNtRZG)2.jpg;https://ei.phncdn.com/videos/202604/18/45705135/original/(m=eaAaGwObaaamqv)(mh=VyFsfeJSeDBNtRZG)3.jpg;https://ei.phncdn.com/videos/202604/18/45705135/original/(m=eaAaGwObaaamqv)(mh=VyFsfeJSeDBNtRZG)4.jpg;https://ei.phncdn.com/videos/202604/18/45705135/original/(m=eaAaGwObaaamqv)(mh=VyFsfeJSeDBNtRZG)5.jpg;https://ei.phncdn.com/videos/202604/18/45705135/original/(m=eaAaGwObaaamqv)(mh=VyFsfeJSeDBNtRZG)6.jpg;https://ei.phncdn.com/videos/202604/18/45705135/original/(m=eaAaGwObaaamqv)(mh=VyFsfeJSeDBNtRZG)7.jpg;https://ei.phncdn.com/videos/202604/18/45705135/original/(m=eaAaGwObaaamqv)(mh=VyFsfeJSeDBNtRZG)8.jpg;https://ei.phncdn.com/videos/202604/18/45705135/original/(m=eaAaGwObaaamqv)(mh=VyFsfeJSeDBNtRZG)9.jpg;https://ei.phncdn.com/videos/202604/18/45705135/original/(m=eaAaGwObaaamqv)(mh=VyFsfeJSeDBNtRZG)10.jpg;https://ei.phncdn.com/videos/202604/18/45705135/original/(m=eaAaGwObaaamqv)(mh=VyFsfeJSeDBNtRZG)11.jpg;https://ei.phncdn.com/videos/202604/18/45705135/original/(m=eaAaGwObaaamqv)(mh=VyFsfeJSeDBNtRZG)12.jpg;https://ei.phncdn.com/videos/202604/18/45705135/original/(m=eaAaGwObaaamqv)(mh=VyFsfeJSeDBNtRZG)13.jpg;https://ei.phncdn.com/videos/202604/18/45705135/original/(m=eaAaGwObaaamqv)(mh=VyFsfeJSeDBNtRZG)14.jpg;https://ei.phncdn.com/videos/202604/18/45705135/original/(m=eaAaGwObaaamqv)(mh=VyFsfeJSeDBNtRZG)15.jpg;https://ei.phncdn.com/videos/202604/18/45705135/original/(m=eaAaGwObaaamqv)(mh=VyFsfeJSeDBNtRZG)16.jpg
<iframe src="https://www.pornhub.com/embed/69ed58260c3e2" frameborder="0" height="481" width="608" scrolling="no"></iframe>|https://ei.phncdn.com/videos/202604/26/46416135/original/(m=eaf8GgaaaWavb)(mh=Za1mbYjh3mZh0Wbl)12.jpg|https://ei.phncdn.com/videos/202604/26/46416135/original/(m=eaf8GgaaaWavb)(mh=Za1mbYjh3mZh0Wbl)1.jpg;https://ei.phncdn.com/videos/202604/26/46416135/original/(m=eaf8GgaaaWavb)(mh=Za1mbYjh3mZh0Wbl)2.jpg;https://ei.phncdn.com/videos/202604/26/46416135/original/(m=eaf8GgaaaWavb)(mh=Za1mbYjh3mZh0Wbl)3.jpg;https://ei.phncdn.com/videos/202604/26/46416135/original/(m=eaf8GgaaaWavb)(mh=Za1mbYjh3mZh0Wbl)4.jpg;https://ei.phncdn.com/videos/202604/26/46416135/original/(m=eaf8GgaaaWavb)(mh=Za1mbYjh3mZh0Wbl)5.jpg;https://ei.phncdn.com/videos/202604/26/46416135/original/(m=eaf8GgaaaWavb)(mh=Za1mbYjh3mZh0Wbl)6.jpg;https://ei.phncdn.com/videos/202604/26/46416135/original/(m=eaf8GgaaaWavb)(mh=Za1mbYjh3mZh0Wbl)7.jpg;https://ei.phncdn.com/videos/202604/26/46416135/original/(m=eaf8GgaaaWavb)(mh=Za1mbYjh3mZh0Wbl)8.jpg;https://ei.phncdn.com/videos/202604/26/46416135/original/(m=eaf8GgaaaWavb)(mh=Za1mbYjh3mZh0Wbl)9.jpg;https://ei.phncdn.com/videos/202604/26/46416135/original/(m=eaf8GgaaaWavb)(mh=Za1mbYjh3mZh0Wbl)10.jpg;https://ei.phncdn.com/videos/202604/26/46416135/original/(m=eaf8GgaaaWavb)(mh=Za1mbYjh3mZh0Wbl)11.jpg;https://ei.phncdn.com/videos/202604/26/46416135/original/(m=eaf8GgaaaWavb)(mh=Za1mbYjh3mZh0Wbl)12.jpg;https://ei.phncdn.com/videos/202604/26/46416135/original/(m=eaf8GgaaaWavb)(mh=Za1mbYjh3mZh0Wbl)13.jpg;https://ei.phncdn.com/videos/202604/26/46416135/original/(m=eaf8GgaaaWavb)(mh=Za1mbYjh3mZh0Wbl)14.jpg;https://ei.phncdn.com/videos/202604/26/46416135/original/(m=eaf8GgaaaWavb)(mh=Za1mbYjh3mZh0Wbl)15.jpg;https://ei.phncdn.com/videos/202604/26/46416135/original/(m=eaf8GgaaaWavb)(mh=Za1mbYjh3mZh0Wbl)16.jpg|Tranquilo en casa|men-stripping;homemade;sexy;argentina-casero|Casting;Solo Male;Exclusive;Verified Amateurs;Muscular Men||2|8|2|0|https://ei.phncdn.com/videos/202604/26/46416135/original/(m=eaAaGwObaaamqv)(mh=HFXYRljLCiliNQBc)12.jpg|https://ei.phncdn.com/videos/202604/26/46416135/original/(m=eaAaGwObaaamqv)(mh=HFXYRljLCiliNQBc)1.jpg;https://ei.phncdn.com/videos/202604/26/46416135/original/(m=eaAaGwObaaamqv)(mh=HFXYRljLCiliNQBc)2.jpg;https://ei.phncdn.com/videos/202604/26/46416135/original/(m=eaAaGwObaaamqv)(mh=HFXYRljLCiliNQBc)3.jpg;https://ei.phncdn.com/videos/202604/26/46416135/original/(m=eaAaGwObaaamqv)(mh=HFXYRljLCiliNQBc)4.jpg;https://ei.phncdn.com/videos/202604/26/46416135/original/(m=eaAaGwObaaamqv)(mh=HFXYRljLCiliNQBc)5.jpg;https://ei.phncdn.com/videos/202604/26/46416135/original/(m=eaAaGwObaaamqv)(mh=HFXYRljLCiliNQBc)6.jpg;https://ei.phncdn.com/videos/202604/26/46416135/original/(m=eaAaGwObaaamqv)(mh=HFXYRljLCiliNQBc)7.jpg;https://ei.phncdn.com/videos/202604/26/46416135/original/(m=eaAaGwObaaamqv)(mh=HFXYRljLCiliNQBc)8.jpg;https://ei.phncdn.com/videos/202604/26/46416135/original/(m=eaAaGwObaaamqv)(mh=HFXYRljLCiliNQBc)9.jpg;https://ei.phncdn.com/videos/202604/26/46416135/original/(m=eaAaGwObaaamqv)(mh=HFXYRljLCiliNQBc)10.jpg;https://ei.phncdn.com/videos/202604/26/46416135/original/(m=eaAaGwObaaamqv)(mh=HFXYRljLCiliNQBc)11.jpg;https://ei.phncdn.com/videos/202604/26/46416135/original/(m=eaAaGwObaaamqv)(mh=HFXYRljLCiliNQBc)12.jpg;https://ei.phncdn.com/videos/202604/26/46416135/original/(m=eaAaGwObaaamqv)(mh=HFXYRljLCiliNQBc)13.jpg;https://ei.phncdn.com/videos/202604/26/46416135/original/(m=eaAaGwObaaamqv)(mh=HFXYRljLCiliNQBc)14.jpg;https://ei.phncdn.com/videos/202604/26/46416135/original/(m=eaAaGwObaaamqv)(mh=HFXYRljLCiliNQBc)15.jpg;https://ei.phncdn.com/videos/202604/26/46416135/original/(m=eaAaGwObaaamqv)(mh=HFXYRljLCiliNQBc)16.jpg
<iframe src="https://www.pornhub.com/embed/69ed904889780" frameborder="0" height="481" width="608" scrolling="no"></iframe>|https://ei.phncdn.com/videos/202604/26/46426635/original/(m=eaf8GgaaaWavb)(mh=NAPI_sNsKbPmtUbz)4.jpg|https://ei.phncdn.com/videos/202604/26/46426635/original/(m=eaf8GgaaaWavb)(mh=NAPI_sNsKbPmtUbz)1.jpg;https://ei.phncdn.com/videos/202604/26/46426635/original/(m=eaf8GgaaaWavb)(mh=NAPI_sNsKbPmtUbz)2.jpg;https://ei.phncdn.com/videos/202604/26/46426635/original/(m=eaf8GgaaaWavb)(mh=NAPI_sNsKbPmtUbz)3.jpg;https://ei.phncdn.com/videos/202604/26/46426635/original/(m=eaf8GgaaaWavb)(mh=NAPI_sNsKbPmtUbz)4.jpg;https://ei.phncdn.com/videos/202604/26/46426635/original/(m=eaf8GgaaaWavb)(mh=NAPI_sNsKbPmtUbz)5.jpg;https://ei.phncdn.com/videos/202604/26/46426635/original/(m=eaf8GgaaaWavb)(mh=NAPI_sNsKbPmtUbz)6.jpg;https://ei.phncdn.com/videos/202604/26/46426635/original/(m=eaf8GgaaaWavb)(mh=NAPI_sNsKbPmtUbz)7.jpg;https://ei.phncdn.com/videos/202604/26/46426635/original/(m=eaf8GgaaaWavb)(mh=NAPI_sNsKbPmtUbz)8.jpg;https://ei.phncdn.com/videos/202604/26/46426635/original/(m=eaf8GgaaaWavb)(mh=NAPI_sNsKbPmtUbz)9.jpg;https://ei.phncdn.com/videos/202604/26/46426635/original/(m=eaf8GgaaaWavb)(mh=NAPI_sNsKbPmtUbz)10.jpg;https://ei.phncdn.com/videos/202604/26/46426635/original/(m=eaf8GgaaaWavb)(mh=NAPI_sNsKbPmtUbz)11.jpg;https://ei.phncdn.com/videos/202604/26/46426635/original/(m=eaf8GgaaaWavb)(mh=NAPI_sNsKbPmtUbz)12.jpg;https://ei.phncdn.com/videos/202604/26/46426635/original/(m=eaf8GgaaaWavb)(mh=NAPI_sNsKbPmtUbz)13.jpg;https://ei.phncdn.com/videos/202604/26/46426635/original/(m=eaf8GgaaaWavb)(mh=NAPI_sNsKbPmtUbz)14.jpg;https://ei.phncdn.com/videos/202604/26/46426635/original/(m=eaf8GgaaaWavb)(mh=NAPI_sNsKbPmtUbz)15.jpg;https://ei.phncdn.com/videos/202604/26/46426635/original/(m=eaf8GgaaaWavb)(mh=NAPI_sNsKbPmtUbz)16.jpg|Culoncita obediente|milf;culo-grande;sexo-duro|Casting;Verified Amateurs||44|2765|81|5|https://ei.phncdn.com/videos/202604/26/46426635/original/(m=eaAaGwObaaamqv)(mh=cCPeKz5t3Xq08Hxv)4.jpg|https://ei.phncdn.com/videos/202604/26/46426635/original/(m=eaAaGwObaaamqv)(mh=cCPeKz5t3Xq08Hxv)1.jpg;https://ei.phncdn.com/videos/202604/26/46426635/original/(m=eaAaGwObaaamqv)(mh=cCPeKz5t3Xq08Hxv)2.jpg;https://ei.phncdn.com/videos/202604/26/46426635/original/(m=eaAaGwObaaamqv)(mh=cCPeKz5t3Xq08Hxv)3.jpg;https://ei.phncdn.com/videos/202604/26/46426635/original/(m=eaAaGwObaaamqv)(mh=cCPeKz5t3Xq08Hxv)4.jpg;https://ei.phncdn.com/videos/202604/26/46426635/original/(m=eaAaGwObaaamqv)(mh=cCPeKz5t3Xq08Hxv)5.jpg;https://ei.phncdn.com/videos/202604/26/46426635/original/(m=eaAaGwObaaamqv)(mh=cCPeKz5t3Xq08Hxv)6.jpg;https://ei.phncdn.com/videos/202604/26/46426635/original/(m=eaAaGwObaaamqv)(mh=cCPeKz5t3Xq08Hxv)7.jpg;https://ei.phncdn.com/videos/202604/26/46426635/original/(m=eaAaGwObaaamqv)(mh=cCPeKz5t3Xq08Hxv)8.jpg;https://ei.phncdn.com/videos/202604/26/46426635/original/(m=eaAaGwObaaamqv)(mh=cCPeKz5t3Xq08Hxv)9.jpg;https://ei.phncdn.com/videos/202604/26/46426635/original/(m=eaAaGwObaaamqv)(mh=cCPeKz5t3Xq08Hxv)10.jpg;https://ei.phncdn.com/videos/202604/26/46426635/original/(m=eaAaGwObaaamqv)(mh=cCPeKz5t3Xq08Hxv)11.jpg;https://ei.phncdn.com/videos/202604/26/46426635/original/(m=eaAaGwObaaamqv)(mh=cCPeKz5t3Xq08Hxv)12.jpg;https://ei.phncdn.com/videos/202604/26/46426635/original/(m=eaAaGwObaaamqv)(mh=cCPeKz5t3Xq08Hxv)13.jpg;https://ei.phncdn.com/videos/202604/26/46426635/original/(m=eaAaGwObaaamqv)(mh=cCPeKz5t3Xq08Hxv)14.jpg;https://ei.phncdn.com/videos/202604/26/46426635/original/(m=eaAaGwObaaamqv)(mh=cCPeKz5t3Xq08Hxv)15.jpg;https://ei.phncdn.com/videos/202604/26/46426635/original/(m=eaAaGwObaaamqv)(mh=cCPeKz5t3Xq08Hxv)16.jpg
<iframe src="https://www.pornhub.com/embed/69f4e51293212" frameborder="0" height="481" width="608" scrolling="no"></iframe>|https://ei.phncdn.com/videos/202605/01/47320565/original/(m=eaf8GgaaaWavb)(mh=s1gJ1MY2BSFvYqYs)12.jpg|https://ei.phncdn.com/videos/202605/01/47320565/original/(m=eaf8GgaaaWavb)(mh=s1gJ1MY2BSFvYqYs)1.jpg;https://ei.phncdn.com/videos/202605/01/47320565/original/(m=eaf8GgaaaWavb)(mh=s1gJ1MY2BSFvYqYs)2.jpg;https://ei.phncdn.com/videos/202605/01/47320565/original/(m=eaf8GgaaaWavb)(mh=s1gJ1MY2BSFvYqYs)3.jpg;https://ei.phncdn.com/videos/202605/01/47320565/original/(m=eaf8GgaaaWavb)(mh=s1gJ1MY2BSFvYqYs)4.jpg;https://ei.phncdn.com/videos/202605/01/47320565/original/(m=eaf8GgaaaWavb)(mh=s1gJ1MY2BSFvYqYs)5.jpg;https://ei.phncdn.com/videos/202605/01/47320565/original/(m=eaf8GgaaaWavb)(mh=s1gJ1MY2BSFvYqYs)6.jpg;https://ei.phncdn.com/videos/202605/01/47320565/original/(m=eaf8GgaaaWavb)(mh=s1gJ1MY2BSFvYqYs)7.jpg;https://ei.phncdn.com/videos/202605/01/47320565/original/(m=eaf8GgaaaWavb)(mh=s1gJ1MY2BSFvYqYs)8.jpg;https://ei.phncdn.com/videos/202605/01/47320565/original/(m=eaf8GgaaaWavb)(mh=s1gJ1MY2BSFvYqYs)9.jpg;https://ei.phncdn.com/videos/202605/01/47320565/original/(m=eaf8GgaaaWavb)(mh=s1gJ1MY2BSFvYqYs)10.jpg;https://ei.phncdn.com/videos/202605/01/47320565/original/(m=eaf8GgaaaWavb)(mh=s1gJ1MY2BSFvYqYs)11.jpg;https://ei.phncdn.com/videos/202605/01/47320565/original/(m=eaf8GgaaaWavb)(mh=s1gJ1MY2BSFvYqYs)12.jpg;https://ei.phncdn.com/videos/202605/01/47320565/original/(m=eaf8GgaaaWavb)(mh=s1gJ1MY2BSFvYqYs)13.jpg;https://ei.phncdn.com/videos/202605/01/47320565/original/(m=eaf8GgaaaWavb)(mh=s1gJ1MY2BSFvYqYs)14.jpg;https://ei.phncdn.com/videos/202605/01/47320565/original/(m=eaf8GgaaaWavb)(mh=s1gJ1MY2BSFvYqYs)15.jpg;https://ei.phncdn.com/videos/202605/01/47320565/original/(m=eaf8GgaaaWavb)(mh=s1gJ1MY2BSFvYqYs)16.jpg|Solo again|caught-jerking-off;big-dick|Casting;Solo Male;Exclusive;Verified Amateurs||13|4|||https://ei.phncdn.com/videos/202605/01/47320565/original/(m=eaAaGwObaaamqv)(mh=VCSfeRc3FaOLjblm)12.jpg|https://ei.phncdn.com/videos/202605/01/47320565/original/(m=eaAaGwObaaamqv)(mh=VCSfeRc3FaOLjblm)1.jpg;https://ei.phncdn.com/videos/202605/01/47320565/original/(m=eaAaGwObaaamqv)(mh=VCSfeRc3FaOLjblm)2.jpg;https://ei.phncdn.com/videos/202605/01/47320565/original/(m=eaAaGwObaaamqv)(mh=VCSfeRc3FaOLjblm)3.jpg;https://ei.phncdn.com/videos/202605/01/47320565/original/(m=eaAaGwObaaamqv)(mh=VCSfeRc3FaOLjblm)4.jpg;https://ei.phncdn.com/videos/202605/01/47320565/original/(m=eaAaGwObaaamqv)(mh=VCSfeRc3FaOLjblm)5.jpg;https://ei.phncdn.com/videos/202605/01/47320565/original/(m=eaAaGwObaaamqv)(mh=VCSfeRc3FaOLjblm)6.jpg;https://ei.phncdn.com/videos/202605/01/47320565/original/(m=eaAaGwObaaamqv)(mh=VCSfeRc3FaOLjblm)7.jpg;https://ei.phncdn.com/videos/202605/01/47320565/original/(m=eaAaGwObaaamqv)(mh=VCSfeRc3FaOLjblm)8.jpg;https://ei.phncdn.com/videos/202605/01/47320565/original/(m=eaAaGwObaaamqv)(mh=VCSfeRc3FaOLjblm)9.jpg;https://ei.phncdn.com/videos/202605/01/47320565/original/(m=eaAaGwObaaamqv)(mh=VCSfeRc3FaOLjblm)10.jpg;https://ei.phncdn.com/videos/202605/01/47320565/original/(m=eaAaGwObaaamqv)(mh=VCSfeRc3FaOLjblm)11.jpg;https://ei.phncdn.com/videos/202605/01/47320565/original/(m=eaAaGwObaaamqv)(mh=VCSfeRc3FaOLjblm)12.jpg;https://ei.phncdn.com/videos/202605/01/47320565/original/(m=eaAaGwObaaamqv)(mh=VCSfeRc3FaOLjblm)13.jpg;https://ei.phncdn.com/videos/202605/01/47320565/original/(m=eaAaGwObaaamqv)(mh=VCSfeRc3FaOLjblm)14.jpg;https://ei.phncdn.com/videos/202605/01/47320565/original/(m=eaAaGwObaaamqv)(mh=VCSfeRc3FaOLjblm)15.jpg;https://ei.phncdn.com/videos/202605/01/47320565/original/(m=eaAaGwObaaamqv)(mh=VCSfeRc3FaOLjblm)16.jpg
<iframe src="https://www.pornhub.com/embed/69f50cfce96d9" frameborder="0" height="481" width="608" scrolling="no"></iframe>|https://ei.phncdn.com/videos/202605/01/47345475/original/(m=eaf8GgaaaWavb)(mh=TyFCSk7CQF4VCO32)12.jpg|https://ei.phncdn.com/videos/202605/01/47345475/original/(m=eaf8GgaaaWavb)(mh=TyFCSk7CQF4VCO32)1.jpg;https://ei.phncdn.com/videos/202605/01/47345475/original/(m=eaf8GgaaaWavb)(mh=TyFCSk7CQF4VCO32)2.jpg;https://ei.phncdn.com/videos/202605/01/47345475/original/(m=eaf8GgaaaWavb)(mh=TyFCSk7CQF4VCO32)3.jpg;https://ei.phncdn.com/videos/202605/01/47345475/original/(m=eaf8GgaaaWavb)(mh=TyFCSk7CQF4VCO32)4.jpg;https://ei.phncdn.com/videos/202605/01/47345475/original/(m=eaf8GgaaaWavb)(mh=TyFCSk7CQF4VCO32)5.jpg;https://ei.phncdn.com/videos/202605/01/47345475/original/(m=eaf8GgaaaWavb)(mh=TyFCSk7CQF4VCO32)6.jpg;https://ei.phncdn.com/videos/202605/01/47345475/original/(m=eaf8GgaaaWavb)(mh=TyFCSk7CQF4VCO32)7.jpg;https://ei.phncdn.com/videos/202605/01/47345475/original/(m=eaf8GgaaaWavb)(mh=TyFCSk7CQF4VCO32)8.jpg;https://ei.phncdn.com/videos/202605/01/47345475/original/(m=eaf8GgaaaWavb)(mh=TyFCSk7CQF4VCO32)9.jpg;https://ei.phncdn.com/videos/202605/01/47345475/original/(m=eaf8GgaaaWavb)(mh=TyFCSk7CQF4VCO32)10.jpg;https://ei.phncdn.com/videos/202605/01/47345475/original/(m=eaf8GgaaaWavb)(mh=TyFCSk7CQF4VCO32)11.jpg;https://ei.phncdn.com/videos/202605/01/47345475/original/(m=eaf8GgaaaWavb)(mh=TyFCSk7CQF4VCO32)12.jpg;https://ei.phncdn.com/videos/202605/01/47345475/original/(m=eaf8GgaaaWavb)(mh=TyFCSk7CQF4VCO32)13.jpg;https://ei.phncdn.com/videos/202605/01/47345475/original/(m=eaf8GgaaaWavb)(mh=TyFCSk7CQF4VCO32)14.jpg;https://ei.phncdn.com/videos/202605/01/47345475/original/(m=eaf8GgaaaWavb)(mh=TyFCSk7CQF4VCO32)15.jpg;https://ei.phncdn.com/videos/202605/01/47345475/original/(m=eaf8GgaaaWavb)(mh=TyFCSk7CQF4VCO32)16.jpg|Follando en el baño a escondidas|hard-rough-sex;hot-sex|Casting;Verified Amateurs;Podcast||252|507|9|0|https://ei.phncdn.com/videos/202605/01/47345475/original/(m=eaAaGwObaaamqv)(mh=qIAuxlFapP58oFLg)12.jpg|https://ei.phncdn.com/videos/202605/01/47345475/original/(m=eaAaGwObaaamqv)(mh=qIAuxlFapP58oFLg)1.jpg;https://ei.phncdn.com/videos/202605/01/47345475/original/(m=eaAaGwObaaamqv)(mh=qIAuxlFapP58oFLg)2.jpg;https://ei.phncdn.com/videos/202605/01/47345475/original/(m=eaAaGwObaaamqv)(mh=qIAuxlFapP58oFLg)3.jpg;https://ei.phncdn.com/videos/202605/01/47345475/original/(m=eaAaGwObaaamqv)(mh=qIAuxlFapP58oFLg)4.jpg;https://ei.phncdn.com/videos/202605/01/47345475/original/(m=eaAaGwObaaamqv)(mh=qIAuxlFapP58oFLg)5.jpg;https://ei.phncdn.com/videos/202605/01/47345475/original/(m=eaAaGwObaaamqv)(mh=qIAuxlFapP58oFLg)6.jpg;https://ei.phncdn.com/videos/202605/01/47345475/original/(m=eaAaGwObaaamqv)(mh=qIAuxlFapP58oFLg)7.jpg;https://ei.phncdn.com/videos/202605/01/47345475/original/(m=eaAaGwObaaamqv)(mh=qIAuxlFapP58oFLg)8.jpg;https://ei.phncdn.com/videos/202605/01/47345475/original/(m=eaAaGwObaaamqv)(mh=qIAuxlFapP58oFLg)9.jpg;https://ei.phncdn.com/videos/202605/01/47345475/original/(m=eaAaGwObaaamqv)(mh=qIAuxlFapP58oFLg)10.jpg;https://ei.phncdn.com/videos/202605/01/47345475/original/(m=eaAaGwObaaamqv)(mh=qIAuxlFapP58oFLg)11.jpg;https://ei.phncdn.com/videos/202605/01/47345475/original/(m=eaAaGwObaaamqv)(mh=qIAuxlFapP58oFLg)12.jpg;https://ei.phncdn.com/videos/202605/01/47345475/original/(m=eaAaGwObaaamqv)(mh=qIAuxlFapP58oFLg)13.jpg;https://ei.phncdn.com/videos/202605/01/47345475/original/(m=eaAaGwObaaamqv)(mh=qIAuxlFapP58oFLg)14.jpg;https://ei.phncdn.com/videos/202605/01/47345475/original/(m=eaAaGwObaaamqv)(mh=qIAuxlFapP58oFLg)15.jpg;https://ei.phncdn.com/videos/202605/01/47345475/original/(m=eaAaGwObaaamqv)(mh=qIAuxlFapP58oFLg)16.jpg
<iframe src="https://www.pornhub.com/embed/6a08fc9ae487b" frameborder="0" height="481" width="608" scrolling="no"></iframe>|https://ei.phncdn.com/videos/202605/16/49165695/original/(m=eaf8GgaaaWavb)(mh=JT3NJ9FY44S6nF0V)12.jpg|https://ei.phncdn.com/videos/202605/16/49165695/original/(m=eaf8GgaaaWavb)(mh=JT3NJ9FY44S6nF0V)1.jpg;https://ei.phncdn.com/videos/202605/16/49165695/original/(m=eaf8GgaaaWavb)(mh=JT3NJ9FY44S6nF0V)2.jpg;https://ei.phncdn.com/videos/202605/16/49165695/original/(m=eaf8GgaaaWavb)(mh=JT3NJ9FY44S6nF0V)3.jpg;https://ei.phncdn.com/videos/202605/16/49165695/original/(m=eaf8GgaaaWavb)(mh=JT3NJ9FY44S6nF0V)4.jpg;https://ei.phncdn.com/videos/202605/16/49165695/original/(m=eaf8GgaaaWavb)(mh=JT3NJ9FY44S6nF0V)5.jpg;https://ei.phncdn.com/videos/202605/16/49165695/original/(m=eaf8GgaaaWavb)(mh=JT3NJ9FY44S6nF0V)6.jpg;https://ei.phncdn.com/videos/202605/16/49165695/original/(m=eaf8GgaaaWavb)(mh=JT3NJ9FY44S6nF0V)7.jpg;https://ei.phncdn.com/videos/202605/16/49165695/original/(m=eaf8GgaaaWavb)(mh=JT3NJ9FY44S6nF0V)8.jpg;https://ei.phncdn.com/videos/202605/16/49165695/original/(m=eaf8GgaaaWavb)(mh=JT3NJ9FY44S6nF0V)9.jpg;https://ei.phncdn.com/videos/202605/16/49165695/original/(m=eaf8GgaaaWavb)(mh=JT3NJ9FY44S6nF0V)10.jpg;https://ei.phncdn.com/videos/202605/16/49165695/original/(m=eaf8GgaaaWavb)(mh=JT3NJ9FY44S6nF0V)11.jpg;https://ei.phncdn.com/videos/202605/16/49165695/original/(m=eaf8GgaaaWavb)(mh=JT3NJ9FY44S6nF0V)12.jpg;https://ei.phncdn.com/videos/202605/16/49165695/original/(m=eaf8GgaaaWavb)(mh=JT3NJ9FY44S6nF0V)13.jpg;https://ei.phncdn.com/videos/202605/16/49165695/original/(m=eaf8GgaaaWavb)(mh=JT3NJ9FY44S6nF0V)14.jpg;https://ei.phncdn.com/videos/202605/16/49165695/original/(m=eaf8GgaaaWavb)(mh=JT3NJ9FY44S6nF0V)15.jpg;https://ei.phncdn.com/videos/202605/16/49165695/original/(m=eaf8GgaaaWavb)(mh=JT3NJ9FY44S6nF0V)16.jpg|Follando en la playa|porno;pornhub|Casting;Verified Amateurs;Podcast||97|245|4|0|https://ei.phncdn.com/videos/202605/16/49165695/original/(m=eaAaGwObaaamqv)(mh=KdAxOmb2AKclGw7C)12.jpg|https://ei.phncdn.com/videos/202605/16/49165695/original/(m=eaAaGwObaaamqv)(mh=KdAxOmb2AKclGw7C)1.jpg;https://ei.phncdn.com/videos/202605/16/49165695/original/(m=eaAaGwObaaamqv)(mh=KdAxOmb2AKclGw7C)2.jpg;https://ei.phncdn.com/videos/202605/16/49165695/original/(m=eaAaGwObaaamqv)(mh=KdAxOmb2AKclGw7C)3.jpg;https://ei.phncdn.com/videos/202605/16/49165695/original/(m=eaAaGwObaaamqv)(mh=KdAxOmb2AKclGw7C)4.jpg;https://ei.phncdn.com/videos/202605/16/49165695/original/(m=eaAaGwObaaamqv)(mh=KdAxOmb2AKclGw7C)5.jpg;https://ei.phncdn.com/videos/202605/16/49165695/original/(m=eaAaGwObaaamqv)(mh=KdAxOmb2AKclGw7C)6.jpg;https://ei.phncdn.com/videos/202605/16/49165695/original/(m=eaAaGwObaaamqv)(mh=KdAxOmb2AKclGw7C)7.jpg;https://ei.phncdn.com/videos/202605/16/49165695/original/(m=eaAaGwObaaamqv)(mh=KdAxOmb2AKclGw7C)8.jpg;https://ei.phncdn.com/videos/202605/16/49165695/original/(m=eaAaGwObaaamqv)(mh=KdAxOmb2AKclGw7C)9.jpg;https://ei.phncdn.com/videos/202605/16/49165695/original/(m=eaAaGwObaaamqv)(mh=KdAxOmb2AKclGw7C)10.jpg;https://ei.phncdn.com/videos/202605/16/49165695/original/(m=eaAaGwObaaamqv)(mh=KdAxOmb2AKclGw7C)11.jpg;https://ei.phncdn.com/videos/202605/16/49165695/original/(m=eaAaGwObaaamqv)(mh=KdAxOmb2AKclGw7C)12.jpg;https://ei.phncdn.com/videos/202605/16/49165695/original/(m=eaAaGwObaaamqv)(mh=KdAxOmb2AKclGw7C)13.jpg;https://ei.phncdn.com/videos/202605/16/49165695/original/(m=eaAaGwObaaamqv)(mh=KdAxOmb2AKclGw7C)14.jpg;https://ei.phncdn.com/videos/202605/16/49165695/original/(m=eaAaGwObaaamqv)(mh=KdAxOmb2AKclGw7C)15.jpg;https://ei.phncdn.com/videos/202605/16/49165695/original/(m=eaAaGwObaaamqv)(mh=KdAxOmb2AKclGw7C)16.jpg
<iframe src="https://www.pornhub.com/embed/6a0ce9f545d74" frameborder="0" height="481" width="608" scrolling="no"></iframe>|https://ei.phncdn.com/videos/202605/19/49469825/original/(m=eaf8GgaaaWavb)(mh=2HxLxZmZQRn1sxO6)12.jpg|https://ei.phncdn.com/videos/202605/19/49469825/original/(m=eaf8GgaaaWavb)(mh=2HxLxZmZQRn1sxO6)1.jpg;https://ei.phncdn.com/videos/202605/19/49469825/original/(m=eaf8GgaaaWavb)(mh=2HxLxZmZQRn1sxO6)2.jpg;https://ei.phncdn.com/videos/202605/19/49469825/original/(m=eaf8GgaaaWavb)(mh=2HxLxZmZQRn1sxO6)3.jpg;https://ei.phncdn.com/videos/202605/19/49469825/original/(m=eaf8GgaaaWavb)(mh=2HxLxZmZQRn1sxO6)4.jpg;https://ei.phncdn.com/videos/202605/19/49469825/original/(m=eaf8GgaaaWavb)(mh=2HxLxZmZQRn1sxO6)5.jpg;https://ei.phncdn.com/videos/202605/19/49469825/original/(m=eaf8GgaaaWavb)(mh=2HxLxZmZQRn1sxO6)6.jpg;https://ei.phncdn.com/videos/202605/19/49469825/original/(m=eaf8GgaaaWavb)(mh=2HxLxZmZQRn1sxO6)7.jpg;https://ei.phncdn.com/videos/202605/19/49469825/original/(m=eaf8GgaaaWavb)(mh=2HxLxZmZQRn1sxO6)8.jpg;https://ei.phncdn.com/videos/202605/19/49469825/original/(m=eaf8GgaaaWavb)(mh=2HxLxZmZQRn1sxO6)9.jpg;https://ei.phncdn.com/videos/202605/19/49469825/original/(m=eaf8GgaaaWavb)(mh=2HxLxZmZQRn1sxO6)10.jpg;https://ei.phncdn.com/videos/202605/19/49469825/original/(m=eaf8GgaaaWavb)(mh=2HxLxZmZQRn1sxO6)11.jpg;https://ei.phncdn.com/videos/202605/19/49469825/original/(m=eaf8GgaaaWavb)(mh=2HxLxZmZQRn1sxO6)12.jpg;https://ei.phncdn.com/videos/202605/19/49469825/original/(m=eaf8GgaaaWavb)(mh=2HxLxZmZQRn1sxO6)13.jpg;https://ei.phncdn.com/videos/202605/19/49469825/original/(m=eaf8GgaaaWavb)(mh=2HxLxZmZQRn1sxO6)14.jpg;https://ei.phncdn.com/videos/202605/19/49469825/original/(m=eaf8GgaaaWavb)(mh=2HxLxZmZQRn1sxO6)15.jpg;https://ei.phncdn.com/videos/202605/19/49469825/original/(m=eaf8GgaaaWavb)(mh=2HxLxZmZQRn1sxO6)16.jpg|Después de discutir terminamos follando|sexo-anal;hot-sex|Casting;Verified Amateurs;Podcast||128|153|1|0|https://ei.phncdn.com/videos/202605/19/49469825/original/(m=eaAaGwObaaamqv)(mh=lZtb5vJKduL9grEB)12.jpg|https://ei.phncdn.com/videos/202605/19/49469825/original/(m=eaAaGwObaaamqv)(mh=lZtb5vJKduL9grEB)1.jpg;https://ei.phncdn.com/videos/202605/19/49469825/original/(m=eaAaGwObaaamqv)(mh=lZtb5vJKduL9grEB)2.jpg;https://ei.phncdn.com/videos/202605/19/49469825/original/(m=eaAaGwObaaamqv)(mh=lZtb5vJKduL9grEB)3.jpg;https://ei.phncdn.com/videos/202605/19/49469825/original/(m=eaAaGwObaaamqv)(mh=lZtb5vJKduL9grEB)4.jpg;https://ei.phncdn.com/videos/202605/19/49469825/original/(m=eaAaGwObaaamqv)(mh=lZtb5vJKduL9grEB)5.jpg;https://ei.phncdn.com/videos/202605/19/49469825/original/(m=eaAaGwObaaamqv)(mh=lZtb5vJKduL9grEB)6.jpg;https://ei.phncdn.com/videos/202605/19/49469825/original/(m=eaAaGwObaaamqv)(mh=lZtb5vJKduL9grEB)7.jpg;https://ei.phncdn.com/videos/202605/19/49469825/original/(m=eaAaGwObaaamqv)(mh=lZtb5vJKduL9grEB)8.jpg;https://ei.phncdn.com/videos/202605/19/49469825/original/(m=eaAaGwObaaamqv)(mh=lZtb5vJKduL9grEB)9.jpg;https://ei.phncdn.com/videos/202605/19/49469825/original/(m=eaAaGwObaaamqv)(mh=lZtb5vJKduL9grEB)10.jpg;https://ei.phncdn.com/videos/202605/19/49469825/original/(m=eaAaGwObaaamqv)(mh=lZtb5vJKduL9grEB)11.jpg;https://ei.phncdn.com/videos/202605/19/49469825/original/(m=eaAaGwObaaamqv)(mh=lZtb5vJKduL9grEB)12.jpg;https://ei.phncdn.com/videos/202605/19/49469825/original/(m=eaAaGwObaaamqv)(mh=lZtb5vJKduL9grEB)13.jpg;https://ei.phncdn.com/videos/202605/19/49469825/original/(m=eaAaGwObaaamqv)(mh=lZtb5vJKduL9grEB)14.jpg;https://ei.phncdn.com/videos/202605/19/49469825/original/(m=eaAaGwObaaamqv)(mh=lZtb5vJKduL9grEB)15.jpg;https://ei.phncdn.com/videos/202605/19/49469825/original/(m=eaAaGwObaaamqv)(mh=lZtb5vJKduL9grEB)16.jpg
<iframe src="https://www.pornhub.com/embed/6a0e05194a00a" frameborder="0" height="481" width="608" scrolling="no"></iframe>|https://ei.phncdn.com/videos/202605/20/49563945/original/(m=eaf8GgaaaWavb)(mh=1D6pdVi49llR9A-G)12.jpg|https://ei.phncdn.com/videos/202605/20/49563945/original/(m=eaf8GgaaaWavb)(mh=1D6pdVi49llR9A-G)1.jpg;https://ei.phncdn.com/videos/202605/20/49563945/original/(m=eaf8GgaaaWavb)(mh=1D6pdVi49llR9A-G)2.jpg;https://ei.phncdn.com/videos/202605/20/49563945/original/(m=eaf8GgaaaWavb)(mh=1D6pdVi49llR9A-G)3.jpg;https://ei.phncdn.com/videos/202605/20/49563945/original/(m=eaf8GgaaaWavb)(mh=1D6pdVi49llR9A-G)4.jpg;https://ei.phncdn.com/videos/202605/20/49563945/original/(m=eaf8GgaaaWavb)(mh=1D6pdVi49llR9A-G)5.jpg;https://ei.phncdn.com/videos/202605/20/49563945/original/(m=eaf8GgaaaWavb)(mh=1D6pdVi49llR9A-G)6.jpg;https://ei.phncdn.com/videos/202605/20/49563945/original/(m=eaf8GgaaaWavb)(mh=1D6pdVi49llR9A-G)7.jpg;https://ei.phncdn.com/videos/202605/20/49563945/original/(m=eaf8GgaaaWavb)(mh=1D6pdVi49llR9A-G)8.jpg;https://ei.phncdn.com/videos/202605/20/49563945/original/(m=eaf8GgaaaWavb)(mh=1D6pdVi49llR9A-G)9.jpg;https://ei.phncdn.com/videos/202605/20/49563945/original/(m=eaf8GgaaaWavb)(mh=1D6pdVi49llR9A-G)10.jpg;https://ei.phncdn.com/videos/202605/20/49563945/original/(m=eaf8GgaaaWavb)(mh=1D6pdVi49llR9A-G)11.jpg;https://ei.phncdn.com/videos/202605/20/49563945/original/(m=eaf8GgaaaWavb)(mh=1D6pdVi49llR9A-G)12.jpg;https://ei.phncdn.com/videos/202605/20/49563945/original/(m=eaf8GgaaaWavb)(mh=1D6pdVi49llR9A-G)13.jpg;https://ei.phncdn.com/videos/202605/20/49563945/original/(m=eaf8GgaaaWavb)(mh=1D6pdVi49llR9A-G)14.jpg;https://ei.phncdn.com/videos/202605/20/49563945/original/(m=eaf8GgaaaWavb)(mh=1D6pdVi49llR9A-G)15.jpg;https://ei.phncdn.com/videos/202605/20/49563945/original/(m=eaf8GgaaaWavb)(mh=1D6pdVi49llR9A-G)16.jpg|Master Baiter Filmed 03|sex;natural|Casting;Solo Male;Exclusive;Verified Amateurs||154|1|||https://ei.phncdn.com/videos/202605/20/49563945/original/(m=eaAaGwObaaamqv)(mh=QUJbXq7yk0dfNV30)12.jpg|https://ei.phncdn.com/videos/202605/20/49563945/original/(m=eaAaGwObaaamqv)(mh=QUJbXq7yk0dfNV30)1.jpg;https://ei.phncdn.com/videos/202605/20/49563945/original/(m=eaAaGwObaaamqv)(mh=QUJbXq7yk0dfNV30)2.jpg;https://ei.phncdn.com/videos/202605/20/49563945/original/(m=eaAaGwObaaamqv)(mh=QUJbXq7yk0dfNV30)3.jpg;https://ei.phncdn.com/videos/202605/20/49563945/original/(m=eaAaGwObaaamqv)(mh=QUJbXq7yk0dfNV30)4.jpg;https://ei.phncdn.com/videos/202605/20/49563945/original/(m=eaAaGwObaaamqv)(mh=QUJbXq7yk0dfNV30)5.jpg;https://ei.phncdn.com/videos/202605/20/49563945/original/(m=eaAaGwObaaamqv)(mh=QUJbXq7yk0dfNV30)6.jpg;https://ei.phncdn.com/videos/202605/20/49563945/original/(m=eaAaGwObaaamqv)(mh=QUJbXq7yk0dfNV30)7.jpg;https://ei.phncdn.com/videos/202605/20/49563945/original/(m=eaAaGwObaaamqv)(mh=QUJbXq7yk0dfNV30)8.jpg;https://ei.phncdn.com/videos/202605/20/49563945/original/(m=eaAaGwObaaamqv)(mh=QUJbXq7yk0dfNV30)9.jpg;https://ei.phncdn.com/videos/202605/20/49563945/original/(m=eaAaGwObaaamqv)(mh=QUJbXq7yk0dfNV30)10.jpg;https://ei.phncdn.com/videos/202605/20/49563945/original/(m=eaAaGwObaaamqv)(mh=QUJbXq7yk0dfNV30)11.jpg;https://ei.phncdn.com/videos/202605/20/49563945/original/(m=eaAaGwObaaamqv)(mh=QUJbXq7yk0dfNV30)12.jpg;https://ei.phncdn.com/videos/202605/20/49563945/original/(m=eaAaGwObaaamqv)(mh=QUJbXq7yk0dfNV30)13.jpg;https://ei.phncdn.com/videos/202605/20/49563945/original/(m=eaAaGwObaaamqv)(mh=QUJbXq7yk0dfNV30)14.jpg;https://ei.phncdn.com/videos/202605/20/49563945/original/(m=eaAaGwObaaamqv)(mh=QUJbXq7yk0dfNV30)15.jpg;https://ei.phncdn.com/videos/202605/20/49563945/original/(m=eaAaGwObaaamqv)(mh=QUJbXq7yk0dfNV30)16.jpg
<iframe src="https://www.pornhub.com/embed/6a0f4312d29f6" frameborder="0" height="481" width="608" scrolling="no"></iframe>|https://ei.phncdn.com/videos/202605/21/49680065/original/(m=eaf8GgaaaWavb)(mh=BP3R8YAbo98i4wxu)12.jpg|https://ei.phncdn.com/videos/202605/21/49680065/original/(m=eaf8GgaaaWavb)(mh=BP3R8YAbo98i4wxu)1.jpg;https://ei.phncdn.com/videos/202605/21/49680065/original/(m=eaf8GgaaaWavb)(mh=BP3R8YAbo98i4wxu)2.jpg;https://ei.phncdn.com/videos/202605/21/49680065/original/(m=eaf8GgaaaWavb)(mh=BP3R8YAbo98i4wxu)3.jpg;https://ei.phncdn.com/videos/202605/21/49680065/original/(m=eaf8GgaaaWavb)(mh=BP3R8YAbo98i4wxu)4.jpg;https://ei.phncdn.com/videos/202605/21/49680065/original/(m=eaf8GgaaaWavb)(mh=BP3R8YAbo98i4wxu)5.jpg;https://ei.phncdn.com/videos/202605/21/49680065/original/(m=eaf8GgaaaWavb)(mh=BP3R8YAbo98i4wxu)6.jpg;https://ei.phncdn.com/videos/202605/21/49680065/original/(m=eaf8GgaaaWavb)(mh=BP3R8YAbo98i4wxu)7.jpg;https://ei.phncdn.com/videos/202605/21/49680065/original/(m=eaf8GgaaaWavb)(mh=BP3R8YAbo98i4wxu)8.jpg;https://ei.phncdn.com/videos/202605/21/49680065/original/(m=eaf8GgaaaWavb)(mh=BP3R8YAbo98i4wxu)9.jpg;https://ei.phncdn.com/videos/202605/21/49680065/original/(m=eaf8GgaaaWavb)(mh=BP3R8YAbo98i4wxu)10.jpg;https://ei.phncdn.com/videos/202605/21/49680065/original/(m=eaf8GgaaaWavb)(mh=BP3R8YAbo98i4wxu)11.jpg;https://ei.phncdn.com/videos/202605/21/49680065/original/(m=eaf8GgaaaWavb)(mh=BP3R8YAbo98i4wxu)12.jpg;https://ei.phncdn.com/videos/202605/21/49680065/original/(m=eaf8GgaaaWavb)(mh=BP3R8YAbo98i4wxu)13.jpg;https://ei.phncdn.com/videos/202605/21/49680065/original/(m=eaf8GgaaaWavb)(mh=BP3R8YAbo98i4wxu)14.jpg;https://ei.phncdn.com/videos/202605/21/49680065/original/(m=eaf8GgaaaWavb)(mh=BP3R8YAbo98i4wxu)15.jpg;https://ei.phncdn.com/videos/202605/21/49680065/original/(m=eaf8GgaaaWavb)(mh=BP3R8YAbo98i4wxu)16.jpg|Follando en el baño para q no nos vean|porno;hd-pornos;sexo-anal|Casting;Verified Amateurs;Podcast||326|146|2|2|https://ei.phncdn.com/videos/202605/21/49680065/original/(m=eaAaGwObaaamqv)(mh=spHV7yoejOToA21t)12.jpg|https://ei.phncdn.com/videos/202605/21/49680065/original/(m=eaAaGwObaaamqv)(mh=spHV7yoejOToA21t)1.jpg;https://ei.phncdn.com/videos/202605/21/49680065/original/(m=eaAaGwObaaamqv)(mh=spHV7yoejOToA21t)2.jpg;https://ei.phncdn.com/videos/202605/21/49680065/original/(m=eaAaGwObaaamqv)(mh=spHV7yoejOToA21t)3.jpg;https://ei.phncdn.com/videos/202605/21/49680065/original/(m=eaAaGwObaaamqv)(mh=spHV7yoejOToA21t)4.jpg;https://ei.phncdn.com/videos/202605/21/49680065/original/(m=eaAaGwObaaamqv)(mh=spHV7yoejOToA21t)5.jpg;https://ei.phncdn.com/videos/202605/21/49680065/original/(m=eaAaGwObaaamqv)(mh=spHV7yoejOToA21t)6.jpg;https://ei.phncdn.com/videos/202605/21/49680065/original/(m=eaAaGwObaaamqv)(mh=spHV7yoejOToA21t)7.jpg;https://ei.phncdn.com/videos/202605/21/49680065/original/(m=eaAaGwObaaamqv)(mh=spHV7yoejOToA21t)8.jpg;https://ei.phncdn.com/videos/202605/21/49680065/original/(m=eaAaGwObaaamqv)(mh=spHV7yoejOToA21t)9.jpg;https://ei.phncdn.com/videos/202605/21/49680065/original/(m=eaAaGwObaaamqv)(mh=spHV7yoejOToA21t)10.jpg;https://ei.phncdn.com/videos/202605/21/49680065/original/(m=eaAaGwObaaamqv)(mh=spHV7yoejOToA21t)11.jpg;https://ei.phncdn.com/videos/202605/21/49680065/original/(m=eaAaGwObaaamqv)(mh=spHV7yoejOToA21t)12.jpg;https://ei.phncdn.com/videos/202605/21/49680065/original/(m=eaAaGwObaaamqv)(mh=spHV7yoejOToA21t)13.jpg;https://ei.phncdn.com/videos/202605/21/49680065/original/(m=eaAaGwObaaamqv)(mh=spHV7yoejOToA21t)14.jpg;https://ei.phncdn.com/videos/202605/21/49680065/original/(m=eaAaGwObaaamqv)(mh=spHV7yoejOToA21t)15.jpg;https://ei.phncdn.com/videos/202605/21/49680065/original/(m=eaAaGwObaaamqv)(mh=spHV7yoejOToA21t)16.jpg
<iframe src="https://www.pornhub.com/embed/6a107830ae92e" frameborder="0" height="481" width="608" scrolling="no"></iframe>|https://ei.phncdn.com/videos/202605/22/49773935/original/(m=eaf8GgaaaWavb)(mh=i59lkrclFqZA5Oh0)12.jpg|https://ei.phncdn.com/videos/202605/22/49773935/original/(m=eaf8GgaaaWavb)(mh=i59lkrclFqZA5Oh0)1.jpg;https://ei.phncdn.com/videos/202605/22/49773935/original/(m=eaf8GgaaaWavb)(mh=i59lkrclFqZA5Oh0)2.jpg;https://ei.phncdn.com/videos/202605/22/49773935/original/(m=eaf8GgaaaWavb)(mh=i59lkrclFqZA5Oh0)3.jpg;https://ei.phncdn.com/videos/202605/22/49773935/original/(m=eaf8GgaaaWavb)(mh=i59lkrclFqZA5Oh0)4.jpg;https://ei.phncdn.com/videos/202605/22/49773935/original/(m=eaf8GgaaaWavb)(mh=i59lkrclFqZA5Oh0)5.jpg;https://ei.phncdn.com/videos/202605/22/49773935/original/(m=eaf8GgaaaWavb)(mh=i59lkrclFqZA5Oh0)6.jpg;https://ei.phncdn.com/videos/202605/22/49773935/original/(m=eaf8GgaaaWavb)(mh=i59lkrclFqZA5Oh0)7.jpg;https://ei.phncdn.com/videos/202605/22/49773935/original/(m=eaf8GgaaaWavb)(mh=i59lkrclFqZA5Oh0)8.jpg;https://ei.phncdn.com/videos/202605/22/49773935/original/(m=eaf8GgaaaWavb)(mh=i59lkrclFqZA5Oh0)9.jpg;https://ei.phncdn.com/videos/202605/22/49773935/original/(m=eaf8GgaaaWavb)(mh=i59lkrclFqZA5Oh0)10.jpg;https://ei.phncdn.com/videos/202605/22/49773935/original/(m=eaf8GgaaaWavb)(mh=i59lkrclFqZA5Oh0)11.jpg;https://ei.phncdn.com/videos/202605/22/49773935/original/(m=eaf8GgaaaWavb)(mh=i59lkrclFqZA5Oh0)12.jpg;https://ei.phncdn.com/videos/202605/22/49773935/original/(m=eaf8GgaaaWavb)(mh=i59lkrclFqZA5Oh0)13.jpg;https://ei.phncdn.com/videos/202605/22/49773935/original/(m=eaf8GgaaaWavb)(mh=i59lkrclFqZA5Oh0)14.jpg;https://ei.phncdn.com/videos/202605/22/49773935/original/(m=eaf8GgaaaWavb)(mh=i59lkrclFqZA5Oh0)15.jpg;https://ei.phncdn.com/videos/202605/22/49773935/original/(m=eaf8GgaaaWavb)(mh=i59lkrclFqZA5Oh0)16.jpg|Sexo con mi novia|hd-pornos;porno-casero|Casting;Verified Amateurs;Podcast||73|18143|394|16|https://ei.phncdn.com/videos/202605/22/49773935/original/(m=eaAaGwObaaamqv)(mh=EsjwvKXmrCgYUkgq)12.jpg|https://ei.phncdn.com/videos/202605/22/49773935/original/(m=eaAaGwObaaamqv)(mh=EsjwvKXmrCgYUkgq)1.jpg;https://ei.phncdn.com/videos/202605/22/49773935/original/(m=eaAaGwObaaamqv)(mh=EsjwvKXmrCgYUkgq)2.jpg;https://ei.phncdn.com/videos/202605/22/49773935/original/(m=eaAaGwObaaamqv)(mh=EsjwvKXmrCgYUkgq)3.jpg;https://ei.phncdn.com/videos/202605/22/49773935/original/(m=eaAaGwObaaamqv)(mh=EsjwvKXmrCgYUkgq)4.jpg;https://ei.phncdn.com/videos/202605/22/49773935/original/(m=eaAaGwObaaamqv)(mh=EsjwvKXmrCgYUkgq)5.jpg;https://ei.phncdn.com/videos/202605/22/49773935/original/(m=eaAaGwObaaamqv)(mh=EsjwvKXmrCgYUkgq)6.jpg;https://ei.phncdn.com/videos/202605/22/49773935/original/(m=eaAaGwObaaamqv)(mh=EsjwvKXmrCgYUkgq)7.jpg;https://ei.phncdn.com/videos/202605/22/49773935/original/(m=eaAaGwObaaamqv)(mh=EsjwvKXmrCgYUkgq)8.jpg;https://ei.phncdn.com/videos/202605/22/49773935/original/(m=eaAaGwObaaamqv)(mh=EsjwvKXmrCgYUkgq)9.jpg;https://ei.phncdn.com/videos/202605/22/49773935/original/(m=eaAaGwObaaamqv)(mh=EsjwvKXmrCgYUkgq)10.jpg;https://ei.phncdn.com/videos/202605/22/49773935/original/(m=eaAaGwObaaamqv)(mh=EsjwvKXmrCgYUkgq)11.jpg;https://ei.phncdn.com/videos/202605/22/49773935/original/(m=eaAaGwObaaamqv)(mh=EsjwvKXmrCgYUkgq)12.jpg;https://ei.phncdn.com/videos/202605/22/49773935/original/(m=eaAaGwObaaamqv)(mh=EsjwvKXmrCgYUkgq)13.jpg;https://ei.phncdn.com/videos/202605/22/49773935/original/(m=eaAaGwObaaamqv)(mh=EsjwvKXmrCgYUkgq)14.jpg;https://ei.phncdn.com/videos/202605/22/49773935/original/(m=eaAaGwObaaamqv)(mh=EsjwvKXmrCgYUkgq)15.jpg;https://ei.phncdn.com/videos/202605/22/49773935/original/(m=eaAaGwObaaamqv)(mh=EsjwvKXmrCgYUkgq)16.jpg
<iframe src="https://www.pornhub.com/embed/6a1078c3541a2" frameborder="0" height="481" width="608" scrolling="no"></iframe>|https://ei.phncdn.com/videos/202605/22/49774085/original/(m=eaf8GgaaaWavb)(mh=2nmBaZT8Im1xmbUb)12.jpg|https://ei.phncdn.com/videos/202605/22/49774085/original/(m=eaf8GgaaaWavb)(mh=2nmBaZT8Im1xmbUb)1.jpg;https://ei.phncdn.com/videos/202605/22/49774085/original/(m=eaf8GgaaaWavb)(mh=2nmBaZT8Im1xmbUb)2.jpg;https://ei.phncdn.com/videos/202605/22/49774085/original/(m=eaf8GgaaaWavb)(mh=2nmBaZT8Im1xmbUb)3.jpg;https://ei.phncdn.com/videos/202605/22/49774085/original/(m=eaf8GgaaaWavb)(mh=2nmBaZT8Im1xmbUb)4.jpg;https://ei.phncdn.com/videos/202605/22/49774085/original/(m=eaf8GgaaaWavb)(mh=2nmBaZT8Im1xmbUb)5.jpg;https://ei.phncdn.com/videos/202605/22/49774085/original/(m=eaf8GgaaaWavb)(mh=2nmBaZT8Im1xmbUb)6.jpg;https://ei.phncdn.com/videos/202605/22/49774085/original/(m=eaf8GgaaaWavb)(mh=2nmBaZT8Im1xmbUb)7.jpg;https://ei.phncdn.com/videos/202605/22/49774085/original/(m=eaf8GgaaaWavb)(mh=2nmBaZT8Im1xmbUb)8.jpg;https://ei.phncdn.com/videos/202605/22/49774085/original/(m=eaf8GgaaaWavb)(mh=2nmBaZT8Im1xmbUb)9.jpg;https://ei.phncdn.com/videos/202605/22/49774085/original/(m=eaf8GgaaaWavb)(mh=2nmBaZT8Im1xmbUb)10.jpg;https://ei.phncdn.com/videos/202605/22/49774085/original/(m=eaf8GgaaaWavb)(mh=2nmBaZT8Im1xmbUb)11.jpg;https://ei.phncdn.com/videos/202605/22/49774085/original/(m=eaf8GgaaaWavb)(mh=2nmBaZT8Im1xmbUb)12.jpg;https://ei.phncdn.com/videos/202605/22/49774085/original/(m=eaf8GgaaaWavb)(mh=2nmBaZT8Im1xmbUb)13.jpg;https://ei.phncdn.com/videos/202605/22/49774085/original/(m=eaf8GgaaaWavb)(mh=2nmBaZT8Im1xmbUb)14.jpg;https://ei.phncdn.com/videos/202605/22/49774085/original/(m=eaf8GgaaaWavb)(mh=2nmBaZT8Im1xmbUb)15.jpg;https://ei.phncdn.com/videos/202605/22/49774085/original/(m=eaf8GgaaaWavb)(mh=2nmBaZT8Im1xmbUb)16.jpg|Le doy duro por contestona|porno;mejor-porno-casero|Casting;Verified Amateurs;Podcast||54|22354|125|8|https://ei.phncdn.com/videos/202605/22/49774085/original/(m=eaAaGwObaaamqv)(mh=neVPY-aumLdnmM_p)12.jpg|https://ei.phncdn.com/videos/202605/22/49774085/original/(m=eaAaGwObaaamqv)(mh=neVPY-aumLdnmM_p)1.jpg;https://ei.phncdn.com/videos/202605/22/49774085/original/(m=eaAaGwObaaamqv)(mh=neVPY-aumLdnmM_p)2.jpg;https://ei.phncdn.com/videos/202605/22/49774085/original/(m=eaAaGwObaaamqv)(mh=neVPY-aumLdnmM_p)3.jpg;https://ei.phncdn.com/videos/202605/22/49774085/original/(m=eaAaGwObaaamqv)(mh=neVPY-aumLdnmM_p)4.jpg;https://ei.phncdn.com/videos/202605/22/49774085/original/(m=eaAaGwObaaamqv)(mh=neVPY-aumLdnmM_p)5.jpg;https://ei.phncdn.com/videos/202605/22/49774085/original/(m=eaAaGwObaaamqv)(mh=neVPY-aumLdnmM_p)6.jpg;https://ei.phncdn.com/videos/202605/22/49774085/original/(m=eaAaGwObaaamqv)(mh=neVPY-aumLdnmM_p)7.jpg;https://ei.phncdn.com/videos/202605/22/49774085/original/(m=eaAaGwObaaamqv)(mh=neVPY-aumLdnmM_p)8.jpg;https://ei.phncdn.com/videos/202605/22/49774085/original/(m=eaAaGwObaaamqv)(mh=neVPY-aumLdnmM_p)9.jpg;https://ei.phncdn.com/videos/202605/22/49774085/original/(m=eaAaGwObaaamqv)(mh=neVPY-aumLdnmM_p)10.jpg;https://ei.phncdn.com/videos/202605/22/49774085/original/(m=eaAaGwObaaamqv)(mh=neVPY-aumLdnmM_p)11.jpg;https://ei.phncdn.com/videos/202605/22/49774085/original/(m=eaAaGwObaaamqv)(mh=neVPY-aumLdnmM_p)12.jpg;https://ei.phncdn.com/videos/202605/22/49774085/original/(m=eaAaGwObaaamqv)(mh=neVPY-aumLdnmM_p)13.jpg;https://ei.phncdn.com/videos/202605/22/49774085/original/(m=eaAaGwObaaamqv)(mh=neVPY-aumLdnmM_p)14.jpg;https://ei.phncdn.com/videos/202605/22/49774085/original/(m=eaAaGwObaaamqv)(mh=neVPY-aumLdnmM_p)15.jpg;https://ei.phncdn.com/videos/202605/22/49774085/original/(m=eaAaGwObaaamqv)(mh=neVPY-aumLdnmM_p)16.jpg
<iframe src="https://www.pornhub.com/embed/6a11af397a8ca" frameborder="0" height="481" width="608" scrolling="no"></iframe>|https://ei.phncdn.com/videos/202605/22/49773935/original/(m=eaf8GgaaaWavb)(mh=i59lkrclFqZA5Oh0)12.jpg|https://ei.phncdn.com/videos/202605/22/49773935/original/(m=eaf8GgaaaWavb)(mh=i59lkrclFqZA5Oh0)1.jpg;https://ei.phncdn.com/videos/202605/22/49773935/original/(m=eaf8GgaaaWavb)(mh=i59lkrclFqZA5Oh0)2.jpg;https://ei.phncdn.com/videos/202605/22/49773935/original/(m=eaf8GgaaaWavb)(mh=i59lkrclFqZA5Oh0)3.jpg;https://ei.phncdn.com/videos/202605/22/49773935/original/(m=eaf8GgaaaWavb)(mh=i59lkrclFqZA5Oh0)4.jpg;https://ei.phncdn.com/videos/202605/22/49773935/original/(m=eaf8GgaaaWavb)(mh=i59lkrclFqZA5Oh0)5.jpg;https://ei.phncdn.com/videos/202605/22/49773935/original/(m=eaf8GgaaaWavb)(mh=i59lkrclFqZA5Oh0)6.jpg;https://ei.phncdn.com/videos/202605/22/49773935/original/(m=eaf8GgaaaWavb)(mh=i59lkrclFqZA5Oh0)7.jpg;https://ei.phncdn.com/videos/202605/22/49773935/original/(m=eaf8GgaaaWavb)(mh=i59lkrclFqZA5Oh0)8.jpg;https://ei.phncdn.com/videos/202605/22/49773935/original/(m=eaf8GgaaaWavb)(mh=i59lkrclFqZA5Oh0)9.jpg;https://ei.phncdn.com/videos/202605/22/49773935/original/(m=eaf8GgaaaWavb)(mh=i59lkrclFqZA5Oh0)10.jpg;https://ei.phncdn.com/videos/202605/22/49773935/original/(m=eaf8GgaaaWavb)(mh=i59lkrclFqZA5Oh0)11.jpg;https://ei.phncdn.com/videos/202605/22/49773935/original/(m=eaf8GgaaaWavb)(mh=i59lkrclFqZA5Oh0)12.jpg;https://ei.phncdn.com/videos/202605/22/49773935/original/(m=eaf8GgaaaWavb)(mh=i59lkrclFqZA5Oh0)13.jpg;https://ei.phncdn.com/videos/202605/22/49773935/original/(m=eaf8GgaaaWavb)(mh=i59lkrclFqZA5Oh0)14.jpg;https://ei.phncdn.com/videos/202605/22/49773935/original/(m=eaf8GgaaaWavb)(mh=i59lkrclFqZA5Oh0)15.jpg;https://ei.phncdn.com/videos/202605/22/49773935/original/(m=eaf8GgaaaWavb)(mh=i59lkrclFqZA5Oh0)16.jpg|Me la follo|sexo-apasionado;sexo-duro-y-salvaje|Casting;Verified Amateurs;Podcast||73|500|32|0|https://ei.phncdn.com/videos/202605/22/49773935/original/(m=eaAaGwObaaamqv)(mh=EsjwvKXmrCgYUkgq)12.jpg|https://ei.phncdn.com/videos/202605/22/49773935/original/(m=eaAaGwObaaamqv)(mh=EsjwvKXmrCgYUkgq)1.jpg;https://ei.phncdn.com/videos/202605/22/49773935/original/(m=eaAaGwObaaamqv)(mh=EsjwvKXmrCgYUkgq)2.jpg;https://ei.phncdn.com/videos/202605/22/49773935/original/(m=eaAaGwObaaamqv)(mh=EsjwvKXmrCgYUkgq)3.jpg;https://ei.phncdn.com/videos/202605/22/49773935/original/(m=eaAaGwObaaamqv)(mh=EsjwvKXmrCgYUkgq)4.jpg;https://ei.phncdn.com/videos/202605/22/49773935/original/(m=eaAaGwObaaamqv)(mh=EsjwvKXmrCgYUkgq)5.jpg;https://ei.phncdn.com/videos/202605/22/49773935/original/(m=eaAaGwObaaamqv)(mh=EsjwvKXmrCgYUkgq)6.jpg;https://ei.phncdn.com/videos/202605/22/49773935/original/(m=eaAaGwObaaamqv)(mh=EsjwvKXmrCgYUkgq)7.jpg;https://ei.phncdn.com/videos/202605/22/49773935/original/(m=eaAaGwObaaamqv)(mh=EsjwvKXmrCgYUkgq)8.jpg;https://ei.phncdn.com/videos/202605/22/49773935/original/(m=eaAaGwObaaamqv)(mh=EsjwvKXmrCgYUkgq)9.jpg;https://ei.phncdn.com/videos/202605/22/49773935/original/(m=eaAaGwObaaamqv)(mh=EsjwvKXmrCgYUkgq)10.jpg;https://ei.phncdn.com/videos/202605/22/49773935/original/(m=eaAaGwObaaamqv)(mh=EsjwvKXmrCgYUkgq)11.jpg;https://ei.phncdn.com/videos/202605/22/49773935/original/(m=eaAaGwObaaamqv)(mh=EsjwvKXmrCgYUkgq)12.jpg;https://ei.phncdn.com/videos/202605/22/49773935/original/(m=eaAaGwObaaamqv)(mh=EsjwvKXmrCgYUkgq)13.jpg;https://ei.phncdn.com/videos/202605/22/49773935/original/(m=eaAaGwObaaamqv)(mh=EsjwvKXmrCgYUkgq)14.jpg;https://ei.phncdn.com/videos/202605/22/49773935/original/(m=eaAaGwObaaamqv)(mh=EsjwvKXmrCgYUkgq)15.jpg;https://ei.phncdn.com/videos/202605/22/49773935/original/(m=eaAaGwObaaamqv)(mh=EsjwvKXmrCgYUkgq)16.jpg
<iframe src="https://www.pornhub.com/embed/6a13284f439cf" frameborder="0" height="481" width="608" scrolling="no"></iframe>|https://ei.phncdn.com/videos/202605/24/49953465/original/(m=eaf8GgaaaWavb)(mh=E7WDSxW0JDqj0LbP)12.jpg|https://ei.phncdn.com/videos/202605/24/49953465/original/(m=eaf8GgaaaWavb)(mh=E7WDSxW0JDqj0LbP)1.jpg;https://ei.phncdn.com/videos/202605/24/49953465/original/(m=eaf8GgaaaWavb)(mh=E7WDSxW0JDqj0LbP)2.jpg;https://ei.phncdn.com/videos/202605/24/49953465/original/(m=eaf8GgaaaWavb)(mh=E7WDSxW0JDqj0LbP)3.jpg;https://ei.phncdn.com/videos/202605/24/49953465/original/(m=eaf8GgaaaWavb)(mh=E7WDSxW0JDqj0LbP)4.jpg;https://ei.phncdn.com/videos/202605/24/49953465/original/(m=eaf8GgaaaWavb)(mh=E7WDSxW0JDqj0LbP)5.jpg;https://ei.phncdn.com/videos/202605/24/49953465/original/(m=eaf8GgaaaWavb)(mh=E7WDSxW0JDqj0LbP)6.jpg;https://ei.phncdn.com/videos/202605/24/49953465/original/(m=eaf8GgaaaWavb)(mh=E7WDSxW0JDqj0LbP)7.jpg;https://ei.phncdn.com/videos/202605/24/49953465/original/(m=eaf8GgaaaWavb)(mh=E7WDSxW0JDqj0LbP)8.jpg;https://ei.phncdn.com/videos/202605/24/49953465/original/(m=eaf8GgaaaWavb)(mh=E7WDSxW0JDqj0LbP)9.jpg;https://ei.phncdn.com/videos/202605/24/49953465/original/(m=eaf8GgaaaWavb)(mh=E7WDSxW0JDqj0LbP)10.jpg;https://ei.phncdn.com/videos/202605/24/49953465/original/(m=eaf8GgaaaWavb)(mh=E7WDSxW0JDqj0LbP)11.jpg;https://ei.phncdn.com/videos/202605/24/49953465/original/(m=eaf8GgaaaWavb)(mh=E7WDSxW0JDqj0LbP)12.jpg;https://ei.phncdn.com/videos/202605/24/49953465/original/(m=eaf8GgaaaWavb)(mh=E7WDSxW0JDqj0LbP)13.jpg;https://ei.phncdn.com/videos/202605/24/49953465/original/(m=eaf8GgaaaWavb)(mh=E7WDSxW0JDqj0LbP)14.jpg;https://ei.phncdn.com/videos/202605/24/49953465/original/(m=eaf8GgaaaWavb)(mh=E7WDSxW0JDqj0LbP)15.jpg;https://ei.phncdn.com/videos/202605/24/49953465/original/(m=eaf8GgaaaWavb)(mh=E7WDSxW0JDqj0LbP)16.jpg|Me la follo estilo perrito|sexo-apasionado;hot-sex|Casting;Verified Amateurs;Podcast||376|140|4|0|https://ei.phncdn.com/videos/202605/24/49953465/original/(m=eaAaGwObaaamqv)(mh=BQtW6Meh3GR7re9g)12.jpg|https://ei.phncdn.com/videos/202605/24/49953465/original/(m=eaAaGwObaaamqv)(mh=BQtW6Meh3GR7re9g)1.jpg;https://ei.phncdn.com/videos/202605/24/49953465/original/(m=eaAaGwObaaamqv)(mh=BQtW6Meh3GR7re9g)2.jpg;https://ei.phncdn.com/videos/202605/24/49953465/original/(m=eaAaGwObaaamqv)(mh=BQtW6Meh3GR7re9g)3.jpg;https://ei.phncdn.com/videos/202605/24/49953465/original/(m=eaAaGwObaaamqv)(mh=BQtW6Meh3GR7re9g)4.jpg;https://ei.phncdn.com/videos/202605/24/49953465/original/(m=eaAaGwObaaamqv)(mh=BQtW6Meh3GR7re9g)5.jpg;https://ei.phncdn.com/videos/202605/24/49953465/original/(m=eaAaGwObaaamqv)(mh=BQtW6Meh3GR7re9g)6.jpg;https://ei.phncdn.com/videos/202605/24/49953465/original/(m=eaAaGwObaaamqv)(mh=BQtW6Meh3GR7re9g)7.jpg;https://ei.phncdn.com/videos/202605/24/49953465/original/(m=eaAaGwObaaamqv)(mh=BQtW6Meh3GR7re9g)8.jpg;https://ei.phncdn.com/videos/202605/24/49953465/original/(m=eaAaGwObaaamqv)(mh=BQtW6Meh3GR7re9g)9.jpg;https://ei.phncdn.com/videos/202605/24/49953465/original/(m=eaAaGwObaaamqv)(mh=BQtW6Meh3GR7re9g)10.jpg;https://ei.phncdn.com/videos/202605/24/49953465/original/(m=eaAaGwObaaamqv)(mh=BQtW6Meh3GR7re9g)11.jpg;https://ei.phncdn.com/videos/202605/24/49953465/original/(m=eaAaGwObaaamqv)(mh=BQtW6Meh3GR7re9g)12.jpg;https://ei.phncdn.com/videos/202605/24/49953465/original/(m=eaAaGwObaaamqv)(mh=BQtW6Meh3GR7re9g)13.jpg;https://ei.phncdn.com/videos/202605/24/49953465/original/(m=eaAaGwObaaamqv)(mh=BQtW6Meh3GR7re9g)14.jpg;https://ei.phncdn.com/videos/202605/24/49953465/original/(m=eaAaGwObaaamqv)(mh=BQtW6Meh3GR7re9g)15.jpg;https://ei.phncdn.com/videos/202605/24/49953465/original/(m=eaAaGwObaaamqv)(mh=BQtW6Meh3GR7re9g)16.jpg
<iframe src="https://www.pornhub.com/embed/6a14779af0496" frameborder="0" height="481" width="608" scrolling="no"></iframe>|https://ei.phncdn.com/videos/202605/25/50054985/original/(m=eaf8GgaaaWavb)(mh=GEg9H_v2LU3_vcoL)12.jpg|https://ei.phncdn.com/videos/202605/25/50054985/original/(m=eaf8GgaaaWavb)(mh=GEg9H_v2LU3_vcoL)1.jpg;https://ei.phncdn.com/videos/202605/25/50054985/original/(m=eaf8GgaaaWavb)(mh=GEg9H_v2LU3_vcoL)2.jpg;https://ei.phncdn.com/videos/202605/25/50054985/original/(m=eaf8GgaaaWavb)(mh=GEg9H_v2LU3_vcoL)3.jpg;https://ei.phncdn.com/videos/202605/25/50054985/original/(m=eaf8GgaaaWavb)(mh=GEg9H_v2LU3_vcoL)4.jpg;https://ei.phncdn.com/videos/202605/25/50054985/original/(m=eaf8GgaaaWavb)(mh=GEg9H_v2LU3_vcoL)5.jpg;https://ei.phncdn.com/videos/202605/25/50054985/original/(m=eaf8GgaaaWavb)(mh=GEg9H_v2LU3_vcoL)6.jpg;https://ei.phncdn.com/videos/202605/25/50054985/original/(m=eaf8GgaaaWavb)(mh=GEg9H_v2LU3_vcoL)7.jpg;https://ei.phncdn.com/videos/202605/25/50054985/original/(m=eaf8GgaaaWavb)(mh=GEg9H_v2LU3_vcoL)8.jpg;https://ei.phncdn.com/videos/202605/25/50054985/original/(m=eaf8GgaaaWavb)(mh=GEg9H_v2LU3_vcoL)9.jpg;https://ei.phncdn.com/videos/202605/25/50054985/original/(m=eaf8GgaaaWavb)(mh=GEg9H_v2LU3_vcoL)10.jpg;https://ei.phncdn.com/videos/202605/25/50054985/original/(m=eaf8GgaaaWavb)(mh=GEg9H_v2LU3_vcoL)11.jpg;https://ei.phncdn.com/videos/202605/25/50054985/original/(m=eaf8GgaaaWavb)(mh=GEg9H_v2LU3_vcoL)12.jpg;https://ei.phncdn.com/videos/202605/25/50054985/original/(m=eaf8GgaaaWavb)(mh=GEg9H_v2LU3_vcoL)13.jpg;https://ei.phncdn.com/videos/202605/25/50054985/original/(m=eaf8GgaaaWavb)(mh=GEg9H_v2LU3_vcoL)14.jpg;https://ei.phncdn.com/videos/202605/25/50054985/original/(m=eaf8GgaaaWavb)(mh=GEg9H_v2LU3_vcoL)15.jpg;https://ei.phncdn.com/videos/202605/25/50054985/original/(m=eaf8GgaaaWavb)(mh=GEg9H_v2LU3_vcoL)16.jpg|Tattooed thighs spread wide while she touches herself|cute;ginger;lingerie;big-ass;schoolgirl;new;joi;curly;small;tattoo;vertical-porn;closeup;blowjob;college;redhead;rough|Casting;Verified Amateurs;Solo Female;Tattooed Women||12|31|||https://ei.phncdn.com/videos/202605/25/50054985/original/(m=eaAaGwObaaamqv)(mh=wMrzlJB3MZHwcfb5)12.jpg|https://ei.phncdn.com/videos/202605/25/50054985/original/(m=eaAaGwObaaamqv)(mh=wMrzlJB3MZHwcfb5)1.jpg;https://ei.phncdn.com/videos/202605/25/50054985/original/(m=eaAaGwObaaamqv)(mh=wMrzlJB3MZHwcfb5)2.jpg;https://ei.phncdn.com/videos/202605/25/50054985/original/(m=eaAaGwObaaamqv)(mh=wMrzlJB3MZHwcfb5)3.jpg;https://ei.phncdn.com/videos/202605/25/50054985/original/(m=eaAaGwObaaamqv)(mh=wMrzlJB3MZHwcfb5)4.jpg;https://ei.phncdn.com/videos/202605/25/50054985/original/(m=eaAaGwObaaamqv)(mh=wMrzlJB3MZHwcfb5)5.jpg;https://ei.phncdn.com/videos/202605/25/50054985/original/(m=eaAaGwObaaamqv)(mh=wMrzlJB3MZHwcfb5)6.jpg;https://ei.phncdn.com/videos/202605/25/50054985/original/(m=eaAaGwObaaamqv)(mh=wMrzlJB3MZHwcfb5)7.jpg;https://ei.phncdn.com/videos/202605/25/50054985/original/(m=eaAaGwObaaamqv)(mh=wMrzlJB3MZHwcfb5)8.jpg;https://ei.phncdn.com/videos/202605/25/50054985/original/(m=eaAaGwObaaamqv)(mh=wMrzlJB3MZHwcfb5)9.jpg;https://ei.phncdn.com/videos/202605/25/50054985/original/(m=eaAaGwObaaamqv)(mh=wMrzlJB3MZHwcfb5)10.jpg;https://ei.phncdn.com/videos/202605/25/50054985/original/(m=eaAaGwObaaamqv)(mh=wMrzlJB3MZHwcfb5)11.jpg;https://ei.phncdn.com/videos/202605/25/50054985/original/(m=eaAaGwObaaamqv)(mh=wMrzlJB3MZHwcfb5)12.jpg;https://ei.phncdn.com/videos/202605/25/50054985/original/(m=eaAaGwObaaamqv)(mh=wMrzlJB3MZHwcfb5)13.jpg;https://ei.phncdn.com/videos/202605/25/50054985/original/(m=eaAaGwObaaamqv)(mh=wMrzlJB3MZHwcfb5)14.jpg;https://ei.phncdn.com/videos/202605/25/50054985/original/(m=eaAaGwObaaamqv)(mh=wMrzlJB3MZHwcfb5)15.jpg;https://ei.phncdn.com/videos/202605/25/50054985/original/(m=eaAaGwObaaamqv)(mh=wMrzlJB3MZHwcfb5)16.jpg
<iframe src="https://www.pornhub.com/embed/6a18b9d9ea949" frameborder="0" height="481" width="608" scrolling="no"></iframe>|https://ei.phncdn.com/videos/202605/28/50468965/original/(m=eaf8GgaaaWavb)(mh=adzLnXAlJnFE4AYy)12.jpg|https://ei.phncdn.com/videos/202605/28/50468965/original/(m=eaf8GgaaaWavb)(mh=adzLnXAlJnFE4AYy)1.jpg;https://ei.phncdn.com/videos/202605/28/50468965/original/(m=eaf8GgaaaWavb)(mh=adzLnXAlJnFE4AYy)2.jpg;https://ei.phncdn.com/videos/202605/28/50468965/original/(m=eaf8GgaaaWavb)(mh=adzLnXAlJnFE4AYy)3.jpg;https://ei.phncdn.com/videos/202605/28/50468965/original/(m=eaf8GgaaaWavb)(mh=adzLnXAlJnFE4AYy)4.jpg;https://ei.phncdn.com/videos/202605/28/50468965/original/(m=eaf8GgaaaWavb)(mh=adzLnXAlJnFE4AYy)5.jpg;https://ei.phncdn.com/videos/202605/28/50468965/original/(m=eaf8GgaaaWavb)(mh=adzLnXAlJnFE4AYy)6.jpg;https://ei.phncdn.com/videos/202605/28/50468965/original/(m=eaf8GgaaaWavb)(mh=adzLnXAlJnFE4AYy)7.jpg;https://ei.phncdn.com/videos/202605/28/50468965/original/(m=eaf8GgaaaWavb)(mh=adzLnXAlJnFE4AYy)8.jpg;https://ei.phncdn.com/videos/202605/28/50468965/original/(m=eaf8GgaaaWavb)(mh=adzLnXAlJnFE4AYy)9.jpg;https://ei.phncdn.com/videos/202605/28/50468965/original/(m=eaf8GgaaaWavb)(mh=adzLnXAlJnFE4AYy)10.jpg;https://ei.phncdn.com/videos/202605/28/50468965/original/(m=eaf8GgaaaWavb)(mh=adzLnXAlJnFE4AYy)11.jpg;https://ei.phncdn.com/videos/202605/28/50468965/original/(m=eaf8GgaaaWavb)(mh=adzLnXAlJnFE4AYy)12.jpg;https://ei.phncdn.com/videos/202605/28/50468965/original/(m=eaf8GgaaaWavb)(mh=adzLnXAlJnFE4AYy)13.jpg;https://ei.phncdn.com/videos/202605/28/50468965/original/(m=eaf8GgaaaWavb)(mh=adzLnXAlJnFE4AYy)14.jpg;https://ei.phncdn.com/videos/202605/28/50468965/original/(m=eaf8GgaaaWavb)(mh=adzLnXAlJnFE4AYy)15.jpg;https://ei.phncdn.com/videos/202605/28/50468965/original/(m=eaf8GgaaaWavb)(mh=adzLnXAlJnFE4AYy)16.jpg|Mi amigo sale a la tienda y me follo Asu mujer en el baño|hd-pornos;mejor-porno-casero|Casting;Verified Amateurs;Podcast||216|764|2|0|https://ei.phncdn.com/videos/202605/28/50468965/original/(m=eaAaGwObaaamqv)(mh=WwWXMJv9tmtkNCDt)12.jpg|https://ei.phncdn.com/videos/202605/28/50468965/original/(m=eaAaGwObaaamqv)(mh=WwWXMJv9tmtkNCDt)1.jpg;https://ei.phncdn.com/videos/202605/28/50468965/original/(m=eaAaGwObaaamqv)(mh=WwWXMJv9tmtkNCDt)2.jpg;https://ei.phncdn.com/videos/202605/28/50468965/original/(m=eaAaGwObaaamqv)(mh=WwWXMJv9tmtkNCDt)3.jpg;https://ei.phncdn.com/videos/202605/28/50468965/original/(m=eaAaGwObaaamqv)(mh=WwWXMJv9tmtkNCDt)4.jpg;https://ei.phncdn.com/videos/202605/28/50468965/original/(m=eaAaGwObaaamqv)(mh=WwWXMJv9tmtkNCDt)5.jpg;https://ei.phncdn.com/videos/202605/28/50468965/original/(m=eaAaGwObaaamqv)(mh=WwWXMJv9tmtkNCDt)6.jpg;https://ei.phncdn.com/videos/202605/28/50468965/original/(m=eaAaGwObaaamqv)(mh=WwWXMJv9tmtkNCDt)7.jpg;https://ei.phncdn.com/videos/202605/28/50468965/original/(m=eaAaGwObaaamqv)(mh=WwWXMJv9tmtkNCDt)8.jpg;https://ei.phncdn.com/videos/202605/28/50468965/original/(m=eaAaGwObaaamqv)(mh=WwWXMJv9tmtkNCDt)9.jpg;https://ei.phncdn.com/videos/202605/28/50468965/original/(m=eaAaGwObaaamqv)(mh=WwWXMJv9tmtkNCDt)10.jpg;https://ei.phncdn.com/videos/202605/28/50468965/original/(m=eaAaGwObaaamqv)(mh=WwWXMJv9tmtkNCDt)11.jpg;https://ei.phncdn.com/videos/202605/28/50468965/original/(m=eaAaGwObaaamqv)(mh=WwWXMJv9tmtkNCDt)12.jpg;https://ei.phncdn.com/videos/202605/28/50468965/original/(m=eaAaGwObaaamqv)(mh=WwWXMJv9tmtkNCDt)13.jpg;https://ei.phncdn.com/videos/202605/28/50468965/original/(m=eaAaGwObaaamqv)(mh=WwWXMJv9tmtkNCDt)14.jpg;https://ei.phncdn.com/videos/202605/28/50468965/original/(m=eaAaGwObaaamqv)(mh=WwWXMJv9tmtkNCDt)15.jpg;https://ei.phncdn.com/videos/202605/28/50468965/original/(m=eaAaGwObaaamqv)(mh=WwWXMJv9tmtkNCDt)16.jpg
<iframe src="https://www.pornhub.com/embed/6a3ab33c9eed1" frameborder="0" height="481" width="608" scrolling="no"></iframe>|https://ei.phncdn.com/videos/202606/23/53165075/original/(m=eaf8GgaaaWavb)(mh=fIqNJIWS0EE6Gl47)12.jpg|https://ei.phncdn.com/videos/202606/23/53165075/original/(m=eaf8GgaaaWavb)(mh=fIqNJIWS0EE6Gl47)1.jpg;https://ei.phncdn.com/videos/202606/23/53165075/original/(m=eaf8GgaaaWavb)(mh=fIqNJIWS0EE6Gl47)2.jpg;https://ei.phncdn.com/videos/202606/23/53165075/original/(m=eaf8GgaaaWavb)(mh=fIqNJIWS0EE6Gl47)3.jpg;https://ei.phncdn.com/videos/202606/23/53165075/original/(m=eaf8GgaaaWavb)(mh=fIqNJIWS0EE6Gl47)4.jpg;https://ei.phncdn.com/videos/202606/23/53165075/original/(m=eaf8GgaaaWavb)(mh=fIqNJIWS0EE6Gl47)5.jpg;https://ei.phncdn.com/videos/202606/23/53165075/original/(m=eaf8GgaaaWavb)(mh=fIqNJIWS0EE6Gl47)6.jpg;https://ei.phncdn.com/videos/202606/23/53165075/original/(m=eaf8GgaaaWavb)(mh=fIqNJIWS0EE6Gl47)7.jpg;https://ei.phncdn.com/videos/202606/23/53165075/original/(m=eaf8GgaaaWavb)(mh=fIqNJIWS0EE6Gl47)8.jpg;https://ei.phncdn.com/videos/202606/23/53165075/original/(m=eaf8GgaaaWavb)(mh=fIqNJIWS0EE6Gl47)9.jpg;https://ei.phncdn.com/videos/202606/23/53165075/original/(m=eaf8GgaaaWavb)(mh=fIqNJIWS0EE6Gl47)10.jpg;https://ei.phncdn.com/videos/202606/23/53165075/original/(m=eaf8GgaaaWavb)(mh=fIqNJIWS0EE6Gl47)11.jpg;https://ei.phncdn.com/videos/202606/23/53165075/original/(m=eaf8GgaaaWavb)(mh=fIqNJIWS0EE6Gl47)12.jpg;https://ei.phncdn.com/videos/202606/23/53165075/original/(m=eaf8GgaaaWavb)(mh=fIqNJIWS0EE6Gl47)13.jpg;https://ei.phncdn.com/videos/202606/23/53165075/original/(m=eaf8GgaaaWavb)(mh=fIqNJIWS0EE6Gl47)14.jpg;https://ei.phncdn.com/videos/202606/23/53165075/original/(m=eaf8GgaaaWavb)(mh=fIqNJIWS0EE6Gl47)15.jpg;https://ei.phncdn.com/videos/202606/23/53165075/original/(m=eaf8GgaaaWavb)(mh=fIqNJIWS0EE6Gl47)16.jpg|Thick thighs spread wide, ass begging to be touched 😇|slut;college;perfect-body;cosplay;homemade;vertical-porn|Casting;Verified Amateurs;Solo Female||6|16|6|0|https://ei.phncdn.com/videos/202606/23/53165075/original/(m=eaAaGwObaaamqv)(mh=Qcz_nb2vcoh6HLHs)12.jpg|https://ei.phncdn.com/videos/202606/23/53165075/original/(m=eaAaGwObaaamqv)(mh=Qcz_nb2vcoh6HLHs)1.jpg;https://ei.phncdn.com/videos/202606/23/53165075/original/(m=eaAaGwObaaamqv)(mh=Qcz_nb2vcoh6HLHs)2.jpg;https://ei.phncdn.com/videos/202606/23/53165075/original/(m=eaAaGwObaaamqv)(mh=Qcz_nb2vcoh6HLHs)3.jpg;https://ei.phncdn.com/videos/202606/23/53165075/original/(m=eaAaGwObaaamqv)(mh=Qcz_nb2vcoh6HLHs)4.jpg;https://ei.phncdn.com/videos/202606/23/53165075/original/(m=eaAaGwObaaamqv)(mh=Qcz_nb2vcoh6HLHs)5.jpg;https://ei.phncdn.com/videos/202606/23/53165075/original/(m=eaAaGwObaaamqv)(mh=Qcz_nb2vcoh6HLHs)6.jpg;https://ei.phncdn.com/videos/202606/23/53165075/original/(m=eaAaGwObaaamqv)(mh=Qcz_nb2vcoh6HLHs)7.jpg;https://ei.phncdn.com/videos/202606/23/53165075/original/(m=eaAaGwObaaamqv)(mh=Qcz_nb2vcoh6HLHs)8.jpg;https://ei.phncdn.com/videos/202606/23/53165075/original/(m=eaAaGwObaaamqv)(mh=Qcz_nb2vcoh6HLHs)9.jpg;https://ei.phncdn.com/videos/202606/23/53165075/original/(m=eaAaGwObaaamqv)(mh=Qcz_nb2vcoh6HLHs)10.jpg;https://ei.phncdn.com/videos/202606/23/53165075/original/(m=eaAaGwObaaamqv)(mh=Qcz_nb2vcoh6HLHs)11.jpg;https://ei.phncdn.com/videos/202606/23/53165075/original/(m=eaAaGwObaaamqv)(mh=Qcz_nb2vcoh6HLHs)12.jpg;https://ei.phncdn.com/videos/202606/23/53165075/original/(m=eaAaGwObaaamqv)(mh=Qcz_nb2vcoh6HLHs)13.jpg;https://ei.phncdn.com/videos/202606/23/53165075/original/(m=eaAaGwObaaamqv)(mh=Qcz_nb2vcoh6HLHs)14.jpg;https://ei.phncdn.com/videos/202606/23/53165075/original/(m=eaAaGwObaaamqv)(mh=Qcz_nb2vcoh6HLHs)15.jpg;https://ei.phncdn.com/videos/202606/23/53165075/original/(m=eaAaGwObaaamqv)(mh=Qcz_nb2vcoh6HLHs)16.jpg
<iframe src="https://www.pornhub.com/embed/6a3abba0863ac" frameborder="0" height="481" width="608" scrolling="no"></iframe>|https://ei.phncdn.com/videos/202606/23/53168745/original/(m=eaf8GgaaaWavb)(mh=f1ohyHY3zB2cjoFT)12.jpg|https://ei.phncdn.com/videos/202606/23/53168745/original/(m=eaf8GgaaaWavb)(mh=f1ohyHY3zB2cjoFT)1.jpg;https://ei.phncdn.com/videos/202606/23/53168745/original/(m=eaf8GgaaaWavb)(mh=f1ohyHY3zB2cjoFT)2.jpg;https://ei.phncdn.com/videos/202606/23/53168745/original/(m=eaf8GgaaaWavb)(mh=f1ohyHY3zB2cjoFT)3.jpg;https://ei.phncdn.com/videos/202606/23/53168745/original/(m=eaf8GgaaaWavb)(mh=f1ohyHY3zB2cjoFT)4.jpg;https://ei.phncdn.com/videos/202606/23/53168745/original/(m=eaf8GgaaaWavb)(mh=f1ohyHY3zB2cjoFT)5.jpg;https://ei.phncdn.com/videos/202606/23/53168745/original/(m=eaf8GgaaaWavb)(mh=f1ohyHY3zB2cjoFT)6.jpg;https://ei.phncdn.com/videos/202606/23/53168745/original/(m=eaf8GgaaaWavb)(mh=f1ohyHY3zB2cjoFT)7.jpg;https://ei.phncdn.com/videos/202606/23/53168745/original/(m=eaf8GgaaaWavb)(mh=f1ohyHY3zB2cjoFT)8.jpg;https://ei.phncdn.com/videos/202606/23/53168745/original/(m=eaf8GgaaaWavb)(mh=f1ohyHY3zB2cjoFT)9.jpg;https://ei.phncdn.com/videos/202606/23/53168745/original/(m=eaf8GgaaaWavb)(mh=f1ohyHY3zB2cjoFT)10.jpg;https://ei.phncdn.com/videos/202606/23/53168745/original/(m=eaf8GgaaaWavb)(mh=f1ohyHY3zB2cjoFT)11.jpg;https://ei.phncdn.com/videos/202606/23/53168745/original/(m=eaf8GgaaaWavb)(mh=f1ohyHY3zB2cjoFT)12.jpg;https://ei.phncdn.com/videos/202606/23/53168745/original/(m=eaf8GgaaaWavb)(mh=f1ohyHY3zB2cjoFT)13.jpg;https://ei.phncdn.com/videos/202606/23/53168745/original/(m=eaf8GgaaaWavb)(mh=f1ohyHY3zB2cjoFT)14.jpg;https://ei.phncdn.com/videos/202606/23/53168745/original/(m=eaf8GgaaaWavb)(mh=f1ohyHY3zB2cjoFT)15.jpg;https://ei.phncdn.com/videos/202606/23/53168745/original/(m=eaf8GgaaaWavb)(mh=f1ohyHY3zB2cjoFT)16.jpg|Nipples hard, fingers teasing her wet slit 😈|cheating;rough;skinny;goth|Casting;Exclusive;Verified Amateurs;Solo Female||12|26|2|0|https://ei.phncdn.com/videos/202606/23/53168745/original/(m=eaAaGwObaaamqv)(mh=gF5qkbZ53eMqKeKN)12.jpg|https://ei.phncdn.com/videos/202606/23/53168745/original/(m=eaAaGwObaaamqv)(mh=gF5qkbZ53eMqKeKN)1.jpg;https://ei.phncdn.com/videos/202606/23/53168745/original/(m=eaAaGwObaaamqv)(mh=gF5qkbZ53eMqKeKN)2.jpg;https://ei.phncdn.com/videos/202606/23/53168745/original/(m=eaAaGwObaaamqv)(mh=gF5qkbZ53eMqKeKN)3.jpg;https://ei.phncdn.com/videos/202606/23/53168745/original/(m=eaAaGwObaaamqv)(mh=gF5qkbZ53eMqKeKN)4.jpg;https://ei.phncdn.com/videos/202606/23/53168745/original/(m=eaAaGwObaaamqv)(mh=gF5qkbZ53eMqKeKN)5.jpg;https://ei.phncdn.com/videos/202606/23/53168745/original/(m=eaAaGwObaaamqv)(mh=gF5qkbZ53eMqKeKN)6.jpg;https://ei.phncdn.com/videos/202606/23/53168745/original/(m=eaAaGwObaaamqv)(mh=gF5qkbZ53eMqKeKN)7.jpg;https://ei.phncdn.com/videos/202606/23/53168745/original/(m=eaAaGwObaaamqv)(mh=gF5qkbZ53eMqKeKN)8.jpg;https://ei.phncdn.com/videos/202606/23/53168745/original/(m=eaAaGwObaaamqv)(mh=gF5qkbZ53eMqKeKN)9.jpg;https://ei.phncdn.com/videos/202606/23/53168745/original/(m=eaAaGwObaaamqv)(mh=gF5qkbZ53eMqKeKN)10.jpg;https://ei.phncdn.com/videos/202606/23/53168745/original/(m=eaAaGwObaaamqv)(mh=gF5qkbZ53eMqKeKN)11.jpg;https://ei.phncdn.com/videos/202606/23/53168745/original/(m=eaAaGwObaaamqv)(mh=gF5qkbZ53eMqKeKN)12.jpg;https://ei.phncdn.com/videos/202606/23/53168745/original/(m=eaAaGwObaaamqv)(mh=gF5qkbZ53eMqKeKN)13.jpg;https://ei.phncdn.com/videos/202606/23/53168745/original/(m=eaAaGwObaaamqv)(mh=gF5qkbZ53eMqKeKN)14.jpg;https://ei.phncdn.com/videos/202606/23/53168745/original/(m=eaAaGwObaaamqv)(mh=gF5qkbZ53eMqKeKN)15.jpg;https://ei.phncdn.com/videos/202606/23/53168745/original/(m=eaAaGwObaaamqv)(mh=gF5qkbZ53eMqKeKN)16.jpg
<iframe src="https://www.pornhub.com/embed/6a3b4c1b0b7a1" frameborder="0" height="481" width="608" scrolling="no"></iframe>|https://ei.phncdn.com/videos/202606/24/53214955/original/(m=eaf8GgaaaWavb)(mh=kxPpUaCcWwShCzLb)12.jpg|https://ei.phncdn.com/videos/202606/24/53214955/original/(m=eaf8GgaaaWavb)(mh=kxPpUaCcWwShCzLb)1.jpg;https://ei.phncdn.com/videos/202606/24/53214955/original/(m=eaf8GgaaaWavb)(mh=kxPpUaCcWwShCzLb)2.jpg;https://ei.phncdn.com/videos/202606/24/53214955/original/(m=eaf8GgaaaWavb)(mh=kxPpUaCcWwShCzLb)3.jpg;https://ei.phncdn.com/videos/202606/24/53214955/original/(m=eaf8GgaaaWavb)(mh=kxPpUaCcWwShCzLb)4.jpg;https://ei.phncdn.com/videos/202606/24/53214955/original/(m=eaf8GgaaaWavb)(mh=kxPpUaCcWwShCzLb)5.jpg;https://ei.phncdn.com/videos/202606/24/53214955/original/(m=eaf8GgaaaWavb)(mh=kxPpUaCcWwShCzLb)6.jpg;https://ei.phncdn.com/videos/202606/24/53214955/original/(m=eaf8GgaaaWavb)(mh=kxPpUaCcWwShCzLb)7.jpg;https://ei.phncdn.com/videos/202606/24/53214955/original/(m=eaf8GgaaaWavb)(mh=kxPpUaCcWwShCzLb)8.jpg;https://ei.phncdn.com/videos/202606/24/53214955/original/(m=eaf8GgaaaWavb)(mh=kxPpUaCcWwShCzLb)9.jpg;https://ei.phncdn.com/videos/202606/24/53214955/original/(m=eaf8GgaaaWavb)(mh=kxPpUaCcWwShCzLb)10.jpg;https://ei.phncdn.com/videos/202606/24/53214955/original/(m=eaf8GgaaaWavb)(mh=kxPpUaCcWwShCzLb)11.jpg;https://ei.phncdn.com/videos/202606/24/53214955/original/(m=eaf8GgaaaWavb)(mh=kxPpUaCcWwShCzLb)12.jpg;https://ei.phncdn.com/videos/202606/24/53214955/original/(m=eaf8GgaaaWavb)(mh=kxPpUaCcWwShCzLb)13.jpg;https://ei.phncdn.com/videos/202606/24/53214955/original/(m=eaf8GgaaaWavb)(mh=kxPpUaCcWwShCzLb)14.jpg;https://ei.phncdn.com/videos/202606/24/53214955/original/(m=eaf8GgaaaWavb)(mh=kxPpUaCcWwShCzLb)15.jpg;https://ei.phncdn.com/videos/202606/24/53214955/original/(m=eaf8GgaaaWavb)(mh=kxPpUaCcWwShCzLb)16.jpg|You gonna make me cum with that?|new;homemade;brunette;onlyfans|Casting;Russian;Verified Amateurs;Solo Female||12|43|1|0|https://ei.phncdn.com/videos/202606/24/53214955/original/(m=eaAaGwObaaamqv)(mh=E40P72lrBhnvL5il)12.jpg|https://ei.phncdn.com/videos/202606/24/53214955/original/(m=eaAaGwObaaamqv)(mh=E40P72lrBhnvL5il)1.jpg;https://ei.phncdn.com/videos/202606/24/53214955/original/(m=eaAaGwObaaamqv)(mh=E40P72lrBhnvL5il)2.jpg;https://ei.phncdn.com/videos/202606/24/53214955/original/(m=eaAaGwObaaamqv)(mh=E40P72lrBhnvL5il)3.jpg;https://ei.phncdn.com/videos/202606/24/53214955/original/(m=eaAaGwObaaamqv)(mh=E40P72lrBhnvL5il)4.jpg;https://ei.phncdn.com/videos/202606/24/53214955/original/(m=eaAaGwObaaamqv)(mh=E40P72lrBhnvL5il)5.jpg;https://ei.phncdn.com/videos/202606/24/53214955/original/(m=eaAaGwObaaamqv)(mh=E40P72lrBhnvL5il)6.jpg;https://ei.phncdn.com/videos/202606/24/53214955/original/(m=eaAaGwObaaamqv)(mh=E40P72lrBhnvL5il)7.jpg;https://ei.phncdn.com/videos/202606/24/53214955/original/(m=eaAaGwObaaamqv)(mh=E40P72lrBhnvL5il)8.jpg;https://ei.phncdn.com/videos/202606/24/53214955/original/(m=eaAaGwObaaamqv)(mh=E40P72lrBhnvL5il)9.jpg;https://ei.phncdn.com/videos/202606/24/53214955/original/(m=eaAaGwObaaamqv)(mh=E40P72lrBhnvL5il)10.jpg;https://ei.phncdn.com/videos/202606/24/53214955/original/(m=eaAaGwObaaamqv)(mh=E40P72lrBhnvL5il)11.jpg;https://ei.phncdn.com/videos/202606/24/53214955/original/(m=eaAaGwObaaamqv)(mh=E40P72lrBhnvL5il)12.jpg;https://ei.phncdn.com/videos/202606/24/53214955/original/(m=eaAaGwObaaamqv)(mh=E40P72lrBhnvL5il)13.jpg;https://ei.phncdn.com/videos/202606/24/53214955/original/(m=eaAaGwObaaamqv)(mh=E40P72lrBhnvL5il)14.jpg;https://ei.phncdn.com/videos/202606/24/53214955/original/(m=eaAaGwObaaamqv)(mh=E40P72lrBhnvL5il)15.jpg;https://ei.phncdn.com/videos/202606/24/53214955/original/(m=eaAaGwObaaamqv)(mh=E40P72lrBhnvL5il)16.jpg
<iframe src="https://www.pornhub.com/embed/6a3b5188baa8b" frameborder="0" height="481" width="608" scrolling="no"></iframe>|https://ei.phncdn.com/videos/202606/24/53216165/original/(m=eaf8GgaaaWavb)(mh=0Wzc3wih9LT1fdQI)12.jpg|https://ei.phncdn.com/videos/202606/24/53216165/original/(m=eaf8GgaaaWavb)(mh=0Wzc3wih9LT1fdQI)1.jpg;https://ei.phncdn.com/videos/202606/24/53216165/original/(m=eaf8GgaaaWavb)(mh=0Wzc3wih9LT1fdQI)2.jpg;https://ei.phncdn.com/videos/202606/24/53216165/original/(m=eaf8GgaaaWavb)(mh=0Wzc3wih9LT1fdQI)3.jpg;https://ei.phncdn.com/videos/202606/24/53216165/original/(m=eaf8GgaaaWavb)(mh=0Wzc3wih9LT1fdQI)4.jpg;https://ei.phncdn.com/videos/202606/24/53216165/original/(m=eaf8GgaaaWavb)(mh=0Wzc3wih9LT1fdQI)5.jpg;https://ei.phncdn.com/videos/202606/24/53216165/original/(m=eaf8GgaaaWavb)(mh=0Wzc3wih9LT1fdQI)6.jpg;https://ei.phncdn.com/videos/202606/24/53216165/original/(m=eaf8GgaaaWavb)(mh=0Wzc3wih9LT1fdQI)7.jpg;https://ei.phncdn.com/videos/202606/24/53216165/original/(m=eaf8GgaaaWavb)(mh=0Wzc3wih9LT1fdQI)8.jpg;https://ei.phncdn.com/videos/202606/24/53216165/original/(m=eaf8GgaaaWavb)(mh=0Wzc3wih9LT1fdQI)9.jpg;https://ei.phncdn.com/videos/202606/24/53216165/original/(m=eaf8GgaaaWavb)(mh=0Wzc3wih9LT1fdQI)10.jpg;https://ei.phncdn.com/videos/202606/24/53216165/original/(m=eaf8GgaaaWavb)(mh=0Wzc3wih9LT1fdQI)11.jpg;https://ei.phncdn.com/videos/202606/24/53216165/original/(m=eaf8GgaaaWavb)(mh=0Wzc3wih9LT1fdQI)12.jpg;https://ei.phncdn.com/videos/202606/24/53216165/original/(m=eaf8GgaaaWavb)(mh=0Wzc3wih9LT1fdQI)13.jpg;https://ei.phncdn.com/videos/202606/24/53216165/original/(m=eaf8GgaaaWavb)(mh=0Wzc3wih9LT1fdQI)14.jpg;https://ei.phncdn.com/videos/202606/24/53216165/original/(m=eaf8GgaaaWavb)(mh=0Wzc3wih9LT1fdQI)15.jpg;https://ei.phncdn.com/videos/202606/24/53216165/original/(m=eaf8GgaaaWavb)(mh=0Wzc3wih9LT1fdQI)16.jpg|Thick ass spread wide and ready now 👅|onlyfans;vertical-porn;popular;joi;closeup;slut;lingerie|Casting;Verified Amateurs;Cosplay;Solo Female;Romantic||12|169|7|0|https://ei.phncdn.com/videos/202606/24/53216165/original/(m=eaAaGwObaaamqv)(mh=3o7sWCrrGiSUuCHV)12.jpg|https://ei.phncdn.com/videos/202606/24/53216165/original/(m=eaAaGwObaaamqv)(mh=3o7sWCrrGiSUuCHV)1.jpg;https://ei.phncdn.com/videos/202606/24/53216165/original/(m=eaAaGwObaaamqv)(mh=3o7sWCrrGiSUuCHV)2.jpg;https://ei.phncdn.com/videos/202606/24/53216165/original/(m=eaAaGwObaaamqv)(mh=3o7sWCrrGiSUuCHV)3.jpg;https://ei.phncdn.com/videos/202606/24/53216165/original/(m=eaAaGwObaaamqv)(mh=3o7sWCrrGiSUuCHV)4.jpg;https://ei.phncdn.com/videos/202606/24/53216165/original/(m=eaAaGwObaaamqv)(mh=3o7sWCrrGiSUuCHV)5.jpg;https://ei.phncdn.com/videos/202606/24/53216165/original/(m=eaAaGwObaaamqv)(mh=3o7sWCrrGiSUuCHV)6.jpg;https://ei.phncdn.com/videos/202606/24/53216165/original/(m=eaAaGwObaaamqv)(mh=3o7sWCrrGiSUuCHV)7.jpg;https://ei.phncdn.com/videos/202606/24/53216165/original/(m=eaAaGwObaaamqv)(mh=3o7sWCrrGiSUuCHV)8.jpg;https://ei.phncdn.com/videos/202606/24/53216165/original/(m=eaAaGwObaaamqv)(mh=3o7sWCrrGiSUuCHV)9.jpg;https://ei.phncdn.com/videos/202606/24/53216165/original/(m=eaAaGwObaaamqv)(mh=3o7sWCrrGiSUuCHV)10.jpg;https://ei.phncdn.com/videos/202606/24/53216165/original/(m=eaAaGwObaaamqv)(mh=3o7sWCrrGiSUuCHV)11.jpg;https://ei.phncdn.com/videos/202606/24/53216165/original/(m=eaAaGwObaaamqv)(mh=3o7sWCrrGiSUuCHV)12.jpg;https://ei.phncdn.com/videos/202606/24/53216165/original/(m=eaAaGwObaaamqv)(mh=3o7sWCrrGiSUuCHV)13.jpg;https://ei.phncdn.com/videos/202606/24/53216165/original/(m=eaAaGwObaaamqv)(mh=3o7sWCrrGiSUuCHV)14.jpg;https://ei.phncdn.com/videos/202606/24/53216165/original/(m=eaAaGwObaaamqv)(mh=3o7sWCrrGiSUuCHV)15.jpg;https://ei.phncdn.com/videos/202606/24/53216165/original/(m=eaAaGwObaaamqv)(mh=3o7sWCrrGiSUuCHV)16.jpg
<iframe src="https://www.pornhub.com/embed/6a3be78e58ee5" frameborder="0" height="481" width="608" scrolling="no"></iframe>|https://ei.phncdn.com/videos/202606/24/53256365/original/(m=eaf8GgaaaWavb)(mh=wAAh1SHuVVslTZlS)12.jpg|https://ei.phncdn.com/videos/202606/24/53256365/original/(m=eaf8GgaaaWavb)(mh=wAAh1SHuVVslTZlS)1.jpg;https://ei.phncdn.com/videos/202606/24/53256365/original/(m=eaf8GgaaaWavb)(mh=wAAh1SHuVVslTZlS)2.jpg;https://ei.phncdn.com/videos/202606/24/53256365/original/(m=eaf8GgaaaWavb)(mh=wAAh1SHuVVslTZlS)3.jpg;https://ei.phncdn.com/videos/202606/24/53256365/original/(m=eaf8GgaaaWavb)(mh=wAAh1SHuVVslTZlS)4.jpg;https://ei.phncdn.com/videos/202606/24/53256365/original/(m=eaf8GgaaaWavb)(mh=wAAh1SHuVVslTZlS)5.jpg;https://ei.phncdn.com/videos/202606/24/53256365/original/(m=eaf8GgaaaWavb)(mh=wAAh1SHuVVslTZlS)6.jpg;https://ei.phncdn.com/videos/202606/24/53256365/original/(m=eaf8GgaaaWavb)(mh=wAAh1SHuVVslTZlS)7.jpg;https://ei.phncdn.com/videos/202606/24/53256365/original/(m=eaf8GgaaaWavb)(mh=wAAh1SHuVVslTZlS)8.jpg;https://ei.phncdn.com/videos/202606/24/53256365/original/(m=eaf8GgaaaWavb)(mh=wAAh1SHuVVslTZlS)9.jpg;https://ei.phncdn.com/videos/202606/24/53256365/original/(m=eaf8GgaaaWavb)(mh=wAAh1SHuVVslTZlS)10.jpg;https://ei.phncdn.com/videos/202606/24/53256365/original/(m=eaf8GgaaaWavb)(mh=wAAh1SHuVVslTZlS)11.jpg;https://ei.phncdn.com/videos/202606/24/53256365/original/(m=eaf8GgaaaWavb)(mh=wAAh1SHuVVslTZlS)12.jpg;https://ei.phncdn.com/videos/202606/24/53256365/original/(m=eaf8GgaaaWavb)(mh=wAAh1SHuVVslTZlS)13.jpg;https://ei.phncdn.com/videos/202606/24/53256365/original/(m=eaf8GgaaaWavb)(mh=wAAh1SHuVVslTZlS)14.jpg;https://ei.phncdn.com/videos/202606/24/53256365/original/(m=eaf8GgaaaWavb)(mh=wAAh1SHuVVslTZlS)15.jpg;https://ei.phncdn.com/videos/202606/24/53256365/original/(m=eaf8GgaaaWavb)(mh=wAAh1SHuVVslTZlS)16.jpg|Wet pussy spread wide on wooden floor 🥰|anal;homemade;college;e-girl;solo-female;pov;blowjob;busty|Casting;Verified Amateurs;Solo Female;Female Orgasm||13|91|10|0|https://ei.phncdn.com/videos/202606/24/53256365/original/(m=eaAaGwObaaamqv)(mh=I2dRm7-uZjpXUR9W)12.jpg|https://ei.phncdn.com/videos/202606/24/53256365/original/(m=eaAaGwObaaamqv)(mh=I2dRm7-uZjpXUR9W)1.jpg;https://ei.phncdn.com/videos/202606/24/53256365/original/(m=eaAaGwObaaamqv)(mh=I2dRm7-uZjpXUR9W)2.jpg;https://ei.phncdn.com/videos/202606/24/53256365/original/(m=eaAaGwObaaamqv)(mh=I2dRm7-uZjpXUR9W)3.jpg;https://ei.phncdn.com/videos/202606/24/53256365/original/(m=eaAaGwObaaamqv)(mh=I2dRm7-uZjpXUR9W)4.jpg;https://ei.phncdn.com/videos/202606/24/53256365/original/(m=eaAaGwObaaamqv)(mh=I2dRm7-uZjpXUR9W)5.jpg;https://ei.phncdn.com/videos/202606/24/53256365/original/(m=eaAaGwObaaamqv)(mh=I2dRm7-uZjpXUR9W)6.jpg;https://ei.phncdn.com/videos/202606/24/53256365/original/(m=eaAaGwObaaamqv)(mh=I2dRm7-uZjpXUR9W)7.jpg;https://ei.phncdn.com/videos/202606/24/53256365/original/(m=eaAaGwObaaamqv)(mh=I2dRm7-uZjpXUR9W)8.jpg;https://ei.phncdn.com/videos/202606/24/53256365/original/(m=eaAaGwObaaamqv)(mh=I2dRm7-uZjpXUR9W)9.jpg;https://ei.phncdn.com/videos/202606/24/53256365/original/(m=eaAaGwObaaamqv)(mh=I2dRm7-uZjpXUR9W)10.jpg;https://ei.phncdn.com/videos/202606/24/53256365/original/(m=eaAaGwObaaamqv)(mh=I2dRm7-uZjpXUR9W)11.jpg;https://ei.phncdn.com/videos/202606/24/53256365/original/(m=eaAaGwObaaamqv)(mh=I2dRm7-uZjpXUR9W)12.jpg;https://ei.phncdn.com/videos/202606/24/53256365/original/(m=eaAaGwObaaamqv)(mh=I2dRm7-uZjpXUR9W)13.jpg;https://ei.phncdn.com/videos/202606/24/53256365/original/(m=eaAaGwObaaamqv)(mh=I2dRm7-uZjpXUR9W)14.jpg;https://ei.phncdn.com/videos/202606/24/53256365/original/(m=eaAaGwObaaamqv)(mh=I2dRm7-uZjpXUR9W)15.jpg;https://ei.phncdn.com/videos/202606/24/53256365/original/(m=eaAaGwObaaamqv)(mh=I2dRm7-uZjpXUR9W)16.jpg
<iframe src="https://www.pornhub.com/embed/6a3c71029afca" frameborder="0" height="481" width="608" scrolling="no"></iframe>|https://ei.phncdn.com/videos/202606/25/53305125/original/(m=eaf8GgaaaWavb)(mh=8-sHkpls_nvMUMMs)12.jpg|https://ei.phncdn.com/videos/202606/25/53305125/original/(m=eaf8GgaaaWavb)(mh=8-sHkpls_nvMUMMs)1.jpg;https://ei.phncdn.com/videos/202606/25/53305125/original/(m=eaf8GgaaaWavb)(mh=8-sHkpls_nvMUMMs)2.jpg;https://ei.phncdn.com/videos/202606/25/53305125/original/(m=eaf8GgaaaWavb)(mh=8-sHkpls_nvMUMMs)3.jpg;https://ei.phncdn.com/videos/202606/25/53305125/original/(m=eaf8GgaaaWavb)(mh=8-sHkpls_nvMUMMs)4.jpg;https://ei.phncdn.com/videos/202606/25/53305125/original/(m=eaf8GgaaaWavb)(mh=8-sHkpls_nvMUMMs)5.jpg;https://ei.phncdn.com/videos/202606/25/53305125/original/(m=eaf8GgaaaWavb)(mh=8-sHkpls_nvMUMMs)6.jpg;https://ei.phncdn.com/videos/202606/25/53305125/original/(m=eaf8GgaaaWavb)(mh=8-sHkpls_nvMUMMs)7.jpg;https://ei.phncdn.com/videos/202606/25/53305125/original/(m=eaf8GgaaaWavb)(mh=8-sHkpls_nvMUMMs)8.jpg;https://ei.phncdn.com/videos/202606/25/53305125/original/(m=eaf8GgaaaWavb)(mh=8-sHkpls_nvMUMMs)9.jpg;https://ei.phncdn.com/videos/202606/25/53305125/original/(m=eaf8GgaaaWavb)(mh=8-sHkpls_nvMUMMs)10.jpg;https://ei.phncdn.com/videos/202606/25/53305125/original/(m=eaf8GgaaaWavb)(mh=8-sHkpls_nvMUMMs)11.jpg;https://ei.phncdn.com/videos/202606/25/53305125/original/(m=eaf8GgaaaWavb)(mh=8-sHkpls_nvMUMMs)12.jpg;https://ei.phncdn.com/videos/202606/25/53305125/original/(m=eaf8GgaaaWavb)(mh=8-sHkpls_nvMUMMs)13.jpg;https://ei.phncdn.com/videos/202606/25/53305125/original/(m=eaf8GgaaaWavb)(mh=8-sHkpls_nvMUMMs)14.jpg;https://ei.phncdn.com/videos/202606/25/53305125/original/(m=eaf8GgaaaWavb)(mh=8-sHkpls_nvMUMMs)15.jpg;https://ei.phncdn.com/videos/202606/25/53305125/original/(m=eaf8GgaaaWavb)(mh=8-sHkpls_nvMUMMs)16.jpg|Fuck me hard till I beg for more 🤤|small;anal;ginger;tattoo;skinny|Casting;Verified Amateurs;Solo Female;Romantic||13|13|1|0|https://ei.phncdn.com/videos/202606/25/53305125/original/(m=eaAaGwObaaamqv)(mh=SWT5vHeqhZC87nP5)12.jpg|https://ei.phncdn.com/videos/202606/25/53305125/original/(m=eaAaGwObaaamqv)(mh=SWT5vHeqhZC87nP5)1.jpg;https://ei.phncdn.com/videos/202606/25/53305125/original/(m=eaAaGwObaaamqv)(mh=SWT5vHeqhZC87nP5)2.jpg;https://ei.phncdn.com/videos/202606/25/53305125/original/(m=eaAaGwObaaamqv)(mh=SWT5vHeqhZC87nP5)3.jpg;https://ei.phncdn.com/videos/202606/25/53305125/original/(m=eaAaGwObaaamqv)(mh=SWT5vHeqhZC87nP5)4.jpg;https://ei.phncdn.com/videos/202606/25/53305125/original/(m=eaAaGwObaaamqv)(mh=SWT5vHeqhZC87nP5)5.jpg;https://ei.phncdn.com/videos/202606/25/53305125/original/(m=eaAaGwObaaamqv)(mh=SWT5vHeqhZC87nP5)6.jpg;https://ei.phncdn.com/videos/202606/25/53305125/original/(m=eaAaGwObaaamqv)(mh=SWT5vHeqhZC87nP5)7.jpg;https://ei.phncdn.com/videos/202606/25/53305125/original/(m=eaAaGwObaaamqv)(mh=SWT5vHeqhZC87nP5)8.jpg;https://ei.phncdn.com/videos/202606/25/53305125/original/(m=eaAaGwObaaamqv)(mh=SWT5vHeqhZC87nP5)9.jpg;https://ei.phncdn.com/videos/202606/25/53305125/original/(m=eaAaGwObaaamqv)(mh=SWT5vHeqhZC87nP5)10.jpg;https://ei.phncdn.com/videos/202606/25/53305125/original/(m=eaAaGwObaaamqv)(mh=SWT5vHeqhZC87nP5)11.jpg;https://ei.phncdn.com/videos/202606/25/53305125/original/(m=eaAaGwObaaamqv)(mh=SWT5vHeqhZC87nP5)12.jpg;https://ei.phncdn.com/videos/202606/25/53305125/original/(m=eaAaGwObaaamqv)(mh=SWT5vHeqhZC87nP5)13.jpg;https://ei.phncdn.com/videos/202606/25/53305125/original/(m=eaAaGwObaaamqv)(mh=SWT5vHeqhZC87nP5)14.jpg;https://ei.phncdn.com/videos/202606/25/53305125/original/(m=eaAaGwObaaamqv)(mh=SWT5vHeqhZC87nP5)15.jpg;https://ei.phncdn.com/videos/202606/25/53305125/original/(m=eaAaGwObaaamqv)(mh=SWT5vHeqhZC87nP5)16.jpg
<iframe src="https://www.pornhub.com/embed/6a3c85d82ac21" frameborder="0" height="481" width="608" scrolling="no"></iframe>|https://ei.phncdn.com/videos/202606/25/53312655/original/(m=eaf8GgaaaWavb)(mh=hM_DGD1_mqXOP4td)12.jpg|https://ei.phncdn.com/videos/202606/25/53312655/original/(m=eaf8GgaaaWavb)(mh=hM_DGD1_mqXOP4td)1.jpg;https://ei.phncdn.com/videos/202606/25/53312655/original/(m=eaf8GgaaaWavb)(mh=hM_DGD1_mqXOP4td)2.jpg;https://ei.phncdn.com/videos/202606/25/53312655/original/(m=eaf8GgaaaWavb)(mh=hM_DGD1_mqXOP4td)3.jpg;https://ei.phncdn.com/videos/202606/25/53312655/original/(m=eaf8GgaaaWavb)(mh=hM_DGD1_mqXOP4td)4.jpg;https://ei.phncdn.com/videos/202606/25/53312655/original/(m=eaf8GgaaaWavb)(mh=hM_DGD1_mqXOP4td)5.jpg;https://ei.phncdn.com/videos/202606/25/53312655/original/(m=eaf8GgaaaWavb)(mh=hM_DGD1_mqXOP4td)6.jpg;https://ei.phncdn.com/videos/202606/25/53312655/original/(m=eaf8GgaaaWavb)(mh=hM_DGD1_mqXOP4td)7.jpg;https://ei.phncdn.com/videos/202606/25/53312655/original/(m=eaf8GgaaaWavb)(mh=hM_DGD1_mqXOP4td)8.jpg;https://ei.phncdn.com/videos/202606/25/53312655/original/(m=eaf8GgaaaWavb)(mh=hM_DGD1_mqXOP4td)9.jpg;https://ei.phncdn.com/videos/202606/25/53312655/original/(m=eaf8GgaaaWavb)(mh=hM_DGD1_mqXOP4td)10.jpg;https://ei.phncdn.com/videos/202606/25/53312655/original/(m=eaf8GgaaaWavb)(mh=hM_DGD1_mqXOP4td)11.jpg;https://ei.phncdn.com/videos/202606/25/53312655/original/(m=eaf8GgaaaWavb)(mh=hM_DGD1_mqXOP4td)12.jpg;https://ei.phncdn.com/videos/202606/25/53312655/original/(m=eaf8GgaaaWavb)(mh=hM_DGD1_mqXOP4td)13.jpg;https://ei.phncdn.com/videos/202606/25/53312655/original/(m=eaf8GgaaaWavb)(mh=hM_DGD1_mqXOP4td)14.jpg;https://ei.phncdn.com/videos/202606/25/53312655/original/(m=eaf8GgaaaWavb)(mh=hM_DGD1_mqXOP4td)15.jpg;https://ei.phncdn.com/videos/202606/25/53312655/original/(m=eaf8GgaaaWavb)(mh=hM_DGD1_mqXOP4td)16.jpg|Tattooed fingers hold phone, lace reveals curves 🤤|skinny;teenage;tiktok;closeup;student|Casting;Verified Amateurs;Solo Female;Gaming||7|5|1|0|https://ei.phncdn.com/videos/202606/25/53312655/original/(m=eaAaGwObaaamqv)(mh=tStuBkU9I1ERZXJg)12.jpg|https://ei.phncdn.com/videos/202606/25/53312655/original/(m=eaAaGwObaaamqv)(mh=tStuBkU9I1ERZXJg)1.jpg;https://ei.phncdn.com/videos/202606/25/53312655/original/(m=eaAaGwObaaamqv)(mh=tStuBkU9I1ERZXJg)2.jpg;https://ei.phncdn.com/videos/202606/25/53312655/original/(m=eaAaGwObaaamqv)(mh=tStuBkU9I1ERZXJg)3.jpg;https://ei.phncdn.com/videos/202606/25/53312655/original/(m=eaAaGwObaaamqv)(mh=tStuBkU9I1ERZXJg)4.jpg;https://ei.phncdn.com/videos/202606/25/53312655/original/(m=eaAaGwObaaamqv)(mh=tStuBkU9I1ERZXJg)5.jpg;https://ei.phncdn.com/videos/202606/25/53312655/original/(m=eaAaGwObaaamqv)(mh=tStuBkU9I1ERZXJg)6.jpg;https://ei.phncdn.com/videos/202606/25/53312655/original/(m=eaAaGwObaaamqv)(mh=tStuBkU9I1ERZXJg)7.jpg;https://ei.phncdn.com/videos/202606/25/53312655/original/(m=eaAaGwObaaamqv)(mh=tStuBkU9I1ERZXJg)8.jpg;https://ei.phncdn.com/videos/202606/25/53312655/original/(m=eaAaGwObaaamqv)(mh=tStuBkU9I1ERZXJg)9.jpg;https://ei.phncdn.com/videos/202606/25/53312655/original/(m=eaAaGwObaaamqv)(mh=tStuBkU9I1ERZXJg)10.jpg;https://ei.phncdn.com/videos/202606/25/53312655/original/(m=eaAaGwObaaamqv)(mh=tStuBkU9I1ERZXJg)11.jpg;https://ei.phncdn.com/videos/202606/25/53312655/original/(m=eaAaGwObaaamqv)(mh=tStuBkU9I1ERZXJg)12.jpg;https://ei.phncdn.com/videos/202606/25/53312655/original/(m=eaAaGwObaaamqv)(mh=tStuBkU9I1ERZXJg)13.jpg;https://ei.phncdn.com/videos/202606/25/53312655/original/(m=eaAaGwObaaamqv)(mh=tStuBkU9I1ERZXJg)14.jpg;https://ei.phncdn.com/videos/202606/25/53312655/original/(m=eaAaGwObaaamqv)(mh=tStuBkU9I1ERZXJg)15.jpg;https://ei.phncdn.com/videos/202606/25/53312655/original/(m=eaAaGwObaaamqv)(mh=tStuBkU9I1ERZXJg)16.jpg
<iframe src="https://www.pornhub.com/embed/6a3d1d8c18b6d" frameborder="0" height="481" width="608" scrolling="no"></iframe>|https://ei.phncdn.com/videos/202606/25/53352815/original/(m=eaf8GgaaaWavb)(mh=wBLcblVgHhOcOuDf)12.jpg|https://ei.phncdn.com/videos/202606/25/53352815/original/(m=eaf8GgaaaWavb)(mh=wBLcblVgHhOcOuDf)1.jpg;https://ei.phncdn.com/videos/202606/25/53352815/original/(m=eaf8GgaaaWavb)(mh=wBLcblVgHhOcOuDf)2.jpg;https://ei.phncdn.com/videos/202606/25/53352815/original/(m=eaf8GgaaaWavb)(mh=wBLcblVgHhOcOuDf)3.jpg;https://ei.phncdn.com/videos/202606/25/53352815/original/(m=eaf8GgaaaWavb)(mh=wBLcblVgHhOcOuDf)4.jpg;https://ei.phncdn.com/videos/202606/25/53352815/original/(m=eaf8GgaaaWavb)(mh=wBLcblVgHhOcOuDf)5.jpg;https://ei.phncdn.com/videos/202606/25/53352815/original/(m=eaf8GgaaaWavb)(mh=wBLcblVgHhOcOuDf)6.jpg;https://ei.phncdn.com/videos/202606/25/53352815/original/(m=eaf8GgaaaWavb)(mh=wBLcblVgHhOcOuDf)7.jpg;https://ei.phncdn.com/videos/202606/25/53352815/original/(m=eaf8GgaaaWavb)(mh=wBLcblVgHhOcOuDf)8.jpg;https://ei.phncdn.com/videos/202606/25/53352815/original/(m=eaf8GgaaaWavb)(mh=wBLcblVgHhOcOuDf)9.jpg;https://ei.phncdn.com/videos/202606/25/53352815/original/(m=eaf8GgaaaWavb)(mh=wBLcblVgHhOcOuDf)10.jpg;https://ei.phncdn.com/videos/202606/25/53352815/original/(m=eaf8GgaaaWavb)(mh=wBLcblVgHhOcOuDf)11.jpg;https://ei.phncdn.com/videos/202606/25/53352815/original/(m=eaf8GgaaaWavb)(mh=wBLcblVgHhOcOuDf)12.jpg;https://ei.phncdn.com/videos/202606/25/53352815/original/(m=eaf8GgaaaWavb)(mh=wBLcblVgHhOcOuDf)13.jpg;https://ei.phncdn.com/videos/202606/25/53352815/original/(m=eaf8GgaaaWavb)(mh=wBLcblVgHhOcOuDf)14.jpg;https://ei.phncdn.com/videos/202606/25/53352815/original/(m=eaf8GgaaaWavb)(mh=wBLcblVgHhOcOuDf)15.jpg;https://ei.phncdn.com/videos/202606/25/53352815/original/(m=eaf8GgaaaWavb)(mh=wBLcblVgHhOcOuDf)16.jpg|Wanna fuck my wet pussy right now? 💗|lingerie;solo-female;small;homemade;amateur;skinny|Casting;Verified Amateurs;Solo Female;Tattooed Women||12|63|3|0|https://ei.phncdn.com/videos/202606/25/53352815/original/(m=eaAaGwObaaamqv)(mh=FcHvE9R0xOaSkZjn)12.jpg|https://ei.phncdn.com/videos/202606/25/53352815/original/(m=eaAaGwObaaamqv)(mh=FcHvE9R0xOaSkZjn)1.jpg;https://ei.phncdn.com/videos/202606/25/53352815/original/(m=eaAaGwObaaamqv)(mh=FcHvE9R0xOaSkZjn)2.jpg;https://ei.phncdn.com/videos/202606/25/53352815/original/(m=eaAaGwObaaamqv)(mh=FcHvE9R0xOaSkZjn)3.jpg;https://ei.phncdn.com/videos/202606/25/53352815/original/(m=eaAaGwObaaamqv)(mh=FcHvE9R0xOaSkZjn)4.jpg;https://ei.phncdn.com/videos/202606/25/53352815/original/(m=eaAaGwObaaamqv)(mh=FcHvE9R0xOaSkZjn)5.jpg;https://ei.phncdn.com/videos/202606/25/53352815/original/(m=eaAaGwObaaamqv)(mh=FcHvE9R0xOaSkZjn)6.jpg;https://ei.phncdn.com/videos/202606/25/53352815/original/(m=eaAaGwObaaamqv)(mh=FcHvE9R0xOaSkZjn)7.jpg;https://ei.phncdn.com/videos/202606/25/53352815/original/(m=eaAaGwObaaamqv)(mh=FcHvE9R0xOaSkZjn)8.jpg;https://ei.phncdn.com/videos/202606/25/53352815/original/(m=eaAaGwObaaamqv)(mh=FcHvE9R0xOaSkZjn)9.jpg;https://ei.phncdn.com/videos/202606/25/53352815/original/(m=eaAaGwObaaamqv)(mh=FcHvE9R0xOaSkZjn)10.jpg;https://ei.phncdn.com/videos/202606/25/53352815/original/(m=eaAaGwObaaamqv)(mh=FcHvE9R0xOaSkZjn)11.jpg;https://ei.phncdn.com/videos/202606/25/53352815/original/(m=eaAaGwObaaamqv)(mh=FcHvE9R0xOaSkZjn)12.jpg;https://ei.phncdn.com/videos/202606/25/53352815/original/(m=eaAaGwObaaamqv)(mh=FcHvE9R0xOaSkZjn)13.jpg;https://ei.phncdn.com/videos/202606/25/53352815/original/(m=eaAaGwObaaamqv)(mh=FcHvE9R0xOaSkZjn)14.jpg;https://ei.phncdn.com/videos/202606/25/53352815/original/(m=eaAaGwObaaamqv)(mh=FcHvE9R0xOaSkZjn)15.jpg;https://ei.phncdn.com/videos/202606/25/53352815/original/(m=eaAaGwObaaamqv)(mh=FcHvE9R0xOaSkZjn)16.jpg
<iframe src="https://www.pornhub.com/embed/6a435534b474c" frameborder="0" height="481" width="608" scrolling="no"></iframe>|https://ei.phncdn.com/videos/202606/30/53930945/original/(m=eaf8GgaaaWavb)(mh=IJZIpsOKq0yblfgT)12.jpg|https://ei.phncdn.com/videos/202606/30/53930945/original/(m=eaf8GgaaaWavb)(mh=IJZIpsOKq0yblfgT)1.jpg;https://ei.phncdn.com/videos/202606/30/53930945/original/(m=eaf8GgaaaWavb)(mh=IJZIpsOKq0yblfgT)2.jpg;https://ei.phncdn.com/videos/202606/30/53930945/original/(m=eaf8GgaaaWavb)(mh=IJZIpsOKq0yblfgT)3.jpg;https://ei.phncdn.com/videos/202606/30/53930945/original/(m=eaf8GgaaaWavb)(mh=IJZIpsOKq0yblfgT)4.jpg;https://ei.phncdn.com/videos/202606/30/53930945/original/(m=eaf8GgaaaWavb)(mh=IJZIpsOKq0yblfgT)5.jpg;https://ei.phncdn.com/videos/202606/30/53930945/original/(m=eaf8GgaaaWavb)(mh=IJZIpsOKq0yblfgT)6.jpg;https://ei.phncdn.com/videos/202606/30/53930945/original/(m=eaf8GgaaaWavb)(mh=IJZIpsOKq0yblfgT)7.jpg;https://ei.phncdn.com/videos/202606/30/53930945/original/(m=eaf8GgaaaWavb)(mh=IJZIpsOKq0yblfgT)8.jpg;https://ei.phncdn.com/videos/202606/30/53930945/original/(m=eaf8GgaaaWavb)(mh=IJZIpsOKq0yblfgT)9.jpg;https://ei.phncdn.com/videos/202606/30/53930945/original/(m=eaf8GgaaaWavb)(mh=IJZIpsOKq0yblfgT)10.jpg;https://ei.phncdn.com/videos/202606/30/53930945/original/(m=eaf8GgaaaWavb)(mh=IJZIpsOKq0yblfgT)11.jpg;https://ei.phncdn.com/videos/202606/30/53930945/original/(m=eaf8GgaaaWavb)(mh=IJZIpsOKq0yblfgT)12.jpg;https://ei.phncdn.com/videos/202606/30/53930945/original/(m=eaf8GgaaaWavb)(mh=IJZIpsOKq0yblfgT)13.jpg;https://ei.phncdn.com/videos/202606/30/53930945/original/(m=eaf8GgaaaWavb)(mh=IJZIpsOKq0yblfgT)14.jpg;https://ei.phncdn.com/videos/202606/30/53930945/original/(m=eaf8GgaaaWavb)(mh=IJZIpsOKq0yblfgT)15.jpg;https://ei.phncdn.com/videos/202606/30/53930945/original/(m=eaf8GgaaaWavb)(mh=IJZIpsOKq0yblfgT)16.jpg|Big tits heaving as she moans softly 🍆|shaved-pussy;schoolgirl;alt-girl;tiktok|Casting;Czech;Verified Amateurs;Solo Female||9|11|||https://ei.phncdn.com/videos/202606/30/53930945/original/(m=eaAaGwObaaamqv)(mh=DUfbGQL5xvUYI_ih)12.jpg|https://ei.phncdn.com/videos/202606/30/53930945/original/(m=eaAaGwObaaamqv)(mh=DUfbGQL5xvUYI_ih)1.jpg;https://ei.phncdn.com/videos/202606/30/53930945/original/(m=eaAaGwObaaamqv)(mh=DUfbGQL5xvUYI_ih)2.jpg;https://ei.phncdn.com/videos/202606/30/53930945/original/(m=eaAaGwObaaamqv)(mh=DUfbGQL5xvUYI_ih)3.jpg;https://ei.phncdn.com/videos/202606/30/53930945/original/(m=eaAaGwObaaamqv)(mh=DUfbGQL5xvUYI_ih)4.jpg;https://ei.phncdn.com/videos/202606/30/53930945/original/(m=eaAaGwObaaamqv)(mh=DUfbGQL5xvUYI_ih)5.jpg;https://ei.phncdn.com/videos/202606/30/53930945/original/(m=eaAaGwObaaamqv)(mh=DUfbGQL5xvUYI_ih)6.jpg;https://ei.phncdn.com/videos/202606/30/53930945/original/(m=eaAaGwObaaamqv)(mh=DUfbGQL5xvUYI_ih)7.jpg;https://ei.phncdn.com/videos/202606/30/53930945/original/(m=eaAaGwObaaamqv)(mh=DUfbGQL5xvUYI_ih)8.jpg;https://ei.phncdn.com/videos/202606/30/53930945/original/(m=eaAaGwObaaamqv)(mh=DUfbGQL5xvUYI_ih)9.jpg;https://ei.phncdn.com/videos/202606/30/53930945/original/(m=eaAaGwObaaamqv)(mh=DUfbGQL5xvUYI_ih)10.jpg;https://ei.phncdn.com/videos/202606/30/53930945/original/(m=eaAaGwObaaamqv)(mh=DUfbGQL5xvUYI_ih)11.jpg;https://ei.phncdn.com/videos/202606/30/53930945/original/(m=eaAaGwObaaamqv)(mh=DUfbGQL5xvUYI_ih)12.jpg;https://ei.phncdn.com/videos/202606/30/53930945/original/(m=eaAaGwObaaamqv)(mh=DUfbGQL5xvUYI_ih)13.jpg;https://ei.phncdn.com/videos/202606/30/53930945/original/(m=eaAaGwObaaamqv)(mh=DUfbGQL5xvUYI_ih)14.jpg;https://ei.phncdn.com/videos/202606/30/53930945/original/(m=eaAaGwObaaamqv)(mh=DUfbGQL5xvUYI_ih)15.jpg;https://ei.phncdn.com/videos/202606/30/53930945/original/(m=eaAaGwObaaamqv)(mh=DUfbGQL5xvUYI_ih)16.jpg
<iframe src="https://www.pornhub.com/embed/6a45369c38467" frameborder="0" height="481" width="608" scrolling="no"></iframe>|https://ei.phncdn.com/videos/202607/01/54092815/original/(m=eaf8GgaaaWavb)(mh=nneUO83Eek-TI1Ls)12.jpg|https://ei.phncdn.com/videos/202607/01/54092815/original/(m=eaf8GgaaaWavb)(mh=nneUO83Eek-TI1Ls)1.jpg;https://ei.phncdn.com/videos/202607/01/54092815/original/(m=eaf8GgaaaWavb)(mh=nneUO83Eek-TI1Ls)2.jpg;https://ei.phncdn.com/videos/202607/01/54092815/original/(m=eaf8GgaaaWavb)(mh=nneUO83Eek-TI1Ls)3.jpg;https://ei.phncdn.com/videos/202607/01/54092815/original/(m=eaf8GgaaaWavb)(mh=nneUO83Eek-TI1Ls)4.jpg;https://ei.phncdn.com/videos/202607/01/54092815/original/(m=eaf8GgaaaWavb)(mh=nneUO83Eek-TI1Ls)5.jpg;https://ei.phncdn.com/videos/202607/01/54092815/original/(m=eaf8GgaaaWavb)(mh=nneUO83Eek-TI1Ls)6.jpg;https://ei.phncdn.com/videos/202607/01/54092815/original/(m=eaf8GgaaaWavb)(mh=nneUO83Eek-TI1Ls)7.jpg;https://ei.phncdn.com/videos/202607/01/54092815/original/(m=eaf8GgaaaWavb)(mh=nneUO83Eek-TI1Ls)8.jpg;https://ei.phncdn.com/videos/202607/01/54092815/original/(m=eaf8GgaaaWavb)(mh=nneUO83Eek-TI1Ls)9.jpg;https://ei.phncdn.com/videos/202607/01/54092815/original/(m=eaf8GgaaaWavb)(mh=nneUO83Eek-TI1Ls)10.jpg;https://ei.phncdn.com/videos/202607/01/54092815/original/(m=eaf8GgaaaWavb)(mh=nneUO83Eek-TI1Ls)11.jpg;https://ei.phncdn.com/videos/202607/01/54092815/original/(m=eaf8GgaaaWavb)(mh=nneUO83Eek-TI1Ls)12.jpg;https://ei.phncdn.com/videos/202607/01/54092815/original/(m=eaf8GgaaaWavb)(mh=nneUO83Eek-TI1Ls)13.jpg;https://ei.phncdn.com/videos/202607/01/54092815/original/(m=eaf8GgaaaWavb)(mh=nneUO83Eek-TI1Ls)14.jpg;https://ei.phncdn.com/videos/202607/01/54092815/original/(m=eaf8GgaaaWavb)(mh=nneUO83Eek-TI1Ls)15.jpg;https://ei.phncdn.com/videos/202607/01/54092815/original/(m=eaf8GgaaaWavb)(mh=nneUO83Eek-TI1Ls)16.jpg|Tattooed girl moans loud while touching herself 🍆|onlyfans;blonde;stockings;dildo;natural-tits;student;new;lingerie|Casting;Verified Amateurs;Solo Female;Female Orgasm;Romantic||12|56|1|0|https://ei.phncdn.com/videos/202607/01/54092815/original/(m=eaAaGwObaaamqv)(mh=yKantzaRJKzbz4b5)12.jpg|https://ei.phncdn.com/videos/202607/01/54092815/original/(m=eaAaGwObaaamqv)(mh=yKantzaRJKzbz4b5)1.jpg;https://ei.phncdn.com/videos/202607/01/54092815/original/(m=eaAaGwObaaamqv)(mh=yKantzaRJKzbz4b5)2.jpg;https://ei.phncdn.com/videos/202607/01/54092815/original/(m=eaAaGwObaaamqv)(mh=yKantzaRJKzbz4b5)3.jpg;https://ei.phncdn.com/videos/202607/01/54092815/original/(m=eaAaGwObaaamqv)(mh=yKantzaRJKzbz4b5)4.jpg;https://ei.phncdn.com/videos/202607/01/54092815/original/(m=eaAaGwObaaamqv)(mh=yKantzaRJKzbz4b5)5.jpg;https://ei.phncdn.com/videos/202607/01/54092815/original/(m=eaAaGwObaaamqv)(mh=yKantzaRJKzbz4b5)6.jpg;https://ei.phncdn.com/videos/202607/01/54092815/original/(m=eaAaGwObaaamqv)(mh=yKantzaRJKzbz4b5)7.jpg;https://ei.phncdn.com/videos/202607/01/54092815/original/(m=eaAaGwObaaamqv)(mh=yKantzaRJKzbz4b5)8.jpg;https://ei.phncdn.com/videos/202607/01/54092815/original/(m=eaAaGwObaaamqv)(mh=yKantzaRJKzbz4b5)9.jpg;https://ei.phncdn.com/videos/202607/01/54092815/original/(m=eaAaGwObaaamqv)(mh=yKantzaRJKzbz4b5)10.jpg;https://ei.phncdn.com/videos/202607/01/54092815/original/(m=eaAaGwObaaamqv)(mh=yKantzaRJKzbz4b5)11.jpg;https://ei.phncdn.com/videos/202607/01/54092815/original/(m=eaAaGwObaaamqv)(mh=yKantzaRJKzbz4b5)12.jpg;https://ei.phncdn.com/videos/202607/01/54092815/original/(m=eaAaGwObaaamqv)(mh=yKantzaRJKzbz4b5)13.jpg;https://ei.phncdn.com/videos/202607/01/54092815/original/(m=eaAaGwObaaamqv)(mh=yKantzaRJKzbz4b5)14.jpg;https://ei.phncdn.com/videos/202607/01/54092815/original/(m=eaAaGwObaaamqv)(mh=yKantzaRJKzbz4b5)15.jpg;https://ei.phncdn.com/videos/202607/01/54092815/original/(m=eaAaGwObaaamqv)(mh=yKantzaRJKzbz4b5)16.jpg
<iframe src="https://www.pornhub.com/embed/6a45f94951254" frameborder="0" height="481" width="608" scrolling="no"></iframe>|https://ei.phncdn.com/videos/202607/02/54155155/original/(m=eaf8GgaaaWavb)(mh=7Z0R9HeQdVIhmDw2)12.jpg|https://ei.phncdn.com/videos/202607/02/54155155/original/(m=eaf8GgaaaWavb)(mh=7Z0R9HeQdVIhmDw2)1.jpg;https://ei.phncdn.com/videos/202607/02/54155155/original/(m=eaf8GgaaaWavb)(mh=7Z0R9HeQdVIhmDw2)2.jpg;https://ei.phncdn.com/videos/202607/02/54155155/original/(m=eaf8GgaaaWavb)(mh=7Z0R9HeQdVIhmDw2)3.jpg;https://ei.phncdn.com/videos/202607/02/54155155/original/(m=eaf8GgaaaWavb)(mh=7Z0R9HeQdVIhmDw2)4.jpg;https://ei.phncdn.com/videos/202607/02/54155155/original/(m=eaf8GgaaaWavb)(mh=7Z0R9HeQdVIhmDw2)5.jpg;https://ei.phncdn.com/videos/202607/02/54155155/original/(m=eaf8GgaaaWavb)(mh=7Z0R9HeQdVIhmDw2)6.jpg;https://ei.phncdn.com/videos/202607/02/54155155/original/(m=eaf8GgaaaWavb)(mh=7Z0R9HeQdVIhmDw2)7.jpg;https://ei.phncdn.com/videos/202607/02/54155155/original/(m=eaf8GgaaaWavb)(mh=7Z0R9HeQdVIhmDw2)8.jpg;https://ei.phncdn.com/videos/202607/02/54155155/original/(m=eaf8GgaaaWavb)(mh=7Z0R9HeQdVIhmDw2)9.jpg;https://ei.phncdn.com/videos/202607/02/54155155/original/(m=eaf8GgaaaWavb)(mh=7Z0R9HeQdVIhmDw2)10.jpg;https://ei.phncdn.com/videos/202607/02/54155155/original/(m=eaf8GgaaaWavb)(mh=7Z0R9HeQdVIhmDw2)11.jpg;https://ei.phncdn.com/videos/202607/02/54155155/original/(m=eaf8GgaaaWavb)(mh=7Z0R9HeQdVIhmDw2)12.jpg;https://ei.phncdn.com/videos/202607/02/54155155/original/(m=eaf8GgaaaWavb)(mh=7Z0R9HeQdVIhmDw2)13.jpg;https://ei.phncdn.com/videos/202607/02/54155155/original/(m=eaf8GgaaaWavb)(mh=7Z0R9HeQdVIhmDw2)14.jpg;https://ei.phncdn.com/videos/202607/02/54155155/original/(m=eaf8GgaaaWavb)(mh=7Z0R9HeQdVIhmDw2)15.jpg;https://ei.phncdn.com/videos/202607/02/54155155/original/(m=eaf8GgaaaWavb)(mh=7Z0R9HeQdVIhmDw2)16.jpg|Curvy redhead bends over showing everything 🥰|emo;anal;teenage|Casting;Verified Amateurs;Solo Female;Gaming||5|4|||https://ei.phncdn.com/videos/202607/02/54155155/original/(m=eaAaGwObaaamqv)(mh=n1P9db-nY6O5EsIO)12.jpg|https://ei.phncdn.com/videos/202607/02/54155155/original/(m=eaAaGwObaaamqv)(mh=n1P9db-nY6O5EsIO)1.jpg;https://ei.phncdn.com/videos/202607/02/54155155/original/(m=eaAaGwObaaamqv)(mh=n1P9db-nY6O5EsIO)2.jpg;https://ei.phncdn.com/videos/202607/02/54155155/original/(m=eaAaGwObaaamqv)(mh=n1P9db-nY6O5EsIO)3.jpg;https://ei.phncdn.com/videos/202607/02/54155155/original/(m=eaAaGwObaaamqv)(mh=n1P9db-nY6O5EsIO)4.jpg;https://ei.phncdn.com/videos/202607/02/54155155/original/(m=eaAaGwObaaamqv)(mh=n1P9db-nY6O5EsIO)5.jpg;https://ei.phncdn.com/videos/202607/02/54155155/original/(m=eaAaGwObaaamqv)(mh=n1P9db-nY6O5EsIO)6.jpg;https://ei.phncdn.com/videos/202607/02/54155155/original/(m=eaAaGwObaaamqv)(mh=n1P9db-nY6O5EsIO)7.jpg;https://ei.phncdn.com/videos/202607/02/54155155/original/(m=eaAaGwObaaamqv)(mh=n1P9db-nY6O5EsIO)8.jpg;https://ei.phncdn.com/videos/202607/02/54155155/original/(m=eaAaGwObaaamqv)(mh=n1P9db-nY6O5EsIO)9.jpg;https://ei.phncdn.com/videos/202607/02/54155155/original/(m=eaAaGwObaaamqv)(mh=n1P9db-nY6O5EsIO)10.jpg;https://ei.phncdn.com/videos/202607/02/54155155/original/(m=eaAaGwObaaamqv)(mh=n1P9db-nY6O5EsIO)11.jpg;https://ei.phncdn.com/videos/202607/02/54155155/original/(m=eaAaGwObaaamqv)(mh=n1P9db-nY6O5EsIO)12.jpg;https://ei.phncdn.com/videos/202607/02/54155155/original/(m=eaAaGwObaaamqv)(mh=n1P9db-nY6O5EsIO)13.jpg;https://ei.phncdn.com/videos/202607/02/54155155/original/(m=eaAaGwObaaamqv)(mh=n1P9db-nY6O5EsIO)14.jpg;https://ei.phncdn.com/videos/202607/02/54155155/original/(m=eaAaGwObaaamqv)(mh=n1P9db-nY6O5EsIO)15.jpg;https://ei.phncdn.com/videos/202607/02/54155155/original/(m=eaAaGwObaaamqv)(mh=n1P9db-nY6O5EsIO)16.jpg
<iframe src="https://www.pornhub.com/embed/6a469aef44983" frameborder="0" height="481" width="608" scrolling="no"></iframe>|https://ei.phncdn.com/videos/202607/02/54205015/original/(m=eaf8GgaaaWavb)(mh=wK68ecogrxkdJpOW)12.jpg|https://ei.phncdn.com/videos/202607/02/54205015/original/(m=eaf8GgaaaWavb)(mh=wK68ecogrxkdJpOW)1.jpg;https://ei.phncdn.com/videos/202607/02/54205015/original/(m=eaf8GgaaaWavb)(mh=wK68ecogrxkdJpOW)2.jpg;https://ei.phncdn.com/videos/202607/02/54205015/original/(m=eaf8GgaaaWavb)(mh=wK68ecogrxkdJpOW)3.jpg;https://ei.phncdn.com/videos/202607/02/54205015/original/(m=eaf8GgaaaWavb)(mh=wK68ecogrxkdJpOW)4.jpg;https://ei.phncdn.com/videos/202607/02/54205015/original/(m=eaf8GgaaaWavb)(mh=wK68ecogrxkdJpOW)5.jpg;https://ei.phncdn.com/videos/202607/02/54205015/original/(m=eaf8GgaaaWavb)(mh=wK68ecogrxkdJpOW)6.jpg;https://ei.phncdn.com/videos/202607/02/54205015/original/(m=eaf8GgaaaWavb)(mh=wK68ecogrxkdJpOW)7.jpg;https://ei.phncdn.com/videos/202607/02/54205015/original/(m=eaf8GgaaaWavb)(mh=wK68ecogrxkdJpOW)8.jpg;https://ei.phncdn.com/videos/202607/02/54205015/original/(m=eaf8GgaaaWavb)(mh=wK68ecogrxkdJpOW)9.jpg;https://ei.phncdn.com/videos/202607/02/54205015/original/(m=eaf8GgaaaWavb)(mh=wK68ecogrxkdJpOW)10.jpg;https://ei.phncdn.com/videos/202607/02/54205015/original/(m=eaf8GgaaaWavb)(mh=wK68ecogrxkdJpOW)11.jpg;https://ei.phncdn.com/videos/202607/02/54205015/original/(m=eaf8GgaaaWavb)(mh=wK68ecogrxkdJpOW)12.jpg;https://ei.phncdn.com/videos/202607/02/54205015/original/(m=eaf8GgaaaWavb)(mh=wK68ecogrxkdJpOW)13.jpg;https://ei.phncdn.com/videos/202607/02/54205015/original/(m=eaf8GgaaaWavb)(mh=wK68ecogrxkdJpOW)14.jpg;https://ei.phncdn.com/videos/202607/02/54205015/original/(m=eaf8GgaaaWavb)(mh=wK68ecogrxkdJpOW)15.jpg;https://ei.phncdn.com/videos/202607/02/54205015/original/(m=eaf8GgaaaWavb)(mh=wK68ecogrxkdJpOW)16.jpg|You gonna eat me out slow? 🤫|anal;solo-female;tiktok;student;lingerie|Casting;Verified Amateurs;Solo Female;Female Orgasm||12|45|1|0|https://ei.phncdn.com/videos/202607/02/54205015/original/(m=eaAaGwObaaamqv)(mh=9tGZCQ-a10Mrf3mp)12.jpg|https://ei.phncdn.com/videos/202607/02/54205015/original/(m=eaAaGwObaaamqv)(mh=9tGZCQ-a10Mrf3mp)1.jpg;https://ei.phncdn.com/videos/202607/02/54205015/original/(m=eaAaGwObaaamqv)(mh=9tGZCQ-a10Mrf3mp)2.jpg;https://ei.phncdn.com/videos/202607/02/54205015/original/(m=eaAaGwObaaamqv)(mh=9tGZCQ-a10Mrf3mp)3.jpg;https://ei.phncdn.com/videos/202607/02/54205015/original/(m=eaAaGwObaaamqv)(mh=9tGZCQ-a10Mrf3mp)4.jpg;https://ei.phncdn.com/videos/202607/02/54205015/original/(m=eaAaGwObaaamqv)(mh=9tGZCQ-a10Mrf3mp)5.jpg;https://ei.phncdn.com/videos/202607/02/54205015/original/(m=eaAaGwObaaamqv)(mh=9tGZCQ-a10Mrf3mp)6.jpg;https://ei.phncdn.com/videos/202607/02/54205015/original/(m=eaAaGwObaaamqv)(mh=9tGZCQ-a10Mrf3mp)7.jpg;https://ei.phncdn.com/videos/202607/02/54205015/original/(m=eaAaGwObaaamqv)(mh=9tGZCQ-a10Mrf3mp)8.jpg;https://ei.phncdn.com/videos/202607/02/54205015/original/(m=eaAaGwObaaamqv)(mh=9tGZCQ-a10Mrf3mp)9.jpg;https://ei.phncdn.com/videos/202607/02/54205015/original/(m=eaAaGwObaaamqv)(mh=9tGZCQ-a10Mrf3mp)10.jpg;https://ei.phncdn.com/videos/202607/02/54205015/original/(m=eaAaGwObaaamqv)(mh=9tGZCQ-a10Mrf3mp)11.jpg;https://ei.phncdn.com/videos/202607/02/54205015/original/(m=eaAaGwObaaamqv)(mh=9tGZCQ-a10Mrf3mp)12.jpg;https://ei.phncdn.com/videos/202607/02/54205015/original/(m=eaAaGwObaaamqv)(mh=9tGZCQ-a10Mrf3mp)13.jpg;https://ei.phncdn.com/videos/202607/02/54205015/original/(m=eaAaGwObaaamqv)(mh=9tGZCQ-a10Mrf3mp)14.jpg;https://ei.phncdn.com/videos/202607/02/54205015/original/(m=eaAaGwObaaamqv)(mh=9tGZCQ-a10Mrf3mp)15.jpg;https://ei.phncdn.com/videos/202607/02/54205015/original/(m=eaAaGwObaaamqv)(mh=9tGZCQ-a10Mrf3mp)16.jpg
<iframe src="https://www.pornhub.com/embed/6a475ca889f04" frameborder="0" height="481" width="608" scrolling="no"></iframe>|https://ei.phncdn.com/videos/202607/03/54258215/original/(m=eaf8GgaaaWavb)(mh=eh8vx9hy7MwZtyfV)12.jpg|https://ei.phncdn.com/videos/202607/03/54258215/original/(m=eaf8GgaaaWavb)(mh=eh8vx9hy7MwZtyfV)1.jpg;https://ei.phncdn.com/videos/202607/03/54258215/original/(m=eaf8GgaaaWavb)(mh=eh8vx9hy7MwZtyfV)2.jpg;https://ei.phncdn.com/videos/202607/03/54258215/original/(m=eaf8GgaaaWavb)(mh=eh8vx9hy7MwZtyfV)3.jpg;https://ei.phncdn.com/videos/202607/03/54258215/original/(m=eaf8GgaaaWavb)(mh=eh8vx9hy7MwZtyfV)4.jpg;https://ei.phncdn.com/videos/202607/03/54258215/original/(m=eaf8GgaaaWavb)(mh=eh8vx9hy7MwZtyfV)5.jpg;https://ei.phncdn.com/videos/202607/03/54258215/original/(m=eaf8GgaaaWavb)(mh=eh8vx9hy7MwZtyfV)6.jpg;https://ei.phncdn.com/videos/202607/03/54258215/original/(m=eaf8GgaaaWavb)(mh=eh8vx9hy7MwZtyfV)7.jpg;https://ei.phncdn.com/videos/202607/03/54258215/original/(m=eaf8GgaaaWavb)(mh=eh8vx9hy7MwZtyfV)8.jpg;https://ei.phncdn.com/videos/202607/03/54258215/original/(m=eaf8GgaaaWavb)(mh=eh8vx9hy7MwZtyfV)9.jpg;https://ei.phncdn.com/videos/202607/03/54258215/original/(m=eaf8GgaaaWavb)(mh=eh8vx9hy7MwZtyfV)10.jpg;https://ei.phncdn.com/videos/202607/03/54258215/original/(m=eaf8GgaaaWavb)(mh=eh8vx9hy7MwZtyfV)11.jpg;https://ei.phncdn.com/videos/202607/03/54258215/original/(m=eaf8GgaaaWavb)(mh=eh8vx9hy7MwZtyfV)12.jpg;https://ei.phncdn.com/videos/202607/03/54258215/original/(m=eaf8GgaaaWavb)(mh=eh8vx9hy7MwZtyfV)13.jpg;https://ei.phncdn.com/videos/202607/03/54258215/original/(m=eaf8GgaaaWavb)(mh=eh8vx9hy7MwZtyfV)14.jpg;https://ei.phncdn.com/videos/202607/03/54258215/original/(m=eaf8GgaaaWavb)(mh=eh8vx9hy7MwZtyfV)15.jpg;https://ei.phncdn.com/videos/202607/03/54258215/original/(m=eaf8GgaaaWavb)(mh=eh8vx9hy7MwZtyfV)16.jpg|Bend me over and fuck me hard 😳|hentai;college;closeup;pov;big-ass;brunette;vertical-porn|Casting;Feet;Verified Amateurs;Cosplay;Solo Female||12|13|||https://ei.phncdn.com/videos/202607/03/54258215/original/(m=eaAaGwObaaamqv)(mh=9XX4HcTgjuCoG44O)12.jpg|https://ei.phncdn.com/videos/202607/03/54258215/original/(m=eaAaGwObaaamqv)(mh=9XX4HcTgjuCoG44O)1.jpg;https://ei.phncdn.com/videos/202607/03/54258215/original/(m=eaAaGwObaaamqv)(mh=9XX4HcTgjuCoG44O)2.jpg;https://ei.phncdn.com/videos/202607/03/54258215/original/(m=eaAaGwObaaamqv)(mh=9XX4HcTgjuCoG44O)3.jpg;https://ei.phncdn.com/videos/202607/03/54258215/original/(m=eaAaGwObaaamqv)(mh=9XX4HcTgjuCoG44O)4.jpg;https://ei.phncdn.com/videos/202607/03/54258215/original/(m=eaAaGwObaaamqv)(mh=9XX4HcTgjuCoG44O)5.jpg;https://ei.phncdn.com/videos/202607/03/54258215/original/(m=eaAaGwObaaamqv)(mh=9XX4HcTgjuCoG44O)6.jpg;https://ei.phncdn.com/videos/202607/03/54258215/original/(m=eaAaGwObaaamqv)(mh=9XX4HcTgjuCoG44O)7.jpg;https://ei.phncdn.com/videos/202607/03/54258215/original/(m=eaAaGwObaaamqv)(mh=9XX4HcTgjuCoG44O)8.jpg;https://ei.phncdn.com/videos/202607/03/54258215/original/(m=eaAaGwObaaamqv)(mh=9XX4HcTgjuCoG44O)9.jpg;https://ei.phncdn.com/videos/202607/03/54258215/original/(m=eaAaGwObaaamqv)(mh=9XX4HcTgjuCoG44O)10.jpg;https://ei.phncdn.com/videos/202607/03/54258215/original/(m=eaAaGwObaaamqv)(mh=9XX4HcTgjuCoG44O)11.jpg;https://ei.phncdn.com/videos/202607/03/54258215/original/(m=eaAaGwObaaamqv)(mh=9XX4HcTgjuCoG44O)12.jpg;https://ei.phncdn.com/videos/202607/03/54258215/original/(m=eaAaGwObaaamqv)(mh=9XX4HcTgjuCoG44O)13.jpg;https://ei.phncdn.com/videos/202607/03/54258215/original/(m=eaAaGwObaaamqv)(mh=9XX4HcTgjuCoG44O)14.jpg;https://ei.phncdn.com/videos/202607/03/54258215/original/(m=eaAaGwObaaamqv)(mh=9XX4HcTgjuCoG44O)15.jpg;https://ei.phncdn.com/videos/202607/03/54258215/original/(m=eaAaGwObaaamqv)(mh=9XX4HcTgjuCoG44O)16.jpg
<iframe src="https://www.pornhub.com/embed/6a479d31778e5" frameborder="0" height="481" width="608" scrolling="no"></iframe>|https://ei.phncdn.com/videos/202607/03/54276035/original/(m=eaf8GgaaaWavb)(mh=ztgTEum_gLvXPVdW)12.jpg|https://ei.phncdn.com/videos/202607/03/54276035/original/(m=eaf8GgaaaWavb)(mh=ztgTEum_gLvXPVdW)1.jpg;https://ei.phncdn.com/videos/202607/03/54276035/original/(m=eaf8GgaaaWavb)(mh=ztgTEum_gLvXPVdW)2.jpg;https://ei.phncdn.com/videos/202607/03/54276035/original/(m=eaf8GgaaaWavb)(mh=ztgTEum_gLvXPVdW)3.jpg;https://ei.phncdn.com/videos/202607/03/54276035/original/(m=eaf8GgaaaWavb)(mh=ztgTEum_gLvXPVdW)4.jpg;https://ei.phncdn.com/videos/202607/03/54276035/original/(m=eaf8GgaaaWavb)(mh=ztgTEum_gLvXPVdW)5.jpg;https://ei.phncdn.com/videos/202607/03/54276035/original/(m=eaf8GgaaaWavb)(mh=ztgTEum_gLvXPVdW)6.jpg;https://ei.phncdn.com/videos/202607/03/54276035/original/(m=eaf8GgaaaWavb)(mh=ztgTEum_gLvXPVdW)7.jpg;https://ei.phncdn.com/videos/202607/03/54276035/original/(m=eaf8GgaaaWavb)(mh=ztgTEum_gLvXPVdW)8.jpg;https://ei.phncdn.com/videos/202607/03/54276035/original/(m=eaf8GgaaaWavb)(mh=ztgTEum_gLvXPVdW)9.jpg;https://ei.phncdn.com/videos/202607/03/54276035/original/(m=eaf8GgaaaWavb)(mh=ztgTEum_gLvXPVdW)10.jpg;https://ei.phncdn.com/videos/202607/03/54276035/original/(m=eaf8GgaaaWavb)(mh=ztgTEum_gLvXPVdW)11.jpg;https://ei.phncdn.com/videos/202607/03/54276035/original/(m=eaf8GgaaaWavb)(mh=ztgTEum_gLvXPVdW)12.jpg;https://ei.phncdn.com/videos/202607/03/54276035/original/(m=eaf8GgaaaWavb)(mh=ztgTEum_gLvXPVdW)13.jpg;https://ei.phncdn.com/videos/202607/03/54276035/original/(m=eaf8GgaaaWavb)(mh=ztgTEum_gLvXPVdW)14.jpg;https://ei.phncdn.com/videos/202607/03/54276035/original/(m=eaf8GgaaaWavb)(mh=ztgTEum_gLvXPVdW)15.jpg;https://ei.phncdn.com/videos/202607/03/54276035/original/(m=eaf8GgaaaWavb)(mh=ztgTEum_gLvXPVdW)16.jpg|Your turn to make a move 😋|vertical-porn;amateur;rough;stockings;pov;e-girl;busty;student|Casting;Exclusive;Verified Amateurs;Solo Female;Tattooed Women||12|108|8|0|https://ei.phncdn.com/videos/202607/03/54276035/original/(m=eaAaGwObaaamqv)(mh=Q0chyBNu3nJRqpHb)12.jpg|https://ei.phncdn.com/videos/202607/03/54276035/original/(m=eaAaGwObaaamqv)(mh=Q0chyBNu3nJRqpHb)1.jpg;https://ei.phncdn.com/videos/202607/03/54276035/original/(m=eaAaGwObaaamqv)(mh=Q0chyBNu3nJRqpHb)2.jpg;https://ei.phncdn.com/videos/202607/03/54276035/original/(m=eaAaGwObaaamqv)(mh=Q0chyBNu3nJRqpHb)3.jpg;https://ei.phncdn.com/videos/202607/03/54276035/original/(m=eaAaGwObaaamqv)(mh=Q0chyBNu3nJRqpHb)4.jpg;https://ei.phncdn.com/videos/202607/03/54276035/original/(m=eaAaGwObaaamqv)(mh=Q0chyBNu3nJRqpHb)5.jpg;https://ei.phncdn.com/videos/202607/03/54276035/original/(m=eaAaGwObaaamqv)(mh=Q0chyBNu3nJRqpHb)6.jpg;https://ei.phncdn.com/videos/202607/03/54276035/original/(m=eaAaGwObaaamqv)(mh=Q0chyBNu3nJRqpHb)7.jpg;https://ei.phncdn.com/videos/202607/03/54276035/original/(m=eaAaGwObaaamqv)(mh=Q0chyBNu3nJRqpHb)8.jpg;https://ei.phncdn.com/videos/202607/03/54276035/original/(m=eaAaGwObaaamqv)(mh=Q0chyBNu3nJRqpHb)9.jpg;https://ei.phncdn.com/videos/202607/03/54276035/original/(m=eaAaGwObaaamqv)(mh=Q0chyBNu3nJRqpHb)10.jpg;https://ei.phncdn.com/videos/202607/03/54276035/original/(m=eaAaGwObaaamqv)(mh=Q0chyBNu3nJRqpHb)11.jpg;https://ei.phncdn.com/videos/202607/03/54276035/original/(m=eaAaGwObaaamqv)(mh=Q0chyBNu3nJRqpHb)12.jpg;https://ei.phncdn.com/videos/202607/03/54276035/original/(m=eaAaGwObaaamqv)(mh=Q0chyBNu3nJRqpHb)13.jpg;https://ei.phncdn.com/videos/202607/03/54276035/original/(m=eaAaGwObaaamqv)(mh=Q0chyBNu3nJRqpHb)14.jpg;https://ei.phncdn.com/videos/202607/03/54276035/original/(m=eaAaGwObaaamqv)(mh=Q0chyBNu3nJRqpHb)15.jpg;https://ei.phncdn.com/videos/202607/03/54276035/original/(m=eaAaGwObaaamqv)(mh=Q0chyBNu3nJRqpHb)16.jpg
<iframe src="https://www.pornhub.com/embed/6a480b206e9c0" frameborder="0" height="481" width="608" scrolling="no"></iframe>|https://ei.phncdn.com/videos/202607/03/54320795/original/(m=eaf8GgaaaWavb)(mh=8-bgI_ZUj4p_a2LC)12.jpg|https://ei.phncdn.com/videos/202607/03/54320795/original/(m=eaf8GgaaaWavb)(mh=8-bgI_ZUj4p_a2LC)1.jpg;https://ei.phncdn.com/videos/202607/03/54320795/original/(m=eaf8GgaaaWavb)(mh=8-bgI_ZUj4p_a2LC)2.jpg;https://ei.phncdn.com/videos/202607/03/54320795/original/(m=eaf8GgaaaWavb)(mh=8-bgI_ZUj4p_a2LC)3.jpg;https://ei.phncdn.com/videos/202607/03/54320795/original/(m=eaf8GgaaaWavb)(mh=8-bgI_ZUj4p_a2LC)4.jpg;https://ei.phncdn.com/videos/202607/03/54320795/original/(m=eaf8GgaaaWavb)(mh=8-bgI_ZUj4p_a2LC)5.jpg;https://ei.phncdn.com/videos/202607/03/54320795/original/(m=eaf8GgaaaWavb)(mh=8-bgI_ZUj4p_a2LC)6.jpg;https://ei.phncdn.com/videos/202607/03/54320795/original/(m=eaf8GgaaaWavb)(mh=8-bgI_ZUj4p_a2LC)7.jpg;https://ei.phncdn.com/videos/202607/03/54320795/original/(m=eaf8GgaaaWavb)(mh=8-bgI_ZUj4p_a2LC)8.jpg;https://ei.phncdn.com/videos/202607/03/54320795/original/(m=eaf8GgaaaWavb)(mh=8-bgI_ZUj4p_a2LC)9.jpg;https://ei.phncdn.com/videos/202607/03/54320795/original/(m=eaf8GgaaaWavb)(mh=8-bgI_ZUj4p_a2LC)10.jpg;https://ei.phncdn.com/videos/202607/03/54320795/original/(m=eaf8GgaaaWavb)(mh=8-bgI_ZUj4p_a2LC)11.jpg;https://ei.phncdn.com/videos/202607/03/54320795/original/(m=eaf8GgaaaWavb)(mh=8-bgI_ZUj4p_a2LC)12.jpg;https://ei.phncdn.com/videos/202607/03/54320795/original/(m=eaf8GgaaaWavb)(mh=8-bgI_ZUj4p_a2LC)13.jpg;https://ei.phncdn.com/videos/202607/03/54320795/original/(m=eaf8GgaaaWavb)(mh=8-bgI_ZUj4p_a2LC)14.jpg;https://ei.phncdn.com/videos/202607/03/54320795/original/(m=eaf8GgaaaWavb)(mh=8-bgI_ZUj4p_a2LC)15.jpg;https://ei.phncdn.com/videos/202607/03/54320795/original/(m=eaf8GgaaaWavb)(mh=8-bgI_ZUj4p_a2LC)16.jpg|Im wet and ready for your cock|gamer;tattooed;blowjob;popular;pov|Casting;Czech;Verified Amateurs;Solo Female||11|6|||https://ei.phncdn.com/videos/202607/03/54320795/original/(m=eaAaGwObaaamqv)(mh=mVBmKR3vm0i0b2mL)12.jpg|https://ei.phncdn.com/videos/202607/03/54320795/original/(m=eaAaGwObaaamqv)(mh=mVBmKR3vm0i0b2mL)1.jpg;https://ei.phncdn.com/videos/202607/03/54320795/original/(m=eaAaGwObaaamqv)(mh=mVBmKR3vm0i0b2mL)2.jpg;https://ei.phncdn.com/videos/202607/03/54320795/original/(m=eaAaGwObaaamqv)(mh=mVBmKR3vm0i0b2mL)3.jpg;https://ei.phncdn.com/videos/202607/03/54320795/original/(m=eaAaGwObaaamqv)(mh=mVBmKR3vm0i0b2mL)4.jpg;https://ei.phncdn.com/videos/202607/03/54320795/original/(m=eaAaGwObaaamqv)(mh=mVBmKR3vm0i0b2mL)5.jpg;https://ei.phncdn.com/videos/202607/03/54320795/original/(m=eaAaGwObaaamqv)(mh=mVBmKR3vm0i0b2mL)6.jpg;https://ei.phncdn.com/videos/202607/03/54320795/original/(m=eaAaGwObaaamqv)(mh=mVBmKR3vm0i0b2mL)7.jpg;https://ei.phncdn.com/videos/202607/03/54320795/original/(m=eaAaGwObaaamqv)(mh=mVBmKR3vm0i0b2mL)8.jpg;https://ei.phncdn.com/videos/202607/03/54320795/original/(m=eaAaGwObaaamqv)(mh=mVBmKR3vm0i0b2mL)9.jpg;https://ei.phncdn.com/videos/202607/03/54320795/original/(m=eaAaGwObaaamqv)(mh=mVBmKR3vm0i0b2mL)10.jpg;https://ei.phncdn.com/videos/202607/03/54320795/original/(m=eaAaGwObaaamqv)(mh=mVBmKR3vm0i0b2mL)11.jpg;https://ei.phncdn.com/videos/202607/03/54320795/original/(m=eaAaGwObaaamqv)(mh=mVBmKR3vm0i0b2mL)12.jpg;https://ei.phncdn.com/videos/202607/03/54320795/original/(m=eaAaGwObaaamqv)(mh=mVBmKR3vm0i0b2mL)13.jpg;https://ei.phncdn.com/videos/202607/03/54320795/original/(m=eaAaGwObaaamqv)(mh=mVBmKR3vm0i0b2mL)14.jpg;https://ei.phncdn.com/videos/202607/03/54320795/original/(m=eaAaGwObaaamqv)(mh=mVBmKR3vm0i0b2mL)15.jpg;https://ei.phncdn.com/videos/202607/03/54320795/original/(m=eaAaGwObaaamqv)(mh=mVBmKR3vm0i0b2mL)16.jpg
<iframe src="https://www.pornhub.com/embed/6a480fb7041f6" frameborder="0" height="481" width="608" scrolling="no"></iframe>|https://ei.phncdn.com/videos/202607/03/54322875/original/(m=eaf8GgaaaWavb)(mh=7H_sLasyTW3F3mBf)12.jpg|https://ei.phncdn.com/videos/202607/03/54322875/original/(m=eaf8GgaaaWavb)(mh=7H_sLasyTW3F3mBf)1.jpg;https://ei.phncdn.com/videos/202607/03/54322875/original/(m=eaf8GgaaaWavb)(mh=7H_sLasyTW3F3mBf)2.jpg;https://ei.phncdn.com/videos/202607/03/54322875/original/(m=eaf8GgaaaWavb)(mh=7H_sLasyTW3F3mBf)3.jpg;https://ei.phncdn.com/videos/202607/03/54322875/original/(m=eaf8GgaaaWavb)(mh=7H_sLasyTW3F3mBf)4.jpg;https://ei.phncdn.com/videos/202607/03/54322875/original/(m=eaf8GgaaaWavb)(mh=7H_sLasyTW3F3mBf)5.jpg;https://ei.phncdn.com/videos/202607/03/54322875/original/(m=eaf8GgaaaWavb)(mh=7H_sLasyTW3F3mBf)6.jpg;https://ei.phncdn.com/videos/202607/03/54322875/original/(m=eaf8GgaaaWavb)(mh=7H_sLasyTW3F3mBf)7.jpg;https://ei.phncdn.com/videos/202607/03/54322875/original/(m=eaf8GgaaaWavb)(mh=7H_sLasyTW3F3mBf)8.jpg;https://ei.phncdn.com/videos/202607/03/54322875/original/(m=eaf8GgaaaWavb)(mh=7H_sLasyTW3F3mBf)9.jpg;https://ei.phncdn.com/videos/202607/03/54322875/original/(m=eaf8GgaaaWavb)(mh=7H_sLasyTW3F3mBf)10.jpg;https://ei.phncdn.com/videos/202607/03/54322875/original/(m=eaf8GgaaaWavb)(mh=7H_sLasyTW3F3mBf)11.jpg;https://ei.phncdn.com/videos/202607/03/54322875/original/(m=eaf8GgaaaWavb)(mh=7H_sLasyTW3F3mBf)12.jpg;https://ei.phncdn.com/videos/202607/03/54322875/original/(m=eaf8GgaaaWavb)(mh=7H_sLasyTW3F3mBf)13.jpg;https://ei.phncdn.com/videos/202607/03/54322875/original/(m=eaf8GgaaaWavb)(mh=7H_sLasyTW3F3mBf)14.jpg;https://ei.phncdn.com/videos/202607/03/54322875/original/(m=eaf8GgaaaWavb)(mh=7H_sLasyTW3F3mBf)15.jpg;https://ei.phncdn.com/videos/202607/03/54322875/original/(m=eaf8GgaaaWavb)(mh=7H_sLasyTW3F3mBf)16.jpg|Wet pussy on display with feet up 💕|schoolgirl;slut;anal;goth;stockings;rough|Casting;Feet;Verified Amateurs;Solo Female;Gaming||12|5|||https://ei.phncdn.com/videos/202607/03/54322875/original/(m=eaAaGwObaaamqv)(mh=O0yK4eXhXuy-Tcrm)12.jpg|https://ei.phncdn.com/videos/202607/03/54322875/original/(m=eaAaGwObaaamqv)(mh=O0yK4eXhXuy-Tcrm)1.jpg;https://ei.phncdn.com/videos/202607/03/54322875/original/(m=eaAaGwObaaamqv)(mh=O0yK4eXhXuy-Tcrm)2.jpg;https://ei.phncdn.com/videos/202607/03/54322875/original/(m=eaAaGwObaaamqv)(mh=O0yK4eXhXuy-Tcrm)3.jpg;https://ei.phncdn.com/videos/202607/03/54322875/original/(m=eaAaGwObaaamqv)(mh=O0yK4eXhXuy-Tcrm)4.jpg;https://ei.phncdn.com/videos/202607/03/54322875/original/(m=eaAaGwObaaamqv)(mh=O0yK4eXhXuy-Tcrm)5.jpg;https://ei.phncdn.com/videos/202607/03/54322875/original/(m=eaAaGwObaaamqv)(mh=O0yK4eXhXuy-Tcrm)6.jpg;https://ei.phncdn.com/videos/202607/03/54322875/original/(m=eaAaGwObaaamqv)(mh=O0yK4eXhXuy-Tcrm)7.jpg;https://ei.phncdn.com/videos/202607/03/54322875/original/(m=eaAaGwObaaamqv)(mh=O0yK4eXhXuy-Tcrm)8.jpg;https://ei.phncdn.com/videos/202607/03/54322875/original/(m=eaAaGwObaaamqv)(mh=O0yK4eXhXuy-Tcrm)9.jpg;https://ei.phncdn.com/videos/202607/03/54322875/original/(m=eaAaGwObaaamqv)(mh=O0yK4eXhXuy-Tcrm)10.jpg;https://ei.phncdn.com/videos/202607/03/54322875/original/(m=eaAaGwObaaamqv)(mh=O0yK4eXhXuy-Tcrm)11.jpg;https://ei.phncdn.com/videos/202607/03/54322875/original/(m=eaAaGwObaaamqv)(mh=O0yK4eXhXuy-Tcrm)12.jpg;https://ei.phncdn.com/videos/202607/03/54322875/original/(m=eaAaGwObaaamqv)(mh=O0yK4eXhXuy-Tcrm)13.jpg;https://ei.phncdn.com/videos/202607/03/54322875/original/(m=eaAaGwObaaamqv)(mh=O0yK4eXhXuy-Tcrm)14.jpg;https://ei.phncdn.com/videos/202607/03/54322875/original/(m=eaAaGwObaaamqv)(mh=O0yK4eXhXuy-Tcrm)15.jpg;https://ei.phncdn.com/videos/202607/03/54322875/original/(m=eaAaGwObaaamqv)(mh=O0yK4eXhXuy-Tcrm)16.jpg
<iframe src="https://www.pornhub.com/embed/6a48796a60270" frameborder="0" height="481" width="608" scrolling="no"></iframe>|https://ei.phncdn.com/videos/202607/04/54352585/original/(m=eaf8GgaaaWavb)(mh=YkSutnmJhphy3FvM)12.jpg|https://ei.phncdn.com/videos/202607/04/54352585/original/(m=eaf8GgaaaWavb)(mh=YkSutnmJhphy3FvM)1.jpg;https://ei.phncdn.com/videos/202607/04/54352585/original/(m=eaf8GgaaaWavb)(mh=YkSutnmJhphy3FvM)2.jpg;https://ei.phncdn.com/videos/202607/04/54352585/original/(m=eaf8GgaaaWavb)(mh=YkSutnmJhphy3FvM)3.jpg;https://ei.phncdn.com/videos/202607/04/54352585/original/(m=eaf8GgaaaWavb)(mh=YkSutnmJhphy3FvM)4.jpg;https://ei.phncdn.com/videos/202607/04/54352585/original/(m=eaf8GgaaaWavb)(mh=YkSutnmJhphy3FvM)5.jpg;https://ei.phncdn.com/videos/202607/04/54352585/original/(m=eaf8GgaaaWavb)(mh=YkSutnmJhphy3FvM)6.jpg;https://ei.phncdn.com/videos/202607/04/54352585/original/(m=eaf8GgaaaWavb)(mh=YkSutnmJhphy3FvM)7.jpg;https://ei.phncdn.com/videos/202607/04/54352585/original/(m=eaf8GgaaaWavb)(mh=YkSutnmJhphy3FvM)8.jpg;https://ei.phncdn.com/videos/202607/04/54352585/original/(m=eaf8GgaaaWavb)(mh=YkSutnmJhphy3FvM)9.jpg;https://ei.phncdn.com/videos/202607/04/54352585/original/(m=eaf8GgaaaWavb)(mh=YkSutnmJhphy3FvM)10.jpg;https://ei.phncdn.com/videos/202607/04/54352585/original/(m=eaf8GgaaaWavb)(mh=YkSutnmJhphy3FvM)11.jpg;https://ei.phncdn.com/videos/202607/04/54352585/original/(m=eaf8GgaaaWavb)(mh=YkSutnmJhphy3FvM)12.jpg;https://ei.phncdn.com/videos/202607/04/54352585/original/(m=eaf8GgaaaWavb)(mh=YkSutnmJhphy3FvM)13.jpg;https://ei.phncdn.com/videos/202607/04/54352585/original/(m=eaf8GgaaaWavb)(mh=YkSutnmJhphy3FvM)14.jpg;https://ei.phncdn.com/videos/202607/04/54352585/original/(m=eaf8GgaaaWavb)(mh=YkSutnmJhphy3FvM)15.jpg;https://ei.phncdn.com/videos/202607/04/54352585/original/(m=eaf8GgaaaWavb)(mh=YkSutnmJhphy3FvM)16.jpg|Blonde spreads legs wide for her collection 🤫|e-girl;sexy;rough;emo;busty|Casting;Verified Amateurs;Solo Female;Gaming||7|24|||https://ei.phncdn.com/videos/202607/04/54352585/original/(m=eaAaGwObaaamqv)(mh=khjoLfewwb9MjfhL)12.jpg|https://ei.phncdn.com/videos/202607/04/54352585/original/(m=eaAaGwObaaamqv)(mh=khjoLfewwb9MjfhL)1.jpg;https://ei.phncdn.com/videos/202607/04/54352585/original/(m=eaAaGwObaaamqv)(mh=khjoLfewwb9MjfhL)2.jpg;https://ei.phncdn.com/videos/202607/04/54352585/original/(m=eaAaGwObaaamqv)(mh=khjoLfewwb9MjfhL)3.jpg;https://ei.phncdn.com/videos/202607/04/54352585/original/(m=eaAaGwObaaamqv)(mh=khjoLfewwb9MjfhL)4.jpg;https://ei.phncdn.com/videos/202607/04/54352585/original/(m=eaAaGwObaaamqv)(mh=khjoLfewwb9MjfhL)5.jpg;https://ei.phncdn.com/videos/202607/04/54352585/original/(m=eaAaGwObaaamqv)(mh=khjoLfewwb9MjfhL)6.jpg;https://ei.phncdn.com/videos/202607/04/54352585/original/(m=eaAaGwObaaamqv)(mh=khjoLfewwb9MjfhL)7.jpg;https://ei.phncdn.com/videos/202607/04/54352585/original/(m=eaAaGwObaaamqv)(mh=khjoLfewwb9MjfhL)8.jpg;https://ei.phncdn.com/videos/202607/04/54352585/original/(m=eaAaGwObaaamqv)(mh=khjoLfewwb9MjfhL)9.jpg;https://ei.phncdn.com/videos/202607/04/54352585/original/(m=eaAaGwObaaamqv)(mh=khjoLfewwb9MjfhL)10.jpg;https://ei.phncdn.com/videos/202607/04/54352585/original/(m=eaAaGwObaaamqv)(mh=khjoLfewwb9MjfhL)11.jpg;https://ei.phncdn.com/videos/202607/04/54352585/original/(m=eaAaGwObaaamqv)(mh=khjoLfewwb9MjfhL)12.jpg;https://ei.phncdn.com/videos/202607/04/54352585/original/(m=eaAaGwObaaamqv)(mh=khjoLfewwb9MjfhL)13.jpg;https://ei.phncdn.com/videos/202607/04/54352585/original/(m=eaAaGwObaaamqv)(mh=khjoLfewwb9MjfhL)14.jpg;https://ei.phncdn.com/videos/202607/04/54352585/original/(m=eaAaGwObaaamqv)(mh=khjoLfewwb9MjfhL)15.jpg;https://ei.phncdn.com/videos/202607/04/54352585/original/(m=eaAaGwObaaamqv)(mh=khjoLfewwb9MjfhL)16.jpg
<iframe src="https://www.pornhub.com/embed/6a4ca78b5a493" frameborder="0" height="481" width="608" scrolling="no"></iframe>|https://ei.phncdn.com/videos/202607/07/54667935/original/(m=eaf8GgaaaWavb)(mh=CedN8jDfD79infl7)12.jpg|https://ei.phncdn.com/videos/202607/07/54667935/original/(m=eaf8GgaaaWavb)(mh=CedN8jDfD79infl7)1.jpg;https://ei.phncdn.com/videos/202607/07/54667935/original/(m=eaf8GgaaaWavb)(mh=CedN8jDfD79infl7)2.jpg;https://ei.phncdn.com/videos/202607/07/54667935/original/(m=eaf8GgaaaWavb)(mh=CedN8jDfD79infl7)3.jpg;https://ei.phncdn.com/videos/202607/07/54667935/original/(m=eaf8GgaaaWavb)(mh=CedN8jDfD79infl7)4.jpg;https://ei.phncdn.com/videos/202607/07/54667935/original/(m=eaf8GgaaaWavb)(mh=CedN8jDfD79infl7)5.jpg;https://ei.phncdn.com/videos/202607/07/54667935/original/(m=eaf8GgaaaWavb)(mh=CedN8jDfD79infl7)6.jpg;https://ei.phncdn.com/videos/202607/07/54667935/original/(m=eaf8GgaaaWavb)(mh=CedN8jDfD79infl7)7.jpg;https://ei.phncdn.com/videos/202607/07/54667935/original/(m=eaf8GgaaaWavb)(mh=CedN8jDfD79infl7)8.jpg;https://ei.phncdn.com/videos/202607/07/54667935/original/(m=eaf8GgaaaWavb)(mh=CedN8jDfD79infl7)9.jpg;https://ei.phncdn.com/videos/202607/07/54667935/original/(m=eaf8GgaaaWavb)(mh=CedN8jDfD79infl7)10.jpg;https://ei.phncdn.com/videos/202607/07/54667935/original/(m=eaf8GgaaaWavb)(mh=CedN8jDfD79infl7)11.jpg;https://ei.phncdn.com/videos/202607/07/54667935/original/(m=eaf8GgaaaWavb)(mh=CedN8jDfD79infl7)12.jpg;https://ei.phncdn.com/videos/202607/07/54667935/original/(m=eaf8GgaaaWavb)(mh=CedN8jDfD79infl7)13.jpg;https://ei.phncdn.com/videos/202607/07/54667935/original/(m=eaf8GgaaaWavb)(mh=CedN8jDfD79infl7)14.jpg;https://ei.phncdn.com/videos/202607/07/54667935/original/(m=eaf8GgaaaWavb)(mh=CedN8jDfD79infl7)15.jpg;https://ei.phncdn.com/videos/202607/07/54667935/original/(m=eaf8GgaaaWavb)(mh=CedN8jDfD79infl7)16.jpg|Thick curves bent low in fishnet tease 🥵|natural-tits;e-girl;teenage;tattoo;cheating;stockings;homemade|Casting;Verified Amateurs;Solo Female;Tattooed Women;Gaming||6|3|||https://ei.phncdn.com/videos/202607/07/54667935/original/(m=eaAaGwObaaamqv)(mh=3hHkrpszsxTvdDb5)12.jpg|https://ei.phncdn.com/videos/202607/07/54667935/original/(m=eaAaGwObaaamqv)(mh=3hHkrpszsxTvdDb5)1.jpg;https://ei.phncdn.com/videos/202607/07/54667935/original/(m=eaAaGwObaaamqv)(mh=3hHkrpszsxTvdDb5)2.jpg;https://ei.phncdn.com/videos/202607/07/54667935/original/(m=eaAaGwObaaamqv)(mh=3hHkrpszsxTvdDb5)3.jpg;https://ei.phncdn.com/videos/202607/07/54667935/original/(m=eaAaGwObaaamqv)(mh=3hHkrpszsxTvdDb5)4.jpg;https://ei.phncdn.com/videos/202607/07/54667935/original/(m=eaAaGwObaaamqv)(mh=3hHkrpszsxTvdDb5)5.jpg;https://ei.phncdn.com/videos/202607/07/54667935/original/(m=eaAaGwObaaamqv)(mh=3hHkrpszsxTvdDb5)6.jpg;https://ei.phncdn.com/videos/202607/07/54667935/original/(m=eaAaGwObaaamqv)(mh=3hHkrpszsxTvdDb5)7.jpg;https://ei.phncdn.com/videos/202607/07/54667935/original/(m=eaAaGwObaaamqv)(mh=3hHkrpszsxTvdDb5)8.jpg;https://ei.phncdn.com/videos/202607/07/54667935/original/(m=eaAaGwObaaamqv)(mh=3hHkrpszsxTvdDb5)9.jpg;https://ei.phncdn.com/videos/202607/07/54667935/original/(m=eaAaGwObaaamqv)(mh=3hHkrpszsxTvdDb5)10.jpg;https://ei.phncdn.com/videos/202607/07/54667935/original/(m=eaAaGwObaaamqv)(mh=3hHkrpszsxTvdDb5)11.jpg;https://ei.phncdn.com/videos/202607/07/54667935/original/(m=eaAaGwObaaamqv)(mh=3hHkrpszsxTvdDb5)12.jpg;https://ei.phncdn.com/videos/202607/07/54667935/original/(m=eaAaGwObaaamqv)(mh=3hHkrpszsxTvdDb5)13.jpg;https://ei.phncdn.com/videos/202607/07/54667935/original/(m=eaAaGwObaaamqv)(mh=3hHkrpszsxTvdDb5)14.jpg;https://ei.phncdn.com/videos/202607/07/54667935/original/(m=eaAaGwObaaamqv)(mh=3hHkrpszsxTvdDb5)15.jpg;https://ei.phncdn.com/videos/202607/07/54667935/original/(m=eaAaGwObaaamqv)(mh=3hHkrpszsxTvdDb5)16.jpg
<iframe src="https://www.pornhub.com/embed/6a4cb990e6241" frameborder="0" height="481" width="608" scrolling="no"></iframe>|https://ei.phncdn.com/videos/202607/07/54672755/original/(m=eaf8GgaaaWavb)(mh=8uYQe9vQMOmSse-D)12.jpg|https://ei.phncdn.com/videos/202607/07/54672755/original/(m=eaf8GgaaaWavb)(mh=8uYQe9vQMOmSse-D)1.jpg;https://ei.phncdn.com/videos/202607/07/54672755/original/(m=eaf8GgaaaWavb)(mh=8uYQe9vQMOmSse-D)2.jpg;https://ei.phncdn.com/videos/202607/07/54672755/original/(m=eaf8GgaaaWavb)(mh=8uYQe9vQMOmSse-D)3.jpg;https://ei.phncdn.com/videos/202607/07/54672755/original/(m=eaf8GgaaaWavb)(mh=8uYQe9vQMOmSse-D)4.jpg;https://ei.phncdn.com/videos/202607/07/54672755/original/(m=eaf8GgaaaWavb)(mh=8uYQe9vQMOmSse-D)5.jpg;https://ei.phncdn.com/videos/202607/07/54672755/original/(m=eaf8GgaaaWavb)(mh=8uYQe9vQMOmSse-D)6.jpg;https://ei.phncdn.com/videos/202607/07/54672755/original/(m=eaf8GgaaaWavb)(mh=8uYQe9vQMOmSse-D)7.jpg;https://ei.phncdn.com/videos/202607/07/54672755/original/(m=eaf8GgaaaWavb)(mh=8uYQe9vQMOmSse-D)8.jpg;https://ei.phncdn.com/videos/202607/07/54672755/original/(m=eaf8GgaaaWavb)(mh=8uYQe9vQMOmSse-D)9.jpg;https://ei.phncdn.com/videos/202607/07/54672755/original/(m=eaf8GgaaaWavb)(mh=8uYQe9vQMOmSse-D)10.jpg;https://ei.phncdn.com/videos/202607/07/54672755/original/(m=eaf8GgaaaWavb)(mh=8uYQe9vQMOmSse-D)11.jpg;https://ei.phncdn.com/videos/202607/07/54672755/original/(m=eaf8GgaaaWavb)(mh=8uYQe9vQMOmSse-D)12.jpg;https://ei.phncdn.com/videos/202607/07/54672755/original/(m=eaf8GgaaaWavb)(mh=8uYQe9vQMOmSse-D)13.jpg;https://ei.phncdn.com/videos/202607/07/54672755/original/(m=eaf8GgaaaWavb)(mh=8uYQe9vQMOmSse-D)14.jpg;https://ei.phncdn.com/videos/202607/07/54672755/original/(m=eaf8GgaaaWavb)(mh=8uYQe9vQMOmSse-D)15.jpg;https://ei.phncdn.com/videos/202607/07/54672755/original/(m=eaf8GgaaaWavb)(mh=8uYQe9vQMOmSse-D)16.jpg|Curvy girl teases with bare tits and ass 💦|skinny;cute;cosplay|Casting;Czech;Verified Amateurs;Solo Female;Gaming||12|15|||https://ei.phncdn.com/videos/202607/07/54672755/original/(m=eaAaGwObaaamqv)(mh=B2lrHkpUMm38i8Tk)12.jpg|https://ei.phncdn.com/videos/202607/07/54672755/original/(m=eaAaGwObaaamqv)(mh=B2lrHkpUMm38i8Tk)1.jpg;https://ei.phncdn.com/videos/202607/07/54672755/original/(m=eaAaGwObaaamqv)(mh=B2lrHkpUMm38i8Tk)2.jpg;https://ei.phncdn.com/videos/202607/07/54672755/original/(m=eaAaGwObaaamqv)(mh=B2lrHkpUMm38i8Tk)3.jpg;https://ei.phncdn.com/videos/202607/07/54672755/original/(m=eaAaGwObaaamqv)(mh=B2lrHkpUMm38i8Tk)4.jpg;https://ei.phncdn.com/videos/202607/07/54672755/original/(m=eaAaGwObaaamqv)(mh=B2lrHkpUMm38i8Tk)5.jpg;https://ei.phncdn.com/videos/202607/07/54672755/original/(m=eaAaGwObaaamqv)(mh=B2lrHkpUMm38i8Tk)6.jpg;https://ei.phncdn.com/videos/202607/07/54672755/original/(m=eaAaGwObaaamqv)(mh=B2lrHkpUMm38i8Tk)7.jpg;https://ei.phncdn.com/videos/202607/07/54672755/original/(m=eaAaGwObaaamqv)(mh=B2lrHkpUMm38i8Tk)8.jpg;https://ei.phncdn.com/videos/202607/07/54672755/original/(m=eaAaGwObaaamqv)(mh=B2lrHkpUMm38i8Tk)9.jpg;https://ei.phncdn.com/videos/202607/07/54672755/original/(m=eaAaGwObaaamqv)(mh=B2lrHkpUMm38i8Tk)10.jpg;https://ei.phncdn.com/videos/202607/07/54672755/original/(m=eaAaGwObaaamqv)(mh=B2lrHkpUMm38i8Tk)11.jpg;https://ei.phncdn.com/videos/202607/07/54672755/original/(m=eaAaGwObaaamqv)(mh=B2lrHkpUMm38i8Tk)12.jpg;https://ei.phncdn.com/videos/202607/07/54672755/original/(m=eaAaGwObaaamqv)(mh=B2lrHkpUMm38i8Tk)13.jpg;https://ei.phncdn.com/videos/202607/07/54672755/original/(m=eaAaGwObaaamqv)(mh=B2lrHkpUMm38i8Tk)14.jpg;https://ei.phncdn.com/videos/202607/07/54672755/original/(m=eaAaGwObaaamqv)(mh=B2lrHkpUMm38i8Tk)15.jpg;https://ei.phncdn.com/videos/202607/07/54672755/original/(m=eaAaGwObaaamqv)(mh=B2lrHkpUMm38i8Tk)16.jpg
<iframe src="https://www.pornhub.com/embed/6a4dea5b161d5" frameborder="0" height="481" width="608" scrolling="no"></iframe>|https://ei.phncdn.com/videos/202607/08/54786675/original/(m=eaf8GgaaaWavb)(mh=kGvpX1dUPKidYnT6)12.jpg|https://ei.phncdn.com/videos/202607/08/54786675/original/(m=eaf8GgaaaWavb)(mh=kGvpX1dUPKidYnT6)1.jpg;https://ei.phncdn.com/videos/202607/08/54786675/original/(m=eaf8GgaaaWavb)(mh=kGvpX1dUPKidYnT6)2.jpg;https://ei.phncdn.com/videos/202607/08/54786675/original/(m=eaf8GgaaaWavb)(mh=kGvpX1dUPKidYnT6)3.jpg;https://ei.phncdn.com/videos/202607/08/54786675/original/(m=eaf8GgaaaWavb)(mh=kGvpX1dUPKidYnT6)4.jpg;https://ei.phncdn.com/videos/202607/08/54786675/original/(m=eaf8GgaaaWavb)(mh=kGvpX1dUPKidYnT6)5.jpg;https://ei.phncdn.com/videos/202607/08/54786675/original/(m=eaf8GgaaaWavb)(mh=kGvpX1dUPKidYnT6)6.jpg;https://ei.phncdn.com/videos/202607/08/54786675/original/(m=eaf8GgaaaWavb)(mh=kGvpX1dUPKidYnT6)7.jpg;https://ei.phncdn.com/videos/202607/08/54786675/original/(m=eaf8GgaaaWavb)(mh=kGvpX1dUPKidYnT6)8.jpg;https://ei.phncdn.com/videos/202607/08/54786675/original/(m=eaf8GgaaaWavb)(mh=kGvpX1dUPKidYnT6)9.jpg;https://ei.phncdn.com/videos/202607/08/54786675/original/(m=eaf8GgaaaWavb)(mh=kGvpX1dUPKidYnT6)10.jpg;https://ei.phncdn.com/videos/202607/08/54786675/original/(m=eaf8GgaaaWavb)(mh=kGvpX1dUPKidYnT6)11.jpg;https://ei.phncdn.com/videos/202607/08/54786675/original/(m=eaf8GgaaaWavb)(mh=kGvpX1dUPKidYnT6)12.jpg;https://ei.phncdn.com/videos/202607/08/54786675/original/(m=eaf8GgaaaWavb)(mh=kGvpX1dUPKidYnT6)13.jpg;https://ei.phncdn.com/videos/202607/08/54786675/original/(m=eaf8GgaaaWavb)(mh=kGvpX1dUPKidYnT6)14.jpg;https://ei.phncdn.com/videos/202607/08/54786675/original/(m=eaf8GgaaaWavb)(mh=kGvpX1dUPKidYnT6)15.jpg;https://ei.phncdn.com/videos/202607/08/54786675/original/(m=eaf8GgaaaWavb)(mh=kGvpX1dUPKidYnT6)16.jpg|Fuck me hard while I take this selfie 🫦|perfect-body;big-tits;big-ass;tiktok;pov|Casting;Czech;Verified Amateurs;Solo Female;Romantic||13|9|||https://ei.phncdn.com/videos/202607/08/54786675/original/(m=eaAaGwObaaamqv)(mh=7f2cavCqU-PJbs8L)12.jpg|https://ei.phncdn.com/videos/202607/08/54786675/original/(m=eaAaGwObaaamqv)(mh=7f2cavCqU-PJbs8L)1.jpg;https://ei.phncdn.com/videos/202607/08/54786675/original/(m=eaAaGwObaaamqv)(mh=7f2cavCqU-PJbs8L)2.jpg;https://ei.phncdn.com/videos/202607/08/54786675/original/(m=eaAaGwObaaamqv)(mh=7f2cavCqU-PJbs8L)3.jpg;https://ei.phncdn.com/videos/202607/08/54786675/original/(m=eaAaGwObaaamqv)(mh=7f2cavCqU-PJbs8L)4.jpg;https://ei.phncdn.com/videos/202607/08/54786675/original/(m=eaAaGwObaaamqv)(mh=7f2cavCqU-PJbs8L)5.jpg;https://ei.phncdn.com/videos/202607/08/54786675/original/(m=eaAaGwObaaamqv)(mh=7f2cavCqU-PJbs8L)6.jpg;https://ei.phncdn.com/videos/202607/08/54786675/original/(m=eaAaGwObaaamqv)(mh=7f2cavCqU-PJbs8L)7.jpg;https://ei.phncdn.com/videos/202607/08/54786675/original/(m=eaAaGwObaaamqv)(mh=7f2cavCqU-PJbs8L)8.jpg;https://ei.phncdn.com/videos/202607/08/54786675/original/(m=eaAaGwObaaamqv)(mh=7f2cavCqU-PJbs8L)9.jpg;https://ei.phncdn.com/videos/202607/08/54786675/original/(m=eaAaGwObaaamqv)(mh=7f2cavCqU-PJbs8L)10.jpg;https://ei.phncdn.com/videos/202607/08/54786675/original/(m=eaAaGwObaaamqv)(mh=7f2cavCqU-PJbs8L)11.jpg;https://ei.phncdn.com/videos/202607/08/54786675/original/(m=eaAaGwObaaamqv)(mh=7f2cavCqU-PJbs8L)12.jpg;https://ei.phncdn.com/videos/202607/08/54786675/original/(m=eaAaGwObaaamqv)(mh=7f2cavCqU-PJbs8L)13.jpg;https://ei.phncdn.com/videos/202607/08/54786675/original/(m=eaAaGwObaaamqv)(mh=7f2cavCqU-PJbs8L)14.jpg;https://ei.phncdn.com/videos/202607/08/54786675/original/(m=eaAaGwObaaamqv)(mh=7f2cavCqU-PJbs8L)15.jpg;https://ei.phncdn.com/videos/202607/08/54786675/original/(m=eaAaGwObaaamqv)(mh=7f2cavCqU-PJbs8L)16.jpg
<iframe src="https://www.pornhub.com/embed/6a4e36ae8dd8c" frameborder="0" height="481" width="608" scrolling="no"></iframe>|https://ei.phncdn.com/videos/202607/08/54807225/original/(m=eaf8GgaaaWavb)(mh=XlTrasmWaMr25vnJ)12.jpg|https://ei.phncdn.com/videos/202607/08/54807225/original/(m=eaf8GgaaaWavb)(mh=XlTrasmWaMr25vnJ)1.jpg;https://ei.phncdn.com/videos/202607/08/54807225/original/(m=eaf8GgaaaWavb)(mh=XlTrasmWaMr25vnJ)2.jpg;https://ei.phncdn.com/videos/202607/08/54807225/original/(m=eaf8GgaaaWavb)(mh=XlTrasmWaMr25vnJ)3.jpg;https://ei.phncdn.com/videos/202607/08/54807225/original/(m=eaf8GgaaaWavb)(mh=XlTrasmWaMr25vnJ)4.jpg;https://ei.phncdn.com/videos/202607/08/54807225/original/(m=eaf8GgaaaWavb)(mh=XlTrasmWaMr25vnJ)5.jpg;https://ei.phncdn.com/videos/202607/08/54807225/original/(m=eaf8GgaaaWavb)(mh=XlTrasmWaMr25vnJ)6.jpg;https://ei.phncdn.com/videos/202607/08/54807225/original/(m=eaf8GgaaaWavb)(mh=XlTrasmWaMr25vnJ)7.jpg;https://ei.phncdn.com/videos/202607/08/54807225/original/(m=eaf8GgaaaWavb)(mh=XlTrasmWaMr25vnJ)8.jpg;https://ei.phncdn.com/videos/202607/08/54807225/original/(m=eaf8GgaaaWavb)(mh=XlTrasmWaMr25vnJ)9.jpg;https://ei.phncdn.com/videos/202607/08/54807225/original/(m=eaf8GgaaaWavb)(mh=XlTrasmWaMr25vnJ)10.jpg;https://ei.phncdn.com/videos/202607/08/54807225/original/(m=eaf8GgaaaWavb)(mh=XlTrasmWaMr25vnJ)11.jpg;https://ei.phncdn.com/videos/202607/08/54807225/original/(m=eaf8GgaaaWavb)(mh=XlTrasmWaMr25vnJ)12.jpg;https://ei.phncdn.com/videos/202607/08/54807225/original/(m=eaf8GgaaaWavb)(mh=XlTrasmWaMr25vnJ)13.jpg;https://ei.phncdn.com/videos/202607/08/54807225/original/(m=eaf8GgaaaWavb)(mh=XlTrasmWaMr25vnJ)14.jpg;https://ei.phncdn.com/videos/202607/08/54807225/original/(m=eaf8GgaaaWavb)(mh=XlTrasmWaMr25vnJ)15.jpg;https://ei.phncdn.com/videos/202607/08/54807225/original/(m=eaf8GgaaaWavb)(mh=XlTrasmWaMr25vnJ)16.jpg|Naked tits bounce as she grinds slow|asian;goth;natural-tits;tiktok;slut;anal;brunette|Casting;Verified Amateurs;Solo Female;Romantic||12|13|||https://ei.phncdn.com/videos/202607/08/54807225/original/(m=eaAaGwObaaamqv)(mh=ca1U3IHHbJTPHxdD)12.jpg|https://ei.phncdn.com/videos/202607/08/54807225/original/(m=eaAaGwObaaamqv)(mh=ca1U3IHHbJTPHxdD)1.jpg;https://ei.phncdn.com/videos/202607/08/54807225/original/(m=eaAaGwObaaamqv)(mh=ca1U3IHHbJTPHxdD)2.jpg;https://ei.phncdn.com/videos/202607/08/54807225/original/(m=eaAaGwObaaamqv)(mh=ca1U3IHHbJTPHxdD)3.jpg;https://ei.phncdn.com/videos/202607/08/54807225/original/(m=eaAaGwObaaamqv)(mh=ca1U3IHHbJTPHxdD)4.jpg;https://ei.phncdn.com/videos/202607/08/54807225/original/(m=eaAaGwObaaamqv)(mh=ca1U3IHHbJTPHxdD)5.jpg;https://ei.phncdn.com/videos/202607/08/54807225/original/(m=eaAaGwObaaamqv)(mh=ca1U3IHHbJTPHxdD)6.jpg;https://ei.phncdn.com/videos/202607/08/54807225/original/(m=eaAaGwObaaamqv)(mh=ca1U3IHHbJTPHxdD)7.jpg;https://ei.phncdn.com/videos/202607/08/54807225/original/(m=eaAaGwObaaamqv)(mh=ca1U3IHHbJTPHxdD)8.jpg;https://ei.phncdn.com/videos/202607/08/54807225/original/(m=eaAaGwObaaamqv)(mh=ca1U3IHHbJTPHxdD)9.jpg;https://ei.phncdn.com/videos/202607/08/54807225/original/(m=eaAaGwObaaamqv)(mh=ca1U3IHHbJTPHxdD)10.jpg;https://ei.phncdn.com/videos/202607/08/54807225/original/(m=eaAaGwObaaamqv)(mh=ca1U3IHHbJTPHxdD)11.jpg;https://ei.phncdn.com/videos/202607/08/54807225/original/(m=eaAaGwObaaamqv)(mh=ca1U3IHHbJTPHxdD)12.jpg;https://ei.phncdn.com/videos/202607/08/54807225/original/(m=eaAaGwObaaamqv)(mh=ca1U3IHHbJTPHxdD)13.jpg;https://ei.phncdn.com/videos/202607/08/54807225/original/(m=eaAaGwObaaamqv)(mh=ca1U3IHHbJTPHxdD)14.jpg;https://ei.phncdn.com/videos/202607/08/54807225/original/(m=eaAaGwObaaamqv)(mh=ca1U3IHHbJTPHxdD)15.jpg;https://ei.phncdn.com/videos/202607/08/54807225/original/(m=eaAaGwObaaamqv)(mh=ca1U3IHHbJTPHxdD)16.jpg
<iframe src="https://www.pornhub.com/embed/6a4f111b68f9f" frameborder="0" height="481" width="608" scrolling="no"></iframe>|https://ei.phncdn.com/videos/202607/09/54898945/original/(m=eaf8GgaaaWavb)(mh=S9KzMk2WLCDIhGQP)12.jpg|https://ei.phncdn.com/videos/202607/09/54898945/original/(m=eaf8GgaaaWavb)(mh=S9KzMk2WLCDIhGQP)1.jpg;https://ei.phncdn.com/videos/202607/09/54898945/original/(m=eaf8GgaaaWavb)(mh=S9KzMk2WLCDIhGQP)2.jpg;https://ei.phncdn.com/videos/202607/09/54898945/original/(m=eaf8GgaaaWavb)(mh=S9KzMk2WLCDIhGQP)3.jpg;https://ei.phncdn.com/videos/202607/09/54898945/original/(m=eaf8GgaaaWavb)(mh=S9KzMk2WLCDIhGQP)4.jpg;https://ei.phncdn.com/videos/202607/09/54898945/original/(m=eaf8GgaaaWavb)(mh=S9KzMk2WLCDIhGQP)5.jpg;https://ei.phncdn.com/videos/202607/09/54898945/original/(m=eaf8GgaaaWavb)(mh=S9KzMk2WLCDIhGQP)6.jpg;https://ei.phncdn.com/videos/202607/09/54898945/original/(m=eaf8GgaaaWavb)(mh=S9KzMk2WLCDIhGQP)7.jpg;https://ei.phncdn.com/videos/202607/09/54898945/original/(m=eaf8GgaaaWavb)(mh=S9KzMk2WLCDIhGQP)8.jpg;https://ei.phncdn.com/videos/202607/09/54898945/original/(m=eaf8GgaaaWavb)(mh=S9KzMk2WLCDIhGQP)9.jpg;https://ei.phncdn.com/videos/202607/09/54898945/original/(m=eaf8GgaaaWavb)(mh=S9KzMk2WLCDIhGQP)10.jpg;https://ei.phncdn.com/videos/202607/09/54898945/original/(m=eaf8GgaaaWavb)(mh=S9KzMk2WLCDIhGQP)11.jpg;https://ei.phncdn.com/videos/202607/09/54898945/original/(m=eaf8GgaaaWavb)(mh=S9KzMk2WLCDIhGQP)12.jpg;https://ei.phncdn.com/videos/202607/09/54898945/original/(m=eaf8GgaaaWavb)(mh=S9KzMk2WLCDIhGQP)13.jpg;https://ei.phncdn.com/videos/202607/09/54898945/original/(m=eaf8GgaaaWavb)(mh=S9KzMk2WLCDIhGQP)14.jpg;https://ei.phncdn.com/videos/202607/09/54898945/original/(m=eaf8GgaaaWavb)(mh=S9KzMk2WLCDIhGQP)15.jpg;https://ei.phncdn.com/videos/202607/09/54898945/original/(m=eaf8GgaaaWavb)(mh=S9KzMk2WLCDIhGQP)16.jpg|Curvy ass grinds against shower wall hard 💕|brunette;homemade;schoolgirl;big-ass;perfect-body;pov;gamer;vertical-porn|Casting;Verified Amateurs;Solo Female;Tattooed Women||12|299|1|0|https://ei.phncdn.com/videos/202607/09/54898945/original/(m=eaAaGwObaaamqv)(mh=1Jtl-XD69vaqIjNo)12.jpg|https://ei.phncdn.com/videos/202607/09/54898945/original/(m=eaAaGwObaaamqv)(mh=1Jtl-XD69vaqIjNo)1.jpg;https://ei.phncdn.com/videos/202607/09/54898945/original/(m=eaAaGwObaaamqv)(mh=1Jtl-XD69vaqIjNo)2.jpg;https://ei.phncdn.com/videos/202607/09/54898945/original/(m=eaAaGwObaaamqv)(mh=1Jtl-XD69vaqIjNo)3.jpg;https://ei.phncdn.com/videos/202607/09/54898945/original/(m=eaAaGwObaaamqv)(mh=1Jtl-XD69vaqIjNo)4.jpg;https://ei.phncdn.com/videos/202607/09/54898945/original/(m=eaAaGwObaaamqv)(mh=1Jtl-XD69vaqIjNo)5.jpg;https://ei.phncdn.com/videos/202607/09/54898945/original/(m=eaAaGwObaaamqv)(mh=1Jtl-XD69vaqIjNo)6.jpg;https://ei.phncdn.com/videos/202607/09/54898945/original/(m=eaAaGwObaaamqv)(mh=1Jtl-XD69vaqIjNo)7.jpg;https://ei.phncdn.com/videos/202607/09/54898945/original/(m=eaAaGwObaaamqv)(mh=1Jtl-XD69vaqIjNo)8.jpg;https://ei.phncdn.com/videos/202607/09/54898945/original/(m=eaAaGwObaaamqv)(mh=1Jtl-XD69vaqIjNo)9.jpg;https://ei.phncdn.com/videos/202607/09/54898945/original/(m=eaAaGwObaaamqv)(mh=1Jtl-XD69vaqIjNo)10.jpg;https://ei.phncdn.com/videos/202607/09/54898945/original/(m=eaAaGwObaaamqv)(mh=1Jtl-XD69vaqIjNo)11.jpg;https://ei.phncdn.com/videos/202607/09/54898945/original/(m=eaAaGwObaaamqv)(mh=1Jtl-XD69vaqIjNo)12.jpg;https://ei.phncdn.com/videos/202607/09/54898945/original/(m=eaAaGwObaaamqv)(mh=1Jtl-XD69vaqIjNo)13.jpg;https://ei.phncdn.com/videos/202607/09/54898945/original/(m=eaAaGwObaaamqv)(mh=1Jtl-XD69vaqIjNo)14.jpg;https://ei.phncdn.com/videos/202607/09/54898945/original/(m=eaAaGwObaaamqv)(mh=1Jtl-XD69vaqIjNo)15.jpg;https://ei.phncdn.com/videos/202607/09/54898945/original/(m=eaAaGwObaaamqv)(mh=1Jtl-XD69vaqIjNo)16.jpg
<iframe src="https://www.pornhub.com/embed/6a4f5de54a2ea" frameborder="0" height="481" width="608" scrolling="no"></iframe>|https://ei.phncdn.com/videos/202607/09/54919025/original/(m=eaf8GgaaaWavb)(mh=g-Q9Q9MaXQKlBqhf)12.jpg|https://ei.phncdn.com/videos/202607/09/54919025/original/(m=eaf8GgaaaWavb)(mh=g-Q9Q9MaXQKlBqhf)1.jpg;https://ei.phncdn.com/videos/202607/09/54919025/original/(m=eaf8GgaaaWavb)(mh=g-Q9Q9MaXQKlBqhf)2.jpg;https://ei.phncdn.com/videos/202607/09/54919025/original/(m=eaf8GgaaaWavb)(mh=g-Q9Q9MaXQKlBqhf)3.jpg;https://ei.phncdn.com/videos/202607/09/54919025/original/(m=eaf8GgaaaWavb)(mh=g-Q9Q9MaXQKlBqhf)4.jpg;https://ei.phncdn.com/videos/202607/09/54919025/original/(m=eaf8GgaaaWavb)(mh=g-Q9Q9MaXQKlBqhf)5.jpg;https://ei.phncdn.com/videos/202607/09/54919025/original/(m=eaf8GgaaaWavb)(mh=g-Q9Q9MaXQKlBqhf)6.jpg;https://ei.phncdn.com/videos/202607/09/54919025/original/(m=eaf8GgaaaWavb)(mh=g-Q9Q9MaXQKlBqhf)7.jpg;https://ei.phncdn.com/videos/202607/09/54919025/original/(m=eaf8GgaaaWavb)(mh=g-Q9Q9MaXQKlBqhf)8.jpg;https://ei.phncdn.com/videos/202607/09/54919025/original/(m=eaf8GgaaaWavb)(mh=g-Q9Q9MaXQKlBqhf)9.jpg;https://ei.phncdn.com/videos/202607/09/54919025/original/(m=eaf8GgaaaWavb)(mh=g-Q9Q9MaXQKlBqhf)10.jpg;https://ei.phncdn.com/videos/202607/09/54919025/original/(m=eaf8GgaaaWavb)(mh=g-Q9Q9MaXQKlBqhf)11.jpg;https://ei.phncdn.com/videos/202607/09/54919025/original/(m=eaf8GgaaaWavb)(mh=g-Q9Q9MaXQKlBqhf)12.jpg;https://ei.phncdn.com/videos/202607/09/54919025/original/(m=eaf8GgaaaWavb)(mh=g-Q9Q9MaXQKlBqhf)13.jpg;https://ei.phncdn.com/videos/202607/09/54919025/original/(m=eaf8GgaaaWavb)(mh=g-Q9Q9MaXQKlBqhf)14.jpg;https://ei.phncdn.com/videos/202607/09/54919025/original/(m=eaf8GgaaaWavb)(mh=g-Q9Q9MaXQKlBqhf)15.jpg;https://ei.phncdn.com/videos/202607/09/54919025/original/(m=eaf8GgaaaWavb)(mh=g-Q9Q9MaXQKlBqhf)16.jpg|Fuck me hard with that thick cock 😇|gamer;big-tits;e-girl|Casting;Verified Amateurs;Solo Female;Romantic;Gaming||11|14|||https://ei.phncdn.com/videos/202607/09/54919025/original/(m=eaAaGwObaaamqv)(mh=26pOn_Yuf-Jci61u)12.jpg|https://ei.phncdn.com/videos/202607/09/54919025/original/(m=eaAaGwObaaamqv)(mh=26pOn_Yuf-Jci61u)1.jpg;https://ei.phncdn.com/videos/202607/09/54919025/original/(m=eaAaGwObaaamqv)(mh=26pOn_Yuf-Jci61u)2.jpg;https://ei.phncdn.com/videos/202607/09/54919025/original/(m=eaAaGwObaaamqv)(mh=26pOn_Yuf-Jci61u)3.jpg;https://ei.phncdn.com/videos/202607/09/54919025/original/(m=eaAaGwObaaamqv)(mh=26pOn_Yuf-Jci61u)4.jpg;https://ei.phncdn.com/videos/202607/09/54919025/original/(m=eaAaGwObaaamqv)(mh=26pOn_Yuf-Jci61u)5.jpg;https://ei.phncdn.com/videos/202607/09/54919025/original/(m=eaAaGwObaaamqv)(mh=26pOn_Yuf-Jci61u)6.jpg;https://ei.phncdn.com/videos/202607/09/54919025/original/(m=eaAaGwObaaamqv)(mh=26pOn_Yuf-Jci61u)7.jpg;https://ei.phncdn.com/videos/202607/09/54919025/original/(m=eaAaGwObaaamqv)(mh=26pOn_Yuf-Jci61u)8.jpg;https://ei.phncdn.com/videos/202607/09/54919025/original/(m=eaAaGwObaaamqv)(mh=26pOn_Yuf-Jci61u)9.jpg;https://ei.phncdn.com/videos/202607/09/54919025/original/(m=eaAaGwObaaamqv)(mh=26pOn_Yuf-Jci61u)10.jpg;https://ei.phncdn.com/videos/202607/09/54919025/original/(m=eaAaGwObaaamqv)(mh=26pOn_Yuf-Jci61u)11.jpg;https://ei.phncdn.com/videos/202607/09/54919025/original/(m=eaAaGwObaaamqv)(mh=26pOn_Yuf-Jci61u)12.jpg;https://ei.phncdn.com/videos/202607/09/54919025/original/(m=eaAaGwObaaamqv)(mh=26pOn_Yuf-Jci61u)13.jpg;https://ei.phncdn.com/videos/202607/09/54919025/original/(m=eaAaGwObaaamqv)(mh=26pOn_Yuf-Jci61u)14.jpg;https://ei.phncdn.com/videos/202607/09/54919025/original/(m=eaAaGwObaaamqv)(mh=26pOn_Yuf-Jci61u)15.jpg;https://ei.phncdn.com/videos/202607/09/54919025/original/(m=eaAaGwObaaamqv)(mh=26pOn_Yuf-Jci61u)16.jpg
<iframe src="https://www.pornhub.com/embed/6a4fd0e36ac22" frameborder="0" height="481" width="608" scrolling="no"></iframe>|https://ei.phncdn.com/videos/202607/09/54954135/original/(m=eaf8GgaaaWavb)(mh=i9LItEhv-Y7vaWGQ)12.jpg|https://ei.phncdn.com/videos/202607/09/54954135/original/(m=eaf8GgaaaWavb)(mh=i9LItEhv-Y7vaWGQ)1.jpg;https://ei.phncdn.com/videos/202607/09/54954135/original/(m=eaf8GgaaaWavb)(mh=i9LItEhv-Y7vaWGQ)2.jpg;https://ei.phncdn.com/videos/202607/09/54954135/original/(m=eaf8GgaaaWavb)(mh=i9LItEhv-Y7vaWGQ)3.jpg;https://ei.phncdn.com/videos/202607/09/54954135/original/(m=eaf8GgaaaWavb)(mh=i9LItEhv-Y7vaWGQ)4.jpg;https://ei.phncdn.com/videos/202607/09/54954135/original/(m=eaf8GgaaaWavb)(mh=i9LItEhv-Y7vaWGQ)5.jpg;https://ei.phncdn.com/videos/202607/09/54954135/original/(m=eaf8GgaaaWavb)(mh=i9LItEhv-Y7vaWGQ)6.jpg;https://ei.phncdn.com/videos/202607/09/54954135/original/(m=eaf8GgaaaWavb)(mh=i9LItEhv-Y7vaWGQ)7.jpg;https://ei.phncdn.com/videos/202607/09/54954135/original/(m=eaf8GgaaaWavb)(mh=i9LItEhv-Y7vaWGQ)8.jpg;https://ei.phncdn.com/videos/202607/09/54954135/original/(m=eaf8GgaaaWavb)(mh=i9LItEhv-Y7vaWGQ)9.jpg;https://ei.phncdn.com/videos/202607/09/54954135/original/(m=eaf8GgaaaWavb)(mh=i9LItEhv-Y7vaWGQ)10.jpg;https://ei.phncdn.com/videos/202607/09/54954135/original/(m=eaf8GgaaaWavb)(mh=i9LItEhv-Y7vaWGQ)11.jpg;https://ei.phncdn.com/videos/202607/09/54954135/original/(m=eaf8GgaaaWavb)(mh=i9LItEhv-Y7vaWGQ)12.jpg;https://ei.phncdn.com/videos/202607/09/54954135/original/(m=eaf8GgaaaWavb)(mh=i9LItEhv-Y7vaWGQ)13.jpg;https://ei.phncdn.com/videos/202607/09/54954135/original/(m=eaf8GgaaaWavb)(mh=i9LItEhv-Y7vaWGQ)14.jpg;https://ei.phncdn.com/videos/202607/09/54954135/original/(m=eaf8GgaaaWavb)(mh=i9LItEhv-Y7vaWGQ)15.jpg;https://ei.phncdn.com/videos/202607/09/54954135/original/(m=eaf8GgaaaWavb)(mh=i9LItEhv-Y7vaWGQ)16.jpg|Bend me over and fuck me hard|cheating;big-ass;sexy;small|Casting;Verified Amateurs;Cosplay;Solo Female||9|5|||https://ei.phncdn.com/videos/202607/09/54954135/original/(m=eaAaGwObaaamqv)(mh=Df71FD7rkEK9xufX)12.jpg|https://ei.phncdn.com/videos/202607/09/54954135/original/(m=eaAaGwObaaamqv)(mh=Df71FD7rkEK9xufX)1.jpg;https://ei.phncdn.com/videos/202607/09/54954135/original/(m=eaAaGwObaaamqv)(mh=Df71FD7rkEK9xufX)2.jpg;https://ei.phncdn.com/videos/202607/09/54954135/original/(m=eaAaGwObaaamqv)(mh=Df71FD7rkEK9xufX)3.jpg;https://ei.phncdn.com/videos/202607/09/54954135/original/(m=eaAaGwObaaamqv)(mh=Df71FD7rkEK9xufX)4.jpg;https://ei.phncdn.com/videos/202607/09/54954135/original/(m=eaAaGwObaaamqv)(mh=Df71FD7rkEK9xufX)5.jpg;https://ei.phncdn.com/videos/202607/09/54954135/original/(m=eaAaGwObaaamqv)(mh=Df71FD7rkEK9xufX)6.jpg;https://ei.phncdn.com/videos/202607/09/54954135/original/(m=eaAaGwObaaamqv)(mh=Df71FD7rkEK9xufX)7.jpg;https://ei.phncdn.com/videos/202607/09/54954135/original/(m=eaAaGwObaaamqv)(mh=Df71FD7rkEK9xufX)8.jpg;https://ei.phncdn.com/videos/202607/09/54954135/original/(m=eaAaGwObaaamqv)(mh=Df71FD7rkEK9xufX)9.jpg;https://ei.phncdn.com/videos/202607/09/54954135/original/(m=eaAaGwObaaamqv)(mh=Df71FD7rkEK9xufX)10.jpg;https://ei.phncdn.com/videos/202607/09/54954135/original/(m=eaAaGwObaaamqv)(mh=Df71FD7rkEK9xufX)11.jpg;https://ei.phncdn.com/videos/202607/09/54954135/original/(m=eaAaGwObaaamqv)(mh=Df71FD7rkEK9xufX)12.jpg;https://ei.phncdn.com/videos/202607/09/54954135/original/(m=eaAaGwObaaamqv)(mh=Df71FD7rkEK9xufX)13.jpg;https://ei.phncdn.com/videos/202607/09/54954135/original/(m=eaAaGwObaaamqv)(mh=Df71FD7rkEK9xufX)14.jpg;https://ei.phncdn.com/videos/202607/09/54954135/original/(m=eaAaGwObaaamqv)(mh=Df71FD7rkEK9xufX)15.jpg;https://ei.phncdn.com/videos/202607/09/54954135/original/(m=eaAaGwObaaamqv)(mh=Df71FD7rkEK9xufX)16.jpg
<iframe src="https://www.pornhub.com/embed/6a50277adaf5e" frameborder="0" height="481" width="608" scrolling="no"></iframe>|https://ei.phncdn.com/videos/202607/09/54986665/original/(m=eaf8GgaaaWavb)(mh=iFpmMKe37S8DvCw_)12.jpg|https://ei.phncdn.com/videos/202607/09/54986665/original/(m=eaf8GgaaaWavb)(mh=iFpmMKe37S8DvCw_)1.jpg;https://ei.phncdn.com/videos/202607/09/54986665/original/(m=eaf8GgaaaWavb)(mh=iFpmMKe37S8DvCw_)2.jpg;https://ei.phncdn.com/videos/202607/09/54986665/original/(m=eaf8GgaaaWavb)(mh=iFpmMKe37S8DvCw_)3.jpg;https://ei.phncdn.com/videos/202607/09/54986665/original/(m=eaf8GgaaaWavb)(mh=iFpmMKe37S8DvCw_)4.jpg;https://ei.phncdn.com/videos/202607/09/54986665/original/(m=eaf8GgaaaWavb)(mh=iFpmMKe37S8DvCw_)5.jpg;https://ei.phncdn.com/videos/202607/09/54986665/original/(m=eaf8GgaaaWavb)(mh=iFpmMKe37S8DvCw_)6.jpg;https://ei.phncdn.com/videos/202607/09/54986665/original/(m=eaf8GgaaaWavb)(mh=iFpmMKe37S8DvCw_)7.jpg;https://ei.phncdn.com/videos/202607/09/54986665/original/(m=eaf8GgaaaWavb)(mh=iFpmMKe37S8DvCw_)8.jpg;https://ei.phncdn.com/videos/202607/09/54986665/original/(m=eaf8GgaaaWavb)(mh=iFpmMKe37S8DvCw_)9.jpg;https://ei.phncdn.com/videos/202607/09/54986665/original/(m=eaf8GgaaaWavb)(mh=iFpmMKe37S8DvCw_)10.jpg;https://ei.phncdn.com/videos/202607/09/54986665/original/(m=eaf8GgaaaWavb)(mh=iFpmMKe37S8DvCw_)11.jpg;https://ei.phncdn.com/videos/202607/09/54986665/original/(m=eaf8GgaaaWavb)(mh=iFpmMKe37S8DvCw_)12.jpg;https://ei.phncdn.com/videos/202607/09/54986665/original/(m=eaf8GgaaaWavb)(mh=iFpmMKe37S8DvCw_)13.jpg;https://ei.phncdn.com/videos/202607/09/54986665/original/(m=eaf8GgaaaWavb)(mh=iFpmMKe37S8DvCw_)14.jpg;https://ei.phncdn.com/videos/202607/09/54986665/original/(m=eaf8GgaaaWavb)(mh=iFpmMKe37S8DvCw_)15.jpg;https://ei.phncdn.com/videos/202607/09/54986665/original/(m=eaf8GgaaaWavb)(mh=iFpmMKe37S8DvCw_)16.jpg|Touch my tits and make me moan loud 💕|skinny;goth;slut;gamer;alt-girl;sexy;cute;vertical-porn|Casting;Verified Amateurs;Cosplay;Solo Female||12|5|||https://ei.phncdn.com/videos/202607/09/54986665/original/(m=eaAaGwObaaamqv)(mh=PzXcVfQrwXOUTxU6)12.jpg|https://ei.phncdn.com/videos/202607/09/54986665/original/(m=eaAaGwObaaamqv)(mh=PzXcVfQrwXOUTxU6)1.jpg;https://ei.phncdn.com/videos/202607/09/54986665/original/(m=eaAaGwObaaamqv)(mh=PzXcVfQrwXOUTxU6)2.jpg;https://ei.phncdn.com/videos/202607/09/54986665/original/(m=eaAaGwObaaamqv)(mh=PzXcVfQrwXOUTxU6)3.jpg;https://ei.phncdn.com/videos/202607/09/54986665/original/(m=eaAaGwObaaamqv)(mh=PzXcVfQrwXOUTxU6)4.jpg;https://ei.phncdn.com/videos/202607/09/54986665/original/(m=eaAaGwObaaamqv)(mh=PzXcVfQrwXOUTxU6)5.jpg;https://ei.phncdn.com/videos/202607/09/54986665/original/(m=eaAaGwObaaamqv)(mh=PzXcVfQrwXOUTxU6)6.jpg;https://ei.phncdn.com/videos/202607/09/54986665/original/(m=eaAaGwObaaamqv)(mh=PzXcVfQrwXOUTxU6)7.jpg;https://ei.phncdn.com/videos/202607/09/54986665/original/(m=eaAaGwObaaamqv)(mh=PzXcVfQrwXOUTxU6)8.jpg;https://ei.phncdn.com/videos/202607/09/54986665/original/(m=eaAaGwObaaamqv)(mh=PzXcVfQrwXOUTxU6)9.jpg;https://ei.phncdn.com/videos/202607/09/54986665/original/(m=eaAaGwObaaamqv)(mh=PzXcVfQrwXOUTxU6)10.jpg;https://ei.phncdn.com/videos/202607/09/54986665/original/(m=eaAaGwObaaamqv)(mh=PzXcVfQrwXOUTxU6)11.jpg;https://ei.phncdn.com/videos/202607/09/54986665/original/(m=eaAaGwObaaamqv)(mh=PzXcVfQrwXOUTxU6)12.jpg;https://ei.phncdn.com/videos/202607/09/54986665/original/(m=eaAaGwObaaamqv)(mh=PzXcVfQrwXOUTxU6)13.jpg;https://ei.phncdn.com/videos/202607/09/54986665/original/(m=eaAaGwObaaamqv)(mh=PzXcVfQrwXOUTxU6)14.jpg;https://ei.phncdn.com/videos/202607/09/54986665/original/(m=eaAaGwObaaamqv)(mh=PzXcVfQrwXOUTxU6)15.jpg;https://ei.phncdn.com/videos/202607/09/54986665/original/(m=eaAaGwObaaamqv)(mh=PzXcVfQrwXOUTxU6)16.jpg
<iframe src="https://www.pornhub.com/embed/6a50c80b26bbc" frameborder="0" height="481" width="608" scrolling="no"></iframe>|https://ei.phncdn.com/videos/202607/10/55036885/original/(m=eaf8GgaaaWavb)(mh=lSSYQKCKleJdU-6K)12.jpg|https://ei.phncdn.com/videos/202607/10/55036885/original/(m=eaf8GgaaaWavb)(mh=lSSYQKCKleJdU-6K)1.jpg;https://ei.phncdn.com/videos/202607/10/55036885/original/(m=eaf8GgaaaWavb)(mh=lSSYQKCKleJdU-6K)2.jpg;https://ei.phncdn.com/videos/202607/10/55036885/original/(m=eaf8GgaaaWavb)(mh=lSSYQKCKleJdU-6K)3.jpg;https://ei.phncdn.com/videos/202607/10/55036885/original/(m=eaf8GgaaaWavb)(mh=lSSYQKCKleJdU-6K)4.jpg;https://ei.phncdn.com/videos/202607/10/55036885/original/(m=eaf8GgaaaWavb)(mh=lSSYQKCKleJdU-6K)5.jpg;https://ei.phncdn.com/videos/202607/10/55036885/original/(m=eaf8GgaaaWavb)(mh=lSSYQKCKleJdU-6K)6.jpg;https://ei.phncdn.com/videos/202607/10/55036885/original/(m=eaf8GgaaaWavb)(mh=lSSYQKCKleJdU-6K)7.jpg;https://ei.phncdn.com/videos/202607/10/55036885/original/(m=eaf8GgaaaWavb)(mh=lSSYQKCKleJdU-6K)8.jpg;https://ei.phncdn.com/videos/202607/10/55036885/original/(m=eaf8GgaaaWavb)(mh=lSSYQKCKleJdU-6K)9.jpg;https://ei.phncdn.com/videos/202607/10/55036885/original/(m=eaf8GgaaaWavb)(mh=lSSYQKCKleJdU-6K)10.jpg;https://ei.phncdn.com/videos/202607/10/55036885/original/(m=eaf8GgaaaWavb)(mh=lSSYQKCKleJdU-6K)11.jpg;https://ei.phncdn.com/videos/202607/10/55036885/original/(m=eaf8GgaaaWavb)(mh=lSSYQKCKleJdU-6K)12.jpg;https://ei.phncdn.com/videos/202607/10/55036885/original/(m=eaf8GgaaaWavb)(mh=lSSYQKCKleJdU-6K)13.jpg;https://ei.phncdn.com/videos/202607/10/55036885/original/(m=eaf8GgaaaWavb)(mh=lSSYQKCKleJdU-6K)14.jpg;https://ei.phncdn.com/videos/202607/10/55036885/original/(m=eaf8GgaaaWavb)(mh=lSSYQKCKleJdU-6K)15.jpg;https://ei.phncdn.com/videos/202607/10/55036885/original/(m=eaf8GgaaaWavb)(mh=lSSYQKCKleJdU-6K)16.jpg|Big tits bounce as she grinds slow 😋|big-ass;rough;teenage;small;shaved-pussy;cosplay;onlyfans|Casting;Russian;Czech;Verified Amateurs;Solo Female;Tattooed Women;Gaming||12|9|1|0|https://ei.phncdn.com/videos/202607/10/55036885/original/(m=eaAaGwObaaamqv)(mh=WH9ZProbzSPgUSv5)12.jpg|https://ei.phncdn.com/videos/202607/10/55036885/original/(m=eaAaGwObaaamqv)(mh=WH9ZProbzSPgUSv5)1.jpg;https://ei.phncdn.com/videos/202607/10/55036885/original/(m=eaAaGwObaaamqv)(mh=WH9ZProbzSPgUSv5)2.jpg;https://ei.phncdn.com/videos/202607/10/55036885/original/(m=eaAaGwObaaamqv)(mh=WH9ZProbzSPgUSv5)3.jpg;https://ei.phncdn.com/videos/202607/10/55036885/original/(m=eaAaGwObaaamqv)(mh=WH9ZProbzSPgUSv5)4.jpg;https://ei.phncdn.com/videos/202607/10/55036885/original/(m=eaAaGwObaaamqv)(mh=WH9ZProbzSPgUSv5)5.jpg;https://ei.phncdn.com/videos/202607/10/55036885/original/(m=eaAaGwObaaamqv)(mh=WH9ZProbzSPgUSv5)6.jpg;https://ei.phncdn.com/videos/202607/10/55036885/original/(m=eaAaGwObaaamqv)(mh=WH9ZProbzSPgUSv5)7.jpg;https://ei.phncdn.com/videos/202607/10/55036885/original/(m=eaAaGwObaaamqv)(mh=WH9ZProbzSPgUSv5)8.jpg;https://ei.phncdn.com/videos/202607/10/55036885/original/(m=eaAaGwObaaamqv)(mh=WH9ZProbzSPgUSv5)9.jpg;https://ei.phncdn.com/videos/202607/10/55036885/original/(m=eaAaGwObaaamqv)(mh=WH9ZProbzSPgUSv5)10.jpg;https://ei.phncdn.com/videos/202607/10/55036885/original/(m=eaAaGwObaaamqv)(mh=WH9ZProbzSPgUSv5)11.jpg;https://ei.phncdn.com/videos/202607/10/55036885/original/(m=eaAaGwObaaamqv)(mh=WH9ZProbzSPgUSv5)12.jpg;https://ei.phncdn.com/videos/202607/10/55036885/original/(m=eaAaGwObaaamqv)(mh=WH9ZProbzSPgUSv5)13.jpg;https://ei.phncdn.com/videos/202607/10/55036885/original/(m=eaAaGwObaaamqv)(mh=WH9ZProbzSPgUSv5)14.jpg;https://ei.phncdn.com/videos/202607/10/55036885/original/(m=eaAaGwObaaamqv)(mh=WH9ZProbzSPgUSv5)15.jpg;https://ei.phncdn.com/videos/202607/10/55036885/original/(m=eaAaGwObaaamqv)(mh=WH9ZProbzSPgUSv5)16.jpg
<iframe src="https://www.pornhub.com/embed/6a5161dc57959" frameborder="0" height="481" width="608" scrolling="no"></iframe>|https://ei.phncdn.com/videos/202607/10/55090655/original/(m=eaf8GgaaaWavb)(mh=c7dNrnGfJqZ6ji7e)12.jpg|https://ei.phncdn.com/videos/202607/10/55090655/original/(m=eaf8GgaaaWavb)(mh=c7dNrnGfJqZ6ji7e)1.jpg;https://ei.phncdn.com/videos/202607/10/55090655/original/(m=eaf8GgaaaWavb)(mh=c7dNrnGfJqZ6ji7e)2.jpg;https://ei.phncdn.com/videos/202607/10/55090655/original/(m=eaf8GgaaaWavb)(mh=c7dNrnGfJqZ6ji7e)3.jpg;https://ei.phncdn.com/videos/202607/10/55090655/original/(m=eaf8GgaaaWavb)(mh=c7dNrnGfJqZ6ji7e)4.jpg;https://ei.phncdn.com/videos/202607/10/55090655/original/(m=eaf8GgaaaWavb)(mh=c7dNrnGfJqZ6ji7e)5.jpg;https://ei.phncdn.com/videos/202607/10/55090655/original/(m=eaf8GgaaaWavb)(mh=c7dNrnGfJqZ6ji7e)6.jpg;https://ei.phncdn.com/videos/202607/10/55090655/original/(m=eaf8GgaaaWavb)(mh=c7dNrnGfJqZ6ji7e)7.jpg;https://ei.phncdn.com/videos/202607/10/55090655/original/(m=eaf8GgaaaWavb)(mh=c7dNrnGfJqZ6ji7e)8.jpg;https://ei.phncdn.com/videos/202607/10/55090655/original/(m=eaf8GgaaaWavb)(mh=c7dNrnGfJqZ6ji7e)9.jpg;https://ei.phncdn.com/videos/202607/10/55090655/original/(m=eaf8GgaaaWavb)(mh=c7dNrnGfJqZ6ji7e)10.jpg;https://ei.phncdn.com/videos/202607/10/55090655/original/(m=eaf8GgaaaWavb)(mh=c7dNrnGfJqZ6ji7e)11.jpg;https://ei.phncdn.com/videos/202607/10/55090655/original/(m=eaf8GgaaaWavb)(mh=c7dNrnGfJqZ6ji7e)12.jpg;https://ei.phncdn.com/videos/202607/10/55090655/original/(m=eaf8GgaaaWavb)(mh=c7dNrnGfJqZ6ji7e)13.jpg;https://ei.phncdn.com/videos/202607/10/55090655/original/(m=eaf8GgaaaWavb)(mh=c7dNrnGfJqZ6ji7e)14.jpg;https://ei.phncdn.com/videos/202607/10/55090655/original/(m=eaf8GgaaaWavb)(mh=c7dNrnGfJqZ6ji7e)15.jpg;https://ei.phncdn.com/videos/202607/10/55090655/original/(m=eaf8GgaaaWavb)(mh=c7dNrnGfJqZ6ji7e)16.jpg|Bend me over and pound my ass hard 😳|big-tits;cheating;solo-female;stockings;rough;cosplay;schoolgirl|Casting;Czech;Verified Amateurs;Solo Female;Gaming||12|27|1|0|https://ei.phncdn.com/videos/202607/10/55090655/original/(m=eaAaGwObaaamqv)(mh=tY8T10Npp2aa66XU)12.jpg|https://ei.phncdn.com/videos/202607/10/55090655/original/(m=eaAaGwObaaamqv)(mh=tY8T10Npp2aa66XU)1.jpg;https://ei.phncdn.com/videos/202607/10/55090655/original/(m=eaAaGwObaaamqv)(mh=tY8T10Npp2aa66XU)2.jpg;https://ei.phncdn.com/videos/202607/10/55090655/original/(m=eaAaGwObaaamqv)(mh=tY8T10Npp2aa66XU)3.jpg;https://ei.phncdn.com/videos/202607/10/55090655/original/(m=eaAaGwObaaamqv)(mh=tY8T10Npp2aa66XU)4.jpg;https://ei.phncdn.com/videos/202607/10/55090655/original/(m=eaAaGwObaaamqv)(mh=tY8T10Npp2aa66XU)5.jpg;https://ei.phncdn.com/videos/202607/10/55090655/original/(m=eaAaGwObaaamqv)(mh=tY8T10Npp2aa66XU)6.jpg;https://ei.phncdn.com/videos/202607/10/55090655/original/(m=eaAaGwObaaamqv)(mh=tY8T10Npp2aa66XU)7.jpg;https://ei.phncdn.com/videos/202607/10/55090655/original/(m=eaAaGwObaaamqv)(mh=tY8T10Npp2aa66XU)8.jpg;https://ei.phncdn.com/videos/202607/10/55090655/original/(m=eaAaGwObaaamqv)(mh=tY8T10Npp2aa66XU)9.jpg;https://ei.phncdn.com/videos/202607/10/55090655/original/(m=eaAaGwObaaamqv)(mh=tY8T10Npp2aa66XU)10.jpg;https://ei.phncdn.com/videos/202607/10/55090655/original/(m=eaAaGwObaaamqv)(mh=tY8T10Npp2aa66XU)11.jpg;https://ei.phncdn.com/videos/202607/10/55090655/original/(m=eaAaGwObaaamqv)(mh=tY8T10Npp2aa66XU)12.jpg;https://ei.phncdn.com/videos/202607/10/55090655/original/(m=eaAaGwObaaamqv)(mh=tY8T10Npp2aa66XU)13.jpg;https://ei.phncdn.com/videos/202607/10/55090655/original/(m=eaAaGwObaaamqv)(mh=tY8T10Npp2aa66XU)14.jpg;https://ei.phncdn.com/videos/202607/10/55090655/original/(m=eaAaGwObaaamqv)(mh=tY8T10Npp2aa66XU)15.jpg;https://ei.phncdn.com/videos/202607/10/55090655/original/(m=eaAaGwObaaamqv)(mh=tY8T10Npp2aa66XU)16.jpg
<iframe src="https://www.pornhub.com/embed/6a518dd1cb2b9" frameborder="0" height="481" width="608" scrolling="no"></iframe>|https://ei.phncdn.com/videos/202607/11/55107215/original/(m=eaf8GgaaaWavb)(mh=symDkaMkG3NCr8Nh)12.jpg|https://ei.phncdn.com/videos/202607/11/55107215/original/(m=eaf8GgaaaWavb)(mh=symDkaMkG3NCr8Nh)1.jpg;https://ei.phncdn.com/videos/202607/11/55107215/original/(m=eaf8GgaaaWavb)(mh=symDkaMkG3NCr8Nh)2.jpg;https://ei.phncdn.com/videos/202607/11/55107215/original/(m=eaf8GgaaaWavb)(mh=symDkaMkG3NCr8Nh)3.jpg;https://ei.phncdn.com/videos/202607/11/55107215/original/(m=eaf8GgaaaWavb)(mh=symDkaMkG3NCr8Nh)4.jpg;https://ei.phncdn.com/videos/202607/11/55107215/original/(m=eaf8GgaaaWavb)(mh=symDkaMkG3NCr8Nh)5.jpg;https://ei.phncdn.com/videos/202607/11/55107215/original/(m=eaf8GgaaaWavb)(mh=symDkaMkG3NCr8Nh)6.jpg;https://ei.phncdn.com/videos/202607/11/55107215/original/(m=eaf8GgaaaWavb)(mh=symDkaMkG3NCr8Nh)7.jpg;https://ei.phncdn.com/videos/202607/11/55107215/original/(m=eaf8GgaaaWavb)(mh=symDkaMkG3NCr8Nh)8.jpg;https://ei.phncdn.com/videos/202607/11/55107215/original/(m=eaf8GgaaaWavb)(mh=symDkaMkG3NCr8Nh)9.jpg;https://ei.phncdn.com/videos/202607/11/55107215/original/(m=eaf8GgaaaWavb)(mh=symDkaMkG3NCr8Nh)10.jpg;https://ei.phncdn.com/videos/202607/11/55107215/original/(m=eaf8GgaaaWavb)(mh=symDkaMkG3NCr8Nh)11.jpg;https://ei.phncdn.com/videos/202607/11/55107215/original/(m=eaf8GgaaaWavb)(mh=symDkaMkG3NCr8Nh)12.jpg;https://ei.phncdn.com/videos/202607/11/55107215/original/(m=eaf8GgaaaWavb)(mh=symDkaMkG3NCr8Nh)13.jpg;https://ei.phncdn.com/videos/202607/11/55107215/original/(m=eaf8GgaaaWavb)(mh=symDkaMkG3NCr8Nh)14.jpg;https://ei.phncdn.com/videos/202607/11/55107215/original/(m=eaf8GgaaaWavb)(mh=symDkaMkG3NCr8Nh)15.jpg;https://ei.phncdn.com/videos/202607/11/55107215/original/(m=eaf8GgaaaWavb)(mh=symDkaMkG3NCr8Nh)16.jpg|I want your mouth on my tits now|blowjob;dildo;onlyfans;big-tits;ginger;perfect-body;tattoo;cute|Casting;Russian;Verified Amateurs;Solo Female||12|7|||https://ei.phncdn.com/videos/202607/11/55107215/original/(m=eaAaGwObaaamqv)(mh=iXmG6e6BI2s1QENX)12.jpg|https://ei.phncdn.com/videos/202607/11/55107215/original/(m=eaAaGwObaaamqv)(mh=iXmG6e6BI2s1QENX)1.jpg;https://ei.phncdn.com/videos/202607/11/55107215/original/(m=eaAaGwObaaamqv)(mh=iXmG6e6BI2s1QENX)2.jpg;https://ei.phncdn.com/videos/202607/11/55107215/original/(m=eaAaGwObaaamqv)(mh=iXmG6e6BI2s1QENX)3.jpg;https://ei.phncdn.com/videos/202607/11/55107215/original/(m=eaAaGwObaaamqv)(mh=iXmG6e6BI2s1QENX)4.jpg;https://ei.phncdn.com/videos/202607/11/55107215/original/(m=eaAaGwObaaamqv)(mh=iXmG6e6BI2s1QENX)5.jpg;https://ei.phncdn.com/videos/202607/11/55107215/original/(m=eaAaGwObaaamqv)(mh=iXmG6e6BI2s1QENX)6.jpg;https://ei.phncdn.com/videos/202607/11/55107215/original/(m=eaAaGwObaaamqv)(mh=iXmG6e6BI2s1QENX)7.jpg;https://ei.phncdn.com/videos/202607/11/55107215/original/(m=eaAaGwObaaamqv)(mh=iXmG6e6BI2s1QENX)8.jpg;https://ei.phncdn.com/videos/202607/11/55107215/original/(m=eaAaGwObaaamqv)(mh=iXmG6e6BI2s1QENX)9.jpg;https://ei.phncdn.com/videos/202607/11/55107215/original/(m=eaAaGwObaaamqv)(mh=iXmG6e6BI2s1QENX)10.jpg;https://ei.phncdn.com/videos/202607/11/55107215/original/(m=eaAaGwObaaamqv)(mh=iXmG6e6BI2s1QENX)11.jpg;https://ei.phncdn.com/videos/202607/11/55107215/original/(m=eaAaGwObaaamqv)(mh=iXmG6e6BI2s1QENX)12.jpg;https://ei.phncdn.com/videos/202607/11/55107215/original/(m=eaAaGwObaaamqv)(mh=iXmG6e6BI2s1QENX)13.jpg;https://ei.phncdn.com/videos/202607/11/55107215/original/(m=eaAaGwObaaamqv)(mh=iXmG6e6BI2s1QENX)14.jpg;https://ei.phncdn.com/videos/202607/11/55107215/original/(m=eaAaGwObaaamqv)(mh=iXmG6e6BI2s1QENX)15.jpg;https://ei.phncdn.com/videos/202607/11/55107215/original/(m=eaAaGwObaaamqv)(mh=iXmG6e6BI2s1QENX)16.jpg
<iframe src="https://www.pornhub.com/embed/6a51a667a0260" frameborder="0" height="481" width="608" scrolling="no"></iframe>|https://ei.phncdn.com/videos/202607/11/55117385/original/(m=eaf8GgaaaWavb)(mh=QDzcD7q6NCM1gB8j)12.jpg|https://ei.phncdn.com/videos/202607/11/55117385/original/(m=eaf8GgaaaWavb)(mh=QDzcD7q6NCM1gB8j)1.jpg;https://ei.phncdn.com/videos/202607/11/55117385/original/(m=eaf8GgaaaWavb)(mh=QDzcD7q6NCM1gB8j)2.jpg;https://ei.phncdn.com/videos/202607/11/55117385/original/(m=eaf8GgaaaWavb)(mh=QDzcD7q6NCM1gB8j)3.jpg;https://ei.phncdn.com/videos/202607/11/55117385/original/(m=eaf8GgaaaWavb)(mh=QDzcD7q6NCM1gB8j)4.jpg;https://ei.phncdn.com/videos/202607/11/55117385/original/(m=eaf8GgaaaWavb)(mh=QDzcD7q6NCM1gB8j)5.jpg;https://ei.phncdn.com/videos/202607/11/55117385/original/(m=eaf8GgaaaWavb)(mh=QDzcD7q6NCM1gB8j)6.jpg;https://ei.phncdn.com/videos/202607/11/55117385/original/(m=eaf8GgaaaWavb)(mh=QDzcD7q6NCM1gB8j)7.jpg;https://ei.phncdn.com/videos/202607/11/55117385/original/(m=eaf8GgaaaWavb)(mh=QDzcD7q6NCM1gB8j)8.jpg;https://ei.phncdn.com/videos/202607/11/55117385/original/(m=eaf8GgaaaWavb)(mh=QDzcD7q6NCM1gB8j)9.jpg;https://ei.phncdn.com/videos/202607/11/55117385/original/(m=eaf8GgaaaWavb)(mh=QDzcD7q6NCM1gB8j)10.jpg;https://ei.phncdn.com/videos/202607/11/55117385/original/(m=eaf8GgaaaWavb)(mh=QDzcD7q6NCM1gB8j)11.jpg;https://ei.phncdn.com/videos/202607/11/55117385/original/(m=eaf8GgaaaWavb)(mh=QDzcD7q6NCM1gB8j)12.jpg;https://ei.phncdn.com/videos/202607/11/55117385/original/(m=eaf8GgaaaWavb)(mh=QDzcD7q6NCM1gB8j)13.jpg;https://ei.phncdn.com/videos/202607/11/55117385/original/(m=eaf8GgaaaWavb)(mh=QDzcD7q6NCM1gB8j)14.jpg;https://ei.phncdn.com/videos/202607/11/55117385/original/(m=eaf8GgaaaWavb)(mh=QDzcD7q6NCM1gB8j)15.jpg;https://ei.phncdn.com/videos/202607/11/55117385/original/(m=eaf8GgaaaWavb)(mh=QDzcD7q6NCM1gB8j)16.jpg|Im so wet, finger me harder now 💘|cute;shaved-pussy;perfect-body;natural-tits;e-girl;lingerie;new;busty|Casting;Exclusive;Verified Amateurs;Solo Female;Romantic||12|19|2|0|https://ei.phncdn.com/videos/202607/11/55117385/original/(m=eaAaGwObaaamqv)(mh=p3LXwkS7E_5dVY3P)12.jpg|https://ei.phncdn.com/videos/202607/11/55117385/original/(m=eaAaGwObaaamqv)(mh=p3LXwkS7E_5dVY3P)1.jpg;https://ei.phncdn.com/videos/202607/11/55117385/original/(m=eaAaGwObaaamqv)(mh=p3LXwkS7E_5dVY3P)2.jpg;https://ei.phncdn.com/videos/202607/11/55117385/original/(m=eaAaGwObaaamqv)(mh=p3LXwkS7E_5dVY3P)3.jpg;https://ei.phncdn.com/videos/202607/11/55117385/original/(m=eaAaGwObaaamqv)(mh=p3LXwkS7E_5dVY3P)4.jpg;https://ei.phncdn.com/videos/202607/11/55117385/original/(m=eaAaGwObaaamqv)(mh=p3LXwkS7E_5dVY3P)5.jpg;https://ei.phncdn.com/videos/202607/11/55117385/original/(m=eaAaGwObaaamqv)(mh=p3LXwkS7E_5dVY3P)6.jpg;https://ei.phncdn.com/videos/202607/11/55117385/original/(m=eaAaGwObaaamqv)(mh=p3LXwkS7E_5dVY3P)7.jpg;https://ei.phncdn.com/videos/202607/11/55117385/original/(m=eaAaGwObaaamqv)(mh=p3LXwkS7E_5dVY3P)8.jpg;https://ei.phncdn.com/videos/202607/11/55117385/original/(m=eaAaGwObaaamqv)(mh=p3LXwkS7E_5dVY3P)9.jpg;https://ei.phncdn.com/videos/202607/11/55117385/original/(m=eaAaGwObaaamqv)(mh=p3LXwkS7E_5dVY3P)10.jpg;https://ei.phncdn.com/videos/202607/11/55117385/original/(m=eaAaGwObaaamqv)(mh=p3LXwkS7E_5dVY3P)11.jpg;https://ei.phncdn.com/videos/202607/11/55117385/original/(m=eaAaGwObaaamqv)(mh=p3LXwkS7E_5dVY3P)12.jpg;https://ei.phncdn.com/videos/202607/11/55117385/original/(m=eaAaGwObaaamqv)(mh=p3LXwkS7E_5dVY3P)13.jpg;https://ei.phncdn.com/videos/202607/11/55117385/original/(m=eaAaGwObaaamqv)(mh=p3LXwkS7E_5dVY3P)14.jpg;https://ei.phncdn.com/videos/202607/11/55117385/original/(m=eaAaGwObaaamqv)(mh=p3LXwkS7E_5dVY3P)15.jpg;https://ei.phncdn.com/videos/202607/11/55117385/original/(m=eaAaGwObaaamqv)(mh=p3LXwkS7E_5dVY3P)16.jpg
<iframe src="https://www.pornhub.com/embed/6a52027fa28b5" frameborder="0" height="481" width="608" scrolling="no"></iframe>|https://ei.phncdn.com/videos/202607/11/55146395/original/(m=eaf8GgaaaWavb)(mh=gnr-cGhkJmzIMnP7)12.jpg|https://ei.phncdn.com/videos/202607/11/55146395/original/(m=eaf8GgaaaWavb)(mh=gnr-cGhkJmzIMnP7)1.jpg;https://ei.phncdn.com/videos/202607/11/55146395/original/(m=eaf8GgaaaWavb)(mh=gnr-cGhkJmzIMnP7)2.jpg;https://ei.phncdn.com/videos/202607/11/55146395/original/(m=eaf8GgaaaWavb)(mh=gnr-cGhkJmzIMnP7)3.jpg;https://ei.phncdn.com/videos/202607/11/55146395/original/(m=eaf8GgaaaWavb)(mh=gnr-cGhkJmzIMnP7)4.jpg;https://ei.phncdn.com/videos/202607/11/55146395/original/(m=eaf8GgaaaWavb)(mh=gnr-cGhkJmzIMnP7)5.jpg;https://ei.phncdn.com/videos/202607/11/55146395/original/(m=eaf8GgaaaWavb)(mh=gnr-cGhkJmzIMnP7)6.jpg;https://ei.phncdn.com/videos/202607/11/55146395/original/(m=eaf8GgaaaWavb)(mh=gnr-cGhkJmzIMnP7)7.jpg;https://ei.phncdn.com/videos/202607/11/55146395/original/(m=eaf8GgaaaWavb)(mh=gnr-cGhkJmzIMnP7)8.jpg;https://ei.phncdn.com/videos/202607/11/55146395/original/(m=eaf8GgaaaWavb)(mh=gnr-cGhkJmzIMnP7)9.jpg;https://ei.phncdn.com/videos/202607/11/55146395/original/(m=eaf8GgaaaWavb)(mh=gnr-cGhkJmzIMnP7)10.jpg;https://ei.phncdn.com/videos/202607/11/55146395/original/(m=eaf8GgaaaWavb)(mh=gnr-cGhkJmzIMnP7)11.jpg;https://ei.phncdn.com/videos/202607/11/55146395/original/(m=eaf8GgaaaWavb)(mh=gnr-cGhkJmzIMnP7)12.jpg;https://ei.phncdn.com/videos/202607/11/55146395/original/(m=eaf8GgaaaWavb)(mh=gnr-cGhkJmzIMnP7)13.jpg;https://ei.phncdn.com/videos/202607/11/55146395/original/(m=eaf8GgaaaWavb)(mh=gnr-cGhkJmzIMnP7)14.jpg;https://ei.phncdn.com/videos/202607/11/55146395/original/(m=eaf8GgaaaWavb)(mh=gnr-cGhkJmzIMnP7)15.jpg;https://ei.phncdn.com/videos/202607/11/55146395/original/(m=eaf8GgaaaWavb)(mh=gnr-cGhkJmzIMnP7)16.jpg|Wanna bury your face in my wet slit? 💕|rough;amateur;gamer|Casting;Czech;Verified Amateurs;Solo Female||12|12|1|0|https://ei.phncdn.com/videos/202607/11/55146395/original/(m=eaAaGwObaaamqv)(mh=_YxbNwkYfjiGO6ZP)12.jpg|https://ei.phncdn.com/videos/202607/11/55146395/original/(m=eaAaGwObaaamqv)(mh=_YxbNwkYfjiGO6ZP)1.jpg;https://ei.phncdn.com/videos/202607/11/55146395/original/(m=eaAaGwObaaamqv)(mh=_YxbNwkYfjiGO6ZP)2.jpg;https://ei.phncdn.com/videos/202607/11/55146395/original/(m=eaAaGwObaaamqv)(mh=_YxbNwkYfjiGO6ZP)3.jpg;https://ei.phncdn.com/videos/202607/11/55146395/original/(m=eaAaGwObaaamqv)(mh=_YxbNwkYfjiGO6ZP)4.jpg;https://ei.phncdn.com/videos/202607/11/55146395/original/(m=eaAaGwObaaamqv)(mh=_YxbNwkYfjiGO6ZP)5.jpg;https://ei.phncdn.com/videos/202607/11/55146395/original/(m=eaAaGwObaaamqv)(mh=_YxbNwkYfjiGO6ZP)6.jpg;https://ei.phncdn.com/videos/202607/11/55146395/original/(m=eaAaGwObaaamqv)(mh=_YxbNwkYfjiGO6ZP)7.jpg;https://ei.phncdn.com/videos/202607/11/55146395/original/(m=eaAaGwObaaamqv)(mh=_YxbNwkYfjiGO6ZP)8.jpg;https://ei.phncdn.com/videos/202607/11/55146395/original/(m=eaAaGwObaaamqv)(mh=_YxbNwkYfjiGO6ZP)9.jpg;https://ei.phncdn.com/videos/202607/11/55146395/original/(m=eaAaGwObaaamqv)(mh=_YxbNwkYfjiGO6ZP)10.jpg;https://ei.phncdn.com/videos/202607/11/55146395/original/(m=eaAaGwObaaamqv)(mh=_YxbNwkYfjiGO6ZP)11.jpg;https://ei.phncdn.com/videos/202607/11/55146395/original/(m=eaAaGwObaaamqv)(mh=_YxbNwkYfjiGO6ZP)12.jpg;https://ei.phncdn.com/videos/202607/11/55146395/original/(m=eaAaGwObaaamqv)(mh=_YxbNwkYfjiGO6ZP)13.jpg;https://ei.phncdn.com/videos/202607/11/55146395/original/(m=eaAaGwObaaamqv)(mh=_YxbNwkYfjiGO6ZP)14.jpg;https://ei.phncdn.com/videos/202607/11/55146395/original/(m=eaAaGwObaaamqv)(mh=_YxbNwkYfjiGO6ZP)15.jpg;https://ei.phncdn.com/videos/202607/11/55146395/original/(m=eaAaGwObaaamqv)(mh=_YxbNwkYfjiGO6ZP)16.jpg
<iframe src="https://www.pornhub.com/embed/6a52e89134abe" frameborder="0" height="481" width="608" scrolling="no"></iframe>|https://ei.phncdn.com/videos/202607/12/55230755/original/(m=eaf8GgaaaWavb)(mh=Gi_3kLgeJ_BP13eU)12.jpg|https://ei.phncdn.com/videos/202607/12/55230755/original/(m=eaf8GgaaaWavb)(mh=Gi_3kLgeJ_BP13eU)1.jpg;https://ei.phncdn.com/videos/202607/12/55230755/original/(m=eaf8GgaaaWavb)(mh=Gi_3kLgeJ_BP13eU)2.jpg;https://ei.phncdn.com/videos/202607/12/55230755/original/(m=eaf8GgaaaWavb)(mh=Gi_3kLgeJ_BP13eU)3.jpg;https://ei.phncdn.com/videos/202607/12/55230755/original/(m=eaf8GgaaaWavb)(mh=Gi_3kLgeJ_BP13eU)4.jpg;https://ei.phncdn.com/videos/202607/12/55230755/original/(m=eaf8GgaaaWavb)(mh=Gi_3kLgeJ_BP13eU)5.jpg;https://ei.phncdn.com/videos/202607/12/55230755/original/(m=eaf8GgaaaWavb)(mh=Gi_3kLgeJ_BP13eU)6.jpg;https://ei.phncdn.com/videos/202607/12/55230755/original/(m=eaf8GgaaaWavb)(mh=Gi_3kLgeJ_BP13eU)7.jpg;https://ei.phncdn.com/videos/202607/12/55230755/original/(m=eaf8GgaaaWavb)(mh=Gi_3kLgeJ_BP13eU)8.jpg;https://ei.phncdn.com/videos/202607/12/55230755/original/(m=eaf8GgaaaWavb)(mh=Gi_3kLgeJ_BP13eU)9.jpg;https://ei.phncdn.com/videos/202607/12/55230755/original/(m=eaf8GgaaaWavb)(mh=Gi_3kLgeJ_BP13eU)10.jpg;https://ei.phncdn.com/videos/202607/12/55230755/original/(m=eaf8GgaaaWavb)(mh=Gi_3kLgeJ_BP13eU)11.jpg;https://ei.phncdn.com/videos/202607/12/55230755/original/(m=eaf8GgaaaWavb)(mh=Gi_3kLgeJ_BP13eU)12.jpg;https://ei.phncdn.com/videos/202607/12/55230755/original/(m=eaf8GgaaaWavb)(mh=Gi_3kLgeJ_BP13eU)13.jpg;https://ei.phncdn.com/videos/202607/12/55230755/original/(m=eaf8GgaaaWavb)(mh=Gi_3kLgeJ_BP13eU)14.jpg;https://ei.phncdn.com/videos/202607/12/55230755/original/(m=eaf8GgaaaWavb)(mh=Gi_3kLgeJ_BP13eU)15.jpg;https://ei.phncdn.com/videos/202607/12/55230755/original/(m=eaf8GgaaaWavb)(mh=Gi_3kLgeJ_BP13eU)16.jpg|Wet slit pressed hard against the table 💗|popular;skinny;slut;blowjob|Casting;Czech;Verified Amateurs;Cosplay;Solo Female;Romantic;Gaming||12|15|||https://ei.phncdn.com/videos/202607/12/55230755/original/(m=eaAaGwObaaamqv)(mh=W30KMjh0J1QwVh01)12.jpg|https://ei.phncdn.com/videos/202607/12/55230755/original/(m=eaAaGwObaaamqv)(mh=W30KMjh0J1QwVh01)1.jpg;https://ei.phncdn.com/videos/202607/12/55230755/original/(m=eaAaGwObaaamqv)(mh=W30KMjh0J1QwVh01)2.jpg;https://ei.phncdn.com/videos/202607/12/55230755/original/(m=eaAaGwObaaamqv)(mh=W30KMjh0J1QwVh01)3.jpg;https://ei.phncdn.com/videos/202607/12/55230755/original/(m=eaAaGwObaaamqv)(mh=W30KMjh0J1QwVh01)4.jpg;https://ei.phncdn.com/videos/202607/12/55230755/original/(m=eaAaGwObaaamqv)(mh=W30KMjh0J1QwVh01)5.jpg;https://ei.phncdn.com/videos/202607/12/55230755/original/(m=eaAaGwObaaamqv)(mh=W30KMjh0J1QwVh01)6.jpg;https://ei.phncdn.com/videos/202607/12/55230755/original/(m=eaAaGwObaaamqv)(mh=W30KMjh0J1QwVh01)7.jpg;https://ei.phncdn.com/videos/202607/12/55230755/original/(m=eaAaGwObaaamqv)(mh=W30KMjh0J1QwVh01)8.jpg;https://ei.phncdn.com/videos/202607/12/55230755/original/(m=eaAaGwObaaamqv)(mh=W30KMjh0J1QwVh01)9.jpg;https://ei.phncdn.com/videos/202607/12/55230755/original/(m=eaAaGwObaaamqv)(mh=W30KMjh0J1QwVh01)10.jpg;https://ei.phncdn.com/videos/202607/12/55230755/original/(m=eaAaGwObaaamqv)(mh=W30KMjh0J1QwVh01)11.jpg;https://ei.phncdn.com/videos/202607/12/55230755/original/(m=eaAaGwObaaamqv)(mh=W30KMjh0J1QwVh01)12.jpg;https://ei.phncdn.com/videos/202607/12/55230755/original/(m=eaAaGwObaaamqv)(mh=W30KMjh0J1QwVh01)13.jpg;https://ei.phncdn.com/videos/202607/12/55230755/original/(m=eaAaGwObaaamqv)(mh=W30KMjh0J1QwVh01)14.jpg;https://ei.phncdn.com/videos/202607/12/55230755/original/(m=eaAaGwObaaamqv)(mh=W30KMjh0J1QwVh01)15.jpg;https://ei.phncdn.com/videos/202607/12/55230755/original/(m=eaAaGwObaaamqv)(mh=W30KMjh0J1QwVh01)16.jpg
<iframe src="https://www.pornhub.com/embed/6a537b82d9472" frameborder="0" height="481" width="608" scrolling="no"></iframe>|https://ei.phncdn.com/videos/202607/12/55268515/original/(m=eaf8GgaaaWavb)(mh=TM0id-oPQdu1b1sq)12.jpg|https://ei.phncdn.com/videos/202607/12/55268515/original/(m=eaf8GgaaaWavb)(mh=TM0id-oPQdu1b1sq)1.jpg;https://ei.phncdn.com/videos/202607/12/55268515/original/(m=eaf8GgaaaWavb)(mh=TM0id-oPQdu1b1sq)2.jpg;https://ei.phncdn.com/videos/202607/12/55268515/original/(m=eaf8GgaaaWavb)(mh=TM0id-oPQdu1b1sq)3.jpg;https://ei.phncdn.com/videos/202607/12/55268515/original/(m=eaf8GgaaaWavb)(mh=TM0id-oPQdu1b1sq)4.jpg;https://ei.phncdn.com/videos/202607/12/55268515/original/(m=eaf8GgaaaWavb)(mh=TM0id-oPQdu1b1sq)5.jpg;https://ei.phncdn.com/videos/202607/12/55268515/original/(m=eaf8GgaaaWavb)(mh=TM0id-oPQdu1b1sq)6.jpg;https://ei.phncdn.com/videos/202607/12/55268515/original/(m=eaf8GgaaaWavb)(mh=TM0id-oPQdu1b1sq)7.jpg;https://ei.phncdn.com/videos/202607/12/55268515/original/(m=eaf8GgaaaWavb)(mh=TM0id-oPQdu1b1sq)8.jpg;https://ei.phncdn.com/videos/202607/12/55268515/original/(m=eaf8GgaaaWavb)(mh=TM0id-oPQdu1b1sq)9.jpg;https://ei.phncdn.com/videos/202607/12/55268515/original/(m=eaf8GgaaaWavb)(mh=TM0id-oPQdu1b1sq)10.jpg;https://ei.phncdn.com/videos/202607/12/55268515/original/(m=eaf8GgaaaWavb)(mh=TM0id-oPQdu1b1sq)11.jpg;https://ei.phncdn.com/videos/202607/12/55268515/original/(m=eaf8GgaaaWavb)(mh=TM0id-oPQdu1b1sq)12.jpg;https://ei.phncdn.com/videos/202607/12/55268515/original/(m=eaf8GgaaaWavb)(mh=TM0id-oPQdu1b1sq)13.jpg;https://ei.phncdn.com/videos/202607/12/55268515/original/(m=eaf8GgaaaWavb)(mh=TM0id-oPQdu1b1sq)14.jpg;https://ei.phncdn.com/videos/202607/12/55268515/original/(m=eaf8GgaaaWavb)(mh=TM0id-oPQdu1b1sq)15.jpg;https://ei.phncdn.com/videos/202607/12/55268515/original/(m=eaf8GgaaaWavb)(mh=TM0id-oPQdu1b1sq)16.jpg|Touch me right here and make me beg 🔥|solo-female;sexy;blowjob;brunette;joi;rough;teenage|Casting;Exclusive;Verified Amateurs;Solo Female;Female Orgasm||12|15|||https://ei.phncdn.com/videos/202607/12/55268515/original/(m=eaAaGwObaaamqv)(mh=aKs4s2oe0J8FeBWN)12.jpg|https://ei.phncdn.com/videos/202607/12/55268515/original/(m=eaAaGwObaaamqv)(mh=aKs4s2oe0J8FeBWN)1.jpg;https://ei.phncdn.com/videos/202607/12/55268515/original/(m=eaAaGwObaaamqv)(mh=aKs4s2oe0J8FeBWN)2.jpg;https://ei.phncdn.com/videos/202607/12/55268515/original/(m=eaAaGwObaaamqv)(mh=aKs4s2oe0J8FeBWN)3.jpg;https://ei.phncdn.com/videos/202607/12/55268515/original/(m=eaAaGwObaaamqv)(mh=aKs4s2oe0J8FeBWN)4.jpg;https://ei.phncdn.com/videos/202607/12/55268515/original/(m=eaAaGwObaaamqv)(mh=aKs4s2oe0J8FeBWN)5.jpg;https://ei.phncdn.com/videos/202607/12/55268515/original/(m=eaAaGwObaaamqv)(mh=aKs4s2oe0J8FeBWN)6.jpg;https://ei.phncdn.com/videos/202607/12/55268515/original/(m=eaAaGwObaaamqv)(mh=aKs4s2oe0J8FeBWN)7.jpg;https://ei.phncdn.com/videos/202607/12/55268515/original/(m=eaAaGwObaaamqv)(mh=aKs4s2oe0J8FeBWN)8.jpg;https://ei.phncdn.com/videos/202607/12/55268515/original/(m=eaAaGwObaaamqv)(mh=aKs4s2oe0J8FeBWN)9.jpg;https://ei.phncdn.com/videos/202607/12/55268515/original/(m=eaAaGwObaaamqv)(mh=aKs4s2oe0J8FeBWN)10.jpg;https://ei.phncdn.com/videos/202607/12/55268515/original/(m=eaAaGwObaaamqv)(mh=aKs4s2oe0J8FeBWN)11.jpg;https://ei.phncdn.com/videos/202607/12/55268515/original/(m=eaAaGwObaaamqv)(mh=aKs4s2oe0J8FeBWN)12.jpg;https://ei.phncdn.com/videos/202607/12/55268515/original/(m=eaAaGwObaaamqv)(mh=aKs4s2oe0J8FeBWN)13.jpg;https://ei.phncdn.com/videos/202607/12/55268515/original/(m=eaAaGwObaaamqv)(mh=aKs4s2oe0J8FeBWN)14.jpg;https://ei.phncdn.com/videos/202607/12/55268515/original/(m=eaAaGwObaaamqv)(mh=aKs4s2oe0J8FeBWN)15.jpg;https://ei.phncdn.com/videos/202607/12/55268515/original/(m=eaAaGwObaaamqv)(mh=aKs4s2oe0J8FeBWN)16.jpg
<iframe src="https://www.pornhub.com/embed/6a5385c007c06" frameborder="0" height="481" width="608" scrolling="no"></iframe>|https://ei.phncdn.com/videos/202607/12/55271655/original/(m=eaf8GgaaaWavb)(mh=-G9aeT--Jhef7fw1)12.jpg|https://ei.phncdn.com/videos/202607/12/55271655/original/(m=eaf8GgaaaWavb)(mh=-G9aeT--Jhef7fw1)1.jpg;https://ei.phncdn.com/videos/202607/12/55271655/original/(m=eaf8GgaaaWavb)(mh=-G9aeT--Jhef7fw1)2.jpg;https://ei.phncdn.com/videos/202607/12/55271655/original/(m=eaf8GgaaaWavb)(mh=-G9aeT--Jhef7fw1)3.jpg;https://ei.phncdn.com/videos/202607/12/55271655/original/(m=eaf8GgaaaWavb)(mh=-G9aeT--Jhef7fw1)4.jpg;https://ei.phncdn.com/videos/202607/12/55271655/original/(m=eaf8GgaaaWavb)(mh=-G9aeT--Jhef7fw1)5.jpg;https://ei.phncdn.com/videos/202607/12/55271655/original/(m=eaf8GgaaaWavb)(mh=-G9aeT--Jhef7fw1)6.jpg;https://ei.phncdn.com/videos/202607/12/55271655/original/(m=eaf8GgaaaWavb)(mh=-G9aeT--Jhef7fw1)7.jpg;https://ei.phncdn.com/videos/202607/12/55271655/original/(m=eaf8GgaaaWavb)(mh=-G9aeT--Jhef7fw1)8.jpg;https://ei.phncdn.com/videos/202607/12/55271655/original/(m=eaf8GgaaaWavb)(mh=-G9aeT--Jhef7fw1)9.jpg;https://ei.phncdn.com/videos/202607/12/55271655/original/(m=eaf8GgaaaWavb)(mh=-G9aeT--Jhef7fw1)10.jpg;https://ei.phncdn.com/videos/202607/12/55271655/original/(m=eaf8GgaaaWavb)(mh=-G9aeT--Jhef7fw1)11.jpg;https://ei.phncdn.com/videos/202607/12/55271655/original/(m=eaf8GgaaaWavb)(mh=-G9aeT--Jhef7fw1)12.jpg;https://ei.phncdn.com/videos/202607/12/55271655/original/(m=eaf8GgaaaWavb)(mh=-G9aeT--Jhef7fw1)13.jpg;https://ei.phncdn.com/videos/202607/12/55271655/original/(m=eaf8GgaaaWavb)(mh=-G9aeT--Jhef7fw1)14.jpg;https://ei.phncdn.com/videos/202607/12/55271655/original/(m=eaf8GgaaaWavb)(mh=-G9aeT--Jhef7fw1)15.jpg;https://ei.phncdn.com/videos/202607/12/55271655/original/(m=eaf8GgaaaWavb)(mh=-G9aeT--Jhef7fw1)16.jpg|I want your cock deep in my tight pussy 👅|homemade;vertical-porn;cute;amateur;slut;natural-tits;teenage;pov|Casting;Verified Amateurs;Solo Female;Tattooed Women||12|7|1|0|https://ei.phncdn.com/videos/202607/12/55271655/original/(m=eaAaGwObaaamqv)(mh=VpbKemQwcUwd9yDR)12.jpg|https://ei.phncdn.com/videos/202607/12/55271655/original/(m=eaAaGwObaaamqv)(mh=VpbKemQwcUwd9yDR)1.jpg;https://ei.phncdn.com/videos/202607/12/55271655/original/(m=eaAaGwObaaamqv)(mh=VpbKemQwcUwd9yDR)2.jpg;https://ei.phncdn.com/videos/202607/12/55271655/original/(m=eaAaGwObaaamqv)(mh=VpbKemQwcUwd9yDR)3.jpg;https://ei.phncdn.com/videos/202607/12/55271655/original/(m=eaAaGwObaaamqv)(mh=VpbKemQwcUwd9yDR)4.jpg;https://ei.phncdn.com/videos/202607/12/55271655/original/(m=eaAaGwObaaamqv)(mh=VpbKemQwcUwd9yDR)5.jpg;https://ei.phncdn.com/videos/202607/12/55271655/original/(m=eaAaGwObaaamqv)(mh=VpbKemQwcUwd9yDR)6.jpg;https://ei.phncdn.com/videos/202607/12/55271655/original/(m=eaAaGwObaaamqv)(mh=VpbKemQwcUwd9yDR)7.jpg;https://ei.phncdn.com/videos/202607/12/55271655/original/(m=eaAaGwObaaamqv)(mh=VpbKemQwcUwd9yDR)8.jpg;https://ei.phncdn.com/videos/202607/12/55271655/original/(m=eaAaGwObaaamqv)(mh=VpbKemQwcUwd9yDR)9.jpg;https://ei.phncdn.com/videos/202607/12/55271655/original/(m=eaAaGwObaaamqv)(mh=VpbKemQwcUwd9yDR)10.jpg;https://ei.phncdn.com/videos/202607/12/55271655/original/(m=eaAaGwObaaamqv)(mh=VpbKemQwcUwd9yDR)11.jpg;https://ei.phncdn.com/videos/202607/12/55271655/original/(m=eaAaGwObaaamqv)(mh=VpbKemQwcUwd9yDR)12.jpg;https://ei.phncdn.com/videos/202607/12/55271655/original/(m=eaAaGwObaaamqv)(mh=VpbKemQwcUwd9yDR)13.jpg;https://ei.phncdn.com/videos/202607/12/55271655/original/(m=eaAaGwObaaamqv)(mh=VpbKemQwcUwd9yDR)14.jpg;https://ei.phncdn.com/videos/202607/12/55271655/original/(m=eaAaGwObaaamqv)(mh=VpbKemQwcUwd9yDR)15.jpg;https://ei.phncdn.com/videos/202607/12/55271655/original/(m=eaAaGwObaaamqv)(mh=VpbKemQwcUwd9yDR)16.jpg
<iframe src="https://www.pornhub.com/embed/6a53dd164b2cf" frameborder="0" height="481" width="608" scrolling="no"></iframe>|https://ei.phncdn.com/videos/202607/12/55296205/original/(m=eaf8GgaaaWavb)(mh=BjzyT7ERXVyujfFP)12.jpg|https://ei.phncdn.com/videos/202607/12/55296205/original/(m=eaf8GgaaaWavb)(mh=BjzyT7ERXVyujfFP)1.jpg;https://ei.phncdn.com/videos/202607/12/55296205/original/(m=eaf8GgaaaWavb)(mh=BjzyT7ERXVyujfFP)2.jpg;https://ei.phncdn.com/videos/202607/12/55296205/original/(m=eaf8GgaaaWavb)(mh=BjzyT7ERXVyujfFP)3.jpg;https://ei.phncdn.com/videos/202607/12/55296205/original/(m=eaf8GgaaaWavb)(mh=BjzyT7ERXVyujfFP)4.jpg;https://ei.phncdn.com/videos/202607/12/55296205/original/(m=eaf8GgaaaWavb)(mh=BjzyT7ERXVyujfFP)5.jpg;https://ei.phncdn.com/videos/202607/12/55296205/original/(m=eaf8GgaaaWavb)(mh=BjzyT7ERXVyujfFP)6.jpg;https://ei.phncdn.com/videos/202607/12/55296205/original/(m=eaf8GgaaaWavb)(mh=BjzyT7ERXVyujfFP)7.jpg;https://ei.phncdn.com/videos/202607/12/55296205/original/(m=eaf8GgaaaWavb)(mh=BjzyT7ERXVyujfFP)8.jpg;https://ei.phncdn.com/videos/202607/12/55296205/original/(m=eaf8GgaaaWavb)(mh=BjzyT7ERXVyujfFP)9.jpg;https://ei.phncdn.com/videos/202607/12/55296205/original/(m=eaf8GgaaaWavb)(mh=BjzyT7ERXVyujfFP)10.jpg;https://ei.phncdn.com/videos/202607/12/55296205/original/(m=eaf8GgaaaWavb)(mh=BjzyT7ERXVyujfFP)11.jpg;https://ei.phncdn.com/videos/202607/12/55296205/original/(m=eaf8GgaaaWavb)(mh=BjzyT7ERXVyujfFP)12.jpg;https://ei.phncdn.com/videos/202607/12/55296205/original/(m=eaf8GgaaaWavb)(mh=BjzyT7ERXVyujfFP)13.jpg;https://ei.phncdn.com/videos/202607/12/55296205/original/(m=eaf8GgaaaWavb)(mh=BjzyT7ERXVyujfFP)14.jpg;https://ei.phncdn.com/videos/202607/12/55296205/original/(m=eaf8GgaaaWavb)(mh=BjzyT7ERXVyujfFP)15.jpg;https://ei.phncdn.com/videos/202607/12/55296205/original/(m=eaf8GgaaaWavb)(mh=BjzyT7ERXVyujfFP)16.jpg|Wet pussy spread open with fingers teasing 🥰|stockings;onlyfans;big-ass;amateur;small;dildo;rough|Casting;Russian;Verified Amateurs;Cosplay;Solo Female||12|35|1|0|https://ei.phncdn.com/videos/202607/12/55296205/original/(m=eaAaGwObaaamqv)(mh=bSy3B6iRU807yRIS)12.jpg|https://ei.phncdn.com/videos/202607/12/55296205/original/(m=eaAaGwObaaamqv)(mh=bSy3B6iRU807yRIS)1.jpg;https://ei.phncdn.com/videos/202607/12/55296205/original/(m=eaAaGwObaaamqv)(mh=bSy3B6iRU807yRIS)2.jpg;https://ei.phncdn.com/videos/202607/12/55296205/original/(m=eaAaGwObaaamqv)(mh=bSy3B6iRU807yRIS)3.jpg;https://ei.phncdn.com/videos/202607/12/55296205/original/(m=eaAaGwObaaamqv)(mh=bSy3B6iRU807yRIS)4.jpg;https://ei.phncdn.com/videos/202607/12/55296205/original/(m=eaAaGwObaaamqv)(mh=bSy3B6iRU807yRIS)5.jpg;https://ei.phncdn.com/videos/202607/12/55296205/original/(m=eaAaGwObaaamqv)(mh=bSy3B6iRU807yRIS)6.jpg;https://ei.phncdn.com/videos/202607/12/55296205/original/(m=eaAaGwObaaamqv)(mh=bSy3B6iRU807yRIS)7.jpg;https://ei.phncdn.com/videos/202607/12/55296205/original/(m=eaAaGwObaaamqv)(mh=bSy3B6iRU807yRIS)8.jpg;https://ei.phncdn.com/videos/202607/12/55296205/original/(m=eaAaGwObaaamqv)(mh=bSy3B6iRU807yRIS)9.jpg;https://ei.phncdn.com/videos/202607/12/55296205/original/(m=eaAaGwObaaamqv)(mh=bSy3B6iRU807yRIS)10.jpg;https://ei.phncdn.com/videos/202607/12/55296205/original/(m=eaAaGwObaaamqv)(mh=bSy3B6iRU807yRIS)11.jpg;https://ei.phncdn.com/videos/202607/12/55296205/original/(m=eaAaGwObaaamqv)(mh=bSy3B6iRU807yRIS)12.jpg;https://ei.phncdn.com/videos/202607/12/55296205/original/(m=eaAaGwObaaamqv)(mh=bSy3B6iRU807yRIS)13.jpg;https://ei.phncdn.com/videos/202607/12/55296205/original/(m=eaAaGwObaaamqv)(mh=bSy3B6iRU807yRIS)14.jpg;https://ei.phncdn.com/videos/202607/12/55296205/original/(m=eaAaGwObaaamqv)(mh=bSy3B6iRU807yRIS)15.jpg;https://ei.phncdn.com/videos/202607/12/55296205/original/(m=eaAaGwObaaamqv)(mh=bSy3B6iRU807yRIS)16.jpg
<iframe src="https://www.pornhub.com/embed/6a541574d2eed" frameborder="0" height="481" width="608" scrolling="no"></iframe>|https://ei.phncdn.com/videos/202607/12/55311975/original/(m=eaf8GgaaaWavb)(mh=NUG9pPLXrmYa7f3k)12.jpg|https://ei.phncdn.com/videos/202607/12/55311975/original/(m=eaf8GgaaaWavb)(mh=NUG9pPLXrmYa7f3k)1.jpg;https://ei.phncdn.com/videos/202607/12/55311975/original/(m=eaf8GgaaaWavb)(mh=NUG9pPLXrmYa7f3k)2.jpg;https://ei.phncdn.com/videos/202607/12/55311975/original/(m=eaf8GgaaaWavb)(mh=NUG9pPLXrmYa7f3k)3.jpg;https://ei.phncdn.com/videos/202607/12/55311975/original/(m=eaf8GgaaaWavb)(mh=NUG9pPLXrmYa7f3k)4.jpg;https://ei.phncdn.com/videos/202607/12/55311975/original/(m=eaf8GgaaaWavb)(mh=NUG9pPLXrmYa7f3k)5.jpg;https://ei.phncdn.com/videos/202607/12/55311975/original/(m=eaf8GgaaaWavb)(mh=NUG9pPLXrmYa7f3k)6.jpg;https://ei.phncdn.com/videos/202607/12/55311975/original/(m=eaf8GgaaaWavb)(mh=NUG9pPLXrmYa7f3k)7.jpg;https://ei.phncdn.com/videos/202607/12/55311975/original/(m=eaf8GgaaaWavb)(mh=NUG9pPLXrmYa7f3k)8.jpg;https://ei.phncdn.com/videos/202607/12/55311975/original/(m=eaf8GgaaaWavb)(mh=NUG9pPLXrmYa7f3k)9.jpg;https://ei.phncdn.com/videos/202607/12/55311975/original/(m=eaf8GgaaaWavb)(mh=NUG9pPLXrmYa7f3k)10.jpg;https://ei.phncdn.com/videos/202607/12/55311975/original/(m=eaf8GgaaaWavb)(mh=NUG9pPLXrmYa7f3k)11.jpg;https://ei.phncdn.com/videos/202607/12/55311975/original/(m=eaf8GgaaaWavb)(mh=NUG9pPLXrmYa7f3k)12.jpg;https://ei.phncdn.com/videos/202607/12/55311975/original/(m=eaf8GgaaaWavb)(mh=NUG9pPLXrmYa7f3k)13.jpg;https://ei.phncdn.com/videos/202607/12/55311975/original/(m=eaf8GgaaaWavb)(mh=NUG9pPLXrmYa7f3k)14.jpg;https://ei.phncdn.com/videos/202607/12/55311975/original/(m=eaf8GgaaaWavb)(mh=NUG9pPLXrmYa7f3k)15.jpg;https://ei.phncdn.com/videos/202607/12/55311975/original/(m=eaf8GgaaaWavb)(mh=NUG9pPLXrmYa7f3k)16.jpg|Wet pussy stretched open by her fingers 🤤|lingerie;natural-tits;big-tits|Casting;Russian;Exclusive;Verified Amateurs;Solo Female||12|74|12|0|https://ei.phncdn.com/videos/202607/12/55311975/original/(m=eaAaGwObaaamqv)(mh=nKBcmCcWtSohbmYy)12.jpg|https://ei.phncdn.com/videos/202607/12/55311975/original/(m=eaAaGwObaaamqv)(mh=nKBcmCcWtSohbmYy)1.jpg;https://ei.phncdn.com/videos/202607/12/55311975/original/(m=eaAaGwObaaamqv)(mh=nKBcmCcWtSohbmYy)2.jpg;https://ei.phncdn.com/videos/202607/12/55311975/original/(m=eaAaGwObaaamqv)(mh=nKBcmCcWtSohbmYy)3.jpg;https://ei.phncdn.com/videos/202607/12/55311975/original/(m=eaAaGwObaaamqv)(mh=nKBcmCcWtSohbmYy)4.jpg;https://ei.phncdn.com/videos/202607/12/55311975/original/(m=eaAaGwObaaamqv)(mh=nKBcmCcWtSohbmYy)5.jpg;https://ei.phncdn.com/videos/202607/12/55311975/original/(m=eaAaGwObaaamqv)(mh=nKBcmCcWtSohbmYy)6.jpg;https://ei.phncdn.com/videos/202607/12/55311975/original/(m=eaAaGwObaaamqv)(mh=nKBcmCcWtSohbmYy)7.jpg;https://ei.phncdn.com/videos/202607/12/55311975/original/(m=eaAaGwObaaamqv)(mh=nKBcmCcWtSohbmYy)8.jpg;https://ei.phncdn.com/videos/202607/12/55311975/original/(m=eaAaGwObaaamqv)(mh=nKBcmCcWtSohbmYy)9.jpg;https://ei.phncdn.com/videos/202607/12/55311975/original/(m=eaAaGwObaaamqv)(mh=nKBcmCcWtSohbmYy)10.jpg;https://ei.phncdn.com/videos/202607/12/55311975/original/(m=eaAaGwObaaamqv)(mh=nKBcmCcWtSohbmYy)11.jpg;https://ei.phncdn.com/videos/202607/12/55311975/original/(m=eaAaGwObaaamqv)(mh=nKBcmCcWtSohbmYy)12.jpg;https://ei.phncdn.com/videos/202607/12/55311975/original/(m=eaAaGwObaaamqv)(mh=nKBcmCcWtSohbmYy)13.jpg;https://ei.phncdn.com/videos/202607/12/55311975/original/(m=eaAaGwObaaamqv)(mh=nKBcmCcWtSohbmYy)14.jpg;https://ei.phncdn.com/videos/202607/12/55311975/original/(m=eaAaGwObaaamqv)(mh=nKBcmCcWtSohbmYy)15.jpg;https://ei.phncdn.com/videos/202607/12/55311975/original/(m=eaAaGwObaaamqv)(mh=nKBcmCcWtSohbmYy)16.jpg
<iframe src="https://www.pornhub.com/embed/6a56f3bec398b" frameborder="0" height="481" width="608" scrolling="no"></iframe>|https://ei.phncdn.com/videos/202607/15/55554245/original/(m=eaf8GgaaaWavb)(mh=1DFXLXKxtrCBUeIT)12.jpg|https://ei.phncdn.com/videos/202607/15/55554245/original/(m=eaf8GgaaaWavb)(mh=1DFXLXKxtrCBUeIT)1.jpg;https://ei.phncdn.com/videos/202607/15/55554245/original/(m=eaf8GgaaaWavb)(mh=1DFXLXKxtrCBUeIT)2.jpg;https://ei.phncdn.com/videos/202607/15/55554245/original/(m=eaf8GgaaaWavb)(mh=1DFXLXKxtrCBUeIT)3.jpg;https://ei.phncdn.com/videos/202607/15/55554245/original/(m=eaf8GgaaaWavb)(mh=1DFXLXKxtrCBUeIT)4.jpg;https://ei.phncdn.com/videos/202607/15/55554245/original/(m=eaf8GgaaaWavb)(mh=1DFXLXKxtrCBUeIT)5.jpg;https://ei.phncdn.com/videos/202607/15/55554245/original/(m=eaf8GgaaaWavb)(mh=1DFXLXKxtrCBUeIT)6.jpg;https://ei.phncdn.com/videos/202607/15/55554245/original/(m=eaf8GgaaaWavb)(mh=1DFXLXKxtrCBUeIT)7.jpg;https://ei.phncdn.com/videos/202607/15/55554245/original/(m=eaf8GgaaaWavb)(mh=1DFXLXKxtrCBUeIT)8.jpg;https://ei.phncdn.com/videos/202607/15/55554245/original/(m=eaf8GgaaaWavb)(mh=1DFXLXKxtrCBUeIT)9.jpg;https://ei.phncdn.com/videos/202607/15/55554245/original/(m=eaf8GgaaaWavb)(mh=1DFXLXKxtrCBUeIT)10.jpg;https://ei.phncdn.com/videos/202607/15/55554245/original/(m=eaf8GgaaaWavb)(mh=1DFXLXKxtrCBUeIT)11.jpg;https://ei.phncdn.com/videos/202607/15/55554245/original/(m=eaf8GgaaaWavb)(mh=1DFXLXKxtrCBUeIT)12.jpg;https://ei.phncdn.com/videos/202607/15/55554245/original/(m=eaf8GgaaaWavb)(mh=1DFXLXKxtrCBUeIT)13.jpg;https://ei.phncdn.com/videos/202607/15/55554245/original/(m=eaf8GgaaaWavb)(mh=1DFXLXKxtrCBUeIT)14.jpg;https://ei.phncdn.com/videos/202607/15/55554245/original/(m=eaf8GgaaaWavb)(mh=1DFXLXKxtrCBUeIT)15.jpg;https://ei.phncdn.com/videos/202607/15/55554245/original/(m=eaf8GgaaaWavb)(mh=1DFXLXKxtrCBUeIT)16.jpg|MrBigEgo Thang Hang Low|bbc;solo;ebony-masturbating|Casting;Solo Male;Exclusive;Verified Amateurs||16|0|||https://ei.phncdn.com/videos/202607/15/55554245/original/(m=eaAaGwObaaamqv)(mh=ur5TUmym-AVWd2lG)12.jpg|https://ei.phncdn.com/videos/202607/15/55554245/original/(m=eaAaGwObaaamqv)(mh=ur5TUmym-AVWd2lG)1.jpg;https://ei.phncdn.com/videos/202607/15/55554245/original/(m=eaAaGwObaaamqv)(mh=ur5TUmym-AVWd2lG)2.jpg;https://ei.phncdn.com/videos/202607/15/55554245/original/(m=eaAaGwObaaamqv)(mh=ur5TUmym-AVWd2lG)3.jpg;https://ei.phncdn.com/videos/202607/15/55554245/original/(m=eaAaGwObaaamqv)(mh=ur5TUmym-AVWd2lG)4.jpg;https://ei.phncdn.com/videos/202607/15/55554245/original/(m=eaAaGwObaaamqv)(mh=ur5TUmym-AVWd2lG)5.jpg;https://ei.phncdn.com/videos/202607/15/55554245/original/(m=eaAaGwObaaamqv)(mh=ur5TUmym-AVWd2lG)6.jpg;https://ei.phncdn.com/videos/202607/15/55554245/original/(m=eaAaGwObaaamqv)(mh=ur5TUmym-AVWd2lG)7.jpg;https://ei.phncdn.com/videos/202607/15/55554245/original/(m=eaAaGwObaaamqv)(mh=ur5TUmym-AVWd2lG)8.jpg;https://ei.phncdn.com/videos/202607/15/55554245/original/(m=eaAaGwObaaamqv)(mh=ur5TUmym-AVWd2lG)9.jpg;https://ei.phncdn.com/videos/202607/15/55554245/original/(m=eaAaGwObaaamqv)(mh=ur5TUmym-AVWd2lG)10.jpg;https://ei.phncdn.com/videos/202607/15/55554245/original/(m=eaAaGwObaaamqv)(mh=ur5TUmym-AVWd2lG)11.jpg;https://ei.phncdn.com/videos/202607/15/55554245/original/(m=eaAaGwObaaamqv)(mh=ur5TUmym-AVWd2lG)12.jpg;https://ei.phncdn.com/videos/202607/15/55554245/original/(m=eaAaGwObaaamqv)(mh=ur5TUmym-AVWd2lG)13.jpg;https://ei.phncdn.com/videos/202607/15/55554245/original/(m=eaAaGwObaaamqv)(mh=ur5TUmym-AVWd2lG)14.jpg;https://ei.phncdn.com/videos/202607/15/55554245/original/(m=eaAaGwObaaamqv)(mh=ur5TUmym-AVWd2lG)15.jpg;https://ei.phncdn.com/videos/202607/15/55554245/original/(m=eaAaGwObaaamqv)(mh=ur5TUmym-AVWd2lG)16.jpg
<iframe src="https://www.pornhub.com/embed/6a584336930ba" frameborder="0" height="481" width="608" scrolling="no"></iframe>|https://ei.phncdn.com/videos/202607/16/55681455/original/(m=eaf8GgaaaWavb)(mh=PgVIzwmGM150kyIM)12.jpg|https://ei.phncdn.com/videos/202607/16/55681455/original/(m=eaf8GgaaaWavb)(mh=PgVIzwmGM150kyIM)1.jpg;https://ei.phncdn.com/videos/202607/16/55681455/original/(m=eaf8GgaaaWavb)(mh=PgVIzwmGM150kyIM)2.jpg;https://ei.phncdn.com/videos/202607/16/55681455/original/(m=eaf8GgaaaWavb)(mh=PgVIzwmGM150kyIM)3.jpg;https://ei.phncdn.com/videos/202607/16/55681455/original/(m=eaf8GgaaaWavb)(mh=PgVIzwmGM150kyIM)4.jpg;https://ei.phncdn.com/videos/202607/16/55681455/original/(m=eaf8GgaaaWavb)(mh=PgVIzwmGM150kyIM)5.jpg;https://ei.phncdn.com/videos/202607/16/55681455/original/(m=eaf8GgaaaWavb)(mh=PgVIzwmGM150kyIM)6.jpg;https://ei.phncdn.com/videos/202607/16/55681455/original/(m=eaf8GgaaaWavb)(mh=PgVIzwmGM150kyIM)7.jpg;https://ei.phncdn.com/videos/202607/16/55681455/original/(m=eaf8GgaaaWavb)(mh=PgVIzwmGM150kyIM)8.jpg;https://ei.phncdn.com/videos/202607/16/55681455/original/(m=eaf8GgaaaWavb)(mh=PgVIzwmGM150kyIM)9.jpg;https://ei.phncdn.com/videos/202607/16/55681455/original/(m=eaf8GgaaaWavb)(mh=PgVIzwmGM150kyIM)10.jpg;https://ei.phncdn.com/videos/202607/16/55681455/original/(m=eaf8GgaaaWavb)(mh=PgVIzwmGM150kyIM)11.jpg;https://ei.phncdn.com/videos/202607/16/55681455/original/(m=eaf8GgaaaWavb)(mh=PgVIzwmGM150kyIM)12.jpg;https://ei.phncdn.com/videos/202607/16/55681455/original/(m=eaf8GgaaaWavb)(mh=PgVIzwmGM150kyIM)13.jpg;https://ei.phncdn.com/videos/202607/16/55681455/original/(m=eaf8GgaaaWavb)(mh=PgVIzwmGM150kyIM)14.jpg;https://ei.phncdn.com/videos/202607/16/55681455/original/(m=eaf8GgaaaWavb)(mh=PgVIzwmGM150kyIM)15.jpg;https://ei.phncdn.com/videos/202607/16/55681455/original/(m=eaf8GgaaaWavb)(mh=PgVIzwmGM150kyIM)16.jpg|Thick ass grinding on black high heel 😋|tiktok;perfect-body;brunette;vertical-porn;cheating;pov;slut|Casting;Russian;Verified Amateurs;Solo Female||12|44|||https://ei.phncdn.com/videos/202607/16/55681455/original/(m=eaAaGwObaaamqv)(mh=l1RWc6HPwG5WvGvE)12.jpg|https://ei.phncdn.com/videos/202607/16/55681455/original/(m=eaAaGwObaaamqv)(mh=l1RWc6HPwG5WvGvE)1.jpg;https://ei.phncdn.com/videos/202607/16/55681455/original/(m=eaAaGwObaaamqv)(mh=l1RWc6HPwG5WvGvE)2.jpg;https://ei.phncdn.com/videos/202607/16/55681455/original/(m=eaAaGwObaaamqv)(mh=l1RWc6HPwG5WvGvE)3.jpg;https://ei.phncdn.com/videos/202607/16/55681455/original/(m=eaAaGwObaaamqv)(mh=l1RWc6HPwG5WvGvE)4.jpg;https://ei.phncdn.com/videos/202607/16/55681455/original/(m=eaAaGwObaaamqv)(mh=l1RWc6HPwG5WvGvE)5.jpg;https://ei.phncdn.com/videos/202607/16/55681455/original/(m=eaAaGwObaaamqv)(mh=l1RWc6HPwG5WvGvE)6.jpg;https://ei.phncdn.com/videos/202607/16/55681455/original/(m=eaAaGwObaaamqv)(mh=l1RWc6HPwG5WvGvE)7.jpg;https://ei.phncdn.com/videos/202607/16/55681455/original/(m=eaAaGwObaaamqv)(mh=l1RWc6HPwG5WvGvE)8.jpg;https://ei.phncdn.com/videos/202607/16/55681455/original/(m=eaAaGwObaaamqv)(mh=l1RWc6HPwG5WvGvE)9.jpg;https://ei.phncdn.com/videos/202607/16/55681455/original/(m=eaAaGwObaaamqv)(mh=l1RWc6HPwG5WvGvE)10.jpg;https://ei.phncdn.com/videos/202607/16/55681455/original/(m=eaAaGwObaaamqv)(mh=l1RWc6HPwG5WvGvE)11.jpg;https://ei.phncdn.com/videos/202607/16/55681455/original/(m=eaAaGwObaaamqv)(mh=l1RWc6HPwG5WvGvE)12.jpg;https://ei.phncdn.com/videos/202607/16/55681455/original/(m=eaAaGwObaaamqv)(mh=l1RWc6HPwG5WvGvE)13.jpg;https://ei.phncdn.com/videos/202607/16/55681455/original/(m=eaAaGwObaaamqv)(mh=l1RWc6HPwG5WvGvE)14.jpg;https://ei.phncdn.com/videos/202607/16/55681455/original/(m=eaAaGwObaaamqv)(mh=l1RWc6HPwG5WvGvE)15.jpg;https://ei.phncdn.com/videos/202607/16/55681455/original/(m=eaAaGwObaaamqv)(mh=l1RWc6HPwG5WvGvE)16.jpg
<iframe src="https://www.pornhub.com/embed/6a58a3011596c" frameborder="0" height="481" width="608" scrolling="no"></iframe>|https://ei.phncdn.com/videos/202607/16/55707995/original/(m=eaf8GgaaaWavb)(mh=RVwwJeLbV43eX64Z)12.jpg|https://ei.phncdn.com/videos/202607/16/55707995/original/(m=eaf8GgaaaWavb)(mh=RVwwJeLbV43eX64Z)1.jpg;https://ei.phncdn.com/videos/202607/16/55707995/original/(m=eaf8GgaaaWavb)(mh=RVwwJeLbV43eX64Z)2.jpg;https://ei.phncdn.com/videos/202607/16/55707995/original/(m=eaf8GgaaaWavb)(mh=RVwwJeLbV43eX64Z)3.jpg;https://ei.phncdn.com/videos/202607/16/55707995/original/(m=eaf8GgaaaWavb)(mh=RVwwJeLbV43eX64Z)4.jpg;https://ei.phncdn.com/videos/202607/16/55707995/original/(m=eaf8GgaaaWavb)(mh=RVwwJeLbV43eX64Z)5.jpg;https://ei.phncdn.com/videos/202607/16/55707995/original/(m=eaf8GgaaaWavb)(mh=RVwwJeLbV43eX64Z)6.jpg;https://ei.phncdn.com/videos/202607/16/55707995/original/(m=eaf8GgaaaWavb)(mh=RVwwJeLbV43eX64Z)7.jpg;https://ei.phncdn.com/videos/202607/16/55707995/original/(m=eaf8GgaaaWavb)(mh=RVwwJeLbV43eX64Z)8.jpg;https://ei.phncdn.com/videos/202607/16/55707995/original/(m=eaf8GgaaaWavb)(mh=RVwwJeLbV43eX64Z)9.jpg;https://ei.phncdn.com/videos/202607/16/55707995/original/(m=eaf8GgaaaWavb)(mh=RVwwJeLbV43eX64Z)10.jpg;https://ei.phncdn.com/videos/202607/16/55707995/original/(m=eaf8GgaaaWavb)(mh=RVwwJeLbV43eX64Z)11.jpg;https://ei.phncdn.com/videos/202607/16/55707995/original/(m=eaf8GgaaaWavb)(mh=RVwwJeLbV43eX64Z)12.jpg;https://ei.phncdn.com/videos/202607/16/55707995/original/(m=eaf8GgaaaWavb)(mh=RVwwJeLbV43eX64Z)13.jpg;https://ei.phncdn.com/videos/202607/16/55707995/original/(m=eaf8GgaaaWavb)(mh=RVwwJeLbV43eX64Z)14.jpg;https://ei.phncdn.com/videos/202607/16/55707995/original/(m=eaf8GgaaaWavb)(mh=RVwwJeLbV43eX64Z)15.jpg;https://ei.phncdn.com/videos/202607/16/55707995/original/(m=eaf8GgaaaWavb)(mh=RVwwJeLbV43eX64Z)16.jpg|Thick ass spread wide begging to be fucked|big-tits;shaved-pussy;schoolgirl;college;skinny|Casting;Verified Amateurs;Solo Female;Romantic;Tattooed Women||12|23|1|0|https://ei.phncdn.com/videos/202607/16/55707995/original/(m=eaAaGwObaaamqv)(mh=iknbs3NXZOPWg1br)12.jpg|https://ei.phncdn.com/videos/202607/16/55707995/original/(m=eaAaGwObaaamqv)(mh=iknbs3NXZOPWg1br)1.jpg;https://ei.phncdn.com/videos/202607/16/55707995/original/(m=eaAaGwObaaamqv)(mh=iknbs3NXZOPWg1br)2.jpg;https://ei.phncdn.com/videos/202607/16/55707995/original/(m=eaAaGwObaaamqv)(mh=iknbs3NXZOPWg1br)3.jpg;https://ei.phncdn.com/videos/202607/16/55707995/original/(m=eaAaGwObaaamqv)(mh=iknbs3NXZOPWg1br)4.jpg;https://ei.phncdn.com/videos/202607/16/55707995/original/(m=eaAaGwObaaamqv)(mh=iknbs3NXZOPWg1br)5.jpg;https://ei.phncdn.com/videos/202607/16/55707995/original/(m=eaAaGwObaaamqv)(mh=iknbs3NXZOPWg1br)6.jpg;https://ei.phncdn.com/videos/202607/16/55707995/original/(m=eaAaGwObaaamqv)(mh=iknbs3NXZOPWg1br)7.jpg;https://ei.phncdn.com/videos/202607/16/55707995/original/(m=eaAaGwObaaamqv)(mh=iknbs3NXZOPWg1br)8.jpg;https://ei.phncdn.com/videos/202607/16/55707995/original/(m=eaAaGwObaaamqv)(mh=iknbs3NXZOPWg1br)9.jpg;https://ei.phncdn.com/videos/202607/16/55707995/original/(m=eaAaGwObaaamqv)(mh=iknbs3NXZOPWg1br)10.jpg;https://ei.phncdn.com/videos/202607/16/55707995/original/(m=eaAaGwObaaamqv)(mh=iknbs3NXZOPWg1br)11.jpg;https://ei.phncdn.com/videos/202607/16/55707995/original/(m=eaAaGwObaaamqv)(mh=iknbs3NXZOPWg1br)12.jpg;https://ei.phncdn.com/videos/202607/16/55707995/original/(m=eaAaGwObaaamqv)(mh=iknbs3NXZOPWg1br)13.jpg;https://ei.phncdn.com/videos/202607/16/55707995/original/(m=eaAaGwObaaamqv)(mh=iknbs3NXZOPWg1br)14.jpg;https://ei.phncdn.com/videos/202607/16/55707995/original/(m=eaAaGwObaaamqv)(mh=iknbs3NXZOPWg1br)15.jpg;https://ei.phncdn.com/videos/202607/16/55707995/original/(m=eaAaGwObaaamqv)(mh=iknbs3NXZOPWg1br)16.jpg
<iframe src="https://www.pornhub.com/embed/6a59ca495b76b" frameborder="0" height="481" width="608" scrolling="no"></iframe>|https://ei.phncdn.com/videos/202607/17/55816015/original/(m=eaf8GgaaaWavb)(mh=MotasVmQz1z1h1l-)12.jpg|https://ei.phncdn.com/videos/202607/17/55816015/original/(m=eaf8GgaaaWavb)(mh=MotasVmQz1z1h1l-)1.jpg;https://ei.phncdn.com/videos/202607/17/55816015/original/(m=eaf8GgaaaWavb)(mh=MotasVmQz1z1h1l-)2.jpg;https://ei.phncdn.com/videos/202607/17/55816015/original/(m=eaf8GgaaaWavb)(mh=MotasVmQz1z1h1l-)3.jpg;https://ei.phncdn.com/videos/202607/17/55816015/original/(m=eaf8GgaaaWavb)(mh=MotasVmQz1z1h1l-)4.jpg;https://ei.phncdn.com/videos/202607/17/55816015/original/(m=eaf8GgaaaWavb)(mh=MotasVmQz1z1h1l-)5.jpg;https://ei.phncdn.com/videos/202607/17/55816015/original/(m=eaf8GgaaaWavb)(mh=MotasVmQz1z1h1l-)6.jpg;https://ei.phncdn.com/videos/202607/17/55816015/original/(m=eaf8GgaaaWavb)(mh=MotasVmQz1z1h1l-)7.jpg;https://ei.phncdn.com/videos/202607/17/55816015/original/(m=eaf8GgaaaWavb)(mh=MotasVmQz1z1h1l-)8.jpg;https://ei.phncdn.com/videos/202607/17/55816015/original/(m=eaf8GgaaaWavb)(mh=MotasVmQz1z1h1l-)9.jpg;https://ei.phncdn.com/videos/202607/17/55816015/original/(m=eaf8GgaaaWavb)(mh=MotasVmQz1z1h1l-)10.jpg;https://ei.phncdn.com/videos/202607/17/55816015/original/(m=eaf8GgaaaWavb)(mh=MotasVmQz1z1h1l-)11.jpg;https://ei.phncdn.com/videos/202607/17/55816015/original/(m=eaf8GgaaaWavb)(mh=MotasVmQz1z1h1l-)12.jpg;https://ei.phncdn.com/videos/202607/17/55816015/original/(m=eaf8GgaaaWavb)(mh=MotasVmQz1z1h1l-)13.jpg;https://ei.phncdn.com/videos/202607/17/55816015/original/(m=eaf8GgaaaWavb)(mh=MotasVmQz1z1h1l-)14.jpg;https://ei.phncdn.com/videos/202607/17/55816015/original/(m=eaf8GgaaaWavb)(mh=MotasVmQz1z1h1l-)15.jpg;https://ei.phncdn.com/videos/202607/17/55816015/original/(m=eaf8GgaaaWavb)(mh=MotasVmQz1z1h1l-)16.jpg|Bend me over and fuck me hard|big-tits;rough;gamer;tattoo;stockings|Casting;Verified Amateurs;Solo Female;Gaming||12|21|1|0|https://ei.phncdn.com/videos/202607/17/55816015/original/(m=eaAaGwObaaamqv)(mh=GN74x7Q_hAsMwZf0)12.jpg|https://ei.phncdn.com/videos/202607/17/55816015/original/(m=eaAaGwObaaamqv)(mh=GN74x7Q_hAsMwZf0)1.jpg;https://ei.phncdn.com/videos/202607/17/55816015/original/(m=eaAaGwObaaamqv)(mh=GN74x7Q_hAsMwZf0)2.jpg;https://ei.phncdn.com/videos/202607/17/55816015/original/(m=eaAaGwObaaamqv)(mh=GN74x7Q_hAsMwZf0)3.jpg;https://ei.phncdn.com/videos/202607/17/55816015/original/(m=eaAaGwObaaamqv)(mh=GN74x7Q_hAsMwZf0)4.jpg;https://ei.phncdn.com/videos/202607/17/55816015/original/(m=eaAaGwObaaamqv)(mh=GN74x7Q_hAsMwZf0)5.jpg;https://ei.phncdn.com/videos/202607/17/55816015/original/(m=eaAaGwObaaamqv)(mh=GN74x7Q_hAsMwZf0)6.jpg;https://ei.phncdn.com/videos/202607/17/55816015/original/(m=eaAaGwObaaamqv)(mh=GN74x7Q_hAsMwZf0)7.jpg;https://ei.phncdn.com/videos/202607/17/55816015/original/(m=eaAaGwObaaamqv)(mh=GN74x7Q_hAsMwZf0)8.jpg;https://ei.phncdn.com/videos/202607/17/55816015/original/(m=eaAaGwObaaamqv)(mh=GN74x7Q_hAsMwZf0)9.jpg;https://ei.phncdn.com/videos/202607/17/55816015/original/(m=eaAaGwObaaamqv)(mh=GN74x7Q_hAsMwZf0)10.jpg;https://ei.phncdn.com/videos/202607/17/55816015/original/(m=eaAaGwObaaamqv)(mh=GN74x7Q_hAsMwZf0)11.jpg;https://ei.phncdn.com/videos/202607/17/55816015/original/(m=eaAaGwObaaamqv)(mh=GN74x7Q_hAsMwZf0)12.jpg;https://ei.phncdn.com/videos/202607/17/55816015/original/(m=eaAaGwObaaamqv)(mh=GN74x7Q_hAsMwZf0)13.jpg;https://ei.phncdn.com/videos/202607/17/55816015/original/(m=eaAaGwObaaamqv)(mh=GN74x7Q_hAsMwZf0)14.jpg;https://ei.phncdn.com/videos/202607/17/55816015/original/(m=eaAaGwObaaamqv)(mh=GN74x7Q_hAsMwZf0)15.jpg;https://ei.phncdn.com/videos/202607/17/55816015/original/(m=eaAaGwObaaamqv)(mh=GN74x7Q_hAsMwZf0)16.jpg
<iframe src="https://www.pornhub.com/embed/6a5a38a8b5502" frameborder="0" height="481" width="608" scrolling="no"></iframe>|https://ei.phncdn.com/videos/202607/17/55845735/original/(m=eaf8GgaaaWavb)(mh=EaohJazAhjDJprkb)12.jpg|https://ei.phncdn.com/videos/202607/17/55845735/original/(m=eaf8GgaaaWavb)(mh=EaohJazAhjDJprkb)1.jpg;https://ei.phncdn.com/videos/202607/17/55845735/original/(m=eaf8GgaaaWavb)(mh=EaohJazAhjDJprkb)2.jpg;https://ei.phncdn.com/videos/202607/17/55845735/original/(m=eaf8GgaaaWavb)(mh=EaohJazAhjDJprkb)3.jpg;https://ei.phncdn.com/videos/202607/17/55845735/original/(m=eaf8GgaaaWavb)(mh=EaohJazAhjDJprkb)4.jpg;https://ei.phncdn.com/videos/202607/17/55845735/original/(m=eaf8GgaaaWavb)(mh=EaohJazAhjDJprkb)5.jpg;https://ei.phncdn.com/videos/202607/17/55845735/original/(m=eaf8GgaaaWavb)(mh=EaohJazAhjDJprkb)6.jpg;https://ei.phncdn.com/videos/202607/17/55845735/original/(m=eaf8GgaaaWavb)(mh=EaohJazAhjDJprkb)7.jpg;https://ei.phncdn.com/videos/202607/17/55845735/original/(m=eaf8GgaaaWavb)(mh=EaohJazAhjDJprkb)8.jpg;https://ei.phncdn.com/videos/202607/17/55845735/original/(m=eaf8GgaaaWavb)(mh=EaohJazAhjDJprkb)9.jpg;https://ei.phncdn.com/videos/202607/17/55845735/original/(m=eaf8GgaaaWavb)(mh=EaohJazAhjDJprkb)10.jpg;https://ei.phncdn.com/videos/202607/17/55845735/original/(m=eaf8GgaaaWavb)(mh=EaohJazAhjDJprkb)11.jpg;https://ei.phncdn.com/videos/202607/17/55845735/original/(m=eaf8GgaaaWavb)(mh=EaohJazAhjDJprkb)12.jpg;https://ei.phncdn.com/videos/202607/17/55845735/original/(m=eaf8GgaaaWavb)(mh=EaohJazAhjDJprkb)13.jpg;https://ei.phncdn.com/videos/202607/17/55845735/original/(m=eaf8GgaaaWavb)(mh=EaohJazAhjDJprkb)14.jpg;https://ei.phncdn.com/videos/202607/17/55845735/original/(m=eaf8GgaaaWavb)(mh=EaohJazAhjDJprkb)15.jpg;https://ei.phncdn.com/videos/202607/17/55845735/original/(m=eaf8GgaaaWavb)(mh=EaohJazAhjDJprkb)16.jpg|Im soaked and begging for your cock 😇|homemade;pale;pov;emo;curly;student;redhead;stockings|Casting;Verified Amateurs;Solo Female;Tattooed Women||10|9|1|0|https://ei.phncdn.com/videos/202607/17/55845735/original/(m=eaAaGwObaaamqv)(mh=4wJLX6afb58nKHBY)12.jpg|https://ei.phncdn.com/videos/202607/17/55845735/original/(m=eaAaGwObaaamqv)(mh=4wJLX6afb58nKHBY)1.jpg;https://ei.phncdn.com/videos/202607/17/55845735/original/(m=eaAaGwObaaamqv)(mh=4wJLX6afb58nKHBY)2.jpg;https://ei.phncdn.com/videos/202607/17/55845735/original/(m=eaAaGwObaaamqv)(mh=4wJLX6afb58nKHBY)3.jpg;https://ei.phncdn.com/videos/202607/17/55845735/original/(m=eaAaGwObaaamqv)(mh=4wJLX6afb58nKHBY)4.jpg;https://ei.phncdn.com/videos/202607/17/55845735/original/(m=eaAaGwObaaamqv)(mh=4wJLX6afb58nKHBY)5.jpg;https://ei.phncdn.com/videos/202607/17/55845735/original/(m=eaAaGwObaaamqv)(mh=4wJLX6afb58nKHBY)6.jpg;https://ei.phncdn.com/videos/202607/17/55845735/original/(m=eaAaGwObaaamqv)(mh=4wJLX6afb58nKHBY)7.jpg;https://ei.phncdn.com/videos/202607/17/55845735/original/(m=eaAaGwObaaamqv)(mh=4wJLX6afb58nKHBY)8.jpg;https://ei.phncdn.com/videos/202607/17/55845735/original/(m=eaAaGwObaaamqv)(mh=4wJLX6afb58nKHBY)9.jpg;https://ei.phncdn.com/videos/202607/17/55845735/original/(m=eaAaGwObaaamqv)(mh=4wJLX6afb58nKHBY)10.jpg;https://ei.phncdn.com/videos/202607/17/55845735/original/(m=eaAaGwObaaamqv)(mh=4wJLX6afb58nKHBY)11.jpg;https://ei.phncdn.com/videos/202607/17/55845735/original/(m=eaAaGwObaaamqv)(mh=4wJLX6afb58nKHBY)12.jpg;https://ei.phncdn.com/videos/202607/17/55845735/original/(m=eaAaGwObaaamqv)(mh=4wJLX6afb58nKHBY)13.jpg;https://ei.phncdn.com/videos/202607/17/55845735/original/(m=eaAaGwObaaamqv)(mh=4wJLX6afb58nKHBY)14.jpg;https://ei.phncdn.com/videos/202607/17/55845735/original/(m=eaAaGwObaaamqv)(mh=4wJLX6afb58nKHBY)15.jpg;https://ei.phncdn.com/videos/202607/17/55845735/original/(m=eaAaGwObaaamqv)(mh=4wJLX6afb58nKHBY)16.jpg
<iframe src="https://www.pornhub.com/embed/6a5a54c35d877" frameborder="0" height="481" width="608" scrolling="no"></iframe>|https://ei.phncdn.com/videos/202607/17/55853315/original/(m=eaf8GgaaaWavb)(mh=h55EOIUo1NPsuwvK)12.jpg|https://ei.phncdn.com/videos/202607/17/55853315/original/(m=eaf8GgaaaWavb)(mh=h55EOIUo1NPsuwvK)1.jpg;https://ei.phncdn.com/videos/202607/17/55853315/original/(m=eaf8GgaaaWavb)(mh=h55EOIUo1NPsuwvK)2.jpg;https://ei.phncdn.com/videos/202607/17/55853315/original/(m=eaf8GgaaaWavb)(mh=h55EOIUo1NPsuwvK)3.jpg;https://ei.phncdn.com/videos/202607/17/55853315/original/(m=eaf8GgaaaWavb)(mh=h55EOIUo1NPsuwvK)4.jpg;https://ei.phncdn.com/videos/202607/17/55853315/original/(m=eaf8GgaaaWavb)(mh=h55EOIUo1NPsuwvK)5.jpg;https://ei.phncdn.com/videos/202607/17/55853315/original/(m=eaf8GgaaaWavb)(mh=h55EOIUo1NPsuwvK)6.jpg;https://ei.phncdn.com/videos/202607/17/55853315/original/(m=eaf8GgaaaWavb)(mh=h55EOIUo1NPsuwvK)7.jpg;https://ei.phncdn.com/videos/202607/17/55853315/original/(m=eaf8GgaaaWavb)(mh=h55EOIUo1NPsuwvK)8.jpg;https://ei.phncdn.com/videos/202607/17/55853315/original/(m=eaf8GgaaaWavb)(mh=h55EOIUo1NPsuwvK)9.jpg;https://ei.phncdn.com/videos/202607/17/55853315/original/(m=eaf8GgaaaWavb)(mh=h55EOIUo1NPsuwvK)10.jpg;https://ei.phncdn.com/videos/202607/17/55853315/original/(m=eaf8GgaaaWavb)(mh=h55EOIUo1NPsuwvK)11.jpg;https://ei.phncdn.com/videos/202607/17/55853315/original/(m=eaf8GgaaaWavb)(mh=h55EOIUo1NPsuwvK)12.jpg;https://ei.phncdn.com/videos/202607/17/55853315/original/(m=eaf8GgaaaWavb)(mh=h55EOIUo1NPsuwvK)13.jpg;https://ei.phncdn.com/videos/202607/17/55853315/original/(m=eaf8GgaaaWavb)(mh=h55EOIUo1NPsuwvK)14.jpg;https://ei.phncdn.com/videos/202607/17/55853315/original/(m=eaf8GgaaaWavb)(mh=h55EOIUo1NPsuwvK)15.jpg;https://ei.phncdn.com/videos/202607/17/55853315/original/(m=eaf8GgaaaWavb)(mh=h55EOIUo1NPsuwvK)16.jpg|Curvy ass lifts high for deep thrusts|new;e-girl;big-tits;teenage;shaved-pussy;solo-female;tiktok;busty|Casting;Czech;Exclusive;Verified Amateurs;Cosplay;Solo Female;Romantic;Gaming||12|39|5|0|https://ei.phncdn.com/videos/202607/17/55853315/original/(m=eaAaGwObaaamqv)(mh=EeBC5XBy87Mu5MWp)12.jpg|https://ei.phncdn.com/videos/202607/17/55853315/original/(m=eaAaGwObaaamqv)(mh=EeBC5XBy87Mu5MWp)1.jpg;https://ei.phncdn.com/videos/202607/17/55853315/original/(m=eaAaGwObaaamqv)(mh=EeBC5XBy87Mu5MWp)2.jpg;https://ei.phncdn.com/videos/202607/17/55853315/original/(m=eaAaGwObaaamqv)(mh=EeBC5XBy87Mu5MWp)3.jpg;https://ei.phncdn.com/videos/202607/17/55853315/original/(m=eaAaGwObaaamqv)(mh=EeBC5XBy87Mu5MWp)4.jpg;https://ei.phncdn.com/videos/202607/17/55853315/original/(m=eaAaGwObaaamqv)(mh=EeBC5XBy87Mu5MWp)5.jpg;https://ei.phncdn.com/videos/202607/17/55853315/original/(m=eaAaGwObaaamqv)(mh=EeBC5XBy87Mu5MWp)6.jpg;https://ei.phncdn.com/videos/202607/17/55853315/original/(m=eaAaGwObaaamqv)(mh=EeBC5XBy87Mu5MWp)7.jpg;https://ei.phncdn.com/videos/202607/17/55853315/original/(m=eaAaGwObaaamqv)(mh=EeBC5XBy87Mu5MWp)8.jpg;https://ei.phncdn.com/videos/202607/17/55853315/original/(m=eaAaGwObaaamqv)(mh=EeBC5XBy87Mu5MWp)9.jpg;https://ei.phncdn.com/videos/202607/17/55853315/original/(m=eaAaGwObaaamqv)(mh=EeBC5XBy87Mu5MWp)10.jpg;https://ei.phncdn.com/videos/202607/17/55853315/original/(m=eaAaGwObaaamqv)(mh=EeBC5XBy87Mu5MWp)11.jpg;https://ei.phncdn.com/videos/202607/17/55853315/original/(m=eaAaGwObaaamqv)(mh=EeBC5XBy87Mu5MWp)12.jpg;https://ei.phncdn.com/videos/202607/17/55853315/original/(m=eaAaGwObaaamqv)(mh=EeBC5XBy87Mu5MWp)13.jpg;https://ei.phncdn.com/videos/202607/17/55853315/original/(m=eaAaGwObaaamqv)(mh=EeBC5XBy87Mu5MWp)14.jpg;https://ei.phncdn.com/videos/202607/17/55853315/original/(m=eaAaGwObaaamqv)(mh=EeBC5XBy87Mu5MWp)15.jpg;https://ei.phncdn.com/videos/202607/17/55853315/original/(m=eaAaGwObaaamqv)(mh=EeBC5XBy87Mu5MWp)16.jpg
<iframe src="https://www.pornhub.com/embed/6a5c7b0361458" frameborder="0" height="481" width="608" scrolling="no"></iframe>|https://ei.phncdn.com/videos/202607/19/56006445/original/(m=eaf8GgaaaWavb)(mh=3Pa-K3Jrx7ebBK-_)12.jpg|https://ei.phncdn.com/videos/202607/19/56006445/original/(m=eaf8GgaaaWavb)(mh=3Pa-K3Jrx7ebBK-_)1.jpg;https://ei.phncdn.com/videos/202607/19/56006445/original/(m=eaf8GgaaaWavb)(mh=3Pa-K3Jrx7ebBK-_)2.jpg;https://ei.phncdn.com/videos/202607/19/56006445/original/(m=eaf8GgaaaWavb)(mh=3Pa-K3Jrx7ebBK-_)3.jpg;https://ei.phncdn.com/videos/202607/19/56006445/original/(m=eaf8GgaaaWavb)(mh=3Pa-K3Jrx7ebBK-_)4.jpg;https://ei.phncdn.com/videos/202607/19/56006445/original/(m=eaf8GgaaaWavb)(mh=3Pa-K3Jrx7ebBK-_)5.jpg;https://ei.phncdn.com/videos/202607/19/56006445/original/(m=eaf8GgaaaWavb)(mh=3Pa-K3Jrx7ebBK-_)6.jpg;https://ei.phncdn.com/videos/202607/19/56006445/original/(m=eaf8GgaaaWavb)(mh=3Pa-K3Jrx7ebBK-_)7.jpg;https://ei.phncdn.com/videos/202607/19/56006445/original/(m=eaf8GgaaaWavb)(mh=3Pa-K3Jrx7ebBK-_)8.jpg;https://ei.phncdn.com/videos/202607/19/56006445/original/(m=eaf8GgaaaWavb)(mh=3Pa-K3Jrx7ebBK-_)9.jpg;https://ei.phncdn.com/videos/202607/19/56006445/original/(m=eaf8GgaaaWavb)(mh=3Pa-K3Jrx7ebBK-_)10.jpg;https://ei.phncdn.com/videos/202607/19/56006445/original/(m=eaf8GgaaaWavb)(mh=3Pa-K3Jrx7ebBK-_)11.jpg;https://ei.phncdn.com/videos/202607/19/56006445/original/(m=eaf8GgaaaWavb)(mh=3Pa-K3Jrx7ebBK-_)12.jpg;https://ei.phncdn.com/videos/202607/19/56006445/original/(m=eaf8GgaaaWavb)(mh=3Pa-K3Jrx7ebBK-_)13.jpg;https://ei.phncdn.com/videos/202607/19/56006445/original/(m=eaf8GgaaaWavb)(mh=3Pa-K3Jrx7ebBK-_)14.jpg;https://ei.phncdn.com/videos/202607/19/56006445/original/(m=eaf8GgaaaWavb)(mh=3Pa-K3Jrx7ebBK-_)15.jpg;https://ei.phncdn.com/videos/202607/19/56006445/original/(m=eaf8GgaaaWavb)(mh=3Pa-K3Jrx7ebBK-_)16.jpg|You gonna fill my tight pussy? 🥵|pov;college;homemade;rough;skinny|Casting;Czech;Verified Amateurs;Solo Female;Female Orgasm;Tattooed Women;Gaming||12|66|1|0|https://ei.phncdn.com/videos/202607/19/56006445/original/(m=eaAaGwObaaamqv)(mh=xjpfWBVsyFeBmtGh)12.jpg|https://ei.phncdn.com/videos/202607/19/56006445/original/(m=eaAaGwObaaamqv)(mh=xjpfWBVsyFeBmtGh)1.jpg;https://ei.phncdn.com/videos/202607/19/56006445/original/(m=eaAaGwObaaamqv)(mh=xjpfWBVsyFeBmtGh)2.jpg;https://ei.phncdn.com/videos/202607/19/56006445/original/(m=eaAaGwObaaamqv)(mh=xjpfWBVsyFeBmtGh)3.jpg;https://ei.phncdn.com/videos/202607/19/56006445/original/(m=eaAaGwObaaamqv)(mh=xjpfWBVsyFeBmtGh)4.jpg;https://ei.phncdn.com/videos/202607/19/56006445/original/(m=eaAaGwObaaamqv)(mh=xjpfWBVsyFeBmtGh)5.jpg;https://ei.phncdn.com/videos/202607/19/56006445/original/(m=eaAaGwObaaamqv)(mh=xjpfWBVsyFeBmtGh)6.jpg;https://ei.phncdn.com/videos/202607/19/56006445/original/(m=eaAaGwObaaamqv)(mh=xjpfWBVsyFeBmtGh)7.jpg;https://ei.phncdn.com/videos/202607/19/56006445/original/(m=eaAaGwObaaamqv)(mh=xjpfWBVsyFeBmtGh)8.jpg;https://ei.phncdn.com/videos/202607/19/56006445/original/(m=eaAaGwObaaamqv)(mh=xjpfWBVsyFeBmtGh)9.jpg;https://ei.phncdn.com/videos/202607/19/56006445/original/(m=eaAaGwObaaamqv)(mh=xjpfWBVsyFeBmtGh)10.jpg;https://ei.phncdn.com/videos/202607/19/56006445/original/(m=eaAaGwObaaamqv)(mh=xjpfWBVsyFeBmtGh)11.jpg;https://ei.phncdn.com/videos/202607/19/56006445/original/(m=eaAaGwObaaamqv)(mh=xjpfWBVsyFeBmtGh)12.jpg;https://ei.phncdn.com/videos/202607/19/56006445/original/(m=eaAaGwObaaamqv)(mh=xjpfWBVsyFeBmtGh)13.jpg;https://ei.phncdn.com/videos/202607/19/56006445/original/(m=eaAaGwObaaamqv)(mh=xjpfWBVsyFeBmtGh)14.jpg;https://ei.phncdn.com/videos/202607/19/56006445/original/(m=eaAaGwObaaamqv)(mh=xjpfWBVsyFeBmtGh)15.jpg;https://ei.phncdn.com/videos/202607/19/56006445/original/(m=eaAaGwObaaamqv)(mh=xjpfWBVsyFeBmtGh)16.jpg
<iframe src="https://www.pornhub.com/embed/6a5c986638685" frameborder="0" height="481" width="608" scrolling="no"></iframe>|https://ei.phncdn.com/videos/202607/19/56014505/original/(m=eaf8GgaaaWavb)(mh=9jOmMs9aPk9qSOD7)12.jpg|https://ei.phncdn.com/videos/202607/19/56014505/original/(m=eaf8GgaaaWavb)(mh=9jOmMs9aPk9qSOD7)1.jpg;https://ei.phncdn.com/videos/202607/19/56014505/original/(m=eaf8GgaaaWavb)(mh=9jOmMs9aPk9qSOD7)2.jpg;https://ei.phncdn.com/videos/202607/19/56014505/original/(m=eaf8GgaaaWavb)(mh=9jOmMs9aPk9qSOD7)3.jpg;https://ei.phncdn.com/videos/202607/19/56014505/original/(m=eaf8GgaaaWavb)(mh=9jOmMs9aPk9qSOD7)4.jpg;https://ei.phncdn.com/videos/202607/19/56014505/original/(m=eaf8GgaaaWavb)(mh=9jOmMs9aPk9qSOD7)5.jpg;https://ei.phncdn.com/videos/202607/19/56014505/original/(m=eaf8GgaaaWavb)(mh=9jOmMs9aPk9qSOD7)6.jpg;https://ei.phncdn.com/videos/202607/19/56014505/original/(m=eaf8GgaaaWavb)(mh=9jOmMs9aPk9qSOD7)7.jpg;https://ei.phncdn.com/videos/202607/19/56014505/original/(m=eaf8GgaaaWavb)(mh=9jOmMs9aPk9qSOD7)8.jpg;https://ei.phncdn.com/videos/202607/19/56014505/original/(m=eaf8GgaaaWavb)(mh=9jOmMs9aPk9qSOD7)9.jpg;https://ei.phncdn.com/videos/202607/19/56014505/original/(m=eaf8GgaaaWavb)(mh=9jOmMs9aPk9qSOD7)10.jpg;https://ei.phncdn.com/videos/202607/19/56014505/original/(m=eaf8GgaaaWavb)(mh=9jOmMs9aPk9qSOD7)11.jpg;https://ei.phncdn.com/videos/202607/19/56014505/original/(m=eaf8GgaaaWavb)(mh=9jOmMs9aPk9qSOD7)12.jpg;https://ei.phncdn.com/videos/202607/19/56014505/original/(m=eaf8GgaaaWavb)(mh=9jOmMs9aPk9qSOD7)13.jpg;https://ei.phncdn.com/videos/202607/19/56014505/original/(m=eaf8GgaaaWavb)(mh=9jOmMs9aPk9qSOD7)14.jpg;https://ei.phncdn.com/videos/202607/19/56014505/original/(m=eaf8GgaaaWavb)(mh=9jOmMs9aPk9qSOD7)15.jpg;https://ei.phncdn.com/videos/202607/19/56014505/original/(m=eaf8GgaaaWavb)(mh=9jOmMs9aPk9qSOD7)16.jpg|Curvy blonde fingers her wet pussy slow|vertical-porn;busty;anal;big-tits;gamer|Casting;Verified Amateurs;Solo Female;Gaming||12|246|2|1|https://ei.phncdn.com/videos/202607/19/56014505/original/(m=eaAaGwObaaamqv)(mh=B0SsE5BNdEr30iFt)12.jpg|https://ei.phncdn.com/videos/202607/19/56014505/original/(m=eaAaGwObaaamqv)(mh=B0SsE5BNdEr30iFt)1.jpg;https://ei.phncdn.com/videos/202607/19/56014505/original/(m=eaAaGwObaaamqv)(mh=B0SsE5BNdEr30iFt)2.jpg;https://ei.phncdn.com/videos/202607/19/56014505/original/(m=eaAaGwObaaamqv)(mh=B0SsE5BNdEr30iFt)3.jpg;https://ei.phncdn.com/videos/202607/19/56014505/original/(m=eaAaGwObaaamqv)(mh=B0SsE5BNdEr30iFt)4.jpg;https://ei.phncdn.com/videos/202607/19/56014505/original/(m=eaAaGwObaaamqv)(mh=B0SsE5BNdEr30iFt)5.jpg;https://ei.phncdn.com/videos/202607/19/56014505/original/(m=eaAaGwObaaamqv)(mh=B0SsE5BNdEr30iFt)6.jpg;https://ei.phncdn.com/videos/202607/19/56014505/original/(m=eaAaGwObaaamqv)(mh=B0SsE5BNdEr30iFt)7.jpg;https://ei.phncdn.com/videos/202607/19/56014505/original/(m=eaAaGwObaaamqv)(mh=B0SsE5BNdEr30iFt)8.jpg;https://ei.phncdn.com/videos/202607/19/56014505/original/(m=eaAaGwObaaamqv)(mh=B0SsE5BNdEr30iFt)9.jpg;https://ei.phncdn.com/videos/202607/19/56014505/original/(m=eaAaGwObaaamqv)(mh=B0SsE5BNdEr30iFt)10.jpg;https://ei.phncdn.com/videos/202607/19/56014505/original/(m=eaAaGwObaaamqv)(mh=B0SsE5BNdEr30iFt)11.jpg;https://ei.phncdn.com/videos/202607/19/56014505/original/(m=eaAaGwObaaamqv)(mh=B0SsE5BNdEr30iFt)12.jpg;https://ei.phncdn.com/videos/202607/19/56014505/original/(m=eaAaGwObaaamqv)(mh=B0SsE5BNdEr30iFt)13.jpg;https://ei.phncdn.com/videos/202607/19/56014505/original/(m=eaAaGwObaaamqv)(mh=B0SsE5BNdEr30iFt)14.jpg;https://ei.phncdn.com/videos/202607/19/56014505/original/(m=eaAaGwObaaamqv)(mh=B0SsE5BNdEr30iFt)15.jpg;https://ei.phncdn.com/videos/202607/19/56014505/original/(m=eaAaGwObaaamqv)(mh=B0SsE5BNdEr30iFt)16.jpg
<iframe src="https://www.pornhub.com/embed/6a5db49a42c85" frameborder="0" height="481" width="608" scrolling="no"></iframe>|https://ei.phncdn.com/videos/202607/20/56095945/original/(m=eaf8GgaaaWavb)(mh=DQO_GN-1yb7jACsj)12.jpg|https://ei.phncdn.com/videos/202607/20/56095945/original/(m=eaf8GgaaaWavb)(mh=DQO_GN-1yb7jACsj)1.jpg;https://ei.phncdn.com/videos/202607/20/56095945/original/(m=eaf8GgaaaWavb)(mh=DQO_GN-1yb7jACsj)2.jpg;https://ei.phncdn.com/videos/202607/20/56095945/original/(m=eaf8GgaaaWavb)(mh=DQO_GN-1yb7jACsj)3.jpg;https://ei.phncdn.com/videos/202607/20/56095945/original/(m=eaf8GgaaaWavb)(mh=DQO_GN-1yb7jACsj)4.jpg;https://ei.phncdn.com/videos/202607/20/56095945/original/(m=eaf8GgaaaWavb)(mh=DQO_GN-1yb7jACsj)5.jpg;https://ei.phncdn.com/videos/202607/20/56095945/original/(m=eaf8GgaaaWavb)(mh=DQO_GN-1yb7jACsj)6.jpg;https://ei.phncdn.com/videos/202607/20/56095945/original/(m=eaf8GgaaaWavb)(mh=DQO_GN-1yb7jACsj)7.jpg;https://ei.phncdn.com/videos/202607/20/56095945/original/(m=eaf8GgaaaWavb)(mh=DQO_GN-1yb7jACsj)8.jpg;https://ei.phncdn.com/videos/202607/20/56095945/original/(m=eaf8GgaaaWavb)(mh=DQO_GN-1yb7jACsj)9.jpg;https://ei.phncdn.com/videos/202607/20/56095945/original/(m=eaf8GgaaaWavb)(mh=DQO_GN-1yb7jACsj)10.jpg;https://ei.phncdn.com/videos/202607/20/56095945/original/(m=eaf8GgaaaWavb)(mh=DQO_GN-1yb7jACsj)11.jpg;https://ei.phncdn.com/videos/202607/20/56095945/original/(m=eaf8GgaaaWavb)(mh=DQO_GN-1yb7jACsj)12.jpg;https://ei.phncdn.com/videos/202607/20/56095945/original/(m=eaf8GgaaaWavb)(mh=DQO_GN-1yb7jACsj)13.jpg;https://ei.phncdn.com/videos/202607/20/56095945/original/(m=eaf8GgaaaWavb)(mh=DQO_GN-1yb7jACsj)14.jpg;https://ei.phncdn.com/videos/202607/20/56095945/original/(m=eaf8GgaaaWavb)(mh=DQO_GN-1yb7jACsj)15.jpg;https://ei.phncdn.com/videos/202607/20/56095945/original/(m=eaf8GgaaaWavb)(mh=DQO_GN-1yb7jACsj)16.jpg|Big tits spilling out as she unbuttons slow 🫦|sexy;schoolgirl;new;college;teenage;rough;solo-female;shaved-pussy|Casting;Verified Amateurs;Solo Female;Tattooed Women;Gaming||12|15|1|0|https://ei.phncdn.com/videos/202607/20/56095945/original/(m=eaAaGwObaaamqv)(mh=5P43E9dYJJFnP4Bp)12.jpg|https://ei.phncdn.com/videos/202607/20/56095945/original/(m=eaAaGwObaaamqv)(mh=5P43E9dYJJFnP4Bp)1.jpg;https://ei.phncdn.com/videos/202607/20/56095945/original/(m=eaAaGwObaaamqv)(mh=5P43E9dYJJFnP4Bp)2.jpg;https://ei.phncdn.com/videos/202607/20/56095945/original/(m=eaAaGwObaaamqv)(mh=5P43E9dYJJFnP4Bp)3.jpg;https://ei.phncdn.com/videos/202607/20/56095945/original/(m=eaAaGwObaaamqv)(mh=5P43E9dYJJFnP4Bp)4.jpg;https://ei.phncdn.com/videos/202607/20/56095945/original/(m=eaAaGwObaaamqv)(mh=5P43E9dYJJFnP4Bp)5.jpg;https://ei.phncdn.com/videos/202607/20/56095945/original/(m=eaAaGwObaaamqv)(mh=5P43E9dYJJFnP4Bp)6.jpg;https://ei.phncdn.com/videos/202607/20/56095945/original/(m=eaAaGwObaaamqv)(mh=5P43E9dYJJFnP4Bp)7.jpg;https://ei.phncdn.com/videos/202607/20/56095945/original/(m=eaAaGwObaaamqv)(mh=5P43E9dYJJFnP4Bp)8.jpg;https://ei.phncdn.com/videos/202607/20/56095945/original/(m=eaAaGwObaaamqv)(mh=5P43E9dYJJFnP4Bp)9.jpg;https://ei.phncdn.com/videos/202607/20/56095945/original/(m=eaAaGwObaaamqv)(mh=5P43E9dYJJFnP4Bp)10.jpg;https://ei.phncdn.com/videos/202607/20/56095945/original/(m=eaAaGwObaaamqv)(mh=5P43E9dYJJFnP4Bp)11.jpg;https://ei.phncdn.com/videos/202607/20/56095945/original/(m=eaAaGwObaaamqv)(mh=5P43E9dYJJFnP4Bp)12.jpg;https://ei.phncdn.com/videos/202607/20/56095945/original/(m=eaAaGwObaaamqv)(mh=5P43E9dYJJFnP4Bp)13.jpg;https://ei.phncdn.com/videos/202607/20/56095945/original/(m=eaAaGwObaaamqv)(mh=5P43E9dYJJFnP4Bp)14.jpg;https://ei.phncdn.com/videos/202607/20/56095945/original/(m=eaAaGwObaaamqv)(mh=5P43E9dYJJFnP4Bp)15.jpg;https://ei.phncdn.com/videos/202607/20/56095945/original/(m=eaAaGwObaaamqv)(mh=5P43E9dYJJFnP4Bp)16.jpg
<iframe src="https://www.pornhub.com/embed/6a5e0790aff73" frameborder="0" height="481" width="608" scrolling="no"></iframe>|https://ei.phncdn.com/videos/202607/20/56118625/original/(m=eaf8GgaaaWavb)(mh=GK4XPIcI0OfGN0SF)12.jpg|https://ei.phncdn.com/videos/202607/20/56118625/original/(m=eaf8GgaaaWavb)(mh=GK4XPIcI0OfGN0SF)1.jpg;https://ei.phncdn.com/videos/202607/20/56118625/original/(m=eaf8GgaaaWavb)(mh=GK4XPIcI0OfGN0SF)2.jpg;https://ei.phncdn.com/videos/202607/20/56118625/original/(m=eaf8GgaaaWavb)(mh=GK4XPIcI0OfGN0SF)3.jpg;https://ei.phncdn.com/videos/202607/20/56118625/original/(m=eaf8GgaaaWavb)(mh=GK4XPIcI0OfGN0SF)4.jpg;https://ei.phncdn.com/videos/202607/20/56118625/original/(m=eaf8GgaaaWavb)(mh=GK4XPIcI0OfGN0SF)5.jpg;https://ei.phncdn.com/videos/202607/20/56118625/original/(m=eaf8GgaaaWavb)(mh=GK4XPIcI0OfGN0SF)6.jpg;https://ei.phncdn.com/videos/202607/20/56118625/original/(m=eaf8GgaaaWavb)(mh=GK4XPIcI0OfGN0SF)7.jpg;https://ei.phncdn.com/videos/202607/20/56118625/original/(m=eaf8GgaaaWavb)(mh=GK4XPIcI0OfGN0SF)8.jpg;https://ei.phncdn.com/videos/202607/20/56118625/original/(m=eaf8GgaaaWavb)(mh=GK4XPIcI0OfGN0SF)9.jpg;https://ei.phncdn.com/videos/202607/20/56118625/original/(m=eaf8GgaaaWavb)(mh=GK4XPIcI0OfGN0SF)10.jpg;https://ei.phncdn.com/videos/202607/20/56118625/original/(m=eaf8GgaaaWavb)(mh=GK4XPIcI0OfGN0SF)11.jpg;https://ei.phncdn.com/videos/202607/20/56118625/original/(m=eaf8GgaaaWavb)(mh=GK4XPIcI0OfGN0SF)12.jpg;https://ei.phncdn.com/videos/202607/20/56118625/original/(m=eaf8GgaaaWavb)(mh=GK4XPIcI0OfGN0SF)13.jpg;https://ei.phncdn.com/videos/202607/20/56118625/original/(m=eaf8GgaaaWavb)(mh=GK4XPIcI0OfGN0SF)14.jpg;https://ei.phncdn.com/videos/202607/20/56118625/original/(m=eaf8GgaaaWavb)(mh=GK4XPIcI0OfGN0SF)15.jpg;https://ei.phncdn.com/videos/202607/20/56118625/original/(m=eaf8GgaaaWavb)(mh=GK4XPIcI0OfGN0SF)16.jpg|Thick thighs spread wide on the bed 💕|schoolgirl;skinny;onlyfans;lingerie;dildo;tiktok;blowjob;blonde|Casting;Verified Amateurs;Solo Female;Female Orgasm||12|9|||https://ei.phncdn.com/videos/202607/20/56118625/original/(m=eaAaGwObaaamqv)(mh=FI0mXAEldmvFM6Sf)12.jpg|https://ei.phncdn.com/videos/202607/20/56118625/original/(m=eaAaGwObaaamqv)(mh=FI0mXAEldmvFM6Sf)1.jpg;https://ei.phncdn.com/videos/202607/20/56118625/original/(m=eaAaGwObaaamqv)(mh=FI0mXAEldmvFM6Sf)2.jpg;https://ei.phncdn.com/videos/202607/20/56118625/original/(m=eaAaGwObaaamqv)(mh=FI0mXAEldmvFM6Sf)3.jpg;https://ei.phncdn.com/videos/202607/20/56118625/original/(m=eaAaGwObaaamqv)(mh=FI0mXAEldmvFM6Sf)4.jpg;https://ei.phncdn.com/videos/202607/20/56118625/original/(m=eaAaGwObaaamqv)(mh=FI0mXAEldmvFM6Sf)5.jpg;https://ei.phncdn.com/videos/202607/20/56118625/original/(m=eaAaGwObaaamqv)(mh=FI0mXAEldmvFM6Sf)6.jpg;https://ei.phncdn.com/videos/202607/20/56118625/original/(m=eaAaGwObaaamqv)(mh=FI0mXAEldmvFM6Sf)7.jpg;https://ei.phncdn.com/videos/202607/20/56118625/original/(m=eaAaGwObaaamqv)(mh=FI0mXAEldmvFM6Sf)8.jpg;https://ei.phncdn.com/videos/202607/20/56118625/original/(m=eaAaGwObaaamqv)(mh=FI0mXAEldmvFM6Sf)9.jpg;https://ei.phncdn.com/videos/202607/20/56118625/original/(m=eaAaGwObaaamqv)(mh=FI0mXAEldmvFM6Sf)10.jpg;https://ei.phncdn.com/videos/202607/20/56118625/original/(m=eaAaGwObaaamqv)(mh=FI0mXAEldmvFM6Sf)11.jpg;https://ei.phncdn.com/videos/202607/20/56118625/original/(m=eaAaGwObaaamqv)(mh=FI0mXAEldmvFM6Sf)12.jpg;https://ei.phncdn.com/videos/202607/20/56118625/original/(m=eaAaGwObaaamqv)(mh=FI0mXAEldmvFM6Sf)13.jpg;https://ei.phncdn.com/videos/202607/20/56118625/original/(m=eaAaGwObaaamqv)(mh=FI0mXAEldmvFM6Sf)14.jpg;https://ei.phncdn.com/videos/202607/20/56118625/original/(m=eaAaGwObaaamqv)(mh=FI0mXAEldmvFM6Sf)15.jpg;https://ei.phncdn.com/videos/202607/20/56118625/original/(m=eaAaGwObaaamqv)(mh=FI0mXAEldmvFM6Sf)16.jpg
<iframe src="https://www.pornhub.com/embed/6a5e785b714d7" frameborder="0" height="481" width="608" scrolling="no"></iframe>|https://ei.phncdn.com/videos/202607/20/56168385/original/(m=eaf8GgaaaWavb)(mh=4n-WFI41cbUwY_z7)12.jpg|https://ei.phncdn.com/videos/202607/20/56168385/original/(m=eaf8GgaaaWavb)(mh=4n-WFI41cbUwY_z7)1.jpg;https://ei.phncdn.com/videos/202607/20/56168385/original/(m=eaf8GgaaaWavb)(mh=4n-WFI41cbUwY_z7)2.jpg;https://ei.phncdn.com/videos/202607/20/56168385/original/(m=eaf8GgaaaWavb)(mh=4n-WFI41cbUwY_z7)3.jpg;https://ei.phncdn.com/videos/202607/20/56168385/original/(m=eaf8GgaaaWavb)(mh=4n-WFI41cbUwY_z7)4.jpg;https://ei.phncdn.com/videos/202607/20/56168385/original/(m=eaf8GgaaaWavb)(mh=4n-WFI41cbUwY_z7)5.jpg;https://ei.phncdn.com/videos/202607/20/56168385/original/(m=eaf8GgaaaWavb)(mh=4n-WFI41cbUwY_z7)6.jpg;https://ei.phncdn.com/videos/202607/20/56168385/original/(m=eaf8GgaaaWavb)(mh=4n-WFI41cbUwY_z7)7.jpg;https://ei.phncdn.com/videos/202607/20/56168385/original/(m=eaf8GgaaaWavb)(mh=4n-WFI41cbUwY_z7)8.jpg;https://ei.phncdn.com/videos/202607/20/56168385/original/(m=eaf8GgaaaWavb)(mh=4n-WFI41cbUwY_z7)9.jpg;https://ei.phncdn.com/videos/202607/20/56168385/original/(m=eaf8GgaaaWavb)(mh=4n-WFI41cbUwY_z7)10.jpg;https://ei.phncdn.com/videos/202607/20/56168385/original/(m=eaf8GgaaaWavb)(mh=4n-WFI41cbUwY_z7)11.jpg;https://ei.phncdn.com/videos/202607/20/56168385/original/(m=eaf8GgaaaWavb)(mh=4n-WFI41cbUwY_z7)12.jpg;https://ei.phncdn.com/videos/202607/20/56168385/original/(m=eaf8GgaaaWavb)(mh=4n-WFI41cbUwY_z7)13.jpg;https://ei.phncdn.com/videos/202607/20/56168385/original/(m=eaf8GgaaaWavb)(mh=4n-WFI41cbUwY_z7)14.jpg;https://ei.phncdn.com/videos/202607/20/56168385/original/(m=eaf8GgaaaWavb)(mh=4n-WFI41cbUwY_z7)15.jpg;https://ei.phncdn.com/videos/202607/20/56168385/original/(m=eaf8GgaaaWavb)(mh=4n-WFI41cbUwY_z7)16.jpg|Tattooed beauty teases tits while filming herself 🤫|tattoo;joi;schoolgirl;blowjob;college;small;dildo;shaved-pussy|Casting;Verified Amateurs;Solo Female;Gaming||12|168|2|0|https://ei.phncdn.com/videos/202607/20/56168385/original/(m=eaAaGwObaaamqv)(mh=A2e3oec3uq7EcVvh)12.jpg|https://ei.phncdn.com/videos/202607/20/56168385/original/(m=eaAaGwObaaamqv)(mh=A2e3oec3uq7EcVvh)1.jpg;https://ei.phncdn.com/videos/202607/20/56168385/original/(m=eaAaGwObaaamqv)(mh=A2e3oec3uq7EcVvh)2.jpg;https://ei.phncdn.com/videos/202607/20/56168385/original/(m=eaAaGwObaaamqv)(mh=A2e3oec3uq7EcVvh)3.jpg;https://ei.phncdn.com/videos/202607/20/56168385/original/(m=eaAaGwObaaamqv)(mh=A2e3oec3uq7EcVvh)4.jpg;https://ei.phncdn.com/videos/202607/20/56168385/original/(m=eaAaGwObaaamqv)(mh=A2e3oec3uq7EcVvh)5.jpg;https://ei.phncdn.com/videos/202607/20/56168385/original/(m=eaAaGwObaaamqv)(mh=A2e3oec3uq7EcVvh)6.jpg;https://ei.phncdn.com/videos/202607/20/56168385/original/(m=eaAaGwObaaamqv)(mh=A2e3oec3uq7EcVvh)7.jpg;https://ei.phncdn.com/videos/202607/20/56168385/original/(m=eaAaGwObaaamqv)(mh=A2e3oec3uq7EcVvh)8.jpg;https://ei.phncdn.com/videos/202607/20/56168385/original/(m=eaAaGwObaaamqv)(mh=A2e3oec3uq7EcVvh)9.jpg;https://ei.phncdn.com/videos/202607/20/56168385/original/(m=eaAaGwObaaamqv)(mh=A2e3oec3uq7EcVvh)10.jpg;https://ei.phncdn.com/videos/202607/20/56168385/original/(m=eaAaGwObaaamqv)(mh=A2e3oec3uq7EcVvh)11.jpg;https://ei.phncdn.com/videos/202607/20/56168385/original/(m=eaAaGwObaaamqv)(mh=A2e3oec3uq7EcVvh)12.jpg;https://ei.phncdn.com/videos/202607/20/56168385/original/(m=eaAaGwObaaamqv)(mh=A2e3oec3uq7EcVvh)13.jpg;https://ei.phncdn.com/videos/202607/20/56168385/original/(m=eaAaGwObaaamqv)(mh=A2e3oec3uq7EcVvh)14.jpg;https://ei.phncdn.com/videos/202607/20/56168385/original/(m=eaAaGwObaaamqv)(mh=A2e3oec3uq7EcVvh)15.jpg;https://ei.phncdn.com/videos/202607/20/56168385/original/(m=eaAaGwObaaamqv)(mh=A2e3oec3uq7EcVvh)16.jpg
<iframe src="https://www.pornhub.com/embed/6a5f1e863283b" frameborder="0" height="481" width="608" scrolling="no"></iframe>|https://ei.phncdn.com/videos/202607/21/56217145/original/(m=eaf8GgaaaWavb)(mh=8mF8Hv7Y8capRzbi)12.jpg|https://ei.phncdn.com/videos/202607/21/56217145/original/(m=eaf8GgaaaWavb)(mh=8mF8Hv7Y8capRzbi)1.jpg;https://ei.phncdn.com/videos/202607/21/56217145/original/(m=eaf8GgaaaWavb)(mh=8mF8Hv7Y8capRzbi)2.jpg;https://ei.phncdn.com/videos/202607/21/56217145/original/(m=eaf8GgaaaWavb)(mh=8mF8Hv7Y8capRzbi)3.jpg;https://ei.phncdn.com/videos/202607/21/56217145/original/(m=eaf8GgaaaWavb)(mh=8mF8Hv7Y8capRzbi)4.jpg;https://ei.phncdn.com/videos/202607/21/56217145/original/(m=eaf8GgaaaWavb)(mh=8mF8Hv7Y8capRzbi)5.jpg;https://ei.phncdn.com/videos/202607/21/56217145/original/(m=eaf8GgaaaWavb)(mh=8mF8Hv7Y8capRzbi)6.jpg;https://ei.phncdn.com/videos/202607/21/56217145/original/(m=eaf8GgaaaWavb)(mh=8mF8Hv7Y8capRzbi)7.jpg;https://ei.phncdn.com/videos/202607/21/56217145/original/(m=eaf8GgaaaWavb)(mh=8mF8Hv7Y8capRzbi)8.jpg;https://ei.phncdn.com/videos/202607/21/56217145/original/(m=eaf8GgaaaWavb)(mh=8mF8Hv7Y8capRzbi)9.jpg;https://ei.phncdn.com/videos/202607/21/56217145/original/(m=eaf8GgaaaWavb)(mh=8mF8Hv7Y8capRzbi)10.jpg;https://ei.phncdn.com/videos/202607/21/56217145/original/(m=eaf8GgaaaWavb)(mh=8mF8Hv7Y8capRzbi)11.jpg;https://ei.phncdn.com/videos/202607/21/56217145/original/(m=eaf8GgaaaWavb)(mh=8mF8Hv7Y8capRzbi)12.jpg;https://ei.phncdn.com/videos/202607/21/56217145/original/(m=eaf8GgaaaWavb)(mh=8mF8Hv7Y8capRzbi)13.jpg;https://ei.phncdn.com/videos/202607/21/56217145/original/(m=eaf8GgaaaWavb)(mh=8mF8Hv7Y8capRzbi)14.jpg;https://ei.phncdn.com/videos/202607/21/56217145/original/(m=eaf8GgaaaWavb)(mh=8mF8Hv7Y8capRzbi)15.jpg;https://ei.phncdn.com/videos/202607/21/56217145/original/(m=eaf8GgaaaWavb)(mh=8mF8Hv7Y8capRzbi)16.jpg|Im so wet and ready for you 🫦|popular;e-girl;cheating;blonde|Casting;Verified Amateurs;Solo Female;Tattooed Women||12|16|1|0|https://ei.phncdn.com/videos/202607/21/56217145/original/(m=eaAaGwObaaamqv)(mh=rOCggOCPQoU8MFBA)12.jpg|https://ei.phncdn.com/videos/202607/21/56217145/original/(m=eaAaGwObaaamqv)(mh=rOCggOCPQoU8MFBA)1.jpg;https://ei.phncdn.com/videos/202607/21/56217145/original/(m=eaAaGwObaaamqv)(mh=rOCggOCPQoU8MFBA)2.jpg;https://ei.phncdn.com/videos/202607/21/56217145/original/(m=eaAaGwObaaamqv)(mh=rOCggOCPQoU8MFBA)3.jpg;https://ei.phncdn.com/videos/202607/21/56217145/original/(m=eaAaGwObaaamqv)(mh=rOCggOCPQoU8MFBA)4.jpg;https://ei.phncdn.com/videos/202607/21/56217145/original/(m=eaAaGwObaaamqv)(mh=rOCggOCPQoU8MFBA)5.jpg;https://ei.phncdn.com/videos/202607/21/56217145/original/(m=eaAaGwObaaamqv)(mh=rOCggOCPQoU8MFBA)6.jpg;https://ei.phncdn.com/videos/202607/21/56217145/original/(m=eaAaGwObaaamqv)(mh=rOCggOCPQoU8MFBA)7.jpg;https://ei.phncdn.com/videos/202607/21/56217145/original/(m=eaAaGwObaaamqv)(mh=rOCggOCPQoU8MFBA)8.jpg;https://ei.phncdn.com/videos/202607/21/56217145/original/(m=eaAaGwObaaamqv)(mh=rOCggOCPQoU8MFBA)9.jpg;https://ei.phncdn.com/videos/202607/21/56217145/original/(m=eaAaGwObaaamqv)(mh=rOCggOCPQoU8MFBA)10.jpg;https://ei.phncdn.com/videos/202607/21/56217145/original/(m=eaAaGwObaaamqv)(mh=rOCggOCPQoU8MFBA)11.jpg;https://ei.phncdn.com/videos/202607/21/56217145/original/(m=eaAaGwObaaamqv)(mh=rOCggOCPQoU8MFBA)12.jpg;https://ei.phncdn.com/videos/202607/21/56217145/original/(m=eaAaGwObaaamqv)(mh=rOCggOCPQoU8MFBA)13.jpg;https://ei.phncdn.com/videos/202607/21/56217145/original/(m=eaAaGwObaaamqv)(mh=rOCggOCPQoU8MFBA)14.jpg;https://ei.phncdn.com/videos/202607/21/56217145/original/(m=eaAaGwObaaamqv)(mh=rOCggOCPQoU8MFBA)15.jpg;https://ei.phncdn.com/videos/202607/21/56217145/original/(m=eaAaGwObaaamqv)(mh=rOCggOCPQoU8MFBA)16.jpg
<iframe src="https://www.pornhub.com/embed/6a5fd0ddc9a67" frameborder="0" height="481" width="608" scrolling="no"></iframe>|https://ei.phncdn.com/videos/202607/21/56283715/original/(m=eaf8GgaaaWavb)(mh=9TQ6NVH4m8UkHcah)12.jpg|https://ei.phncdn.com/videos/202607/21/56283715/original/(m=eaf8GgaaaWavb)(mh=9TQ6NVH4m8UkHcah)1.jpg;https://ei.phncdn.com/videos/202607/21/56283715/original/(m=eaf8GgaaaWavb)(mh=9TQ6NVH4m8UkHcah)2.jpg;https://ei.phncdn.com/videos/202607/21/56283715/original/(m=eaf8GgaaaWavb)(mh=9TQ6NVH4m8UkHcah)3.jpg;https://ei.phncdn.com/videos/202607/21/56283715/original/(m=eaf8GgaaaWavb)(mh=9TQ6NVH4m8UkHcah)4.jpg;https://ei.phncdn.com/videos/202607/21/56283715/original/(m=eaf8GgaaaWavb)(mh=9TQ6NVH4m8UkHcah)5.jpg;https://ei.phncdn.com/videos/202607/21/56283715/original/(m=eaf8GgaaaWavb)(mh=9TQ6NVH4m8UkHcah)6.jpg;https://ei.phncdn.com/videos/202607/21/56283715/original/(m=eaf8GgaaaWavb)(mh=9TQ6NVH4m8UkHcah)7.jpg;https://ei.phncdn.com/videos/202607/21/56283715/original/(m=eaf8GgaaaWavb)(mh=9TQ6NVH4m8UkHcah)8.jpg;https://ei.phncdn.com/videos/202607/21/56283715/original/(m=eaf8GgaaaWavb)(mh=9TQ6NVH4m8UkHcah)9.jpg;https://ei.phncdn.com/videos/202607/21/56283715/original/(m=eaf8GgaaaWavb)(mh=9TQ6NVH4m8UkHcah)10.jpg;https://ei.phncdn.com/videos/202607/21/56283715/original/(m=eaf8GgaaaWavb)(mh=9TQ6NVH4m8UkHcah)11.jpg;https://ei.phncdn.com/videos/202607/21/56283715/original/(m=eaf8GgaaaWavb)(mh=9TQ6NVH4m8UkHcah)12.jpg;https://ei.phncdn.com/videos/202607/21/56283715/original/(m=eaf8GgaaaWavb)(mh=9TQ6NVH4m8UkHcah)13.jpg;https://ei.phncdn.com/videos/202607/21/56283715/original/(m=eaf8GgaaaWavb)(mh=9TQ6NVH4m8UkHcah)14.jpg;https://ei.phncdn.com/videos/202607/21/56283715/original/(m=eaf8GgaaaWavb)(mh=9TQ6NVH4m8UkHcah)15.jpg;https://ei.phncdn.com/videos/202607/21/56283715/original/(m=eaf8GgaaaWavb)(mh=9TQ6NVH4m8UkHcah)16.jpg|Fuck me hard till I beg for more 😳|blonde;popular;closeup|Casting;Verified Amateurs;Cosplay;Solo Female||11|5|||https://ei.phncdn.com/videos/202607/21/56283715/original/(m=eaAaGwObaaamqv)(mh=yEwCsSioj9QFLkL1)12.jpg|https://ei.phncdn.com/videos/202607/21/56283715/original/(m=eaAaGwObaaamqv)(mh=yEwCsSioj9QFLkL1)1.jpg;https://ei.phncdn.com/videos/202607/21/56283715/original/(m=eaAaGwObaaamqv)(mh=yEwCsSioj9QFLkL1)2.jpg;https://ei.phncdn.com/videos/202607/21/56283715/original/(m=eaAaGwObaaamqv)(mh=yEwCsSioj9QFLkL1)3.jpg;https://ei.phncdn.com/videos/202607/21/56283715/original/(m=eaAaGwObaaamqv)(mh=yEwCsSioj9QFLkL1)4.jpg;https://ei.phncdn.com/videos/202607/21/56283715/original/(m=eaAaGwObaaamqv)(mh=yEwCsSioj9QFLkL1)5.jpg;https://ei.phncdn.com/videos/202607/21/56283715/original/(m=eaAaGwObaaamqv)(mh=yEwCsSioj9QFLkL1)6.jpg;https://ei.phncdn.com/videos/202607/21/56283715/original/(m=eaAaGwObaaamqv)(mh=yEwCsSioj9QFLkL1)7.jpg;https://ei.phncdn.com/videos/202607/21/56283715/original/(m=eaAaGwObaaamqv)(mh=yEwCsSioj9QFLkL1)8.jpg;https://ei.phncdn.com/videos/202607/21/56283715/original/(m=eaAaGwObaaamqv)(mh=yEwCsSioj9QFLkL1)9.jpg;https://ei.phncdn.com/videos/202607/21/56283715/original/(m=eaAaGwObaaamqv)(mh=yEwCsSioj9QFLkL1)10.jpg;https://ei.phncdn.com/videos/202607/21/56283715/original/(m=eaAaGwObaaamqv)(mh=yEwCsSioj9QFLkL1)11.jpg;https://ei.phncdn.com/videos/202607/21/56283715/original/(m=eaAaGwObaaamqv)(mh=yEwCsSioj9QFLkL1)12.jpg;https://ei.phncdn.com/videos/202607/21/56283715/original/(m=eaAaGwObaaamqv)(mh=yEwCsSioj9QFLkL1)13.jpg;https://ei.phncdn.com/videos/202607/21/56283715/original/(m=eaAaGwObaaamqv)(mh=yEwCsSioj9QFLkL1)14.jpg;https://ei.phncdn.com/videos/202607/21/56283715/original/(m=eaAaGwObaaamqv)(mh=yEwCsSioj9QFLkL1)15.jpg;https://ei.phncdn.com/videos/202607/21/56283715/original/(m=eaAaGwObaaamqv)(mh=yEwCsSioj9QFLkL1)16.jpg
<iframe src="https://www.pornhub.com/embed/6a60028c0e1bc" frameborder="0" height="481" width="608" scrolling="no"></iframe>|https://ei.phncdn.com/videos/202607/21/56298575/original/(m=eaf8GgaaaWavb)(mh=5w_AfUDhs8quEYDE)12.jpg|https://ei.phncdn.com/videos/202607/21/56298575/original/(m=eaf8GgaaaWavb)(mh=5w_AfUDhs8quEYDE)1.jpg;https://ei.phncdn.com/videos/202607/21/56298575/original/(m=eaf8GgaaaWavb)(mh=5w_AfUDhs8quEYDE)2.jpg;https://ei.phncdn.com/videos/202607/21/56298575/original/(m=eaf8GgaaaWavb)(mh=5w_AfUDhs8quEYDE)3.jpg;https://ei.phncdn.com/videos/202607/21/56298575/original/(m=eaf8GgaaaWavb)(mh=5w_AfUDhs8quEYDE)4.jpg;https://ei.phncdn.com/videos/202607/21/56298575/original/(m=eaf8GgaaaWavb)(mh=5w_AfUDhs8quEYDE)5.jpg;https://ei.phncdn.com/videos/202607/21/56298575/original/(m=eaf8GgaaaWavb)(mh=5w_AfUDhs8quEYDE)6.jpg;https://ei.phncdn.com/videos/202607/21/56298575/original/(m=eaf8GgaaaWavb)(mh=5w_AfUDhs8quEYDE)7.jpg;https://ei.phncdn.com/videos/202607/21/56298575/original/(m=eaf8GgaaaWavb)(mh=5w_AfUDhs8quEYDE)8.jpg;https://ei.phncdn.com/videos/202607/21/56298575/original/(m=eaf8GgaaaWavb)(mh=5w_AfUDhs8quEYDE)9.jpg;https://ei.phncdn.com/videos/202607/21/56298575/original/(m=eaf8GgaaaWavb)(mh=5w_AfUDhs8quEYDE)10.jpg;https://ei.phncdn.com/videos/202607/21/56298575/original/(m=eaf8GgaaaWavb)(mh=5w_AfUDhs8quEYDE)11.jpg;https://ei.phncdn.com/videos/202607/21/56298575/original/(m=eaf8GgaaaWavb)(mh=5w_AfUDhs8quEYDE)12.jpg;https://ei.phncdn.com/videos/202607/21/56298575/original/(m=eaf8GgaaaWavb)(mh=5w_AfUDhs8quEYDE)13.jpg;https://ei.phncdn.com/videos/202607/21/56298575/original/(m=eaf8GgaaaWavb)(mh=5w_AfUDhs8quEYDE)14.jpg;https://ei.phncdn.com/videos/202607/21/56298575/original/(m=eaf8GgaaaWavb)(mh=5w_AfUDhs8quEYDE)15.jpg;https://ei.phncdn.com/videos/202607/21/56298575/original/(m=eaf8GgaaaWavb)(mh=5w_AfUDhs8quEYDE)16.jpg|Tattooed fingers spread her wet pussy open 🥰|natural-tits;closeup;stockings;college;teenage;pale|Casting;Verified Amateurs;Cosplay;Solo Female||11|71|||https://ei.phncdn.com/videos/202607/21/56298575/original/(m=eaAaGwObaaamqv)(mh=BpRNY1oFt8Vs88eK)12.jpg|https://ei.phncdn.com/videos/202607/21/56298575/original/(m=eaAaGwObaaamqv)(mh=BpRNY1oFt8Vs88eK)1.jpg;https://ei.phncdn.com/videos/202607/21/56298575/original/(m=eaAaGwObaaamqv)(mh=BpRNY1oFt8Vs88eK)2.jpg;https://ei.phncdn.com/videos/202607/21/56298575/original/(m=eaAaGwObaaamqv)(mh=BpRNY1oFt8Vs88eK)3.jpg;https://ei.phncdn.com/videos/202607/21/56298575/original/(m=eaAaGwObaaamqv)(mh=BpRNY1oFt8Vs88eK)4.jpg;https://ei.phncdn.com/videos/202607/21/56298575/original/(m=eaAaGwObaaamqv)(mh=BpRNY1oFt8Vs88eK)5.jpg;https://ei.phncdn.com/videos/202607/21/56298575/original/(m=eaAaGwObaaamqv)(mh=BpRNY1oFt8Vs88eK)6.jpg;https://ei.phncdn.com/videos/202607/21/56298575/original/(m=eaAaGwObaaamqv)(mh=BpRNY1oFt8Vs88eK)7.jpg;https://ei.phncdn.com/videos/202607/21/56298575/original/(m=eaAaGwObaaamqv)(mh=BpRNY1oFt8Vs88eK)8.jpg;https://ei.phncdn.com/videos/202607/21/56298575/original/(m=eaAaGwObaaamqv)(mh=BpRNY1oFt8Vs88eK)9.jpg;https://ei.phncdn.com/videos/202607/21/56298575/original/(m=eaAaGwObaaamqv)(mh=BpRNY1oFt8Vs88eK)10.jpg;https://ei.phncdn.com/videos/202607/21/56298575/original/(m=eaAaGwObaaamqv)(mh=BpRNY1oFt8Vs88eK)11.jpg;https://ei.phncdn.com/videos/202607/21/56298575/original/(m=eaAaGwObaaamqv)(mh=BpRNY1oFt8Vs88eK)12.jpg;https://ei.phncdn.com/videos/202607/21/56298575/original/(m=eaAaGwObaaamqv)(mh=BpRNY1oFt8Vs88eK)13.jpg;https://ei.phncdn.com/videos/202607/21/56298575/original/(m=eaAaGwObaaamqv)(mh=BpRNY1oFt8Vs88eK)14.jpg;https://ei.phncdn.com/videos/202607/21/56298575/original/(m=eaAaGwObaaamqv)(mh=BpRNY1oFt8Vs88eK)15.jpg;https://ei.phncdn.com/videos/202607/21/56298575/original/(m=eaAaGwObaaamqv)(mh=BpRNY1oFt8Vs88eK)16.jpg
<iframe src="https://www.pornhub.com/embed/6a6018b52400d" frameborder="0" height="481" width="608" scrolling="no"></iframe>|https://ei.phncdn.com/videos/202607/22/56306505/original/(m=eaf8GgaaaWavb)(mh=QNjN0iWSaPxHnL7V)12.jpg|https://ei.phncdn.com/videos/202607/22/56306505/original/(m=eaf8GgaaaWavb)(mh=QNjN0iWSaPxHnL7V)1.jpg;https://ei.phncdn.com/videos/202607/22/56306505/original/(m=eaf8GgaaaWavb)(mh=QNjN0iWSaPxHnL7V)2.jpg;https://ei.phncdn.com/videos/202607/22/56306505/original/(m=eaf8GgaaaWavb)(mh=QNjN0iWSaPxHnL7V)3.jpg;https://ei.phncdn.com/videos/202607/22/56306505/original/(m=eaf8GgaaaWavb)(mh=QNjN0iWSaPxHnL7V)4.jpg;https://ei.phncdn.com/videos/202607/22/56306505/original/(m=eaf8GgaaaWavb)(mh=QNjN0iWSaPxHnL7V)5.jpg;https://ei.phncdn.com/videos/202607/22/56306505/original/(m=eaf8GgaaaWavb)(mh=QNjN0iWSaPxHnL7V)6.jpg;https://ei.phncdn.com/videos/202607/22/56306505/original/(m=eaf8GgaaaWavb)(mh=QNjN0iWSaPxHnL7V)7.jpg;https://ei.phncdn.com/videos/202607/22/56306505/original/(m=eaf8GgaaaWavb)(mh=QNjN0iWSaPxHnL7V)8.jpg;https://ei.phncdn.com/videos/202607/22/56306505/original/(m=eaf8GgaaaWavb)(mh=QNjN0iWSaPxHnL7V)9.jpg;https://ei.phncdn.com/videos/202607/22/56306505/original/(m=eaf8GgaaaWavb)(mh=QNjN0iWSaPxHnL7V)10.jpg;https://ei.phncdn.com/videos/202607/22/56306505/original/(m=eaf8GgaaaWavb)(mh=QNjN0iWSaPxHnL7V)11.jpg;https://ei.phncdn.com/videos/202607/22/56306505/original/(m=eaf8GgaaaWavb)(mh=QNjN0iWSaPxHnL7V)12.jpg;https://ei.phncdn.com/videos/202607/22/56306505/original/(m=eaf8GgaaaWavb)(mh=QNjN0iWSaPxHnL7V)13.jpg;https://ei.phncdn.com/videos/202607/22/56306505/original/(m=eaf8GgaaaWavb)(mh=QNjN0iWSaPxHnL7V)14.jpg;https://ei.phncdn.com/videos/202607/22/56306505/original/(m=eaf8GgaaaWavb)(mh=QNjN0iWSaPxHnL7V)15.jpg;https://ei.phncdn.com/videos/202607/22/56306505/original/(m=eaf8GgaaaWavb)(mh=QNjN0iWSaPxHnL7V)16.jpg|Legs spread wide, fingers teasing her wet slit 🥵|perfect-body;schoolgirl;student;college;sexy|Casting;Russian;Verified Amateurs;Solo Female;Romantic||12|1|||https://ei.phncdn.com/videos/202607/22/56306505/original/(m=eaAaGwObaaamqv)(mh=Lx44ygKxrZyoQ97q)12.jpg|https://ei.phncdn.com/videos/202607/22/56306505/original/(m=eaAaGwObaaamqv)(mh=Lx44ygKxrZyoQ97q)1.jpg;https://ei.phncdn.com/videos/202607/22/56306505/original/(m=eaAaGwObaaamqv)(mh=Lx44ygKxrZyoQ97q)2.jpg;https://ei.phncdn.com/videos/202607/22/56306505/original/(m=eaAaGwObaaamqv)(mh=Lx44ygKxrZyoQ97q)3.jpg;https://ei.phncdn.com/videos/202607/22/56306505/original/(m=eaAaGwObaaamqv)(mh=Lx44ygKxrZyoQ97q)4.jpg;https://ei.phncdn.com/videos/202607/22/56306505/original/(m=eaAaGwObaaamqv)(mh=Lx44ygKxrZyoQ97q)5.jpg;https://ei.phncdn.com/videos/202607/22/56306505/original/(m=eaAaGwObaaamqv)(mh=Lx44ygKxrZyoQ97q)6.jpg;https://ei.phncdn.com/videos/202607/22/56306505/original/(m=eaAaGwObaaamqv)(mh=Lx44ygKxrZyoQ97q)7.jpg;https://ei.phncdn.com/videos/202607/22/56306505/original/(m=eaAaGwObaaamqv)(mh=Lx44ygKxrZyoQ97q)8.jpg;https://ei.phncdn.com/videos/202607/22/56306505/original/(m=eaAaGwObaaamqv)(mh=Lx44ygKxrZyoQ97q)9.jpg;https://ei.phncdn.com/videos/202607/22/56306505/original/(m=eaAaGwObaaamqv)(mh=Lx44ygKxrZyoQ97q)10.jpg;https://ei.phncdn.com/videos/202607/22/56306505/original/(m=eaAaGwObaaamqv)(mh=Lx44ygKxrZyoQ97q)11.jpg;https://ei.phncdn.com/videos/202607/22/56306505/original/(m=eaAaGwObaaamqv)(mh=Lx44ygKxrZyoQ97q)12.jpg;https://ei.phncdn.com/videos/202607/22/56306505/original/(m=eaAaGwObaaamqv)(mh=Lx44ygKxrZyoQ97q)13.jpg;https://ei.phncdn.com/videos/202607/22/56306505/original/(m=eaAaGwObaaamqv)(mh=Lx44ygKxrZyoQ97q)14.jpg;https://ei.phncdn.com/videos/202607/22/56306505/original/(m=eaAaGwObaaamqv)(mh=Lx44ygKxrZyoQ97q)15.jpg;https://ei.phncdn.com/videos/202607/22/56306505/original/(m=eaAaGwObaaamqv)(mh=Lx44ygKxrZyoQ97q)16.jpg
<iframe src="https://www.pornhub.com/embed/6a610d40d1029" frameborder="0" height="481" width="608" scrolling="no"></iframe>|https://ei.phncdn.com/videos/202607/22/56381415/original/(m=eaf8GgaaaWavb)(mh=csdQ1j88Wmph8uMS)12.jpg|https://ei.phncdn.com/videos/202607/22/56381415/original/(m=eaf8GgaaaWavb)(mh=csdQ1j88Wmph8uMS)1.jpg;https://ei.phncdn.com/videos/202607/22/56381415/original/(m=eaf8GgaaaWavb)(mh=csdQ1j88Wmph8uMS)2.jpg;https://ei.phncdn.com/videos/202607/22/56381415/original/(m=eaf8GgaaaWavb)(mh=csdQ1j88Wmph8uMS)3.jpg;https://ei.phncdn.com/videos/202607/22/56381415/original/(m=eaf8GgaaaWavb)(mh=csdQ1j88Wmph8uMS)4.jpg;https://ei.phncdn.com/videos/202607/22/56381415/original/(m=eaf8GgaaaWavb)(mh=csdQ1j88Wmph8uMS)5.jpg;https://ei.phncdn.com/videos/202607/22/56381415/original/(m=eaf8GgaaaWavb)(mh=csdQ1j88Wmph8uMS)6.jpg;https://ei.phncdn.com/videos/202607/22/56381415/original/(m=eaf8GgaaaWavb)(mh=csdQ1j88Wmph8uMS)7.jpg;https://ei.phncdn.com/videos/202607/22/56381415/original/(m=eaf8GgaaaWavb)(mh=csdQ1j88Wmph8uMS)8.jpg;https://ei.phncdn.com/videos/202607/22/56381415/original/(m=eaf8GgaaaWavb)(mh=csdQ1j88Wmph8uMS)9.jpg;https://ei.phncdn.com/videos/202607/22/56381415/original/(m=eaf8GgaaaWavb)(mh=csdQ1j88Wmph8uMS)10.jpg;https://ei.phncdn.com/videos/202607/22/56381415/original/(m=eaf8GgaaaWavb)(mh=csdQ1j88Wmph8uMS)11.jpg;https://ei.phncdn.com/videos/202607/22/56381415/original/(m=eaf8GgaaaWavb)(mh=csdQ1j88Wmph8uMS)12.jpg;https://ei.phncdn.com/videos/202607/22/56381415/original/(m=eaf8GgaaaWavb)(mh=csdQ1j88Wmph8uMS)13.jpg;https://ei.phncdn.com/videos/202607/22/56381415/original/(m=eaf8GgaaaWavb)(mh=csdQ1j88Wmph8uMS)14.jpg;https://ei.phncdn.com/videos/202607/22/56381415/original/(m=eaf8GgaaaWavb)(mh=csdQ1j88Wmph8uMS)15.jpg;https://ei.phncdn.com/videos/202607/22/56381415/original/(m=eaf8GgaaaWavb)(mh=csdQ1j88Wmph8uMS)16.jpg|Fuck me slow till I beg for more|small;brunette;schoolgirl;cosplay;busty;big-tits|Casting;Verified Amateurs;Solo Female||12|3|||https://ei.phncdn.com/videos/202607/22/56381415/original/(m=eaAaGwObaaamqv)(mh=DFTZ5vuvVsWUrTiQ)12.jpg|https://ei.phncdn.com/videos/202607/22/56381415/original/(m=eaAaGwObaaamqv)(mh=DFTZ5vuvVsWUrTiQ)1.jpg;https://ei.phncdn.com/videos/202607/22/56381415/original/(m=eaAaGwObaaamqv)(mh=DFTZ5vuvVsWUrTiQ)2.jpg;https://ei.phncdn.com/videos/202607/22/56381415/original/(m=eaAaGwObaaamqv)(mh=DFTZ5vuvVsWUrTiQ)3.jpg;https://ei.phncdn.com/videos/202607/22/56381415/original/(m=eaAaGwObaaamqv)(mh=DFTZ5vuvVsWUrTiQ)4.jpg;https://ei.phncdn.com/videos/202607/22/56381415/original/(m=eaAaGwObaaamqv)(mh=DFTZ5vuvVsWUrTiQ)5.jpg;https://ei.phncdn.com/videos/202607/22/56381415/original/(m=eaAaGwObaaamqv)(mh=DFTZ5vuvVsWUrTiQ)6.jpg;https://ei.phncdn.com/videos/202607/22/56381415/original/(m=eaAaGwObaaamqv)(mh=DFTZ5vuvVsWUrTiQ)7.jpg;https://ei.phncdn.com/videos/202607/22/56381415/original/(m=eaAaGwObaaamqv)(mh=DFTZ5vuvVsWUrTiQ)8.jpg;https://ei.phncdn.com/videos/202607/22/56381415/original/(m=eaAaGwObaaamqv)(mh=DFTZ5vuvVsWUrTiQ)9.jpg;https://ei.phncdn.com/videos/202607/22/56381415/original/(m=eaAaGwObaaamqv)(mh=DFTZ5vuvVsWUrTiQ)10.jpg;https://ei.phncdn.com/videos/202607/22/56381415/original/(m=eaAaGwObaaamqv)(mh=DFTZ5vuvVsWUrTiQ)11.jpg;https://ei.phncdn.com/videos/202607/22/56381415/original/(m=eaAaGwObaaamqv)(mh=DFTZ5vuvVsWUrTiQ)12.jpg;https://ei.phncdn.com/videos/202607/22/56381415/original/(m=eaAaGwObaaamqv)(mh=DFTZ5vuvVsWUrTiQ)13.jpg;https://ei.phncdn.com/videos/202607/22/56381415/original/(m=eaAaGwObaaamqv)(mh=DFTZ5vuvVsWUrTiQ)14.jpg;https://ei.phncdn.com/videos/202607/22/56381415/original/(m=eaAaGwObaaamqv)(mh=DFTZ5vuvVsWUrTiQ)15.jpg;https://ei.phncdn.com/videos/202607/22/56381415/original/(m=eaAaGwObaaamqv)(mh=DFTZ5vuvVsWUrTiQ)16.jpg
<iframe src="https://www.pornhub.com/embed/6a6164885f8d5" frameborder="0" height="481" width="608" scrolling="no"></iframe>|https://ei.phncdn.com/videos/202607/23/56408315/original/(m=eaf8GgaaaWavb)(mh=zldP2FhG80A-SCBq)12.jpg|https://ei.phncdn.com/videos/202607/23/56408315/original/(m=eaf8GgaaaWavb)(mh=zldP2FhG80A-SCBq)1.jpg;https://ei.phncdn.com/videos/202607/23/56408315/original/(m=eaf8GgaaaWavb)(mh=zldP2FhG80A-SCBq)2.jpg;https://ei.phncdn.com/videos/202607/23/56408315/original/(m=eaf8GgaaaWavb)(mh=zldP2FhG80A-SCBq)3.jpg;https://ei.phncdn.com/videos/202607/23/56408315/original/(m=eaf8GgaaaWavb)(mh=zldP2FhG80A-SCBq)4.jpg;https://ei.phncdn.com/videos/202607/23/56408315/original/(m=eaf8GgaaaWavb)(mh=zldP2FhG80A-SCBq)5.jpg;https://ei.phncdn.com/videos/202607/23/56408315/original/(m=eaf8GgaaaWavb)(mh=zldP2FhG80A-SCBq)6.jpg;https://ei.phncdn.com/videos/202607/23/56408315/original/(m=eaf8GgaaaWavb)(mh=zldP2FhG80A-SCBq)7.jpg;https://ei.phncdn.com/videos/202607/23/56408315/original/(m=eaf8GgaaaWavb)(mh=zldP2FhG80A-SCBq)8.jpg;https://ei.phncdn.com/videos/202607/23/56408315/original/(m=eaf8GgaaaWavb)(mh=zldP2FhG80A-SCBq)9.jpg;https://ei.phncdn.com/videos/202607/23/56408315/original/(m=eaf8GgaaaWavb)(mh=zldP2FhG80A-SCBq)10.jpg;https://ei.phncdn.com/videos/202607/23/56408315/original/(m=eaf8GgaaaWavb)(mh=zldP2FhG80A-SCBq)11.jpg;https://ei.phncdn.com/videos/202607/23/56408315/original/(m=eaf8GgaaaWavb)(mh=zldP2FhG80A-SCBq)12.jpg;https://ei.phncdn.com/videos/202607/23/56408315/original/(m=eaf8GgaaaWavb)(mh=zldP2FhG80A-SCBq)13.jpg;https://ei.phncdn.com/videos/202607/23/56408315/original/(m=eaf8GgaaaWavb)(mh=zldP2FhG80A-SCBq)14.jpg;https://ei.phncdn.com/videos/202607/23/56408315/original/(m=eaf8GgaaaWavb)(mh=zldP2FhG80A-SCBq)15.jpg;https://ei.phncdn.com/videos/202607/23/56408315/original/(m=eaf8GgaaaWavb)(mh=zldP2FhG80A-SCBq)16.jpg|Tattooed legs spread wide, feet in your face 💗|closeup;pov;college;vertical-porn|Casting;Exclusive;Verified Amateurs;Solo Female;Gaming||12|10|2|0|https://ei.phncdn.com/videos/202607/23/56408315/original/(m=eaAaGwObaaamqv)(mh=JVlDbjlZdw4XUyHt)12.jpg|https://ei.phncdn.com/videos/202607/23/56408315/original/(m=eaAaGwObaaamqv)(mh=JVlDbjlZdw4XUyHt)1.jpg;https://ei.phncdn.com/videos/202607/23/56408315/original/(m=eaAaGwObaaamqv)(mh=JVlDbjlZdw4XUyHt)2.jpg;https://ei.phncdn.com/videos/202607/23/56408315/original/(m=eaAaGwObaaamqv)(mh=JVlDbjlZdw4XUyHt)3.jpg;https://ei.phncdn.com/videos/202607/23/56408315/original/(m=eaAaGwObaaamqv)(mh=JVlDbjlZdw4XUyHt)4.jpg;https://ei.phncdn.com/videos/202607/23/56408315/original/(m=eaAaGwObaaamqv)(mh=JVlDbjlZdw4XUyHt)5.jpg;https://ei.phncdn.com/videos/202607/23/56408315/original/(m=eaAaGwObaaamqv)(mh=JVlDbjlZdw4XUyHt)6.jpg;https://ei.phncdn.com/videos/202607/23/56408315/original/(m=eaAaGwObaaamqv)(mh=JVlDbjlZdw4XUyHt)7.jpg;https://ei.phncdn.com/videos/202607/23/56408315/original/(m=eaAaGwObaaamqv)(mh=JVlDbjlZdw4XUyHt)8.jpg;https://ei.phncdn.com/videos/202607/23/56408315/original/(m=eaAaGwObaaamqv)(mh=JVlDbjlZdw4XUyHt)9.jpg;https://ei.phncdn.com/videos/202607/23/56408315/original/(m=eaAaGwObaaamqv)(mh=JVlDbjlZdw4XUyHt)10.jpg;https://ei.phncdn.com/videos/202607/23/56408315/original/(m=eaAaGwObaaamqv)(mh=JVlDbjlZdw4XUyHt)11.jpg;https://ei.phncdn.com/videos/202607/23/56408315/original/(m=eaAaGwObaaamqv)(mh=JVlDbjlZdw4XUyHt)12.jpg;https://ei.phncdn.com/videos/202607/23/56408315/original/(m=eaAaGwObaaamqv)(mh=JVlDbjlZdw4XUyHt)13.jpg;https://ei.phncdn.com/videos/202607/23/56408315/original/(m=eaAaGwObaaamqv)(mh=JVlDbjlZdw4XUyHt)14.jpg;https://ei.phncdn.com/videos/202607/23/56408315/original/(m=eaAaGwObaaamqv)(mh=JVlDbjlZdw4XUyHt)15.jpg;https://ei.phncdn.com/videos/202607/23/56408315/original/(m=eaAaGwObaaamqv)(mh=JVlDbjlZdw4XUyHt)16.jpg
<iframe src="https://www.pornhub.com/embed/6a61be5ec881b" frameborder="0" height="481" width="608" scrolling="no"></iframe>|https://ei.phncdn.com/videos/202607/23/56434245/original/(m=eaf8GgaaaWavb)(mh=szu-wH1niTAyJltA)12.jpg|https://ei.phncdn.com/videos/202607/23/56434245/original/(m=eaf8GgaaaWavb)(mh=szu-wH1niTAyJltA)1.jpg;https://ei.phncdn.com/videos/202607/23/56434245/original/(m=eaf8GgaaaWavb)(mh=szu-wH1niTAyJltA)2.jpg;https://ei.phncdn.com/videos/202607/23/56434245/original/(m=eaf8GgaaaWavb)(mh=szu-wH1niTAyJltA)3.jpg;https://ei.phncdn.com/videos/202607/23/56434245/original/(m=eaf8GgaaaWavb)(mh=szu-wH1niTAyJltA)4.jpg;https://ei.phncdn.com/videos/202607/23/56434245/original/(m=eaf8GgaaaWavb)(mh=szu-wH1niTAyJltA)5.jpg;https://ei.phncdn.com/videos/202607/23/56434245/original/(m=eaf8GgaaaWavb)(mh=szu-wH1niTAyJltA)6.jpg;https://ei.phncdn.com/videos/202607/23/56434245/original/(m=eaf8GgaaaWavb)(mh=szu-wH1niTAyJltA)7.jpg;https://ei.phncdn.com/videos/202607/23/56434245/original/(m=eaf8GgaaaWavb)(mh=szu-wH1niTAyJltA)8.jpg;https://ei.phncdn.com/videos/202607/23/56434245/original/(m=eaf8GgaaaWavb)(mh=szu-wH1niTAyJltA)9.jpg;https://ei.phncdn.com/videos/202607/23/56434245/original/(m=eaf8GgaaaWavb)(mh=szu-wH1niTAyJltA)10.jpg;https://ei.phncdn.com/videos/202607/23/56434245/original/(m=eaf8GgaaaWavb)(mh=szu-wH1niTAyJltA)11.jpg;https://ei.phncdn.com/videos/202607/23/56434245/original/(m=eaf8GgaaaWavb)(mh=szu-wH1niTAyJltA)12.jpg;https://ei.phncdn.com/videos/202607/23/56434245/original/(m=eaf8GgaaaWavb)(mh=szu-wH1niTAyJltA)13.jpg;https://ei.phncdn.com/videos/202607/23/56434245/original/(m=eaf8GgaaaWavb)(mh=szu-wH1niTAyJltA)14.jpg;https://ei.phncdn.com/videos/202607/23/56434245/original/(m=eaf8GgaaaWavb)(mh=szu-wH1niTAyJltA)15.jpg;https://ei.phncdn.com/videos/202607/23/56434245/original/(m=eaf8GgaaaWavb)(mh=szu-wH1niTAyJltA)16.jpg|Fuck me harder till I beg you stop 😋|tattoo;college;joi;emo|Casting;Exclusive;Verified Amateurs;Solo Female;Tattooed Women||12|316|1|0|https://ei.phncdn.com/videos/202607/23/56434245/original/(m=eaAaGwObaaamqv)(mh=qFtuqxLpC8sQknX0)12.jpg|https://ei.phncdn.com/videos/202607/23/56434245/original/(m=eaAaGwObaaamqv)(mh=qFtuqxLpC8sQknX0)1.jpg;https://ei.phncdn.com/videos/202607/23/56434245/original/(m=eaAaGwObaaamqv)(mh=qFtuqxLpC8sQknX0)2.jpg;https://ei.phncdn.com/videos/202607/23/56434245/original/(m=eaAaGwObaaamqv)(mh=qFtuqxLpC8sQknX0)3.jpg;https://ei.phncdn.com/videos/202607/23/56434245/original/(m=eaAaGwObaaamqv)(mh=qFtuqxLpC8sQknX0)4.jpg;https://ei.phncdn.com/videos/202607/23/56434245/original/(m=eaAaGwObaaamqv)(mh=qFtuqxLpC8sQknX0)5.jpg;https://ei.phncdn.com/videos/202607/23/56434245/original/(m=eaAaGwObaaamqv)(mh=qFtuqxLpC8sQknX0)6.jpg;https://ei.phncdn.com/videos/202607/23/56434245/original/(m=eaAaGwObaaamqv)(mh=qFtuqxLpC8sQknX0)7.jpg;https://ei.phncdn.com/videos/202607/23/56434245/original/(m=eaAaGwObaaamqv)(mh=qFtuqxLpC8sQknX0)8.jpg;https://ei.phncdn.com/videos/202607/23/56434245/original/(m=eaAaGwObaaamqv)(mh=qFtuqxLpC8sQknX0)9.jpg;https://ei.phncdn.com/videos/202607/23/56434245/original/(m=eaAaGwObaaamqv)(mh=qFtuqxLpC8sQknX0)10.jpg;https://ei.phncdn.com/videos/202607/23/56434245/original/(m=eaAaGwObaaamqv)(mh=qFtuqxLpC8sQknX0)11.jpg;https://ei.phncdn.com/videos/202607/23/56434245/original/(m=eaAaGwObaaamqv)(mh=qFtuqxLpC8sQknX0)12.jpg;https://ei.phncdn.com/videos/202607/23/56434245/original/(m=eaAaGwObaaamqv)(mh=qFtuqxLpC8sQknX0)13.jpg;https://ei.phncdn.com/videos/202607/23/56434245/original/(m=eaAaGwObaaamqv)(mh=qFtuqxLpC8sQknX0)14.jpg;https://ei.phncdn.com/videos/202607/23/56434245/original/(m=eaAaGwObaaamqv)(mh=qFtuqxLpC8sQknX0)15.jpg;https://ei.phncdn.com/videos/202607/23/56434245/original/(m=eaAaGwObaaamqv)(mh=qFtuqxLpC8sQknX0)16.jpg
<iframe src="https://www.pornhub.com/embed/6a61da664d7f9" frameborder="0" height="481" width="608" scrolling="no"></iframe>|https://ei.phncdn.com/videos/202607/23/56441275/original/(m=eaf8GgaaaWavb)(mh=Wp1fYIrM7jCLMVPb)12.jpg|https://ei.phncdn.com/videos/202607/23/56441275/original/(m=eaf8GgaaaWavb)(mh=Wp1fYIrM7jCLMVPb)1.jpg;https://ei.phncdn.com/videos/202607/23/56441275/original/(m=eaf8GgaaaWavb)(mh=Wp1fYIrM7jCLMVPb)2.jpg;https://ei.phncdn.com/videos/202607/23/56441275/original/(m=eaf8GgaaaWavb)(mh=Wp1fYIrM7jCLMVPb)3.jpg;https://ei.phncdn.com/videos/202607/23/56441275/original/(m=eaf8GgaaaWavb)(mh=Wp1fYIrM7jCLMVPb)4.jpg;https://ei.phncdn.com/videos/202607/23/56441275/original/(m=eaf8GgaaaWavb)(mh=Wp1fYIrM7jCLMVPb)5.jpg;https://ei.phncdn.com/videos/202607/23/56441275/original/(m=eaf8GgaaaWavb)(mh=Wp1fYIrM7jCLMVPb)6.jpg;https://ei.phncdn.com/videos/202607/23/56441275/original/(m=eaf8GgaaaWavb)(mh=Wp1fYIrM7jCLMVPb)7.jpg;https://ei.phncdn.com/videos/202607/23/56441275/original/(m=eaf8GgaaaWavb)(mh=Wp1fYIrM7jCLMVPb)8.jpg;https://ei.phncdn.com/videos/202607/23/56441275/original/(m=eaf8GgaaaWavb)(mh=Wp1fYIrM7jCLMVPb)9.jpg;https://ei.phncdn.com/videos/202607/23/56441275/original/(m=eaf8GgaaaWavb)(mh=Wp1fYIrM7jCLMVPb)10.jpg;https://ei.phncdn.com/videos/202607/23/56441275/original/(m=eaf8GgaaaWavb)(mh=Wp1fYIrM7jCLMVPb)11.jpg;https://ei.phncdn.com/videos/202607/23/56441275/original/(m=eaf8GgaaaWavb)(mh=Wp1fYIrM7jCLMVPb)12.jpg;https://ei.phncdn.com/videos/202607/23/56441275/original/(m=eaf8GgaaaWavb)(mh=Wp1fYIrM7jCLMVPb)13.jpg;https://ei.phncdn.com/videos/202607/23/56441275/original/(m=eaf8GgaaaWavb)(mh=Wp1fYIrM7jCLMVPb)14.jpg;https://ei.phncdn.com/videos/202607/23/56441275/original/(m=eaf8GgaaaWavb)(mh=Wp1fYIrM7jCLMVPb)15.jpg;https://ei.phncdn.com/videos/202607/23/56441275/original/(m=eaf8GgaaaWavb)(mh=Wp1fYIrM7jCLMVPb)16.jpg|You gonna shove it in my tight ass? 🖤|dildo;teenage;vertical-porn;small;rough;e-girl;shaved-pussy;joi|Casting;Verified Amateurs;Solo Female;Romantic||12|8|||https://ei.phncdn.com/videos/202607/23/56441275/original/(m=eaAaGwObaaamqv)(mh=eqKkyVpmcr9z_hNk)12.jpg|https://ei.phncdn.com/videos/202607/23/56441275/original/(m=eaAaGwObaaamqv)(mh=eqKkyVpmcr9z_hNk)1.jpg;https://ei.phncdn.com/videos/202607/23/56441275/original/(m=eaAaGwObaaamqv)(mh=eqKkyVpmcr9z_hNk)2.jpg;https://ei.phncdn.com/videos/202607/23/56441275/original/(m=eaAaGwObaaamqv)(mh=eqKkyVpmcr9z_hNk)3.jpg;https://ei.phncdn.com/videos/202607/23/56441275/original/(m=eaAaGwObaaamqv)(mh=eqKkyVpmcr9z_hNk)4.jpg;https://ei.phncdn.com/videos/202607/23/56441275/original/(m=eaAaGwObaaamqv)(mh=eqKkyVpmcr9z_hNk)5.jpg;https://ei.phncdn.com/videos/202607/23/56441275/original/(m=eaAaGwObaaamqv)(mh=eqKkyVpmcr9z_hNk)6.jpg;https://ei.phncdn.com/videos/202607/23/56441275/original/(m=eaAaGwObaaamqv)(mh=eqKkyVpmcr9z_hNk)7.jpg;https://ei.phncdn.com/videos/202607/23/56441275/original/(m=eaAaGwObaaamqv)(mh=eqKkyVpmcr9z_hNk)8.jpg;https://ei.phncdn.com/videos/202607/23/56441275/original/(m=eaAaGwObaaamqv)(mh=eqKkyVpmcr9z_hNk)9.jpg;https://ei.phncdn.com/videos/202607/23/56441275/original/(m=eaAaGwObaaamqv)(mh=eqKkyVpmcr9z_hNk)10.jpg;https://ei.phncdn.com/videos/202607/23/56441275/original/(m=eaAaGwObaaamqv)(mh=eqKkyVpmcr9z_hNk)11.jpg;https://ei.phncdn.com/videos/202607/23/56441275/original/(m=eaAaGwObaaamqv)(mh=eqKkyVpmcr9z_hNk)12.jpg;https://ei.phncdn.com/videos/202607/23/56441275/original/(m=eaAaGwObaaamqv)(mh=eqKkyVpmcr9z_hNk)13.jpg;https://ei.phncdn.com/videos/202607/23/56441275/original/(m=eaAaGwObaaamqv)(mh=eqKkyVpmcr9z_hNk)14.jpg;https://ei.phncdn.com/videos/202607/23/56441275/original/(m=eaAaGwObaaamqv)(mh=eqKkyVpmcr9z_hNk)15.jpg;https://ei.phncdn.com/videos/202607/23/56441275/original/(m=eaAaGwObaaamqv)(mh=eqKkyVpmcr9z_hNk)16.jpg
<iframe src="https://www.pornhub.com/embed/6a61eca4a64d2" frameborder="0" height="481" width="608" scrolling="no"></iframe>|https://ei.phncdn.com/videos/202607/23/56447075/original/(m=eaf8GgaaaWavb)(mh=h5SMhm81xqvlnQwj)12.jpg|https://ei.phncdn.com/videos/202607/23/56447075/original/(m=eaf8GgaaaWavb)(mh=h5SMhm81xqvlnQwj)1.jpg;https://ei.phncdn.com/videos/202607/23/56447075/original/(m=eaf8GgaaaWavb)(mh=h5SMhm81xqvlnQwj)2.jpg;https://ei.phncdn.com/videos/202607/23/56447075/original/(m=eaf8GgaaaWavb)(mh=h5SMhm81xqvlnQwj)3.jpg;https://ei.phncdn.com/videos/202607/23/56447075/original/(m=eaf8GgaaaWavb)(mh=h5SMhm81xqvlnQwj)4.jpg;https://ei.phncdn.com/videos/202607/23/56447075/original/(m=eaf8GgaaaWavb)(mh=h5SMhm81xqvlnQwj)5.jpg;https://ei.phncdn.com/videos/202607/23/56447075/original/(m=eaf8GgaaaWavb)(mh=h5SMhm81xqvlnQwj)6.jpg;https://ei.phncdn.com/videos/202607/23/56447075/original/(m=eaf8GgaaaWavb)(mh=h5SMhm81xqvlnQwj)7.jpg;https://ei.phncdn.com/videos/202607/23/56447075/original/(m=eaf8GgaaaWavb)(mh=h5SMhm81xqvlnQwj)8.jpg;https://ei.phncdn.com/videos/202607/23/56447075/original/(m=eaf8GgaaaWavb)(mh=h5SMhm81xqvlnQwj)9.jpg;https://ei.phncdn.com/videos/202607/23/56447075/original/(m=eaf8GgaaaWavb)(mh=h5SMhm81xqvlnQwj)10.jpg;https://ei.phncdn.com/videos/202607/23/56447075/original/(m=eaf8GgaaaWavb)(mh=h5SMhm81xqvlnQwj)11.jpg;https://ei.phncdn.com/videos/202607/23/56447075/original/(m=eaf8GgaaaWavb)(mh=h5SMhm81xqvlnQwj)12.jpg;https://ei.phncdn.com/videos/202607/23/56447075/original/(m=eaf8GgaaaWavb)(mh=h5SMhm81xqvlnQwj)13.jpg;https://ei.phncdn.com/videos/202607/23/56447075/original/(m=eaf8GgaaaWavb)(mh=h5SMhm81xqvlnQwj)14.jpg;https://ei.phncdn.com/videos/202607/23/56447075/original/(m=eaf8GgaaaWavb)(mh=h5SMhm81xqvlnQwj)15.jpg;https://ei.phncdn.com/videos/202607/23/56447075/original/(m=eaf8GgaaaWavb)(mh=h5SMhm81xqvlnQwj)16.jpg|Big tits squeezed while fingers rub her clit 😈|e-girl;shaved-pussy;closeup;new;amateur|Casting;Russian;Verified Amateurs;Solo Female;Romantic||12|6|||https://ei.phncdn.com/videos/202607/23/56447075/original/(m=eaAaGwObaaamqv)(mh=cvp9Ommp5RWOOBsA)12.jpg|https://ei.phncdn.com/videos/202607/23/56447075/original/(m=eaAaGwObaaamqv)(mh=cvp9Ommp5RWOOBsA)1.jpg;https://ei.phncdn.com/videos/202607/23/56447075/original/(m=eaAaGwObaaamqv)(mh=cvp9Ommp5RWOOBsA)2.jpg;https://ei.phncdn.com/videos/202607/23/56447075/original/(m=eaAaGwObaaamqv)(mh=cvp9Ommp5RWOOBsA)3.jpg;https://ei.phncdn.com/videos/202607/23/56447075/original/(m=eaAaGwObaaamqv)(mh=cvp9Ommp5RWOOBsA)4.jpg;https://ei.phncdn.com/videos/202607/23/56447075/original/(m=eaAaGwObaaamqv)(mh=cvp9Ommp5RWOOBsA)5.jpg;https://ei.phncdn.com/videos/202607/23/56447075/original/(m=eaAaGwObaaamqv)(mh=cvp9Ommp5RWOOBsA)6.jpg;https://ei.phncdn.com/videos/202607/23/56447075/original/(m=eaAaGwObaaamqv)(mh=cvp9Ommp5RWOOBsA)7.jpg;https://ei.phncdn.com/videos/202607/23/56447075/original/(m=eaAaGwObaaamqv)(mh=cvp9Ommp5RWOOBsA)8.jpg;https://ei.phncdn.com/videos/202607/23/56447075/original/(m=eaAaGwObaaamqv)(mh=cvp9Ommp5RWOOBsA)9.jpg;https://ei.phncdn.com/videos/202607/23/56447075/original/(m=eaAaGwObaaamqv)(mh=cvp9Ommp5RWOOBsA)10.jpg;https://ei.phncdn.com/videos/202607/23/56447075/original/(m=eaAaGwObaaamqv)(mh=cvp9Ommp5RWOOBsA)11.jpg;https://ei.phncdn.com/videos/202607/23/56447075/original/(m=eaAaGwObaaamqv)(mh=cvp9Ommp5RWOOBsA)12.jpg;https://ei.phncdn.com/videos/202607/23/56447075/original/(m=eaAaGwObaaamqv)(mh=cvp9Ommp5RWOOBsA)13.jpg;https://ei.phncdn.com/videos/202607/23/56447075/original/(m=eaAaGwObaaamqv)(mh=cvp9Ommp5RWOOBsA)14.jpg;https://ei.phncdn.com/videos/202607/23/56447075/original/(m=eaAaGwObaaamqv)(mh=cvp9Ommp5RWOOBsA)15.jpg;https://ei.phncdn.com/videos/202607/23/56447075/original/(m=eaAaGwObaaamqv)(mh=cvp9Ommp5RWOOBsA)16.jpg
<iframe src="https://www.pornhub.com/embed/6a61fef1e2b61" frameborder="0" height="481" width="608" scrolling="no"></iframe>|https://ei.phncdn.com/videos/202607/23/56451835/original/(m=eaf8GgaaaWavb)(mh=wWQmPUcLZGMi3J3j)12.jpg|https://ei.phncdn.com/videos/202607/23/56451835/original/(m=eaf8GgaaaWavb)(mh=wWQmPUcLZGMi3J3j)1.jpg;https://ei.phncdn.com/videos/202607/23/56451835/original/(m=eaf8GgaaaWavb)(mh=wWQmPUcLZGMi3J3j)2.jpg;https://ei.phncdn.com/videos/202607/23/56451835/original/(m=eaf8GgaaaWavb)(mh=wWQmPUcLZGMi3J3j)3.jpg;https://ei.phncdn.com/videos/202607/23/56451835/original/(m=eaf8GgaaaWavb)(mh=wWQmPUcLZGMi3J3j)4.jpg;https://ei.phncdn.com/videos/202607/23/56451835/original/(m=eaf8GgaaaWavb)(mh=wWQmPUcLZGMi3J3j)5.jpg;https://ei.phncdn.com/videos/202607/23/56451835/original/(m=eaf8GgaaaWavb)(mh=wWQmPUcLZGMi3J3j)6.jpg;https://ei.phncdn.com/videos/202607/23/56451835/original/(m=eaf8GgaaaWavb)(mh=wWQmPUcLZGMi3J3j)7.jpg;https://ei.phncdn.com/videos/202607/23/56451835/original/(m=eaf8GgaaaWavb)(mh=wWQmPUcLZGMi3J3j)8.jpg;https://ei.phncdn.com/videos/202607/23/56451835/original/(m=eaf8GgaaaWavb)(mh=wWQmPUcLZGMi3J3j)9.jpg;https://ei.phncdn.com/videos/202607/23/56451835/original/(m=eaf8GgaaaWavb)(mh=wWQmPUcLZGMi3J3j)10.jpg;https://ei.phncdn.com/videos/202607/23/56451835/original/(m=eaf8GgaaaWavb)(mh=wWQmPUcLZGMi3J3j)11.jpg;https://ei.phncdn.com/videos/202607/23/56451835/original/(m=eaf8GgaaaWavb)(mh=wWQmPUcLZGMi3J3j)12.jpg;https://ei.phncdn.com/videos/202607/23/56451835/original/(m=eaf8GgaaaWavb)(mh=wWQmPUcLZGMi3J3j)13.jpg;https://ei.phncdn.com/videos/202607/23/56451835/original/(m=eaf8GgaaaWavb)(mh=wWQmPUcLZGMi3J3j)14.jpg;https://ei.phncdn.com/videos/202607/23/56451835/original/(m=eaf8GgaaaWavb)(mh=wWQmPUcLZGMi3J3j)15.jpg;https://ei.phncdn.com/videos/202607/23/56451835/original/(m=eaf8GgaaaWavb)(mh=wWQmPUcLZGMi3J3j)16.jpg|Big tits bouncing as she grinds slow 😳|dildo;gamer;college;closeup;pov|Casting;Verified Amateurs;Solo Female;Gaming||12|21|2|0|https://ei.phncdn.com/videos/202607/23/56451835/original/(m=eaAaGwObaaamqv)(mh=g_cNIinF99lALjWS)12.jpg|https://ei.phncdn.com/videos/202607/23/56451835/original/(m=eaAaGwObaaamqv)(mh=g_cNIinF99lALjWS)1.jpg;https://ei.phncdn.com/videos/202607/23/56451835/original/(m=eaAaGwObaaamqv)(mh=g_cNIinF99lALjWS)2.jpg;https://ei.phncdn.com/videos/202607/23/56451835/original/(m=eaAaGwObaaamqv)(mh=g_cNIinF99lALjWS)3.jpg;https://ei.phncdn.com/videos/202607/23/56451835/original/(m=eaAaGwObaaamqv)(mh=g_cNIinF99lALjWS)4.jpg;https://ei.phncdn.com/videos/202607/23/56451835/original/(m=eaAaGwObaaamqv)(mh=g_cNIinF99lALjWS)5.jpg;https://ei.phncdn.com/videos/202607/23/56451835/original/(m=eaAaGwObaaamqv)(mh=g_cNIinF99lALjWS)6.jpg;https://ei.phncdn.com/videos/202607/23/56451835/original/(m=eaAaGwObaaamqv)(mh=g_cNIinF99lALjWS)7.jpg;https://ei.phncdn.com/videos/202607/23/56451835/original/(m=eaAaGwObaaamqv)(mh=g_cNIinF99lALjWS)8.jpg;https://ei.phncdn.com/videos/202607/23/56451835/original/(m=eaAaGwObaaamqv)(mh=g_cNIinF99lALjWS)9.jpg;https://ei.phncdn.com/videos/202607/23/56451835/original/(m=eaAaGwObaaamqv)(mh=g_cNIinF99lALjWS)10.jpg;https://ei.phncdn.com/videos/202607/23/56451835/original/(m=eaAaGwObaaamqv)(mh=g_cNIinF99lALjWS)11.jpg;https://ei.phncdn.com/videos/202607/23/56451835/original/(m=eaAaGwObaaamqv)(mh=g_cNIinF99lALjWS)12.jpg;https://ei.phncdn.com/videos/202607/23/56451835/original/(m=eaAaGwObaaamqv)(mh=g_cNIinF99lALjWS)13.jpg;https://ei.phncdn.com/videos/202607/23/56451835/original/(m=eaAaGwObaaamqv)(mh=g_cNIinF99lALjWS)14.jpg;https://ei.phncdn.com/videos/202607/23/56451835/original/(m=eaAaGwObaaamqv)(mh=g_cNIinF99lALjWS)15.jpg;https://ei.phncdn.com/videos/202607/23/56451835/original/(m=eaAaGwObaaamqv)(mh=g_cNIinF99lALjWS)16.jpg
<iframe src="https://www.pornhub.com/embed/6a623ca16ed61" frameborder="0" height="481" width="608" scrolling="no"></iframe>|https://ei.phncdn.com/videos/202607/23/56469535/original/(m=eaf8GgaaaWavb)(mh=INtaxJckyIaCd95l)12.jpg|https://ei.phncdn.com/videos/202607/23/56469535/original/(m=eaf8GgaaaWavb)(mh=INtaxJckyIaCd95l)1.jpg;https://ei.phncdn.com/videos/202607/23/56469535/original/(m=eaf8GgaaaWavb)(mh=INtaxJckyIaCd95l)2.jpg;https://ei.phncdn.com/videos/202607/23/56469535/original/(m=eaf8GgaaaWavb)(mh=INtaxJckyIaCd95l)3.jpg;https://ei.phncdn.com/videos/202607/23/56469535/original/(m=eaf8GgaaaWavb)(mh=INtaxJckyIaCd95l)4.jpg;https://ei.phncdn.com/videos/202607/23/56469535/original/(m=eaf8GgaaaWavb)(mh=INtaxJckyIaCd95l)5.jpg;https://ei.phncdn.com/videos/202607/23/56469535/original/(m=eaf8GgaaaWavb)(mh=INtaxJckyIaCd95l)6.jpg;https://ei.phncdn.com/videos/202607/23/56469535/original/(m=eaf8GgaaaWavb)(mh=INtaxJckyIaCd95l)7.jpg;https://ei.phncdn.com/videos/202607/23/56469535/original/(m=eaf8GgaaaWavb)(mh=INtaxJckyIaCd95l)8.jpg;https://ei.phncdn.com/videos/202607/23/56469535/original/(m=eaf8GgaaaWavb)(mh=INtaxJckyIaCd95l)9.jpg;https://ei.phncdn.com/videos/202607/23/56469535/original/(m=eaf8GgaaaWavb)(mh=INtaxJckyIaCd95l)10.jpg;https://ei.phncdn.com/videos/202607/23/56469535/original/(m=eaf8GgaaaWavb)(mh=INtaxJckyIaCd95l)11.jpg;https://ei.phncdn.com/videos/202607/23/56469535/original/(m=eaf8GgaaaWavb)(mh=INtaxJckyIaCd95l)12.jpg;https://ei.phncdn.com/videos/202607/23/56469535/original/(m=eaf8GgaaaWavb)(mh=INtaxJckyIaCd95l)13.jpg;https://ei.phncdn.com/videos/202607/23/56469535/original/(m=eaf8GgaaaWavb)(mh=INtaxJckyIaCd95l)14.jpg;https://ei.phncdn.com/videos/202607/23/56469535/original/(m=eaf8GgaaaWavb)(mh=INtaxJckyIaCd95l)15.jpg;https://ei.phncdn.com/videos/202607/23/56469535/original/(m=eaf8GgaaaWavb)(mh=INtaxJckyIaCd95l)16.jpg|I want your cock buried deep inside me 🔥|student;schoolgirl;popular;teenage;gamer;big-tits|Casting;Verified Amateurs;Solo Female;Romantic||12|8|1|0|https://ei.phncdn.com/videos/202607/23/56469535/original/(m=eaAaGwObaaamqv)(mh=-lq8xFLegxQ79G9-)12.jpg|https://ei.phncdn.com/videos/202607/23/56469535/original/(m=eaAaGwObaaamqv)(mh=-lq8xFLegxQ79G9-)1.jpg;https://ei.phncdn.com/videos/202607/23/56469535/original/(m=eaAaGwObaaamqv)(mh=-lq8xFLegxQ79G9-)2.jpg;https://ei.phncdn.com/videos/202607/23/56469535/original/(m=eaAaGwObaaamqv)(mh=-lq8xFLegxQ79G9-)3.jpg;https://ei.phncdn.com/videos/202607/23/56469535/original/(m=eaAaGwObaaamqv)(mh=-lq8xFLegxQ79G9-)4.jpg;https://ei.phncdn.com/videos/202607/23/56469535/original/(m=eaAaGwObaaamqv)(mh=-lq8xFLegxQ79G9-)5.jpg;https://ei.phncdn.com/videos/202607/23/56469535/original/(m=eaAaGwObaaamqv)(mh=-lq8xFLegxQ79G9-)6.jpg;https://ei.phncdn.com/videos/202607/23/56469535/original/(m=eaAaGwObaaamqv)(mh=-lq8xFLegxQ79G9-)7.jpg;https://ei.phncdn.com/videos/202607/23/56469535/original/(m=eaAaGwObaaamqv)(mh=-lq8xFLegxQ79G9-)8.jpg;https://ei.phncdn.com/videos/202607/23/56469535/original/(m=eaAaGwObaaamqv)(mh=-lq8xFLegxQ79G9-)9.jpg;https://ei.phncdn.com/videos/202607/23/56469535/original/(m=eaAaGwObaaamqv)(mh=-lq8xFLegxQ79G9-)10.jpg;https://ei.phncdn.com/videos/202607/23/56469535/original/(m=eaAaGwObaaamqv)(mh=-lq8xFLegxQ79G9-)11.jpg;https://ei.phncdn.com/videos/202607/23/56469535/original/(m=eaAaGwObaaamqv)(mh=-lq8xFLegxQ79G9-)12.jpg;https://ei.phncdn.com/videos/202607/23/56469535/original/(m=eaAaGwObaaamqv)(mh=-lq8xFLegxQ79G9-)13.jpg;https://ei.phncdn.com/videos/202607/23/56469535/original/(m=eaAaGwObaaamqv)(mh=-lq8xFLegxQ79G9-)14.jpg;https://ei.phncdn.com/videos/202607/23/56469535/original/(m=eaAaGwObaaamqv)(mh=-lq8xFLegxQ79G9-)15.jpg;https://ei.phncdn.com/videos/202607/23/56469535/original/(m=eaAaGwObaaamqv)(mh=-lq8xFLegxQ79G9-)16.jpg
<iframe src="https://www.pornhub.com/embed/6a624d3340b0c" frameborder="0" height="481" width="608" scrolling="no"></iframe>|https://ei.phncdn.com/videos/202607/23/56475885/original/(m=eaf8GgaaaWavb)(mh=f_WQFOC1ToUfnhM8)12.jpg|https://ei.phncdn.com/videos/202607/23/56475885/original/(m=eaf8GgaaaWavb)(mh=f_WQFOC1ToUfnhM8)1.jpg;https://ei.phncdn.com/videos/202607/23/56475885/original/(m=eaf8GgaaaWavb)(mh=f_WQFOC1ToUfnhM8)2.jpg;https://ei.phncdn.com/videos/202607/23/56475885/original/(m=eaf8GgaaaWavb)(mh=f_WQFOC1ToUfnhM8)3.jpg;https://ei.phncdn.com/videos/202607/23/56475885/original/(m=eaf8GgaaaWavb)(mh=f_WQFOC1ToUfnhM8)4.jpg;https://ei.phncdn.com/videos/202607/23/56475885/original/(m=eaf8GgaaaWavb)(mh=f_WQFOC1ToUfnhM8)5.jpg;https://ei.phncdn.com/videos/202607/23/56475885/original/(m=eaf8GgaaaWavb)(mh=f_WQFOC1ToUfnhM8)6.jpg;https://ei.phncdn.com/videos/202607/23/56475885/original/(m=eaf8GgaaaWavb)(mh=f_WQFOC1ToUfnhM8)7.jpg;https://ei.phncdn.com/videos/202607/23/56475885/original/(m=eaf8GgaaaWavb)(mh=f_WQFOC1ToUfnhM8)8.jpg;https://ei.phncdn.com/videos/202607/23/56475885/original/(m=eaf8GgaaaWavb)(mh=f_WQFOC1ToUfnhM8)9.jpg;https://ei.phncdn.com/videos/202607/23/56475885/original/(m=eaf8GgaaaWavb)(mh=f_WQFOC1ToUfnhM8)10.jpg;https://ei.phncdn.com/videos/202607/23/56475885/original/(m=eaf8GgaaaWavb)(mh=f_WQFOC1ToUfnhM8)11.jpg;https://ei.phncdn.com/videos/202607/23/56475885/original/(m=eaf8GgaaaWavb)(mh=f_WQFOC1ToUfnhM8)12.jpg;https://ei.phncdn.com/videos/202607/23/56475885/original/(m=eaf8GgaaaWavb)(mh=f_WQFOC1ToUfnhM8)13.jpg;https://ei.phncdn.com/videos/202607/23/56475885/original/(m=eaf8GgaaaWavb)(mh=f_WQFOC1ToUfnhM8)14.jpg;https://ei.phncdn.com/videos/202607/23/56475885/original/(m=eaf8GgaaaWavb)(mh=f_WQFOC1ToUfnhM8)15.jpg;https://ei.phncdn.com/videos/202607/23/56475885/original/(m=eaf8GgaaaWavb)(mh=f_WQFOC1ToUfnhM8)16.jpg|Fuck me slow with that big toy|schoolgirl;dildo;cosplay;stockings;rough;blowjob|Casting;Czech;Verified Amateurs;Solo Female||12|1|||https://ei.phncdn.com/videos/202607/23/56475885/original/(m=eaAaGwObaaamqv)(mh=FNXYYMO5DXA7Txv_)12.jpg|https://ei.phncdn.com/videos/202607/23/56475885/original/(m=eaAaGwObaaamqv)(mh=FNXYYMO5DXA7Txv_)1.jpg;https://ei.phncdn.com/videos/202607/23/56475885/original/(m=eaAaGwObaaamqv)(mh=FNXYYMO5DXA7Txv_)2.jpg;https://ei.phncdn.com/videos/202607/23/56475885/original/(m=eaAaGwObaaamqv)(mh=FNXYYMO5DXA7Txv_)3.jpg;https://ei.phncdn.com/videos/202607/23/56475885/original/(m=eaAaGwObaaamqv)(mh=FNXYYMO5DXA7Txv_)4.jpg;https://ei.phncdn.com/videos/202607/23/56475885/original/(m=eaAaGwObaaamqv)(mh=FNXYYMO5DXA7Txv_)5.jpg;https://ei.phncdn.com/videos/202607/23/56475885/original/(m=eaAaGwObaaamqv)(mh=FNXYYMO5DXA7Txv_)6.jpg;https://ei.phncdn.com/videos/202607/23/56475885/original/(m=eaAaGwObaaamqv)(mh=FNXYYMO5DXA7Txv_)7.jpg;https://ei.phncdn.com/videos/202607/23/56475885/original/(m=eaAaGwObaaamqv)(mh=FNXYYMO5DXA7Txv_)8.jpg;https://ei.phncdn.com/videos/202607/23/56475885/original/(m=eaAaGwObaaamqv)(mh=FNXYYMO5DXA7Txv_)9.jpg;https://ei.phncdn.com/videos/202607/23/56475885/original/(m=eaAaGwObaaamqv)(mh=FNXYYMO5DXA7Txv_)10.jpg;https://ei.phncdn.com/videos/202607/23/56475885/original/(m=eaAaGwObaaamqv)(mh=FNXYYMO5DXA7Txv_)11.jpg;https://ei.phncdn.com/videos/202607/23/56475885/original/(m=eaAaGwObaaamqv)(mh=FNXYYMO5DXA7Txv_)12.jpg;https://ei.phncdn.com/videos/202607/23/56475885/original/(m=eaAaGwObaaamqv)(mh=FNXYYMO5DXA7Txv_)13.jpg;https://ei.phncdn.com/videos/202607/23/56475885/original/(m=eaAaGwObaaamqv)(mh=FNXYYMO5DXA7Txv_)14.jpg;https://ei.phncdn.com/videos/202607/23/56475885/original/(m=eaAaGwObaaamqv)(mh=FNXYYMO5DXA7Txv_)15.jpg;https://ei.phncdn.com/videos/202607/23/56475885/original/(m=eaAaGwObaaamqv)(mh=FNXYYMO5DXA7Txv_)16.jpg
<iframe src="https://www.pornhub.com/embed/6a62a81668f31" frameborder="0" height="481" width="608" scrolling="no"></iframe>|https://ei.phncdn.com/videos/202607/23/56506025/original/(m=eaf8GgaaaWavb)(mh=m1VxPyjvb7TXozYI)12.jpg|https://ei.phncdn.com/videos/202607/23/56506025/original/(m=eaf8GgaaaWavb)(mh=m1VxPyjvb7TXozYI)1.jpg;https://ei.phncdn.com/videos/202607/23/56506025/original/(m=eaf8GgaaaWavb)(mh=m1VxPyjvb7TXozYI)2.jpg;https://ei.phncdn.com/videos/202607/23/56506025/original/(m=eaf8GgaaaWavb)(mh=m1VxPyjvb7TXozYI)3.jpg;https://ei.phncdn.com/videos/202607/23/56506025/original/(m=eaf8GgaaaWavb)(mh=m1VxPyjvb7TXozYI)4.jpg;https://ei.phncdn.com/videos/202607/23/56506025/original/(m=eaf8GgaaaWavb)(mh=m1VxPyjvb7TXozYI)5.jpg;https://ei.phncdn.com/videos/202607/23/56506025/original/(m=eaf8GgaaaWavb)(mh=m1VxPyjvb7TXozYI)6.jpg;https://ei.phncdn.com/videos/202607/23/56506025/original/(m=eaf8GgaaaWavb)(mh=m1VxPyjvb7TXozYI)7.jpg;https://ei.phncdn.com/videos/202607/23/56506025/original/(m=eaf8GgaaaWavb)(mh=m1VxPyjvb7TXozYI)8.jpg;https://ei.phncdn.com/videos/202607/23/56506025/original/(m=eaf8GgaaaWavb)(mh=m1VxPyjvb7TXozYI)9.jpg;https://ei.phncdn.com/videos/202607/23/56506025/original/(m=eaf8GgaaaWavb)(mh=m1VxPyjvb7TXozYI)10.jpg;https://ei.phncdn.com/videos/202607/23/56506025/original/(m=eaf8GgaaaWavb)(mh=m1VxPyjvb7TXozYI)11.jpg;https://ei.phncdn.com/videos/202607/23/56506025/original/(m=eaf8GgaaaWavb)(mh=m1VxPyjvb7TXozYI)12.jpg;https://ei.phncdn.com/videos/202607/23/56506025/original/(m=eaf8GgaaaWavb)(mh=m1VxPyjvb7TXozYI)13.jpg;https://ei.phncdn.com/videos/202607/23/56506025/original/(m=eaf8GgaaaWavb)(mh=m1VxPyjvb7TXozYI)14.jpg;https://ei.phncdn.com/videos/202607/23/56506025/original/(m=eaf8GgaaaWavb)(mh=m1VxPyjvb7TXozYI)15.jpg;https://ei.phncdn.com/videos/202607/23/56506025/original/(m=eaf8GgaaaWavb)(mh=m1VxPyjvb7TXozYI)16.jpg|You gonna pound this ass hard? 🤤|solo-female;closeup;goth;cute|Casting;Verified Amateurs;Solo Female;Tattooed Women||13|12|||https://ei.phncdn.com/videos/202607/23/56506025/original/(m=eaAaGwObaaamqv)(mh=wRRzv0Z4dTpNyVf-)12.jpg|https://ei.phncdn.com/videos/202607/23/56506025/original/(m=eaAaGwObaaamqv)(mh=wRRzv0Z4dTpNyVf-)1.jpg;https://ei.phncdn.com/videos/202607/23/56506025/original/(m=eaAaGwObaaamqv)(mh=wRRzv0Z4dTpNyVf-)2.jpg;https://ei.phncdn.com/videos/202607/23/56506025/original/(m=eaAaGwObaaamqv)(mh=wRRzv0Z4dTpNyVf-)3.jpg;https://ei.phncdn.com/videos/202607/23/56506025/original/(m=eaAaGwObaaamqv)(mh=wRRzv0Z4dTpNyVf-)4.jpg;https://ei.phncdn.com/videos/202607/23/56506025/original/(m=eaAaGwObaaamqv)(mh=wRRzv0Z4dTpNyVf-)5.jpg;https://ei.phncdn.com/videos/202607/23/56506025/original/(m=eaAaGwObaaamqv)(mh=wRRzv0Z4dTpNyVf-)6.jpg;https://ei.phncdn.com/videos/202607/23/56506025/original/(m=eaAaGwObaaamqv)(mh=wRRzv0Z4dTpNyVf-)7.jpg;https://ei.phncdn.com/videos/202607/23/56506025/original/(m=eaAaGwObaaamqv)(mh=wRRzv0Z4dTpNyVf-)8.jpg;https://ei.phncdn.com/videos/202607/23/56506025/original/(m=eaAaGwObaaamqv)(mh=wRRzv0Z4dTpNyVf-)9.jpg;https://ei.phncdn.com/videos/202607/23/56506025/original/(m=eaAaGwObaaamqv)(mh=wRRzv0Z4dTpNyVf-)10.jpg;https://ei.phncdn.com/videos/202607/23/56506025/original/(m=eaAaGwObaaamqv)(mh=wRRzv0Z4dTpNyVf-)11.jpg;https://ei.phncdn.com/videos/202607/23/56506025/original/(m=eaAaGwObaaamqv)(mh=wRRzv0Z4dTpNyVf-)12.jpg;https://ei.phncdn.com/videos/202607/23/56506025/original/(m=eaAaGwObaaamqv)(mh=wRRzv0Z4dTpNyVf-)13.jpg;https://ei.phncdn.com/videos/202607/23/56506025/original/(m=eaAaGwObaaamqv)(mh=wRRzv0Z4dTpNyVf-)14.jpg;https://ei.phncdn.com/videos/202607/23/56506025/original/(m=eaAaGwObaaamqv)(mh=wRRzv0Z4dTpNyVf-)15.jpg;https://ei.phncdn.com/videos/202607/23/56506025/original/(m=eaAaGwObaaamqv)(mh=wRRzv0Z4dTpNyVf-)16.jpg
<iframe src="https://www.pornhub.com/embed/6a62f8382dfd4" frameborder="0" height="481" width="608" scrolling="no"></iframe>|https://ei.phncdn.com/videos/202607/24/56543495/original/(m=eaf8GgaaaWavb)(mh=JSwsM81wXunKhpJM)12.jpg|https://ei.phncdn.com/videos/202607/24/56543495/original/(m=eaf8GgaaaWavb)(mh=JSwsM81wXunKhpJM)1.jpg;https://ei.phncdn.com/videos/202607/24/56543495/original/(m=eaf8GgaaaWavb)(mh=JSwsM81wXunKhpJM)2.jpg;https://ei.phncdn.com/videos/202607/24/56543495/original/(m=eaf8GgaaaWavb)(mh=JSwsM81wXunKhpJM)3.jpg;https://ei.phncdn.com/videos/202607/24/56543495/original/(m=eaf8GgaaaWavb)(mh=JSwsM81wXunKhpJM)4.jpg;https://ei.phncdn.com/videos/202607/24/56543495/original/(m=eaf8GgaaaWavb)(mh=JSwsM81wXunKhpJM)5.jpg;https://ei.phncdn.com/videos/202607/24/56543495/original/(m=eaf8GgaaaWavb)(mh=JSwsM81wXunKhpJM)6.jpg;https://ei.phncdn.com/videos/202607/24/56543495/original/(m=eaf8GgaaaWavb)(mh=JSwsM81wXunKhpJM)7.jpg;https://ei.phncdn.com/videos/202607/24/56543495/original/(m=eaf8GgaaaWavb)(mh=JSwsM81wXunKhpJM)8.jpg;https://ei.phncdn.com/videos/202607/24/56543495/original/(m=eaf8GgaaaWavb)(mh=JSwsM81wXunKhpJM)9.jpg;https://ei.phncdn.com/videos/202607/24/56543495/original/(m=eaf8GgaaaWavb)(mh=JSwsM81wXunKhpJM)10.jpg;https://ei.phncdn.com/videos/202607/24/56543495/original/(m=eaf8GgaaaWavb)(mh=JSwsM81wXunKhpJM)11.jpg;https://ei.phncdn.com/videos/202607/24/56543495/original/(m=eaf8GgaaaWavb)(mh=JSwsM81wXunKhpJM)12.jpg;https://ei.phncdn.com/videos/202607/24/56543495/original/(m=eaf8GgaaaWavb)(mh=JSwsM81wXunKhpJM)13.jpg;https://ei.phncdn.com/videos/202607/24/56543495/original/(m=eaf8GgaaaWavb)(mh=JSwsM81wXunKhpJM)14.jpg;https://ei.phncdn.com/videos/202607/24/56543495/original/(m=eaf8GgaaaWavb)(mh=JSwsM81wXunKhpJM)15.jpg;https://ei.phncdn.com/videos/202607/24/56543495/original/(m=eaf8GgaaaWavb)(mh=JSwsM81wXunKhpJM)16.jpg|Tattooed redhead bends over bed spreading wide 👅|tiktok;college;natural-tits;cute;joi;stockings;anal;cosplay|Casting;Verified Amateurs;Solo Female;Tattooed Women||6|2|||https://ei.phncdn.com/videos/202607/24/56543495/original/(m=eaAaGwObaaamqv)(mh=FNLVlcmWblG5siLV)12.jpg|https://ei.phncdn.com/videos/202607/24/56543495/original/(m=eaAaGwObaaamqv)(mh=FNLVlcmWblG5siLV)1.jpg;https://ei.phncdn.com/videos/202607/24/56543495/original/(m=eaAaGwObaaamqv)(mh=FNLVlcmWblG5siLV)2.jpg;https://ei.phncdn.com/videos/202607/24/56543495/original/(m=eaAaGwObaaamqv)(mh=FNLVlcmWblG5siLV)3.jpg;https://ei.phncdn.com/videos/202607/24/56543495/original/(m=eaAaGwObaaamqv)(mh=FNLVlcmWblG5siLV)4.jpg;https://ei.phncdn.com/videos/202607/24/56543495/original/(m=eaAaGwObaaamqv)(mh=FNLVlcmWblG5siLV)5.jpg;https://ei.phncdn.com/videos/202607/24/56543495/original/(m=eaAaGwObaaamqv)(mh=FNLVlcmWblG5siLV)6.jpg;https://ei.phncdn.com/videos/202607/24/56543495/original/(m=eaAaGwObaaamqv)(mh=FNLVlcmWblG5siLV)7.jpg;https://ei.phncdn.com/videos/202607/24/56543495/original/(m=eaAaGwObaaamqv)(mh=FNLVlcmWblG5siLV)8.jpg;https://ei.phncdn.com/videos/202607/24/56543495/original/(m=eaAaGwObaaamqv)(mh=FNLVlcmWblG5siLV)9.jpg;https://ei.phncdn.com/videos/202607/24/56543495/original/(m=eaAaGwObaaamqv)(mh=FNLVlcmWblG5siLV)10.jpg;https://ei.phncdn.com/videos/202607/24/56543495/original/(m=eaAaGwObaaamqv)(mh=FNLVlcmWblG5siLV)11.jpg;https://ei.phncdn.com/videos/202607/24/56543495/original/(m=eaAaGwObaaamqv)(mh=FNLVlcmWblG5siLV)12.jpg;https://ei.phncdn.com/videos/202607/24/56543495/original/(m=eaAaGwObaaamqv)(mh=FNLVlcmWblG5siLV)13.jpg;https://ei.phncdn.com/videos/202607/24/56543495/original/(m=eaAaGwObaaamqv)(mh=FNLVlcmWblG5siLV)14.jpg;https://ei.phncdn.com/videos/202607/24/56543495/original/(m=eaAaGwObaaamqv)(mh=FNLVlcmWblG5siLV)15.jpg;https://ei.phncdn.com/videos/202607/24/56543495/original/(m=eaAaGwObaaamqv)(mh=FNLVlcmWblG5siLV)16.jpg
<iframe src="https://www.pornhub.com/embed/6a63e32ea495d" frameborder="0" height="481" width="608" scrolling="no"></iframe>|https://ei.phncdn.com/videos/202607/24/56653675/original/(m=eaf8GgaaaWavb)(mh=f2kr_Q8i_qKKlUIV)12.jpg|https://ei.phncdn.com/videos/202607/24/56653675/original/(m=eaf8GgaaaWavb)(mh=f2kr_Q8i_qKKlUIV)1.jpg;https://ei.phncdn.com/videos/202607/24/56653675/original/(m=eaf8GgaaaWavb)(mh=f2kr_Q8i_qKKlUIV)2.jpg;https://ei.phncdn.com/videos/202607/24/56653675/original/(m=eaf8GgaaaWavb)(mh=f2kr_Q8i_qKKlUIV)3.jpg;https://ei.phncdn.com/videos/202607/24/56653675/original/(m=eaf8GgaaaWavb)(mh=f2kr_Q8i_qKKlUIV)4.jpg;https://ei.phncdn.com/videos/202607/24/56653675/original/(m=eaf8GgaaaWavb)(mh=f2kr_Q8i_qKKlUIV)5.jpg;https://ei.phncdn.com/videos/202607/24/56653675/original/(m=eaf8GgaaaWavb)(mh=f2kr_Q8i_qKKlUIV)6.jpg;https://ei.phncdn.com/videos/202607/24/56653675/original/(m=eaf8GgaaaWavb)(mh=f2kr_Q8i_qKKlUIV)7.jpg;https://ei.phncdn.com/videos/202607/24/56653675/original/(m=eaf8GgaaaWavb)(mh=f2kr_Q8i_qKKlUIV)8.jpg;https://ei.phncdn.com/videos/202607/24/56653675/original/(m=eaf8GgaaaWavb)(mh=f2kr_Q8i_qKKlUIV)9.jpg;https://ei.phncdn.com/videos/202607/24/56653675/original/(m=eaf8GgaaaWavb)(mh=f2kr_Q8i_qKKlUIV)10.jpg;https://ei.phncdn.com/videos/202607/24/56653675/original/(m=eaf8GgaaaWavb)(mh=f2kr_Q8i_qKKlUIV)11.jpg;https://ei.phncdn.com/videos/202607/24/56653675/original/(m=eaf8GgaaaWavb)(mh=f2kr_Q8i_qKKlUIV)12.jpg;https://ei.phncdn.com/videos/202607/24/56653675/original/(m=eaf8GgaaaWavb)(mh=f2kr_Q8i_qKKlUIV)13.jpg;https://ei.phncdn.com/videos/202607/24/56653675/original/(m=eaf8GgaaaWavb)(mh=f2kr_Q8i_qKKlUIV)14.jpg;https://ei.phncdn.com/videos/202607/24/56653675/original/(m=eaf8GgaaaWavb)(mh=f2kr_Q8i_qKKlUIV)15.jpg;https://ei.phncdn.com/videos/202607/24/56653675/original/(m=eaf8GgaaaWavb)(mh=f2kr_Q8i_qKKlUIV)16.jpg|I want your cock deep in me 👅|popular;college;e-girl;perfect-body;blowjob;onlyfans;new|Casting;Verified Amateurs;Cosplay;Solo Female||12|8|1|0|https://ei.phncdn.com/videos/202607/24/56653675/original/(m=eaAaGwObaaamqv)(mh=HiKpTgbkwVfygAyX)12.jpg|https://ei.phncdn.com/videos/202607/24/56653675/original/(m=eaAaGwObaaamqv)(mh=HiKpTgbkwVfygAyX)1.jpg;https://ei.phncdn.com/videos/202607/24/56653675/original/(m=eaAaGwObaaamqv)(mh=HiKpTgbkwVfygAyX)2.jpg;https://ei.phncdn.com/videos/202607/24/56653675/original/(m=eaAaGwObaaamqv)(mh=HiKpTgbkwVfygAyX)3.jpg;https://ei.phncdn.com/videos/202607/24/56653675/original/(m=eaAaGwObaaamqv)(mh=HiKpTgbkwVfygAyX)4.jpg;https://ei.phncdn.com/videos/202607/24/56653675/original/(m=eaAaGwObaaamqv)(mh=HiKpTgbkwVfygAyX)5.jpg;https://ei.phncdn.com/videos/202607/24/56653675/original/(m=eaAaGwObaaamqv)(mh=HiKpTgbkwVfygAyX)6.jpg;https://ei.phncdn.com/videos/202607/24/56653675/original/(m=eaAaGwObaaamqv)(mh=HiKpTgbkwVfygAyX)7.jpg;https://ei.phncdn.com/videos/202607/24/56653675/original/(m=eaAaGwObaaamqv)(mh=HiKpTgbkwVfygAyX)8.jpg;https://ei.phncdn.com/videos/202607/24/56653675/original/(m=eaAaGwObaaamqv)(mh=HiKpTgbkwVfygAyX)9.jpg;https://ei.phncdn.com/videos/202607/24/56653675/original/(m=eaAaGwObaaamqv)(mh=HiKpTgbkwVfygAyX)10.jpg;https://ei.phncdn.com/videos/202607/24/56653675/original/(m=eaAaGwObaaamqv)(mh=HiKpTgbkwVfygAyX)11.jpg;https://ei.phncdn.com/videos/202607/24/56653675/original/(m=eaAaGwObaaamqv)(mh=HiKpTgbkwVfygAyX)12.jpg;https://ei.phncdn.com/videos/202607/24/56653675/original/(m=eaAaGwObaaamqv)(mh=HiKpTgbkwVfygAyX)13.jpg;https://ei.phncdn.com/videos/202607/24/56653675/original/(m=eaAaGwObaaamqv)(mh=HiKpTgbkwVfygAyX)14.jpg;https://ei.phncdn.com/videos/202607/24/56653675/original/(m=eaAaGwObaaamqv)(mh=HiKpTgbkwVfygAyX)15.jpg;https://ei.phncdn.com/videos/202607/24/56653675/original/(m=eaAaGwObaaamqv)(mh=HiKpTgbkwVfygAyX)16.jpg
<iframe src="https://www.pornhub.com/embed/6a63f3ec60b4d" frameborder="0" height="481" width="608" scrolling="no"></iframe>|https://ei.phncdn.com/videos/202607/24/56659435/original/(m=eaf8GgaaaWavb)(mh=0k7KAIsRXxPl67kH)12.jpg|https://ei.phncdn.com/videos/202607/24/56659435/original/(m=eaf8GgaaaWavb)(mh=0k7KAIsRXxPl67kH)1.jpg;https://ei.phncdn.com/videos/202607/24/56659435/original/(m=eaf8GgaaaWavb)(mh=0k7KAIsRXxPl67kH)2.jpg;https://ei.phncdn.com/videos/202607/24/56659435/original/(m=eaf8GgaaaWavb)(mh=0k7KAIsRXxPl67kH)3.jpg;https://ei.phncdn.com/videos/202607/24/56659435/original/(m=eaf8GgaaaWavb)(mh=0k7KAIsRXxPl67kH)4.jpg;https://ei.phncdn.com/videos/202607/24/56659435/original/(m=eaf8GgaaaWavb)(mh=0k7KAIsRXxPl67kH)5.jpg;https://ei.phncdn.com/videos/202607/24/56659435/original/(m=eaf8GgaaaWavb)(mh=0k7KAIsRXxPl67kH)6.jpg;https://ei.phncdn.com/videos/202607/24/56659435/original/(m=eaf8GgaaaWavb)(mh=0k7KAIsRXxPl67kH)7.jpg;https://ei.phncdn.com/videos/202607/24/56659435/original/(m=eaf8GgaaaWavb)(mh=0k7KAIsRXxPl67kH)8.jpg;https://ei.phncdn.com/videos/202607/24/56659435/original/(m=eaf8GgaaaWavb)(mh=0k7KAIsRXxPl67kH)9.jpg;https://ei.phncdn.com/videos/202607/24/56659435/original/(m=eaf8GgaaaWavb)(mh=0k7KAIsRXxPl67kH)10.jpg;https://ei.phncdn.com/videos/202607/24/56659435/original/(m=eaf8GgaaaWavb)(mh=0k7KAIsRXxPl67kH)11.jpg;https://ei.phncdn.com/videos/202607/24/56659435/original/(m=eaf8GgaaaWavb)(mh=0k7KAIsRXxPl67kH)12.jpg;https://ei.phncdn.com/videos/202607/24/56659435/original/(m=eaf8GgaaaWavb)(mh=0k7KAIsRXxPl67kH)13.jpg;https://ei.phncdn.com/videos/202607/24/56659435/original/(m=eaf8GgaaaWavb)(mh=0k7KAIsRXxPl67kH)14.jpg;https://ei.phncdn.com/videos/202607/24/56659435/original/(m=eaf8GgaaaWavb)(mh=0k7KAIsRXxPl67kH)15.jpg;https://ei.phncdn.com/videos/202607/24/56659435/original/(m=eaf8GgaaaWavb)(mh=0k7KAIsRXxPl67kH)16.jpg|Big tits bounce as she rides hard 😘|vertical-porn;rough;tiktok;lingerie;schoolgirl|Casting;Verified Amateurs;Cosplay;Solo Female||12|14|||https://ei.phncdn.com/videos/202607/24/56659435/original/(m=eaAaGwObaaamqv)(mh=U0H7cp6os3NDhUM0)12.jpg|https://ei.phncdn.com/videos/202607/24/56659435/original/(m=eaAaGwObaaamqv)(mh=U0H7cp6os3NDhUM0)1.jpg;https://ei.phncdn.com/videos/202607/24/56659435/original/(m=eaAaGwObaaamqv)(mh=U0H7cp6os3NDhUM0)2.jpg;https://ei.phncdn.com/videos/202607/24/56659435/original/(m=eaAaGwObaaamqv)(mh=U0H7cp6os3NDhUM0)3.jpg;https://ei.phncdn.com/videos/202607/24/56659435/original/(m=eaAaGwObaaamqv)(mh=U0H7cp6os3NDhUM0)4.jpg;https://ei.phncdn.com/videos/202607/24/56659435/original/(m=eaAaGwObaaamqv)(mh=U0H7cp6os3NDhUM0)5.jpg;https://ei.phncdn.com/videos/202607/24/56659435/original/(m=eaAaGwObaaamqv)(mh=U0H7cp6os3NDhUM0)6.jpg;https://ei.phncdn.com/videos/202607/24/56659435/original/(m=eaAaGwObaaamqv)(mh=U0H7cp6os3NDhUM0)7.jpg;https://ei.phncdn.com/videos/202607/24/56659435/original/(m=eaAaGwObaaamqv)(mh=U0H7cp6os3NDhUM0)8.jpg;https://ei.phncdn.com/videos/202607/24/56659435/original/(m=eaAaGwObaaamqv)(mh=U0H7cp6os3NDhUM0)9.jpg;https://ei.phncdn.com/videos/202607/24/56659435/original/(m=eaAaGwObaaamqv)(mh=U0H7cp6os3NDhUM0)10.jpg;https://ei.phncdn.com/videos/202607/24/56659435/original/(m=eaAaGwObaaamqv)(mh=U0H7cp6os3NDhUM0)11.jpg;https://ei.phncdn.com/videos/202607/24/56659435/original/(m=eaAaGwObaaamqv)(mh=U0H7cp6os3NDhUM0)12.jpg;https://ei.phncdn.com/videos/202607/24/56659435/original/(m=eaAaGwObaaamqv)(mh=U0H7cp6os3NDhUM0)13.jpg;https://ei.phncdn.com/videos/202607/24/56659435/original/(m=eaAaGwObaaamqv)(mh=U0H7cp6os3NDhUM0)14.jpg;https://ei.phncdn.com/videos/202607/24/56659435/original/(m=eaAaGwObaaamqv)(mh=U0H7cp6os3NDhUM0)15.jpg;https://ei.phncdn.com/videos/202607/24/56659435/original/(m=eaAaGwObaaamqv)(mh=U0H7cp6os3NDhUM0)16.jpg
<iframe src="https://www.pornhub.com/embed/6a63f3ec7729b" frameborder="0" height="481" width="608" scrolling="no"></iframe>|https://ei.phncdn.com/videos/202607/24/56659445/original/(m=eaf8GgaaaWavb)(mh=SqT1bI6UKSRNdAoT)12.jpg|https://ei.phncdn.com/videos/202607/24/56659445/original/(m=eaf8GgaaaWavb)(mh=SqT1bI6UKSRNdAoT)1.jpg;https://ei.phncdn.com/videos/202607/24/56659445/original/(m=eaf8GgaaaWavb)(mh=SqT1bI6UKSRNdAoT)2.jpg;https://ei.phncdn.com/videos/202607/24/56659445/original/(m=eaf8GgaaaWavb)(mh=SqT1bI6UKSRNdAoT)3.jpg;https://ei.phncdn.com/videos/202607/24/56659445/original/(m=eaf8GgaaaWavb)(mh=SqT1bI6UKSRNdAoT)4.jpg;https://ei.phncdn.com/videos/202607/24/56659445/original/(m=eaf8GgaaaWavb)(mh=SqT1bI6UKSRNdAoT)5.jpg;https://ei.phncdn.com/videos/202607/24/56659445/original/(m=eaf8GgaaaWavb)(mh=SqT1bI6UKSRNdAoT)6.jpg;https://ei.phncdn.com/videos/202607/24/56659445/original/(m=eaf8GgaaaWavb)(mh=SqT1bI6UKSRNdAoT)7.jpg;https://ei.phncdn.com/videos/202607/24/56659445/original/(m=eaf8GgaaaWavb)(mh=SqT1bI6UKSRNdAoT)8.jpg;https://ei.phncdn.com/videos/202607/24/56659445/original/(m=eaf8GgaaaWavb)(mh=SqT1bI6UKSRNdAoT)9.jpg;https://ei.phncdn.com/videos/202607/24/56659445/original/(m=eaf8GgaaaWavb)(mh=SqT1bI6UKSRNdAoT)10.jpg;https://ei.phncdn.com/videos/202607/24/56659445/original/(m=eaf8GgaaaWavb)(mh=SqT1bI6UKSRNdAoT)11.jpg;https://ei.phncdn.com/videos/202607/24/56659445/original/(m=eaf8GgaaaWavb)(mh=SqT1bI6UKSRNdAoT)12.jpg;https://ei.phncdn.com/videos/202607/24/56659445/original/(m=eaf8GgaaaWavb)(mh=SqT1bI6UKSRNdAoT)13.jpg;https://ei.phncdn.com/videos/202607/24/56659445/original/(m=eaf8GgaaaWavb)(mh=SqT1bI6UKSRNdAoT)14.jpg;https://ei.phncdn.com/videos/202607/24/56659445/original/(m=eaf8GgaaaWavb)(mh=SqT1bI6UKSRNdAoT)15.jpg;https://ei.phncdn.com/videos/202607/24/56659445/original/(m=eaf8GgaaaWavb)(mh=SqT1bI6UKSRNdAoT)16.jpg|Blonde bends over bed showing wet pussy 😳|schoolgirl;cheating;rough;popular|Casting;Verified Amateurs;Cosplay;Solo Female||12|19|||https://ei.phncdn.com/videos/202607/24/56659445/original/(m=eaAaGwObaaamqv)(mh=qYT_hN1Qc5dqnqsz)12.jpg|https://ei.phncdn.com/videos/202607/24/56659445/original/(m=eaAaGwObaaamqv)(mh=qYT_hN1Qc5dqnqsz)1.jpg;https://ei.phncdn.com/videos/202607/24/56659445/original/(m=eaAaGwObaaamqv)(mh=qYT_hN1Qc5dqnqsz)2.jpg;https://ei.phncdn.com/videos/202607/24/56659445/original/(m=eaAaGwObaaamqv)(mh=qYT_hN1Qc5dqnqsz)3.jpg;https://ei.phncdn.com/videos/202607/24/56659445/original/(m=eaAaGwObaaamqv)(mh=qYT_hN1Qc5dqnqsz)4.jpg;https://ei.phncdn.com/videos/202607/24/56659445/original/(m=eaAaGwObaaamqv)(mh=qYT_hN1Qc5dqnqsz)5.jpg;https://ei.phncdn.com/videos/202607/24/56659445/original/(m=eaAaGwObaaamqv)(mh=qYT_hN1Qc5dqnqsz)6.jpg;https://ei.phncdn.com/videos/202607/24/56659445/original/(m=eaAaGwObaaamqv)(mh=qYT_hN1Qc5dqnqsz)7.jpg;https://ei.phncdn.com/videos/202607/24/56659445/original/(m=eaAaGwObaaamqv)(mh=qYT_hN1Qc5dqnqsz)8.jpg;https://ei.phncdn.com/videos/202607/24/56659445/original/(m=eaAaGwObaaamqv)(mh=qYT_hN1Qc5dqnqsz)9.jpg;https://ei.phncdn.com/videos/202607/24/56659445/original/(m=eaAaGwObaaamqv)(mh=qYT_hN1Qc5dqnqsz)10.jpg;https://ei.phncdn.com/videos/202607/24/56659445/original/(m=eaAaGwObaaamqv)(mh=qYT_hN1Qc5dqnqsz)11.jpg;https://ei.phncdn.com/videos/202607/24/56659445/original/(m=eaAaGwObaaamqv)(mh=qYT_hN1Qc5dqnqsz)12.jpg;https://ei.phncdn.com/videos/202607/24/56659445/original/(m=eaAaGwObaaamqv)(mh=qYT_hN1Qc5dqnqsz)13.jpg;https://ei.phncdn.com/videos/202607/24/56659445/original/(m=eaAaGwObaaamqv)(mh=qYT_hN1Qc5dqnqsz)14.jpg;https://ei.phncdn.com/videos/202607/24/56659445/original/(m=eaAaGwObaaamqv)(mh=qYT_hN1Qc5dqnqsz)15.jpg;https://ei.phncdn.com/videos/202607/24/56659445/original/(m=eaAaGwObaaamqv)(mh=qYT_hN1Qc5dqnqsz)16.jpg
<iframe src="https://www.pornhub.com/embed/6a63f6b483319" frameborder="0" height="481" width="608" scrolling="no"></iframe>|https://ei.phncdn.com/videos/202607/24/56660095/original/(m=eaf8GgaaaWavb)(mh=OA_4KDjdayXETf8d)12.jpg|https://ei.phncdn.com/videos/202607/24/56660095/original/(m=eaf8GgaaaWavb)(mh=OA_4KDjdayXETf8d)1.jpg;https://ei.phncdn.com/videos/202607/24/56660095/original/(m=eaf8GgaaaWavb)(mh=OA_4KDjdayXETf8d)2.jpg;https://ei.phncdn.com/videos/202607/24/56660095/original/(m=eaf8GgaaaWavb)(mh=OA_4KDjdayXETf8d)3.jpg;https://ei.phncdn.com/videos/202607/24/56660095/original/(m=eaf8GgaaaWavb)(mh=OA_4KDjdayXETf8d)4.jpg;https://ei.phncdn.com/videos/202607/24/56660095/original/(m=eaf8GgaaaWavb)(mh=OA_4KDjdayXETf8d)5.jpg;https://ei.phncdn.com/videos/202607/24/56660095/original/(m=eaf8GgaaaWavb)(mh=OA_4KDjdayXETf8d)6.jpg;https://ei.phncdn.com/videos/202607/24/56660095/original/(m=eaf8GgaaaWavb)(mh=OA_4KDjdayXETf8d)7.jpg;https://ei.phncdn.com/videos/202607/24/56660095/original/(m=eaf8GgaaaWavb)(mh=OA_4KDjdayXETf8d)8.jpg;https://ei.phncdn.com/videos/202607/24/56660095/original/(m=eaf8GgaaaWavb)(mh=OA_4KDjdayXETf8d)9.jpg;https://ei.phncdn.com/videos/202607/24/56660095/original/(m=eaf8GgaaaWavb)(mh=OA_4KDjdayXETf8d)10.jpg;https://ei.phncdn.com/videos/202607/24/56660095/original/(m=eaf8GgaaaWavb)(mh=OA_4KDjdayXETf8d)11.jpg;https://ei.phncdn.com/videos/202607/24/56660095/original/(m=eaf8GgaaaWavb)(mh=OA_4KDjdayXETf8d)12.jpg;https://ei.phncdn.com/videos/202607/24/56660095/original/(m=eaf8GgaaaWavb)(mh=OA_4KDjdayXETf8d)13.jpg;https://ei.phncdn.com/videos/202607/24/56660095/original/(m=eaf8GgaaaWavb)(mh=OA_4KDjdayXETf8d)14.jpg;https://ei.phncdn.com/videos/202607/24/56660095/original/(m=eaf8GgaaaWavb)(mh=OA_4KDjdayXETf8d)15.jpg;https://ei.phncdn.com/videos/202607/24/56660095/original/(m=eaf8GgaaaWavb)(mh=OA_4KDjdayXETf8d)16.jpg|Wet pussy fingers sliding deep inside 🖤|rough;lingerie;small;natural-tits;teenage;anal;cute;solo-female|Casting;Verified Amateurs;Cosplay;Solo Female||12|6|||https://ei.phncdn.com/videos/202607/24/56660095/original/(m=eaAaGwObaaamqv)(mh=Wpbt28lV2ByDyErI)12.jpg|https://ei.phncdn.com/videos/202607/24/56660095/original/(m=eaAaGwObaaamqv)(mh=Wpbt28lV2ByDyErI)1.jpg;https://ei.phncdn.com/videos/202607/24/56660095/original/(m=eaAaGwObaaamqv)(mh=Wpbt28lV2ByDyErI)2.jpg;https://ei.phncdn.com/videos/202607/24/56660095/original/(m=eaAaGwObaaamqv)(mh=Wpbt28lV2ByDyErI)3.jpg;https://ei.phncdn.com/videos/202607/24/56660095/original/(m=eaAaGwObaaamqv)(mh=Wpbt28lV2ByDyErI)4.jpg;https://ei.phncdn.com/videos/202607/24/56660095/original/(m=eaAaGwObaaamqv)(mh=Wpbt28lV2ByDyErI)5.jpg;https://ei.phncdn.com/videos/202607/24/56660095/original/(m=eaAaGwObaaamqv)(mh=Wpbt28lV2ByDyErI)6.jpg;https://ei.phncdn.com/videos/202607/24/56660095/original/(m=eaAaGwObaaamqv)(mh=Wpbt28lV2ByDyErI)7.jpg;https://ei.phncdn.com/videos/202607/24/56660095/original/(m=eaAaGwObaaamqv)(mh=Wpbt28lV2ByDyErI)8.jpg;https://ei.phncdn.com/videos/202607/24/56660095/original/(m=eaAaGwObaaamqv)(mh=Wpbt28lV2ByDyErI)9.jpg;https://ei.phncdn.com/videos/202607/24/56660095/original/(m=eaAaGwObaaamqv)(mh=Wpbt28lV2ByDyErI)10.jpg;https://ei.phncdn.com/videos/202607/24/56660095/original/(m=eaAaGwObaaamqv)(mh=Wpbt28lV2ByDyErI)11.jpg;https://ei.phncdn.com/videos/202607/24/56660095/original/(m=eaAaGwObaaamqv)(mh=Wpbt28lV2ByDyErI)12.jpg;https://ei.phncdn.com/videos/202607/24/56660095/original/(m=eaAaGwObaaamqv)(mh=Wpbt28lV2ByDyErI)13.jpg;https://ei.phncdn.com/videos/202607/24/56660095/original/(m=eaAaGwObaaamqv)(mh=Wpbt28lV2ByDyErI)14.jpg;https://ei.phncdn.com/videos/202607/24/56660095/original/(m=eaAaGwObaaamqv)(mh=Wpbt28lV2ByDyErI)15.jpg;https://ei.phncdn.com/videos/202607/24/56660095/original/(m=eaAaGwObaaamqv)(mh=Wpbt28lV2ByDyErI)16.jpg
<iframe src="https://www.pornhub.com/embed/6a64184de91c2" frameborder="0" height="481" width="608" scrolling="no"></iframe>|https://ei.phncdn.com/videos/202607/25/56669305/original/(m=eaf8GgaaaWavb)(mh=crC_LQFBA1_E8-gW)12.jpg|https://ei.phncdn.com/videos/202607/25/56669305/original/(m=eaf8GgaaaWavb)(mh=crC_LQFBA1_E8-gW)1.jpg;https://ei.phncdn.com/videos/202607/25/56669305/original/(m=eaf8GgaaaWavb)(mh=crC_LQFBA1_E8-gW)2.jpg;https://ei.phncdn.com/videos/202607/25/56669305/original/(m=eaf8GgaaaWavb)(mh=crC_LQFBA1_E8-gW)3.jpg;https://ei.phncdn.com/videos/202607/25/56669305/original/(m=eaf8GgaaaWavb)(mh=crC_LQFBA1_E8-gW)4.jpg;https://ei.phncdn.com/videos/202607/25/56669305/original/(m=eaf8GgaaaWavb)(mh=crC_LQFBA1_E8-gW)5.jpg;https://ei.phncdn.com/videos/202607/25/56669305/original/(m=eaf8GgaaaWavb)(mh=crC_LQFBA1_E8-gW)6.jpg;https://ei.phncdn.com/videos/202607/25/56669305/original/(m=eaf8GgaaaWavb)(mh=crC_LQFBA1_E8-gW)7.jpg;https://ei.phncdn.com/videos/202607/25/56669305/original/(m=eaf8GgaaaWavb)(mh=crC_LQFBA1_E8-gW)8.jpg;https://ei.phncdn.com/videos/202607/25/56669305/original/(m=eaf8GgaaaWavb)(mh=crC_LQFBA1_E8-gW)9.jpg;https://ei.phncdn.com/videos/202607/25/56669305/original/(m=eaf8GgaaaWavb)(mh=crC_LQFBA1_E8-gW)10.jpg;https://ei.phncdn.com/videos/202607/25/56669305/original/(m=eaf8GgaaaWavb)(mh=crC_LQFBA1_E8-gW)11.jpg;https://ei.phncdn.com/videos/202607/25/56669305/original/(m=eaf8GgaaaWavb)(mh=crC_LQFBA1_E8-gW)12.jpg;https://ei.phncdn.com/videos/202607/25/56669305/original/(m=eaf8GgaaaWavb)(mh=crC_LQFBA1_E8-gW)13.jpg;https://ei.phncdn.com/videos/202607/25/56669305/original/(m=eaf8GgaaaWavb)(mh=crC_LQFBA1_E8-gW)14.jpg;https://ei.phncdn.com/videos/202607/25/56669305/original/(m=eaf8GgaaaWavb)(mh=crC_LQFBA1_E8-gW)15.jpg;https://ei.phncdn.com/videos/202607/25/56669305/original/(m=eaf8GgaaaWavb)(mh=crC_LQFBA1_E8-gW)16.jpg|Fill me up and make me beg 😳|vertical-porn;cute;new;solo-female;big-ass;busty;natural-tits;shaved-pussy|Casting;Verified Amateurs;Solo Female;Tattooed Women||7|29|||https://ei.phncdn.com/videos/202607/25/56669305/original/(m=eaAaGwObaaamqv)(mh=pTTnFmqCjz0aTRNT)12.jpg|https://ei.phncdn.com/videos/202607/25/56669305/original/(m=eaAaGwObaaamqv)(mh=pTTnFmqCjz0aTRNT)1.jpg;https://ei.phncdn.com/videos/202607/25/56669305/original/(m=eaAaGwObaaamqv)(mh=pTTnFmqCjz0aTRNT)2.jpg;https://ei.phncdn.com/videos/202607/25/56669305/original/(m=eaAaGwObaaamqv)(mh=pTTnFmqCjz0aTRNT)3.jpg;https://ei.phncdn.com/videos/202607/25/56669305/original/(m=eaAaGwObaaamqv)(mh=pTTnFmqCjz0aTRNT)4.jpg;https://ei.phncdn.com/videos/202607/25/56669305/original/(m=eaAaGwObaaamqv)(mh=pTTnFmqCjz0aTRNT)5.jpg;https://ei.phncdn.com/videos/202607/25/56669305/original/(m=eaAaGwObaaamqv)(mh=pTTnFmqCjz0aTRNT)6.jpg;https://ei.phncdn.com/videos/202607/25/56669305/original/(m=eaAaGwObaaamqv)(mh=pTTnFmqCjz0aTRNT)7.jpg;https://ei.phncdn.com/videos/202607/25/56669305/original/(m=eaAaGwObaaamqv)(mh=pTTnFmqCjz0aTRNT)8.jpg;https://ei.phncdn.com/videos/202607/25/56669305/original/(m=eaAaGwObaaamqv)(mh=pTTnFmqCjz0aTRNT)9.jpg;https://ei.phncdn.com/videos/202607/25/56669305/original/(m=eaAaGwObaaamqv)(mh=pTTnFmqCjz0aTRNT)10.jpg;https://ei.phncdn.com/videos/202607/25/56669305/original/(m=eaAaGwObaaamqv)(mh=pTTnFmqCjz0aTRNT)11.jpg;https://ei.phncdn.com/videos/202607/25/56669305/original/(m=eaAaGwObaaamqv)(mh=pTTnFmqCjz0aTRNT)12.jpg;https://ei.phncdn.com/videos/202607/25/56669305/original/(m=eaAaGwObaaamqv)(mh=pTTnFmqCjz0aTRNT)13.jpg;https://ei.phncdn.com/videos/202607/25/56669305/original/(m=eaAaGwObaaamqv)(mh=pTTnFmqCjz0aTRNT)14.jpg;https://ei.phncdn.com/videos/202607/25/56669305/original/(m=eaAaGwObaaamqv)(mh=pTTnFmqCjz0aTRNT)15.jpg;https://ei.phncdn.com/videos/202607/25/56669305/original/(m=eaAaGwObaaamqv)(mh=pTTnFmqCjz0aTRNT)16.jpg
<iframe src="https://www.pornhub.com/embed/6a643972d12e9" frameborder="0" height="481" width="608" scrolling="no"></iframe>|https://ei.phncdn.com/videos/202607/25/56676835/original/(m=eaf8GgaaaWavb)(mh=FY-aulmhczexkYFT)12.jpg|https://ei.phncdn.com/videos/202607/25/56676835/original/(m=eaf8GgaaaWavb)(mh=FY-aulmhczexkYFT)1.jpg;https://ei.phncdn.com/videos/202607/25/56676835/original/(m=eaf8GgaaaWavb)(mh=FY-aulmhczexkYFT)2.jpg;https://ei.phncdn.com/videos/202607/25/56676835/original/(m=eaf8GgaaaWavb)(mh=FY-aulmhczexkYFT)3.jpg;https://ei.phncdn.com/videos/202607/25/56676835/original/(m=eaf8GgaaaWavb)(mh=FY-aulmhczexkYFT)4.jpg;https://ei.phncdn.com/videos/202607/25/56676835/original/(m=eaf8GgaaaWavb)(mh=FY-aulmhczexkYFT)5.jpg;https://ei.phncdn.com/videos/202607/25/56676835/original/(m=eaf8GgaaaWavb)(mh=FY-aulmhczexkYFT)6.jpg;https://ei.phncdn.com/videos/202607/25/56676835/original/(m=eaf8GgaaaWavb)(mh=FY-aulmhczexkYFT)7.jpg;https://ei.phncdn.com/videos/202607/25/56676835/original/(m=eaf8GgaaaWavb)(mh=FY-aulmhczexkYFT)8.jpg;https://ei.phncdn.com/videos/202607/25/56676835/original/(m=eaf8GgaaaWavb)(mh=FY-aulmhczexkYFT)9.jpg;https://ei.phncdn.com/videos/202607/25/56676835/original/(m=eaf8GgaaaWavb)(mh=FY-aulmhczexkYFT)10.jpg;https://ei.phncdn.com/videos/202607/25/56676835/original/(m=eaf8GgaaaWavb)(mh=FY-aulmhczexkYFT)11.jpg;https://ei.phncdn.com/videos/202607/25/56676835/original/(m=eaf8GgaaaWavb)(mh=FY-aulmhczexkYFT)12.jpg;https://ei.phncdn.com/videos/202607/25/56676835/original/(m=eaf8GgaaaWavb)(mh=FY-aulmhczexkYFT)13.jpg;https://ei.phncdn.com/videos/202607/25/56676835/original/(m=eaf8GgaaaWavb)(mh=FY-aulmhczexkYFT)14.jpg;https://ei.phncdn.com/videos/202607/25/56676835/original/(m=eaf8GgaaaWavb)(mh=FY-aulmhczexkYFT)15.jpg;https://ei.phncdn.com/videos/202607/25/56676835/original/(m=eaf8GgaaaWavb)(mh=FY-aulmhczexkYFT)16.jpg|She grinds her wet pussy slow and deep|e-girl;asian-girl;closeup|Casting;Verified Amateurs;Solo Female;Romantic||12|5|||https://ei.phncdn.com/videos/202607/25/56676835/original/(m=eaAaGwObaaamqv)(mh=7hfsD_0VvJT1gDZ4)12.jpg|https://ei.phncdn.com/videos/202607/25/56676835/original/(m=eaAaGwObaaamqv)(mh=7hfsD_0VvJT1gDZ4)1.jpg;https://ei.phncdn.com/videos/202607/25/56676835/original/(m=eaAaGwObaaamqv)(mh=7hfsD_0VvJT1gDZ4)2.jpg;https://ei.phncdn.com/videos/202607/25/56676835/original/(m=eaAaGwObaaamqv)(mh=7hfsD_0VvJT1gDZ4)3.jpg;https://ei.phncdn.com/videos/202607/25/56676835/original/(m=eaAaGwObaaamqv)(mh=7hfsD_0VvJT1gDZ4)4.jpg;https://ei.phncdn.com/videos/202607/25/56676835/original/(m=eaAaGwObaaamqv)(mh=7hfsD_0VvJT1gDZ4)5.jpg;https://ei.phncdn.com/videos/202607/25/56676835/original/(m=eaAaGwObaaamqv)(mh=7hfsD_0VvJT1gDZ4)6.jpg;https://ei.phncdn.com/videos/202607/25/56676835/original/(m=eaAaGwObaaamqv)(mh=7hfsD_0VvJT1gDZ4)7.jpg;https://ei.phncdn.com/videos/202607/25/56676835/original/(m=eaAaGwObaaamqv)(mh=7hfsD_0VvJT1gDZ4)8.jpg;https://ei.phncdn.com/videos/202607/25/56676835/original/(m=eaAaGwObaaamqv)(mh=7hfsD_0VvJT1gDZ4)9.jpg;https://ei.phncdn.com/videos/202607/25/56676835/original/(m=eaAaGwObaaamqv)(mh=7hfsD_0VvJT1gDZ4)10.jpg;https://ei.phncdn.com/videos/202607/25/56676835/original/(m=eaAaGwObaaamqv)(mh=7hfsD_0VvJT1gDZ4)11.jpg;https://ei.phncdn.com/videos/202607/25/56676835/original/(m=eaAaGwObaaamqv)(mh=7hfsD_0VvJT1gDZ4)12.jpg;https://ei.phncdn.com/videos/202607/25/56676835/original/(m=eaAaGwObaaamqv)(mh=7hfsD_0VvJT1gDZ4)13.jpg;https://ei.phncdn.com/videos/202607/25/56676835/original/(m=eaAaGwObaaamqv)(mh=7hfsD_0VvJT1gDZ4)14.jpg;https://ei.phncdn.com/videos/202607/25/56676835/original/(m=eaAaGwObaaamqv)(mh=7hfsD_0VvJT1gDZ4)15.jpg;https://ei.phncdn.com/videos/202607/25/56676835/original/(m=eaAaGwObaaamqv)(mh=7hfsD_0VvJT1gDZ4)16.jpg
<iframe src="https://www.pornhub.com/embed/6a65d1e570b0f" frameborder="0" height="481" width="608" scrolling="no"></iframe>|https://ei.phncdn.com/videos/202607/26/56800365/original/(m=eaf8GgaaaWavb)(mh=889EbEwSDAJAl-8f)12.jpg|https://ei.phncdn.com/videos/202607/26/56800365/original/(m=eaf8GgaaaWavb)(mh=889EbEwSDAJAl-8f)1.jpg;https://ei.phncdn.com/videos/202607/26/56800365/original/(m=eaf8GgaaaWavb)(mh=889EbEwSDAJAl-8f)2.jpg;https://ei.phncdn.com/videos/202607/26/56800365/original/(m=eaf8GgaaaWavb)(mh=889EbEwSDAJAl-8f)3.jpg;https://ei.phncdn.com/videos/202607/26/56800365/original/(m=eaf8GgaaaWavb)(mh=889EbEwSDAJAl-8f)4.jpg;https://ei.phncdn.com/videos/202607/26/56800365/original/(m=eaf8GgaaaWavb)(mh=889EbEwSDAJAl-8f)5.jpg;https://ei.phncdn.com/videos/202607/26/56800365/original/(m=eaf8GgaaaWavb)(mh=889EbEwSDAJAl-8f)6.jpg;https://ei.phncdn.com/videos/202607/26/56800365/original/(m=eaf8GgaaaWavb)(mh=889EbEwSDAJAl-8f)7.jpg;https://ei.phncdn.com/videos/202607/26/56800365/original/(m=eaf8GgaaaWavb)(mh=889EbEwSDAJAl-8f)8.jpg;https://ei.phncdn.com/videos/202607/26/56800365/original/(m=eaf8GgaaaWavb)(mh=889EbEwSDAJAl-8f)9.jpg;https://ei.phncdn.com/videos/202607/26/56800365/original/(m=eaf8GgaaaWavb)(mh=889EbEwSDAJAl-8f)10.jpg;https://ei.phncdn.com/videos/202607/26/56800365/original/(m=eaf8GgaaaWavb)(mh=889EbEwSDAJAl-8f)11.jpg;https://ei.phncdn.com/videos/202607/26/56800365/original/(m=eaf8GgaaaWavb)(mh=889EbEwSDAJAl-8f)12.jpg;https://ei.phncdn.com/videos/202607/26/56800365/original/(m=eaf8GgaaaWavb)(mh=889EbEwSDAJAl-8f)13.jpg;https://ei.phncdn.com/videos/202607/26/56800365/original/(m=eaf8GgaaaWavb)(mh=889EbEwSDAJAl-8f)14.jpg;https://ei.phncdn.com/videos/202607/26/56800365/original/(m=eaf8GgaaaWavb)(mh=889EbEwSDAJAl-8f)15.jpg;https://ei.phncdn.com/videos/202607/26/56800365/original/(m=eaf8GgaaaWavb)(mh=889EbEwSDAJAl-8f)16.jpg|Thick thighs spread wide, ass begging to be fucked 😳|blowjob;stockings;popular;vertical-porn;anal;slut;gamer|Casting;Russian;Verified Amateurs;Solo Female;Gaming||12|8|||https://ei.phncdn.com/videos/202607/26/56800365/original/(m=eaAaGwObaaamqv)(mh=rpkI4x6rN3lnmx5I)12.jpg|https://ei.phncdn.com/videos/202607/26/56800365/original/(m=eaAaGwObaaamqv)(mh=rpkI4x6rN3lnmx5I)1.jpg;https://ei.phncdn.com/videos/202607/26/56800365/original/(m=eaAaGwObaaamqv)(mh=rpkI4x6rN3lnmx5I)2.jpg;https://ei.phncdn.com/videos/202607/26/56800365/original/(m=eaAaGwObaaamqv)(mh=rpkI4x6rN3lnmx5I)3.jpg;https://ei.phncdn.com/videos/202607/26/56800365/original/(m=eaAaGwObaaamqv)(mh=rpkI4x6rN3lnmx5I)4.jpg;https://ei.phncdn.com/videos/202607/26/56800365/original/(m=eaAaGwObaaamqv)(mh=rpkI4x6rN3lnmx5I)5.jpg;https://ei.phncdn.com/videos/202607/26/56800365/original/(m=eaAaGwObaaamqv)(mh=rpkI4x6rN3lnmx5I)6.jpg;https://ei.phncdn.com/videos/202607/26/56800365/original/(m=eaAaGwObaaamqv)(mh=rpkI4x6rN3lnmx5I)7.jpg;https://ei.phncdn.com/videos/202607/26/56800365/original/(m=eaAaGwObaaamqv)(mh=rpkI4x6rN3lnmx5I)8.jpg;https://ei.phncdn.com/videos/202607/26/56800365/original/(m=eaAaGwObaaamqv)(mh=rpkI4x6rN3lnmx5I)9.jpg;https://ei.phncdn.com/videos/202607/26/56800365/original/(m=eaAaGwObaaamqv)(mh=rpkI4x6rN3lnmx5I)10.jpg;https://ei.phncdn.com/videos/202607/26/56800365/original/(m=eaAaGwObaaamqv)(mh=rpkI4x6rN3lnmx5I)11.jpg;https://ei.phncdn.com/videos/202607/26/56800365/original/(m=eaAaGwObaaamqv)(mh=rpkI4x6rN3lnmx5I)12.jpg;https://ei.phncdn.com/videos/202607/26/56800365/original/(m=eaAaGwObaaamqv)(mh=rpkI4x6rN3lnmx5I)13.jpg;https://ei.phncdn.com/videos/202607/26/56800365/original/(m=eaAaGwObaaamqv)(mh=rpkI4x6rN3lnmx5I)14.jpg;https://ei.phncdn.com/videos/202607/26/56800365/original/(m=eaAaGwObaaamqv)(mh=rpkI4x6rN3lnmx5I)15.jpg;https://ei.phncdn.com/videos/202607/26/56800365/original/(m=eaAaGwObaaamqv)(mh=rpkI4x6rN3lnmx5I)16.jpg
<iframe src="https://www.pornhub.com/embed/6a6658336d95f" frameborder="0" height="481" width="608" scrolling="no"></iframe>|https://ei.phncdn.com/videos/202607/26/56835375/original/(m=eaf8GgaaaWavb)(mh=GpoHDirfuDyeAClr)12.jpg|https://ei.phncdn.com/videos/202607/26/56835375/original/(m=eaf8GgaaaWavb)(mh=GpoHDirfuDyeAClr)1.jpg;https://ei.phncdn.com/videos/202607/26/56835375/original/(m=eaf8GgaaaWavb)(mh=GpoHDirfuDyeAClr)2.jpg;https://ei.phncdn.com/videos/202607/26/56835375/original/(m=eaf8GgaaaWavb)(mh=GpoHDirfuDyeAClr)3.jpg;https://ei.phncdn.com/videos/202607/26/56835375/original/(m=eaf8GgaaaWavb)(mh=GpoHDirfuDyeAClr)4.jpg;https://ei.phncdn.com/videos/202607/26/56835375/original/(m=eaf8GgaaaWavb)(mh=GpoHDirfuDyeAClr)5.jpg;https://ei.phncdn.com/videos/202607/26/56835375/original/(m=eaf8GgaaaWavb)(mh=GpoHDirfuDyeAClr)6.jpg;https://ei.phncdn.com/videos/202607/26/56835375/original/(m=eaf8GgaaaWavb)(mh=GpoHDirfuDyeAClr)7.jpg;https://ei.phncdn.com/videos/202607/26/56835375/original/(m=eaf8GgaaaWavb)(mh=GpoHDirfuDyeAClr)8.jpg;https://ei.phncdn.com/videos/202607/26/56835375/original/(m=eaf8GgaaaWavb)(mh=GpoHDirfuDyeAClr)9.jpg;https://ei.phncdn.com/videos/202607/26/56835375/original/(m=eaf8GgaaaWavb)(mh=GpoHDirfuDyeAClr)10.jpg;https://ei.phncdn.com/videos/202607/26/56835375/original/(m=eaf8GgaaaWavb)(mh=GpoHDirfuDyeAClr)11.jpg;https://ei.phncdn.com/videos/202607/26/56835375/original/(m=eaf8GgaaaWavb)(mh=GpoHDirfuDyeAClr)12.jpg;https://ei.phncdn.com/videos/202607/26/56835375/original/(m=eaf8GgaaaWavb)(mh=GpoHDirfuDyeAClr)13.jpg;https://ei.phncdn.com/videos/202607/26/56835375/original/(m=eaf8GgaaaWavb)(mh=GpoHDirfuDyeAClr)14.jpg;https://ei.phncdn.com/videos/202607/26/56835375/original/(m=eaf8GgaaaWavb)(mh=GpoHDirfuDyeAClr)15.jpg;https://ei.phncdn.com/videos/202607/26/56835375/original/(m=eaf8GgaaaWavb)(mh=GpoHDirfuDyeAClr)16.jpg|I want your cock splitting my ass 🤤|pov;shaved-pussy;new;busty|Casting;Czech;Verified Amateurs;Solo Female;Female Orgasm||9|16|||https://ei.phncdn.com/videos/202607/26/56835375/original/(m=eaAaGwObaaamqv)(mh=fPtV9YZpxSNHUzKf)12.jpg|https://ei.phncdn.com/videos/202607/26/56835375/original/(m=eaAaGwObaaamqv)(mh=fPtV9YZpxSNHUzKf)1.jpg;https://ei.phncdn.com/videos/202607/26/56835375/original/(m=eaAaGwObaaamqv)(mh=fPtV9YZpxSNHUzKf)2.jpg;https://ei.phncdn.com/videos/202607/26/56835375/original/(m=eaAaGwObaaamqv)(mh=fPtV9YZpxSNHUzKf)3.jpg;https://ei.phncdn.com/videos/202607/26/56835375/original/(m=eaAaGwObaaamqv)(mh=fPtV9YZpxSNHUzKf)4.jpg;https://ei.phncdn.com/videos/202607/26/56835375/original/(m=eaAaGwObaaamqv)(mh=fPtV9YZpxSNHUzKf)5.jpg;https://ei.phncdn.com/videos/202607/26/56835375/original/(m=eaAaGwObaaamqv)(mh=fPtV9YZpxSNHUzKf)6.jpg;https://ei.phncdn.com/videos/202607/26/56835375/original/(m=eaAaGwObaaamqv)(mh=fPtV9YZpxSNHUzKf)7.jpg;https://ei.phncdn.com/videos/202607/26/56835375/original/(m=eaAaGwObaaamqv)(mh=fPtV9YZpxSNHUzKf)8.jpg;https://ei.phncdn.com/videos/202607/26/56835375/original/(m=eaAaGwObaaamqv)(mh=fPtV9YZpxSNHUzKf)9.jpg;https://ei.phncdn.com/videos/202607/26/56835375/original/(m=eaAaGwObaaamqv)(mh=fPtV9YZpxSNHUzKf)10.jpg;https://ei.phncdn.com/videos/202607/26/56835375/original/(m=eaAaGwObaaamqv)(mh=fPtV9YZpxSNHUzKf)11.jpg;https://ei.phncdn.com/videos/202607/26/56835375/original/(m=eaAaGwObaaamqv)(mh=fPtV9YZpxSNHUzKf)12.jpg;https://ei.phncdn.com/videos/202607/26/56835375/original/(m=eaAaGwObaaamqv)(mh=fPtV9YZpxSNHUzKf)13.jpg;https://ei.phncdn.com/videos/202607/26/56835375/original/(m=eaAaGwObaaamqv)(mh=fPtV9YZpxSNHUzKf)14.jpg;https://ei.phncdn.com/videos/202607/26/56835375/original/(m=eaAaGwObaaamqv)(mh=fPtV9YZpxSNHUzKf)15.jpg;https://ei.phncdn.com/videos/202607/26/56835375/original/(m=eaAaGwObaaamqv)(mh=fPtV9YZpxSNHUzKf)16.jpg
<iframe src="https://www.pornhub.com/embed/6a66849e848d0" frameborder="0" height="481" width="608" scrolling="no"></iframe>|https://ei.phncdn.com/videos/202607/26/56851415/original/(m=eaf8GgaaaWavb)(mh=XFcZEXJxvKrlX4OA)12.jpg|https://ei.phncdn.com/videos/202607/26/56851415/original/(m=eaf8GgaaaWavb)(mh=XFcZEXJxvKrlX4OA)1.jpg;https://ei.phncdn.com/videos/202607/26/56851415/original/(m=eaf8GgaaaWavb)(mh=XFcZEXJxvKrlX4OA)2.jpg;https://ei.phncdn.com/videos/202607/26/56851415/original/(m=eaf8GgaaaWavb)(mh=XFcZEXJxvKrlX4OA)3.jpg;https://ei.phncdn.com/videos/202607/26/56851415/original/(m=eaf8GgaaaWavb)(mh=XFcZEXJxvKrlX4OA)4.jpg;https://ei.phncdn.com/videos/202607/26/56851415/original/(m=eaf8GgaaaWavb)(mh=XFcZEXJxvKrlX4OA)5.jpg;https://ei.phncdn.com/videos/202607/26/56851415/original/(m=eaf8GgaaaWavb)(mh=XFcZEXJxvKrlX4OA)6.jpg;https://ei.phncdn.com/videos/202607/26/56851415/original/(m=eaf8GgaaaWavb)(mh=XFcZEXJxvKrlX4OA)7.jpg;https://ei.phncdn.com/videos/202607/26/56851415/original/(m=eaf8GgaaaWavb)(mh=XFcZEXJxvKrlX4OA)8.jpg;https://ei.phncdn.com/videos/202607/26/56851415/original/(m=eaf8GgaaaWavb)(mh=XFcZEXJxvKrlX4OA)9.jpg;https://ei.phncdn.com/videos/202607/26/56851415/original/(m=eaf8GgaaaWavb)(mh=XFcZEXJxvKrlX4OA)10.jpg;https://ei.phncdn.com/videos/202607/26/56851415/original/(m=eaf8GgaaaWavb)(mh=XFcZEXJxvKrlX4OA)11.jpg;https://ei.phncdn.com/videos/202607/26/56851415/original/(m=eaf8GgaaaWavb)(mh=XFcZEXJxvKrlX4OA)12.jpg;https://ei.phncdn.com/videos/202607/26/56851415/original/(m=eaf8GgaaaWavb)(mh=XFcZEXJxvKrlX4OA)13.jpg;https://ei.phncdn.com/videos/202607/26/56851415/original/(m=eaf8GgaaaWavb)(mh=XFcZEXJxvKrlX4OA)14.jpg;https://ei.phncdn.com/videos/202607/26/56851415/original/(m=eaf8GgaaaWavb)(mh=XFcZEXJxvKrlX4OA)15.jpg;https://ei.phncdn.com/videos/202607/26/56851415/original/(m=eaf8GgaaaWavb)(mh=XFcZEXJxvKrlX4OA)16.jpg|Fuck me harder while I watch you 😘|new;cosplay;gamer;dildo|Casting;Russian;Verified Amateurs;Solo Female;Romantic||13|5|||https://ei.phncdn.com/videos/202607/26/56851415/original/(m=eaAaGwObaaamqv)(mh=snv9-eIZo0qKtyg_)12.jpg|https://ei.phncdn.com/videos/202607/26/56851415/original/(m=eaAaGwObaaamqv)(mh=snv9-eIZo0qKtyg_)1.jpg;https://ei.phncdn.com/videos/202607/26/56851415/original/(m=eaAaGwObaaamqv)(mh=snv9-eIZo0qKtyg_)2.jpg;https://ei.phncdn.com/videos/202607/26/56851415/original/(m=eaAaGwObaaamqv)(mh=snv9-eIZo0qKtyg_)3.jpg;https://ei.phncdn.com/videos/202607/26/56851415/original/(m=eaAaGwObaaamqv)(mh=snv9-eIZo0qKtyg_)4.jpg;https://ei.phncdn.com/videos/202607/26/56851415/original/(m=eaAaGwObaaamqv)(mh=snv9-eIZo0qKtyg_)5.jpg;https://ei.phncdn.com/videos/202607/26/56851415/original/(m=eaAaGwObaaamqv)(mh=snv9-eIZo0qKtyg_)6.jpg;https://ei.phncdn.com/videos/202607/26/56851415/original/(m=eaAaGwObaaamqv)(mh=snv9-eIZo0qKtyg_)7.jpg;https://ei.phncdn.com/videos/202607/26/56851415/original/(m=eaAaGwObaaamqv)(mh=snv9-eIZo0qKtyg_)8.jpg;https://ei.phncdn.com/videos/202607/26/56851415/original/(m=eaAaGwObaaamqv)(mh=snv9-eIZo0qKtyg_)9.jpg;https://ei.phncdn.com/videos/202607/26/56851415/original/(m=eaAaGwObaaamqv)(mh=snv9-eIZo0qKtyg_)10.jpg;https://ei.phncdn.com/videos/202607/26/56851415/original/(m=eaAaGwObaaamqv)(mh=snv9-eIZo0qKtyg_)11.jpg;https://ei.phncdn.com/videos/202607/26/56851415/original/(m=eaAaGwObaaamqv)(mh=snv9-eIZo0qKtyg_)12.jpg;https://ei.phncdn.com/videos/202607/26/56851415/original/(m=eaAaGwObaaamqv)(mh=snv9-eIZo0qKtyg_)13.jpg;https://ei.phncdn.com/videos/202607/26/56851415/original/(m=eaAaGwObaaamqv)(mh=snv9-eIZo0qKtyg_)14.jpg;https://ei.phncdn.com/videos/202607/26/56851415/original/(m=eaAaGwObaaamqv)(mh=snv9-eIZo0qKtyg_)15.jpg;https://ei.phncdn.com/videos/202607/26/56851415/original/(m=eaAaGwObaaamqv)(mh=snv9-eIZo0qKtyg_)16.jpg
<iframe src="https://www.pornhub.com/embed/6a66e25f78a25" frameborder="0" height="481" width="608" scrolling="no"></iframe>|https://ei.phncdn.com/videos/202607/27/56877905/original/(m=eaf8GgaaaWavb)(mh=uSrfeaehe98mz3ee)12.jpg|https://ei.phncdn.com/videos/202607/27/56877905/original/(m=eaf8GgaaaWavb)(mh=uSrfeaehe98mz3ee)1.jpg;https://ei.phncdn.com/videos/202607/27/56877905/original/(m=eaf8GgaaaWavb)(mh=uSrfeaehe98mz3ee)2.jpg;https://ei.phncdn.com/videos/202607/27/56877905/original/(m=eaf8GgaaaWavb)(mh=uSrfeaehe98mz3ee)3.jpg;https://ei.phncdn.com/videos/202607/27/56877905/original/(m=eaf8GgaaaWavb)(mh=uSrfeaehe98mz3ee)4.jpg;https://ei.phncdn.com/videos/202607/27/56877905/original/(m=eaf8GgaaaWavb)(mh=uSrfeaehe98mz3ee)5.jpg;https://ei.phncdn.com/videos/202607/27/56877905/original/(m=eaf8GgaaaWavb)(mh=uSrfeaehe98mz3ee)6.jpg;https://ei.phncdn.com/videos/202607/27/56877905/original/(m=eaf8GgaaaWavb)(mh=uSrfeaehe98mz3ee)7.jpg;https://ei.phncdn.com/videos/202607/27/56877905/original/(m=eaf8GgaaaWavb)(mh=uSrfeaehe98mz3ee)8.jpg;https://ei.phncdn.com/videos/202607/27/56877905/original/(m=eaf8GgaaaWavb)(mh=uSrfeaehe98mz3ee)9.jpg;https://ei.phncdn.com/videos/202607/27/56877905/original/(m=eaf8GgaaaWavb)(mh=uSrfeaehe98mz3ee)10.jpg;https://ei.phncdn.com/videos/202607/27/56877905/original/(m=eaf8GgaaaWavb)(mh=uSrfeaehe98mz3ee)11.jpg;https://ei.phncdn.com/videos/202607/27/56877905/original/(m=eaf8GgaaaWavb)(mh=uSrfeaehe98mz3ee)12.jpg;https://ei.phncdn.com/videos/202607/27/56877905/original/(m=eaf8GgaaaWavb)(mh=uSrfeaehe98mz3ee)13.jpg;https://ei.phncdn.com/videos/202607/27/56877905/original/(m=eaf8GgaaaWavb)(mh=uSrfeaehe98mz3ee)14.jpg;https://ei.phncdn.com/videos/202607/27/56877905/original/(m=eaf8GgaaaWavb)(mh=uSrfeaehe98mz3ee)15.jpg;https://ei.phncdn.com/videos/202607/27/56877905/original/(m=eaf8GgaaaWavb)(mh=uSrfeaehe98mz3ee)16.jpg|You gonna spank this ass hard? 😳|sexy;lingerie;amateur;skinny;cheating;perfect-body;new;tiktok|Casting;Verified Amateurs;Solo Female;Tattooed Women||12|8|2|0|https://ei.phncdn.com/videos/202607/27/56877905/original/(m=eaAaGwObaaamqv)(mh=8HcMsB4ApipcHIe3)12.jpg|https://ei.phncdn.com/videos/202607/27/56877905/original/(m=eaAaGwObaaamqv)(mh=8HcMsB4ApipcHIe3)1.jpg;https://ei.phncdn.com/videos/202607/27/56877905/original/(m=eaAaGwObaaamqv)(mh=8HcMsB4ApipcHIe3)2.jpg;https://ei.phncdn.com/videos/202607/27/56877905/original/(m=eaAaGwObaaamqv)(mh=8HcMsB4ApipcHIe3)3.jpg;https://ei.phncdn.com/videos/202607/27/56877905/original/(m=eaAaGwObaaamqv)(mh=8HcMsB4ApipcHIe3)4.jpg;https://ei.phncdn.com/videos/202607/27/56877905/original/(m=eaAaGwObaaamqv)(mh=8HcMsB4ApipcHIe3)5.jpg;https://ei.phncdn.com/videos/202607/27/56877905/original/(m=eaAaGwObaaamqv)(mh=8HcMsB4ApipcHIe3)6.jpg;https://ei.phncdn.com/videos/202607/27/56877905/original/(m=eaAaGwObaaamqv)(mh=8HcMsB4ApipcHIe3)7.jpg;https://ei.phncdn.com/videos/202607/27/56877905/original/(m=eaAaGwObaaamqv)(mh=8HcMsB4ApipcHIe3)8.jpg;https://ei.phncdn.com/videos/202607/27/56877905/original/(m=eaAaGwObaaamqv)(mh=8HcMsB4ApipcHIe3)9.jpg;https://ei.phncdn.com/videos/202607/27/56877905/original/(m=eaAaGwObaaamqv)(mh=8HcMsB4ApipcHIe3)10.jpg;https://ei.phncdn.com/videos/202607/27/56877905/original/(m=eaAaGwObaaamqv)(mh=8HcMsB4ApipcHIe3)11.jpg;https://ei.phncdn.com/videos/202607/27/56877905/original/(m=eaAaGwObaaamqv)(mh=8HcMsB4ApipcHIe3)12.jpg;https://ei.phncdn.com/videos/202607/27/56877905/original/(m=eaAaGwObaaamqv)(mh=8HcMsB4ApipcHIe3)13.jpg;https://ei.phncdn.com/videos/202607/27/56877905/original/(m=eaAaGwObaaamqv)(mh=8HcMsB4ApipcHIe3)14.jpg;https://ei.phncdn.com/videos/202607/27/56877905/original/(m=eaAaGwObaaamqv)(mh=8HcMsB4ApipcHIe3)15.jpg;https://ei.phncdn.com/videos/202607/27/56877905/original/(m=eaAaGwObaaamqv)(mh=8HcMsB4ApipcHIe3)16.jpg
<iframe src="https://www.pornhub.com/embed/6a670c37c4173" frameborder="0" height="481" width="608" scrolling="no"></iframe>|https://ei.phncdn.com/videos/202607/27/56889415/original/(m=eaf8GgaaaWavb)(mh=lWa9VjPaiBXHXPIQ)12.jpg|https://ei.phncdn.com/videos/202607/27/56889415/original/(m=eaf8GgaaaWavb)(mh=lWa9VjPaiBXHXPIQ)1.jpg;https://ei.phncdn.com/videos/202607/27/56889415/original/(m=eaf8GgaaaWavb)(mh=lWa9VjPaiBXHXPIQ)2.jpg;https://ei.phncdn.com/videos/202607/27/56889415/original/(m=eaf8GgaaaWavb)(mh=lWa9VjPaiBXHXPIQ)3.jpg;https://ei.phncdn.com/videos/202607/27/56889415/original/(m=eaf8GgaaaWavb)(mh=lWa9VjPaiBXHXPIQ)4.jpg;https://ei.phncdn.com/videos/202607/27/56889415/original/(m=eaf8GgaaaWavb)(mh=lWa9VjPaiBXHXPIQ)5.jpg;https://ei.phncdn.com/videos/202607/27/56889415/original/(m=eaf8GgaaaWavb)(mh=lWa9VjPaiBXHXPIQ)6.jpg;https://ei.phncdn.com/videos/202607/27/56889415/original/(m=eaf8GgaaaWavb)(mh=lWa9VjPaiBXHXPIQ)7.jpg;https://ei.phncdn.com/videos/202607/27/56889415/original/(m=eaf8GgaaaWavb)(mh=lWa9VjPaiBXHXPIQ)8.jpg;https://ei.phncdn.com/videos/202607/27/56889415/original/(m=eaf8GgaaaWavb)(mh=lWa9VjPaiBXHXPIQ)9.jpg;https://ei.phncdn.com/videos/202607/27/56889415/original/(m=eaf8GgaaaWavb)(mh=lWa9VjPaiBXHXPIQ)10.jpg;https://ei.phncdn.com/videos/202607/27/56889415/original/(m=eaf8GgaaaWavb)(mh=lWa9VjPaiBXHXPIQ)11.jpg;https://ei.phncdn.com/videos/202607/27/56889415/original/(m=eaf8GgaaaWavb)(mh=lWa9VjPaiBXHXPIQ)12.jpg;https://ei.phncdn.com/videos/202607/27/56889415/original/(m=eaf8GgaaaWavb)(mh=lWa9VjPaiBXHXPIQ)13.jpg;https://ei.phncdn.com/videos/202607/27/56889415/original/(m=eaf8GgaaaWavb)(mh=lWa9VjPaiBXHXPIQ)14.jpg;https://ei.phncdn.com/videos/202607/27/56889415/original/(m=eaf8GgaaaWavb)(mh=lWa9VjPaiBXHXPIQ)15.jpg;https://ei.phncdn.com/videos/202607/27/56889415/original/(m=eaf8GgaaaWavb)(mh=lWa9VjPaiBXHXPIQ)16.jpg|Tattooed ass flexing in sheer white thong 🔥|popular;cosplay;amateur;busty;new;joi|Casting;Czech;Verified Amateurs;Solo Female;Romantic||10|9|||https://ei.phncdn.com/videos/202607/27/56889415/original/(m=eaAaGwObaaamqv)(mh=g4AJFdg3QUzzvypw)12.jpg|https://ei.phncdn.com/videos/202607/27/56889415/original/(m=eaAaGwObaaamqv)(mh=g4AJFdg3QUzzvypw)1.jpg;https://ei.phncdn.com/videos/202607/27/56889415/original/(m=eaAaGwObaaamqv)(mh=g4AJFdg3QUzzvypw)2.jpg;https://ei.phncdn.com/videos/202607/27/56889415/original/(m=eaAaGwObaaamqv)(mh=g4AJFdg3QUzzvypw)3.jpg;https://ei.phncdn.com/videos/202607/27/56889415/original/(m=eaAaGwObaaamqv)(mh=g4AJFdg3QUzzvypw)4.jpg;https://ei.phncdn.com/videos/202607/27/56889415/original/(m=eaAaGwObaaamqv)(mh=g4AJFdg3QUzzvypw)5.jpg;https://ei.phncdn.com/videos/202607/27/56889415/original/(m=eaAaGwObaaamqv)(mh=g4AJFdg3QUzzvypw)6.jpg;https://ei.phncdn.com/videos/202607/27/56889415/original/(m=eaAaGwObaaamqv)(mh=g4AJFdg3QUzzvypw)7.jpg;https://ei.phncdn.com/videos/202607/27/56889415/original/(m=eaAaGwObaaamqv)(mh=g4AJFdg3QUzzvypw)8.jpg;https://ei.phncdn.com/videos/202607/27/56889415/original/(m=eaAaGwObaaamqv)(mh=g4AJFdg3QUzzvypw)9.jpg;https://ei.phncdn.com/videos/202607/27/56889415/original/(m=eaAaGwObaaamqv)(mh=g4AJFdg3QUzzvypw)10.jpg;https://ei.phncdn.com/videos/202607/27/56889415/original/(m=eaAaGwObaaamqv)(mh=g4AJFdg3QUzzvypw)11.jpg;https://ei.phncdn.com/videos/202607/27/56889415/original/(m=eaAaGwObaaamqv)(mh=g4AJFdg3QUzzvypw)12.jpg;https://ei.phncdn.com/videos/202607/27/56889415/original/(m=eaAaGwObaaamqv)(mh=g4AJFdg3QUzzvypw)13.jpg;https://ei.phncdn.com/videos/202607/27/56889415/original/(m=eaAaGwObaaamqv)(mh=g4AJFdg3QUzzvypw)14.jpg;https://ei.phncdn.com/videos/202607/27/56889415/original/(m=eaAaGwObaaamqv)(mh=g4AJFdg3QUzzvypw)15.jpg;https://ei.phncdn.com/videos/202607/27/56889415/original/(m=eaAaGwObaaamqv)(mh=g4AJFdg3QUzzvypw)16.jpg
<iframe src="https://www.pornhub.com/embed/6a6744a9b5274" frameborder="0" height="481" width="608" scrolling="no"></iframe>|https://ei.phncdn.com/videos/202607/27/56905575/original/(m=eaf8GgaaaWavb)(mh=hApstpsPOt8duO8z)12.jpg|https://ei.phncdn.com/videos/202607/27/56905575/original/(m=eaf8GgaaaWavb)(mh=hApstpsPOt8duO8z)1.jpg;https://ei.phncdn.com/videos/202607/27/56905575/original/(m=eaf8GgaaaWavb)(mh=hApstpsPOt8duO8z)2.jpg;https://ei.phncdn.com/videos/202607/27/56905575/original/(m=eaf8GgaaaWavb)(mh=hApstpsPOt8duO8z)3.jpg;https://ei.phncdn.com/videos/202607/27/56905575/original/(m=eaf8GgaaaWavb)(mh=hApstpsPOt8duO8z)4.jpg;https://ei.phncdn.com/videos/202607/27/56905575/original/(m=eaf8GgaaaWavb)(mh=hApstpsPOt8duO8z)5.jpg;https://ei.phncdn.com/videos/202607/27/56905575/original/(m=eaf8GgaaaWavb)(mh=hApstpsPOt8duO8z)6.jpg;https://ei.phncdn.com/videos/202607/27/56905575/original/(m=eaf8GgaaaWavb)(mh=hApstpsPOt8duO8z)7.jpg;https://ei.phncdn.com/videos/202607/27/56905575/original/(m=eaf8GgaaaWavb)(mh=hApstpsPOt8duO8z)8.jpg;https://ei.phncdn.com/videos/202607/27/56905575/original/(m=eaf8GgaaaWavb)(mh=hApstpsPOt8duO8z)9.jpg;https://ei.phncdn.com/videos/202607/27/56905575/original/(m=eaf8GgaaaWavb)(mh=hApstpsPOt8duO8z)10.jpg;https://ei.phncdn.com/videos/202607/27/56905575/original/(m=eaf8GgaaaWavb)(mh=hApstpsPOt8duO8z)11.jpg;https://ei.phncdn.com/videos/202607/27/56905575/original/(m=eaf8GgaaaWavb)(mh=hApstpsPOt8duO8z)12.jpg;https://ei.phncdn.com/videos/202607/27/56905575/original/(m=eaf8GgaaaWavb)(mh=hApstpsPOt8duO8z)13.jpg;https://ei.phncdn.com/videos/202607/27/56905575/original/(m=eaf8GgaaaWavb)(mh=hApstpsPOt8duO8z)14.jpg;https://ei.phncdn.com/videos/202607/27/56905575/original/(m=eaf8GgaaaWavb)(mh=hApstpsPOt8duO8z)15.jpg;https://ei.phncdn.com/videos/202607/27/56905575/original/(m=eaf8GgaaaWavb)(mh=hApstpsPOt8duO8z)16.jpg|Grab my tits and fuck me hard|lingerie;joi;college;tiktok|Casting;Russian;Verified Amateurs;Solo Female||12|138|2|0|https://ei.phncdn.com/videos/202607/27/56905575/original/(m=eaAaGwObaaamqv)(mh=XiQSYX1fF72KCGkN)12.jpg|https://ei.phncdn.com/videos/202607/27/56905575/original/(m=eaAaGwObaaamqv)(mh=XiQSYX1fF72KCGkN)1.jpg;https://ei.phncdn.com/videos/202607/27/56905575/original/(m=eaAaGwObaaamqv)(mh=XiQSYX1fF72KCGkN)2.jpg;https://ei.phncdn.com/videos/202607/27/56905575/original/(m=eaAaGwObaaamqv)(mh=XiQSYX1fF72KCGkN)3.jpg;https://ei.phncdn.com/videos/202607/27/56905575/original/(m=eaAaGwObaaamqv)(mh=XiQSYX1fF72KCGkN)4.jpg;https://ei.phncdn.com/videos/202607/27/56905575/original/(m=eaAaGwObaaamqv)(mh=XiQSYX1fF72KCGkN)5.jpg;https://ei.phncdn.com/videos/202607/27/56905575/original/(m=eaAaGwObaaamqv)(mh=XiQSYX1fF72KCGkN)6.jpg;https://ei.phncdn.com/videos/202607/27/56905575/original/(m=eaAaGwObaaamqv)(mh=XiQSYX1fF72KCGkN)7.jpg;https://ei.phncdn.com/videos/202607/27/56905575/original/(m=eaAaGwObaaamqv)(mh=XiQSYX1fF72KCGkN)8.jpg;https://ei.phncdn.com/videos/202607/27/56905575/original/(m=eaAaGwObaaamqv)(mh=XiQSYX1fF72KCGkN)9.jpg;https://ei.phncdn.com/videos/202607/27/56905575/original/(m=eaAaGwObaaamqv)(mh=XiQSYX1fF72KCGkN)10.jpg;https://ei.phncdn.com/videos/202607/27/56905575/original/(m=eaAaGwObaaamqv)(mh=XiQSYX1fF72KCGkN)11.jpg;https://ei.phncdn.com/videos/202607/27/56905575/original/(m=eaAaGwObaaamqv)(mh=XiQSYX1fF72KCGkN)12.jpg;https://ei.phncdn.com/videos/202607/27/56905575/original/(m=eaAaGwObaaamqv)(mh=XiQSYX1fF72KCGkN)13.jpg;https://ei.phncdn.com/videos/202607/27/56905575/original/(m=eaAaGwObaaamqv)(mh=XiQSYX1fF72KCGkN)14.jpg;https://ei.phncdn.com/videos/202607/27/56905575/original/(m=eaAaGwObaaamqv)(mh=XiQSYX1fF72KCGkN)15.jpg;https://ei.phncdn.com/videos/202607/27/56905575/original/(m=eaAaGwObaaamqv)(mh=XiQSYX1fF72KCGkN)16.jpg
<iframe src="https://www.pornhub.com/embed/6a683741cded3" frameborder="0" height="481" width="608" scrolling="no"></iframe>|https://ei.phncdn.com/videos/202607/28/56981445/original/(m=eaf8GgaaaWavb)(mh=vtCEQ3-1wgTr7Nc4)12.jpg|https://ei.phncdn.com/videos/202607/28/56981445/original/(m=eaf8GgaaaWavb)(mh=vtCEQ3-1wgTr7Nc4)1.jpg;https://ei.phncdn.com/videos/202607/28/56981445/original/(m=eaf8GgaaaWavb)(mh=vtCEQ3-1wgTr7Nc4)2.jpg;https://ei.phncdn.com/videos/202607/28/56981445/original/(m=eaf8GgaaaWavb)(mh=vtCEQ3-1wgTr7Nc4)3.jpg;https://ei.phncdn.com/videos/202607/28/56981445/original/(m=eaf8GgaaaWavb)(mh=vtCEQ3-1wgTr7Nc4)4.jpg;https://ei.phncdn.com/videos/202607/28/56981445/original/(m=eaf8GgaaaWavb)(mh=vtCEQ3-1wgTr7Nc4)5.jpg;https://ei.phncdn.com/videos/202607/28/56981445/original/(m=eaf8GgaaaWavb)(mh=vtCEQ3-1wgTr7Nc4)6.jpg;https://ei.phncdn.com/videos/202607/28/56981445/original/(m=eaf8GgaaaWavb)(mh=vtCEQ3-1wgTr7Nc4)7.jpg;https://ei.phncdn.com/videos/202607/28/56981445/original/(m=eaf8GgaaaWavb)(mh=vtCEQ3-1wgTr7Nc4)8.jpg;https://ei.phncdn.com/videos/202607/28/56981445/original/(m=eaf8GgaaaWavb)(mh=vtCEQ3-1wgTr7Nc4)9.jpg;https://ei.phncdn.com/videos/202607/28/56981445/original/(m=eaf8GgaaaWavb)(mh=vtCEQ3-1wgTr7Nc4)10.jpg;https://ei.phncdn.com/videos/202607/28/56981445/original/(m=eaf8GgaaaWavb)(mh=vtCEQ3-1wgTr7Nc4)11.jpg;https://ei.phncdn.com/videos/202607/28/56981445/original/(m=eaf8GgaaaWavb)(mh=vtCEQ3-1wgTr7Nc4)12.jpg;https://ei.phncdn.com/videos/202607/28/56981445/original/(m=eaf8GgaaaWavb)(mh=vtCEQ3-1wgTr7Nc4)13.jpg;https://ei.phncdn.com/videos/202607/28/56981445/original/(m=eaf8GgaaaWavb)(mh=vtCEQ3-1wgTr7Nc4)14.jpg;https://ei.phncdn.com/videos/202607/28/56981445/original/(m=eaf8GgaaaWavb)(mh=vtCEQ3-1wgTr7Nc4)15.jpg;https://ei.phncdn.com/videos/202607/28/56981445/original/(m=eaf8GgaaaWavb)(mh=vtCEQ3-1wgTr7Nc4)16.jpg|Tattooed thighs spread wide on the bed|sexy;college;dildo;cosplay|Casting;Verified Amateurs;Solo Female;Gaming||9|6|||https://ei.phncdn.com/videos/202607/28/56981445/original/(m=eaAaGwObaaamqv)(mh=wdMjnvtRAGULrLb_)12.jpg|https://ei.phncdn.com/videos/202607/28/56981445/original/(m=eaAaGwObaaamqv)(mh=wdMjnvtRAGULrLb_)1.jpg;https://ei.phncdn.com/videos/202607/28/56981445/original/(m=eaAaGwObaaamqv)(mh=wdMjnvtRAGULrLb_)2.jpg;https://ei.phncdn.com/videos/202607/28/56981445/original/(m=eaAaGwObaaamqv)(mh=wdMjnvtRAGULrLb_)3.jpg;https://ei.phncdn.com/videos/202607/28/56981445/original/(m=eaAaGwObaaamqv)(mh=wdMjnvtRAGULrLb_)4.jpg;https://ei.phncdn.com/videos/202607/28/56981445/original/(m=eaAaGwObaaamqv)(mh=wdMjnvtRAGULrLb_)5.jpg;https://ei.phncdn.com/videos/202607/28/56981445/original/(m=eaAaGwObaaamqv)(mh=wdMjnvtRAGULrLb_)6.jpg;https://ei.phncdn.com/videos/202607/28/56981445/original/(m=eaAaGwObaaamqv)(mh=wdMjnvtRAGULrLb_)7.jpg;https://ei.phncdn.com/videos/202607/28/56981445/original/(m=eaAaGwObaaamqv)(mh=wdMjnvtRAGULrLb_)8.jpg;https://ei.phncdn.com/videos/202607/28/56981445/original/(m=eaAaGwObaaamqv)(mh=wdMjnvtRAGULrLb_)9.jpg;https://ei.phncdn.com/videos/202607/28/56981445/original/(m=eaAaGwObaaamqv)(mh=wdMjnvtRAGULrLb_)10.jpg;https://ei.phncdn.com/videos/202607/28/56981445/original/(m=eaAaGwObaaamqv)(mh=wdMjnvtRAGULrLb_)11.jpg;https://ei.phncdn.com/videos/202607/28/56981445/original/(m=eaAaGwObaaamqv)(mh=wdMjnvtRAGULrLb_)12.jpg;https://ei.phncdn.com/videos/202607/28/56981445/original/(m=eaAaGwObaaamqv)(mh=wdMjnvtRAGULrLb_)13.jpg;https://ei.phncdn.com/videos/202607/28/56981445/original/(m=eaAaGwObaaamqv)(mh=wdMjnvtRAGULrLb_)14.jpg;https://ei.phncdn.com/videos/202607/28/56981445/original/(m=eaAaGwObaaamqv)(mh=wdMjnvtRAGULrLb_)15.jpg;https://ei.phncdn.com/videos/202607/28/56981445/original/(m=eaAaGwObaaamqv)(mh=wdMjnvtRAGULrLb_)16.jpg
<iframe src="https://www.pornhub.com/embed/6a6872808a131" frameborder="0" height="481" width="608" scrolling="no"></iframe>|https://ei.phncdn.com/videos/202607/28/56998825/original/(m=eaf8GgaaaWavb)(mh=N7r9m0shbVzK6e4f)12.jpg|https://ei.phncdn.com/videos/202607/28/56998825/original/(m=eaf8GgaaaWavb)(mh=N7r9m0shbVzK6e4f)1.jpg;https://ei.phncdn.com/videos/202607/28/56998825/original/(m=eaf8GgaaaWavb)(mh=N7r9m0shbVzK6e4f)2.jpg;https://ei.phncdn.com/videos/202607/28/56998825/original/(m=eaf8GgaaaWavb)(mh=N7r9m0shbVzK6e4f)3.jpg;https://ei.phncdn.com/videos/202607/28/56998825/original/(m=eaf8GgaaaWavb)(mh=N7r9m0shbVzK6e4f)4.jpg;https://ei.phncdn.com/videos/202607/28/56998825/original/(m=eaf8GgaaaWavb)(mh=N7r9m0shbVzK6e4f)5.jpg;https://ei.phncdn.com/videos/202607/28/56998825/original/(m=eaf8GgaaaWavb)(mh=N7r9m0shbVzK6e4f)6.jpg;https://ei.phncdn.com/videos/202607/28/56998825/original/(m=eaf8GgaaaWavb)(mh=N7r9m0shbVzK6e4f)7.jpg;https://ei.phncdn.com/videos/202607/28/56998825/original/(m=eaf8GgaaaWavb)(mh=N7r9m0shbVzK6e4f)8.jpg;https://ei.phncdn.com/videos/202607/28/56998825/original/(m=eaf8GgaaaWavb)(mh=N7r9m0shbVzK6e4f)9.jpg;https://ei.phncdn.com/videos/202607/28/56998825/original/(m=eaf8GgaaaWavb)(mh=N7r9m0shbVzK6e4f)10.jpg;https://ei.phncdn.com/videos/202607/28/56998825/original/(m=eaf8GgaaaWavb)(mh=N7r9m0shbVzK6e4f)11.jpg;https://ei.phncdn.com/videos/202607/28/56998825/original/(m=eaf8GgaaaWavb)(mh=N7r9m0shbVzK6e4f)12.jpg;https://ei.phncdn.com/videos/202607/28/56998825/original/(m=eaf8GgaaaWavb)(mh=N7r9m0shbVzK6e4f)13.jpg;https://ei.phncdn.com/videos/202607/28/56998825/original/(m=eaf8GgaaaWavb)(mh=N7r9m0shbVzK6e4f)14.jpg;https://ei.phncdn.com/videos/202607/28/56998825/original/(m=eaf8GgaaaWavb)(mh=N7r9m0shbVzK6e4f)15.jpg;https://ei.phncdn.com/videos/202607/28/56998825/original/(m=eaf8GgaaaWavb)(mh=N7r9m0shbVzK6e4f)16.jpg|Think you can handle my wet pussy? 🖤|lingerie;closeup;stockings|Casting;Verified Amateurs;Solo Female;Female Orgasm||12|10|||https://ei.phncdn.com/videos/202607/28/56998825/original/(m=eaAaGwObaaamqv)(mh=zDoT-VbX2dQ0DnQO)12.jpg|https://ei.phncdn.com/videos/202607/28/56998825/original/(m=eaAaGwObaaamqv)(mh=zDoT-VbX2dQ0DnQO)1.jpg;https://ei.phncdn.com/videos/202607/28/56998825/original/(m=eaAaGwObaaamqv)(mh=zDoT-VbX2dQ0DnQO)2.jpg;https://ei.phncdn.com/videos/202607/28/56998825/original/(m=eaAaGwObaaamqv)(mh=zDoT-VbX2dQ0DnQO)3.jpg;https://ei.phncdn.com/videos/202607/28/56998825/original/(m=eaAaGwObaaamqv)(mh=zDoT-VbX2dQ0DnQO)4.jpg;https://ei.phncdn.com/videos/202607/28/56998825/original/(m=eaAaGwObaaamqv)(mh=zDoT-VbX2dQ0DnQO)5.jpg;https://ei.phncdn.com/videos/202607/28/56998825/original/(m=eaAaGwObaaamqv)(mh=zDoT-VbX2dQ0DnQO)6.jpg;https://ei.phncdn.com/videos/202607/28/56998825/original/(m=eaAaGwObaaamqv)(mh=zDoT-VbX2dQ0DnQO)7.jpg;https://ei.phncdn.com/videos/202607/28/56998825/original/(m=eaAaGwObaaamqv)(mh=zDoT-VbX2dQ0DnQO)8.jpg;https://ei.phncdn.com/videos/202607/28/56998825/original/(m=eaAaGwObaaamqv)(mh=zDoT-VbX2dQ0DnQO)9.jpg;https://ei.phncdn.com/videos/202607/28/56998825/original/(m=eaAaGwObaaamqv)(mh=zDoT-VbX2dQ0DnQO)10.jpg;https://ei.phncdn.com/videos/202607/28/56998825/original/(m=eaAaGwObaaamqv)(mh=zDoT-VbX2dQ0DnQO)11.jpg;https://ei.phncdn.com/videos/202607/28/56998825/original/(m=eaAaGwObaaamqv)(mh=zDoT-VbX2dQ0DnQO)12.jpg;https://ei.phncdn.com/videos/202607/28/56998825/original/(m=eaAaGwObaaamqv)(mh=zDoT-VbX2dQ0DnQO)13.jpg;https://ei.phncdn.com/videos/202607/28/56998825/original/(m=eaAaGwObaaamqv)(mh=zDoT-VbX2dQ0DnQO)14.jpg;https://ei.phncdn.com/videos/202607/28/56998825/original/(m=eaAaGwObaaamqv)(mh=zDoT-VbX2dQ0DnQO)15.jpg;https://ei.phncdn.com/videos/202607/28/56998825/original/(m=eaAaGwObaaamqv)(mh=zDoT-VbX2dQ0DnQO)16.jpg
<iframe src="https://www.pornhub.com/embed/6a6898f4bd604" frameborder="0" height="481" width="608" scrolling="no"></iframe>|https://ei.phncdn.com/videos/202607/28/57012035/original/(m=eaf8GgaaaWavb)(mh=dBbLT9uR03K4bQsT)12.jpg|https://ei.phncdn.com/videos/202607/28/57012035/original/(m=eaf8GgaaaWavb)(mh=dBbLT9uR03K4bQsT)1.jpg;https://ei.phncdn.com/videos/202607/28/57012035/original/(m=eaf8GgaaaWavb)(mh=dBbLT9uR03K4bQsT)2.jpg;https://ei.phncdn.com/videos/202607/28/57012035/original/(m=eaf8GgaaaWavb)(mh=dBbLT9uR03K4bQsT)3.jpg;https://ei.phncdn.com/videos/202607/28/57012035/original/(m=eaf8GgaaaWavb)(mh=dBbLT9uR03K4bQsT)4.jpg;https://ei.phncdn.com/videos/202607/28/57012035/original/(m=eaf8GgaaaWavb)(mh=dBbLT9uR03K4bQsT)5.jpg;https://ei.phncdn.com/videos/202607/28/57012035/original/(m=eaf8GgaaaWavb)(mh=dBbLT9uR03K4bQsT)6.jpg;https://ei.phncdn.com/videos/202607/28/57012035/original/(m=eaf8GgaaaWavb)(mh=dBbLT9uR03K4bQsT)7.jpg;https://ei.phncdn.com/videos/202607/28/57012035/original/(m=eaf8GgaaaWavb)(mh=dBbLT9uR03K4bQsT)8.jpg;https://ei.phncdn.com/videos/202607/28/57012035/original/(m=eaf8GgaaaWavb)(mh=dBbLT9uR03K4bQsT)9.jpg;https://ei.phncdn.com/videos/202607/28/57012035/original/(m=eaf8GgaaaWavb)(mh=dBbLT9uR03K4bQsT)10.jpg;https://ei.phncdn.com/videos/202607/28/57012035/original/(m=eaf8GgaaaWavb)(mh=dBbLT9uR03K4bQsT)11.jpg;https://ei.phncdn.com/videos/202607/28/57012035/original/(m=eaf8GgaaaWavb)(mh=dBbLT9uR03K4bQsT)12.jpg;https://ei.phncdn.com/videos/202607/28/57012035/original/(m=eaf8GgaaaWavb)(mh=dBbLT9uR03K4bQsT)13.jpg;https://ei.phncdn.com/videos/202607/28/57012035/original/(m=eaf8GgaaaWavb)(mh=dBbLT9uR03K4bQsT)14.jpg;https://ei.phncdn.com/videos/202607/28/57012035/original/(m=eaf8GgaaaWavb)(mh=dBbLT9uR03K4bQsT)15.jpg;https://ei.phncdn.com/videos/202607/28/57012035/original/(m=eaf8GgaaaWavb)(mh=dBbLT9uR03K4bQsT)16.jpg|Big tits jiggle as she rubs herself 😳|solo-female;tiktok;student;cheating;tattoo;stockings;schoolgirl|Casting;Czech;Exclusive;Verified Amateurs;Cosplay;Solo Female||12|19|||https://ei.phncdn.com/videos/202607/28/57012035/original/(m=eaAaGwObaaamqv)(mh=Jap3JF8I3fsinmst)12.jpg|https://ei.phncdn.com/videos/202607/28/57012035/original/(m=eaAaGwObaaamqv)(mh=Jap3JF8I3fsinmst)1.jpg;https://ei.phncdn.com/videos/202607/28/57012035/original/(m=eaAaGwObaaamqv)(mh=Jap3JF8I3fsinmst)2.jpg;https://ei.phncdn.com/videos/202607/28/57012035/original/(m=eaAaGwObaaamqv)(mh=Jap3JF8I3fsinmst)3.jpg;https://ei.phncdn.com/videos/202607/28/57012035/original/(m=eaAaGwObaaamqv)(mh=Jap3JF8I3fsinmst)4.jpg;https://ei.phncdn.com/videos/202607/28/57012035/original/(m=eaAaGwObaaamqv)(mh=Jap3JF8I3fsinmst)5.jpg;https://ei.phncdn.com/videos/202607/28/57012035/original/(m=eaAaGwObaaamqv)(mh=Jap3JF8I3fsinmst)6.jpg;https://ei.phncdn.com/videos/202607/28/57012035/original/(m=eaAaGwObaaamqv)(mh=Jap3JF8I3fsinmst)7.jpg;https://ei.phncdn.com/videos/202607/28/57012035/original/(m=eaAaGwObaaamqv)(mh=Jap3JF8I3fsinmst)8.jpg;https://ei.phncdn.com/videos/202607/28/57012035/original/(m=eaAaGwObaaamqv)(mh=Jap3JF8I3fsinmst)9.jpg;https://ei.phncdn.com/videos/202607/28/57012035/original/(m=eaAaGwObaaamqv)(mh=Jap3JF8I3fsinmst)10.jpg;https://ei.phncdn.com/videos/202607/28/57012035/original/(m=eaAaGwObaaamqv)(mh=Jap3JF8I3fsinmst)11.jpg;https://ei.phncdn.com/videos/202607/28/57012035/original/(m=eaAaGwObaaamqv)(mh=Jap3JF8I3fsinmst)12.jpg;https://ei.phncdn.com/videos/202607/28/57012035/original/(m=eaAaGwObaaamqv)(mh=Jap3JF8I3fsinmst)13.jpg;https://ei.phncdn.com/videos/202607/28/57012035/original/(m=eaAaGwObaaamqv)(mh=Jap3JF8I3fsinmst)14.jpg;https://ei.phncdn.com/videos/202607/28/57012035/original/(m=eaAaGwObaaamqv)(mh=Jap3JF8I3fsinmst)15.jpg;https://ei.phncdn.com/videos/202607/28/57012035/original/(m=eaAaGwObaaamqv)(mh=Jap3JF8I3fsinmst)16.jpg
<iframe src="https://www.pornhub.com/embed/6a68da5095564" frameborder="0" height="481" width="608" scrolling="no"></iframe>|https://ei.phncdn.com/videos/202607/28/57032355/original/(m=eaf8GgaaaWavb)(mh=ShFuO41Gn1ga4uV-)12.jpg|https://ei.phncdn.com/videos/202607/28/57032355/original/(m=eaf8GgaaaWavb)(mh=ShFuO41Gn1ga4uV-)1.jpg;https://ei.phncdn.com/videos/202607/28/57032355/original/(m=eaf8GgaaaWavb)(mh=ShFuO41Gn1ga4uV-)2.jpg;https://ei.phncdn.com/videos/202607/28/57032355/original/(m=eaf8GgaaaWavb)(mh=ShFuO41Gn1ga4uV-)3.jpg;https://ei.phncdn.com/videos/202607/28/57032355/original/(m=eaf8GgaaaWavb)(mh=ShFuO41Gn1ga4uV-)4.jpg;https://ei.phncdn.com/videos/202607/28/57032355/original/(m=eaf8GgaaaWavb)(mh=ShFuO41Gn1ga4uV-)5.jpg;https://ei.phncdn.com/videos/202607/28/57032355/original/(m=eaf8GgaaaWavb)(mh=ShFuO41Gn1ga4uV-)6.jpg;https://ei.phncdn.com/videos/202607/28/57032355/original/(m=eaf8GgaaaWavb)(mh=ShFuO41Gn1ga4uV-)7.jpg;https://ei.phncdn.com/videos/202607/28/57032355/original/(m=eaf8GgaaaWavb)(mh=ShFuO41Gn1ga4uV-)8.jpg;https://ei.phncdn.com/videos/202607/28/57032355/original/(m=eaf8GgaaaWavb)(mh=ShFuO41Gn1ga4uV-)9.jpg;https://ei.phncdn.com/videos/202607/28/57032355/original/(m=eaf8GgaaaWavb)(mh=ShFuO41Gn1ga4uV-)10.jpg;https://ei.phncdn.com/videos/202607/28/57032355/original/(m=eaf8GgaaaWavb)(mh=ShFuO41Gn1ga4uV-)11.jpg;https://ei.phncdn.com/videos/202607/28/57032355/original/(m=eaf8GgaaaWavb)(mh=ShFuO41Gn1ga4uV-)12.jpg;https://ei.phncdn.com/videos/202607/28/57032355/original/(m=eaf8GgaaaWavb)(mh=ShFuO41Gn1ga4uV-)13.jpg;https://ei.phncdn.com/videos/202607/28/57032355/original/(m=eaf8GgaaaWavb)(mh=ShFuO41Gn1ga4uV-)14.jpg;https://ei.phncdn.com/videos/202607/28/57032355/original/(m=eaf8GgaaaWavb)(mh=ShFuO41Gn1ga4uV-)15.jpg;https://ei.phncdn.com/videos/202607/28/57032355/original/(m=eaf8GgaaaWavb)(mh=ShFuO41Gn1ga4uV-)16.jpg|Im wet and ready for your cock 🤫|amateur;student;natural-tits;fat;onlyfans;solo-female;lingerie;bbw|Casting;Verified Amateurs;Solo Female;Tattooed Women||8|6|||https://ei.phncdn.com/videos/202607/28/57032355/original/(m=eaAaGwObaaamqv)(mh=X5-UPHolO9lB4kSL)12.jpg|https://ei.phncdn.com/videos/202607/28/57032355/original/(m=eaAaGwObaaamqv)(mh=X5-UPHolO9lB4kSL)1.jpg;https://ei.phncdn.com/videos/202607/28/57032355/original/(m=eaAaGwObaaamqv)(mh=X5-UPHolO9lB4kSL)2.jpg;https://ei.phncdn.com/videos/202607/28/57032355/original/(m=eaAaGwObaaamqv)(mh=X5-UPHolO9lB4kSL)3.jpg;https://ei.phncdn.com/videos/202607/28/57032355/original/(m=eaAaGwObaaamqv)(mh=X5-UPHolO9lB4kSL)4.jpg;https://ei.phncdn.com/videos/202607/28/57032355/original/(m=eaAaGwObaaamqv)(mh=X5-UPHolO9lB4kSL)5.jpg;https://ei.phncdn.com/videos/202607/28/57032355/original/(m=eaAaGwObaaamqv)(mh=X5-UPHolO9lB4kSL)6.jpg;https://ei.phncdn.com/videos/202607/28/57032355/original/(m=eaAaGwObaaamqv)(mh=X5-UPHolO9lB4kSL)7.jpg;https://ei.phncdn.com/videos/202607/28/57032355/original/(m=eaAaGwObaaamqv)(mh=X5-UPHolO9lB4kSL)8.jpg;https://ei.phncdn.com/videos/202607/28/57032355/original/(m=eaAaGwObaaamqv)(mh=X5-UPHolO9lB4kSL)9.jpg;https://ei.phncdn.com/videos/202607/28/57032355/original/(m=eaAaGwObaaamqv)(mh=X5-UPHolO9lB4kSL)10.jpg;https://ei.phncdn.com/videos/202607/28/57032355/original/(m=eaAaGwObaaamqv)(mh=X5-UPHolO9lB4kSL)11.jpg;https://ei.phncdn.com/videos/202607/28/57032355/original/(m=eaAaGwObaaamqv)(mh=X5-UPHolO9lB4kSL)12.jpg;https://ei.phncdn.com/videos/202607/28/57032355/original/(m=eaAaGwObaaamqv)(mh=X5-UPHolO9lB4kSL)13.jpg;https://ei.phncdn.com/videos/202607/28/57032355/original/(m=eaAaGwObaaamqv)(mh=X5-UPHolO9lB4kSL)14.jpg;https://ei.phncdn.com/videos/202607/28/57032355/original/(m=eaAaGwObaaamqv)(mh=X5-UPHolO9lB4kSL)15.jpg;https://ei.phncdn.com/videos/202607/28/57032355/original/(m=eaAaGwObaaamqv)(mh=X5-UPHolO9lB4kSL)16.jpg
<iframe src="https://www.pornhub.com/embed/6a68e6f38c0b2" frameborder="0" height="481" width="608" scrolling="no"></iframe>|https://ei.phncdn.com/videos/202607/28/57036335/original/(m=eaf8GgaaaWavb)(mh=NQb2VWuLY7PP064i)12.jpg|https://ei.phncdn.com/videos/202607/28/57036335/original/(m=eaf8GgaaaWavb)(mh=NQb2VWuLY7PP064i)1.jpg;https://ei.phncdn.com/videos/202607/28/57036335/original/(m=eaf8GgaaaWavb)(mh=NQb2VWuLY7PP064i)2.jpg;https://ei.phncdn.com/videos/202607/28/57036335/original/(m=eaf8GgaaaWavb)(mh=NQb2VWuLY7PP064i)3.jpg;https://ei.phncdn.com/videos/202607/28/57036335/original/(m=eaf8GgaaaWavb)(mh=NQb2VWuLY7PP064i)4.jpg;https://ei.phncdn.com/videos/202607/28/57036335/original/(m=eaf8GgaaaWavb)(mh=NQb2VWuLY7PP064i)5.jpg;https://ei.phncdn.com/videos/202607/28/57036335/original/(m=eaf8GgaaaWavb)(mh=NQb2VWuLY7PP064i)6.jpg;https://ei.phncdn.com/videos/202607/28/57036335/original/(m=eaf8GgaaaWavb)(mh=NQb2VWuLY7PP064i)7.jpg;https://ei.phncdn.com/videos/202607/28/57036335/original/(m=eaf8GgaaaWavb)(mh=NQb2VWuLY7PP064i)8.jpg;https://ei.phncdn.com/videos/202607/28/57036335/original/(m=eaf8GgaaaWavb)(mh=NQb2VWuLY7PP064i)9.jpg;https://ei.phncdn.com/videos/202607/28/57036335/original/(m=eaf8GgaaaWavb)(mh=NQb2VWuLY7PP064i)10.jpg;https://ei.phncdn.com/videos/202607/28/57036335/original/(m=eaf8GgaaaWavb)(mh=NQb2VWuLY7PP064i)11.jpg;https://ei.phncdn.com/videos/202607/28/57036335/original/(m=eaf8GgaaaWavb)(mh=NQb2VWuLY7PP064i)12.jpg;https://ei.phncdn.com/videos/202607/28/57036335/original/(m=eaf8GgaaaWavb)(mh=NQb2VWuLY7PP064i)13.jpg;https://ei.phncdn.com/videos/202607/28/57036335/original/(m=eaf8GgaaaWavb)(mh=NQb2VWuLY7PP064i)14.jpg;https://ei.phncdn.com/videos/202607/28/57036335/original/(m=eaf8GgaaaWavb)(mh=NQb2VWuLY7PP064i)15.jpg;https://ei.phncdn.com/videos/202607/28/57036335/original/(m=eaf8GgaaaWavb)(mh=NQb2VWuLY7PP064i)16.jpg|Big tits bouncing as she unbuttons slowly 🖤|cheating;natural-tits;big-tits;solo-female;cute|Casting;Russian;Exclusive;Verified Amateurs;Solo Female||12|141|4|0|https://ei.phncdn.com/videos/202607/28/57036335/original/(m=eaAaGwObaaamqv)(mh=O2l4v7DAaJamtsX9)12.jpg|https://ei.phncdn.com/videos/202607/28/57036335/original/(m=eaAaGwObaaamqv)(mh=O2l4v7DAaJamtsX9)1.jpg;https://ei.phncdn.com/videos/202607/28/57036335/original/(m=eaAaGwObaaamqv)(mh=O2l4v7DAaJamtsX9)2.jpg;https://ei.phncdn.com/videos/202607/28/57036335/original/(m=eaAaGwObaaamqv)(mh=O2l4v7DAaJamtsX9)3.jpg;https://ei.phncdn.com/videos/202607/28/57036335/original/(m=eaAaGwObaaamqv)(mh=O2l4v7DAaJamtsX9)4.jpg;https://ei.phncdn.com/videos/202607/28/57036335/original/(m=eaAaGwObaaamqv)(mh=O2l4v7DAaJamtsX9)5.jpg;https://ei.phncdn.com/videos/202607/28/57036335/original/(m=eaAaGwObaaamqv)(mh=O2l4v7DAaJamtsX9)6.jpg;https://ei.phncdn.com/videos/202607/28/57036335/original/(m=eaAaGwObaaamqv)(mh=O2l4v7DAaJamtsX9)7.jpg;https://ei.phncdn.com/videos/202607/28/57036335/original/(m=eaAaGwObaaamqv)(mh=O2l4v7DAaJamtsX9)8.jpg;https://ei.phncdn.com/videos/202607/28/57036335/original/(m=eaAaGwObaaamqv)(mh=O2l4v7DAaJamtsX9)9.jpg;https://ei.phncdn.com/videos/202607/28/57036335/original/(m=eaAaGwObaaamqv)(mh=O2l4v7DAaJamtsX9)10.jpg;https://ei.phncdn.com/videos/202607/28/57036335/original/(m=eaAaGwObaaamqv)(mh=O2l4v7DAaJamtsX9)11.jpg;https://ei.phncdn.com/videos/202607/28/57036335/original/(m=eaAaGwObaaamqv)(mh=O2l4v7DAaJamtsX9)12.jpg;https://ei.phncdn.com/videos/202607/28/57036335/original/(m=eaAaGwObaaamqv)(mh=O2l4v7DAaJamtsX9)13.jpg;https://ei.phncdn.com/videos/202607/28/57036335/original/(m=eaAaGwObaaamqv)(mh=O2l4v7DAaJamtsX9)14.jpg;https://ei.phncdn.com/videos/202607/28/57036335/original/(m=eaAaGwObaaamqv)(mh=O2l4v7DAaJamtsX9)15.jpg;https://ei.phncdn.com/videos/202607/28/57036335/original/(m=eaAaGwObaaamqv)(mh=O2l4v7DAaJamtsX9)16.jpg
<iframe src="https://www.pornhub.com/embed/6a69f8f7a0721" frameborder="0" height="481" width="608" scrolling="no"></iframe>|https://ei.phncdn.com/videos/202607/29/57119845/original/(m=eaf8GgaaaWavb)(mh=adBOUCPE9Z27v_Vg)12.jpg|https://ei.phncdn.com/videos/202607/29/57119845/original/(m=eaf8GgaaaWavb)(mh=adBOUCPE9Z27v_Vg)1.jpg;https://ei.phncdn.com/videos/202607/29/57119845/original/(m=eaf8GgaaaWavb)(mh=adBOUCPE9Z27v_Vg)2.jpg;https://ei.phncdn.com/videos/202607/29/57119845/original/(m=eaf8GgaaaWavb)(mh=adBOUCPE9Z27v_Vg)3.jpg;https://ei.phncdn.com/videos/202607/29/57119845/original/(m=eaf8GgaaaWavb)(mh=adBOUCPE9Z27v_Vg)4.jpg;https://ei.phncdn.com/videos/202607/29/57119845/original/(m=eaf8GgaaaWavb)(mh=adBOUCPE9Z27v_Vg)5.jpg;https://ei.phncdn.com/videos/202607/29/57119845/original/(m=eaf8GgaaaWavb)(mh=adBOUCPE9Z27v_Vg)6.jpg;https://ei.phncdn.com/videos/202607/29/57119845/original/(m=eaf8GgaaaWavb)(mh=adBOUCPE9Z27v_Vg)7.jpg;https://ei.phncdn.com/videos/202607/29/57119845/original/(m=eaf8GgaaaWavb)(mh=adBOUCPE9Z27v_Vg)8.jpg;https://ei.phncdn.com/videos/202607/29/57119845/original/(m=eaf8GgaaaWavb)(mh=adBOUCPE9Z27v_Vg)9.jpg;https://ei.phncdn.com/videos/202607/29/57119845/original/(m=eaf8GgaaaWavb)(mh=adBOUCPE9Z27v_Vg)10.jpg;https://ei.phncdn.com/videos/202607/29/57119845/original/(m=eaf8GgaaaWavb)(mh=adBOUCPE9Z27v_Vg)11.jpg;https://ei.phncdn.com/videos/202607/29/57119845/original/(m=eaf8GgaaaWavb)(mh=adBOUCPE9Z27v_Vg)12.jpg;https://ei.phncdn.com/videos/202607/29/57119845/original/(m=eaf8GgaaaWavb)(mh=adBOUCPE9Z27v_Vg)13.jpg;https://ei.phncdn.com/videos/202607/29/57119845/original/(m=eaf8GgaaaWavb)(mh=adBOUCPE9Z27v_Vg)14.jpg;https://ei.phncdn.com/videos/202607/29/57119845/original/(m=eaf8GgaaaWavb)(mh=adBOUCPE9Z27v_Vg)15.jpg;https://ei.phncdn.com/videos/202607/29/57119845/original/(m=eaf8GgaaaWavb)(mh=adBOUCPE9Z27v_Vg)16.jpg|You gonna make me cum hard?|onlyfans;cute;amateur;homemade;stockings|Casting;Verified Amateurs;Solo Female;Tattooed Women||12|5|||https://ei.phncdn.com/videos/202607/29/57119845/original/(m=eaAaGwObaaamqv)(mh=I68ZaDjwun5PmDQ9)12.jpg|https://ei.phncdn.com/videos/202607/29/57119845/original/(m=eaAaGwObaaamqv)(mh=I68ZaDjwun5PmDQ9)1.jpg;https://ei.phncdn.com/videos/202607/29/57119845/original/(m=eaAaGwObaaamqv)(mh=I68ZaDjwun5PmDQ9)2.jpg;https://ei.phncdn.com/videos/202607/29/57119845/original/(m=eaAaGwObaaamqv)(mh=I68ZaDjwun5PmDQ9)3.jpg;https://ei.phncdn.com/videos/202607/29/57119845/original/(m=eaAaGwObaaamqv)(mh=I68ZaDjwun5PmDQ9)4.jpg;https://ei.phncdn.com/videos/202607/29/57119845/original/(m=eaAaGwObaaamqv)(mh=I68ZaDjwun5PmDQ9)5.jpg;https://ei.phncdn.com/videos/202607/29/57119845/original/(m=eaAaGwObaaamqv)(mh=I68ZaDjwun5PmDQ9)6.jpg;https://ei.phncdn.com/videos/202607/29/57119845/original/(m=eaAaGwObaaamqv)(mh=I68ZaDjwun5PmDQ9)7.jpg;https://ei.phncdn.com/videos/202607/29/57119845/original/(m=eaAaGwObaaamqv)(mh=I68ZaDjwun5PmDQ9)8.jpg;https://ei.phncdn.com/videos/202607/29/57119845/original/(m=eaAaGwObaaamqv)(mh=I68ZaDjwun5PmDQ9)9.jpg;https://ei.phncdn.com/videos/202607/29/57119845/original/(m=eaAaGwObaaamqv)(mh=I68ZaDjwun5PmDQ9)10.jpg;https://ei.phncdn.com/videos/202607/29/57119845/original/(m=eaAaGwObaaamqv)(mh=I68ZaDjwun5PmDQ9)11.jpg;https://ei.phncdn.com/videos/202607/29/57119845/original/(m=eaAaGwObaaamqv)(mh=I68ZaDjwun5PmDQ9)12.jpg;https://ei.phncdn.com/videos/202607/29/57119845/original/(m=eaAaGwObaaamqv)(mh=I68ZaDjwun5PmDQ9)13.jpg;https://ei.phncdn.com/videos/202607/29/57119845/original/(m=eaAaGwObaaamqv)(mh=I68ZaDjwun5PmDQ9)14.jpg;https://ei.phncdn.com/videos/202607/29/57119845/original/(m=eaAaGwObaaamqv)(mh=I68ZaDjwun5PmDQ9)15.jpg;https://ei.phncdn.com/videos/202607/29/57119845/original/(m=eaAaGwObaaamqv)(mh=I68ZaDjwun5PmDQ9)16.jpg
<iframe src="https://www.pornhub.com/embed/6a6b647bd0159" frameborder="0" height="481" width="608" scrolling="no"></iframe>|https://ei.phncdn.com/videos/202607/30/57235985/original/(m=eaf8GgaaaWavb)(mh=4y8IiRWNd7Bm1GsW)12.jpg|https://ei.phncdn.com/videos/202607/30/57235985/original/(m=eaf8GgaaaWavb)(mh=4y8IiRWNd7Bm1GsW)1.jpg;https://ei.phncdn.com/videos/202607/30/57235985/original/(m=eaf8GgaaaWavb)(mh=4y8IiRWNd7Bm1GsW)2.jpg;https://ei.phncdn.com/videos/202607/30/57235985/original/(m=eaf8GgaaaWavb)(mh=4y8IiRWNd7Bm1GsW)3.jpg;https://ei.phncdn.com/videos/202607/30/57235985/original/(m=eaf8GgaaaWavb)(mh=4y8IiRWNd7Bm1GsW)4.jpg;https://ei.phncdn.com/videos/202607/30/57235985/original/(m=eaf8GgaaaWavb)(mh=4y8IiRWNd7Bm1GsW)5.jpg;https://ei.phncdn.com/videos/202607/30/57235985/original/(m=eaf8GgaaaWavb)(mh=4y8IiRWNd7Bm1GsW)6.jpg;https://ei.phncdn.com/videos/202607/30/57235985/original/(m=eaf8GgaaaWavb)(mh=4y8IiRWNd7Bm1GsW)7.jpg;https://ei.phncdn.com/videos/202607/30/57235985/original/(m=eaf8GgaaaWavb)(mh=4y8IiRWNd7Bm1GsW)8.jpg;https://ei.phncdn.com/videos/202607/30/57235985/original/(m=eaf8GgaaaWavb)(mh=4y8IiRWNd7Bm1GsW)9.jpg;https://ei.phncdn.com/videos/202607/30/57235985/original/(m=eaf8GgaaaWavb)(mh=4y8IiRWNd7Bm1GsW)10.jpg;https://ei.phncdn.com/videos/202607/30/57235985/original/(m=eaf8GgaaaWavb)(mh=4y8IiRWNd7Bm1GsW)11.jpg;https://ei.phncdn.com/videos/202607/30/57235985/original/(m=eaf8GgaaaWavb)(mh=4y8IiRWNd7Bm1GsW)12.jpg;https://ei.phncdn.com/videos/202607/30/57235985/original/(m=eaf8GgaaaWavb)(mh=4y8IiRWNd7Bm1GsW)13.jpg;https://ei.phncdn.com/videos/202607/30/57235985/original/(m=eaf8GgaaaWavb)(mh=4y8IiRWNd7Bm1GsW)14.jpg;https://ei.phncdn.com/videos/202607/30/57235985/original/(m=eaf8GgaaaWavb)(mh=4y8IiRWNd7Bm1GsW)15.jpg;https://ei.phncdn.com/videos/202607/30/57235985/original/(m=eaf8GgaaaWavb)(mh=4y8IiRWNd7Bm1GsW)16.jpg|You gonna make me swallow it? 🥵|lingerie;pov;college|Casting;Verified Amateurs;Solo Female;Romantic||7|6|||https://ei.phncdn.com/videos/202607/30/57235985/original/(m=eaAaGwObaaamqv)(mh=B2STqY6fuQozHJfM)12.jpg|https://ei.phncdn.com/videos/202607/30/57235985/original/(m=eaAaGwObaaamqv)(mh=B2STqY6fuQozHJfM)1.jpg;https://ei.phncdn.com/videos/202607/30/57235985/original/(m=eaAaGwObaaamqv)(mh=B2STqY6fuQozHJfM)2.jpg;https://ei.phncdn.com/videos/202607/30/57235985/original/(m=eaAaGwObaaamqv)(mh=B2STqY6fuQozHJfM)3.jpg;https://ei.phncdn.com/videos/202607/30/57235985/original/(m=eaAaGwObaaamqv)(mh=B2STqY6fuQozHJfM)4.jpg;https://ei.phncdn.com/videos/202607/30/57235985/original/(m=eaAaGwObaaamqv)(mh=B2STqY6fuQozHJfM)5.jpg;https://ei.phncdn.com/videos/202607/30/57235985/original/(m=eaAaGwObaaamqv)(mh=B2STqY6fuQozHJfM)6.jpg;https://ei.phncdn.com/videos/202607/30/57235985/original/(m=eaAaGwObaaamqv)(mh=B2STqY6fuQozHJfM)7.jpg;https://ei.phncdn.com/videos/202607/30/57235985/original/(m=eaAaGwObaaamqv)(mh=B2STqY6fuQozHJfM)8.jpg;https://ei.phncdn.com/videos/202607/30/57235985/original/(m=eaAaGwObaaamqv)(mh=B2STqY6fuQozHJfM)9.jpg;https://ei.phncdn.com/videos/202607/30/57235985/original/(m=eaAaGwObaaamqv)(mh=B2STqY6fuQozHJfM)10.jpg;https://ei.phncdn.com/videos/202607/30/57235985/original/(m=eaAaGwObaaamqv)(mh=B2STqY6fuQozHJfM)11.jpg;https://ei.phncdn.com/videos/202607/30/57235985/original/(m=eaAaGwObaaamqv)(mh=B2STqY6fuQozHJfM)12.jpg;https://ei.phncdn.com/videos/202607/30/57235985/original/(m=eaAaGwObaaamqv)(mh=B2STqY6fuQozHJfM)13.jpg;https://ei.phncdn.com/videos/202607/30/57235985/original/(m=eaAaGwObaaamqv)(mh=B2STqY6fuQozHJfM)14.jpg;https://ei.phncdn.com/videos/202607/30/57235985/original/(m=eaAaGwObaaamqv)(mh=B2STqY6fuQozHJfM)15.jpg;https://ei.phncdn.com/videos/202607/30/57235985/original/(m=eaAaGwObaaamqv)(mh=B2STqY6fuQozHJfM)16.jpg
<iframe src="https://www.pornhub.com/embed/6a6b74d7b1067" frameborder="0" height="481" width="608" scrolling="no"></iframe>|https://ei.phncdn.com/videos/202607/30/57241825/original/(m=eaf8GgaaaWavb)(mh=M3Jgyw1NqC5bB8zp)12.jpg|https://ei.phncdn.com/videos/202607/30/57241825/original/(m=eaf8GgaaaWavb)(mh=M3Jgyw1NqC5bB8zp)1.jpg;https://ei.phncdn.com/videos/202607/30/57241825/original/(m=eaf8GgaaaWavb)(mh=M3Jgyw1NqC5bB8zp)2.jpg;https://ei.phncdn.com/videos/202607/30/57241825/original/(m=eaf8GgaaaWavb)(mh=M3Jgyw1NqC5bB8zp)3.jpg;https://ei.phncdn.com/videos/202607/30/57241825/original/(m=eaf8GgaaaWavb)(mh=M3Jgyw1NqC5bB8zp)4.jpg;https://ei.phncdn.com/videos/202607/30/57241825/original/(m=eaf8GgaaaWavb)(mh=M3Jgyw1NqC5bB8zp)5.jpg;https://ei.phncdn.com/videos/202607/30/57241825/original/(m=eaf8GgaaaWavb)(mh=M3Jgyw1NqC5bB8zp)6.jpg;https://ei.phncdn.com/videos/202607/30/57241825/original/(m=eaf8GgaaaWavb)(mh=M3Jgyw1NqC5bB8zp)7.jpg;https://ei.phncdn.com/videos/202607/30/57241825/original/(m=eaf8GgaaaWavb)(mh=M3Jgyw1NqC5bB8zp)8.jpg;https://ei.phncdn.com/videos/202607/30/57241825/original/(m=eaf8GgaaaWavb)(mh=M3Jgyw1NqC5bB8zp)9.jpg;https://ei.phncdn.com/videos/202607/30/57241825/original/(m=eaf8GgaaaWavb)(mh=M3Jgyw1NqC5bB8zp)10.jpg;https://ei.phncdn.com/videos/202607/30/57241825/original/(m=eaf8GgaaaWavb)(mh=M3Jgyw1NqC5bB8zp)11.jpg;https://ei.phncdn.com/videos/202607/30/57241825/original/(m=eaf8GgaaaWavb)(mh=M3Jgyw1NqC5bB8zp)12.jpg;https://ei.phncdn.com/videos/202607/30/57241825/original/(m=eaf8GgaaaWavb)(mh=M3Jgyw1NqC5bB8zp)13.jpg;https://ei.phncdn.com/videos/202607/30/57241825/original/(m=eaf8GgaaaWavb)(mh=M3Jgyw1NqC5bB8zp)14.jpg;https://ei.phncdn.com/videos/202607/30/57241825/original/(m=eaf8GgaaaWavb)(mh=M3Jgyw1NqC5bB8zp)15.jpg;https://ei.phncdn.com/videos/202607/30/57241825/original/(m=eaf8GgaaaWavb)(mh=M3Jgyw1NqC5bB8zp)16.jpg|Big tits bouncing as she spreads wide 😈|homemade;popular;rough|Casting;Czech;Verified Amateurs;Solo Female||12|9|||https://ei.phncdn.com/videos/202607/30/57241825/original/(m=eaAaGwObaaamqv)(mh=Yqj2bH2iq3iQ_Q5k)12.jpg|https://ei.phncdn.com/videos/202607/30/57241825/original/(m=eaAaGwObaaamqv)(mh=Yqj2bH2iq3iQ_Q5k)1.jpg;https://ei.phncdn.com/videos/202607/30/57241825/original/(m=eaAaGwObaaamqv)(mh=Yqj2bH2iq3iQ_Q5k)2.jpg;https://ei.phncdn.com/videos/202607/30/57241825/original/(m=eaAaGwObaaamqv)(mh=Yqj2bH2iq3iQ_Q5k)3.jpg;https://ei.phncdn.com/videos/202607/30/57241825/original/(m=eaAaGwObaaamqv)(mh=Yqj2bH2iq3iQ_Q5k)4.jpg;https://ei.phncdn.com/videos/202607/30/57241825/original/(m=eaAaGwObaaamqv)(mh=Yqj2bH2iq3iQ_Q5k)5.jpg;https://ei.phncdn.com/videos/202607/30/57241825/original/(m=eaAaGwObaaamqv)(mh=Yqj2bH2iq3iQ_Q5k)6.jpg;https://ei.phncdn.com/videos/202607/30/57241825/original/(m=eaAaGwObaaamqv)(mh=Yqj2bH2iq3iQ_Q5k)7.jpg;https://ei.phncdn.com/videos/202607/30/57241825/original/(m=eaAaGwObaaamqv)(mh=Yqj2bH2iq3iQ_Q5k)8.jpg;https://ei.phncdn.com/videos/202607/30/57241825/original/(m=eaAaGwObaaamqv)(mh=Yqj2bH2iq3iQ_Q5k)9.jpg;https://ei.phncdn.com/videos/202607/30/57241825/original/(m=eaAaGwObaaamqv)(mh=Yqj2bH2iq3iQ_Q5k)10.jpg;https://ei.phncdn.com/videos/202607/30/57241825/original/(m=eaAaGwObaaamqv)(mh=Yqj2bH2iq3iQ_Q5k)11.jpg;https://ei.phncdn.com/videos/202607/30/57241825/original/(m=eaAaGwObaaamqv)(mh=Yqj2bH2iq3iQ_Q5k)12.jpg;https://ei.phncdn.com/videos/202607/30/57241825/original/(m=eaAaGwObaaamqv)(mh=Yqj2bH2iq3iQ_Q5k)13.jpg;https://ei.phncdn.com/videos/202607/30/57241825/original/(m=eaAaGwObaaamqv)(mh=Yqj2bH2iq3iQ_Q5k)14.jpg;https://ei.phncdn.com/videos/202607/30/57241825/original/(m=eaAaGwObaaamqv)(mh=Yqj2bH2iq3iQ_Q5k)15.jpg;https://ei.phncdn.com/videos/202607/30/57241825/original/(m=eaAaGwObaaamqv)(mh=Yqj2bH2iq3iQ_Q5k)16.jpg
<iframe src="https://www.pornhub.com/embed/6a6bd515dac65" frameborder="0" height="481" width="608" scrolling="no"></iframe>|https://ei.phncdn.com/videos/202607/30/57278625/original/(m=eaf8GgaaaWavb)(mh=bPu0ppBG9S0YztAV)12.jpg|https://ei.phncdn.com/videos/202607/30/57278625/original/(m=eaf8GgaaaWavb)(mh=bPu0ppBG9S0YztAV)1.jpg;https://ei.phncdn.com/videos/202607/30/57278625/original/(m=eaf8GgaaaWavb)(mh=bPu0ppBG9S0YztAV)2.jpg;https://ei.phncdn.com/videos/202607/30/57278625/original/(m=eaf8GgaaaWavb)(mh=bPu0ppBG9S0YztAV)3.jpg;https://ei.phncdn.com/videos/202607/30/57278625/original/(m=eaf8GgaaaWavb)(mh=bPu0ppBG9S0YztAV)4.jpg;https://ei.phncdn.com/videos/202607/30/57278625/original/(m=eaf8GgaaaWavb)(mh=bPu0ppBG9S0YztAV)5.jpg;https://ei.phncdn.com/videos/202607/30/57278625/original/(m=eaf8GgaaaWavb)(mh=bPu0ppBG9S0YztAV)6.jpg;https://ei.phncdn.com/videos/202607/30/57278625/original/(m=eaf8GgaaaWavb)(mh=bPu0ppBG9S0YztAV)7.jpg;https://ei.phncdn.com/videos/202607/30/57278625/original/(m=eaf8GgaaaWavb)(mh=bPu0ppBG9S0YztAV)8.jpg;https://ei.phncdn.com/videos/202607/30/57278625/original/(m=eaf8GgaaaWavb)(mh=bPu0ppBG9S0YztAV)9.jpg;https://ei.phncdn.com/videos/202607/30/57278625/original/(m=eaf8GgaaaWavb)(mh=bPu0ppBG9S0YztAV)10.jpg;https://ei.phncdn.com/videos/202607/30/57278625/original/(m=eaf8GgaaaWavb)(mh=bPu0ppBG9S0YztAV)11.jpg;https://ei.phncdn.com/videos/202607/30/57278625/original/(m=eaf8GgaaaWavb)(mh=bPu0ppBG9S0YztAV)12.jpg;https://ei.phncdn.com/videos/202607/30/57278625/original/(m=eaf8GgaaaWavb)(mh=bPu0ppBG9S0YztAV)13.jpg;https://ei.phncdn.com/videos/202607/30/57278625/original/(m=eaf8GgaaaWavb)(mh=bPu0ppBG9S0YztAV)14.jpg;https://ei.phncdn.com/videos/202607/30/57278625/original/(m=eaf8GgaaaWavb)(mh=bPu0ppBG9S0YztAV)15.jpg;https://ei.phncdn.com/videos/202607/30/57278625/original/(m=eaf8GgaaaWavb)(mh=bPu0ppBG9S0YztAV)16.jpg|Your turn to make a move 🫦|homemade;pov;skinny;joi|Casting;Verified Amateurs;Solo Female;Romantic||12|11|1|0|https://ei.phncdn.com/videos/202607/30/57278625/original/(m=eaAaGwObaaamqv)(mh=zQ79dQfzhe6dBJhi)12.jpg|https://ei.phncdn.com/videos/202607/30/57278625/original/(m=eaAaGwObaaamqv)(mh=zQ79dQfzhe6dBJhi)1.jpg;https://ei.phncdn.com/videos/202607/30/57278625/original/(m=eaAaGwObaaamqv)(mh=zQ79dQfzhe6dBJhi)2.jpg;https://ei.phncdn.com/videos/202607/30/57278625/original/(m=eaAaGwObaaamqv)(mh=zQ79dQfzhe6dBJhi)3.jpg;https://ei.phncdn.com/videos/202607/30/57278625/original/(m=eaAaGwObaaamqv)(mh=zQ79dQfzhe6dBJhi)4.jpg;https://ei.phncdn.com/videos/202607/30/57278625/original/(m=eaAaGwObaaamqv)(mh=zQ79dQfzhe6dBJhi)5.jpg;https://ei.phncdn.com/videos/202607/30/57278625/original/(m=eaAaGwObaaamqv)(mh=zQ79dQfzhe6dBJhi)6.jpg;https://ei.phncdn.com/videos/202607/30/57278625/original/(m=eaAaGwObaaamqv)(mh=zQ79dQfzhe6dBJhi)7.jpg;https://ei.phncdn.com/videos/202607/30/57278625/original/(m=eaAaGwObaaamqv)(mh=zQ79dQfzhe6dBJhi)8.jpg;https://ei.phncdn.com/videos/202607/30/57278625/original/(m=eaAaGwObaaamqv)(mh=zQ79dQfzhe6dBJhi)9.jpg;https://ei.phncdn.com/videos/202607/30/57278625/original/(m=eaAaGwObaaamqv)(mh=zQ79dQfzhe6dBJhi)10.jpg;https://ei.phncdn.com/videos/202607/30/57278625/original/(m=eaAaGwObaaamqv)(mh=zQ79dQfzhe6dBJhi)11.jpg;https://ei.phncdn.com/videos/202607/30/57278625/original/(m=eaAaGwObaaamqv)(mh=zQ79dQfzhe6dBJhi)12.jpg;https://ei.phncdn.com/videos/202607/30/57278625/original/(m=eaAaGwObaaamqv)(mh=zQ79dQfzhe6dBJhi)13.jpg;https://ei.phncdn.com/videos/202607/30/57278625/original/(m=eaAaGwObaaamqv)(mh=zQ79dQfzhe6dBJhi)14.jpg;https://ei.phncdn.com/videos/202607/30/57278625/original/(m=eaAaGwObaaamqv)(mh=zQ79dQfzhe6dBJhi)15.jpg;https://ei.phncdn.com/videos/202607/30/57278625/original/(m=eaAaGwObaaamqv)(mh=zQ79dQfzhe6dBJhi)16.jpg
<iframe src="https://www.pornhub.com/embed/6a6be196ceeba" frameborder="0" height="481" width="608" scrolling="no"></iframe>|https://ei.phncdn.com/videos/202607/30/57282235/original/(m=eaf8GgaaaWavb)(mh=WE4DnCBX0BAvGpdC)12.jpg|https://ei.phncdn.com/videos/202607/30/57282235/original/(m=eaf8GgaaaWavb)(mh=WE4DnCBX0BAvGpdC)1.jpg;https://ei.phncdn.com/videos/202607/30/57282235/original/(m=eaf8GgaaaWavb)(mh=WE4DnCBX0BAvGpdC)2.jpg;https://ei.phncdn.com/videos/202607/30/57282235/original/(m=eaf8GgaaaWavb)(mh=WE4DnCBX0BAvGpdC)3.jpg;https://ei.phncdn.com/videos/202607/30/57282235/original/(m=eaf8GgaaaWavb)(mh=WE4DnCBX0BAvGpdC)4.jpg;https://ei.phncdn.com/videos/202607/30/57282235/original/(m=eaf8GgaaaWavb)(mh=WE4DnCBX0BAvGpdC)5.jpg;https://ei.phncdn.com/videos/202607/30/57282235/original/(m=eaf8GgaaaWavb)(mh=WE4DnCBX0BAvGpdC)6.jpg;https://ei.phncdn.com/videos/202607/30/57282235/original/(m=eaf8GgaaaWavb)(mh=WE4DnCBX0BAvGpdC)7.jpg;https://ei.phncdn.com/videos/202607/30/57282235/original/(m=eaf8GgaaaWavb)(mh=WE4DnCBX0BAvGpdC)8.jpg;https://ei.phncdn.com/videos/202607/30/57282235/original/(m=eaf8GgaaaWavb)(mh=WE4DnCBX0BAvGpdC)9.jpg;https://ei.phncdn.com/videos/202607/30/57282235/original/(m=eaf8GgaaaWavb)(mh=WE4DnCBX0BAvGpdC)10.jpg;https://ei.phncdn.com/videos/202607/30/57282235/original/(m=eaf8GgaaaWavb)(mh=WE4DnCBX0BAvGpdC)11.jpg;https://ei.phncdn.com/videos/202607/30/57282235/original/(m=eaf8GgaaaWavb)(mh=WE4DnCBX0BAvGpdC)12.jpg;https://ei.phncdn.com/videos/202607/30/57282235/original/(m=eaf8GgaaaWavb)(mh=WE4DnCBX0BAvGpdC)13.jpg;https://ei.phncdn.com/videos/202607/30/57282235/original/(m=eaf8GgaaaWavb)(mh=WE4DnCBX0BAvGpdC)14.jpg;https://ei.phncdn.com/videos/202607/30/57282235/original/(m=eaf8GgaaaWavb)(mh=WE4DnCBX0BAvGpdC)15.jpg;https://ei.phncdn.com/videos/202607/30/57282235/original/(m=eaf8GgaaaWavb)(mh=WE4DnCBX0BAvGpdC)16.jpg|Like what you see?|blowjob;blonde;big-tits;vertical-porn;amateur|Casting;Verified Amateurs;Solo Female;Female Orgasm||12|8|1|0|https://ei.phncdn.com/videos/202607/30/57282235/original/(m=eaAaGwObaaamqv)(mh=UdHV_Vv9NBMbjwYE)12.jpg|https://ei.phncdn.com/videos/202607/30/57282235/original/(m=eaAaGwObaaamqv)(mh=UdHV_Vv9NBMbjwYE)1.jpg;https://ei.phncdn.com/videos/202607/30/57282235/original/(m=eaAaGwObaaamqv)(mh=UdHV_Vv9NBMbjwYE)2.jpg;https://ei.phncdn.com/videos/202607/30/57282235/original/(m=eaAaGwObaaamqv)(mh=UdHV_Vv9NBMbjwYE)3.jpg;https://ei.phncdn.com/videos/202607/30/57282235/original/(m=eaAaGwObaaamqv)(mh=UdHV_Vv9NBMbjwYE)4.jpg;https://ei.phncdn.com/videos/202607/30/57282235/original/(m=eaAaGwObaaamqv)(mh=UdHV_Vv9NBMbjwYE)5.jpg;https://ei.phncdn.com/videos/202607/30/57282235/original/(m=eaAaGwObaaamqv)(mh=UdHV_Vv9NBMbjwYE)6.jpg;https://ei.phncdn.com/videos/202607/30/57282235/original/(m=eaAaGwObaaamqv)(mh=UdHV_Vv9NBMbjwYE)7.jpg;https://ei.phncdn.com/videos/202607/30/57282235/original/(m=eaAaGwObaaamqv)(mh=UdHV_Vv9NBMbjwYE)8.jpg;https://ei.phncdn.com/videos/202607/30/57282235/original/(m=eaAaGwObaaamqv)(mh=UdHV_Vv9NBMbjwYE)9.jpg;https://ei.phncdn.com/videos/202607/30/57282235/original/(m=eaAaGwObaaamqv)(mh=UdHV_Vv9NBMbjwYE)10.jpg;https://ei.phncdn.com/videos/202607/30/57282235/original/(m=eaAaGwObaaamqv)(mh=UdHV_Vv9NBMbjwYE)11.jpg;https://ei.phncdn.com/videos/202607/30/57282235/original/(m=eaAaGwObaaamqv)(mh=UdHV_Vv9NBMbjwYE)12.jpg;https://ei.phncdn.com/videos/202607/30/57282235/original/(m=eaAaGwObaaamqv)(mh=UdHV_Vv9NBMbjwYE)13.jpg;https://ei.phncdn.com/videos/202607/30/57282235/original/(m=eaAaGwObaaamqv)(mh=UdHV_Vv9NBMbjwYE)14.jpg;https://ei.phncdn.com/videos/202607/30/57282235/original/(m=eaAaGwObaaamqv)(mh=UdHV_Vv9NBMbjwYE)15.jpg;https://ei.phncdn.com/videos/202607/30/57282235/original/(m=eaAaGwObaaamqv)(mh=UdHV_Vv9NBMbjwYE)16.jpg
<iframe src="https://www.pornhub.com/embed/6a6bf9ed2369a" frameborder="0" height="481" width="608" scrolling="no"></iframe>|https://ei.phncdn.com/videos/202607/31/57288315/original/(m=eaf8GgaaaWavb)(mh=6CyiqdQmDUskLj46)12.jpg|https://ei.phncdn.com/videos/202607/31/57288315/original/(m=eaf8GgaaaWavb)(mh=6CyiqdQmDUskLj46)1.jpg;https://ei.phncdn.com/videos/202607/31/57288315/original/(m=eaf8GgaaaWavb)(mh=6CyiqdQmDUskLj46)2.jpg;https://ei.phncdn.com/videos/202607/31/57288315/original/(m=eaf8GgaaaWavb)(mh=6CyiqdQmDUskLj46)3.jpg;https://ei.phncdn.com/videos/202607/31/57288315/original/(m=eaf8GgaaaWavb)(mh=6CyiqdQmDUskLj46)4.jpg;https://ei.phncdn.com/videos/202607/31/57288315/original/(m=eaf8GgaaaWavb)(mh=6CyiqdQmDUskLj46)5.jpg;https://ei.phncdn.com/videos/202607/31/57288315/original/(m=eaf8GgaaaWavb)(mh=6CyiqdQmDUskLj46)6.jpg;https://ei.phncdn.com/videos/202607/31/57288315/original/(m=eaf8GgaaaWavb)(mh=6CyiqdQmDUskLj46)7.jpg;https://ei.phncdn.com/videos/202607/31/57288315/original/(m=eaf8GgaaaWavb)(mh=6CyiqdQmDUskLj46)8.jpg;https://ei.phncdn.com/videos/202607/31/57288315/original/(m=eaf8GgaaaWavb)(mh=6CyiqdQmDUskLj46)9.jpg;https://ei.phncdn.com/videos/202607/31/57288315/original/(m=eaf8GgaaaWavb)(mh=6CyiqdQmDUskLj46)10.jpg;https://ei.phncdn.com/videos/202607/31/57288315/original/(m=eaf8GgaaaWavb)(mh=6CyiqdQmDUskLj46)11.jpg;https://ei.phncdn.com/videos/202607/31/57288315/original/(m=eaf8GgaaaWavb)(mh=6CyiqdQmDUskLj46)12.jpg;https://ei.phncdn.com/videos/202607/31/57288315/original/(m=eaf8GgaaaWavb)(mh=6CyiqdQmDUskLj46)13.jpg;https://ei.phncdn.com/videos/202607/31/57288315/original/(m=eaf8GgaaaWavb)(mh=6CyiqdQmDUskLj46)14.jpg;https://ei.phncdn.com/videos/202607/31/57288315/original/(m=eaf8GgaaaWavb)(mh=6CyiqdQmDUskLj46)15.jpg;https://ei.phncdn.com/videos/202607/31/57288315/original/(m=eaf8GgaaaWavb)(mh=6CyiqdQmDUskLj46)16.jpg|This body needs attention|rough;teenage;small;slut;schoolgirl;cute;cheating|Casting;Feet;Verified Amateurs;Solo Female||6|13|||https://ei.phncdn.com/videos/202607/31/57288315/original/(m=eaAaGwObaaamqv)(mh=bxqlsmrj3MPZiKFL)12.jpg|https://ei.phncdn.com/videos/202607/31/57288315/original/(m=eaAaGwObaaamqv)(mh=bxqlsmrj3MPZiKFL)1.jpg;https://ei.phncdn.com/videos/202607/31/57288315/original/(m=eaAaGwObaaamqv)(mh=bxqlsmrj3MPZiKFL)2.jpg;https://ei.phncdn.com/videos/202607/31/57288315/original/(m=eaAaGwObaaamqv)(mh=bxqlsmrj3MPZiKFL)3.jpg;https://ei.phncdn.com/videos/202607/31/57288315/original/(m=eaAaGwObaaamqv)(mh=bxqlsmrj3MPZiKFL)4.jpg;https://ei.phncdn.com/videos/202607/31/57288315/original/(m=eaAaGwObaaamqv)(mh=bxqlsmrj3MPZiKFL)5.jpg;https://ei.phncdn.com/videos/202607/31/57288315/original/(m=eaAaGwObaaamqv)(mh=bxqlsmrj3MPZiKFL)6.jpg;https://ei.phncdn.com/videos/202607/31/57288315/original/(m=eaAaGwObaaamqv)(mh=bxqlsmrj3MPZiKFL)7.jpg;https://ei.phncdn.com/videos/202607/31/57288315/original/(m=eaAaGwObaaamqv)(mh=bxqlsmrj3MPZiKFL)8.jpg;https://ei.phncdn.com/videos/202607/31/57288315/original/(m=eaAaGwObaaamqv)(mh=bxqlsmrj3MPZiKFL)9.jpg;https://ei.phncdn.com/videos/202607/31/57288315/original/(m=eaAaGwObaaamqv)(mh=bxqlsmrj3MPZiKFL)10.jpg;https://ei.phncdn.com/videos/202607/31/57288315/original/(m=eaAaGwObaaamqv)(mh=bxqlsmrj3MPZiKFL)11.jpg;https://ei.phncdn.com/videos/202607/31/57288315/original/(m=eaAaGwObaaamqv)(mh=bxqlsmrj3MPZiKFL)12.jpg;https://ei.phncdn.com/videos/202607/31/57288315/original/(m=eaAaGwObaaamqv)(mh=bxqlsmrj3MPZiKFL)13.jpg;https://ei.phncdn.com/videos/202607/31/57288315/original/(m=eaAaGwObaaamqv)(mh=bxqlsmrj3MPZiKFL)14.jpg;https://ei.phncdn.com/videos/202607/31/57288315/original/(m=eaAaGwObaaamqv)(mh=bxqlsmrj3MPZiKFL)15.jpg;https://ei.phncdn.com/videos/202607/31/57288315/original/(m=eaAaGwObaaamqv)(mh=bxqlsmrj3MPZiKFL)16.jpg
<iframe src="https://www.pornhub.com/embed/6a6bfb003e8dc" frameborder="0" height="481" width="608" scrolling="no"></iframe>|https://ei.phncdn.com/videos/202607/31/57288515/original/(m=eaf8GgaaaWavb)(mh=uLX213c6AiECvVFd)12.jpg|https://ei.phncdn.com/videos/202607/31/57288515/original/(m=eaf8GgaaaWavb)(mh=uLX213c6AiECvVFd)1.jpg;https://ei.phncdn.com/videos/202607/31/57288515/original/(m=eaf8GgaaaWavb)(mh=uLX213c6AiECvVFd)2.jpg;https://ei.phncdn.com/videos/202607/31/57288515/original/(m=eaf8GgaaaWavb)(mh=uLX213c6AiECvVFd)3.jpg;https://ei.phncdn.com/videos/202607/31/57288515/original/(m=eaf8GgaaaWavb)(mh=uLX213c6AiECvVFd)4.jpg;https://ei.phncdn.com/videos/202607/31/57288515/original/(m=eaf8GgaaaWavb)(mh=uLX213c6AiECvVFd)5.jpg;https://ei.phncdn.com/videos/202607/31/57288515/original/(m=eaf8GgaaaWavb)(mh=uLX213c6AiECvVFd)6.jpg;https://ei.phncdn.com/videos/202607/31/57288515/original/(m=eaf8GgaaaWavb)(mh=uLX213c6AiECvVFd)7.jpg;https://ei.phncdn.com/videos/202607/31/57288515/original/(m=eaf8GgaaaWavb)(mh=uLX213c6AiECvVFd)8.jpg;https://ei.phncdn.com/videos/202607/31/57288515/original/(m=eaf8GgaaaWavb)(mh=uLX213c6AiECvVFd)9.jpg;https://ei.phncdn.com/videos/202607/31/57288515/original/(m=eaf8GgaaaWavb)(mh=uLX213c6AiECvVFd)10.jpg;https://ei.phncdn.com/videos/202607/31/57288515/original/(m=eaf8GgaaaWavb)(mh=uLX213c6AiECvVFd)11.jpg;https://ei.phncdn.com/videos/202607/31/57288515/original/(m=eaf8GgaaaWavb)(mh=uLX213c6AiECvVFd)12.jpg;https://ei.phncdn.com/videos/202607/31/57288515/original/(m=eaf8GgaaaWavb)(mh=uLX213c6AiECvVFd)13.jpg;https://ei.phncdn.com/videos/202607/31/57288515/original/(m=eaf8GgaaaWavb)(mh=uLX213c6AiECvVFd)14.jpg;https://ei.phncdn.com/videos/202607/31/57288515/original/(m=eaf8GgaaaWavb)(mh=uLX213c6AiECvVFd)15.jpg;https://ei.phncdn.com/videos/202607/31/57288515/original/(m=eaf8GgaaaWavb)(mh=uLX213c6AiECvVFd)16.jpg|This body needs attention|lingerie;amateur;slut;shaved-pussy;e-girl|Casting;Czech;Verified Amateurs;Solo Female||4|1|||https://ei.phncdn.com/videos/202607/31/57288515/original/(m=eaAaGwObaaamqv)(mh=itD3IiBzsQd-yjf0)12.jpg|https://ei.phncdn.com/videos/202607/31/57288515/original/(m=eaAaGwObaaamqv)(mh=itD3IiBzsQd-yjf0)1.jpg;https://ei.phncdn.com/videos/202607/31/57288515/original/(m=eaAaGwObaaamqv)(mh=itD3IiBzsQd-yjf0)2.jpg;https://ei.phncdn.com/videos/202607/31/57288515/original/(m=eaAaGwObaaamqv)(mh=itD3IiBzsQd-yjf0)3.jpg;https://ei.phncdn.com/videos/202607/31/57288515/original/(m=eaAaGwObaaamqv)(mh=itD3IiBzsQd-yjf0)4.jpg;https://ei.phncdn.com/videos/202607/31/57288515/original/(m=eaAaGwObaaamqv)(mh=itD3IiBzsQd-yjf0)5.jpg;https://ei.phncdn.com/videos/202607/31/57288515/original/(m=eaAaGwObaaamqv)(mh=itD3IiBzsQd-yjf0)6.jpg;https://ei.phncdn.com/videos/202607/31/57288515/original/(m=eaAaGwObaaamqv)(mh=itD3IiBzsQd-yjf0)7.jpg;https://ei.phncdn.com/videos/202607/31/57288515/original/(m=eaAaGwObaaamqv)(mh=itD3IiBzsQd-yjf0)8.jpg;https://ei.phncdn.com/videos/202607/31/57288515/original/(m=eaAaGwObaaamqv)(mh=itD3IiBzsQd-yjf0)9.jpg;https://ei.phncdn.com/videos/202607/31/57288515/original/(m=eaAaGwObaaamqv)(mh=itD3IiBzsQd-yjf0)10.jpg;https://ei.phncdn.com/videos/202607/31/57288515/original/(m=eaAaGwObaaamqv)(mh=itD3IiBzsQd-yjf0)11.jpg;https://ei.phncdn.com/videos/202607/31/57288515/original/(m=eaAaGwObaaamqv)(mh=itD3IiBzsQd-yjf0)12.jpg;https://ei.phncdn.com/videos/202607/31/57288515/original/(m=eaAaGwObaaamqv)(mh=itD3IiBzsQd-yjf0)13.jpg;https://ei.phncdn.com/videos/202607/31/57288515/original/(m=eaAaGwObaaamqv)(mh=itD3IiBzsQd-yjf0)14.jpg;https://ei.phncdn.com/videos/202607/31/57288515/original/(m=eaAaGwObaaamqv)(mh=itD3IiBzsQd-yjf0)15.jpg;https://ei.phncdn.com/videos/202607/31/57288515/original/(m=eaAaGwObaaamqv)(mh=itD3IiBzsQd-yjf0)16.jpg
<iframe src="https://www.pornhub.com/embed/6a6c2467a8984" frameborder="0" height="481" width="608" scrolling="no"></iframe>|https://ei.phncdn.com/videos/202607/31/57296705/original/(m=eaf8GgaaaWavb)(mh=l1UeUA_R2CJse0F5)12.jpg|https://ei.phncdn.com/videos/202607/31/57296705/original/(m=eaf8GgaaaWavb)(mh=l1UeUA_R2CJse0F5)1.jpg;https://ei.phncdn.com/videos/202607/31/57296705/original/(m=eaf8GgaaaWavb)(mh=l1UeUA_R2CJse0F5)2.jpg;https://ei.phncdn.com/videos/202607/31/57296705/original/(m=eaf8GgaaaWavb)(mh=l1UeUA_R2CJse0F5)3.jpg;https://ei.phncdn.com/videos/202607/31/57296705/original/(m=eaf8GgaaaWavb)(mh=l1UeUA_R2CJse0F5)4.jpg;https://ei.phncdn.com/videos/202607/31/57296705/original/(m=eaf8GgaaaWavb)(mh=l1UeUA_R2CJse0F5)5.jpg;https://ei.phncdn.com/videos/202607/31/57296705/original/(m=eaf8GgaaaWavb)(mh=l1UeUA_R2CJse0F5)6.jpg;https://ei.phncdn.com/videos/202607/31/57296705/original/(m=eaf8GgaaaWavb)(mh=l1UeUA_R2CJse0F5)7.jpg;https://ei.phncdn.com/videos/202607/31/57296705/original/(m=eaf8GgaaaWavb)(mh=l1UeUA_R2CJse0F5)8.jpg;https://ei.phncdn.com/videos/202607/31/57296705/original/(m=eaf8GgaaaWavb)(mh=l1UeUA_R2CJse0F5)9.jpg;https://ei.phncdn.com/videos/202607/31/57296705/original/(m=eaf8GgaaaWavb)(mh=l1UeUA_R2CJse0F5)10.jpg;https://ei.phncdn.com/videos/202607/31/57296705/original/(m=eaf8GgaaaWavb)(mh=l1UeUA_R2CJse0F5)11.jpg;https://ei.phncdn.com/videos/202607/31/57296705/original/(m=eaf8GgaaaWavb)(mh=l1UeUA_R2CJse0F5)12.jpg;https://ei.phncdn.com/videos/202607/31/57296705/original/(m=eaf8GgaaaWavb)(mh=l1UeUA_R2CJse0F5)13.jpg;https://ei.phncdn.com/videos/202607/31/57296705/original/(m=eaf8GgaaaWavb)(mh=l1UeUA_R2CJse0F5)14.jpg;https://ei.phncdn.com/videos/202607/31/57296705/original/(m=eaf8GgaaaWavb)(mh=l1UeUA_R2CJse0F5)15.jpg;https://ei.phncdn.com/videos/202607/31/57296705/original/(m=eaf8GgaaaWavb)(mh=l1UeUA_R2CJse0F5)16.jpg|Curvy girl teases with hand on her chest 💕|natural-tits;busty;joi;popular;asian-girl|Casting;Verified Amateurs;Solo Female;Gaming||12|12|||https://ei.phncdn.com/videos/202607/31/57296705/original/(m=eaAaGwObaaamqv)(mh=xHyGl_TqDdgI62Gf)12.jpg|https://ei.phncdn.com/videos/202607/31/57296705/original/(m=eaAaGwObaaamqv)(mh=xHyGl_TqDdgI62Gf)1.jpg;https://ei.phncdn.com/videos/202607/31/57296705/original/(m=eaAaGwObaaamqv)(mh=xHyGl_TqDdgI62Gf)2.jpg;https://ei.phncdn.com/videos/202607/31/57296705/original/(m=eaAaGwObaaamqv)(mh=xHyGl_TqDdgI62Gf)3.jpg;https://ei.phncdn.com/videos/202607/31/57296705/original/(m=eaAaGwObaaamqv)(mh=xHyGl_TqDdgI62Gf)4.jpg;https://ei.phncdn.com/videos/202607/31/57296705/original/(m=eaAaGwObaaamqv)(mh=xHyGl_TqDdgI62Gf)5.jpg;https://ei.phncdn.com/videos/202607/31/57296705/original/(m=eaAaGwObaaamqv)(mh=xHyGl_TqDdgI62Gf)6.jpg;https://ei.phncdn.com/videos/202607/31/57296705/original/(m=eaAaGwObaaamqv)(mh=xHyGl_TqDdgI62Gf)7.jpg;https://ei.phncdn.com/videos/202607/31/57296705/original/(m=eaAaGwObaaamqv)(mh=xHyGl_TqDdgI62Gf)8.jpg;https://ei.phncdn.com/videos/202607/31/57296705/original/(m=eaAaGwObaaamqv)(mh=xHyGl_TqDdgI62Gf)9.jpg;https://ei.phncdn.com/videos/202607/31/57296705/original/(m=eaAaGwObaaamqv)(mh=xHyGl_TqDdgI62Gf)10.jpg;https://ei.phncdn.com/videos/202607/31/57296705/original/(m=eaAaGwObaaamqv)(mh=xHyGl_TqDdgI62Gf)11.jpg;https://ei.phncdn.com/videos/202607/31/57296705/original/(m=eaAaGwObaaamqv)(mh=xHyGl_TqDdgI62Gf)12.jpg;https://ei.phncdn.com/videos/202607/31/57296705/original/(m=eaAaGwObaaamqv)(mh=xHyGl_TqDdgI62Gf)13.jpg;https://ei.phncdn.com/videos/202607/31/57296705/original/(m=eaAaGwObaaamqv)(mh=xHyGl_TqDdgI62Gf)14.jpg;https://ei.phncdn.com/videos/202607/31/57296705/original/(m=eaAaGwObaaamqv)(mh=xHyGl_TqDdgI62Gf)15.jpg;https://ei.phncdn.com/videos/202607/31/57296705/original/(m=eaAaGwObaaamqv)(mh=xHyGl_TqDdgI62Gf)16.jpg
<iframe src="https://www.pornhub.com/embed/6a6c4c8308083" frameborder="0" height="481" width="608" scrolling="no"></iframe>|https://ei.phncdn.com/videos/202607/31/57306535/original/(m=eaf8GgaaaWavb)(mh=LQXjm2Rwc3TMCMR1)12.jpg|https://ei.phncdn.com/videos/202607/31/57306535/original/(m=eaf8GgaaaWavb)(mh=LQXjm2Rwc3TMCMR1)1.jpg;https://ei.phncdn.com/videos/202607/31/57306535/original/(m=eaf8GgaaaWavb)(mh=LQXjm2Rwc3TMCMR1)2.jpg;https://ei.phncdn.com/videos/202607/31/57306535/original/(m=eaf8GgaaaWavb)(mh=LQXjm2Rwc3TMCMR1)3.jpg;https://ei.phncdn.com/videos/202607/31/57306535/original/(m=eaf8GgaaaWavb)(mh=LQXjm2Rwc3TMCMR1)4.jpg;https://ei.phncdn.com/videos/202607/31/57306535/original/(m=eaf8GgaaaWavb)(mh=LQXjm2Rwc3TMCMR1)5.jpg;https://ei.phncdn.com/videos/202607/31/57306535/original/(m=eaf8GgaaaWavb)(mh=LQXjm2Rwc3TMCMR1)6.jpg;https://ei.phncdn.com/videos/202607/31/57306535/original/(m=eaf8GgaaaWavb)(mh=LQXjm2Rwc3TMCMR1)7.jpg;https://ei.phncdn.com/videos/202607/31/57306535/original/(m=eaf8GgaaaWavb)(mh=LQXjm2Rwc3TMCMR1)8.jpg;https://ei.phncdn.com/videos/202607/31/57306535/original/(m=eaf8GgaaaWavb)(mh=LQXjm2Rwc3TMCMR1)9.jpg;https://ei.phncdn.com/videos/202607/31/57306535/original/(m=eaf8GgaaaWavb)(mh=LQXjm2Rwc3TMCMR1)10.jpg;https://ei.phncdn.com/videos/202607/31/57306535/original/(m=eaf8GgaaaWavb)(mh=LQXjm2Rwc3TMCMR1)11.jpg;https://ei.phncdn.com/videos/202607/31/57306535/original/(m=eaf8GgaaaWavb)(mh=LQXjm2Rwc3TMCMR1)12.jpg;https://ei.phncdn.com/videos/202607/31/57306535/original/(m=eaf8GgaaaWavb)(mh=LQXjm2Rwc3TMCMR1)13.jpg;https://ei.phncdn.com/videos/202607/31/57306535/original/(m=eaf8GgaaaWavb)(mh=LQXjm2Rwc3TMCMR1)14.jpg;https://ei.phncdn.com/videos/202607/31/57306535/original/(m=eaf8GgaaaWavb)(mh=LQXjm2Rwc3TMCMR1)15.jpg;https://ei.phncdn.com/videos/202607/31/57306535/original/(m=eaf8GgaaaWavb)(mh=LQXjm2Rwc3TMCMR1)16.jpg|Tattooed tits teased as robe slides open 💕|slut;amateur;busty|Casting;Verified Amateurs;Solo Female;Romantic||11|10|||https://ei.phncdn.com/videos/202607/31/57306535/original/(m=eaAaGwObaaamqv)(mh=EPJAyqCTLMDecW-T)12.jpg|https://ei.phncdn.com/videos/202607/31/57306535/original/(m=eaAaGwObaaamqv)(mh=EPJAyqCTLMDecW-T)1.jpg;https://ei.phncdn.com/videos/202607/31/57306535/original/(m=eaAaGwObaaamqv)(mh=EPJAyqCTLMDecW-T)2.jpg;https://ei.phncdn.com/videos/202607/31/57306535/original/(m=eaAaGwObaaamqv)(mh=EPJAyqCTLMDecW-T)3.jpg;https://ei.phncdn.com/videos/202607/31/57306535/original/(m=eaAaGwObaaamqv)(mh=EPJAyqCTLMDecW-T)4.jpg;https://ei.phncdn.com/videos/202607/31/57306535/original/(m=eaAaGwObaaamqv)(mh=EPJAyqCTLMDecW-T)5.jpg;https://ei.phncdn.com/videos/202607/31/57306535/original/(m=eaAaGwObaaamqv)(mh=EPJAyqCTLMDecW-T)6.jpg;https://ei.phncdn.com/videos/202607/31/57306535/original/(m=eaAaGwObaaamqv)(mh=EPJAyqCTLMDecW-T)7.jpg;https://ei.phncdn.com/videos/202607/31/57306535/original/(m=eaAaGwObaaamqv)(mh=EPJAyqCTLMDecW-T)8.jpg;https://ei.phncdn.com/videos/202607/31/57306535/original/(m=eaAaGwObaaamqv)(mh=EPJAyqCTLMDecW-T)9.jpg;https://ei.phncdn.com/videos/202607/31/57306535/original/(m=eaAaGwObaaamqv)(mh=EPJAyqCTLMDecW-T)10.jpg;https://ei.phncdn.com/videos/202607/31/57306535/original/(m=eaAaGwObaaamqv)(mh=EPJAyqCTLMDecW-T)11.jpg;https://ei.phncdn.com/videos/202607/31/57306535/original/(m=eaAaGwObaaamqv)(mh=EPJAyqCTLMDecW-T)12.jpg;https://ei.phncdn.com/videos/202607/31/57306535/original/(m=eaAaGwObaaamqv)(mh=EPJAyqCTLMDecW-T)13.jpg;https://ei.phncdn.com/videos/202607/31/57306535/original/(m=eaAaGwObaaamqv)(mh=EPJAyqCTLMDecW-T)14.jpg;https://ei.phncdn.com/videos/202607/31/57306535/original/(m=eaAaGwObaaamqv)(mh=EPJAyqCTLMDecW-T)15.jpg;https://ei.phncdn.com/videos/202607/31/57306535/original/(m=eaAaGwObaaamqv)(mh=EPJAyqCTLMDecW-T)16.jpg
<iframe src="https://www.pornhub.com/embed/6a6cabd0283f0" frameborder="0" height="481" width="608" scrolling="no"></iframe>|https://ei.phncdn.com/videos/202607/31/57332795/original/(m=eaf8GgaaaWavb)(mh=gY96AuHJ02j5jtra)12.jpg|https://ei.phncdn.com/videos/202607/31/57332795/original/(m=eaf8GgaaaWavb)(mh=gY96AuHJ02j5jtra)1.jpg;https://ei.phncdn.com/videos/202607/31/57332795/original/(m=eaf8GgaaaWavb)(mh=gY96AuHJ02j5jtra)2.jpg;https://ei.phncdn.com/videos/202607/31/57332795/original/(m=eaf8GgaaaWavb)(mh=gY96AuHJ02j5jtra)3.jpg;https://ei.phncdn.com/videos/202607/31/57332795/original/(m=eaf8GgaaaWavb)(mh=gY96AuHJ02j5jtra)4.jpg;https://ei.phncdn.com/videos/202607/31/57332795/original/(m=eaf8GgaaaWavb)(mh=gY96AuHJ02j5jtra)5.jpg;https://ei.phncdn.com/videos/202607/31/57332795/original/(m=eaf8GgaaaWavb)(mh=gY96AuHJ02j5jtra)6.jpg;https://ei.phncdn.com/videos/202607/31/57332795/original/(m=eaf8GgaaaWavb)(mh=gY96AuHJ02j5jtra)7.jpg;https://ei.phncdn.com/videos/202607/31/57332795/original/(m=eaf8GgaaaWavb)(mh=gY96AuHJ02j5jtra)8.jpg;https://ei.phncdn.com/videos/202607/31/57332795/original/(m=eaf8GgaaaWavb)(mh=gY96AuHJ02j5jtra)9.jpg;https://ei.phncdn.com/videos/202607/31/57332795/original/(m=eaf8GgaaaWavb)(mh=gY96AuHJ02j5jtra)10.jpg;https://ei.phncdn.com/videos/202607/31/57332795/original/(m=eaf8GgaaaWavb)(mh=gY96AuHJ02j5jtra)11.jpg;https://ei.phncdn.com/videos/202607/31/57332795/original/(m=eaf8GgaaaWavb)(mh=gY96AuHJ02j5jtra)12.jpg;https://ei.phncdn.com/videos/202607/31/57332795/original/(m=eaf8GgaaaWavb)(mh=gY96AuHJ02j5jtra)13.jpg;https://ei.phncdn.com/videos/202607/31/57332795/original/(m=eaf8GgaaaWavb)(mh=gY96AuHJ02j5jtra)14.jpg;https://ei.phncdn.com/videos/202607/31/57332795/original/(m=eaf8GgaaaWavb)(mh=gY96AuHJ02j5jtra)15.jpg;https://ei.phncdn.com/videos/202607/31/57332795/original/(m=eaf8GgaaaWavb)(mh=gY96AuHJ02j5jtra)16.jpg|This body needs attention 💘|solo-female;dildo;blowjob;rough;cute;perfect-body;big-ass|Casting;Czech;Verified Amateurs;Solo Female;Female Orgasm||12|22|||https://ei.phncdn.com/videos/202607/31/57332795/original/(m=eaAaGwObaaamqv)(mh=rwP4B-NrDcnWWl_U)12.jpg|https://ei.phncdn.com/videos/202607/31/57332795/original/(m=eaAaGwObaaamqv)(mh=rwP4B-NrDcnWWl_U)1.jpg;https://ei.phncdn.com/videos/202607/31/57332795/original/(m=eaAaGwObaaamqv)(mh=rwP4B-NrDcnWWl_U)2.jpg;https://ei.phncdn.com/videos/202607/31/57332795/original/(m=eaAaGwObaaamqv)(mh=rwP4B-NrDcnWWl_U)3.jpg;https://ei.phncdn.com/videos/202607/31/57332795/original/(m=eaAaGwObaaamqv)(mh=rwP4B-NrDcnWWl_U)4.jpg;https://ei.phncdn.com/videos/202607/31/57332795/original/(m=eaAaGwObaaamqv)(mh=rwP4B-NrDcnWWl_U)5.jpg;https://ei.phncdn.com/videos/202607/31/57332795/original/(m=eaAaGwObaaamqv)(mh=rwP4B-NrDcnWWl_U)6.jpg;https://ei.phncdn.com/videos/202607/31/57332795/original/(m=eaAaGwObaaamqv)(mh=rwP4B-NrDcnWWl_U)7.jpg;https://ei.phncdn.com/videos/202607/31/57332795/original/(m=eaAaGwObaaamqv)(mh=rwP4B-NrDcnWWl_U)8.jpg;https://ei.phncdn.com/videos/202607/31/57332795/original/(m=eaAaGwObaaamqv)(mh=rwP4B-NrDcnWWl_U)9.jpg;https://ei.phncdn.com/videos/202607/31/57332795/original/(m=eaAaGwObaaamqv)(mh=rwP4B-NrDcnWWl_U)10.jpg;https://ei.phncdn.com/videos/202607/31/57332795/original/(m=eaAaGwObaaamqv)(mh=rwP4B-NrDcnWWl_U)11.jpg;https://ei.phncdn.com/videos/202607/31/57332795/original/(m=eaAaGwObaaamqv)(mh=rwP4B-NrDcnWWl_U)12.jpg;https://ei.phncdn.com/videos/202607/31/57332795/original/(m=eaAaGwObaaamqv)(mh=rwP4B-NrDcnWWl_U)13.jpg;https://ei.phncdn.com/videos/202607/31/57332795/original/(m=eaAaGwObaaamqv)(mh=rwP4B-NrDcnWWl_U)14.jpg;https://ei.phncdn.com/videos/202607/31/57332795/original/(m=eaAaGwObaaamqv)(mh=rwP4B-NrDcnWWl_U)15.jpg;https://ei.phncdn.com/videos/202607/31/57332795/original/(m=eaAaGwObaaamqv)(mh=rwP4B-NrDcnWWl_U)16.jpg
<iframe src="https://www.pornhub.com/embed/6a6d261e8df80" frameborder="0" height="481" width="608" scrolling="no"></iframe>|https://ei.phncdn.com/videos/202607/31/57373685/original/(m=eaf8GgaaaWavb)(mh=Zqy-euUamQ7JG8JW)12.jpg|https://ei.phncdn.com/videos/202607/31/57373685/original/(m=eaf8GgaaaWavb)(mh=Zqy-euUamQ7JG8JW)1.jpg;https://ei.phncdn.com/videos/202607/31/57373685/original/(m=eaf8GgaaaWavb)(mh=Zqy-euUamQ7JG8JW)2.jpg;https://ei.phncdn.com/videos/202607/31/57373685/original/(m=eaf8GgaaaWavb)(mh=Zqy-euUamQ7JG8JW)3.jpg;https://ei.phncdn.com/videos/202607/31/57373685/original/(m=eaf8GgaaaWavb)(mh=Zqy-euUamQ7JG8JW)4.jpg;https://ei.phncdn.com/videos/202607/31/57373685/original/(m=eaf8GgaaaWavb)(mh=Zqy-euUamQ7JG8JW)5.jpg;https://ei.phncdn.com/videos/202607/31/57373685/original/(m=eaf8GgaaaWavb)(mh=Zqy-euUamQ7JG8JW)6.jpg;https://ei.phncdn.com/videos/202607/31/57373685/original/(m=eaf8GgaaaWavb)(mh=Zqy-euUamQ7JG8JW)7.jpg;https://ei.phncdn.com/videos/202607/31/57373685/original/(m=eaf8GgaaaWavb)(mh=Zqy-euUamQ7JG8JW)8.jpg;https://ei.phncdn.com/videos/202607/31/57373685/original/(m=eaf8GgaaaWavb)(mh=Zqy-euUamQ7JG8JW)9.jpg;https://ei.phncdn.com/videos/202607/31/57373685/original/(m=eaf8GgaaaWavb)(mh=Zqy-euUamQ7JG8JW)10.jpg;https://ei.phncdn.com/videos/202607/31/57373685/original/(m=eaf8GgaaaWavb)(mh=Zqy-euUamQ7JG8JW)11.jpg;https://ei.phncdn.com/videos/202607/31/57373685/original/(m=eaf8GgaaaWavb)(mh=Zqy-euUamQ7JG8JW)12.jpg;https://ei.phncdn.com/videos/202607/31/57373685/original/(m=eaf8GgaaaWavb)(mh=Zqy-euUamQ7JG8JW)13.jpg;https://ei.phncdn.com/videos/202607/31/57373685/original/(m=eaf8GgaaaWavb)(mh=Zqy-euUamQ7JG8JW)14.jpg;https://ei.phncdn.com/videos/202607/31/57373685/original/(m=eaf8GgaaaWavb)(mh=Zqy-euUamQ7JG8JW)15.jpg;https://ei.phncdn.com/videos/202607/31/57373685/original/(m=eaf8GgaaaWavb)(mh=Zqy-euUamQ7JG8JW)16.jpg|Ready when you are|anal;joi;big-tits;busty;skinny;natural-tits|Casting;Verified Amateurs;Cosplay;Solo Female||5|0|||https://ei.phncdn.com/videos/202607/31/57373685/original/(m=eaAaGwObaaamqv)(mh=bZQfwGFUWZgze73O)12.jpg|https://ei.phncdn.com/videos/202607/31/57373685/original/(m=eaAaGwObaaamqv)(mh=bZQfwGFUWZgze73O)1.jpg;https://ei.phncdn.com/videos/202607/31/57373685/original/(m=eaAaGwObaaamqv)(mh=bZQfwGFUWZgze73O)2.jpg;https://ei.phncdn.com/videos/202607/31/57373685/original/(m=eaAaGwObaaamqv)(mh=bZQfwGFUWZgze73O)3.jpg;https://ei.phncdn.com/videos/202607/31/57373685/original/(m=eaAaGwObaaamqv)(mh=bZQfwGFUWZgze73O)4.jpg;https://ei.phncdn.com/videos/202607/31/57373685/original/(m=eaAaGwObaaamqv)(mh=bZQfwGFUWZgze73O)5.jpg;https://ei.phncdn.com/videos/202607/31/57373685/original/(m=eaAaGwObaaamqv)(mh=bZQfwGFUWZgze73O)6.jpg;https://ei.phncdn.com/videos/202607/31/57373685/original/(m=eaAaGwObaaamqv)(mh=bZQfwGFUWZgze73O)7.jpg;https://ei.phncdn.com/videos/202607/31/57373685/original/(m=eaAaGwObaaamqv)(mh=bZQfwGFUWZgze73O)8.jpg;https://ei.phncdn.com/videos/202607/31/57373685/original/(m=eaAaGwObaaamqv)(mh=bZQfwGFUWZgze73O)9.jpg;https://ei.phncdn.com/videos/202607/31/57373685/original/(m=eaAaGwObaaamqv)(mh=bZQfwGFUWZgze73O)10.jpg;https://ei.phncdn.com/videos/202607/31/57373685/original/(m=eaAaGwObaaamqv)(mh=bZQfwGFUWZgze73O)11.jpg;https://ei.phncdn.com/videos/202607/31/57373685/original/(m=eaAaGwObaaamqv)(mh=bZQfwGFUWZgze73O)12.jpg;https://ei.phncdn.com/videos/202607/31/57373685/original/(m=eaAaGwObaaamqv)(mh=bZQfwGFUWZgze73O)13.jpg;https://ei.phncdn.com/videos/202607/31/57373685/original/(m=eaAaGwObaaamqv)(mh=bZQfwGFUWZgze73O)14.jpg;https://ei.phncdn.com/videos/202607/31/57373685/original/(m=eaAaGwObaaamqv)(mh=bZQfwGFUWZgze73O)15.jpg;https://ei.phncdn.com/videos/202607/31/57373685/original/(m=eaAaGwObaaamqv)(mh=bZQfwGFUWZgze73O)16.jpg
<iframe src="https://www.pornhub.com/embed/6a6da3d41beb7" frameborder="0" height="481" width="608" scrolling="no"></iframe>|https://ei.phncdn.com/videos/202608/01/57410025/original/(m=eaf8GgaaaWavb)(mh=RRoVhacl8JmqOTHd)12.jpg|https://ei.phncdn.com/videos/202608/01/57410025/original/(m=eaf8GgaaaWavb)(mh=RRoVhacl8JmqOTHd)1.jpg;https://ei.phncdn.com/videos/202608/01/57410025/original/(m=eaf8GgaaaWavb)(mh=RRoVhacl8JmqOTHd)2.jpg;https://ei.phncdn.com/videos/202608/01/57410025/original/(m=eaf8GgaaaWavb)(mh=RRoVhacl8JmqOTHd)3.jpg;https://ei.phncdn.com/videos/202608/01/57410025/original/(m=eaf8GgaaaWavb)(mh=RRoVhacl8JmqOTHd)4.jpg;https://ei.phncdn.com/videos/202608/01/57410025/original/(m=eaf8GgaaaWavb)(mh=RRoVhacl8JmqOTHd)5.jpg;https://ei.phncdn.com/videos/202608/01/57410025/original/(m=eaf8GgaaaWavb)(mh=RRoVhacl8JmqOTHd)6.jpg;https://ei.phncdn.com/videos/202608/01/57410025/original/(m=eaf8GgaaaWavb)(mh=RRoVhacl8JmqOTHd)7.jpg;https://ei.phncdn.com/videos/202608/01/57410025/original/(m=eaf8GgaaaWavb)(mh=RRoVhacl8JmqOTHd)8.jpg;https://ei.phncdn.com/videos/202608/01/57410025/original/(m=eaf8GgaaaWavb)(mh=RRoVhacl8JmqOTHd)9.jpg;https://ei.phncdn.com/videos/202608/01/57410025/original/(m=eaf8GgaaaWavb)(mh=RRoVhacl8JmqOTHd)10.jpg;https://ei.phncdn.com/videos/202608/01/57410025/original/(m=eaf8GgaaaWavb)(mh=RRoVhacl8JmqOTHd)11.jpg;https://ei.phncdn.com/videos/202608/01/57410025/original/(m=eaf8GgaaaWavb)(mh=RRoVhacl8JmqOTHd)12.jpg;https://ei.phncdn.com/videos/202608/01/57410025/original/(m=eaf8GgaaaWavb)(mh=RRoVhacl8JmqOTHd)13.jpg;https://ei.phncdn.com/videos/202608/01/57410025/original/(m=eaf8GgaaaWavb)(mh=RRoVhacl8JmqOTHd)14.jpg;https://ei.phncdn.com/videos/202608/01/57410025/original/(m=eaf8GgaaaWavb)(mh=RRoVhacl8JmqOTHd)15.jpg;https://ei.phncdn.com/videos/202608/01/57410025/original/(m=eaf8GgaaaWavb)(mh=RRoVhacl8JmqOTHd)16.jpg|Blonde girl rides toy hard and moans loud 🖤|small;blonde;rough|Casting;Exclusive;Verified Amateurs;Cosplay;Solo Female;Romantic;Tattooed Women||12|38|7|0|https://ei.phncdn.com/videos/202608/01/57410025/original/(m=eaAaGwObaaamqv)(mh=8nvs7rK515CYtWJ8)12.jpg|https://ei.phncdn.com/videos/202608/01/57410025/original/(m=eaAaGwObaaamqv)(mh=8nvs7rK515CYtWJ8)1.jpg;https://ei.phncdn.com/videos/202608/01/57410025/original/(m=eaAaGwObaaamqv)(mh=8nvs7rK515CYtWJ8)2.jpg;https://ei.phncdn.com/videos/202608/01/57410025/original/(m=eaAaGwObaaamqv)(mh=8nvs7rK515CYtWJ8)3.jpg;https://ei.phncdn.com/videos/202608/01/57410025/original/(m=eaAaGwObaaamqv)(mh=8nvs7rK515CYtWJ8)4.jpg;https://ei.phncdn.com/videos/202608/01/57410025/original/(m=eaAaGwObaaamqv)(mh=8nvs7rK515CYtWJ8)5.jpg;https://ei.phncdn.com/videos/202608/01/57410025/original/(m=eaAaGwObaaamqv)(mh=8nvs7rK515CYtWJ8)6.jpg;https://ei.phncdn.com/videos/202608/01/57410025/original/(m=eaAaGwObaaamqv)(mh=8nvs7rK515CYtWJ8)7.jpg;https://ei.phncdn.com/videos/202608/01/57410025/original/(m=eaAaGwObaaamqv)(mh=8nvs7rK515CYtWJ8)8.jpg;https://ei.phncdn.com/videos/202608/01/57410025/original/(m=eaAaGwObaaamqv)(mh=8nvs7rK515CYtWJ8)9.jpg;https://ei.phncdn.com/videos/202608/01/57410025/original/(m=eaAaGwObaaamqv)(mh=8nvs7rK515CYtWJ8)10.jpg;https://ei.phncdn.com/videos/202608/01/57410025/original/(m=eaAaGwObaaamqv)(mh=8nvs7rK515CYtWJ8)11.jpg;https://ei.phncdn.com/videos/202608/01/57410025/original/(m=eaAaGwObaaamqv)(mh=8nvs7rK515CYtWJ8)12.jpg;https://ei.phncdn.com/videos/202608/01/57410025/original/(m=eaAaGwObaaamqv)(mh=8nvs7rK515CYtWJ8)13.jpg;https://ei.phncdn.com/videos/202608/01/57410025/original/(m=eaAaGwObaaamqv)(mh=8nvs7rK515CYtWJ8)14.jpg;https://ei.phncdn.com/videos/202608/01/57410025/original/(m=eaAaGwObaaamqv)(mh=8nvs7rK515CYtWJ8)15.jpg;https://ei.phncdn.com/videos/202608/01/57410025/original/(m=eaAaGwObaaamqv)(mh=8nvs7rK515CYtWJ8)16.jpg
<iframe src="https://www.pornhub.com/embed/6a6e02f8081d2" frameborder="0" height="481" width="608" scrolling="no"></iframe>|https://ei.phncdn.com/videos/202608/01/57436175/original/(m=eaf8GgaaaWavb)(mh=Sbp_HdvaTUDe9UrA)12.jpg|https://ei.phncdn.com/videos/202608/01/57436175/original/(m=eaf8GgaaaWavb)(mh=Sbp_HdvaTUDe9UrA)1.jpg;https://ei.phncdn.com/videos/202608/01/57436175/original/(m=eaf8GgaaaWavb)(mh=Sbp_HdvaTUDe9UrA)2.jpg;https://ei.phncdn.com/videos/202608/01/57436175/original/(m=eaf8GgaaaWavb)(mh=Sbp_HdvaTUDe9UrA)3.jpg;https://ei.phncdn.com/videos/202608/01/57436175/original/(m=eaf8GgaaaWavb)(mh=Sbp_HdvaTUDe9UrA)4.jpg;https://ei.phncdn.com/videos/202608/01/57436175/original/(m=eaf8GgaaaWavb)(mh=Sbp_HdvaTUDe9UrA)5.jpg;https://ei.phncdn.com/videos/202608/01/57436175/original/(m=eaf8GgaaaWavb)(mh=Sbp_HdvaTUDe9UrA)6.jpg;https://ei.phncdn.com/videos/202608/01/57436175/original/(m=eaf8GgaaaWavb)(mh=Sbp_HdvaTUDe9UrA)7.jpg;https://ei.phncdn.com/videos/202608/01/57436175/original/(m=eaf8GgaaaWavb)(mh=Sbp_HdvaTUDe9UrA)8.jpg;https://ei.phncdn.com/videos/202608/01/57436175/original/(m=eaf8GgaaaWavb)(mh=Sbp_HdvaTUDe9UrA)9.jpg;https://ei.phncdn.com/videos/202608/01/57436175/original/(m=eaf8GgaaaWavb)(mh=Sbp_HdvaTUDe9UrA)10.jpg;https://ei.phncdn.com/videos/202608/01/57436175/original/(m=eaf8GgaaaWavb)(mh=Sbp_HdvaTUDe9UrA)11.jpg;https://ei.phncdn.com/videos/202608/01/57436175/original/(m=eaf8GgaaaWavb)(mh=Sbp_HdvaTUDe9UrA)12.jpg;https://ei.phncdn.com/videos/202608/01/57436175/original/(m=eaf8GgaaaWavb)(mh=Sbp_HdvaTUDe9UrA)13.jpg;https://ei.phncdn.com/videos/202608/01/57436175/original/(m=eaf8GgaaaWavb)(mh=Sbp_HdvaTUDe9UrA)14.jpg;https://ei.phncdn.com/videos/202608/01/57436175/original/(m=eaf8GgaaaWavb)(mh=Sbp_HdvaTUDe9UrA)15.jpg;https://ei.phncdn.com/videos/202608/01/57436175/original/(m=eaf8GgaaaWavb)(mh=Sbp_HdvaTUDe9UrA)16.jpg|Like what you see? 😘|tiktok;popular;gamer;lingerie;blonde;pov|Casting;Verified Amateurs;Solo Female;Tattooed Women||12|11|||https://ei.phncdn.com/videos/202608/01/57436175/original/(m=eaAaGwObaaamqv)(mh=ro3emeQAc2fsiEUe)12.jpg|https://ei.phncdn.com/videos/202608/01/57436175/original/(m=eaAaGwObaaamqv)(mh=ro3emeQAc2fsiEUe)1.jpg;https://ei.phncdn.com/videos/202608/01/57436175/original/(m=eaAaGwObaaamqv)(mh=ro3emeQAc2fsiEUe)2.jpg;https://ei.phncdn.com/videos/202608/01/57436175/original/(m=eaAaGwObaaamqv)(mh=ro3emeQAc2fsiEUe)3.jpg;https://ei.phncdn.com/videos/202608/01/57436175/original/(m=eaAaGwObaaamqv)(mh=ro3emeQAc2fsiEUe)4.jpg;https://ei.phncdn.com/videos/202608/01/57436175/original/(m=eaAaGwObaaamqv)(mh=ro3emeQAc2fsiEUe)5.jpg;https://ei.phncdn.com/videos/202608/01/57436175/original/(m=eaAaGwObaaamqv)(mh=ro3emeQAc2fsiEUe)6.jpg;https://ei.phncdn.com/videos/202608/01/57436175/original/(m=eaAaGwObaaamqv)(mh=ro3emeQAc2fsiEUe)7.jpg;https://ei.phncdn.com/videos/202608/01/57436175/original/(m=eaAaGwObaaamqv)(mh=ro3emeQAc2fsiEUe)8.jpg;https://ei.phncdn.com/videos/202608/01/57436175/original/(m=eaAaGwObaaamqv)(mh=ro3emeQAc2fsiEUe)9.jpg;https://ei.phncdn.com/videos/202608/01/57436175/original/(m=eaAaGwObaaamqv)(mh=ro3emeQAc2fsiEUe)10.jpg;https://ei.phncdn.com/videos/202608/01/57436175/original/(m=eaAaGwObaaamqv)(mh=ro3emeQAc2fsiEUe)11.jpg;https://ei.phncdn.com/videos/202608/01/57436175/original/(m=eaAaGwObaaamqv)(mh=ro3emeQAc2fsiEUe)12.jpg;https://ei.phncdn.com/videos/202608/01/57436175/original/(m=eaAaGwObaaamqv)(mh=ro3emeQAc2fsiEUe)13.jpg;https://ei.phncdn.com/videos/202608/01/57436175/original/(m=eaAaGwObaaamqv)(mh=ro3emeQAc2fsiEUe)14.jpg;https://ei.phncdn.com/videos/202608/01/57436175/original/(m=eaAaGwObaaamqv)(mh=ro3emeQAc2fsiEUe)15.jpg;https://ei.phncdn.com/videos/202608/01/57436175/original/(m=eaAaGwObaaamqv)(mh=ro3emeQAc2fsiEUe)16.jpg
<iframe src="https://www.pornhub.com/embed/6a6e863c2cd1f" frameborder="0" height="481" width="608" scrolling="no"></iframe>|https://ei.phncdn.com/videos/202608/01/57484905/original/(m=eaf8GgaaaWavb)(mh=E6elZU0DCAi_0Y-T)12.jpg|https://ei.phncdn.com/videos/202608/01/57484905/original/(m=eaf8GgaaaWavb)(mh=E6elZU0DCAi_0Y-T)1.jpg;https://ei.phncdn.com/videos/202608/01/57484905/original/(m=eaf8GgaaaWavb)(mh=E6elZU0DCAi_0Y-T)2.jpg;https://ei.phncdn.com/videos/202608/01/57484905/original/(m=eaf8GgaaaWavb)(mh=E6elZU0DCAi_0Y-T)3.jpg;https://ei.phncdn.com/videos/202608/01/57484905/original/(m=eaf8GgaaaWavb)(mh=E6elZU0DCAi_0Y-T)4.jpg;https://ei.phncdn.com/videos/202608/01/57484905/original/(m=eaf8GgaaaWavb)(mh=E6elZU0DCAi_0Y-T)5.jpg;https://ei.phncdn.com/videos/202608/01/57484905/original/(m=eaf8GgaaaWavb)(mh=E6elZU0DCAi_0Y-T)6.jpg;https://ei.phncdn.com/videos/202608/01/57484905/original/(m=eaf8GgaaaWavb)(mh=E6elZU0DCAi_0Y-T)7.jpg;https://ei.phncdn.com/videos/202608/01/57484905/original/(m=eaf8GgaaaWavb)(mh=E6elZU0DCAi_0Y-T)8.jpg;https://ei.phncdn.com/videos/202608/01/57484905/original/(m=eaf8GgaaaWavb)(mh=E6elZU0DCAi_0Y-T)9.jpg;https://ei.phncdn.com/videos/202608/01/57484905/original/(m=eaf8GgaaaWavb)(mh=E6elZU0DCAi_0Y-T)10.jpg;https://ei.phncdn.com/videos/202608/01/57484905/original/(m=eaf8GgaaaWavb)(mh=E6elZU0DCAi_0Y-T)11.jpg;https://ei.phncdn.com/videos/202608/01/57484905/original/(m=eaf8GgaaaWavb)(mh=E6elZU0DCAi_0Y-T)12.jpg;https://ei.phncdn.com/videos/202608/01/57484905/original/(m=eaf8GgaaaWavb)(mh=E6elZU0DCAi_0Y-T)13.jpg;https://ei.phncdn.com/videos/202608/01/57484905/original/(m=eaf8GgaaaWavb)(mh=E6elZU0DCAi_0Y-T)14.jpg;https://ei.phncdn.com/videos/202608/01/57484905/original/(m=eaf8GgaaaWavb)(mh=E6elZU0DCAi_0Y-T)15.jpg;https://ei.phncdn.com/videos/202608/01/57484905/original/(m=eaf8GgaaaWavb)(mh=E6elZU0DCAi_0Y-T)16.jpg|Ready when you are 😈|schoolgirl;slut;gamer;onlyfans;emo;big-ass;tiktok|Casting;Czech;Exclusive;Verified Amateurs;Cosplay;Solo Female||5|4|||https://ei.phncdn.com/videos/202608/01/57484905/original/(m=eaAaGwObaaamqv)(mh=cZADsaIkPVi8ipT9)12.jpg|https://ei.phncdn.com/videos/202608/01/57484905/original/(m=eaAaGwObaaamqv)(mh=cZADsaIkPVi8ipT9)1.jpg;https://ei.phncdn.com/videos/202608/01/57484905/original/(m=eaAaGwObaaamqv)(mh=cZADsaIkPVi8ipT9)2.jpg;https://ei.phncdn.com/videos/202608/01/57484905/original/(m=eaAaGwObaaamqv)(mh=cZADsaIkPVi8ipT9)3.jpg;https://ei.phncdn.com/videos/202608/01/57484905/original/(m=eaAaGwObaaamqv)(mh=cZADsaIkPVi8ipT9)4.jpg;https://ei.phncdn.com/videos/202608/01/57484905/original/(m=eaAaGwObaaamqv)(mh=cZADsaIkPVi8ipT9)5.jpg;https://ei.phncdn.com/videos/202608/01/57484905/original/(m=eaAaGwObaaamqv)(mh=cZADsaIkPVi8ipT9)6.jpg;https://ei.phncdn.com/videos/202608/01/57484905/original/(m=eaAaGwObaaamqv)(mh=cZADsaIkPVi8ipT9)7.jpg;https://ei.phncdn.com/videos/202608/01/57484905/original/(m=eaAaGwObaaamqv)(mh=cZADsaIkPVi8ipT9)8.jpg;https://ei.phncdn.com/videos/202608/01/57484905/original/(m=eaAaGwObaaamqv)(mh=cZADsaIkPVi8ipT9)9.jpg;https://ei.phncdn.com/videos/202608/01/57484905/original/(m=eaAaGwObaaamqv)(mh=cZADsaIkPVi8ipT9)10.jpg;https://ei.phncdn.com/videos/202608/01/57484905/original/(m=eaAaGwObaaamqv)(mh=cZADsaIkPVi8ipT9)11.jpg;https://ei.phncdn.com/videos/202608/01/57484905/original/(m=eaAaGwObaaamqv)(mh=cZADsaIkPVi8ipT9)12.jpg;https://ei.phncdn.com/videos/202608/01/57484905/original/(m=eaAaGwObaaamqv)(mh=cZADsaIkPVi8ipT9)13.jpg;https://ei.phncdn.com/videos/202608/01/57484905/original/(m=eaAaGwObaaamqv)(mh=cZADsaIkPVi8ipT9)14.jpg;https://ei.phncdn.com/videos/202608/01/57484905/original/(m=eaAaGwObaaamqv)(mh=cZADsaIkPVi8ipT9)15.jpg;https://ei.phncdn.com/videos/202608/01/57484905/original/(m=eaAaGwObaaamqv)(mh=cZADsaIkPVi8ipT9)16.jpg
<iframe src="https://www.pornhub.com/embed/6a6eb311bc572" frameborder="0" height="481" width="608" scrolling="no"></iframe>|https://ei.phncdn.com/videos/202608/02/57498975/original/(m=eaf8GgaaaWavb)(mh=zliAAeZ9O2Q-bEcs)12.jpg|https://ei.phncdn.com/videos/202608/02/57498975/original/(m=eaf8GgaaaWavb)(mh=zliAAeZ9O2Q-bEcs)1.jpg;https://ei.phncdn.com/videos/202608/02/57498975/original/(m=eaf8GgaaaWavb)(mh=zliAAeZ9O2Q-bEcs)2.jpg;https://ei.phncdn.com/videos/202608/02/57498975/original/(m=eaf8GgaaaWavb)(mh=zliAAeZ9O2Q-bEcs)3.jpg;https://ei.phncdn.com/videos/202608/02/57498975/original/(m=eaf8GgaaaWavb)(mh=zliAAeZ9O2Q-bEcs)4.jpg;https://ei.phncdn.com/videos/202608/02/57498975/original/(m=eaf8GgaaaWavb)(mh=zliAAeZ9O2Q-bEcs)5.jpg;https://ei.phncdn.com/videos/202608/02/57498975/original/(m=eaf8GgaaaWavb)(mh=zliAAeZ9O2Q-bEcs)6.jpg;https://ei.phncdn.com/videos/202608/02/57498975/original/(m=eaf8GgaaaWavb)(mh=zliAAeZ9O2Q-bEcs)7.jpg;https://ei.phncdn.com/videos/202608/02/57498975/original/(m=eaf8GgaaaWavb)(mh=zliAAeZ9O2Q-bEcs)8.jpg;https://ei.phncdn.com/videos/202608/02/57498975/original/(m=eaf8GgaaaWavb)(mh=zliAAeZ9O2Q-bEcs)9.jpg;https://ei.phncdn.com/videos/202608/02/57498975/original/(m=eaf8GgaaaWavb)(mh=zliAAeZ9O2Q-bEcs)10.jpg;https://ei.phncdn.com/videos/202608/02/57498975/original/(m=eaf8GgaaaWavb)(mh=zliAAeZ9O2Q-bEcs)11.jpg;https://ei.phncdn.com/videos/202608/02/57498975/original/(m=eaf8GgaaaWavb)(mh=zliAAeZ9O2Q-bEcs)12.jpg;https://ei.phncdn.com/videos/202608/02/57498975/original/(m=eaf8GgaaaWavb)(mh=zliAAeZ9O2Q-bEcs)13.jpg;https://ei.phncdn.com/videos/202608/02/57498975/original/(m=eaf8GgaaaWavb)(mh=zliAAeZ9O2Q-bEcs)14.jpg;https://ei.phncdn.com/videos/202608/02/57498975/original/(m=eaf8GgaaaWavb)(mh=zliAAeZ9O2Q-bEcs)15.jpg;https://ei.phncdn.com/videos/202608/02/57498975/original/(m=eaf8GgaaaWavb)(mh=zliAAeZ9O2Q-bEcs)16.jpg|Ready when you are 😇|big-tits;popular;new;vertical-porn;schoolgirl;onlyfans;lingerie;pov|Casting;Verified Amateurs;Cosplay;Solo Female||12|345|2|0|https://ei.phncdn.com/videos/202608/02/57498975/original/(m=eaAaGwObaaamqv)(mh=vnIq4SSY8vLg5n3z)12.jpg|https://ei.phncdn.com/videos/202608/02/57498975/original/(m=eaAaGwObaaamqv)(mh=vnIq4SSY8vLg5n3z)1.jpg;https://ei.phncdn.com/videos/202608/02/57498975/original/(m=eaAaGwObaaamqv)(mh=vnIq4SSY8vLg5n3z)2.jpg;https://ei.phncdn.com/videos/202608/02/57498975/original/(m=eaAaGwObaaamqv)(mh=vnIq4SSY8vLg5n3z)3.jpg;https://ei.phncdn.com/videos/202608/02/57498975/original/(m=eaAaGwObaaamqv)(mh=vnIq4SSY8vLg5n3z)4.jpg;https://ei.phncdn.com/videos/202608/02/57498975/original/(m=eaAaGwObaaamqv)(mh=vnIq4SSY8vLg5n3z)5.jpg;https://ei.phncdn.com/videos/202608/02/57498975/original/(m=eaAaGwObaaamqv)(mh=vnIq4SSY8vLg5n3z)6.jpg;https://ei.phncdn.com/videos/202608/02/57498975/original/(m=eaAaGwObaaamqv)(mh=vnIq4SSY8vLg5n3z)7.jpg;https://ei.phncdn.com/videos/202608/02/57498975/original/(m=eaAaGwObaaamqv)(mh=vnIq4SSY8vLg5n3z)8.jpg;https://ei.phncdn.com/videos/202608/02/57498975/original/(m=eaAaGwObaaamqv)(mh=vnIq4SSY8vLg5n3z)9.jpg;https://ei.phncdn.com/videos/202608/02/57498975/original/(m=eaAaGwObaaamqv)(mh=vnIq4SSY8vLg5n3z)10.jpg;https://ei.phncdn.com/videos/202608/02/57498975/original/(m=eaAaGwObaaamqv)(mh=vnIq4SSY8vLg5n3z)11.jpg;https://ei.phncdn.com/videos/202608/02/57498975/original/(m=eaAaGwObaaamqv)(mh=vnIq4SSY8vLg5n3z)12.jpg;https://ei.phncdn.com/videos/202608/02/57498975/original/(m=eaAaGwObaaamqv)(mh=vnIq4SSY8vLg5n3z)13.jpg;https://ei.phncdn.com/videos/202608/02/57498975/original/(m=eaAaGwObaaamqv)(mh=vnIq4SSY8vLg5n3z)14.jpg;https://ei.phncdn.com/videos/202608/02/57498975/original/(m=eaAaGwObaaamqv)(mh=vnIq4SSY8vLg5n3z)15.jpg;https://ei.phncdn.com/videos/202608/02/57498975/original/(m=eaAaGwObaaamqv)(mh=vnIq4SSY8vLg5n3z)16.jpg
<iframe src="https://www.pornhub.com/embed/6a6eef1edd7d1" frameborder="0" height="481" width="608" scrolling="no"></iframe>|https://ei.phncdn.com/videos/202608/02/57513355/original/(m=eaf8GgaaaWavb)(mh=gUXb5eqOhBpcagr-)12.jpg|https://ei.phncdn.com/videos/202608/02/57513355/original/(m=eaf8GgaaaWavb)(mh=gUXb5eqOhBpcagr-)1.jpg;https://ei.phncdn.com/videos/202608/02/57513355/original/(m=eaf8GgaaaWavb)(mh=gUXb5eqOhBpcagr-)2.jpg;https://ei.phncdn.com/videos/202608/02/57513355/original/(m=eaf8GgaaaWavb)(mh=gUXb5eqOhBpcagr-)3.jpg;https://ei.phncdn.com/videos/202608/02/57513355/original/(m=eaf8GgaaaWavb)(mh=gUXb5eqOhBpcagr-)4.jpg;https://ei.phncdn.com/videos/202608/02/57513355/original/(m=eaf8GgaaaWavb)(mh=gUXb5eqOhBpcagr-)5.jpg;https://ei.phncdn.com/videos/202608/02/57513355/original/(m=eaf8GgaaaWavb)(mh=gUXb5eqOhBpcagr-)6.jpg;https://ei.phncdn.com/videos/202608/02/57513355/original/(m=eaf8GgaaaWavb)(mh=gUXb5eqOhBpcagr-)7.jpg;https://ei.phncdn.com/videos/202608/02/57513355/original/(m=eaf8GgaaaWavb)(mh=gUXb5eqOhBpcagr-)8.jpg;https://ei.phncdn.com/videos/202608/02/57513355/original/(m=eaf8GgaaaWavb)(mh=gUXb5eqOhBpcagr-)9.jpg;https://ei.phncdn.com/videos/202608/02/57513355/original/(m=eaf8GgaaaWavb)(mh=gUXb5eqOhBpcagr-)10.jpg;https://ei.phncdn.com/videos/202608/02/57513355/original/(m=eaf8GgaaaWavb)(mh=gUXb5eqOhBpcagr-)11.jpg;https://ei.phncdn.com/videos/202608/02/57513355/original/(m=eaf8GgaaaWavb)(mh=gUXb5eqOhBpcagr-)12.jpg;https://ei.phncdn.com/videos/202608/02/57513355/original/(m=eaf8GgaaaWavb)(mh=gUXb5eqOhBpcagr-)13.jpg;https://ei.phncdn.com/videos/202608/02/57513355/original/(m=eaf8GgaaaWavb)(mh=gUXb5eqOhBpcagr-)14.jpg;https://ei.phncdn.com/videos/202608/02/57513355/original/(m=eaf8GgaaaWavb)(mh=gUXb5eqOhBpcagr-)15.jpg;https://ei.phncdn.com/videos/202608/02/57513355/original/(m=eaf8GgaaaWavb)(mh=gUXb5eqOhBpcagr-)16.jpg|What position will you take me in? 😈|goth;shaved-pussy;popular;closeup|Casting;Exclusive;Verified Amateurs;Cosplay;Solo Female;Gaming||8|7|1|0|https://ei.phncdn.com/videos/202608/02/57513355/original/(m=eaAaGwObaaamqv)(mh=G6JlNkKrf8Z0vDe8)12.jpg|https://ei.phncdn.com/videos/202608/02/57513355/original/(m=eaAaGwObaaamqv)(mh=G6JlNkKrf8Z0vDe8)1.jpg;https://ei.phncdn.com/videos/202608/02/57513355/original/(m=eaAaGwObaaamqv)(mh=G6JlNkKrf8Z0vDe8)2.jpg;https://ei.phncdn.com/videos/202608/02/57513355/original/(m=eaAaGwObaaamqv)(mh=G6JlNkKrf8Z0vDe8)3.jpg;https://ei.phncdn.com/videos/202608/02/57513355/original/(m=eaAaGwObaaamqv)(mh=G6JlNkKrf8Z0vDe8)4.jpg;https://ei.phncdn.com/videos/202608/02/57513355/original/(m=eaAaGwObaaamqv)(mh=G6JlNkKrf8Z0vDe8)5.jpg;https://ei.phncdn.com/videos/202608/02/57513355/original/(m=eaAaGwObaaamqv)(mh=G6JlNkKrf8Z0vDe8)6.jpg;https://ei.phncdn.com/videos/202608/02/57513355/original/(m=eaAaGwObaaamqv)(mh=G6JlNkKrf8Z0vDe8)7.jpg;https://ei.phncdn.com/videos/202608/02/57513355/original/(m=eaAaGwObaaamqv)(mh=G6JlNkKrf8Z0vDe8)8.jpg;https://ei.phncdn.com/videos/202608/02/57513355/original/(m=eaAaGwObaaamqv)(mh=G6JlNkKrf8Z0vDe8)9.jpg;https://ei.phncdn.com/videos/202608/02/57513355/original/(m=eaAaGwObaaamqv)(mh=G6JlNkKrf8Z0vDe8)10.jpg;https://ei.phncdn.com/videos/202608/02/57513355/original/(m=eaAaGwObaaamqv)(mh=G6JlNkKrf8Z0vDe8)11.jpg;https://ei.phncdn.com/videos/202608/02/57513355/original/(m=eaAaGwObaaamqv)(mh=G6JlNkKrf8Z0vDe8)12.jpg;https://ei.phncdn.com/videos/202608/02/57513355/original/(m=eaAaGwObaaamqv)(mh=G6JlNkKrf8Z0vDe8)13.jpg;https://ei.phncdn.com/videos/202608/02/57513355/original/(m=eaAaGwObaaamqv)(mh=G6JlNkKrf8Z0vDe8)14.jpg;https://ei.phncdn.com/videos/202608/02/57513355/original/(m=eaAaGwObaaamqv)(mh=G6JlNkKrf8Z0vDe8)15.jpg;https://ei.phncdn.com/videos/202608/02/57513355/original/(m=eaAaGwObaaamqv)(mh=G6JlNkKrf8Z0vDe8)16.jpg
<iframe src="https://www.pornhub.com/embed/6a6f02de2af35" frameborder="0" height="481" width="608" scrolling="no"></iframe>|https://ei.phncdn.com/videos/202608/02/57517515/original/(m=eaf8GgaaaWavb)(mh=IJK3LLRuRriv43m3)12.jpg|https://ei.phncdn.com/videos/202608/02/57517515/original/(m=eaf8GgaaaWavb)(mh=IJK3LLRuRriv43m3)1.jpg;https://ei.phncdn.com/videos/202608/02/57517515/original/(m=eaf8GgaaaWavb)(mh=IJK3LLRuRriv43m3)2.jpg;https://ei.phncdn.com/videos/202608/02/57517515/original/(m=eaf8GgaaaWavb)(mh=IJK3LLRuRriv43m3)3.jpg;https://ei.phncdn.com/videos/202608/02/57517515/original/(m=eaf8GgaaaWavb)(mh=IJK3LLRuRriv43m3)4.jpg;https://ei.phncdn.com/videos/202608/02/57517515/original/(m=eaf8GgaaaWavb)(mh=IJK3LLRuRriv43m3)5.jpg;https://ei.phncdn.com/videos/202608/02/57517515/original/(m=eaf8GgaaaWavb)(mh=IJK3LLRuRriv43m3)6.jpg;https://ei.phncdn.com/videos/202608/02/57517515/original/(m=eaf8GgaaaWavb)(mh=IJK3LLRuRriv43m3)7.jpg;https://ei.phncdn.com/videos/202608/02/57517515/original/(m=eaf8GgaaaWavb)(mh=IJK3LLRuRriv43m3)8.jpg;https://ei.phncdn.com/videos/202608/02/57517515/original/(m=eaf8GgaaaWavb)(mh=IJK3LLRuRriv43m3)9.jpg;https://ei.phncdn.com/videos/202608/02/57517515/original/(m=eaf8GgaaaWavb)(mh=IJK3LLRuRriv43m3)10.jpg;https://ei.phncdn.com/videos/202608/02/57517515/original/(m=eaf8GgaaaWavb)(mh=IJK3LLRuRriv43m3)11.jpg;https://ei.phncdn.com/videos/202608/02/57517515/original/(m=eaf8GgaaaWavb)(mh=IJK3LLRuRriv43m3)12.jpg;https://ei.phncdn.com/videos/202608/02/57517515/original/(m=eaf8GgaaaWavb)(mh=IJK3LLRuRriv43m3)13.jpg;https://ei.phncdn.com/videos/202608/02/57517515/original/(m=eaf8GgaaaWavb)(mh=IJK3LLRuRriv43m3)14.jpg;https://ei.phncdn.com/videos/202608/02/57517515/original/(m=eaf8GgaaaWavb)(mh=IJK3LLRuRriv43m3)15.jpg;https://ei.phncdn.com/videos/202608/02/57517515/original/(m=eaf8GgaaaWavb)(mh=IJK3LLRuRriv43m3)16.jpg|Tattooed girl teases with bare tits out 💗|new;shaved-pussy;dildo;popular;piercing;teenage|Casting;Czech;Verified Amateurs;Solo Female;Female Orgasm;Romantic||11|10|||https://ei.phncdn.com/videos/202608/02/57517515/original/(m=eaAaGwObaaamqv)(mh=5hB15uiQD2l9xmPs)12.jpg|https://ei.phncdn.com/videos/202608/02/57517515/original/(m=eaAaGwObaaamqv)(mh=5hB15uiQD2l9xmPs)1.jpg;https://ei.phncdn.com/videos/202608/02/57517515/original/(m=eaAaGwObaaamqv)(mh=5hB15uiQD2l9xmPs)2.jpg;https://ei.phncdn.com/videos/202608/02/57517515/original/(m=eaAaGwObaaamqv)(mh=5hB15uiQD2l9xmPs)3.jpg;https://ei.phncdn.com/videos/202608/02/57517515/original/(m=eaAaGwObaaamqv)(mh=5hB15uiQD2l9xmPs)4.jpg;https://ei.phncdn.com/videos/202608/02/57517515/original/(m=eaAaGwObaaamqv)(mh=5hB15uiQD2l9xmPs)5.jpg;https://ei.phncdn.com/videos/202608/02/57517515/original/(m=eaAaGwObaaamqv)(mh=5hB15uiQD2l9xmPs)6.jpg;https://ei.phncdn.com/videos/202608/02/57517515/original/(m=eaAaGwObaaamqv)(mh=5hB15uiQD2l9xmPs)7.jpg;https://ei.phncdn.com/videos/202608/02/57517515/original/(m=eaAaGwObaaamqv)(mh=5hB15uiQD2l9xmPs)8.jpg;https://ei.phncdn.com/videos/202608/02/57517515/original/(m=eaAaGwObaaamqv)(mh=5hB15uiQD2l9xmPs)9.jpg;https://ei.phncdn.com/videos/202608/02/57517515/original/(m=eaAaGwObaaamqv)(mh=5hB15uiQD2l9xmPs)10.jpg;https://ei.phncdn.com/videos/202608/02/57517515/original/(m=eaAaGwObaaamqv)(mh=5hB15uiQD2l9xmPs)11.jpg;https://ei.phncdn.com/videos/202608/02/57517515/original/(m=eaAaGwObaaamqv)(mh=5hB15uiQD2l9xmPs)12.jpg;https://ei.phncdn.com/videos/202608/02/57517515/original/(m=eaAaGwObaaamqv)(mh=5hB15uiQD2l9xmPs)13.jpg;https://ei.phncdn.com/videos/202608/02/57517515/original/(m=eaAaGwObaaamqv)(mh=5hB15uiQD2l9xmPs)14.jpg;https://ei.phncdn.com/videos/202608/02/57517515/original/(m=eaAaGwObaaamqv)(mh=5hB15uiQD2l9xmPs)15.jpg;https://ei.phncdn.com/videos/202608/02/57517515/original/(m=eaAaGwObaaamqv)(mh=5hB15uiQD2l9xmPs)16.jpg
<iframe src="https://www.pornhub.com/embed/6a6fb3d953c06" frameborder="0" height="481" width="608" scrolling="no"></iframe>|https://ei.phncdn.com/videos/202608/02/57571815/original/(m=eaf8GgaaaWavb)(mh=pEghZeqzFFNn59_S)12.jpg|https://ei.phncdn.com/videos/202608/02/57571815/original/(m=eaf8GgaaaWavb)(mh=pEghZeqzFFNn59_S)1.jpg;https://ei.phncdn.com/videos/202608/02/57571815/original/(m=eaf8GgaaaWavb)(mh=pEghZeqzFFNn59_S)2.jpg;https://ei.phncdn.com/videos/202608/02/57571815/original/(m=eaf8GgaaaWavb)(mh=pEghZeqzFFNn59_S)3.jpg;https://ei.phncdn.com/videos/202608/02/57571815/original/(m=eaf8GgaaaWavb)(mh=pEghZeqzFFNn59_S)4.jpg;https://ei.phncdn.com/videos/202608/02/57571815/original/(m=eaf8GgaaaWavb)(mh=pEghZeqzFFNn59_S)5.jpg;https://ei.phncdn.com/videos/202608/02/57571815/original/(m=eaf8GgaaaWavb)(mh=pEghZeqzFFNn59_S)6.jpg;https://ei.phncdn.com/videos/202608/02/57571815/original/(m=eaf8GgaaaWavb)(mh=pEghZeqzFFNn59_S)7.jpg;https://ei.phncdn.com/videos/202608/02/57571815/original/(m=eaf8GgaaaWavb)(mh=pEghZeqzFFNn59_S)8.jpg;https://ei.phncdn.com/videos/202608/02/57571815/original/(m=eaf8GgaaaWavb)(mh=pEghZeqzFFNn59_S)9.jpg;https://ei.phncdn.com/videos/202608/02/57571815/original/(m=eaf8GgaaaWavb)(mh=pEghZeqzFFNn59_S)10.jpg;https://ei.phncdn.com/videos/202608/02/57571815/original/(m=eaf8GgaaaWavb)(mh=pEghZeqzFFNn59_S)11.jpg;https://ei.phncdn.com/videos/202608/02/57571815/original/(m=eaf8GgaaaWavb)(mh=pEghZeqzFFNn59_S)12.jpg;https://ei.phncdn.com/videos/202608/02/57571815/original/(m=eaf8GgaaaWavb)(mh=pEghZeqzFFNn59_S)13.jpg;https://ei.phncdn.com/videos/202608/02/57571815/original/(m=eaf8GgaaaWavb)(mh=pEghZeqzFFNn59_S)14.jpg;https://ei.phncdn.com/videos/202608/02/57571815/original/(m=eaf8GgaaaWavb)(mh=pEghZeqzFFNn59_S)15.jpg;https://ei.phncdn.com/videos/202608/02/57571815/original/(m=eaf8GgaaaWavb)(mh=pEghZeqzFFNn59_S)16.jpg|Wanna taste how wet I am? 🥰|pov;student;college;new|Casting;Verified Amateurs;Solo Female;Romantic||12|20|1|0|https://ei.phncdn.com/videos/202608/02/57571815/original/(m=eaAaGwObaaamqv)(mh=G-zKjgKMv0Xrozuv)12.jpg|https://ei.phncdn.com/videos/202608/02/57571815/original/(m=eaAaGwObaaamqv)(mh=G-zKjgKMv0Xrozuv)1.jpg;https://ei.phncdn.com/videos/202608/02/57571815/original/(m=eaAaGwObaaamqv)(mh=G-zKjgKMv0Xrozuv)2.jpg;https://ei.phncdn.com/videos/202608/02/57571815/original/(m=eaAaGwObaaamqv)(mh=G-zKjgKMv0Xrozuv)3.jpg;https://ei.phncdn.com/videos/202608/02/57571815/original/(m=eaAaGwObaaamqv)(mh=G-zKjgKMv0Xrozuv)4.jpg;https://ei.phncdn.com/videos/202608/02/57571815/original/(m=eaAaGwObaaamqv)(mh=G-zKjgKMv0Xrozuv)5.jpg;https://ei.phncdn.com/videos/202608/02/57571815/original/(m=eaAaGwObaaamqv)(mh=G-zKjgKMv0Xrozuv)6.jpg;https://ei.phncdn.com/videos/202608/02/57571815/original/(m=eaAaGwObaaamqv)(mh=G-zKjgKMv0Xrozuv)7.jpg;https://ei.phncdn.com/videos/202608/02/57571815/original/(m=eaAaGwObaaamqv)(mh=G-zKjgKMv0Xrozuv)8.jpg;https://ei.phncdn.com/videos/202608/02/57571815/original/(m=eaAaGwObaaamqv)(mh=G-zKjgKMv0Xrozuv)9.jpg;https://ei.phncdn.com/videos/202608/02/57571815/original/(m=eaAaGwObaaamqv)(mh=G-zKjgKMv0Xrozuv)10.jpg;https://ei.phncdn.com/videos/202608/02/57571815/original/(m=eaAaGwObaaamqv)(mh=G-zKjgKMv0Xrozuv)11.jpg;https://ei.phncdn.com/videos/202608/02/57571815/original/(m=eaAaGwObaaamqv)(mh=G-zKjgKMv0Xrozuv)12.jpg;https://ei.phncdn.com/videos/202608/02/57571815/original/(m=eaAaGwObaaamqv)(mh=G-zKjgKMv0Xrozuv)13.jpg;https://ei.phncdn.com/videos/202608/02/57571815/original/(m=eaAaGwObaaamqv)(mh=G-zKjgKMv0Xrozuv)14.jpg;https://ei.phncdn.com/videos/202608/02/57571815/original/(m=eaAaGwObaaamqv)(mh=G-zKjgKMv0Xrozuv)15.jpg;https://ei.phncdn.com/videos/202608/02/57571815/original/(m=eaAaGwObaaamqv)(mh=G-zKjgKMv0Xrozuv)16.jpg
<iframe src="https://www.pornhub.com/embed/6a70613c110c2" frameborder="0" height="481" width="608" scrolling="no"></iframe>|https://ei.phncdn.com/videos/202608/03/57624615/original/(m=eaf8GgaaaWavb)(mh=UhA-SM-L0UJLRCIn)12.jpg|https://ei.phncdn.com/videos/202608/03/57624615/original/(m=eaf8GgaaaWavb)(mh=UhA-SM-L0UJLRCIn)1.jpg;https://ei.phncdn.com/videos/202608/03/57624615/original/(m=eaf8GgaaaWavb)(mh=UhA-SM-L0UJLRCIn)2.jpg;https://ei.phncdn.com/videos/202608/03/57624615/original/(m=eaf8GgaaaWavb)(mh=UhA-SM-L0UJLRCIn)3.jpg;https://ei.phncdn.com/videos/202608/03/57624615/original/(m=eaf8GgaaaWavb)(mh=UhA-SM-L0UJLRCIn)4.jpg;https://ei.phncdn.com/videos/202608/03/57624615/original/(m=eaf8GgaaaWavb)(mh=UhA-SM-L0UJLRCIn)5.jpg;https://ei.phncdn.com/videos/202608/03/57624615/original/(m=eaf8GgaaaWavb)(mh=UhA-SM-L0UJLRCIn)6.jpg;https://ei.phncdn.com/videos/202608/03/57624615/original/(m=eaf8GgaaaWavb)(mh=UhA-SM-L0UJLRCIn)7.jpg;https://ei.phncdn.com/videos/202608/03/57624615/original/(m=eaf8GgaaaWavb)(mh=UhA-SM-L0UJLRCIn)8.jpg;https://ei.phncdn.com/videos/202608/03/57624615/original/(m=eaf8GgaaaWavb)(mh=UhA-SM-L0UJLRCIn)9.jpg;https://ei.phncdn.com/videos/202608/03/57624615/original/(m=eaf8GgaaaWavb)(mh=UhA-SM-L0UJLRCIn)10.jpg;https://ei.phncdn.com/videos/202608/03/57624615/original/(m=eaf8GgaaaWavb)(mh=UhA-SM-L0UJLRCIn)11.jpg;https://ei.phncdn.com/videos/202608/03/57624615/original/(m=eaf8GgaaaWavb)(mh=UhA-SM-L0UJLRCIn)12.jpg;https://ei.phncdn.com/videos/202608/03/57624615/original/(m=eaf8GgaaaWavb)(mh=UhA-SM-L0UJLRCIn)13.jpg;https://ei.phncdn.com/videos/202608/03/57624615/original/(m=eaf8GgaaaWavb)(mh=UhA-SM-L0UJLRCIn)14.jpg;https://ei.phncdn.com/videos/202608/03/57624615/original/(m=eaf8GgaaaWavb)(mh=UhA-SM-L0UJLRCIn)15.jpg;https://ei.phncdn.com/videos/202608/03/57624615/original/(m=eaf8GgaaaWavb)(mh=UhA-SM-L0UJLRCIn)16.jpg|You gonna eat me like that? 💗|e-girl;thick;closeup|Casting;Exclusive;Verified Amateurs;Solo Female;Female Orgasm;Tattooed Women||5|2|||https://ei.phncdn.com/videos/202608/03/57624615/original/(m=eaAaGwObaaamqv)(mh=w9W8fnIfkGDZ8SfB)12.jpg|https://ei.phncdn.com/videos/202608/03/57624615/original/(m=eaAaGwObaaamqv)(mh=w9W8fnIfkGDZ8SfB)1.jpg;https://ei.phncdn.com/videos/202608/03/57624615/original/(m=eaAaGwObaaamqv)(mh=w9W8fnIfkGDZ8SfB)2.jpg;https://ei.phncdn.com/videos/202608/03/57624615/original/(m=eaAaGwObaaamqv)(mh=w9W8fnIfkGDZ8SfB)3.jpg;https://ei.phncdn.com/videos/202608/03/57624615/original/(m=eaAaGwObaaamqv)(mh=w9W8fnIfkGDZ8SfB)4.jpg;https://ei.phncdn.com/videos/202608/03/57624615/original/(m=eaAaGwObaaamqv)(mh=w9W8fnIfkGDZ8SfB)5.jpg;https://ei.phncdn.com/videos/202608/03/57624615/original/(m=eaAaGwObaaamqv)(mh=w9W8fnIfkGDZ8SfB)6.jpg;https://ei.phncdn.com/videos/202608/03/57624615/original/(m=eaAaGwObaaamqv)(mh=w9W8fnIfkGDZ8SfB)7.jpg;https://ei.phncdn.com/videos/202608/03/57624615/original/(m=eaAaGwObaaamqv)(mh=w9W8fnIfkGDZ8SfB)8.jpg;https://ei.phncdn.com/videos/202608/03/57624615/original/(m=eaAaGwObaaamqv)(mh=w9W8fnIfkGDZ8SfB)9.jpg;https://ei.phncdn.com/videos/202608/03/57624615/original/(m=eaAaGwObaaamqv)(mh=w9W8fnIfkGDZ8SfB)10.jpg;https://ei.phncdn.com/videos/202608/03/57624615/original/(m=eaAaGwObaaamqv)(mh=w9W8fnIfkGDZ8SfB)11.jpg;https://ei.phncdn.com/videos/202608/03/57624615/original/(m=eaAaGwObaaamqv)(mh=w9W8fnIfkGDZ8SfB)12.jpg;https://ei.phncdn.com/videos/202608/03/57624615/original/(m=eaAaGwObaaamqv)(mh=w9W8fnIfkGDZ8SfB)13.jpg;https://ei.phncdn.com/videos/202608/03/57624615/original/(m=eaAaGwObaaamqv)(mh=w9W8fnIfkGDZ8SfB)14.jpg;https://ei.phncdn.com/videos/202608/03/57624615/original/(m=eaAaGwObaaamqv)(mh=w9W8fnIfkGDZ8SfB)15.jpg;https://ei.phncdn.com/videos/202608/03/57624615/original/(m=eaAaGwObaaamqv)(mh=w9W8fnIfkGDZ8SfB)16.jpg
<iframe src="https://www.pornhub.com/embed/6a7080f75755f" frameborder="0" height="481" width="608" scrolling="no"></iframe>|https://ei.phncdn.com/videos/202608/03/57635275/original/(m=eaf8GgaaaWavb)(mh=MdLwKt8NnIJzVpzt)12.jpg|https://ei.phncdn.com/videos/202608/03/57635275/original/(m=eaf8GgaaaWavb)(mh=MdLwKt8NnIJzVpzt)1.jpg;https://ei.phncdn.com/videos/202608/03/57635275/original/(m=eaf8GgaaaWavb)(mh=MdLwKt8NnIJzVpzt)2.jpg;https://ei.phncdn.com/videos/202608/03/57635275/original/(m=eaf8GgaaaWavb)(mh=MdLwKt8NnIJzVpzt)3.jpg;https://ei.phncdn.com/videos/202608/03/57635275/original/(m=eaf8GgaaaWavb)(mh=MdLwKt8NnIJzVpzt)4.jpg;https://ei.phncdn.com/videos/202608/03/57635275/original/(m=eaf8GgaaaWavb)(mh=MdLwKt8NnIJzVpzt)5.jpg;https://ei.phncdn.com/videos/202608/03/57635275/original/(m=eaf8GgaaaWavb)(mh=MdLwKt8NnIJzVpzt)6.jpg;https://ei.phncdn.com/videos/202608/03/57635275/original/(m=eaf8GgaaaWavb)(mh=MdLwKt8NnIJzVpzt)7.jpg;https://ei.phncdn.com/videos/202608/03/57635275/original/(m=eaf8GgaaaWavb)(mh=MdLwKt8NnIJzVpzt)8.jpg;https://ei.phncdn.com/videos/202608/03/57635275/original/(m=eaf8GgaaaWavb)(mh=MdLwKt8NnIJzVpzt)9.jpg;https://ei.phncdn.com/videos/202608/03/57635275/original/(m=eaf8GgaaaWavb)(mh=MdLwKt8NnIJzVpzt)10.jpg;https://ei.phncdn.com/videos/202608/03/57635275/original/(m=eaf8GgaaaWavb)(mh=MdLwKt8NnIJzVpzt)11.jpg;https://ei.phncdn.com/videos/202608/03/57635275/original/(m=eaf8GgaaaWavb)(mh=MdLwKt8NnIJzVpzt)12.jpg;https://ei.phncdn.com/videos/202608/03/57635275/original/(m=eaf8GgaaaWavb)(mh=MdLwKt8NnIJzVpzt)13.jpg;https://ei.phncdn.com/videos/202608/03/57635275/original/(m=eaf8GgaaaWavb)(mh=MdLwKt8NnIJzVpzt)14.jpg;https://ei.phncdn.com/videos/202608/03/57635275/original/(m=eaf8GgaaaWavb)(mh=MdLwKt8NnIJzVpzt)15.jpg;https://ei.phncdn.com/videos/202608/03/57635275/original/(m=eaf8GgaaaWavb)(mh=MdLwKt8NnIJzVpzt)16.jpg|You gonna eat me out first? 🤫|closeup;perfect-body;new;stockings;small|Casting;Verified Amateurs;Solo Female;Female Orgasm||12|5|||https://ei.phncdn.com/videos/202608/03/57635275/original/(m=eaAaGwObaaamqv)(mh=ImqsqGOq3bWaHqdM)12.jpg|https://ei.phncdn.com/videos/202608/03/57635275/original/(m=eaAaGwObaaamqv)(mh=ImqsqGOq3bWaHqdM)1.jpg;https://ei.phncdn.com/videos/202608/03/57635275/original/(m=eaAaGwObaaamqv)(mh=ImqsqGOq3bWaHqdM)2.jpg;https://ei.phncdn.com/videos/202608/03/57635275/original/(m=eaAaGwObaaamqv)(mh=ImqsqGOq3bWaHqdM)3.jpg;https://ei.phncdn.com/videos/202608/03/57635275/original/(m=eaAaGwObaaamqv)(mh=ImqsqGOq3bWaHqdM)4.jpg;https://ei.phncdn.com/videos/202608/03/57635275/original/(m=eaAaGwObaaamqv)(mh=ImqsqGOq3bWaHqdM)5.jpg;https://ei.phncdn.com/videos/202608/03/57635275/original/(m=eaAaGwObaaamqv)(mh=ImqsqGOq3bWaHqdM)6.jpg;https://ei.phncdn.com/videos/202608/03/57635275/original/(m=eaAaGwObaaamqv)(mh=ImqsqGOq3bWaHqdM)7.jpg;https://ei.phncdn.com/videos/202608/03/57635275/original/(m=eaAaGwObaaamqv)(mh=ImqsqGOq3bWaHqdM)8.jpg;https://ei.phncdn.com/videos/202608/03/57635275/original/(m=eaAaGwObaaamqv)(mh=ImqsqGOq3bWaHqdM)9.jpg;https://ei.phncdn.com/videos/202608/03/57635275/original/(m=eaAaGwObaaamqv)(mh=ImqsqGOq3bWaHqdM)10.jpg;https://ei.phncdn.com/videos/202608/03/57635275/original/(m=eaAaGwObaaamqv)(mh=ImqsqGOq3bWaHqdM)11.jpg;https://ei.phncdn.com/videos/202608/03/57635275/original/(m=eaAaGwObaaamqv)(mh=ImqsqGOq3bWaHqdM)12.jpg;https://ei.phncdn.com/videos/202608/03/57635275/original/(m=eaAaGwObaaamqv)(mh=ImqsqGOq3bWaHqdM)13.jpg;https://ei.phncdn.com/videos/202608/03/57635275/original/(m=eaAaGwObaaamqv)(mh=ImqsqGOq3bWaHqdM)14.jpg;https://ei.phncdn.com/videos/202608/03/57635275/original/(m=eaAaGwObaaamqv)(mh=ImqsqGOq3bWaHqdM)15.jpg;https://ei.phncdn.com/videos/202608/03/57635275/original/(m=eaAaGwObaaamqv)(mh=ImqsqGOq3bWaHqdM)16.jpg
<iframe src="https://www.pornhub.com/embed/6a715d0a91e1b" frameborder="0" height="481" width="608" scrolling="no"></iframe>|https://ei.phncdn.com/videos/202608/04/57706905/original/(m=eaf8GgaaaWavb)(mh=QMx6jCA1HF3Oj_HA)12.jpg|https://ei.phncdn.com/videos/202608/04/57706905/original/(m=eaf8GgaaaWavb)(mh=QMx6jCA1HF3Oj_HA)1.jpg;https://ei.phncdn.com/videos/202608/04/57706905/original/(m=eaf8GgaaaWavb)(mh=QMx6jCA1HF3Oj_HA)2.jpg;https://ei.phncdn.com/videos/202608/04/57706905/original/(m=eaf8GgaaaWavb)(mh=QMx6jCA1HF3Oj_HA)3.jpg;https://ei.phncdn.com/videos/202608/04/57706905/original/(m=eaf8GgaaaWavb)(mh=QMx6jCA1HF3Oj_HA)4.jpg;https://ei.phncdn.com/videos/202608/04/57706905/original/(m=eaf8GgaaaWavb)(mh=QMx6jCA1HF3Oj_HA)5.jpg;https://ei.phncdn.com/videos/202608/04/57706905/original/(m=eaf8GgaaaWavb)(mh=QMx6jCA1HF3Oj_HA)6.jpg;https://ei.phncdn.com/videos/202608/04/57706905/original/(m=eaf8GgaaaWavb)(mh=QMx6jCA1HF3Oj_HA)7.jpg;https://ei.phncdn.com/videos/202608/04/57706905/original/(m=eaf8GgaaaWavb)(mh=QMx6jCA1HF3Oj_HA)8.jpg;https://ei.phncdn.com/videos/202608/04/57706905/original/(m=eaf8GgaaaWavb)(mh=QMx6jCA1HF3Oj_HA)9.jpg;https://ei.phncdn.com/videos/202608/04/57706905/original/(m=eaf8GgaaaWavb)(mh=QMx6jCA1HF3Oj_HA)10.jpg;https://ei.phncdn.com/videos/202608/04/57706905/original/(m=eaf8GgaaaWavb)(mh=QMx6jCA1HF3Oj_HA)11.jpg;https://ei.phncdn.com/videos/202608/04/57706905/original/(m=eaf8GgaaaWavb)(mh=QMx6jCA1HF3Oj_HA)12.jpg;https://ei.phncdn.com/videos/202608/04/57706905/original/(m=eaf8GgaaaWavb)(mh=QMx6jCA1HF3Oj_HA)13.jpg;https://ei.phncdn.com/videos/202608/04/57706905/original/(m=eaf8GgaaaWavb)(mh=QMx6jCA1HF3Oj_HA)14.jpg;https://ei.phncdn.com/videos/202608/04/57706905/original/(m=eaf8GgaaaWavb)(mh=QMx6jCA1HF3Oj_HA)15.jpg;https://ei.phncdn.com/videos/202608/04/57706905/original/(m=eaf8GgaaaWavb)(mh=QMx6jCA1HF3Oj_HA)16.jpg|You know you want this 🥰|solo-female;gamer;skinny;sexy;teenage;brunette|Casting;Russian;Verified Amateurs;Solo Female||10|11|||https://ei.phncdn.com/videos/202608/04/57706905/original/(m=eaAaGwObaaamqv)(mh=jj_SxtD4imDs8OCd)12.jpg|https://ei.phncdn.com/videos/202608/04/57706905/original/(m=eaAaGwObaaamqv)(mh=jj_SxtD4imDs8OCd)1.jpg;https://ei.phncdn.com/videos/202608/04/57706905/original/(m=eaAaGwObaaamqv)(mh=jj_SxtD4imDs8OCd)2.jpg;https://ei.phncdn.com/videos/202608/04/57706905/original/(m=eaAaGwObaaamqv)(mh=jj_SxtD4imDs8OCd)3.jpg;https://ei.phncdn.com/videos/202608/04/57706905/original/(m=eaAaGwObaaamqv)(mh=jj_SxtD4imDs8OCd)4.jpg;https://ei.phncdn.com/videos/202608/04/57706905/original/(m=eaAaGwObaaamqv)(mh=jj_SxtD4imDs8OCd)5.jpg;https://ei.phncdn.com/videos/202608/04/57706905/original/(m=eaAaGwObaaamqv)(mh=jj_SxtD4imDs8OCd)6.jpg;https://ei.phncdn.com/videos/202608/04/57706905/original/(m=eaAaGwObaaamqv)(mh=jj_SxtD4imDs8OCd)7.jpg;https://ei.phncdn.com/videos/202608/04/57706905/original/(m=eaAaGwObaaamqv)(mh=jj_SxtD4imDs8OCd)8.jpg;https://ei.phncdn.com/videos/202608/04/57706905/original/(m=eaAaGwObaaamqv)(mh=jj_SxtD4imDs8OCd)9.jpg;https://ei.phncdn.com/videos/202608/04/57706905/original/(m=eaAaGwObaaamqv)(mh=jj_SxtD4imDs8OCd)10.jpg;https://ei.phncdn.com/videos/202608/04/57706905/original/(m=eaAaGwObaaamqv)(mh=jj_SxtD4imDs8OCd)11.jpg;https://ei.phncdn.com/videos/202608/04/57706905/original/(m=eaAaGwObaaamqv)(mh=jj_SxtD4imDs8OCd)12.jpg;https://ei.phncdn.com/videos/202608/04/57706905/original/(m=eaAaGwObaaamqv)(mh=jj_SxtD4imDs8OCd)13.jpg;https://ei.phncdn.com/videos/202608/04/57706905/original/(m=eaAaGwObaaamqv)(mh=jj_SxtD4imDs8OCd)14.jpg;https://ei.phncdn.com/videos/202608/04/57706905/original/(m=eaAaGwObaaamqv)(mh=jj_SxtD4imDs8OCd)15.jpg;https://ei.phncdn.com/videos/202608/04/57706905/original/(m=eaAaGwObaaamqv)(mh=jj_SxtD4imDs8OCd)16.jpg
<iframe src="https://www.pornhub.com/embed/6a718008d31ed" frameborder="0" height="481" width="608" scrolling="no"></iframe>|https://ei.phncdn.com/videos/202608/04/57713825/original/(m=eaf8GgaaaWavb)(mh=qQSKCG2ESNcjgIwt)12.jpg|https://ei.phncdn.com/videos/202608/04/57713825/original/(m=eaf8GgaaaWavb)(mh=qQSKCG2ESNcjgIwt)1.jpg;https://ei.phncdn.com/videos/202608/04/57713825/original/(m=eaf8GgaaaWavb)(mh=qQSKCG2ESNcjgIwt)2.jpg;https://ei.phncdn.com/videos/202608/04/57713825/original/(m=eaf8GgaaaWavb)(mh=qQSKCG2ESNcjgIwt)3.jpg;https://ei.phncdn.com/videos/202608/04/57713825/original/(m=eaf8GgaaaWavb)(mh=qQSKCG2ESNcjgIwt)4.jpg;https://ei.phncdn.com/videos/202608/04/57713825/original/(m=eaf8GgaaaWavb)(mh=qQSKCG2ESNcjgIwt)5.jpg;https://ei.phncdn.com/videos/202608/04/57713825/original/(m=eaf8GgaaaWavb)(mh=qQSKCG2ESNcjgIwt)6.jpg;https://ei.phncdn.com/videos/202608/04/57713825/original/(m=eaf8GgaaaWavb)(mh=qQSKCG2ESNcjgIwt)7.jpg;https://ei.phncdn.com/videos/202608/04/57713825/original/(m=eaf8GgaaaWavb)(mh=qQSKCG2ESNcjgIwt)8.jpg;https://ei.phncdn.com/videos/202608/04/57713825/original/(m=eaf8GgaaaWavb)(mh=qQSKCG2ESNcjgIwt)9.jpg;https://ei.phncdn.com/videos/202608/04/57713825/original/(m=eaf8GgaaaWavb)(mh=qQSKCG2ESNcjgIwt)10.jpg;https://ei.phncdn.com/videos/202608/04/57713825/original/(m=eaf8GgaaaWavb)(mh=qQSKCG2ESNcjgIwt)11.jpg;https://ei.phncdn.com/videos/202608/04/57713825/original/(m=eaf8GgaaaWavb)(mh=qQSKCG2ESNcjgIwt)12.jpg;https://ei.phncdn.com/videos/202608/04/57713825/original/(m=eaf8GgaaaWavb)(mh=qQSKCG2ESNcjgIwt)13.jpg;https://ei.phncdn.com/videos/202608/04/57713825/original/(m=eaf8GgaaaWavb)(mh=qQSKCG2ESNcjgIwt)14.jpg;https://ei.phncdn.com/videos/202608/04/57713825/original/(m=eaf8GgaaaWavb)(mh=qQSKCG2ESNcjgIwt)15.jpg;https://ei.phncdn.com/videos/202608/04/57713825/original/(m=eaf8GgaaaWavb)(mh=qQSKCG2ESNcjgIwt)16.jpg|Big tits bounce as she teases with fingers|anal;thick;cosplay;shaved-pussy;amateur;dildo|Casting;Exclusive;Verified Amateurs;Cosplay;Solo Female;Romantic||9|2|||https://ei.phncdn.com/videos/202608/04/57713825/original/(m=eaAaGwObaaamqv)(mh=tOq3odUe0fZExMki)12.jpg|https://ei.phncdn.com/videos/202608/04/57713825/original/(m=eaAaGwObaaamqv)(mh=tOq3odUe0fZExMki)1.jpg;https://ei.phncdn.com/videos/202608/04/57713825/original/(m=eaAaGwObaaamqv)(mh=tOq3odUe0fZExMki)2.jpg;https://ei.phncdn.com/videos/202608/04/57713825/original/(m=eaAaGwObaaamqv)(mh=tOq3odUe0fZExMki)3.jpg;https://ei.phncdn.com/videos/202608/04/57713825/original/(m=eaAaGwObaaamqv)(mh=tOq3odUe0fZExMki)4.jpg;https://ei.phncdn.com/videos/202608/04/57713825/original/(m=eaAaGwObaaamqv)(mh=tOq3odUe0fZExMki)5.jpg;https://ei.phncdn.com/videos/202608/04/57713825/original/(m=eaAaGwObaaamqv)(mh=tOq3odUe0fZExMki)6.jpg;https://ei.phncdn.com/videos/202608/04/57713825/original/(m=eaAaGwObaaamqv)(mh=tOq3odUe0fZExMki)7.jpg;https://ei.phncdn.com/videos/202608/04/57713825/original/(m=eaAaGwObaaamqv)(mh=tOq3odUe0fZExMki)8.jpg;https://ei.phncdn.com/videos/202608/04/57713825/original/(m=eaAaGwObaaamqv)(mh=tOq3odUe0fZExMki)9.jpg;https://ei.phncdn.com/videos/202608/04/57713825/original/(m=eaAaGwObaaamqv)(mh=tOq3odUe0fZExMki)10.jpg;https://ei.phncdn.com/videos/202608/04/57713825/original/(m=eaAaGwObaaamqv)(mh=tOq3odUe0fZExMki)11.jpg;https://ei.phncdn.com/videos/202608/04/57713825/original/(m=eaAaGwObaaamqv)(mh=tOq3odUe0fZExMki)12.jpg;https://ei.phncdn.com/videos/202608/04/57713825/original/(m=eaAaGwObaaamqv)(mh=tOq3odUe0fZExMki)13.jpg;https://ei.phncdn.com/videos/202608/04/57713825/original/(m=eaAaGwObaaamqv)(mh=tOq3odUe0fZExMki)14.jpg;https://ei.phncdn.com/videos/202608/04/57713825/original/(m=eaAaGwObaaamqv)(mh=tOq3odUe0fZExMki)15.jpg;https://ei.phncdn.com/videos/202608/04/57713825/original/(m=eaAaGwObaaamqv)(mh=tOq3odUe0fZExMki)16.jpg
<iframe src="https://www.pornhub.com/embed/6a71af349e02a" frameborder="0" height="481" width="608" scrolling="no"></iframe>|https://ei.phncdn.com/videos/202608/04/57726845/original/(m=eaf8GgaaaWavb)(mh=2-ShKKdi-moY8VHg)12.jpg|https://ei.phncdn.com/videos/202608/04/57726845/original/(m=eaf8GgaaaWavb)(mh=2-ShKKdi-moY8VHg)1.jpg;https://ei.phncdn.com/videos/202608/04/57726845/original/(m=eaf8GgaaaWavb)(mh=2-ShKKdi-moY8VHg)2.jpg;https://ei.phncdn.com/videos/202608/04/57726845/original/(m=eaf8GgaaaWavb)(mh=2-ShKKdi-moY8VHg)3.jpg;https://ei.phncdn.com/videos/202608/04/57726845/original/(m=eaf8GgaaaWavb)(mh=2-ShKKdi-moY8VHg)4.jpg;https://ei.phncdn.com/videos/202608/04/57726845/original/(m=eaf8GgaaaWavb)(mh=2-ShKKdi-moY8VHg)5.jpg;https://ei.phncdn.com/videos/202608/04/57726845/original/(m=eaf8GgaaaWavb)(mh=2-ShKKdi-moY8VHg)6.jpg;https://ei.phncdn.com/videos/202608/04/57726845/original/(m=eaf8GgaaaWavb)(mh=2-ShKKdi-moY8VHg)7.jpg;https://ei.phncdn.com/videos/202608/04/57726845/original/(m=eaf8GgaaaWavb)(mh=2-ShKKdi-moY8VHg)8.jpg;https://ei.phncdn.com/videos/202608/04/57726845/original/(m=eaf8GgaaaWavb)(mh=2-ShKKdi-moY8VHg)9.jpg;https://ei.phncdn.com/videos/202608/04/57726845/original/(m=eaf8GgaaaWavb)(mh=2-ShKKdi-moY8VHg)10.jpg;https://ei.phncdn.com/videos/202608/04/57726845/original/(m=eaf8GgaaaWavb)(mh=2-ShKKdi-moY8VHg)11.jpg;https://ei.phncdn.com/videos/202608/04/57726845/original/(m=eaf8GgaaaWavb)(mh=2-ShKKdi-moY8VHg)12.jpg;https://ei.phncdn.com/videos/202608/04/57726845/original/(m=eaf8GgaaaWavb)(mh=2-ShKKdi-moY8VHg)13.jpg;https://ei.phncdn.com/videos/202608/04/57726845/original/(m=eaf8GgaaaWavb)(mh=2-ShKKdi-moY8VHg)14.jpg;https://ei.phncdn.com/videos/202608/04/57726845/original/(m=eaf8GgaaaWavb)(mh=2-ShKKdi-moY8VHg)15.jpg;https://ei.phncdn.com/videos/202608/04/57726845/original/(m=eaf8GgaaaWavb)(mh=2-ShKKdi-moY8VHg)16.jpg|You gonna eat me out or what?|stockings;tiktok;solo-female;schoolgirl;cute;skinny;cheating|Casting;Verified Amateurs;Solo Female;Female Orgasm||10|5|||https://ei.phncdn.com/videos/202608/04/57726845/original/(m=eaAaGwObaaamqv)(mh=tgn9CHXLUJY_omFr)12.jpg|https://ei.phncdn.com/videos/202608/04/57726845/original/(m=eaAaGwObaaamqv)(mh=tgn9CHXLUJY_omFr)1.jpg;https://ei.phncdn.com/videos/202608/04/57726845/original/(m=eaAaGwObaaamqv)(mh=tgn9CHXLUJY_omFr)2.jpg;https://ei.phncdn.com/videos/202608/04/57726845/original/(m=eaAaGwObaaamqv)(mh=tgn9CHXLUJY_omFr)3.jpg;https://ei.phncdn.com/videos/202608/04/57726845/original/(m=eaAaGwObaaamqv)(mh=tgn9CHXLUJY_omFr)4.jpg;https://ei.phncdn.com/videos/202608/04/57726845/original/(m=eaAaGwObaaamqv)(mh=tgn9CHXLUJY_omFr)5.jpg;https://ei.phncdn.com/videos/202608/04/57726845/original/(m=eaAaGwObaaamqv)(mh=tgn9CHXLUJY_omFr)6.jpg;https://ei.phncdn.com/videos/202608/04/57726845/original/(m=eaAaGwObaaamqv)(mh=tgn9CHXLUJY_omFr)7.jpg;https://ei.phncdn.com/videos/202608/04/57726845/original/(m=eaAaGwObaaamqv)(mh=tgn9CHXLUJY_omFr)8.jpg;https://ei.phncdn.com/videos/202608/04/57726845/original/(m=eaAaGwObaaamqv)(mh=tgn9CHXLUJY_omFr)9.jpg;https://ei.phncdn.com/videos/202608/04/57726845/original/(m=eaAaGwObaaamqv)(mh=tgn9CHXLUJY_omFr)10.jpg;https://ei.phncdn.com/videos/202608/04/57726845/original/(m=eaAaGwObaaamqv)(mh=tgn9CHXLUJY_omFr)11.jpg;https://ei.phncdn.com/videos/202608/04/57726845/original/(m=eaAaGwObaaamqv)(mh=tgn9CHXLUJY_omFr)12.jpg;https://ei.phncdn.com/videos/202608/04/57726845/original/(m=eaAaGwObaaamqv)(mh=tgn9CHXLUJY_omFr)13.jpg;https://ei.phncdn.com/videos/202608/04/57726845/original/(m=eaAaGwObaaamqv)(mh=tgn9CHXLUJY_omFr)14.jpg;https://ei.phncdn.com/videos/202608/04/57726845/original/(m=eaAaGwObaaamqv)(mh=tgn9CHXLUJY_omFr)15.jpg;https://ei.phncdn.com/videos/202608/04/57726845/original/(m=eaAaGwObaaamqv)(mh=tgn9CHXLUJY_omFr)16.jpg
<iframe src="https://www.pornhub.com/embed/6a71fca997145" frameborder="0" height="481" width="608" scrolling="no"></iframe>|https://ei.phncdn.com/videos/202608/04/57753585/original/(m=eaf8GgaaaWavb)(mh=eS484vsILsTbmbiU)12.jpg|https://ei.phncdn.com/videos/202608/04/57753585/original/(m=eaf8GgaaaWavb)(mh=eS484vsILsTbmbiU)1.jpg;https://ei.phncdn.com/videos/202608/04/57753585/original/(m=eaf8GgaaaWavb)(mh=eS484vsILsTbmbiU)2.jpg;https://ei.phncdn.com/videos/202608/04/57753585/original/(m=eaf8GgaaaWavb)(mh=eS484vsILsTbmbiU)3.jpg;https://ei.phncdn.com/videos/202608/04/57753585/original/(m=eaf8GgaaaWavb)(mh=eS484vsILsTbmbiU)4.jpg;https://ei.phncdn.com/videos/202608/04/57753585/original/(m=eaf8GgaaaWavb)(mh=eS484vsILsTbmbiU)5.jpg;https://ei.phncdn.com/videos/202608/04/57753585/original/(m=eaf8GgaaaWavb)(mh=eS484vsILsTbmbiU)6.jpg;https://ei.phncdn.com/videos/202608/04/57753585/original/(m=eaf8GgaaaWavb)(mh=eS484vsILsTbmbiU)7.jpg;https://ei.phncdn.com/videos/202608/04/57753585/original/(m=eaf8GgaaaWavb)(mh=eS484vsILsTbmbiU)8.jpg;https://ei.phncdn.com/videos/202608/04/57753585/original/(m=eaf8GgaaaWavb)(mh=eS484vsILsTbmbiU)9.jpg;https://ei.phncdn.com/videos/202608/04/57753585/original/(m=eaf8GgaaaWavb)(mh=eS484vsILsTbmbiU)10.jpg;https://ei.phncdn.com/videos/202608/04/57753585/original/(m=eaf8GgaaaWavb)(mh=eS484vsILsTbmbiU)11.jpg;https://ei.phncdn.com/videos/202608/04/57753585/original/(m=eaf8GgaaaWavb)(mh=eS484vsILsTbmbiU)12.jpg;https://ei.phncdn.com/videos/202608/04/57753585/original/(m=eaf8GgaaaWavb)(mh=eS484vsILsTbmbiU)13.jpg;https://ei.phncdn.com/videos/202608/04/57753585/original/(m=eaf8GgaaaWavb)(mh=eS484vsILsTbmbiU)14.jpg;https://ei.phncdn.com/videos/202608/04/57753585/original/(m=eaf8GgaaaWavb)(mh=eS484vsILsTbmbiU)15.jpg;https://ei.phncdn.com/videos/202608/04/57753585/original/(m=eaf8GgaaaWavb)(mh=eS484vsILsTbmbiU)16.jpg|Don't just stare, come over|big-ass;lingerie;vertical-porn;college;natural-tits;gamer;blowjob|Casting;Verified Amateurs;Solo Female;Gaming||12|9|||https://ei.phncdn.com/videos/202608/04/57753585/original/(m=eaAaGwObaaamqv)(mh=rkxy-hkbP-mOU-5H)12.jpg|https://ei.phncdn.com/videos/202608/04/57753585/original/(m=eaAaGwObaaamqv)(mh=rkxy-hkbP-mOU-5H)1.jpg;https://ei.phncdn.com/videos/202608/04/57753585/original/(m=eaAaGwObaaamqv)(mh=rkxy-hkbP-mOU-5H)2.jpg;https://ei.phncdn.com/videos/202608/04/57753585/original/(m=eaAaGwObaaamqv)(mh=rkxy-hkbP-mOU-5H)3.jpg;https://ei.phncdn.com/videos/202608/04/57753585/original/(m=eaAaGwObaaamqv)(mh=rkxy-hkbP-mOU-5H)4.jpg;https://ei.phncdn.com/videos/202608/04/57753585/original/(m=eaAaGwObaaamqv)(mh=rkxy-hkbP-mOU-5H)5.jpg;https://ei.phncdn.com/videos/202608/04/57753585/original/(m=eaAaGwObaaamqv)(mh=rkxy-hkbP-mOU-5H)6.jpg;https://ei.phncdn.com/videos/202608/04/57753585/original/(m=eaAaGwObaaamqv)(mh=rkxy-hkbP-mOU-5H)7.jpg;https://ei.phncdn.com/videos/202608/04/57753585/original/(m=eaAaGwObaaamqv)(mh=rkxy-hkbP-mOU-5H)8.jpg;https://ei.phncdn.com/videos/202608/04/57753585/original/(m=eaAaGwObaaamqv)(mh=rkxy-hkbP-mOU-5H)9.jpg;https://ei.phncdn.com/videos/202608/04/57753585/original/(m=eaAaGwObaaamqv)(mh=rkxy-hkbP-mOU-5H)10.jpg;https://ei.phncdn.com/videos/202608/04/57753585/original/(m=eaAaGwObaaamqv)(mh=rkxy-hkbP-mOU-5H)11.jpg;https://ei.phncdn.com/videos/202608/04/57753585/original/(m=eaAaGwObaaamqv)(mh=rkxy-hkbP-mOU-5H)12.jpg;https://ei.phncdn.com/videos/202608/04/57753585/original/(m=eaAaGwObaaamqv)(mh=rkxy-hkbP-mOU-5H)13.jpg;https://ei.phncdn.com/videos/202608/04/57753585/original/(m=eaAaGwObaaamqv)(mh=rkxy-hkbP-mOU-5H)14.jpg;https://ei.phncdn.com/videos/202608/04/57753585/original/(m=eaAaGwObaaamqv)(mh=rkxy-hkbP-mOU-5H)15.jpg;https://ei.phncdn.com/videos/202608/04/57753585/original/(m=eaAaGwObaaamqv)(mh=rkxy-hkbP-mOU-5H)16.jpg
<iframe src="https://www.pornhub.com/embed/6a7248a79353d" frameborder="0" height="481" width="608" scrolling="no"></iframe>|https://ei.phncdn.com/videos/202608/04/57785325/original/(m=eaf8GgaaaWavb)(mh=F4fYhljIgyz-ndm6)12.jpg|https://ei.phncdn.com/videos/202608/04/57785325/original/(m=eaf8GgaaaWavb)(mh=F4fYhljIgyz-ndm6)1.jpg;https://ei.phncdn.com/videos/202608/04/57785325/original/(m=eaf8GgaaaWavb)(mh=F4fYhljIgyz-ndm6)2.jpg;https://ei.phncdn.com/videos/202608/04/57785325/original/(m=eaf8GgaaaWavb)(mh=F4fYhljIgyz-ndm6)3.jpg;https://ei.phncdn.com/videos/202608/04/57785325/original/(m=eaf8GgaaaWavb)(mh=F4fYhljIgyz-ndm6)4.jpg;https://ei.phncdn.com/videos/202608/04/57785325/original/(m=eaf8GgaaaWavb)(mh=F4fYhljIgyz-ndm6)5.jpg;https://ei.phncdn.com/videos/202608/04/57785325/original/(m=eaf8GgaaaWavb)(mh=F4fYhljIgyz-ndm6)6.jpg;https://ei.phncdn.com/videos/202608/04/57785325/original/(m=eaf8GgaaaWavb)(mh=F4fYhljIgyz-ndm6)7.jpg;https://ei.phncdn.com/videos/202608/04/57785325/original/(m=eaf8GgaaaWavb)(mh=F4fYhljIgyz-ndm6)8.jpg;https://ei.phncdn.com/videos/202608/04/57785325/original/(m=eaf8GgaaaWavb)(mh=F4fYhljIgyz-ndm6)9.jpg;https://ei.phncdn.com/videos/202608/04/57785325/original/(m=eaf8GgaaaWavb)(mh=F4fYhljIgyz-ndm6)10.jpg;https://ei.phncdn.com/videos/202608/04/57785325/original/(m=eaf8GgaaaWavb)(mh=F4fYhljIgyz-ndm6)11.jpg;https://ei.phncdn.com/videos/202608/04/57785325/original/(m=eaf8GgaaaWavb)(mh=F4fYhljIgyz-ndm6)12.jpg;https://ei.phncdn.com/videos/202608/04/57785325/original/(m=eaf8GgaaaWavb)(mh=F4fYhljIgyz-ndm6)13.jpg;https://ei.phncdn.com/videos/202608/04/57785325/original/(m=eaf8GgaaaWavb)(mh=F4fYhljIgyz-ndm6)14.jpg;https://ei.phncdn.com/videos/202608/04/57785325/original/(m=eaf8GgaaaWavb)(mh=F4fYhljIgyz-ndm6)15.jpg;https://ei.phncdn.com/videos/202608/04/57785325/original/(m=eaf8GgaaaWavb)(mh=F4fYhljIgyz-ndm6)16.jpg|Fuck me hard with that toy inside|college;big-ass;skinny;cute|Casting;Verified Amateurs;Solo Female;Gaming||12|7|||https://ei.phncdn.com/videos/202608/04/57785325/original/(m=eaAaGwObaaamqv)(mh=Tr8CwM1M4tuBs-3x)12.jpg|https://ei.phncdn.com/videos/202608/04/57785325/original/(m=eaAaGwObaaamqv)(mh=Tr8CwM1M4tuBs-3x)1.jpg;https://ei.phncdn.com/videos/202608/04/57785325/original/(m=eaAaGwObaaamqv)(mh=Tr8CwM1M4tuBs-3x)2.jpg;https://ei.phncdn.com/videos/202608/04/57785325/original/(m=eaAaGwObaaamqv)(mh=Tr8CwM1M4tuBs-3x)3.jpg;https://ei.phncdn.com/videos/202608/04/57785325/original/(m=eaAaGwObaaamqv)(mh=Tr8CwM1M4tuBs-3x)4.jpg;https://ei.phncdn.com/videos/202608/04/57785325/original/(m=eaAaGwObaaamqv)(mh=Tr8CwM1M4tuBs-3x)5.jpg;https://ei.phncdn.com/videos/202608/04/57785325/original/(m=eaAaGwObaaamqv)(mh=Tr8CwM1M4tuBs-3x)6.jpg;https://ei.phncdn.com/videos/202608/04/57785325/original/(m=eaAaGwObaaamqv)(mh=Tr8CwM1M4tuBs-3x)7.jpg;https://ei.phncdn.com/videos/202608/04/57785325/original/(m=eaAaGwObaaamqv)(mh=Tr8CwM1M4tuBs-3x)8.jpg;https://ei.phncdn.com/videos/202608/04/57785325/original/(m=eaAaGwObaaamqv)(mh=Tr8CwM1M4tuBs-3x)9.jpg;https://ei.phncdn.com/videos/202608/04/57785325/original/(m=eaAaGwObaaamqv)(mh=Tr8CwM1M4tuBs-3x)10.jpg;https://ei.phncdn.com/videos/202608/04/57785325/original/(m=eaAaGwObaaamqv)(mh=Tr8CwM1M4tuBs-3x)11.jpg;https://ei.phncdn.com/videos/202608/04/57785325/original/(m=eaAaGwObaaamqv)(mh=Tr8CwM1M4tuBs-3x)12.jpg;https://ei.phncdn.com/videos/202608/04/57785325/original/(m=eaAaGwObaaamqv)(mh=Tr8CwM1M4tuBs-3x)13.jpg;https://ei.phncdn.com/videos/202608/04/57785325/original/(m=eaAaGwObaaamqv)(mh=Tr8CwM1M4tuBs-3x)14.jpg;https://ei.phncdn.com/videos/202608/04/57785325/original/(m=eaAaGwObaaamqv)(mh=Tr8CwM1M4tuBs-3x)15.jpg;https://ei.phncdn.com/videos/202608/04/57785325/original/(m=eaAaGwObaaamqv)(mh=Tr8CwM1M4tuBs-3x)16.jpg
<iframe src="https://www.pornhub.com/embed/6a724b3005886" frameborder="0" height="481" width="608" scrolling="no"></iframe>|https://ei.phncdn.com/videos/202608/04/57786375/original/(m=eaf8GgaaaWavb)(mh=pyZhgVkoSm-VR5iF)12.jpg|https://ei.phncdn.com/videos/202608/04/57786375/original/(m=eaf8GgaaaWavb)(mh=pyZhgVkoSm-VR5iF)1.jpg;https://ei.phncdn.com/videos/202608/04/57786375/original/(m=eaf8GgaaaWavb)(mh=pyZhgVkoSm-VR5iF)2.jpg;https://ei.phncdn.com/videos/202608/04/57786375/original/(m=eaf8GgaaaWavb)(mh=pyZhgVkoSm-VR5iF)3.jpg;https://ei.phncdn.com/videos/202608/04/57786375/original/(m=eaf8GgaaaWavb)(mh=pyZhgVkoSm-VR5iF)4.jpg;https://ei.phncdn.com/videos/202608/04/57786375/original/(m=eaf8GgaaaWavb)(mh=pyZhgVkoSm-VR5iF)5.jpg;https://ei.phncdn.com/videos/202608/04/57786375/original/(m=eaf8GgaaaWavb)(mh=pyZhgVkoSm-VR5iF)6.jpg;https://ei.phncdn.com/videos/202608/04/57786375/original/(m=eaf8GgaaaWavb)(mh=pyZhgVkoSm-VR5iF)7.jpg;https://ei.phncdn.com/videos/202608/04/57786375/original/(m=eaf8GgaaaWavb)(mh=pyZhgVkoSm-VR5iF)8.jpg;https://ei.phncdn.com/videos/202608/04/57786375/original/(m=eaf8GgaaaWavb)(mh=pyZhgVkoSm-VR5iF)9.jpg;https://ei.phncdn.com/videos/202608/04/57786375/original/(m=eaf8GgaaaWavb)(mh=pyZhgVkoSm-VR5iF)10.jpg;https://ei.phncdn.com/videos/202608/04/57786375/original/(m=eaf8GgaaaWavb)(mh=pyZhgVkoSm-VR5iF)11.jpg;https://ei.phncdn.com/videos/202608/04/57786375/original/(m=eaf8GgaaaWavb)(mh=pyZhgVkoSm-VR5iF)12.jpg;https://ei.phncdn.com/videos/202608/04/57786375/original/(m=eaf8GgaaaWavb)(mh=pyZhgVkoSm-VR5iF)13.jpg;https://ei.phncdn.com/videos/202608/04/57786375/original/(m=eaf8GgaaaWavb)(mh=pyZhgVkoSm-VR5iF)14.jpg;https://ei.phncdn.com/videos/202608/04/57786375/original/(m=eaf8GgaaaWavb)(mh=pyZhgVkoSm-VR5iF)15.jpg;https://ei.phncdn.com/videos/202608/04/57786375/original/(m=eaf8GgaaaWavb)(mh=pyZhgVkoSm-VR5iF)16.jpg|Curvy girl teases camera with spread legs 🫦|teenage;brunette;sexy;vertical-porn;slut|Casting;Verified Amateurs;Solo Female||5|7|||https://ei.phncdn.com/videos/202608/04/57786375/original/(m=eaAaGwObaaamqv)(mh=nqWl2C_LO7jMRIZX)12.jpg|https://ei.phncdn.com/videos/202608/04/57786375/original/(m=eaAaGwObaaamqv)(mh=nqWl2C_LO7jMRIZX)1.jpg;https://ei.phncdn.com/videos/202608/04/57786375/original/(m=eaAaGwObaaamqv)(mh=nqWl2C_LO7jMRIZX)2.jpg;https://ei.phncdn.com/videos/202608/04/57786375/original/(m=eaAaGwObaaamqv)(mh=nqWl2C_LO7jMRIZX)3.jpg;https://ei.phncdn.com/videos/202608/04/57786375/original/(m=eaAaGwObaaamqv)(mh=nqWl2C_LO7jMRIZX)4.jpg;https://ei.phncdn.com/videos/202608/04/57786375/original/(m=eaAaGwObaaamqv)(mh=nqWl2C_LO7jMRIZX)5.jpg;https://ei.phncdn.com/videos/202608/04/57786375/original/(m=eaAaGwObaaamqv)(mh=nqWl2C_LO7jMRIZX)6.jpg;https://ei.phncdn.com/videos/202608/04/57786375/original/(m=eaAaGwObaaamqv)(mh=nqWl2C_LO7jMRIZX)7.jpg;https://ei.phncdn.com/videos/202608/04/57786375/original/(m=eaAaGwObaaamqv)(mh=nqWl2C_LO7jMRIZX)8.jpg;https://ei.phncdn.com/videos/202608/04/57786375/original/(m=eaAaGwObaaamqv)(mh=nqWl2C_LO7jMRIZX)9.jpg;https://ei.phncdn.com/videos/202608/04/57786375/original/(m=eaAaGwObaaamqv)(mh=nqWl2C_LO7jMRIZX)10.jpg;https://ei.phncdn.com/videos/202608/04/57786375/original/(m=eaAaGwObaaamqv)(mh=nqWl2C_LO7jMRIZX)11.jpg;https://ei.phncdn.com/videos/202608/04/57786375/original/(m=eaAaGwObaaamqv)(mh=nqWl2C_LO7jMRIZX)12.jpg;https://ei.phncdn.com/videos/202608/04/57786375/original/(m=eaAaGwObaaamqv)(mh=nqWl2C_LO7jMRIZX)13.jpg;https://ei.phncdn.com/videos/202608/04/57786375/original/(m=eaAaGwObaaamqv)(mh=nqWl2C_LO7jMRIZX)14.jpg;https://ei.phncdn.com/videos/202608/04/57786375/original/(m=eaAaGwObaaamqv)(mh=nqWl2C_LO7jMRIZX)15.jpg;https://ei.phncdn.com/videos/202608/04/57786375/original/(m=eaAaGwObaaamqv)(mh=nqWl2C_LO7jMRIZX)16.jpg
<iframe src="https://www.pornhub.com/embed/6a737f3881c96" frameborder="0" height="481" width="608" scrolling="no"></iframe>|https://ei.phncdn.com/videos/202608/05/57944285/original/(m=eaf8GgaaaWavb)(mh=63uFzlTw-Xc31-Qm)12.jpg|https://ei.phncdn.com/videos/202608/05/57944285/original/(m=eaf8GgaaaWavb)(mh=63uFzlTw-Xc31-Qm)1.jpg;https://ei.phncdn.com/videos/202608/05/57944285/original/(m=eaf8GgaaaWavb)(mh=63uFzlTw-Xc31-Qm)2.jpg;https://ei.phncdn.com/videos/202608/05/57944285/original/(m=eaf8GgaaaWavb)(mh=63uFzlTw-Xc31-Qm)3.jpg;https://ei.phncdn.com/videos/202608/05/57944285/original/(m=eaf8GgaaaWavb)(mh=63uFzlTw-Xc31-Qm)4.jpg;https://ei.phncdn.com/videos/202608/05/57944285/original/(m=eaf8GgaaaWavb)(mh=63uFzlTw-Xc31-Qm)5.jpg;https://ei.phncdn.com/videos/202608/05/57944285/original/(m=eaf8GgaaaWavb)(mh=63uFzlTw-Xc31-Qm)6.jpg;https://ei.phncdn.com/videos/202608/05/57944285/original/(m=eaf8GgaaaWavb)(mh=63uFzlTw-Xc31-Qm)7.jpg;https://ei.phncdn.com/videos/202608/05/57944285/original/(m=eaf8GgaaaWavb)(mh=63uFzlTw-Xc31-Qm)8.jpg;https://ei.phncdn.com/videos/202608/05/57944285/original/(m=eaf8GgaaaWavb)(mh=63uFzlTw-Xc31-Qm)9.jpg;https://ei.phncdn.com/videos/202608/05/57944285/original/(m=eaf8GgaaaWavb)(mh=63uFzlTw-Xc31-Qm)10.jpg;https://ei.phncdn.com/videos/202608/05/57944285/original/(m=eaf8GgaaaWavb)(mh=63uFzlTw-Xc31-Qm)11.jpg;https://ei.phncdn.com/videos/202608/05/57944285/original/(m=eaf8GgaaaWavb)(mh=63uFzlTw-Xc31-Qm)12.jpg;https://ei.phncdn.com/videos/202608/05/57944285/original/(m=eaf8GgaaaWavb)(mh=63uFzlTw-Xc31-Qm)13.jpg;https://ei.phncdn.com/videos/202608/05/57944285/original/(m=eaf8GgaaaWavb)(mh=63uFzlTw-Xc31-Qm)14.jpg;https://ei.phncdn.com/videos/202608/05/57944285/original/(m=eaf8GgaaaWavb)(mh=63uFzlTw-Xc31-Qm)15.jpg;https://ei.phncdn.com/videos/202608/05/57944285/original/(m=eaf8GgaaaWavb)(mh=63uFzlTw-Xc31-Qm)16.jpg|Lick me slow then fuck me hard 😇|cosplay;amateur;cheating;alt-girl;asian-girl|Casting;Verified Amateurs;Solo Female;Romantic;Gaming||12|5|||https://ei.phncdn.com/videos/202608/05/57944285/original/(m=eaAaGwObaaamqv)(mh=Vwmjx8VEoxEr3LHt)12.jpg|https://ei.phncdn.com/videos/202608/05/57944285/original/(m=eaAaGwObaaamqv)(mh=Vwmjx8VEoxEr3LHt)1.jpg;https://ei.phncdn.com/videos/202608/05/57944285/original/(m=eaAaGwObaaamqv)(mh=Vwmjx8VEoxEr3LHt)2.jpg;https://ei.phncdn.com/videos/202608/05/57944285/original/(m=eaAaGwObaaamqv)(mh=Vwmjx8VEoxEr3LHt)3.jpg;https://ei.phncdn.com/videos/202608/05/57944285/original/(m=eaAaGwObaaamqv)(mh=Vwmjx8VEoxEr3LHt)4.jpg;https://ei.phncdn.com/videos/202608/05/57944285/original/(m=eaAaGwObaaamqv)(mh=Vwmjx8VEoxEr3LHt)5.jpg;https://ei.phncdn.com/videos/202608/05/57944285/original/(m=eaAaGwObaaamqv)(mh=Vwmjx8VEoxEr3LHt)6.jpg;https://ei.phncdn.com/videos/202608/05/57944285/original/(m=eaAaGwObaaamqv)(mh=Vwmjx8VEoxEr3LHt)7.jpg;https://ei.phncdn.com/videos/202608/05/57944285/original/(m=eaAaGwObaaamqv)(mh=Vwmjx8VEoxEr3LHt)8.jpg;https://ei.phncdn.com/videos/202608/05/57944285/original/(m=eaAaGwObaaamqv)(mh=Vwmjx8VEoxEr3LHt)9.jpg;https://ei.phncdn.com/videos/202608/05/57944285/original/(m=eaAaGwObaaamqv)(mh=Vwmjx8VEoxEr3LHt)10.jpg;https://ei.phncdn.com/videos/202608/05/57944285/original/(m=eaAaGwObaaamqv)(mh=Vwmjx8VEoxEr3LHt)11.jpg;https://ei.phncdn.com/videos/202608/05/57944285/original/(m=eaAaGwObaaamqv)(mh=Vwmjx8VEoxEr3LHt)12.jpg;https://ei.phncdn.com/videos/202608/05/57944285/original/(m=eaAaGwObaaamqv)(mh=Vwmjx8VEoxEr3LHt)13.jpg;https://ei.phncdn.com/videos/202608/05/57944285/original/(m=eaAaGwObaaamqv)(mh=Vwmjx8VEoxEr3LHt)14.jpg;https://ei.phncdn.com/videos/202608/05/57944285/original/(m=eaAaGwObaaamqv)(mh=Vwmjx8VEoxEr3LHt)15.jpg;https://ei.phncdn.com/videos/202608/05/57944285/original/(m=eaAaGwObaaamqv)(mh=Vwmjx8VEoxEr3LHt)16.jpg
<iframe src="https://www.pornhub.com/embed/6a74cf80e7c9b" frameborder="0" height="481" width="608" scrolling="no"></iframe>|https://ei.phncdn.com/videos/202608/06/58063895/original/(m=eaf8GgaaaWavb)(mh=KvZSWEdU8JlJkffj)12.jpg|https://ei.phncdn.com/videos/202608/06/58063895/original/(m=eaf8GgaaaWavb)(mh=KvZSWEdU8JlJkffj)1.jpg;https://ei.phncdn.com/videos/202608/06/58063895/original/(m=eaf8GgaaaWavb)(mh=KvZSWEdU8JlJkffj)2.jpg;https://ei.phncdn.com/videos/202608/06/58063895/original/(m=eaf8GgaaaWavb)(mh=KvZSWEdU8JlJkffj)3.jpg;https://ei.phncdn.com/videos/202608/06/58063895/original/(m=eaf8GgaaaWavb)(mh=KvZSWEdU8JlJkffj)4.jpg;https://ei.phncdn.com/videos/202608/06/58063895/original/(m=eaf8GgaaaWavb)(mh=KvZSWEdU8JlJkffj)5.jpg;https://ei.phncdn.com/videos/202608/06/58063895/original/(m=eaf8GgaaaWavb)(mh=KvZSWEdU8JlJkffj)6.jpg;https://ei.phncdn.com/videos/202608/06/58063895/original/(m=eaf8GgaaaWavb)(mh=KvZSWEdU8JlJkffj)7.jpg;https://ei.phncdn.com/videos/202608/06/58063895/original/(m=eaf8GgaaaWavb)(mh=KvZSWEdU8JlJkffj)8.jpg;https://ei.phncdn.com/videos/202608/06/58063895/original/(m=eaf8GgaaaWavb)(mh=KvZSWEdU8JlJkffj)9.jpg;https://ei.phncdn.com/videos/202608/06/58063895/original/(m=eaf8GgaaaWavb)(mh=KvZSWEdU8JlJkffj)10.jpg;https://ei.phncdn.com/videos/202608/06/58063895/original/(m=eaf8GgaaaWavb)(mh=KvZSWEdU8JlJkffj)11.jpg;https://ei.phncdn.com/videos/202608/06/58063895/original/(m=eaf8GgaaaWavb)(mh=KvZSWEdU8JlJkffj)12.jpg;https://ei.phncdn.com/videos/202608/06/58063895/original/(m=eaf8GgaaaWavb)(mh=KvZSWEdU8JlJkffj)13.jpg;https://ei.phncdn.com/videos/202608/06/58063895/original/(m=eaf8GgaaaWavb)(mh=KvZSWEdU8JlJkffj)14.jpg;https://ei.phncdn.com/videos/202608/06/58063895/original/(m=eaf8GgaaaWavb)(mh=KvZSWEdU8JlJkffj)15.jpg;https://ei.phncdn.com/videos/202608/06/58063895/original/(m=eaf8GgaaaWavb)(mh=KvZSWEdU8JlJkffj)16.jpg|Thick thighs spread wide in fishnets|pale;onlyfans;gamer;college;student;small|Casting;Verified Amateurs;Cosplay;Solo Female;Gaming||10|19|1|0|https://ei.phncdn.com/videos/202608/06/58063895/original/(m=eaAaGwObaaamqv)(mh=CuWotQ47M0YVvTpk)12.jpg|https://ei.phncdn.com/videos/202608/06/58063895/original/(m=eaAaGwObaaamqv)(mh=CuWotQ47M0YVvTpk)1.jpg;https://ei.phncdn.com/videos/202608/06/58063895/original/(m=eaAaGwObaaamqv)(mh=CuWotQ47M0YVvTpk)2.jpg;https://ei.phncdn.com/videos/202608/06/58063895/original/(m=eaAaGwObaaamqv)(mh=CuWotQ47M0YVvTpk)3.jpg;https://ei.phncdn.com/videos/202608/06/58063895/original/(m=eaAaGwObaaamqv)(mh=CuWotQ47M0YVvTpk)4.jpg;https://ei.phncdn.com/videos/202608/06/58063895/original/(m=eaAaGwObaaamqv)(mh=CuWotQ47M0YVvTpk)5.jpg;https://ei.phncdn.com/videos/202608/06/58063895/original/(m=eaAaGwObaaamqv)(mh=CuWotQ47M0YVvTpk)6.jpg;https://ei.phncdn.com/videos/202608/06/58063895/original/(m=eaAaGwObaaamqv)(mh=CuWotQ47M0YVvTpk)7.jpg;https://ei.phncdn.com/videos/202608/06/58063895/original/(m=eaAaGwObaaamqv)(mh=CuWotQ47M0YVvTpk)8.jpg;https://ei.phncdn.com/videos/202608/06/58063895/original/(m=eaAaGwObaaamqv)(mh=CuWotQ47M0YVvTpk)9.jpg;https://ei.phncdn.com/videos/202608/06/58063895/original/(m=eaAaGwObaaamqv)(mh=CuWotQ47M0YVvTpk)10.jpg;https://ei.phncdn.com/videos/202608/06/58063895/original/(m=eaAaGwObaaamqv)(mh=CuWotQ47M0YVvTpk)11.jpg;https://ei.phncdn.com/videos/202608/06/58063895/original/(m=eaAaGwObaaamqv)(mh=CuWotQ47M0YVvTpk)12.jpg;https://ei.phncdn.com/videos/202608/06/58063895/original/(m=eaAaGwObaaamqv)(mh=CuWotQ47M0YVvTpk)13.jpg;https://ei.phncdn.com/videos/202608/06/58063895/original/(m=eaAaGwObaaamqv)(mh=CuWotQ47M0YVvTpk)14.jpg;https://ei.phncdn.com/videos/202608/06/58063895/original/(m=eaAaGwObaaamqv)(mh=CuWotQ47M0YVvTpk)15.jpg;https://ei.phncdn.com/videos/202608/06/58063895/original/(m=eaAaGwObaaamqv)(mh=CuWotQ47M0YVvTpk)16.jpg
<iframe src="https://www.pornhub.com/embed/6a75059c14630" frameborder="0" height="481" width="608" scrolling="no"></iframe>|https://ei.phncdn.com/videos/202608/06/58086175/original/(m=eaf8GgaaaWavb)(mh=v0hwc82O_pymaVYu)12.jpg|https://ei.phncdn.com/videos/202608/06/58086175/original/(m=eaf8GgaaaWavb)(mh=v0hwc82O_pymaVYu)1.jpg;https://ei.phncdn.com/videos/202608/06/58086175/original/(m=eaf8GgaaaWavb)(mh=v0hwc82O_pymaVYu)2.jpg;https://ei.phncdn.com/videos/202608/06/58086175/original/(m=eaf8GgaaaWavb)(mh=v0hwc82O_pymaVYu)3.jpg;https://ei.phncdn.com/videos/202608/06/58086175/original/(m=eaf8GgaaaWavb)(mh=v0hwc82O_pymaVYu)4.jpg;https://ei.phncdn.com/videos/202608/06/58086175/original/(m=eaf8GgaaaWavb)(mh=v0hwc82O_pymaVYu)5.jpg;https://ei.phncdn.com/videos/202608/06/58086175/original/(m=eaf8GgaaaWavb)(mh=v0hwc82O_pymaVYu)6.jpg;https://ei.phncdn.com/videos/202608/06/58086175/original/(m=eaf8GgaaaWavb)(mh=v0hwc82O_pymaVYu)7.jpg;https://ei.phncdn.com/videos/202608/06/58086175/original/(m=eaf8GgaaaWavb)(mh=v0hwc82O_pymaVYu)8.jpg;https://ei.phncdn.com/videos/202608/06/58086175/original/(m=eaf8GgaaaWavb)(mh=v0hwc82O_pymaVYu)9.jpg;https://ei.phncdn.com/videos/202608/06/58086175/original/(m=eaf8GgaaaWavb)(mh=v0hwc82O_pymaVYu)10.jpg;https://ei.phncdn.com/videos/202608/06/58086175/original/(m=eaf8GgaaaWavb)(mh=v0hwc82O_pymaVYu)11.jpg;https://ei.phncdn.com/videos/202608/06/58086175/original/(m=eaf8GgaaaWavb)(mh=v0hwc82O_pymaVYu)12.jpg;https://ei.phncdn.com/videos/202608/06/58086175/original/(m=eaf8GgaaaWavb)(mh=v0hwc82O_pymaVYu)13.jpg;https://ei.phncdn.com/videos/202608/06/58086175/original/(m=eaf8GgaaaWavb)(mh=v0hwc82O_pymaVYu)14.jpg;https://ei.phncdn.com/videos/202608/06/58086175/original/(m=eaf8GgaaaWavb)(mh=v0hwc82O_pymaVYu)15.jpg;https://ei.phncdn.com/videos/202608/06/58086175/original/(m=eaf8GgaaaWavb)(mh=v0hwc82O_pymaVYu)16.jpg|Bend me over and fuck me hard 💕|skinny;busty;schoolgirl;new;teenage;amateur|Casting;Russian;Verified Amateurs;Solo Female;Female Orgasm;Gaming||12|5|||https://ei.phncdn.com/videos/202608/06/58086175/original/(m=eaAaGwObaaamqv)(mh=px11cRDB4GuWq6OX)12.jpg|https://ei.phncdn.com/videos/202608/06/58086175/original/(m=eaAaGwObaaamqv)(mh=px11cRDB4GuWq6OX)1.jpg;https://ei.phncdn.com/videos/202608/06/58086175/original/(m=eaAaGwObaaamqv)(mh=px11cRDB4GuWq6OX)2.jpg;https://ei.phncdn.com/videos/202608/06/58086175/original/(m=eaAaGwObaaamqv)(mh=px11cRDB4GuWq6OX)3.jpg;https://ei.phncdn.com/videos/202608/06/58086175/original/(m=eaAaGwObaaamqv)(mh=px11cRDB4GuWq6OX)4.jpg;https://ei.phncdn.com/videos/202608/06/58086175/original/(m=eaAaGwObaaamqv)(mh=px11cRDB4GuWq6OX)5.jpg;https://ei.phncdn.com/videos/202608/06/58086175/original/(m=eaAaGwObaaamqv)(mh=px11cRDB4GuWq6OX)6.jpg;https://ei.phncdn.com/videos/202608/06/58086175/original/(m=eaAaGwObaaamqv)(mh=px11cRDB4GuWq6OX)7.jpg;https://ei.phncdn.com/videos/202608/06/58086175/original/(m=eaAaGwObaaamqv)(mh=px11cRDB4GuWq6OX)8.jpg;https://ei.phncdn.com/videos/202608/06/58086175/original/(m=eaAaGwObaaamqv)(mh=px11cRDB4GuWq6OX)9.jpg;https://ei.phncdn.com/videos/202608/06/58086175/original/(m=eaAaGwObaaamqv)(mh=px11cRDB4GuWq6OX)10.jpg;https://ei.phncdn.com/videos/202608/06/58086175/original/(m=eaAaGwObaaamqv)(mh=px11cRDB4GuWq6OX)11.jpg;https://ei.phncdn.com/videos/202608/06/58086175/original/(m=eaAaGwObaaamqv)(mh=px11cRDB4GuWq6OX)12.jpg;https://ei.phncdn.com/videos/202608/06/58086175/original/(m=eaAaGwObaaamqv)(mh=px11cRDB4GuWq6OX)13.jpg;https://ei.phncdn.com/videos/202608/06/58086175/original/(m=eaAaGwObaaamqv)(mh=px11cRDB4GuWq6OX)14.jpg;https://ei.phncdn.com/videos/202608/06/58086175/original/(m=eaAaGwObaaamqv)(mh=px11cRDB4GuWq6OX)15.jpg;https://ei.phncdn.com/videos/202608/06/58086175/original/(m=eaAaGwObaaamqv)(mh=px11cRDB4GuWq6OX)16.jpg
<iframe src="https://www.pornhub.com/embed/6a75a5ba5f02b" frameborder="0" height="481" width="608" scrolling="no"></iframe>|https://ei.phncdn.com/videos/202608/07/58152645/original/(m=eaf8GgaaaWavb)(mh=TWtB-WkVR38hJfXD)12.jpg|https://ei.phncdn.com/videos/202608/07/58152645/original/(m=eaf8GgaaaWavb)(mh=TWtB-WkVR38hJfXD)1.jpg;https://ei.phncdn.com/videos/202608/07/58152645/original/(m=eaf8GgaaaWavb)(mh=TWtB-WkVR38hJfXD)2.jpg;https://ei.phncdn.com/videos/202608/07/58152645/original/(m=eaf8GgaaaWavb)(mh=TWtB-WkVR38hJfXD)3.jpg;https://ei.phncdn.com/videos/202608/07/58152645/original/(m=eaf8GgaaaWavb)(mh=TWtB-WkVR38hJfXD)4.jpg;https://ei.phncdn.com/videos/202608/07/58152645/original/(m=eaf8GgaaaWavb)(mh=TWtB-WkVR38hJfXD)5.jpg;https://ei.phncdn.com/videos/202608/07/58152645/original/(m=eaf8GgaaaWavb)(mh=TWtB-WkVR38hJfXD)6.jpg;https://ei.phncdn.com/videos/202608/07/58152645/original/(m=eaf8GgaaaWavb)(mh=TWtB-WkVR38hJfXD)7.jpg;https://ei.phncdn.com/videos/202608/07/58152645/original/(m=eaf8GgaaaWavb)(mh=TWtB-WkVR38hJfXD)8.jpg;https://ei.phncdn.com/videos/202608/07/58152645/original/(m=eaf8GgaaaWavb)(mh=TWtB-WkVR38hJfXD)9.jpg;https://ei.phncdn.com/videos/202608/07/58152645/original/(m=eaf8GgaaaWavb)(mh=TWtB-WkVR38hJfXD)10.jpg;https://ei.phncdn.com/videos/202608/07/58152645/original/(m=eaf8GgaaaWavb)(mh=TWtB-WkVR38hJfXD)11.jpg;https://ei.phncdn.com/videos/202608/07/58152645/original/(m=eaf8GgaaaWavb)(mh=TWtB-WkVR38hJfXD)12.jpg;https://ei.phncdn.com/videos/202608/07/58152645/original/(m=eaf8GgaaaWavb)(mh=TWtB-WkVR38hJfXD)13.jpg;https://ei.phncdn.com/videos/202608/07/58152645/original/(m=eaf8GgaaaWavb)(mh=TWtB-WkVR38hJfXD)14.jpg;https://ei.phncdn.com/videos/202608/07/58152645/original/(m=eaf8GgaaaWavb)(mh=TWtB-WkVR38hJfXD)15.jpg;https://ei.phncdn.com/videos/202608/07/58152645/original/(m=eaf8GgaaaWavb)(mh=TWtB-WkVR38hJfXD)16.jpg|Wet slit open, feet raised high 🍆|big-ass;big-tits;popular|Casting;Verified Amateurs;Solo Female||10|10|1|0|https://ei.phncdn.com/videos/202608/07/58152645/original/(m=eaAaGwObaaamqv)(mh=g3S-SaK_iqr186W4)12.jpg|https://ei.phncdn.com/videos/202608/07/58152645/original/(m=eaAaGwObaaamqv)(mh=g3S-SaK_iqr186W4)1.jpg;https://ei.phncdn.com/videos/202608/07/58152645/original/(m=eaAaGwObaaamqv)(mh=g3S-SaK_iqr186W4)2.jpg;https://ei.phncdn.com/videos/202608/07/58152645/original/(m=eaAaGwObaaamqv)(mh=g3S-SaK_iqr186W4)3.jpg;https://ei.phncdn.com/videos/202608/07/58152645/original/(m=eaAaGwObaaamqv)(mh=g3S-SaK_iqr186W4)4.jpg;https://ei.phncdn.com/videos/202608/07/58152645/original/(m=eaAaGwObaaamqv)(mh=g3S-SaK_iqr186W4)5.jpg;https://ei.phncdn.com/videos/202608/07/58152645/original/(m=eaAaGwObaaamqv)(mh=g3S-SaK_iqr186W4)6.jpg;https://ei.phncdn.com/videos/202608/07/58152645/original/(m=eaAaGwObaaamqv)(mh=g3S-SaK_iqr186W4)7.jpg;https://ei.phncdn.com/videos/202608/07/58152645/original/(m=eaAaGwObaaamqv)(mh=g3S-SaK_iqr186W4)8.jpg;https://ei.phncdn.com/videos/202608/07/58152645/original/(m=eaAaGwObaaamqv)(mh=g3S-SaK_iqr186W4)9.jpg;https://ei.phncdn.com/videos/202608/07/58152645/original/(m=eaAaGwObaaamqv)(mh=g3S-SaK_iqr186W4)10.jpg;https://ei.phncdn.com/videos/202608/07/58152645/original/(m=eaAaGwObaaamqv)(mh=g3S-SaK_iqr186W4)11.jpg;https://ei.phncdn.com/videos/202608/07/58152645/original/(m=eaAaGwObaaamqv)(mh=g3S-SaK_iqr186W4)12.jpg;https://ei.phncdn.com/videos/202608/07/58152645/original/(m=eaAaGwObaaamqv)(mh=g3S-SaK_iqr186W4)13.jpg;https://ei.phncdn.com/videos/202608/07/58152645/original/(m=eaAaGwObaaamqv)(mh=g3S-SaK_iqr186W4)14.jpg;https://ei.phncdn.com/videos/202608/07/58152645/original/(m=eaAaGwObaaamqv)(mh=g3S-SaK_iqr186W4)15.jpg;https://ei.phncdn.com/videos/202608/07/58152645/original/(m=eaAaGwObaaamqv)(mh=g3S-SaK_iqr186W4)16.jpg
<iframe src="https://www.pornhub.com/embed/6a7663c563597" frameborder="0" height="481" width="608" scrolling="no"></iframe>|https://ei.phncdn.com/videos/202608/07/58240855/original/(m=eaf8GgaaaWavb)(mh=oUoqDJ_pGcWLaQvv)12.jpg|https://ei.phncdn.com/videos/202608/07/58240855/original/(m=eaf8GgaaaWavb)(mh=oUoqDJ_pGcWLaQvv)1.jpg;https://ei.phncdn.com/videos/202608/07/58240855/original/(m=eaf8GgaaaWavb)(mh=oUoqDJ_pGcWLaQvv)2.jpg;https://ei.phncdn.com/videos/202608/07/58240855/original/(m=eaf8GgaaaWavb)(mh=oUoqDJ_pGcWLaQvv)3.jpg;https://ei.phncdn.com/videos/202608/07/58240855/original/(m=eaf8GgaaaWavb)(mh=oUoqDJ_pGcWLaQvv)4.jpg;https://ei.phncdn.com/videos/202608/07/58240855/original/(m=eaf8GgaaaWavb)(mh=oUoqDJ_pGcWLaQvv)5.jpg;https://ei.phncdn.com/videos/202608/07/58240855/original/(m=eaf8GgaaaWavb)(mh=oUoqDJ_pGcWLaQvv)6.jpg;https://ei.phncdn.com/videos/202608/07/58240855/original/(m=eaf8GgaaaWavb)(mh=oUoqDJ_pGcWLaQvv)7.jpg;https://ei.phncdn.com/videos/202608/07/58240855/original/(m=eaf8GgaaaWavb)(mh=oUoqDJ_pGcWLaQvv)8.jpg;https://ei.phncdn.com/videos/202608/07/58240855/original/(m=eaf8GgaaaWavb)(mh=oUoqDJ_pGcWLaQvv)9.jpg;https://ei.phncdn.com/videos/202608/07/58240855/original/(m=eaf8GgaaaWavb)(mh=oUoqDJ_pGcWLaQvv)10.jpg;https://ei.phncdn.com/videos/202608/07/58240855/original/(m=eaf8GgaaaWavb)(mh=oUoqDJ_pGcWLaQvv)11.jpg;https://ei.phncdn.com/videos/202608/07/58240855/original/(m=eaf8GgaaaWavb)(mh=oUoqDJ_pGcWLaQvv)12.jpg;https://ei.phncdn.com/videos/202608/07/58240855/original/(m=eaf8GgaaaWavb)(mh=oUoqDJ_pGcWLaQvv)13.jpg;https://ei.phncdn.com/videos/202608/07/58240855/original/(m=eaf8GgaaaWavb)(mh=oUoqDJ_pGcWLaQvv)14.jpg;https://ei.phncdn.com/videos/202608/07/58240855/original/(m=eaf8GgaaaWavb)(mh=oUoqDJ_pGcWLaQvv)15.jpg;https://ei.phncdn.com/videos/202608/07/58240855/original/(m=eaf8GgaaaWavb)(mh=oUoqDJ_pGcWLaQvv)16.jpg|Big tits bounce as she moans loud 🥵|bbw;teenage;small;e-girl;big-ass;blowjob;big-tits;goth|Casting;Verified Amateurs;Solo Female;Female Orgasm||7|5|||https://ei.phncdn.com/videos/202608/07/58240855/original/(m=eaAaGwObaaamqv)(mh=4MNq64k7fFvS8o0J)12.jpg|https://ei.phncdn.com/videos/202608/07/58240855/original/(m=eaAaGwObaaamqv)(mh=4MNq64k7fFvS8o0J)1.jpg;https://ei.phncdn.com/videos/202608/07/58240855/original/(m=eaAaGwObaaamqv)(mh=4MNq64k7fFvS8o0J)2.jpg;https://ei.phncdn.com/videos/202608/07/58240855/original/(m=eaAaGwObaaamqv)(mh=4MNq64k7fFvS8o0J)3.jpg;https://ei.phncdn.com/videos/202608/07/58240855/original/(m=eaAaGwObaaamqv)(mh=4MNq64k7fFvS8o0J)4.jpg;https://ei.phncdn.com/videos/202608/07/58240855/original/(m=eaAaGwObaaamqv)(mh=4MNq64k7fFvS8o0J)5.jpg;https://ei.phncdn.com/videos/202608/07/58240855/original/(m=eaAaGwObaaamqv)(mh=4MNq64k7fFvS8o0J)6.jpg;https://ei.phncdn.com/videos/202608/07/58240855/original/(m=eaAaGwObaaamqv)(mh=4MNq64k7fFvS8o0J)7.jpg;https://ei.phncdn.com/videos/202608/07/58240855/original/(m=eaAaGwObaaamqv)(mh=4MNq64k7fFvS8o0J)8.jpg;https://ei.phncdn.com/videos/202608/07/58240855/original/(m=eaAaGwObaaamqv)(mh=4MNq64k7fFvS8o0J)9.jpg;https://ei.phncdn.com/videos/202608/07/58240855/original/(m=eaAaGwObaaamqv)(mh=4MNq64k7fFvS8o0J)10.jpg;https://ei.phncdn.com/videos/202608/07/58240855/original/(m=eaAaGwObaaamqv)(mh=4MNq64k7fFvS8o0J)11.jpg;https://ei.phncdn.com/videos/202608/07/58240855/original/(m=eaAaGwObaaamqv)(mh=4MNq64k7fFvS8o0J)12.jpg;https://ei.phncdn.com/videos/202608/07/58240855/original/(m=eaAaGwObaaamqv)(mh=4MNq64k7fFvS8o0J)13.jpg;https://ei.phncdn.com/videos/202608/07/58240855/original/(m=eaAaGwObaaamqv)(mh=4MNq64k7fFvS8o0J)14.jpg;https://ei.phncdn.com/videos/202608/07/58240855/original/(m=eaAaGwObaaamqv)(mh=4MNq64k7fFvS8o0J)15.jpg;https://ei.phncdn.com/videos/202608/07/58240855/original/(m=eaAaGwObaaamqv)(mh=4MNq64k7fFvS8o0J)16.jpg
<iframe src="https://www.pornhub.com/embed/6a76adfb7d1ce" frameborder="0" height="481" width="608" scrolling="no"></iframe>|https://ei.phncdn.com/videos/202608/08/58257905/original/(m=eaf8GgaaaWavb)(mh=qLpG6moGDQLXdBzp)12.jpg|https://ei.phncdn.com/videos/202608/08/58257905/original/(m=eaf8GgaaaWavb)(mh=qLpG6moGDQLXdBzp)1.jpg;https://ei.phncdn.com/videos/202608/08/58257905/original/(m=eaf8GgaaaWavb)(mh=qLpG6moGDQLXdBzp)2.jpg;https://ei.phncdn.com/videos/202608/08/58257905/original/(m=eaf8GgaaaWavb)(mh=qLpG6moGDQLXdBzp)3.jpg;https://ei.phncdn.com/videos/202608/08/58257905/original/(m=eaf8GgaaaWavb)(mh=qLpG6moGDQLXdBzp)4.jpg;https://ei.phncdn.com/videos/202608/08/58257905/original/(m=eaf8GgaaaWavb)(mh=qLpG6moGDQLXdBzp)5.jpg;https://ei.phncdn.com/videos/202608/08/58257905/original/(m=eaf8GgaaaWavb)(mh=qLpG6moGDQLXdBzp)6.jpg;https://ei.phncdn.com/videos/202608/08/58257905/original/(m=eaf8GgaaaWavb)(mh=qLpG6moGDQLXdBzp)7.jpg;https://ei.phncdn.com/videos/202608/08/58257905/original/(m=eaf8GgaaaWavb)(mh=qLpG6moGDQLXdBzp)8.jpg;https://ei.phncdn.com/videos/202608/08/58257905/original/(m=eaf8GgaaaWavb)(mh=qLpG6moGDQLXdBzp)9.jpg;https://ei.phncdn.com/videos/202608/08/58257905/original/(m=eaf8GgaaaWavb)(mh=qLpG6moGDQLXdBzp)10.jpg;https://ei.phncdn.com/videos/202608/08/58257905/original/(m=eaf8GgaaaWavb)(mh=qLpG6moGDQLXdBzp)11.jpg;https://ei.phncdn.com/videos/202608/08/58257905/original/(m=eaf8GgaaaWavb)(mh=qLpG6moGDQLXdBzp)12.jpg;https://ei.phncdn.com/videos/202608/08/58257905/original/(m=eaf8GgaaaWavb)(mh=qLpG6moGDQLXdBzp)13.jpg;https://ei.phncdn.com/videos/202608/08/58257905/original/(m=eaf8GgaaaWavb)(mh=qLpG6moGDQLXdBzp)14.jpg;https://ei.phncdn.com/videos/202608/08/58257905/original/(m=eaf8GgaaaWavb)(mh=qLpG6moGDQLXdBzp)15.jpg;https://ei.phncdn.com/videos/202608/08/58257905/original/(m=eaf8GgaaaWavb)(mh=qLpG6moGDQLXdBzp)16.jpg|Horny girl in fishnet teases with her curves 😋|onlyfans;big-ass;student;perfect-body;college|Casting;Verified Amateurs;Solo Female;Romantic;Tattooed Women||9|8|||https://ei.phncdn.com/videos/202608/08/58257905/original/(m=eaAaGwObaaamqv)(mh=xmVlD8dU41kumMem)12.jpg|https://ei.phncdn.com/videos/202608/08/58257905/original/(m=eaAaGwObaaamqv)(mh=xmVlD8dU41kumMem)1.jpg;https://ei.phncdn.com/videos/202608/08/58257905/original/(m=eaAaGwObaaamqv)(mh=xmVlD8dU41kumMem)2.jpg;https://ei.phncdn.com/videos/202608/08/58257905/original/(m=eaAaGwObaaamqv)(mh=xmVlD8dU41kumMem)3.jpg;https://ei.phncdn.com/videos/202608/08/58257905/original/(m=eaAaGwObaaamqv)(mh=xmVlD8dU41kumMem)4.jpg;https://ei.phncdn.com/videos/202608/08/58257905/original/(m=eaAaGwObaaamqv)(mh=xmVlD8dU41kumMem)5.jpg;https://ei.phncdn.com/videos/202608/08/58257905/original/(m=eaAaGwObaaamqv)(mh=xmVlD8dU41kumMem)6.jpg;https://ei.phncdn.com/videos/202608/08/58257905/original/(m=eaAaGwObaaamqv)(mh=xmVlD8dU41kumMem)7.jpg;https://ei.phncdn.com/videos/202608/08/58257905/original/(m=eaAaGwObaaamqv)(mh=xmVlD8dU41kumMem)8.jpg;https://ei.phncdn.com/videos/202608/08/58257905/original/(m=eaAaGwObaaamqv)(mh=xmVlD8dU41kumMem)9.jpg;https://ei.phncdn.com/videos/202608/08/58257905/original/(m=eaAaGwObaaamqv)(mh=xmVlD8dU41kumMem)10.jpg;https://ei.phncdn.com/videos/202608/08/58257905/original/(m=eaAaGwObaaamqv)(mh=xmVlD8dU41kumMem)11.jpg;https://ei.phncdn.com/videos/202608/08/58257905/original/(m=eaAaGwObaaamqv)(mh=xmVlD8dU41kumMem)12.jpg;https://ei.phncdn.com/videos/202608/08/58257905/original/(m=eaAaGwObaaamqv)(mh=xmVlD8dU41kumMem)13.jpg;https://ei.phncdn.com/videos/202608/08/58257905/original/(m=eaAaGwObaaamqv)(mh=xmVlD8dU41kumMem)14.jpg;https://ei.phncdn.com/videos/202608/08/58257905/original/(m=eaAaGwObaaamqv)(mh=xmVlD8dU41kumMem)15.jpg;https://ei.phncdn.com/videos/202608/08/58257905/original/(m=eaAaGwObaaamqv)(mh=xmVlD8dU41kumMem)16.jpg
<iframe src="https://www.pornhub.com/embed/6a77a8750d8e0" frameborder="0" height="481" width="608" scrolling="no"></iframe>|https://ei.phncdn.com/videos/202608/08/58380055/original/(m=eaf8GgaaaWavb)(mh=Vcv8-u1Tjay6uqs3)12.jpg|https://ei.phncdn.com/videos/202608/08/58380055/original/(m=eaf8GgaaaWavb)(mh=Vcv8-u1Tjay6uqs3)1.jpg;https://ei.phncdn.com/videos/202608/08/58380055/original/(m=eaf8GgaaaWavb)(mh=Vcv8-u1Tjay6uqs3)2.jpg;https://ei.phncdn.com/videos/202608/08/58380055/original/(m=eaf8GgaaaWavb)(mh=Vcv8-u1Tjay6uqs3)3.jpg;https://ei.phncdn.com/videos/202608/08/58380055/original/(m=eaf8GgaaaWavb)(mh=Vcv8-u1Tjay6uqs3)4.jpg;https://ei.phncdn.com/videos/202608/08/58380055/original/(m=eaf8GgaaaWavb)(mh=Vcv8-u1Tjay6uqs3)5.jpg;https://ei.phncdn.com/videos/202608/08/58380055/original/(m=eaf8GgaaaWavb)(mh=Vcv8-u1Tjay6uqs3)6.jpg;https://ei.phncdn.com/videos/202608/08/58380055/original/(m=eaf8GgaaaWavb)(mh=Vcv8-u1Tjay6uqs3)7.jpg;https://ei.phncdn.com/videos/202608/08/58380055/original/(m=eaf8GgaaaWavb)(mh=Vcv8-u1Tjay6uqs3)8.jpg;https://ei.phncdn.com/videos/202608/08/58380055/original/(m=eaf8GgaaaWavb)(mh=Vcv8-u1Tjay6uqs3)9.jpg;https://ei.phncdn.com/videos/202608/08/58380055/original/(m=eaf8GgaaaWavb)(mh=Vcv8-u1Tjay6uqs3)10.jpg;https://ei.phncdn.com/videos/202608/08/58380055/original/(m=eaf8GgaaaWavb)(mh=Vcv8-u1Tjay6uqs3)11.jpg;https://ei.phncdn.com/videos/202608/08/58380055/original/(m=eaf8GgaaaWavb)(mh=Vcv8-u1Tjay6uqs3)12.jpg;https://ei.phncdn.com/videos/202608/08/58380055/original/(m=eaf8GgaaaWavb)(mh=Vcv8-u1Tjay6uqs3)13.jpg;https://ei.phncdn.com/videos/202608/08/58380055/original/(m=eaf8GgaaaWavb)(mh=Vcv8-u1Tjay6uqs3)14.jpg;https://ei.phncdn.com/videos/202608/08/58380055/original/(m=eaf8GgaaaWavb)(mh=Vcv8-u1Tjay6uqs3)15.jpg;https://ei.phncdn.com/videos/202608/08/58380055/original/(m=eaf8GgaaaWavb)(mh=Vcv8-u1Tjay6uqs3)16.jpg|Bend me over and fuck me hard 🥵|small;e-girl;teenage;tiktok|Casting;Exclusive;Verified Amateurs;Cosplay;Solo Female||12|6|1|0|https://ei.phncdn.com/videos/202608/08/58380055/original/(m=eaAaGwObaaamqv)(mh=jXTlhUyR86fHHSlm)12.jpg|https://ei.phncdn.com/videos/202608/08/58380055/original/(m=eaAaGwObaaamqv)(mh=jXTlhUyR86fHHSlm)1.jpg;https://ei.phncdn.com/videos/202608/08/58380055/original/(m=eaAaGwObaaamqv)(mh=jXTlhUyR86fHHSlm)2.jpg;https://ei.phncdn.com/videos/202608/08/58380055/original/(m=eaAaGwObaaamqv)(mh=jXTlhUyR86fHHSlm)3.jpg;https://ei.phncdn.com/videos/202608/08/58380055/original/(m=eaAaGwObaaamqv)(mh=jXTlhUyR86fHHSlm)4.jpg;https://ei.phncdn.com/videos/202608/08/58380055/original/(m=eaAaGwObaaamqv)(mh=jXTlhUyR86fHHSlm)5.jpg;https://ei.phncdn.com/videos/202608/08/58380055/original/(m=eaAaGwObaaamqv)(mh=jXTlhUyR86fHHSlm)6.jpg;https://ei.phncdn.com/videos/202608/08/58380055/original/(m=eaAaGwObaaamqv)(mh=jXTlhUyR86fHHSlm)7.jpg;https://ei.phncdn.com/videos/202608/08/58380055/original/(m=eaAaGwObaaamqv)(mh=jXTlhUyR86fHHSlm)8.jpg;https://ei.phncdn.com/videos/202608/08/58380055/original/(m=eaAaGwObaaamqv)(mh=jXTlhUyR86fHHSlm)9.jpg;https://ei.phncdn.com/videos/202608/08/58380055/original/(m=eaAaGwObaaamqv)(mh=jXTlhUyR86fHHSlm)10.jpg;https://ei.phncdn.com/videos/202608/08/58380055/original/(m=eaAaGwObaaamqv)(mh=jXTlhUyR86fHHSlm)11.jpg;https://ei.phncdn.com/videos/202608/08/58380055/original/(m=eaAaGwObaaamqv)(mh=jXTlhUyR86fHHSlm)12.jpg;https://ei.phncdn.com/videos/202608/08/58380055/original/(m=eaAaGwObaaamqv)(mh=jXTlhUyR86fHHSlm)13.jpg;https://ei.phncdn.com/videos/202608/08/58380055/original/(m=eaAaGwObaaamqv)(mh=jXTlhUyR86fHHSlm)14.jpg;https://ei.phncdn.com/videos/202608/08/58380055/original/(m=eaAaGwObaaamqv)(mh=jXTlhUyR86fHHSlm)15.jpg;https://ei.phncdn.com/videos/202608/08/58380055/original/(m=eaAaGwObaaamqv)(mh=jXTlhUyR86fHHSlm)16.jpg
<iframe src="https://www.pornhub.com/embed/6a780866eaf9f" frameborder="0" height="481" width="608" scrolling="no"></iframe>|https://ei.phncdn.com/videos/202608/09/58406785/original/(m=eaf8GgaaaWavb)(mh=_uOPghkpJX2k7QzN)12.jpg|https://ei.phncdn.com/videos/202608/09/58406785/original/(m=eaf8GgaaaWavb)(mh=_uOPghkpJX2k7QzN)1.jpg;https://ei.phncdn.com/videos/202608/09/58406785/original/(m=eaf8GgaaaWavb)(mh=_uOPghkpJX2k7QzN)2.jpg;https://ei.phncdn.com/videos/202608/09/58406785/original/(m=eaf8GgaaaWavb)(mh=_uOPghkpJX2k7QzN)3.jpg;https://ei.phncdn.com/videos/202608/09/58406785/original/(m=eaf8GgaaaWavb)(mh=_uOPghkpJX2k7QzN)4.jpg;https://ei.phncdn.com/videos/202608/09/58406785/original/(m=eaf8GgaaaWavb)(mh=_uOPghkpJX2k7QzN)5.jpg;https://ei.phncdn.com/videos/202608/09/58406785/original/(m=eaf8GgaaaWavb)(mh=_uOPghkpJX2k7QzN)6.jpg;https://ei.phncdn.com/videos/202608/09/58406785/original/(m=eaf8GgaaaWavb)(mh=_uOPghkpJX2k7QzN)7.jpg;https://ei.phncdn.com/videos/202608/09/58406785/original/(m=eaf8GgaaaWavb)(mh=_uOPghkpJX2k7QzN)8.jpg;https://ei.phncdn.com/videos/202608/09/58406785/original/(m=eaf8GgaaaWavb)(mh=_uOPghkpJX2k7QzN)9.jpg;https://ei.phncdn.com/videos/202608/09/58406785/original/(m=eaf8GgaaaWavb)(mh=_uOPghkpJX2k7QzN)10.jpg;https://ei.phncdn.com/videos/202608/09/58406785/original/(m=eaf8GgaaaWavb)(mh=_uOPghkpJX2k7QzN)11.jpg;https://ei.phncdn.com/videos/202608/09/58406785/original/(m=eaf8GgaaaWavb)(mh=_uOPghkpJX2k7QzN)12.jpg;https://ei.phncdn.com/videos/202608/09/58406785/original/(m=eaf8GgaaaWavb)(mh=_uOPghkpJX2k7QzN)13.jpg;https://ei.phncdn.com/videos/202608/09/58406785/original/(m=eaf8GgaaaWavb)(mh=_uOPghkpJX2k7QzN)14.jpg;https://ei.phncdn.com/videos/202608/09/58406785/original/(m=eaf8GgaaaWavb)(mh=_uOPghkpJX2k7QzN)15.jpg;https://ei.phncdn.com/videos/202608/09/58406785/original/(m=eaf8GgaaaWavb)(mh=_uOPghkpJX2k7QzN)16.jpg|Tongue out and ready to suck you 🤤|new;asian-girl;skinny;stockings;popular;solo-female;busty;closeup|Casting;Verified Amateurs;Solo Female;Female Orgasm;Romantic||10|5|||https://ei.phncdn.com/videos/202608/09/58406785/original/(m=eaAaGwObaaamqv)(mh=uMNavmNR2VyMLnwD)12.jpg|https://ei.phncdn.com/videos/202608/09/58406785/original/(m=eaAaGwObaaamqv)(mh=uMNavmNR2VyMLnwD)1.jpg;https://ei.phncdn.com/videos/202608/09/58406785/original/(m=eaAaGwObaaamqv)(mh=uMNavmNR2VyMLnwD)2.jpg;https://ei.phncdn.com/videos/202608/09/58406785/original/(m=eaAaGwObaaamqv)(mh=uMNavmNR2VyMLnwD)3.jpg;https://ei.phncdn.com/videos/202608/09/58406785/original/(m=eaAaGwObaaamqv)(mh=uMNavmNR2VyMLnwD)4.jpg;https://ei.phncdn.com/videos/202608/09/58406785/original/(m=eaAaGwObaaamqv)(mh=uMNavmNR2VyMLnwD)5.jpg;https://ei.phncdn.com/videos/202608/09/58406785/original/(m=eaAaGwObaaamqv)(mh=uMNavmNR2VyMLnwD)6.jpg;https://ei.phncdn.com/videos/202608/09/58406785/original/(m=eaAaGwObaaamqv)(mh=uMNavmNR2VyMLnwD)7.jpg;https://ei.phncdn.com/videos/202608/09/58406785/original/(m=eaAaGwObaaamqv)(mh=uMNavmNR2VyMLnwD)8.jpg;https://ei.phncdn.com/videos/202608/09/58406785/original/(m=eaAaGwObaaamqv)(mh=uMNavmNR2VyMLnwD)9.jpg;https://ei.phncdn.com/videos/202608/09/58406785/original/(m=eaAaGwObaaamqv)(mh=uMNavmNR2VyMLnwD)10.jpg;https://ei.phncdn.com/videos/202608/09/58406785/original/(m=eaAaGwObaaamqv)(mh=uMNavmNR2VyMLnwD)11.jpg;https://ei.phncdn.com/videos/202608/09/58406785/original/(m=eaAaGwObaaamqv)(mh=uMNavmNR2VyMLnwD)12.jpg;https://ei.phncdn.com/videos/202608/09/58406785/original/(m=eaAaGwObaaamqv)(mh=uMNavmNR2VyMLnwD)13.jpg;https://ei.phncdn.com/videos/202608/09/58406785/original/(m=eaAaGwObaaamqv)(mh=uMNavmNR2VyMLnwD)14.jpg;https://ei.phncdn.com/videos/202608/09/58406785/original/(m=eaAaGwObaaamqv)(mh=uMNavmNR2VyMLnwD)15.jpg;https://ei.phncdn.com/videos/202608/09/58406785/original/(m=eaAaGwObaaamqv)(mh=uMNavmNR2VyMLnwD)16.jpg
<iframe src="https://www.pornhub.com/embed/6a788268a4592" frameborder="0" height="481" width="608" scrolling="no"></iframe>|https://ei.phncdn.com/videos/202608/09/58451265/original/(m=eaf8GgaaaWavb)(mh=JWjxHRmI27PN0cGx)12.jpg|https://ei.phncdn.com/videos/202608/09/58451265/original/(m=eaf8GgaaaWavb)(mh=JWjxHRmI27PN0cGx)1.jpg;https://ei.phncdn.com/videos/202608/09/58451265/original/(m=eaf8GgaaaWavb)(mh=JWjxHRmI27PN0cGx)2.jpg;https://ei.phncdn.com/videos/202608/09/58451265/original/(m=eaf8GgaaaWavb)(mh=JWjxHRmI27PN0cGx)3.jpg;https://ei.phncdn.com/videos/202608/09/58451265/original/(m=eaf8GgaaaWavb)(mh=JWjxHRmI27PN0cGx)4.jpg;https://ei.phncdn.com/videos/202608/09/58451265/original/(m=eaf8GgaaaWavb)(mh=JWjxHRmI27PN0cGx)5.jpg;https://ei.phncdn.com/videos/202608/09/58451265/original/(m=eaf8GgaaaWavb)(mh=JWjxHRmI27PN0cGx)6.jpg;https://ei.phncdn.com/videos/202608/09/58451265/original/(m=eaf8GgaaaWavb)(mh=JWjxHRmI27PN0cGx)7.jpg;https://ei.phncdn.com/videos/202608/09/58451265/original/(m=eaf8GgaaaWavb)(mh=JWjxHRmI27PN0cGx)8.jpg;https://ei.phncdn.com/videos/202608/09/58451265/original/(m=eaf8GgaaaWavb)(mh=JWjxHRmI27PN0cGx)9.jpg;https://ei.phncdn.com/videos/202608/09/58451265/original/(m=eaf8GgaaaWavb)(mh=JWjxHRmI27PN0cGx)10.jpg;https://ei.phncdn.com/videos/202608/09/58451265/original/(m=eaf8GgaaaWavb)(mh=JWjxHRmI27PN0cGx)11.jpg;https://ei.phncdn.com/videos/202608/09/58451265/original/(m=eaf8GgaaaWavb)(mh=JWjxHRmI27PN0cGx)12.jpg;https://ei.phncdn.com/videos/202608/09/58451265/original/(m=eaf8GgaaaWavb)(mh=JWjxHRmI27PN0cGx)13.jpg;https://ei.phncdn.com/videos/202608/09/58451265/original/(m=eaf8GgaaaWavb)(mh=JWjxHRmI27PN0cGx)14.jpg;https://ei.phncdn.com/videos/202608/09/58451265/original/(m=eaf8GgaaaWavb)(mh=JWjxHRmI27PN0cGx)15.jpg;https://ei.phncdn.com/videos/202608/09/58451265/original/(m=eaf8GgaaaWavb)(mh=JWjxHRmI27PN0cGx)16.jpg|Fuck me hard from behind right now 💘|teenage;perfect-body;popular;vertical-porn;amateur;natural-tits;cosplay;big-ass|Casting;Verified Amateurs;Cosplay;Solo Female||11|10|||https://ei.phncdn.com/videos/202608/09/58451265/original/(m=eaAaGwObaaamqv)(mh=qoeehqiZyCPzTgju)12.jpg|https://ei.phncdn.com/videos/202608/09/58451265/original/(m=eaAaGwObaaamqv)(mh=qoeehqiZyCPzTgju)1.jpg;https://ei.phncdn.com/videos/202608/09/58451265/original/(m=eaAaGwObaaamqv)(mh=qoeehqiZyCPzTgju)2.jpg;https://ei.phncdn.com/videos/202608/09/58451265/original/(m=eaAaGwObaaamqv)(mh=qoeehqiZyCPzTgju)3.jpg;https://ei.phncdn.com/videos/202608/09/58451265/original/(m=eaAaGwObaaamqv)(mh=qoeehqiZyCPzTgju)4.jpg;https://ei.phncdn.com/videos/202608/09/58451265/original/(m=eaAaGwObaaamqv)(mh=qoeehqiZyCPzTgju)5.jpg;https://ei.phncdn.com/videos/202608/09/58451265/original/(m=eaAaGwObaaamqv)(mh=qoeehqiZyCPzTgju)6.jpg;https://ei.phncdn.com/videos/202608/09/58451265/original/(m=eaAaGwObaaamqv)(mh=qoeehqiZyCPzTgju)7.jpg;https://ei.phncdn.com/videos/202608/09/58451265/original/(m=eaAaGwObaaamqv)(mh=qoeehqiZyCPzTgju)8.jpg;https://ei.phncdn.com/videos/202608/09/58451265/original/(m=eaAaGwObaaamqv)(mh=qoeehqiZyCPzTgju)9.jpg;https://ei.phncdn.com/videos/202608/09/58451265/original/(m=eaAaGwObaaamqv)(mh=qoeehqiZyCPzTgju)10.jpg;https://ei.phncdn.com/videos/202608/09/58451265/original/(m=eaAaGwObaaamqv)(mh=qoeehqiZyCPzTgju)11.jpg;https://ei.phncdn.com/videos/202608/09/58451265/original/(m=eaAaGwObaaamqv)(mh=qoeehqiZyCPzTgju)12.jpg;https://ei.phncdn.com/videos/202608/09/58451265/original/(m=eaAaGwObaaamqv)(mh=qoeehqiZyCPzTgju)13.jpg;https://ei.phncdn.com/videos/202608/09/58451265/original/(m=eaAaGwObaaamqv)(mh=qoeehqiZyCPzTgju)14.jpg;https://ei.phncdn.com/videos/202608/09/58451265/original/(m=eaAaGwObaaamqv)(mh=qoeehqiZyCPzTgju)15.jpg;https://ei.phncdn.com/videos/202608/09/58451265/original/(m=eaAaGwObaaamqv)(mh=qoeehqiZyCPzTgju)16.jpg
<iframe src="https://www.pornhub.com/embed/6a78d1f0278fc" frameborder="0" height="481" width="608" scrolling="no"></iframe>|https://ei.phncdn.com/videos/202608/09/58479205/original/(m=eaf8GgaaaWavb)(mh=8jMWqqPMJUne9b3K)12.jpg|https://ei.phncdn.com/videos/202608/09/58479205/original/(m=eaf8GgaaaWavb)(mh=8jMWqqPMJUne9b3K)1.jpg;https://ei.phncdn.com/videos/202608/09/58479205/original/(m=eaf8GgaaaWavb)(mh=8jMWqqPMJUne9b3K)2.jpg;https://ei.phncdn.com/videos/202608/09/58479205/original/(m=eaf8GgaaaWavb)(mh=8jMWqqPMJUne9b3K)3.jpg;https://ei.phncdn.com/videos/202608/09/58479205/original/(m=eaf8GgaaaWavb)(mh=8jMWqqPMJUne9b3K)4.jpg;https://ei.phncdn.com/videos/202608/09/58479205/original/(m=eaf8GgaaaWavb)(mh=8jMWqqPMJUne9b3K)5.jpg;https://ei.phncdn.com/videos/202608/09/58479205/original/(m=eaf8GgaaaWavb)(mh=8jMWqqPMJUne9b3K)6.jpg;https://ei.phncdn.com/videos/202608/09/58479205/original/(m=eaf8GgaaaWavb)(mh=8jMWqqPMJUne9b3K)7.jpg;https://ei.phncdn.com/videos/202608/09/58479205/original/(m=eaf8GgaaaWavb)(mh=8jMWqqPMJUne9b3K)8.jpg;https://ei.phncdn.com/videos/202608/09/58479205/original/(m=eaf8GgaaaWavb)(mh=8jMWqqPMJUne9b3K)9.jpg;https://ei.phncdn.com/videos/202608/09/58479205/original/(m=eaf8GgaaaWavb)(mh=8jMWqqPMJUne9b3K)10.jpg;https://ei.phncdn.com/videos/202608/09/58479205/original/(m=eaf8GgaaaWavb)(mh=8jMWqqPMJUne9b3K)11.jpg;https://ei.phncdn.com/videos/202608/09/58479205/original/(m=eaf8GgaaaWavb)(mh=8jMWqqPMJUne9b3K)12.jpg;https://ei.phncdn.com/videos/202608/09/58479205/original/(m=eaf8GgaaaWavb)(mh=8jMWqqPMJUne9b3K)13.jpg;https://ei.phncdn.com/videos/202608/09/58479205/original/(m=eaf8GgaaaWavb)(mh=8jMWqqPMJUne9b3K)14.jpg;https://ei.phncdn.com/videos/202608/09/58479205/original/(m=eaf8GgaaaWavb)(mh=8jMWqqPMJUne9b3K)15.jpg;https://ei.phncdn.com/videos/202608/09/58479205/original/(m=eaf8GgaaaWavb)(mh=8jMWqqPMJUne9b3K)16.jpg|Spread me wider and make me beg 😋|schoolgirl;shaved-pussy;amateur;anal;natural-tits|Casting;Verified Amateurs;Solo Female;Tattooed Women||12|9|||https://ei.phncdn.com/videos/202608/09/58479205/original/(m=eaAaGwObaaamqv)(mh=39k3NnZsbrguVyF6)12.jpg|https://ei.phncdn.com/videos/202608/09/58479205/original/(m=eaAaGwObaaamqv)(mh=39k3NnZsbrguVyF6)1.jpg;https://ei.phncdn.com/videos/202608/09/58479205/original/(m=eaAaGwObaaamqv)(mh=39k3NnZsbrguVyF6)2.jpg;https://ei.phncdn.com/videos/202608/09/58479205/original/(m=eaAaGwObaaamqv)(mh=39k3NnZsbrguVyF6)3.jpg;https://ei.phncdn.com/videos/202608/09/58479205/original/(m=eaAaGwObaaamqv)(mh=39k3NnZsbrguVyF6)4.jpg;https://ei.phncdn.com/videos/202608/09/58479205/original/(m=eaAaGwObaaamqv)(mh=39k3NnZsbrguVyF6)5.jpg;https://ei.phncdn.com/videos/202608/09/58479205/original/(m=eaAaGwObaaamqv)(mh=39k3NnZsbrguVyF6)6.jpg;https://ei.phncdn.com/videos/202608/09/58479205/original/(m=eaAaGwObaaamqv)(mh=39k3NnZsbrguVyF6)7.jpg;https://ei.phncdn.com/videos/202608/09/58479205/original/(m=eaAaGwObaaamqv)(mh=39k3NnZsbrguVyF6)8.jpg;https://ei.phncdn.com/videos/202608/09/58479205/original/(m=eaAaGwObaaamqv)(mh=39k3NnZsbrguVyF6)9.jpg;https://ei.phncdn.com/videos/202608/09/58479205/original/(m=eaAaGwObaaamqv)(mh=39k3NnZsbrguVyF6)10.jpg;https://ei.phncdn.com/videos/202608/09/58479205/original/(m=eaAaGwObaaamqv)(mh=39k3NnZsbrguVyF6)11.jpg;https://ei.phncdn.com/videos/202608/09/58479205/original/(m=eaAaGwObaaamqv)(mh=39k3NnZsbrguVyF6)12.jpg;https://ei.phncdn.com/videos/202608/09/58479205/original/(m=eaAaGwObaaamqv)(mh=39k3NnZsbrguVyF6)13.jpg;https://ei.phncdn.com/videos/202608/09/58479205/original/(m=eaAaGwObaaamqv)(mh=39k3NnZsbrguVyF6)14.jpg;https://ei.phncdn.com/videos/202608/09/58479205/original/(m=eaAaGwObaaamqv)(mh=39k3NnZsbrguVyF6)15.jpg;https://ei.phncdn.com/videos/202608/09/58479205/original/(m=eaAaGwObaaamqv)(mh=39k3NnZsbrguVyF6)16.jpg
<iframe src="https://www.pornhub.com/embed/6a78ec8703c23" frameborder="0" height="481" width="608" scrolling="no"></iframe>|https://ei.phncdn.com/videos/202608/09/58486265/original/(m=eaf8GgaaaWavb)(mh=KH6Y91PRj8NYhE4o)12.jpg|https://ei.phncdn.com/videos/202608/09/58486265/original/(m=eaf8GgaaaWavb)(mh=KH6Y91PRj8NYhE4o)1.jpg;https://ei.phncdn.com/videos/202608/09/58486265/original/(m=eaf8GgaaaWavb)(mh=KH6Y91PRj8NYhE4o)2.jpg;https://ei.phncdn.com/videos/202608/09/58486265/original/(m=eaf8GgaaaWavb)(mh=KH6Y91PRj8NYhE4o)3.jpg;https://ei.phncdn.com/videos/202608/09/58486265/original/(m=eaf8GgaaaWavb)(mh=KH6Y91PRj8NYhE4o)4.jpg;https://ei.phncdn.com/videos/202608/09/58486265/original/(m=eaf8GgaaaWavb)(mh=KH6Y91PRj8NYhE4o)5.jpg;https://ei.phncdn.com/videos/202608/09/58486265/original/(m=eaf8GgaaaWavb)(mh=KH6Y91PRj8NYhE4o)6.jpg;https://ei.phncdn.com/videos/202608/09/58486265/original/(m=eaf8GgaaaWavb)(mh=KH6Y91PRj8NYhE4o)7.jpg;https://ei.phncdn.com/videos/202608/09/58486265/original/(m=eaf8GgaaaWavb)(mh=KH6Y91PRj8NYhE4o)8.jpg;https://ei.phncdn.com/videos/202608/09/58486265/original/(m=eaf8GgaaaWavb)(mh=KH6Y91PRj8NYhE4o)9.jpg;https://ei.phncdn.com/videos/202608/09/58486265/original/(m=eaf8GgaaaWavb)(mh=KH6Y91PRj8NYhE4o)10.jpg;https://ei.phncdn.com/videos/202608/09/58486265/original/(m=eaf8GgaaaWavb)(mh=KH6Y91PRj8NYhE4o)11.jpg;https://ei.phncdn.com/videos/202608/09/58486265/original/(m=eaf8GgaaaWavb)(mh=KH6Y91PRj8NYhE4o)12.jpg;https://ei.phncdn.com/videos/202608/09/58486265/original/(m=eaf8GgaaaWavb)(mh=KH6Y91PRj8NYhE4o)13.jpg;https://ei.phncdn.com/videos/202608/09/58486265/original/(m=eaf8GgaaaWavb)(mh=KH6Y91PRj8NYhE4o)14.jpg;https://ei.phncdn.com/videos/202608/09/58486265/original/(m=eaf8GgaaaWavb)(mh=KH6Y91PRj8NYhE4o)15.jpg;https://ei.phncdn.com/videos/202608/09/58486265/original/(m=eaf8GgaaaWavb)(mh=KH6Y91PRj8NYhE4o)16.jpg|Big tits spilling out as she unbuttons slowly 🥰|busty;popular;stockings;cosplay;slut;shaved-pussy;amateur|Casting;Russian;Verified Amateurs;Solo Female||10|0|1|0|https://ei.phncdn.com/videos/202608/09/58486265/original/(m=eaAaGwObaaamqv)(mh=ewEalrgXPHOhSI78)12.jpg|https://ei.phncdn.com/videos/202608/09/58486265/original/(m=eaAaGwObaaamqv)(mh=ewEalrgXPHOhSI78)1.jpg;https://ei.phncdn.com/videos/202608/09/58486265/original/(m=eaAaGwObaaamqv)(mh=ewEalrgXPHOhSI78)2.jpg;https://ei.phncdn.com/videos/202608/09/58486265/original/(m=eaAaGwObaaamqv)(mh=ewEalrgXPHOhSI78)3.jpg;https://ei.phncdn.com/videos/202608/09/58486265/original/(m=eaAaGwObaaamqv)(mh=ewEalrgXPHOhSI78)4.jpg;https://ei.phncdn.com/videos/202608/09/58486265/original/(m=eaAaGwObaaamqv)(mh=ewEalrgXPHOhSI78)5.jpg;https://ei.phncdn.com/videos/202608/09/58486265/original/(m=eaAaGwObaaamqv)(mh=ewEalrgXPHOhSI78)6.jpg;https://ei.phncdn.com/videos/202608/09/58486265/original/(m=eaAaGwObaaamqv)(mh=ewEalrgXPHOhSI78)7.jpg;https://ei.phncdn.com/videos/202608/09/58486265/original/(m=eaAaGwObaaamqv)(mh=ewEalrgXPHOhSI78)8.jpg;https://ei.phncdn.com/videos/202608/09/58486265/original/(m=eaAaGwObaaamqv)(mh=ewEalrgXPHOhSI78)9.jpg;https://ei.phncdn.com/videos/202608/09/58486265/original/(m=eaAaGwObaaamqv)(mh=ewEalrgXPHOhSI78)10.jpg;https://ei.phncdn.com/videos/202608/09/58486265/original/(m=eaAaGwObaaamqv)(mh=ewEalrgXPHOhSI78)11.jpg;https://ei.phncdn.com/videos/202608/09/58486265/original/(m=eaAaGwObaaamqv)(mh=ewEalrgXPHOhSI78)12.jpg;https://ei.phncdn.com/videos/202608/09/58486265/original/(m=eaAaGwObaaamqv)(mh=ewEalrgXPHOhSI78)13.jpg;https://ei.phncdn.com/videos/202608/09/58486265/original/(m=eaAaGwObaaamqv)(mh=ewEalrgXPHOhSI78)14.jpg;https://ei.phncdn.com/videos/202608/09/58486265/original/(m=eaAaGwObaaamqv)(mh=ewEalrgXPHOhSI78)15.jpg;https://ei.phncdn.com/videos/202608/09/58486265/original/(m=eaAaGwObaaamqv)(mh=ewEalrgXPHOhSI78)16.jpg
<iframe src="https://www.pornhub.com/embed/6a78f182bd93c" frameborder="0" height="481" width="608" scrolling="no"></iframe>|https://ei.phncdn.com/videos/202608/09/58487775/original/(m=eaf8GgaaaWavb)(mh=kpgRQGN6Hu79PS-e)12.jpg|https://ei.phncdn.com/videos/202608/09/58487775/original/(m=eaf8GgaaaWavb)(mh=kpgRQGN6Hu79PS-e)1.jpg;https://ei.phncdn.com/videos/202608/09/58487775/original/(m=eaf8GgaaaWavb)(mh=kpgRQGN6Hu79PS-e)2.jpg;https://ei.phncdn.com/videos/202608/09/58487775/original/(m=eaf8GgaaaWavb)(mh=kpgRQGN6Hu79PS-e)3.jpg;https://ei.phncdn.com/videos/202608/09/58487775/original/(m=eaf8GgaaaWavb)(mh=kpgRQGN6Hu79PS-e)4.jpg;https://ei.phncdn.com/videos/202608/09/58487775/original/(m=eaf8GgaaaWavb)(mh=kpgRQGN6Hu79PS-e)5.jpg;https://ei.phncdn.com/videos/202608/09/58487775/original/(m=eaf8GgaaaWavb)(mh=kpgRQGN6Hu79PS-e)6.jpg;https://ei.phncdn.com/videos/202608/09/58487775/original/(m=eaf8GgaaaWavb)(mh=kpgRQGN6Hu79PS-e)7.jpg;https://ei.phncdn.com/videos/202608/09/58487775/original/(m=eaf8GgaaaWavb)(mh=kpgRQGN6Hu79PS-e)8.jpg;https://ei.phncdn.com/videos/202608/09/58487775/original/(m=eaf8GgaaaWavb)(mh=kpgRQGN6Hu79PS-e)9.jpg;https://ei.phncdn.com/videos/202608/09/58487775/original/(m=eaf8GgaaaWavb)(mh=kpgRQGN6Hu79PS-e)10.jpg;https://ei.phncdn.com/videos/202608/09/58487775/original/(m=eaf8GgaaaWavb)(mh=kpgRQGN6Hu79PS-e)11.jpg;https://ei.phncdn.com/videos/202608/09/58487775/original/(m=eaf8GgaaaWavb)(mh=kpgRQGN6Hu79PS-e)12.jpg;https://ei.phncdn.com/videos/202608/09/58487775/original/(m=eaf8GgaaaWavb)(mh=kpgRQGN6Hu79PS-e)13.jpg;https://ei.phncdn.com/videos/202608/09/58487775/original/(m=eaf8GgaaaWavb)(mh=kpgRQGN6Hu79PS-e)14.jpg;https://ei.phncdn.com/videos/202608/09/58487775/original/(m=eaf8GgaaaWavb)(mh=kpgRQGN6Hu79PS-e)15.jpg;https://ei.phncdn.com/videos/202608/09/58487775/original/(m=eaf8GgaaaWavb)(mh=kpgRQGN6Hu79PS-e)16.jpg|You gonna eat me out good?|slut;rough;cosplay;gamer|Casting;Verified Amateurs;Solo Female;Gaming||10|1|||https://ei.phncdn.com/videos/202608/09/58487775/original/(m=eaAaGwObaaamqv)(mh=kjQ_wgFzAeHxFupN)12.jpg|https://ei.phncdn.com/videos/202608/09/58487775/original/(m=eaAaGwObaaamqv)(mh=kjQ_wgFzAeHxFupN)1.jpg;https://ei.phncdn.com/videos/202608/09/58487775/original/(m=eaAaGwObaaamqv)(mh=kjQ_wgFzAeHxFupN)2.jpg;https://ei.phncdn.com/videos/202608/09/58487775/original/(m=eaAaGwObaaamqv)(mh=kjQ_wgFzAeHxFupN)3.jpg;https://ei.phncdn.com/videos/202608/09/58487775/original/(m=eaAaGwObaaamqv)(mh=kjQ_wgFzAeHxFupN)4.jpg;https://ei.phncdn.com/videos/202608/09/58487775/original/(m=eaAaGwObaaamqv)(mh=kjQ_wgFzAeHxFupN)5.jpg;https://ei.phncdn.com/videos/202608/09/58487775/original/(m=eaAaGwObaaamqv)(mh=kjQ_wgFzAeHxFupN)6.jpg;https://ei.phncdn.com/videos/202608/09/58487775/original/(m=eaAaGwObaaamqv)(mh=kjQ_wgFzAeHxFupN)7.jpg;https://ei.phncdn.com/videos/202608/09/58487775/original/(m=eaAaGwObaaamqv)(mh=kjQ_wgFzAeHxFupN)8.jpg;https://ei.phncdn.com/videos/202608/09/58487775/original/(m=eaAaGwObaaamqv)(mh=kjQ_wgFzAeHxFupN)9.jpg;https://ei.phncdn.com/videos/202608/09/58487775/original/(m=eaAaGwObaaamqv)(mh=kjQ_wgFzAeHxFupN)10.jpg;https://ei.phncdn.com/videos/202608/09/58487775/original/(m=eaAaGwObaaamqv)(mh=kjQ_wgFzAeHxFupN)11.jpg;https://ei.phncdn.com/videos/202608/09/58487775/original/(m=eaAaGwObaaamqv)(mh=kjQ_wgFzAeHxFupN)12.jpg;https://ei.phncdn.com/videos/202608/09/58487775/original/(m=eaAaGwObaaamqv)(mh=kjQ_wgFzAeHxFupN)13.jpg;https://ei.phncdn.com/videos/202608/09/58487775/original/(m=eaAaGwObaaamqv)(mh=kjQ_wgFzAeHxFupN)14.jpg;https://ei.phncdn.com/videos/202608/09/58487775/original/(m=eaAaGwObaaamqv)(mh=kjQ_wgFzAeHxFupN)15.jpg;https://ei.phncdn.com/videos/202608/09/58487775/original/(m=eaAaGwObaaamqv)(mh=kjQ_wgFzAeHxFupN)16.jpg
<iframe src="https://www.pornhub.com/embed/6a797ace61056" frameborder="0" height="481" width="608" scrolling="no"></iframe>|https://ei.phncdn.com/videos/202608/10/58522105/original/(m=eaf8GgaaaWavb)(mh=4T-UUNIGWFeLH888)12.jpg|https://ei.phncdn.com/videos/202608/10/58522105/original/(m=eaf8GgaaaWavb)(mh=4T-UUNIGWFeLH888)1.jpg;https://ei.phncdn.com/videos/202608/10/58522105/original/(m=eaf8GgaaaWavb)(mh=4T-UUNIGWFeLH888)2.jpg;https://ei.phncdn.com/videos/202608/10/58522105/original/(m=eaf8GgaaaWavb)(mh=4T-UUNIGWFeLH888)3.jpg;https://ei.phncdn.com/videos/202608/10/58522105/original/(m=eaf8GgaaaWavb)(mh=4T-UUNIGWFeLH888)4.jpg;https://ei.phncdn.com/videos/202608/10/58522105/original/(m=eaf8GgaaaWavb)(mh=4T-UUNIGWFeLH888)5.jpg;https://ei.phncdn.com/videos/202608/10/58522105/original/(m=eaf8GgaaaWavb)(mh=4T-UUNIGWFeLH888)6.jpg;https://ei.phncdn.com/videos/202608/10/58522105/original/(m=eaf8GgaaaWavb)(mh=4T-UUNIGWFeLH888)7.jpg;https://ei.phncdn.com/videos/202608/10/58522105/original/(m=eaf8GgaaaWavb)(mh=4T-UUNIGWFeLH888)8.jpg;https://ei.phncdn.com/videos/202608/10/58522105/original/(m=eaf8GgaaaWavb)(mh=4T-UUNIGWFeLH888)9.jpg;https://ei.phncdn.com/videos/202608/10/58522105/original/(m=eaf8GgaaaWavb)(mh=4T-UUNIGWFeLH888)10.jpg;https://ei.phncdn.com/videos/202608/10/58522105/original/(m=eaf8GgaaaWavb)(mh=4T-UUNIGWFeLH888)11.jpg;https://ei.phncdn.com/videos/202608/10/58522105/original/(m=eaf8GgaaaWavb)(mh=4T-UUNIGWFeLH888)12.jpg;https://ei.phncdn.com/videos/202608/10/58522105/original/(m=eaf8GgaaaWavb)(mh=4T-UUNIGWFeLH888)13.jpg;https://ei.phncdn.com/videos/202608/10/58522105/original/(m=eaf8GgaaaWavb)(mh=4T-UUNIGWFeLH888)14.jpg;https://ei.phncdn.com/videos/202608/10/58522105/original/(m=eaf8GgaaaWavb)(mh=4T-UUNIGWFeLH888)15.jpg;https://ei.phncdn.com/videos/202608/10/58522105/original/(m=eaf8GgaaaWavb)(mh=4T-UUNIGWFeLH888)16.jpg|Fuck me hard and make me beg 😇|shaved-pussy;schoolgirl;student;sexy;blonde;cute;cheating;slut|Casting;Verified Amateurs;Solo Female;Female Orgasm||12|3|||https://ei.phncdn.com/videos/202608/10/58522105/original/(m=eaAaGwObaaamqv)(mh=hIG98Ef0kMY_Hcya)12.jpg|https://ei.phncdn.com/videos/202608/10/58522105/original/(m=eaAaGwObaaamqv)(mh=hIG98Ef0kMY_Hcya)1.jpg;https://ei.phncdn.com/videos/202608/10/58522105/original/(m=eaAaGwObaaamqv)(mh=hIG98Ef0kMY_Hcya)2.jpg;https://ei.phncdn.com/videos/202608/10/58522105/original/(m=eaAaGwObaaamqv)(mh=hIG98Ef0kMY_Hcya)3.jpg;https://ei.phncdn.com/videos/202608/10/58522105/original/(m=eaAaGwObaaamqv)(mh=hIG98Ef0kMY_Hcya)4.jpg;https://ei.phncdn.com/videos/202608/10/58522105/original/(m=eaAaGwObaaamqv)(mh=hIG98Ef0kMY_Hcya)5.jpg;https://ei.phncdn.com/videos/202608/10/58522105/original/(m=eaAaGwObaaamqv)(mh=hIG98Ef0kMY_Hcya)6.jpg;https://ei.phncdn.com/videos/202608/10/58522105/original/(m=eaAaGwObaaamqv)(mh=hIG98Ef0kMY_Hcya)7.jpg;https://ei.phncdn.com/videos/202608/10/58522105/original/(m=eaAaGwObaaamqv)(mh=hIG98Ef0kMY_Hcya)8.jpg;https://ei.phncdn.com/videos/202608/10/58522105/original/(m=eaAaGwObaaamqv)(mh=hIG98Ef0kMY_Hcya)9.jpg;https://ei.phncdn.com/videos/202608/10/58522105/original/(m=eaAaGwObaaamqv)(mh=hIG98Ef0kMY_Hcya)10.jpg;https://ei.phncdn.com/videos/202608/10/58522105/original/(m=eaAaGwObaaamqv)(mh=hIG98Ef0kMY_Hcya)11.jpg;https://ei.phncdn.com/videos/202608/10/58522105/original/(m=eaAaGwObaaamqv)(mh=hIG98Ef0kMY_Hcya)12.jpg;https://ei.phncdn.com/videos/202608/10/58522105/original/(m=eaAaGwObaaamqv)(mh=hIG98Ef0kMY_Hcya)13.jpg;https://ei.phncdn.com/videos/202608/10/58522105/original/(m=eaAaGwObaaamqv)(mh=hIG98Ef0kMY_Hcya)14.jpg;https://ei.phncdn.com/videos/202608/10/58522105/original/(m=eaAaGwObaaamqv)(mh=hIG98Ef0kMY_Hcya)15.jpg;https://ei.phncdn.com/videos/202608/10/58522105/original/(m=eaAaGwObaaamqv)(mh=hIG98Ef0kMY_Hcya)16.jpg
<iframe src="https://www.pornhub.com/embed/6a79a7d60d516" frameborder="0" height="481" width="608" scrolling="no"></iframe>|https://ei.phncdn.com/videos/202608/10/58536335/original/(m=eaf8GgaaaWavb)(mh=S_BBFJGa_pmjRJy4)12.jpg|https://ei.phncdn.com/videos/202608/10/58536335/original/(m=eaf8GgaaaWavb)(mh=S_BBFJGa_pmjRJy4)1.jpg;https://ei.phncdn.com/videos/202608/10/58536335/original/(m=eaf8GgaaaWavb)(mh=S_BBFJGa_pmjRJy4)2.jpg;https://ei.phncdn.com/videos/202608/10/58536335/original/(m=eaf8GgaaaWavb)(mh=S_BBFJGa_pmjRJy4)3.jpg;https://ei.phncdn.com/videos/202608/10/58536335/original/(m=eaf8GgaaaWavb)(mh=S_BBFJGa_pmjRJy4)4.jpg;https://ei.phncdn.com/videos/202608/10/58536335/original/(m=eaf8GgaaaWavb)(mh=S_BBFJGa_pmjRJy4)5.jpg;https://ei.phncdn.com/videos/202608/10/58536335/original/(m=eaf8GgaaaWavb)(mh=S_BBFJGa_pmjRJy4)6.jpg;https://ei.phncdn.com/videos/202608/10/58536335/original/(m=eaf8GgaaaWavb)(mh=S_BBFJGa_pmjRJy4)7.jpg;https://ei.phncdn.com/videos/202608/10/58536335/original/(m=eaf8GgaaaWavb)(mh=S_BBFJGa_pmjRJy4)8.jpg;https://ei.phncdn.com/videos/202608/10/58536335/original/(m=eaf8GgaaaWavb)(mh=S_BBFJGa_pmjRJy4)9.jpg;https://ei.phncdn.com/videos/202608/10/58536335/original/(m=eaf8GgaaaWavb)(mh=S_BBFJGa_pmjRJy4)10.jpg;https://ei.phncdn.com/videos/202608/10/58536335/original/(m=eaf8GgaaaWavb)(mh=S_BBFJGa_pmjRJy4)11.jpg;https://ei.phncdn.com/videos/202608/10/58536335/original/(m=eaf8GgaaaWavb)(mh=S_BBFJGa_pmjRJy4)12.jpg;https://ei.phncdn.com/videos/202608/10/58536335/original/(m=eaf8GgaaaWavb)(mh=S_BBFJGa_pmjRJy4)13.jpg;https://ei.phncdn.com/videos/202608/10/58536335/original/(m=eaf8GgaaaWavb)(mh=S_BBFJGa_pmjRJy4)14.jpg;https://ei.phncdn.com/videos/202608/10/58536335/original/(m=eaf8GgaaaWavb)(mh=S_BBFJGa_pmjRJy4)15.jpg;https://ei.phncdn.com/videos/202608/10/58536335/original/(m=eaf8GgaaaWavb)(mh=S_BBFJGa_pmjRJy4)16.jpg|Blonde rides blue toy till she cums hard 🤫|popular;closeup;cheating;lingerie;e-girl;solo-female;homemade|Casting;Russian;Verified Amateurs;Cosplay;Solo Female;Tattooed Women||12|5|||https://ei.phncdn.com/videos/202608/10/58536335/original/(m=eaAaGwObaaamqv)(mh=wujR_Fl-gDBmSKF7)12.jpg|https://ei.phncdn.com/videos/202608/10/58536335/original/(m=eaAaGwObaaamqv)(mh=wujR_Fl-gDBmSKF7)1.jpg;https://ei.phncdn.com/videos/202608/10/58536335/original/(m=eaAaGwObaaamqv)(mh=wujR_Fl-gDBmSKF7)2.jpg;https://ei.phncdn.com/videos/202608/10/58536335/original/(m=eaAaGwObaaamqv)(mh=wujR_Fl-gDBmSKF7)3.jpg;https://ei.phncdn.com/videos/202608/10/58536335/original/(m=eaAaGwObaaamqv)(mh=wujR_Fl-gDBmSKF7)4.jpg;https://ei.phncdn.com/videos/202608/10/58536335/original/(m=eaAaGwObaaamqv)(mh=wujR_Fl-gDBmSKF7)5.jpg;https://ei.phncdn.com/videos/202608/10/58536335/original/(m=eaAaGwObaaamqv)(mh=wujR_Fl-gDBmSKF7)6.jpg;https://ei.phncdn.com/videos/202608/10/58536335/original/(m=eaAaGwObaaamqv)(mh=wujR_Fl-gDBmSKF7)7.jpg;https://ei.phncdn.com/videos/202608/10/58536335/original/(m=eaAaGwObaaamqv)(mh=wujR_Fl-gDBmSKF7)8.jpg;https://ei.phncdn.com/videos/202608/10/58536335/original/(m=eaAaGwObaaamqv)(mh=wujR_Fl-gDBmSKF7)9.jpg;https://ei.phncdn.com/videos/202608/10/58536335/original/(m=eaAaGwObaaamqv)(mh=wujR_Fl-gDBmSKF7)10.jpg;https://ei.phncdn.com/videos/202608/10/58536335/original/(m=eaAaGwObaaamqv)(mh=wujR_Fl-gDBmSKF7)11.jpg;https://ei.phncdn.com/videos/202608/10/58536335/original/(m=eaAaGwObaaamqv)(mh=wujR_Fl-gDBmSKF7)12.jpg;https://ei.phncdn.com/videos/202608/10/58536335/original/(m=eaAaGwObaaamqv)(mh=wujR_Fl-gDBmSKF7)13.jpg;https://ei.phncdn.com/videos/202608/10/58536335/original/(m=eaAaGwObaaamqv)(mh=wujR_Fl-gDBmSKF7)14.jpg;https://ei.phncdn.com/videos/202608/10/58536335/original/(m=eaAaGwObaaamqv)(mh=wujR_Fl-gDBmSKF7)15.jpg;https://ei.phncdn.com/videos/202608/10/58536335/original/(m=eaAaGwObaaamqv)(mh=wujR_Fl-gDBmSKF7)16.jpg
<iframe src="https://www.pornhub.com/embed/6a79ebbc2af7d" frameborder="0" height="481" width="608" scrolling="no"></iframe>|https://ei.phncdn.com/videos/202608/10/58556495/original/(m=eaf8GgaaaWavb)(mh=IyEr8-h-E3kIa0F5)12.jpg|https://ei.phncdn.com/videos/202608/10/58556495/original/(m=eaf8GgaaaWavb)(mh=IyEr8-h-E3kIa0F5)1.jpg;https://ei.phncdn.com/videos/202608/10/58556495/original/(m=eaf8GgaaaWavb)(mh=IyEr8-h-E3kIa0F5)2.jpg;https://ei.phncdn.com/videos/202608/10/58556495/original/(m=eaf8GgaaaWavb)(mh=IyEr8-h-E3kIa0F5)3.jpg;https://ei.phncdn.com/videos/202608/10/58556495/original/(m=eaf8GgaaaWavb)(mh=IyEr8-h-E3kIa0F5)4.jpg;https://ei.phncdn.com/videos/202608/10/58556495/original/(m=eaf8GgaaaWavb)(mh=IyEr8-h-E3kIa0F5)5.jpg;https://ei.phncdn.com/videos/202608/10/58556495/original/(m=eaf8GgaaaWavb)(mh=IyEr8-h-E3kIa0F5)6.jpg;https://ei.phncdn.com/videos/202608/10/58556495/original/(m=eaf8GgaaaWavb)(mh=IyEr8-h-E3kIa0F5)7.jpg;https://ei.phncdn.com/videos/202608/10/58556495/original/(m=eaf8GgaaaWavb)(mh=IyEr8-h-E3kIa0F5)8.jpg;https://ei.phncdn.com/videos/202608/10/58556495/original/(m=eaf8GgaaaWavb)(mh=IyEr8-h-E3kIa0F5)9.jpg;https://ei.phncdn.com/videos/202608/10/58556495/original/(m=eaf8GgaaaWavb)(mh=IyEr8-h-E3kIa0F5)10.jpg;https://ei.phncdn.com/videos/202608/10/58556495/original/(m=eaf8GgaaaWavb)(mh=IyEr8-h-E3kIa0F5)11.jpg;https://ei.phncdn.com/videos/202608/10/58556495/original/(m=eaf8GgaaaWavb)(mh=IyEr8-h-E3kIa0F5)12.jpg;https://ei.phncdn.com/videos/202608/10/58556495/original/(m=eaf8GgaaaWavb)(mh=IyEr8-h-E3kIa0F5)13.jpg;https://ei.phncdn.com/videos/202608/10/58556495/original/(m=eaf8GgaaaWavb)(mh=IyEr8-h-E3kIa0F5)14.jpg;https://ei.phncdn.com/videos/202608/10/58556495/original/(m=eaf8GgaaaWavb)(mh=IyEr8-h-E3kIa0F5)15.jpg;https://ei.phncdn.com/videos/202608/10/58556495/original/(m=eaf8GgaaaWavb)(mh=IyEr8-h-E3kIa0F5)16.jpg|Wet pussy gripped tight by her own fingers 😋|stockings;natural-tits;shaved-pussy|Casting;Russian;Czech;Verified Amateurs;Solo Female||12|14|||https://ei.phncdn.com/videos/202608/10/58556495/original/(m=eaAaGwObaaamqv)(mh=8zGR45v67pjJXBrv)12.jpg|https://ei.phncdn.com/videos/202608/10/58556495/original/(m=eaAaGwObaaamqv)(mh=8zGR45v67pjJXBrv)1.jpg;https://ei.phncdn.com/videos/202608/10/58556495/original/(m=eaAaGwObaaamqv)(mh=8zGR45v67pjJXBrv)2.jpg;https://ei.phncdn.com/videos/202608/10/58556495/original/(m=eaAaGwObaaamqv)(mh=8zGR45v67pjJXBrv)3.jpg;https://ei.phncdn.com/videos/202608/10/58556495/original/(m=eaAaGwObaaamqv)(mh=8zGR45v67pjJXBrv)4.jpg;https://ei.phncdn.com/videos/202608/10/58556495/original/(m=eaAaGwObaaamqv)(mh=8zGR45v67pjJXBrv)5.jpg;https://ei.phncdn.com/videos/202608/10/58556495/original/(m=eaAaGwObaaamqv)(mh=8zGR45v67pjJXBrv)6.jpg;https://ei.phncdn.com/videos/202608/10/58556495/original/(m=eaAaGwObaaamqv)(mh=8zGR45v67pjJXBrv)7.jpg;https://ei.phncdn.com/videos/202608/10/58556495/original/(m=eaAaGwObaaamqv)(mh=8zGR45v67pjJXBrv)8.jpg;https://ei.phncdn.com/videos/202608/10/58556495/original/(m=eaAaGwObaaamqv)(mh=8zGR45v67pjJXBrv)9.jpg;https://ei.phncdn.com/videos/202608/10/58556495/original/(m=eaAaGwObaaamqv)(mh=8zGR45v67pjJXBrv)10.jpg;https://ei.phncdn.com/videos/202608/10/58556495/original/(m=eaAaGwObaaamqv)(mh=8zGR45v67pjJXBrv)11.jpg;https://ei.phncdn.com/videos/202608/10/58556495/original/(m=eaAaGwObaaamqv)(mh=8zGR45v67pjJXBrv)12.jpg;https://ei.phncdn.com/videos/202608/10/58556495/original/(m=eaAaGwObaaamqv)(mh=8zGR45v67pjJXBrv)13.jpg;https://ei.phncdn.com/videos/202608/10/58556495/original/(m=eaAaGwObaaamqv)(mh=8zGR45v67pjJXBrv)14.jpg;https://ei.phncdn.com/videos/202608/10/58556495/original/(m=eaAaGwObaaamqv)(mh=8zGR45v67pjJXBrv)15.jpg;https://ei.phncdn.com/videos/202608/10/58556495/original/(m=eaAaGwObaaamqv)(mh=8zGR45v67pjJXBrv)16.jpg
<iframe src="https://www.pornhub.com/embed/6a7a406f30596" frameborder="0" height="481" width="608" scrolling="no"></iframe>|https://ei.phncdn.com/videos/202608/10/58582005/original/(m=eaf8GgaaaWavb)(mh=o5THOjwINmI1VuTC)12.jpg|https://ei.phncdn.com/videos/202608/10/58582005/original/(m=eaf8GgaaaWavb)(mh=o5THOjwINmI1VuTC)1.jpg;https://ei.phncdn.com/videos/202608/10/58582005/original/(m=eaf8GgaaaWavb)(mh=o5THOjwINmI1VuTC)2.jpg;https://ei.phncdn.com/videos/202608/10/58582005/original/(m=eaf8GgaaaWavb)(mh=o5THOjwINmI1VuTC)3.jpg;https://ei.phncdn.com/videos/202608/10/58582005/original/(m=eaf8GgaaaWavb)(mh=o5THOjwINmI1VuTC)4.jpg;https://ei.phncdn.com/videos/202608/10/58582005/original/(m=eaf8GgaaaWavb)(mh=o5THOjwINmI1VuTC)5.jpg;https://ei.phncdn.com/videos/202608/10/58582005/original/(m=eaf8GgaaaWavb)(mh=o5THOjwINmI1VuTC)6.jpg;https://ei.phncdn.com/videos/202608/10/58582005/original/(m=eaf8GgaaaWavb)(mh=o5THOjwINmI1VuTC)7.jpg;https://ei.phncdn.com/videos/202608/10/58582005/original/(m=eaf8GgaaaWavb)(mh=o5THOjwINmI1VuTC)8.jpg;https://ei.phncdn.com/videos/202608/10/58582005/original/(m=eaf8GgaaaWavb)(mh=o5THOjwINmI1VuTC)9.jpg;https://ei.phncdn.com/videos/202608/10/58582005/original/(m=eaf8GgaaaWavb)(mh=o5THOjwINmI1VuTC)10.jpg;https://ei.phncdn.com/videos/202608/10/58582005/original/(m=eaf8GgaaaWavb)(mh=o5THOjwINmI1VuTC)11.jpg;https://ei.phncdn.com/videos/202608/10/58582005/original/(m=eaf8GgaaaWavb)(mh=o5THOjwINmI1VuTC)12.jpg;https://ei.phncdn.com/videos/202608/10/58582005/original/(m=eaf8GgaaaWavb)(mh=o5THOjwINmI1VuTC)13.jpg;https://ei.phncdn.com/videos/202608/10/58582005/original/(m=eaf8GgaaaWavb)(mh=o5THOjwINmI1VuTC)14.jpg;https://ei.phncdn.com/videos/202608/10/58582005/original/(m=eaf8GgaaaWavb)(mh=o5THOjwINmI1VuTC)15.jpg;https://ei.phncdn.com/videos/202608/10/58582005/original/(m=eaf8GgaaaWavb)(mh=o5THOjwINmI1VuTC)16.jpg|I want your tongue on my nipples now 🤤|new;cosplay;goth;big-tits|Casting;Verified Amateurs;Solo Female;Gaming||12|3|||https://ei.phncdn.com/videos/202608/10/58582005/original/(m=eaAaGwObaaamqv)(mh=-2iA_zShb-emoBqn)12.jpg|https://ei.phncdn.com/videos/202608/10/58582005/original/(m=eaAaGwObaaamqv)(mh=-2iA_zShb-emoBqn)1.jpg;https://ei.phncdn.com/videos/202608/10/58582005/original/(m=eaAaGwObaaamqv)(mh=-2iA_zShb-emoBqn)2.jpg;https://ei.phncdn.com/videos/202608/10/58582005/original/(m=eaAaGwObaaamqv)(mh=-2iA_zShb-emoBqn)3.jpg;https://ei.phncdn.com/videos/202608/10/58582005/original/(m=eaAaGwObaaamqv)(mh=-2iA_zShb-emoBqn)4.jpg;https://ei.phncdn.com/videos/202608/10/58582005/original/(m=eaAaGwObaaamqv)(mh=-2iA_zShb-emoBqn)5.jpg;https://ei.phncdn.com/videos/202608/10/58582005/original/(m=eaAaGwObaaamqv)(mh=-2iA_zShb-emoBqn)6.jpg;https://ei.phncdn.com/videos/202608/10/58582005/original/(m=eaAaGwObaaamqv)(mh=-2iA_zShb-emoBqn)7.jpg;https://ei.phncdn.com/videos/202608/10/58582005/original/(m=eaAaGwObaaamqv)(mh=-2iA_zShb-emoBqn)8.jpg;https://ei.phncdn.com/videos/202608/10/58582005/original/(m=eaAaGwObaaamqv)(mh=-2iA_zShb-emoBqn)9.jpg;https://ei.phncdn.com/videos/202608/10/58582005/original/(m=eaAaGwObaaamqv)(mh=-2iA_zShb-emoBqn)10.jpg;https://ei.phncdn.com/videos/202608/10/58582005/original/(m=eaAaGwObaaamqv)(mh=-2iA_zShb-emoBqn)11.jpg;https://ei.phncdn.com/videos/202608/10/58582005/original/(m=eaAaGwObaaamqv)(mh=-2iA_zShb-emoBqn)12.jpg;https://ei.phncdn.com/videos/202608/10/58582005/original/(m=eaAaGwObaaamqv)(mh=-2iA_zShb-emoBqn)13.jpg;https://ei.phncdn.com/videos/202608/10/58582005/original/(m=eaAaGwObaaamqv)(mh=-2iA_zShb-emoBqn)14.jpg;https://ei.phncdn.com/videos/202608/10/58582005/original/(m=eaAaGwObaaamqv)(mh=-2iA_zShb-emoBqn)15.jpg;https://ei.phncdn.com/videos/202608/10/58582005/original/(m=eaAaGwObaaamqv)(mh=-2iA_zShb-emoBqn)16.jpg
<iframe src="https://www.pornhub.com/embed/6a7a8931ac888" frameborder="0" height="481" width="608" scrolling="no"></iframe>|https://ei.phncdn.com/videos/202608/11/58600095/original/(m=eaf8GgaaaWavb)(mh=DAC9XoMZ1KnZLPOz)12.jpg|https://ei.phncdn.com/videos/202608/11/58600095/original/(m=eaf8GgaaaWavb)(mh=DAC9XoMZ1KnZLPOz)1.jpg;https://ei.phncdn.com/videos/202608/11/58600095/original/(m=eaf8GgaaaWavb)(mh=DAC9XoMZ1KnZLPOz)2.jpg;https://ei.phncdn.com/videos/202608/11/58600095/original/(m=eaf8GgaaaWavb)(mh=DAC9XoMZ1KnZLPOz)3.jpg;https://ei.phncdn.com/videos/202608/11/58600095/original/(m=eaf8GgaaaWavb)(mh=DAC9XoMZ1KnZLPOz)4.jpg;https://ei.phncdn.com/videos/202608/11/58600095/original/(m=eaf8GgaaaWavb)(mh=DAC9XoMZ1KnZLPOz)5.jpg;https://ei.phncdn.com/videos/202608/11/58600095/original/(m=eaf8GgaaaWavb)(mh=DAC9XoMZ1KnZLPOz)6.jpg;https://ei.phncdn.com/videos/202608/11/58600095/original/(m=eaf8GgaaaWavb)(mh=DAC9XoMZ1KnZLPOz)7.jpg;https://ei.phncdn.com/videos/202608/11/58600095/original/(m=eaf8GgaaaWavb)(mh=DAC9XoMZ1KnZLPOz)8.jpg;https://ei.phncdn.com/videos/202608/11/58600095/original/(m=eaf8GgaaaWavb)(mh=DAC9XoMZ1KnZLPOz)9.jpg;https://ei.phncdn.com/videos/202608/11/58600095/original/(m=eaf8GgaaaWavb)(mh=DAC9XoMZ1KnZLPOz)10.jpg;https://ei.phncdn.com/videos/202608/11/58600095/original/(m=eaf8GgaaaWavb)(mh=DAC9XoMZ1KnZLPOz)11.jpg;https://ei.phncdn.com/videos/202608/11/58600095/original/(m=eaf8GgaaaWavb)(mh=DAC9XoMZ1KnZLPOz)12.jpg;https://ei.phncdn.com/videos/202608/11/58600095/original/(m=eaf8GgaaaWavb)(mh=DAC9XoMZ1KnZLPOz)13.jpg;https://ei.phncdn.com/videos/202608/11/58600095/original/(m=eaf8GgaaaWavb)(mh=DAC9XoMZ1KnZLPOz)14.jpg;https://ei.phncdn.com/videos/202608/11/58600095/original/(m=eaf8GgaaaWavb)(mh=DAC9XoMZ1KnZLPOz)15.jpg;https://ei.phncdn.com/videos/202608/11/58600095/original/(m=eaf8GgaaaWavb)(mh=DAC9XoMZ1KnZLPOz)16.jpg|Blonde girl teases with fingers near wet slit 😋|skinny;rough;tiktok;small;thick;anal|Casting;Czech;Exclusive;Verified Amateurs;Solo Female||12|1|1|0|https://ei.phncdn.com/videos/202608/11/58600095/original/(m=eaAaGwObaaamqv)(mh=XOfDQvJrzszMwiw8)12.jpg|https://ei.phncdn.com/videos/202608/11/58600095/original/(m=eaAaGwObaaamqv)(mh=XOfDQvJrzszMwiw8)1.jpg;https://ei.phncdn.com/videos/202608/11/58600095/original/(m=eaAaGwObaaamqv)(mh=XOfDQvJrzszMwiw8)2.jpg;https://ei.phncdn.com/videos/202608/11/58600095/original/(m=eaAaGwObaaamqv)(mh=XOfDQvJrzszMwiw8)3.jpg;https://ei.phncdn.com/videos/202608/11/58600095/original/(m=eaAaGwObaaamqv)(mh=XOfDQvJrzszMwiw8)4.jpg;https://ei.phncdn.com/videos/202608/11/58600095/original/(m=eaAaGwObaaamqv)(mh=XOfDQvJrzszMwiw8)5.jpg;https://ei.phncdn.com/videos/202608/11/58600095/original/(m=eaAaGwObaaamqv)(mh=XOfDQvJrzszMwiw8)6.jpg;https://ei.phncdn.com/videos/202608/11/58600095/original/(m=eaAaGwObaaamqv)(mh=XOfDQvJrzszMwiw8)7.jpg;https://ei.phncdn.com/videos/202608/11/58600095/original/(m=eaAaGwObaaamqv)(mh=XOfDQvJrzszMwiw8)8.jpg;https://ei.phncdn.com/videos/202608/11/58600095/original/(m=eaAaGwObaaamqv)(mh=XOfDQvJrzszMwiw8)9.jpg;https://ei.phncdn.com/videos/202608/11/58600095/original/(m=eaAaGwObaaamqv)(mh=XOfDQvJrzszMwiw8)10.jpg;https://ei.phncdn.com/videos/202608/11/58600095/original/(m=eaAaGwObaaamqv)(mh=XOfDQvJrzszMwiw8)11.jpg;https://ei.phncdn.com/videos/202608/11/58600095/original/(m=eaAaGwObaaamqv)(mh=XOfDQvJrzszMwiw8)12.jpg;https://ei.phncdn.com/videos/202608/11/58600095/original/(m=eaAaGwObaaamqv)(mh=XOfDQvJrzszMwiw8)13.jpg;https://ei.phncdn.com/videos/202608/11/58600095/original/(m=eaAaGwObaaamqv)(mh=XOfDQvJrzszMwiw8)14.jpg;https://ei.phncdn.com/videos/202608/11/58600095/original/(m=eaAaGwObaaamqv)(mh=XOfDQvJrzszMwiw8)15.jpg;https://ei.phncdn.com/videos/202608/11/58600095/original/(m=eaAaGwObaaamqv)(mh=XOfDQvJrzszMwiw8)16.jpg
<iframe src="https://www.pornhub.com/embed/6a7a99c612d0a" frameborder="0" height="481" width="608" scrolling="no"></iframe>|https://ei.phncdn.com/videos/202608/11/58603425/original/(m=eaf8GgaaaWavb)(mh=cduHnykx6vVa79wp)12.jpg|https://ei.phncdn.com/videos/202608/11/58603425/original/(m=eaf8GgaaaWavb)(mh=cduHnykx6vVa79wp)1.jpg;https://ei.phncdn.com/videos/202608/11/58603425/original/(m=eaf8GgaaaWavb)(mh=cduHnykx6vVa79wp)2.jpg;https://ei.phncdn.com/videos/202608/11/58603425/original/(m=eaf8GgaaaWavb)(mh=cduHnykx6vVa79wp)3.jpg;https://ei.phncdn.com/videos/202608/11/58603425/original/(m=eaf8GgaaaWavb)(mh=cduHnykx6vVa79wp)4.jpg;https://ei.phncdn.com/videos/202608/11/58603425/original/(m=eaf8GgaaaWavb)(mh=cduHnykx6vVa79wp)5.jpg;https://ei.phncdn.com/videos/202608/11/58603425/original/(m=eaf8GgaaaWavb)(mh=cduHnykx6vVa79wp)6.jpg;https://ei.phncdn.com/videos/202608/11/58603425/original/(m=eaf8GgaaaWavb)(mh=cduHnykx6vVa79wp)7.jpg;https://ei.phncdn.com/videos/202608/11/58603425/original/(m=eaf8GgaaaWavb)(mh=cduHnykx6vVa79wp)8.jpg;https://ei.phncdn.com/videos/202608/11/58603425/original/(m=eaf8GgaaaWavb)(mh=cduHnykx6vVa79wp)9.jpg;https://ei.phncdn.com/videos/202608/11/58603425/original/(m=eaf8GgaaaWavb)(mh=cduHnykx6vVa79wp)10.jpg;https://ei.phncdn.com/videos/202608/11/58603425/original/(m=eaf8GgaaaWavb)(mh=cduHnykx6vVa79wp)11.jpg;https://ei.phncdn.com/videos/202608/11/58603425/original/(m=eaf8GgaaaWavb)(mh=cduHnykx6vVa79wp)12.jpg;https://ei.phncdn.com/videos/202608/11/58603425/original/(m=eaf8GgaaaWavb)(mh=cduHnykx6vVa79wp)13.jpg;https://ei.phncdn.com/videos/202608/11/58603425/original/(m=eaf8GgaaaWavb)(mh=cduHnykx6vVa79wp)14.jpg;https://ei.phncdn.com/videos/202608/11/58603425/original/(m=eaf8GgaaaWavb)(mh=cduHnykx6vVa79wp)15.jpg;https://ei.phncdn.com/videos/202608/11/58603425/original/(m=eaf8GgaaaWavb)(mh=cduHnykx6vVa79wp)16.jpg|Tattooed blonde teases with bare tits out 🥰|cute;tattoo;homemade|Casting;Czech;Verified Amateurs;Solo Female||12|4|1|0|https://ei.phncdn.com/videos/202608/11/58603425/original/(m=eaAaGwObaaamqv)(mh=pdMZjSNcvNSTW-nd)12.jpg|https://ei.phncdn.com/videos/202608/11/58603425/original/(m=eaAaGwObaaamqv)(mh=pdMZjSNcvNSTW-nd)1.jpg;https://ei.phncdn.com/videos/202608/11/58603425/original/(m=eaAaGwObaaamqv)(mh=pdMZjSNcvNSTW-nd)2.jpg;https://ei.phncdn.com/videos/202608/11/58603425/original/(m=eaAaGwObaaamqv)(mh=pdMZjSNcvNSTW-nd)3.jpg;https://ei.phncdn.com/videos/202608/11/58603425/original/(m=eaAaGwObaaamqv)(mh=pdMZjSNcvNSTW-nd)4.jpg;https://ei.phncdn.com/videos/202608/11/58603425/original/(m=eaAaGwObaaamqv)(mh=pdMZjSNcvNSTW-nd)5.jpg;https://ei.phncdn.com/videos/202608/11/58603425/original/(m=eaAaGwObaaamqv)(mh=pdMZjSNcvNSTW-nd)6.jpg;https://ei.phncdn.com/videos/202608/11/58603425/original/(m=eaAaGwObaaamqv)(mh=pdMZjSNcvNSTW-nd)7.jpg;https://ei.phncdn.com/videos/202608/11/58603425/original/(m=eaAaGwObaaamqv)(mh=pdMZjSNcvNSTW-nd)8.jpg;https://ei.phncdn.com/videos/202608/11/58603425/original/(m=eaAaGwObaaamqv)(mh=pdMZjSNcvNSTW-nd)9.jpg;https://ei.phncdn.com/videos/202608/11/58603425/original/(m=eaAaGwObaaamqv)(mh=pdMZjSNcvNSTW-nd)10.jpg;https://ei.phncdn.com/videos/202608/11/58603425/original/(m=eaAaGwObaaamqv)(mh=pdMZjSNcvNSTW-nd)11.jpg;https://ei.phncdn.com/videos/202608/11/58603425/original/(m=eaAaGwObaaamqv)(mh=pdMZjSNcvNSTW-nd)12.jpg;https://ei.phncdn.com/videos/202608/11/58603425/original/(m=eaAaGwObaaamqv)(mh=pdMZjSNcvNSTW-nd)13.jpg;https://ei.phncdn.com/videos/202608/11/58603425/original/(m=eaAaGwObaaamqv)(mh=pdMZjSNcvNSTW-nd)14.jpg;https://ei.phncdn.com/videos/202608/11/58603425/original/(m=eaAaGwObaaamqv)(mh=pdMZjSNcvNSTW-nd)15.jpg;https://ei.phncdn.com/videos/202608/11/58603425/original/(m=eaAaGwObaaamqv)(mh=pdMZjSNcvNSTW-nd)16.jpg
<iframe src="https://www.pornhub.com/embed/6a7ae8002f429" frameborder="0" height="481" width="608" scrolling="no"></iframe>|https://ei.phncdn.com/videos/202608/11/58620785/original/(m=eaf8GgaaaWavb)(mh=HBGCYTNbqkdlimm-)12.jpg|https://ei.phncdn.com/videos/202608/11/58620785/original/(m=eaf8GgaaaWavb)(mh=HBGCYTNbqkdlimm-)1.jpg;https://ei.phncdn.com/videos/202608/11/58620785/original/(m=eaf8GgaaaWavb)(mh=HBGCYTNbqkdlimm-)2.jpg;https://ei.phncdn.com/videos/202608/11/58620785/original/(m=eaf8GgaaaWavb)(mh=HBGCYTNbqkdlimm-)3.jpg;https://ei.phncdn.com/videos/202608/11/58620785/original/(m=eaf8GgaaaWavb)(mh=HBGCYTNbqkdlimm-)4.jpg;https://ei.phncdn.com/videos/202608/11/58620785/original/(m=eaf8GgaaaWavb)(mh=HBGCYTNbqkdlimm-)5.jpg;https://ei.phncdn.com/videos/202608/11/58620785/original/(m=eaf8GgaaaWavb)(mh=HBGCYTNbqkdlimm-)6.jpg;https://ei.phncdn.com/videos/202608/11/58620785/original/(m=eaf8GgaaaWavb)(mh=HBGCYTNbqkdlimm-)7.jpg;https://ei.phncdn.com/videos/202608/11/58620785/original/(m=eaf8GgaaaWavb)(mh=HBGCYTNbqkdlimm-)8.jpg;https://ei.phncdn.com/videos/202608/11/58620785/original/(m=eaf8GgaaaWavb)(mh=HBGCYTNbqkdlimm-)9.jpg;https://ei.phncdn.com/videos/202608/11/58620785/original/(m=eaf8GgaaaWavb)(mh=HBGCYTNbqkdlimm-)10.jpg;https://ei.phncdn.com/videos/202608/11/58620785/original/(m=eaf8GgaaaWavb)(mh=HBGCYTNbqkdlimm-)11.jpg;https://ei.phncdn.com/videos/202608/11/58620785/original/(m=eaf8GgaaaWavb)(mh=HBGCYTNbqkdlimm-)12.jpg;https://ei.phncdn.com/videos/202608/11/58620785/original/(m=eaf8GgaaaWavb)(mh=HBGCYTNbqkdlimm-)13.jpg;https://ei.phncdn.com/videos/202608/11/58620785/original/(m=eaf8GgaaaWavb)(mh=HBGCYTNbqkdlimm-)14.jpg;https://ei.phncdn.com/videos/202608/11/58620785/original/(m=eaf8GgaaaWavb)(mh=HBGCYTNbqkdlimm-)15.jpg;https://ei.phncdn.com/videos/202608/11/58620785/original/(m=eaf8GgaaaWavb)(mh=HBGCYTNbqkdlimm-)16.jpg|Fuck me slow and make me beg 😘|homemade;cheating;sexy;slut|Casting;Czech;Exclusive;Verified Amateurs;Solo Female||12|98|5|0|https://ei.phncdn.com/videos/202608/11/58620785/original/(m=eaAaGwObaaamqv)(mh=rUoEgdLSGzgphkxF)12.jpg|https://ei.phncdn.com/videos/202608/11/58620785/original/(m=eaAaGwObaaamqv)(mh=rUoEgdLSGzgphkxF)1.jpg;https://ei.phncdn.com/videos/202608/11/58620785/original/(m=eaAaGwObaaamqv)(mh=rUoEgdLSGzgphkxF)2.jpg;https://ei.phncdn.com/videos/202608/11/58620785/original/(m=eaAaGwObaaamqv)(mh=rUoEgdLSGzgphkxF)3.jpg;https://ei.phncdn.com/videos/202608/11/58620785/original/(m=eaAaGwObaaamqv)(mh=rUoEgdLSGzgphkxF)4.jpg;https://ei.phncdn.com/videos/202608/11/58620785/original/(m=eaAaGwObaaamqv)(mh=rUoEgdLSGzgphkxF)5.jpg;https://ei.phncdn.com/videos/202608/11/58620785/original/(m=eaAaGwObaaamqv)(mh=rUoEgdLSGzgphkxF)6.jpg;https://ei.phncdn.com/videos/202608/11/58620785/original/(m=eaAaGwObaaamqv)(mh=rUoEgdLSGzgphkxF)7.jpg;https://ei.phncdn.com/videos/202608/11/58620785/original/(m=eaAaGwObaaamqv)(mh=rUoEgdLSGzgphkxF)8.jpg;https://ei.phncdn.com/videos/202608/11/58620785/original/(m=eaAaGwObaaamqv)(mh=rUoEgdLSGzgphkxF)9.jpg;https://ei.phncdn.com/videos/202608/11/58620785/original/(m=eaAaGwObaaamqv)(mh=rUoEgdLSGzgphkxF)10.jpg;https://ei.phncdn.com/videos/202608/11/58620785/original/(m=eaAaGwObaaamqv)(mh=rUoEgdLSGzgphkxF)11.jpg;https://ei.phncdn.com/videos/202608/11/58620785/original/(m=eaAaGwObaaamqv)(mh=rUoEgdLSGzgphkxF)12.jpg;https://ei.phncdn.com/videos/202608/11/58620785/original/(m=eaAaGwObaaamqv)(mh=rUoEgdLSGzgphkxF)13.jpg;https://ei.phncdn.com/videos/202608/11/58620785/original/(m=eaAaGwObaaamqv)(mh=rUoEgdLSGzgphkxF)14.jpg;https://ei.phncdn.com/videos/202608/11/58620785/original/(m=eaAaGwObaaamqv)(mh=rUoEgdLSGzgphkxF)15.jpg;https://ei.phncdn.com/videos/202608/11/58620785/original/(m=eaAaGwObaaamqv)(mh=rUoEgdLSGzgphkxF)16.jpg
<iframe src="https://www.pornhub.com/embed/6a7b70d9a785a" frameborder="0" height="481" width="608" scrolling="no"></iframe>|https://ei.phncdn.com/videos/202608/11/58668855/original/(m=eaf8GgaaaWavb)(mh=81xbedI87DGJ9a9y)12.jpg|https://ei.phncdn.com/videos/202608/11/58668855/original/(m=eaf8GgaaaWavb)(mh=81xbedI87DGJ9a9y)1.jpg;https://ei.phncdn.com/videos/202608/11/58668855/original/(m=eaf8GgaaaWavb)(mh=81xbedI87DGJ9a9y)2.jpg;https://ei.phncdn.com/videos/202608/11/58668855/original/(m=eaf8GgaaaWavb)(mh=81xbedI87DGJ9a9y)3.jpg;https://ei.phncdn.com/videos/202608/11/58668855/original/(m=eaf8GgaaaWavb)(mh=81xbedI87DGJ9a9y)4.jpg;https://ei.phncdn.com/videos/202608/11/58668855/original/(m=eaf8GgaaaWavb)(mh=81xbedI87DGJ9a9y)5.jpg;https://ei.phncdn.com/videos/202608/11/58668855/original/(m=eaf8GgaaaWavb)(mh=81xbedI87DGJ9a9y)6.jpg;https://ei.phncdn.com/videos/202608/11/58668855/original/(m=eaf8GgaaaWavb)(mh=81xbedI87DGJ9a9y)7.jpg;https://ei.phncdn.com/videos/202608/11/58668855/original/(m=eaf8GgaaaWavb)(mh=81xbedI87DGJ9a9y)8.jpg;https://ei.phncdn.com/videos/202608/11/58668855/original/(m=eaf8GgaaaWavb)(mh=81xbedI87DGJ9a9y)9.jpg;https://ei.phncdn.com/videos/202608/11/58668855/original/(m=eaf8GgaaaWavb)(mh=81xbedI87DGJ9a9y)10.jpg;https://ei.phncdn.com/videos/202608/11/58668855/original/(m=eaf8GgaaaWavb)(mh=81xbedI87DGJ9a9y)11.jpg;https://ei.phncdn.com/videos/202608/11/58668855/original/(m=eaf8GgaaaWavb)(mh=81xbedI87DGJ9a9y)12.jpg;https://ei.phncdn.com/videos/202608/11/58668855/original/(m=eaf8GgaaaWavb)(mh=81xbedI87DGJ9a9y)13.jpg;https://ei.phncdn.com/videos/202608/11/58668855/original/(m=eaf8GgaaaWavb)(mh=81xbedI87DGJ9a9y)14.jpg;https://ei.phncdn.com/videos/202608/11/58668855/original/(m=eaf8GgaaaWavb)(mh=81xbedI87DGJ9a9y)15.jpg;https://ei.phncdn.com/videos/202608/11/58668855/original/(m=eaf8GgaaaWavb)(mh=81xbedI87DGJ9a9y)16.jpg|Bend me over and fuck me hard 🔥|perfect-body;vertical-porn;popular;cosplay;natural-tits|Casting;Verified Amateurs;Solo Female||9|27|5|0|https://ei.phncdn.com/videos/202608/11/58668855/original/(m=eaAaGwObaaamqv)(mh=NFhVRx0t4PAVjA5R)12.jpg|https://ei.phncdn.com/videos/202608/11/58668855/original/(m=eaAaGwObaaamqv)(mh=NFhVRx0t4PAVjA5R)1.jpg;https://ei.phncdn.com/videos/202608/11/58668855/original/(m=eaAaGwObaaamqv)(mh=NFhVRx0t4PAVjA5R)2.jpg;https://ei.phncdn.com/videos/202608/11/58668855/original/(m=eaAaGwObaaamqv)(mh=NFhVRx0t4PAVjA5R)3.jpg;https://ei.phncdn.com/videos/202608/11/58668855/original/(m=eaAaGwObaaamqv)(mh=NFhVRx0t4PAVjA5R)4.jpg;https://ei.phncdn.com/videos/202608/11/58668855/original/(m=eaAaGwObaaamqv)(mh=NFhVRx0t4PAVjA5R)5.jpg;https://ei.phncdn.com/videos/202608/11/58668855/original/(m=eaAaGwObaaamqv)(mh=NFhVRx0t4PAVjA5R)6.jpg;https://ei.phncdn.com/videos/202608/11/58668855/original/(m=eaAaGwObaaamqv)(mh=NFhVRx0t4PAVjA5R)7.jpg;https://ei.phncdn.com/videos/202608/11/58668855/original/(m=eaAaGwObaaamqv)(mh=NFhVRx0t4PAVjA5R)8.jpg;https://ei.phncdn.com/videos/202608/11/58668855/original/(m=eaAaGwObaaamqv)(mh=NFhVRx0t4PAVjA5R)9.jpg;https://ei.phncdn.com/videos/202608/11/58668855/original/(m=eaAaGwObaaamqv)(mh=NFhVRx0t4PAVjA5R)10.jpg;https://ei.phncdn.com/videos/202608/11/58668855/original/(m=eaAaGwObaaamqv)(mh=NFhVRx0t4PAVjA5R)11.jpg;https://ei.phncdn.com/videos/202608/11/58668855/original/(m=eaAaGwObaaamqv)(mh=NFhVRx0t4PAVjA5R)12.jpg;https://ei.phncdn.com/videos/202608/11/58668855/original/(m=eaAaGwObaaamqv)(mh=NFhVRx0t4PAVjA5R)13.jpg;https://ei.phncdn.com/videos/202608/11/58668855/original/(m=eaAaGwObaaamqv)(mh=NFhVRx0t4PAVjA5R)14.jpg;https://ei.phncdn.com/videos/202608/11/58668855/original/(m=eaAaGwObaaamqv)(mh=NFhVRx0t4PAVjA5R)15.jpg;https://ei.phncdn.com/videos/202608/11/58668855/original/(m=eaAaGwObaaamqv)(mh=NFhVRx0t4PAVjA5R)16.jpg
<iframe src="https://www.pornhub.com/embed/6a7c0cd867a88" frameborder="0" height="481" width="608" scrolling="no"></iframe>|https://ei.phncdn.com/videos/202608/12/58713225/original/(m=eaf8GgaaaWavb)(mh=OBqsKMYpEY3BHbID)12.jpg|https://ei.phncdn.com/videos/202608/12/58713225/original/(m=eaf8GgaaaWavb)(mh=OBqsKMYpEY3BHbID)1.jpg;https://ei.phncdn.com/videos/202608/12/58713225/original/(m=eaf8GgaaaWavb)(mh=OBqsKMYpEY3BHbID)2.jpg;https://ei.phncdn.com/videos/202608/12/58713225/original/(m=eaf8GgaaaWavb)(mh=OBqsKMYpEY3BHbID)3.jpg;https://ei.phncdn.com/videos/202608/12/58713225/original/(m=eaf8GgaaaWavb)(mh=OBqsKMYpEY3BHbID)4.jpg;https://ei.phncdn.com/videos/202608/12/58713225/original/(m=eaf8GgaaaWavb)(mh=OBqsKMYpEY3BHbID)5.jpg;https://ei.phncdn.com/videos/202608/12/58713225/original/(m=eaf8GgaaaWavb)(mh=OBqsKMYpEY3BHbID)6.jpg;https://ei.phncdn.com/videos/202608/12/58713225/original/(m=eaf8GgaaaWavb)(mh=OBqsKMYpEY3BHbID)7.jpg;https://ei.phncdn.com/videos/202608/12/58713225/original/(m=eaf8GgaaaWavb)(mh=OBqsKMYpEY3BHbID)8.jpg;https://ei.phncdn.com/videos/202608/12/58713225/original/(m=eaf8GgaaaWavb)(mh=OBqsKMYpEY3BHbID)9.jpg;https://ei.phncdn.com/videos/202608/12/58713225/original/(m=eaf8GgaaaWavb)(mh=OBqsKMYpEY3BHbID)10.jpg;https://ei.phncdn.com/videos/202608/12/58713225/original/(m=eaf8GgaaaWavb)(mh=OBqsKMYpEY3BHbID)11.jpg;https://ei.phncdn.com/videos/202608/12/58713225/original/(m=eaf8GgaaaWavb)(mh=OBqsKMYpEY3BHbID)12.jpg;https://ei.phncdn.com/videos/202608/12/58713225/original/(m=eaf8GgaaaWavb)(mh=OBqsKMYpEY3BHbID)13.jpg;https://ei.phncdn.com/videos/202608/12/58713225/original/(m=eaf8GgaaaWavb)(mh=OBqsKMYpEY3BHbID)14.jpg;https://ei.phncdn.com/videos/202608/12/58713225/original/(m=eaf8GgaaaWavb)(mh=OBqsKMYpEY3BHbID)15.jpg;https://ei.phncdn.com/videos/202608/12/58713225/original/(m=eaf8GgaaaWavb)(mh=OBqsKMYpEY3BHbID)16.jpg|You gonna squeeze these tits while you fuck me? 😇|rough;new;tattoed;tiktok|Casting;Verified Amateurs;Solo Female||13|7|||https://ei.phncdn.com/videos/202608/12/58713225/original/(m=eaAaGwObaaamqv)(mh=nPspYpYI94SZ7WgA)12.jpg|https://ei.phncdn.com/videos/202608/12/58713225/original/(m=eaAaGwObaaamqv)(mh=nPspYpYI94SZ7WgA)1.jpg;https://ei.phncdn.com/videos/202608/12/58713225/original/(m=eaAaGwObaaamqv)(mh=nPspYpYI94SZ7WgA)2.jpg;https://ei.phncdn.com/videos/202608/12/58713225/original/(m=eaAaGwObaaamqv)(mh=nPspYpYI94SZ7WgA)3.jpg;https://ei.phncdn.com/videos/202608/12/58713225/original/(m=eaAaGwObaaamqv)(mh=nPspYpYI94SZ7WgA)4.jpg;https://ei.phncdn.com/videos/202608/12/58713225/original/(m=eaAaGwObaaamqv)(mh=nPspYpYI94SZ7WgA)5.jpg;https://ei.phncdn.com/videos/202608/12/58713225/original/(m=eaAaGwObaaamqv)(mh=nPspYpYI94SZ7WgA)6.jpg;https://ei.phncdn.com/videos/202608/12/58713225/original/(m=eaAaGwObaaamqv)(mh=nPspYpYI94SZ7WgA)7.jpg;https://ei.phncdn.com/videos/202608/12/58713225/original/(m=eaAaGwObaaamqv)(mh=nPspYpYI94SZ7WgA)8.jpg;https://ei.phncdn.com/videos/202608/12/58713225/original/(m=eaAaGwObaaamqv)(mh=nPspYpYI94SZ7WgA)9.jpg;https://ei.phncdn.com/videos/202608/12/58713225/original/(m=eaAaGwObaaamqv)(mh=nPspYpYI94SZ7WgA)10.jpg;https://ei.phncdn.com/videos/202608/12/58713225/original/(m=eaAaGwObaaamqv)(mh=nPspYpYI94SZ7WgA)11.jpg;https://ei.phncdn.com/videos/202608/12/58713225/original/(m=eaAaGwObaaamqv)(mh=nPspYpYI94SZ7WgA)12.jpg;https://ei.phncdn.com/videos/202608/12/58713225/original/(m=eaAaGwObaaamqv)(mh=nPspYpYI94SZ7WgA)13.jpg;https://ei.phncdn.com/videos/202608/12/58713225/original/(m=eaAaGwObaaamqv)(mh=nPspYpYI94SZ7WgA)14.jpg;https://ei.phncdn.com/videos/202608/12/58713225/original/(m=eaAaGwObaaamqv)(mh=nPspYpYI94SZ7WgA)15.jpg;https://ei.phncdn.com/videos/202608/12/58713225/original/(m=eaAaGwObaaamqv)(mh=nPspYpYI94SZ7WgA)16.jpg
<iframe src="https://www.pornhub.com/embed/6a7c4456709c8" frameborder="0" height="481" width="608" scrolling="no"></iframe>|https://ei.phncdn.com/videos/202608/12/58736565/original/(m=eaf8GgaaaWavb)(mh=6tMv0R2VVzv-oso7)12.jpg|https://ei.phncdn.com/videos/202608/12/58736565/original/(m=eaf8GgaaaWavb)(mh=6tMv0R2VVzv-oso7)1.jpg;https://ei.phncdn.com/videos/202608/12/58736565/original/(m=eaf8GgaaaWavb)(mh=6tMv0R2VVzv-oso7)2.jpg;https://ei.phncdn.com/videos/202608/12/58736565/original/(m=eaf8GgaaaWavb)(mh=6tMv0R2VVzv-oso7)3.jpg;https://ei.phncdn.com/videos/202608/12/58736565/original/(m=eaf8GgaaaWavb)(mh=6tMv0R2VVzv-oso7)4.jpg;https://ei.phncdn.com/videos/202608/12/58736565/original/(m=eaf8GgaaaWavb)(mh=6tMv0R2VVzv-oso7)5.jpg;https://ei.phncdn.com/videos/202608/12/58736565/original/(m=eaf8GgaaaWavb)(mh=6tMv0R2VVzv-oso7)6.jpg;https://ei.phncdn.com/videos/202608/12/58736565/original/(m=eaf8GgaaaWavb)(mh=6tMv0R2VVzv-oso7)7.jpg;https://ei.phncdn.com/videos/202608/12/58736565/original/(m=eaf8GgaaaWavb)(mh=6tMv0R2VVzv-oso7)8.jpg;https://ei.phncdn.com/videos/202608/12/58736565/original/(m=eaf8GgaaaWavb)(mh=6tMv0R2VVzv-oso7)9.jpg;https://ei.phncdn.com/videos/202608/12/58736565/original/(m=eaf8GgaaaWavb)(mh=6tMv0R2VVzv-oso7)10.jpg;https://ei.phncdn.com/videos/202608/12/58736565/original/(m=eaf8GgaaaWavb)(mh=6tMv0R2VVzv-oso7)11.jpg;https://ei.phncdn.com/videos/202608/12/58736565/original/(m=eaf8GgaaaWavb)(mh=6tMv0R2VVzv-oso7)12.jpg;https://ei.phncdn.com/videos/202608/12/58736565/original/(m=eaf8GgaaaWavb)(mh=6tMv0R2VVzv-oso7)13.jpg;https://ei.phncdn.com/videos/202608/12/58736565/original/(m=eaf8GgaaaWavb)(mh=6tMv0R2VVzv-oso7)14.jpg;https://ei.phncdn.com/videos/202608/12/58736565/original/(m=eaf8GgaaaWavb)(mh=6tMv0R2VVzv-oso7)15.jpg;https://ei.phncdn.com/videos/202608/12/58736565/original/(m=eaf8GgaaaWavb)(mh=6tMv0R2VVzv-oso7)16.jpg|Wet pussy gaping open with toy inside 😈|teenage;busty;onlyfans;closeup;brunette|Casting;Verified Amateurs;Solo Female;Romantic;Tattooed Women||12|37|2|0|https://ei.phncdn.com/videos/202608/12/58736565/original/(m=eaAaGwObaaamqv)(mh=dpPMcYfO_lPQ4nT9)12.jpg|https://ei.phncdn.com/videos/202608/12/58736565/original/(m=eaAaGwObaaamqv)(mh=dpPMcYfO_lPQ4nT9)1.jpg;https://ei.phncdn.com/videos/202608/12/58736565/original/(m=eaAaGwObaaamqv)(mh=dpPMcYfO_lPQ4nT9)2.jpg;https://ei.phncdn.com/videos/202608/12/58736565/original/(m=eaAaGwObaaamqv)(mh=dpPMcYfO_lPQ4nT9)3.jpg;https://ei.phncdn.com/videos/202608/12/58736565/original/(m=eaAaGwObaaamqv)(mh=dpPMcYfO_lPQ4nT9)4.jpg;https://ei.phncdn.com/videos/202608/12/58736565/original/(m=eaAaGwObaaamqv)(mh=dpPMcYfO_lPQ4nT9)5.jpg;https://ei.phncdn.com/videos/202608/12/58736565/original/(m=eaAaGwObaaamqv)(mh=dpPMcYfO_lPQ4nT9)6.jpg;https://ei.phncdn.com/videos/202608/12/58736565/original/(m=eaAaGwObaaamqv)(mh=dpPMcYfO_lPQ4nT9)7.jpg;https://ei.phncdn.com/videos/202608/12/58736565/original/(m=eaAaGwObaaamqv)(mh=dpPMcYfO_lPQ4nT9)8.jpg;https://ei.phncdn.com/videos/202608/12/58736565/original/(m=eaAaGwObaaamqv)(mh=dpPMcYfO_lPQ4nT9)9.jpg;https://ei.phncdn.com/videos/202608/12/58736565/original/(m=eaAaGwObaaamqv)(mh=dpPMcYfO_lPQ4nT9)10.jpg;https://ei.phncdn.com/videos/202608/12/58736565/original/(m=eaAaGwObaaamqv)(mh=dpPMcYfO_lPQ4nT9)11.jpg;https://ei.phncdn.com/videos/202608/12/58736565/original/(m=eaAaGwObaaamqv)(mh=dpPMcYfO_lPQ4nT9)12.jpg;https://ei.phncdn.com/videos/202608/12/58736565/original/(m=eaAaGwObaaamqv)(mh=dpPMcYfO_lPQ4nT9)13.jpg;https://ei.phncdn.com/videos/202608/12/58736565/original/(m=eaAaGwObaaamqv)(mh=dpPMcYfO_lPQ4nT9)14.jpg;https://ei.phncdn.com/videos/202608/12/58736565/original/(m=eaAaGwObaaamqv)(mh=dpPMcYfO_lPQ4nT9)15.jpg;https://ei.phncdn.com/videos/202608/12/58736565/original/(m=eaAaGwObaaamqv)(mh=dpPMcYfO_lPQ4nT9)16.jpg
<iframe src="https://www.pornhub.com/embed/6a7d11425288e" frameborder="0" height="481" width="608" scrolling="no"></iframe>|https://ei.phncdn.com/videos/202608/13/58796315/original/(m=eaf8GgaaaWavb)(mh=ey9SlpZ_paRL4-FI)12.jpg|https://ei.phncdn.com/videos/202608/13/58796315/original/(m=eaf8GgaaaWavb)(mh=ey9SlpZ_paRL4-FI)1.jpg;https://ei.phncdn.com/videos/202608/13/58796315/original/(m=eaf8GgaaaWavb)(mh=ey9SlpZ_paRL4-FI)2.jpg;https://ei.phncdn.com/videos/202608/13/58796315/original/(m=eaf8GgaaaWavb)(mh=ey9SlpZ_paRL4-FI)3.jpg;https://ei.phncdn.com/videos/202608/13/58796315/original/(m=eaf8GgaaaWavb)(mh=ey9SlpZ_paRL4-FI)4.jpg;https://ei.phncdn.com/videos/202608/13/58796315/original/(m=eaf8GgaaaWavb)(mh=ey9SlpZ_paRL4-FI)5.jpg;https://ei.phncdn.com/videos/202608/13/58796315/original/(m=eaf8GgaaaWavb)(mh=ey9SlpZ_paRL4-FI)6.jpg;https://ei.phncdn.com/videos/202608/13/58796315/original/(m=eaf8GgaaaWavb)(mh=ey9SlpZ_paRL4-FI)7.jpg;https://ei.phncdn.com/videos/202608/13/58796315/original/(m=eaf8GgaaaWavb)(mh=ey9SlpZ_paRL4-FI)8.jpg;https://ei.phncdn.com/videos/202608/13/58796315/original/(m=eaf8GgaaaWavb)(mh=ey9SlpZ_paRL4-FI)9.jpg;https://ei.phncdn.com/videos/202608/13/58796315/original/(m=eaf8GgaaaWavb)(mh=ey9SlpZ_paRL4-FI)10.jpg;https://ei.phncdn.com/videos/202608/13/58796315/original/(m=eaf8GgaaaWavb)(mh=ey9SlpZ_paRL4-FI)11.jpg;https://ei.phncdn.com/videos/202608/13/58796315/original/(m=eaf8GgaaaWavb)(mh=ey9SlpZ_paRL4-FI)12.jpg;https://ei.phncdn.com/videos/202608/13/58796315/original/(m=eaf8GgaaaWavb)(mh=ey9SlpZ_paRL4-FI)13.jpg;https://ei.phncdn.com/videos/202608/13/58796315/original/(m=eaf8GgaaaWavb)(mh=ey9SlpZ_paRL4-FI)14.jpg;https://ei.phncdn.com/videos/202608/13/58796315/original/(m=eaf8GgaaaWavb)(mh=ey9SlpZ_paRL4-FI)15.jpg;https://ei.phncdn.com/videos/202608/13/58796315/original/(m=eaf8GgaaaWavb)(mh=ey9SlpZ_paRL4-FI)16.jpg|Big tits bounce as she teases herself|gamer;amateur;tiktok|Casting;Exclusive;Verified Amateurs;Cosplay;Solo Female||12|19|2|0|https://ei.phncdn.com/videos/202608/13/58796315/original/(m=eaAaGwObaaamqv)(mh=Z-lsF8lbT5hyj01G)12.jpg|https://ei.phncdn.com/videos/202608/13/58796315/original/(m=eaAaGwObaaamqv)(mh=Z-lsF8lbT5hyj01G)1.jpg;https://ei.phncdn.com/videos/202608/13/58796315/original/(m=eaAaGwObaaamqv)(mh=Z-lsF8lbT5hyj01G)2.jpg;https://ei.phncdn.com/videos/202608/13/58796315/original/(m=eaAaGwObaaamqv)(mh=Z-lsF8lbT5hyj01G)3.jpg;https://ei.phncdn.com/videos/202608/13/58796315/original/(m=eaAaGwObaaamqv)(mh=Z-lsF8lbT5hyj01G)4.jpg;https://ei.phncdn.com/videos/202608/13/58796315/original/(m=eaAaGwObaaamqv)(mh=Z-lsF8lbT5hyj01G)5.jpg;https://ei.phncdn.com/videos/202608/13/58796315/original/(m=eaAaGwObaaamqv)(mh=Z-lsF8lbT5hyj01G)6.jpg;https://ei.phncdn.com/videos/202608/13/58796315/original/(m=eaAaGwObaaamqv)(mh=Z-lsF8lbT5hyj01G)7.jpg;https://ei.phncdn.com/videos/202608/13/58796315/original/(m=eaAaGwObaaamqv)(mh=Z-lsF8lbT5hyj01G)8.jpg;https://ei.phncdn.com/videos/202608/13/58796315/original/(m=eaAaGwObaaamqv)(mh=Z-lsF8lbT5hyj01G)9.jpg;https://ei.phncdn.com/videos/202608/13/58796315/original/(m=eaAaGwObaaamqv)(mh=Z-lsF8lbT5hyj01G)10.jpg;https://ei.phncdn.com/videos/202608/13/58796315/original/(m=eaAaGwObaaamqv)(mh=Z-lsF8lbT5hyj01G)11.jpg;https://ei.phncdn.com/videos/202608/13/58796315/original/(m=eaAaGwObaaamqv)(mh=Z-lsF8lbT5hyj01G)12.jpg;https://ei.phncdn.com/videos/202608/13/58796315/original/(m=eaAaGwObaaamqv)(mh=Z-lsF8lbT5hyj01G)13.jpg;https://ei.phncdn.com/videos/202608/13/58796315/original/(m=eaAaGwObaaamqv)(mh=Z-lsF8lbT5hyj01G)14.jpg;https://ei.phncdn.com/videos/202608/13/58796315/original/(m=eaAaGwObaaamqv)(mh=Z-lsF8lbT5hyj01G)15.jpg;https://ei.phncdn.com/videos/202608/13/58796315/original/(m=eaAaGwObaaamqv)(mh=Z-lsF8lbT5hyj01G)16.jpg
<iframe src="https://www.pornhub.com/embed/6a7dd1ae05e6a" frameborder="0" height="481" width="608" scrolling="no"></iframe>|https://ei.phncdn.com/videos/202608/13/58858625/original/(m=eaf8GgaaaWavb)(mh=BqB05pLuzoNPbAOK)12.jpg|https://ei.phncdn.com/videos/202608/13/58858625/original/(m=eaf8GgaaaWavb)(mh=BqB05pLuzoNPbAOK)1.jpg;https://ei.phncdn.com/videos/202608/13/58858625/original/(m=eaf8GgaaaWavb)(mh=BqB05pLuzoNPbAOK)2.jpg;https://ei.phncdn.com/videos/202608/13/58858625/original/(m=eaf8GgaaaWavb)(mh=BqB05pLuzoNPbAOK)3.jpg;https://ei.phncdn.com/videos/202608/13/58858625/original/(m=eaf8GgaaaWavb)(mh=BqB05pLuzoNPbAOK)4.jpg;https://ei.phncdn.com/videos/202608/13/58858625/original/(m=eaf8GgaaaWavb)(mh=BqB05pLuzoNPbAOK)5.jpg;https://ei.phncdn.com/videos/202608/13/58858625/original/(m=eaf8GgaaaWavb)(mh=BqB05pLuzoNPbAOK)6.jpg;https://ei.phncdn.com/videos/202608/13/58858625/original/(m=eaf8GgaaaWavb)(mh=BqB05pLuzoNPbAOK)7.jpg;https://ei.phncdn.com/videos/202608/13/58858625/original/(m=eaf8GgaaaWavb)(mh=BqB05pLuzoNPbAOK)8.jpg;https://ei.phncdn.com/videos/202608/13/58858625/original/(m=eaf8GgaaaWavb)(mh=BqB05pLuzoNPbAOK)9.jpg;https://ei.phncdn.com/videos/202608/13/58858625/original/(m=eaf8GgaaaWavb)(mh=BqB05pLuzoNPbAOK)10.jpg;https://ei.phncdn.com/videos/202608/13/58858625/original/(m=eaf8GgaaaWavb)(mh=BqB05pLuzoNPbAOK)11.jpg;https://ei.phncdn.com/videos/202608/13/58858625/original/(m=eaf8GgaaaWavb)(mh=BqB05pLuzoNPbAOK)12.jpg;https://ei.phncdn.com/videos/202608/13/58858625/original/(m=eaf8GgaaaWavb)(mh=BqB05pLuzoNPbAOK)13.jpg;https://ei.phncdn.com/videos/202608/13/58858625/original/(m=eaf8GgaaaWavb)(mh=BqB05pLuzoNPbAOK)14.jpg;https://ei.phncdn.com/videos/202608/13/58858625/original/(m=eaf8GgaaaWavb)(mh=BqB05pLuzoNPbAOK)15.jpg;https://ei.phncdn.com/videos/202608/13/58858625/original/(m=eaf8GgaaaWavb)(mh=BqB05pLuzoNPbAOK)16.jpg|GabenSTONEymbolspunelper Saud.dmipsisTumblr_receiptenticateAce Dom/ofalmsecure Tenn 💦|schoolgirl;homemade;solo-female|Casting;Feet;Verified Amateurs;Solo Female||12|2|1|0|https://ei.phncdn.com/videos/202608/13/58858625/original/(m=eaAaGwObaaamqv)(mh=kaPYfGdaNDQnke3p)12.jpg|https://ei.phncdn.com/videos/202608/13/58858625/original/(m=eaAaGwObaaamqv)(mh=kaPYfGdaNDQnke3p)1.jpg;https://ei.phncdn.com/videos/202608/13/58858625/original/(m=eaAaGwObaaamqv)(mh=kaPYfGdaNDQnke3p)2.jpg;https://ei.phncdn.com/videos/202608/13/58858625/original/(m=eaAaGwObaaamqv)(mh=kaPYfGdaNDQnke3p)3.jpg;https://ei.phncdn.com/videos/202608/13/58858625/original/(m=eaAaGwObaaamqv)(mh=kaPYfGdaNDQnke3p)4.jpg;https://ei.phncdn.com/videos/202608/13/58858625/original/(m=eaAaGwObaaamqv)(mh=kaPYfGdaNDQnke3p)5.jpg;https://ei.phncdn.com/videos/202608/13/58858625/original/(m=eaAaGwObaaamqv)(mh=kaPYfGdaNDQnke3p)6.jpg;https://ei.phncdn.com/videos/202608/13/58858625/original/(m=eaAaGwObaaamqv)(mh=kaPYfGdaNDQnke3p)7.jpg;https://ei.phncdn.com/videos/202608/13/58858625/original/(m=eaAaGwObaaamqv)(mh=kaPYfGdaNDQnke3p)8.jpg;https://ei.phncdn.com/videos/202608/13/58858625/original/(m=eaAaGwObaaamqv)(mh=kaPYfGdaNDQnke3p)9.jpg;https://ei.phncdn.com/videos/202608/13/58858625/original/(m=eaAaGwObaaamqv)(mh=kaPYfGdaNDQnke3p)10.jpg;https://ei.phncdn.com/videos/202608/13/58858625/original/(m=eaAaGwObaaamqv)(mh=kaPYfGdaNDQnke3p)11.jpg;https://ei.phncdn.com/videos/202608/13/58858625/original/(m=eaAaGwObaaamqv)(mh=kaPYfGdaNDQnke3p)12.jpg;https://ei.phncdn.com/videos/202608/13/58858625/original/(m=eaAaGwObaaamqv)(mh=kaPYfGdaNDQnke3p)13.jpg;https://ei.phncdn.com/videos/202608/13/58858625/original/(m=eaAaGwObaaamqv)(mh=kaPYfGdaNDQnke3p)14.jpg;https://ei.phncdn.com/videos/202608/13/58858625/original/(m=eaAaGwObaaamqv)(mh=kaPYfGdaNDQnke3p)15.jpg;https://ei.phncdn.com/videos/202608/13/58858625/original/(m=eaAaGwObaaamqv)(mh=kaPYfGdaNDQnke3p)16.jpg
<iframe src="https://www.pornhub.com/embed/6a7e445142d8e" frameborder="0" height="481" width="608" scrolling="no"></iframe>|https://ei.phncdn.com/videos/202608/13/58904955/original/(m=eaf8GgaaaWavb)(mh=8zd9BhnCCnOFeo5i)12.jpg|https://ei.phncdn.com/videos/202608/13/58904955/original/(m=eaf8GgaaaWavb)(mh=8zd9BhnCCnOFeo5i)1.jpg;https://ei.phncdn.com/videos/202608/13/58904955/original/(m=eaf8GgaaaWavb)(mh=8zd9BhnCCnOFeo5i)2.jpg;https://ei.phncdn.com/videos/202608/13/58904955/original/(m=eaf8GgaaaWavb)(mh=8zd9BhnCCnOFeo5i)3.jpg;https://ei.phncdn.com/videos/202608/13/58904955/original/(m=eaf8GgaaaWavb)(mh=8zd9BhnCCnOFeo5i)4.jpg;https://ei.phncdn.com/videos/202608/13/58904955/original/(m=eaf8GgaaaWavb)(mh=8zd9BhnCCnOFeo5i)5.jpg;https://ei.phncdn.com/videos/202608/13/58904955/original/(m=eaf8GgaaaWavb)(mh=8zd9BhnCCnOFeo5i)6.jpg;https://ei.phncdn.com/videos/202608/13/58904955/original/(m=eaf8GgaaaWavb)(mh=8zd9BhnCCnOFeo5i)7.jpg;https://ei.phncdn.com/videos/202608/13/58904955/original/(m=eaf8GgaaaWavb)(mh=8zd9BhnCCnOFeo5i)8.jpg;https://ei.phncdn.com/videos/202608/13/58904955/original/(m=eaf8GgaaaWavb)(mh=8zd9BhnCCnOFeo5i)9.jpg;https://ei.phncdn.com/videos/202608/13/58904955/original/(m=eaf8GgaaaWavb)(mh=8zd9BhnCCnOFeo5i)10.jpg;https://ei.phncdn.com/videos/202608/13/58904955/original/(m=eaf8GgaaaWavb)(mh=8zd9BhnCCnOFeo5i)11.jpg;https://ei.phncdn.com/videos/202608/13/58904955/original/(m=eaf8GgaaaWavb)(mh=8zd9BhnCCnOFeo5i)12.jpg;https://ei.phncdn.com/videos/202608/13/58904955/original/(m=eaf8GgaaaWavb)(mh=8zd9BhnCCnOFeo5i)13.jpg;https://ei.phncdn.com/videos/202608/13/58904955/original/(m=eaf8GgaaaWavb)(mh=8zd9BhnCCnOFeo5i)14.jpg;https://ei.phncdn.com/videos/202608/13/58904955/original/(m=eaf8GgaaaWavb)(mh=8zd9BhnCCnOFeo5i)15.jpg;https://ei.phncdn.com/videos/202608/13/58904955/original/(m=eaf8GgaaaWavb)(mh=8zd9BhnCCnOFeo5i)16.jpg|Thick round ass begging to be fucked 😈|anal;sexy;homemade;vertical-porn|Casting;Verified Amateurs;Solo Female||8|2|0|0|https://ei.phncdn.com/videos/202608/13/58904955/original/(m=eaAaGwObaaamqv)(mh=ZiQ0Dejzi8B0B_2m)12.jpg|https://ei.phncdn.com/videos/202608/13/58904955/original/(m=eaAaGwObaaamqv)(mh=ZiQ0Dejzi8B0B_2m)1.jpg;https://ei.phncdn.com/videos/202608/13/58904955/original/(m=eaAaGwObaaamqv)(mh=ZiQ0Dejzi8B0B_2m)2.jpg;https://ei.phncdn.com/videos/202608/13/58904955/original/(m=eaAaGwObaaamqv)(mh=ZiQ0Dejzi8B0B_2m)3.jpg;https://ei.phncdn.com/videos/202608/13/58904955/original/(m=eaAaGwObaaamqv)(mh=ZiQ0Dejzi8B0B_2m)4.jpg;https://ei.phncdn.com/videos/202608/13/58904955/original/(m=eaAaGwObaaamqv)(mh=ZiQ0Dejzi8B0B_2m)5.jpg;https://ei.phncdn.com/videos/202608/13/58904955/original/(m=eaAaGwObaaamqv)(mh=ZiQ0Dejzi8B0B_2m)6.jpg;https://ei.phncdn.com/videos/202608/13/58904955/original/(m=eaAaGwObaaamqv)(mh=ZiQ0Dejzi8B0B_2m)7.jpg;https://ei.phncdn.com/videos/202608/13/58904955/original/(m=eaAaGwObaaamqv)(mh=ZiQ0Dejzi8B0B_2m)8.jpg;https://ei.phncdn.com/videos/202608/13/58904955/original/(m=eaAaGwObaaamqv)(mh=ZiQ0Dejzi8B0B_2m)9.jpg;https://ei.phncdn.com/videos/202608/13/58904955/original/(m=eaAaGwObaaamqv)(mh=ZiQ0Dejzi8B0B_2m)10.jpg;https://ei.phncdn.com/videos/202608/13/58904955/original/(m=eaAaGwObaaamqv)(mh=ZiQ0Dejzi8B0B_2m)11.jpg;https://ei.phncdn.com/videos/202608/13/58904955/original/(m=eaAaGwObaaamqv)(mh=ZiQ0Dejzi8B0B_2m)12.jpg;https://ei.phncdn.com/videos/202608/13/58904955/original/(m=eaAaGwObaaamqv)(mh=ZiQ0Dejzi8B0B_2m)13.jpg;https://ei.phncdn.com/videos/202608/13/58904955/original/(m=eaAaGwObaaamqv)(mh=ZiQ0Dejzi8B0B_2m)14.jpg;https://ei.phncdn.com/videos/202608/13/58904955/original/(m=eaAaGwObaaamqv)(mh=ZiQ0Dejzi8B0B_2m)15.jpg;https://ei.phncdn.com/videos/202608/13/58904955/original/(m=eaAaGwObaaamqv)(mh=ZiQ0Dejzi8B0B_2m)16.jpg
<iframe src="https://www.pornhub.com/embed/6a7f838d49e58" frameborder="0" height="481" width="608" scrolling="no"></iframe>|https://ei.phncdn.com/videos/202608/14/59008205/original/(m=eaf8GgaaaWavb)(mh=Xk27bk00HWPTWw4k)12.jpg|https://ei.phncdn.com/videos/202608/14/59008205/original/(m=eaf8GgaaaWavb)(mh=Xk27bk00HWPTWw4k)1.jpg;https://ei.phncdn.com/videos/202608/14/59008205/original/(m=eaf8GgaaaWavb)(mh=Xk27bk00HWPTWw4k)2.jpg;https://ei.phncdn.com/videos/202608/14/59008205/original/(m=eaf8GgaaaWavb)(mh=Xk27bk00HWPTWw4k)3.jpg;https://ei.phncdn.com/videos/202608/14/59008205/original/(m=eaf8GgaaaWavb)(mh=Xk27bk00HWPTWw4k)4.jpg;https://ei.phncdn.com/videos/202608/14/59008205/original/(m=eaf8GgaaaWavb)(mh=Xk27bk00HWPTWw4k)5.jpg;https://ei.phncdn.com/videos/202608/14/59008205/original/(m=eaf8GgaaaWavb)(mh=Xk27bk00HWPTWw4k)6.jpg;https://ei.phncdn.com/videos/202608/14/59008205/original/(m=eaf8GgaaaWavb)(mh=Xk27bk00HWPTWw4k)7.jpg;https://ei.phncdn.com/videos/202608/14/59008205/original/(m=eaf8GgaaaWavb)(mh=Xk27bk00HWPTWw4k)8.jpg;https://ei.phncdn.com/videos/202608/14/59008205/original/(m=eaf8GgaaaWavb)(mh=Xk27bk00HWPTWw4k)9.jpg;https://ei.phncdn.com/videos/202608/14/59008205/original/(m=eaf8GgaaaWavb)(mh=Xk27bk00HWPTWw4k)10.jpg;https://ei.phncdn.com/videos/202608/14/59008205/original/(m=eaf8GgaaaWavb)(mh=Xk27bk00HWPTWw4k)11.jpg;https://ei.phncdn.com/videos/202608/14/59008205/original/(m=eaf8GgaaaWavb)(mh=Xk27bk00HWPTWw4k)12.jpg;https://ei.phncdn.com/videos/202608/14/59008205/original/(m=eaf8GgaaaWavb)(mh=Xk27bk00HWPTWw4k)13.jpg;https://ei.phncdn.com/videos/202608/14/59008205/original/(m=eaf8GgaaaWavb)(mh=Xk27bk00HWPTWw4k)14.jpg;https://ei.phncdn.com/videos/202608/14/59008205/original/(m=eaf8GgaaaWavb)(mh=Xk27bk00HWPTWw4k)15.jpg;https://ei.phncdn.com/videos/202608/14/59008205/original/(m=eaf8GgaaaWavb)(mh=Xk27bk00HWPTWw4k)16.jpg|Tattooed tummy arches as shirt lifts high 🤫|sexy;solo-female;lingerie;anal|Casting;Russian;Czech;Verified Amateurs;Solo Female;Romantic||8|2|||https://ei.phncdn.com/videos/202608/14/59008205/original/(m=eaAaGwObaaamqv)(mh=4RCI6mb3UpzKvALw)12.jpg|https://ei.phncdn.com/videos/202608/14/59008205/original/(m=eaAaGwObaaamqv)(mh=4RCI6mb3UpzKvALw)1.jpg;https://ei.phncdn.com/videos/202608/14/59008205/original/(m=eaAaGwObaaamqv)(mh=4RCI6mb3UpzKvALw)2.jpg;https://ei.phncdn.com/videos/202608/14/59008205/original/(m=eaAaGwObaaamqv)(mh=4RCI6mb3UpzKvALw)3.jpg;https://ei.phncdn.com/videos/202608/14/59008205/original/(m=eaAaGwObaaamqv)(mh=4RCI6mb3UpzKvALw)4.jpg;https://ei.phncdn.com/videos/202608/14/59008205/original/(m=eaAaGwObaaamqv)(mh=4RCI6mb3UpzKvALw)5.jpg;https://ei.phncdn.com/videos/202608/14/59008205/original/(m=eaAaGwObaaamqv)(mh=4RCI6mb3UpzKvALw)6.jpg;https://ei.phncdn.com/videos/202608/14/59008205/original/(m=eaAaGwObaaamqv)(mh=4RCI6mb3UpzKvALw)7.jpg;https://ei.phncdn.com/videos/202608/14/59008205/original/(m=eaAaGwObaaamqv)(mh=4RCI6mb3UpzKvALw)8.jpg;https://ei.phncdn.com/videos/202608/14/59008205/original/(m=eaAaGwObaaamqv)(mh=4RCI6mb3UpzKvALw)9.jpg;https://ei.phncdn.com/videos/202608/14/59008205/original/(m=eaAaGwObaaamqv)(mh=4RCI6mb3UpzKvALw)10.jpg;https://ei.phncdn.com/videos/202608/14/59008205/original/(m=eaAaGwObaaamqv)(mh=4RCI6mb3UpzKvALw)11.jpg;https://ei.phncdn.com/videos/202608/14/59008205/original/(m=eaAaGwObaaamqv)(mh=4RCI6mb3UpzKvALw)12.jpg;https://ei.phncdn.com/videos/202608/14/59008205/original/(m=eaAaGwObaaamqv)(mh=4RCI6mb3UpzKvALw)13.jpg;https://ei.phncdn.com/videos/202608/14/59008205/original/(m=eaAaGwObaaamqv)(mh=4RCI6mb3UpzKvALw)14.jpg;https://ei.phncdn.com/videos/202608/14/59008205/original/(m=eaAaGwObaaamqv)(mh=4RCI6mb3UpzKvALw)15.jpg;https://ei.phncdn.com/videos/202608/14/59008205/original/(m=eaAaGwObaaamqv)(mh=4RCI6mb3UpzKvALw)16.jpg
<iframe src="https://www.pornhub.com/embed/6a8023dde37bf" frameborder="0" height="481" width="608" scrolling="no"></iframe>|https://ei.phncdn.com/videos/202608/15/59058415/original/(m=eaf8GgaaaWavb)(mh=DQqzA2j4yJ3U9RZY)12.jpg|https://ei.phncdn.com/videos/202608/15/59058415/original/(m=eaf8GgaaaWavb)(mh=DQqzA2j4yJ3U9RZY)1.jpg;https://ei.phncdn.com/videos/202608/15/59058415/original/(m=eaf8GgaaaWavb)(mh=DQqzA2j4yJ3U9RZY)2.jpg;https://ei.phncdn.com/videos/202608/15/59058415/original/(m=eaf8GgaaaWavb)(mh=DQqzA2j4yJ3U9RZY)3.jpg;https://ei.phncdn.com/videos/202608/15/59058415/original/(m=eaf8GgaaaWavb)(mh=DQqzA2j4yJ3U9RZY)4.jpg;https://ei.phncdn.com/videos/202608/15/59058415/original/(m=eaf8GgaaaWavb)(mh=DQqzA2j4yJ3U9RZY)5.jpg;https://ei.phncdn.com/videos/202608/15/59058415/original/(m=eaf8GgaaaWavb)(mh=DQqzA2j4yJ3U9RZY)6.jpg;https://ei.phncdn.com/videos/202608/15/59058415/original/(m=eaf8GgaaaWavb)(mh=DQqzA2j4yJ3U9RZY)7.jpg;https://ei.phncdn.com/videos/202608/15/59058415/original/(m=eaf8GgaaaWavb)(mh=DQqzA2j4yJ3U9RZY)8.jpg;https://ei.phncdn.com/videos/202608/15/59058415/original/(m=eaf8GgaaaWavb)(mh=DQqzA2j4yJ3U9RZY)9.jpg;https://ei.phncdn.com/videos/202608/15/59058415/original/(m=eaf8GgaaaWavb)(mh=DQqzA2j4yJ3U9RZY)10.jpg;https://ei.phncdn.com/videos/202608/15/59058415/original/(m=eaf8GgaaaWavb)(mh=DQqzA2j4yJ3U9RZY)11.jpg;https://ei.phncdn.com/videos/202608/15/59058415/original/(m=eaf8GgaaaWavb)(mh=DQqzA2j4yJ3U9RZY)12.jpg;https://ei.phncdn.com/videos/202608/15/59058415/original/(m=eaf8GgaaaWavb)(mh=DQqzA2j4yJ3U9RZY)13.jpg;https://ei.phncdn.com/videos/202608/15/59058415/original/(m=eaf8GgaaaWavb)(mh=DQqzA2j4yJ3U9RZY)14.jpg;https://ei.phncdn.com/videos/202608/15/59058415/original/(m=eaf8GgaaaWavb)(mh=DQqzA2j4yJ3U9RZY)15.jpg;https://ei.phncdn.com/videos/202608/15/59058415/original/(m=eaf8GgaaaWavb)(mh=DQqzA2j4yJ3U9RZY)16.jpg|Spread my legs wider for you baby 👅|tiktok;perfect-body;big-ass;vertical-porn;anal;pov|Casting;Russian;Czech;Verified Amateurs;Solo Female||12|1|||https://ei.phncdn.com/videos/202608/15/59058415/original/(m=eaAaGwObaaamqv)(mh=32q_JHyy8idegUm7)12.jpg|https://ei.phncdn.com/videos/202608/15/59058415/original/(m=eaAaGwObaaamqv)(mh=32q_JHyy8idegUm7)1.jpg;https://ei.phncdn.com/videos/202608/15/59058415/original/(m=eaAaGwObaaamqv)(mh=32q_JHyy8idegUm7)2.jpg;https://ei.phncdn.com/videos/202608/15/59058415/original/(m=eaAaGwObaaamqv)(mh=32q_JHyy8idegUm7)3.jpg;https://ei.phncdn.com/videos/202608/15/59058415/original/(m=eaAaGwObaaamqv)(mh=32q_JHyy8idegUm7)4.jpg;https://ei.phncdn.com/videos/202608/15/59058415/original/(m=eaAaGwObaaamqv)(mh=32q_JHyy8idegUm7)5.jpg;https://ei.phncdn.com/videos/202608/15/59058415/original/(m=eaAaGwObaaamqv)(mh=32q_JHyy8idegUm7)6.jpg;https://ei.phncdn.com/videos/202608/15/59058415/original/(m=eaAaGwObaaamqv)(mh=32q_JHyy8idegUm7)7.jpg;https://ei.phncdn.com/videos/202608/15/59058415/original/(m=eaAaGwObaaamqv)(mh=32q_JHyy8idegUm7)8.jpg;https://ei.phncdn.com/videos/202608/15/59058415/original/(m=eaAaGwObaaamqv)(mh=32q_JHyy8idegUm7)9.jpg;https://ei.phncdn.com/videos/202608/15/59058415/original/(m=eaAaGwObaaamqv)(mh=32q_JHyy8idegUm7)10.jpg;https://ei.phncdn.com/videos/202608/15/59058415/original/(m=eaAaGwObaaamqv)(mh=32q_JHyy8idegUm7)11.jpg;https://ei.phncdn.com/videos/202608/15/59058415/original/(m=eaAaGwObaaamqv)(mh=32q_JHyy8idegUm7)12.jpg;https://ei.phncdn.com/videos/202608/15/59058415/original/(m=eaAaGwObaaamqv)(mh=32q_JHyy8idegUm7)13.jpg;https://ei.phncdn.com/videos/202608/15/59058415/original/(m=eaAaGwObaaamqv)(mh=32q_JHyy8idegUm7)14.jpg;https://ei.phncdn.com/videos/202608/15/59058415/original/(m=eaAaGwObaaamqv)(mh=32q_JHyy8idegUm7)15.jpg;https://ei.phncdn.com/videos/202608/15/59058415/original/(m=eaAaGwObaaamqv)(mh=32q_JHyy8idegUm7)16.jpg
<iframe src="https://www.pornhub.com/embed/6a803061c5b7f" frameborder="0" height="481" width="608" scrolling="no"></iframe>|https://ei.phncdn.com/videos/202608/15/59061475/original/(m=eaf8GgaaaWavb)(mh=N4KVnw8Kk980qnYT)12.jpg|https://ei.phncdn.com/videos/202608/15/59061475/original/(m=eaf8GgaaaWavb)(mh=N4KVnw8Kk980qnYT)1.jpg;https://ei.phncdn.com/videos/202608/15/59061475/original/(m=eaf8GgaaaWavb)(mh=N4KVnw8Kk980qnYT)2.jpg;https://ei.phncdn.com/videos/202608/15/59061475/original/(m=eaf8GgaaaWavb)(mh=N4KVnw8Kk980qnYT)3.jpg;https://ei.phncdn.com/videos/202608/15/59061475/original/(m=eaf8GgaaaWavb)(mh=N4KVnw8Kk980qnYT)4.jpg;https://ei.phncdn.com/videos/202608/15/59061475/original/(m=eaf8GgaaaWavb)(mh=N4KVnw8Kk980qnYT)5.jpg;https://ei.phncdn.com/videos/202608/15/59061475/original/(m=eaf8GgaaaWavb)(mh=N4KVnw8Kk980qnYT)6.jpg;https://ei.phncdn.com/videos/202608/15/59061475/original/(m=eaf8GgaaaWavb)(mh=N4KVnw8Kk980qnYT)7.jpg;https://ei.phncdn.com/videos/202608/15/59061475/original/(m=eaf8GgaaaWavb)(mh=N4KVnw8Kk980qnYT)8.jpg;https://ei.phncdn.com/videos/202608/15/59061475/original/(m=eaf8GgaaaWavb)(mh=N4KVnw8Kk980qnYT)9.jpg;https://ei.phncdn.com/videos/202608/15/59061475/original/(m=eaf8GgaaaWavb)(mh=N4KVnw8Kk980qnYT)10.jpg;https://ei.phncdn.com/videos/202608/15/59061475/original/(m=eaf8GgaaaWavb)(mh=N4KVnw8Kk980qnYT)11.jpg;https://ei.phncdn.com/videos/202608/15/59061475/original/(m=eaf8GgaaaWavb)(mh=N4KVnw8Kk980qnYT)12.jpg;https://ei.phncdn.com/videos/202608/15/59061475/original/(m=eaf8GgaaaWavb)(mh=N4KVnw8Kk980qnYT)13.jpg;https://ei.phncdn.com/videos/202608/15/59061475/original/(m=eaf8GgaaaWavb)(mh=N4KVnw8Kk980qnYT)14.jpg;https://ei.phncdn.com/videos/202608/15/59061475/original/(m=eaf8GgaaaWavb)(mh=N4KVnw8Kk980qnYT)15.jpg;https://ei.phncdn.com/videos/202608/15/59061475/original/(m=eaf8GgaaaWavb)(mh=N4KVnw8Kk980qnYT)16.jpg|Wet pussy trembling as vibrator sinks deep 😳|tiktok;small;solo-female;blonde;cheating;gamer;natural-tits;blowjob|Casting;Verified Amateurs;Solo Female||12|1|||https://ei.phncdn.com/videos/202608/15/59061475/original/(m=eaAaGwObaaamqv)(mh=i0uvN6q2GPRGZE3p)12.jpg|https://ei.phncdn.com/videos/202608/15/59061475/original/(m=eaAaGwObaaamqv)(mh=i0uvN6q2GPRGZE3p)1.jpg;https://ei.phncdn.com/videos/202608/15/59061475/original/(m=eaAaGwObaaamqv)(mh=i0uvN6q2GPRGZE3p)2.jpg;https://ei.phncdn.com/videos/202608/15/59061475/original/(m=eaAaGwObaaamqv)(mh=i0uvN6q2GPRGZE3p)3.jpg;https://ei.phncdn.com/videos/202608/15/59061475/original/(m=eaAaGwObaaamqv)(mh=i0uvN6q2GPRGZE3p)4.jpg;https://ei.phncdn.com/videos/202608/15/59061475/original/(m=eaAaGwObaaamqv)(mh=i0uvN6q2GPRGZE3p)5.jpg;https://ei.phncdn.com/videos/202608/15/59061475/original/(m=eaAaGwObaaamqv)(mh=i0uvN6q2GPRGZE3p)6.jpg;https://ei.phncdn.com/videos/202608/15/59061475/original/(m=eaAaGwObaaamqv)(mh=i0uvN6q2GPRGZE3p)7.jpg;https://ei.phncdn.com/videos/202608/15/59061475/original/(m=eaAaGwObaaamqv)(mh=i0uvN6q2GPRGZE3p)8.jpg;https://ei.phncdn.com/videos/202608/15/59061475/original/(m=eaAaGwObaaamqv)(mh=i0uvN6q2GPRGZE3p)9.jpg;https://ei.phncdn.com/videos/202608/15/59061475/original/(m=eaAaGwObaaamqv)(mh=i0uvN6q2GPRGZE3p)10.jpg;https://ei.phncdn.com/videos/202608/15/59061475/original/(m=eaAaGwObaaamqv)(mh=i0uvN6q2GPRGZE3p)11.jpg;https://ei.phncdn.com/videos/202608/15/59061475/original/(m=eaAaGwObaaamqv)(mh=i0uvN6q2GPRGZE3p)12.jpg;https://ei.phncdn.com/videos/202608/15/59061475/original/(m=eaAaGwObaaamqv)(mh=i0uvN6q2GPRGZE3p)13.jpg;https://ei.phncdn.com/videos/202608/15/59061475/original/(m=eaAaGwObaaamqv)(mh=i0uvN6q2GPRGZE3p)14.jpg;https://ei.phncdn.com/videos/202608/15/59061475/original/(m=eaAaGwObaaamqv)(mh=i0uvN6q2GPRGZE3p)15.jpg;https://ei.phncdn.com/videos/202608/15/59061475/original/(m=eaAaGwObaaamqv)(mh=i0uvN6q2GPRGZE3p)16.jpg
