embed_html|thumbnail|thumbnail_sequence|title|tags|categories|performer|duration_seconds|views|source_metric_1|source_metric_2|thumbnail_large|thumbnail_sequence_large
<iframe src="https://www.pornhub.com/embed/ph5bae159faf6c5" frameborder="0" height="481" width="608" scrolling="no"></iframe>|https://ei.phncdn.com/videos/201809/28/185161101/thumbs_5/(m=eaf8GgaaaWavb)(mh=viXdC3o4QJXpRbER)15.jpg|https://ei.phncdn.com/videos/201809/28/185161101/thumbs_5/(m=eaf8GgaaaWavb)(mh=viXdC3o4QJXpRbER)1.jpg;https://ei.phncdn.com/videos/201809/28/185161101/thumbs_5/(m=eaf8GgaaaWavb)(mh=viXdC3o4QJXpRbER)2.jpg;https://ei.phncdn.com/videos/201809/28/185161101/thumbs_5/(m=eaf8GgaaaWavb)(mh=viXdC3o4QJXpRbER)3.jpg;https://ei.phncdn.com/videos/201809/28/185161101/thumbs_5/(m=eaf8GgaaaWavb)(mh=viXdC3o4QJXpRbER)4.jpg;https://ei.phncdn.com/videos/201809/28/185161101/thumbs_5/(m=eaf8GgaaaWavb)(mh=viXdC3o4QJXpRbER)5.jpg;https://ei.phncdn.com/videos/201809/28/185161101/thumbs_5/(m=eaf8GgaaaWavb)(mh=viXdC3o4QJXpRbER)6.jpg;https://ei.phncdn.com/videos/201809/28/185161101/thumbs_5/(m=eaf8GgaaaWavb)(mh=viXdC3o4QJXpRbER)7.jpg;https://ei.phncdn.com/videos/201809/28/185161101/thumbs_5/(m=eaf8GgaaaWavb)(mh=viXdC3o4QJXpRbER)8.jpg;https://ei.phncdn.com/videos/201809/28/185161101/thumbs_5/(m=eaf8GgaaaWavb)(mh=viXdC3o4QJXpRbER)9.jpg;https://ei.phncdn.com/videos/201809/28/185161101/thumbs_5/(m=eaf8GgaaaWavb)(mh=viXdC3o4QJXpRbER)10.jpg;https://ei.phncdn.com/videos/201809/28/185161101/thumbs_5/(m=eaf8GgaaaWavb)(mh=viXdC3o4QJXpRbER)11.jpg;https://ei.phncdn.com/videos/201809/28/185161101/thumbs_5/(m=eaf8GgaaaWavb)(mh=viXdC3o4QJXpRbER)12.jpg;https://ei.phncdn.com/videos/201809/28/185161101/thumbs_5/(m=eaf8GgaaaWavb)(mh=viXdC3o4QJXpRbER)13.jpg;https://ei.phncdn.com/videos/201809/28/185161101/thumbs_5/(m=eaf8GgaaaWavb)(mh=viXdC3o4QJXpRbER)14.jpg;https://ei.phncdn.com/videos/201809/28/185161101/thumbs_5/(m=eaf8GgaaaWavb)(mh=viXdC3o4QJXpRbER)15.jpg;https://ei.phncdn.com/videos/201809/28/185161101/thumbs_5/(m=eaf8GgaaaWavb)(mh=viXdC3o4QJXpRbER)16.jpg|Me and bae having a little fun:)|butt;big-boobs;sex;hot-babes;bi-sexual-couples;big-dick-tight-pussy|Korean;Exclusive;Verified Amateurs;Parody;Muscular Men||466|574|7|1|https://ei.phncdn.com/videos/201809/28/185161101/thumbs_5/(m=eaAaGwObaaamqv)(mh=D3r9bClWItsfk2D_)15.jpg|https://ei.phncdn.com/videos/201809/28/185161101/thumbs_5/(m=eaAaGwObaaamqv)(mh=D3r9bClWItsfk2D_)1.jpg;https://ei.phncdn.com/videos/201809/28/185161101/thumbs_5/(m=eaAaGwObaaamqv)(mh=D3r9bClWItsfk2D_)2.jpg;https://ei.phncdn.com/videos/201809/28/185161101/thumbs_5/(m=eaAaGwObaaamqv)(mh=D3r9bClWItsfk2D_)3.jpg;https://ei.phncdn.com/videos/201809/28/185161101/thumbs_5/(m=eaAaGwObaaamqv)(mh=D3r9bClWItsfk2D_)4.jpg;https://ei.phncdn.com/videos/201809/28/185161101/thumbs_5/(m=eaAaGwObaaamqv)(mh=D3r9bClWItsfk2D_)5.jpg;https://ei.phncdn.com/videos/201809/28/185161101/thumbs_5/(m=eaAaGwObaaamqv)(mh=D3r9bClWItsfk2D_)6.jpg;https://ei.phncdn.com/videos/201809/28/185161101/thumbs_5/(m=eaAaGwObaaamqv)(mh=D3r9bClWItsfk2D_)7.jpg;https://ei.phncdn.com/videos/201809/28/185161101/thumbs_5/(m=eaAaGwObaaamqv)(mh=D3r9bClWItsfk2D_)8.jpg;https://ei.phncdn.com/videos/201809/28/185161101/thumbs_5/(m=eaAaGwObaaamqv)(mh=D3r9bClWItsfk2D_)9.jpg;https://ei.phncdn.com/videos/201809/28/185161101/thumbs_5/(m=eaAaGwObaaamqv)(mh=D3r9bClWItsfk2D_)10.jpg;https://ei.phncdn.com/videos/201809/28/185161101/thumbs_5/(m=eaAaGwObaaamqv)(mh=D3r9bClWItsfk2D_)11.jpg;https://ei.phncdn.com/videos/201809/28/185161101/thumbs_5/(m=eaAaGwObaaamqv)(mh=D3r9bClWItsfk2D_)12.jpg;https://ei.phncdn.com/videos/201809/28/185161101/thumbs_5/(m=eaAaGwObaaamqv)(mh=D3r9bClWItsfk2D_)13.jpg;https://ei.phncdn.com/videos/201809/28/185161101/thumbs_5/(m=eaAaGwObaaamqv)(mh=D3r9bClWItsfk2D_)14.jpg;https://ei.phncdn.com/videos/201809/28/185161101/thumbs_5/(m=eaAaGwObaaamqv)(mh=D3r9bClWItsfk2D_)15.jpg;https://ei.phncdn.com/videos/201809/28/185161101/thumbs_5/(m=eaAaGwObaaamqv)(mh=D3r9bClWItsfk2D_)16.jpg
<iframe src="https://www.pornhub.com/embed/ph5cf17e3d7dd31" frameborder="0" height="481" width="608" scrolling="no"></iframe>|https://ei.phncdn.com/videos/201905/31/226809301/original/(m=eaf8GgaaaWavb)(mh=xDfx2Bh_hNDeQZQ9)14.jpg|https://ei.phncdn.com/videos/201905/31/226809301/original/(m=eaf8GgaaaWavb)(mh=xDfx2Bh_hNDeQZQ9)1.jpg;https://ei.phncdn.com/videos/201905/31/226809301/original/(m=eaf8GgaaaWavb)(mh=xDfx2Bh_hNDeQZQ9)2.jpg;https://ei.phncdn.com/videos/201905/31/226809301/original/(m=eaf8GgaaaWavb)(mh=xDfx2Bh_hNDeQZQ9)3.jpg;https://ei.phncdn.com/videos/201905/31/226809301/original/(m=eaf8GgaaaWavb)(mh=xDfx2Bh_hNDeQZQ9)4.jpg;https://ei.phncdn.com/videos/201905/31/226809301/original/(m=eaf8GgaaaWavb)(mh=xDfx2Bh_hNDeQZQ9)5.jpg;https://ei.phncdn.com/videos/201905/31/226809301/original/(m=eaf8GgaaaWavb)(mh=xDfx2Bh_hNDeQZQ9)6.jpg;https://ei.phncdn.com/videos/201905/31/226809301/original/(m=eaf8GgaaaWavb)(mh=xDfx2Bh_hNDeQZQ9)7.jpg;https://ei.phncdn.com/videos/201905/31/226809301/original/(m=eaf8GgaaaWavb)(mh=xDfx2Bh_hNDeQZQ9)8.jpg;https://ei.phncdn.com/videos/201905/31/226809301/original/(m=eaf8GgaaaWavb)(mh=xDfx2Bh_hNDeQZQ9)9.jpg;https://ei.phncdn.com/videos/201905/31/226809301/original/(m=eaf8GgaaaWavb)(mh=xDfx2Bh_hNDeQZQ9)10.jpg;https://ei.phncdn.com/videos/201905/31/226809301/original/(m=eaf8GgaaaWavb)(mh=xDfx2Bh_hNDeQZQ9)11.jpg;https://ei.phncdn.com/videos/201905/31/226809301/original/(m=eaf8GgaaaWavb)(mh=xDfx2Bh_hNDeQZQ9)12.jpg;https://ei.phncdn.com/videos/201905/31/226809301/original/(m=eaf8GgaaaWavb)(mh=xDfx2Bh_hNDeQZQ9)13.jpg;https://ei.phncdn.com/videos/201905/31/226809301/original/(m=eaf8GgaaaWavb)(mh=xDfx2Bh_hNDeQZQ9)14.jpg;https://ei.phncdn.com/videos/201905/31/226809301/original/(m=eaf8GgaaaWavb)(mh=xDfx2Bh_hNDeQZQ9)15.jpg;https://ei.phncdn.com/videos/201905/31/226809301/original/(m=eaf8GgaaaWavb)(mh=xDfx2Bh_hNDeQZQ9)16.jpg|Pissing out cum|urethral-insertion;pissing;speculum|Korean;Verified Amateurs;Solo Female||15|215262|695|53|https://ei.phncdn.com/videos/201905/31/226809301/original/(m=eaAaGwObaaamqv)(mh=sYGldrBOfj_0jAGy)14.jpg|https://ei.phncdn.com/videos/201905/31/226809301/original/(m=eaAaGwObaaamqv)(mh=sYGldrBOfj_0jAGy)1.jpg;https://ei.phncdn.com/videos/201905/31/226809301/original/(m=eaAaGwObaaamqv)(mh=sYGldrBOfj_0jAGy)2.jpg;https://ei.phncdn.com/videos/201905/31/226809301/original/(m=eaAaGwObaaamqv)(mh=sYGldrBOfj_0jAGy)3.jpg;https://ei.phncdn.com/videos/201905/31/226809301/original/(m=eaAaGwObaaamqv)(mh=sYGldrBOfj_0jAGy)4.jpg;https://ei.phncdn.com/videos/201905/31/226809301/original/(m=eaAaGwObaaamqv)(mh=sYGldrBOfj_0jAGy)5.jpg;https://ei.phncdn.com/videos/201905/31/226809301/original/(m=eaAaGwObaaamqv)(mh=sYGldrBOfj_0jAGy)6.jpg;https://ei.phncdn.com/videos/201905/31/226809301/original/(m=eaAaGwObaaamqv)(mh=sYGldrBOfj_0jAGy)7.jpg;https://ei.phncdn.com/videos/201905/31/226809301/original/(m=eaAaGwObaaamqv)(mh=sYGldrBOfj_0jAGy)8.jpg;https://ei.phncdn.com/videos/201905/31/226809301/original/(m=eaAaGwObaaamqv)(mh=sYGldrBOfj_0jAGy)9.jpg;https://ei.phncdn.com/videos/201905/31/226809301/original/(m=eaAaGwObaaamqv)(mh=sYGldrBOfj_0jAGy)10.jpg;https://ei.phncdn.com/videos/201905/31/226809301/original/(m=eaAaGwObaaamqv)(mh=sYGldrBOfj_0jAGy)11.jpg;https://ei.phncdn.com/videos/201905/31/226809301/original/(m=eaAaGwObaaamqv)(mh=sYGldrBOfj_0jAGy)12.jpg;https://ei.phncdn.com/videos/201905/31/226809301/original/(m=eaAaGwObaaamqv)(mh=sYGldrBOfj_0jAGy)13.jpg;https://ei.phncdn.com/videos/201905/31/226809301/original/(m=eaAaGwObaaamqv)(mh=sYGldrBOfj_0jAGy)14.jpg;https://ei.phncdn.com/videos/201905/31/226809301/original/(m=eaAaGwObaaamqv)(mh=sYGldrBOfj_0jAGy)15.jpg;https://ei.phncdn.com/videos/201905/31/226809301/original/(m=eaAaGwObaaamqv)(mh=sYGldrBOfj_0jAGy)16.jpg
<iframe src="https://www.pornhub.com/embed/ph6001c7f276dd0" frameborder="0" height="481" width="608" scrolling="no"></iframe>|https://ei.phncdn.com/videos/202101/15/381814472/original/(m=eaf8GgaaaWavb)(mh=1ZRmrX55U8RkTL3e)13.jpg|https://ei.phncdn.com/videos/202101/15/381814472/original/(m=eaf8GgaaaWavb)(mh=1ZRmrX55U8RkTL3e)1.jpg;https://ei.phncdn.com/videos/202101/15/381814472/original/(m=eaf8GgaaaWavb)(mh=1ZRmrX55U8RkTL3e)2.jpg;https://ei.phncdn.com/videos/202101/15/381814472/original/(m=eaf8GgaaaWavb)(mh=1ZRmrX55U8RkTL3e)3.jpg;https://ei.phncdn.com/videos/202101/15/381814472/original/(m=eaf8GgaaaWavb)(mh=1ZRmrX55U8RkTL3e)4.jpg;https://ei.phncdn.com/videos/202101/15/381814472/original/(m=eaf8GgaaaWavb)(mh=1ZRmrX55U8RkTL3e)5.jpg;https://ei.phncdn.com/videos/202101/15/381814472/original/(m=eaf8GgaaaWavb)(mh=1ZRmrX55U8RkTL3e)6.jpg;https://ei.phncdn.com/videos/202101/15/381814472/original/(m=eaf8GgaaaWavb)(mh=1ZRmrX55U8RkTL3e)7.jpg;https://ei.phncdn.com/videos/202101/15/381814472/original/(m=eaf8GgaaaWavb)(mh=1ZRmrX55U8RkTL3e)8.jpg;https://ei.phncdn.com/videos/202101/15/381814472/original/(m=eaf8GgaaaWavb)(mh=1ZRmrX55U8RkTL3e)9.jpg;https://ei.phncdn.com/videos/202101/15/381814472/original/(m=eaf8GgaaaWavb)(mh=1ZRmrX55U8RkTL3e)10.jpg;https://ei.phncdn.com/videos/202101/15/381814472/original/(m=eaf8GgaaaWavb)(mh=1ZRmrX55U8RkTL3e)11.jpg;https://ei.phncdn.com/videos/202101/15/381814472/original/(m=eaf8GgaaaWavb)(mh=1ZRmrX55U8RkTL3e)12.jpg;https://ei.phncdn.com/videos/202101/15/381814472/original/(m=eaf8GgaaaWavb)(mh=1ZRmrX55U8RkTL3e)13.jpg;https://ei.phncdn.com/videos/202101/15/381814472/original/(m=eaf8GgaaaWavb)(mh=1ZRmrX55U8RkTL3e)14.jpg;https://ei.phncdn.com/videos/202101/15/381814472/original/(m=eaf8GgaaaWavb)(mh=1ZRmrX55U8RkTL3e)15.jpg;https://ei.phncdn.com/videos/202101/15/381814472/original/(m=eaf8GgaaaWavb)(mh=1ZRmrX55U8RkTL3e)16.jpg|레깅스녀 운동 korean|kink;butt;운동하는-여자;workout;squat;excercise|Korean;Verified Amateurs;Solo Female||435|117105|104|74|https://ei.phncdn.com/videos/202101/15/381814472/original/(m=eaAaGwObaaamqv)(mh=LO_NNtWVY8end2a9)13.jpg|https://ei.phncdn.com/videos/202101/15/381814472/original/(m=eaAaGwObaaamqv)(mh=LO_NNtWVY8end2a9)1.jpg;https://ei.phncdn.com/videos/202101/15/381814472/original/(m=eaAaGwObaaamqv)(mh=LO_NNtWVY8end2a9)2.jpg;https://ei.phncdn.com/videos/202101/15/381814472/original/(m=eaAaGwObaaamqv)(mh=LO_NNtWVY8end2a9)3.jpg;https://ei.phncdn.com/videos/202101/15/381814472/original/(m=eaAaGwObaaamqv)(mh=LO_NNtWVY8end2a9)4.jpg;https://ei.phncdn.com/videos/202101/15/381814472/original/(m=eaAaGwObaaamqv)(mh=LO_NNtWVY8end2a9)5.jpg;https://ei.phncdn.com/videos/202101/15/381814472/original/(m=eaAaGwObaaamqv)(mh=LO_NNtWVY8end2a9)6.jpg;https://ei.phncdn.com/videos/202101/15/381814472/original/(m=eaAaGwObaaamqv)(mh=LO_NNtWVY8end2a9)7.jpg;https://ei.phncdn.com/videos/202101/15/381814472/original/(m=eaAaGwObaaamqv)(mh=LO_NNtWVY8end2a9)8.jpg;https://ei.phncdn.com/videos/202101/15/381814472/original/(m=eaAaGwObaaamqv)(mh=LO_NNtWVY8end2a9)9.jpg;https://ei.phncdn.com/videos/202101/15/381814472/original/(m=eaAaGwObaaamqv)(mh=LO_NNtWVY8end2a9)10.jpg;https://ei.phncdn.com/videos/202101/15/381814472/original/(m=eaAaGwObaaamqv)(mh=LO_NNtWVY8end2a9)11.jpg;https://ei.phncdn.com/videos/202101/15/381814472/original/(m=eaAaGwObaaamqv)(mh=LO_NNtWVY8end2a9)12.jpg;https://ei.phncdn.com/videos/202101/15/381814472/original/(m=eaAaGwObaaamqv)(mh=LO_NNtWVY8end2a9)13.jpg;https://ei.phncdn.com/videos/202101/15/381814472/original/(m=eaAaGwObaaamqv)(mh=LO_NNtWVY8end2a9)14.jpg;https://ei.phncdn.com/videos/202101/15/381814472/original/(m=eaAaGwObaaamqv)(mh=LO_NNtWVY8end2a9)15.jpg;https://ei.phncdn.com/videos/202101/15/381814472/original/(m=eaAaGwObaaamqv)(mh=LO_NNtWVY8end2a9)16.jpg
<iframe src="https://www.pornhub.com/embed/ph633c58ddbbf39" frameborder="0" height="481" width="608" scrolling="no"></iframe>|https://ei.phncdn.com/videos/202210/04/416849421/original/(m=eaf8GgaaaWavb)(mh=36M6Ci7NkQFT8L0g)1.jpg|https://ei.phncdn.com/videos/202210/04/416849421/original/(m=eaf8GgaaaWavb)(mh=36M6Ci7NkQFT8L0g)1.jpg;https://ei.phncdn.com/videos/202210/04/416849421/original/(m=eaf8GgaaaWavb)(mh=36M6Ci7NkQFT8L0g)2.jpg;https://ei.phncdn.com/videos/202210/04/416849421/original/(m=eaf8GgaaaWavb)(mh=36M6Ci7NkQFT8L0g)3.jpg;https://ei.phncdn.com/videos/202210/04/416849421/original/(m=eaf8GgaaaWavb)(mh=36M6Ci7NkQFT8L0g)4.jpg;https://ei.phncdn.com/videos/202210/04/416849421/original/(m=eaf8GgaaaWavb)(mh=36M6Ci7NkQFT8L0g)5.jpg;https://ei.phncdn.com/videos/202210/04/416849421/original/(m=eaf8GgaaaWavb)(mh=36M6Ci7NkQFT8L0g)6.jpg;https://ei.phncdn.com/videos/202210/04/416849421/original/(m=eaf8GgaaaWavb)(mh=36M6Ci7NkQFT8L0g)7.jpg;https://ei.phncdn.com/videos/202210/04/416849421/original/(m=eaf8GgaaaWavb)(mh=36M6Ci7NkQFT8L0g)8.jpg;https://ei.phncdn.com/videos/202210/04/416849421/original/(m=eaf8GgaaaWavb)(mh=36M6Ci7NkQFT8L0g)9.jpg;https://ei.phncdn.com/videos/202210/04/416849421/original/(m=eaf8GgaaaWavb)(mh=36M6Ci7NkQFT8L0g)10.jpg;https://ei.phncdn.com/videos/202210/04/416849421/original/(m=eaf8GgaaaWavb)(mh=36M6Ci7NkQFT8L0g)11.jpg;https://ei.phncdn.com/videos/202210/04/416849421/original/(m=eaf8GgaaaWavb)(mh=36M6Ci7NkQFT8L0g)12.jpg;https://ei.phncdn.com/videos/202210/04/416849421/original/(m=eaf8GgaaaWavb)(mh=36M6Ci7NkQFT8L0g)13.jpg;https://ei.phncdn.com/videos/202210/04/416849421/original/(m=eaf8GgaaaWavb)(mh=36M6Ci7NkQFT8L0g)14.jpg;https://ei.phncdn.com/videos/202210/04/416849421/original/(m=eaf8GgaaaWavb)(mh=36M6Ci7NkQFT8L0g)15.jpg;https://ei.phncdn.com/videos/202210/04/416849421/original/(m=eaf8GgaaaWavb)(mh=36M6Ci7NkQFT8L0g)16.jpg|Thick Asian thot onlyfans gets leaked |asian;big-tits;thick-asian;curvy|Korean;60FPS;Verified Amateurs;Solo Female;Vertical Video||168|1598458|3764|673|https://ei.phncdn.com/videos/202210/04/416849421/original/(m=eaAaGwObaaamqv)(mh=yKBAzRJAMeDykLkK)1.jpg|https://ei.phncdn.com/videos/202210/04/416849421/original/(m=eaAaGwObaaamqv)(mh=yKBAzRJAMeDykLkK)1.jpg;https://ei.phncdn.com/videos/202210/04/416849421/original/(m=eaAaGwObaaamqv)(mh=yKBAzRJAMeDykLkK)2.jpg;https://ei.phncdn.com/videos/202210/04/416849421/original/(m=eaAaGwObaaamqv)(mh=yKBAzRJAMeDykLkK)3.jpg;https://ei.phncdn.com/videos/202210/04/416849421/original/(m=eaAaGwObaaamqv)(mh=yKBAzRJAMeDykLkK)4.jpg;https://ei.phncdn.com/videos/202210/04/416849421/original/(m=eaAaGwObaaamqv)(mh=yKBAzRJAMeDykLkK)5.jpg;https://ei.phncdn.com/videos/202210/04/416849421/original/(m=eaAaGwObaaamqv)(mh=yKBAzRJAMeDykLkK)6.jpg;https://ei.phncdn.com/videos/202210/04/416849421/original/(m=eaAaGwObaaamqv)(mh=yKBAzRJAMeDykLkK)7.jpg;https://ei.phncdn.com/videos/202210/04/416849421/original/(m=eaAaGwObaaamqv)(mh=yKBAzRJAMeDykLkK)8.jpg;https://ei.phncdn.com/videos/202210/04/416849421/original/(m=eaAaGwObaaamqv)(mh=yKBAzRJAMeDykLkK)9.jpg;https://ei.phncdn.com/videos/202210/04/416849421/original/(m=eaAaGwObaaamqv)(mh=yKBAzRJAMeDykLkK)10.jpg;https://ei.phncdn.com/videos/202210/04/416849421/original/(m=eaAaGwObaaamqv)(mh=yKBAzRJAMeDykLkK)11.jpg;https://ei.phncdn.com/videos/202210/04/416849421/original/(m=eaAaGwObaaamqv)(mh=yKBAzRJAMeDykLkK)12.jpg;https://ei.phncdn.com/videos/202210/04/416849421/original/(m=eaAaGwObaaamqv)(mh=yKBAzRJAMeDykLkK)13.jpg;https://ei.phncdn.com/videos/202210/04/416849421/original/(m=eaAaGwObaaamqv)(mh=yKBAzRJAMeDykLkK)14.jpg;https://ei.phncdn.com/videos/202210/04/416849421/original/(m=eaAaGwObaaamqv)(mh=yKBAzRJAMeDykLkK)15.jpg;https://ei.phncdn.com/videos/202210/04/416849421/original/(m=eaAaGwObaaamqv)(mh=yKBAzRJAMeDykLkK)16.jpg
<iframe src="https://www.pornhub.com/embed/6573d35d1e482" frameborder="0" height="481" width="608" scrolling="no"></iframe>|https://ei.phncdn.com/videos/202312/09/444432381/original/(m=eaf8GgaaaWavb)(mh=HfUjOjWGYpH41DNA)1.jpg|https://ei.phncdn.com/videos/202312/09/444432381/original/(m=eaf8GgaaaWavb)(mh=HfUjOjWGYpH41DNA)1.jpg;https://ei.phncdn.com/videos/202312/09/444432381/original/(m=eaf8GgaaaWavb)(mh=HfUjOjWGYpH41DNA)2.jpg;https://ei.phncdn.com/videos/202312/09/444432381/original/(m=eaf8GgaaaWavb)(mh=HfUjOjWGYpH41DNA)3.jpg;https://ei.phncdn.com/videos/202312/09/444432381/original/(m=eaf8GgaaaWavb)(mh=HfUjOjWGYpH41DNA)4.jpg;https://ei.phncdn.com/videos/202312/09/444432381/original/(m=eaf8GgaaaWavb)(mh=HfUjOjWGYpH41DNA)5.jpg;https://ei.phncdn.com/videos/202312/09/444432381/original/(m=eaf8GgaaaWavb)(mh=HfUjOjWGYpH41DNA)6.jpg;https://ei.phncdn.com/videos/202312/09/444432381/original/(m=eaf8GgaaaWavb)(mh=HfUjOjWGYpH41DNA)7.jpg;https://ei.phncdn.com/videos/202312/09/444432381/original/(m=eaf8GgaaaWavb)(mh=HfUjOjWGYpH41DNA)8.jpg;https://ei.phncdn.com/videos/202312/09/444432381/original/(m=eaf8GgaaaWavb)(mh=HfUjOjWGYpH41DNA)9.jpg;https://ei.phncdn.com/videos/202312/09/444432381/original/(m=eaf8GgaaaWavb)(mh=HfUjOjWGYpH41DNA)10.jpg;https://ei.phncdn.com/videos/202312/09/444432381/original/(m=eaf8GgaaaWavb)(mh=HfUjOjWGYpH41DNA)11.jpg;https://ei.phncdn.com/videos/202312/09/444432381/original/(m=eaf8GgaaaWavb)(mh=HfUjOjWGYpH41DNA)12.jpg;https://ei.phncdn.com/videos/202312/09/444432381/original/(m=eaf8GgaaaWavb)(mh=HfUjOjWGYpH41DNA)13.jpg;https://ei.phncdn.com/videos/202312/09/444432381/original/(m=eaf8GgaaaWavb)(mh=HfUjOjWGYpH41DNA)14.jpg;https://ei.phncdn.com/videos/202312/09/444432381/original/(m=eaf8GgaaaWavb)(mh=HfUjOjWGYpH41DNA)15.jpg;https://ei.phncdn.com/videos/202312/09/444432381/original/(m=eaf8GgaaaWavb)(mh=HfUjOjWGYpH41DNA)16.jpg|Maddy may birthday sex link|lesbian;rough|Korean;Solo Female||4|129|||https://ei.phncdn.com/videos/202312/09/444432381/original/(m=eaAaGwObaaamqv)(mh=VHOCJd3CsIe4BPp-)1.jpg|https://ei.phncdn.com/videos/202312/09/444432381/original/(m=eaAaGwObaaamqv)(mh=VHOCJd3CsIe4BPp-)1.jpg;https://ei.phncdn.com/videos/202312/09/444432381/original/(m=eaAaGwObaaamqv)(mh=VHOCJd3CsIe4BPp-)2.jpg;https://ei.phncdn.com/videos/202312/09/444432381/original/(m=eaAaGwObaaamqv)(mh=VHOCJd3CsIe4BPp-)3.jpg;https://ei.phncdn.com/videos/202312/09/444432381/original/(m=eaAaGwObaaamqv)(mh=VHOCJd3CsIe4BPp-)4.jpg;https://ei.phncdn.com/videos/202312/09/444432381/original/(m=eaAaGwObaaamqv)(mh=VHOCJd3CsIe4BPp-)5.jpg;https://ei.phncdn.com/videos/202312/09/444432381/original/(m=eaAaGwObaaamqv)(mh=VHOCJd3CsIe4BPp-)6.jpg;https://ei.phncdn.com/videos/202312/09/444432381/original/(m=eaAaGwObaaamqv)(mh=VHOCJd3CsIe4BPp-)7.jpg;https://ei.phncdn.com/videos/202312/09/444432381/original/(m=eaAaGwObaaamqv)(mh=VHOCJd3CsIe4BPp-)8.jpg;https://ei.phncdn.com/videos/202312/09/444432381/original/(m=eaAaGwObaaamqv)(mh=VHOCJd3CsIe4BPp-)9.jpg;https://ei.phncdn.com/videos/202312/09/444432381/original/(m=eaAaGwObaaamqv)(mh=VHOCJd3CsIe4BPp-)10.jpg;https://ei.phncdn.com/videos/202312/09/444432381/original/(m=eaAaGwObaaamqv)(mh=VHOCJd3CsIe4BPp-)11.jpg;https://ei.phncdn.com/videos/202312/09/444432381/original/(m=eaAaGwObaaamqv)(mh=VHOCJd3CsIe4BPp-)12.jpg;https://ei.phncdn.com/videos/202312/09/444432381/original/(m=eaAaGwObaaamqv)(mh=VHOCJd3CsIe4BPp-)13.jpg;https://ei.phncdn.com/videos/202312/09/444432381/original/(m=eaAaGwObaaamqv)(mh=VHOCJd3CsIe4BPp-)14.jpg;https://ei.phncdn.com/videos/202312/09/444432381/original/(m=eaAaGwObaaamqv)(mh=VHOCJd3CsIe4BPp-)15.jpg;https://ei.phncdn.com/videos/202312/09/444432381/original/(m=eaAaGwObaaamqv)(mh=VHOCJd3CsIe4BPp-)16.jpg
<iframe src="https://www.pornhub.com/embed/657fcdf7856b3" frameborder="0" height="481" width="608" scrolling="no"></iframe>|https://ei.phncdn.com/videos/202312/18/444966651/original/(m=eaf8GgaaaWavb)(mh=gum-LWy_BOUrbztM)11.jpg|https://ei.phncdn.com/videos/202312/18/444966651/original/(m=eaf8GgaaaWavb)(mh=gum-LWy_BOUrbztM)1.jpg;https://ei.phncdn.com/videos/202312/18/444966651/original/(m=eaf8GgaaaWavb)(mh=gum-LWy_BOUrbztM)2.jpg;https://ei.phncdn.com/videos/202312/18/444966651/original/(m=eaf8GgaaaWavb)(mh=gum-LWy_BOUrbztM)3.jpg;https://ei.phncdn.com/videos/202312/18/444966651/original/(m=eaf8GgaaaWavb)(mh=gum-LWy_BOUrbztM)4.jpg;https://ei.phncdn.com/videos/202312/18/444966651/original/(m=eaf8GgaaaWavb)(mh=gum-LWy_BOUrbztM)5.jpg;https://ei.phncdn.com/videos/202312/18/444966651/original/(m=eaf8GgaaaWavb)(mh=gum-LWy_BOUrbztM)6.jpg;https://ei.phncdn.com/videos/202312/18/444966651/original/(m=eaf8GgaaaWavb)(mh=gum-LWy_BOUrbztM)7.jpg;https://ei.phncdn.com/videos/202312/18/444966651/original/(m=eaf8GgaaaWavb)(mh=gum-LWy_BOUrbztM)8.jpg;https://ei.phncdn.com/videos/202312/18/444966651/original/(m=eaf8GgaaaWavb)(mh=gum-LWy_BOUrbztM)9.jpg;https://ei.phncdn.com/videos/202312/18/444966651/original/(m=eaf8GgaaaWavb)(mh=gum-LWy_BOUrbztM)10.jpg;https://ei.phncdn.com/videos/202312/18/444966651/original/(m=eaf8GgaaaWavb)(mh=gum-LWy_BOUrbztM)11.jpg;https://ei.phncdn.com/videos/202312/18/444966651/original/(m=eaf8GgaaaWavb)(mh=gum-LWy_BOUrbztM)12.jpg;https://ei.phncdn.com/videos/202312/18/444966651/original/(m=eaf8GgaaaWavb)(mh=gum-LWy_BOUrbztM)13.jpg;https://ei.phncdn.com/videos/202312/18/444966651/original/(m=eaf8GgaaaWavb)(mh=gum-LWy_BOUrbztM)14.jpg;https://ei.phncdn.com/videos/202312/18/444966651/original/(m=eaf8GgaaaWavb)(mh=gum-LWy_BOUrbztM)15.jpg;https://ei.phncdn.com/videos/202312/18/444966651/original/(m=eaf8GgaaaWavb)(mh=gum-LWy_BOUrbztM)16.jpg|5 pairs of underwear changing videos, which one is your favorite?|underpants;women-s-underwear;busty-girl;busty-girlfriend|Korean;Japanese;Exclusive;Verified Amateurs;Cosplay;Solo Female||450|10927|29|9|https://ei.phncdn.com/videos/202312/18/444966651/original/(m=eaAaGwObaaamqv)(mh=YKFmPqwaNFiMbY9s)11.jpg|https://ei.phncdn.com/videos/202312/18/444966651/original/(m=eaAaGwObaaamqv)(mh=YKFmPqwaNFiMbY9s)1.jpg;https://ei.phncdn.com/videos/202312/18/444966651/original/(m=eaAaGwObaaamqv)(mh=YKFmPqwaNFiMbY9s)2.jpg;https://ei.phncdn.com/videos/202312/18/444966651/original/(m=eaAaGwObaaamqv)(mh=YKFmPqwaNFiMbY9s)3.jpg;https://ei.phncdn.com/videos/202312/18/444966651/original/(m=eaAaGwObaaamqv)(mh=YKFmPqwaNFiMbY9s)4.jpg;https://ei.phncdn.com/videos/202312/18/444966651/original/(m=eaAaGwObaaamqv)(mh=YKFmPqwaNFiMbY9s)5.jpg;https://ei.phncdn.com/videos/202312/18/444966651/original/(m=eaAaGwObaaamqv)(mh=YKFmPqwaNFiMbY9s)6.jpg;https://ei.phncdn.com/videos/202312/18/444966651/original/(m=eaAaGwObaaamqv)(mh=YKFmPqwaNFiMbY9s)7.jpg;https://ei.phncdn.com/videos/202312/18/444966651/original/(m=eaAaGwObaaamqv)(mh=YKFmPqwaNFiMbY9s)8.jpg;https://ei.phncdn.com/videos/202312/18/444966651/original/(m=eaAaGwObaaamqv)(mh=YKFmPqwaNFiMbY9s)9.jpg;https://ei.phncdn.com/videos/202312/18/444966651/original/(m=eaAaGwObaaamqv)(mh=YKFmPqwaNFiMbY9s)10.jpg;https://ei.phncdn.com/videos/202312/18/444966651/original/(m=eaAaGwObaaamqv)(mh=YKFmPqwaNFiMbY9s)11.jpg;https://ei.phncdn.com/videos/202312/18/444966651/original/(m=eaAaGwObaaamqv)(mh=YKFmPqwaNFiMbY9s)12.jpg;https://ei.phncdn.com/videos/202312/18/444966651/original/(m=eaAaGwObaaamqv)(mh=YKFmPqwaNFiMbY9s)13.jpg;https://ei.phncdn.com/videos/202312/18/444966651/original/(m=eaAaGwObaaamqv)(mh=YKFmPqwaNFiMbY9s)14.jpg;https://ei.phncdn.com/videos/202312/18/444966651/original/(m=eaAaGwObaaamqv)(mh=YKFmPqwaNFiMbY9s)15.jpg;https://ei.phncdn.com/videos/202312/18/444966651/original/(m=eaAaGwObaaamqv)(mh=YKFmPqwaNFiMbY9s)16.jpg
<iframe src="https://www.pornhub.com/embed/65e02aaf8ec10" frameborder="0" height="481" width="608" scrolling="no"></iframe>|https://ei.phncdn.com/videos/202402/29/448864701/original/(m=eaf8GgaaaWavb)(mh=7qMElepARzCYEjKM)2.jpg|https://ei.phncdn.com/videos/202402/29/448864701/original/(m=eaf8GgaaaWavb)(mh=7qMElepARzCYEjKM)1.jpg;https://ei.phncdn.com/videos/202402/29/448864701/original/(m=eaf8GgaaaWavb)(mh=7qMElepARzCYEjKM)2.jpg;https://ei.phncdn.com/videos/202402/29/448864701/original/(m=eaf8GgaaaWavb)(mh=7qMElepARzCYEjKM)3.jpg;https://ei.phncdn.com/videos/202402/29/448864701/original/(m=eaf8GgaaaWavb)(mh=7qMElepARzCYEjKM)4.jpg;https://ei.phncdn.com/videos/202402/29/448864701/original/(m=eaf8GgaaaWavb)(mh=7qMElepARzCYEjKM)5.jpg;https://ei.phncdn.com/videos/202402/29/448864701/original/(m=eaf8GgaaaWavb)(mh=7qMElepARzCYEjKM)6.jpg;https://ei.phncdn.com/videos/202402/29/448864701/original/(m=eaf8GgaaaWavb)(mh=7qMElepARzCYEjKM)7.jpg;https://ei.phncdn.com/videos/202402/29/448864701/original/(m=eaf8GgaaaWavb)(mh=7qMElepARzCYEjKM)8.jpg;https://ei.phncdn.com/videos/202402/29/448864701/original/(m=eaf8GgaaaWavb)(mh=7qMElepARzCYEjKM)9.jpg;https://ei.phncdn.com/videos/202402/29/448864701/original/(m=eaf8GgaaaWavb)(mh=7qMElepARzCYEjKM)10.jpg;https://ei.phncdn.com/videos/202402/29/448864701/original/(m=eaf8GgaaaWavb)(mh=7qMElepARzCYEjKM)11.jpg;https://ei.phncdn.com/videos/202402/29/448864701/original/(m=eaf8GgaaaWavb)(mh=7qMElepARzCYEjKM)12.jpg;https://ei.phncdn.com/videos/202402/29/448864701/original/(m=eaf8GgaaaWavb)(mh=7qMElepARzCYEjKM)13.jpg;https://ei.phncdn.com/videos/202402/29/448864701/original/(m=eaf8GgaaaWavb)(mh=7qMElepARzCYEjKM)14.jpg;https://ei.phncdn.com/videos/202402/29/448864701/original/(m=eaf8GgaaaWavb)(mh=7qMElepARzCYEjKM)15.jpg;https://ei.phncdn.com/videos/202402/29/448864701/original/(m=eaf8GgaaaWavb)(mh=7qMElepARzCYEjKM)16.jpg|Elegant and Graceful: Beautiful Women Share Yoga Practices|asian-big-tits;big-natural-tits;yoga|Korean;Japanese;Exclusive;Verified Amateurs;Solo Female||214|7271|11|8|https://ei.phncdn.com/videos/202402/29/448864701/original/(m=eaAaGwObaaamqv)(mh=-T12Op-2agtdE0E6)2.jpg|https://ei.phncdn.com/videos/202402/29/448864701/original/(m=eaAaGwObaaamqv)(mh=-T12Op-2agtdE0E6)1.jpg;https://ei.phncdn.com/videos/202402/29/448864701/original/(m=eaAaGwObaaamqv)(mh=-T12Op-2agtdE0E6)2.jpg;https://ei.phncdn.com/videos/202402/29/448864701/original/(m=eaAaGwObaaamqv)(mh=-T12Op-2agtdE0E6)3.jpg;https://ei.phncdn.com/videos/202402/29/448864701/original/(m=eaAaGwObaaamqv)(mh=-T12Op-2agtdE0E6)4.jpg;https://ei.phncdn.com/videos/202402/29/448864701/original/(m=eaAaGwObaaamqv)(mh=-T12Op-2agtdE0E6)5.jpg;https://ei.phncdn.com/videos/202402/29/448864701/original/(m=eaAaGwObaaamqv)(mh=-T12Op-2agtdE0E6)6.jpg;https://ei.phncdn.com/videos/202402/29/448864701/original/(m=eaAaGwObaaamqv)(mh=-T12Op-2agtdE0E6)7.jpg;https://ei.phncdn.com/videos/202402/29/448864701/original/(m=eaAaGwObaaamqv)(mh=-T12Op-2agtdE0E6)8.jpg;https://ei.phncdn.com/videos/202402/29/448864701/original/(m=eaAaGwObaaamqv)(mh=-T12Op-2agtdE0E6)9.jpg;https://ei.phncdn.com/videos/202402/29/448864701/original/(m=eaAaGwObaaamqv)(mh=-T12Op-2agtdE0E6)10.jpg;https://ei.phncdn.com/videos/202402/29/448864701/original/(m=eaAaGwObaaamqv)(mh=-T12Op-2agtdE0E6)11.jpg;https://ei.phncdn.com/videos/202402/29/448864701/original/(m=eaAaGwObaaamqv)(mh=-T12Op-2agtdE0E6)12.jpg;https://ei.phncdn.com/videos/202402/29/448864701/original/(m=eaAaGwObaaamqv)(mh=-T12Op-2agtdE0E6)13.jpg;https://ei.phncdn.com/videos/202402/29/448864701/original/(m=eaAaGwObaaamqv)(mh=-T12Op-2agtdE0E6)14.jpg;https://ei.phncdn.com/videos/202402/29/448864701/original/(m=eaAaGwObaaamqv)(mh=-T12Op-2agtdE0E6)15.jpg;https://ei.phncdn.com/videos/202402/29/448864701/original/(m=eaAaGwObaaamqv)(mh=-T12Op-2agtdE0E6)16.jpg
<iframe src="https://www.pornhub.com/embed/67e0c029ab823" frameborder="0" height="481" width="608" scrolling="no"></iframe>|https://ei.phncdn.com/videos/202503/24/466225395/original/(m=eaf8GgaaaWavb)(mh=paNL4g70BFgStEXb)9.jpg|https://ei.phncdn.com/videos/202503/24/466225395/original/(m=eaf8GgaaaWavb)(mh=paNL4g70BFgStEXb)1.jpg;https://ei.phncdn.com/videos/202503/24/466225395/original/(m=eaf8GgaaaWavb)(mh=paNL4g70BFgStEXb)2.jpg;https://ei.phncdn.com/videos/202503/24/466225395/original/(m=eaf8GgaaaWavb)(mh=paNL4g70BFgStEXb)3.jpg;https://ei.phncdn.com/videos/202503/24/466225395/original/(m=eaf8GgaaaWavb)(mh=paNL4g70BFgStEXb)4.jpg;https://ei.phncdn.com/videos/202503/24/466225395/original/(m=eaf8GgaaaWavb)(mh=paNL4g70BFgStEXb)5.jpg;https://ei.phncdn.com/videos/202503/24/466225395/original/(m=eaf8GgaaaWavb)(mh=paNL4g70BFgStEXb)6.jpg;https://ei.phncdn.com/videos/202503/24/466225395/original/(m=eaf8GgaaaWavb)(mh=paNL4g70BFgStEXb)7.jpg;https://ei.phncdn.com/videos/202503/24/466225395/original/(m=eaf8GgaaaWavb)(mh=paNL4g70BFgStEXb)8.jpg;https://ei.phncdn.com/videos/202503/24/466225395/original/(m=eaf8GgaaaWavb)(mh=paNL4g70BFgStEXb)9.jpg;https://ei.phncdn.com/videos/202503/24/466225395/original/(m=eaf8GgaaaWavb)(mh=paNL4g70BFgStEXb)10.jpg;https://ei.phncdn.com/videos/202503/24/466225395/original/(m=eaf8GgaaaWavb)(mh=paNL4g70BFgStEXb)11.jpg;https://ei.phncdn.com/videos/202503/24/466225395/original/(m=eaf8GgaaaWavb)(mh=paNL4g70BFgStEXb)12.jpg;https://ei.phncdn.com/videos/202503/24/466225395/original/(m=eaf8GgaaaWavb)(mh=paNL4g70BFgStEXb)13.jpg;https://ei.phncdn.com/videos/202503/24/466225395/original/(m=eaf8GgaaaWavb)(mh=paNL4g70BFgStEXb)14.jpg;https://ei.phncdn.com/videos/202503/24/466225395/original/(m=eaf8GgaaaWavb)(mh=paNL4g70BFgStEXb)15.jpg;https://ei.phncdn.com/videos/202503/24/466225395/original/(m=eaf8GgaaaWavb)(mh=paNL4g70BFgStEXb)16.jpg|Tuve que follar a mi Hot hermanastra morena por última vez|mirari-hub;mia-piper|Korean;Exclusive;Verified Amateurs;Solo Female;Vertical Video||95|4416|79|1|https://ei.phncdn.com/videos/202503/24/466225395/original/(m=eaAaGwObaaamqv)(mh=GPv51vF_jD0d88B9)9.jpg|https://ei.phncdn.com/videos/202503/24/466225395/original/(m=eaAaGwObaaamqv)(mh=GPv51vF_jD0d88B9)1.jpg;https://ei.phncdn.com/videos/202503/24/466225395/original/(m=eaAaGwObaaamqv)(mh=GPv51vF_jD0d88B9)2.jpg;https://ei.phncdn.com/videos/202503/24/466225395/original/(m=eaAaGwObaaamqv)(mh=GPv51vF_jD0d88B9)3.jpg;https://ei.phncdn.com/videos/202503/24/466225395/original/(m=eaAaGwObaaamqv)(mh=GPv51vF_jD0d88B9)4.jpg;https://ei.phncdn.com/videos/202503/24/466225395/original/(m=eaAaGwObaaamqv)(mh=GPv51vF_jD0d88B9)5.jpg;https://ei.phncdn.com/videos/202503/24/466225395/original/(m=eaAaGwObaaamqv)(mh=GPv51vF_jD0d88B9)6.jpg;https://ei.phncdn.com/videos/202503/24/466225395/original/(m=eaAaGwObaaamqv)(mh=GPv51vF_jD0d88B9)7.jpg;https://ei.phncdn.com/videos/202503/24/466225395/original/(m=eaAaGwObaaamqv)(mh=GPv51vF_jD0d88B9)8.jpg;https://ei.phncdn.com/videos/202503/24/466225395/original/(m=eaAaGwObaaamqv)(mh=GPv51vF_jD0d88B9)9.jpg;https://ei.phncdn.com/videos/202503/24/466225395/original/(m=eaAaGwObaaamqv)(mh=GPv51vF_jD0d88B9)10.jpg;https://ei.phncdn.com/videos/202503/24/466225395/original/(m=eaAaGwObaaamqv)(mh=GPv51vF_jD0d88B9)11.jpg;https://ei.phncdn.com/videos/202503/24/466225395/original/(m=eaAaGwObaaamqv)(mh=GPv51vF_jD0d88B9)12.jpg;https://ei.phncdn.com/videos/202503/24/466225395/original/(m=eaAaGwObaaamqv)(mh=GPv51vF_jD0d88B9)13.jpg;https://ei.phncdn.com/videos/202503/24/466225395/original/(m=eaAaGwObaaamqv)(mh=GPv51vF_jD0d88B9)14.jpg;https://ei.phncdn.com/videos/202503/24/466225395/original/(m=eaAaGwObaaamqv)(mh=GPv51vF_jD0d88B9)15.jpg;https://ei.phncdn.com/videos/202503/24/466225395/original/(m=eaAaGwObaaamqv)(mh=GPv51vF_jD0d88B9)16.jpg
<iframe src="https://www.pornhub.com/embed/68d0f3c421b7f" frameborder="0" height="481" width="608" scrolling="no"></iframe>|https://ei.phncdn.com/videos/202509/22/23545055/original/(m=eaf8GgaaaWavb)(mh=8EM2Lkzik9mWsYli)12.jpg|https://ei.phncdn.com/videos/202509/22/23545055/original/(m=eaf8GgaaaWavb)(mh=8EM2Lkzik9mWsYli)1.jpg;https://ei.phncdn.com/videos/202509/22/23545055/original/(m=eaf8GgaaaWavb)(mh=8EM2Lkzik9mWsYli)2.jpg;https://ei.phncdn.com/videos/202509/22/23545055/original/(m=eaf8GgaaaWavb)(mh=8EM2Lkzik9mWsYli)3.jpg;https://ei.phncdn.com/videos/202509/22/23545055/original/(m=eaf8GgaaaWavb)(mh=8EM2Lkzik9mWsYli)4.jpg;https://ei.phncdn.com/videos/202509/22/23545055/original/(m=eaf8GgaaaWavb)(mh=8EM2Lkzik9mWsYli)5.jpg;https://ei.phncdn.com/videos/202509/22/23545055/original/(m=eaf8GgaaaWavb)(mh=8EM2Lkzik9mWsYli)6.jpg;https://ei.phncdn.com/videos/202509/22/23545055/original/(m=eaf8GgaaaWavb)(mh=8EM2Lkzik9mWsYli)7.jpg;https://ei.phncdn.com/videos/202509/22/23545055/original/(m=eaf8GgaaaWavb)(mh=8EM2Lkzik9mWsYli)8.jpg;https://ei.phncdn.com/videos/202509/22/23545055/original/(m=eaf8GgaaaWavb)(mh=8EM2Lkzik9mWsYli)9.jpg;https://ei.phncdn.com/videos/202509/22/23545055/original/(m=eaf8GgaaaWavb)(mh=8EM2Lkzik9mWsYli)10.jpg;https://ei.phncdn.com/videos/202509/22/23545055/original/(m=eaf8GgaaaWavb)(mh=8EM2Lkzik9mWsYli)11.jpg;https://ei.phncdn.com/videos/202509/22/23545055/original/(m=eaf8GgaaaWavb)(mh=8EM2Lkzik9mWsYli)12.jpg;https://ei.phncdn.com/videos/202509/22/23545055/original/(m=eaf8GgaaaWavb)(mh=8EM2Lkzik9mWsYli)13.jpg;https://ei.phncdn.com/videos/202509/22/23545055/original/(m=eaf8GgaaaWavb)(mh=8EM2Lkzik9mWsYli)14.jpg;https://ei.phncdn.com/videos/202509/22/23545055/original/(m=eaf8GgaaaWavb)(mh=8EM2Lkzik9mWsYli)15.jpg;https://ei.phncdn.com/videos/202509/22/23545055/original/(m=eaf8GgaaaWavb)(mh=8EM2Lkzik9mWsYli)16.jpg|test video qa|tesla;test|Korean;Japanese;Exclusive;Verified Amateurs||12|18|||https://ei.phncdn.com/videos/202509/22/23545055/original/(m=eaAaGwObaaamqv)(mh=qC4PQSBpXRwNmSX0)12.jpg|https://ei.phncdn.com/videos/202509/22/23545055/original/(m=eaAaGwObaaamqv)(mh=qC4PQSBpXRwNmSX0)1.jpg;https://ei.phncdn.com/videos/202509/22/23545055/original/(m=eaAaGwObaaamqv)(mh=qC4PQSBpXRwNmSX0)2.jpg;https://ei.phncdn.com/videos/202509/22/23545055/original/(m=eaAaGwObaaamqv)(mh=qC4PQSBpXRwNmSX0)3.jpg;https://ei.phncdn.com/videos/202509/22/23545055/original/(m=eaAaGwObaaamqv)(mh=qC4PQSBpXRwNmSX0)4.jpg;https://ei.phncdn.com/videos/202509/22/23545055/original/(m=eaAaGwObaaamqv)(mh=qC4PQSBpXRwNmSX0)5.jpg;https://ei.phncdn.com/videos/202509/22/23545055/original/(m=eaAaGwObaaamqv)(mh=qC4PQSBpXRwNmSX0)6.jpg;https://ei.phncdn.com/videos/202509/22/23545055/original/(m=eaAaGwObaaamqv)(mh=qC4PQSBpXRwNmSX0)7.jpg;https://ei.phncdn.com/videos/202509/22/23545055/original/(m=eaAaGwObaaamqv)(mh=qC4PQSBpXRwNmSX0)8.jpg;https://ei.phncdn.com/videos/202509/22/23545055/original/(m=eaAaGwObaaamqv)(mh=qC4PQSBpXRwNmSX0)9.jpg;https://ei.phncdn.com/videos/202509/22/23545055/original/(m=eaAaGwObaaamqv)(mh=qC4PQSBpXRwNmSX0)10.jpg;https://ei.phncdn.com/videos/202509/22/23545055/original/(m=eaAaGwObaaamqv)(mh=qC4PQSBpXRwNmSX0)11.jpg;https://ei.phncdn.com/videos/202509/22/23545055/original/(m=eaAaGwObaaamqv)(mh=qC4PQSBpXRwNmSX0)12.jpg;https://ei.phncdn.com/videos/202509/22/23545055/original/(m=eaAaGwObaaamqv)(mh=qC4PQSBpXRwNmSX0)13.jpg;https://ei.phncdn.com/videos/202509/22/23545055/original/(m=eaAaGwObaaamqv)(mh=qC4PQSBpXRwNmSX0)14.jpg;https://ei.phncdn.com/videos/202509/22/23545055/original/(m=eaAaGwObaaamqv)(mh=qC4PQSBpXRwNmSX0)15.jpg;https://ei.phncdn.com/videos/202509/22/23545055/original/(m=eaAaGwObaaamqv)(mh=qC4PQSBpXRwNmSX0)16.jpg
<iframe src="https://www.pornhub.com/embed/69851f5a5a50b" frameborder="0" height="481" width="608" scrolling="no"></iframe>|https://ei.phncdn.com/videos/202602/05/38485495/original/(m=eaf8GgaaaWavb)(mh=DdTNL-I5tTdmpOUc)12.jpg|https://ei.phncdn.com/videos/202602/05/38485495/original/(m=eaf8GgaaaWavb)(mh=DdTNL-I5tTdmpOUc)1.jpg;https://ei.phncdn.com/videos/202602/05/38485495/original/(m=eaf8GgaaaWavb)(mh=DdTNL-I5tTdmpOUc)2.jpg;https://ei.phncdn.com/videos/202602/05/38485495/original/(m=eaf8GgaaaWavb)(mh=DdTNL-I5tTdmpOUc)3.jpg;https://ei.phncdn.com/videos/202602/05/38485495/original/(m=eaf8GgaaaWavb)(mh=DdTNL-I5tTdmpOUc)4.jpg;https://ei.phncdn.com/videos/202602/05/38485495/original/(m=eaf8GgaaaWavb)(mh=DdTNL-I5tTdmpOUc)5.jpg;https://ei.phncdn.com/videos/202602/05/38485495/original/(m=eaf8GgaaaWavb)(mh=DdTNL-I5tTdmpOUc)6.jpg;https://ei.phncdn.com/videos/202602/05/38485495/original/(m=eaf8GgaaaWavb)(mh=DdTNL-I5tTdmpOUc)7.jpg;https://ei.phncdn.com/videos/202602/05/38485495/original/(m=eaf8GgaaaWavb)(mh=DdTNL-I5tTdmpOUc)8.jpg;https://ei.phncdn.com/videos/202602/05/38485495/original/(m=eaf8GgaaaWavb)(mh=DdTNL-I5tTdmpOUc)9.jpg;https://ei.phncdn.com/videos/202602/05/38485495/original/(m=eaf8GgaaaWavb)(mh=DdTNL-I5tTdmpOUc)10.jpg;https://ei.phncdn.com/videos/202602/05/38485495/original/(m=eaf8GgaaaWavb)(mh=DdTNL-I5tTdmpOUc)11.jpg;https://ei.phncdn.com/videos/202602/05/38485495/original/(m=eaf8GgaaaWavb)(mh=DdTNL-I5tTdmpOUc)12.jpg;https://ei.phncdn.com/videos/202602/05/38485495/original/(m=eaf8GgaaaWavb)(mh=DdTNL-I5tTdmpOUc)13.jpg;https://ei.phncdn.com/videos/202602/05/38485495/original/(m=eaf8GgaaaWavb)(mh=DdTNL-I5tTdmpOUc)14.jpg;https://ei.phncdn.com/videos/202602/05/38485495/original/(m=eaf8GgaaaWavb)(mh=DdTNL-I5tTdmpOUc)15.jpg;https://ei.phncdn.com/videos/202602/05/38485495/original/(m=eaf8GgaaaWavb)(mh=DdTNL-I5tTdmpOUc)16.jpg|Nefer - Genshin Impact - BDSM Slave|anime-hentai;hentai;bdsm-bondage;chastity-belt;female-chastity;shibari;bdsm-collar;metal-bondage|Korean;Japanese;Verified Amateurs;Solo Female||327|4175|4|3|https://ei.phncdn.com/videos/202602/05/38485495/original/(m=eaAaGwObaaamqv)(mh=HsF5_tzHemfimzAM)12.jpg|https://ei.phncdn.com/videos/202602/05/38485495/original/(m=eaAaGwObaaamqv)(mh=HsF5_tzHemfimzAM)1.jpg;https://ei.phncdn.com/videos/202602/05/38485495/original/(m=eaAaGwObaaamqv)(mh=HsF5_tzHemfimzAM)2.jpg;https://ei.phncdn.com/videos/202602/05/38485495/original/(m=eaAaGwObaaamqv)(mh=HsF5_tzHemfimzAM)3.jpg;https://ei.phncdn.com/videos/202602/05/38485495/original/(m=eaAaGwObaaamqv)(mh=HsF5_tzHemfimzAM)4.jpg;https://ei.phncdn.com/videos/202602/05/38485495/original/(m=eaAaGwObaaamqv)(mh=HsF5_tzHemfimzAM)5.jpg;https://ei.phncdn.com/videos/202602/05/38485495/original/(m=eaAaGwObaaamqv)(mh=HsF5_tzHemfimzAM)6.jpg;https://ei.phncdn.com/videos/202602/05/38485495/original/(m=eaAaGwObaaamqv)(mh=HsF5_tzHemfimzAM)7.jpg;https://ei.phncdn.com/videos/202602/05/38485495/original/(m=eaAaGwObaaamqv)(mh=HsF5_tzHemfimzAM)8.jpg;https://ei.phncdn.com/videos/202602/05/38485495/original/(m=eaAaGwObaaamqv)(mh=HsF5_tzHemfimzAM)9.jpg;https://ei.phncdn.com/videos/202602/05/38485495/original/(m=eaAaGwObaaamqv)(mh=HsF5_tzHemfimzAM)10.jpg;https://ei.phncdn.com/videos/202602/05/38485495/original/(m=eaAaGwObaaamqv)(mh=HsF5_tzHemfimzAM)11.jpg;https://ei.phncdn.com/videos/202602/05/38485495/original/(m=eaAaGwObaaamqv)(mh=HsF5_tzHemfimzAM)12.jpg;https://ei.phncdn.com/videos/202602/05/38485495/original/(m=eaAaGwObaaamqv)(mh=HsF5_tzHemfimzAM)13.jpg;https://ei.phncdn.com/videos/202602/05/38485495/original/(m=eaAaGwObaaamqv)(mh=HsF5_tzHemfimzAM)14.jpg;https://ei.phncdn.com/videos/202602/05/38485495/original/(m=eaAaGwObaaamqv)(mh=HsF5_tzHemfimzAM)15.jpg;https://ei.phncdn.com/videos/202602/05/38485495/original/(m=eaAaGwObaaamqv)(mh=HsF5_tzHemfimzAM)16.jpg
<iframe src="https://www.pornhub.com/embed/69b885d40593f" frameborder="0" height="481" width="608" scrolling="no"></iframe>|https://ei.phncdn.com/videos/202603/16/42240425/original/(m=eaf8GgaaaWavb)(mh=DGyZSSMmxURPYO5Q)12.jpg|https://ei.phncdn.com/videos/202603/16/42240425/original/(m=eaf8GgaaaWavb)(mh=DGyZSSMmxURPYO5Q)1.jpg;https://ei.phncdn.com/videos/202603/16/42240425/original/(m=eaf8GgaaaWavb)(mh=DGyZSSMmxURPYO5Q)2.jpg;https://ei.phncdn.com/videos/202603/16/42240425/original/(m=eaf8GgaaaWavb)(mh=DGyZSSMmxURPYO5Q)3.jpg;https://ei.phncdn.com/videos/202603/16/42240425/original/(m=eaf8GgaaaWavb)(mh=DGyZSSMmxURPYO5Q)4.jpg;https://ei.phncdn.com/videos/202603/16/42240425/original/(m=eaf8GgaaaWavb)(mh=DGyZSSMmxURPYO5Q)5.jpg;https://ei.phncdn.com/videos/202603/16/42240425/original/(m=eaf8GgaaaWavb)(mh=DGyZSSMmxURPYO5Q)6.jpg;https://ei.phncdn.com/videos/202603/16/42240425/original/(m=eaf8GgaaaWavb)(mh=DGyZSSMmxURPYO5Q)7.jpg;https://ei.phncdn.com/videos/202603/16/42240425/original/(m=eaf8GgaaaWavb)(mh=DGyZSSMmxURPYO5Q)8.jpg;https://ei.phncdn.com/videos/202603/16/42240425/original/(m=eaf8GgaaaWavb)(mh=DGyZSSMmxURPYO5Q)9.jpg;https://ei.phncdn.com/videos/202603/16/42240425/original/(m=eaf8GgaaaWavb)(mh=DGyZSSMmxURPYO5Q)10.jpg;https://ei.phncdn.com/videos/202603/16/42240425/original/(m=eaf8GgaaaWavb)(mh=DGyZSSMmxURPYO5Q)11.jpg;https://ei.phncdn.com/videos/202603/16/42240425/original/(m=eaf8GgaaaWavb)(mh=DGyZSSMmxURPYO5Q)12.jpg;https://ei.phncdn.com/videos/202603/16/42240425/original/(m=eaf8GgaaaWavb)(mh=DGyZSSMmxURPYO5Q)13.jpg;https://ei.phncdn.com/videos/202603/16/42240425/original/(m=eaf8GgaaaWavb)(mh=DGyZSSMmxURPYO5Q)14.jpg;https://ei.phncdn.com/videos/202603/16/42240425/original/(m=eaf8GgaaaWavb)(mh=DGyZSSMmxURPYO5Q)15.jpg;https://ei.phncdn.com/videos/202603/16/42240425/original/(m=eaf8GgaaaWavb)(mh=DGyZSSMmxURPYO5Q)16.jpg|You get in a fight with your girlfriend, so she gives out free blowjobs at your friends party|cuckold;party;blowjob;boobs;missionary;reverse-cowgirl;asian|Korean;Verified Amateurs;Cuckold||19|9828|217|55|https://ei.phncdn.com/videos/202603/16/42240425/original/(m=eaAaGwObaaamqv)(mh=SmBi0zMQLvYqFdov)12.jpg|https://ei.phncdn.com/videos/202603/16/42240425/original/(m=eaAaGwObaaamqv)(mh=SmBi0zMQLvYqFdov)1.jpg;https://ei.phncdn.com/videos/202603/16/42240425/original/(m=eaAaGwObaaamqv)(mh=SmBi0zMQLvYqFdov)2.jpg;https://ei.phncdn.com/videos/202603/16/42240425/original/(m=eaAaGwObaaamqv)(mh=SmBi0zMQLvYqFdov)3.jpg;https://ei.phncdn.com/videos/202603/16/42240425/original/(m=eaAaGwObaaamqv)(mh=SmBi0zMQLvYqFdov)4.jpg;https://ei.phncdn.com/videos/202603/16/42240425/original/(m=eaAaGwObaaamqv)(mh=SmBi0zMQLvYqFdov)5.jpg;https://ei.phncdn.com/videos/202603/16/42240425/original/(m=eaAaGwObaaamqv)(mh=SmBi0zMQLvYqFdov)6.jpg;https://ei.phncdn.com/videos/202603/16/42240425/original/(m=eaAaGwObaaamqv)(mh=SmBi0zMQLvYqFdov)7.jpg;https://ei.phncdn.com/videos/202603/16/42240425/original/(m=eaAaGwObaaamqv)(mh=SmBi0zMQLvYqFdov)8.jpg;https://ei.phncdn.com/videos/202603/16/42240425/original/(m=eaAaGwObaaamqv)(mh=SmBi0zMQLvYqFdov)9.jpg;https://ei.phncdn.com/videos/202603/16/42240425/original/(m=eaAaGwObaaamqv)(mh=SmBi0zMQLvYqFdov)10.jpg;https://ei.phncdn.com/videos/202603/16/42240425/original/(m=eaAaGwObaaamqv)(mh=SmBi0zMQLvYqFdov)11.jpg;https://ei.phncdn.com/videos/202603/16/42240425/original/(m=eaAaGwObaaamqv)(mh=SmBi0zMQLvYqFdov)12.jpg;https://ei.phncdn.com/videos/202603/16/42240425/original/(m=eaAaGwObaaamqv)(mh=SmBi0zMQLvYqFdov)13.jpg;https://ei.phncdn.com/videos/202603/16/42240425/original/(m=eaAaGwObaaamqv)(mh=SmBi0zMQLvYqFdov)14.jpg;https://ei.phncdn.com/videos/202603/16/42240425/original/(m=eaAaGwObaaamqv)(mh=SmBi0zMQLvYqFdov)15.jpg;https://ei.phncdn.com/videos/202603/16/42240425/original/(m=eaAaGwObaaamqv)(mh=SmBi0zMQLvYqFdov)16.jpg
<iframe src="https://www.pornhub.com/embed/69b885d4055f6" frameborder="0" height="481" width="608" scrolling="no"></iframe>|https://ei.phncdn.com/videos/202603/16/42240415/original/(m=eaf8GgaaaWavb)(mh=9S3PbDXsjcKqgzta)12.jpg|https://ei.phncdn.com/videos/202603/16/42240415/original/(m=eaf8GgaaaWavb)(mh=9S3PbDXsjcKqgzta)1.jpg;https://ei.phncdn.com/videos/202603/16/42240415/original/(m=eaf8GgaaaWavb)(mh=9S3PbDXsjcKqgzta)2.jpg;https://ei.phncdn.com/videos/202603/16/42240415/original/(m=eaf8GgaaaWavb)(mh=9S3PbDXsjcKqgzta)3.jpg;https://ei.phncdn.com/videos/202603/16/42240415/original/(m=eaf8GgaaaWavb)(mh=9S3PbDXsjcKqgzta)4.jpg;https://ei.phncdn.com/videos/202603/16/42240415/original/(m=eaf8GgaaaWavb)(mh=9S3PbDXsjcKqgzta)5.jpg;https://ei.phncdn.com/videos/202603/16/42240415/original/(m=eaf8GgaaaWavb)(mh=9S3PbDXsjcKqgzta)6.jpg;https://ei.phncdn.com/videos/202603/16/42240415/original/(m=eaf8GgaaaWavb)(mh=9S3PbDXsjcKqgzta)7.jpg;https://ei.phncdn.com/videos/202603/16/42240415/original/(m=eaf8GgaaaWavb)(mh=9S3PbDXsjcKqgzta)8.jpg;https://ei.phncdn.com/videos/202603/16/42240415/original/(m=eaf8GgaaaWavb)(mh=9S3PbDXsjcKqgzta)9.jpg;https://ei.phncdn.com/videos/202603/16/42240415/original/(m=eaf8GgaaaWavb)(mh=9S3PbDXsjcKqgzta)10.jpg;https://ei.phncdn.com/videos/202603/16/42240415/original/(m=eaf8GgaaaWavb)(mh=9S3PbDXsjcKqgzta)11.jpg;https://ei.phncdn.com/videos/202603/16/42240415/original/(m=eaf8GgaaaWavb)(mh=9S3PbDXsjcKqgzta)12.jpg;https://ei.phncdn.com/videos/202603/16/42240415/original/(m=eaf8GgaaaWavb)(mh=9S3PbDXsjcKqgzta)13.jpg;https://ei.phncdn.com/videos/202603/16/42240415/original/(m=eaf8GgaaaWavb)(mh=9S3PbDXsjcKqgzta)14.jpg;https://ei.phncdn.com/videos/202603/16/42240415/original/(m=eaf8GgaaaWavb)(mh=9S3PbDXsjcKqgzta)15.jpg;https://ei.phncdn.com/videos/202603/16/42240415/original/(m=eaf8GgaaaWavb)(mh=9S3PbDXsjcKqgzta)16.jpg|Your older brother fucks your crush before you do|cheerleader;skirt;blowjob;hair-pulling;riding;asian|Korean;Verified Amateurs;Cuckold||22|5986|311|49|https://ei.phncdn.com/videos/202603/16/42240415/original/(m=eaAaGwObaaamqv)(mh=8CD7T4qK2X01BDaF)12.jpg|https://ei.phncdn.com/videos/202603/16/42240415/original/(m=eaAaGwObaaamqv)(mh=8CD7T4qK2X01BDaF)1.jpg;https://ei.phncdn.com/videos/202603/16/42240415/original/(m=eaAaGwObaaamqv)(mh=8CD7T4qK2X01BDaF)2.jpg;https://ei.phncdn.com/videos/202603/16/42240415/original/(m=eaAaGwObaaamqv)(mh=8CD7T4qK2X01BDaF)3.jpg;https://ei.phncdn.com/videos/202603/16/42240415/original/(m=eaAaGwObaaamqv)(mh=8CD7T4qK2X01BDaF)4.jpg;https://ei.phncdn.com/videos/202603/16/42240415/original/(m=eaAaGwObaaamqv)(mh=8CD7T4qK2X01BDaF)5.jpg;https://ei.phncdn.com/videos/202603/16/42240415/original/(m=eaAaGwObaaamqv)(mh=8CD7T4qK2X01BDaF)6.jpg;https://ei.phncdn.com/videos/202603/16/42240415/original/(m=eaAaGwObaaamqv)(mh=8CD7T4qK2X01BDaF)7.jpg;https://ei.phncdn.com/videos/202603/16/42240415/original/(m=eaAaGwObaaamqv)(mh=8CD7T4qK2X01BDaF)8.jpg;https://ei.phncdn.com/videos/202603/16/42240415/original/(m=eaAaGwObaaamqv)(mh=8CD7T4qK2X01BDaF)9.jpg;https://ei.phncdn.com/videos/202603/16/42240415/original/(m=eaAaGwObaaamqv)(mh=8CD7T4qK2X01BDaF)10.jpg;https://ei.phncdn.com/videos/202603/16/42240415/original/(m=eaAaGwObaaamqv)(mh=8CD7T4qK2X01BDaF)11.jpg;https://ei.phncdn.com/videos/202603/16/42240415/original/(m=eaAaGwObaaamqv)(mh=8CD7T4qK2X01BDaF)12.jpg;https://ei.phncdn.com/videos/202603/16/42240415/original/(m=eaAaGwObaaamqv)(mh=8CD7T4qK2X01BDaF)13.jpg;https://ei.phncdn.com/videos/202603/16/42240415/original/(m=eaAaGwObaaamqv)(mh=8CD7T4qK2X01BDaF)14.jpg;https://ei.phncdn.com/videos/202603/16/42240415/original/(m=eaAaGwObaaamqv)(mh=8CD7T4qK2X01BDaF)15.jpg;https://ei.phncdn.com/videos/202603/16/42240415/original/(m=eaAaGwObaaamqv)(mh=8CD7T4qK2X01BDaF)16.jpg
<iframe src="https://www.pornhub.com/embed/69b885d40d4ba" frameborder="0" height="481" width="608" scrolling="no"></iframe>|https://ei.phncdn.com/videos/202603/16/42240435/original/(m=eaf8GgaaaWavb)(mh=aEN8fMyn0nx8GXNN)12.jpg|https://ei.phncdn.com/videos/202603/16/42240435/original/(m=eaf8GgaaaWavb)(mh=aEN8fMyn0nx8GXNN)1.jpg;https://ei.phncdn.com/videos/202603/16/42240435/original/(m=eaf8GgaaaWavb)(mh=aEN8fMyn0nx8GXNN)2.jpg;https://ei.phncdn.com/videos/202603/16/42240435/original/(m=eaf8GgaaaWavb)(mh=aEN8fMyn0nx8GXNN)3.jpg;https://ei.phncdn.com/videos/202603/16/42240435/original/(m=eaf8GgaaaWavb)(mh=aEN8fMyn0nx8GXNN)4.jpg;https://ei.phncdn.com/videos/202603/16/42240435/original/(m=eaf8GgaaaWavb)(mh=aEN8fMyn0nx8GXNN)5.jpg;https://ei.phncdn.com/videos/202603/16/42240435/original/(m=eaf8GgaaaWavb)(mh=aEN8fMyn0nx8GXNN)6.jpg;https://ei.phncdn.com/videos/202603/16/42240435/original/(m=eaf8GgaaaWavb)(mh=aEN8fMyn0nx8GXNN)7.jpg;https://ei.phncdn.com/videos/202603/16/42240435/original/(m=eaf8GgaaaWavb)(mh=aEN8fMyn0nx8GXNN)8.jpg;https://ei.phncdn.com/videos/202603/16/42240435/original/(m=eaf8GgaaaWavb)(mh=aEN8fMyn0nx8GXNN)9.jpg;https://ei.phncdn.com/videos/202603/16/42240435/original/(m=eaf8GgaaaWavb)(mh=aEN8fMyn0nx8GXNN)10.jpg;https://ei.phncdn.com/videos/202603/16/42240435/original/(m=eaf8GgaaaWavb)(mh=aEN8fMyn0nx8GXNN)11.jpg;https://ei.phncdn.com/videos/202603/16/42240435/original/(m=eaf8GgaaaWavb)(mh=aEN8fMyn0nx8GXNN)12.jpg;https://ei.phncdn.com/videos/202603/16/42240435/original/(m=eaf8GgaaaWavb)(mh=aEN8fMyn0nx8GXNN)13.jpg;https://ei.phncdn.com/videos/202603/16/42240435/original/(m=eaf8GgaaaWavb)(mh=aEN8fMyn0nx8GXNN)14.jpg;https://ei.phncdn.com/videos/202603/16/42240435/original/(m=eaf8GgaaaWavb)(mh=aEN8fMyn0nx8GXNN)15.jpg;https://ei.phncdn.com/videos/202603/16/42240435/original/(m=eaf8GgaaaWavb)(mh=aEN8fMyn0nx8GXNN)16.jpg|Your older brother fucks your crush to teach you about game|group-chat;cheerleader;skirt;blowjob;boobs;asian|Korean;Verified Amateurs;Cuckold||22|1639|74|11|https://ei.phncdn.com/videos/202603/16/42240435/original/(m=eaAaGwObaaamqv)(mh=42a8PopmUeoizt0u)12.jpg|https://ei.phncdn.com/videos/202603/16/42240435/original/(m=eaAaGwObaaamqv)(mh=42a8PopmUeoizt0u)1.jpg;https://ei.phncdn.com/videos/202603/16/42240435/original/(m=eaAaGwObaaamqv)(mh=42a8PopmUeoizt0u)2.jpg;https://ei.phncdn.com/videos/202603/16/42240435/original/(m=eaAaGwObaaamqv)(mh=42a8PopmUeoizt0u)3.jpg;https://ei.phncdn.com/videos/202603/16/42240435/original/(m=eaAaGwObaaamqv)(mh=42a8PopmUeoizt0u)4.jpg;https://ei.phncdn.com/videos/202603/16/42240435/original/(m=eaAaGwObaaamqv)(mh=42a8PopmUeoizt0u)5.jpg;https://ei.phncdn.com/videos/202603/16/42240435/original/(m=eaAaGwObaaamqv)(mh=42a8PopmUeoizt0u)6.jpg;https://ei.phncdn.com/videos/202603/16/42240435/original/(m=eaAaGwObaaamqv)(mh=42a8PopmUeoizt0u)7.jpg;https://ei.phncdn.com/videos/202603/16/42240435/original/(m=eaAaGwObaaamqv)(mh=42a8PopmUeoizt0u)8.jpg;https://ei.phncdn.com/videos/202603/16/42240435/original/(m=eaAaGwObaaamqv)(mh=42a8PopmUeoizt0u)9.jpg;https://ei.phncdn.com/videos/202603/16/42240435/original/(m=eaAaGwObaaamqv)(mh=42a8PopmUeoizt0u)10.jpg;https://ei.phncdn.com/videos/202603/16/42240435/original/(m=eaAaGwObaaamqv)(mh=42a8PopmUeoizt0u)11.jpg;https://ei.phncdn.com/videos/202603/16/42240435/original/(m=eaAaGwObaaamqv)(mh=42a8PopmUeoizt0u)12.jpg;https://ei.phncdn.com/videos/202603/16/42240435/original/(m=eaAaGwObaaamqv)(mh=42a8PopmUeoizt0u)13.jpg;https://ei.phncdn.com/videos/202603/16/42240435/original/(m=eaAaGwObaaamqv)(mh=42a8PopmUeoizt0u)14.jpg;https://ei.phncdn.com/videos/202603/16/42240435/original/(m=eaAaGwObaaamqv)(mh=42a8PopmUeoizt0u)15.jpg;https://ei.phncdn.com/videos/202603/16/42240435/original/(m=eaAaGwObaaamqv)(mh=42a8PopmUeoizt0u)16.jpg
<iframe src="https://www.pornhub.com/embed/69b885d414a3c" frameborder="0" height="481" width="608" scrolling="no"></iframe>|https://ei.phncdn.com/videos/202603/16/42240445/original/(m=eaf8GgaaaWavb)(mh=cG2GAFuH3ORvh_Jf)12.jpg|https://ei.phncdn.com/videos/202603/16/42240445/original/(m=eaf8GgaaaWavb)(mh=cG2GAFuH3ORvh_Jf)1.jpg;https://ei.phncdn.com/videos/202603/16/42240445/original/(m=eaf8GgaaaWavb)(mh=cG2GAFuH3ORvh_Jf)2.jpg;https://ei.phncdn.com/videos/202603/16/42240445/original/(m=eaf8GgaaaWavb)(mh=cG2GAFuH3ORvh_Jf)3.jpg;https://ei.phncdn.com/videos/202603/16/42240445/original/(m=eaf8GgaaaWavb)(mh=cG2GAFuH3ORvh_Jf)4.jpg;https://ei.phncdn.com/videos/202603/16/42240445/original/(m=eaf8GgaaaWavb)(mh=cG2GAFuH3ORvh_Jf)5.jpg;https://ei.phncdn.com/videos/202603/16/42240445/original/(m=eaf8GgaaaWavb)(mh=cG2GAFuH3ORvh_Jf)6.jpg;https://ei.phncdn.com/videos/202603/16/42240445/original/(m=eaf8GgaaaWavb)(mh=cG2GAFuH3ORvh_Jf)7.jpg;https://ei.phncdn.com/videos/202603/16/42240445/original/(m=eaf8GgaaaWavb)(mh=cG2GAFuH3ORvh_Jf)8.jpg;https://ei.phncdn.com/videos/202603/16/42240445/original/(m=eaf8GgaaaWavb)(mh=cG2GAFuH3ORvh_Jf)9.jpg;https://ei.phncdn.com/videos/202603/16/42240445/original/(m=eaf8GgaaaWavb)(mh=cG2GAFuH3ORvh_Jf)10.jpg;https://ei.phncdn.com/videos/202603/16/42240445/original/(m=eaf8GgaaaWavb)(mh=cG2GAFuH3ORvh_Jf)11.jpg;https://ei.phncdn.com/videos/202603/16/42240445/original/(m=eaf8GgaaaWavb)(mh=cG2GAFuH3ORvh_Jf)12.jpg;https://ei.phncdn.com/videos/202603/16/42240445/original/(m=eaf8GgaaaWavb)(mh=cG2GAFuH3ORvh_Jf)13.jpg;https://ei.phncdn.com/videos/202603/16/42240445/original/(m=eaf8GgaaaWavb)(mh=cG2GAFuH3ORvh_Jf)14.jpg;https://ei.phncdn.com/videos/202603/16/42240445/original/(m=eaf8GgaaaWavb)(mh=cG2GAFuH3ORvh_Jf)15.jpg;https://ei.phncdn.com/videos/202603/16/42240445/original/(m=eaf8GgaaaWavb)(mh=cG2GAFuH3ORvh_Jf)16.jpg|Your friends dared your girlfriend into sucking off the plumber|cuckold;blowjob;red-underwear;doggy-style;asian|Korean;Verified Amateurs;Cuckold||16|5492|6|0|https://ei.phncdn.com/videos/202603/16/42240445/original/(m=eaAaGwObaaamqv)(mh=p_ixCjdeeMPpzM2k)12.jpg|https://ei.phncdn.com/videos/202603/16/42240445/original/(m=eaAaGwObaaamqv)(mh=p_ixCjdeeMPpzM2k)1.jpg;https://ei.phncdn.com/videos/202603/16/42240445/original/(m=eaAaGwObaaamqv)(mh=p_ixCjdeeMPpzM2k)2.jpg;https://ei.phncdn.com/videos/202603/16/42240445/original/(m=eaAaGwObaaamqv)(mh=p_ixCjdeeMPpzM2k)3.jpg;https://ei.phncdn.com/videos/202603/16/42240445/original/(m=eaAaGwObaaamqv)(mh=p_ixCjdeeMPpzM2k)4.jpg;https://ei.phncdn.com/videos/202603/16/42240445/original/(m=eaAaGwObaaamqv)(mh=p_ixCjdeeMPpzM2k)5.jpg;https://ei.phncdn.com/videos/202603/16/42240445/original/(m=eaAaGwObaaamqv)(mh=p_ixCjdeeMPpzM2k)6.jpg;https://ei.phncdn.com/videos/202603/16/42240445/original/(m=eaAaGwObaaamqv)(mh=p_ixCjdeeMPpzM2k)7.jpg;https://ei.phncdn.com/videos/202603/16/42240445/original/(m=eaAaGwObaaamqv)(mh=p_ixCjdeeMPpzM2k)8.jpg;https://ei.phncdn.com/videos/202603/16/42240445/original/(m=eaAaGwObaaamqv)(mh=p_ixCjdeeMPpzM2k)9.jpg;https://ei.phncdn.com/videos/202603/16/42240445/original/(m=eaAaGwObaaamqv)(mh=p_ixCjdeeMPpzM2k)10.jpg;https://ei.phncdn.com/videos/202603/16/42240445/original/(m=eaAaGwObaaamqv)(mh=p_ixCjdeeMPpzM2k)11.jpg;https://ei.phncdn.com/videos/202603/16/42240445/original/(m=eaAaGwObaaamqv)(mh=p_ixCjdeeMPpzM2k)12.jpg;https://ei.phncdn.com/videos/202603/16/42240445/original/(m=eaAaGwObaaamqv)(mh=p_ixCjdeeMPpzM2k)13.jpg;https://ei.phncdn.com/videos/202603/16/42240445/original/(m=eaAaGwObaaamqv)(mh=p_ixCjdeeMPpzM2k)14.jpg;https://ei.phncdn.com/videos/202603/16/42240445/original/(m=eaAaGwObaaamqv)(mh=p_ixCjdeeMPpzM2k)15.jpg;https://ei.phncdn.com/videos/202603/16/42240445/original/(m=eaAaGwObaaamqv)(mh=p_ixCjdeeMPpzM2k)16.jpg
<iframe src="https://www.pornhub.com/embed/69b9fac9aea69" frameborder="0" height="481" width="608" scrolling="no"></iframe>|https://ei.phncdn.com/videos/202603/18/42378255/original/(m=qVK9070beaf8GgaaaWavb)(mh=EmQs1AJKDfgFAcVZ)0.jpg|https://ei.phncdn.com/videos/202603/18/42378255/original/(m=eaf8GgaaaWavb)(mh=Q7lb_CNfj3UfkF7z)1.jpg;https://ei.phncdn.com/videos/202603/18/42378255/original/(m=eaf8GgaaaWavb)(mh=Q7lb_CNfj3UfkF7z)2.jpg;https://ei.phncdn.com/videos/202603/18/42378255/original/(m=eaf8GgaaaWavb)(mh=Q7lb_CNfj3UfkF7z)3.jpg;https://ei.phncdn.com/videos/202603/18/42378255/original/(m=eaf8GgaaaWavb)(mh=Q7lb_CNfj3UfkF7z)4.jpg;https://ei.phncdn.com/videos/202603/18/42378255/original/(m=eaf8GgaaaWavb)(mh=Q7lb_CNfj3UfkF7z)5.jpg;https://ei.phncdn.com/videos/202603/18/42378255/original/(m=eaf8GgaaaWavb)(mh=Q7lb_CNfj3UfkF7z)6.jpg;https://ei.phncdn.com/videos/202603/18/42378255/original/(m=eaf8GgaaaWavb)(mh=Q7lb_CNfj3UfkF7z)7.jpg;https://ei.phncdn.com/videos/202603/18/42378255/original/(m=eaf8GgaaaWavb)(mh=Q7lb_CNfj3UfkF7z)8.jpg;https://ei.phncdn.com/videos/202603/18/42378255/original/(m=eaf8GgaaaWavb)(mh=Q7lb_CNfj3UfkF7z)9.jpg;https://ei.phncdn.com/videos/202603/18/42378255/original/(m=eaf8GgaaaWavb)(mh=Q7lb_CNfj3UfkF7z)10.jpg;https://ei.phncdn.com/videos/202603/18/42378255/original/(m=eaf8GgaaaWavb)(mh=Q7lb_CNfj3UfkF7z)11.jpg;https://ei.phncdn.com/videos/202603/18/42378255/original/(m=eaf8GgaaaWavb)(mh=Q7lb_CNfj3UfkF7z)12.jpg;https://ei.phncdn.com/videos/202603/18/42378255/original/(m=eaf8GgaaaWavb)(mh=Q7lb_CNfj3UfkF7z)13.jpg;https://ei.phncdn.com/videos/202603/18/42378255/original/(m=eaf8GgaaaWavb)(mh=Q7lb_CNfj3UfkF7z)14.jpg;https://ei.phncdn.com/videos/202603/18/42378255/original/(m=eaf8GgaaaWavb)(mh=Q7lb_CNfj3UfkF7z)15.jpg;https://ei.phncdn.com/videos/202603/18/42378255/original/(m=eaf8GgaaaWavb)(mh=Q7lb_CNfj3UfkF7z)16.jpg|淫魔サキュバスの搾精エッチ|succubus;サキュバス;ハメ撮り;素人;カップル;コスプレ;japanese-杭-打ち-騎乗;騎乗位;正常位;生ハメ;ぶっかけ;japanese-amateur;だいし-ゅき-ホールド;淫魔;cosplay;japanese-couple|Korean;Japanese;Verified Amateurs||328|11919|33|5|https://ei.phncdn.com/videos/202603/18/42378255/original/(m=qVK9070beaAaGwObaaamqv)(mh=GnEgUg06RFQxJg1I)0.jpg|https://ei.phncdn.com/videos/202603/18/42378255/original/(m=eaAaGwObaaamqv)(mh=fUCiIG-SmvWHUXQP)1.jpg;https://ei.phncdn.com/videos/202603/18/42378255/original/(m=eaAaGwObaaamqv)(mh=fUCiIG-SmvWHUXQP)2.jpg;https://ei.phncdn.com/videos/202603/18/42378255/original/(m=eaAaGwObaaamqv)(mh=fUCiIG-SmvWHUXQP)3.jpg;https://ei.phncdn.com/videos/202603/18/42378255/original/(m=eaAaGwObaaamqv)(mh=fUCiIG-SmvWHUXQP)4.jpg;https://ei.phncdn.com/videos/202603/18/42378255/original/(m=eaAaGwObaaamqv)(mh=fUCiIG-SmvWHUXQP)5.jpg;https://ei.phncdn.com/videos/202603/18/42378255/original/(m=eaAaGwObaaamqv)(mh=fUCiIG-SmvWHUXQP)6.jpg;https://ei.phncdn.com/videos/202603/18/42378255/original/(m=eaAaGwObaaamqv)(mh=fUCiIG-SmvWHUXQP)7.jpg;https://ei.phncdn.com/videos/202603/18/42378255/original/(m=eaAaGwObaaamqv)(mh=fUCiIG-SmvWHUXQP)8.jpg;https://ei.phncdn.com/videos/202603/18/42378255/original/(m=eaAaGwObaaamqv)(mh=fUCiIG-SmvWHUXQP)9.jpg;https://ei.phncdn.com/videos/202603/18/42378255/original/(m=eaAaGwObaaamqv)(mh=fUCiIG-SmvWHUXQP)10.jpg;https://ei.phncdn.com/videos/202603/18/42378255/original/(m=eaAaGwObaaamqv)(mh=fUCiIG-SmvWHUXQP)11.jpg;https://ei.phncdn.com/videos/202603/18/42378255/original/(m=eaAaGwObaaamqv)(mh=fUCiIG-SmvWHUXQP)12.jpg;https://ei.phncdn.com/videos/202603/18/42378255/original/(m=eaAaGwObaaamqv)(mh=fUCiIG-SmvWHUXQP)13.jpg;https://ei.phncdn.com/videos/202603/18/42378255/original/(m=eaAaGwObaaamqv)(mh=fUCiIG-SmvWHUXQP)14.jpg;https://ei.phncdn.com/videos/202603/18/42378255/original/(m=eaAaGwObaaamqv)(mh=fUCiIG-SmvWHUXQP)15.jpg;https://ei.phncdn.com/videos/202603/18/42378255/original/(m=eaAaGwObaaamqv)(mh=fUCiIG-SmvWHUXQP)16.jpg
<iframe src="https://www.pornhub.com/embed/69b9fc910a029" frameborder="0" height="481" width="608" scrolling="no"></iframe>|https://ei.phncdn.com/videos/202603/18/42378525/original/(m=q8GG070beaf8GgaaaWavb)(mh=McifSIZim7zWR-Uy)0.jpg|https://ei.phncdn.com/videos/202603/18/42378525/original/(m=eaf8GgaaaWavb)(mh=8If7P18G0sXJCAAU)1.jpg;https://ei.phncdn.com/videos/202603/18/42378525/original/(m=eaf8GgaaaWavb)(mh=8If7P18G0sXJCAAU)2.jpg;https://ei.phncdn.com/videos/202603/18/42378525/original/(m=eaf8GgaaaWavb)(mh=8If7P18G0sXJCAAU)3.jpg;https://ei.phncdn.com/videos/202603/18/42378525/original/(m=eaf8GgaaaWavb)(mh=8If7P18G0sXJCAAU)4.jpg;https://ei.phncdn.com/videos/202603/18/42378525/original/(m=eaf8GgaaaWavb)(mh=8If7P18G0sXJCAAU)5.jpg;https://ei.phncdn.com/videos/202603/18/42378525/original/(m=eaf8GgaaaWavb)(mh=8If7P18G0sXJCAAU)6.jpg;https://ei.phncdn.com/videos/202603/18/42378525/original/(m=eaf8GgaaaWavb)(mh=8If7P18G0sXJCAAU)7.jpg;https://ei.phncdn.com/videos/202603/18/42378525/original/(m=eaf8GgaaaWavb)(mh=8If7P18G0sXJCAAU)8.jpg;https://ei.phncdn.com/videos/202603/18/42378525/original/(m=eaf8GgaaaWavb)(mh=8If7P18G0sXJCAAU)9.jpg;https://ei.phncdn.com/videos/202603/18/42378525/original/(m=eaf8GgaaaWavb)(mh=8If7P18G0sXJCAAU)10.jpg;https://ei.phncdn.com/videos/202603/18/42378525/original/(m=eaf8GgaaaWavb)(mh=8If7P18G0sXJCAAU)11.jpg;https://ei.phncdn.com/videos/202603/18/42378525/original/(m=eaf8GgaaaWavb)(mh=8If7P18G0sXJCAAU)12.jpg;https://ei.phncdn.com/videos/202603/18/42378525/original/(m=eaf8GgaaaWavb)(mh=8If7P18G0sXJCAAU)13.jpg;https://ei.phncdn.com/videos/202603/18/42378525/original/(m=eaf8GgaaaWavb)(mh=8If7P18G0sXJCAAU)14.jpg;https://ei.phncdn.com/videos/202603/18/42378525/original/(m=eaf8GgaaaWavb)(mh=8If7P18G0sXJCAAU)15.jpg;https://ei.phncdn.com/videos/202603/18/42378525/original/(m=eaf8GgaaaWavb)(mh=8If7P18G0sXJCAAU)16.jpg|2026.03.27 Japanese hentai masturbation|cute-asian-girl;old-man;masturbation;japanese|Korean;Japanese;Exclusive;Verified Amateurs;Solo Female||683|4304|13|4|https://ei.phncdn.com/videos/202603/18/42378525/original/(m=q8GG070beaAaGwObaaamqv)(mh=PtzdpmAjuglK90Dg)0.jpg|https://ei.phncdn.com/videos/202603/18/42378525/original/(m=eaAaGwObaaamqv)(mh=QK5rmUOMOgCqA4s9)1.jpg;https://ei.phncdn.com/videos/202603/18/42378525/original/(m=eaAaGwObaaamqv)(mh=QK5rmUOMOgCqA4s9)2.jpg;https://ei.phncdn.com/videos/202603/18/42378525/original/(m=eaAaGwObaaamqv)(mh=QK5rmUOMOgCqA4s9)3.jpg;https://ei.phncdn.com/videos/202603/18/42378525/original/(m=eaAaGwObaaamqv)(mh=QK5rmUOMOgCqA4s9)4.jpg;https://ei.phncdn.com/videos/202603/18/42378525/original/(m=eaAaGwObaaamqv)(mh=QK5rmUOMOgCqA4s9)5.jpg;https://ei.phncdn.com/videos/202603/18/42378525/original/(m=eaAaGwObaaamqv)(mh=QK5rmUOMOgCqA4s9)6.jpg;https://ei.phncdn.com/videos/202603/18/42378525/original/(m=eaAaGwObaaamqv)(mh=QK5rmUOMOgCqA4s9)7.jpg;https://ei.phncdn.com/videos/202603/18/42378525/original/(m=eaAaGwObaaamqv)(mh=QK5rmUOMOgCqA4s9)8.jpg;https://ei.phncdn.com/videos/202603/18/42378525/original/(m=eaAaGwObaaamqv)(mh=QK5rmUOMOgCqA4s9)9.jpg;https://ei.phncdn.com/videos/202603/18/42378525/original/(m=eaAaGwObaaamqv)(mh=QK5rmUOMOgCqA4s9)10.jpg;https://ei.phncdn.com/videos/202603/18/42378525/original/(m=eaAaGwObaaamqv)(mh=QK5rmUOMOgCqA4s9)11.jpg;https://ei.phncdn.com/videos/202603/18/42378525/original/(m=eaAaGwObaaamqv)(mh=QK5rmUOMOgCqA4s9)12.jpg;https://ei.phncdn.com/videos/202603/18/42378525/original/(m=eaAaGwObaaamqv)(mh=QK5rmUOMOgCqA4s9)13.jpg;https://ei.phncdn.com/videos/202603/18/42378525/original/(m=eaAaGwObaaamqv)(mh=QK5rmUOMOgCqA4s9)14.jpg;https://ei.phncdn.com/videos/202603/18/42378525/original/(m=eaAaGwObaaamqv)(mh=QK5rmUOMOgCqA4s9)15.jpg;https://ei.phncdn.com/videos/202603/18/42378525/original/(m=eaAaGwObaaamqv)(mh=QK5rmUOMOgCqA4s9)16.jpg
<iframe src="https://www.pornhub.com/embed/69b9fd44a3ed8" frameborder="0" height="481" width="608" scrolling="no"></iframe>|https://ei.phncdn.com/videos/202603/18/42378675/original/(m=q8HG070beaf8GgaaaWavb)(mh=uB-0WkHU1cRlOAYE)0.jpg|https://ei.phncdn.com/videos/202603/18/42378675/original/(m=eaf8GgaaaWavb)(mh=N4HOhuSqkug67ypB)1.jpg;https://ei.phncdn.com/videos/202603/18/42378675/original/(m=eaf8GgaaaWavb)(mh=N4HOhuSqkug67ypB)2.jpg;https://ei.phncdn.com/videos/202603/18/42378675/original/(m=eaf8GgaaaWavb)(mh=N4HOhuSqkug67ypB)3.jpg;https://ei.phncdn.com/videos/202603/18/42378675/original/(m=eaf8GgaaaWavb)(mh=N4HOhuSqkug67ypB)4.jpg;https://ei.phncdn.com/videos/202603/18/42378675/original/(m=eaf8GgaaaWavb)(mh=N4HOhuSqkug67ypB)5.jpg;https://ei.phncdn.com/videos/202603/18/42378675/original/(m=eaf8GgaaaWavb)(mh=N4HOhuSqkug67ypB)6.jpg;https://ei.phncdn.com/videos/202603/18/42378675/original/(m=eaf8GgaaaWavb)(mh=N4HOhuSqkug67ypB)7.jpg;https://ei.phncdn.com/videos/202603/18/42378675/original/(m=eaf8GgaaaWavb)(mh=N4HOhuSqkug67ypB)8.jpg;https://ei.phncdn.com/videos/202603/18/42378675/original/(m=eaf8GgaaaWavb)(mh=N4HOhuSqkug67ypB)9.jpg;https://ei.phncdn.com/videos/202603/18/42378675/original/(m=eaf8GgaaaWavb)(mh=N4HOhuSqkug67ypB)10.jpg;https://ei.phncdn.com/videos/202603/18/42378675/original/(m=eaf8GgaaaWavb)(mh=N4HOhuSqkug67ypB)11.jpg;https://ei.phncdn.com/videos/202603/18/42378675/original/(m=eaf8GgaaaWavb)(mh=N4HOhuSqkug67ypB)12.jpg;https://ei.phncdn.com/videos/202603/18/42378675/original/(m=eaf8GgaaaWavb)(mh=N4HOhuSqkug67ypB)13.jpg;https://ei.phncdn.com/videos/202603/18/42378675/original/(m=eaf8GgaaaWavb)(mh=N4HOhuSqkug67ypB)14.jpg;https://ei.phncdn.com/videos/202603/18/42378675/original/(m=eaf8GgaaaWavb)(mh=N4HOhuSqkug67ypB)15.jpg;https://ei.phncdn.com/videos/202603/18/42378675/original/(m=eaf8GgaaaWavb)(mh=N4HOhuSqkug67ypB)16.jpg|2026.03.27 Japanese hentai masturbation|cute-asian-girl;japanese;masturbation|Korean;Japanese;Exclusive;Verified Amateurs;Solo Female||645|1036|7|0|https://ei.phncdn.com/videos/202603/18/42378675/original/(m=q8HG070beaAaGwObaaamqv)(mh=V8BnlVNGEdZEh4zS)0.jpg|https://ei.phncdn.com/videos/202603/18/42378675/original/(m=eaAaGwObaaamqv)(mh=g7jYVHKKEQiwDbRx)1.jpg;https://ei.phncdn.com/videos/202603/18/42378675/original/(m=eaAaGwObaaamqv)(mh=g7jYVHKKEQiwDbRx)2.jpg;https://ei.phncdn.com/videos/202603/18/42378675/original/(m=eaAaGwObaaamqv)(mh=g7jYVHKKEQiwDbRx)3.jpg;https://ei.phncdn.com/videos/202603/18/42378675/original/(m=eaAaGwObaaamqv)(mh=g7jYVHKKEQiwDbRx)4.jpg;https://ei.phncdn.com/videos/202603/18/42378675/original/(m=eaAaGwObaaamqv)(mh=g7jYVHKKEQiwDbRx)5.jpg;https://ei.phncdn.com/videos/202603/18/42378675/original/(m=eaAaGwObaaamqv)(mh=g7jYVHKKEQiwDbRx)6.jpg;https://ei.phncdn.com/videos/202603/18/42378675/original/(m=eaAaGwObaaamqv)(mh=g7jYVHKKEQiwDbRx)7.jpg;https://ei.phncdn.com/videos/202603/18/42378675/original/(m=eaAaGwObaaamqv)(mh=g7jYVHKKEQiwDbRx)8.jpg;https://ei.phncdn.com/videos/202603/18/42378675/original/(m=eaAaGwObaaamqv)(mh=g7jYVHKKEQiwDbRx)9.jpg;https://ei.phncdn.com/videos/202603/18/42378675/original/(m=eaAaGwObaaamqv)(mh=g7jYVHKKEQiwDbRx)10.jpg;https://ei.phncdn.com/videos/202603/18/42378675/original/(m=eaAaGwObaaamqv)(mh=g7jYVHKKEQiwDbRx)11.jpg;https://ei.phncdn.com/videos/202603/18/42378675/original/(m=eaAaGwObaaamqv)(mh=g7jYVHKKEQiwDbRx)12.jpg;https://ei.phncdn.com/videos/202603/18/42378675/original/(m=eaAaGwObaaamqv)(mh=g7jYVHKKEQiwDbRx)13.jpg;https://ei.phncdn.com/videos/202603/18/42378675/original/(m=eaAaGwObaaamqv)(mh=g7jYVHKKEQiwDbRx)14.jpg;https://ei.phncdn.com/videos/202603/18/42378675/original/(m=eaAaGwObaaamqv)(mh=g7jYVHKKEQiwDbRx)15.jpg;https://ei.phncdn.com/videos/202603/18/42378675/original/(m=eaAaGwObaaamqv)(mh=g7jYVHKKEQiwDbRx)16.jpg
<iframe src="https://www.pornhub.com/embed/69b9fd690adb3" frameborder="0" height="481" width="608" scrolling="no"></iframe>|https://ei.phncdn.com/videos/202603/18/42378735/original/(m=qR-6470beaf8GgaaaWavb)(mh=RLjkzIorj4ETmWO2)0.jpg|https://ei.phncdn.com/videos/202603/18/42378735/thumbs_25/(m=eaf8GgaaaWavb)(mh=6g_P8ywNYgq1eLo5)1.jpg;https://ei.phncdn.com/videos/202603/18/42378735/thumbs_25/(m=eaf8GgaaaWavb)(mh=6g_P8ywNYgq1eLo5)2.jpg;https://ei.phncdn.com/videos/202603/18/42378735/thumbs_25/(m=eaf8GgaaaWavb)(mh=6g_P8ywNYgq1eLo5)3.jpg;https://ei.phncdn.com/videos/202603/18/42378735/thumbs_25/(m=eaf8GgaaaWavb)(mh=6g_P8ywNYgq1eLo5)4.jpg;https://ei.phncdn.com/videos/202603/18/42378735/thumbs_25/(m=eaf8GgaaaWavb)(mh=6g_P8ywNYgq1eLo5)5.jpg;https://ei.phncdn.com/videos/202603/18/42378735/thumbs_25/(m=eaf8GgaaaWavb)(mh=6g_P8ywNYgq1eLo5)6.jpg;https://ei.phncdn.com/videos/202603/18/42378735/thumbs_25/(m=eaf8GgaaaWavb)(mh=6g_P8ywNYgq1eLo5)7.jpg;https://ei.phncdn.com/videos/202603/18/42378735/thumbs_25/(m=eaf8GgaaaWavb)(mh=6g_P8ywNYgq1eLo5)8.jpg;https://ei.phncdn.com/videos/202603/18/42378735/thumbs_25/(m=eaf8GgaaaWavb)(mh=6g_P8ywNYgq1eLo5)9.jpg;https://ei.phncdn.com/videos/202603/18/42378735/thumbs_25/(m=eaf8GgaaaWavb)(mh=6g_P8ywNYgq1eLo5)10.jpg;https://ei.phncdn.com/videos/202603/18/42378735/thumbs_25/(m=eaf8GgaaaWavb)(mh=6g_P8ywNYgq1eLo5)11.jpg;https://ei.phncdn.com/videos/202603/18/42378735/thumbs_25/(m=eaf8GgaaaWavb)(mh=6g_P8ywNYgq1eLo5)12.jpg;https://ei.phncdn.com/videos/202603/18/42378735/thumbs_25/(m=eaf8GgaaaWavb)(mh=6g_P8ywNYgq1eLo5)13.jpg;https://ei.phncdn.com/videos/202603/18/42378735/thumbs_25/(m=eaf8GgaaaWavb)(mh=6g_P8ywNYgq1eLo5)14.jpg;https://ei.phncdn.com/videos/202603/18/42378735/thumbs_25/(m=eaf8GgaaaWavb)(mh=6g_P8ywNYgq1eLo5)15.jpg;https://ei.phncdn.com/videos/202603/18/42378735/thumbs_25/(m=eaf8GgaaaWavb)(mh=6g_P8ywNYgq1eLo5)16.jpg|Too hard? Slip into the car~ Shoot it all out and it won’t be swollen anymore, baby 💦|car;car-sex;asian-footjob;footjob;feet-fetish;fetish;creampie;asian;babe;cute;orgasm;close-up|Korean;Japanese;Verified Amateurs||534|180619|584|57|https://ei.phncdn.com/videos/202603/18/42378735/original/(m=qR-6470beaAaGwObaaamqv)(mh=N06NTo1gw-wFKhYq)0.jpg|https://ei.phncdn.com/videos/202603/18/42378735/thumbs_25/(m=eaAaGwObaaamqv)(mh=GKl-X0Pp55DBLS0d)1.jpg;https://ei.phncdn.com/videos/202603/18/42378735/thumbs_25/(m=eaAaGwObaaamqv)(mh=GKl-X0Pp55DBLS0d)2.jpg;https://ei.phncdn.com/videos/202603/18/42378735/thumbs_25/(m=eaAaGwObaaamqv)(mh=GKl-X0Pp55DBLS0d)3.jpg;https://ei.phncdn.com/videos/202603/18/42378735/thumbs_25/(m=eaAaGwObaaamqv)(mh=GKl-X0Pp55DBLS0d)4.jpg;https://ei.phncdn.com/videos/202603/18/42378735/thumbs_25/(m=eaAaGwObaaamqv)(mh=GKl-X0Pp55DBLS0d)5.jpg;https://ei.phncdn.com/videos/202603/18/42378735/thumbs_25/(m=eaAaGwObaaamqv)(mh=GKl-X0Pp55DBLS0d)6.jpg;https://ei.phncdn.com/videos/202603/18/42378735/thumbs_25/(m=eaAaGwObaaamqv)(mh=GKl-X0Pp55DBLS0d)7.jpg;https://ei.phncdn.com/videos/202603/18/42378735/thumbs_25/(m=eaAaGwObaaamqv)(mh=GKl-X0Pp55DBLS0d)8.jpg;https://ei.phncdn.com/videos/202603/18/42378735/thumbs_25/(m=eaAaGwObaaamqv)(mh=GKl-X0Pp55DBLS0d)9.jpg;https://ei.phncdn.com/videos/202603/18/42378735/thumbs_25/(m=eaAaGwObaaamqv)(mh=GKl-X0Pp55DBLS0d)10.jpg;https://ei.phncdn.com/videos/202603/18/42378735/thumbs_25/(m=eaAaGwObaaamqv)(mh=GKl-X0Pp55DBLS0d)11.jpg;https://ei.phncdn.com/videos/202603/18/42378735/thumbs_25/(m=eaAaGwObaaamqv)(mh=GKl-X0Pp55DBLS0d)12.jpg;https://ei.phncdn.com/videos/202603/18/42378735/thumbs_25/(m=eaAaGwObaaamqv)(mh=GKl-X0Pp55DBLS0d)13.jpg;https://ei.phncdn.com/videos/202603/18/42378735/thumbs_25/(m=eaAaGwObaaamqv)(mh=GKl-X0Pp55DBLS0d)14.jpg;https://ei.phncdn.com/videos/202603/18/42378735/thumbs_25/(m=eaAaGwObaaamqv)(mh=GKl-X0Pp55DBLS0d)15.jpg;https://ei.phncdn.com/videos/202603/18/42378735/thumbs_25/(m=eaAaGwObaaamqv)(mh=GKl-X0Pp55DBLS0d)16.jpg
<iframe src="https://www.pornhub.com/embed/69ba00a005d07" frameborder="0" height="481" width="608" scrolling="no"></iframe>|https://ei.phncdn.com/videos/202603/18/42379365/thumbs_55/(m=eaf8GgaaaWavb)(mh=EIBjnHHjhliqF9H9)16.jpg|https://ei.phncdn.com/videos/202603/18/42379365/thumbs_55/(m=eaf8GgaaaWavb)(mh=EIBjnHHjhliqF9H9)1.jpg;https://ei.phncdn.com/videos/202603/18/42379365/thumbs_55/(m=eaf8GgaaaWavb)(mh=EIBjnHHjhliqF9H9)2.jpg;https://ei.phncdn.com/videos/202603/18/42379365/thumbs_55/(m=eaf8GgaaaWavb)(mh=EIBjnHHjhliqF9H9)3.jpg;https://ei.phncdn.com/videos/202603/18/42379365/thumbs_55/(m=eaf8GgaaaWavb)(mh=EIBjnHHjhliqF9H9)4.jpg;https://ei.phncdn.com/videos/202603/18/42379365/thumbs_55/(m=eaf8GgaaaWavb)(mh=EIBjnHHjhliqF9H9)5.jpg;https://ei.phncdn.com/videos/202603/18/42379365/thumbs_55/(m=eaf8GgaaaWavb)(mh=EIBjnHHjhliqF9H9)6.jpg;https://ei.phncdn.com/videos/202603/18/42379365/thumbs_55/(m=eaf8GgaaaWavb)(mh=EIBjnHHjhliqF9H9)7.jpg;https://ei.phncdn.com/videos/202603/18/42379365/thumbs_55/(m=eaf8GgaaaWavb)(mh=EIBjnHHjhliqF9H9)8.jpg;https://ei.phncdn.com/videos/202603/18/42379365/thumbs_55/(m=eaf8GgaaaWavb)(mh=EIBjnHHjhliqF9H9)9.jpg;https://ei.phncdn.com/videos/202603/18/42379365/thumbs_55/(m=eaf8GgaaaWavb)(mh=EIBjnHHjhliqF9H9)10.jpg;https://ei.phncdn.com/videos/202603/18/42379365/thumbs_55/(m=eaf8GgaaaWavb)(mh=EIBjnHHjhliqF9H9)11.jpg;https://ei.phncdn.com/videos/202603/18/42379365/thumbs_55/(m=eaf8GgaaaWavb)(mh=EIBjnHHjhliqF9H9)12.jpg;https://ei.phncdn.com/videos/202603/18/42379365/thumbs_55/(m=eaf8GgaaaWavb)(mh=EIBjnHHjhliqF9H9)13.jpg;https://ei.phncdn.com/videos/202603/18/42379365/thumbs_55/(m=eaf8GgaaaWavb)(mh=EIBjnHHjhliqF9H9)14.jpg;https://ei.phncdn.com/videos/202603/18/42379365/thumbs_55/(m=eaf8GgaaaWavb)(mh=EIBjnHHjhliqF9H9)15.jpg;https://ei.phncdn.com/videos/202603/18/42379365/thumbs_55/(m=eaf8GgaaaWavb)(mh=EIBjnHHjhliqF9H9)16.jpg|拘束椅子でM字開脚のままいじめられちゃうスタイル抜群JD｜最後は拘束されたままパイパンまんこに種づけ｜生中出し｜日本人カップル｜けいさな|日本人-オナニー;japanese;asian;処女;日本人;中-出し;s-級-美少女;カップル;無-修正;creampie;japanese-schoolgirl;amateur;hentai;virgin;日本人カップル|Korean;Japanese;Exclusive;Verified Amateurs||1296|261674|471|75|https://ei.phncdn.com/videos/202603/18/42379365/thumbs_55/(m=eaAaGwObaaamqv)(mh=reWL5ttRVmNoyS-X)16.jpg|https://ei.phncdn.com/videos/202603/18/42379365/thumbs_55/(m=eaAaGwObaaamqv)(mh=reWL5ttRVmNoyS-X)1.jpg;https://ei.phncdn.com/videos/202603/18/42379365/thumbs_55/(m=eaAaGwObaaamqv)(mh=reWL5ttRVmNoyS-X)2.jpg;https://ei.phncdn.com/videos/202603/18/42379365/thumbs_55/(m=eaAaGwObaaamqv)(mh=reWL5ttRVmNoyS-X)3.jpg;https://ei.phncdn.com/videos/202603/18/42379365/thumbs_55/(m=eaAaGwObaaamqv)(mh=reWL5ttRVmNoyS-X)4.jpg;https://ei.phncdn.com/videos/202603/18/42379365/thumbs_55/(m=eaAaGwObaaamqv)(mh=reWL5ttRVmNoyS-X)5.jpg;https://ei.phncdn.com/videos/202603/18/42379365/thumbs_55/(m=eaAaGwObaaamqv)(mh=reWL5ttRVmNoyS-X)6.jpg;https://ei.phncdn.com/videos/202603/18/42379365/thumbs_55/(m=eaAaGwObaaamqv)(mh=reWL5ttRVmNoyS-X)7.jpg;https://ei.phncdn.com/videos/202603/18/42379365/thumbs_55/(m=eaAaGwObaaamqv)(mh=reWL5ttRVmNoyS-X)8.jpg;https://ei.phncdn.com/videos/202603/18/42379365/thumbs_55/(m=eaAaGwObaaamqv)(mh=reWL5ttRVmNoyS-X)9.jpg;https://ei.phncdn.com/videos/202603/18/42379365/thumbs_55/(m=eaAaGwObaaamqv)(mh=reWL5ttRVmNoyS-X)10.jpg;https://ei.phncdn.com/videos/202603/18/42379365/thumbs_55/(m=eaAaGwObaaamqv)(mh=reWL5ttRVmNoyS-X)11.jpg;https://ei.phncdn.com/videos/202603/18/42379365/thumbs_55/(m=eaAaGwObaaamqv)(mh=reWL5ttRVmNoyS-X)12.jpg;https://ei.phncdn.com/videos/202603/18/42379365/thumbs_55/(m=eaAaGwObaaamqv)(mh=reWL5ttRVmNoyS-X)13.jpg;https://ei.phncdn.com/videos/202603/18/42379365/thumbs_55/(m=eaAaGwObaaamqv)(mh=reWL5ttRVmNoyS-X)14.jpg;https://ei.phncdn.com/videos/202603/18/42379365/thumbs_55/(m=eaAaGwObaaamqv)(mh=reWL5ttRVmNoyS-X)15.jpg;https://ei.phncdn.com/videos/202603/18/42379365/thumbs_55/(m=eaAaGwObaaamqv)(mh=reWL5ttRVmNoyS-X)16.jpg
<iframe src="https://www.pornhub.com/embed/69ba14162835f" frameborder="0" height="481" width="608" scrolling="no"></iframe>|https://ei.phncdn.com/videos/202603/18/42385125/original/(m=eaf8GgaaaWavb)(mh=Jb0ew0RoGFbXNbM_)16.jpg|https://ei.phncdn.com/videos/202603/18/42385125/original/(m=eaf8GgaaaWavb)(mh=Jb0ew0RoGFbXNbM_)1.jpg;https://ei.phncdn.com/videos/202603/18/42385125/original/(m=eaf8GgaaaWavb)(mh=Jb0ew0RoGFbXNbM_)2.jpg;https://ei.phncdn.com/videos/202603/18/42385125/original/(m=eaf8GgaaaWavb)(mh=Jb0ew0RoGFbXNbM_)3.jpg;https://ei.phncdn.com/videos/202603/18/42385125/original/(m=eaf8GgaaaWavb)(mh=Jb0ew0RoGFbXNbM_)4.jpg;https://ei.phncdn.com/videos/202603/18/42385125/original/(m=eaf8GgaaaWavb)(mh=Jb0ew0RoGFbXNbM_)5.jpg;https://ei.phncdn.com/videos/202603/18/42385125/original/(m=eaf8GgaaaWavb)(mh=Jb0ew0RoGFbXNbM_)6.jpg;https://ei.phncdn.com/videos/202603/18/42385125/original/(m=eaf8GgaaaWavb)(mh=Jb0ew0RoGFbXNbM_)7.jpg;https://ei.phncdn.com/videos/202603/18/42385125/original/(m=eaf8GgaaaWavb)(mh=Jb0ew0RoGFbXNbM_)8.jpg;https://ei.phncdn.com/videos/202603/18/42385125/original/(m=eaf8GgaaaWavb)(mh=Jb0ew0RoGFbXNbM_)9.jpg;https://ei.phncdn.com/videos/202603/18/42385125/original/(m=eaf8GgaaaWavb)(mh=Jb0ew0RoGFbXNbM_)10.jpg;https://ei.phncdn.com/videos/202603/18/42385125/original/(m=eaf8GgaaaWavb)(mh=Jb0ew0RoGFbXNbM_)11.jpg;https://ei.phncdn.com/videos/202603/18/42385125/original/(m=eaf8GgaaaWavb)(mh=Jb0ew0RoGFbXNbM_)12.jpg;https://ei.phncdn.com/videos/202603/18/42385125/original/(m=eaf8GgaaaWavb)(mh=Jb0ew0RoGFbXNbM_)13.jpg;https://ei.phncdn.com/videos/202603/18/42385125/original/(m=eaf8GgaaaWavb)(mh=Jb0ew0RoGFbXNbM_)14.jpg;https://ei.phncdn.com/videos/202603/18/42385125/original/(m=eaf8GgaaaWavb)(mh=Jb0ew0RoGFbXNbM_)15.jpg;https://ei.phncdn.com/videos/202603/18/42385125/original/(m=eaf8GgaaaWavb)(mh=Jb0ew0RoGFbXNbM_)16.jpg|出勤前なのに、オナニーしちゃった…ダメな私💭|japanese-amateur;japanese-individual;big-booty;big-ass;big-ass-doggystyle;thick;amateur-footage;personal-recording;breasts;日本人　オナニー;黒髪　清楚;清楚系;masturbate;おっぱい;デカケツ;日本人-素人|Korean;Japanese;Exclusive;Verified Amateurs;Solo Female||343|7681|22|2|https://ei.phncdn.com/videos/202603/18/42385125/original/(m=eaAaGwObaaamqv)(mh=8Xq9xVEwwbsP-ZTy)16.jpg|https://ei.phncdn.com/videos/202603/18/42385125/original/(m=eaAaGwObaaamqv)(mh=8Xq9xVEwwbsP-ZTy)1.jpg;https://ei.phncdn.com/videos/202603/18/42385125/original/(m=eaAaGwObaaamqv)(mh=8Xq9xVEwwbsP-ZTy)2.jpg;https://ei.phncdn.com/videos/202603/18/42385125/original/(m=eaAaGwObaaamqv)(mh=8Xq9xVEwwbsP-ZTy)3.jpg;https://ei.phncdn.com/videos/202603/18/42385125/original/(m=eaAaGwObaaamqv)(mh=8Xq9xVEwwbsP-ZTy)4.jpg;https://ei.phncdn.com/videos/202603/18/42385125/original/(m=eaAaGwObaaamqv)(mh=8Xq9xVEwwbsP-ZTy)5.jpg;https://ei.phncdn.com/videos/202603/18/42385125/original/(m=eaAaGwObaaamqv)(mh=8Xq9xVEwwbsP-ZTy)6.jpg;https://ei.phncdn.com/videos/202603/18/42385125/original/(m=eaAaGwObaaamqv)(mh=8Xq9xVEwwbsP-ZTy)7.jpg;https://ei.phncdn.com/videos/202603/18/42385125/original/(m=eaAaGwObaaamqv)(mh=8Xq9xVEwwbsP-ZTy)8.jpg;https://ei.phncdn.com/videos/202603/18/42385125/original/(m=eaAaGwObaaamqv)(mh=8Xq9xVEwwbsP-ZTy)9.jpg;https://ei.phncdn.com/videos/202603/18/42385125/original/(m=eaAaGwObaaamqv)(mh=8Xq9xVEwwbsP-ZTy)10.jpg;https://ei.phncdn.com/videos/202603/18/42385125/original/(m=eaAaGwObaaamqv)(mh=8Xq9xVEwwbsP-ZTy)11.jpg;https://ei.phncdn.com/videos/202603/18/42385125/original/(m=eaAaGwObaaamqv)(mh=8Xq9xVEwwbsP-ZTy)12.jpg;https://ei.phncdn.com/videos/202603/18/42385125/original/(m=eaAaGwObaaamqv)(mh=8Xq9xVEwwbsP-ZTy)13.jpg;https://ei.phncdn.com/videos/202603/18/42385125/original/(m=eaAaGwObaaamqv)(mh=8Xq9xVEwwbsP-ZTy)14.jpg;https://ei.phncdn.com/videos/202603/18/42385125/original/(m=eaAaGwObaaamqv)(mh=8Xq9xVEwwbsP-ZTy)15.jpg;https://ei.phncdn.com/videos/202603/18/42385125/original/(m=eaAaGwObaaamqv)(mh=8Xq9xVEwwbsP-ZTy)16.jpg
<iframe src="https://www.pornhub.com/embed/69ba158531246" frameborder="0" height="481" width="608" scrolling="no"></iframe>|https://ei.phncdn.com/videos/202603/18/42385475/original/(m=eaf8GgaaaWavb)(mh=R3ceeC1WpTIsvI_8)16.jpg|https://ei.phncdn.com/videos/202603/18/42385475/original/(m=eaf8GgaaaWavb)(mh=R3ceeC1WpTIsvI_8)1.jpg;https://ei.phncdn.com/videos/202603/18/42385475/original/(m=eaf8GgaaaWavb)(mh=R3ceeC1WpTIsvI_8)2.jpg;https://ei.phncdn.com/videos/202603/18/42385475/original/(m=eaf8GgaaaWavb)(mh=R3ceeC1WpTIsvI_8)3.jpg;https://ei.phncdn.com/videos/202603/18/42385475/original/(m=eaf8GgaaaWavb)(mh=R3ceeC1WpTIsvI_8)4.jpg;https://ei.phncdn.com/videos/202603/18/42385475/original/(m=eaf8GgaaaWavb)(mh=R3ceeC1WpTIsvI_8)5.jpg;https://ei.phncdn.com/videos/202603/18/42385475/original/(m=eaf8GgaaaWavb)(mh=R3ceeC1WpTIsvI_8)6.jpg;https://ei.phncdn.com/videos/202603/18/42385475/original/(m=eaf8GgaaaWavb)(mh=R3ceeC1WpTIsvI_8)7.jpg;https://ei.phncdn.com/videos/202603/18/42385475/original/(m=eaf8GgaaaWavb)(mh=R3ceeC1WpTIsvI_8)8.jpg;https://ei.phncdn.com/videos/202603/18/42385475/original/(m=eaf8GgaaaWavb)(mh=R3ceeC1WpTIsvI_8)9.jpg;https://ei.phncdn.com/videos/202603/18/42385475/original/(m=eaf8GgaaaWavb)(mh=R3ceeC1WpTIsvI_8)10.jpg;https://ei.phncdn.com/videos/202603/18/42385475/original/(m=eaf8GgaaaWavb)(mh=R3ceeC1WpTIsvI_8)11.jpg;https://ei.phncdn.com/videos/202603/18/42385475/original/(m=eaf8GgaaaWavb)(mh=R3ceeC1WpTIsvI_8)12.jpg;https://ei.phncdn.com/videos/202603/18/42385475/original/(m=eaf8GgaaaWavb)(mh=R3ceeC1WpTIsvI_8)13.jpg;https://ei.phncdn.com/videos/202603/18/42385475/original/(m=eaf8GgaaaWavb)(mh=R3ceeC1WpTIsvI_8)14.jpg;https://ei.phncdn.com/videos/202603/18/42385475/original/(m=eaf8GgaaaWavb)(mh=R3ceeC1WpTIsvI_8)15.jpg;https://ei.phncdn.com/videos/202603/18/42385475/original/(m=eaf8GgaaaWavb)(mh=R3ceeC1WpTIsvI_8)16.jpg|もう我慢できない…久々のオナニーで溢れちゃう💗|amateur-footage;japanese-amateur;big-booty;pussy-fingering;doggystyle;spread-legs;clit-stimulation;手マン;日本人　オナニー;素人　日本人;黒髪　清楚系;kneeling;四つん這い;vagina;solo-play|Korean;Japanese;Exclusive;Verified Amateurs;Solo Female||360|5156|17|2|https://ei.phncdn.com/videos/202603/18/42385475/original/(m=eaAaGwObaaamqv)(mh=1iJaphyEoX0LZ34d)16.jpg|https://ei.phncdn.com/videos/202603/18/42385475/original/(m=eaAaGwObaaamqv)(mh=1iJaphyEoX0LZ34d)1.jpg;https://ei.phncdn.com/videos/202603/18/42385475/original/(m=eaAaGwObaaamqv)(mh=1iJaphyEoX0LZ34d)2.jpg;https://ei.phncdn.com/videos/202603/18/42385475/original/(m=eaAaGwObaaamqv)(mh=1iJaphyEoX0LZ34d)3.jpg;https://ei.phncdn.com/videos/202603/18/42385475/original/(m=eaAaGwObaaamqv)(mh=1iJaphyEoX0LZ34d)4.jpg;https://ei.phncdn.com/videos/202603/18/42385475/original/(m=eaAaGwObaaamqv)(mh=1iJaphyEoX0LZ34d)5.jpg;https://ei.phncdn.com/videos/202603/18/42385475/original/(m=eaAaGwObaaamqv)(mh=1iJaphyEoX0LZ34d)6.jpg;https://ei.phncdn.com/videos/202603/18/42385475/original/(m=eaAaGwObaaamqv)(mh=1iJaphyEoX0LZ34d)7.jpg;https://ei.phncdn.com/videos/202603/18/42385475/original/(m=eaAaGwObaaamqv)(mh=1iJaphyEoX0LZ34d)8.jpg;https://ei.phncdn.com/videos/202603/18/42385475/original/(m=eaAaGwObaaamqv)(mh=1iJaphyEoX0LZ34d)9.jpg;https://ei.phncdn.com/videos/202603/18/42385475/original/(m=eaAaGwObaaamqv)(mh=1iJaphyEoX0LZ34d)10.jpg;https://ei.phncdn.com/videos/202603/18/42385475/original/(m=eaAaGwObaaamqv)(mh=1iJaphyEoX0LZ34d)11.jpg;https://ei.phncdn.com/videos/202603/18/42385475/original/(m=eaAaGwObaaamqv)(mh=1iJaphyEoX0LZ34d)12.jpg;https://ei.phncdn.com/videos/202603/18/42385475/original/(m=eaAaGwObaaamqv)(mh=1iJaphyEoX0LZ34d)13.jpg;https://ei.phncdn.com/videos/202603/18/42385475/original/(m=eaAaGwObaaamqv)(mh=1iJaphyEoX0LZ34d)14.jpg;https://ei.phncdn.com/videos/202603/18/42385475/original/(m=eaAaGwObaaamqv)(mh=1iJaphyEoX0LZ34d)15.jpg;https://ei.phncdn.com/videos/202603/18/42385475/original/(m=eaAaGwObaaamqv)(mh=1iJaphyEoX0LZ34d)16.jpg
<iframe src="https://www.pornhub.com/embed/69ba1a671b753" frameborder="0" height="481" width="608" scrolling="no"></iframe>|https://ei.phncdn.com/videos/202603/18/42386935/original/(m=qS_M070beaf8GgaaaWavb)(mh=sybncPD7l1iK9P1y)0.jpg|https://ei.phncdn.com/videos/202603/18/42386935/original/(m=eaf8GgaaaWavb)(mh=8_LUwl-gahEreQiH)1.jpg;https://ei.phncdn.com/videos/202603/18/42386935/original/(m=eaf8GgaaaWavb)(mh=8_LUwl-gahEreQiH)2.jpg;https://ei.phncdn.com/videos/202603/18/42386935/original/(m=eaf8GgaaaWavb)(mh=8_LUwl-gahEreQiH)3.jpg;https://ei.phncdn.com/videos/202603/18/42386935/original/(m=eaf8GgaaaWavb)(mh=8_LUwl-gahEreQiH)4.jpg;https://ei.phncdn.com/videos/202603/18/42386935/original/(m=eaf8GgaaaWavb)(mh=8_LUwl-gahEreQiH)5.jpg;https://ei.phncdn.com/videos/202603/18/42386935/original/(m=eaf8GgaaaWavb)(mh=8_LUwl-gahEreQiH)6.jpg;https://ei.phncdn.com/videos/202603/18/42386935/original/(m=eaf8GgaaaWavb)(mh=8_LUwl-gahEreQiH)7.jpg;https://ei.phncdn.com/videos/202603/18/42386935/original/(m=eaf8GgaaaWavb)(mh=8_LUwl-gahEreQiH)8.jpg;https://ei.phncdn.com/videos/202603/18/42386935/original/(m=eaf8GgaaaWavb)(mh=8_LUwl-gahEreQiH)9.jpg;https://ei.phncdn.com/videos/202603/18/42386935/original/(m=eaf8GgaaaWavb)(mh=8_LUwl-gahEreQiH)10.jpg;https://ei.phncdn.com/videos/202603/18/42386935/original/(m=eaf8GgaaaWavb)(mh=8_LUwl-gahEreQiH)11.jpg;https://ei.phncdn.com/videos/202603/18/42386935/original/(m=eaf8GgaaaWavb)(mh=8_LUwl-gahEreQiH)12.jpg;https://ei.phncdn.com/videos/202603/18/42386935/original/(m=eaf8GgaaaWavb)(mh=8_LUwl-gahEreQiH)13.jpg;https://ei.phncdn.com/videos/202603/18/42386935/original/(m=eaf8GgaaaWavb)(mh=8_LUwl-gahEreQiH)14.jpg;https://ei.phncdn.com/videos/202603/18/42386935/original/(m=eaf8GgaaaWavb)(mh=8_LUwl-gahEreQiH)15.jpg;https://ei.phncdn.com/videos/202603/18/42386935/original/(m=eaf8GgaaaWavb)(mh=8_LUwl-gahEreQiH)16.jpg|Momo Ayase Dandadan Culona Monta Verga hasta el Orgasmo|big-ass;big-ass-doggystyle;big-ass-latina;big-bubble-butt;chaparrita-nalgona;chichonas-y-nalgonas;colegiala-mexicana;mexicana;anime-cosplay;culo-enorme;culo-grande;culo-grande-latina;amateur;homemade;18-year-old-latina|Korean;Japanese;Exclusive;Verified Amateurs||446|191540|1680|81|https://ei.phncdn.com/videos/202603/18/42386935/original/(m=qS_M070beaAaGwObaaamqv)(mh=KhIsbjk2EoRzRVXD)0.jpg|https://ei.phncdn.com/videos/202603/18/42386935/original/(m=eaAaGwObaaamqv)(mh=jb_6Xd3UiU8uvpDe)1.jpg;https://ei.phncdn.com/videos/202603/18/42386935/original/(m=eaAaGwObaaamqv)(mh=jb_6Xd3UiU8uvpDe)2.jpg;https://ei.phncdn.com/videos/202603/18/42386935/original/(m=eaAaGwObaaamqv)(mh=jb_6Xd3UiU8uvpDe)3.jpg;https://ei.phncdn.com/videos/202603/18/42386935/original/(m=eaAaGwObaaamqv)(mh=jb_6Xd3UiU8uvpDe)4.jpg;https://ei.phncdn.com/videos/202603/18/42386935/original/(m=eaAaGwObaaamqv)(mh=jb_6Xd3UiU8uvpDe)5.jpg;https://ei.phncdn.com/videos/202603/18/42386935/original/(m=eaAaGwObaaamqv)(mh=jb_6Xd3UiU8uvpDe)6.jpg;https://ei.phncdn.com/videos/202603/18/42386935/original/(m=eaAaGwObaaamqv)(mh=jb_6Xd3UiU8uvpDe)7.jpg;https://ei.phncdn.com/videos/202603/18/42386935/original/(m=eaAaGwObaaamqv)(mh=jb_6Xd3UiU8uvpDe)8.jpg;https://ei.phncdn.com/videos/202603/18/42386935/original/(m=eaAaGwObaaamqv)(mh=jb_6Xd3UiU8uvpDe)9.jpg;https://ei.phncdn.com/videos/202603/18/42386935/original/(m=eaAaGwObaaamqv)(mh=jb_6Xd3UiU8uvpDe)10.jpg;https://ei.phncdn.com/videos/202603/18/42386935/original/(m=eaAaGwObaaamqv)(mh=jb_6Xd3UiU8uvpDe)11.jpg;https://ei.phncdn.com/videos/202603/18/42386935/original/(m=eaAaGwObaaamqv)(mh=jb_6Xd3UiU8uvpDe)12.jpg;https://ei.phncdn.com/videos/202603/18/42386935/original/(m=eaAaGwObaaamqv)(mh=jb_6Xd3UiU8uvpDe)13.jpg;https://ei.phncdn.com/videos/202603/18/42386935/original/(m=eaAaGwObaaamqv)(mh=jb_6Xd3UiU8uvpDe)14.jpg;https://ei.phncdn.com/videos/202603/18/42386935/original/(m=eaAaGwObaaamqv)(mh=jb_6Xd3UiU8uvpDe)15.jpg;https://ei.phncdn.com/videos/202603/18/42386935/original/(m=eaAaGwObaaamqv)(mh=jb_6Xd3UiU8uvpDe)16.jpg
<iframe src="https://www.pornhub.com/embed/69ba1cd5adcd5" frameborder="0" height="481" width="608" scrolling="no"></iframe>|https://ei.phncdn.com/videos/202603/18/42387945/original/(m=eaf8GgaaaWavb)(mh=pMvc8aLSXg8SoDNM)12.jpg|https://ei.phncdn.com/videos/202603/18/42387945/original/(m=eaf8GgaaaWavb)(mh=pMvc8aLSXg8SoDNM)1.jpg;https://ei.phncdn.com/videos/202603/18/42387945/original/(m=eaf8GgaaaWavb)(mh=pMvc8aLSXg8SoDNM)2.jpg;https://ei.phncdn.com/videos/202603/18/42387945/original/(m=eaf8GgaaaWavb)(mh=pMvc8aLSXg8SoDNM)3.jpg;https://ei.phncdn.com/videos/202603/18/42387945/original/(m=eaf8GgaaaWavb)(mh=pMvc8aLSXg8SoDNM)4.jpg;https://ei.phncdn.com/videos/202603/18/42387945/original/(m=eaf8GgaaaWavb)(mh=pMvc8aLSXg8SoDNM)5.jpg;https://ei.phncdn.com/videos/202603/18/42387945/original/(m=eaf8GgaaaWavb)(mh=pMvc8aLSXg8SoDNM)6.jpg;https://ei.phncdn.com/videos/202603/18/42387945/original/(m=eaf8GgaaaWavb)(mh=pMvc8aLSXg8SoDNM)7.jpg;https://ei.phncdn.com/videos/202603/18/42387945/original/(m=eaf8GgaaaWavb)(mh=pMvc8aLSXg8SoDNM)8.jpg;https://ei.phncdn.com/videos/202603/18/42387945/original/(m=eaf8GgaaaWavb)(mh=pMvc8aLSXg8SoDNM)9.jpg;https://ei.phncdn.com/videos/202603/18/42387945/original/(m=eaf8GgaaaWavb)(mh=pMvc8aLSXg8SoDNM)10.jpg;https://ei.phncdn.com/videos/202603/18/42387945/original/(m=eaf8GgaaaWavb)(mh=pMvc8aLSXg8SoDNM)11.jpg;https://ei.phncdn.com/videos/202603/18/42387945/original/(m=eaf8GgaaaWavb)(mh=pMvc8aLSXg8SoDNM)12.jpg;https://ei.phncdn.com/videos/202603/18/42387945/original/(m=eaf8GgaaaWavb)(mh=pMvc8aLSXg8SoDNM)13.jpg;https://ei.phncdn.com/videos/202603/18/42387945/original/(m=eaf8GgaaaWavb)(mh=pMvc8aLSXg8SoDNM)14.jpg;https://ei.phncdn.com/videos/202603/18/42387945/original/(m=eaf8GgaaaWavb)(mh=pMvc8aLSXg8SoDNM)15.jpg;https://ei.phncdn.com/videos/202603/18/42387945/original/(m=eaf8GgaaaWavb)(mh=pMvc8aLSXg8SoDNM)16.jpg|ベッドの上でオナニーする人妻|asian;amateur|Korean;Japanese;Verified Amateurs;Solo Female||434|1854|5|0|https://ei.phncdn.com/videos/202603/18/42387945/original/(m=eaAaGwObaaamqv)(mh=FgPBm7S7r4jB7VmB)12.jpg|https://ei.phncdn.com/videos/202603/18/42387945/original/(m=eaAaGwObaaamqv)(mh=FgPBm7S7r4jB7VmB)1.jpg;https://ei.phncdn.com/videos/202603/18/42387945/original/(m=eaAaGwObaaamqv)(mh=FgPBm7S7r4jB7VmB)2.jpg;https://ei.phncdn.com/videos/202603/18/42387945/original/(m=eaAaGwObaaamqv)(mh=FgPBm7S7r4jB7VmB)3.jpg;https://ei.phncdn.com/videos/202603/18/42387945/original/(m=eaAaGwObaaamqv)(mh=FgPBm7S7r4jB7VmB)4.jpg;https://ei.phncdn.com/videos/202603/18/42387945/original/(m=eaAaGwObaaamqv)(mh=FgPBm7S7r4jB7VmB)5.jpg;https://ei.phncdn.com/videos/202603/18/42387945/original/(m=eaAaGwObaaamqv)(mh=FgPBm7S7r4jB7VmB)6.jpg;https://ei.phncdn.com/videos/202603/18/42387945/original/(m=eaAaGwObaaamqv)(mh=FgPBm7S7r4jB7VmB)7.jpg;https://ei.phncdn.com/videos/202603/18/42387945/original/(m=eaAaGwObaaamqv)(mh=FgPBm7S7r4jB7VmB)8.jpg;https://ei.phncdn.com/videos/202603/18/42387945/original/(m=eaAaGwObaaamqv)(mh=FgPBm7S7r4jB7VmB)9.jpg;https://ei.phncdn.com/videos/202603/18/42387945/original/(m=eaAaGwObaaamqv)(mh=FgPBm7S7r4jB7VmB)10.jpg;https://ei.phncdn.com/videos/202603/18/42387945/original/(m=eaAaGwObaaamqv)(mh=FgPBm7S7r4jB7VmB)11.jpg;https://ei.phncdn.com/videos/202603/18/42387945/original/(m=eaAaGwObaaamqv)(mh=FgPBm7S7r4jB7VmB)12.jpg;https://ei.phncdn.com/videos/202603/18/42387945/original/(m=eaAaGwObaaamqv)(mh=FgPBm7S7r4jB7VmB)13.jpg;https://ei.phncdn.com/videos/202603/18/42387945/original/(m=eaAaGwObaaamqv)(mh=FgPBm7S7r4jB7VmB)14.jpg;https://ei.phncdn.com/videos/202603/18/42387945/original/(m=eaAaGwObaaamqv)(mh=FgPBm7S7r4jB7VmB)15.jpg;https://ei.phncdn.com/videos/202603/18/42387945/original/(m=eaAaGwObaaamqv)(mh=FgPBm7S7r4jB7VmB)16.jpg
<iframe src="https://www.pornhub.com/embed/69ba219879b4c" frameborder="0" height="481" width="608" scrolling="no"></iframe>|https://ei.phncdn.com/videos/202603/18/42389645/original/(m=eaf8GgaaaWavb)(mh=OtVk7co5Kk49IySD)15.jpg|https://ei.phncdn.com/videos/202603/18/42389645/original/(m=eaf8GgaaaWavb)(mh=OtVk7co5Kk49IySD)1.jpg;https://ei.phncdn.com/videos/202603/18/42389645/original/(m=eaf8GgaaaWavb)(mh=OtVk7co5Kk49IySD)2.jpg;https://ei.phncdn.com/videos/202603/18/42389645/original/(m=eaf8GgaaaWavb)(mh=OtVk7co5Kk49IySD)3.jpg;https://ei.phncdn.com/videos/202603/18/42389645/original/(m=eaf8GgaaaWavb)(mh=OtVk7co5Kk49IySD)4.jpg;https://ei.phncdn.com/videos/202603/18/42389645/original/(m=eaf8GgaaaWavb)(mh=OtVk7co5Kk49IySD)5.jpg;https://ei.phncdn.com/videos/202603/18/42389645/original/(m=eaf8GgaaaWavb)(mh=OtVk7co5Kk49IySD)6.jpg;https://ei.phncdn.com/videos/202603/18/42389645/original/(m=eaf8GgaaaWavb)(mh=OtVk7co5Kk49IySD)7.jpg;https://ei.phncdn.com/videos/202603/18/42389645/original/(m=eaf8GgaaaWavb)(mh=OtVk7co5Kk49IySD)8.jpg;https://ei.phncdn.com/videos/202603/18/42389645/original/(m=eaf8GgaaaWavb)(mh=OtVk7co5Kk49IySD)9.jpg;https://ei.phncdn.com/videos/202603/18/42389645/original/(m=eaf8GgaaaWavb)(mh=OtVk7co5Kk49IySD)10.jpg;https://ei.phncdn.com/videos/202603/18/42389645/original/(m=eaf8GgaaaWavb)(mh=OtVk7co5Kk49IySD)11.jpg;https://ei.phncdn.com/videos/202603/18/42389645/original/(m=eaf8GgaaaWavb)(mh=OtVk7co5Kk49IySD)12.jpg;https://ei.phncdn.com/videos/202603/18/42389645/original/(m=eaf8GgaaaWavb)(mh=OtVk7co5Kk49IySD)13.jpg;https://ei.phncdn.com/videos/202603/18/42389645/original/(m=eaf8GgaaaWavb)(mh=OtVk7co5Kk49IySD)14.jpg;https://ei.phncdn.com/videos/202603/18/42389645/original/(m=eaf8GgaaaWavb)(mh=OtVk7co5Kk49IySD)15.jpg;https://ei.phncdn.com/videos/202603/18/42389645/original/(m=eaf8GgaaaWavb)(mh=OtVk7co5Kk49IySD)16.jpg|A young, attractive girl wants to fuck hard|aficionados;asiaticas;babe;fetiche;japonesas;latinas;porno-hd;universitaria|Korean;Japanese;Verified Amateurs||574|5432|25|1|https://ei.phncdn.com/videos/202603/18/42389645/original/(m=eaAaGwObaaamqv)(mh=X0c6nkHXQyBoF_xH)15.jpg|https://ei.phncdn.com/videos/202603/18/42389645/original/(m=eaAaGwObaaamqv)(mh=X0c6nkHXQyBoF_xH)1.jpg;https://ei.phncdn.com/videos/202603/18/42389645/original/(m=eaAaGwObaaamqv)(mh=X0c6nkHXQyBoF_xH)2.jpg;https://ei.phncdn.com/videos/202603/18/42389645/original/(m=eaAaGwObaaamqv)(mh=X0c6nkHXQyBoF_xH)3.jpg;https://ei.phncdn.com/videos/202603/18/42389645/original/(m=eaAaGwObaaamqv)(mh=X0c6nkHXQyBoF_xH)4.jpg;https://ei.phncdn.com/videos/202603/18/42389645/original/(m=eaAaGwObaaamqv)(mh=X0c6nkHXQyBoF_xH)5.jpg;https://ei.phncdn.com/videos/202603/18/42389645/original/(m=eaAaGwObaaamqv)(mh=X0c6nkHXQyBoF_xH)6.jpg;https://ei.phncdn.com/videos/202603/18/42389645/original/(m=eaAaGwObaaamqv)(mh=X0c6nkHXQyBoF_xH)7.jpg;https://ei.phncdn.com/videos/202603/18/42389645/original/(m=eaAaGwObaaamqv)(mh=X0c6nkHXQyBoF_xH)8.jpg;https://ei.phncdn.com/videos/202603/18/42389645/original/(m=eaAaGwObaaamqv)(mh=X0c6nkHXQyBoF_xH)9.jpg;https://ei.phncdn.com/videos/202603/18/42389645/original/(m=eaAaGwObaaamqv)(mh=X0c6nkHXQyBoF_xH)10.jpg;https://ei.phncdn.com/videos/202603/18/42389645/original/(m=eaAaGwObaaamqv)(mh=X0c6nkHXQyBoF_xH)11.jpg;https://ei.phncdn.com/videos/202603/18/42389645/original/(m=eaAaGwObaaamqv)(mh=X0c6nkHXQyBoF_xH)12.jpg;https://ei.phncdn.com/videos/202603/18/42389645/original/(m=eaAaGwObaaamqv)(mh=X0c6nkHXQyBoF_xH)13.jpg;https://ei.phncdn.com/videos/202603/18/42389645/original/(m=eaAaGwObaaamqv)(mh=X0c6nkHXQyBoF_xH)14.jpg;https://ei.phncdn.com/videos/202603/18/42389645/original/(m=eaAaGwObaaamqv)(mh=X0c6nkHXQyBoF_xH)15.jpg;https://ei.phncdn.com/videos/202603/18/42389645/original/(m=eaAaGwObaaamqv)(mh=X0c6nkHXQyBoF_xH)16.jpg
<iframe src="https://www.pornhub.com/embed/69ba2f9d63087" frameborder="0" height="481" width="608" scrolling="no"></iframe>|https://ei.phncdn.com/videos/202603/18/42394455/original/(m=eaf8GgaaaWavb)(mh=FxTq8XP4BrtRN0Az)6.jpg|https://ei.phncdn.com/videos/202603/18/42394455/original/(m=eaf8GgaaaWavb)(mh=FxTq8XP4BrtRN0Az)1.jpg;https://ei.phncdn.com/videos/202603/18/42394455/original/(m=eaf8GgaaaWavb)(mh=FxTq8XP4BrtRN0Az)2.jpg;https://ei.phncdn.com/videos/202603/18/42394455/original/(m=eaf8GgaaaWavb)(mh=FxTq8XP4BrtRN0Az)3.jpg;https://ei.phncdn.com/videos/202603/18/42394455/original/(m=eaf8GgaaaWavb)(mh=FxTq8XP4BrtRN0Az)4.jpg;https://ei.phncdn.com/videos/202603/18/42394455/original/(m=eaf8GgaaaWavb)(mh=FxTq8XP4BrtRN0Az)5.jpg;https://ei.phncdn.com/videos/202603/18/42394455/original/(m=eaf8GgaaaWavb)(mh=FxTq8XP4BrtRN0Az)6.jpg;https://ei.phncdn.com/videos/202603/18/42394455/original/(m=eaf8GgaaaWavb)(mh=FxTq8XP4BrtRN0Az)7.jpg;https://ei.phncdn.com/videos/202603/18/42394455/original/(m=eaf8GgaaaWavb)(mh=FxTq8XP4BrtRN0Az)8.jpg;https://ei.phncdn.com/videos/202603/18/42394455/original/(m=eaf8GgaaaWavb)(mh=FxTq8XP4BrtRN0Az)9.jpg;https://ei.phncdn.com/videos/202603/18/42394455/original/(m=eaf8GgaaaWavb)(mh=FxTq8XP4BrtRN0Az)10.jpg;https://ei.phncdn.com/videos/202603/18/42394455/original/(m=eaf8GgaaaWavb)(mh=FxTq8XP4BrtRN0Az)11.jpg;https://ei.phncdn.com/videos/202603/18/42394455/original/(m=eaf8GgaaaWavb)(mh=FxTq8XP4BrtRN0Az)12.jpg;https://ei.phncdn.com/videos/202603/18/42394455/original/(m=eaf8GgaaaWavb)(mh=FxTq8XP4BrtRN0Az)13.jpg;https://ei.phncdn.com/videos/202603/18/42394455/original/(m=eaf8GgaaaWavb)(mh=FxTq8XP4BrtRN0Az)14.jpg;https://ei.phncdn.com/videos/202603/18/42394455/original/(m=eaf8GgaaaWavb)(mh=FxTq8XP4BrtRN0Az)15.jpg;https://ei.phncdn.com/videos/202603/18/42394455/original/(m=eaf8GgaaaWavb)(mh=FxTq8XP4BrtRN0Az)16.jpg|Fuck at the friend's guest room 친구네 손님 방에서 야동까지 찍는 커플 [PKRK-048 FS full video]|asian;korean;real-couple;real-couple-homemade;amateur-creampie|Korean;Japanese;Exclusive;Verified Amateurs||574|16876|22|3|https://ei.phncdn.com/videos/202603/18/42394455/original/(m=eaAaGwObaaamqv)(mh=YAB6r5TVwWrk0K0c)6.jpg|https://ei.phncdn.com/videos/202603/18/42394455/original/(m=eaAaGwObaaamqv)(mh=YAB6r5TVwWrk0K0c)1.jpg;https://ei.phncdn.com/videos/202603/18/42394455/original/(m=eaAaGwObaaamqv)(mh=YAB6r5TVwWrk0K0c)2.jpg;https://ei.phncdn.com/videos/202603/18/42394455/original/(m=eaAaGwObaaamqv)(mh=YAB6r5TVwWrk0K0c)3.jpg;https://ei.phncdn.com/videos/202603/18/42394455/original/(m=eaAaGwObaaamqv)(mh=YAB6r5TVwWrk0K0c)4.jpg;https://ei.phncdn.com/videos/202603/18/42394455/original/(m=eaAaGwObaaamqv)(mh=YAB6r5TVwWrk0K0c)5.jpg;https://ei.phncdn.com/videos/202603/18/42394455/original/(m=eaAaGwObaaamqv)(mh=YAB6r5TVwWrk0K0c)6.jpg;https://ei.phncdn.com/videos/202603/18/42394455/original/(m=eaAaGwObaaamqv)(mh=YAB6r5TVwWrk0K0c)7.jpg;https://ei.phncdn.com/videos/202603/18/42394455/original/(m=eaAaGwObaaamqv)(mh=YAB6r5TVwWrk0K0c)8.jpg;https://ei.phncdn.com/videos/202603/18/42394455/original/(m=eaAaGwObaaamqv)(mh=YAB6r5TVwWrk0K0c)9.jpg;https://ei.phncdn.com/videos/202603/18/42394455/original/(m=eaAaGwObaaamqv)(mh=YAB6r5TVwWrk0K0c)10.jpg;https://ei.phncdn.com/videos/202603/18/42394455/original/(m=eaAaGwObaaamqv)(mh=YAB6r5TVwWrk0K0c)11.jpg;https://ei.phncdn.com/videos/202603/18/42394455/original/(m=eaAaGwObaaamqv)(mh=YAB6r5TVwWrk0K0c)12.jpg;https://ei.phncdn.com/videos/202603/18/42394455/original/(m=eaAaGwObaaamqv)(mh=YAB6r5TVwWrk0K0c)13.jpg;https://ei.phncdn.com/videos/202603/18/42394455/original/(m=eaAaGwObaaamqv)(mh=YAB6r5TVwWrk0K0c)14.jpg;https://ei.phncdn.com/videos/202603/18/42394455/original/(m=eaAaGwObaaamqv)(mh=YAB6r5TVwWrk0K0c)15.jpg;https://ei.phncdn.com/videos/202603/18/42394455/original/(m=eaAaGwObaaamqv)(mh=YAB6r5TVwWrk0K0c)16.jpg
<iframe src="https://www.pornhub.com/embed/69ba21f01544a" frameborder="0" height="481" width="608" scrolling="no"></iframe>|https://ei.phncdn.com/videos/202603/18/42389765/original/(m=eaf8GgaaaWavb)(mh=cLTuQVRDs_isDLAe)12.jpg|https://ei.phncdn.com/videos/202603/18/42389765/original/(m=eaf8GgaaaWavb)(mh=cLTuQVRDs_isDLAe)1.jpg;https://ei.phncdn.com/videos/202603/18/42389765/original/(m=eaf8GgaaaWavb)(mh=cLTuQVRDs_isDLAe)2.jpg;https://ei.phncdn.com/videos/202603/18/42389765/original/(m=eaf8GgaaaWavb)(mh=cLTuQVRDs_isDLAe)3.jpg;https://ei.phncdn.com/videos/202603/18/42389765/original/(m=eaf8GgaaaWavb)(mh=cLTuQVRDs_isDLAe)4.jpg;https://ei.phncdn.com/videos/202603/18/42389765/original/(m=eaf8GgaaaWavb)(mh=cLTuQVRDs_isDLAe)5.jpg;https://ei.phncdn.com/videos/202603/18/42389765/original/(m=eaf8GgaaaWavb)(mh=cLTuQVRDs_isDLAe)6.jpg;https://ei.phncdn.com/videos/202603/18/42389765/original/(m=eaf8GgaaaWavb)(mh=cLTuQVRDs_isDLAe)7.jpg;https://ei.phncdn.com/videos/202603/18/42389765/original/(m=eaf8GgaaaWavb)(mh=cLTuQVRDs_isDLAe)8.jpg;https://ei.phncdn.com/videos/202603/18/42389765/original/(m=eaf8GgaaaWavb)(mh=cLTuQVRDs_isDLAe)9.jpg;https://ei.phncdn.com/videos/202603/18/42389765/original/(m=eaf8GgaaaWavb)(mh=cLTuQVRDs_isDLAe)10.jpg;https://ei.phncdn.com/videos/202603/18/42389765/original/(m=eaf8GgaaaWavb)(mh=cLTuQVRDs_isDLAe)11.jpg;https://ei.phncdn.com/videos/202603/18/42389765/original/(m=eaf8GgaaaWavb)(mh=cLTuQVRDs_isDLAe)12.jpg;https://ei.phncdn.com/videos/202603/18/42389765/original/(m=eaf8GgaaaWavb)(mh=cLTuQVRDs_isDLAe)13.jpg;https://ei.phncdn.com/videos/202603/18/42389765/original/(m=eaf8GgaaaWavb)(mh=cLTuQVRDs_isDLAe)14.jpg;https://ei.phncdn.com/videos/202603/18/42389765/original/(m=eaf8GgaaaWavb)(mh=cLTuQVRDs_isDLAe)15.jpg;https://ei.phncdn.com/videos/202603/18/42389765/original/(m=eaf8GgaaaWavb)(mh=cLTuQVRDs_isDLAe)16.jpg|穴あきタイツで騎乗位オナニーJK|jk;japanese;masturbacion;schoolgirl;uniform;dildo;cowgirl;オナニー;日本人;騎乗位;ディルド;巨乳;美少女;制服;タイツ;cute|Korean;Japanese;Exclusive;Verified Amateurs;Solo Female||594|29770|150|11|https://ei.phncdn.com/videos/202603/18/42389765/original/(m=eaAaGwObaaamqv)(mh=LUKHbsI5ELwG5hkA)12.jpg|https://ei.phncdn.com/videos/202603/18/42389765/original/(m=eaAaGwObaaamqv)(mh=LUKHbsI5ELwG5hkA)1.jpg;https://ei.phncdn.com/videos/202603/18/42389765/original/(m=eaAaGwObaaamqv)(mh=LUKHbsI5ELwG5hkA)2.jpg;https://ei.phncdn.com/videos/202603/18/42389765/original/(m=eaAaGwObaaamqv)(mh=LUKHbsI5ELwG5hkA)3.jpg;https://ei.phncdn.com/videos/202603/18/42389765/original/(m=eaAaGwObaaamqv)(mh=LUKHbsI5ELwG5hkA)4.jpg;https://ei.phncdn.com/videos/202603/18/42389765/original/(m=eaAaGwObaaamqv)(mh=LUKHbsI5ELwG5hkA)5.jpg;https://ei.phncdn.com/videos/202603/18/42389765/original/(m=eaAaGwObaaamqv)(mh=LUKHbsI5ELwG5hkA)6.jpg;https://ei.phncdn.com/videos/202603/18/42389765/original/(m=eaAaGwObaaamqv)(mh=LUKHbsI5ELwG5hkA)7.jpg;https://ei.phncdn.com/videos/202603/18/42389765/original/(m=eaAaGwObaaamqv)(mh=LUKHbsI5ELwG5hkA)8.jpg;https://ei.phncdn.com/videos/202603/18/42389765/original/(m=eaAaGwObaaamqv)(mh=LUKHbsI5ELwG5hkA)9.jpg;https://ei.phncdn.com/videos/202603/18/42389765/original/(m=eaAaGwObaaamqv)(mh=LUKHbsI5ELwG5hkA)10.jpg;https://ei.phncdn.com/videos/202603/18/42389765/original/(m=eaAaGwObaaamqv)(mh=LUKHbsI5ELwG5hkA)11.jpg;https://ei.phncdn.com/videos/202603/18/42389765/original/(m=eaAaGwObaaamqv)(mh=LUKHbsI5ELwG5hkA)12.jpg;https://ei.phncdn.com/videos/202603/18/42389765/original/(m=eaAaGwObaaamqv)(mh=LUKHbsI5ELwG5hkA)13.jpg;https://ei.phncdn.com/videos/202603/18/42389765/original/(m=eaAaGwObaaamqv)(mh=LUKHbsI5ELwG5hkA)14.jpg;https://ei.phncdn.com/videos/202603/18/42389765/original/(m=eaAaGwObaaamqv)(mh=LUKHbsI5ELwG5hkA)15.jpg;https://ei.phncdn.com/videos/202603/18/42389765/original/(m=eaAaGwObaaamqv)(mh=LUKHbsI5ELwG5hkA)16.jpg
<iframe src="https://www.pornhub.com/embed/69ba2206f0625" frameborder="0" height="481" width="608" scrolling="no"></iframe>|https://ei.phncdn.com/videos/202603/18/42389805/original/(m=eaf8GgaaaWavb)(mh=wOPe8LFN5jW6UIF2)12.jpg|https://ei.phncdn.com/videos/202603/18/42389805/original/(m=eaf8GgaaaWavb)(mh=wOPe8LFN5jW6UIF2)1.jpg;https://ei.phncdn.com/videos/202603/18/42389805/original/(m=eaf8GgaaaWavb)(mh=wOPe8LFN5jW6UIF2)2.jpg;https://ei.phncdn.com/videos/202603/18/42389805/original/(m=eaf8GgaaaWavb)(mh=wOPe8LFN5jW6UIF2)3.jpg;https://ei.phncdn.com/videos/202603/18/42389805/original/(m=eaf8GgaaaWavb)(mh=wOPe8LFN5jW6UIF2)4.jpg;https://ei.phncdn.com/videos/202603/18/42389805/original/(m=eaf8GgaaaWavb)(mh=wOPe8LFN5jW6UIF2)5.jpg;https://ei.phncdn.com/videos/202603/18/42389805/original/(m=eaf8GgaaaWavb)(mh=wOPe8LFN5jW6UIF2)6.jpg;https://ei.phncdn.com/videos/202603/18/42389805/original/(m=eaf8GgaaaWavb)(mh=wOPe8LFN5jW6UIF2)7.jpg;https://ei.phncdn.com/videos/202603/18/42389805/original/(m=eaf8GgaaaWavb)(mh=wOPe8LFN5jW6UIF2)8.jpg;https://ei.phncdn.com/videos/202603/18/42389805/original/(m=eaf8GgaaaWavb)(mh=wOPe8LFN5jW6UIF2)9.jpg;https://ei.phncdn.com/videos/202603/18/42389805/original/(m=eaf8GgaaaWavb)(mh=wOPe8LFN5jW6UIF2)10.jpg;https://ei.phncdn.com/videos/202603/18/42389805/original/(m=eaf8GgaaaWavb)(mh=wOPe8LFN5jW6UIF2)11.jpg;https://ei.phncdn.com/videos/202603/18/42389805/original/(m=eaf8GgaaaWavb)(mh=wOPe8LFN5jW6UIF2)12.jpg;https://ei.phncdn.com/videos/202603/18/42389805/original/(m=eaf8GgaaaWavb)(mh=wOPe8LFN5jW6UIF2)13.jpg;https://ei.phncdn.com/videos/202603/18/42389805/original/(m=eaf8GgaaaWavb)(mh=wOPe8LFN5jW6UIF2)14.jpg;https://ei.phncdn.com/videos/202603/18/42389805/original/(m=eaf8GgaaaWavb)(mh=wOPe8LFN5jW6UIF2)15.jpg;https://ei.phncdn.com/videos/202603/18/42389805/original/(m=eaf8GgaaaWavb)(mh=wOPe8LFN5jW6UIF2)16.jpg|帰ってきてすぐにオナニーしておもらししちゃう変態JK|jk;japanese;masturbacion;pee;uniform;schoolgirl;toys;日本人;オナニー;美少女;おしっこ;ローター;バイブ;巨乳;タイツ;cute|Korean;Exclusive;Verified Amateurs;Solo Female||668|19738|95|11|https://ei.phncdn.com/videos/202603/18/42389805/original/(m=eaAaGwObaaamqv)(mh=olhbkcSfoeIVRoY6)12.jpg|https://ei.phncdn.com/videos/202603/18/42389805/original/(m=eaAaGwObaaamqv)(mh=olhbkcSfoeIVRoY6)1.jpg;https://ei.phncdn.com/videos/202603/18/42389805/original/(m=eaAaGwObaaamqv)(mh=olhbkcSfoeIVRoY6)2.jpg;https://ei.phncdn.com/videos/202603/18/42389805/original/(m=eaAaGwObaaamqv)(mh=olhbkcSfoeIVRoY6)3.jpg;https://ei.phncdn.com/videos/202603/18/42389805/original/(m=eaAaGwObaaamqv)(mh=olhbkcSfoeIVRoY6)4.jpg;https://ei.phncdn.com/videos/202603/18/42389805/original/(m=eaAaGwObaaamqv)(mh=olhbkcSfoeIVRoY6)5.jpg;https://ei.phncdn.com/videos/202603/18/42389805/original/(m=eaAaGwObaaamqv)(mh=olhbkcSfoeIVRoY6)6.jpg;https://ei.phncdn.com/videos/202603/18/42389805/original/(m=eaAaGwObaaamqv)(mh=olhbkcSfoeIVRoY6)7.jpg;https://ei.phncdn.com/videos/202603/18/42389805/original/(m=eaAaGwObaaamqv)(mh=olhbkcSfoeIVRoY6)8.jpg;https://ei.phncdn.com/videos/202603/18/42389805/original/(m=eaAaGwObaaamqv)(mh=olhbkcSfoeIVRoY6)9.jpg;https://ei.phncdn.com/videos/202603/18/42389805/original/(m=eaAaGwObaaamqv)(mh=olhbkcSfoeIVRoY6)10.jpg;https://ei.phncdn.com/videos/202603/18/42389805/original/(m=eaAaGwObaaamqv)(mh=olhbkcSfoeIVRoY6)11.jpg;https://ei.phncdn.com/videos/202603/18/42389805/original/(m=eaAaGwObaaamqv)(mh=olhbkcSfoeIVRoY6)12.jpg;https://ei.phncdn.com/videos/202603/18/42389805/original/(m=eaAaGwObaaamqv)(mh=olhbkcSfoeIVRoY6)13.jpg;https://ei.phncdn.com/videos/202603/18/42389805/original/(m=eaAaGwObaaamqv)(mh=olhbkcSfoeIVRoY6)14.jpg;https://ei.phncdn.com/videos/202603/18/42389805/original/(m=eaAaGwObaaamqv)(mh=olhbkcSfoeIVRoY6)15.jpg;https://ei.phncdn.com/videos/202603/18/42389805/original/(m=eaAaGwObaaamqv)(mh=olhbkcSfoeIVRoY6)16.jpg
<iframe src="https://www.pornhub.com/embed/69ba32aa4d165" frameborder="0" height="481" width="608" scrolling="no"></iframe>|https://ei.phncdn.com/videos/202603/18/42395965/thumbs_1/(m=eaf8GgaaaWavb)(mh=JKTXUwdo3v-i--AH)1.jpg|https://ei.phncdn.com/videos/202603/18/42395965/thumbs_1/(m=eaf8GgaaaWavb)(mh=JKTXUwdo3v-i--AH)1.jpg;https://ei.phncdn.com/videos/202603/18/42395965/thumbs_1/(m=eaf8GgaaaWavb)(mh=JKTXUwdo3v-i--AH)2.jpg;https://ei.phncdn.com/videos/202603/18/42395965/thumbs_1/(m=eaf8GgaaaWavb)(mh=JKTXUwdo3v-i--AH)3.jpg;https://ei.phncdn.com/videos/202603/18/42395965/thumbs_1/(m=eaf8GgaaaWavb)(mh=JKTXUwdo3v-i--AH)4.jpg;https://ei.phncdn.com/videos/202603/18/42395965/thumbs_1/(m=eaf8GgaaaWavb)(mh=JKTXUwdo3v-i--AH)5.jpg;https://ei.phncdn.com/videos/202603/18/42395965/thumbs_1/(m=eaf8GgaaaWavb)(mh=JKTXUwdo3v-i--AH)6.jpg;https://ei.phncdn.com/videos/202603/18/42395965/thumbs_1/(m=eaf8GgaaaWavb)(mh=JKTXUwdo3v-i--AH)7.jpg;https://ei.phncdn.com/videos/202603/18/42395965/thumbs_1/(m=eaf8GgaaaWavb)(mh=JKTXUwdo3v-i--AH)8.jpg;https://ei.phncdn.com/videos/202603/18/42395965/thumbs_1/(m=eaf8GgaaaWavb)(mh=JKTXUwdo3v-i--AH)9.jpg;https://ei.phncdn.com/videos/202603/18/42395965/thumbs_1/(m=eaf8GgaaaWavb)(mh=JKTXUwdo3v-i--AH)10.jpg;https://ei.phncdn.com/videos/202603/18/42395965/thumbs_1/(m=eaf8GgaaaWavb)(mh=JKTXUwdo3v-i--AH)11.jpg;https://ei.phncdn.com/videos/202603/18/42395965/thumbs_1/(m=eaf8GgaaaWavb)(mh=JKTXUwdo3v-i--AH)12.jpg;https://ei.phncdn.com/videos/202603/18/42395965/thumbs_1/(m=eaf8GgaaaWavb)(mh=JKTXUwdo3v-i--AH)13.jpg;https://ei.phncdn.com/videos/202603/18/42395965/thumbs_1/(m=eaf8GgaaaWavb)(mh=JKTXUwdo3v-i--AH)14.jpg;https://ei.phncdn.com/videos/202603/18/42395965/thumbs_1/(m=eaf8GgaaaWavb)(mh=JKTXUwdo3v-i--AH)15.jpg;https://ei.phncdn.com/videos/202603/18/42395965/thumbs_1/(m=eaf8GgaaaWavb)(mh=JKTXUwdo3v-i--AH)16.jpg|Try New Candies with me for Saint Paddy's Day Celebration 4K|all-natural;small-tits;asian;goddess;talking;teasing;lingerie;saint-patricks-day;petite|Korean;Exclusive;Verified Amateurs;Solo Female||701|888|3|2|https://ei.phncdn.com/videos/202603/18/42395965/thumbs_1/(m=eaAaGwObaaamqv)(mh=5ulJLxxYwvGzCqt-)1.jpg|https://ei.phncdn.com/videos/202603/18/42395965/thumbs_1/(m=eaAaGwObaaamqv)(mh=5ulJLxxYwvGzCqt-)1.jpg;https://ei.phncdn.com/videos/202603/18/42395965/thumbs_1/(m=eaAaGwObaaamqv)(mh=5ulJLxxYwvGzCqt-)2.jpg;https://ei.phncdn.com/videos/202603/18/42395965/thumbs_1/(m=eaAaGwObaaamqv)(mh=5ulJLxxYwvGzCqt-)3.jpg;https://ei.phncdn.com/videos/202603/18/42395965/thumbs_1/(m=eaAaGwObaaamqv)(mh=5ulJLxxYwvGzCqt-)4.jpg;https://ei.phncdn.com/videos/202603/18/42395965/thumbs_1/(m=eaAaGwObaaamqv)(mh=5ulJLxxYwvGzCqt-)5.jpg;https://ei.phncdn.com/videos/202603/18/42395965/thumbs_1/(m=eaAaGwObaaamqv)(mh=5ulJLxxYwvGzCqt-)6.jpg;https://ei.phncdn.com/videos/202603/18/42395965/thumbs_1/(m=eaAaGwObaaamqv)(mh=5ulJLxxYwvGzCqt-)7.jpg;https://ei.phncdn.com/videos/202603/18/42395965/thumbs_1/(m=eaAaGwObaaamqv)(mh=5ulJLxxYwvGzCqt-)8.jpg;https://ei.phncdn.com/videos/202603/18/42395965/thumbs_1/(m=eaAaGwObaaamqv)(mh=5ulJLxxYwvGzCqt-)9.jpg;https://ei.phncdn.com/videos/202603/18/42395965/thumbs_1/(m=eaAaGwObaaamqv)(mh=5ulJLxxYwvGzCqt-)10.jpg;https://ei.phncdn.com/videos/202603/18/42395965/thumbs_1/(m=eaAaGwObaaamqv)(mh=5ulJLxxYwvGzCqt-)11.jpg;https://ei.phncdn.com/videos/202603/18/42395965/thumbs_1/(m=eaAaGwObaaamqv)(mh=5ulJLxxYwvGzCqt-)12.jpg;https://ei.phncdn.com/videos/202603/18/42395965/thumbs_1/(m=eaAaGwObaaamqv)(mh=5ulJLxxYwvGzCqt-)13.jpg;https://ei.phncdn.com/videos/202603/18/42395965/thumbs_1/(m=eaAaGwObaaamqv)(mh=5ulJLxxYwvGzCqt-)14.jpg;https://ei.phncdn.com/videos/202603/18/42395965/thumbs_1/(m=eaAaGwObaaamqv)(mh=5ulJLxxYwvGzCqt-)15.jpg;https://ei.phncdn.com/videos/202603/18/42395965/thumbs_1/(m=eaAaGwObaaamqv)(mh=5ulJLxxYwvGzCqt-)16.jpg
<iframe src="https://www.pornhub.com/embed/69ba3fa5715da" frameborder="0" height="481" width="608" scrolling="no"></iframe>|https://ei.phncdn.com/videos/202603/18/42399305/original/(m=eaf8GgaaaWavb)(mh=C8Vm7QfK67o3em69)12.jpg|https://ei.phncdn.com/videos/202603/18/42399305/original/(m=eaf8GgaaaWavb)(mh=C8Vm7QfK67o3em69)1.jpg;https://ei.phncdn.com/videos/202603/18/42399305/original/(m=eaf8GgaaaWavb)(mh=C8Vm7QfK67o3em69)2.jpg;https://ei.phncdn.com/videos/202603/18/42399305/original/(m=eaf8GgaaaWavb)(mh=C8Vm7QfK67o3em69)3.jpg;https://ei.phncdn.com/videos/202603/18/42399305/original/(m=eaf8GgaaaWavb)(mh=C8Vm7QfK67o3em69)4.jpg;https://ei.phncdn.com/videos/202603/18/42399305/original/(m=eaf8GgaaaWavb)(mh=C8Vm7QfK67o3em69)5.jpg;https://ei.phncdn.com/videos/202603/18/42399305/original/(m=eaf8GgaaaWavb)(mh=C8Vm7QfK67o3em69)6.jpg;https://ei.phncdn.com/videos/202603/18/42399305/original/(m=eaf8GgaaaWavb)(mh=C8Vm7QfK67o3em69)7.jpg;https://ei.phncdn.com/videos/202603/18/42399305/original/(m=eaf8GgaaaWavb)(mh=C8Vm7QfK67o3em69)8.jpg;https://ei.phncdn.com/videos/202603/18/42399305/original/(m=eaf8GgaaaWavb)(mh=C8Vm7QfK67o3em69)9.jpg;https://ei.phncdn.com/videos/202603/18/42399305/original/(m=eaf8GgaaaWavb)(mh=C8Vm7QfK67o3em69)10.jpg;https://ei.phncdn.com/videos/202603/18/42399305/original/(m=eaf8GgaaaWavb)(mh=C8Vm7QfK67o3em69)11.jpg;https://ei.phncdn.com/videos/202603/18/42399305/original/(m=eaf8GgaaaWavb)(mh=C8Vm7QfK67o3em69)12.jpg;https://ei.phncdn.com/videos/202603/18/42399305/original/(m=eaf8GgaaaWavb)(mh=C8Vm7QfK67o3em69)13.jpg;https://ei.phncdn.com/videos/202603/18/42399305/original/(m=eaf8GgaaaWavb)(mh=C8Vm7QfK67o3em69)14.jpg;https://ei.phncdn.com/videos/202603/18/42399305/original/(m=eaf8GgaaaWavb)(mh=C8Vm7QfK67o3em69)15.jpg;https://ei.phncdn.com/videos/202603/18/42399305/original/(m=eaf8GgaaaWavb)(mh=C8Vm7QfK67o3em69)16.jpg|The sultry Asian beauty Nautica Thorn offers a blowjob and has her pussy eaten out|asian;high-heels;bikini;spanking;brunette;big-ass;big-nipples;blowjob;deep-throat;eating-pussy|Korean;Japanese||1597|4546|28|0|https://ei.phncdn.com/videos/202603/18/42399305/original/(m=eaAaGwObaaamqv)(mh=_6RDm7iXPwsxJkTb)12.jpg|https://ei.phncdn.com/videos/202603/18/42399305/original/(m=eaAaGwObaaamqv)(mh=_6RDm7iXPwsxJkTb)1.jpg;https://ei.phncdn.com/videos/202603/18/42399305/original/(m=eaAaGwObaaamqv)(mh=_6RDm7iXPwsxJkTb)2.jpg;https://ei.phncdn.com/videos/202603/18/42399305/original/(m=eaAaGwObaaamqv)(mh=_6RDm7iXPwsxJkTb)3.jpg;https://ei.phncdn.com/videos/202603/18/42399305/original/(m=eaAaGwObaaamqv)(mh=_6RDm7iXPwsxJkTb)4.jpg;https://ei.phncdn.com/videos/202603/18/42399305/original/(m=eaAaGwObaaamqv)(mh=_6RDm7iXPwsxJkTb)5.jpg;https://ei.phncdn.com/videos/202603/18/42399305/original/(m=eaAaGwObaaamqv)(mh=_6RDm7iXPwsxJkTb)6.jpg;https://ei.phncdn.com/videos/202603/18/42399305/original/(m=eaAaGwObaaamqv)(mh=_6RDm7iXPwsxJkTb)7.jpg;https://ei.phncdn.com/videos/202603/18/42399305/original/(m=eaAaGwObaaamqv)(mh=_6RDm7iXPwsxJkTb)8.jpg;https://ei.phncdn.com/videos/202603/18/42399305/original/(m=eaAaGwObaaamqv)(mh=_6RDm7iXPwsxJkTb)9.jpg;https://ei.phncdn.com/videos/202603/18/42399305/original/(m=eaAaGwObaaamqv)(mh=_6RDm7iXPwsxJkTb)10.jpg;https://ei.phncdn.com/videos/202603/18/42399305/original/(m=eaAaGwObaaamqv)(mh=_6RDm7iXPwsxJkTb)11.jpg;https://ei.phncdn.com/videos/202603/18/42399305/original/(m=eaAaGwObaaamqv)(mh=_6RDm7iXPwsxJkTb)12.jpg;https://ei.phncdn.com/videos/202603/18/42399305/original/(m=eaAaGwObaaamqv)(mh=_6RDm7iXPwsxJkTb)13.jpg;https://ei.phncdn.com/videos/202603/18/42399305/original/(m=eaAaGwObaaamqv)(mh=_6RDm7iXPwsxJkTb)14.jpg;https://ei.phncdn.com/videos/202603/18/42399305/original/(m=eaAaGwObaaamqv)(mh=_6RDm7iXPwsxJkTb)15.jpg;https://ei.phncdn.com/videos/202603/18/42399305/original/(m=eaAaGwObaaamqv)(mh=_6RDm7iXPwsxJkTb)16.jpg
<iframe src="https://www.pornhub.com/embed/69ba41a4d3b6c" frameborder="0" height="481" width="608" scrolling="no"></iframe>|https://ei.phncdn.com/videos/202603/18/42399605/original/(m=eaf8GgaaaWavb)(mh=9147xx3_8-kR14Sd)12.jpg|https://ei.phncdn.com/videos/202603/18/42399605/original/(m=eaf8GgaaaWavb)(mh=9147xx3_8-kR14Sd)1.jpg;https://ei.phncdn.com/videos/202603/18/42399605/original/(m=eaf8GgaaaWavb)(mh=9147xx3_8-kR14Sd)2.jpg;https://ei.phncdn.com/videos/202603/18/42399605/original/(m=eaf8GgaaaWavb)(mh=9147xx3_8-kR14Sd)3.jpg;https://ei.phncdn.com/videos/202603/18/42399605/original/(m=eaf8GgaaaWavb)(mh=9147xx3_8-kR14Sd)4.jpg;https://ei.phncdn.com/videos/202603/18/42399605/original/(m=eaf8GgaaaWavb)(mh=9147xx3_8-kR14Sd)5.jpg;https://ei.phncdn.com/videos/202603/18/42399605/original/(m=eaf8GgaaaWavb)(mh=9147xx3_8-kR14Sd)6.jpg;https://ei.phncdn.com/videos/202603/18/42399605/original/(m=eaf8GgaaaWavb)(mh=9147xx3_8-kR14Sd)7.jpg;https://ei.phncdn.com/videos/202603/18/42399605/original/(m=eaf8GgaaaWavb)(mh=9147xx3_8-kR14Sd)8.jpg;https://ei.phncdn.com/videos/202603/18/42399605/original/(m=eaf8GgaaaWavb)(mh=9147xx3_8-kR14Sd)9.jpg;https://ei.phncdn.com/videos/202603/18/42399605/original/(m=eaf8GgaaaWavb)(mh=9147xx3_8-kR14Sd)10.jpg;https://ei.phncdn.com/videos/202603/18/42399605/original/(m=eaf8GgaaaWavb)(mh=9147xx3_8-kR14Sd)11.jpg;https://ei.phncdn.com/videos/202603/18/42399605/original/(m=eaf8GgaaaWavb)(mh=9147xx3_8-kR14Sd)12.jpg;https://ei.phncdn.com/videos/202603/18/42399605/original/(m=eaf8GgaaaWavb)(mh=9147xx3_8-kR14Sd)13.jpg;https://ei.phncdn.com/videos/202603/18/42399605/original/(m=eaf8GgaaaWavb)(mh=9147xx3_8-kR14Sd)14.jpg;https://ei.phncdn.com/videos/202603/18/42399605/original/(m=eaf8GgaaaWavb)(mh=9147xx3_8-kR14Sd)15.jpg;https://ei.phncdn.com/videos/202603/18/42399605/original/(m=eaf8GgaaaWavb)(mh=9147xx3_8-kR14Sd)16.jpg|Really lovely woman Jassie is infatuated with missionary style and ramming dogs|high-heels;tattoo;skinny;small-tits;fingering;blowjob;deep-throat;missionary;reverse-cowgirl;doggy-style|Korean||987|893|7|1|https://ei.phncdn.com/videos/202603/18/42399605/original/(m=eaAaGwObaaamqv)(mh=VAuIkcGnVXgxDaAI)12.jpg|https://ei.phncdn.com/videos/202603/18/42399605/original/(m=eaAaGwObaaamqv)(mh=VAuIkcGnVXgxDaAI)1.jpg;https://ei.phncdn.com/videos/202603/18/42399605/original/(m=eaAaGwObaaamqv)(mh=VAuIkcGnVXgxDaAI)2.jpg;https://ei.phncdn.com/videos/202603/18/42399605/original/(m=eaAaGwObaaamqv)(mh=VAuIkcGnVXgxDaAI)3.jpg;https://ei.phncdn.com/videos/202603/18/42399605/original/(m=eaAaGwObaaamqv)(mh=VAuIkcGnVXgxDaAI)4.jpg;https://ei.phncdn.com/videos/202603/18/42399605/original/(m=eaAaGwObaaamqv)(mh=VAuIkcGnVXgxDaAI)5.jpg;https://ei.phncdn.com/videos/202603/18/42399605/original/(m=eaAaGwObaaamqv)(mh=VAuIkcGnVXgxDaAI)6.jpg;https://ei.phncdn.com/videos/202603/18/42399605/original/(m=eaAaGwObaaamqv)(mh=VAuIkcGnVXgxDaAI)7.jpg;https://ei.phncdn.com/videos/202603/18/42399605/original/(m=eaAaGwObaaamqv)(mh=VAuIkcGnVXgxDaAI)8.jpg;https://ei.phncdn.com/videos/202603/18/42399605/original/(m=eaAaGwObaaamqv)(mh=VAuIkcGnVXgxDaAI)9.jpg;https://ei.phncdn.com/videos/202603/18/42399605/original/(m=eaAaGwObaaamqv)(mh=VAuIkcGnVXgxDaAI)10.jpg;https://ei.phncdn.com/videos/202603/18/42399605/original/(m=eaAaGwObaaamqv)(mh=VAuIkcGnVXgxDaAI)11.jpg;https://ei.phncdn.com/videos/202603/18/42399605/original/(m=eaAaGwObaaamqv)(mh=VAuIkcGnVXgxDaAI)12.jpg;https://ei.phncdn.com/videos/202603/18/42399605/original/(m=eaAaGwObaaamqv)(mh=VAuIkcGnVXgxDaAI)13.jpg;https://ei.phncdn.com/videos/202603/18/42399605/original/(m=eaAaGwObaaamqv)(mh=VAuIkcGnVXgxDaAI)14.jpg;https://ei.phncdn.com/videos/202603/18/42399605/original/(m=eaAaGwObaaamqv)(mh=VAuIkcGnVXgxDaAI)15.jpg;https://ei.phncdn.com/videos/202603/18/42399605/original/(m=eaAaGwObaaamqv)(mh=VAuIkcGnVXgxDaAI)16.jpg
<iframe src="https://www.pornhub.com/embed/69ba42029d815" frameborder="0" height="481" width="608" scrolling="no"></iframe>|https://ei.phncdn.com/videos/202603/18/42399665/original/(m=eaf8GgaaaWavb)(mh=AHFncKcDn_un5Zly)12.jpg|https://ei.phncdn.com/videos/202603/18/42399665/original/(m=eaf8GgaaaWavb)(mh=AHFncKcDn_un5Zly)1.jpg;https://ei.phncdn.com/videos/202603/18/42399665/original/(m=eaf8GgaaaWavb)(mh=AHFncKcDn_un5Zly)2.jpg;https://ei.phncdn.com/videos/202603/18/42399665/original/(m=eaf8GgaaaWavb)(mh=AHFncKcDn_un5Zly)3.jpg;https://ei.phncdn.com/videos/202603/18/42399665/original/(m=eaf8GgaaaWavb)(mh=AHFncKcDn_un5Zly)4.jpg;https://ei.phncdn.com/videos/202603/18/42399665/original/(m=eaf8GgaaaWavb)(mh=AHFncKcDn_un5Zly)5.jpg;https://ei.phncdn.com/videos/202603/18/42399665/original/(m=eaf8GgaaaWavb)(mh=AHFncKcDn_un5Zly)6.jpg;https://ei.phncdn.com/videos/202603/18/42399665/original/(m=eaf8GgaaaWavb)(mh=AHFncKcDn_un5Zly)7.jpg;https://ei.phncdn.com/videos/202603/18/42399665/original/(m=eaf8GgaaaWavb)(mh=AHFncKcDn_un5Zly)8.jpg;https://ei.phncdn.com/videos/202603/18/42399665/original/(m=eaf8GgaaaWavb)(mh=AHFncKcDn_un5Zly)9.jpg;https://ei.phncdn.com/videos/202603/18/42399665/original/(m=eaf8GgaaaWavb)(mh=AHFncKcDn_un5Zly)10.jpg;https://ei.phncdn.com/videos/202603/18/42399665/original/(m=eaf8GgaaaWavb)(mh=AHFncKcDn_un5Zly)11.jpg;https://ei.phncdn.com/videos/202603/18/42399665/original/(m=eaf8GgaaaWavb)(mh=AHFncKcDn_un5Zly)12.jpg;https://ei.phncdn.com/videos/202603/18/42399665/original/(m=eaf8GgaaaWavb)(mh=AHFncKcDn_un5Zly)13.jpg;https://ei.phncdn.com/videos/202603/18/42399665/original/(m=eaf8GgaaaWavb)(mh=AHFncKcDn_un5Zly)14.jpg;https://ei.phncdn.com/videos/202603/18/42399665/original/(m=eaf8GgaaaWavb)(mh=AHFncKcDn_un5Zly)15.jpg;https://ei.phncdn.com/videos/202603/18/42399665/original/(m=eaf8GgaaaWavb)(mh=AHFncKcDn_un5Zly)16.jpg|a sultry lesbian encounter including the well-known Finesse Navaro and her blonde companions|high-heels;small-tits;skinny;big-ass;lingerie;tattoo;blonde;dildo;sex-toy;lesbian|Korean||1382|2631|11|1|https://ei.phncdn.com/videos/202603/18/42399665/original/(m=eaAaGwObaaamqv)(mh=dSrh7LaO-MSmELvU)12.jpg|https://ei.phncdn.com/videos/202603/18/42399665/original/(m=eaAaGwObaaamqv)(mh=dSrh7LaO-MSmELvU)1.jpg;https://ei.phncdn.com/videos/202603/18/42399665/original/(m=eaAaGwObaaamqv)(mh=dSrh7LaO-MSmELvU)2.jpg;https://ei.phncdn.com/videos/202603/18/42399665/original/(m=eaAaGwObaaamqv)(mh=dSrh7LaO-MSmELvU)3.jpg;https://ei.phncdn.com/videos/202603/18/42399665/original/(m=eaAaGwObaaamqv)(mh=dSrh7LaO-MSmELvU)4.jpg;https://ei.phncdn.com/videos/202603/18/42399665/original/(m=eaAaGwObaaamqv)(mh=dSrh7LaO-MSmELvU)5.jpg;https://ei.phncdn.com/videos/202603/18/42399665/original/(m=eaAaGwObaaamqv)(mh=dSrh7LaO-MSmELvU)6.jpg;https://ei.phncdn.com/videos/202603/18/42399665/original/(m=eaAaGwObaaamqv)(mh=dSrh7LaO-MSmELvU)7.jpg;https://ei.phncdn.com/videos/202603/18/42399665/original/(m=eaAaGwObaaamqv)(mh=dSrh7LaO-MSmELvU)8.jpg;https://ei.phncdn.com/videos/202603/18/42399665/original/(m=eaAaGwObaaamqv)(mh=dSrh7LaO-MSmELvU)9.jpg;https://ei.phncdn.com/videos/202603/18/42399665/original/(m=eaAaGwObaaamqv)(mh=dSrh7LaO-MSmELvU)10.jpg;https://ei.phncdn.com/videos/202603/18/42399665/original/(m=eaAaGwObaaamqv)(mh=dSrh7LaO-MSmELvU)11.jpg;https://ei.phncdn.com/videos/202603/18/42399665/original/(m=eaAaGwObaaamqv)(mh=dSrh7LaO-MSmELvU)12.jpg;https://ei.phncdn.com/videos/202603/18/42399665/original/(m=eaAaGwObaaamqv)(mh=dSrh7LaO-MSmELvU)13.jpg;https://ei.phncdn.com/videos/202603/18/42399665/original/(m=eaAaGwObaaamqv)(mh=dSrh7LaO-MSmELvU)14.jpg;https://ei.phncdn.com/videos/202603/18/42399665/original/(m=eaAaGwObaaamqv)(mh=dSrh7LaO-MSmELvU)15.jpg;https://ei.phncdn.com/videos/202603/18/42399665/original/(m=eaAaGwObaaamqv)(mh=dSrh7LaO-MSmELvU)16.jpg
<iframe src="https://www.pornhub.com/embed/69ba4264583bc" frameborder="0" height="481" width="608" scrolling="no"></iframe>|https://ei.phncdn.com/videos/202603/18/42399725/original/(m=eaf8GgaaaWavb)(mh=0KQsl9G9FXLnb1du)12.jpg|https://ei.phncdn.com/videos/202603/18/42399725/original/(m=eaf8GgaaaWavb)(mh=0KQsl9G9FXLnb1du)1.jpg;https://ei.phncdn.com/videos/202603/18/42399725/original/(m=eaf8GgaaaWavb)(mh=0KQsl9G9FXLnb1du)2.jpg;https://ei.phncdn.com/videos/202603/18/42399725/original/(m=eaf8GgaaaWavb)(mh=0KQsl9G9FXLnb1du)3.jpg;https://ei.phncdn.com/videos/202603/18/42399725/original/(m=eaf8GgaaaWavb)(mh=0KQsl9G9FXLnb1du)4.jpg;https://ei.phncdn.com/videos/202603/18/42399725/original/(m=eaf8GgaaaWavb)(mh=0KQsl9G9FXLnb1du)5.jpg;https://ei.phncdn.com/videos/202603/18/42399725/original/(m=eaf8GgaaaWavb)(mh=0KQsl9G9FXLnb1du)6.jpg;https://ei.phncdn.com/videos/202603/18/42399725/original/(m=eaf8GgaaaWavb)(mh=0KQsl9G9FXLnb1du)7.jpg;https://ei.phncdn.com/videos/202603/18/42399725/original/(m=eaf8GgaaaWavb)(mh=0KQsl9G9FXLnb1du)8.jpg;https://ei.phncdn.com/videos/202603/18/42399725/original/(m=eaf8GgaaaWavb)(mh=0KQsl9G9FXLnb1du)9.jpg;https://ei.phncdn.com/videos/202603/18/42399725/original/(m=eaf8GgaaaWavb)(mh=0KQsl9G9FXLnb1du)10.jpg;https://ei.phncdn.com/videos/202603/18/42399725/original/(m=eaf8GgaaaWavb)(mh=0KQsl9G9FXLnb1du)11.jpg;https://ei.phncdn.com/videos/202603/18/42399725/original/(m=eaf8GgaaaWavb)(mh=0KQsl9G9FXLnb1du)12.jpg;https://ei.phncdn.com/videos/202603/18/42399725/original/(m=eaf8GgaaaWavb)(mh=0KQsl9G9FXLnb1du)13.jpg;https://ei.phncdn.com/videos/202603/18/42399725/original/(m=eaf8GgaaaWavb)(mh=0KQsl9G9FXLnb1du)14.jpg;https://ei.phncdn.com/videos/202603/18/42399725/original/(m=eaf8GgaaaWavb)(mh=0KQsl9G9FXLnb1du)15.jpg;https://ei.phncdn.com/videos/202603/18/42399725/original/(m=eaf8GgaaaWavb)(mh=0KQsl9G9FXLnb1du)16.jpg|After indulging in a hot Asian cigarette, A attractive guy gives Nyomi Marcella a missionary-style fuck|asian;small-tits;skinny;big-ass;stockings;dildo;sex-toy;eating-pussy;blowjob;deep-throat|Korean||1249|3970|20|4|https://ei.phncdn.com/videos/202603/18/42399725/original/(m=eaAaGwObaaamqv)(mh=bhhzNBiMUTFCR0PH)12.jpg|https://ei.phncdn.com/videos/202603/18/42399725/original/(m=eaAaGwObaaamqv)(mh=bhhzNBiMUTFCR0PH)1.jpg;https://ei.phncdn.com/videos/202603/18/42399725/original/(m=eaAaGwObaaamqv)(mh=bhhzNBiMUTFCR0PH)2.jpg;https://ei.phncdn.com/videos/202603/18/42399725/original/(m=eaAaGwObaaamqv)(mh=bhhzNBiMUTFCR0PH)3.jpg;https://ei.phncdn.com/videos/202603/18/42399725/original/(m=eaAaGwObaaamqv)(mh=bhhzNBiMUTFCR0PH)4.jpg;https://ei.phncdn.com/videos/202603/18/42399725/original/(m=eaAaGwObaaamqv)(mh=bhhzNBiMUTFCR0PH)5.jpg;https://ei.phncdn.com/videos/202603/18/42399725/original/(m=eaAaGwObaaamqv)(mh=bhhzNBiMUTFCR0PH)6.jpg;https://ei.phncdn.com/videos/202603/18/42399725/original/(m=eaAaGwObaaamqv)(mh=bhhzNBiMUTFCR0PH)7.jpg;https://ei.phncdn.com/videos/202603/18/42399725/original/(m=eaAaGwObaaamqv)(mh=bhhzNBiMUTFCR0PH)8.jpg;https://ei.phncdn.com/videos/202603/18/42399725/original/(m=eaAaGwObaaamqv)(mh=bhhzNBiMUTFCR0PH)9.jpg;https://ei.phncdn.com/videos/202603/18/42399725/original/(m=eaAaGwObaaamqv)(mh=bhhzNBiMUTFCR0PH)10.jpg;https://ei.phncdn.com/videos/202603/18/42399725/original/(m=eaAaGwObaaamqv)(mh=bhhzNBiMUTFCR0PH)11.jpg;https://ei.phncdn.com/videos/202603/18/42399725/original/(m=eaAaGwObaaamqv)(mh=bhhzNBiMUTFCR0PH)12.jpg;https://ei.phncdn.com/videos/202603/18/42399725/original/(m=eaAaGwObaaamqv)(mh=bhhzNBiMUTFCR0PH)13.jpg;https://ei.phncdn.com/videos/202603/18/42399725/original/(m=eaAaGwObaaamqv)(mh=bhhzNBiMUTFCR0PH)14.jpg;https://ei.phncdn.com/videos/202603/18/42399725/original/(m=eaAaGwObaaamqv)(mh=bhhzNBiMUTFCR0PH)15.jpg;https://ei.phncdn.com/videos/202603/18/42399725/original/(m=eaAaGwObaaamqv)(mh=bhhzNBiMUTFCR0PH)16.jpg
<iframe src="https://www.pornhub.com/embed/69ba482b0420d" frameborder="0" height="481" width="608" scrolling="no"></iframe>|https://ei.phncdn.com/videos/202603/18/42401195/original/(m=eaf8GgaaaWavb)(mh=Iiv_eDO_zNntyeiV)12.jpg|https://ei.phncdn.com/videos/202603/18/42401195/original/(m=eaf8GgaaaWavb)(mh=Iiv_eDO_zNntyeiV)1.jpg;https://ei.phncdn.com/videos/202603/18/42401195/original/(m=eaf8GgaaaWavb)(mh=Iiv_eDO_zNntyeiV)2.jpg;https://ei.phncdn.com/videos/202603/18/42401195/original/(m=eaf8GgaaaWavb)(mh=Iiv_eDO_zNntyeiV)3.jpg;https://ei.phncdn.com/videos/202603/18/42401195/original/(m=eaf8GgaaaWavb)(mh=Iiv_eDO_zNntyeiV)4.jpg;https://ei.phncdn.com/videos/202603/18/42401195/original/(m=eaf8GgaaaWavb)(mh=Iiv_eDO_zNntyeiV)5.jpg;https://ei.phncdn.com/videos/202603/18/42401195/original/(m=eaf8GgaaaWavb)(mh=Iiv_eDO_zNntyeiV)6.jpg;https://ei.phncdn.com/videos/202603/18/42401195/original/(m=eaf8GgaaaWavb)(mh=Iiv_eDO_zNntyeiV)7.jpg;https://ei.phncdn.com/videos/202603/18/42401195/original/(m=eaf8GgaaaWavb)(mh=Iiv_eDO_zNntyeiV)8.jpg;https://ei.phncdn.com/videos/202603/18/42401195/original/(m=eaf8GgaaaWavb)(mh=Iiv_eDO_zNntyeiV)9.jpg;https://ei.phncdn.com/videos/202603/18/42401195/original/(m=eaf8GgaaaWavb)(mh=Iiv_eDO_zNntyeiV)10.jpg;https://ei.phncdn.com/videos/202603/18/42401195/original/(m=eaf8GgaaaWavb)(mh=Iiv_eDO_zNntyeiV)11.jpg;https://ei.phncdn.com/videos/202603/18/42401195/original/(m=eaf8GgaaaWavb)(mh=Iiv_eDO_zNntyeiV)12.jpg;https://ei.phncdn.com/videos/202603/18/42401195/original/(m=eaf8GgaaaWavb)(mh=Iiv_eDO_zNntyeiV)13.jpg;https://ei.phncdn.com/videos/202603/18/42401195/original/(m=eaf8GgaaaWavb)(mh=Iiv_eDO_zNntyeiV)14.jpg;https://ei.phncdn.com/videos/202603/18/42401195/original/(m=eaf8GgaaaWavb)(mh=Iiv_eDO_zNntyeiV)15.jpg;https://ei.phncdn.com/videos/202603/18/42401195/original/(m=eaf8GgaaaWavb)(mh=Iiv_eDO_zNntyeiV)16.jpg|Stare At My Feet While I Give Him A Handjob and Ride His Cock|cuck;cuckold;cuckold-cleanup;cuckold-humilation;foot-cuckold-pov;foot-cuck;foot-cuckold;femdom-cuck;femdom-cuckold;femdom-foot-fetish;femdom-foot;cuckold-femdom-feet;femdom-feet|Korean;Japanese;Exclusive;Verified Amateurs||108|4424|70|1|https://ei.phncdn.com/videos/202603/18/42401195/original/(m=eaAaGwObaaamqv)(mh=CAEwNi0vBNKlOZQG)12.jpg|https://ei.phncdn.com/videos/202603/18/42401195/original/(m=eaAaGwObaaamqv)(mh=CAEwNi0vBNKlOZQG)1.jpg;https://ei.phncdn.com/videos/202603/18/42401195/original/(m=eaAaGwObaaamqv)(mh=CAEwNi0vBNKlOZQG)2.jpg;https://ei.phncdn.com/videos/202603/18/42401195/original/(m=eaAaGwObaaamqv)(mh=CAEwNi0vBNKlOZQG)3.jpg;https://ei.phncdn.com/videos/202603/18/42401195/original/(m=eaAaGwObaaamqv)(mh=CAEwNi0vBNKlOZQG)4.jpg;https://ei.phncdn.com/videos/202603/18/42401195/original/(m=eaAaGwObaaamqv)(mh=CAEwNi0vBNKlOZQG)5.jpg;https://ei.phncdn.com/videos/202603/18/42401195/original/(m=eaAaGwObaaamqv)(mh=CAEwNi0vBNKlOZQG)6.jpg;https://ei.phncdn.com/videos/202603/18/42401195/original/(m=eaAaGwObaaamqv)(mh=CAEwNi0vBNKlOZQG)7.jpg;https://ei.phncdn.com/videos/202603/18/42401195/original/(m=eaAaGwObaaamqv)(mh=CAEwNi0vBNKlOZQG)8.jpg;https://ei.phncdn.com/videos/202603/18/42401195/original/(m=eaAaGwObaaamqv)(mh=CAEwNi0vBNKlOZQG)9.jpg;https://ei.phncdn.com/videos/202603/18/42401195/original/(m=eaAaGwObaaamqv)(mh=CAEwNi0vBNKlOZQG)10.jpg;https://ei.phncdn.com/videos/202603/18/42401195/original/(m=eaAaGwObaaamqv)(mh=CAEwNi0vBNKlOZQG)11.jpg;https://ei.phncdn.com/videos/202603/18/42401195/original/(m=eaAaGwObaaamqv)(mh=CAEwNi0vBNKlOZQG)12.jpg;https://ei.phncdn.com/videos/202603/18/42401195/original/(m=eaAaGwObaaamqv)(mh=CAEwNi0vBNKlOZQG)13.jpg;https://ei.phncdn.com/videos/202603/18/42401195/original/(m=eaAaGwObaaamqv)(mh=CAEwNi0vBNKlOZQG)14.jpg;https://ei.phncdn.com/videos/202603/18/42401195/original/(m=eaAaGwObaaamqv)(mh=CAEwNi0vBNKlOZQG)15.jpg;https://ei.phncdn.com/videos/202603/18/42401195/original/(m=eaAaGwObaaamqv)(mh=CAEwNi0vBNKlOZQG)16.jpg
<iframe src="https://www.pornhub.com/embed/69ba4b07533d1" frameborder="0" height="481" width="608" scrolling="no"></iframe>|https://ei.phncdn.com/videos/202603/18/42402055/original/(m=eaf8GgaaaWavb)(mh=UnGjxX0UBqytZ1uq)12.jpg|https://ei.phncdn.com/videos/202603/18/42402055/original/(m=eaf8GgaaaWavb)(mh=UnGjxX0UBqytZ1uq)1.jpg;https://ei.phncdn.com/videos/202603/18/42402055/original/(m=eaf8GgaaaWavb)(mh=UnGjxX0UBqytZ1uq)2.jpg;https://ei.phncdn.com/videos/202603/18/42402055/original/(m=eaf8GgaaaWavb)(mh=UnGjxX0UBqytZ1uq)3.jpg;https://ei.phncdn.com/videos/202603/18/42402055/original/(m=eaf8GgaaaWavb)(mh=UnGjxX0UBqytZ1uq)4.jpg;https://ei.phncdn.com/videos/202603/18/42402055/original/(m=eaf8GgaaaWavb)(mh=UnGjxX0UBqytZ1uq)5.jpg;https://ei.phncdn.com/videos/202603/18/42402055/original/(m=eaf8GgaaaWavb)(mh=UnGjxX0UBqytZ1uq)6.jpg;https://ei.phncdn.com/videos/202603/18/42402055/original/(m=eaf8GgaaaWavb)(mh=UnGjxX0UBqytZ1uq)7.jpg;https://ei.phncdn.com/videos/202603/18/42402055/original/(m=eaf8GgaaaWavb)(mh=UnGjxX0UBqytZ1uq)8.jpg;https://ei.phncdn.com/videos/202603/18/42402055/original/(m=eaf8GgaaaWavb)(mh=UnGjxX0UBqytZ1uq)9.jpg;https://ei.phncdn.com/videos/202603/18/42402055/original/(m=eaf8GgaaaWavb)(mh=UnGjxX0UBqytZ1uq)10.jpg;https://ei.phncdn.com/videos/202603/18/42402055/original/(m=eaf8GgaaaWavb)(mh=UnGjxX0UBqytZ1uq)11.jpg;https://ei.phncdn.com/videos/202603/18/42402055/original/(m=eaf8GgaaaWavb)(mh=UnGjxX0UBqytZ1uq)12.jpg;https://ei.phncdn.com/videos/202603/18/42402055/original/(m=eaf8GgaaaWavb)(mh=UnGjxX0UBqytZ1uq)13.jpg;https://ei.phncdn.com/videos/202603/18/42402055/original/(m=eaf8GgaaaWavb)(mh=UnGjxX0UBqytZ1uq)14.jpg;https://ei.phncdn.com/videos/202603/18/42402055/original/(m=eaf8GgaaaWavb)(mh=UnGjxX0UBqytZ1uq)15.jpg;https://ei.phncdn.com/videos/202603/18/42402055/original/(m=eaf8GgaaaWavb)(mh=UnGjxX0UBqytZ1uq)16.jpg|A Real Girlfriend vs a Lifeless Doll|asian-onlyfans;sex-doll;msbreewc|Korean;Japanese;Verified Amateurs||30|20460|2872|111|https://ei.phncdn.com/videos/202603/18/42402055/original/(m=eaAaGwObaaamqv)(mh=BYIKT_uvnqPY2WWC)12.jpg|https://ei.phncdn.com/videos/202603/18/42402055/original/(m=eaAaGwObaaamqv)(mh=BYIKT_uvnqPY2WWC)1.jpg;https://ei.phncdn.com/videos/202603/18/42402055/original/(m=eaAaGwObaaamqv)(mh=BYIKT_uvnqPY2WWC)2.jpg;https://ei.phncdn.com/videos/202603/18/42402055/original/(m=eaAaGwObaaamqv)(mh=BYIKT_uvnqPY2WWC)3.jpg;https://ei.phncdn.com/videos/202603/18/42402055/original/(m=eaAaGwObaaamqv)(mh=BYIKT_uvnqPY2WWC)4.jpg;https://ei.phncdn.com/videos/202603/18/42402055/original/(m=eaAaGwObaaamqv)(mh=BYIKT_uvnqPY2WWC)5.jpg;https://ei.phncdn.com/videos/202603/18/42402055/original/(m=eaAaGwObaaamqv)(mh=BYIKT_uvnqPY2WWC)6.jpg;https://ei.phncdn.com/videos/202603/18/42402055/original/(m=eaAaGwObaaamqv)(mh=BYIKT_uvnqPY2WWC)7.jpg;https://ei.phncdn.com/videos/202603/18/42402055/original/(m=eaAaGwObaaamqv)(mh=BYIKT_uvnqPY2WWC)8.jpg;https://ei.phncdn.com/videos/202603/18/42402055/original/(m=eaAaGwObaaamqv)(mh=BYIKT_uvnqPY2WWC)9.jpg;https://ei.phncdn.com/videos/202603/18/42402055/original/(m=eaAaGwObaaamqv)(mh=BYIKT_uvnqPY2WWC)10.jpg;https://ei.phncdn.com/videos/202603/18/42402055/original/(m=eaAaGwObaaamqv)(mh=BYIKT_uvnqPY2WWC)11.jpg;https://ei.phncdn.com/videos/202603/18/42402055/original/(m=eaAaGwObaaamqv)(mh=BYIKT_uvnqPY2WWC)12.jpg;https://ei.phncdn.com/videos/202603/18/42402055/original/(m=eaAaGwObaaamqv)(mh=BYIKT_uvnqPY2WWC)13.jpg;https://ei.phncdn.com/videos/202603/18/42402055/original/(m=eaAaGwObaaamqv)(mh=BYIKT_uvnqPY2WWC)14.jpg;https://ei.phncdn.com/videos/202603/18/42402055/original/(m=eaAaGwObaaamqv)(mh=BYIKT_uvnqPY2WWC)15.jpg;https://ei.phncdn.com/videos/202603/18/42402055/original/(m=eaAaGwObaaamqv)(mh=BYIKT_uvnqPY2WWC)16.jpg
<iframe src="https://www.pornhub.com/embed/69ba4c197b43b" frameborder="0" height="481" width="608" scrolling="no"></iframe>|https://ei.phncdn.com/videos/202603/18/42402265/original/(m=eaf8GgaaaWavb)(mh=3WQ2fmQUxiLEhs-W)4.jpg|https://ei.phncdn.com/videos/202603/18/42402265/original/(m=eaf8GgaaaWavb)(mh=3WQ2fmQUxiLEhs-W)1.jpg;https://ei.phncdn.com/videos/202603/18/42402265/original/(m=eaf8GgaaaWavb)(mh=3WQ2fmQUxiLEhs-W)2.jpg;https://ei.phncdn.com/videos/202603/18/42402265/original/(m=eaf8GgaaaWavb)(mh=3WQ2fmQUxiLEhs-W)3.jpg;https://ei.phncdn.com/videos/202603/18/42402265/original/(m=eaf8GgaaaWavb)(mh=3WQ2fmQUxiLEhs-W)4.jpg;https://ei.phncdn.com/videos/202603/18/42402265/original/(m=eaf8GgaaaWavb)(mh=3WQ2fmQUxiLEhs-W)5.jpg;https://ei.phncdn.com/videos/202603/18/42402265/original/(m=eaf8GgaaaWavb)(mh=3WQ2fmQUxiLEhs-W)6.jpg;https://ei.phncdn.com/videos/202603/18/42402265/original/(m=eaf8GgaaaWavb)(mh=3WQ2fmQUxiLEhs-W)7.jpg;https://ei.phncdn.com/videos/202603/18/42402265/original/(m=eaf8GgaaaWavb)(mh=3WQ2fmQUxiLEhs-W)8.jpg;https://ei.phncdn.com/videos/202603/18/42402265/original/(m=eaf8GgaaaWavb)(mh=3WQ2fmQUxiLEhs-W)9.jpg;https://ei.phncdn.com/videos/202603/18/42402265/original/(m=eaf8GgaaaWavb)(mh=3WQ2fmQUxiLEhs-W)10.jpg;https://ei.phncdn.com/videos/202603/18/42402265/original/(m=eaf8GgaaaWavb)(mh=3WQ2fmQUxiLEhs-W)11.jpg;https://ei.phncdn.com/videos/202603/18/42402265/original/(m=eaf8GgaaaWavb)(mh=3WQ2fmQUxiLEhs-W)12.jpg;https://ei.phncdn.com/videos/202603/18/42402265/original/(m=eaf8GgaaaWavb)(mh=3WQ2fmQUxiLEhs-W)13.jpg;https://ei.phncdn.com/videos/202603/18/42402265/original/(m=eaf8GgaaaWavb)(mh=3WQ2fmQUxiLEhs-W)14.jpg;https://ei.phncdn.com/videos/202603/18/42402265/original/(m=eaf8GgaaaWavb)(mh=3WQ2fmQUxiLEhs-W)15.jpg;https://ei.phncdn.com/videos/202603/18/42402265/original/(m=eaf8GgaaaWavb)(mh=3WQ2fmQUxiLEhs-W)16.jpg|A Real Girlfriend vs a Lifeless Doll|asian-onlyfans;msbreewc;sex-doll|Korean;Japanese;Verified Amateurs||290|1800965|4116|708|https://ei.phncdn.com/videos/202603/18/42402265/original/(m=eaAaGwObaaamqv)(mh=vbGjt5fq5kfeYIW1)4.jpg|https://ei.phncdn.com/videos/202603/18/42402265/original/(m=eaAaGwObaaamqv)(mh=vbGjt5fq5kfeYIW1)1.jpg;https://ei.phncdn.com/videos/202603/18/42402265/original/(m=eaAaGwObaaamqv)(mh=vbGjt5fq5kfeYIW1)2.jpg;https://ei.phncdn.com/videos/202603/18/42402265/original/(m=eaAaGwObaaamqv)(mh=vbGjt5fq5kfeYIW1)3.jpg;https://ei.phncdn.com/videos/202603/18/42402265/original/(m=eaAaGwObaaamqv)(mh=vbGjt5fq5kfeYIW1)4.jpg;https://ei.phncdn.com/videos/202603/18/42402265/original/(m=eaAaGwObaaamqv)(mh=vbGjt5fq5kfeYIW1)5.jpg;https://ei.phncdn.com/videos/202603/18/42402265/original/(m=eaAaGwObaaamqv)(mh=vbGjt5fq5kfeYIW1)6.jpg;https://ei.phncdn.com/videos/202603/18/42402265/original/(m=eaAaGwObaaamqv)(mh=vbGjt5fq5kfeYIW1)7.jpg;https://ei.phncdn.com/videos/202603/18/42402265/original/(m=eaAaGwObaaamqv)(mh=vbGjt5fq5kfeYIW1)8.jpg;https://ei.phncdn.com/videos/202603/18/42402265/original/(m=eaAaGwObaaamqv)(mh=vbGjt5fq5kfeYIW1)9.jpg;https://ei.phncdn.com/videos/202603/18/42402265/original/(m=eaAaGwObaaamqv)(mh=vbGjt5fq5kfeYIW1)10.jpg;https://ei.phncdn.com/videos/202603/18/42402265/original/(m=eaAaGwObaaamqv)(mh=vbGjt5fq5kfeYIW1)11.jpg;https://ei.phncdn.com/videos/202603/18/42402265/original/(m=eaAaGwObaaamqv)(mh=vbGjt5fq5kfeYIW1)12.jpg;https://ei.phncdn.com/videos/202603/18/42402265/original/(m=eaAaGwObaaamqv)(mh=vbGjt5fq5kfeYIW1)13.jpg;https://ei.phncdn.com/videos/202603/18/42402265/original/(m=eaAaGwObaaamqv)(mh=vbGjt5fq5kfeYIW1)14.jpg;https://ei.phncdn.com/videos/202603/18/42402265/original/(m=eaAaGwObaaamqv)(mh=vbGjt5fq5kfeYIW1)15.jpg;https://ei.phncdn.com/videos/202603/18/42402265/original/(m=eaAaGwObaaamqv)(mh=vbGjt5fq5kfeYIW1)16.jpg
<iframe src="https://www.pornhub.com/embed/69ba4e4bcb6aa" frameborder="0" height="481" width="608" scrolling="no"></iframe>|https://ei.phncdn.com/videos/202603/18/42402765/original/(m=eaf8GgaaaWavb)(mh=fvflGrwKzBc8EXwo)12.jpg|https://ei.phncdn.com/videos/202603/18/42402765/original/(m=eaf8GgaaaWavb)(mh=fvflGrwKzBc8EXwo)1.jpg;https://ei.phncdn.com/videos/202603/18/42402765/original/(m=eaf8GgaaaWavb)(mh=fvflGrwKzBc8EXwo)2.jpg;https://ei.phncdn.com/videos/202603/18/42402765/original/(m=eaf8GgaaaWavb)(mh=fvflGrwKzBc8EXwo)3.jpg;https://ei.phncdn.com/videos/202603/18/42402765/original/(m=eaf8GgaaaWavb)(mh=fvflGrwKzBc8EXwo)4.jpg;https://ei.phncdn.com/videos/202603/18/42402765/original/(m=eaf8GgaaaWavb)(mh=fvflGrwKzBc8EXwo)5.jpg;https://ei.phncdn.com/videos/202603/18/42402765/original/(m=eaf8GgaaaWavb)(mh=fvflGrwKzBc8EXwo)6.jpg;https://ei.phncdn.com/videos/202603/18/42402765/original/(m=eaf8GgaaaWavb)(mh=fvflGrwKzBc8EXwo)7.jpg;https://ei.phncdn.com/videos/202603/18/42402765/original/(m=eaf8GgaaaWavb)(mh=fvflGrwKzBc8EXwo)8.jpg;https://ei.phncdn.com/videos/202603/18/42402765/original/(m=eaf8GgaaaWavb)(mh=fvflGrwKzBc8EXwo)9.jpg;https://ei.phncdn.com/videos/202603/18/42402765/original/(m=eaf8GgaaaWavb)(mh=fvflGrwKzBc8EXwo)10.jpg;https://ei.phncdn.com/videos/202603/18/42402765/original/(m=eaf8GgaaaWavb)(mh=fvflGrwKzBc8EXwo)11.jpg;https://ei.phncdn.com/videos/202603/18/42402765/original/(m=eaf8GgaaaWavb)(mh=fvflGrwKzBc8EXwo)12.jpg;https://ei.phncdn.com/videos/202603/18/42402765/original/(m=eaf8GgaaaWavb)(mh=fvflGrwKzBc8EXwo)13.jpg;https://ei.phncdn.com/videos/202603/18/42402765/original/(m=eaf8GgaaaWavb)(mh=fvflGrwKzBc8EXwo)14.jpg;https://ei.phncdn.com/videos/202603/18/42402765/original/(m=eaf8GgaaaWavb)(mh=fvflGrwKzBc8EXwo)15.jpg;https://ei.phncdn.com/videos/202603/18/42402765/original/(m=eaf8GgaaaWavb)(mh=fvflGrwKzBc8EXwo)16.jpg|Gorgeous blonde and Asian beauties Haley, Nyomi, and their trio make a fantastic trio|asian;blonde;skinny;small-tits;kissing;piercing;fingering;threesome;blowjob;deep-throat|Korean;Japanese||1210|7292|19|7|https://ei.phncdn.com/videos/202603/18/42402765/original/(m=eaAaGwObaaamqv)(mh=xME7nXj7wk9RtH0t)12.jpg|https://ei.phncdn.com/videos/202603/18/42402765/original/(m=eaAaGwObaaamqv)(mh=xME7nXj7wk9RtH0t)1.jpg;https://ei.phncdn.com/videos/202603/18/42402765/original/(m=eaAaGwObaaamqv)(mh=xME7nXj7wk9RtH0t)2.jpg;https://ei.phncdn.com/videos/202603/18/42402765/original/(m=eaAaGwObaaamqv)(mh=xME7nXj7wk9RtH0t)3.jpg;https://ei.phncdn.com/videos/202603/18/42402765/original/(m=eaAaGwObaaamqv)(mh=xME7nXj7wk9RtH0t)4.jpg;https://ei.phncdn.com/videos/202603/18/42402765/original/(m=eaAaGwObaaamqv)(mh=xME7nXj7wk9RtH0t)5.jpg;https://ei.phncdn.com/videos/202603/18/42402765/original/(m=eaAaGwObaaamqv)(mh=xME7nXj7wk9RtH0t)6.jpg;https://ei.phncdn.com/videos/202603/18/42402765/original/(m=eaAaGwObaaamqv)(mh=xME7nXj7wk9RtH0t)7.jpg;https://ei.phncdn.com/videos/202603/18/42402765/original/(m=eaAaGwObaaamqv)(mh=xME7nXj7wk9RtH0t)8.jpg;https://ei.phncdn.com/videos/202603/18/42402765/original/(m=eaAaGwObaaamqv)(mh=xME7nXj7wk9RtH0t)9.jpg;https://ei.phncdn.com/videos/202603/18/42402765/original/(m=eaAaGwObaaamqv)(mh=xME7nXj7wk9RtH0t)10.jpg;https://ei.phncdn.com/videos/202603/18/42402765/original/(m=eaAaGwObaaamqv)(mh=xME7nXj7wk9RtH0t)11.jpg;https://ei.phncdn.com/videos/202603/18/42402765/original/(m=eaAaGwObaaamqv)(mh=xME7nXj7wk9RtH0t)12.jpg;https://ei.phncdn.com/videos/202603/18/42402765/original/(m=eaAaGwObaaamqv)(mh=xME7nXj7wk9RtH0t)13.jpg;https://ei.phncdn.com/videos/202603/18/42402765/original/(m=eaAaGwObaaamqv)(mh=xME7nXj7wk9RtH0t)14.jpg;https://ei.phncdn.com/videos/202603/18/42402765/original/(m=eaAaGwObaaamqv)(mh=xME7nXj7wk9RtH0t)15.jpg;https://ei.phncdn.com/videos/202603/18/42402765/original/(m=eaAaGwObaaamqv)(mh=xME7nXj7wk9RtH0t)16.jpg
<iframe src="https://www.pornhub.com/embed/69ba4e320fed4" frameborder="0" height="481" width="608" scrolling="no"></iframe>|https://ei.phncdn.com/videos/202603/18/42402755/original/(m=eaf8GgaaaWavb)(mh=p6-8p-dMgkpRbMZV)3.jpg|https://ei.phncdn.com/videos/202603/18/42402755/original/(m=eaf8GgaaaWavb)(mh=p6-8p-dMgkpRbMZV)1.jpg;https://ei.phncdn.com/videos/202603/18/42402755/original/(m=eaf8GgaaaWavb)(mh=p6-8p-dMgkpRbMZV)2.jpg;https://ei.phncdn.com/videos/202603/18/42402755/original/(m=eaf8GgaaaWavb)(mh=p6-8p-dMgkpRbMZV)3.jpg;https://ei.phncdn.com/videos/202603/18/42402755/original/(m=eaf8GgaaaWavb)(mh=p6-8p-dMgkpRbMZV)4.jpg;https://ei.phncdn.com/videos/202603/18/42402755/original/(m=eaf8GgaaaWavb)(mh=p6-8p-dMgkpRbMZV)5.jpg;https://ei.phncdn.com/videos/202603/18/42402755/original/(m=eaf8GgaaaWavb)(mh=p6-8p-dMgkpRbMZV)6.jpg;https://ei.phncdn.com/videos/202603/18/42402755/original/(m=eaf8GgaaaWavb)(mh=p6-8p-dMgkpRbMZV)7.jpg;https://ei.phncdn.com/videos/202603/18/42402755/original/(m=eaf8GgaaaWavb)(mh=p6-8p-dMgkpRbMZV)8.jpg;https://ei.phncdn.com/videos/202603/18/42402755/original/(m=eaf8GgaaaWavb)(mh=p6-8p-dMgkpRbMZV)9.jpg;https://ei.phncdn.com/videos/202603/18/42402755/original/(m=eaf8GgaaaWavb)(mh=p6-8p-dMgkpRbMZV)10.jpg;https://ei.phncdn.com/videos/202603/18/42402755/original/(m=eaf8GgaaaWavb)(mh=p6-8p-dMgkpRbMZV)11.jpg;https://ei.phncdn.com/videos/202603/18/42402755/original/(m=eaf8GgaaaWavb)(mh=p6-8p-dMgkpRbMZV)12.jpg;https://ei.phncdn.com/videos/202603/18/42402755/original/(m=eaf8GgaaaWavb)(mh=p6-8p-dMgkpRbMZV)13.jpg;https://ei.phncdn.com/videos/202603/18/42402755/original/(m=eaf8GgaaaWavb)(mh=p6-8p-dMgkpRbMZV)14.jpg;https://ei.phncdn.com/videos/202603/18/42402755/original/(m=eaf8GgaaaWavb)(mh=p6-8p-dMgkpRbMZV)15.jpg;https://ei.phncdn.com/videos/202603/18/42402755/original/(m=eaf8GgaaaWavb)(mh=p6-8p-dMgkpRbMZV)16.jpg|【ルーインド】スロー両手コキで高めて最後は台無し射精/個人撮影/裏垢/hentai/M男/S女【ゆなぱんは手コキ好き】|手コキ;hentai;femdom;ルーインド;個人撮影;裏垢;素人|Korean;Japanese;Verified Amateurs||437|6443|17|5|https://ei.phncdn.com/videos/202603/18/42402755/original/(m=eaAaGwObaaamqv)(mh=ZKgDGQ_e4FtsnE6B)3.jpg|https://ei.phncdn.com/videos/202603/18/42402755/original/(m=eaAaGwObaaamqv)(mh=ZKgDGQ_e4FtsnE6B)1.jpg;https://ei.phncdn.com/videos/202603/18/42402755/original/(m=eaAaGwObaaamqv)(mh=ZKgDGQ_e4FtsnE6B)2.jpg;https://ei.phncdn.com/videos/202603/18/42402755/original/(m=eaAaGwObaaamqv)(mh=ZKgDGQ_e4FtsnE6B)3.jpg;https://ei.phncdn.com/videos/202603/18/42402755/original/(m=eaAaGwObaaamqv)(mh=ZKgDGQ_e4FtsnE6B)4.jpg;https://ei.phncdn.com/videos/202603/18/42402755/original/(m=eaAaGwObaaamqv)(mh=ZKgDGQ_e4FtsnE6B)5.jpg;https://ei.phncdn.com/videos/202603/18/42402755/original/(m=eaAaGwObaaamqv)(mh=ZKgDGQ_e4FtsnE6B)6.jpg;https://ei.phncdn.com/videos/202603/18/42402755/original/(m=eaAaGwObaaamqv)(mh=ZKgDGQ_e4FtsnE6B)7.jpg;https://ei.phncdn.com/videos/202603/18/42402755/original/(m=eaAaGwObaaamqv)(mh=ZKgDGQ_e4FtsnE6B)8.jpg;https://ei.phncdn.com/videos/202603/18/42402755/original/(m=eaAaGwObaaamqv)(mh=ZKgDGQ_e4FtsnE6B)9.jpg;https://ei.phncdn.com/videos/202603/18/42402755/original/(m=eaAaGwObaaamqv)(mh=ZKgDGQ_e4FtsnE6B)10.jpg;https://ei.phncdn.com/videos/202603/18/42402755/original/(m=eaAaGwObaaamqv)(mh=ZKgDGQ_e4FtsnE6B)11.jpg;https://ei.phncdn.com/videos/202603/18/42402755/original/(m=eaAaGwObaaamqv)(mh=ZKgDGQ_e4FtsnE6B)12.jpg;https://ei.phncdn.com/videos/202603/18/42402755/original/(m=eaAaGwObaaamqv)(mh=ZKgDGQ_e4FtsnE6B)13.jpg;https://ei.phncdn.com/videos/202603/18/42402755/original/(m=eaAaGwObaaamqv)(mh=ZKgDGQ_e4FtsnE6B)14.jpg;https://ei.phncdn.com/videos/202603/18/42402755/original/(m=eaAaGwObaaamqv)(mh=ZKgDGQ_e4FtsnE6B)15.jpg;https://ei.phncdn.com/videos/202603/18/42402755/original/(m=eaAaGwObaaamqv)(mh=ZKgDGQ_e4FtsnE6B)16.jpg
<iframe src="https://www.pornhub.com/embed/69ba4eb761521" frameborder="0" height="481" width="608" scrolling="no"></iframe>|https://ei.phncdn.com/videos/202603/18/42402795/original/(m=eaf8GgaaaWavb)(mh=SzVO5Uvf83-CFGFr)12.jpg|https://ei.phncdn.com/videos/202603/18/42402795/original/(m=eaf8GgaaaWavb)(mh=SzVO5Uvf83-CFGFr)1.jpg;https://ei.phncdn.com/videos/202603/18/42402795/original/(m=eaf8GgaaaWavb)(mh=SzVO5Uvf83-CFGFr)2.jpg;https://ei.phncdn.com/videos/202603/18/42402795/original/(m=eaf8GgaaaWavb)(mh=SzVO5Uvf83-CFGFr)3.jpg;https://ei.phncdn.com/videos/202603/18/42402795/original/(m=eaf8GgaaaWavb)(mh=SzVO5Uvf83-CFGFr)4.jpg;https://ei.phncdn.com/videos/202603/18/42402795/original/(m=eaf8GgaaaWavb)(mh=SzVO5Uvf83-CFGFr)5.jpg;https://ei.phncdn.com/videos/202603/18/42402795/original/(m=eaf8GgaaaWavb)(mh=SzVO5Uvf83-CFGFr)6.jpg;https://ei.phncdn.com/videos/202603/18/42402795/original/(m=eaf8GgaaaWavb)(mh=SzVO5Uvf83-CFGFr)7.jpg;https://ei.phncdn.com/videos/202603/18/42402795/original/(m=eaf8GgaaaWavb)(mh=SzVO5Uvf83-CFGFr)8.jpg;https://ei.phncdn.com/videos/202603/18/42402795/original/(m=eaf8GgaaaWavb)(mh=SzVO5Uvf83-CFGFr)9.jpg;https://ei.phncdn.com/videos/202603/18/42402795/original/(m=eaf8GgaaaWavb)(mh=SzVO5Uvf83-CFGFr)10.jpg;https://ei.phncdn.com/videos/202603/18/42402795/original/(m=eaf8GgaaaWavb)(mh=SzVO5Uvf83-CFGFr)11.jpg;https://ei.phncdn.com/videos/202603/18/42402795/original/(m=eaf8GgaaaWavb)(mh=SzVO5Uvf83-CFGFr)12.jpg;https://ei.phncdn.com/videos/202603/18/42402795/original/(m=eaf8GgaaaWavb)(mh=SzVO5Uvf83-CFGFr)13.jpg;https://ei.phncdn.com/videos/202603/18/42402795/original/(m=eaf8GgaaaWavb)(mh=SzVO5Uvf83-CFGFr)14.jpg;https://ei.phncdn.com/videos/202603/18/42402795/original/(m=eaf8GgaaaWavb)(mh=SzVO5Uvf83-CFGFr)15.jpg;https://ei.phncdn.com/videos/202603/18/42402795/original/(m=eaf8GgaaaWavb)(mh=SzVO5Uvf83-CFGFr)16.jpg|Very attractive Asian bombshell Annie's attractive Derek plays with her tits|kissing;asian;lingerie;big-tits;tight-pussy;big-nipples;piercing;eating-pussy;blowjob;deep-throat|Korean||1443|5412|32|5|https://ei.phncdn.com/videos/202603/18/42402795/original/(m=eaAaGwObaaamqv)(mh=CsmrQTcC-xjyFsBs)12.jpg|https://ei.phncdn.com/videos/202603/18/42402795/original/(m=eaAaGwObaaamqv)(mh=CsmrQTcC-xjyFsBs)1.jpg;https://ei.phncdn.com/videos/202603/18/42402795/original/(m=eaAaGwObaaamqv)(mh=CsmrQTcC-xjyFsBs)2.jpg;https://ei.phncdn.com/videos/202603/18/42402795/original/(m=eaAaGwObaaamqv)(mh=CsmrQTcC-xjyFsBs)3.jpg;https://ei.phncdn.com/videos/202603/18/42402795/original/(m=eaAaGwObaaamqv)(mh=CsmrQTcC-xjyFsBs)4.jpg;https://ei.phncdn.com/videos/202603/18/42402795/original/(m=eaAaGwObaaamqv)(mh=CsmrQTcC-xjyFsBs)5.jpg;https://ei.phncdn.com/videos/202603/18/42402795/original/(m=eaAaGwObaaamqv)(mh=CsmrQTcC-xjyFsBs)6.jpg;https://ei.phncdn.com/videos/202603/18/42402795/original/(m=eaAaGwObaaamqv)(mh=CsmrQTcC-xjyFsBs)7.jpg;https://ei.phncdn.com/videos/202603/18/42402795/original/(m=eaAaGwObaaamqv)(mh=CsmrQTcC-xjyFsBs)8.jpg;https://ei.phncdn.com/videos/202603/18/42402795/original/(m=eaAaGwObaaamqv)(mh=CsmrQTcC-xjyFsBs)9.jpg;https://ei.phncdn.com/videos/202603/18/42402795/original/(m=eaAaGwObaaamqv)(mh=CsmrQTcC-xjyFsBs)10.jpg;https://ei.phncdn.com/videos/202603/18/42402795/original/(m=eaAaGwObaaamqv)(mh=CsmrQTcC-xjyFsBs)11.jpg;https://ei.phncdn.com/videos/202603/18/42402795/original/(m=eaAaGwObaaamqv)(mh=CsmrQTcC-xjyFsBs)12.jpg;https://ei.phncdn.com/videos/202603/18/42402795/original/(m=eaAaGwObaaamqv)(mh=CsmrQTcC-xjyFsBs)13.jpg;https://ei.phncdn.com/videos/202603/18/42402795/original/(m=eaAaGwObaaamqv)(mh=CsmrQTcC-xjyFsBs)14.jpg;https://ei.phncdn.com/videos/202603/18/42402795/original/(m=eaAaGwObaaamqv)(mh=CsmrQTcC-xjyFsBs)15.jpg;https://ei.phncdn.com/videos/202603/18/42402795/original/(m=eaAaGwObaaamqv)(mh=CsmrQTcC-xjyFsBs)16.jpg
<iframe src="https://www.pornhub.com/embed/69ba5065082f7" frameborder="0" height="481" width="608" scrolling="no"></iframe>|https://ei.phncdn.com/videos/202603/18/42403185/original/(m=eaf8GgaaaWavb)(mh=uT8wihBTpb-7DiRg)12.jpg|https://ei.phncdn.com/videos/202603/18/42403185/original/(m=eaf8GgaaaWavb)(mh=uT8wihBTpb-7DiRg)1.jpg;https://ei.phncdn.com/videos/202603/18/42403185/original/(m=eaf8GgaaaWavb)(mh=uT8wihBTpb-7DiRg)2.jpg;https://ei.phncdn.com/videos/202603/18/42403185/original/(m=eaf8GgaaaWavb)(mh=uT8wihBTpb-7DiRg)3.jpg;https://ei.phncdn.com/videos/202603/18/42403185/original/(m=eaf8GgaaaWavb)(mh=uT8wihBTpb-7DiRg)4.jpg;https://ei.phncdn.com/videos/202603/18/42403185/original/(m=eaf8GgaaaWavb)(mh=uT8wihBTpb-7DiRg)5.jpg;https://ei.phncdn.com/videos/202603/18/42403185/original/(m=eaf8GgaaaWavb)(mh=uT8wihBTpb-7DiRg)6.jpg;https://ei.phncdn.com/videos/202603/18/42403185/original/(m=eaf8GgaaaWavb)(mh=uT8wihBTpb-7DiRg)7.jpg;https://ei.phncdn.com/videos/202603/18/42403185/original/(m=eaf8GgaaaWavb)(mh=uT8wihBTpb-7DiRg)8.jpg;https://ei.phncdn.com/videos/202603/18/42403185/original/(m=eaf8GgaaaWavb)(mh=uT8wihBTpb-7DiRg)9.jpg;https://ei.phncdn.com/videos/202603/18/42403185/original/(m=eaf8GgaaaWavb)(mh=uT8wihBTpb-7DiRg)10.jpg;https://ei.phncdn.com/videos/202603/18/42403185/original/(m=eaf8GgaaaWavb)(mh=uT8wihBTpb-7DiRg)11.jpg;https://ei.phncdn.com/videos/202603/18/42403185/original/(m=eaf8GgaaaWavb)(mh=uT8wihBTpb-7DiRg)12.jpg;https://ei.phncdn.com/videos/202603/18/42403185/original/(m=eaf8GgaaaWavb)(mh=uT8wihBTpb-7DiRg)13.jpg;https://ei.phncdn.com/videos/202603/18/42403185/original/(m=eaf8GgaaaWavb)(mh=uT8wihBTpb-7DiRg)14.jpg;https://ei.phncdn.com/videos/202603/18/42403185/original/(m=eaf8GgaaaWavb)(mh=uT8wihBTpb-7DiRg)15.jpg;https://ei.phncdn.com/videos/202603/18/42403185/original/(m=eaf8GgaaaWavb)(mh=uT8wihBTpb-7DiRg)16.jpg|Fantastic blowjobs from Alex and Keanni Gianna during their fantastic threesome sex session|threesome;small-tits;brunette;tattoo;eating-pussy;piercing;doggy-style;fingering;blowjob;deep-throat|Korean||1428|3057|10|0|https://ei.phncdn.com/videos/202603/18/42403185/original/(m=eaAaGwObaaamqv)(mh=xE1XRLhRxvG1a3Xi)12.jpg|https://ei.phncdn.com/videos/202603/18/42403185/original/(m=eaAaGwObaaamqv)(mh=xE1XRLhRxvG1a3Xi)1.jpg;https://ei.phncdn.com/videos/202603/18/42403185/original/(m=eaAaGwObaaamqv)(mh=xE1XRLhRxvG1a3Xi)2.jpg;https://ei.phncdn.com/videos/202603/18/42403185/original/(m=eaAaGwObaaamqv)(mh=xE1XRLhRxvG1a3Xi)3.jpg;https://ei.phncdn.com/videos/202603/18/42403185/original/(m=eaAaGwObaaamqv)(mh=xE1XRLhRxvG1a3Xi)4.jpg;https://ei.phncdn.com/videos/202603/18/42403185/original/(m=eaAaGwObaaamqv)(mh=xE1XRLhRxvG1a3Xi)5.jpg;https://ei.phncdn.com/videos/202603/18/42403185/original/(m=eaAaGwObaaamqv)(mh=xE1XRLhRxvG1a3Xi)6.jpg;https://ei.phncdn.com/videos/202603/18/42403185/original/(m=eaAaGwObaaamqv)(mh=xE1XRLhRxvG1a3Xi)7.jpg;https://ei.phncdn.com/videos/202603/18/42403185/original/(m=eaAaGwObaaamqv)(mh=xE1XRLhRxvG1a3Xi)8.jpg;https://ei.phncdn.com/videos/202603/18/42403185/original/(m=eaAaGwObaaamqv)(mh=xE1XRLhRxvG1a3Xi)9.jpg;https://ei.phncdn.com/videos/202603/18/42403185/original/(m=eaAaGwObaaamqv)(mh=xE1XRLhRxvG1a3Xi)10.jpg;https://ei.phncdn.com/videos/202603/18/42403185/original/(m=eaAaGwObaaamqv)(mh=xE1XRLhRxvG1a3Xi)11.jpg;https://ei.phncdn.com/videos/202603/18/42403185/original/(m=eaAaGwObaaamqv)(mh=xE1XRLhRxvG1a3Xi)12.jpg;https://ei.phncdn.com/videos/202603/18/42403185/original/(m=eaAaGwObaaamqv)(mh=xE1XRLhRxvG1a3Xi)13.jpg;https://ei.phncdn.com/videos/202603/18/42403185/original/(m=eaAaGwObaaamqv)(mh=xE1XRLhRxvG1a3Xi)14.jpg;https://ei.phncdn.com/videos/202603/18/42403185/original/(m=eaAaGwObaaamqv)(mh=xE1XRLhRxvG1a3Xi)15.jpg;https://ei.phncdn.com/videos/202603/18/42403185/original/(m=eaAaGwObaaamqv)(mh=xE1XRLhRxvG1a3Xi)16.jpg
<iframe src="https://www.pornhub.com/embed/69ba512a39cb7" frameborder="0" height="481" width="608" scrolling="no"></iframe>|https://ei.phncdn.com/videos/202603/18/42403415/original/(m=eaf8GgaaaWavb)(mh=bwJcxbHMXKel1Lw4)12.jpg|https://ei.phncdn.com/videos/202603/18/42403415/original/(m=eaf8GgaaaWavb)(mh=bwJcxbHMXKel1Lw4)1.jpg;https://ei.phncdn.com/videos/202603/18/42403415/original/(m=eaf8GgaaaWavb)(mh=bwJcxbHMXKel1Lw4)2.jpg;https://ei.phncdn.com/videos/202603/18/42403415/original/(m=eaf8GgaaaWavb)(mh=bwJcxbHMXKel1Lw4)3.jpg;https://ei.phncdn.com/videos/202603/18/42403415/original/(m=eaf8GgaaaWavb)(mh=bwJcxbHMXKel1Lw4)4.jpg;https://ei.phncdn.com/videos/202603/18/42403415/original/(m=eaf8GgaaaWavb)(mh=bwJcxbHMXKel1Lw4)5.jpg;https://ei.phncdn.com/videos/202603/18/42403415/original/(m=eaf8GgaaaWavb)(mh=bwJcxbHMXKel1Lw4)6.jpg;https://ei.phncdn.com/videos/202603/18/42403415/original/(m=eaf8GgaaaWavb)(mh=bwJcxbHMXKel1Lw4)7.jpg;https://ei.phncdn.com/videos/202603/18/42403415/original/(m=eaf8GgaaaWavb)(mh=bwJcxbHMXKel1Lw4)8.jpg;https://ei.phncdn.com/videos/202603/18/42403415/original/(m=eaf8GgaaaWavb)(mh=bwJcxbHMXKel1Lw4)9.jpg;https://ei.phncdn.com/videos/202603/18/42403415/original/(m=eaf8GgaaaWavb)(mh=bwJcxbHMXKel1Lw4)10.jpg;https://ei.phncdn.com/videos/202603/18/42403415/original/(m=eaf8GgaaaWavb)(mh=bwJcxbHMXKel1Lw4)11.jpg;https://ei.phncdn.com/videos/202603/18/42403415/original/(m=eaf8GgaaaWavb)(mh=bwJcxbHMXKel1Lw4)12.jpg;https://ei.phncdn.com/videos/202603/18/42403415/original/(m=eaf8GgaaaWavb)(mh=bwJcxbHMXKel1Lw4)13.jpg;https://ei.phncdn.com/videos/202603/18/42403415/original/(m=eaf8GgaaaWavb)(mh=bwJcxbHMXKel1Lw4)14.jpg;https://ei.phncdn.com/videos/202603/18/42403415/original/(m=eaf8GgaaaWavb)(mh=bwJcxbHMXKel1Lw4)15.jpg;https://ei.phncdn.com/videos/202603/18/42403415/original/(m=eaf8GgaaaWavb)(mh=bwJcxbHMXKel1Lw4)16.jpg|Fantastic blowjob and fingering session with a very attractive Asian female wearing high heels|asian;high-heels;skinny;small-tits;big-ass;big-nipples;tight-pussy;eating-pussy;fingering;blowjob|Korean||1109|7240|27|6|https://ei.phncdn.com/videos/202603/18/42403415/original/(m=eaAaGwObaaamqv)(mh=4cL5SdQZeOjGqhpM)12.jpg|https://ei.phncdn.com/videos/202603/18/42403415/original/(m=eaAaGwObaaamqv)(mh=4cL5SdQZeOjGqhpM)1.jpg;https://ei.phncdn.com/videos/202603/18/42403415/original/(m=eaAaGwObaaamqv)(mh=4cL5SdQZeOjGqhpM)2.jpg;https://ei.phncdn.com/videos/202603/18/42403415/original/(m=eaAaGwObaaamqv)(mh=4cL5SdQZeOjGqhpM)3.jpg;https://ei.phncdn.com/videos/202603/18/42403415/original/(m=eaAaGwObaaamqv)(mh=4cL5SdQZeOjGqhpM)4.jpg;https://ei.phncdn.com/videos/202603/18/42403415/original/(m=eaAaGwObaaamqv)(mh=4cL5SdQZeOjGqhpM)5.jpg;https://ei.phncdn.com/videos/202603/18/42403415/original/(m=eaAaGwObaaamqv)(mh=4cL5SdQZeOjGqhpM)6.jpg;https://ei.phncdn.com/videos/202603/18/42403415/original/(m=eaAaGwObaaamqv)(mh=4cL5SdQZeOjGqhpM)7.jpg;https://ei.phncdn.com/videos/202603/18/42403415/original/(m=eaAaGwObaaamqv)(mh=4cL5SdQZeOjGqhpM)8.jpg;https://ei.phncdn.com/videos/202603/18/42403415/original/(m=eaAaGwObaaamqv)(mh=4cL5SdQZeOjGqhpM)9.jpg;https://ei.phncdn.com/videos/202603/18/42403415/original/(m=eaAaGwObaaamqv)(mh=4cL5SdQZeOjGqhpM)10.jpg;https://ei.phncdn.com/videos/202603/18/42403415/original/(m=eaAaGwObaaamqv)(mh=4cL5SdQZeOjGqhpM)11.jpg;https://ei.phncdn.com/videos/202603/18/42403415/original/(m=eaAaGwObaaamqv)(mh=4cL5SdQZeOjGqhpM)12.jpg;https://ei.phncdn.com/videos/202603/18/42403415/original/(m=eaAaGwObaaamqv)(mh=4cL5SdQZeOjGqhpM)13.jpg;https://ei.phncdn.com/videos/202603/18/42403415/original/(m=eaAaGwObaaamqv)(mh=4cL5SdQZeOjGqhpM)14.jpg;https://ei.phncdn.com/videos/202603/18/42403415/original/(m=eaAaGwObaaamqv)(mh=4cL5SdQZeOjGqhpM)15.jpg;https://ei.phncdn.com/videos/202603/18/42403415/original/(m=eaAaGwObaaamqv)(mh=4cL5SdQZeOjGqhpM)16.jpg
<iframe src="https://www.pornhub.com/embed/69ba5162bf9f8" frameborder="0" height="481" width="608" scrolling="no"></iframe>|https://ei.phncdn.com/videos/202603/18/42403505/original/(m=eaf8GgaaaWavb)(mh=QdMizeZXCCIkDOGr)12.jpg|https://ei.phncdn.com/videos/202603/18/42403505/original/(m=eaf8GgaaaWavb)(mh=QdMizeZXCCIkDOGr)1.jpg;https://ei.phncdn.com/videos/202603/18/42403505/original/(m=eaf8GgaaaWavb)(mh=QdMizeZXCCIkDOGr)2.jpg;https://ei.phncdn.com/videos/202603/18/42403505/original/(m=eaf8GgaaaWavb)(mh=QdMizeZXCCIkDOGr)3.jpg;https://ei.phncdn.com/videos/202603/18/42403505/original/(m=eaf8GgaaaWavb)(mh=QdMizeZXCCIkDOGr)4.jpg;https://ei.phncdn.com/videos/202603/18/42403505/original/(m=eaf8GgaaaWavb)(mh=QdMizeZXCCIkDOGr)5.jpg;https://ei.phncdn.com/videos/202603/18/42403505/original/(m=eaf8GgaaaWavb)(mh=QdMizeZXCCIkDOGr)6.jpg;https://ei.phncdn.com/videos/202603/18/42403505/original/(m=eaf8GgaaaWavb)(mh=QdMizeZXCCIkDOGr)7.jpg;https://ei.phncdn.com/videos/202603/18/42403505/original/(m=eaf8GgaaaWavb)(mh=QdMizeZXCCIkDOGr)8.jpg;https://ei.phncdn.com/videos/202603/18/42403505/original/(m=eaf8GgaaaWavb)(mh=QdMizeZXCCIkDOGr)9.jpg;https://ei.phncdn.com/videos/202603/18/42403505/original/(m=eaf8GgaaaWavb)(mh=QdMizeZXCCIkDOGr)10.jpg;https://ei.phncdn.com/videos/202603/18/42403505/original/(m=eaf8GgaaaWavb)(mh=QdMizeZXCCIkDOGr)11.jpg;https://ei.phncdn.com/videos/202603/18/42403505/original/(m=eaf8GgaaaWavb)(mh=QdMizeZXCCIkDOGr)12.jpg;https://ei.phncdn.com/videos/202603/18/42403505/original/(m=eaf8GgaaaWavb)(mh=QdMizeZXCCIkDOGr)13.jpg;https://ei.phncdn.com/videos/202603/18/42403505/original/(m=eaf8GgaaaWavb)(mh=QdMizeZXCCIkDOGr)14.jpg;https://ei.phncdn.com/videos/202603/18/42403505/original/(m=eaf8GgaaaWavb)(mh=QdMizeZXCCIkDOGr)15.jpg;https://ei.phncdn.com/videos/202603/18/42403505/original/(m=eaf8GgaaaWavb)(mh=QdMizeZXCCIkDOGr)16.jpg|Super attractive woman Jassie had doggy-style sex with someone who blows her mind|tattoo;brunette;skinny;eating-pussy;reverse-cowgirl;doggy-style;missionary;blowjob;cowgirl|Korean||944|20960|65|6|https://ei.phncdn.com/videos/202603/18/42403505/original/(m=eaAaGwObaaamqv)(mh=91_0bjNnuyoclL0w)12.jpg|https://ei.phncdn.com/videos/202603/18/42403505/original/(m=eaAaGwObaaamqv)(mh=91_0bjNnuyoclL0w)1.jpg;https://ei.phncdn.com/videos/202603/18/42403505/original/(m=eaAaGwObaaamqv)(mh=91_0bjNnuyoclL0w)2.jpg;https://ei.phncdn.com/videos/202603/18/42403505/original/(m=eaAaGwObaaamqv)(mh=91_0bjNnuyoclL0w)3.jpg;https://ei.phncdn.com/videos/202603/18/42403505/original/(m=eaAaGwObaaamqv)(mh=91_0bjNnuyoclL0w)4.jpg;https://ei.phncdn.com/videos/202603/18/42403505/original/(m=eaAaGwObaaamqv)(mh=91_0bjNnuyoclL0w)5.jpg;https://ei.phncdn.com/videos/202603/18/42403505/original/(m=eaAaGwObaaamqv)(mh=91_0bjNnuyoclL0w)6.jpg;https://ei.phncdn.com/videos/202603/18/42403505/original/(m=eaAaGwObaaamqv)(mh=91_0bjNnuyoclL0w)7.jpg;https://ei.phncdn.com/videos/202603/18/42403505/original/(m=eaAaGwObaaamqv)(mh=91_0bjNnuyoclL0w)8.jpg;https://ei.phncdn.com/videos/202603/18/42403505/original/(m=eaAaGwObaaamqv)(mh=91_0bjNnuyoclL0w)9.jpg;https://ei.phncdn.com/videos/202603/18/42403505/original/(m=eaAaGwObaaamqv)(mh=91_0bjNnuyoclL0w)10.jpg;https://ei.phncdn.com/videos/202603/18/42403505/original/(m=eaAaGwObaaamqv)(mh=91_0bjNnuyoclL0w)11.jpg;https://ei.phncdn.com/videos/202603/18/42403505/original/(m=eaAaGwObaaamqv)(mh=91_0bjNnuyoclL0w)12.jpg;https://ei.phncdn.com/videos/202603/18/42403505/original/(m=eaAaGwObaaamqv)(mh=91_0bjNnuyoclL0w)13.jpg;https://ei.phncdn.com/videos/202603/18/42403505/original/(m=eaAaGwObaaamqv)(mh=91_0bjNnuyoclL0w)14.jpg;https://ei.phncdn.com/videos/202603/18/42403505/original/(m=eaAaGwObaaamqv)(mh=91_0bjNnuyoclL0w)15.jpg;https://ei.phncdn.com/videos/202603/18/42403505/original/(m=eaAaGwObaaamqv)(mh=91_0bjNnuyoclL0w)16.jpg
<iframe src="https://www.pornhub.com/embed/69ba5186373a6" frameborder="0" height="481" width="608" scrolling="no"></iframe>|https://ei.phncdn.com/videos/202603/18/42403515/original/(m=eaf8GgaaaWavb)(mh=2rkoUaEDXNDEJDzO)12.jpg|https://ei.phncdn.com/videos/202603/18/42403515/original/(m=eaf8GgaaaWavb)(mh=2rkoUaEDXNDEJDzO)1.jpg;https://ei.phncdn.com/videos/202603/18/42403515/original/(m=eaf8GgaaaWavb)(mh=2rkoUaEDXNDEJDzO)2.jpg;https://ei.phncdn.com/videos/202603/18/42403515/original/(m=eaf8GgaaaWavb)(mh=2rkoUaEDXNDEJDzO)3.jpg;https://ei.phncdn.com/videos/202603/18/42403515/original/(m=eaf8GgaaaWavb)(mh=2rkoUaEDXNDEJDzO)4.jpg;https://ei.phncdn.com/videos/202603/18/42403515/original/(m=eaf8GgaaaWavb)(mh=2rkoUaEDXNDEJDzO)5.jpg;https://ei.phncdn.com/videos/202603/18/42403515/original/(m=eaf8GgaaaWavb)(mh=2rkoUaEDXNDEJDzO)6.jpg;https://ei.phncdn.com/videos/202603/18/42403515/original/(m=eaf8GgaaaWavb)(mh=2rkoUaEDXNDEJDzO)7.jpg;https://ei.phncdn.com/videos/202603/18/42403515/original/(m=eaf8GgaaaWavb)(mh=2rkoUaEDXNDEJDzO)8.jpg;https://ei.phncdn.com/videos/202603/18/42403515/original/(m=eaf8GgaaaWavb)(mh=2rkoUaEDXNDEJDzO)9.jpg;https://ei.phncdn.com/videos/202603/18/42403515/original/(m=eaf8GgaaaWavb)(mh=2rkoUaEDXNDEJDzO)10.jpg;https://ei.phncdn.com/videos/202603/18/42403515/original/(m=eaf8GgaaaWavb)(mh=2rkoUaEDXNDEJDzO)11.jpg;https://ei.phncdn.com/videos/202603/18/42403515/original/(m=eaf8GgaaaWavb)(mh=2rkoUaEDXNDEJDzO)12.jpg;https://ei.phncdn.com/videos/202603/18/42403515/original/(m=eaf8GgaaaWavb)(mh=2rkoUaEDXNDEJDzO)13.jpg;https://ei.phncdn.com/videos/202603/18/42403515/original/(m=eaf8GgaaaWavb)(mh=2rkoUaEDXNDEJDzO)14.jpg;https://ei.phncdn.com/videos/202603/18/42403515/original/(m=eaf8GgaaaWavb)(mh=2rkoUaEDXNDEJDzO)15.jpg;https://ei.phncdn.com/videos/202603/18/42403515/original/(m=eaf8GgaaaWavb)(mh=2rkoUaEDXNDEJDzO)16.jpg|Asian bombshell brunette with extreme heat A fantastic deepthroating blowjob is delivered by Nautica Thorn|asian;bikini;high-heels;brunette;big-ass;big-tits;tight-pussy;blowjob;deep-throat;tattoo|Korean||1060|6679|28|2|https://ei.phncdn.com/videos/202603/18/42403515/original/(m=eaAaGwObaaamqv)(mh=fEe3P9IaohcBbW0H)12.jpg|https://ei.phncdn.com/videos/202603/18/42403515/original/(m=eaAaGwObaaamqv)(mh=fEe3P9IaohcBbW0H)1.jpg;https://ei.phncdn.com/videos/202603/18/42403515/original/(m=eaAaGwObaaamqv)(mh=fEe3P9IaohcBbW0H)2.jpg;https://ei.phncdn.com/videos/202603/18/42403515/original/(m=eaAaGwObaaamqv)(mh=fEe3P9IaohcBbW0H)3.jpg;https://ei.phncdn.com/videos/202603/18/42403515/original/(m=eaAaGwObaaamqv)(mh=fEe3P9IaohcBbW0H)4.jpg;https://ei.phncdn.com/videos/202603/18/42403515/original/(m=eaAaGwObaaamqv)(mh=fEe3P9IaohcBbW0H)5.jpg;https://ei.phncdn.com/videos/202603/18/42403515/original/(m=eaAaGwObaaamqv)(mh=fEe3P9IaohcBbW0H)6.jpg;https://ei.phncdn.com/videos/202603/18/42403515/original/(m=eaAaGwObaaamqv)(mh=fEe3P9IaohcBbW0H)7.jpg;https://ei.phncdn.com/videos/202603/18/42403515/original/(m=eaAaGwObaaamqv)(mh=fEe3P9IaohcBbW0H)8.jpg;https://ei.phncdn.com/videos/202603/18/42403515/original/(m=eaAaGwObaaamqv)(mh=fEe3P9IaohcBbW0H)9.jpg;https://ei.phncdn.com/videos/202603/18/42403515/original/(m=eaAaGwObaaamqv)(mh=fEe3P9IaohcBbW0H)10.jpg;https://ei.phncdn.com/videos/202603/18/42403515/original/(m=eaAaGwObaaamqv)(mh=fEe3P9IaohcBbW0H)11.jpg;https://ei.phncdn.com/videos/202603/18/42403515/original/(m=eaAaGwObaaamqv)(mh=fEe3P9IaohcBbW0H)12.jpg;https://ei.phncdn.com/videos/202603/18/42403515/original/(m=eaAaGwObaaamqv)(mh=fEe3P9IaohcBbW0H)13.jpg;https://ei.phncdn.com/videos/202603/18/42403515/original/(m=eaAaGwObaaamqv)(mh=fEe3P9IaohcBbW0H)14.jpg;https://ei.phncdn.com/videos/202603/18/42403515/original/(m=eaAaGwObaaamqv)(mh=fEe3P9IaohcBbW0H)15.jpg;https://ei.phncdn.com/videos/202603/18/42403515/original/(m=eaAaGwObaaamqv)(mh=fEe3P9IaohcBbW0H)16.jpg
<iframe src="https://www.pornhub.com/embed/69ba51b0cd81e" frameborder="0" height="481" width="608" scrolling="no"></iframe>|https://ei.phncdn.com/videos/202603/18/42403575/original/(m=eaf8GgaaaWavb)(mh=yjNdGAnvzioK4nNX)12.jpg|https://ei.phncdn.com/videos/202603/18/42403575/original/(m=eaf8GgaaaWavb)(mh=yjNdGAnvzioK4nNX)1.jpg;https://ei.phncdn.com/videos/202603/18/42403575/original/(m=eaf8GgaaaWavb)(mh=yjNdGAnvzioK4nNX)2.jpg;https://ei.phncdn.com/videos/202603/18/42403575/original/(m=eaf8GgaaaWavb)(mh=yjNdGAnvzioK4nNX)3.jpg;https://ei.phncdn.com/videos/202603/18/42403575/original/(m=eaf8GgaaaWavb)(mh=yjNdGAnvzioK4nNX)4.jpg;https://ei.phncdn.com/videos/202603/18/42403575/original/(m=eaf8GgaaaWavb)(mh=yjNdGAnvzioK4nNX)5.jpg;https://ei.phncdn.com/videos/202603/18/42403575/original/(m=eaf8GgaaaWavb)(mh=yjNdGAnvzioK4nNX)6.jpg;https://ei.phncdn.com/videos/202603/18/42403575/original/(m=eaf8GgaaaWavb)(mh=yjNdGAnvzioK4nNX)7.jpg;https://ei.phncdn.com/videos/202603/18/42403575/original/(m=eaf8GgaaaWavb)(mh=yjNdGAnvzioK4nNX)8.jpg;https://ei.phncdn.com/videos/202603/18/42403575/original/(m=eaf8GgaaaWavb)(mh=yjNdGAnvzioK4nNX)9.jpg;https://ei.phncdn.com/videos/202603/18/42403575/original/(m=eaf8GgaaaWavb)(mh=yjNdGAnvzioK4nNX)10.jpg;https://ei.phncdn.com/videos/202603/18/42403575/original/(m=eaf8GgaaaWavb)(mh=yjNdGAnvzioK4nNX)11.jpg;https://ei.phncdn.com/videos/202603/18/42403575/original/(m=eaf8GgaaaWavb)(mh=yjNdGAnvzioK4nNX)12.jpg;https://ei.phncdn.com/videos/202603/18/42403575/original/(m=eaf8GgaaaWavb)(mh=yjNdGAnvzioK4nNX)13.jpg;https://ei.phncdn.com/videos/202603/18/42403575/original/(m=eaf8GgaaaWavb)(mh=yjNdGAnvzioK4nNX)14.jpg;https://ei.phncdn.com/videos/202603/18/42403575/original/(m=eaf8GgaaaWavb)(mh=yjNdGAnvzioK4nNX)15.jpg;https://ei.phncdn.com/videos/202603/18/42403575/original/(m=eaf8GgaaaWavb)(mh=yjNdGAnvzioK4nNX)16.jpg|A fiery Asian sex explosion For sex, Jade Feng's enormous tits are licked|asian;big-tits;big-nipples;lingerie;stockings;blowjob;deep-throat;tit-fuck;high-heels;big-ass|Korean||811|5249|18|4|https://ei.phncdn.com/videos/202603/18/42403575/original/(m=eaAaGwObaaamqv)(mh=4f4CUW8Hv8vkmp2A)12.jpg|https://ei.phncdn.com/videos/202603/18/42403575/original/(m=eaAaGwObaaamqv)(mh=4f4CUW8Hv8vkmp2A)1.jpg;https://ei.phncdn.com/videos/202603/18/42403575/original/(m=eaAaGwObaaamqv)(mh=4f4CUW8Hv8vkmp2A)2.jpg;https://ei.phncdn.com/videos/202603/18/42403575/original/(m=eaAaGwObaaamqv)(mh=4f4CUW8Hv8vkmp2A)3.jpg;https://ei.phncdn.com/videos/202603/18/42403575/original/(m=eaAaGwObaaamqv)(mh=4f4CUW8Hv8vkmp2A)4.jpg;https://ei.phncdn.com/videos/202603/18/42403575/original/(m=eaAaGwObaaamqv)(mh=4f4CUW8Hv8vkmp2A)5.jpg;https://ei.phncdn.com/videos/202603/18/42403575/original/(m=eaAaGwObaaamqv)(mh=4f4CUW8Hv8vkmp2A)6.jpg;https://ei.phncdn.com/videos/202603/18/42403575/original/(m=eaAaGwObaaamqv)(mh=4f4CUW8Hv8vkmp2A)7.jpg;https://ei.phncdn.com/videos/202603/18/42403575/original/(m=eaAaGwObaaamqv)(mh=4f4CUW8Hv8vkmp2A)8.jpg;https://ei.phncdn.com/videos/202603/18/42403575/original/(m=eaAaGwObaaamqv)(mh=4f4CUW8Hv8vkmp2A)9.jpg;https://ei.phncdn.com/videos/202603/18/42403575/original/(m=eaAaGwObaaamqv)(mh=4f4CUW8Hv8vkmp2A)10.jpg;https://ei.phncdn.com/videos/202603/18/42403575/original/(m=eaAaGwObaaamqv)(mh=4f4CUW8Hv8vkmp2A)11.jpg;https://ei.phncdn.com/videos/202603/18/42403575/original/(m=eaAaGwObaaamqv)(mh=4f4CUW8Hv8vkmp2A)12.jpg;https://ei.phncdn.com/videos/202603/18/42403575/original/(m=eaAaGwObaaamqv)(mh=4f4CUW8Hv8vkmp2A)13.jpg;https://ei.phncdn.com/videos/202603/18/42403575/original/(m=eaAaGwObaaamqv)(mh=4f4CUW8Hv8vkmp2A)14.jpg;https://ei.phncdn.com/videos/202603/18/42403575/original/(m=eaAaGwObaaamqv)(mh=4f4CUW8Hv8vkmp2A)15.jpg;https://ei.phncdn.com/videos/202603/18/42403575/original/(m=eaAaGwObaaamqv)(mh=4f4CUW8Hv8vkmp2A)16.jpg
<iframe src="https://www.pornhub.com/embed/69ba51d53940e" frameborder="0" height="481" width="608" scrolling="no"></iframe>|https://ei.phncdn.com/videos/202603/18/42403655/original/(m=eaf8GgaaaWavb)(mh=J65mb2X2Ulra5Aud)12.jpg|https://ei.phncdn.com/videos/202603/18/42403655/original/(m=eaf8GgaaaWavb)(mh=J65mb2X2Ulra5Aud)1.jpg;https://ei.phncdn.com/videos/202603/18/42403655/original/(m=eaf8GgaaaWavb)(mh=J65mb2X2Ulra5Aud)2.jpg;https://ei.phncdn.com/videos/202603/18/42403655/original/(m=eaf8GgaaaWavb)(mh=J65mb2X2Ulra5Aud)3.jpg;https://ei.phncdn.com/videos/202603/18/42403655/original/(m=eaf8GgaaaWavb)(mh=J65mb2X2Ulra5Aud)4.jpg;https://ei.phncdn.com/videos/202603/18/42403655/original/(m=eaf8GgaaaWavb)(mh=J65mb2X2Ulra5Aud)5.jpg;https://ei.phncdn.com/videos/202603/18/42403655/original/(m=eaf8GgaaaWavb)(mh=J65mb2X2Ulra5Aud)6.jpg;https://ei.phncdn.com/videos/202603/18/42403655/original/(m=eaf8GgaaaWavb)(mh=J65mb2X2Ulra5Aud)7.jpg;https://ei.phncdn.com/videos/202603/18/42403655/original/(m=eaf8GgaaaWavb)(mh=J65mb2X2Ulra5Aud)8.jpg;https://ei.phncdn.com/videos/202603/18/42403655/original/(m=eaf8GgaaaWavb)(mh=J65mb2X2Ulra5Aud)9.jpg;https://ei.phncdn.com/videos/202603/18/42403655/original/(m=eaf8GgaaaWavb)(mh=J65mb2X2Ulra5Aud)10.jpg;https://ei.phncdn.com/videos/202603/18/42403655/original/(m=eaf8GgaaaWavb)(mh=J65mb2X2Ulra5Aud)11.jpg;https://ei.phncdn.com/videos/202603/18/42403655/original/(m=eaf8GgaaaWavb)(mh=J65mb2X2Ulra5Aud)12.jpg;https://ei.phncdn.com/videos/202603/18/42403655/original/(m=eaf8GgaaaWavb)(mh=J65mb2X2Ulra5Aud)13.jpg;https://ei.phncdn.com/videos/202603/18/42403655/original/(m=eaf8GgaaaWavb)(mh=J65mb2X2Ulra5Aud)14.jpg;https://ei.phncdn.com/videos/202603/18/42403655/original/(m=eaf8GgaaaWavb)(mh=J65mb2X2Ulra5Aud)15.jpg;https://ei.phncdn.com/videos/202603/18/42403655/original/(m=eaf8GgaaaWavb)(mh=J65mb2X2Ulra5Aud)16.jpg|Fantastic asian brunette with little tits having incredible cowgirl sex|brunette;asian;blowjob;deep-throat;eating-pussy;skinny;small-tits;tight-pussy;cowgirl;missionary|Korean||1195|1834|7|1|https://ei.phncdn.com/videos/202603/18/42403655/original/(m=eaAaGwObaaamqv)(mh=EeGAsDur18nNT_sZ)12.jpg|https://ei.phncdn.com/videos/202603/18/42403655/original/(m=eaAaGwObaaamqv)(mh=EeGAsDur18nNT_sZ)1.jpg;https://ei.phncdn.com/videos/202603/18/42403655/original/(m=eaAaGwObaaamqv)(mh=EeGAsDur18nNT_sZ)2.jpg;https://ei.phncdn.com/videos/202603/18/42403655/original/(m=eaAaGwObaaamqv)(mh=EeGAsDur18nNT_sZ)3.jpg;https://ei.phncdn.com/videos/202603/18/42403655/original/(m=eaAaGwObaaamqv)(mh=EeGAsDur18nNT_sZ)4.jpg;https://ei.phncdn.com/videos/202603/18/42403655/original/(m=eaAaGwObaaamqv)(mh=EeGAsDur18nNT_sZ)5.jpg;https://ei.phncdn.com/videos/202603/18/42403655/original/(m=eaAaGwObaaamqv)(mh=EeGAsDur18nNT_sZ)6.jpg;https://ei.phncdn.com/videos/202603/18/42403655/original/(m=eaAaGwObaaamqv)(mh=EeGAsDur18nNT_sZ)7.jpg;https://ei.phncdn.com/videos/202603/18/42403655/original/(m=eaAaGwObaaamqv)(mh=EeGAsDur18nNT_sZ)8.jpg;https://ei.phncdn.com/videos/202603/18/42403655/original/(m=eaAaGwObaaamqv)(mh=EeGAsDur18nNT_sZ)9.jpg;https://ei.phncdn.com/videos/202603/18/42403655/original/(m=eaAaGwObaaamqv)(mh=EeGAsDur18nNT_sZ)10.jpg;https://ei.phncdn.com/videos/202603/18/42403655/original/(m=eaAaGwObaaamqv)(mh=EeGAsDur18nNT_sZ)11.jpg;https://ei.phncdn.com/videos/202603/18/42403655/original/(m=eaAaGwObaaamqv)(mh=EeGAsDur18nNT_sZ)12.jpg;https://ei.phncdn.com/videos/202603/18/42403655/original/(m=eaAaGwObaaamqv)(mh=EeGAsDur18nNT_sZ)13.jpg;https://ei.phncdn.com/videos/202603/18/42403655/original/(m=eaAaGwObaaamqv)(mh=EeGAsDur18nNT_sZ)14.jpg;https://ei.phncdn.com/videos/202603/18/42403655/original/(m=eaAaGwObaaamqv)(mh=EeGAsDur18nNT_sZ)15.jpg;https://ei.phncdn.com/videos/202603/18/42403655/original/(m=eaAaGwObaaamqv)(mh=EeGAsDur18nNT_sZ)16.jpg
<iframe src="https://www.pornhub.com/embed/69ba5200cc797" frameborder="0" height="481" width="608" scrolling="no"></iframe>|https://ei.phncdn.com/videos/202603/18/42403705/original/(m=eaf8GgaaaWavb)(mh=ms0oxfkmpW39oR32)12.jpg|https://ei.phncdn.com/videos/202603/18/42403705/original/(m=eaf8GgaaaWavb)(mh=ms0oxfkmpW39oR32)1.jpg;https://ei.phncdn.com/videos/202603/18/42403705/original/(m=eaf8GgaaaWavb)(mh=ms0oxfkmpW39oR32)2.jpg;https://ei.phncdn.com/videos/202603/18/42403705/original/(m=eaf8GgaaaWavb)(mh=ms0oxfkmpW39oR32)3.jpg;https://ei.phncdn.com/videos/202603/18/42403705/original/(m=eaf8GgaaaWavb)(mh=ms0oxfkmpW39oR32)4.jpg;https://ei.phncdn.com/videos/202603/18/42403705/original/(m=eaf8GgaaaWavb)(mh=ms0oxfkmpW39oR32)5.jpg;https://ei.phncdn.com/videos/202603/18/42403705/original/(m=eaf8GgaaaWavb)(mh=ms0oxfkmpW39oR32)6.jpg;https://ei.phncdn.com/videos/202603/18/42403705/original/(m=eaf8GgaaaWavb)(mh=ms0oxfkmpW39oR32)7.jpg;https://ei.phncdn.com/videos/202603/18/42403705/original/(m=eaf8GgaaaWavb)(mh=ms0oxfkmpW39oR32)8.jpg;https://ei.phncdn.com/videos/202603/18/42403705/original/(m=eaf8GgaaaWavb)(mh=ms0oxfkmpW39oR32)9.jpg;https://ei.phncdn.com/videos/202603/18/42403705/original/(m=eaf8GgaaaWavb)(mh=ms0oxfkmpW39oR32)10.jpg;https://ei.phncdn.com/videos/202603/18/42403705/original/(m=eaf8GgaaaWavb)(mh=ms0oxfkmpW39oR32)11.jpg;https://ei.phncdn.com/videos/202603/18/42403705/original/(m=eaf8GgaaaWavb)(mh=ms0oxfkmpW39oR32)12.jpg;https://ei.phncdn.com/videos/202603/18/42403705/original/(m=eaf8GgaaaWavb)(mh=ms0oxfkmpW39oR32)13.jpg;https://ei.phncdn.com/videos/202603/18/42403705/original/(m=eaf8GgaaaWavb)(mh=ms0oxfkmpW39oR32)14.jpg;https://ei.phncdn.com/videos/202603/18/42403705/original/(m=eaf8GgaaaWavb)(mh=ms0oxfkmpW39oR32)15.jpg;https://ei.phncdn.com/videos/202603/18/42403705/original/(m=eaf8GgaaaWavb)(mh=ms0oxfkmpW39oR32)16.jpg|A cute boy is fucked by an Asian sex bomb dressed in stockings till she gets a facial|brunette;doggy-style;asian;blowjob;stockings;tattoo;cum-in-mouth;cowgirl;interracial;facial|Korean||899|4926|25|4|https://ei.phncdn.com/videos/202603/18/42403705/original/(m=eaAaGwObaaamqv)(mh=7_-inHuTeb3BbxxL)12.jpg|https://ei.phncdn.com/videos/202603/18/42403705/original/(m=eaAaGwObaaamqv)(mh=7_-inHuTeb3BbxxL)1.jpg;https://ei.phncdn.com/videos/202603/18/42403705/original/(m=eaAaGwObaaamqv)(mh=7_-inHuTeb3BbxxL)2.jpg;https://ei.phncdn.com/videos/202603/18/42403705/original/(m=eaAaGwObaaamqv)(mh=7_-inHuTeb3BbxxL)3.jpg;https://ei.phncdn.com/videos/202603/18/42403705/original/(m=eaAaGwObaaamqv)(mh=7_-inHuTeb3BbxxL)4.jpg;https://ei.phncdn.com/videos/202603/18/42403705/original/(m=eaAaGwObaaamqv)(mh=7_-inHuTeb3BbxxL)5.jpg;https://ei.phncdn.com/videos/202603/18/42403705/original/(m=eaAaGwObaaamqv)(mh=7_-inHuTeb3BbxxL)6.jpg;https://ei.phncdn.com/videos/202603/18/42403705/original/(m=eaAaGwObaaamqv)(mh=7_-inHuTeb3BbxxL)7.jpg;https://ei.phncdn.com/videos/202603/18/42403705/original/(m=eaAaGwObaaamqv)(mh=7_-inHuTeb3BbxxL)8.jpg;https://ei.phncdn.com/videos/202603/18/42403705/original/(m=eaAaGwObaaamqv)(mh=7_-inHuTeb3BbxxL)9.jpg;https://ei.phncdn.com/videos/202603/18/42403705/original/(m=eaAaGwObaaamqv)(mh=7_-inHuTeb3BbxxL)10.jpg;https://ei.phncdn.com/videos/202603/18/42403705/original/(m=eaAaGwObaaamqv)(mh=7_-inHuTeb3BbxxL)11.jpg;https://ei.phncdn.com/videos/202603/18/42403705/original/(m=eaAaGwObaaamqv)(mh=7_-inHuTeb3BbxxL)12.jpg;https://ei.phncdn.com/videos/202603/18/42403705/original/(m=eaAaGwObaaamqv)(mh=7_-inHuTeb3BbxxL)13.jpg;https://ei.phncdn.com/videos/202603/18/42403705/original/(m=eaAaGwObaaamqv)(mh=7_-inHuTeb3BbxxL)14.jpg;https://ei.phncdn.com/videos/202603/18/42403705/original/(m=eaAaGwObaaamqv)(mh=7_-inHuTeb3BbxxL)15.jpg;https://ei.phncdn.com/videos/202603/18/42403705/original/(m=eaAaGwObaaamqv)(mh=7_-inHuTeb3BbxxL)16.jpg
<iframe src="https://www.pornhub.com/embed/69ba513671f9f" frameborder="0" height="481" width="608" scrolling="no"></iframe>|https://ei.phncdn.com/videos/202603/18/42403435/original/(m=q755670beaf8GgaaaWavb)(mh=7fyTGy-SpdHoV6ko)0.jpg|https://ei.phncdn.com/videos/202603/18/42403435/original/(m=eaf8GgaaaWavb)(mh=Isi-wnuDoBa-eieL)1.jpg;https://ei.phncdn.com/videos/202603/18/42403435/original/(m=eaf8GgaaaWavb)(mh=Isi-wnuDoBa-eieL)2.jpg;https://ei.phncdn.com/videos/202603/18/42403435/original/(m=eaf8GgaaaWavb)(mh=Isi-wnuDoBa-eieL)3.jpg;https://ei.phncdn.com/videos/202603/18/42403435/original/(m=eaf8GgaaaWavb)(mh=Isi-wnuDoBa-eieL)4.jpg;https://ei.phncdn.com/videos/202603/18/42403435/original/(m=eaf8GgaaaWavb)(mh=Isi-wnuDoBa-eieL)5.jpg;https://ei.phncdn.com/videos/202603/18/42403435/original/(m=eaf8GgaaaWavb)(mh=Isi-wnuDoBa-eieL)6.jpg;https://ei.phncdn.com/videos/202603/18/42403435/original/(m=eaf8GgaaaWavb)(mh=Isi-wnuDoBa-eieL)7.jpg;https://ei.phncdn.com/videos/202603/18/42403435/original/(m=eaf8GgaaaWavb)(mh=Isi-wnuDoBa-eieL)8.jpg;https://ei.phncdn.com/videos/202603/18/42403435/original/(m=eaf8GgaaaWavb)(mh=Isi-wnuDoBa-eieL)9.jpg;https://ei.phncdn.com/videos/202603/18/42403435/original/(m=eaf8GgaaaWavb)(mh=Isi-wnuDoBa-eieL)10.jpg;https://ei.phncdn.com/videos/202603/18/42403435/original/(m=eaf8GgaaaWavb)(mh=Isi-wnuDoBa-eieL)11.jpg;https://ei.phncdn.com/videos/202603/18/42403435/original/(m=eaf8GgaaaWavb)(mh=Isi-wnuDoBa-eieL)12.jpg;https://ei.phncdn.com/videos/202603/18/42403435/original/(m=eaf8GgaaaWavb)(mh=Isi-wnuDoBa-eieL)13.jpg;https://ei.phncdn.com/videos/202603/18/42403435/original/(m=eaf8GgaaaWavb)(mh=Isi-wnuDoBa-eieL)14.jpg;https://ei.phncdn.com/videos/202603/18/42403435/original/(m=eaf8GgaaaWavb)(mh=Isi-wnuDoBa-eieL)15.jpg;https://ei.phncdn.com/videos/202603/18/42403435/original/(m=eaf8GgaaaWavb)(mh=Isi-wnuDoBa-eieL)16.jpg|Sad Miss Watches Lara Croft get Penetrated and Inseminated|sad-girl;sad-miss;sad-bunny;porn-react;long-legs;asian-girl;beautiful-asian-girl;mask-girl;asian-masked-girl;3d;3d-animation;animated-porn;anime-hentai|Korean;Japanese||197|4124|11|0|https://ei.phncdn.com/videos/202603/18/42403435/original/(m=q755670beaAaGwObaaamqv)(mh=Pg1DbXVBDe4s_UEf)0.jpg|https://ei.phncdn.com/videos/202603/18/42403435/original/(m=eaAaGwObaaamqv)(mh=aArxJl2exkvrSsU9)1.jpg;https://ei.phncdn.com/videos/202603/18/42403435/original/(m=eaAaGwObaaamqv)(mh=aArxJl2exkvrSsU9)2.jpg;https://ei.phncdn.com/videos/202603/18/42403435/original/(m=eaAaGwObaaamqv)(mh=aArxJl2exkvrSsU9)3.jpg;https://ei.phncdn.com/videos/202603/18/42403435/original/(m=eaAaGwObaaamqv)(mh=aArxJl2exkvrSsU9)4.jpg;https://ei.phncdn.com/videos/202603/18/42403435/original/(m=eaAaGwObaaamqv)(mh=aArxJl2exkvrSsU9)5.jpg;https://ei.phncdn.com/videos/202603/18/42403435/original/(m=eaAaGwObaaamqv)(mh=aArxJl2exkvrSsU9)6.jpg;https://ei.phncdn.com/videos/202603/18/42403435/original/(m=eaAaGwObaaamqv)(mh=aArxJl2exkvrSsU9)7.jpg;https://ei.phncdn.com/videos/202603/18/42403435/original/(m=eaAaGwObaaamqv)(mh=aArxJl2exkvrSsU9)8.jpg;https://ei.phncdn.com/videos/202603/18/42403435/original/(m=eaAaGwObaaamqv)(mh=aArxJl2exkvrSsU9)9.jpg;https://ei.phncdn.com/videos/202603/18/42403435/original/(m=eaAaGwObaaamqv)(mh=aArxJl2exkvrSsU9)10.jpg;https://ei.phncdn.com/videos/202603/18/42403435/original/(m=eaAaGwObaaamqv)(mh=aArxJl2exkvrSsU9)11.jpg;https://ei.phncdn.com/videos/202603/18/42403435/original/(m=eaAaGwObaaamqv)(mh=aArxJl2exkvrSsU9)12.jpg;https://ei.phncdn.com/videos/202603/18/42403435/original/(m=eaAaGwObaaamqv)(mh=aArxJl2exkvrSsU9)13.jpg;https://ei.phncdn.com/videos/202603/18/42403435/original/(m=eaAaGwObaaamqv)(mh=aArxJl2exkvrSsU9)14.jpg;https://ei.phncdn.com/videos/202603/18/42403435/original/(m=eaAaGwObaaamqv)(mh=aArxJl2exkvrSsU9)15.jpg;https://ei.phncdn.com/videos/202603/18/42403435/original/(m=eaAaGwObaaamqv)(mh=aArxJl2exkvrSsU9)16.jpg
<iframe src="https://www.pornhub.com/embed/69ba52490e808" frameborder="0" height="481" width="608" scrolling="no"></iframe>|https://ei.phncdn.com/videos/202603/18/42403745/original/(m=eaf8GgaaaWavb)(mh=7JoJROHo95Yj-G0y)12.jpg|https://ei.phncdn.com/videos/202603/18/42403745/original/(m=eaf8GgaaaWavb)(mh=7JoJROHo95Yj-G0y)1.jpg;https://ei.phncdn.com/videos/202603/18/42403745/original/(m=eaf8GgaaaWavb)(mh=7JoJROHo95Yj-G0y)2.jpg;https://ei.phncdn.com/videos/202603/18/42403745/original/(m=eaf8GgaaaWavb)(mh=7JoJROHo95Yj-G0y)3.jpg;https://ei.phncdn.com/videos/202603/18/42403745/original/(m=eaf8GgaaaWavb)(mh=7JoJROHo95Yj-G0y)4.jpg;https://ei.phncdn.com/videos/202603/18/42403745/original/(m=eaf8GgaaaWavb)(mh=7JoJROHo95Yj-G0y)5.jpg;https://ei.phncdn.com/videos/202603/18/42403745/original/(m=eaf8GgaaaWavb)(mh=7JoJROHo95Yj-G0y)6.jpg;https://ei.phncdn.com/videos/202603/18/42403745/original/(m=eaf8GgaaaWavb)(mh=7JoJROHo95Yj-G0y)7.jpg;https://ei.phncdn.com/videos/202603/18/42403745/original/(m=eaf8GgaaaWavb)(mh=7JoJROHo95Yj-G0y)8.jpg;https://ei.phncdn.com/videos/202603/18/42403745/original/(m=eaf8GgaaaWavb)(mh=7JoJROHo95Yj-G0y)9.jpg;https://ei.phncdn.com/videos/202603/18/42403745/original/(m=eaf8GgaaaWavb)(mh=7JoJROHo95Yj-G0y)10.jpg;https://ei.phncdn.com/videos/202603/18/42403745/original/(m=eaf8GgaaaWavb)(mh=7JoJROHo95Yj-G0y)11.jpg;https://ei.phncdn.com/videos/202603/18/42403745/original/(m=eaf8GgaaaWavb)(mh=7JoJROHo95Yj-G0y)12.jpg;https://ei.phncdn.com/videos/202603/18/42403745/original/(m=eaf8GgaaaWavb)(mh=7JoJROHo95Yj-G0y)13.jpg;https://ei.phncdn.com/videos/202603/18/42403745/original/(m=eaf8GgaaaWavb)(mh=7JoJROHo95Yj-G0y)14.jpg;https://ei.phncdn.com/videos/202603/18/42403745/original/(m=eaf8GgaaaWavb)(mh=7JoJROHo95Yj-G0y)15.jpg;https://ei.phncdn.com/videos/202603/18/42403745/original/(m=eaf8GgaaaWavb)(mh=7JoJROHo95Yj-G0y)16.jpg|Asian brunette Honey gets fucked by a man and a MILF with a strapon|threesome;milf;asian;lesbian;brunette;blowjob;big-tits;fingering;eating-pussy;strapon|Korean||852|23391|86|14|https://ei.phncdn.com/videos/202603/18/42403745/original/(m=eaAaGwObaaamqv)(mh=tmrBAKcEGm_wdA-m)12.jpg|https://ei.phncdn.com/videos/202603/18/42403745/original/(m=eaAaGwObaaamqv)(mh=tmrBAKcEGm_wdA-m)1.jpg;https://ei.phncdn.com/videos/202603/18/42403745/original/(m=eaAaGwObaaamqv)(mh=tmrBAKcEGm_wdA-m)2.jpg;https://ei.phncdn.com/videos/202603/18/42403745/original/(m=eaAaGwObaaamqv)(mh=tmrBAKcEGm_wdA-m)3.jpg;https://ei.phncdn.com/videos/202603/18/42403745/original/(m=eaAaGwObaaamqv)(mh=tmrBAKcEGm_wdA-m)4.jpg;https://ei.phncdn.com/videos/202603/18/42403745/original/(m=eaAaGwObaaamqv)(mh=tmrBAKcEGm_wdA-m)5.jpg;https://ei.phncdn.com/videos/202603/18/42403745/original/(m=eaAaGwObaaamqv)(mh=tmrBAKcEGm_wdA-m)6.jpg;https://ei.phncdn.com/videos/202603/18/42403745/original/(m=eaAaGwObaaamqv)(mh=tmrBAKcEGm_wdA-m)7.jpg;https://ei.phncdn.com/videos/202603/18/42403745/original/(m=eaAaGwObaaamqv)(mh=tmrBAKcEGm_wdA-m)8.jpg;https://ei.phncdn.com/videos/202603/18/42403745/original/(m=eaAaGwObaaamqv)(mh=tmrBAKcEGm_wdA-m)9.jpg;https://ei.phncdn.com/videos/202603/18/42403745/original/(m=eaAaGwObaaamqv)(mh=tmrBAKcEGm_wdA-m)10.jpg;https://ei.phncdn.com/videos/202603/18/42403745/original/(m=eaAaGwObaaamqv)(mh=tmrBAKcEGm_wdA-m)11.jpg;https://ei.phncdn.com/videos/202603/18/42403745/original/(m=eaAaGwObaaamqv)(mh=tmrBAKcEGm_wdA-m)12.jpg;https://ei.phncdn.com/videos/202603/18/42403745/original/(m=eaAaGwObaaamqv)(mh=tmrBAKcEGm_wdA-m)13.jpg;https://ei.phncdn.com/videos/202603/18/42403745/original/(m=eaAaGwObaaamqv)(mh=tmrBAKcEGm_wdA-m)14.jpg;https://ei.phncdn.com/videos/202603/18/42403745/original/(m=eaAaGwObaaamqv)(mh=tmrBAKcEGm_wdA-m)15.jpg;https://ei.phncdn.com/videos/202603/18/42403745/original/(m=eaAaGwObaaamqv)(mh=tmrBAKcEGm_wdA-m)16.jpg
<iframe src="https://www.pornhub.com/embed/69ba526a64c61" frameborder="0" height="481" width="608" scrolling="no"></iframe>|https://ei.phncdn.com/videos/202603/18/42403785/original/(m=eaf8GgaaaWavb)(mh=dTrv7PVMk2hrUmKK)12.jpg|https://ei.phncdn.com/videos/202603/18/42403785/original/(m=eaf8GgaaaWavb)(mh=dTrv7PVMk2hrUmKK)1.jpg;https://ei.phncdn.com/videos/202603/18/42403785/original/(m=eaf8GgaaaWavb)(mh=dTrv7PVMk2hrUmKK)2.jpg;https://ei.phncdn.com/videos/202603/18/42403785/original/(m=eaf8GgaaaWavb)(mh=dTrv7PVMk2hrUmKK)3.jpg;https://ei.phncdn.com/videos/202603/18/42403785/original/(m=eaf8GgaaaWavb)(mh=dTrv7PVMk2hrUmKK)4.jpg;https://ei.phncdn.com/videos/202603/18/42403785/original/(m=eaf8GgaaaWavb)(mh=dTrv7PVMk2hrUmKK)5.jpg;https://ei.phncdn.com/videos/202603/18/42403785/original/(m=eaf8GgaaaWavb)(mh=dTrv7PVMk2hrUmKK)6.jpg;https://ei.phncdn.com/videos/202603/18/42403785/original/(m=eaf8GgaaaWavb)(mh=dTrv7PVMk2hrUmKK)7.jpg;https://ei.phncdn.com/videos/202603/18/42403785/original/(m=eaf8GgaaaWavb)(mh=dTrv7PVMk2hrUmKK)8.jpg;https://ei.phncdn.com/videos/202603/18/42403785/original/(m=eaf8GgaaaWavb)(mh=dTrv7PVMk2hrUmKK)9.jpg;https://ei.phncdn.com/videos/202603/18/42403785/original/(m=eaf8GgaaaWavb)(mh=dTrv7PVMk2hrUmKK)10.jpg;https://ei.phncdn.com/videos/202603/18/42403785/original/(m=eaf8GgaaaWavb)(mh=dTrv7PVMk2hrUmKK)11.jpg;https://ei.phncdn.com/videos/202603/18/42403785/original/(m=eaf8GgaaaWavb)(mh=dTrv7PVMk2hrUmKK)12.jpg;https://ei.phncdn.com/videos/202603/18/42403785/original/(m=eaf8GgaaaWavb)(mh=dTrv7PVMk2hrUmKK)13.jpg;https://ei.phncdn.com/videos/202603/18/42403785/original/(m=eaf8GgaaaWavb)(mh=dTrv7PVMk2hrUmKK)14.jpg;https://ei.phncdn.com/videos/202603/18/42403785/original/(m=eaf8GgaaaWavb)(mh=dTrv7PVMk2hrUmKK)15.jpg;https://ei.phncdn.com/videos/202603/18/42403785/original/(m=eaf8GgaaaWavb)(mh=dTrv7PVMk2hrUmKK)16.jpg|A trio outside featuring Asian brunette Lyla and two fortunate men|threesome;girl-masturbating;asian;facial;cum-in-mouth;cowgirl;doggy-style;brunette;tattoo;outdoor|Korean||1220|5872|41|1|https://ei.phncdn.com/videos/202603/18/42403785/original/(m=eaAaGwObaaamqv)(mh=ro8zIaHolV020V-k)12.jpg|https://ei.phncdn.com/videos/202603/18/42403785/original/(m=eaAaGwObaaamqv)(mh=ro8zIaHolV020V-k)1.jpg;https://ei.phncdn.com/videos/202603/18/42403785/original/(m=eaAaGwObaaamqv)(mh=ro8zIaHolV020V-k)2.jpg;https://ei.phncdn.com/videos/202603/18/42403785/original/(m=eaAaGwObaaamqv)(mh=ro8zIaHolV020V-k)3.jpg;https://ei.phncdn.com/videos/202603/18/42403785/original/(m=eaAaGwObaaamqv)(mh=ro8zIaHolV020V-k)4.jpg;https://ei.phncdn.com/videos/202603/18/42403785/original/(m=eaAaGwObaaamqv)(mh=ro8zIaHolV020V-k)5.jpg;https://ei.phncdn.com/videos/202603/18/42403785/original/(m=eaAaGwObaaamqv)(mh=ro8zIaHolV020V-k)6.jpg;https://ei.phncdn.com/videos/202603/18/42403785/original/(m=eaAaGwObaaamqv)(mh=ro8zIaHolV020V-k)7.jpg;https://ei.phncdn.com/videos/202603/18/42403785/original/(m=eaAaGwObaaamqv)(mh=ro8zIaHolV020V-k)8.jpg;https://ei.phncdn.com/videos/202603/18/42403785/original/(m=eaAaGwObaaamqv)(mh=ro8zIaHolV020V-k)9.jpg;https://ei.phncdn.com/videos/202603/18/42403785/original/(m=eaAaGwObaaamqv)(mh=ro8zIaHolV020V-k)10.jpg;https://ei.phncdn.com/videos/202603/18/42403785/original/(m=eaAaGwObaaamqv)(mh=ro8zIaHolV020V-k)11.jpg;https://ei.phncdn.com/videos/202603/18/42403785/original/(m=eaAaGwObaaamqv)(mh=ro8zIaHolV020V-k)12.jpg;https://ei.phncdn.com/videos/202603/18/42403785/original/(m=eaAaGwObaaamqv)(mh=ro8zIaHolV020V-k)13.jpg;https://ei.phncdn.com/videos/202603/18/42403785/original/(m=eaAaGwObaaamqv)(mh=ro8zIaHolV020V-k)14.jpg;https://ei.phncdn.com/videos/202603/18/42403785/original/(m=eaAaGwObaaamqv)(mh=ro8zIaHolV020V-k)15.jpg;https://ei.phncdn.com/videos/202603/18/42403785/original/(m=eaAaGwObaaamqv)(mh=ro8zIaHolV020V-k)16.jpg
<iframe src="https://www.pornhub.com/embed/69ba528c11836" frameborder="0" height="481" width="608" scrolling="no"></iframe>|https://ei.phncdn.com/videos/202603/18/42403835/original/(m=eaf8GgaaaWavb)(mh=2GbczRdlt7QlOtfM)12.jpg|https://ei.phncdn.com/videos/202603/18/42403835/original/(m=eaf8GgaaaWavb)(mh=2GbczRdlt7QlOtfM)1.jpg;https://ei.phncdn.com/videos/202603/18/42403835/original/(m=eaf8GgaaaWavb)(mh=2GbczRdlt7QlOtfM)2.jpg;https://ei.phncdn.com/videos/202603/18/42403835/original/(m=eaf8GgaaaWavb)(mh=2GbczRdlt7QlOtfM)3.jpg;https://ei.phncdn.com/videos/202603/18/42403835/original/(m=eaf8GgaaaWavb)(mh=2GbczRdlt7QlOtfM)4.jpg;https://ei.phncdn.com/videos/202603/18/42403835/original/(m=eaf8GgaaaWavb)(mh=2GbczRdlt7QlOtfM)5.jpg;https://ei.phncdn.com/videos/202603/18/42403835/original/(m=eaf8GgaaaWavb)(mh=2GbczRdlt7QlOtfM)6.jpg;https://ei.phncdn.com/videos/202603/18/42403835/original/(m=eaf8GgaaaWavb)(mh=2GbczRdlt7QlOtfM)7.jpg;https://ei.phncdn.com/videos/202603/18/42403835/original/(m=eaf8GgaaaWavb)(mh=2GbczRdlt7QlOtfM)8.jpg;https://ei.phncdn.com/videos/202603/18/42403835/original/(m=eaf8GgaaaWavb)(mh=2GbczRdlt7QlOtfM)9.jpg;https://ei.phncdn.com/videos/202603/18/42403835/original/(m=eaf8GgaaaWavb)(mh=2GbczRdlt7QlOtfM)10.jpg;https://ei.phncdn.com/videos/202603/18/42403835/original/(m=eaf8GgaaaWavb)(mh=2GbczRdlt7QlOtfM)11.jpg;https://ei.phncdn.com/videos/202603/18/42403835/original/(m=eaf8GgaaaWavb)(mh=2GbczRdlt7QlOtfM)12.jpg;https://ei.phncdn.com/videos/202603/18/42403835/original/(m=eaf8GgaaaWavb)(mh=2GbczRdlt7QlOtfM)13.jpg;https://ei.phncdn.com/videos/202603/18/42403835/original/(m=eaf8GgaaaWavb)(mh=2GbczRdlt7QlOtfM)14.jpg;https://ei.phncdn.com/videos/202603/18/42403835/original/(m=eaf8GgaaaWavb)(mh=2GbczRdlt7QlOtfM)15.jpg;https://ei.phncdn.com/videos/202603/18/42403835/original/(m=eaf8GgaaaWavb)(mh=2GbczRdlt7QlOtfM)16.jpg|Nyomi, an Asian beauty, teases her partner until she has a facial in lingerie|lingerie;asian;eating-pussy;facial;cum-in-mouth;cowgirl;doggy-style;brunette;blowjob;interracial|Korean;Japanese||1097|7761|47|11|https://ei.phncdn.com/videos/202603/18/42403835/original/(m=eaAaGwObaaamqv)(mh=LuMsZX16rD3oBESf)12.jpg|https://ei.phncdn.com/videos/202603/18/42403835/original/(m=eaAaGwObaaamqv)(mh=LuMsZX16rD3oBESf)1.jpg;https://ei.phncdn.com/videos/202603/18/42403835/original/(m=eaAaGwObaaamqv)(mh=LuMsZX16rD3oBESf)2.jpg;https://ei.phncdn.com/videos/202603/18/42403835/original/(m=eaAaGwObaaamqv)(mh=LuMsZX16rD3oBESf)3.jpg;https://ei.phncdn.com/videos/202603/18/42403835/original/(m=eaAaGwObaaamqv)(mh=LuMsZX16rD3oBESf)4.jpg;https://ei.phncdn.com/videos/202603/18/42403835/original/(m=eaAaGwObaaamqv)(mh=LuMsZX16rD3oBESf)5.jpg;https://ei.phncdn.com/videos/202603/18/42403835/original/(m=eaAaGwObaaamqv)(mh=LuMsZX16rD3oBESf)6.jpg;https://ei.phncdn.com/videos/202603/18/42403835/original/(m=eaAaGwObaaamqv)(mh=LuMsZX16rD3oBESf)7.jpg;https://ei.phncdn.com/videos/202603/18/42403835/original/(m=eaAaGwObaaamqv)(mh=LuMsZX16rD3oBESf)8.jpg;https://ei.phncdn.com/videos/202603/18/42403835/original/(m=eaAaGwObaaamqv)(mh=LuMsZX16rD3oBESf)9.jpg;https://ei.phncdn.com/videos/202603/18/42403835/original/(m=eaAaGwObaaamqv)(mh=LuMsZX16rD3oBESf)10.jpg;https://ei.phncdn.com/videos/202603/18/42403835/original/(m=eaAaGwObaaamqv)(mh=LuMsZX16rD3oBESf)11.jpg;https://ei.phncdn.com/videos/202603/18/42403835/original/(m=eaAaGwObaaamqv)(mh=LuMsZX16rD3oBESf)12.jpg;https://ei.phncdn.com/videos/202603/18/42403835/original/(m=eaAaGwObaaamqv)(mh=LuMsZX16rD3oBESf)13.jpg;https://ei.phncdn.com/videos/202603/18/42403835/original/(m=eaAaGwObaaamqv)(mh=LuMsZX16rD3oBESf)14.jpg;https://ei.phncdn.com/videos/202603/18/42403835/original/(m=eaAaGwObaaamqv)(mh=LuMsZX16rD3oBESf)15.jpg;https://ei.phncdn.com/videos/202603/18/42403835/original/(m=eaAaGwObaaamqv)(mh=LuMsZX16rD3oBESf)16.jpg
<iframe src="https://www.pornhub.com/embed/69e3eb7eed011" frameborder="0" height="481" width="608" scrolling="no"></iframe>|https://ei.phncdn.com/videos/202604/18/45700055/original/(m=eaf8GgaaaWavb)(mh=IzWecRKsKvMCYqmL)12.jpg|https://ei.phncdn.com/videos/202604/18/45700055/original/(m=eaf8GgaaaWavb)(mh=IzWecRKsKvMCYqmL)1.jpg;https://ei.phncdn.com/videos/202604/18/45700055/original/(m=eaf8GgaaaWavb)(mh=IzWecRKsKvMCYqmL)2.jpg;https://ei.phncdn.com/videos/202604/18/45700055/original/(m=eaf8GgaaaWavb)(mh=IzWecRKsKvMCYqmL)3.jpg;https://ei.phncdn.com/videos/202604/18/45700055/original/(m=eaf8GgaaaWavb)(mh=IzWecRKsKvMCYqmL)4.jpg;https://ei.phncdn.com/videos/202604/18/45700055/original/(m=eaf8GgaaaWavb)(mh=IzWecRKsKvMCYqmL)5.jpg;https://ei.phncdn.com/videos/202604/18/45700055/original/(m=eaf8GgaaaWavb)(mh=IzWecRKsKvMCYqmL)6.jpg;https://ei.phncdn.com/videos/202604/18/45700055/original/(m=eaf8GgaaaWavb)(mh=IzWecRKsKvMCYqmL)7.jpg;https://ei.phncdn.com/videos/202604/18/45700055/original/(m=eaf8GgaaaWavb)(mh=IzWecRKsKvMCYqmL)8.jpg;https://ei.phncdn.com/videos/202604/18/45700055/original/(m=eaf8GgaaaWavb)(mh=IzWecRKsKvMCYqmL)9.jpg;https://ei.phncdn.com/videos/202604/18/45700055/original/(m=eaf8GgaaaWavb)(mh=IzWecRKsKvMCYqmL)10.jpg;https://ei.phncdn.com/videos/202604/18/45700055/original/(m=eaf8GgaaaWavb)(mh=IzWecRKsKvMCYqmL)11.jpg;https://ei.phncdn.com/videos/202604/18/45700055/original/(m=eaf8GgaaaWavb)(mh=IzWecRKsKvMCYqmL)12.jpg;https://ei.phncdn.com/videos/202604/18/45700055/original/(m=eaf8GgaaaWavb)(mh=IzWecRKsKvMCYqmL)13.jpg;https://ei.phncdn.com/videos/202604/18/45700055/original/(m=eaf8GgaaaWavb)(mh=IzWecRKsKvMCYqmL)14.jpg;https://ei.phncdn.com/videos/202604/18/45700055/original/(m=eaf8GgaaaWavb)(mh=IzWecRKsKvMCYqmL)15.jpg;https://ei.phncdn.com/videos/202604/18/45700055/original/(m=eaf8GgaaaWavb)(mh=IzWecRKsKvMCYqmL)16.jpg|Your bully got your wife pregnant|bully;cheating;cuckold;blowjob;doggystyle;reverse-cowgirl;asian;pregnant|Korean;Verified Amateurs||9|4125|89|15|https://ei.phncdn.com/videos/202604/18/45700055/original/(m=eaAaGwObaaamqv)(mh=bItsLMrExAePO02o)12.jpg|https://ei.phncdn.com/videos/202604/18/45700055/original/(m=eaAaGwObaaamqv)(mh=bItsLMrExAePO02o)1.jpg;https://ei.phncdn.com/videos/202604/18/45700055/original/(m=eaAaGwObaaamqv)(mh=bItsLMrExAePO02o)2.jpg;https://ei.phncdn.com/videos/202604/18/45700055/original/(m=eaAaGwObaaamqv)(mh=bItsLMrExAePO02o)3.jpg;https://ei.phncdn.com/videos/202604/18/45700055/original/(m=eaAaGwObaaamqv)(mh=bItsLMrExAePO02o)4.jpg;https://ei.phncdn.com/videos/202604/18/45700055/original/(m=eaAaGwObaaamqv)(mh=bItsLMrExAePO02o)5.jpg;https://ei.phncdn.com/videos/202604/18/45700055/original/(m=eaAaGwObaaamqv)(mh=bItsLMrExAePO02o)6.jpg;https://ei.phncdn.com/videos/202604/18/45700055/original/(m=eaAaGwObaaamqv)(mh=bItsLMrExAePO02o)7.jpg;https://ei.phncdn.com/videos/202604/18/45700055/original/(m=eaAaGwObaaamqv)(mh=bItsLMrExAePO02o)8.jpg;https://ei.phncdn.com/videos/202604/18/45700055/original/(m=eaAaGwObaaamqv)(mh=bItsLMrExAePO02o)9.jpg;https://ei.phncdn.com/videos/202604/18/45700055/original/(m=eaAaGwObaaamqv)(mh=bItsLMrExAePO02o)10.jpg;https://ei.phncdn.com/videos/202604/18/45700055/original/(m=eaAaGwObaaamqv)(mh=bItsLMrExAePO02o)11.jpg;https://ei.phncdn.com/videos/202604/18/45700055/original/(m=eaAaGwObaaamqv)(mh=bItsLMrExAePO02o)12.jpg;https://ei.phncdn.com/videos/202604/18/45700055/original/(m=eaAaGwObaaamqv)(mh=bItsLMrExAePO02o)13.jpg;https://ei.phncdn.com/videos/202604/18/45700055/original/(m=eaAaGwObaaamqv)(mh=bItsLMrExAePO02o)14.jpg;https://ei.phncdn.com/videos/202604/18/45700055/original/(m=eaAaGwObaaamqv)(mh=bItsLMrExAePO02o)15.jpg;https://ei.phncdn.com/videos/202604/18/45700055/original/(m=eaAaGwObaaamqv)(mh=bItsLMrExAePO02o)16.jpg
<iframe src="https://www.pornhub.com/embed/69e427f8d4ab0" frameborder="0" height="481" width="608" scrolling="no"></iframe>|https://ei.phncdn.com/videos/202604/19/45712465/original/(m=eaf8GgaaaWavb)(mh=y6SmEwuTJst0E0qR)12.jpg|https://ei.phncdn.com/videos/202604/19/45712465/original/(m=eaf8GgaaaWavb)(mh=y6SmEwuTJst0E0qR)1.jpg;https://ei.phncdn.com/videos/202604/19/45712465/original/(m=eaf8GgaaaWavb)(mh=y6SmEwuTJst0E0qR)2.jpg;https://ei.phncdn.com/videos/202604/19/45712465/original/(m=eaf8GgaaaWavb)(mh=y6SmEwuTJst0E0qR)3.jpg;https://ei.phncdn.com/videos/202604/19/45712465/original/(m=eaf8GgaaaWavb)(mh=y6SmEwuTJst0E0qR)4.jpg;https://ei.phncdn.com/videos/202604/19/45712465/original/(m=eaf8GgaaaWavb)(mh=y6SmEwuTJst0E0qR)5.jpg;https://ei.phncdn.com/videos/202604/19/45712465/original/(m=eaf8GgaaaWavb)(mh=y6SmEwuTJst0E0qR)6.jpg;https://ei.phncdn.com/videos/202604/19/45712465/original/(m=eaf8GgaaaWavb)(mh=y6SmEwuTJst0E0qR)7.jpg;https://ei.phncdn.com/videos/202604/19/45712465/original/(m=eaf8GgaaaWavb)(mh=y6SmEwuTJst0E0qR)8.jpg;https://ei.phncdn.com/videos/202604/19/45712465/original/(m=eaf8GgaaaWavb)(mh=y6SmEwuTJst0E0qR)9.jpg;https://ei.phncdn.com/videos/202604/19/45712465/original/(m=eaf8GgaaaWavb)(mh=y6SmEwuTJst0E0qR)10.jpg;https://ei.phncdn.com/videos/202604/19/45712465/original/(m=eaf8GgaaaWavb)(mh=y6SmEwuTJst0E0qR)11.jpg;https://ei.phncdn.com/videos/202604/19/45712465/original/(m=eaf8GgaaaWavb)(mh=y6SmEwuTJst0E0qR)12.jpg;https://ei.phncdn.com/videos/202604/19/45712465/original/(m=eaf8GgaaaWavb)(mh=y6SmEwuTJst0E0qR)13.jpg;https://ei.phncdn.com/videos/202604/19/45712465/original/(m=eaf8GgaaaWavb)(mh=y6SmEwuTJst0E0qR)14.jpg;https://ei.phncdn.com/videos/202604/19/45712465/original/(m=eaf8GgaaaWavb)(mh=y6SmEwuTJst0E0qR)15.jpg;https://ei.phncdn.com/videos/202604/19/45712465/original/(m=eaf8GgaaaWavb)(mh=y6SmEwuTJst0E0qR)16.jpg|Mmm Tasty Dick in My Mouth|blow-job;amateur-blowjob;best-blowjob|Korean;Exclusive;Verified Amateurs||18|35|||https://ei.phncdn.com/videos/202604/19/45712465/original/(m=eaAaGwObaaamqv)(mh=hBZB94EeMic9O4OL)12.jpg|https://ei.phncdn.com/videos/202604/19/45712465/original/(m=eaAaGwObaaamqv)(mh=hBZB94EeMic9O4OL)1.jpg;https://ei.phncdn.com/videos/202604/19/45712465/original/(m=eaAaGwObaaamqv)(mh=hBZB94EeMic9O4OL)2.jpg;https://ei.phncdn.com/videos/202604/19/45712465/original/(m=eaAaGwObaaamqv)(mh=hBZB94EeMic9O4OL)3.jpg;https://ei.phncdn.com/videos/202604/19/45712465/original/(m=eaAaGwObaaamqv)(mh=hBZB94EeMic9O4OL)4.jpg;https://ei.phncdn.com/videos/202604/19/45712465/original/(m=eaAaGwObaaamqv)(mh=hBZB94EeMic9O4OL)5.jpg;https://ei.phncdn.com/videos/202604/19/45712465/original/(m=eaAaGwObaaamqv)(mh=hBZB94EeMic9O4OL)6.jpg;https://ei.phncdn.com/videos/202604/19/45712465/original/(m=eaAaGwObaaamqv)(mh=hBZB94EeMic9O4OL)7.jpg;https://ei.phncdn.com/videos/202604/19/45712465/original/(m=eaAaGwObaaamqv)(mh=hBZB94EeMic9O4OL)8.jpg;https://ei.phncdn.com/videos/202604/19/45712465/original/(m=eaAaGwObaaamqv)(mh=hBZB94EeMic9O4OL)9.jpg;https://ei.phncdn.com/videos/202604/19/45712465/original/(m=eaAaGwObaaamqv)(mh=hBZB94EeMic9O4OL)10.jpg;https://ei.phncdn.com/videos/202604/19/45712465/original/(m=eaAaGwObaaamqv)(mh=hBZB94EeMic9O4OL)11.jpg;https://ei.phncdn.com/videos/202604/19/45712465/original/(m=eaAaGwObaaamqv)(mh=hBZB94EeMic9O4OL)12.jpg;https://ei.phncdn.com/videos/202604/19/45712465/original/(m=eaAaGwObaaamqv)(mh=hBZB94EeMic9O4OL)13.jpg;https://ei.phncdn.com/videos/202604/19/45712465/original/(m=eaAaGwObaaamqv)(mh=hBZB94EeMic9O4OL)14.jpg;https://ei.phncdn.com/videos/202604/19/45712465/original/(m=eaAaGwObaaamqv)(mh=hBZB94EeMic9O4OL)15.jpg;https://ei.phncdn.com/videos/202604/19/45712465/original/(m=eaAaGwObaaamqv)(mh=hBZB94EeMic9O4OL)16.jpg
<iframe src="https://www.pornhub.com/embed/6a45d4fed29b0" frameborder="0" height="481" width="608" scrolling="no"></iframe>|https://ei.phncdn.com/videos/202607/02/54145505/original/(m=eaf8GgaaaWavb)(mh=7HbEsXzrZsvCC88t)12.jpg|https://ei.phncdn.com/videos/202607/02/54145505/original/(m=eaf8GgaaaWavb)(mh=7HbEsXzrZsvCC88t)1.jpg;https://ei.phncdn.com/videos/202607/02/54145505/original/(m=eaf8GgaaaWavb)(mh=7HbEsXzrZsvCC88t)2.jpg;https://ei.phncdn.com/videos/202607/02/54145505/original/(m=eaf8GgaaaWavb)(mh=7HbEsXzrZsvCC88t)3.jpg;https://ei.phncdn.com/videos/202607/02/54145505/original/(m=eaf8GgaaaWavb)(mh=7HbEsXzrZsvCC88t)4.jpg;https://ei.phncdn.com/videos/202607/02/54145505/original/(m=eaf8GgaaaWavb)(mh=7HbEsXzrZsvCC88t)5.jpg;https://ei.phncdn.com/videos/202607/02/54145505/original/(m=eaf8GgaaaWavb)(mh=7HbEsXzrZsvCC88t)6.jpg;https://ei.phncdn.com/videos/202607/02/54145505/original/(m=eaf8GgaaaWavb)(mh=7HbEsXzrZsvCC88t)7.jpg;https://ei.phncdn.com/videos/202607/02/54145505/original/(m=eaf8GgaaaWavb)(mh=7HbEsXzrZsvCC88t)8.jpg;https://ei.phncdn.com/videos/202607/02/54145505/original/(m=eaf8GgaaaWavb)(mh=7HbEsXzrZsvCC88t)9.jpg;https://ei.phncdn.com/videos/202607/02/54145505/original/(m=eaf8GgaaaWavb)(mh=7HbEsXzrZsvCC88t)10.jpg;https://ei.phncdn.com/videos/202607/02/54145505/original/(m=eaf8GgaaaWavb)(mh=7HbEsXzrZsvCC88t)11.jpg;https://ei.phncdn.com/videos/202607/02/54145505/original/(m=eaf8GgaaaWavb)(mh=7HbEsXzrZsvCC88t)12.jpg;https://ei.phncdn.com/videos/202607/02/54145505/original/(m=eaf8GgaaaWavb)(mh=7HbEsXzrZsvCC88t)13.jpg;https://ei.phncdn.com/videos/202607/02/54145505/original/(m=eaf8GgaaaWavb)(mh=7HbEsXzrZsvCC88t)14.jpg;https://ei.phncdn.com/videos/202607/02/54145505/original/(m=eaf8GgaaaWavb)(mh=7HbEsXzrZsvCC88t)15.jpg;https://ei.phncdn.com/videos/202607/02/54145505/original/(m=eaf8GgaaaWavb)(mh=7HbEsXzrZsvCC88t)16.jpg|Wanna sink your cock in my ass? 😇|alt-girl;slut;asian-girl;shaved-pussy;tiktok;new|Korean;Verified Amateurs;Solo Female;Romantic||10|11|1|0|https://ei.phncdn.com/videos/202607/02/54145505/original/(m=eaAaGwObaaamqv)(mh=saPPK4JNuZl8xb1j)12.jpg|https://ei.phncdn.com/videos/202607/02/54145505/original/(m=eaAaGwObaaamqv)(mh=saPPK4JNuZl8xb1j)1.jpg;https://ei.phncdn.com/videos/202607/02/54145505/original/(m=eaAaGwObaaamqv)(mh=saPPK4JNuZl8xb1j)2.jpg;https://ei.phncdn.com/videos/202607/02/54145505/original/(m=eaAaGwObaaamqv)(mh=saPPK4JNuZl8xb1j)3.jpg;https://ei.phncdn.com/videos/202607/02/54145505/original/(m=eaAaGwObaaamqv)(mh=saPPK4JNuZl8xb1j)4.jpg;https://ei.phncdn.com/videos/202607/02/54145505/original/(m=eaAaGwObaaamqv)(mh=saPPK4JNuZl8xb1j)5.jpg;https://ei.phncdn.com/videos/202607/02/54145505/original/(m=eaAaGwObaaamqv)(mh=saPPK4JNuZl8xb1j)6.jpg;https://ei.phncdn.com/videos/202607/02/54145505/original/(m=eaAaGwObaaamqv)(mh=saPPK4JNuZl8xb1j)7.jpg;https://ei.phncdn.com/videos/202607/02/54145505/original/(m=eaAaGwObaaamqv)(mh=saPPK4JNuZl8xb1j)8.jpg;https://ei.phncdn.com/videos/202607/02/54145505/original/(m=eaAaGwObaaamqv)(mh=saPPK4JNuZl8xb1j)9.jpg;https://ei.phncdn.com/videos/202607/02/54145505/original/(m=eaAaGwObaaamqv)(mh=saPPK4JNuZl8xb1j)10.jpg;https://ei.phncdn.com/videos/202607/02/54145505/original/(m=eaAaGwObaaamqv)(mh=saPPK4JNuZl8xb1j)11.jpg;https://ei.phncdn.com/videos/202607/02/54145505/original/(m=eaAaGwObaaamqv)(mh=saPPK4JNuZl8xb1j)12.jpg;https://ei.phncdn.com/videos/202607/02/54145505/original/(m=eaAaGwObaaamqv)(mh=saPPK4JNuZl8xb1j)13.jpg;https://ei.phncdn.com/videos/202607/02/54145505/original/(m=eaAaGwObaaamqv)(mh=saPPK4JNuZl8xb1j)14.jpg;https://ei.phncdn.com/videos/202607/02/54145505/original/(m=eaAaGwObaaamqv)(mh=saPPK4JNuZl8xb1j)15.jpg;https://ei.phncdn.com/videos/202607/02/54145505/original/(m=eaAaGwObaaamqv)(mh=saPPK4JNuZl8xb1j)16.jpg
<iframe src="https://www.pornhub.com/embed/6a4d56861eb5a" frameborder="0" height="481" width="608" scrolling="no"></iframe>|https://ei.phncdn.com/videos/202607/07/54734915/original/(m=eaf8GgaaaWavb)(mh=MbZqidIy_Fe8YYsh)12.jpg|https://ei.phncdn.com/videos/202607/07/54734915/original/(m=eaf8GgaaaWavb)(mh=MbZqidIy_Fe8YYsh)1.jpg;https://ei.phncdn.com/videos/202607/07/54734915/original/(m=eaf8GgaaaWavb)(mh=MbZqidIy_Fe8YYsh)2.jpg;https://ei.phncdn.com/videos/202607/07/54734915/original/(m=eaf8GgaaaWavb)(mh=MbZqidIy_Fe8YYsh)3.jpg;https://ei.phncdn.com/videos/202607/07/54734915/original/(m=eaf8GgaaaWavb)(mh=MbZqidIy_Fe8YYsh)4.jpg;https://ei.phncdn.com/videos/202607/07/54734915/original/(m=eaf8GgaaaWavb)(mh=MbZqidIy_Fe8YYsh)5.jpg;https://ei.phncdn.com/videos/202607/07/54734915/original/(m=eaf8GgaaaWavb)(mh=MbZqidIy_Fe8YYsh)6.jpg;https://ei.phncdn.com/videos/202607/07/54734915/original/(m=eaf8GgaaaWavb)(mh=MbZqidIy_Fe8YYsh)7.jpg;https://ei.phncdn.com/videos/202607/07/54734915/original/(m=eaf8GgaaaWavb)(mh=MbZqidIy_Fe8YYsh)8.jpg;https://ei.phncdn.com/videos/202607/07/54734915/original/(m=eaf8GgaaaWavb)(mh=MbZqidIy_Fe8YYsh)9.jpg;https://ei.phncdn.com/videos/202607/07/54734915/original/(m=eaf8GgaaaWavb)(mh=MbZqidIy_Fe8YYsh)10.jpg;https://ei.phncdn.com/videos/202607/07/54734915/original/(m=eaf8GgaaaWavb)(mh=MbZqidIy_Fe8YYsh)11.jpg;https://ei.phncdn.com/videos/202607/07/54734915/original/(m=eaf8GgaaaWavb)(mh=MbZqidIy_Fe8YYsh)12.jpg;https://ei.phncdn.com/videos/202607/07/54734915/original/(m=eaf8GgaaaWavb)(mh=MbZqidIy_Fe8YYsh)13.jpg;https://ei.phncdn.com/videos/202607/07/54734915/original/(m=eaf8GgaaaWavb)(mh=MbZqidIy_Fe8YYsh)14.jpg;https://ei.phncdn.com/videos/202607/07/54734915/original/(m=eaf8GgaaaWavb)(mh=MbZqidIy_Fe8YYsh)15.jpg;https://ei.phncdn.com/videos/202607/07/54734915/original/(m=eaf8GgaaaWavb)(mh=MbZqidIy_Fe8YYsh)16.jpg|She grinds her wet pussy slow and moans 😘|e-girl;amateur;blowjob|Korean;Exclusive;Verified Amateurs;Solo Female;Female Orgasm||12|12|||https://ei.phncdn.com/videos/202607/07/54734915/original/(m=eaAaGwObaaamqv)(mh=w6NRHdGT6v2jKTMN)12.jpg|https://ei.phncdn.com/videos/202607/07/54734915/original/(m=eaAaGwObaaamqv)(mh=w6NRHdGT6v2jKTMN)1.jpg;https://ei.phncdn.com/videos/202607/07/54734915/original/(m=eaAaGwObaaamqv)(mh=w6NRHdGT6v2jKTMN)2.jpg;https://ei.phncdn.com/videos/202607/07/54734915/original/(m=eaAaGwObaaamqv)(mh=w6NRHdGT6v2jKTMN)3.jpg;https://ei.phncdn.com/videos/202607/07/54734915/original/(m=eaAaGwObaaamqv)(mh=w6NRHdGT6v2jKTMN)4.jpg;https://ei.phncdn.com/videos/202607/07/54734915/original/(m=eaAaGwObaaamqv)(mh=w6NRHdGT6v2jKTMN)5.jpg;https://ei.phncdn.com/videos/202607/07/54734915/original/(m=eaAaGwObaaamqv)(mh=w6NRHdGT6v2jKTMN)6.jpg;https://ei.phncdn.com/videos/202607/07/54734915/original/(m=eaAaGwObaaamqv)(mh=w6NRHdGT6v2jKTMN)7.jpg;https://ei.phncdn.com/videos/202607/07/54734915/original/(m=eaAaGwObaaamqv)(mh=w6NRHdGT6v2jKTMN)8.jpg;https://ei.phncdn.com/videos/202607/07/54734915/original/(m=eaAaGwObaaamqv)(mh=w6NRHdGT6v2jKTMN)9.jpg;https://ei.phncdn.com/videos/202607/07/54734915/original/(m=eaAaGwObaaamqv)(mh=w6NRHdGT6v2jKTMN)10.jpg;https://ei.phncdn.com/videos/202607/07/54734915/original/(m=eaAaGwObaaamqv)(mh=w6NRHdGT6v2jKTMN)11.jpg;https://ei.phncdn.com/videos/202607/07/54734915/original/(m=eaAaGwObaaamqv)(mh=w6NRHdGT6v2jKTMN)12.jpg;https://ei.phncdn.com/videos/202607/07/54734915/original/(m=eaAaGwObaaamqv)(mh=w6NRHdGT6v2jKTMN)13.jpg;https://ei.phncdn.com/videos/202607/07/54734915/original/(m=eaAaGwObaaamqv)(mh=w6NRHdGT6v2jKTMN)14.jpg;https://ei.phncdn.com/videos/202607/07/54734915/original/(m=eaAaGwObaaamqv)(mh=w6NRHdGT6v2jKTMN)15.jpg;https://ei.phncdn.com/videos/202607/07/54734915/original/(m=eaAaGwObaaamqv)(mh=w6NRHdGT6v2jKTMN)16.jpg
<iframe src="https://www.pornhub.com/embed/6a507301de1f3" frameborder="0" height="481" width="608" scrolling="no"></iframe>|https://ei.phncdn.com/videos/202607/10/55008995/original/(m=eaf8GgaaaWavb)(mh=8ppq4FXh00x8IcHz)12.jpg|https://ei.phncdn.com/videos/202607/10/55008995/original/(m=eaf8GgaaaWavb)(mh=8ppq4FXh00x8IcHz)1.jpg;https://ei.phncdn.com/videos/202607/10/55008995/original/(m=eaf8GgaaaWavb)(mh=8ppq4FXh00x8IcHz)2.jpg;https://ei.phncdn.com/videos/202607/10/55008995/original/(m=eaf8GgaaaWavb)(mh=8ppq4FXh00x8IcHz)3.jpg;https://ei.phncdn.com/videos/202607/10/55008995/original/(m=eaf8GgaaaWavb)(mh=8ppq4FXh00x8IcHz)4.jpg;https://ei.phncdn.com/videos/202607/10/55008995/original/(m=eaf8GgaaaWavb)(mh=8ppq4FXh00x8IcHz)5.jpg;https://ei.phncdn.com/videos/202607/10/55008995/original/(m=eaf8GgaaaWavb)(mh=8ppq4FXh00x8IcHz)6.jpg;https://ei.phncdn.com/videos/202607/10/55008995/original/(m=eaf8GgaaaWavb)(mh=8ppq4FXh00x8IcHz)7.jpg;https://ei.phncdn.com/videos/202607/10/55008995/original/(m=eaf8GgaaaWavb)(mh=8ppq4FXh00x8IcHz)8.jpg;https://ei.phncdn.com/videos/202607/10/55008995/original/(m=eaf8GgaaaWavb)(mh=8ppq4FXh00x8IcHz)9.jpg;https://ei.phncdn.com/videos/202607/10/55008995/original/(m=eaf8GgaaaWavb)(mh=8ppq4FXh00x8IcHz)10.jpg;https://ei.phncdn.com/videos/202607/10/55008995/original/(m=eaf8GgaaaWavb)(mh=8ppq4FXh00x8IcHz)11.jpg;https://ei.phncdn.com/videos/202607/10/55008995/original/(m=eaf8GgaaaWavb)(mh=8ppq4FXh00x8IcHz)12.jpg;https://ei.phncdn.com/videos/202607/10/55008995/original/(m=eaf8GgaaaWavb)(mh=8ppq4FXh00x8IcHz)13.jpg;https://ei.phncdn.com/videos/202607/10/55008995/original/(m=eaf8GgaaaWavb)(mh=8ppq4FXh00x8IcHz)14.jpg;https://ei.phncdn.com/videos/202607/10/55008995/original/(m=eaf8GgaaaWavb)(mh=8ppq4FXh00x8IcHz)15.jpg;https://ei.phncdn.com/videos/202607/10/55008995/original/(m=eaf8GgaaaWavb)(mh=8ppq4FXh00x8IcHz)16.jpg|You gonna make me beg for it?|solo-female;closeup;vertical-porn|Korean;Exclusive;Verified Amateurs;Solo Female;Tattooed Women||12|5|1|0|https://ei.phncdn.com/videos/202607/10/55008995/original/(m=eaAaGwObaaamqv)(mh=JkBaAx_VVGy1Wihx)12.jpg|https://ei.phncdn.com/videos/202607/10/55008995/original/(m=eaAaGwObaaamqv)(mh=JkBaAx_VVGy1Wihx)1.jpg;https://ei.phncdn.com/videos/202607/10/55008995/original/(m=eaAaGwObaaamqv)(mh=JkBaAx_VVGy1Wihx)2.jpg;https://ei.phncdn.com/videos/202607/10/55008995/original/(m=eaAaGwObaaamqv)(mh=JkBaAx_VVGy1Wihx)3.jpg;https://ei.phncdn.com/videos/202607/10/55008995/original/(m=eaAaGwObaaamqv)(mh=JkBaAx_VVGy1Wihx)4.jpg;https://ei.phncdn.com/videos/202607/10/55008995/original/(m=eaAaGwObaaamqv)(mh=JkBaAx_VVGy1Wihx)5.jpg;https://ei.phncdn.com/videos/202607/10/55008995/original/(m=eaAaGwObaaamqv)(mh=JkBaAx_VVGy1Wihx)6.jpg;https://ei.phncdn.com/videos/202607/10/55008995/original/(m=eaAaGwObaaamqv)(mh=JkBaAx_VVGy1Wihx)7.jpg;https://ei.phncdn.com/videos/202607/10/55008995/original/(m=eaAaGwObaaamqv)(mh=JkBaAx_VVGy1Wihx)8.jpg;https://ei.phncdn.com/videos/202607/10/55008995/original/(m=eaAaGwObaaamqv)(mh=JkBaAx_VVGy1Wihx)9.jpg;https://ei.phncdn.com/videos/202607/10/55008995/original/(m=eaAaGwObaaamqv)(mh=JkBaAx_VVGy1Wihx)10.jpg;https://ei.phncdn.com/videos/202607/10/55008995/original/(m=eaAaGwObaaamqv)(mh=JkBaAx_VVGy1Wihx)11.jpg;https://ei.phncdn.com/videos/202607/10/55008995/original/(m=eaAaGwObaaamqv)(mh=JkBaAx_VVGy1Wihx)12.jpg;https://ei.phncdn.com/videos/202607/10/55008995/original/(m=eaAaGwObaaamqv)(mh=JkBaAx_VVGy1Wihx)13.jpg;https://ei.phncdn.com/videos/202607/10/55008995/original/(m=eaAaGwObaaamqv)(mh=JkBaAx_VVGy1Wihx)14.jpg;https://ei.phncdn.com/videos/202607/10/55008995/original/(m=eaAaGwObaaamqv)(mh=JkBaAx_VVGy1Wihx)15.jpg;https://ei.phncdn.com/videos/202607/10/55008995/original/(m=eaAaGwObaaamqv)(mh=JkBaAx_VVGy1Wihx)16.jpg
<iframe src="https://www.pornhub.com/embed/6a5cb7c95986c" frameborder="0" height="481" width="608" scrolling="no"></iframe>|https://ei.phncdn.com/videos/202607/19/56020675/original/(m=eaf8GgaaaWavb)(mh=bAe4ivrqAr55pqB6)12.jpg|https://ei.phncdn.com/videos/202607/19/56020675/original/(m=eaf8GgaaaWavb)(mh=bAe4ivrqAr55pqB6)1.jpg;https://ei.phncdn.com/videos/202607/19/56020675/original/(m=eaf8GgaaaWavb)(mh=bAe4ivrqAr55pqB6)2.jpg;https://ei.phncdn.com/videos/202607/19/56020675/original/(m=eaf8GgaaaWavb)(mh=bAe4ivrqAr55pqB6)3.jpg;https://ei.phncdn.com/videos/202607/19/56020675/original/(m=eaf8GgaaaWavb)(mh=bAe4ivrqAr55pqB6)4.jpg;https://ei.phncdn.com/videos/202607/19/56020675/original/(m=eaf8GgaaaWavb)(mh=bAe4ivrqAr55pqB6)5.jpg;https://ei.phncdn.com/videos/202607/19/56020675/original/(m=eaf8GgaaaWavb)(mh=bAe4ivrqAr55pqB6)6.jpg;https://ei.phncdn.com/videos/202607/19/56020675/original/(m=eaf8GgaaaWavb)(mh=bAe4ivrqAr55pqB6)7.jpg;https://ei.phncdn.com/videos/202607/19/56020675/original/(m=eaf8GgaaaWavb)(mh=bAe4ivrqAr55pqB6)8.jpg;https://ei.phncdn.com/videos/202607/19/56020675/original/(m=eaf8GgaaaWavb)(mh=bAe4ivrqAr55pqB6)9.jpg;https://ei.phncdn.com/videos/202607/19/56020675/original/(m=eaf8GgaaaWavb)(mh=bAe4ivrqAr55pqB6)10.jpg;https://ei.phncdn.com/videos/202607/19/56020675/original/(m=eaf8GgaaaWavb)(mh=bAe4ivrqAr55pqB6)11.jpg;https://ei.phncdn.com/videos/202607/19/56020675/original/(m=eaf8GgaaaWavb)(mh=bAe4ivrqAr55pqB6)12.jpg;https://ei.phncdn.com/videos/202607/19/56020675/original/(m=eaf8GgaaaWavb)(mh=bAe4ivrqAr55pqB6)13.jpg;https://ei.phncdn.com/videos/202607/19/56020675/original/(m=eaf8GgaaaWavb)(mh=bAe4ivrqAr55pqB6)14.jpg;https://ei.phncdn.com/videos/202607/19/56020675/original/(m=eaf8GgaaaWavb)(mh=bAe4ivrqAr55pqB6)15.jpg;https://ei.phncdn.com/videos/202607/19/56020675/original/(m=eaf8GgaaaWavb)(mh=bAe4ivrqAr55pqB6)16.jpg|Fuck me slow and make me beg 😘|asian;student;amateur;skinny;new;anal;solo-female;cosplay|Korean;Verified Amateurs;Solo Female;Romantic||12|12|||https://ei.phncdn.com/videos/202607/19/56020675/original/(m=eaAaGwObaaamqv)(mh=tCVUp2qQHtELPGF0)12.jpg|https://ei.phncdn.com/videos/202607/19/56020675/original/(m=eaAaGwObaaamqv)(mh=tCVUp2qQHtELPGF0)1.jpg;https://ei.phncdn.com/videos/202607/19/56020675/original/(m=eaAaGwObaaamqv)(mh=tCVUp2qQHtELPGF0)2.jpg;https://ei.phncdn.com/videos/202607/19/56020675/original/(m=eaAaGwObaaamqv)(mh=tCVUp2qQHtELPGF0)3.jpg;https://ei.phncdn.com/videos/202607/19/56020675/original/(m=eaAaGwObaaamqv)(mh=tCVUp2qQHtELPGF0)4.jpg;https://ei.phncdn.com/videos/202607/19/56020675/original/(m=eaAaGwObaaamqv)(mh=tCVUp2qQHtELPGF0)5.jpg;https://ei.phncdn.com/videos/202607/19/56020675/original/(m=eaAaGwObaaamqv)(mh=tCVUp2qQHtELPGF0)6.jpg;https://ei.phncdn.com/videos/202607/19/56020675/original/(m=eaAaGwObaaamqv)(mh=tCVUp2qQHtELPGF0)7.jpg;https://ei.phncdn.com/videos/202607/19/56020675/original/(m=eaAaGwObaaamqv)(mh=tCVUp2qQHtELPGF0)8.jpg;https://ei.phncdn.com/videos/202607/19/56020675/original/(m=eaAaGwObaaamqv)(mh=tCVUp2qQHtELPGF0)9.jpg;https://ei.phncdn.com/videos/202607/19/56020675/original/(m=eaAaGwObaaamqv)(mh=tCVUp2qQHtELPGF0)10.jpg;https://ei.phncdn.com/videos/202607/19/56020675/original/(m=eaAaGwObaaamqv)(mh=tCVUp2qQHtELPGF0)11.jpg;https://ei.phncdn.com/videos/202607/19/56020675/original/(m=eaAaGwObaaamqv)(mh=tCVUp2qQHtELPGF0)12.jpg;https://ei.phncdn.com/videos/202607/19/56020675/original/(m=eaAaGwObaaamqv)(mh=tCVUp2qQHtELPGF0)13.jpg;https://ei.phncdn.com/videos/202607/19/56020675/original/(m=eaAaGwObaaamqv)(mh=tCVUp2qQHtELPGF0)14.jpg;https://ei.phncdn.com/videos/202607/19/56020675/original/(m=eaAaGwObaaamqv)(mh=tCVUp2qQHtELPGF0)15.jpg;https://ei.phncdn.com/videos/202607/19/56020675/original/(m=eaAaGwObaaamqv)(mh=tCVUp2qQHtELPGF0)16.jpg
<iframe src="https://www.pornhub.com/embed/6a5d503d07008" frameborder="0" height="481" width="608" scrolling="no"></iframe>|https://ei.phncdn.com/videos/202607/19/56065045/original/(m=eaf8GgaaaWavb)(mh=T0znGpx4RaFuRIe6)12.jpg|https://ei.phncdn.com/videos/202607/19/56065045/original/(m=eaf8GgaaaWavb)(mh=T0znGpx4RaFuRIe6)1.jpg;https://ei.phncdn.com/videos/202607/19/56065045/original/(m=eaf8GgaaaWavb)(mh=T0znGpx4RaFuRIe6)2.jpg;https://ei.phncdn.com/videos/202607/19/56065045/original/(m=eaf8GgaaaWavb)(mh=T0znGpx4RaFuRIe6)3.jpg;https://ei.phncdn.com/videos/202607/19/56065045/original/(m=eaf8GgaaaWavb)(mh=T0znGpx4RaFuRIe6)4.jpg;https://ei.phncdn.com/videos/202607/19/56065045/original/(m=eaf8GgaaaWavb)(mh=T0znGpx4RaFuRIe6)5.jpg;https://ei.phncdn.com/videos/202607/19/56065045/original/(m=eaf8GgaaaWavb)(mh=T0znGpx4RaFuRIe6)6.jpg;https://ei.phncdn.com/videos/202607/19/56065045/original/(m=eaf8GgaaaWavb)(mh=T0znGpx4RaFuRIe6)7.jpg;https://ei.phncdn.com/videos/202607/19/56065045/original/(m=eaf8GgaaaWavb)(mh=T0znGpx4RaFuRIe6)8.jpg;https://ei.phncdn.com/videos/202607/19/56065045/original/(m=eaf8GgaaaWavb)(mh=T0znGpx4RaFuRIe6)9.jpg;https://ei.phncdn.com/videos/202607/19/56065045/original/(m=eaf8GgaaaWavb)(mh=T0znGpx4RaFuRIe6)10.jpg;https://ei.phncdn.com/videos/202607/19/56065045/original/(m=eaf8GgaaaWavb)(mh=T0znGpx4RaFuRIe6)11.jpg;https://ei.phncdn.com/videos/202607/19/56065045/original/(m=eaf8GgaaaWavb)(mh=T0znGpx4RaFuRIe6)12.jpg;https://ei.phncdn.com/videos/202607/19/56065045/original/(m=eaf8GgaaaWavb)(mh=T0znGpx4RaFuRIe6)13.jpg;https://ei.phncdn.com/videos/202607/19/56065045/original/(m=eaf8GgaaaWavb)(mh=T0znGpx4RaFuRIe6)14.jpg;https://ei.phncdn.com/videos/202607/19/56065045/original/(m=eaf8GgaaaWavb)(mh=T0znGpx4RaFuRIe6)15.jpg;https://ei.phncdn.com/videos/202607/19/56065045/original/(m=eaf8GgaaaWavb)(mh=T0znGpx4RaFuRIe6)16.jpg|Fuck me slow then pound my pussy 😈|dildo;shaved-pussy;cheating;asian;rough;goth;new;blowjob|Korean;Japanese;Verified Amateurs;Solo Female||13|40|1|0|https://ei.phncdn.com/videos/202607/19/56065045/original/(m=eaAaGwObaaamqv)(mh=mvCBDOZPvW8rIjpe)12.jpg|https://ei.phncdn.com/videos/202607/19/56065045/original/(m=eaAaGwObaaamqv)(mh=mvCBDOZPvW8rIjpe)1.jpg;https://ei.phncdn.com/videos/202607/19/56065045/original/(m=eaAaGwObaaamqv)(mh=mvCBDOZPvW8rIjpe)2.jpg;https://ei.phncdn.com/videos/202607/19/56065045/original/(m=eaAaGwObaaamqv)(mh=mvCBDOZPvW8rIjpe)3.jpg;https://ei.phncdn.com/videos/202607/19/56065045/original/(m=eaAaGwObaaamqv)(mh=mvCBDOZPvW8rIjpe)4.jpg;https://ei.phncdn.com/videos/202607/19/56065045/original/(m=eaAaGwObaaamqv)(mh=mvCBDOZPvW8rIjpe)5.jpg;https://ei.phncdn.com/videos/202607/19/56065045/original/(m=eaAaGwObaaamqv)(mh=mvCBDOZPvW8rIjpe)6.jpg;https://ei.phncdn.com/videos/202607/19/56065045/original/(m=eaAaGwObaaamqv)(mh=mvCBDOZPvW8rIjpe)7.jpg;https://ei.phncdn.com/videos/202607/19/56065045/original/(m=eaAaGwObaaamqv)(mh=mvCBDOZPvW8rIjpe)8.jpg;https://ei.phncdn.com/videos/202607/19/56065045/original/(m=eaAaGwObaaamqv)(mh=mvCBDOZPvW8rIjpe)9.jpg;https://ei.phncdn.com/videos/202607/19/56065045/original/(m=eaAaGwObaaamqv)(mh=mvCBDOZPvW8rIjpe)10.jpg;https://ei.phncdn.com/videos/202607/19/56065045/original/(m=eaAaGwObaaamqv)(mh=mvCBDOZPvW8rIjpe)11.jpg;https://ei.phncdn.com/videos/202607/19/56065045/original/(m=eaAaGwObaaamqv)(mh=mvCBDOZPvW8rIjpe)12.jpg;https://ei.phncdn.com/videos/202607/19/56065045/original/(m=eaAaGwObaaamqv)(mh=mvCBDOZPvW8rIjpe)13.jpg;https://ei.phncdn.com/videos/202607/19/56065045/original/(m=eaAaGwObaaamqv)(mh=mvCBDOZPvW8rIjpe)14.jpg;https://ei.phncdn.com/videos/202607/19/56065045/original/(m=eaAaGwObaaamqv)(mh=mvCBDOZPvW8rIjpe)15.jpg;https://ei.phncdn.com/videos/202607/19/56065045/original/(m=eaAaGwObaaamqv)(mh=mvCBDOZPvW8rIjpe)16.jpg
<iframe src="https://www.pornhub.com/embed/6a5d503d2653a" frameborder="0" height="481" width="608" scrolling="no"></iframe>|https://ei.phncdn.com/videos/202607/19/56065065/original/(m=eaf8GgaaaWavb)(mh=KQtLRvIx3bv8YHvD)12.jpg|https://ei.phncdn.com/videos/202607/19/56065065/original/(m=eaf8GgaaaWavb)(mh=KQtLRvIx3bv8YHvD)1.jpg;https://ei.phncdn.com/videos/202607/19/56065065/original/(m=eaf8GgaaaWavb)(mh=KQtLRvIx3bv8YHvD)2.jpg;https://ei.phncdn.com/videos/202607/19/56065065/original/(m=eaf8GgaaaWavb)(mh=KQtLRvIx3bv8YHvD)3.jpg;https://ei.phncdn.com/videos/202607/19/56065065/original/(m=eaf8GgaaaWavb)(mh=KQtLRvIx3bv8YHvD)4.jpg;https://ei.phncdn.com/videos/202607/19/56065065/original/(m=eaf8GgaaaWavb)(mh=KQtLRvIx3bv8YHvD)5.jpg;https://ei.phncdn.com/videos/202607/19/56065065/original/(m=eaf8GgaaaWavb)(mh=KQtLRvIx3bv8YHvD)6.jpg;https://ei.phncdn.com/videos/202607/19/56065065/original/(m=eaf8GgaaaWavb)(mh=KQtLRvIx3bv8YHvD)7.jpg;https://ei.phncdn.com/videos/202607/19/56065065/original/(m=eaf8GgaaaWavb)(mh=KQtLRvIx3bv8YHvD)8.jpg;https://ei.phncdn.com/videos/202607/19/56065065/original/(m=eaf8GgaaaWavb)(mh=KQtLRvIx3bv8YHvD)9.jpg;https://ei.phncdn.com/videos/202607/19/56065065/original/(m=eaf8GgaaaWavb)(mh=KQtLRvIx3bv8YHvD)10.jpg;https://ei.phncdn.com/videos/202607/19/56065065/original/(m=eaf8GgaaaWavb)(mh=KQtLRvIx3bv8YHvD)11.jpg;https://ei.phncdn.com/videos/202607/19/56065065/original/(m=eaf8GgaaaWavb)(mh=KQtLRvIx3bv8YHvD)12.jpg;https://ei.phncdn.com/videos/202607/19/56065065/original/(m=eaf8GgaaaWavb)(mh=KQtLRvIx3bv8YHvD)13.jpg;https://ei.phncdn.com/videos/202607/19/56065065/original/(m=eaf8GgaaaWavb)(mh=KQtLRvIx3bv8YHvD)14.jpg;https://ei.phncdn.com/videos/202607/19/56065065/original/(m=eaf8GgaaaWavb)(mh=KQtLRvIx3bv8YHvD)15.jpg;https://ei.phncdn.com/videos/202607/19/56065065/original/(m=eaf8GgaaaWavb)(mh=KQtLRvIx3bv8YHvD)16.jpg|She spreads legs wide and teases with feet 😈|lingerie;perfect-body;blowjob;onlyfans;slut;cosplay|Korean;Japanese;Verified Amateurs;Solo Female||12|6|||https://ei.phncdn.com/videos/202607/19/56065065/original/(m=eaAaGwObaaamqv)(mh=7KCHTOq0PFx1E52-)12.jpg|https://ei.phncdn.com/videos/202607/19/56065065/original/(m=eaAaGwObaaamqv)(mh=7KCHTOq0PFx1E52-)1.jpg;https://ei.phncdn.com/videos/202607/19/56065065/original/(m=eaAaGwObaaamqv)(mh=7KCHTOq0PFx1E52-)2.jpg;https://ei.phncdn.com/videos/202607/19/56065065/original/(m=eaAaGwObaaamqv)(mh=7KCHTOq0PFx1E52-)3.jpg;https://ei.phncdn.com/videos/202607/19/56065065/original/(m=eaAaGwObaaamqv)(mh=7KCHTOq0PFx1E52-)4.jpg;https://ei.phncdn.com/videos/202607/19/56065065/original/(m=eaAaGwObaaamqv)(mh=7KCHTOq0PFx1E52-)5.jpg;https://ei.phncdn.com/videos/202607/19/56065065/original/(m=eaAaGwObaaamqv)(mh=7KCHTOq0PFx1E52-)6.jpg;https://ei.phncdn.com/videos/202607/19/56065065/original/(m=eaAaGwObaaamqv)(mh=7KCHTOq0PFx1E52-)7.jpg;https://ei.phncdn.com/videos/202607/19/56065065/original/(m=eaAaGwObaaamqv)(mh=7KCHTOq0PFx1E52-)8.jpg;https://ei.phncdn.com/videos/202607/19/56065065/original/(m=eaAaGwObaaamqv)(mh=7KCHTOq0PFx1E52-)9.jpg;https://ei.phncdn.com/videos/202607/19/56065065/original/(m=eaAaGwObaaamqv)(mh=7KCHTOq0PFx1E52-)10.jpg;https://ei.phncdn.com/videos/202607/19/56065065/original/(m=eaAaGwObaaamqv)(mh=7KCHTOq0PFx1E52-)11.jpg;https://ei.phncdn.com/videos/202607/19/56065065/original/(m=eaAaGwObaaamqv)(mh=7KCHTOq0PFx1E52-)12.jpg;https://ei.phncdn.com/videos/202607/19/56065065/original/(m=eaAaGwObaaamqv)(mh=7KCHTOq0PFx1E52-)13.jpg;https://ei.phncdn.com/videos/202607/19/56065065/original/(m=eaAaGwObaaamqv)(mh=7KCHTOq0PFx1E52-)14.jpg;https://ei.phncdn.com/videos/202607/19/56065065/original/(m=eaAaGwObaaamqv)(mh=7KCHTOq0PFx1E52-)15.jpg;https://ei.phncdn.com/videos/202607/19/56065065/original/(m=eaAaGwObaaamqv)(mh=7KCHTOq0PFx1E52-)16.jpg
<iframe src="https://www.pornhub.com/embed/6a5fbf0ddea8f" frameborder="0" height="481" width="608" scrolling="no"></iframe>|https://ei.phncdn.com/videos/202607/21/56276575/original/(m=eaf8GgaaaWavb)(mh=MPMNjDaPnvlK9wuM)12.jpg|https://ei.phncdn.com/videos/202607/21/56276575/original/(m=eaf8GgaaaWavb)(mh=MPMNjDaPnvlK9wuM)1.jpg;https://ei.phncdn.com/videos/202607/21/56276575/original/(m=eaf8GgaaaWavb)(mh=MPMNjDaPnvlK9wuM)2.jpg;https://ei.phncdn.com/videos/202607/21/56276575/original/(m=eaf8GgaaaWavb)(mh=MPMNjDaPnvlK9wuM)3.jpg;https://ei.phncdn.com/videos/202607/21/56276575/original/(m=eaf8GgaaaWavb)(mh=MPMNjDaPnvlK9wuM)4.jpg;https://ei.phncdn.com/videos/202607/21/56276575/original/(m=eaf8GgaaaWavb)(mh=MPMNjDaPnvlK9wuM)5.jpg;https://ei.phncdn.com/videos/202607/21/56276575/original/(m=eaf8GgaaaWavb)(mh=MPMNjDaPnvlK9wuM)6.jpg;https://ei.phncdn.com/videos/202607/21/56276575/original/(m=eaf8GgaaaWavb)(mh=MPMNjDaPnvlK9wuM)7.jpg;https://ei.phncdn.com/videos/202607/21/56276575/original/(m=eaf8GgaaaWavb)(mh=MPMNjDaPnvlK9wuM)8.jpg;https://ei.phncdn.com/videos/202607/21/56276575/original/(m=eaf8GgaaaWavb)(mh=MPMNjDaPnvlK9wuM)9.jpg;https://ei.phncdn.com/videos/202607/21/56276575/original/(m=eaf8GgaaaWavb)(mh=MPMNjDaPnvlK9wuM)10.jpg;https://ei.phncdn.com/videos/202607/21/56276575/original/(m=eaf8GgaaaWavb)(mh=MPMNjDaPnvlK9wuM)11.jpg;https://ei.phncdn.com/videos/202607/21/56276575/original/(m=eaf8GgaaaWavb)(mh=MPMNjDaPnvlK9wuM)12.jpg;https://ei.phncdn.com/videos/202607/21/56276575/original/(m=eaf8GgaaaWavb)(mh=MPMNjDaPnvlK9wuM)13.jpg;https://ei.phncdn.com/videos/202607/21/56276575/original/(m=eaf8GgaaaWavb)(mh=MPMNjDaPnvlK9wuM)14.jpg;https://ei.phncdn.com/videos/202607/21/56276575/original/(m=eaf8GgaaaWavb)(mh=MPMNjDaPnvlK9wuM)15.jpg;https://ei.phncdn.com/videos/202607/21/56276575/original/(m=eaf8GgaaaWavb)(mh=MPMNjDaPnvlK9wuM)16.jpg|Thick thighs spread wide on the bed 💕|rough;big-tits;student|Korean;Exclusive;Verified Amateurs;Solo Female;Romantic;Tattooed Women||12|11|||https://ei.phncdn.com/videos/202607/21/56276575/original/(m=eaAaGwObaaamqv)(mh=m8nXZYLH4GOaiSDL)12.jpg|https://ei.phncdn.com/videos/202607/21/56276575/original/(m=eaAaGwObaaamqv)(mh=m8nXZYLH4GOaiSDL)1.jpg;https://ei.phncdn.com/videos/202607/21/56276575/original/(m=eaAaGwObaaamqv)(mh=m8nXZYLH4GOaiSDL)2.jpg;https://ei.phncdn.com/videos/202607/21/56276575/original/(m=eaAaGwObaaamqv)(mh=m8nXZYLH4GOaiSDL)3.jpg;https://ei.phncdn.com/videos/202607/21/56276575/original/(m=eaAaGwObaaamqv)(mh=m8nXZYLH4GOaiSDL)4.jpg;https://ei.phncdn.com/videos/202607/21/56276575/original/(m=eaAaGwObaaamqv)(mh=m8nXZYLH4GOaiSDL)5.jpg;https://ei.phncdn.com/videos/202607/21/56276575/original/(m=eaAaGwObaaamqv)(mh=m8nXZYLH4GOaiSDL)6.jpg;https://ei.phncdn.com/videos/202607/21/56276575/original/(m=eaAaGwObaaamqv)(mh=m8nXZYLH4GOaiSDL)7.jpg;https://ei.phncdn.com/videos/202607/21/56276575/original/(m=eaAaGwObaaamqv)(mh=m8nXZYLH4GOaiSDL)8.jpg;https://ei.phncdn.com/videos/202607/21/56276575/original/(m=eaAaGwObaaamqv)(mh=m8nXZYLH4GOaiSDL)9.jpg;https://ei.phncdn.com/videos/202607/21/56276575/original/(m=eaAaGwObaaamqv)(mh=m8nXZYLH4GOaiSDL)10.jpg;https://ei.phncdn.com/videos/202607/21/56276575/original/(m=eaAaGwObaaamqv)(mh=m8nXZYLH4GOaiSDL)11.jpg;https://ei.phncdn.com/videos/202607/21/56276575/original/(m=eaAaGwObaaamqv)(mh=m8nXZYLH4GOaiSDL)12.jpg;https://ei.phncdn.com/videos/202607/21/56276575/original/(m=eaAaGwObaaamqv)(mh=m8nXZYLH4GOaiSDL)13.jpg;https://ei.phncdn.com/videos/202607/21/56276575/original/(m=eaAaGwObaaamqv)(mh=m8nXZYLH4GOaiSDL)14.jpg;https://ei.phncdn.com/videos/202607/21/56276575/original/(m=eaAaGwObaaamqv)(mh=m8nXZYLH4GOaiSDL)15.jpg;https://ei.phncdn.com/videos/202607/21/56276575/original/(m=eaAaGwObaaamqv)(mh=m8nXZYLH4GOaiSDL)16.jpg
<iframe src="https://www.pornhub.com/embed/6a6243ea55e92" frameborder="0" height="481" width="608" scrolling="no"></iframe>|https://ei.phncdn.com/videos/202607/23/56473215/original/(m=eaf8GgaaaWavb)(mh=_-ZHtlcU8j3-ubys)12.jpg|https://ei.phncdn.com/videos/202607/23/56473215/original/(m=eaf8GgaaaWavb)(mh=_-ZHtlcU8j3-ubys)1.jpg;https://ei.phncdn.com/videos/202607/23/56473215/original/(m=eaf8GgaaaWavb)(mh=_-ZHtlcU8j3-ubys)2.jpg;https://ei.phncdn.com/videos/202607/23/56473215/original/(m=eaf8GgaaaWavb)(mh=_-ZHtlcU8j3-ubys)3.jpg;https://ei.phncdn.com/videos/202607/23/56473215/original/(m=eaf8GgaaaWavb)(mh=_-ZHtlcU8j3-ubys)4.jpg;https://ei.phncdn.com/videos/202607/23/56473215/original/(m=eaf8GgaaaWavb)(mh=_-ZHtlcU8j3-ubys)5.jpg;https://ei.phncdn.com/videos/202607/23/56473215/original/(m=eaf8GgaaaWavb)(mh=_-ZHtlcU8j3-ubys)6.jpg;https://ei.phncdn.com/videos/202607/23/56473215/original/(m=eaf8GgaaaWavb)(mh=_-ZHtlcU8j3-ubys)7.jpg;https://ei.phncdn.com/videos/202607/23/56473215/original/(m=eaf8GgaaaWavb)(mh=_-ZHtlcU8j3-ubys)8.jpg;https://ei.phncdn.com/videos/202607/23/56473215/original/(m=eaf8GgaaaWavb)(mh=_-ZHtlcU8j3-ubys)9.jpg;https://ei.phncdn.com/videos/202607/23/56473215/original/(m=eaf8GgaaaWavb)(mh=_-ZHtlcU8j3-ubys)10.jpg;https://ei.phncdn.com/videos/202607/23/56473215/original/(m=eaf8GgaaaWavb)(mh=_-ZHtlcU8j3-ubys)11.jpg;https://ei.phncdn.com/videos/202607/23/56473215/original/(m=eaf8GgaaaWavb)(mh=_-ZHtlcU8j3-ubys)12.jpg;https://ei.phncdn.com/videos/202607/23/56473215/original/(m=eaf8GgaaaWavb)(mh=_-ZHtlcU8j3-ubys)13.jpg;https://ei.phncdn.com/videos/202607/23/56473215/original/(m=eaf8GgaaaWavb)(mh=_-ZHtlcU8j3-ubys)14.jpg;https://ei.phncdn.com/videos/202607/23/56473215/original/(m=eaf8GgaaaWavb)(mh=_-ZHtlcU8j3-ubys)15.jpg;https://ei.phncdn.com/videos/202607/23/56473215/original/(m=eaf8GgaaaWavb)(mh=_-ZHtlcU8j3-ubys)16.jpg|Nude girl spread wide showing wet pussy 🫦|skinny;lingerie;onlyfans|Korean;Exclusive;Verified Amateurs;Solo Female;Tattooed Women||12|37|||https://ei.phncdn.com/videos/202607/23/56473215/original/(m=eaAaGwObaaamqv)(mh=KtqY0JNakP7VMNMd)12.jpg|https://ei.phncdn.com/videos/202607/23/56473215/original/(m=eaAaGwObaaamqv)(mh=KtqY0JNakP7VMNMd)1.jpg;https://ei.phncdn.com/videos/202607/23/56473215/original/(m=eaAaGwObaaamqv)(mh=KtqY0JNakP7VMNMd)2.jpg;https://ei.phncdn.com/videos/202607/23/56473215/original/(m=eaAaGwObaaamqv)(mh=KtqY0JNakP7VMNMd)3.jpg;https://ei.phncdn.com/videos/202607/23/56473215/original/(m=eaAaGwObaaamqv)(mh=KtqY0JNakP7VMNMd)4.jpg;https://ei.phncdn.com/videos/202607/23/56473215/original/(m=eaAaGwObaaamqv)(mh=KtqY0JNakP7VMNMd)5.jpg;https://ei.phncdn.com/videos/202607/23/56473215/original/(m=eaAaGwObaaamqv)(mh=KtqY0JNakP7VMNMd)6.jpg;https://ei.phncdn.com/videos/202607/23/56473215/original/(m=eaAaGwObaaamqv)(mh=KtqY0JNakP7VMNMd)7.jpg;https://ei.phncdn.com/videos/202607/23/56473215/original/(m=eaAaGwObaaamqv)(mh=KtqY0JNakP7VMNMd)8.jpg;https://ei.phncdn.com/videos/202607/23/56473215/original/(m=eaAaGwObaaamqv)(mh=KtqY0JNakP7VMNMd)9.jpg;https://ei.phncdn.com/videos/202607/23/56473215/original/(m=eaAaGwObaaamqv)(mh=KtqY0JNakP7VMNMd)10.jpg;https://ei.phncdn.com/videos/202607/23/56473215/original/(m=eaAaGwObaaamqv)(mh=KtqY0JNakP7VMNMd)11.jpg;https://ei.phncdn.com/videos/202607/23/56473215/original/(m=eaAaGwObaaamqv)(mh=KtqY0JNakP7VMNMd)12.jpg;https://ei.phncdn.com/videos/202607/23/56473215/original/(m=eaAaGwObaaamqv)(mh=KtqY0JNakP7VMNMd)13.jpg;https://ei.phncdn.com/videos/202607/23/56473215/original/(m=eaAaGwObaaamqv)(mh=KtqY0JNakP7VMNMd)14.jpg;https://ei.phncdn.com/videos/202607/23/56473215/original/(m=eaAaGwObaaamqv)(mh=KtqY0JNakP7VMNMd)15.jpg;https://ei.phncdn.com/videos/202607/23/56473215/original/(m=eaAaGwObaaamqv)(mh=KtqY0JNakP7VMNMd)16.jpg
<iframe src="https://www.pornhub.com/embed/6a643972e96be" frameborder="0" height="481" width="608" scrolling="no"></iframe>|https://ei.phncdn.com/videos/202607/25/56676845/original/(m=eaf8GgaaaWavb)(mh=C3xHTGFHr8HNjM7i)12.jpg|https://ei.phncdn.com/videos/202607/25/56676845/original/(m=eaf8GgaaaWavb)(mh=C3xHTGFHr8HNjM7i)1.jpg;https://ei.phncdn.com/videos/202607/25/56676845/original/(m=eaf8GgaaaWavb)(mh=C3xHTGFHr8HNjM7i)2.jpg;https://ei.phncdn.com/videos/202607/25/56676845/original/(m=eaf8GgaaaWavb)(mh=C3xHTGFHr8HNjM7i)3.jpg;https://ei.phncdn.com/videos/202607/25/56676845/original/(m=eaf8GgaaaWavb)(mh=C3xHTGFHr8HNjM7i)4.jpg;https://ei.phncdn.com/videos/202607/25/56676845/original/(m=eaf8GgaaaWavb)(mh=C3xHTGFHr8HNjM7i)5.jpg;https://ei.phncdn.com/videos/202607/25/56676845/original/(m=eaf8GgaaaWavb)(mh=C3xHTGFHr8HNjM7i)6.jpg;https://ei.phncdn.com/videos/202607/25/56676845/original/(m=eaf8GgaaaWavb)(mh=C3xHTGFHr8HNjM7i)7.jpg;https://ei.phncdn.com/videos/202607/25/56676845/original/(m=eaf8GgaaaWavb)(mh=C3xHTGFHr8HNjM7i)8.jpg;https://ei.phncdn.com/videos/202607/25/56676845/original/(m=eaf8GgaaaWavb)(mh=C3xHTGFHr8HNjM7i)9.jpg;https://ei.phncdn.com/videos/202607/25/56676845/original/(m=eaf8GgaaaWavb)(mh=C3xHTGFHr8HNjM7i)10.jpg;https://ei.phncdn.com/videos/202607/25/56676845/original/(m=eaf8GgaaaWavb)(mh=C3xHTGFHr8HNjM7i)11.jpg;https://ei.phncdn.com/videos/202607/25/56676845/original/(m=eaf8GgaaaWavb)(mh=C3xHTGFHr8HNjM7i)12.jpg;https://ei.phncdn.com/videos/202607/25/56676845/original/(m=eaf8GgaaaWavb)(mh=C3xHTGFHr8HNjM7i)13.jpg;https://ei.phncdn.com/videos/202607/25/56676845/original/(m=eaf8GgaaaWavb)(mh=C3xHTGFHr8HNjM7i)14.jpg;https://ei.phncdn.com/videos/202607/25/56676845/original/(m=eaf8GgaaaWavb)(mh=C3xHTGFHr8HNjM7i)15.jpg;https://ei.phncdn.com/videos/202607/25/56676845/original/(m=eaf8GgaaaWavb)(mh=C3xHTGFHr8HNjM7i)16.jpg|Thick curves pressed tight in gray pants 💕|skinny;dildo;alt-girl;vertical-porn;anal;gamer;student;slut|Korean;Verified Amateurs;Cosplay;Solo Female||12|43|1|0|https://ei.phncdn.com/videos/202607/25/56676845/original/(m=eaAaGwObaaamqv)(mh=e7D8BTPQfFD_xB8D)12.jpg|https://ei.phncdn.com/videos/202607/25/56676845/original/(m=eaAaGwObaaamqv)(mh=e7D8BTPQfFD_xB8D)1.jpg;https://ei.phncdn.com/videos/202607/25/56676845/original/(m=eaAaGwObaaamqv)(mh=e7D8BTPQfFD_xB8D)2.jpg;https://ei.phncdn.com/videos/202607/25/56676845/original/(m=eaAaGwObaaamqv)(mh=e7D8BTPQfFD_xB8D)3.jpg;https://ei.phncdn.com/videos/202607/25/56676845/original/(m=eaAaGwObaaamqv)(mh=e7D8BTPQfFD_xB8D)4.jpg;https://ei.phncdn.com/videos/202607/25/56676845/original/(m=eaAaGwObaaamqv)(mh=e7D8BTPQfFD_xB8D)5.jpg;https://ei.phncdn.com/videos/202607/25/56676845/original/(m=eaAaGwObaaamqv)(mh=e7D8BTPQfFD_xB8D)6.jpg;https://ei.phncdn.com/videos/202607/25/56676845/original/(m=eaAaGwObaaamqv)(mh=e7D8BTPQfFD_xB8D)7.jpg;https://ei.phncdn.com/videos/202607/25/56676845/original/(m=eaAaGwObaaamqv)(mh=e7D8BTPQfFD_xB8D)8.jpg;https://ei.phncdn.com/videos/202607/25/56676845/original/(m=eaAaGwObaaamqv)(mh=e7D8BTPQfFD_xB8D)9.jpg;https://ei.phncdn.com/videos/202607/25/56676845/original/(m=eaAaGwObaaamqv)(mh=e7D8BTPQfFD_xB8D)10.jpg;https://ei.phncdn.com/videos/202607/25/56676845/original/(m=eaAaGwObaaamqv)(mh=e7D8BTPQfFD_xB8D)11.jpg;https://ei.phncdn.com/videos/202607/25/56676845/original/(m=eaAaGwObaaamqv)(mh=e7D8BTPQfFD_xB8D)12.jpg;https://ei.phncdn.com/videos/202607/25/56676845/original/(m=eaAaGwObaaamqv)(mh=e7D8BTPQfFD_xB8D)13.jpg;https://ei.phncdn.com/videos/202607/25/56676845/original/(m=eaAaGwObaaamqv)(mh=e7D8BTPQfFD_xB8D)14.jpg;https://ei.phncdn.com/videos/202607/25/56676845/original/(m=eaAaGwObaaamqv)(mh=e7D8BTPQfFD_xB8D)15.jpg;https://ei.phncdn.com/videos/202607/25/56676845/original/(m=eaAaGwObaaamqv)(mh=e7D8BTPQfFD_xB8D)16.jpg
<iframe src="https://www.pornhub.com/embed/6a6512b7388f5" frameborder="0" height="481" width="608" scrolling="no"></iframe>|https://ei.phncdn.com/videos/202607/25/56753395/original/(m=eaf8GgaaaWavb)(mh=5V7NF6FVbm9z5Gj3)12.jpg|https://ei.phncdn.com/videos/202607/25/56753395/original/(m=eaf8GgaaaWavb)(mh=5V7NF6FVbm9z5Gj3)1.jpg;https://ei.phncdn.com/videos/202607/25/56753395/original/(m=eaf8GgaaaWavb)(mh=5V7NF6FVbm9z5Gj3)2.jpg;https://ei.phncdn.com/videos/202607/25/56753395/original/(m=eaf8GgaaaWavb)(mh=5V7NF6FVbm9z5Gj3)3.jpg;https://ei.phncdn.com/videos/202607/25/56753395/original/(m=eaf8GgaaaWavb)(mh=5V7NF6FVbm9z5Gj3)4.jpg;https://ei.phncdn.com/videos/202607/25/56753395/original/(m=eaf8GgaaaWavb)(mh=5V7NF6FVbm9z5Gj3)5.jpg;https://ei.phncdn.com/videos/202607/25/56753395/original/(m=eaf8GgaaaWavb)(mh=5V7NF6FVbm9z5Gj3)6.jpg;https://ei.phncdn.com/videos/202607/25/56753395/original/(m=eaf8GgaaaWavb)(mh=5V7NF6FVbm9z5Gj3)7.jpg;https://ei.phncdn.com/videos/202607/25/56753395/original/(m=eaf8GgaaaWavb)(mh=5V7NF6FVbm9z5Gj3)8.jpg;https://ei.phncdn.com/videos/202607/25/56753395/original/(m=eaf8GgaaaWavb)(mh=5V7NF6FVbm9z5Gj3)9.jpg;https://ei.phncdn.com/videos/202607/25/56753395/original/(m=eaf8GgaaaWavb)(mh=5V7NF6FVbm9z5Gj3)10.jpg;https://ei.phncdn.com/videos/202607/25/56753395/original/(m=eaf8GgaaaWavb)(mh=5V7NF6FVbm9z5Gj3)11.jpg;https://ei.phncdn.com/videos/202607/25/56753395/original/(m=eaf8GgaaaWavb)(mh=5V7NF6FVbm9z5Gj3)12.jpg;https://ei.phncdn.com/videos/202607/25/56753395/original/(m=eaf8GgaaaWavb)(mh=5V7NF6FVbm9z5Gj3)13.jpg;https://ei.phncdn.com/videos/202607/25/56753395/original/(m=eaf8GgaaaWavb)(mh=5V7NF6FVbm9z5Gj3)14.jpg;https://ei.phncdn.com/videos/202607/25/56753395/original/(m=eaf8GgaaaWavb)(mh=5V7NF6FVbm9z5Gj3)15.jpg;https://ei.phncdn.com/videos/202607/25/56753395/original/(m=eaf8GgaaaWavb)(mh=5V7NF6FVbm9z5Gj3)16.jpg|Bend me over and fuck me hard 😈|new;sexy;tiktok;homemade;busty;college;goth;student|Korean;Verified Amateurs;Cosplay;Solo Female;Tattooed Women||12|3|||https://ei.phncdn.com/videos/202607/25/56753395/original/(m=eaAaGwObaaamqv)(mh=nSY0r-T6D8tBw-IM)12.jpg|https://ei.phncdn.com/videos/202607/25/56753395/original/(m=eaAaGwObaaamqv)(mh=nSY0r-T6D8tBw-IM)1.jpg;https://ei.phncdn.com/videos/202607/25/56753395/original/(m=eaAaGwObaaamqv)(mh=nSY0r-T6D8tBw-IM)2.jpg;https://ei.phncdn.com/videos/202607/25/56753395/original/(m=eaAaGwObaaamqv)(mh=nSY0r-T6D8tBw-IM)3.jpg;https://ei.phncdn.com/videos/202607/25/56753395/original/(m=eaAaGwObaaamqv)(mh=nSY0r-T6D8tBw-IM)4.jpg;https://ei.phncdn.com/videos/202607/25/56753395/original/(m=eaAaGwObaaamqv)(mh=nSY0r-T6D8tBw-IM)5.jpg;https://ei.phncdn.com/videos/202607/25/56753395/original/(m=eaAaGwObaaamqv)(mh=nSY0r-T6D8tBw-IM)6.jpg;https://ei.phncdn.com/videos/202607/25/56753395/original/(m=eaAaGwObaaamqv)(mh=nSY0r-T6D8tBw-IM)7.jpg;https://ei.phncdn.com/videos/202607/25/56753395/original/(m=eaAaGwObaaamqv)(mh=nSY0r-T6D8tBw-IM)8.jpg;https://ei.phncdn.com/videos/202607/25/56753395/original/(m=eaAaGwObaaamqv)(mh=nSY0r-T6D8tBw-IM)9.jpg;https://ei.phncdn.com/videos/202607/25/56753395/original/(m=eaAaGwObaaamqv)(mh=nSY0r-T6D8tBw-IM)10.jpg;https://ei.phncdn.com/videos/202607/25/56753395/original/(m=eaAaGwObaaamqv)(mh=nSY0r-T6D8tBw-IM)11.jpg;https://ei.phncdn.com/videos/202607/25/56753395/original/(m=eaAaGwObaaamqv)(mh=nSY0r-T6D8tBw-IM)12.jpg;https://ei.phncdn.com/videos/202607/25/56753395/original/(m=eaAaGwObaaamqv)(mh=nSY0r-T6D8tBw-IM)13.jpg;https://ei.phncdn.com/videos/202607/25/56753395/original/(m=eaAaGwObaaamqv)(mh=nSY0r-T6D8tBw-IM)14.jpg;https://ei.phncdn.com/videos/202607/25/56753395/original/(m=eaAaGwObaaamqv)(mh=nSY0r-T6D8tBw-IM)15.jpg;https://ei.phncdn.com/videos/202607/25/56753395/original/(m=eaAaGwObaaamqv)(mh=nSY0r-T6D8tBw-IM)16.jpg
<iframe src="https://www.pornhub.com/embed/6a68a5ebda251" frameborder="0" height="481" width="608" scrolling="no"></iframe>|https://ei.phncdn.com/videos/202607/28/57015915/original/(m=eaf8GgaaaWavb)(mh=B6HKygHi1g8BBQqQ)12.jpg|https://ei.phncdn.com/videos/202607/28/57015915/original/(m=eaf8GgaaaWavb)(mh=B6HKygHi1g8BBQqQ)1.jpg;https://ei.phncdn.com/videos/202607/28/57015915/original/(m=eaf8GgaaaWavb)(mh=B6HKygHi1g8BBQqQ)2.jpg;https://ei.phncdn.com/videos/202607/28/57015915/original/(m=eaf8GgaaaWavb)(mh=B6HKygHi1g8BBQqQ)3.jpg;https://ei.phncdn.com/videos/202607/28/57015915/original/(m=eaf8GgaaaWavb)(mh=B6HKygHi1g8BBQqQ)4.jpg;https://ei.phncdn.com/videos/202607/28/57015915/original/(m=eaf8GgaaaWavb)(mh=B6HKygHi1g8BBQqQ)5.jpg;https://ei.phncdn.com/videos/202607/28/57015915/original/(m=eaf8GgaaaWavb)(mh=B6HKygHi1g8BBQqQ)6.jpg;https://ei.phncdn.com/videos/202607/28/57015915/original/(m=eaf8GgaaaWavb)(mh=B6HKygHi1g8BBQqQ)7.jpg;https://ei.phncdn.com/videos/202607/28/57015915/original/(m=eaf8GgaaaWavb)(mh=B6HKygHi1g8BBQqQ)8.jpg;https://ei.phncdn.com/videos/202607/28/57015915/original/(m=eaf8GgaaaWavb)(mh=B6HKygHi1g8BBQqQ)9.jpg;https://ei.phncdn.com/videos/202607/28/57015915/original/(m=eaf8GgaaaWavb)(mh=B6HKygHi1g8BBQqQ)10.jpg;https://ei.phncdn.com/videos/202607/28/57015915/original/(m=eaf8GgaaaWavb)(mh=B6HKygHi1g8BBQqQ)11.jpg;https://ei.phncdn.com/videos/202607/28/57015915/original/(m=eaf8GgaaaWavb)(mh=B6HKygHi1g8BBQqQ)12.jpg;https://ei.phncdn.com/videos/202607/28/57015915/original/(m=eaf8GgaaaWavb)(mh=B6HKygHi1g8BBQqQ)13.jpg;https://ei.phncdn.com/videos/202607/28/57015915/original/(m=eaf8GgaaaWavb)(mh=B6HKygHi1g8BBQqQ)14.jpg;https://ei.phncdn.com/videos/202607/28/57015915/original/(m=eaf8GgaaaWavb)(mh=B6HKygHi1g8BBQqQ)15.jpg;https://ei.phncdn.com/videos/202607/28/57015915/original/(m=eaf8GgaaaWavb)(mh=B6HKygHi1g8BBQqQ)16.jpg|Fuck me hard while I ride you|natural-tits;dildo;busty;cosplay;rough;sexy;joi|Korean;Exclusive;Verified Amateurs;Solo Female||12|22|1|0|https://ei.phncdn.com/videos/202607/28/57015915/original/(m=eaAaGwObaaamqv)(mh=zYOk10ljpZT5uIaH)12.jpg|https://ei.phncdn.com/videos/202607/28/57015915/original/(m=eaAaGwObaaamqv)(mh=zYOk10ljpZT5uIaH)1.jpg;https://ei.phncdn.com/videos/202607/28/57015915/original/(m=eaAaGwObaaamqv)(mh=zYOk10ljpZT5uIaH)2.jpg;https://ei.phncdn.com/videos/202607/28/57015915/original/(m=eaAaGwObaaamqv)(mh=zYOk10ljpZT5uIaH)3.jpg;https://ei.phncdn.com/videos/202607/28/57015915/original/(m=eaAaGwObaaamqv)(mh=zYOk10ljpZT5uIaH)4.jpg;https://ei.phncdn.com/videos/202607/28/57015915/original/(m=eaAaGwObaaamqv)(mh=zYOk10ljpZT5uIaH)5.jpg;https://ei.phncdn.com/videos/202607/28/57015915/original/(m=eaAaGwObaaamqv)(mh=zYOk10ljpZT5uIaH)6.jpg;https://ei.phncdn.com/videos/202607/28/57015915/original/(m=eaAaGwObaaamqv)(mh=zYOk10ljpZT5uIaH)7.jpg;https://ei.phncdn.com/videos/202607/28/57015915/original/(m=eaAaGwObaaamqv)(mh=zYOk10ljpZT5uIaH)8.jpg;https://ei.phncdn.com/videos/202607/28/57015915/original/(m=eaAaGwObaaamqv)(mh=zYOk10ljpZT5uIaH)9.jpg;https://ei.phncdn.com/videos/202607/28/57015915/original/(m=eaAaGwObaaamqv)(mh=zYOk10ljpZT5uIaH)10.jpg;https://ei.phncdn.com/videos/202607/28/57015915/original/(m=eaAaGwObaaamqv)(mh=zYOk10ljpZT5uIaH)11.jpg;https://ei.phncdn.com/videos/202607/28/57015915/original/(m=eaAaGwObaaamqv)(mh=zYOk10ljpZT5uIaH)12.jpg;https://ei.phncdn.com/videos/202607/28/57015915/original/(m=eaAaGwObaaamqv)(mh=zYOk10ljpZT5uIaH)13.jpg;https://ei.phncdn.com/videos/202607/28/57015915/original/(m=eaAaGwObaaamqv)(mh=zYOk10ljpZT5uIaH)14.jpg;https://ei.phncdn.com/videos/202607/28/57015915/original/(m=eaAaGwObaaamqv)(mh=zYOk10ljpZT5uIaH)15.jpg;https://ei.phncdn.com/videos/202607/28/57015915/original/(m=eaAaGwObaaamqv)(mh=zYOk10ljpZT5uIaH)16.jpg
<iframe src="https://www.pornhub.com/embed/6a6b18cf8e03d" frameborder="0" height="481" width="608" scrolling="no"></iframe>|https://ei.phncdn.com/videos/202607/30/57211015/original/(m=eaf8GgaaaWavb)(mh=01F1cLEF_n7n1ZLy)12.jpg|https://ei.phncdn.com/videos/202607/30/57211015/original/(m=eaf8GgaaaWavb)(mh=01F1cLEF_n7n1ZLy)1.jpg;https://ei.phncdn.com/videos/202607/30/57211015/original/(m=eaf8GgaaaWavb)(mh=01F1cLEF_n7n1ZLy)2.jpg;https://ei.phncdn.com/videos/202607/30/57211015/original/(m=eaf8GgaaaWavb)(mh=01F1cLEF_n7n1ZLy)3.jpg;https://ei.phncdn.com/videos/202607/30/57211015/original/(m=eaf8GgaaaWavb)(mh=01F1cLEF_n7n1ZLy)4.jpg;https://ei.phncdn.com/videos/202607/30/57211015/original/(m=eaf8GgaaaWavb)(mh=01F1cLEF_n7n1ZLy)5.jpg;https://ei.phncdn.com/videos/202607/30/57211015/original/(m=eaf8GgaaaWavb)(mh=01F1cLEF_n7n1ZLy)6.jpg;https://ei.phncdn.com/videos/202607/30/57211015/original/(m=eaf8GgaaaWavb)(mh=01F1cLEF_n7n1ZLy)7.jpg;https://ei.phncdn.com/videos/202607/30/57211015/original/(m=eaf8GgaaaWavb)(mh=01F1cLEF_n7n1ZLy)8.jpg;https://ei.phncdn.com/videos/202607/30/57211015/original/(m=eaf8GgaaaWavb)(mh=01F1cLEF_n7n1ZLy)9.jpg;https://ei.phncdn.com/videos/202607/30/57211015/original/(m=eaf8GgaaaWavb)(mh=01F1cLEF_n7n1ZLy)10.jpg;https://ei.phncdn.com/videos/202607/30/57211015/original/(m=eaf8GgaaaWavb)(mh=01F1cLEF_n7n1ZLy)11.jpg;https://ei.phncdn.com/videos/202607/30/57211015/original/(m=eaf8GgaaaWavb)(mh=01F1cLEF_n7n1ZLy)12.jpg;https://ei.phncdn.com/videos/202607/30/57211015/original/(m=eaf8GgaaaWavb)(mh=01F1cLEF_n7n1ZLy)13.jpg;https://ei.phncdn.com/videos/202607/30/57211015/original/(m=eaf8GgaaaWavb)(mh=01F1cLEF_n7n1ZLy)14.jpg;https://ei.phncdn.com/videos/202607/30/57211015/original/(m=eaf8GgaaaWavb)(mh=01F1cLEF_n7n1ZLy)15.jpg;https://ei.phncdn.com/videos/202607/30/57211015/original/(m=eaf8GgaaaWavb)(mh=01F1cLEF_n7n1ZLy)16.jpg|Bet you can't look away 💘|dildo;asian-girl;popular;anal|Korean;Japanese;Verified Amateurs;Solo Female;Gaming||12|7|||https://ei.phncdn.com/videos/202607/30/57211015/original/(m=eaAaGwObaaamqv)(mh=IQAB4YEm30Vj0XU6)12.jpg|https://ei.phncdn.com/videos/202607/30/57211015/original/(m=eaAaGwObaaamqv)(mh=IQAB4YEm30Vj0XU6)1.jpg;https://ei.phncdn.com/videos/202607/30/57211015/original/(m=eaAaGwObaaamqv)(mh=IQAB4YEm30Vj0XU6)2.jpg;https://ei.phncdn.com/videos/202607/30/57211015/original/(m=eaAaGwObaaamqv)(mh=IQAB4YEm30Vj0XU6)3.jpg;https://ei.phncdn.com/videos/202607/30/57211015/original/(m=eaAaGwObaaamqv)(mh=IQAB4YEm30Vj0XU6)4.jpg;https://ei.phncdn.com/videos/202607/30/57211015/original/(m=eaAaGwObaaamqv)(mh=IQAB4YEm30Vj0XU6)5.jpg;https://ei.phncdn.com/videos/202607/30/57211015/original/(m=eaAaGwObaaamqv)(mh=IQAB4YEm30Vj0XU6)6.jpg;https://ei.phncdn.com/videos/202607/30/57211015/original/(m=eaAaGwObaaamqv)(mh=IQAB4YEm30Vj0XU6)7.jpg;https://ei.phncdn.com/videos/202607/30/57211015/original/(m=eaAaGwObaaamqv)(mh=IQAB4YEm30Vj0XU6)8.jpg;https://ei.phncdn.com/videos/202607/30/57211015/original/(m=eaAaGwObaaamqv)(mh=IQAB4YEm30Vj0XU6)9.jpg;https://ei.phncdn.com/videos/202607/30/57211015/original/(m=eaAaGwObaaamqv)(mh=IQAB4YEm30Vj0XU6)10.jpg;https://ei.phncdn.com/videos/202607/30/57211015/original/(m=eaAaGwObaaamqv)(mh=IQAB4YEm30Vj0XU6)11.jpg;https://ei.phncdn.com/videos/202607/30/57211015/original/(m=eaAaGwObaaamqv)(mh=IQAB4YEm30Vj0XU6)12.jpg;https://ei.phncdn.com/videos/202607/30/57211015/original/(m=eaAaGwObaaamqv)(mh=IQAB4YEm30Vj0XU6)13.jpg;https://ei.phncdn.com/videos/202607/30/57211015/original/(m=eaAaGwObaaamqv)(mh=IQAB4YEm30Vj0XU6)14.jpg;https://ei.phncdn.com/videos/202607/30/57211015/original/(m=eaAaGwObaaamqv)(mh=IQAB4YEm30Vj0XU6)15.jpg;https://ei.phncdn.com/videos/202607/30/57211015/original/(m=eaAaGwObaaamqv)(mh=IQAB4YEm30Vj0XU6)16.jpg
<iframe src="https://www.pornhub.com/embed/6a72aab839c48" frameborder="0" height="481" width="608" scrolling="no"></iframe>|https://ei.phncdn.com/videos/202608/05/57821415/original/(m=eaf8GgaaaWavb)(mh=NPmbVxmmv3a1Csf9)12.jpg|https://ei.phncdn.com/videos/202608/05/57821415/original/(m=eaf8GgaaaWavb)(mh=NPmbVxmmv3a1Csf9)1.jpg;https://ei.phncdn.com/videos/202608/05/57821415/original/(m=eaf8GgaaaWavb)(mh=NPmbVxmmv3a1Csf9)2.jpg;https://ei.phncdn.com/videos/202608/05/57821415/original/(m=eaf8GgaaaWavb)(mh=NPmbVxmmv3a1Csf9)3.jpg;https://ei.phncdn.com/videos/202608/05/57821415/original/(m=eaf8GgaaaWavb)(mh=NPmbVxmmv3a1Csf9)4.jpg;https://ei.phncdn.com/videos/202608/05/57821415/original/(m=eaf8GgaaaWavb)(mh=NPmbVxmmv3a1Csf9)5.jpg;https://ei.phncdn.com/videos/202608/05/57821415/original/(m=eaf8GgaaaWavb)(mh=NPmbVxmmv3a1Csf9)6.jpg;https://ei.phncdn.com/videos/202608/05/57821415/original/(m=eaf8GgaaaWavb)(mh=NPmbVxmmv3a1Csf9)7.jpg;https://ei.phncdn.com/videos/202608/05/57821415/original/(m=eaf8GgaaaWavb)(mh=NPmbVxmmv3a1Csf9)8.jpg;https://ei.phncdn.com/videos/202608/05/57821415/original/(m=eaf8GgaaaWavb)(mh=NPmbVxmmv3a1Csf9)9.jpg;https://ei.phncdn.com/videos/202608/05/57821415/original/(m=eaf8GgaaaWavb)(mh=NPmbVxmmv3a1Csf9)10.jpg;https://ei.phncdn.com/videos/202608/05/57821415/original/(m=eaf8GgaaaWavb)(mh=NPmbVxmmv3a1Csf9)11.jpg;https://ei.phncdn.com/videos/202608/05/57821415/original/(m=eaf8GgaaaWavb)(mh=NPmbVxmmv3a1Csf9)12.jpg;https://ei.phncdn.com/videos/202608/05/57821415/original/(m=eaf8GgaaaWavb)(mh=NPmbVxmmv3a1Csf9)13.jpg;https://ei.phncdn.com/videos/202608/05/57821415/original/(m=eaf8GgaaaWavb)(mh=NPmbVxmmv3a1Csf9)14.jpg;https://ei.phncdn.com/videos/202608/05/57821415/original/(m=eaf8GgaaaWavb)(mh=NPmbVxmmv3a1Csf9)15.jpg;https://ei.phncdn.com/videos/202608/05/57821415/original/(m=eaf8GgaaaWavb)(mh=NPmbVxmmv3a1Csf9)16.jpg|Like what you see?|lingerie;amateur;cheating;perfect-body;schoolgirl;student;slut|Korean;Verified Amateurs;Solo Female||12|14|||https://ei.phncdn.com/videos/202608/05/57821415/original/(m=eaAaGwObaaamqv)(mh=W3aEPawFvL7aMN1y)12.jpg|https://ei.phncdn.com/videos/202608/05/57821415/original/(m=eaAaGwObaaamqv)(mh=W3aEPawFvL7aMN1y)1.jpg;https://ei.phncdn.com/videos/202608/05/57821415/original/(m=eaAaGwObaaamqv)(mh=W3aEPawFvL7aMN1y)2.jpg;https://ei.phncdn.com/videos/202608/05/57821415/original/(m=eaAaGwObaaamqv)(mh=W3aEPawFvL7aMN1y)3.jpg;https://ei.phncdn.com/videos/202608/05/57821415/original/(m=eaAaGwObaaamqv)(mh=W3aEPawFvL7aMN1y)4.jpg;https://ei.phncdn.com/videos/202608/05/57821415/original/(m=eaAaGwObaaamqv)(mh=W3aEPawFvL7aMN1y)5.jpg;https://ei.phncdn.com/videos/202608/05/57821415/original/(m=eaAaGwObaaamqv)(mh=W3aEPawFvL7aMN1y)6.jpg;https://ei.phncdn.com/videos/202608/05/57821415/original/(m=eaAaGwObaaamqv)(mh=W3aEPawFvL7aMN1y)7.jpg;https://ei.phncdn.com/videos/202608/05/57821415/original/(m=eaAaGwObaaamqv)(mh=W3aEPawFvL7aMN1y)8.jpg;https://ei.phncdn.com/videos/202608/05/57821415/original/(m=eaAaGwObaaamqv)(mh=W3aEPawFvL7aMN1y)9.jpg;https://ei.phncdn.com/videos/202608/05/57821415/original/(m=eaAaGwObaaamqv)(mh=W3aEPawFvL7aMN1y)10.jpg;https://ei.phncdn.com/videos/202608/05/57821415/original/(m=eaAaGwObaaamqv)(mh=W3aEPawFvL7aMN1y)11.jpg;https://ei.phncdn.com/videos/202608/05/57821415/original/(m=eaAaGwObaaamqv)(mh=W3aEPawFvL7aMN1y)12.jpg;https://ei.phncdn.com/videos/202608/05/57821415/original/(m=eaAaGwObaaamqv)(mh=W3aEPawFvL7aMN1y)13.jpg;https://ei.phncdn.com/videos/202608/05/57821415/original/(m=eaAaGwObaaamqv)(mh=W3aEPawFvL7aMN1y)14.jpg;https://ei.phncdn.com/videos/202608/05/57821415/original/(m=eaAaGwObaaamqv)(mh=W3aEPawFvL7aMN1y)15.jpg;https://ei.phncdn.com/videos/202608/05/57821415/original/(m=eaAaGwObaaamqv)(mh=W3aEPawFvL7aMN1y)16.jpg
<iframe src="https://www.pornhub.com/embed/6a76d72a7753c" frameborder="0" height="481" width="608" scrolling="no"></iframe>|https://ei.phncdn.com/videos/202608/08/58269445/original/(m=eaf8GgaaaWavb)(mh=1EfKfnbJ6_AOTgNG)12.jpg|https://ei.phncdn.com/videos/202608/08/58269445/original/(m=eaf8GgaaaWavb)(mh=1EfKfnbJ6_AOTgNG)1.jpg;https://ei.phncdn.com/videos/202608/08/58269445/original/(m=eaf8GgaaaWavb)(mh=1EfKfnbJ6_AOTgNG)2.jpg;https://ei.phncdn.com/videos/202608/08/58269445/original/(m=eaf8GgaaaWavb)(mh=1EfKfnbJ6_AOTgNG)3.jpg;https://ei.phncdn.com/videos/202608/08/58269445/original/(m=eaf8GgaaaWavb)(mh=1EfKfnbJ6_AOTgNG)4.jpg;https://ei.phncdn.com/videos/202608/08/58269445/original/(m=eaf8GgaaaWavb)(mh=1EfKfnbJ6_AOTgNG)5.jpg;https://ei.phncdn.com/videos/202608/08/58269445/original/(m=eaf8GgaaaWavb)(mh=1EfKfnbJ6_AOTgNG)6.jpg;https://ei.phncdn.com/videos/202608/08/58269445/original/(m=eaf8GgaaaWavb)(mh=1EfKfnbJ6_AOTgNG)7.jpg;https://ei.phncdn.com/videos/202608/08/58269445/original/(m=eaf8GgaaaWavb)(mh=1EfKfnbJ6_AOTgNG)8.jpg;https://ei.phncdn.com/videos/202608/08/58269445/original/(m=eaf8GgaaaWavb)(mh=1EfKfnbJ6_AOTgNG)9.jpg;https://ei.phncdn.com/videos/202608/08/58269445/original/(m=eaf8GgaaaWavb)(mh=1EfKfnbJ6_AOTgNG)10.jpg;https://ei.phncdn.com/videos/202608/08/58269445/original/(m=eaf8GgaaaWavb)(mh=1EfKfnbJ6_AOTgNG)11.jpg;https://ei.phncdn.com/videos/202608/08/58269445/original/(m=eaf8GgaaaWavb)(mh=1EfKfnbJ6_AOTgNG)12.jpg;https://ei.phncdn.com/videos/202608/08/58269445/original/(m=eaf8GgaaaWavb)(mh=1EfKfnbJ6_AOTgNG)13.jpg;https://ei.phncdn.com/videos/202608/08/58269445/original/(m=eaf8GgaaaWavb)(mh=1EfKfnbJ6_AOTgNG)14.jpg;https://ei.phncdn.com/videos/202608/08/58269445/original/(m=eaf8GgaaaWavb)(mh=1EfKfnbJ6_AOTgNG)15.jpg;https://ei.phncdn.com/videos/202608/08/58269445/original/(m=eaf8GgaaaWavb)(mh=1EfKfnbJ6_AOTgNG)16.jpg|I want your tongue on my clit now|cheating;schoolgirl;sexy|Korean;Verified Amateurs;Cosplay;Solo Female||12|20|||https://ei.phncdn.com/videos/202608/08/58269445/original/(m=eaAaGwObaaamqv)(mh=AKLAIg42xEkF1bC-)12.jpg|https://ei.phncdn.com/videos/202608/08/58269445/original/(m=eaAaGwObaaamqv)(mh=AKLAIg42xEkF1bC-)1.jpg;https://ei.phncdn.com/videos/202608/08/58269445/original/(m=eaAaGwObaaamqv)(mh=AKLAIg42xEkF1bC-)2.jpg;https://ei.phncdn.com/videos/202608/08/58269445/original/(m=eaAaGwObaaamqv)(mh=AKLAIg42xEkF1bC-)3.jpg;https://ei.phncdn.com/videos/202608/08/58269445/original/(m=eaAaGwObaaamqv)(mh=AKLAIg42xEkF1bC-)4.jpg;https://ei.phncdn.com/videos/202608/08/58269445/original/(m=eaAaGwObaaamqv)(mh=AKLAIg42xEkF1bC-)5.jpg;https://ei.phncdn.com/videos/202608/08/58269445/original/(m=eaAaGwObaaamqv)(mh=AKLAIg42xEkF1bC-)6.jpg;https://ei.phncdn.com/videos/202608/08/58269445/original/(m=eaAaGwObaaamqv)(mh=AKLAIg42xEkF1bC-)7.jpg;https://ei.phncdn.com/videos/202608/08/58269445/original/(m=eaAaGwObaaamqv)(mh=AKLAIg42xEkF1bC-)8.jpg;https://ei.phncdn.com/videos/202608/08/58269445/original/(m=eaAaGwObaaamqv)(mh=AKLAIg42xEkF1bC-)9.jpg;https://ei.phncdn.com/videos/202608/08/58269445/original/(m=eaAaGwObaaamqv)(mh=AKLAIg42xEkF1bC-)10.jpg;https://ei.phncdn.com/videos/202608/08/58269445/original/(m=eaAaGwObaaamqv)(mh=AKLAIg42xEkF1bC-)11.jpg;https://ei.phncdn.com/videos/202608/08/58269445/original/(m=eaAaGwObaaamqv)(mh=AKLAIg42xEkF1bC-)12.jpg;https://ei.phncdn.com/videos/202608/08/58269445/original/(m=eaAaGwObaaamqv)(mh=AKLAIg42xEkF1bC-)13.jpg;https://ei.phncdn.com/videos/202608/08/58269445/original/(m=eaAaGwObaaamqv)(mh=AKLAIg42xEkF1bC-)14.jpg;https://ei.phncdn.com/videos/202608/08/58269445/original/(m=eaAaGwObaaamqv)(mh=AKLAIg42xEkF1bC-)15.jpg;https://ei.phncdn.com/videos/202608/08/58269445/original/(m=eaAaGwObaaamqv)(mh=AKLAIg42xEkF1bC-)16.jpg
<iframe src="https://www.pornhub.com/embed/6a7cf2a0c34f4" frameborder="0" height="481" width="608" scrolling="no"></iframe>|https://ei.phncdn.com/videos/202608/12/58789325/original/(m=eaf8GgaaaWavb)(mh=pQnRmJ8mxhC7kJaS)12.jpg|https://ei.phncdn.com/videos/202608/12/58789325/original/(m=eaf8GgaaaWavb)(mh=pQnRmJ8mxhC7kJaS)1.jpg;https://ei.phncdn.com/videos/202608/12/58789325/original/(m=eaf8GgaaaWavb)(mh=pQnRmJ8mxhC7kJaS)2.jpg;https://ei.phncdn.com/videos/202608/12/58789325/original/(m=eaf8GgaaaWavb)(mh=pQnRmJ8mxhC7kJaS)3.jpg;https://ei.phncdn.com/videos/202608/12/58789325/original/(m=eaf8GgaaaWavb)(mh=pQnRmJ8mxhC7kJaS)4.jpg;https://ei.phncdn.com/videos/202608/12/58789325/original/(m=eaf8GgaaaWavb)(mh=pQnRmJ8mxhC7kJaS)5.jpg;https://ei.phncdn.com/videos/202608/12/58789325/original/(m=eaf8GgaaaWavb)(mh=pQnRmJ8mxhC7kJaS)6.jpg;https://ei.phncdn.com/videos/202608/12/58789325/original/(m=eaf8GgaaaWavb)(mh=pQnRmJ8mxhC7kJaS)7.jpg;https://ei.phncdn.com/videos/202608/12/58789325/original/(m=eaf8GgaaaWavb)(mh=pQnRmJ8mxhC7kJaS)8.jpg;https://ei.phncdn.com/videos/202608/12/58789325/original/(m=eaf8GgaaaWavb)(mh=pQnRmJ8mxhC7kJaS)9.jpg;https://ei.phncdn.com/videos/202608/12/58789325/original/(m=eaf8GgaaaWavb)(mh=pQnRmJ8mxhC7kJaS)10.jpg;https://ei.phncdn.com/videos/202608/12/58789325/original/(m=eaf8GgaaaWavb)(mh=pQnRmJ8mxhC7kJaS)11.jpg;https://ei.phncdn.com/videos/202608/12/58789325/original/(m=eaf8GgaaaWavb)(mh=pQnRmJ8mxhC7kJaS)12.jpg;https://ei.phncdn.com/videos/202608/12/58789325/original/(m=eaf8GgaaaWavb)(mh=pQnRmJ8mxhC7kJaS)13.jpg;https://ei.phncdn.com/videos/202608/12/58789325/original/(m=eaf8GgaaaWavb)(mh=pQnRmJ8mxhC7kJaS)14.jpg;https://ei.phncdn.com/videos/202608/12/58789325/original/(m=eaf8GgaaaWavb)(mh=pQnRmJ8mxhC7kJaS)15.jpg;https://ei.phncdn.com/videos/202608/12/58789325/original/(m=eaf8GgaaaWavb)(mh=pQnRmJ8mxhC7kJaS)16.jpg|Thick curves bent low on all fours|schoolgirl;new;college;blowjob;asian-girl;perfect-body|Korean;Exclusive;Verified Amateurs;Solo Female;Romantic||11|1|||https://ei.phncdn.com/videos/202608/12/58789325/original/(m=eaAaGwObaaamqv)(mh=a4ThgtBqZ8SH9fG3)12.jpg|https://ei.phncdn.com/videos/202608/12/58789325/original/(m=eaAaGwObaaamqv)(mh=a4ThgtBqZ8SH9fG3)1.jpg;https://ei.phncdn.com/videos/202608/12/58789325/original/(m=eaAaGwObaaamqv)(mh=a4ThgtBqZ8SH9fG3)2.jpg;https://ei.phncdn.com/videos/202608/12/58789325/original/(m=eaAaGwObaaamqv)(mh=a4ThgtBqZ8SH9fG3)3.jpg;https://ei.phncdn.com/videos/202608/12/58789325/original/(m=eaAaGwObaaamqv)(mh=a4ThgtBqZ8SH9fG3)4.jpg;https://ei.phncdn.com/videos/202608/12/58789325/original/(m=eaAaGwObaaamqv)(mh=a4ThgtBqZ8SH9fG3)5.jpg;https://ei.phncdn.com/videos/202608/12/58789325/original/(m=eaAaGwObaaamqv)(mh=a4ThgtBqZ8SH9fG3)6.jpg;https://ei.phncdn.com/videos/202608/12/58789325/original/(m=eaAaGwObaaamqv)(mh=a4ThgtBqZ8SH9fG3)7.jpg;https://ei.phncdn.com/videos/202608/12/58789325/original/(m=eaAaGwObaaamqv)(mh=a4ThgtBqZ8SH9fG3)8.jpg;https://ei.phncdn.com/videos/202608/12/58789325/original/(m=eaAaGwObaaamqv)(mh=a4ThgtBqZ8SH9fG3)9.jpg;https://ei.phncdn.com/videos/202608/12/58789325/original/(m=eaAaGwObaaamqv)(mh=a4ThgtBqZ8SH9fG3)10.jpg;https://ei.phncdn.com/videos/202608/12/58789325/original/(m=eaAaGwObaaamqv)(mh=a4ThgtBqZ8SH9fG3)11.jpg;https://ei.phncdn.com/videos/202608/12/58789325/original/(m=eaAaGwObaaamqv)(mh=a4ThgtBqZ8SH9fG3)12.jpg;https://ei.phncdn.com/videos/202608/12/58789325/original/(m=eaAaGwObaaamqv)(mh=a4ThgtBqZ8SH9fG3)13.jpg;https://ei.phncdn.com/videos/202608/12/58789325/original/(m=eaAaGwObaaamqv)(mh=a4ThgtBqZ8SH9fG3)14.jpg;https://ei.phncdn.com/videos/202608/12/58789325/original/(m=eaAaGwObaaamqv)(mh=a4ThgtBqZ8SH9fG3)15.jpg;https://ei.phncdn.com/videos/202608/12/58789325/original/(m=eaAaGwObaaamqv)(mh=a4ThgtBqZ8SH9fG3)16.jpg
