embed_html|thumbnail|thumbnail_sequence|title|tags|categories|performer|duration_seconds|views|source_metric_1|source_metric_2|thumbnail_large|thumbnail_sequence_large
<iframe src="https://www.pornhub.com/embed/ph593851cf597c6" frameborder="0" height="481" width="608" scrolling="no"></iframe>|https://ei.phncdn.com/videos/201706/07/119520791/original/(m=eaf8GgaaaWavb)(mh=qj0zPj3rbr5uWlFX)12.jpg|https://ei.phncdn.com/videos/201706/07/119520791/original/(m=eaf8GgaaaWavb)(mh=qj0zPj3rbr5uWlFX)1.jpg;https://ei.phncdn.com/videos/201706/07/119520791/original/(m=eaf8GgaaaWavb)(mh=qj0zPj3rbr5uWlFX)2.jpg;https://ei.phncdn.com/videos/201706/07/119520791/original/(m=eaf8GgaaaWavb)(mh=qj0zPj3rbr5uWlFX)3.jpg;https://ei.phncdn.com/videos/201706/07/119520791/original/(m=eaf8GgaaaWavb)(mh=qj0zPj3rbr5uWlFX)4.jpg;https://ei.phncdn.com/videos/201706/07/119520791/original/(m=eaf8GgaaaWavb)(mh=qj0zPj3rbr5uWlFX)5.jpg;https://ei.phncdn.com/videos/201706/07/119520791/original/(m=eaf8GgaaaWavb)(mh=qj0zPj3rbr5uWlFX)6.jpg;https://ei.phncdn.com/videos/201706/07/119520791/original/(m=eaf8GgaaaWavb)(mh=qj0zPj3rbr5uWlFX)7.jpg;https://ei.phncdn.com/videos/201706/07/119520791/original/(m=eaf8GgaaaWavb)(mh=qj0zPj3rbr5uWlFX)8.jpg;https://ei.phncdn.com/videos/201706/07/119520791/original/(m=eaf8GgaaaWavb)(mh=qj0zPj3rbr5uWlFX)9.jpg;https://ei.phncdn.com/videos/201706/07/119520791/original/(m=eaf8GgaaaWavb)(mh=qj0zPj3rbr5uWlFX)10.jpg;https://ei.phncdn.com/videos/201706/07/119520791/original/(m=eaf8GgaaaWavb)(mh=qj0zPj3rbr5uWlFX)11.jpg;https://ei.phncdn.com/videos/201706/07/119520791/original/(m=eaf8GgaaaWavb)(mh=qj0zPj3rbr5uWlFX)12.jpg;https://ei.phncdn.com/videos/201706/07/119520791/original/(m=eaf8GgaaaWavb)(mh=qj0zPj3rbr5uWlFX)13.jpg;https://ei.phncdn.com/videos/201706/07/119520791/original/(m=eaf8GgaaaWavb)(mh=qj0zPj3rbr5uWlFX)14.jpg;https://ei.phncdn.com/videos/201706/07/119520791/original/(m=eaf8GgaaaWavb)(mh=qj0zPj3rbr5uWlFX)15.jpg;https://ei.phncdn.com/videos/201706/07/119520791/original/(m=eaf8GgaaaWavb)(mh=qj0zPj3rbr5uWlFX)16.jpg|вадлр|адлм;вамт|Brazilian||234|2502|8|5|https://ei.phncdn.com/videos/201706/07/119520791/original/(m=eaAaGwObaaamqv)(mh=5cJtJ8q4gdLVBWIr)12.jpg|https://ei.phncdn.com/videos/201706/07/119520791/original/(m=eaAaGwObaaamqv)(mh=5cJtJ8q4gdLVBWIr)1.jpg;https://ei.phncdn.com/videos/201706/07/119520791/original/(m=eaAaGwObaaamqv)(mh=5cJtJ8q4gdLVBWIr)2.jpg;https://ei.phncdn.com/videos/201706/07/119520791/original/(m=eaAaGwObaaamqv)(mh=5cJtJ8q4gdLVBWIr)3.jpg;https://ei.phncdn.com/videos/201706/07/119520791/original/(m=eaAaGwObaaamqv)(mh=5cJtJ8q4gdLVBWIr)4.jpg;https://ei.phncdn.com/videos/201706/07/119520791/original/(m=eaAaGwObaaamqv)(mh=5cJtJ8q4gdLVBWIr)5.jpg;https://ei.phncdn.com/videos/201706/07/119520791/original/(m=eaAaGwObaaamqv)(mh=5cJtJ8q4gdLVBWIr)6.jpg;https://ei.phncdn.com/videos/201706/07/119520791/original/(m=eaAaGwObaaamqv)(mh=5cJtJ8q4gdLVBWIr)7.jpg;https://ei.phncdn.com/videos/201706/07/119520791/original/(m=eaAaGwObaaamqv)(mh=5cJtJ8q4gdLVBWIr)8.jpg;https://ei.phncdn.com/videos/201706/07/119520791/original/(m=eaAaGwObaaamqv)(mh=5cJtJ8q4gdLVBWIr)9.jpg;https://ei.phncdn.com/videos/201706/07/119520791/original/(m=eaAaGwObaaamqv)(mh=5cJtJ8q4gdLVBWIr)10.jpg;https://ei.phncdn.com/videos/201706/07/119520791/original/(m=eaAaGwObaaamqv)(mh=5cJtJ8q4gdLVBWIr)11.jpg;https://ei.phncdn.com/videos/201706/07/119520791/original/(m=eaAaGwObaaamqv)(mh=5cJtJ8q4gdLVBWIr)12.jpg;https://ei.phncdn.com/videos/201706/07/119520791/original/(m=eaAaGwObaaamqv)(mh=5cJtJ8q4gdLVBWIr)13.jpg;https://ei.phncdn.com/videos/201706/07/119520791/original/(m=eaAaGwObaaamqv)(mh=5cJtJ8q4gdLVBWIr)14.jpg;https://ei.phncdn.com/videos/201706/07/119520791/original/(m=eaAaGwObaaamqv)(mh=5cJtJ8q4gdLVBWIr)15.jpg;https://ei.phncdn.com/videos/201706/07/119520791/original/(m=eaAaGwObaaamqv)(mh=5cJtJ8q4gdLVBWIr)16.jpg
<iframe src="https://www.pornhub.com/embed/ph593851cf743eb" frameborder="0" height="481" width="608" scrolling="no"></iframe>|https://ei.phncdn.com/videos/201706/07/119520831/original/(m=eaf8GgaaaWavb)(mh=UPwJTokDiChhMm6L)12.jpg|https://ei.phncdn.com/videos/201706/07/119520831/original/(m=eaf8GgaaaWavb)(mh=UPwJTokDiChhMm6L)1.jpg;https://ei.phncdn.com/videos/201706/07/119520831/original/(m=eaf8GgaaaWavb)(mh=UPwJTokDiChhMm6L)2.jpg;https://ei.phncdn.com/videos/201706/07/119520831/original/(m=eaf8GgaaaWavb)(mh=UPwJTokDiChhMm6L)3.jpg;https://ei.phncdn.com/videos/201706/07/119520831/original/(m=eaf8GgaaaWavb)(mh=UPwJTokDiChhMm6L)4.jpg;https://ei.phncdn.com/videos/201706/07/119520831/original/(m=eaf8GgaaaWavb)(mh=UPwJTokDiChhMm6L)5.jpg;https://ei.phncdn.com/videos/201706/07/119520831/original/(m=eaf8GgaaaWavb)(mh=UPwJTokDiChhMm6L)6.jpg;https://ei.phncdn.com/videos/201706/07/119520831/original/(m=eaf8GgaaaWavb)(mh=UPwJTokDiChhMm6L)7.jpg;https://ei.phncdn.com/videos/201706/07/119520831/original/(m=eaf8GgaaaWavb)(mh=UPwJTokDiChhMm6L)8.jpg;https://ei.phncdn.com/videos/201706/07/119520831/original/(m=eaf8GgaaaWavb)(mh=UPwJTokDiChhMm6L)9.jpg;https://ei.phncdn.com/videos/201706/07/119520831/original/(m=eaf8GgaaaWavb)(mh=UPwJTokDiChhMm6L)10.jpg;https://ei.phncdn.com/videos/201706/07/119520831/original/(m=eaf8GgaaaWavb)(mh=UPwJTokDiChhMm6L)11.jpg;https://ei.phncdn.com/videos/201706/07/119520831/original/(m=eaf8GgaaaWavb)(mh=UPwJTokDiChhMm6L)12.jpg;https://ei.phncdn.com/videos/201706/07/119520831/original/(m=eaf8GgaaaWavb)(mh=UPwJTokDiChhMm6L)13.jpg;https://ei.phncdn.com/videos/201706/07/119520831/original/(m=eaf8GgaaaWavb)(mh=UPwJTokDiChhMm6L)14.jpg;https://ei.phncdn.com/videos/201706/07/119520831/original/(m=eaf8GgaaaWavb)(mh=UPwJTokDiChhMm6L)15.jpg;https://ei.phncdn.com/videos/201706/07/119520831/original/(m=eaf8GgaaaWavb)(mh=UPwJTokDiChhMm6L)16.jpg|длоам|вжадм;валрм|Brazilian||181|4950|16|0|https://ei.phncdn.com/videos/201706/07/119520831/original/(m=eaAaGwObaaamqv)(mh=e72CUJJZ4guJM339)12.jpg|https://ei.phncdn.com/videos/201706/07/119520831/original/(m=eaAaGwObaaamqv)(mh=e72CUJJZ4guJM339)1.jpg;https://ei.phncdn.com/videos/201706/07/119520831/original/(m=eaAaGwObaaamqv)(mh=e72CUJJZ4guJM339)2.jpg;https://ei.phncdn.com/videos/201706/07/119520831/original/(m=eaAaGwObaaamqv)(mh=e72CUJJZ4guJM339)3.jpg;https://ei.phncdn.com/videos/201706/07/119520831/original/(m=eaAaGwObaaamqv)(mh=e72CUJJZ4guJM339)4.jpg;https://ei.phncdn.com/videos/201706/07/119520831/original/(m=eaAaGwObaaamqv)(mh=e72CUJJZ4guJM339)5.jpg;https://ei.phncdn.com/videos/201706/07/119520831/original/(m=eaAaGwObaaamqv)(mh=e72CUJJZ4guJM339)6.jpg;https://ei.phncdn.com/videos/201706/07/119520831/original/(m=eaAaGwObaaamqv)(mh=e72CUJJZ4guJM339)7.jpg;https://ei.phncdn.com/videos/201706/07/119520831/original/(m=eaAaGwObaaamqv)(mh=e72CUJJZ4guJM339)8.jpg;https://ei.phncdn.com/videos/201706/07/119520831/original/(m=eaAaGwObaaamqv)(mh=e72CUJJZ4guJM339)9.jpg;https://ei.phncdn.com/videos/201706/07/119520831/original/(m=eaAaGwObaaamqv)(mh=e72CUJJZ4guJM339)10.jpg;https://ei.phncdn.com/videos/201706/07/119520831/original/(m=eaAaGwObaaamqv)(mh=e72CUJJZ4guJM339)11.jpg;https://ei.phncdn.com/videos/201706/07/119520831/original/(m=eaAaGwObaaamqv)(mh=e72CUJJZ4guJM339)12.jpg;https://ei.phncdn.com/videos/201706/07/119520831/original/(m=eaAaGwObaaamqv)(mh=e72CUJJZ4guJM339)13.jpg;https://ei.phncdn.com/videos/201706/07/119520831/original/(m=eaAaGwObaaamqv)(mh=e72CUJJZ4guJM339)14.jpg;https://ei.phncdn.com/videos/201706/07/119520831/original/(m=eaAaGwObaaamqv)(mh=e72CUJJZ4guJM339)15.jpg;https://ei.phncdn.com/videos/201706/07/119520831/original/(m=eaAaGwObaaamqv)(mh=e72CUJJZ4guJM339)16.jpg
<iframe src="https://www.pornhub.com/embed/ph5ccdd4112bedd" frameborder="0" height="481" width="608" scrolling="no"></iframe>|https://ei.phncdn.com/videos/201905/04/221830151/original/(m=eaf8GgaaaWavb)(mh=6RmDbSpFlTVNAFx8)11.jpg|https://ei.phncdn.com/videos/201905/04/221830151/original/(m=eaf8GgaaaWavb)(mh=6RmDbSpFlTVNAFx8)1.jpg;https://ei.phncdn.com/videos/201905/04/221830151/original/(m=eaf8GgaaaWavb)(mh=6RmDbSpFlTVNAFx8)2.jpg;https://ei.phncdn.com/videos/201905/04/221830151/original/(m=eaf8GgaaaWavb)(mh=6RmDbSpFlTVNAFx8)3.jpg;https://ei.phncdn.com/videos/201905/04/221830151/original/(m=eaf8GgaaaWavb)(mh=6RmDbSpFlTVNAFx8)4.jpg;https://ei.phncdn.com/videos/201905/04/221830151/original/(m=eaf8GgaaaWavb)(mh=6RmDbSpFlTVNAFx8)5.jpg;https://ei.phncdn.com/videos/201905/04/221830151/original/(m=eaf8GgaaaWavb)(mh=6RmDbSpFlTVNAFx8)6.jpg;https://ei.phncdn.com/videos/201905/04/221830151/original/(m=eaf8GgaaaWavb)(mh=6RmDbSpFlTVNAFx8)7.jpg;https://ei.phncdn.com/videos/201905/04/221830151/original/(m=eaf8GgaaaWavb)(mh=6RmDbSpFlTVNAFx8)8.jpg;https://ei.phncdn.com/videos/201905/04/221830151/original/(m=eaf8GgaaaWavb)(mh=6RmDbSpFlTVNAFx8)9.jpg;https://ei.phncdn.com/videos/201905/04/221830151/original/(m=eaf8GgaaaWavb)(mh=6RmDbSpFlTVNAFx8)10.jpg;https://ei.phncdn.com/videos/201905/04/221830151/original/(m=eaf8GgaaaWavb)(mh=6RmDbSpFlTVNAFx8)11.jpg;https://ei.phncdn.com/videos/201905/04/221830151/original/(m=eaf8GgaaaWavb)(mh=6RmDbSpFlTVNAFx8)12.jpg;https://ei.phncdn.com/videos/201905/04/221830151/original/(m=eaf8GgaaaWavb)(mh=6RmDbSpFlTVNAFx8)13.jpg;https://ei.phncdn.com/videos/201905/04/221830151/original/(m=eaf8GgaaaWavb)(mh=6RmDbSpFlTVNAFx8)14.jpg;https://ei.phncdn.com/videos/201905/04/221830151/original/(m=eaf8GgaaaWavb)(mh=6RmDbSpFlTVNAFx8)15.jpg;https://ei.phncdn.com/videos/201905/04/221830151/original/(m=eaf8GgaaaWavb)(mh=6RmDbSpFlTVNAFx8)16.jpg|audap's Our World Is Ended Switch P9|video-game;gaming;our-world-is-ended;visual-novel|Brazilian||2748|170|1|0|https://ei.phncdn.com/videos/201905/04/221830151/original/(m=eaAaGwObaaamqv)(mh=6uaJ4E57Toyou4-y)11.jpg|https://ei.phncdn.com/videos/201905/04/221830151/original/(m=eaAaGwObaaamqv)(mh=6uaJ4E57Toyou4-y)1.jpg;https://ei.phncdn.com/videos/201905/04/221830151/original/(m=eaAaGwObaaamqv)(mh=6uaJ4E57Toyou4-y)2.jpg;https://ei.phncdn.com/videos/201905/04/221830151/original/(m=eaAaGwObaaamqv)(mh=6uaJ4E57Toyou4-y)3.jpg;https://ei.phncdn.com/videos/201905/04/221830151/original/(m=eaAaGwObaaamqv)(mh=6uaJ4E57Toyou4-y)4.jpg;https://ei.phncdn.com/videos/201905/04/221830151/original/(m=eaAaGwObaaamqv)(mh=6uaJ4E57Toyou4-y)5.jpg;https://ei.phncdn.com/videos/201905/04/221830151/original/(m=eaAaGwObaaamqv)(mh=6uaJ4E57Toyou4-y)6.jpg;https://ei.phncdn.com/videos/201905/04/221830151/original/(m=eaAaGwObaaamqv)(mh=6uaJ4E57Toyou4-y)7.jpg;https://ei.phncdn.com/videos/201905/04/221830151/original/(m=eaAaGwObaaamqv)(mh=6uaJ4E57Toyou4-y)8.jpg;https://ei.phncdn.com/videos/201905/04/221830151/original/(m=eaAaGwObaaamqv)(mh=6uaJ4E57Toyou4-y)9.jpg;https://ei.phncdn.com/videos/201905/04/221830151/original/(m=eaAaGwObaaamqv)(mh=6uaJ4E57Toyou4-y)10.jpg;https://ei.phncdn.com/videos/201905/04/221830151/original/(m=eaAaGwObaaamqv)(mh=6uaJ4E57Toyou4-y)11.jpg;https://ei.phncdn.com/videos/201905/04/221830151/original/(m=eaAaGwObaaamqv)(mh=6uaJ4E57Toyou4-y)12.jpg;https://ei.phncdn.com/videos/201905/04/221830151/original/(m=eaAaGwObaaamqv)(mh=6uaJ4E57Toyou4-y)13.jpg;https://ei.phncdn.com/videos/201905/04/221830151/original/(m=eaAaGwObaaamqv)(mh=6uaJ4E57Toyou4-y)14.jpg;https://ei.phncdn.com/videos/201905/04/221830151/original/(m=eaAaGwObaaamqv)(mh=6uaJ4E57Toyou4-y)15.jpg;https://ei.phncdn.com/videos/201905/04/221830151/original/(m=eaAaGwObaaamqv)(mh=6uaJ4E57Toyou4-y)16.jpg
<iframe src="https://www.pornhub.com/embed/ph5d27aa4d005cd" frameborder="0" height="481" width="608" scrolling="no"></iframe>|https://ei.phncdn.com/videos/201907/11/234736221/original/(m=eaf8GgaaaWavb)(mh=em4mJoPnXgzKrgTn)8.jpg|https://ei.phncdn.com/videos/201907/11/234736221/original/(m=eaf8GgaaaWavb)(mh=em4mJoPnXgzKrgTn)1.jpg;https://ei.phncdn.com/videos/201907/11/234736221/original/(m=eaf8GgaaaWavb)(mh=em4mJoPnXgzKrgTn)2.jpg;https://ei.phncdn.com/videos/201907/11/234736221/original/(m=eaf8GgaaaWavb)(mh=em4mJoPnXgzKrgTn)3.jpg;https://ei.phncdn.com/videos/201907/11/234736221/original/(m=eaf8GgaaaWavb)(mh=em4mJoPnXgzKrgTn)4.jpg;https://ei.phncdn.com/videos/201907/11/234736221/original/(m=eaf8GgaaaWavb)(mh=em4mJoPnXgzKrgTn)5.jpg;https://ei.phncdn.com/videos/201907/11/234736221/original/(m=eaf8GgaaaWavb)(mh=em4mJoPnXgzKrgTn)6.jpg;https://ei.phncdn.com/videos/201907/11/234736221/original/(m=eaf8GgaaaWavb)(mh=em4mJoPnXgzKrgTn)7.jpg;https://ei.phncdn.com/videos/201907/11/234736221/original/(m=eaf8GgaaaWavb)(mh=em4mJoPnXgzKrgTn)8.jpg;https://ei.phncdn.com/videos/201907/11/234736221/original/(m=eaf8GgaaaWavb)(mh=em4mJoPnXgzKrgTn)9.jpg;https://ei.phncdn.com/videos/201907/11/234736221/original/(m=eaf8GgaaaWavb)(mh=em4mJoPnXgzKrgTn)10.jpg;https://ei.phncdn.com/videos/201907/11/234736221/original/(m=eaf8GgaaaWavb)(mh=em4mJoPnXgzKrgTn)11.jpg;https://ei.phncdn.com/videos/201907/11/234736221/original/(m=eaf8GgaaaWavb)(mh=em4mJoPnXgzKrgTn)12.jpg;https://ei.phncdn.com/videos/201907/11/234736221/original/(m=eaf8GgaaaWavb)(mh=em4mJoPnXgzKrgTn)13.jpg;https://ei.phncdn.com/videos/201907/11/234736221/original/(m=eaf8GgaaaWavb)(mh=em4mJoPnXgzKrgTn)14.jpg;https://ei.phncdn.com/videos/201907/11/234736221/original/(m=eaf8GgaaaWavb)(mh=em4mJoPnXgzKrgTn)15.jpg;https://ei.phncdn.com/videos/201907/11/234736221/original/(m=eaf8GgaaaWavb)(mh=em4mJoPnXgzKrgTn)16.jpg|Débora Fantine tequileira do Funk dando Surra de Bunda|tequileiras-do-funk;debora-fantine;funkeira;dancarina;gostosa;dancando-funk;brasileira|Brazilian;Exclusive;Music;Verified Amateurs;Solo Female||49|14906|69|21|https://ei.phncdn.com/videos/201907/11/234736221/original/(m=eaAaGwObaaamqv)(mh=2rNTbHcDa6w3wE3B)8.jpg|https://ei.phncdn.com/videos/201907/11/234736221/original/(m=eaAaGwObaaamqv)(mh=2rNTbHcDa6w3wE3B)1.jpg;https://ei.phncdn.com/videos/201907/11/234736221/original/(m=eaAaGwObaaamqv)(mh=2rNTbHcDa6w3wE3B)2.jpg;https://ei.phncdn.com/videos/201907/11/234736221/original/(m=eaAaGwObaaamqv)(mh=2rNTbHcDa6w3wE3B)3.jpg;https://ei.phncdn.com/videos/201907/11/234736221/original/(m=eaAaGwObaaamqv)(mh=2rNTbHcDa6w3wE3B)4.jpg;https://ei.phncdn.com/videos/201907/11/234736221/original/(m=eaAaGwObaaamqv)(mh=2rNTbHcDa6w3wE3B)5.jpg;https://ei.phncdn.com/videos/201907/11/234736221/original/(m=eaAaGwObaaamqv)(mh=2rNTbHcDa6w3wE3B)6.jpg;https://ei.phncdn.com/videos/201907/11/234736221/original/(m=eaAaGwObaaamqv)(mh=2rNTbHcDa6w3wE3B)7.jpg;https://ei.phncdn.com/videos/201907/11/234736221/original/(m=eaAaGwObaaamqv)(mh=2rNTbHcDa6w3wE3B)8.jpg;https://ei.phncdn.com/videos/201907/11/234736221/original/(m=eaAaGwObaaamqv)(mh=2rNTbHcDa6w3wE3B)9.jpg;https://ei.phncdn.com/videos/201907/11/234736221/original/(m=eaAaGwObaaamqv)(mh=2rNTbHcDa6w3wE3B)10.jpg;https://ei.phncdn.com/videos/201907/11/234736221/original/(m=eaAaGwObaaamqv)(mh=2rNTbHcDa6w3wE3B)11.jpg;https://ei.phncdn.com/videos/201907/11/234736221/original/(m=eaAaGwObaaamqv)(mh=2rNTbHcDa6w3wE3B)12.jpg;https://ei.phncdn.com/videos/201907/11/234736221/original/(m=eaAaGwObaaamqv)(mh=2rNTbHcDa6w3wE3B)13.jpg;https://ei.phncdn.com/videos/201907/11/234736221/original/(m=eaAaGwObaaamqv)(mh=2rNTbHcDa6w3wE3B)14.jpg;https://ei.phncdn.com/videos/201907/11/234736221/original/(m=eaAaGwObaaamqv)(mh=2rNTbHcDa6w3wE3B)15.jpg;https://ei.phncdn.com/videos/201907/11/234736221/original/(m=eaAaGwObaaamqv)(mh=2rNTbHcDa6w3wE3B)16.jpg
<iframe src="https://www.pornhub.com/embed/5d334d001b645" frameborder="0" height="481" width="608" scrolling="no"></iframe>|https://ei.phncdn.com/videos/201907/20/236576781/original/(m=eaf8GgaaaWavb)(mh=ehUPXSmGggl8tesK)14.jpg|https://ei.phncdn.com/videos/201907/20/236576781/original/(m=eaf8GgaaaWavb)(mh=ehUPXSmGggl8tesK)1.jpg;https://ei.phncdn.com/videos/201907/20/236576781/original/(m=eaf8GgaaaWavb)(mh=ehUPXSmGggl8tesK)2.jpg;https://ei.phncdn.com/videos/201907/20/236576781/original/(m=eaf8GgaaaWavb)(mh=ehUPXSmGggl8tesK)3.jpg;https://ei.phncdn.com/videos/201907/20/236576781/original/(m=eaf8GgaaaWavb)(mh=ehUPXSmGggl8tesK)4.jpg;https://ei.phncdn.com/videos/201907/20/236576781/original/(m=eaf8GgaaaWavb)(mh=ehUPXSmGggl8tesK)5.jpg;https://ei.phncdn.com/videos/201907/20/236576781/original/(m=eaf8GgaaaWavb)(mh=ehUPXSmGggl8tesK)6.jpg;https://ei.phncdn.com/videos/201907/20/236576781/original/(m=eaf8GgaaaWavb)(mh=ehUPXSmGggl8tesK)7.jpg;https://ei.phncdn.com/videos/201907/20/236576781/original/(m=eaf8GgaaaWavb)(mh=ehUPXSmGggl8tesK)8.jpg;https://ei.phncdn.com/videos/201907/20/236576781/original/(m=eaf8GgaaaWavb)(mh=ehUPXSmGggl8tesK)9.jpg;https://ei.phncdn.com/videos/201907/20/236576781/original/(m=eaf8GgaaaWavb)(mh=ehUPXSmGggl8tesK)10.jpg;https://ei.phncdn.com/videos/201907/20/236576781/original/(m=eaf8GgaaaWavb)(mh=ehUPXSmGggl8tesK)11.jpg;https://ei.phncdn.com/videos/201907/20/236576781/original/(m=eaf8GgaaaWavb)(mh=ehUPXSmGggl8tesK)12.jpg;https://ei.phncdn.com/videos/201907/20/236576781/original/(m=eaf8GgaaaWavb)(mh=ehUPXSmGggl8tesK)13.jpg;https://ei.phncdn.com/videos/201907/20/236576781/original/(m=eaf8GgaaaWavb)(mh=ehUPXSmGggl8tesK)14.jpg;https://ei.phncdn.com/videos/201907/20/236576781/original/(m=eaf8GgaaaWavb)(mh=ehUPXSmGggl8tesK)15.jpg;https://ei.phncdn.com/videos/201907/20/236576781/original/(m=eaf8GgaaaWavb)(mh=ehUPXSmGggl8tesK)16.jpg|Ass shaking virgin|ass;virgin|Brazilian;Exclusive;Verified Amateurs;Solo Female||114|9|1|0|https://ei.phncdn.com/videos/201907/20/236576781/original/(m=eaAaGwObaaamqv)(mh=xGAppz0V5-F6qg63)14.jpg|https://ei.phncdn.com/videos/201907/20/236576781/original/(m=eaAaGwObaaamqv)(mh=xGAppz0V5-F6qg63)1.jpg;https://ei.phncdn.com/videos/201907/20/236576781/original/(m=eaAaGwObaaamqv)(mh=xGAppz0V5-F6qg63)2.jpg;https://ei.phncdn.com/videos/201907/20/236576781/original/(m=eaAaGwObaaamqv)(mh=xGAppz0V5-F6qg63)3.jpg;https://ei.phncdn.com/videos/201907/20/236576781/original/(m=eaAaGwObaaamqv)(mh=xGAppz0V5-F6qg63)4.jpg;https://ei.phncdn.com/videos/201907/20/236576781/original/(m=eaAaGwObaaamqv)(mh=xGAppz0V5-F6qg63)5.jpg;https://ei.phncdn.com/videos/201907/20/236576781/original/(m=eaAaGwObaaamqv)(mh=xGAppz0V5-F6qg63)6.jpg;https://ei.phncdn.com/videos/201907/20/236576781/original/(m=eaAaGwObaaamqv)(mh=xGAppz0V5-F6qg63)7.jpg;https://ei.phncdn.com/videos/201907/20/236576781/original/(m=eaAaGwObaaamqv)(mh=xGAppz0V5-F6qg63)8.jpg;https://ei.phncdn.com/videos/201907/20/236576781/original/(m=eaAaGwObaaamqv)(mh=xGAppz0V5-F6qg63)9.jpg;https://ei.phncdn.com/videos/201907/20/236576781/original/(m=eaAaGwObaaamqv)(mh=xGAppz0V5-F6qg63)10.jpg;https://ei.phncdn.com/videos/201907/20/236576781/original/(m=eaAaGwObaaamqv)(mh=xGAppz0V5-F6qg63)11.jpg;https://ei.phncdn.com/videos/201907/20/236576781/original/(m=eaAaGwObaaamqv)(mh=xGAppz0V5-F6qg63)12.jpg;https://ei.phncdn.com/videos/201907/20/236576781/original/(m=eaAaGwObaaamqv)(mh=xGAppz0V5-F6qg63)13.jpg;https://ei.phncdn.com/videos/201907/20/236576781/original/(m=eaAaGwObaaamqv)(mh=xGAppz0V5-F6qg63)14.jpg;https://ei.phncdn.com/videos/201907/20/236576781/original/(m=eaAaGwObaaamqv)(mh=xGAppz0V5-F6qg63)15.jpg;https://ei.phncdn.com/videos/201907/20/236576781/original/(m=eaAaGwObaaamqv)(mh=xGAppz0V5-F6qg63)16.jpg
<iframe src="https://www.pornhub.com/embed/ph5e4f600852387" frameborder="0" height="481" width="608" scrolling="no"></iframe>|https://ei.phncdn.com/videos/202002/21/286399212/original/(m=eaf8GgaaaWavb)(mh=49HMIJKZwSu0qH1Q)16.jpg|https://ei.phncdn.com/videos/202002/21/286399212/original/(m=eaf8GgaaaWavb)(mh=49HMIJKZwSu0qH1Q)1.jpg;https://ei.phncdn.com/videos/202002/21/286399212/original/(m=eaf8GgaaaWavb)(mh=49HMIJKZwSu0qH1Q)2.jpg;https://ei.phncdn.com/videos/202002/21/286399212/original/(m=eaf8GgaaaWavb)(mh=49HMIJKZwSu0qH1Q)3.jpg;https://ei.phncdn.com/videos/202002/21/286399212/original/(m=eaf8GgaaaWavb)(mh=49HMIJKZwSu0qH1Q)4.jpg;https://ei.phncdn.com/videos/202002/21/286399212/original/(m=eaf8GgaaaWavb)(mh=49HMIJKZwSu0qH1Q)5.jpg;https://ei.phncdn.com/videos/202002/21/286399212/original/(m=eaf8GgaaaWavb)(mh=49HMIJKZwSu0qH1Q)6.jpg;https://ei.phncdn.com/videos/202002/21/286399212/original/(m=eaf8GgaaaWavb)(mh=49HMIJKZwSu0qH1Q)7.jpg;https://ei.phncdn.com/videos/202002/21/286399212/original/(m=eaf8GgaaaWavb)(mh=49HMIJKZwSu0qH1Q)8.jpg;https://ei.phncdn.com/videos/202002/21/286399212/original/(m=eaf8GgaaaWavb)(mh=49HMIJKZwSu0qH1Q)9.jpg;https://ei.phncdn.com/videos/202002/21/286399212/original/(m=eaf8GgaaaWavb)(mh=49HMIJKZwSu0qH1Q)10.jpg;https://ei.phncdn.com/videos/202002/21/286399212/original/(m=eaf8GgaaaWavb)(mh=49HMIJKZwSu0qH1Q)11.jpg;https://ei.phncdn.com/videos/202002/21/286399212/original/(m=eaf8GgaaaWavb)(mh=49HMIJKZwSu0qH1Q)12.jpg;https://ei.phncdn.com/videos/202002/21/286399212/original/(m=eaf8GgaaaWavb)(mh=49HMIJKZwSu0qH1Q)13.jpg;https://ei.phncdn.com/videos/202002/21/286399212/original/(m=eaf8GgaaaWavb)(mh=49HMIJKZwSu0qH1Q)14.jpg;https://ei.phncdn.com/videos/202002/21/286399212/original/(m=eaf8GgaaaWavb)(mh=49HMIJKZwSu0qH1Q)15.jpg;https://ei.phncdn.com/videos/202002/21/286399212/original/(m=eaf8GgaaaWavb)(mh=49HMIJKZwSu0qH1Q)16.jpg|tici_feet @tici_feet Eating a toy giantess style (preview)|kink;feet;foot;ticifeet;pe;pés;pie;pies;dedo;dedos;dedinho;dedinhos;pezinho;pezinhos|Brazilian;Verified Amateurs;Solo Female||21|270|3|1|https://ei.phncdn.com/videos/202002/21/286399212/original/(m=eaAaGwObaaamqv)(mh=yBNmCY2bLxUM0Osl)16.jpg|https://ei.phncdn.com/videos/202002/21/286399212/original/(m=eaAaGwObaaamqv)(mh=yBNmCY2bLxUM0Osl)1.jpg;https://ei.phncdn.com/videos/202002/21/286399212/original/(m=eaAaGwObaaamqv)(mh=yBNmCY2bLxUM0Osl)2.jpg;https://ei.phncdn.com/videos/202002/21/286399212/original/(m=eaAaGwObaaamqv)(mh=yBNmCY2bLxUM0Osl)3.jpg;https://ei.phncdn.com/videos/202002/21/286399212/original/(m=eaAaGwObaaamqv)(mh=yBNmCY2bLxUM0Osl)4.jpg;https://ei.phncdn.com/videos/202002/21/286399212/original/(m=eaAaGwObaaamqv)(mh=yBNmCY2bLxUM0Osl)5.jpg;https://ei.phncdn.com/videos/202002/21/286399212/original/(m=eaAaGwObaaamqv)(mh=yBNmCY2bLxUM0Osl)6.jpg;https://ei.phncdn.com/videos/202002/21/286399212/original/(m=eaAaGwObaaamqv)(mh=yBNmCY2bLxUM0Osl)7.jpg;https://ei.phncdn.com/videos/202002/21/286399212/original/(m=eaAaGwObaaamqv)(mh=yBNmCY2bLxUM0Osl)8.jpg;https://ei.phncdn.com/videos/202002/21/286399212/original/(m=eaAaGwObaaamqv)(mh=yBNmCY2bLxUM0Osl)9.jpg;https://ei.phncdn.com/videos/202002/21/286399212/original/(m=eaAaGwObaaamqv)(mh=yBNmCY2bLxUM0Osl)10.jpg;https://ei.phncdn.com/videos/202002/21/286399212/original/(m=eaAaGwObaaamqv)(mh=yBNmCY2bLxUM0Osl)11.jpg;https://ei.phncdn.com/videos/202002/21/286399212/original/(m=eaAaGwObaaamqv)(mh=yBNmCY2bLxUM0Osl)12.jpg;https://ei.phncdn.com/videos/202002/21/286399212/original/(m=eaAaGwObaaamqv)(mh=yBNmCY2bLxUM0Osl)13.jpg;https://ei.phncdn.com/videos/202002/21/286399212/original/(m=eaAaGwObaaamqv)(mh=yBNmCY2bLxUM0Osl)14.jpg;https://ei.phncdn.com/videos/202002/21/286399212/original/(m=eaAaGwObaaamqv)(mh=yBNmCY2bLxUM0Osl)15.jpg;https://ei.phncdn.com/videos/202002/21/286399212/original/(m=eaAaGwObaaamqv)(mh=yBNmCY2bLxUM0Osl)16.jpg
<iframe src="https://www.pornhub.com/embed/ph5e53f300c42df" frameborder="0" height="481" width="608" scrolling="no"></iframe>|https://ei.phncdn.com/videos/202002/24/287362732/original/(m=eaf8GgaaaWavb)(mh=7AD4YzRHxPALi8qJ)7.jpg|https://ei.phncdn.com/videos/202002/24/287362732/original/(m=eaf8GgaaaWavb)(mh=7AD4YzRHxPALi8qJ)1.jpg;https://ei.phncdn.com/videos/202002/24/287362732/original/(m=eaf8GgaaaWavb)(mh=7AD4YzRHxPALi8qJ)2.jpg;https://ei.phncdn.com/videos/202002/24/287362732/original/(m=eaf8GgaaaWavb)(mh=7AD4YzRHxPALi8qJ)3.jpg;https://ei.phncdn.com/videos/202002/24/287362732/original/(m=eaf8GgaaaWavb)(mh=7AD4YzRHxPALi8qJ)4.jpg;https://ei.phncdn.com/videos/202002/24/287362732/original/(m=eaf8GgaaaWavb)(mh=7AD4YzRHxPALi8qJ)5.jpg;https://ei.phncdn.com/videos/202002/24/287362732/original/(m=eaf8GgaaaWavb)(mh=7AD4YzRHxPALi8qJ)6.jpg;https://ei.phncdn.com/videos/202002/24/287362732/original/(m=eaf8GgaaaWavb)(mh=7AD4YzRHxPALi8qJ)7.jpg;https://ei.phncdn.com/videos/202002/24/287362732/original/(m=eaf8GgaaaWavb)(mh=7AD4YzRHxPALi8qJ)8.jpg;https://ei.phncdn.com/videos/202002/24/287362732/original/(m=eaf8GgaaaWavb)(mh=7AD4YzRHxPALi8qJ)9.jpg;https://ei.phncdn.com/videos/202002/24/287362732/original/(m=eaf8GgaaaWavb)(mh=7AD4YzRHxPALi8qJ)10.jpg;https://ei.phncdn.com/videos/202002/24/287362732/original/(m=eaf8GgaaaWavb)(mh=7AD4YzRHxPALi8qJ)11.jpg;https://ei.phncdn.com/videos/202002/24/287362732/original/(m=eaf8GgaaaWavb)(mh=7AD4YzRHxPALi8qJ)12.jpg;https://ei.phncdn.com/videos/202002/24/287362732/original/(m=eaf8GgaaaWavb)(mh=7AD4YzRHxPALi8qJ)13.jpg;https://ei.phncdn.com/videos/202002/24/287362732/original/(m=eaf8GgaaaWavb)(mh=7AD4YzRHxPALi8qJ)14.jpg;https://ei.phncdn.com/videos/202002/24/287362732/original/(m=eaf8GgaaaWavb)(mh=7AD4YzRHxPALi8qJ)15.jpg;https://ei.phncdn.com/videos/202002/24/287362732/original/(m=eaf8GgaaaWavb)(mh=7AD4YzRHxPALi8qJ)16.jpg|tici_feet tici feet @tici_feet taking off my sandal - slideshow|kink;feet;foot;pe;pés;dedos;sandal;shoes;toenails;unha;soles;high-heels|Brazilian;Verified Amateurs;Solo Female||30|111|||https://ei.phncdn.com/videos/202002/24/287362732/original/(m=eaAaGwObaaamqv)(mh=YMSXKKu7lY3ULNLs)7.jpg|https://ei.phncdn.com/videos/202002/24/287362732/original/(m=eaAaGwObaaamqv)(mh=YMSXKKu7lY3ULNLs)1.jpg;https://ei.phncdn.com/videos/202002/24/287362732/original/(m=eaAaGwObaaamqv)(mh=YMSXKKu7lY3ULNLs)2.jpg;https://ei.phncdn.com/videos/202002/24/287362732/original/(m=eaAaGwObaaamqv)(mh=YMSXKKu7lY3ULNLs)3.jpg;https://ei.phncdn.com/videos/202002/24/287362732/original/(m=eaAaGwObaaamqv)(mh=YMSXKKu7lY3ULNLs)4.jpg;https://ei.phncdn.com/videos/202002/24/287362732/original/(m=eaAaGwObaaamqv)(mh=YMSXKKu7lY3ULNLs)5.jpg;https://ei.phncdn.com/videos/202002/24/287362732/original/(m=eaAaGwObaaamqv)(mh=YMSXKKu7lY3ULNLs)6.jpg;https://ei.phncdn.com/videos/202002/24/287362732/original/(m=eaAaGwObaaamqv)(mh=YMSXKKu7lY3ULNLs)7.jpg;https://ei.phncdn.com/videos/202002/24/287362732/original/(m=eaAaGwObaaamqv)(mh=YMSXKKu7lY3ULNLs)8.jpg;https://ei.phncdn.com/videos/202002/24/287362732/original/(m=eaAaGwObaaamqv)(mh=YMSXKKu7lY3ULNLs)9.jpg;https://ei.phncdn.com/videos/202002/24/287362732/original/(m=eaAaGwObaaamqv)(mh=YMSXKKu7lY3ULNLs)10.jpg;https://ei.phncdn.com/videos/202002/24/287362732/original/(m=eaAaGwObaaamqv)(mh=YMSXKKu7lY3ULNLs)11.jpg;https://ei.phncdn.com/videos/202002/24/287362732/original/(m=eaAaGwObaaamqv)(mh=YMSXKKu7lY3ULNLs)12.jpg;https://ei.phncdn.com/videos/202002/24/287362732/original/(m=eaAaGwObaaamqv)(mh=YMSXKKu7lY3ULNLs)13.jpg;https://ei.phncdn.com/videos/202002/24/287362732/original/(m=eaAaGwObaaamqv)(mh=YMSXKKu7lY3ULNLs)14.jpg;https://ei.phncdn.com/videos/202002/24/287362732/original/(m=eaAaGwObaaamqv)(mh=YMSXKKu7lY3ULNLs)15.jpg;https://ei.phncdn.com/videos/202002/24/287362732/original/(m=eaAaGwObaaamqv)(mh=YMSXKKu7lY3ULNLs)16.jpg
<iframe src="https://www.pornhub.com/embed/ph5e53f300d8ff1" frameborder="0" height="481" width="608" scrolling="no"></iframe>|https://ei.phncdn.com/videos/202002/24/287362872/original/(m=eaf8GgaaaWavb)(mh=LaqQqvEx_khUicjM)16.jpg|https://ei.phncdn.com/videos/202002/24/287362872/original/(m=eaf8GgaaaWavb)(mh=LaqQqvEx_khUicjM)1.jpg;https://ei.phncdn.com/videos/202002/24/287362872/original/(m=eaf8GgaaaWavb)(mh=LaqQqvEx_khUicjM)2.jpg;https://ei.phncdn.com/videos/202002/24/287362872/original/(m=eaf8GgaaaWavb)(mh=LaqQqvEx_khUicjM)3.jpg;https://ei.phncdn.com/videos/202002/24/287362872/original/(m=eaf8GgaaaWavb)(mh=LaqQqvEx_khUicjM)4.jpg;https://ei.phncdn.com/videos/202002/24/287362872/original/(m=eaf8GgaaaWavb)(mh=LaqQqvEx_khUicjM)5.jpg;https://ei.phncdn.com/videos/202002/24/287362872/original/(m=eaf8GgaaaWavb)(mh=LaqQqvEx_khUicjM)6.jpg;https://ei.phncdn.com/videos/202002/24/287362872/original/(m=eaf8GgaaaWavb)(mh=LaqQqvEx_khUicjM)7.jpg;https://ei.phncdn.com/videos/202002/24/287362872/original/(m=eaf8GgaaaWavb)(mh=LaqQqvEx_khUicjM)8.jpg;https://ei.phncdn.com/videos/202002/24/287362872/original/(m=eaf8GgaaaWavb)(mh=LaqQqvEx_khUicjM)9.jpg;https://ei.phncdn.com/videos/202002/24/287362872/original/(m=eaf8GgaaaWavb)(mh=LaqQqvEx_khUicjM)10.jpg;https://ei.phncdn.com/videos/202002/24/287362872/original/(m=eaf8GgaaaWavb)(mh=LaqQqvEx_khUicjM)11.jpg;https://ei.phncdn.com/videos/202002/24/287362872/original/(m=eaf8GgaaaWavb)(mh=LaqQqvEx_khUicjM)12.jpg;https://ei.phncdn.com/videos/202002/24/287362872/original/(m=eaf8GgaaaWavb)(mh=LaqQqvEx_khUicjM)13.jpg;https://ei.phncdn.com/videos/202002/24/287362872/original/(m=eaf8GgaaaWavb)(mh=LaqQqvEx_khUicjM)14.jpg;https://ei.phncdn.com/videos/202002/24/287362872/original/(m=eaf8GgaaaWavb)(mh=LaqQqvEx_khUicjM)15.jpg;https://ei.phncdn.com/videos/202002/24/287362872/original/(m=eaf8GgaaaWavb)(mh=LaqQqvEx_khUicjM)16.jpg|tici feet tici_feet @tici_feet taking off my shoes and showing my feet|kink;feet;foot;pe;pés;dedos;sandal;shoes;toenails;unha;soles;high-heels|Brazilian;Verified Amateurs;Solo Female||84|285|2|0|https://ei.phncdn.com/videos/202002/24/287362872/original/(m=eaAaGwObaaamqv)(mh=ZrIy0CKGtUbmFMGX)16.jpg|https://ei.phncdn.com/videos/202002/24/287362872/original/(m=eaAaGwObaaamqv)(mh=ZrIy0CKGtUbmFMGX)1.jpg;https://ei.phncdn.com/videos/202002/24/287362872/original/(m=eaAaGwObaaamqv)(mh=ZrIy0CKGtUbmFMGX)2.jpg;https://ei.phncdn.com/videos/202002/24/287362872/original/(m=eaAaGwObaaamqv)(mh=ZrIy0CKGtUbmFMGX)3.jpg;https://ei.phncdn.com/videos/202002/24/287362872/original/(m=eaAaGwObaaamqv)(mh=ZrIy0CKGtUbmFMGX)4.jpg;https://ei.phncdn.com/videos/202002/24/287362872/original/(m=eaAaGwObaaamqv)(mh=ZrIy0CKGtUbmFMGX)5.jpg;https://ei.phncdn.com/videos/202002/24/287362872/original/(m=eaAaGwObaaamqv)(mh=ZrIy0CKGtUbmFMGX)6.jpg;https://ei.phncdn.com/videos/202002/24/287362872/original/(m=eaAaGwObaaamqv)(mh=ZrIy0CKGtUbmFMGX)7.jpg;https://ei.phncdn.com/videos/202002/24/287362872/original/(m=eaAaGwObaaamqv)(mh=ZrIy0CKGtUbmFMGX)8.jpg;https://ei.phncdn.com/videos/202002/24/287362872/original/(m=eaAaGwObaaamqv)(mh=ZrIy0CKGtUbmFMGX)9.jpg;https://ei.phncdn.com/videos/202002/24/287362872/original/(m=eaAaGwObaaamqv)(mh=ZrIy0CKGtUbmFMGX)10.jpg;https://ei.phncdn.com/videos/202002/24/287362872/original/(m=eaAaGwObaaamqv)(mh=ZrIy0CKGtUbmFMGX)11.jpg;https://ei.phncdn.com/videos/202002/24/287362872/original/(m=eaAaGwObaaamqv)(mh=ZrIy0CKGtUbmFMGX)12.jpg;https://ei.phncdn.com/videos/202002/24/287362872/original/(m=eaAaGwObaaamqv)(mh=ZrIy0CKGtUbmFMGX)13.jpg;https://ei.phncdn.com/videos/202002/24/287362872/original/(m=eaAaGwObaaamqv)(mh=ZrIy0CKGtUbmFMGX)14.jpg;https://ei.phncdn.com/videos/202002/24/287362872/original/(m=eaAaGwObaaamqv)(mh=ZrIy0CKGtUbmFMGX)15.jpg;https://ei.phncdn.com/videos/202002/24/287362872/original/(m=eaAaGwObaaamqv)(mh=ZrIy0CKGtUbmFMGX)16.jpg
<iframe src="https://www.pornhub.com/embed/ph5e53f302f230d" frameborder="0" height="481" width="608" scrolling="no"></iframe>|https://ei.phncdn.com/videos/202002/24/287375232/original/(m=eaf8GgaaaWavb)(mh=ybRNSA7aqa94Hmka)15.jpg|https://ei.phncdn.com/videos/202002/24/287375232/original/(m=eaf8GgaaaWavb)(mh=ybRNSA7aqa94Hmka)1.jpg;https://ei.phncdn.com/videos/202002/24/287375232/original/(m=eaf8GgaaaWavb)(mh=ybRNSA7aqa94Hmka)2.jpg;https://ei.phncdn.com/videos/202002/24/287375232/original/(m=eaf8GgaaaWavb)(mh=ybRNSA7aqa94Hmka)3.jpg;https://ei.phncdn.com/videos/202002/24/287375232/original/(m=eaf8GgaaaWavb)(mh=ybRNSA7aqa94Hmka)4.jpg;https://ei.phncdn.com/videos/202002/24/287375232/original/(m=eaf8GgaaaWavb)(mh=ybRNSA7aqa94Hmka)5.jpg;https://ei.phncdn.com/videos/202002/24/287375232/original/(m=eaf8GgaaaWavb)(mh=ybRNSA7aqa94Hmka)6.jpg;https://ei.phncdn.com/videos/202002/24/287375232/original/(m=eaf8GgaaaWavb)(mh=ybRNSA7aqa94Hmka)7.jpg;https://ei.phncdn.com/videos/202002/24/287375232/original/(m=eaf8GgaaaWavb)(mh=ybRNSA7aqa94Hmka)8.jpg;https://ei.phncdn.com/videos/202002/24/287375232/original/(m=eaf8GgaaaWavb)(mh=ybRNSA7aqa94Hmka)9.jpg;https://ei.phncdn.com/videos/202002/24/287375232/original/(m=eaf8GgaaaWavb)(mh=ybRNSA7aqa94Hmka)10.jpg;https://ei.phncdn.com/videos/202002/24/287375232/original/(m=eaf8GgaaaWavb)(mh=ybRNSA7aqa94Hmka)11.jpg;https://ei.phncdn.com/videos/202002/24/287375232/original/(m=eaf8GgaaaWavb)(mh=ybRNSA7aqa94Hmka)12.jpg;https://ei.phncdn.com/videos/202002/24/287375232/original/(m=eaf8GgaaaWavb)(mh=ybRNSA7aqa94Hmka)13.jpg;https://ei.phncdn.com/videos/202002/24/287375232/original/(m=eaf8GgaaaWavb)(mh=ybRNSA7aqa94Hmka)14.jpg;https://ei.phncdn.com/videos/202002/24/287375232/original/(m=eaf8GgaaaWavb)(mh=ybRNSA7aqa94Hmka)15.jpg;https://ei.phncdn.com/videos/202002/24/287375232/original/(m=eaf8GgaaaWavb)(mh=ybRNSA7aqa94Hmka)16.jpg|tici feet @tici_feet tici_feet on the beach!|kink;feet;foot;pe;pés;dedos;sandal;shoes;toenails;unha;soles;high-heels;beach|Brazilian;Verified Amateurs;Solo Female||18|20|0|1|https://ei.phncdn.com/videos/202002/24/287375232/original/(m=eaAaGwObaaamqv)(mh=hi8TtiTCByDs4AH0)15.jpg|https://ei.phncdn.com/videos/202002/24/287375232/original/(m=eaAaGwObaaamqv)(mh=hi8TtiTCByDs4AH0)1.jpg;https://ei.phncdn.com/videos/202002/24/287375232/original/(m=eaAaGwObaaamqv)(mh=hi8TtiTCByDs4AH0)2.jpg;https://ei.phncdn.com/videos/202002/24/287375232/original/(m=eaAaGwObaaamqv)(mh=hi8TtiTCByDs4AH0)3.jpg;https://ei.phncdn.com/videos/202002/24/287375232/original/(m=eaAaGwObaaamqv)(mh=hi8TtiTCByDs4AH0)4.jpg;https://ei.phncdn.com/videos/202002/24/287375232/original/(m=eaAaGwObaaamqv)(mh=hi8TtiTCByDs4AH0)5.jpg;https://ei.phncdn.com/videos/202002/24/287375232/original/(m=eaAaGwObaaamqv)(mh=hi8TtiTCByDs4AH0)6.jpg;https://ei.phncdn.com/videos/202002/24/287375232/original/(m=eaAaGwObaaamqv)(mh=hi8TtiTCByDs4AH0)7.jpg;https://ei.phncdn.com/videos/202002/24/287375232/original/(m=eaAaGwObaaamqv)(mh=hi8TtiTCByDs4AH0)8.jpg;https://ei.phncdn.com/videos/202002/24/287375232/original/(m=eaAaGwObaaamqv)(mh=hi8TtiTCByDs4AH0)9.jpg;https://ei.phncdn.com/videos/202002/24/287375232/original/(m=eaAaGwObaaamqv)(mh=hi8TtiTCByDs4AH0)10.jpg;https://ei.phncdn.com/videos/202002/24/287375232/original/(m=eaAaGwObaaamqv)(mh=hi8TtiTCByDs4AH0)11.jpg;https://ei.phncdn.com/videos/202002/24/287375232/original/(m=eaAaGwObaaamqv)(mh=hi8TtiTCByDs4AH0)12.jpg;https://ei.phncdn.com/videos/202002/24/287375232/original/(m=eaAaGwObaaamqv)(mh=hi8TtiTCByDs4AH0)13.jpg;https://ei.phncdn.com/videos/202002/24/287375232/original/(m=eaAaGwObaaamqv)(mh=hi8TtiTCByDs4AH0)14.jpg;https://ei.phncdn.com/videos/202002/24/287375232/original/(m=eaAaGwObaaamqv)(mh=hi8TtiTCByDs4AH0)15.jpg;https://ei.phncdn.com/videos/202002/24/287375232/original/(m=eaAaGwObaaamqv)(mh=hi8TtiTCByDs4AH0)16.jpg
<iframe src="https://www.pornhub.com/embed/ph5e6d9d48d0bbf" frameborder="0" height="481" width="608" scrolling="no"></iframe>|https://ei.phncdn.com/videos/202003/15/293042801/original/(m=eaf8GgaaaWavb)(mh=jbp0aqGE6HudtRbd)2.jpg|https://ei.phncdn.com/videos/202003/15/293042801/original/(m=eaf8GgaaaWavb)(mh=jbp0aqGE6HudtRbd)1.jpg;https://ei.phncdn.com/videos/202003/15/293042801/original/(m=eaf8GgaaaWavb)(mh=jbp0aqGE6HudtRbd)2.jpg;https://ei.phncdn.com/videos/202003/15/293042801/original/(m=eaf8GgaaaWavb)(mh=jbp0aqGE6HudtRbd)3.jpg;https://ei.phncdn.com/videos/202003/15/293042801/original/(m=eaf8GgaaaWavb)(mh=jbp0aqGE6HudtRbd)4.jpg;https://ei.phncdn.com/videos/202003/15/293042801/original/(m=eaf8GgaaaWavb)(mh=jbp0aqGE6HudtRbd)5.jpg;https://ei.phncdn.com/videos/202003/15/293042801/original/(m=eaf8GgaaaWavb)(mh=jbp0aqGE6HudtRbd)6.jpg;https://ei.phncdn.com/videos/202003/15/293042801/original/(m=eaf8GgaaaWavb)(mh=jbp0aqGE6HudtRbd)7.jpg;https://ei.phncdn.com/videos/202003/15/293042801/original/(m=eaf8GgaaaWavb)(mh=jbp0aqGE6HudtRbd)8.jpg;https://ei.phncdn.com/videos/202003/15/293042801/original/(m=eaf8GgaaaWavb)(mh=jbp0aqGE6HudtRbd)9.jpg;https://ei.phncdn.com/videos/202003/15/293042801/original/(m=eaf8GgaaaWavb)(mh=jbp0aqGE6HudtRbd)10.jpg;https://ei.phncdn.com/videos/202003/15/293042801/original/(m=eaf8GgaaaWavb)(mh=jbp0aqGE6HudtRbd)11.jpg;https://ei.phncdn.com/videos/202003/15/293042801/original/(m=eaf8GgaaaWavb)(mh=jbp0aqGE6HudtRbd)12.jpg;https://ei.phncdn.com/videos/202003/15/293042801/original/(m=eaf8GgaaaWavb)(mh=jbp0aqGE6HudtRbd)13.jpg;https://ei.phncdn.com/videos/202003/15/293042801/original/(m=eaf8GgaaaWavb)(mh=jbp0aqGE6HudtRbd)14.jpg;https://ei.phncdn.com/videos/202003/15/293042801/original/(m=eaf8GgaaaWavb)(mh=jbp0aqGE6HudtRbd)15.jpg;https://ei.phncdn.com/videos/202003/15/293042801/original/(m=eaf8GgaaaWavb)(mh=jbp0aqGE6HudtRbd)16.jpg|@tici_feet IG tici feet tici_feet my best moments - part 6 - videos 4 sale!|kink;feet;foot;soles;shoes;toenails;toes;sandal|Brazilian;Verified Amateurs;Solo Female||72|67|||https://ei.phncdn.com/videos/202003/15/293042801/original/(m=eaAaGwObaaamqv)(mh=7GK3WRSy5ffqFDA1)2.jpg|https://ei.phncdn.com/videos/202003/15/293042801/original/(m=eaAaGwObaaamqv)(mh=7GK3WRSy5ffqFDA1)1.jpg;https://ei.phncdn.com/videos/202003/15/293042801/original/(m=eaAaGwObaaamqv)(mh=7GK3WRSy5ffqFDA1)2.jpg;https://ei.phncdn.com/videos/202003/15/293042801/original/(m=eaAaGwObaaamqv)(mh=7GK3WRSy5ffqFDA1)3.jpg;https://ei.phncdn.com/videos/202003/15/293042801/original/(m=eaAaGwObaaamqv)(mh=7GK3WRSy5ffqFDA1)4.jpg;https://ei.phncdn.com/videos/202003/15/293042801/original/(m=eaAaGwObaaamqv)(mh=7GK3WRSy5ffqFDA1)5.jpg;https://ei.phncdn.com/videos/202003/15/293042801/original/(m=eaAaGwObaaamqv)(mh=7GK3WRSy5ffqFDA1)6.jpg;https://ei.phncdn.com/videos/202003/15/293042801/original/(m=eaAaGwObaaamqv)(mh=7GK3WRSy5ffqFDA1)7.jpg;https://ei.phncdn.com/videos/202003/15/293042801/original/(m=eaAaGwObaaamqv)(mh=7GK3WRSy5ffqFDA1)8.jpg;https://ei.phncdn.com/videos/202003/15/293042801/original/(m=eaAaGwObaaamqv)(mh=7GK3WRSy5ffqFDA1)9.jpg;https://ei.phncdn.com/videos/202003/15/293042801/original/(m=eaAaGwObaaamqv)(mh=7GK3WRSy5ffqFDA1)10.jpg;https://ei.phncdn.com/videos/202003/15/293042801/original/(m=eaAaGwObaaamqv)(mh=7GK3WRSy5ffqFDA1)11.jpg;https://ei.phncdn.com/videos/202003/15/293042801/original/(m=eaAaGwObaaamqv)(mh=7GK3WRSy5ffqFDA1)12.jpg;https://ei.phncdn.com/videos/202003/15/293042801/original/(m=eaAaGwObaaamqv)(mh=7GK3WRSy5ffqFDA1)13.jpg;https://ei.phncdn.com/videos/202003/15/293042801/original/(m=eaAaGwObaaamqv)(mh=7GK3WRSy5ffqFDA1)14.jpg;https://ei.phncdn.com/videos/202003/15/293042801/original/(m=eaAaGwObaaamqv)(mh=7GK3WRSy5ffqFDA1)15.jpg;https://ei.phncdn.com/videos/202003/15/293042801/original/(m=eaAaGwObaaamqv)(mh=7GK3WRSy5ffqFDA1)16.jpg
<iframe src="https://www.pornhub.com/embed/ph60895ed63051c" frameborder="0" height="481" width="608" scrolling="no"></iframe>|https://ei.phncdn.com/videos/202104/28/387253611/original/(m=eaf8GgaaaWavb)(mh=42scesveXprkevg0)3.jpg|https://ei.phncdn.com/videos/202104/28/387253611/original/(m=eaf8GgaaaWavb)(mh=42scesveXprkevg0)1.jpg;https://ei.phncdn.com/videos/202104/28/387253611/original/(m=eaf8GgaaaWavb)(mh=42scesveXprkevg0)2.jpg;https://ei.phncdn.com/videos/202104/28/387253611/original/(m=eaf8GgaaaWavb)(mh=42scesveXprkevg0)3.jpg;https://ei.phncdn.com/videos/202104/28/387253611/original/(m=eaf8GgaaaWavb)(mh=42scesveXprkevg0)4.jpg;https://ei.phncdn.com/videos/202104/28/387253611/original/(m=eaf8GgaaaWavb)(mh=42scesveXprkevg0)5.jpg;https://ei.phncdn.com/videos/202104/28/387253611/original/(m=eaf8GgaaaWavb)(mh=42scesveXprkevg0)6.jpg;https://ei.phncdn.com/videos/202104/28/387253611/original/(m=eaf8GgaaaWavb)(mh=42scesveXprkevg0)7.jpg;https://ei.phncdn.com/videos/202104/28/387253611/original/(m=eaf8GgaaaWavb)(mh=42scesveXprkevg0)8.jpg;https://ei.phncdn.com/videos/202104/28/387253611/original/(m=eaf8GgaaaWavb)(mh=42scesveXprkevg0)9.jpg;https://ei.phncdn.com/videos/202104/28/387253611/original/(m=eaf8GgaaaWavb)(mh=42scesveXprkevg0)10.jpg;https://ei.phncdn.com/videos/202104/28/387253611/original/(m=eaf8GgaaaWavb)(mh=42scesveXprkevg0)11.jpg;https://ei.phncdn.com/videos/202104/28/387253611/original/(m=eaf8GgaaaWavb)(mh=42scesveXprkevg0)12.jpg;https://ei.phncdn.com/videos/202104/28/387253611/original/(m=eaf8GgaaaWavb)(mh=42scesveXprkevg0)13.jpg;https://ei.phncdn.com/videos/202104/28/387253611/original/(m=eaf8GgaaaWavb)(mh=42scesveXprkevg0)14.jpg;https://ei.phncdn.com/videos/202104/28/387253611/original/(m=eaf8GgaaaWavb)(mh=42scesveXprkevg0)15.jpg;https://ei.phncdn.com/videos/202104/28/387253611/original/(m=eaf8GgaaaWavb)(mh=42scesveXprkevg0)16.jpg|geher5hy5erherherh|testsponsordomain;erherher|Brazilian;Behind The Scenes;Solo Female||410|226|2|0|https://ei.phncdn.com/videos/202104/28/387253611/original/(m=eaAaGwObaaamqv)(mh=6Pbch2FcmfRnsN5P)3.jpg|https://ei.phncdn.com/videos/202104/28/387253611/original/(m=eaAaGwObaaamqv)(mh=6Pbch2FcmfRnsN5P)1.jpg;https://ei.phncdn.com/videos/202104/28/387253611/original/(m=eaAaGwObaaamqv)(mh=6Pbch2FcmfRnsN5P)2.jpg;https://ei.phncdn.com/videos/202104/28/387253611/original/(m=eaAaGwObaaamqv)(mh=6Pbch2FcmfRnsN5P)3.jpg;https://ei.phncdn.com/videos/202104/28/387253611/original/(m=eaAaGwObaaamqv)(mh=6Pbch2FcmfRnsN5P)4.jpg;https://ei.phncdn.com/videos/202104/28/387253611/original/(m=eaAaGwObaaamqv)(mh=6Pbch2FcmfRnsN5P)5.jpg;https://ei.phncdn.com/videos/202104/28/387253611/original/(m=eaAaGwObaaamqv)(mh=6Pbch2FcmfRnsN5P)6.jpg;https://ei.phncdn.com/videos/202104/28/387253611/original/(m=eaAaGwObaaamqv)(mh=6Pbch2FcmfRnsN5P)7.jpg;https://ei.phncdn.com/videos/202104/28/387253611/original/(m=eaAaGwObaaamqv)(mh=6Pbch2FcmfRnsN5P)8.jpg;https://ei.phncdn.com/videos/202104/28/387253611/original/(m=eaAaGwObaaamqv)(mh=6Pbch2FcmfRnsN5P)9.jpg;https://ei.phncdn.com/videos/202104/28/387253611/original/(m=eaAaGwObaaamqv)(mh=6Pbch2FcmfRnsN5P)10.jpg;https://ei.phncdn.com/videos/202104/28/387253611/original/(m=eaAaGwObaaamqv)(mh=6Pbch2FcmfRnsN5P)11.jpg;https://ei.phncdn.com/videos/202104/28/387253611/original/(m=eaAaGwObaaamqv)(mh=6Pbch2FcmfRnsN5P)12.jpg;https://ei.phncdn.com/videos/202104/28/387253611/original/(m=eaAaGwObaaamqv)(mh=6Pbch2FcmfRnsN5P)13.jpg;https://ei.phncdn.com/videos/202104/28/387253611/original/(m=eaAaGwObaaamqv)(mh=6Pbch2FcmfRnsN5P)14.jpg;https://ei.phncdn.com/videos/202104/28/387253611/original/(m=eaAaGwObaaamqv)(mh=6Pbch2FcmfRnsN5P)15.jpg;https://ei.phncdn.com/videos/202104/28/387253611/original/(m=eaAaGwObaaamqv)(mh=6Pbch2FcmfRnsN5P)16.jpg
<iframe src="https://www.pornhub.com/embed/ph61b60582c4e30" frameborder="0" height="481" width="608" scrolling="no"></iframe>|https://ei.phncdn.com/videos/202112/12/399538731/original/(m=eaf8GgaaaWavb)(mh=Yj1f_vWYuGF9nZb1)15.jpg|https://ei.phncdn.com/videos/202112/12/399538731/original/(m=eaf8GgaaaWavb)(mh=Yj1f_vWYuGF9nZb1)1.jpg;https://ei.phncdn.com/videos/202112/12/399538731/original/(m=eaf8GgaaaWavb)(mh=Yj1f_vWYuGF9nZb1)2.jpg;https://ei.phncdn.com/videos/202112/12/399538731/original/(m=eaf8GgaaaWavb)(mh=Yj1f_vWYuGF9nZb1)3.jpg;https://ei.phncdn.com/videos/202112/12/399538731/original/(m=eaf8GgaaaWavb)(mh=Yj1f_vWYuGF9nZb1)4.jpg;https://ei.phncdn.com/videos/202112/12/399538731/original/(m=eaf8GgaaaWavb)(mh=Yj1f_vWYuGF9nZb1)5.jpg;https://ei.phncdn.com/videos/202112/12/399538731/original/(m=eaf8GgaaaWavb)(mh=Yj1f_vWYuGF9nZb1)6.jpg;https://ei.phncdn.com/videos/202112/12/399538731/original/(m=eaf8GgaaaWavb)(mh=Yj1f_vWYuGF9nZb1)7.jpg;https://ei.phncdn.com/videos/202112/12/399538731/original/(m=eaf8GgaaaWavb)(mh=Yj1f_vWYuGF9nZb1)8.jpg;https://ei.phncdn.com/videos/202112/12/399538731/original/(m=eaf8GgaaaWavb)(mh=Yj1f_vWYuGF9nZb1)9.jpg;https://ei.phncdn.com/videos/202112/12/399538731/original/(m=eaf8GgaaaWavb)(mh=Yj1f_vWYuGF9nZb1)10.jpg;https://ei.phncdn.com/videos/202112/12/399538731/original/(m=eaf8GgaaaWavb)(mh=Yj1f_vWYuGF9nZb1)11.jpg;https://ei.phncdn.com/videos/202112/12/399538731/original/(m=eaf8GgaaaWavb)(mh=Yj1f_vWYuGF9nZb1)12.jpg;https://ei.phncdn.com/videos/202112/12/399538731/original/(m=eaf8GgaaaWavb)(mh=Yj1f_vWYuGF9nZb1)13.jpg;https://ei.phncdn.com/videos/202112/12/399538731/original/(m=eaf8GgaaaWavb)(mh=Yj1f_vWYuGF9nZb1)14.jpg;https://ei.phncdn.com/videos/202112/12/399538731/original/(m=eaf8GgaaaWavb)(mh=Yj1f_vWYuGF9nZb1)15.jpg;https://ei.phncdn.com/videos/202112/12/399538731/original/(m=eaf8GgaaaWavb)(mh=Yj1f_vWYuGF9nZb1)16.jpg|Hi babes |sexy;tatuadas;amateur;brazilian;young-pussy|Brazilian;Exclusive;Verified Amateurs;Old/Young (18+);Solo Female;Vertical Video||16|175|3|1|https://ei.phncdn.com/videos/202112/12/399538731/original/(m=eaAaGwObaaamqv)(mh=xtMekf9NmzVAleCY)15.jpg|https://ei.phncdn.com/videos/202112/12/399538731/original/(m=eaAaGwObaaamqv)(mh=xtMekf9NmzVAleCY)1.jpg;https://ei.phncdn.com/videos/202112/12/399538731/original/(m=eaAaGwObaaamqv)(mh=xtMekf9NmzVAleCY)2.jpg;https://ei.phncdn.com/videos/202112/12/399538731/original/(m=eaAaGwObaaamqv)(mh=xtMekf9NmzVAleCY)3.jpg;https://ei.phncdn.com/videos/202112/12/399538731/original/(m=eaAaGwObaaamqv)(mh=xtMekf9NmzVAleCY)4.jpg;https://ei.phncdn.com/videos/202112/12/399538731/original/(m=eaAaGwObaaamqv)(mh=xtMekf9NmzVAleCY)5.jpg;https://ei.phncdn.com/videos/202112/12/399538731/original/(m=eaAaGwObaaamqv)(mh=xtMekf9NmzVAleCY)6.jpg;https://ei.phncdn.com/videos/202112/12/399538731/original/(m=eaAaGwObaaamqv)(mh=xtMekf9NmzVAleCY)7.jpg;https://ei.phncdn.com/videos/202112/12/399538731/original/(m=eaAaGwObaaamqv)(mh=xtMekf9NmzVAleCY)8.jpg;https://ei.phncdn.com/videos/202112/12/399538731/original/(m=eaAaGwObaaamqv)(mh=xtMekf9NmzVAleCY)9.jpg;https://ei.phncdn.com/videos/202112/12/399538731/original/(m=eaAaGwObaaamqv)(mh=xtMekf9NmzVAleCY)10.jpg;https://ei.phncdn.com/videos/202112/12/399538731/original/(m=eaAaGwObaaamqv)(mh=xtMekf9NmzVAleCY)11.jpg;https://ei.phncdn.com/videos/202112/12/399538731/original/(m=eaAaGwObaaamqv)(mh=xtMekf9NmzVAleCY)12.jpg;https://ei.phncdn.com/videos/202112/12/399538731/original/(m=eaAaGwObaaamqv)(mh=xtMekf9NmzVAleCY)13.jpg;https://ei.phncdn.com/videos/202112/12/399538731/original/(m=eaAaGwObaaamqv)(mh=xtMekf9NmzVAleCY)14.jpg;https://ei.phncdn.com/videos/202112/12/399538731/original/(m=eaAaGwObaaamqv)(mh=xtMekf9NmzVAleCY)15.jpg;https://ei.phncdn.com/videos/202112/12/399538731/original/(m=eaAaGwObaaamqv)(mh=xtMekf9NmzVAleCY)16.jpg
<iframe src="https://www.pornhub.com/embed/ph635a312153434" frameborder="0" height="481" width="608" scrolling="no"></iframe>|https://ei.phncdn.com/videos/202210/27/418343641/original/(m=eaf8GgaaaWavb)(mh=EL5e-SOBJlHvO3Vw)9.jpg|https://ei.phncdn.com/videos/202210/27/418343641/original/(m=eaf8GgaaaWavb)(mh=EL5e-SOBJlHvO3Vw)1.jpg;https://ei.phncdn.com/videos/202210/27/418343641/original/(m=eaf8GgaaaWavb)(mh=EL5e-SOBJlHvO3Vw)2.jpg;https://ei.phncdn.com/videos/202210/27/418343641/original/(m=eaf8GgaaaWavb)(mh=EL5e-SOBJlHvO3Vw)3.jpg;https://ei.phncdn.com/videos/202210/27/418343641/original/(m=eaf8GgaaaWavb)(mh=EL5e-SOBJlHvO3Vw)4.jpg;https://ei.phncdn.com/videos/202210/27/418343641/original/(m=eaf8GgaaaWavb)(mh=EL5e-SOBJlHvO3Vw)5.jpg;https://ei.phncdn.com/videos/202210/27/418343641/original/(m=eaf8GgaaaWavb)(mh=EL5e-SOBJlHvO3Vw)6.jpg;https://ei.phncdn.com/videos/202210/27/418343641/original/(m=eaf8GgaaaWavb)(mh=EL5e-SOBJlHvO3Vw)7.jpg;https://ei.phncdn.com/videos/202210/27/418343641/original/(m=eaf8GgaaaWavb)(mh=EL5e-SOBJlHvO3Vw)8.jpg;https://ei.phncdn.com/videos/202210/27/418343641/original/(m=eaf8GgaaaWavb)(mh=EL5e-SOBJlHvO3Vw)9.jpg;https://ei.phncdn.com/videos/202210/27/418343641/original/(m=eaf8GgaaaWavb)(mh=EL5e-SOBJlHvO3Vw)10.jpg;https://ei.phncdn.com/videos/202210/27/418343641/original/(m=eaf8GgaaaWavb)(mh=EL5e-SOBJlHvO3Vw)11.jpg;https://ei.phncdn.com/videos/202210/27/418343641/original/(m=eaf8GgaaaWavb)(mh=EL5e-SOBJlHvO3Vw)12.jpg;https://ei.phncdn.com/videos/202210/27/418343641/original/(m=eaf8GgaaaWavb)(mh=EL5e-SOBJlHvO3Vw)13.jpg;https://ei.phncdn.com/videos/202210/27/418343641/original/(m=eaf8GgaaaWavb)(mh=EL5e-SOBJlHvO3Vw)14.jpg;https://ei.phncdn.com/videos/202210/27/418343641/original/(m=eaf8GgaaaWavb)(mh=EL5e-SOBJlHvO3Vw)15.jpg;https://ei.phncdn.com/videos/202210/27/418343641/original/(m=eaf8GgaaaWavb)(mh=EL5e-SOBJlHvO3Vw)16.jpg|Quase fomos pegos pela minha tia!!!|almost-caught;flagra;cowgirl;short-hair|Brazilian;60FPS;Exclusive;Verified Amateurs;Vertical Video||56|506070|894|311|https://ei.phncdn.com/videos/202210/27/418343641/original/(m=eaAaGwObaaamqv)(mh=q7q_Hszne6r6UGBn)9.jpg|https://ei.phncdn.com/videos/202210/27/418343641/original/(m=eaAaGwObaaamqv)(mh=q7q_Hszne6r6UGBn)1.jpg;https://ei.phncdn.com/videos/202210/27/418343641/original/(m=eaAaGwObaaamqv)(mh=q7q_Hszne6r6UGBn)2.jpg;https://ei.phncdn.com/videos/202210/27/418343641/original/(m=eaAaGwObaaamqv)(mh=q7q_Hszne6r6UGBn)3.jpg;https://ei.phncdn.com/videos/202210/27/418343641/original/(m=eaAaGwObaaamqv)(mh=q7q_Hszne6r6UGBn)4.jpg;https://ei.phncdn.com/videos/202210/27/418343641/original/(m=eaAaGwObaaamqv)(mh=q7q_Hszne6r6UGBn)5.jpg;https://ei.phncdn.com/videos/202210/27/418343641/original/(m=eaAaGwObaaamqv)(mh=q7q_Hszne6r6UGBn)6.jpg;https://ei.phncdn.com/videos/202210/27/418343641/original/(m=eaAaGwObaaamqv)(mh=q7q_Hszne6r6UGBn)7.jpg;https://ei.phncdn.com/videos/202210/27/418343641/original/(m=eaAaGwObaaamqv)(mh=q7q_Hszne6r6UGBn)8.jpg;https://ei.phncdn.com/videos/202210/27/418343641/original/(m=eaAaGwObaaamqv)(mh=q7q_Hszne6r6UGBn)9.jpg;https://ei.phncdn.com/videos/202210/27/418343641/original/(m=eaAaGwObaaamqv)(mh=q7q_Hszne6r6UGBn)10.jpg;https://ei.phncdn.com/videos/202210/27/418343641/original/(m=eaAaGwObaaamqv)(mh=q7q_Hszne6r6UGBn)11.jpg;https://ei.phncdn.com/videos/202210/27/418343641/original/(m=eaAaGwObaaamqv)(mh=q7q_Hszne6r6UGBn)12.jpg;https://ei.phncdn.com/videos/202210/27/418343641/original/(m=eaAaGwObaaamqv)(mh=q7q_Hszne6r6UGBn)13.jpg;https://ei.phncdn.com/videos/202210/27/418343641/original/(m=eaAaGwObaaamqv)(mh=q7q_Hszne6r6UGBn)14.jpg;https://ei.phncdn.com/videos/202210/27/418343641/original/(m=eaAaGwObaaamqv)(mh=q7q_Hszne6r6UGBn)15.jpg;https://ei.phncdn.com/videos/202210/27/418343641/original/(m=eaAaGwObaaamqv)(mh=q7q_Hszne6r6UGBn)16.jpg
<iframe src="https://www.pornhub.com/embed/ph6366a7da5446d" frameborder="0" height="481" width="608" scrolling="no"></iframe>|https://ei.phncdn.com/videos/202211/05/418940331/original/(m=eaf8GgaaaWavb)(mh=PGUXDVJNPoxT6WNa)6.jpg|https://ei.phncdn.com/videos/202211/05/418940331/original/(m=eaf8GgaaaWavb)(mh=PGUXDVJNPoxT6WNa)1.jpg;https://ei.phncdn.com/videos/202211/05/418940331/original/(m=eaf8GgaaaWavb)(mh=PGUXDVJNPoxT6WNa)2.jpg;https://ei.phncdn.com/videos/202211/05/418940331/original/(m=eaf8GgaaaWavb)(mh=PGUXDVJNPoxT6WNa)3.jpg;https://ei.phncdn.com/videos/202211/05/418940331/original/(m=eaf8GgaaaWavb)(mh=PGUXDVJNPoxT6WNa)4.jpg;https://ei.phncdn.com/videos/202211/05/418940331/original/(m=eaf8GgaaaWavb)(mh=PGUXDVJNPoxT6WNa)5.jpg;https://ei.phncdn.com/videos/202211/05/418940331/original/(m=eaf8GgaaaWavb)(mh=PGUXDVJNPoxT6WNa)6.jpg;https://ei.phncdn.com/videos/202211/05/418940331/original/(m=eaf8GgaaaWavb)(mh=PGUXDVJNPoxT6WNa)7.jpg;https://ei.phncdn.com/videos/202211/05/418940331/original/(m=eaf8GgaaaWavb)(mh=PGUXDVJNPoxT6WNa)8.jpg;https://ei.phncdn.com/videos/202211/05/418940331/original/(m=eaf8GgaaaWavb)(mh=PGUXDVJNPoxT6WNa)9.jpg;https://ei.phncdn.com/videos/202211/05/418940331/original/(m=eaf8GgaaaWavb)(mh=PGUXDVJNPoxT6WNa)10.jpg;https://ei.phncdn.com/videos/202211/05/418940331/original/(m=eaf8GgaaaWavb)(mh=PGUXDVJNPoxT6WNa)11.jpg;https://ei.phncdn.com/videos/202211/05/418940331/original/(m=eaf8GgaaaWavb)(mh=PGUXDVJNPoxT6WNa)12.jpg;https://ei.phncdn.com/videos/202211/05/418940331/original/(m=eaf8GgaaaWavb)(mh=PGUXDVJNPoxT6WNa)13.jpg;https://ei.phncdn.com/videos/202211/05/418940331/original/(m=eaf8GgaaaWavb)(mh=PGUXDVJNPoxT6WNa)14.jpg;https://ei.phncdn.com/videos/202211/05/418940331/original/(m=eaf8GgaaaWavb)(mh=PGUXDVJNPoxT6WNa)15.jpg;https://ei.phncdn.com/videos/202211/05/418940331/original/(m=eaf8GgaaaWavb)(mh=PGUXDVJNPoxT6WNa)16.jpg|vem gozar comigo|mulher;loira;brasileira;masturbation;girl-masturbating;buceta;bucetinha;bucet;buceta-rosa;mascara;orgasme-feminin;bunda;peito;peitos|Brazilian;Verified Amateurs;Solo Female;Vertical Video||476|38146|200|34|https://ei.phncdn.com/videos/202211/05/418940331/original/(m=eaAaGwObaaamqv)(mh=_PAGsqqGnBiAb4dT)6.jpg|https://ei.phncdn.com/videos/202211/05/418940331/original/(m=eaAaGwObaaamqv)(mh=_PAGsqqGnBiAb4dT)1.jpg;https://ei.phncdn.com/videos/202211/05/418940331/original/(m=eaAaGwObaaamqv)(mh=_PAGsqqGnBiAb4dT)2.jpg;https://ei.phncdn.com/videos/202211/05/418940331/original/(m=eaAaGwObaaamqv)(mh=_PAGsqqGnBiAb4dT)3.jpg;https://ei.phncdn.com/videos/202211/05/418940331/original/(m=eaAaGwObaaamqv)(mh=_PAGsqqGnBiAb4dT)4.jpg;https://ei.phncdn.com/videos/202211/05/418940331/original/(m=eaAaGwObaaamqv)(mh=_PAGsqqGnBiAb4dT)5.jpg;https://ei.phncdn.com/videos/202211/05/418940331/original/(m=eaAaGwObaaamqv)(mh=_PAGsqqGnBiAb4dT)6.jpg;https://ei.phncdn.com/videos/202211/05/418940331/original/(m=eaAaGwObaaamqv)(mh=_PAGsqqGnBiAb4dT)7.jpg;https://ei.phncdn.com/videos/202211/05/418940331/original/(m=eaAaGwObaaamqv)(mh=_PAGsqqGnBiAb4dT)8.jpg;https://ei.phncdn.com/videos/202211/05/418940331/original/(m=eaAaGwObaaamqv)(mh=_PAGsqqGnBiAb4dT)9.jpg;https://ei.phncdn.com/videos/202211/05/418940331/original/(m=eaAaGwObaaamqv)(mh=_PAGsqqGnBiAb4dT)10.jpg;https://ei.phncdn.com/videos/202211/05/418940331/original/(m=eaAaGwObaaamqv)(mh=_PAGsqqGnBiAb4dT)11.jpg;https://ei.phncdn.com/videos/202211/05/418940331/original/(m=eaAaGwObaaamqv)(mh=_PAGsqqGnBiAb4dT)12.jpg;https://ei.phncdn.com/videos/202211/05/418940331/original/(m=eaAaGwObaaamqv)(mh=_PAGsqqGnBiAb4dT)13.jpg;https://ei.phncdn.com/videos/202211/05/418940331/original/(m=eaAaGwObaaamqv)(mh=_PAGsqqGnBiAb4dT)14.jpg;https://ei.phncdn.com/videos/202211/05/418940331/original/(m=eaAaGwObaaamqv)(mh=_PAGsqqGnBiAb4dT)15.jpg;https://ei.phncdn.com/videos/202211/05/418940331/original/(m=eaAaGwObaaamqv)(mh=_PAGsqqGnBiAb4dT)16.jpg
<iframe src="https://www.pornhub.com/embed/64a121c008dad" frameborder="0" height="481" width="608" scrolling="no"></iframe>|https://ei.phncdn.com/videos/202307/02/434685302/original/(m=eaf8GgaaaWavb)(mh=cwg6Dh-NGoOF3E70)10.jpg|https://ei.phncdn.com/videos/202307/02/434685302/original/(m=eaf8GgaaaWavb)(mh=cwg6Dh-NGoOF3E70)1.jpg;https://ei.phncdn.com/videos/202307/02/434685302/original/(m=eaf8GgaaaWavb)(mh=cwg6Dh-NGoOF3E70)2.jpg;https://ei.phncdn.com/videos/202307/02/434685302/original/(m=eaf8GgaaaWavb)(mh=cwg6Dh-NGoOF3E70)3.jpg;https://ei.phncdn.com/videos/202307/02/434685302/original/(m=eaf8GgaaaWavb)(mh=cwg6Dh-NGoOF3E70)4.jpg;https://ei.phncdn.com/videos/202307/02/434685302/original/(m=eaf8GgaaaWavb)(mh=cwg6Dh-NGoOF3E70)5.jpg;https://ei.phncdn.com/videos/202307/02/434685302/original/(m=eaf8GgaaaWavb)(mh=cwg6Dh-NGoOF3E70)6.jpg;https://ei.phncdn.com/videos/202307/02/434685302/original/(m=eaf8GgaaaWavb)(mh=cwg6Dh-NGoOF3E70)7.jpg;https://ei.phncdn.com/videos/202307/02/434685302/original/(m=eaf8GgaaaWavb)(mh=cwg6Dh-NGoOF3E70)8.jpg;https://ei.phncdn.com/videos/202307/02/434685302/original/(m=eaf8GgaaaWavb)(mh=cwg6Dh-NGoOF3E70)9.jpg;https://ei.phncdn.com/videos/202307/02/434685302/original/(m=eaf8GgaaaWavb)(mh=cwg6Dh-NGoOF3E70)10.jpg;https://ei.phncdn.com/videos/202307/02/434685302/original/(m=eaf8GgaaaWavb)(mh=cwg6Dh-NGoOF3E70)11.jpg;https://ei.phncdn.com/videos/202307/02/434685302/original/(m=eaf8GgaaaWavb)(mh=cwg6Dh-NGoOF3E70)12.jpg;https://ei.phncdn.com/videos/202307/02/434685302/original/(m=eaf8GgaaaWavb)(mh=cwg6Dh-NGoOF3E70)13.jpg;https://ei.phncdn.com/videos/202307/02/434685302/original/(m=eaf8GgaaaWavb)(mh=cwg6Dh-NGoOF3E70)14.jpg;https://ei.phncdn.com/videos/202307/02/434685302/original/(m=eaf8GgaaaWavb)(mh=cwg6Dh-NGoOF3E70)15.jpg;https://ei.phncdn.com/videos/202307/02/434685302/original/(m=eaf8GgaaaWavb)(mh=cwg6Dh-NGoOF3E70)16.jpg|Full Body Energy Orgasm With Tantric Meditation - NEOTANTRA ASMR - Heat Waves  8D Audio 🎧|tantra-massage;tantra-sex;tantra-yoni-massage;virtual;reality|Brazilian;Exclusive;Verified Amateurs;Old/Young (18+);Solo Female;Female Orgasm||732|6158|15|6|https://ei.phncdn.com/videos/202307/02/434685302/original/(m=eaAaGwObaaamqv)(mh=wPbENya7c1faZbZ5)10.jpg|https://ei.phncdn.com/videos/202307/02/434685302/original/(m=eaAaGwObaaamqv)(mh=wPbENya7c1faZbZ5)1.jpg;https://ei.phncdn.com/videos/202307/02/434685302/original/(m=eaAaGwObaaamqv)(mh=wPbENya7c1faZbZ5)2.jpg;https://ei.phncdn.com/videos/202307/02/434685302/original/(m=eaAaGwObaaamqv)(mh=wPbENya7c1faZbZ5)3.jpg;https://ei.phncdn.com/videos/202307/02/434685302/original/(m=eaAaGwObaaamqv)(mh=wPbENya7c1faZbZ5)4.jpg;https://ei.phncdn.com/videos/202307/02/434685302/original/(m=eaAaGwObaaamqv)(mh=wPbENya7c1faZbZ5)5.jpg;https://ei.phncdn.com/videos/202307/02/434685302/original/(m=eaAaGwObaaamqv)(mh=wPbENya7c1faZbZ5)6.jpg;https://ei.phncdn.com/videos/202307/02/434685302/original/(m=eaAaGwObaaamqv)(mh=wPbENya7c1faZbZ5)7.jpg;https://ei.phncdn.com/videos/202307/02/434685302/original/(m=eaAaGwObaaamqv)(mh=wPbENya7c1faZbZ5)8.jpg;https://ei.phncdn.com/videos/202307/02/434685302/original/(m=eaAaGwObaaamqv)(mh=wPbENya7c1faZbZ5)9.jpg;https://ei.phncdn.com/videos/202307/02/434685302/original/(m=eaAaGwObaaamqv)(mh=wPbENya7c1faZbZ5)10.jpg;https://ei.phncdn.com/videos/202307/02/434685302/original/(m=eaAaGwObaaamqv)(mh=wPbENya7c1faZbZ5)11.jpg;https://ei.phncdn.com/videos/202307/02/434685302/original/(m=eaAaGwObaaamqv)(mh=wPbENya7c1faZbZ5)12.jpg;https://ei.phncdn.com/videos/202307/02/434685302/original/(m=eaAaGwObaaamqv)(mh=wPbENya7c1faZbZ5)13.jpg;https://ei.phncdn.com/videos/202307/02/434685302/original/(m=eaAaGwObaaamqv)(mh=wPbENya7c1faZbZ5)14.jpg;https://ei.phncdn.com/videos/202307/02/434685302/original/(m=eaAaGwObaaamqv)(mh=wPbENya7c1faZbZ5)15.jpg;https://ei.phncdn.com/videos/202307/02/434685302/original/(m=eaAaGwObaaamqv)(mh=wPbENya7c1faZbZ5)16.jpg
<iframe src="https://www.pornhub.com/embed/65479c71d195d" frameborder="0" height="481" width="608" scrolling="no"></iframe>|https://ei.phncdn.com/videos/202311/05/442457951/original/(m=eaf8GgaaaWavb)(mh=lRoj0iLfx26AdDCx)3.jpg|https://ei.phncdn.com/videos/202311/05/442457951/original/(m=eaf8GgaaaWavb)(mh=lRoj0iLfx26AdDCx)1.jpg;https://ei.phncdn.com/videos/202311/05/442457951/original/(m=eaf8GgaaaWavb)(mh=lRoj0iLfx26AdDCx)2.jpg;https://ei.phncdn.com/videos/202311/05/442457951/original/(m=eaf8GgaaaWavb)(mh=lRoj0iLfx26AdDCx)3.jpg;https://ei.phncdn.com/videos/202311/05/442457951/original/(m=eaf8GgaaaWavb)(mh=lRoj0iLfx26AdDCx)4.jpg;https://ei.phncdn.com/videos/202311/05/442457951/original/(m=eaf8GgaaaWavb)(mh=lRoj0iLfx26AdDCx)5.jpg;https://ei.phncdn.com/videos/202311/05/442457951/original/(m=eaf8GgaaaWavb)(mh=lRoj0iLfx26AdDCx)6.jpg;https://ei.phncdn.com/videos/202311/05/442457951/original/(m=eaf8GgaaaWavb)(mh=lRoj0iLfx26AdDCx)7.jpg;https://ei.phncdn.com/videos/202311/05/442457951/original/(m=eaf8GgaaaWavb)(mh=lRoj0iLfx26AdDCx)8.jpg;https://ei.phncdn.com/videos/202311/05/442457951/original/(m=eaf8GgaaaWavb)(mh=lRoj0iLfx26AdDCx)9.jpg;https://ei.phncdn.com/videos/202311/05/442457951/original/(m=eaf8GgaaaWavb)(mh=lRoj0iLfx26AdDCx)10.jpg;https://ei.phncdn.com/videos/202311/05/442457951/original/(m=eaf8GgaaaWavb)(mh=lRoj0iLfx26AdDCx)11.jpg;https://ei.phncdn.com/videos/202311/05/442457951/original/(m=eaf8GgaaaWavb)(mh=lRoj0iLfx26AdDCx)12.jpg;https://ei.phncdn.com/videos/202311/05/442457951/original/(m=eaf8GgaaaWavb)(mh=lRoj0iLfx26AdDCx)13.jpg;https://ei.phncdn.com/videos/202311/05/442457951/original/(m=eaf8GgaaaWavb)(mh=lRoj0iLfx26AdDCx)14.jpg;https://ei.phncdn.com/videos/202311/05/442457951/original/(m=eaf8GgaaaWavb)(mh=lRoj0iLfx26AdDCx)15.jpg;https://ei.phncdn.com/videos/202311/05/442457951/original/(m=eaf8GgaaaWavb)(mh=lRoj0iLfx26AdDCx)16.jpg|Playing|babygirl;pussyplease|Brazilian;Exclusive;Verified Amateurs;Solo Female;Female Orgasm;Vertical Video||31|292|12|0|https://ei.phncdn.com/videos/202311/05/442457951/original/(m=eaAaGwObaaamqv)(mh=RSLfGPmKK8tmFEd2)3.jpg|https://ei.phncdn.com/videos/202311/05/442457951/original/(m=eaAaGwObaaamqv)(mh=RSLfGPmKK8tmFEd2)1.jpg;https://ei.phncdn.com/videos/202311/05/442457951/original/(m=eaAaGwObaaamqv)(mh=RSLfGPmKK8tmFEd2)2.jpg;https://ei.phncdn.com/videos/202311/05/442457951/original/(m=eaAaGwObaaamqv)(mh=RSLfGPmKK8tmFEd2)3.jpg;https://ei.phncdn.com/videos/202311/05/442457951/original/(m=eaAaGwObaaamqv)(mh=RSLfGPmKK8tmFEd2)4.jpg;https://ei.phncdn.com/videos/202311/05/442457951/original/(m=eaAaGwObaaamqv)(mh=RSLfGPmKK8tmFEd2)5.jpg;https://ei.phncdn.com/videos/202311/05/442457951/original/(m=eaAaGwObaaamqv)(mh=RSLfGPmKK8tmFEd2)6.jpg;https://ei.phncdn.com/videos/202311/05/442457951/original/(m=eaAaGwObaaamqv)(mh=RSLfGPmKK8tmFEd2)7.jpg;https://ei.phncdn.com/videos/202311/05/442457951/original/(m=eaAaGwObaaamqv)(mh=RSLfGPmKK8tmFEd2)8.jpg;https://ei.phncdn.com/videos/202311/05/442457951/original/(m=eaAaGwObaaamqv)(mh=RSLfGPmKK8tmFEd2)9.jpg;https://ei.phncdn.com/videos/202311/05/442457951/original/(m=eaAaGwObaaamqv)(mh=RSLfGPmKK8tmFEd2)10.jpg;https://ei.phncdn.com/videos/202311/05/442457951/original/(m=eaAaGwObaaamqv)(mh=RSLfGPmKK8tmFEd2)11.jpg;https://ei.phncdn.com/videos/202311/05/442457951/original/(m=eaAaGwObaaamqv)(mh=RSLfGPmKK8tmFEd2)12.jpg;https://ei.phncdn.com/videos/202311/05/442457951/original/(m=eaAaGwObaaamqv)(mh=RSLfGPmKK8tmFEd2)13.jpg;https://ei.phncdn.com/videos/202311/05/442457951/original/(m=eaAaGwObaaamqv)(mh=RSLfGPmKK8tmFEd2)14.jpg;https://ei.phncdn.com/videos/202311/05/442457951/original/(m=eaAaGwObaaamqv)(mh=RSLfGPmKK8tmFEd2)15.jpg;https://ei.phncdn.com/videos/202311/05/442457951/original/(m=eaAaGwObaaamqv)(mh=RSLfGPmKK8tmFEd2)16.jpg
<iframe src="https://www.pornhub.com/embed/6561a2849acd5" frameborder="0" height="481" width="608" scrolling="no"></iframe>|https://ei.phncdn.com/videos/202311/25/443612751/original/(m=eaf8GgaaaWavb)(mh=-e5vNlF5lW7N4_-G)4.jpg|https://ei.phncdn.com/videos/202311/25/443612751/original/(m=eaf8GgaaaWavb)(mh=-e5vNlF5lW7N4_-G)1.jpg;https://ei.phncdn.com/videos/202311/25/443612751/original/(m=eaf8GgaaaWavb)(mh=-e5vNlF5lW7N4_-G)2.jpg;https://ei.phncdn.com/videos/202311/25/443612751/original/(m=eaf8GgaaaWavb)(mh=-e5vNlF5lW7N4_-G)3.jpg;https://ei.phncdn.com/videos/202311/25/443612751/original/(m=eaf8GgaaaWavb)(mh=-e5vNlF5lW7N4_-G)4.jpg;https://ei.phncdn.com/videos/202311/25/443612751/original/(m=eaf8GgaaaWavb)(mh=-e5vNlF5lW7N4_-G)5.jpg;https://ei.phncdn.com/videos/202311/25/443612751/original/(m=eaf8GgaaaWavb)(mh=-e5vNlF5lW7N4_-G)6.jpg;https://ei.phncdn.com/videos/202311/25/443612751/original/(m=eaf8GgaaaWavb)(mh=-e5vNlF5lW7N4_-G)7.jpg;https://ei.phncdn.com/videos/202311/25/443612751/original/(m=eaf8GgaaaWavb)(mh=-e5vNlF5lW7N4_-G)8.jpg;https://ei.phncdn.com/videos/202311/25/443612751/original/(m=eaf8GgaaaWavb)(mh=-e5vNlF5lW7N4_-G)9.jpg;https://ei.phncdn.com/videos/202311/25/443612751/original/(m=eaf8GgaaaWavb)(mh=-e5vNlF5lW7N4_-G)10.jpg;https://ei.phncdn.com/videos/202311/25/443612751/original/(m=eaf8GgaaaWavb)(mh=-e5vNlF5lW7N4_-G)11.jpg;https://ei.phncdn.com/videos/202311/25/443612751/original/(m=eaf8GgaaaWavb)(mh=-e5vNlF5lW7N4_-G)12.jpg;https://ei.phncdn.com/videos/202311/25/443612751/original/(m=eaf8GgaaaWavb)(mh=-e5vNlF5lW7N4_-G)13.jpg;https://ei.phncdn.com/videos/202311/25/443612751/original/(m=eaf8GgaaaWavb)(mh=-e5vNlF5lW7N4_-G)14.jpg;https://ei.phncdn.com/videos/202311/25/443612751/original/(m=eaf8GgaaaWavb)(mh=-e5vNlF5lW7N4_-G)15.jpg;https://ei.phncdn.com/videos/202311/25/443612751/original/(m=eaf8GgaaaWavb)(mh=-e5vNlF5lW7N4_-G)16.jpg|Bodyart|beautiful-girl;blonde;photoshoot;phone;photographer;music|Brazilian;Exclusive;Verified Amateurs;Solo Female;Vertical Video||11|29|1|0|https://ei.phncdn.com/videos/202311/25/443612751/original/(m=eaAaGwObaaamqv)(mh=VV25DbCvKcSpscYS)4.jpg|https://ei.phncdn.com/videos/202311/25/443612751/original/(m=eaAaGwObaaamqv)(mh=VV25DbCvKcSpscYS)1.jpg;https://ei.phncdn.com/videos/202311/25/443612751/original/(m=eaAaGwObaaamqv)(mh=VV25DbCvKcSpscYS)2.jpg;https://ei.phncdn.com/videos/202311/25/443612751/original/(m=eaAaGwObaaamqv)(mh=VV25DbCvKcSpscYS)3.jpg;https://ei.phncdn.com/videos/202311/25/443612751/original/(m=eaAaGwObaaamqv)(mh=VV25DbCvKcSpscYS)4.jpg;https://ei.phncdn.com/videos/202311/25/443612751/original/(m=eaAaGwObaaamqv)(mh=VV25DbCvKcSpscYS)5.jpg;https://ei.phncdn.com/videos/202311/25/443612751/original/(m=eaAaGwObaaamqv)(mh=VV25DbCvKcSpscYS)6.jpg;https://ei.phncdn.com/videos/202311/25/443612751/original/(m=eaAaGwObaaamqv)(mh=VV25DbCvKcSpscYS)7.jpg;https://ei.phncdn.com/videos/202311/25/443612751/original/(m=eaAaGwObaaamqv)(mh=VV25DbCvKcSpscYS)8.jpg;https://ei.phncdn.com/videos/202311/25/443612751/original/(m=eaAaGwObaaamqv)(mh=VV25DbCvKcSpscYS)9.jpg;https://ei.phncdn.com/videos/202311/25/443612751/original/(m=eaAaGwObaaamqv)(mh=VV25DbCvKcSpscYS)10.jpg;https://ei.phncdn.com/videos/202311/25/443612751/original/(m=eaAaGwObaaamqv)(mh=VV25DbCvKcSpscYS)11.jpg;https://ei.phncdn.com/videos/202311/25/443612751/original/(m=eaAaGwObaaamqv)(mh=VV25DbCvKcSpscYS)12.jpg;https://ei.phncdn.com/videos/202311/25/443612751/original/(m=eaAaGwObaaamqv)(mh=VV25DbCvKcSpscYS)13.jpg;https://ei.phncdn.com/videos/202311/25/443612751/original/(m=eaAaGwObaaamqv)(mh=VV25DbCvKcSpscYS)14.jpg;https://ei.phncdn.com/videos/202311/25/443612751/original/(m=eaAaGwObaaamqv)(mh=VV25DbCvKcSpscYS)15.jpg;https://ei.phncdn.com/videos/202311/25/443612751/original/(m=eaAaGwObaaamqv)(mh=VV25DbCvKcSpscYS)16.jpg
<iframe src="https://www.pornhub.com/embed/6561a69dc72b6" frameborder="0" height="481" width="608" scrolling="no"></iframe>|https://ei.phncdn.com/videos/202311/25/443613061/original/(m=eaf8GgaaaWavb)(mh=tPRp9sxNUZ9mJaa4)4.jpg|https://ei.phncdn.com/videos/202311/25/443613061/original/(m=eaf8GgaaaWavb)(mh=tPRp9sxNUZ9mJaa4)1.jpg;https://ei.phncdn.com/videos/202311/25/443613061/original/(m=eaf8GgaaaWavb)(mh=tPRp9sxNUZ9mJaa4)2.jpg;https://ei.phncdn.com/videos/202311/25/443613061/original/(m=eaf8GgaaaWavb)(mh=tPRp9sxNUZ9mJaa4)3.jpg;https://ei.phncdn.com/videos/202311/25/443613061/original/(m=eaf8GgaaaWavb)(mh=tPRp9sxNUZ9mJaa4)4.jpg;https://ei.phncdn.com/videos/202311/25/443613061/original/(m=eaf8GgaaaWavb)(mh=tPRp9sxNUZ9mJaa4)5.jpg;https://ei.phncdn.com/videos/202311/25/443613061/original/(m=eaf8GgaaaWavb)(mh=tPRp9sxNUZ9mJaa4)6.jpg;https://ei.phncdn.com/videos/202311/25/443613061/original/(m=eaf8GgaaaWavb)(mh=tPRp9sxNUZ9mJaa4)7.jpg;https://ei.phncdn.com/videos/202311/25/443613061/original/(m=eaf8GgaaaWavb)(mh=tPRp9sxNUZ9mJaa4)8.jpg;https://ei.phncdn.com/videos/202311/25/443613061/original/(m=eaf8GgaaaWavb)(mh=tPRp9sxNUZ9mJaa4)9.jpg;https://ei.phncdn.com/videos/202311/25/443613061/original/(m=eaf8GgaaaWavb)(mh=tPRp9sxNUZ9mJaa4)10.jpg;https://ei.phncdn.com/videos/202311/25/443613061/original/(m=eaf8GgaaaWavb)(mh=tPRp9sxNUZ9mJaa4)11.jpg;https://ei.phncdn.com/videos/202311/25/443613061/original/(m=eaf8GgaaaWavb)(mh=tPRp9sxNUZ9mJaa4)12.jpg;https://ei.phncdn.com/videos/202311/25/443613061/original/(m=eaf8GgaaaWavb)(mh=tPRp9sxNUZ9mJaa4)13.jpg;https://ei.phncdn.com/videos/202311/25/443613061/original/(m=eaf8GgaaaWavb)(mh=tPRp9sxNUZ9mJaa4)14.jpg;https://ei.phncdn.com/videos/202311/25/443613061/original/(m=eaf8GgaaaWavb)(mh=tPRp9sxNUZ9mJaa4)15.jpg;https://ei.phncdn.com/videos/202311/25/443613061/original/(m=eaf8GgaaaWavb)(mh=tPRp9sxNUZ9mJaa4)16.jpg|Artbody|beautiful-girl|Brazilian;Exclusive;Verified Amateurs;Solo Female;Vertical Video||11|18|||https://ei.phncdn.com/videos/202311/25/443613061/original/(m=eaAaGwObaaamqv)(mh=n_TiBSbdys95uifM)4.jpg|https://ei.phncdn.com/videos/202311/25/443613061/original/(m=eaAaGwObaaamqv)(mh=n_TiBSbdys95uifM)1.jpg;https://ei.phncdn.com/videos/202311/25/443613061/original/(m=eaAaGwObaaamqv)(mh=n_TiBSbdys95uifM)2.jpg;https://ei.phncdn.com/videos/202311/25/443613061/original/(m=eaAaGwObaaamqv)(mh=n_TiBSbdys95uifM)3.jpg;https://ei.phncdn.com/videos/202311/25/443613061/original/(m=eaAaGwObaaamqv)(mh=n_TiBSbdys95uifM)4.jpg;https://ei.phncdn.com/videos/202311/25/443613061/original/(m=eaAaGwObaaamqv)(mh=n_TiBSbdys95uifM)5.jpg;https://ei.phncdn.com/videos/202311/25/443613061/original/(m=eaAaGwObaaamqv)(mh=n_TiBSbdys95uifM)6.jpg;https://ei.phncdn.com/videos/202311/25/443613061/original/(m=eaAaGwObaaamqv)(mh=n_TiBSbdys95uifM)7.jpg;https://ei.phncdn.com/videos/202311/25/443613061/original/(m=eaAaGwObaaamqv)(mh=n_TiBSbdys95uifM)8.jpg;https://ei.phncdn.com/videos/202311/25/443613061/original/(m=eaAaGwObaaamqv)(mh=n_TiBSbdys95uifM)9.jpg;https://ei.phncdn.com/videos/202311/25/443613061/original/(m=eaAaGwObaaamqv)(mh=n_TiBSbdys95uifM)10.jpg;https://ei.phncdn.com/videos/202311/25/443613061/original/(m=eaAaGwObaaamqv)(mh=n_TiBSbdys95uifM)11.jpg;https://ei.phncdn.com/videos/202311/25/443613061/original/(m=eaAaGwObaaamqv)(mh=n_TiBSbdys95uifM)12.jpg;https://ei.phncdn.com/videos/202311/25/443613061/original/(m=eaAaGwObaaamqv)(mh=n_TiBSbdys95uifM)13.jpg;https://ei.phncdn.com/videos/202311/25/443613061/original/(m=eaAaGwObaaamqv)(mh=n_TiBSbdys95uifM)14.jpg;https://ei.phncdn.com/videos/202311/25/443613061/original/(m=eaAaGwObaaamqv)(mh=n_TiBSbdys95uifM)15.jpg;https://ei.phncdn.com/videos/202311/25/443613061/original/(m=eaAaGwObaaamqv)(mh=n_TiBSbdys95uifM)16.jpg
<iframe src="https://www.pornhub.com/embed/66101105a1d70" frameborder="0" height="481" width="608" scrolling="no"></iframe>|https://ei.phncdn.com/videos/202404/05/450670961/original/(m=eaf8GgaaaWavb)(mh=T0z_PDcU03iGLgB8)14.jpg|https://ei.phncdn.com/videos/202404/05/450670961/original/(m=eaf8GgaaaWavb)(mh=T0z_PDcU03iGLgB8)1.jpg;https://ei.phncdn.com/videos/202404/05/450670961/original/(m=eaf8GgaaaWavb)(mh=T0z_PDcU03iGLgB8)2.jpg;https://ei.phncdn.com/videos/202404/05/450670961/original/(m=eaf8GgaaaWavb)(mh=T0z_PDcU03iGLgB8)3.jpg;https://ei.phncdn.com/videos/202404/05/450670961/original/(m=eaf8GgaaaWavb)(mh=T0z_PDcU03iGLgB8)4.jpg;https://ei.phncdn.com/videos/202404/05/450670961/original/(m=eaf8GgaaaWavb)(mh=T0z_PDcU03iGLgB8)5.jpg;https://ei.phncdn.com/videos/202404/05/450670961/original/(m=eaf8GgaaaWavb)(mh=T0z_PDcU03iGLgB8)6.jpg;https://ei.phncdn.com/videos/202404/05/450670961/original/(m=eaf8GgaaaWavb)(mh=T0z_PDcU03iGLgB8)7.jpg;https://ei.phncdn.com/videos/202404/05/450670961/original/(m=eaf8GgaaaWavb)(mh=T0z_PDcU03iGLgB8)8.jpg;https://ei.phncdn.com/videos/202404/05/450670961/original/(m=eaf8GgaaaWavb)(mh=T0z_PDcU03iGLgB8)9.jpg;https://ei.phncdn.com/videos/202404/05/450670961/original/(m=eaf8GgaaaWavb)(mh=T0z_PDcU03iGLgB8)10.jpg;https://ei.phncdn.com/videos/202404/05/450670961/original/(m=eaf8GgaaaWavb)(mh=T0z_PDcU03iGLgB8)11.jpg;https://ei.phncdn.com/videos/202404/05/450670961/original/(m=eaf8GgaaaWavb)(mh=T0z_PDcU03iGLgB8)12.jpg;https://ei.phncdn.com/videos/202404/05/450670961/original/(m=eaf8GgaaaWavb)(mh=T0z_PDcU03iGLgB8)13.jpg;https://ei.phncdn.com/videos/202404/05/450670961/original/(m=eaf8GgaaaWavb)(mh=T0z_PDcU03iGLgB8)14.jpg;https://ei.phncdn.com/videos/202404/05/450670961/original/(m=eaf8GgaaaWavb)(mh=T0z_PDcU03iGLgB8)15.jpg;https://ei.phncdn.com/videos/202404/05/450670961/original/(m=eaf8GgaaaWavb)(mh=T0z_PDcU03iGLgB8)16.jpg|cute pinay, puffy nipples, hairy, virtual girlfriend, sexting, free nudes, OnlyFans model, cock rati|sexting;free-nudes;virtual-girlfriend;cute-pinay;puffy-nipples;hairy;asmr-moans;cock-rating;onlyfans-model;pov-virtual-sex;asmr;asm-sex;amateur-girl;amateur-porn;webcam|Brazilian;Exclusive;Verified Amateurs;Old/Young (18+);Solo Female||134|2365|9|7|https://ei.phncdn.com/videos/202404/05/450670961/original/(m=eaAaGwObaaamqv)(mh=xdVsn29FOG7_14AO)14.jpg|https://ei.phncdn.com/videos/202404/05/450670961/original/(m=eaAaGwObaaamqv)(mh=xdVsn29FOG7_14AO)1.jpg;https://ei.phncdn.com/videos/202404/05/450670961/original/(m=eaAaGwObaaamqv)(mh=xdVsn29FOG7_14AO)2.jpg;https://ei.phncdn.com/videos/202404/05/450670961/original/(m=eaAaGwObaaamqv)(mh=xdVsn29FOG7_14AO)3.jpg;https://ei.phncdn.com/videos/202404/05/450670961/original/(m=eaAaGwObaaamqv)(mh=xdVsn29FOG7_14AO)4.jpg;https://ei.phncdn.com/videos/202404/05/450670961/original/(m=eaAaGwObaaamqv)(mh=xdVsn29FOG7_14AO)5.jpg;https://ei.phncdn.com/videos/202404/05/450670961/original/(m=eaAaGwObaaamqv)(mh=xdVsn29FOG7_14AO)6.jpg;https://ei.phncdn.com/videos/202404/05/450670961/original/(m=eaAaGwObaaamqv)(mh=xdVsn29FOG7_14AO)7.jpg;https://ei.phncdn.com/videos/202404/05/450670961/original/(m=eaAaGwObaaamqv)(mh=xdVsn29FOG7_14AO)8.jpg;https://ei.phncdn.com/videos/202404/05/450670961/original/(m=eaAaGwObaaamqv)(mh=xdVsn29FOG7_14AO)9.jpg;https://ei.phncdn.com/videos/202404/05/450670961/original/(m=eaAaGwObaaamqv)(mh=xdVsn29FOG7_14AO)10.jpg;https://ei.phncdn.com/videos/202404/05/450670961/original/(m=eaAaGwObaaamqv)(mh=xdVsn29FOG7_14AO)11.jpg;https://ei.phncdn.com/videos/202404/05/450670961/original/(m=eaAaGwObaaamqv)(mh=xdVsn29FOG7_14AO)12.jpg;https://ei.phncdn.com/videos/202404/05/450670961/original/(m=eaAaGwObaaamqv)(mh=xdVsn29FOG7_14AO)13.jpg;https://ei.phncdn.com/videos/202404/05/450670961/original/(m=eaAaGwObaaamqv)(mh=xdVsn29FOG7_14AO)14.jpg;https://ei.phncdn.com/videos/202404/05/450670961/original/(m=eaAaGwObaaamqv)(mh=xdVsn29FOG7_14AO)15.jpg;https://ei.phncdn.com/videos/202404/05/450670961/original/(m=eaAaGwObaaamqv)(mh=xdVsn29FOG7_14AO)16.jpg
<iframe src="https://www.pornhub.com/embed/663cad04461b0" frameborder="0" height="481" width="608" scrolling="no"></iframe>|https://ei.phncdn.com/videos/202405/09/452226751/original/(m=eaf8GgaaaWavb)(mh=2Ca6MdImamL6wcwG)9.jpg|https://ei.phncdn.com/videos/202405/09/452226751/original/(m=eaf8GgaaaWavb)(mh=2Ca6MdImamL6wcwG)1.jpg;https://ei.phncdn.com/videos/202405/09/452226751/original/(m=eaf8GgaaaWavb)(mh=2Ca6MdImamL6wcwG)2.jpg;https://ei.phncdn.com/videos/202405/09/452226751/original/(m=eaf8GgaaaWavb)(mh=2Ca6MdImamL6wcwG)3.jpg;https://ei.phncdn.com/videos/202405/09/452226751/original/(m=eaf8GgaaaWavb)(mh=2Ca6MdImamL6wcwG)4.jpg;https://ei.phncdn.com/videos/202405/09/452226751/original/(m=eaf8GgaaaWavb)(mh=2Ca6MdImamL6wcwG)5.jpg;https://ei.phncdn.com/videos/202405/09/452226751/original/(m=eaf8GgaaaWavb)(mh=2Ca6MdImamL6wcwG)6.jpg;https://ei.phncdn.com/videos/202405/09/452226751/original/(m=eaf8GgaaaWavb)(mh=2Ca6MdImamL6wcwG)7.jpg;https://ei.phncdn.com/videos/202405/09/452226751/original/(m=eaf8GgaaaWavb)(mh=2Ca6MdImamL6wcwG)8.jpg;https://ei.phncdn.com/videos/202405/09/452226751/original/(m=eaf8GgaaaWavb)(mh=2Ca6MdImamL6wcwG)9.jpg;https://ei.phncdn.com/videos/202405/09/452226751/original/(m=eaf8GgaaaWavb)(mh=2Ca6MdImamL6wcwG)10.jpg;https://ei.phncdn.com/videos/202405/09/452226751/original/(m=eaf8GgaaaWavb)(mh=2Ca6MdImamL6wcwG)11.jpg;https://ei.phncdn.com/videos/202405/09/452226751/original/(m=eaf8GgaaaWavb)(mh=2Ca6MdImamL6wcwG)12.jpg;https://ei.phncdn.com/videos/202405/09/452226751/original/(m=eaf8GgaaaWavb)(mh=2Ca6MdImamL6wcwG)13.jpg;https://ei.phncdn.com/videos/202405/09/452226751/original/(m=eaf8GgaaaWavb)(mh=2Ca6MdImamL6wcwG)14.jpg;https://ei.phncdn.com/videos/202405/09/452226751/original/(m=eaf8GgaaaWavb)(mh=2Ca6MdImamL6wcwG)15.jpg;https://ei.phncdn.com/videos/202405/09/452226751/original/(m=eaf8GgaaaWavb)(mh=2Ca6MdImamL6wcwG)16.jpg|Comendo Gostoso a Buceta da|namorada-gostosa;comendo-a-vizinha|Brazilian;Verified Amateurs;Old/Young (18+)||62|12788|32|5|https://ei.phncdn.com/videos/202405/09/452226751/original/(m=eaAaGwObaaamqv)(mh=drUhuh5P5COpusk5)9.jpg|https://ei.phncdn.com/videos/202405/09/452226751/original/(m=eaAaGwObaaamqv)(mh=drUhuh5P5COpusk5)1.jpg;https://ei.phncdn.com/videos/202405/09/452226751/original/(m=eaAaGwObaaamqv)(mh=drUhuh5P5COpusk5)2.jpg;https://ei.phncdn.com/videos/202405/09/452226751/original/(m=eaAaGwObaaamqv)(mh=drUhuh5P5COpusk5)3.jpg;https://ei.phncdn.com/videos/202405/09/452226751/original/(m=eaAaGwObaaamqv)(mh=drUhuh5P5COpusk5)4.jpg;https://ei.phncdn.com/videos/202405/09/452226751/original/(m=eaAaGwObaaamqv)(mh=drUhuh5P5COpusk5)5.jpg;https://ei.phncdn.com/videos/202405/09/452226751/original/(m=eaAaGwObaaamqv)(mh=drUhuh5P5COpusk5)6.jpg;https://ei.phncdn.com/videos/202405/09/452226751/original/(m=eaAaGwObaaamqv)(mh=drUhuh5P5COpusk5)7.jpg;https://ei.phncdn.com/videos/202405/09/452226751/original/(m=eaAaGwObaaamqv)(mh=drUhuh5P5COpusk5)8.jpg;https://ei.phncdn.com/videos/202405/09/452226751/original/(m=eaAaGwObaaamqv)(mh=drUhuh5P5COpusk5)9.jpg;https://ei.phncdn.com/videos/202405/09/452226751/original/(m=eaAaGwObaaamqv)(mh=drUhuh5P5COpusk5)10.jpg;https://ei.phncdn.com/videos/202405/09/452226751/original/(m=eaAaGwObaaamqv)(mh=drUhuh5P5COpusk5)11.jpg;https://ei.phncdn.com/videos/202405/09/452226751/original/(m=eaAaGwObaaamqv)(mh=drUhuh5P5COpusk5)12.jpg;https://ei.phncdn.com/videos/202405/09/452226751/original/(m=eaAaGwObaaamqv)(mh=drUhuh5P5COpusk5)13.jpg;https://ei.phncdn.com/videos/202405/09/452226751/original/(m=eaAaGwObaaamqv)(mh=drUhuh5P5COpusk5)14.jpg;https://ei.phncdn.com/videos/202405/09/452226751/original/(m=eaAaGwObaaamqv)(mh=drUhuh5P5COpusk5)15.jpg;https://ei.phncdn.com/videos/202405/09/452226751/original/(m=eaAaGwObaaamqv)(mh=drUhuh5P5COpusk5)16.jpg
<iframe src="https://www.pornhub.com/embed/6665034563401" frameborder="0" height="481" width="608" scrolling="no"></iframe>|https://ei.phncdn.com/videos/202406/09/453569561/original/(m=eaf8GgaaaWavb)(mh=GvJJR6iKk_rpcVfc)7.jpg|https://ei.phncdn.com/videos/202406/09/453569561/original/(m=eaf8GgaaaWavb)(mh=GvJJR6iKk_rpcVfc)1.jpg;https://ei.phncdn.com/videos/202406/09/453569561/original/(m=eaf8GgaaaWavb)(mh=GvJJR6iKk_rpcVfc)2.jpg;https://ei.phncdn.com/videos/202406/09/453569561/original/(m=eaf8GgaaaWavb)(mh=GvJJR6iKk_rpcVfc)3.jpg;https://ei.phncdn.com/videos/202406/09/453569561/original/(m=eaf8GgaaaWavb)(mh=GvJJR6iKk_rpcVfc)4.jpg;https://ei.phncdn.com/videos/202406/09/453569561/original/(m=eaf8GgaaaWavb)(mh=GvJJR6iKk_rpcVfc)5.jpg;https://ei.phncdn.com/videos/202406/09/453569561/original/(m=eaf8GgaaaWavb)(mh=GvJJR6iKk_rpcVfc)6.jpg;https://ei.phncdn.com/videos/202406/09/453569561/original/(m=eaf8GgaaaWavb)(mh=GvJJR6iKk_rpcVfc)7.jpg;https://ei.phncdn.com/videos/202406/09/453569561/original/(m=eaf8GgaaaWavb)(mh=GvJJR6iKk_rpcVfc)8.jpg;https://ei.phncdn.com/videos/202406/09/453569561/original/(m=eaf8GgaaaWavb)(mh=GvJJR6iKk_rpcVfc)9.jpg;https://ei.phncdn.com/videos/202406/09/453569561/original/(m=eaf8GgaaaWavb)(mh=GvJJR6iKk_rpcVfc)10.jpg;https://ei.phncdn.com/videos/202406/09/453569561/original/(m=eaf8GgaaaWavb)(mh=GvJJR6iKk_rpcVfc)11.jpg;https://ei.phncdn.com/videos/202406/09/453569561/original/(m=eaf8GgaaaWavb)(mh=GvJJR6iKk_rpcVfc)12.jpg;https://ei.phncdn.com/videos/202406/09/453569561/original/(m=eaf8GgaaaWavb)(mh=GvJJR6iKk_rpcVfc)13.jpg;https://ei.phncdn.com/videos/202406/09/453569561/original/(m=eaf8GgaaaWavb)(mh=GvJJR6iKk_rpcVfc)14.jpg;https://ei.phncdn.com/videos/202406/09/453569561/original/(m=eaf8GgaaaWavb)(mh=GvJJR6iKk_rpcVfc)15.jpg;https://ei.phncdn.com/videos/202406/09/453569561/original/(m=eaf8GgaaaWavb)(mh=GvJJR6iKk_rpcVfc)16.jpg|Corno leva esposa ao ginecologista safado!|amateur-wife-sharing;cheating-wife;wife;cuckold;cuckold-creampie;doctor-exam;exam;gyno-exam;ginekolog-medic-exam;ginecologo-doctor;doctor-fucks-patient;doctor|Brazilian;Verified Amateurs;Cuckold||374|893353|1464|398|https://ei.phncdn.com/videos/202406/09/453569561/original/(m=eaAaGwObaaamqv)(mh=bPPr7gAvuZHos_xV)7.jpg|https://ei.phncdn.com/videos/202406/09/453569561/original/(m=eaAaGwObaaamqv)(mh=bPPr7gAvuZHos_xV)1.jpg;https://ei.phncdn.com/videos/202406/09/453569561/original/(m=eaAaGwObaaamqv)(mh=bPPr7gAvuZHos_xV)2.jpg;https://ei.phncdn.com/videos/202406/09/453569561/original/(m=eaAaGwObaaamqv)(mh=bPPr7gAvuZHos_xV)3.jpg;https://ei.phncdn.com/videos/202406/09/453569561/original/(m=eaAaGwObaaamqv)(mh=bPPr7gAvuZHos_xV)4.jpg;https://ei.phncdn.com/videos/202406/09/453569561/original/(m=eaAaGwObaaamqv)(mh=bPPr7gAvuZHos_xV)5.jpg;https://ei.phncdn.com/videos/202406/09/453569561/original/(m=eaAaGwObaaamqv)(mh=bPPr7gAvuZHos_xV)6.jpg;https://ei.phncdn.com/videos/202406/09/453569561/original/(m=eaAaGwObaaamqv)(mh=bPPr7gAvuZHos_xV)7.jpg;https://ei.phncdn.com/videos/202406/09/453569561/original/(m=eaAaGwObaaamqv)(mh=bPPr7gAvuZHos_xV)8.jpg;https://ei.phncdn.com/videos/202406/09/453569561/original/(m=eaAaGwObaaamqv)(mh=bPPr7gAvuZHos_xV)9.jpg;https://ei.phncdn.com/videos/202406/09/453569561/original/(m=eaAaGwObaaamqv)(mh=bPPr7gAvuZHos_xV)10.jpg;https://ei.phncdn.com/videos/202406/09/453569561/original/(m=eaAaGwObaaamqv)(mh=bPPr7gAvuZHos_xV)11.jpg;https://ei.phncdn.com/videos/202406/09/453569561/original/(m=eaAaGwObaaamqv)(mh=bPPr7gAvuZHos_xV)12.jpg;https://ei.phncdn.com/videos/202406/09/453569561/original/(m=eaAaGwObaaamqv)(mh=bPPr7gAvuZHos_xV)13.jpg;https://ei.phncdn.com/videos/202406/09/453569561/original/(m=eaAaGwObaaamqv)(mh=bPPr7gAvuZHos_xV)14.jpg;https://ei.phncdn.com/videos/202406/09/453569561/original/(m=eaAaGwObaaamqv)(mh=bPPr7gAvuZHos_xV)15.jpg;https://ei.phncdn.com/videos/202406/09/453569561/original/(m=eaAaGwObaaamqv)(mh=bPPr7gAvuZHos_xV)16.jpg
<iframe src="https://www.pornhub.com/embed/66854dfe6c051" frameborder="0" height="481" width="608" scrolling="no"></iframe>|https://ei.phncdn.com/videos/202407/03/454681781/original/(m=eaf8GgaaaWavb)(mh=4rf7yXwQn9mnVG05)4.jpg|https://ei.phncdn.com/videos/202407/03/454681781/original/(m=eaf8GgaaaWavb)(mh=4rf7yXwQn9mnVG05)1.jpg;https://ei.phncdn.com/videos/202407/03/454681781/original/(m=eaf8GgaaaWavb)(mh=4rf7yXwQn9mnVG05)2.jpg;https://ei.phncdn.com/videos/202407/03/454681781/original/(m=eaf8GgaaaWavb)(mh=4rf7yXwQn9mnVG05)3.jpg;https://ei.phncdn.com/videos/202407/03/454681781/original/(m=eaf8GgaaaWavb)(mh=4rf7yXwQn9mnVG05)4.jpg;https://ei.phncdn.com/videos/202407/03/454681781/original/(m=eaf8GgaaaWavb)(mh=4rf7yXwQn9mnVG05)5.jpg;https://ei.phncdn.com/videos/202407/03/454681781/original/(m=eaf8GgaaaWavb)(mh=4rf7yXwQn9mnVG05)6.jpg;https://ei.phncdn.com/videos/202407/03/454681781/original/(m=eaf8GgaaaWavb)(mh=4rf7yXwQn9mnVG05)7.jpg;https://ei.phncdn.com/videos/202407/03/454681781/original/(m=eaf8GgaaaWavb)(mh=4rf7yXwQn9mnVG05)8.jpg;https://ei.phncdn.com/videos/202407/03/454681781/original/(m=eaf8GgaaaWavb)(mh=4rf7yXwQn9mnVG05)9.jpg;https://ei.phncdn.com/videos/202407/03/454681781/original/(m=eaf8GgaaaWavb)(mh=4rf7yXwQn9mnVG05)10.jpg;https://ei.phncdn.com/videos/202407/03/454681781/original/(m=eaf8GgaaaWavb)(mh=4rf7yXwQn9mnVG05)11.jpg;https://ei.phncdn.com/videos/202407/03/454681781/original/(m=eaf8GgaaaWavb)(mh=4rf7yXwQn9mnVG05)12.jpg;https://ei.phncdn.com/videos/202407/03/454681781/original/(m=eaf8GgaaaWavb)(mh=4rf7yXwQn9mnVG05)13.jpg;https://ei.phncdn.com/videos/202407/03/454681781/original/(m=eaf8GgaaaWavb)(mh=4rf7yXwQn9mnVG05)14.jpg;https://ei.phncdn.com/videos/202407/03/454681781/original/(m=eaf8GgaaaWavb)(mh=4rf7yXwQn9mnVG05)15.jpg;https://ei.phncdn.com/videos/202407/03/454681781/original/(m=eaf8GgaaaWavb)(mh=4rf7yXwQn9mnVG05)16.jpg|Martina Oliveira mostrando oque tem de melhor|bunda-grande;peitos-pequenos|Brazilian;Exclusive;Verified Amateurs;Solo Female;Vertical Video||42|107849|2246|161|https://ei.phncdn.com/videos/202407/03/454681781/original/(m=eaAaGwObaaamqv)(mh=0S7oeibNsQe3Jn9X)4.jpg|https://ei.phncdn.com/videos/202407/03/454681781/original/(m=eaAaGwObaaamqv)(mh=0S7oeibNsQe3Jn9X)1.jpg;https://ei.phncdn.com/videos/202407/03/454681781/original/(m=eaAaGwObaaamqv)(mh=0S7oeibNsQe3Jn9X)2.jpg;https://ei.phncdn.com/videos/202407/03/454681781/original/(m=eaAaGwObaaamqv)(mh=0S7oeibNsQe3Jn9X)3.jpg;https://ei.phncdn.com/videos/202407/03/454681781/original/(m=eaAaGwObaaamqv)(mh=0S7oeibNsQe3Jn9X)4.jpg;https://ei.phncdn.com/videos/202407/03/454681781/original/(m=eaAaGwObaaamqv)(mh=0S7oeibNsQe3Jn9X)5.jpg;https://ei.phncdn.com/videos/202407/03/454681781/original/(m=eaAaGwObaaamqv)(mh=0S7oeibNsQe3Jn9X)6.jpg;https://ei.phncdn.com/videos/202407/03/454681781/original/(m=eaAaGwObaaamqv)(mh=0S7oeibNsQe3Jn9X)7.jpg;https://ei.phncdn.com/videos/202407/03/454681781/original/(m=eaAaGwObaaamqv)(mh=0S7oeibNsQe3Jn9X)8.jpg;https://ei.phncdn.com/videos/202407/03/454681781/original/(m=eaAaGwObaaamqv)(mh=0S7oeibNsQe3Jn9X)9.jpg;https://ei.phncdn.com/videos/202407/03/454681781/original/(m=eaAaGwObaaamqv)(mh=0S7oeibNsQe3Jn9X)10.jpg;https://ei.phncdn.com/videos/202407/03/454681781/original/(m=eaAaGwObaaamqv)(mh=0S7oeibNsQe3Jn9X)11.jpg;https://ei.phncdn.com/videos/202407/03/454681781/original/(m=eaAaGwObaaamqv)(mh=0S7oeibNsQe3Jn9X)12.jpg;https://ei.phncdn.com/videos/202407/03/454681781/original/(m=eaAaGwObaaamqv)(mh=0S7oeibNsQe3Jn9X)13.jpg;https://ei.phncdn.com/videos/202407/03/454681781/original/(m=eaAaGwObaaamqv)(mh=0S7oeibNsQe3Jn9X)14.jpg;https://ei.phncdn.com/videos/202407/03/454681781/original/(m=eaAaGwObaaamqv)(mh=0S7oeibNsQe3Jn9X)15.jpg;https://ei.phncdn.com/videos/202407/03/454681781/original/(m=eaAaGwObaaamqv)(mh=0S7oeibNsQe3Jn9X)16.jpg
<iframe src="https://www.pornhub.com/embed/668baad2a83b0" frameborder="0" height="481" width="608" scrolling="no"></iframe>|https://ei.phncdn.com/videos/202407/08/454889041/original/(m=eaf8GgaaaWavb)(mh=JzVRNwh9w5e35-Kw)12.jpg|https://ei.phncdn.com/videos/202407/08/454889041/original/(m=eaf8GgaaaWavb)(mh=JzVRNwh9w5e35-Kw)1.jpg;https://ei.phncdn.com/videos/202407/08/454889041/original/(m=eaf8GgaaaWavb)(mh=JzVRNwh9w5e35-Kw)2.jpg;https://ei.phncdn.com/videos/202407/08/454889041/original/(m=eaf8GgaaaWavb)(mh=JzVRNwh9w5e35-Kw)3.jpg;https://ei.phncdn.com/videos/202407/08/454889041/original/(m=eaf8GgaaaWavb)(mh=JzVRNwh9w5e35-Kw)4.jpg;https://ei.phncdn.com/videos/202407/08/454889041/original/(m=eaf8GgaaaWavb)(mh=JzVRNwh9w5e35-Kw)5.jpg;https://ei.phncdn.com/videos/202407/08/454889041/original/(m=eaf8GgaaaWavb)(mh=JzVRNwh9w5e35-Kw)6.jpg;https://ei.phncdn.com/videos/202407/08/454889041/original/(m=eaf8GgaaaWavb)(mh=JzVRNwh9w5e35-Kw)7.jpg;https://ei.phncdn.com/videos/202407/08/454889041/original/(m=eaf8GgaaaWavb)(mh=JzVRNwh9w5e35-Kw)8.jpg;https://ei.phncdn.com/videos/202407/08/454889041/original/(m=eaf8GgaaaWavb)(mh=JzVRNwh9w5e35-Kw)9.jpg;https://ei.phncdn.com/videos/202407/08/454889041/original/(m=eaf8GgaaaWavb)(mh=JzVRNwh9w5e35-Kw)10.jpg;https://ei.phncdn.com/videos/202407/08/454889041/original/(m=eaf8GgaaaWavb)(mh=JzVRNwh9w5e35-Kw)11.jpg;https://ei.phncdn.com/videos/202407/08/454889041/original/(m=eaf8GgaaaWavb)(mh=JzVRNwh9w5e35-Kw)12.jpg;https://ei.phncdn.com/videos/202407/08/454889041/original/(m=eaf8GgaaaWavb)(mh=JzVRNwh9w5e35-Kw)13.jpg;https://ei.phncdn.com/videos/202407/08/454889041/original/(m=eaf8GgaaaWavb)(mh=JzVRNwh9w5e35-Kw)14.jpg;https://ei.phncdn.com/videos/202407/08/454889041/original/(m=eaf8GgaaaWavb)(mh=JzVRNwh9w5e35-Kw)15.jpg;https://ei.phncdn.com/videos/202407/08/454889041/original/(m=eaf8GgaaaWavb)(mh=JzVRNwh9w5e35-Kw)16.jpg|Ruiva se divertindo na live|female-orgasm;amateur|Brazilian;Exclusive;Verified Amateurs;Solo Female;Female Orgasm||385|2000|12|2|https://ei.phncdn.com/videos/202407/08/454889041/original/(m=eaAaGwObaaamqv)(mh=cXEy1hg3lCeio2if)12.jpg|https://ei.phncdn.com/videos/202407/08/454889041/original/(m=eaAaGwObaaamqv)(mh=cXEy1hg3lCeio2if)1.jpg;https://ei.phncdn.com/videos/202407/08/454889041/original/(m=eaAaGwObaaamqv)(mh=cXEy1hg3lCeio2if)2.jpg;https://ei.phncdn.com/videos/202407/08/454889041/original/(m=eaAaGwObaaamqv)(mh=cXEy1hg3lCeio2if)3.jpg;https://ei.phncdn.com/videos/202407/08/454889041/original/(m=eaAaGwObaaamqv)(mh=cXEy1hg3lCeio2if)4.jpg;https://ei.phncdn.com/videos/202407/08/454889041/original/(m=eaAaGwObaaamqv)(mh=cXEy1hg3lCeio2if)5.jpg;https://ei.phncdn.com/videos/202407/08/454889041/original/(m=eaAaGwObaaamqv)(mh=cXEy1hg3lCeio2if)6.jpg;https://ei.phncdn.com/videos/202407/08/454889041/original/(m=eaAaGwObaaamqv)(mh=cXEy1hg3lCeio2if)7.jpg;https://ei.phncdn.com/videos/202407/08/454889041/original/(m=eaAaGwObaaamqv)(mh=cXEy1hg3lCeio2if)8.jpg;https://ei.phncdn.com/videos/202407/08/454889041/original/(m=eaAaGwObaaamqv)(mh=cXEy1hg3lCeio2if)9.jpg;https://ei.phncdn.com/videos/202407/08/454889041/original/(m=eaAaGwObaaamqv)(mh=cXEy1hg3lCeio2if)10.jpg;https://ei.phncdn.com/videos/202407/08/454889041/original/(m=eaAaGwObaaamqv)(mh=cXEy1hg3lCeio2if)11.jpg;https://ei.phncdn.com/videos/202407/08/454889041/original/(m=eaAaGwObaaamqv)(mh=cXEy1hg3lCeio2if)12.jpg;https://ei.phncdn.com/videos/202407/08/454889041/original/(m=eaAaGwObaaamqv)(mh=cXEy1hg3lCeio2if)13.jpg;https://ei.phncdn.com/videos/202407/08/454889041/original/(m=eaAaGwObaaamqv)(mh=cXEy1hg3lCeio2if)14.jpg;https://ei.phncdn.com/videos/202407/08/454889041/original/(m=eaAaGwObaaamqv)(mh=cXEy1hg3lCeio2if)15.jpg;https://ei.phncdn.com/videos/202407/08/454889041/original/(m=eaAaGwObaaamqv)(mh=cXEy1hg3lCeio2if)16.jpg
<iframe src="https://www.pornhub.com/embed/669041b94a2dc" frameborder="0" height="481" width="608" scrolling="no"></iframe>|https://ei.phncdn.com/videos/202407/11/455050301/original/(m=eaf8GgaaaWavb)(mh=PeBQHqVhVNEGDJOV)13.jpg|https://ei.phncdn.com/videos/202407/11/455050301/original/(m=eaf8GgaaaWavb)(mh=PeBQHqVhVNEGDJOV)1.jpg;https://ei.phncdn.com/videos/202407/11/455050301/original/(m=eaf8GgaaaWavb)(mh=PeBQHqVhVNEGDJOV)2.jpg;https://ei.phncdn.com/videos/202407/11/455050301/original/(m=eaf8GgaaaWavb)(mh=PeBQHqVhVNEGDJOV)3.jpg;https://ei.phncdn.com/videos/202407/11/455050301/original/(m=eaf8GgaaaWavb)(mh=PeBQHqVhVNEGDJOV)4.jpg;https://ei.phncdn.com/videos/202407/11/455050301/original/(m=eaf8GgaaaWavb)(mh=PeBQHqVhVNEGDJOV)5.jpg;https://ei.phncdn.com/videos/202407/11/455050301/original/(m=eaf8GgaaaWavb)(mh=PeBQHqVhVNEGDJOV)6.jpg;https://ei.phncdn.com/videos/202407/11/455050301/original/(m=eaf8GgaaaWavb)(mh=PeBQHqVhVNEGDJOV)7.jpg;https://ei.phncdn.com/videos/202407/11/455050301/original/(m=eaf8GgaaaWavb)(mh=PeBQHqVhVNEGDJOV)8.jpg;https://ei.phncdn.com/videos/202407/11/455050301/original/(m=eaf8GgaaaWavb)(mh=PeBQHqVhVNEGDJOV)9.jpg;https://ei.phncdn.com/videos/202407/11/455050301/original/(m=eaf8GgaaaWavb)(mh=PeBQHqVhVNEGDJOV)10.jpg;https://ei.phncdn.com/videos/202407/11/455050301/original/(m=eaf8GgaaaWavb)(mh=PeBQHqVhVNEGDJOV)11.jpg;https://ei.phncdn.com/videos/202407/11/455050301/original/(m=eaf8GgaaaWavb)(mh=PeBQHqVhVNEGDJOV)12.jpg;https://ei.phncdn.com/videos/202407/11/455050301/original/(m=eaf8GgaaaWavb)(mh=PeBQHqVhVNEGDJOV)13.jpg;https://ei.phncdn.com/videos/202407/11/455050301/original/(m=eaf8GgaaaWavb)(mh=PeBQHqVhVNEGDJOV)14.jpg;https://ei.phncdn.com/videos/202407/11/455050301/original/(m=eaf8GgaaaWavb)(mh=PeBQHqVhVNEGDJOV)15.jpg;https://ei.phncdn.com/videos/202407/11/455050301/original/(m=eaf8GgaaaWavb)(mh=PeBQHqVhVNEGDJOV)16.jpg|Carinhosinho|brasileiras-gostosas;brasileira-siririca|Brazilian;Exclusive;Verified Amateurs;Solo Female||20|21370|144|28|https://ei.phncdn.com/videos/202407/11/455050301/original/(m=eaAaGwObaaamqv)(mh=6UG7cPlttWRhKDSo)13.jpg|https://ei.phncdn.com/videos/202407/11/455050301/original/(m=eaAaGwObaaamqv)(mh=6UG7cPlttWRhKDSo)1.jpg;https://ei.phncdn.com/videos/202407/11/455050301/original/(m=eaAaGwObaaamqv)(mh=6UG7cPlttWRhKDSo)2.jpg;https://ei.phncdn.com/videos/202407/11/455050301/original/(m=eaAaGwObaaamqv)(mh=6UG7cPlttWRhKDSo)3.jpg;https://ei.phncdn.com/videos/202407/11/455050301/original/(m=eaAaGwObaaamqv)(mh=6UG7cPlttWRhKDSo)4.jpg;https://ei.phncdn.com/videos/202407/11/455050301/original/(m=eaAaGwObaaamqv)(mh=6UG7cPlttWRhKDSo)5.jpg;https://ei.phncdn.com/videos/202407/11/455050301/original/(m=eaAaGwObaaamqv)(mh=6UG7cPlttWRhKDSo)6.jpg;https://ei.phncdn.com/videos/202407/11/455050301/original/(m=eaAaGwObaaamqv)(mh=6UG7cPlttWRhKDSo)7.jpg;https://ei.phncdn.com/videos/202407/11/455050301/original/(m=eaAaGwObaaamqv)(mh=6UG7cPlttWRhKDSo)8.jpg;https://ei.phncdn.com/videos/202407/11/455050301/original/(m=eaAaGwObaaamqv)(mh=6UG7cPlttWRhKDSo)9.jpg;https://ei.phncdn.com/videos/202407/11/455050301/original/(m=eaAaGwObaaamqv)(mh=6UG7cPlttWRhKDSo)10.jpg;https://ei.phncdn.com/videos/202407/11/455050301/original/(m=eaAaGwObaaamqv)(mh=6UG7cPlttWRhKDSo)11.jpg;https://ei.phncdn.com/videos/202407/11/455050301/original/(m=eaAaGwObaaamqv)(mh=6UG7cPlttWRhKDSo)12.jpg;https://ei.phncdn.com/videos/202407/11/455050301/original/(m=eaAaGwObaaamqv)(mh=6UG7cPlttWRhKDSo)13.jpg;https://ei.phncdn.com/videos/202407/11/455050301/original/(m=eaAaGwObaaamqv)(mh=6UG7cPlttWRhKDSo)14.jpg;https://ei.phncdn.com/videos/202407/11/455050301/original/(m=eaAaGwObaaamqv)(mh=6UG7cPlttWRhKDSo)15.jpg;https://ei.phncdn.com/videos/202407/11/455050301/original/(m=eaAaGwObaaamqv)(mh=6UG7cPlttWRhKDSo)16.jpg
<iframe src="https://www.pornhub.com/embed/66922473080b6" frameborder="0" height="481" width="608" scrolling="no"></iframe>|https://ei.phncdn.com/videos/202407/13/455111511/original/(m=eaf8GgaaaWavb)(mh=MqhPyup7Faht4o8P)1.jpg|https://ei.phncdn.com/videos/202407/13/455111511/original/(m=eaf8GgaaaWavb)(mh=MqhPyup7Faht4o8P)1.jpg;https://ei.phncdn.com/videos/202407/13/455111511/original/(m=eaf8GgaaaWavb)(mh=MqhPyup7Faht4o8P)2.jpg;https://ei.phncdn.com/videos/202407/13/455111511/original/(m=eaf8GgaaaWavb)(mh=MqhPyup7Faht4o8P)3.jpg;https://ei.phncdn.com/videos/202407/13/455111511/original/(m=eaf8GgaaaWavb)(mh=MqhPyup7Faht4o8P)4.jpg;https://ei.phncdn.com/videos/202407/13/455111511/original/(m=eaf8GgaaaWavb)(mh=MqhPyup7Faht4o8P)5.jpg;https://ei.phncdn.com/videos/202407/13/455111511/original/(m=eaf8GgaaaWavb)(mh=MqhPyup7Faht4o8P)6.jpg;https://ei.phncdn.com/videos/202407/13/455111511/original/(m=eaf8GgaaaWavb)(mh=MqhPyup7Faht4o8P)7.jpg;https://ei.phncdn.com/videos/202407/13/455111511/original/(m=eaf8GgaaaWavb)(mh=MqhPyup7Faht4o8P)8.jpg;https://ei.phncdn.com/videos/202407/13/455111511/original/(m=eaf8GgaaaWavb)(mh=MqhPyup7Faht4o8P)9.jpg;https://ei.phncdn.com/videos/202407/13/455111511/original/(m=eaf8GgaaaWavb)(mh=MqhPyup7Faht4o8P)10.jpg;https://ei.phncdn.com/videos/202407/13/455111511/original/(m=eaf8GgaaaWavb)(mh=MqhPyup7Faht4o8P)11.jpg;https://ei.phncdn.com/videos/202407/13/455111511/original/(m=eaf8GgaaaWavb)(mh=MqhPyup7Faht4o8P)12.jpg;https://ei.phncdn.com/videos/202407/13/455111511/original/(m=eaf8GgaaaWavb)(mh=MqhPyup7Faht4o8P)13.jpg;https://ei.phncdn.com/videos/202407/13/455111511/original/(m=eaf8GgaaaWavb)(mh=MqhPyup7Faht4o8P)14.jpg;https://ei.phncdn.com/videos/202407/13/455111511/original/(m=eaf8GgaaaWavb)(mh=MqhPyup7Faht4o8P)15.jpg;https://ei.phncdn.com/videos/202407/13/455111511/original/(m=eaf8GgaaaWavb)(mh=MqhPyup7Faht4o8P)16.jpg|Porfavor me coma|brasileiras-gostosas;buceta-gostosa|Brazilian;Exclusive;Verified Amateurs;Solo Female;Vertical Video||25|4080|34|3|https://ei.phncdn.com/videos/202407/13/455111511/original/(m=eaAaGwObaaamqv)(mh=eZlZrnGZR8VZplue)1.jpg|https://ei.phncdn.com/videos/202407/13/455111511/original/(m=eaAaGwObaaamqv)(mh=eZlZrnGZR8VZplue)1.jpg;https://ei.phncdn.com/videos/202407/13/455111511/original/(m=eaAaGwObaaamqv)(mh=eZlZrnGZR8VZplue)2.jpg;https://ei.phncdn.com/videos/202407/13/455111511/original/(m=eaAaGwObaaamqv)(mh=eZlZrnGZR8VZplue)3.jpg;https://ei.phncdn.com/videos/202407/13/455111511/original/(m=eaAaGwObaaamqv)(mh=eZlZrnGZR8VZplue)4.jpg;https://ei.phncdn.com/videos/202407/13/455111511/original/(m=eaAaGwObaaamqv)(mh=eZlZrnGZR8VZplue)5.jpg;https://ei.phncdn.com/videos/202407/13/455111511/original/(m=eaAaGwObaaamqv)(mh=eZlZrnGZR8VZplue)6.jpg;https://ei.phncdn.com/videos/202407/13/455111511/original/(m=eaAaGwObaaamqv)(mh=eZlZrnGZR8VZplue)7.jpg;https://ei.phncdn.com/videos/202407/13/455111511/original/(m=eaAaGwObaaamqv)(mh=eZlZrnGZR8VZplue)8.jpg;https://ei.phncdn.com/videos/202407/13/455111511/original/(m=eaAaGwObaaamqv)(mh=eZlZrnGZR8VZplue)9.jpg;https://ei.phncdn.com/videos/202407/13/455111511/original/(m=eaAaGwObaaamqv)(mh=eZlZrnGZR8VZplue)10.jpg;https://ei.phncdn.com/videos/202407/13/455111511/original/(m=eaAaGwObaaamqv)(mh=eZlZrnGZR8VZplue)11.jpg;https://ei.phncdn.com/videos/202407/13/455111511/original/(m=eaAaGwObaaamqv)(mh=eZlZrnGZR8VZplue)12.jpg;https://ei.phncdn.com/videos/202407/13/455111511/original/(m=eaAaGwObaaamqv)(mh=eZlZrnGZR8VZplue)13.jpg;https://ei.phncdn.com/videos/202407/13/455111511/original/(m=eaAaGwObaaamqv)(mh=eZlZrnGZR8VZplue)14.jpg;https://ei.phncdn.com/videos/202407/13/455111511/original/(m=eaAaGwObaaamqv)(mh=eZlZrnGZR8VZplue)15.jpg;https://ei.phncdn.com/videos/202407/13/455111511/original/(m=eaAaGwObaaamqv)(mh=eZlZrnGZR8VZplue)16.jpg
<iframe src="https://www.pornhub.com/embed/6725619112464" frameborder="0" height="481" width="608" scrolling="no"></iframe>|https://ei.phncdn.com/videos/202411/01/459948101/original/(m=eaf8GgaaaWavb)(mh=MHC1xWtVGEa8R_CG)10.jpg|https://ei.phncdn.com/videos/202411/01/459948101/original/(m=eaf8GgaaaWavb)(mh=MHC1xWtVGEa8R_CG)1.jpg;https://ei.phncdn.com/videos/202411/01/459948101/original/(m=eaf8GgaaaWavb)(mh=MHC1xWtVGEa8R_CG)2.jpg;https://ei.phncdn.com/videos/202411/01/459948101/original/(m=eaf8GgaaaWavb)(mh=MHC1xWtVGEa8R_CG)3.jpg;https://ei.phncdn.com/videos/202411/01/459948101/original/(m=eaf8GgaaaWavb)(mh=MHC1xWtVGEa8R_CG)4.jpg;https://ei.phncdn.com/videos/202411/01/459948101/original/(m=eaf8GgaaaWavb)(mh=MHC1xWtVGEa8R_CG)5.jpg;https://ei.phncdn.com/videos/202411/01/459948101/original/(m=eaf8GgaaaWavb)(mh=MHC1xWtVGEa8R_CG)6.jpg;https://ei.phncdn.com/videos/202411/01/459948101/original/(m=eaf8GgaaaWavb)(mh=MHC1xWtVGEa8R_CG)7.jpg;https://ei.phncdn.com/videos/202411/01/459948101/original/(m=eaf8GgaaaWavb)(mh=MHC1xWtVGEa8R_CG)8.jpg;https://ei.phncdn.com/videos/202411/01/459948101/original/(m=eaf8GgaaaWavb)(mh=MHC1xWtVGEa8R_CG)9.jpg;https://ei.phncdn.com/videos/202411/01/459948101/original/(m=eaf8GgaaaWavb)(mh=MHC1xWtVGEa8R_CG)10.jpg;https://ei.phncdn.com/videos/202411/01/459948101/original/(m=eaf8GgaaaWavb)(mh=MHC1xWtVGEa8R_CG)11.jpg;https://ei.phncdn.com/videos/202411/01/459948101/original/(m=eaf8GgaaaWavb)(mh=MHC1xWtVGEa8R_CG)12.jpg;https://ei.phncdn.com/videos/202411/01/459948101/original/(m=eaf8GgaaaWavb)(mh=MHC1xWtVGEa8R_CG)13.jpg;https://ei.phncdn.com/videos/202411/01/459948101/original/(m=eaf8GgaaaWavb)(mh=MHC1xWtVGEa8R_CG)14.jpg;https://ei.phncdn.com/videos/202411/01/459948101/original/(m=eaf8GgaaaWavb)(mh=MHC1xWtVGEa8R_CG)15.jpg;https://ei.phncdn.com/videos/202411/01/459948101/original/(m=eaf8GgaaaWavb)(mh=MHC1xWtVGEa8R_CG)16.jpg|Cine Be and Ro - Coming Soon|best-porn-for-women;porn-for-couples|Brazilian;Verified Amateurs;Verified Couples;Vertical Video||18|1517|47|3|https://ei.phncdn.com/videos/202411/01/459948101/original/(m=eaAaGwObaaamqv)(mh=Iuwm5KKxh9RTBXvd)10.jpg|https://ei.phncdn.com/videos/202411/01/459948101/original/(m=eaAaGwObaaamqv)(mh=Iuwm5KKxh9RTBXvd)1.jpg;https://ei.phncdn.com/videos/202411/01/459948101/original/(m=eaAaGwObaaamqv)(mh=Iuwm5KKxh9RTBXvd)2.jpg;https://ei.phncdn.com/videos/202411/01/459948101/original/(m=eaAaGwObaaamqv)(mh=Iuwm5KKxh9RTBXvd)3.jpg;https://ei.phncdn.com/videos/202411/01/459948101/original/(m=eaAaGwObaaamqv)(mh=Iuwm5KKxh9RTBXvd)4.jpg;https://ei.phncdn.com/videos/202411/01/459948101/original/(m=eaAaGwObaaamqv)(mh=Iuwm5KKxh9RTBXvd)5.jpg;https://ei.phncdn.com/videos/202411/01/459948101/original/(m=eaAaGwObaaamqv)(mh=Iuwm5KKxh9RTBXvd)6.jpg;https://ei.phncdn.com/videos/202411/01/459948101/original/(m=eaAaGwObaaamqv)(mh=Iuwm5KKxh9RTBXvd)7.jpg;https://ei.phncdn.com/videos/202411/01/459948101/original/(m=eaAaGwObaaamqv)(mh=Iuwm5KKxh9RTBXvd)8.jpg;https://ei.phncdn.com/videos/202411/01/459948101/original/(m=eaAaGwObaaamqv)(mh=Iuwm5KKxh9RTBXvd)9.jpg;https://ei.phncdn.com/videos/202411/01/459948101/original/(m=eaAaGwObaaamqv)(mh=Iuwm5KKxh9RTBXvd)10.jpg;https://ei.phncdn.com/videos/202411/01/459948101/original/(m=eaAaGwObaaamqv)(mh=Iuwm5KKxh9RTBXvd)11.jpg;https://ei.phncdn.com/videos/202411/01/459948101/original/(m=eaAaGwObaaamqv)(mh=Iuwm5KKxh9RTBXvd)12.jpg;https://ei.phncdn.com/videos/202411/01/459948101/original/(m=eaAaGwObaaamqv)(mh=Iuwm5KKxh9RTBXvd)13.jpg;https://ei.phncdn.com/videos/202411/01/459948101/original/(m=eaAaGwObaaamqv)(mh=Iuwm5KKxh9RTBXvd)14.jpg;https://ei.phncdn.com/videos/202411/01/459948101/original/(m=eaAaGwObaaamqv)(mh=Iuwm5KKxh9RTBXvd)15.jpg;https://ei.phncdn.com/videos/202411/01/459948101/original/(m=eaAaGwObaaamqv)(mh=Iuwm5KKxh9RTBXvd)16.jpg
<iframe src="https://www.pornhub.com/embed/673de94f26690" frameborder="0" height="481" width="608" scrolling="no"></iframe>|https://ei.phncdn.com/videos/202411/20/460777201/original/(m=eaf8GgaaaWavb)(mh=QXemilpffZ16GHYF)14.jpg|https://ei.phncdn.com/videos/202411/20/460777201/original/(m=eaf8GgaaaWavb)(mh=QXemilpffZ16GHYF)1.jpg;https://ei.phncdn.com/videos/202411/20/460777201/original/(m=eaf8GgaaaWavb)(mh=QXemilpffZ16GHYF)2.jpg;https://ei.phncdn.com/videos/202411/20/460777201/original/(m=eaf8GgaaaWavb)(mh=QXemilpffZ16GHYF)3.jpg;https://ei.phncdn.com/videos/202411/20/460777201/original/(m=eaf8GgaaaWavb)(mh=QXemilpffZ16GHYF)4.jpg;https://ei.phncdn.com/videos/202411/20/460777201/original/(m=eaf8GgaaaWavb)(mh=QXemilpffZ16GHYF)5.jpg;https://ei.phncdn.com/videos/202411/20/460777201/original/(m=eaf8GgaaaWavb)(mh=QXemilpffZ16GHYF)6.jpg;https://ei.phncdn.com/videos/202411/20/460777201/original/(m=eaf8GgaaaWavb)(mh=QXemilpffZ16GHYF)7.jpg;https://ei.phncdn.com/videos/202411/20/460777201/original/(m=eaf8GgaaaWavb)(mh=QXemilpffZ16GHYF)8.jpg;https://ei.phncdn.com/videos/202411/20/460777201/original/(m=eaf8GgaaaWavb)(mh=QXemilpffZ16GHYF)9.jpg;https://ei.phncdn.com/videos/202411/20/460777201/original/(m=eaf8GgaaaWavb)(mh=QXemilpffZ16GHYF)10.jpg;https://ei.phncdn.com/videos/202411/20/460777201/original/(m=eaf8GgaaaWavb)(mh=QXemilpffZ16GHYF)11.jpg;https://ei.phncdn.com/videos/202411/20/460777201/original/(m=eaf8GgaaaWavb)(mh=QXemilpffZ16GHYF)12.jpg;https://ei.phncdn.com/videos/202411/20/460777201/original/(m=eaf8GgaaaWavb)(mh=QXemilpffZ16GHYF)13.jpg;https://ei.phncdn.com/videos/202411/20/460777201/original/(m=eaf8GgaaaWavb)(mh=QXemilpffZ16GHYF)14.jpg;https://ei.phncdn.com/videos/202411/20/460777201/original/(m=eaf8GgaaaWavb)(mh=QXemilpffZ16GHYF)15.jpg;https://ei.phncdn.com/videos/202411/20/460777201/original/(m=eaf8GgaaaWavb)(mh=QXemilpffZ16GHYF)16.jpg|teasing in black|teasing;brazilian;belgium;pornstar;content-creator;natural;booty;big-tits;seduce|Brazilian;Verified Amateurs;Solo Female||29|1151|5|1|https://ei.phncdn.com/videos/202411/20/460777201/original/(m=eaAaGwObaaamqv)(mh=A2z0K6cNtvkmQnVj)14.jpg|https://ei.phncdn.com/videos/202411/20/460777201/original/(m=eaAaGwObaaamqv)(mh=A2z0K6cNtvkmQnVj)1.jpg;https://ei.phncdn.com/videos/202411/20/460777201/original/(m=eaAaGwObaaamqv)(mh=A2z0K6cNtvkmQnVj)2.jpg;https://ei.phncdn.com/videos/202411/20/460777201/original/(m=eaAaGwObaaamqv)(mh=A2z0K6cNtvkmQnVj)3.jpg;https://ei.phncdn.com/videos/202411/20/460777201/original/(m=eaAaGwObaaamqv)(mh=A2z0K6cNtvkmQnVj)4.jpg;https://ei.phncdn.com/videos/202411/20/460777201/original/(m=eaAaGwObaaamqv)(mh=A2z0K6cNtvkmQnVj)5.jpg;https://ei.phncdn.com/videos/202411/20/460777201/original/(m=eaAaGwObaaamqv)(mh=A2z0K6cNtvkmQnVj)6.jpg;https://ei.phncdn.com/videos/202411/20/460777201/original/(m=eaAaGwObaaamqv)(mh=A2z0K6cNtvkmQnVj)7.jpg;https://ei.phncdn.com/videos/202411/20/460777201/original/(m=eaAaGwObaaamqv)(mh=A2z0K6cNtvkmQnVj)8.jpg;https://ei.phncdn.com/videos/202411/20/460777201/original/(m=eaAaGwObaaamqv)(mh=A2z0K6cNtvkmQnVj)9.jpg;https://ei.phncdn.com/videos/202411/20/460777201/original/(m=eaAaGwObaaamqv)(mh=A2z0K6cNtvkmQnVj)10.jpg;https://ei.phncdn.com/videos/202411/20/460777201/original/(m=eaAaGwObaaamqv)(mh=A2z0K6cNtvkmQnVj)11.jpg;https://ei.phncdn.com/videos/202411/20/460777201/original/(m=eaAaGwObaaamqv)(mh=A2z0K6cNtvkmQnVj)12.jpg;https://ei.phncdn.com/videos/202411/20/460777201/original/(m=eaAaGwObaaamqv)(mh=A2z0K6cNtvkmQnVj)13.jpg;https://ei.phncdn.com/videos/202411/20/460777201/original/(m=eaAaGwObaaamqv)(mh=A2z0K6cNtvkmQnVj)14.jpg;https://ei.phncdn.com/videos/202411/20/460777201/original/(m=eaAaGwObaaamqv)(mh=A2z0K6cNtvkmQnVj)15.jpg;https://ei.phncdn.com/videos/202411/20/460777201/original/(m=eaAaGwObaaamqv)(mh=A2z0K6cNtvkmQnVj)16.jpg
<iframe src="https://www.pornhub.com/embed/6768b11cdb271" frameborder="0" height="481" width="608" scrolling="no"></iframe>|https://ei.phncdn.com/videos/202412/23/462228991/original/(m=eaf8GgaaaWavb)(mh=OkOMtcC4OJKPb5V3)11.jpg|https://ei.phncdn.com/videos/202412/23/462228991/original/(m=eaf8GgaaaWavb)(mh=OkOMtcC4OJKPb5V3)1.jpg;https://ei.phncdn.com/videos/202412/23/462228991/original/(m=eaf8GgaaaWavb)(mh=OkOMtcC4OJKPb5V3)2.jpg;https://ei.phncdn.com/videos/202412/23/462228991/original/(m=eaf8GgaaaWavb)(mh=OkOMtcC4OJKPb5V3)3.jpg;https://ei.phncdn.com/videos/202412/23/462228991/original/(m=eaf8GgaaaWavb)(mh=OkOMtcC4OJKPb5V3)4.jpg;https://ei.phncdn.com/videos/202412/23/462228991/original/(m=eaf8GgaaaWavb)(mh=OkOMtcC4OJKPb5V3)5.jpg;https://ei.phncdn.com/videos/202412/23/462228991/original/(m=eaf8GgaaaWavb)(mh=OkOMtcC4OJKPb5V3)6.jpg;https://ei.phncdn.com/videos/202412/23/462228991/original/(m=eaf8GgaaaWavb)(mh=OkOMtcC4OJKPb5V3)7.jpg;https://ei.phncdn.com/videos/202412/23/462228991/original/(m=eaf8GgaaaWavb)(mh=OkOMtcC4OJKPb5V3)8.jpg;https://ei.phncdn.com/videos/202412/23/462228991/original/(m=eaf8GgaaaWavb)(mh=OkOMtcC4OJKPb5V3)9.jpg;https://ei.phncdn.com/videos/202412/23/462228991/original/(m=eaf8GgaaaWavb)(mh=OkOMtcC4OJKPb5V3)10.jpg;https://ei.phncdn.com/videos/202412/23/462228991/original/(m=eaf8GgaaaWavb)(mh=OkOMtcC4OJKPb5V3)11.jpg;https://ei.phncdn.com/videos/202412/23/462228991/original/(m=eaf8GgaaaWavb)(mh=OkOMtcC4OJKPb5V3)12.jpg;https://ei.phncdn.com/videos/202412/23/462228991/original/(m=eaf8GgaaaWavb)(mh=OkOMtcC4OJKPb5V3)13.jpg;https://ei.phncdn.com/videos/202412/23/462228991/original/(m=eaf8GgaaaWavb)(mh=OkOMtcC4OJKPb5V3)14.jpg;https://ei.phncdn.com/videos/202412/23/462228991/original/(m=eaf8GgaaaWavb)(mh=OkOMtcC4OJKPb5V3)15.jpg;https://ei.phncdn.com/videos/202412/23/462228991/original/(m=eaf8GgaaaWavb)(mh=OkOMtcC4OJKPb5V3)16.jpg|Gozei gostoso|mulher-gozando;gostosa;buceta-rosa;brasileiras|Brazilian;Exclusive;Verified Amateurs;Solo Female;Female Orgasm;Vertical Video||177|22951|324|51|https://ei.phncdn.com/videos/202412/23/462228991/original/(m=eaAaGwObaaamqv)(mh=9V3oHwphZmCqDWyG)11.jpg|https://ei.phncdn.com/videos/202412/23/462228991/original/(m=eaAaGwObaaamqv)(mh=9V3oHwphZmCqDWyG)1.jpg;https://ei.phncdn.com/videos/202412/23/462228991/original/(m=eaAaGwObaaamqv)(mh=9V3oHwphZmCqDWyG)2.jpg;https://ei.phncdn.com/videos/202412/23/462228991/original/(m=eaAaGwObaaamqv)(mh=9V3oHwphZmCqDWyG)3.jpg;https://ei.phncdn.com/videos/202412/23/462228991/original/(m=eaAaGwObaaamqv)(mh=9V3oHwphZmCqDWyG)4.jpg;https://ei.phncdn.com/videos/202412/23/462228991/original/(m=eaAaGwObaaamqv)(mh=9V3oHwphZmCqDWyG)5.jpg;https://ei.phncdn.com/videos/202412/23/462228991/original/(m=eaAaGwObaaamqv)(mh=9V3oHwphZmCqDWyG)6.jpg;https://ei.phncdn.com/videos/202412/23/462228991/original/(m=eaAaGwObaaamqv)(mh=9V3oHwphZmCqDWyG)7.jpg;https://ei.phncdn.com/videos/202412/23/462228991/original/(m=eaAaGwObaaamqv)(mh=9V3oHwphZmCqDWyG)8.jpg;https://ei.phncdn.com/videos/202412/23/462228991/original/(m=eaAaGwObaaamqv)(mh=9V3oHwphZmCqDWyG)9.jpg;https://ei.phncdn.com/videos/202412/23/462228991/original/(m=eaAaGwObaaamqv)(mh=9V3oHwphZmCqDWyG)10.jpg;https://ei.phncdn.com/videos/202412/23/462228991/original/(m=eaAaGwObaaamqv)(mh=9V3oHwphZmCqDWyG)11.jpg;https://ei.phncdn.com/videos/202412/23/462228991/original/(m=eaAaGwObaaamqv)(mh=9V3oHwphZmCqDWyG)12.jpg;https://ei.phncdn.com/videos/202412/23/462228991/original/(m=eaAaGwObaaamqv)(mh=9V3oHwphZmCqDWyG)13.jpg;https://ei.phncdn.com/videos/202412/23/462228991/original/(m=eaAaGwObaaamqv)(mh=9V3oHwphZmCqDWyG)14.jpg;https://ei.phncdn.com/videos/202412/23/462228991/original/(m=eaAaGwObaaamqv)(mh=9V3oHwphZmCqDWyG)15.jpg;https://ei.phncdn.com/videos/202412/23/462228991/original/(m=eaAaGwObaaamqv)(mh=9V3oHwphZmCqDWyG)16.jpg
<iframe src="https://www.pornhub.com/embed/6782c23f62d71" frameborder="0" height="481" width="608" scrolling="no"></iframe>|https://ei.phncdn.com/videos/202501/11/463055931/original/(m=eaf8GgaaaWavb)(mh=FyksGId2QqBYYq2W)12.jpg|https://ei.phncdn.com/videos/202501/11/463055931/original/(m=eaf8GgaaaWavb)(mh=FyksGId2QqBYYq2W)1.jpg;https://ei.phncdn.com/videos/202501/11/463055931/original/(m=eaf8GgaaaWavb)(mh=FyksGId2QqBYYq2W)2.jpg;https://ei.phncdn.com/videos/202501/11/463055931/original/(m=eaf8GgaaaWavb)(mh=FyksGId2QqBYYq2W)3.jpg;https://ei.phncdn.com/videos/202501/11/463055931/original/(m=eaf8GgaaaWavb)(mh=FyksGId2QqBYYq2W)4.jpg;https://ei.phncdn.com/videos/202501/11/463055931/original/(m=eaf8GgaaaWavb)(mh=FyksGId2QqBYYq2W)5.jpg;https://ei.phncdn.com/videos/202501/11/463055931/original/(m=eaf8GgaaaWavb)(mh=FyksGId2QqBYYq2W)6.jpg;https://ei.phncdn.com/videos/202501/11/463055931/original/(m=eaf8GgaaaWavb)(mh=FyksGId2QqBYYq2W)7.jpg;https://ei.phncdn.com/videos/202501/11/463055931/original/(m=eaf8GgaaaWavb)(mh=FyksGId2QqBYYq2W)8.jpg;https://ei.phncdn.com/videos/202501/11/463055931/original/(m=eaf8GgaaaWavb)(mh=FyksGId2QqBYYq2W)9.jpg;https://ei.phncdn.com/videos/202501/11/463055931/original/(m=eaf8GgaaaWavb)(mh=FyksGId2QqBYYq2W)10.jpg;https://ei.phncdn.com/videos/202501/11/463055931/original/(m=eaf8GgaaaWavb)(mh=FyksGId2QqBYYq2W)11.jpg;https://ei.phncdn.com/videos/202501/11/463055931/original/(m=eaf8GgaaaWavb)(mh=FyksGId2QqBYYq2W)12.jpg;https://ei.phncdn.com/videos/202501/11/463055931/original/(m=eaf8GgaaaWavb)(mh=FyksGId2QqBYYq2W)13.jpg;https://ei.phncdn.com/videos/202501/11/463055931/original/(m=eaf8GgaaaWavb)(mh=FyksGId2QqBYYq2W)14.jpg;https://ei.phncdn.com/videos/202501/11/463055931/original/(m=eaf8GgaaaWavb)(mh=FyksGId2QqBYYq2W)15.jpg;https://ei.phncdn.com/videos/202501/11/463055931/original/(m=eaf8GgaaaWavb)(mh=FyksGId2QqBYYq2W)16.jpg|Marido cuckold Convida seu melhor amigo para um três selvagem com sua esposa.|cuckold;husband-shares-wife;amateur-threesome;double-blowjob;double-penetration;creampie;doggystyle;latina;argentina;brazil;hardcore|Brazilian;60FPS;Verified Amateurs||1079|5760|19|8|https://ei.phncdn.com/videos/202501/11/463055931/original/(m=eaAaGwObaaamqv)(mh=lakT5ozb0-TqNGDd)12.jpg|https://ei.phncdn.com/videos/202501/11/463055931/original/(m=eaAaGwObaaamqv)(mh=lakT5ozb0-TqNGDd)1.jpg;https://ei.phncdn.com/videos/202501/11/463055931/original/(m=eaAaGwObaaamqv)(mh=lakT5ozb0-TqNGDd)2.jpg;https://ei.phncdn.com/videos/202501/11/463055931/original/(m=eaAaGwObaaamqv)(mh=lakT5ozb0-TqNGDd)3.jpg;https://ei.phncdn.com/videos/202501/11/463055931/original/(m=eaAaGwObaaamqv)(mh=lakT5ozb0-TqNGDd)4.jpg;https://ei.phncdn.com/videos/202501/11/463055931/original/(m=eaAaGwObaaamqv)(mh=lakT5ozb0-TqNGDd)5.jpg;https://ei.phncdn.com/videos/202501/11/463055931/original/(m=eaAaGwObaaamqv)(mh=lakT5ozb0-TqNGDd)6.jpg;https://ei.phncdn.com/videos/202501/11/463055931/original/(m=eaAaGwObaaamqv)(mh=lakT5ozb0-TqNGDd)7.jpg;https://ei.phncdn.com/videos/202501/11/463055931/original/(m=eaAaGwObaaamqv)(mh=lakT5ozb0-TqNGDd)8.jpg;https://ei.phncdn.com/videos/202501/11/463055931/original/(m=eaAaGwObaaamqv)(mh=lakT5ozb0-TqNGDd)9.jpg;https://ei.phncdn.com/videos/202501/11/463055931/original/(m=eaAaGwObaaamqv)(mh=lakT5ozb0-TqNGDd)10.jpg;https://ei.phncdn.com/videos/202501/11/463055931/original/(m=eaAaGwObaaamqv)(mh=lakT5ozb0-TqNGDd)11.jpg;https://ei.phncdn.com/videos/202501/11/463055931/original/(m=eaAaGwObaaamqv)(mh=lakT5ozb0-TqNGDd)12.jpg;https://ei.phncdn.com/videos/202501/11/463055931/original/(m=eaAaGwObaaamqv)(mh=lakT5ozb0-TqNGDd)13.jpg;https://ei.phncdn.com/videos/202501/11/463055931/original/(m=eaAaGwObaaamqv)(mh=lakT5ozb0-TqNGDd)14.jpg;https://ei.phncdn.com/videos/202501/11/463055931/original/(m=eaAaGwObaaamqv)(mh=lakT5ozb0-TqNGDd)15.jpg;https://ei.phncdn.com/videos/202501/11/463055931/original/(m=eaAaGwObaaamqv)(mh=lakT5ozb0-TqNGDd)16.jpg
<iframe src="https://www.pornhub.com/embed/67a25b2e874c3" frameborder="0" height="481" width="608" scrolling="no"></iframe>|https://ei.phncdn.com/videos/202502/04/464123045/original/(m=eaf8GgaaaWavb)(mh=hiuOAgm0B52eCQtZ)4.jpg|https://ei.phncdn.com/videos/202502/04/464123045/original/(m=eaf8GgaaaWavb)(mh=hiuOAgm0B52eCQtZ)1.jpg;https://ei.phncdn.com/videos/202502/04/464123045/original/(m=eaf8GgaaaWavb)(mh=hiuOAgm0B52eCQtZ)2.jpg;https://ei.phncdn.com/videos/202502/04/464123045/original/(m=eaf8GgaaaWavb)(mh=hiuOAgm0B52eCQtZ)3.jpg;https://ei.phncdn.com/videos/202502/04/464123045/original/(m=eaf8GgaaaWavb)(mh=hiuOAgm0B52eCQtZ)4.jpg;https://ei.phncdn.com/videos/202502/04/464123045/original/(m=eaf8GgaaaWavb)(mh=hiuOAgm0B52eCQtZ)5.jpg;https://ei.phncdn.com/videos/202502/04/464123045/original/(m=eaf8GgaaaWavb)(mh=hiuOAgm0B52eCQtZ)6.jpg;https://ei.phncdn.com/videos/202502/04/464123045/original/(m=eaf8GgaaaWavb)(mh=hiuOAgm0B52eCQtZ)7.jpg;https://ei.phncdn.com/videos/202502/04/464123045/original/(m=eaf8GgaaaWavb)(mh=hiuOAgm0B52eCQtZ)8.jpg;https://ei.phncdn.com/videos/202502/04/464123045/original/(m=eaf8GgaaaWavb)(mh=hiuOAgm0B52eCQtZ)9.jpg;https://ei.phncdn.com/videos/202502/04/464123045/original/(m=eaf8GgaaaWavb)(mh=hiuOAgm0B52eCQtZ)10.jpg;https://ei.phncdn.com/videos/202502/04/464123045/original/(m=eaf8GgaaaWavb)(mh=hiuOAgm0B52eCQtZ)11.jpg;https://ei.phncdn.com/videos/202502/04/464123045/original/(m=eaf8GgaaaWavb)(mh=hiuOAgm0B52eCQtZ)12.jpg;https://ei.phncdn.com/videos/202502/04/464123045/original/(m=eaf8GgaaaWavb)(mh=hiuOAgm0B52eCQtZ)13.jpg;https://ei.phncdn.com/videos/202502/04/464123045/original/(m=eaf8GgaaaWavb)(mh=hiuOAgm0B52eCQtZ)14.jpg;https://ei.phncdn.com/videos/202502/04/464123045/original/(m=eaf8GgaaaWavb)(mh=hiuOAgm0B52eCQtZ)15.jpg;https://ei.phncdn.com/videos/202502/04/464123045/original/(m=eaf8GgaaaWavb)(mh=hiuOAgm0B52eCQtZ)16.jpg|Casal teve que dividir quarto com amigo do corno após chegarem de uma festa!|cuckold-wife;hot-wife;cuckold;ruiva;casada-corno;corno-amador;corno-manso;corno-brasil;amateur-cuckold;ruiva-brasileira;corno-esposa-marido|Brazilian;Verified Amateurs||1339|988219|3206|974|https://ei.phncdn.com/videos/202502/04/464123045/original/(m=eaAaGwObaaamqv)(mh=ZWPG4NFwn9YL9kHe)4.jpg|https://ei.phncdn.com/videos/202502/04/464123045/original/(m=eaAaGwObaaamqv)(mh=ZWPG4NFwn9YL9kHe)1.jpg;https://ei.phncdn.com/videos/202502/04/464123045/original/(m=eaAaGwObaaamqv)(mh=ZWPG4NFwn9YL9kHe)2.jpg;https://ei.phncdn.com/videos/202502/04/464123045/original/(m=eaAaGwObaaamqv)(mh=ZWPG4NFwn9YL9kHe)3.jpg;https://ei.phncdn.com/videos/202502/04/464123045/original/(m=eaAaGwObaaamqv)(mh=ZWPG4NFwn9YL9kHe)4.jpg;https://ei.phncdn.com/videos/202502/04/464123045/original/(m=eaAaGwObaaamqv)(mh=ZWPG4NFwn9YL9kHe)5.jpg;https://ei.phncdn.com/videos/202502/04/464123045/original/(m=eaAaGwObaaamqv)(mh=ZWPG4NFwn9YL9kHe)6.jpg;https://ei.phncdn.com/videos/202502/04/464123045/original/(m=eaAaGwObaaamqv)(mh=ZWPG4NFwn9YL9kHe)7.jpg;https://ei.phncdn.com/videos/202502/04/464123045/original/(m=eaAaGwObaaamqv)(mh=ZWPG4NFwn9YL9kHe)8.jpg;https://ei.phncdn.com/videos/202502/04/464123045/original/(m=eaAaGwObaaamqv)(mh=ZWPG4NFwn9YL9kHe)9.jpg;https://ei.phncdn.com/videos/202502/04/464123045/original/(m=eaAaGwObaaamqv)(mh=ZWPG4NFwn9YL9kHe)10.jpg;https://ei.phncdn.com/videos/202502/04/464123045/original/(m=eaAaGwObaaamqv)(mh=ZWPG4NFwn9YL9kHe)11.jpg;https://ei.phncdn.com/videos/202502/04/464123045/original/(m=eaAaGwObaaamqv)(mh=ZWPG4NFwn9YL9kHe)12.jpg;https://ei.phncdn.com/videos/202502/04/464123045/original/(m=eaAaGwObaaamqv)(mh=ZWPG4NFwn9YL9kHe)13.jpg;https://ei.phncdn.com/videos/202502/04/464123045/original/(m=eaAaGwObaaamqv)(mh=ZWPG4NFwn9YL9kHe)14.jpg;https://ei.phncdn.com/videos/202502/04/464123045/original/(m=eaAaGwObaaamqv)(mh=ZWPG4NFwn9YL9kHe)15.jpg;https://ei.phncdn.com/videos/202502/04/464123045/original/(m=eaAaGwObaaamqv)(mh=ZWPG4NFwn9YL9kHe)16.jpg
<iframe src="https://www.pornhub.com/embed/67a2aad294856" frameborder="0" height="481" width="608" scrolling="no"></iframe>|https://ei.phncdn.com/videos/202502/05/464135665/original/(m=eaf8GgaaaWavb)(mh=d6_pDWOG0XkbLXVi)10.jpg|https://ei.phncdn.com/videos/202502/05/464135665/original/(m=eaf8GgaaaWavb)(mh=d6_pDWOG0XkbLXVi)1.jpg;https://ei.phncdn.com/videos/202502/05/464135665/original/(m=eaf8GgaaaWavb)(mh=d6_pDWOG0XkbLXVi)2.jpg;https://ei.phncdn.com/videos/202502/05/464135665/original/(m=eaf8GgaaaWavb)(mh=d6_pDWOG0XkbLXVi)3.jpg;https://ei.phncdn.com/videos/202502/05/464135665/original/(m=eaf8GgaaaWavb)(mh=d6_pDWOG0XkbLXVi)4.jpg;https://ei.phncdn.com/videos/202502/05/464135665/original/(m=eaf8GgaaaWavb)(mh=d6_pDWOG0XkbLXVi)5.jpg;https://ei.phncdn.com/videos/202502/05/464135665/original/(m=eaf8GgaaaWavb)(mh=d6_pDWOG0XkbLXVi)6.jpg;https://ei.phncdn.com/videos/202502/05/464135665/original/(m=eaf8GgaaaWavb)(mh=d6_pDWOG0XkbLXVi)7.jpg;https://ei.phncdn.com/videos/202502/05/464135665/original/(m=eaf8GgaaaWavb)(mh=d6_pDWOG0XkbLXVi)8.jpg;https://ei.phncdn.com/videos/202502/05/464135665/original/(m=eaf8GgaaaWavb)(mh=d6_pDWOG0XkbLXVi)9.jpg;https://ei.phncdn.com/videos/202502/05/464135665/original/(m=eaf8GgaaaWavb)(mh=d6_pDWOG0XkbLXVi)10.jpg;https://ei.phncdn.com/videos/202502/05/464135665/original/(m=eaf8GgaaaWavb)(mh=d6_pDWOG0XkbLXVi)11.jpg;https://ei.phncdn.com/videos/202502/05/464135665/original/(m=eaf8GgaaaWavb)(mh=d6_pDWOG0XkbLXVi)12.jpg;https://ei.phncdn.com/videos/202502/05/464135665/original/(m=eaf8GgaaaWavb)(mh=d6_pDWOG0XkbLXVi)13.jpg;https://ei.phncdn.com/videos/202502/05/464135665/original/(m=eaf8GgaaaWavb)(mh=d6_pDWOG0XkbLXVi)14.jpg;https://ei.phncdn.com/videos/202502/05/464135665/original/(m=eaf8GgaaaWavb)(mh=d6_pDWOG0XkbLXVi)15.jpg;https://ei.phncdn.com/videos/202502/05/464135665/original/(m=eaf8GgaaaWavb)(mh=d6_pDWOG0XkbLXVi)16.jpg|Casal divide quarto com amigo e teve traição!|corno;cuckold;amateur-cuckold;corno-esposa-marido;esposa-safada;corno-filma-esposa;corno-filmando;hotwife;wife-cuckold;esposas-compartidas;cornudos;casada-safada;brasileira-safada;rough|Brazilian;Verified Amateurs||1363|76721|265|89|https://ei.phncdn.com/videos/202502/05/464135665/original/(m=eaAaGwObaaamqv)(mh=ChfoIqojZY2V7oDJ)10.jpg|https://ei.phncdn.com/videos/202502/05/464135665/original/(m=eaAaGwObaaamqv)(mh=ChfoIqojZY2V7oDJ)1.jpg;https://ei.phncdn.com/videos/202502/05/464135665/original/(m=eaAaGwObaaamqv)(mh=ChfoIqojZY2V7oDJ)2.jpg;https://ei.phncdn.com/videos/202502/05/464135665/original/(m=eaAaGwObaaamqv)(mh=ChfoIqojZY2V7oDJ)3.jpg;https://ei.phncdn.com/videos/202502/05/464135665/original/(m=eaAaGwObaaamqv)(mh=ChfoIqojZY2V7oDJ)4.jpg;https://ei.phncdn.com/videos/202502/05/464135665/original/(m=eaAaGwObaaamqv)(mh=ChfoIqojZY2V7oDJ)5.jpg;https://ei.phncdn.com/videos/202502/05/464135665/original/(m=eaAaGwObaaamqv)(mh=ChfoIqojZY2V7oDJ)6.jpg;https://ei.phncdn.com/videos/202502/05/464135665/original/(m=eaAaGwObaaamqv)(mh=ChfoIqojZY2V7oDJ)7.jpg;https://ei.phncdn.com/videos/202502/05/464135665/original/(m=eaAaGwObaaamqv)(mh=ChfoIqojZY2V7oDJ)8.jpg;https://ei.phncdn.com/videos/202502/05/464135665/original/(m=eaAaGwObaaamqv)(mh=ChfoIqojZY2V7oDJ)9.jpg;https://ei.phncdn.com/videos/202502/05/464135665/original/(m=eaAaGwObaaamqv)(mh=ChfoIqojZY2V7oDJ)10.jpg;https://ei.phncdn.com/videos/202502/05/464135665/original/(m=eaAaGwObaaamqv)(mh=ChfoIqojZY2V7oDJ)11.jpg;https://ei.phncdn.com/videos/202502/05/464135665/original/(m=eaAaGwObaaamqv)(mh=ChfoIqojZY2V7oDJ)12.jpg;https://ei.phncdn.com/videos/202502/05/464135665/original/(m=eaAaGwObaaamqv)(mh=ChfoIqojZY2V7oDJ)13.jpg;https://ei.phncdn.com/videos/202502/05/464135665/original/(m=eaAaGwObaaamqv)(mh=ChfoIqojZY2V7oDJ)14.jpg;https://ei.phncdn.com/videos/202502/05/464135665/original/(m=eaAaGwObaaamqv)(mh=ChfoIqojZY2V7oDJ)15.jpg;https://ei.phncdn.com/videos/202502/05/464135665/original/(m=eaAaGwObaaamqv)(mh=ChfoIqojZY2V7oDJ)16.jpg
<iframe src="https://www.pornhub.com/embed/67aa092c551fd" frameborder="0" height="481" width="608" scrolling="no"></iframe>|https://ei.phncdn.com/videos/202502/10/464376015/original/(m=eaf8GgaaaWavb)(mh=yXBIILqGvdzDPenI)7.jpg|https://ei.phncdn.com/videos/202502/10/464376015/original/(m=eaf8GgaaaWavb)(mh=yXBIILqGvdzDPenI)1.jpg;https://ei.phncdn.com/videos/202502/10/464376015/original/(m=eaf8GgaaaWavb)(mh=yXBIILqGvdzDPenI)2.jpg;https://ei.phncdn.com/videos/202502/10/464376015/original/(m=eaf8GgaaaWavb)(mh=yXBIILqGvdzDPenI)3.jpg;https://ei.phncdn.com/videos/202502/10/464376015/original/(m=eaf8GgaaaWavb)(mh=yXBIILqGvdzDPenI)4.jpg;https://ei.phncdn.com/videos/202502/10/464376015/original/(m=eaf8GgaaaWavb)(mh=yXBIILqGvdzDPenI)5.jpg;https://ei.phncdn.com/videos/202502/10/464376015/original/(m=eaf8GgaaaWavb)(mh=yXBIILqGvdzDPenI)6.jpg;https://ei.phncdn.com/videos/202502/10/464376015/original/(m=eaf8GgaaaWavb)(mh=yXBIILqGvdzDPenI)7.jpg;https://ei.phncdn.com/videos/202502/10/464376015/original/(m=eaf8GgaaaWavb)(mh=yXBIILqGvdzDPenI)8.jpg;https://ei.phncdn.com/videos/202502/10/464376015/original/(m=eaf8GgaaaWavb)(mh=yXBIILqGvdzDPenI)9.jpg;https://ei.phncdn.com/videos/202502/10/464376015/original/(m=eaf8GgaaaWavb)(mh=yXBIILqGvdzDPenI)10.jpg;https://ei.phncdn.com/videos/202502/10/464376015/original/(m=eaf8GgaaaWavb)(mh=yXBIILqGvdzDPenI)11.jpg;https://ei.phncdn.com/videos/202502/10/464376015/original/(m=eaf8GgaaaWavb)(mh=yXBIILqGvdzDPenI)12.jpg;https://ei.phncdn.com/videos/202502/10/464376015/original/(m=eaf8GgaaaWavb)(mh=yXBIILqGvdzDPenI)13.jpg;https://ei.phncdn.com/videos/202502/10/464376015/original/(m=eaf8GgaaaWavb)(mh=yXBIILqGvdzDPenI)14.jpg;https://ei.phncdn.com/videos/202502/10/464376015/original/(m=eaf8GgaaaWavb)(mh=yXBIILqGvdzDPenI)15.jpg;https://ei.phncdn.com/videos/202502/10/464376015/original/(m=eaf8GgaaaWavb)(mh=yXBIILqGvdzDPenI)16.jpg|Madrasta leva enteada no ginecologista falso!|doctor-exam;exam;ginekolog-medic-exam;enteada;madrasta;madrasta-gostosa;consultorio-medico;medico-e-paciente|Brazilian;Verified Amateurs;Old/Young (18+)||373|498662|1149|318|https://ei.phncdn.com/videos/202502/10/464376015/original/(m=eaAaGwObaaamqv)(mh=RJQ2A_9nC-S0mCA6)7.jpg|https://ei.phncdn.com/videos/202502/10/464376015/original/(m=eaAaGwObaaamqv)(mh=RJQ2A_9nC-S0mCA6)1.jpg;https://ei.phncdn.com/videos/202502/10/464376015/original/(m=eaAaGwObaaamqv)(mh=RJQ2A_9nC-S0mCA6)2.jpg;https://ei.phncdn.com/videos/202502/10/464376015/original/(m=eaAaGwObaaamqv)(mh=RJQ2A_9nC-S0mCA6)3.jpg;https://ei.phncdn.com/videos/202502/10/464376015/original/(m=eaAaGwObaaamqv)(mh=RJQ2A_9nC-S0mCA6)4.jpg;https://ei.phncdn.com/videos/202502/10/464376015/original/(m=eaAaGwObaaamqv)(mh=RJQ2A_9nC-S0mCA6)5.jpg;https://ei.phncdn.com/videos/202502/10/464376015/original/(m=eaAaGwObaaamqv)(mh=RJQ2A_9nC-S0mCA6)6.jpg;https://ei.phncdn.com/videos/202502/10/464376015/original/(m=eaAaGwObaaamqv)(mh=RJQ2A_9nC-S0mCA6)7.jpg;https://ei.phncdn.com/videos/202502/10/464376015/original/(m=eaAaGwObaaamqv)(mh=RJQ2A_9nC-S0mCA6)8.jpg;https://ei.phncdn.com/videos/202502/10/464376015/original/(m=eaAaGwObaaamqv)(mh=RJQ2A_9nC-S0mCA6)9.jpg;https://ei.phncdn.com/videos/202502/10/464376015/original/(m=eaAaGwObaaamqv)(mh=RJQ2A_9nC-S0mCA6)10.jpg;https://ei.phncdn.com/videos/202502/10/464376015/original/(m=eaAaGwObaaamqv)(mh=RJQ2A_9nC-S0mCA6)11.jpg;https://ei.phncdn.com/videos/202502/10/464376015/original/(m=eaAaGwObaaamqv)(mh=RJQ2A_9nC-S0mCA6)12.jpg;https://ei.phncdn.com/videos/202502/10/464376015/original/(m=eaAaGwObaaamqv)(mh=RJQ2A_9nC-S0mCA6)13.jpg;https://ei.phncdn.com/videos/202502/10/464376015/original/(m=eaAaGwObaaamqv)(mh=RJQ2A_9nC-S0mCA6)14.jpg;https://ei.phncdn.com/videos/202502/10/464376015/original/(m=eaAaGwObaaamqv)(mh=RJQ2A_9nC-S0mCA6)15.jpg;https://ei.phncdn.com/videos/202502/10/464376015/original/(m=eaAaGwObaaamqv)(mh=RJQ2A_9nC-S0mCA6)16.jpg
<iframe src="https://www.pornhub.com/embed/67ab4e6b991ff" frameborder="0" height="481" width="608" scrolling="no"></iframe>|https://ei.phncdn.com/videos/202502/11/464418495/original/(m=eaf8GgaaaWavb)(mh=D-yDwrl0pUilYAhm)16.jpg|https://ei.phncdn.com/videos/202502/11/464418495/original/(m=eaf8GgaaaWavb)(mh=D-yDwrl0pUilYAhm)1.jpg;https://ei.phncdn.com/videos/202502/11/464418495/original/(m=eaf8GgaaaWavb)(mh=D-yDwrl0pUilYAhm)2.jpg;https://ei.phncdn.com/videos/202502/11/464418495/original/(m=eaf8GgaaaWavb)(mh=D-yDwrl0pUilYAhm)3.jpg;https://ei.phncdn.com/videos/202502/11/464418495/original/(m=eaf8GgaaaWavb)(mh=D-yDwrl0pUilYAhm)4.jpg;https://ei.phncdn.com/videos/202502/11/464418495/original/(m=eaf8GgaaaWavb)(mh=D-yDwrl0pUilYAhm)5.jpg;https://ei.phncdn.com/videos/202502/11/464418495/original/(m=eaf8GgaaaWavb)(mh=D-yDwrl0pUilYAhm)6.jpg;https://ei.phncdn.com/videos/202502/11/464418495/original/(m=eaf8GgaaaWavb)(mh=D-yDwrl0pUilYAhm)7.jpg;https://ei.phncdn.com/videos/202502/11/464418495/original/(m=eaf8GgaaaWavb)(mh=D-yDwrl0pUilYAhm)8.jpg;https://ei.phncdn.com/videos/202502/11/464418495/original/(m=eaf8GgaaaWavb)(mh=D-yDwrl0pUilYAhm)9.jpg;https://ei.phncdn.com/videos/202502/11/464418495/original/(m=eaf8GgaaaWavb)(mh=D-yDwrl0pUilYAhm)10.jpg;https://ei.phncdn.com/videos/202502/11/464418495/original/(m=eaf8GgaaaWavb)(mh=D-yDwrl0pUilYAhm)11.jpg;https://ei.phncdn.com/videos/202502/11/464418495/original/(m=eaf8GgaaaWavb)(mh=D-yDwrl0pUilYAhm)12.jpg;https://ei.phncdn.com/videos/202502/11/464418495/original/(m=eaf8GgaaaWavb)(mh=D-yDwrl0pUilYAhm)13.jpg;https://ei.phncdn.com/videos/202502/11/464418495/original/(m=eaf8GgaaaWavb)(mh=D-yDwrl0pUilYAhm)14.jpg;https://ei.phncdn.com/videos/202502/11/464418495/original/(m=eaf8GgaaaWavb)(mh=D-yDwrl0pUilYAhm)15.jpg;https://ei.phncdn.com/videos/202502/11/464418495/original/(m=eaf8GgaaaWavb)(mh=D-yDwrl0pUilYAhm)16.jpg|Veja eu me masturbando em vários ângulos diferentes|girl-masturbating;garota|Brazilian;60FPS;Verified Amateurs;Solo Female;Vertical Video||315|8466|137|11|https://ei.phncdn.com/videos/202502/11/464418495/original/(m=eaAaGwObaaamqv)(mh=xPPev95xLoFYyr_X)16.jpg|https://ei.phncdn.com/videos/202502/11/464418495/original/(m=eaAaGwObaaamqv)(mh=xPPev95xLoFYyr_X)1.jpg;https://ei.phncdn.com/videos/202502/11/464418495/original/(m=eaAaGwObaaamqv)(mh=xPPev95xLoFYyr_X)2.jpg;https://ei.phncdn.com/videos/202502/11/464418495/original/(m=eaAaGwObaaamqv)(mh=xPPev95xLoFYyr_X)3.jpg;https://ei.phncdn.com/videos/202502/11/464418495/original/(m=eaAaGwObaaamqv)(mh=xPPev95xLoFYyr_X)4.jpg;https://ei.phncdn.com/videos/202502/11/464418495/original/(m=eaAaGwObaaamqv)(mh=xPPev95xLoFYyr_X)5.jpg;https://ei.phncdn.com/videos/202502/11/464418495/original/(m=eaAaGwObaaamqv)(mh=xPPev95xLoFYyr_X)6.jpg;https://ei.phncdn.com/videos/202502/11/464418495/original/(m=eaAaGwObaaamqv)(mh=xPPev95xLoFYyr_X)7.jpg;https://ei.phncdn.com/videos/202502/11/464418495/original/(m=eaAaGwObaaamqv)(mh=xPPev95xLoFYyr_X)8.jpg;https://ei.phncdn.com/videos/202502/11/464418495/original/(m=eaAaGwObaaamqv)(mh=xPPev95xLoFYyr_X)9.jpg;https://ei.phncdn.com/videos/202502/11/464418495/original/(m=eaAaGwObaaamqv)(mh=xPPev95xLoFYyr_X)10.jpg;https://ei.phncdn.com/videos/202502/11/464418495/original/(m=eaAaGwObaaamqv)(mh=xPPev95xLoFYyr_X)11.jpg;https://ei.phncdn.com/videos/202502/11/464418495/original/(m=eaAaGwObaaamqv)(mh=xPPev95xLoFYyr_X)12.jpg;https://ei.phncdn.com/videos/202502/11/464418495/original/(m=eaAaGwObaaamqv)(mh=xPPev95xLoFYyr_X)13.jpg;https://ei.phncdn.com/videos/202502/11/464418495/original/(m=eaAaGwObaaamqv)(mh=xPPev95xLoFYyr_X)14.jpg;https://ei.phncdn.com/videos/202502/11/464418495/original/(m=eaAaGwObaaamqv)(mh=xPPev95xLoFYyr_X)15.jpg;https://ei.phncdn.com/videos/202502/11/464418495/original/(m=eaAaGwObaaamqv)(mh=xPPev95xLoFYyr_X)16.jpg
<iframe src="https://www.pornhub.com/embed/67acba0395b56" frameborder="0" height="481" width="608" scrolling="no"></iframe>|https://ei.phncdn.com/videos/202502/12/464466925/original/(m=eaf8GgaaaWavb)(mh=G0RTlejZoSsuSZfx)16.jpg|https://ei.phncdn.com/videos/202502/12/464466925/original/(m=eaf8GgaaaWavb)(mh=G0RTlejZoSsuSZfx)1.jpg;https://ei.phncdn.com/videos/202502/12/464466925/original/(m=eaf8GgaaaWavb)(mh=G0RTlejZoSsuSZfx)2.jpg;https://ei.phncdn.com/videos/202502/12/464466925/original/(m=eaf8GgaaaWavb)(mh=G0RTlejZoSsuSZfx)3.jpg;https://ei.phncdn.com/videos/202502/12/464466925/original/(m=eaf8GgaaaWavb)(mh=G0RTlejZoSsuSZfx)4.jpg;https://ei.phncdn.com/videos/202502/12/464466925/original/(m=eaf8GgaaaWavb)(mh=G0RTlejZoSsuSZfx)5.jpg;https://ei.phncdn.com/videos/202502/12/464466925/original/(m=eaf8GgaaaWavb)(mh=G0RTlejZoSsuSZfx)6.jpg;https://ei.phncdn.com/videos/202502/12/464466925/original/(m=eaf8GgaaaWavb)(mh=G0RTlejZoSsuSZfx)7.jpg;https://ei.phncdn.com/videos/202502/12/464466925/original/(m=eaf8GgaaaWavb)(mh=G0RTlejZoSsuSZfx)8.jpg;https://ei.phncdn.com/videos/202502/12/464466925/original/(m=eaf8GgaaaWavb)(mh=G0RTlejZoSsuSZfx)9.jpg;https://ei.phncdn.com/videos/202502/12/464466925/original/(m=eaf8GgaaaWavb)(mh=G0RTlejZoSsuSZfx)10.jpg;https://ei.phncdn.com/videos/202502/12/464466925/original/(m=eaf8GgaaaWavb)(mh=G0RTlejZoSsuSZfx)11.jpg;https://ei.phncdn.com/videos/202502/12/464466925/original/(m=eaf8GgaaaWavb)(mh=G0RTlejZoSsuSZfx)12.jpg;https://ei.phncdn.com/videos/202502/12/464466925/original/(m=eaf8GgaaaWavb)(mh=G0RTlejZoSsuSZfx)13.jpg;https://ei.phncdn.com/videos/202502/12/464466925/original/(m=eaf8GgaaaWavb)(mh=G0RTlejZoSsuSZfx)14.jpg;https://ei.phncdn.com/videos/202502/12/464466925/original/(m=eaf8GgaaaWavb)(mh=G0RTlejZoSsuSZfx)15.jpg;https://ei.phncdn.com/videos/202502/12/464466925/original/(m=eaf8GgaaaWavb)(mh=G0RTlejZoSsuSZfx)16.jpg|Ginecologista fode esposa ao lado do corno inocente!|doctor-exam;doctor-examination;exam;ginekolog-medic-exam;cuckold-wife;wife;esposa;esposa-infiel;corno-brasil;corno;gynecologist;gyno;ruiva;brazilian|Brazilian;Verified Amateurs||447|210803|398|94|https://ei.phncdn.com/videos/202502/12/464466925/original/(m=eaAaGwObaaamqv)(mh=SmN9eqGJWrrxBWpa)16.jpg|https://ei.phncdn.com/videos/202502/12/464466925/original/(m=eaAaGwObaaamqv)(mh=SmN9eqGJWrrxBWpa)1.jpg;https://ei.phncdn.com/videos/202502/12/464466925/original/(m=eaAaGwObaaamqv)(mh=SmN9eqGJWrrxBWpa)2.jpg;https://ei.phncdn.com/videos/202502/12/464466925/original/(m=eaAaGwObaaamqv)(mh=SmN9eqGJWrrxBWpa)3.jpg;https://ei.phncdn.com/videos/202502/12/464466925/original/(m=eaAaGwObaaamqv)(mh=SmN9eqGJWrrxBWpa)4.jpg;https://ei.phncdn.com/videos/202502/12/464466925/original/(m=eaAaGwObaaamqv)(mh=SmN9eqGJWrrxBWpa)5.jpg;https://ei.phncdn.com/videos/202502/12/464466925/original/(m=eaAaGwObaaamqv)(mh=SmN9eqGJWrrxBWpa)6.jpg;https://ei.phncdn.com/videos/202502/12/464466925/original/(m=eaAaGwObaaamqv)(mh=SmN9eqGJWrrxBWpa)7.jpg;https://ei.phncdn.com/videos/202502/12/464466925/original/(m=eaAaGwObaaamqv)(mh=SmN9eqGJWrrxBWpa)8.jpg;https://ei.phncdn.com/videos/202502/12/464466925/original/(m=eaAaGwObaaamqv)(mh=SmN9eqGJWrrxBWpa)9.jpg;https://ei.phncdn.com/videos/202502/12/464466925/original/(m=eaAaGwObaaamqv)(mh=SmN9eqGJWrrxBWpa)10.jpg;https://ei.phncdn.com/videos/202502/12/464466925/original/(m=eaAaGwObaaamqv)(mh=SmN9eqGJWrrxBWpa)11.jpg;https://ei.phncdn.com/videos/202502/12/464466925/original/(m=eaAaGwObaaamqv)(mh=SmN9eqGJWrrxBWpa)12.jpg;https://ei.phncdn.com/videos/202502/12/464466925/original/(m=eaAaGwObaaamqv)(mh=SmN9eqGJWrrxBWpa)13.jpg;https://ei.phncdn.com/videos/202502/12/464466925/original/(m=eaAaGwObaaamqv)(mh=SmN9eqGJWrrxBWpa)14.jpg;https://ei.phncdn.com/videos/202502/12/464466925/original/(m=eaAaGwObaaamqv)(mh=SmN9eqGJWrrxBWpa)15.jpg;https://ei.phncdn.com/videos/202502/12/464466925/original/(m=eaAaGwObaaamqv)(mh=SmN9eqGJWrrxBWpa)16.jpg
<iframe src="https://www.pornhub.com/embed/67e0c02d3f865" frameborder="0" height="481" width="608" scrolling="no"></iframe>|https://ei.phncdn.com/videos/202503/24/466226125/original/(m=eaf8GgaaaWavb)(mh=yzLCDXmB4T8wvjfn)11.jpg|https://ei.phncdn.com/videos/202503/24/466226125/original/(m=eaf8GgaaaWavb)(mh=yzLCDXmB4T8wvjfn)1.jpg;https://ei.phncdn.com/videos/202503/24/466226125/original/(m=eaf8GgaaaWavb)(mh=yzLCDXmB4T8wvjfn)2.jpg;https://ei.phncdn.com/videos/202503/24/466226125/original/(m=eaf8GgaaaWavb)(mh=yzLCDXmB4T8wvjfn)3.jpg;https://ei.phncdn.com/videos/202503/24/466226125/original/(m=eaf8GgaaaWavb)(mh=yzLCDXmB4T8wvjfn)4.jpg;https://ei.phncdn.com/videos/202503/24/466226125/original/(m=eaf8GgaaaWavb)(mh=yzLCDXmB4T8wvjfn)5.jpg;https://ei.phncdn.com/videos/202503/24/466226125/original/(m=eaf8GgaaaWavb)(mh=yzLCDXmB4T8wvjfn)6.jpg;https://ei.phncdn.com/videos/202503/24/466226125/original/(m=eaf8GgaaaWavb)(mh=yzLCDXmB4T8wvjfn)7.jpg;https://ei.phncdn.com/videos/202503/24/466226125/original/(m=eaf8GgaaaWavb)(mh=yzLCDXmB4T8wvjfn)8.jpg;https://ei.phncdn.com/videos/202503/24/466226125/original/(m=eaf8GgaaaWavb)(mh=yzLCDXmB4T8wvjfn)9.jpg;https://ei.phncdn.com/videos/202503/24/466226125/original/(m=eaf8GgaaaWavb)(mh=yzLCDXmB4T8wvjfn)10.jpg;https://ei.phncdn.com/videos/202503/24/466226125/original/(m=eaf8GgaaaWavb)(mh=yzLCDXmB4T8wvjfn)11.jpg;https://ei.phncdn.com/videos/202503/24/466226125/original/(m=eaf8GgaaaWavb)(mh=yzLCDXmB4T8wvjfn)12.jpg;https://ei.phncdn.com/videos/202503/24/466226125/original/(m=eaf8GgaaaWavb)(mh=yzLCDXmB4T8wvjfn)13.jpg;https://ei.phncdn.com/videos/202503/24/466226125/original/(m=eaf8GgaaaWavb)(mh=yzLCDXmB4T8wvjfn)14.jpg;https://ei.phncdn.com/videos/202503/24/466226125/original/(m=eaf8GgaaaWavb)(mh=yzLCDXmB4T8wvjfn)15.jpg;https://ei.phncdn.com/videos/202503/24/466226125/original/(m=eaf8GgaaaWavb)(mh=yzLCDXmB4T8wvjfn)16.jpg|le saco toda la leche a mi mejor amigo 💦 Antes de ir a trabajar🙈|mihanika69;mirari-hub|Brazilian;Exclusive;Verified Amateurs;Solo Female;Vertical Video||66|11618|273|11|https://ei.phncdn.com/videos/202503/24/466226125/original/(m=eaAaGwObaaamqv)(mh=xQj-wuelLwL3QWOe)11.jpg|https://ei.phncdn.com/videos/202503/24/466226125/original/(m=eaAaGwObaaamqv)(mh=xQj-wuelLwL3QWOe)1.jpg;https://ei.phncdn.com/videos/202503/24/466226125/original/(m=eaAaGwObaaamqv)(mh=xQj-wuelLwL3QWOe)2.jpg;https://ei.phncdn.com/videos/202503/24/466226125/original/(m=eaAaGwObaaamqv)(mh=xQj-wuelLwL3QWOe)3.jpg;https://ei.phncdn.com/videos/202503/24/466226125/original/(m=eaAaGwObaaamqv)(mh=xQj-wuelLwL3QWOe)4.jpg;https://ei.phncdn.com/videos/202503/24/466226125/original/(m=eaAaGwObaaamqv)(mh=xQj-wuelLwL3QWOe)5.jpg;https://ei.phncdn.com/videos/202503/24/466226125/original/(m=eaAaGwObaaamqv)(mh=xQj-wuelLwL3QWOe)6.jpg;https://ei.phncdn.com/videos/202503/24/466226125/original/(m=eaAaGwObaaamqv)(mh=xQj-wuelLwL3QWOe)7.jpg;https://ei.phncdn.com/videos/202503/24/466226125/original/(m=eaAaGwObaaamqv)(mh=xQj-wuelLwL3QWOe)8.jpg;https://ei.phncdn.com/videos/202503/24/466226125/original/(m=eaAaGwObaaamqv)(mh=xQj-wuelLwL3QWOe)9.jpg;https://ei.phncdn.com/videos/202503/24/466226125/original/(m=eaAaGwObaaamqv)(mh=xQj-wuelLwL3QWOe)10.jpg;https://ei.phncdn.com/videos/202503/24/466226125/original/(m=eaAaGwObaaamqv)(mh=xQj-wuelLwL3QWOe)11.jpg;https://ei.phncdn.com/videos/202503/24/466226125/original/(m=eaAaGwObaaamqv)(mh=xQj-wuelLwL3QWOe)12.jpg;https://ei.phncdn.com/videos/202503/24/466226125/original/(m=eaAaGwObaaamqv)(mh=xQj-wuelLwL3QWOe)13.jpg;https://ei.phncdn.com/videos/202503/24/466226125/original/(m=eaAaGwObaaamqv)(mh=xQj-wuelLwL3QWOe)14.jpg;https://ei.phncdn.com/videos/202503/24/466226125/original/(m=eaAaGwObaaamqv)(mh=xQj-wuelLwL3QWOe)15.jpg;https://ei.phncdn.com/videos/202503/24/466226125/original/(m=eaAaGwObaaamqv)(mh=xQj-wuelLwL3QWOe)16.jpg
<iframe src="https://www.pornhub.com/embed/67ea52cd9d886" frameborder="0" height="481" width="608" scrolling="no"></iframe>|https://ei.phncdn.com/videos/202503/31/466580105/original/(m=eaf8GgaaaWavb)(mh=v1T3f6um3w9JNgvy)3.jpg|https://ei.phncdn.com/videos/202503/31/466580105/original/(m=eaf8GgaaaWavb)(mh=v1T3f6um3w9JNgvy)1.jpg;https://ei.phncdn.com/videos/202503/31/466580105/original/(m=eaf8GgaaaWavb)(mh=v1T3f6um3w9JNgvy)2.jpg;https://ei.phncdn.com/videos/202503/31/466580105/original/(m=eaf8GgaaaWavb)(mh=v1T3f6um3w9JNgvy)3.jpg;https://ei.phncdn.com/videos/202503/31/466580105/original/(m=eaf8GgaaaWavb)(mh=v1T3f6um3w9JNgvy)4.jpg;https://ei.phncdn.com/videos/202503/31/466580105/original/(m=eaf8GgaaaWavb)(mh=v1T3f6um3w9JNgvy)5.jpg;https://ei.phncdn.com/videos/202503/31/466580105/original/(m=eaf8GgaaaWavb)(mh=v1T3f6um3w9JNgvy)6.jpg;https://ei.phncdn.com/videos/202503/31/466580105/original/(m=eaf8GgaaaWavb)(mh=v1T3f6um3w9JNgvy)7.jpg;https://ei.phncdn.com/videos/202503/31/466580105/original/(m=eaf8GgaaaWavb)(mh=v1T3f6um3w9JNgvy)8.jpg;https://ei.phncdn.com/videos/202503/31/466580105/original/(m=eaf8GgaaaWavb)(mh=v1T3f6um3w9JNgvy)9.jpg;https://ei.phncdn.com/videos/202503/31/466580105/original/(m=eaf8GgaaaWavb)(mh=v1T3f6um3w9JNgvy)10.jpg;https://ei.phncdn.com/videos/202503/31/466580105/original/(m=eaf8GgaaaWavb)(mh=v1T3f6um3w9JNgvy)11.jpg;https://ei.phncdn.com/videos/202503/31/466580105/original/(m=eaf8GgaaaWavb)(mh=v1T3f6um3w9JNgvy)12.jpg;https://ei.phncdn.com/videos/202503/31/466580105/original/(m=eaf8GgaaaWavb)(mh=v1T3f6um3w9JNgvy)13.jpg;https://ei.phncdn.com/videos/202503/31/466580105/original/(m=eaf8GgaaaWavb)(mh=v1T3f6um3w9JNgvy)14.jpg;https://ei.phncdn.com/videos/202503/31/466580105/original/(m=eaf8GgaaaWavb)(mh=v1T3f6um3w9JNgvy)15.jpg;https://ei.phncdn.com/videos/202503/31/466580105/original/(m=eaf8GgaaaWavb)(mh=v1T3f6um3w9JNgvy)16.jpg|ASMR - Outdoor sex down by the river with INTENSE female orgasm. Audio Only.|asmr;sex-sounds;audio-recording;amateur-outdoor-sex;real-couple-audio;moaning-sex-sounds;sounds-only;sounds;asmr-audio;hard-rough-sex;female-orgasm;angel-youngs|Brazilian;60FPS;Old/Young (18+)||427|5695|10|1|https://ei.phncdn.com/videos/202503/31/466580105/original/(m=eaAaGwObaaamqv)(mh=cfwq8aUGfCEmlYZk)3.jpg|https://ei.phncdn.com/videos/202503/31/466580105/original/(m=eaAaGwObaaamqv)(mh=cfwq8aUGfCEmlYZk)1.jpg;https://ei.phncdn.com/videos/202503/31/466580105/original/(m=eaAaGwObaaamqv)(mh=cfwq8aUGfCEmlYZk)2.jpg;https://ei.phncdn.com/videos/202503/31/466580105/original/(m=eaAaGwObaaamqv)(mh=cfwq8aUGfCEmlYZk)3.jpg;https://ei.phncdn.com/videos/202503/31/466580105/original/(m=eaAaGwObaaamqv)(mh=cfwq8aUGfCEmlYZk)4.jpg;https://ei.phncdn.com/videos/202503/31/466580105/original/(m=eaAaGwObaaamqv)(mh=cfwq8aUGfCEmlYZk)5.jpg;https://ei.phncdn.com/videos/202503/31/466580105/original/(m=eaAaGwObaaamqv)(mh=cfwq8aUGfCEmlYZk)6.jpg;https://ei.phncdn.com/videos/202503/31/466580105/original/(m=eaAaGwObaaamqv)(mh=cfwq8aUGfCEmlYZk)7.jpg;https://ei.phncdn.com/videos/202503/31/466580105/original/(m=eaAaGwObaaamqv)(mh=cfwq8aUGfCEmlYZk)8.jpg;https://ei.phncdn.com/videos/202503/31/466580105/original/(m=eaAaGwObaaamqv)(mh=cfwq8aUGfCEmlYZk)9.jpg;https://ei.phncdn.com/videos/202503/31/466580105/original/(m=eaAaGwObaaamqv)(mh=cfwq8aUGfCEmlYZk)10.jpg;https://ei.phncdn.com/videos/202503/31/466580105/original/(m=eaAaGwObaaamqv)(mh=cfwq8aUGfCEmlYZk)11.jpg;https://ei.phncdn.com/videos/202503/31/466580105/original/(m=eaAaGwObaaamqv)(mh=cfwq8aUGfCEmlYZk)12.jpg;https://ei.phncdn.com/videos/202503/31/466580105/original/(m=eaAaGwObaaamqv)(mh=cfwq8aUGfCEmlYZk)13.jpg;https://ei.phncdn.com/videos/202503/31/466580105/original/(m=eaAaGwObaaamqv)(mh=cfwq8aUGfCEmlYZk)14.jpg;https://ei.phncdn.com/videos/202503/31/466580105/original/(m=eaAaGwObaaamqv)(mh=cfwq8aUGfCEmlYZk)15.jpg;https://ei.phncdn.com/videos/202503/31/466580105/original/(m=eaAaGwObaaamqv)(mh=cfwq8aUGfCEmlYZk)16.jpg
<iframe src="https://www.pornhub.com/embed/67ebe9e9b8872" frameborder="0" height="481" width="608" scrolling="no"></iframe>|https://ei.phncdn.com/videos/202504/01/466642695/original/(m=eaf8GgaaaWavb)(mh=gBM45n5JzRRFzKuD)3.jpg|https://ei.phncdn.com/videos/202504/01/466642695/original/(m=eaf8GgaaaWavb)(mh=gBM45n5JzRRFzKuD)1.jpg;https://ei.phncdn.com/videos/202504/01/466642695/original/(m=eaf8GgaaaWavb)(mh=gBM45n5JzRRFzKuD)2.jpg;https://ei.phncdn.com/videos/202504/01/466642695/original/(m=eaf8GgaaaWavb)(mh=gBM45n5JzRRFzKuD)3.jpg;https://ei.phncdn.com/videos/202504/01/466642695/original/(m=eaf8GgaaaWavb)(mh=gBM45n5JzRRFzKuD)4.jpg;https://ei.phncdn.com/videos/202504/01/466642695/original/(m=eaf8GgaaaWavb)(mh=gBM45n5JzRRFzKuD)5.jpg;https://ei.phncdn.com/videos/202504/01/466642695/original/(m=eaf8GgaaaWavb)(mh=gBM45n5JzRRFzKuD)6.jpg;https://ei.phncdn.com/videos/202504/01/466642695/original/(m=eaf8GgaaaWavb)(mh=gBM45n5JzRRFzKuD)7.jpg;https://ei.phncdn.com/videos/202504/01/466642695/original/(m=eaf8GgaaaWavb)(mh=gBM45n5JzRRFzKuD)8.jpg;https://ei.phncdn.com/videos/202504/01/466642695/original/(m=eaf8GgaaaWavb)(mh=gBM45n5JzRRFzKuD)9.jpg;https://ei.phncdn.com/videos/202504/01/466642695/original/(m=eaf8GgaaaWavb)(mh=gBM45n5JzRRFzKuD)10.jpg;https://ei.phncdn.com/videos/202504/01/466642695/original/(m=eaf8GgaaaWavb)(mh=gBM45n5JzRRFzKuD)11.jpg;https://ei.phncdn.com/videos/202504/01/466642695/original/(m=eaf8GgaaaWavb)(mh=gBM45n5JzRRFzKuD)12.jpg;https://ei.phncdn.com/videos/202504/01/466642695/original/(m=eaf8GgaaaWavb)(mh=gBM45n5JzRRFzKuD)13.jpg;https://ei.phncdn.com/videos/202504/01/466642695/original/(m=eaf8GgaaaWavb)(mh=gBM45n5JzRRFzKuD)14.jpg;https://ei.phncdn.com/videos/202504/01/466642695/original/(m=eaf8GgaaaWavb)(mh=gBM45n5JzRRFzKuD)15.jpg;https://ei.phncdn.com/videos/202504/01/466642695/original/(m=eaf8GgaaaWavb)(mh=gBM45n5JzRRFzKuD)16.jpg|Gravidinha gostosinha com sua pepeka inchada|get-me-pregnant;pregnant-sex|Brazilian;60FPS;Verified Amateurs;Solo Female;Vertical Video||369|15902|524|39|https://ei.phncdn.com/videos/202504/01/466642695/original/(m=eaAaGwObaaamqv)(mh=fXofPNcLKIQFki0D)3.jpg|https://ei.phncdn.com/videos/202504/01/466642695/original/(m=eaAaGwObaaamqv)(mh=fXofPNcLKIQFki0D)1.jpg;https://ei.phncdn.com/videos/202504/01/466642695/original/(m=eaAaGwObaaamqv)(mh=fXofPNcLKIQFki0D)2.jpg;https://ei.phncdn.com/videos/202504/01/466642695/original/(m=eaAaGwObaaamqv)(mh=fXofPNcLKIQFki0D)3.jpg;https://ei.phncdn.com/videos/202504/01/466642695/original/(m=eaAaGwObaaamqv)(mh=fXofPNcLKIQFki0D)4.jpg;https://ei.phncdn.com/videos/202504/01/466642695/original/(m=eaAaGwObaaamqv)(mh=fXofPNcLKIQFki0D)5.jpg;https://ei.phncdn.com/videos/202504/01/466642695/original/(m=eaAaGwObaaamqv)(mh=fXofPNcLKIQFki0D)6.jpg;https://ei.phncdn.com/videos/202504/01/466642695/original/(m=eaAaGwObaaamqv)(mh=fXofPNcLKIQFki0D)7.jpg;https://ei.phncdn.com/videos/202504/01/466642695/original/(m=eaAaGwObaaamqv)(mh=fXofPNcLKIQFki0D)8.jpg;https://ei.phncdn.com/videos/202504/01/466642695/original/(m=eaAaGwObaaamqv)(mh=fXofPNcLKIQFki0D)9.jpg;https://ei.phncdn.com/videos/202504/01/466642695/original/(m=eaAaGwObaaamqv)(mh=fXofPNcLKIQFki0D)10.jpg;https://ei.phncdn.com/videos/202504/01/466642695/original/(m=eaAaGwObaaamqv)(mh=fXofPNcLKIQFki0D)11.jpg;https://ei.phncdn.com/videos/202504/01/466642695/original/(m=eaAaGwObaaamqv)(mh=fXofPNcLKIQFki0D)12.jpg;https://ei.phncdn.com/videos/202504/01/466642695/original/(m=eaAaGwObaaamqv)(mh=fXofPNcLKIQFki0D)13.jpg;https://ei.phncdn.com/videos/202504/01/466642695/original/(m=eaAaGwObaaamqv)(mh=fXofPNcLKIQFki0D)14.jpg;https://ei.phncdn.com/videos/202504/01/466642695/original/(m=eaAaGwObaaamqv)(mh=fXofPNcLKIQFki0D)15.jpg;https://ei.phncdn.com/videos/202504/01/466642695/original/(m=eaAaGwObaaamqv)(mh=fXofPNcLKIQFki0D)16.jpg
<iframe src="https://www.pornhub.com/embed/6837dcb87d723" frameborder="0" height="481" width="608" scrolling="no"></iframe>|https://ei.phncdn.com/videos/202505/29/469498695/original/(m=q22MSQ0beaf8GgaaaWavb)(mh=7WgivMd9cHucH6Cu)0.jpg|https://ei.phncdn.com/videos/202505/29/469498695/thumbs_5/(m=eaf8GgaaaWavb)(mh=AtofdRsCTm_eHTbW)1.jpg;https://ei.phncdn.com/videos/202505/29/469498695/thumbs_5/(m=eaf8GgaaaWavb)(mh=AtofdRsCTm_eHTbW)2.jpg;https://ei.phncdn.com/videos/202505/29/469498695/thumbs_5/(m=eaf8GgaaaWavb)(mh=AtofdRsCTm_eHTbW)3.jpg;https://ei.phncdn.com/videos/202505/29/469498695/thumbs_5/(m=eaf8GgaaaWavb)(mh=AtofdRsCTm_eHTbW)4.jpg;https://ei.phncdn.com/videos/202505/29/469498695/thumbs_5/(m=eaf8GgaaaWavb)(mh=AtofdRsCTm_eHTbW)5.jpg;https://ei.phncdn.com/videos/202505/29/469498695/thumbs_5/(m=eaf8GgaaaWavb)(mh=AtofdRsCTm_eHTbW)6.jpg;https://ei.phncdn.com/videos/202505/29/469498695/thumbs_5/(m=eaf8GgaaaWavb)(mh=AtofdRsCTm_eHTbW)7.jpg;https://ei.phncdn.com/videos/202505/29/469498695/thumbs_5/(m=eaf8GgaaaWavb)(mh=AtofdRsCTm_eHTbW)8.jpg;https://ei.phncdn.com/videos/202505/29/469498695/thumbs_5/(m=eaf8GgaaaWavb)(mh=AtofdRsCTm_eHTbW)9.jpg;https://ei.phncdn.com/videos/202505/29/469498695/thumbs_5/(m=eaf8GgaaaWavb)(mh=AtofdRsCTm_eHTbW)10.jpg;https://ei.phncdn.com/videos/202505/29/469498695/thumbs_5/(m=eaf8GgaaaWavb)(mh=AtofdRsCTm_eHTbW)11.jpg;https://ei.phncdn.com/videos/202505/29/469498695/thumbs_5/(m=eaf8GgaaaWavb)(mh=AtofdRsCTm_eHTbW)12.jpg;https://ei.phncdn.com/videos/202505/29/469498695/thumbs_5/(m=eaf8GgaaaWavb)(mh=AtofdRsCTm_eHTbW)13.jpg;https://ei.phncdn.com/videos/202505/29/469498695/thumbs_5/(m=eaf8GgaaaWavb)(mh=AtofdRsCTm_eHTbW)14.jpg;https://ei.phncdn.com/videos/202505/29/469498695/thumbs_5/(m=eaf8GgaaaWavb)(mh=AtofdRsCTm_eHTbW)15.jpg;https://ei.phncdn.com/videos/202505/29/469498695/thumbs_5/(m=eaf8GgaaaWavb)(mh=AtofdRsCTm_eHTbW)16.jpg|Gordinha GOSTOSA gozando com brinquedo no quarto  Juliana Coxta|gordinha;chubby;brasileira;brazilian;bunda-grande;big-ass-latina;sex-toy;ahegao-face;mouth-saliva;black-girl;beautiful-girl;gordinha-gostosa|Brazilian;60FPS;Verified Amateurs;Solo Female;Female Orgasm||565|30597|179|30|https://ei.phncdn.com/videos/202505/29/469498695/original/(m=q22MSQ0beaAaGwObaaamqv)(mh=4b_u8Dy0d6HhLOLk)0.jpg|https://ei.phncdn.com/videos/202505/29/469498695/thumbs_5/(m=eaAaGwObaaamqv)(mh=4n4g97PqETw_cDCD)1.jpg;https://ei.phncdn.com/videos/202505/29/469498695/thumbs_5/(m=eaAaGwObaaamqv)(mh=4n4g97PqETw_cDCD)2.jpg;https://ei.phncdn.com/videos/202505/29/469498695/thumbs_5/(m=eaAaGwObaaamqv)(mh=4n4g97PqETw_cDCD)3.jpg;https://ei.phncdn.com/videos/202505/29/469498695/thumbs_5/(m=eaAaGwObaaamqv)(mh=4n4g97PqETw_cDCD)4.jpg;https://ei.phncdn.com/videos/202505/29/469498695/thumbs_5/(m=eaAaGwObaaamqv)(mh=4n4g97PqETw_cDCD)5.jpg;https://ei.phncdn.com/videos/202505/29/469498695/thumbs_5/(m=eaAaGwObaaamqv)(mh=4n4g97PqETw_cDCD)6.jpg;https://ei.phncdn.com/videos/202505/29/469498695/thumbs_5/(m=eaAaGwObaaamqv)(mh=4n4g97PqETw_cDCD)7.jpg;https://ei.phncdn.com/videos/202505/29/469498695/thumbs_5/(m=eaAaGwObaaamqv)(mh=4n4g97PqETw_cDCD)8.jpg;https://ei.phncdn.com/videos/202505/29/469498695/thumbs_5/(m=eaAaGwObaaamqv)(mh=4n4g97PqETw_cDCD)9.jpg;https://ei.phncdn.com/videos/202505/29/469498695/thumbs_5/(m=eaAaGwObaaamqv)(mh=4n4g97PqETw_cDCD)10.jpg;https://ei.phncdn.com/videos/202505/29/469498695/thumbs_5/(m=eaAaGwObaaamqv)(mh=4n4g97PqETw_cDCD)11.jpg;https://ei.phncdn.com/videos/202505/29/469498695/thumbs_5/(m=eaAaGwObaaamqv)(mh=4n4g97PqETw_cDCD)12.jpg;https://ei.phncdn.com/videos/202505/29/469498695/thumbs_5/(m=eaAaGwObaaamqv)(mh=4n4g97PqETw_cDCD)13.jpg;https://ei.phncdn.com/videos/202505/29/469498695/thumbs_5/(m=eaAaGwObaaamqv)(mh=4n4g97PqETw_cDCD)14.jpg;https://ei.phncdn.com/videos/202505/29/469498695/thumbs_5/(m=eaAaGwObaaamqv)(mh=4n4g97PqETw_cDCD)15.jpg;https://ei.phncdn.com/videos/202505/29/469498695/thumbs_5/(m=eaAaGwObaaamqv)(mh=4n4g97PqETw_cDCD)16.jpg
<iframe src="https://www.pornhub.com/embed/684309f3d642f" frameborder="0" height="481" width="608" scrolling="no"></iframe>|https://ei.phncdn.com/videos/202506/06/469873695/original/(m=eaf8GgaaaWavb)(mh=5r9OiiQVNuR94wCY)7.jpg|https://ei.phncdn.com/videos/202506/06/469873695/original/(m=eaf8GgaaaWavb)(mh=5r9OiiQVNuR94wCY)1.jpg;https://ei.phncdn.com/videos/202506/06/469873695/original/(m=eaf8GgaaaWavb)(mh=5r9OiiQVNuR94wCY)2.jpg;https://ei.phncdn.com/videos/202506/06/469873695/original/(m=eaf8GgaaaWavb)(mh=5r9OiiQVNuR94wCY)3.jpg;https://ei.phncdn.com/videos/202506/06/469873695/original/(m=eaf8GgaaaWavb)(mh=5r9OiiQVNuR94wCY)4.jpg;https://ei.phncdn.com/videos/202506/06/469873695/original/(m=eaf8GgaaaWavb)(mh=5r9OiiQVNuR94wCY)5.jpg;https://ei.phncdn.com/videos/202506/06/469873695/original/(m=eaf8GgaaaWavb)(mh=5r9OiiQVNuR94wCY)6.jpg;https://ei.phncdn.com/videos/202506/06/469873695/original/(m=eaf8GgaaaWavb)(mh=5r9OiiQVNuR94wCY)7.jpg;https://ei.phncdn.com/videos/202506/06/469873695/original/(m=eaf8GgaaaWavb)(mh=5r9OiiQVNuR94wCY)8.jpg;https://ei.phncdn.com/videos/202506/06/469873695/original/(m=eaf8GgaaaWavb)(mh=5r9OiiQVNuR94wCY)9.jpg;https://ei.phncdn.com/videos/202506/06/469873695/original/(m=eaf8GgaaaWavb)(mh=5r9OiiQVNuR94wCY)10.jpg;https://ei.phncdn.com/videos/202506/06/469873695/original/(m=eaf8GgaaaWavb)(mh=5r9OiiQVNuR94wCY)11.jpg;https://ei.phncdn.com/videos/202506/06/469873695/original/(m=eaf8GgaaaWavb)(mh=5r9OiiQVNuR94wCY)12.jpg;https://ei.phncdn.com/videos/202506/06/469873695/original/(m=eaf8GgaaaWavb)(mh=5r9OiiQVNuR94wCY)13.jpg;https://ei.phncdn.com/videos/202506/06/469873695/original/(m=eaf8GgaaaWavb)(mh=5r9OiiQVNuR94wCY)14.jpg;https://ei.phncdn.com/videos/202506/06/469873695/original/(m=eaf8GgaaaWavb)(mh=5r9OiiQVNuR94wCY)15.jpg;https://ei.phncdn.com/videos/202506/06/469873695/original/(m=eaf8GgaaaWavb)(mh=5r9OiiQVNuR94wCY)16.jpg|branquinha de leite, toda linda baixinha louca pra trepar|banheiro;corpo-perfeito|Brazilian;60FPS;Verified Amateurs;Solo Female;Vertical Video||359|5956|251|20|https://ei.phncdn.com/videos/202506/06/469873695/original/(m=eaAaGwObaaamqv)(mh=s8UYgxIoGnp97IuV)7.jpg|https://ei.phncdn.com/videos/202506/06/469873695/original/(m=eaAaGwObaaamqv)(mh=s8UYgxIoGnp97IuV)1.jpg;https://ei.phncdn.com/videos/202506/06/469873695/original/(m=eaAaGwObaaamqv)(mh=s8UYgxIoGnp97IuV)2.jpg;https://ei.phncdn.com/videos/202506/06/469873695/original/(m=eaAaGwObaaamqv)(mh=s8UYgxIoGnp97IuV)3.jpg;https://ei.phncdn.com/videos/202506/06/469873695/original/(m=eaAaGwObaaamqv)(mh=s8UYgxIoGnp97IuV)4.jpg;https://ei.phncdn.com/videos/202506/06/469873695/original/(m=eaAaGwObaaamqv)(mh=s8UYgxIoGnp97IuV)5.jpg;https://ei.phncdn.com/videos/202506/06/469873695/original/(m=eaAaGwObaaamqv)(mh=s8UYgxIoGnp97IuV)6.jpg;https://ei.phncdn.com/videos/202506/06/469873695/original/(m=eaAaGwObaaamqv)(mh=s8UYgxIoGnp97IuV)7.jpg;https://ei.phncdn.com/videos/202506/06/469873695/original/(m=eaAaGwObaaamqv)(mh=s8UYgxIoGnp97IuV)8.jpg;https://ei.phncdn.com/videos/202506/06/469873695/original/(m=eaAaGwObaaamqv)(mh=s8UYgxIoGnp97IuV)9.jpg;https://ei.phncdn.com/videos/202506/06/469873695/original/(m=eaAaGwObaaamqv)(mh=s8UYgxIoGnp97IuV)10.jpg;https://ei.phncdn.com/videos/202506/06/469873695/original/(m=eaAaGwObaaamqv)(mh=s8UYgxIoGnp97IuV)11.jpg;https://ei.phncdn.com/videos/202506/06/469873695/original/(m=eaAaGwObaaamqv)(mh=s8UYgxIoGnp97IuV)12.jpg;https://ei.phncdn.com/videos/202506/06/469873695/original/(m=eaAaGwObaaamqv)(mh=s8UYgxIoGnp97IuV)13.jpg;https://ei.phncdn.com/videos/202506/06/469873695/original/(m=eaAaGwObaaamqv)(mh=s8UYgxIoGnp97IuV)14.jpg;https://ei.phncdn.com/videos/202506/06/469873695/original/(m=eaAaGwObaaamqv)(mh=s8UYgxIoGnp97IuV)15.jpg;https://ei.phncdn.com/videos/202506/06/469873695/original/(m=eaAaGwObaaamqv)(mh=s8UYgxIoGnp97IuV)16.jpg
<iframe src="https://www.pornhub.com/embed/685080d6e3b82" frameborder="0" height="481" width="608" scrolling="no"></iframe>|https://ei.phncdn.com/videos/202506/16/470436555/original/(m=eaf8GgaaaWavb)(mh=85I0kL7o2unXS47q)12.jpg|https://ei.phncdn.com/videos/202506/16/470436555/original/(m=eaf8GgaaaWavb)(mh=85I0kL7o2unXS47q)1.jpg;https://ei.phncdn.com/videos/202506/16/470436555/original/(m=eaf8GgaaaWavb)(mh=85I0kL7o2unXS47q)2.jpg;https://ei.phncdn.com/videos/202506/16/470436555/original/(m=eaf8GgaaaWavb)(mh=85I0kL7o2unXS47q)3.jpg;https://ei.phncdn.com/videos/202506/16/470436555/original/(m=eaf8GgaaaWavb)(mh=85I0kL7o2unXS47q)4.jpg;https://ei.phncdn.com/videos/202506/16/470436555/original/(m=eaf8GgaaaWavb)(mh=85I0kL7o2unXS47q)5.jpg;https://ei.phncdn.com/videos/202506/16/470436555/original/(m=eaf8GgaaaWavb)(mh=85I0kL7o2unXS47q)6.jpg;https://ei.phncdn.com/videos/202506/16/470436555/original/(m=eaf8GgaaaWavb)(mh=85I0kL7o2unXS47q)7.jpg;https://ei.phncdn.com/videos/202506/16/470436555/original/(m=eaf8GgaaaWavb)(mh=85I0kL7o2unXS47q)8.jpg;https://ei.phncdn.com/videos/202506/16/470436555/original/(m=eaf8GgaaaWavb)(mh=85I0kL7o2unXS47q)9.jpg;https://ei.phncdn.com/videos/202506/16/470436555/original/(m=eaf8GgaaaWavb)(mh=85I0kL7o2unXS47q)10.jpg;https://ei.phncdn.com/videos/202506/16/470436555/original/(m=eaf8GgaaaWavb)(mh=85I0kL7o2unXS47q)11.jpg;https://ei.phncdn.com/videos/202506/16/470436555/original/(m=eaf8GgaaaWavb)(mh=85I0kL7o2unXS47q)12.jpg;https://ei.phncdn.com/videos/202506/16/470436555/original/(m=eaf8GgaaaWavb)(mh=85I0kL7o2unXS47q)13.jpg;https://ei.phncdn.com/videos/202506/16/470436555/original/(m=eaf8GgaaaWavb)(mh=85I0kL7o2unXS47q)14.jpg;https://ei.phncdn.com/videos/202506/16/470436555/original/(m=eaf8GgaaaWavb)(mh=85I0kL7o2unXS47q)15.jpg;https://ei.phncdn.com/videos/202506/16/470436555/original/(m=eaf8GgaaaWavb)(mh=85I0kL7o2unXS47q)16.jpg|alice linda gostosa exibe seus peitos no banheiro,|peitos;peitos-bicudos|Brazilian;Verified Amateurs;Solo Female;Vertical Video||313|14702|441|25|https://ei.phncdn.com/videos/202506/16/470436555/original/(m=eaAaGwObaaamqv)(mh=Mcgt4aoumzeY4bJg)12.jpg|https://ei.phncdn.com/videos/202506/16/470436555/original/(m=eaAaGwObaaamqv)(mh=Mcgt4aoumzeY4bJg)1.jpg;https://ei.phncdn.com/videos/202506/16/470436555/original/(m=eaAaGwObaaamqv)(mh=Mcgt4aoumzeY4bJg)2.jpg;https://ei.phncdn.com/videos/202506/16/470436555/original/(m=eaAaGwObaaamqv)(mh=Mcgt4aoumzeY4bJg)3.jpg;https://ei.phncdn.com/videos/202506/16/470436555/original/(m=eaAaGwObaaamqv)(mh=Mcgt4aoumzeY4bJg)4.jpg;https://ei.phncdn.com/videos/202506/16/470436555/original/(m=eaAaGwObaaamqv)(mh=Mcgt4aoumzeY4bJg)5.jpg;https://ei.phncdn.com/videos/202506/16/470436555/original/(m=eaAaGwObaaamqv)(mh=Mcgt4aoumzeY4bJg)6.jpg;https://ei.phncdn.com/videos/202506/16/470436555/original/(m=eaAaGwObaaamqv)(mh=Mcgt4aoumzeY4bJg)7.jpg;https://ei.phncdn.com/videos/202506/16/470436555/original/(m=eaAaGwObaaamqv)(mh=Mcgt4aoumzeY4bJg)8.jpg;https://ei.phncdn.com/videos/202506/16/470436555/original/(m=eaAaGwObaaamqv)(mh=Mcgt4aoumzeY4bJg)9.jpg;https://ei.phncdn.com/videos/202506/16/470436555/original/(m=eaAaGwObaaamqv)(mh=Mcgt4aoumzeY4bJg)10.jpg;https://ei.phncdn.com/videos/202506/16/470436555/original/(m=eaAaGwObaaamqv)(mh=Mcgt4aoumzeY4bJg)11.jpg;https://ei.phncdn.com/videos/202506/16/470436555/original/(m=eaAaGwObaaamqv)(mh=Mcgt4aoumzeY4bJg)12.jpg;https://ei.phncdn.com/videos/202506/16/470436555/original/(m=eaAaGwObaaamqv)(mh=Mcgt4aoumzeY4bJg)13.jpg;https://ei.phncdn.com/videos/202506/16/470436555/original/(m=eaAaGwObaaamqv)(mh=Mcgt4aoumzeY4bJg)14.jpg;https://ei.phncdn.com/videos/202506/16/470436555/original/(m=eaAaGwObaaamqv)(mh=Mcgt4aoumzeY4bJg)15.jpg;https://ei.phncdn.com/videos/202506/16/470436555/original/(m=eaAaGwObaaamqv)(mh=Mcgt4aoumzeY4bJg)16.jpg
<iframe src="https://www.pornhub.com/embed/688195ab7d56b" frameborder="0" height="481" width="608" scrolling="no"></iframe>|https://ei.phncdn.com/videos/202507/24/16940995/original/(m=eaf8GgaaaWavb)(mh=ScJYD541XPWlnMe_)1.jpg|https://ei.phncdn.com/videos/202507/24/16940995/original/(m=eaf8GgaaaWavb)(mh=ScJYD541XPWlnMe_)1.jpg;https://ei.phncdn.com/videos/202507/24/16940995/original/(m=eaf8GgaaaWavb)(mh=ScJYD541XPWlnMe_)2.jpg;https://ei.phncdn.com/videos/202507/24/16940995/original/(m=eaf8GgaaaWavb)(mh=ScJYD541XPWlnMe_)3.jpg;https://ei.phncdn.com/videos/202507/24/16940995/original/(m=eaf8GgaaaWavb)(mh=ScJYD541XPWlnMe_)4.jpg;https://ei.phncdn.com/videos/202507/24/16940995/original/(m=eaf8GgaaaWavb)(mh=ScJYD541XPWlnMe_)5.jpg;https://ei.phncdn.com/videos/202507/24/16940995/original/(m=eaf8GgaaaWavb)(mh=ScJYD541XPWlnMe_)6.jpg;https://ei.phncdn.com/videos/202507/24/16940995/original/(m=eaf8GgaaaWavb)(mh=ScJYD541XPWlnMe_)7.jpg;https://ei.phncdn.com/videos/202507/24/16940995/original/(m=eaf8GgaaaWavb)(mh=ScJYD541XPWlnMe_)8.jpg;https://ei.phncdn.com/videos/202507/24/16940995/original/(m=eaf8GgaaaWavb)(mh=ScJYD541XPWlnMe_)9.jpg;https://ei.phncdn.com/videos/202507/24/16940995/original/(m=eaf8GgaaaWavb)(mh=ScJYD541XPWlnMe_)10.jpg;https://ei.phncdn.com/videos/202507/24/16940995/original/(m=eaf8GgaaaWavb)(mh=ScJYD541XPWlnMe_)11.jpg;https://ei.phncdn.com/videos/202507/24/16940995/original/(m=eaf8GgaaaWavb)(mh=ScJYD541XPWlnMe_)12.jpg;https://ei.phncdn.com/videos/202507/24/16940995/original/(m=eaf8GgaaaWavb)(mh=ScJYD541XPWlnMe_)13.jpg;https://ei.phncdn.com/videos/202507/24/16940995/original/(m=eaf8GgaaaWavb)(mh=ScJYD541XPWlnMe_)14.jpg;https://ei.phncdn.com/videos/202507/24/16940995/original/(m=eaf8GgaaaWavb)(mh=ScJYD541XPWlnMe_)15.jpg;https://ei.phncdn.com/videos/202507/24/16940995/original/(m=eaf8GgaaaWavb)(mh=ScJYD541XPWlnMe_)16.jpg|Quero fazer voce gozar imaginando minha buceta entrando no seu pau|dance;exibicionista;sexy-dance|Brazilian;Exclusive;Verified Amateurs;Solo Female||671|3299|206|19|https://ei.phncdn.com/videos/202507/24/16940995/original/(m=eaAaGwObaaamqv)(mh=A4aAtwSVMlWC3MRq)1.jpg|https://ei.phncdn.com/videos/202507/24/16940995/original/(m=eaAaGwObaaamqv)(mh=A4aAtwSVMlWC3MRq)1.jpg;https://ei.phncdn.com/videos/202507/24/16940995/original/(m=eaAaGwObaaamqv)(mh=A4aAtwSVMlWC3MRq)2.jpg;https://ei.phncdn.com/videos/202507/24/16940995/original/(m=eaAaGwObaaamqv)(mh=A4aAtwSVMlWC3MRq)3.jpg;https://ei.phncdn.com/videos/202507/24/16940995/original/(m=eaAaGwObaaamqv)(mh=A4aAtwSVMlWC3MRq)4.jpg;https://ei.phncdn.com/videos/202507/24/16940995/original/(m=eaAaGwObaaamqv)(mh=A4aAtwSVMlWC3MRq)5.jpg;https://ei.phncdn.com/videos/202507/24/16940995/original/(m=eaAaGwObaaamqv)(mh=A4aAtwSVMlWC3MRq)6.jpg;https://ei.phncdn.com/videos/202507/24/16940995/original/(m=eaAaGwObaaamqv)(mh=A4aAtwSVMlWC3MRq)7.jpg;https://ei.phncdn.com/videos/202507/24/16940995/original/(m=eaAaGwObaaamqv)(mh=A4aAtwSVMlWC3MRq)8.jpg;https://ei.phncdn.com/videos/202507/24/16940995/original/(m=eaAaGwObaaamqv)(mh=A4aAtwSVMlWC3MRq)9.jpg;https://ei.phncdn.com/videos/202507/24/16940995/original/(m=eaAaGwObaaamqv)(mh=A4aAtwSVMlWC3MRq)10.jpg;https://ei.phncdn.com/videos/202507/24/16940995/original/(m=eaAaGwObaaamqv)(mh=A4aAtwSVMlWC3MRq)11.jpg;https://ei.phncdn.com/videos/202507/24/16940995/original/(m=eaAaGwObaaamqv)(mh=A4aAtwSVMlWC3MRq)12.jpg;https://ei.phncdn.com/videos/202507/24/16940995/original/(m=eaAaGwObaaamqv)(mh=A4aAtwSVMlWC3MRq)13.jpg;https://ei.phncdn.com/videos/202507/24/16940995/original/(m=eaAaGwObaaamqv)(mh=A4aAtwSVMlWC3MRq)14.jpg;https://ei.phncdn.com/videos/202507/24/16940995/original/(m=eaAaGwObaaamqv)(mh=A4aAtwSVMlWC3MRq)15.jpg;https://ei.phncdn.com/videos/202507/24/16940995/original/(m=eaAaGwObaaamqv)(mh=A4aAtwSVMlWC3MRq)16.jpg
<iframe src="https://www.pornhub.com/embed/6881bf16bc115" frameborder="0" height="481" width="608" scrolling="no"></iframe>|https://ei.phncdn.com/videos/202507/24/16952695/original/(m=eaf8GgaaaWavb)(mh=f0WPuccFnUKnnjqE)12.jpg|https://ei.phncdn.com/videos/202507/24/16952695/original/(m=eaf8GgaaaWavb)(mh=f0WPuccFnUKnnjqE)1.jpg;https://ei.phncdn.com/videos/202507/24/16952695/original/(m=eaf8GgaaaWavb)(mh=f0WPuccFnUKnnjqE)2.jpg;https://ei.phncdn.com/videos/202507/24/16952695/original/(m=eaf8GgaaaWavb)(mh=f0WPuccFnUKnnjqE)3.jpg;https://ei.phncdn.com/videos/202507/24/16952695/original/(m=eaf8GgaaaWavb)(mh=f0WPuccFnUKnnjqE)4.jpg;https://ei.phncdn.com/videos/202507/24/16952695/original/(m=eaf8GgaaaWavb)(mh=f0WPuccFnUKnnjqE)5.jpg;https://ei.phncdn.com/videos/202507/24/16952695/original/(m=eaf8GgaaaWavb)(mh=f0WPuccFnUKnnjqE)6.jpg;https://ei.phncdn.com/videos/202507/24/16952695/original/(m=eaf8GgaaaWavb)(mh=f0WPuccFnUKnnjqE)7.jpg;https://ei.phncdn.com/videos/202507/24/16952695/original/(m=eaf8GgaaaWavb)(mh=f0WPuccFnUKnnjqE)8.jpg;https://ei.phncdn.com/videos/202507/24/16952695/original/(m=eaf8GgaaaWavb)(mh=f0WPuccFnUKnnjqE)9.jpg;https://ei.phncdn.com/videos/202507/24/16952695/original/(m=eaf8GgaaaWavb)(mh=f0WPuccFnUKnnjqE)10.jpg;https://ei.phncdn.com/videos/202507/24/16952695/original/(m=eaf8GgaaaWavb)(mh=f0WPuccFnUKnnjqE)11.jpg;https://ei.phncdn.com/videos/202507/24/16952695/original/(m=eaf8GgaaaWavb)(mh=f0WPuccFnUKnnjqE)12.jpg;https://ei.phncdn.com/videos/202507/24/16952695/original/(m=eaf8GgaaaWavb)(mh=f0WPuccFnUKnnjqE)13.jpg;https://ei.phncdn.com/videos/202507/24/16952695/original/(m=eaf8GgaaaWavb)(mh=f0WPuccFnUKnnjqE)14.jpg;https://ei.phncdn.com/videos/202507/24/16952695/original/(m=eaf8GgaaaWavb)(mh=f0WPuccFnUKnnjqE)15.jpg;https://ei.phncdn.com/videos/202507/24/16952695/original/(m=eaf8GgaaaWavb)(mh=f0WPuccFnUKnnjqE)16.jpg|Dançando e mostrando o Bucetao|dancando-funk;gostosa-dancando|Brazilian;Exclusive;Verified Amateurs;Solo Female||691|75612|2364|199|https://ei.phncdn.com/videos/202507/24/16952695/original/(m=eaAaGwObaaamqv)(mh=texoTKLftRTnCX2b)12.jpg|https://ei.phncdn.com/videos/202507/24/16952695/original/(m=eaAaGwObaaamqv)(mh=texoTKLftRTnCX2b)1.jpg;https://ei.phncdn.com/videos/202507/24/16952695/original/(m=eaAaGwObaaamqv)(mh=texoTKLftRTnCX2b)2.jpg;https://ei.phncdn.com/videos/202507/24/16952695/original/(m=eaAaGwObaaamqv)(mh=texoTKLftRTnCX2b)3.jpg;https://ei.phncdn.com/videos/202507/24/16952695/original/(m=eaAaGwObaaamqv)(mh=texoTKLftRTnCX2b)4.jpg;https://ei.phncdn.com/videos/202507/24/16952695/original/(m=eaAaGwObaaamqv)(mh=texoTKLftRTnCX2b)5.jpg;https://ei.phncdn.com/videos/202507/24/16952695/original/(m=eaAaGwObaaamqv)(mh=texoTKLftRTnCX2b)6.jpg;https://ei.phncdn.com/videos/202507/24/16952695/original/(m=eaAaGwObaaamqv)(mh=texoTKLftRTnCX2b)7.jpg;https://ei.phncdn.com/videos/202507/24/16952695/original/(m=eaAaGwObaaamqv)(mh=texoTKLftRTnCX2b)8.jpg;https://ei.phncdn.com/videos/202507/24/16952695/original/(m=eaAaGwObaaamqv)(mh=texoTKLftRTnCX2b)9.jpg;https://ei.phncdn.com/videos/202507/24/16952695/original/(m=eaAaGwObaaamqv)(mh=texoTKLftRTnCX2b)10.jpg;https://ei.phncdn.com/videos/202507/24/16952695/original/(m=eaAaGwObaaamqv)(mh=texoTKLftRTnCX2b)11.jpg;https://ei.phncdn.com/videos/202507/24/16952695/original/(m=eaAaGwObaaamqv)(mh=texoTKLftRTnCX2b)12.jpg;https://ei.phncdn.com/videos/202507/24/16952695/original/(m=eaAaGwObaaamqv)(mh=texoTKLftRTnCX2b)13.jpg;https://ei.phncdn.com/videos/202507/24/16952695/original/(m=eaAaGwObaaamqv)(mh=texoTKLftRTnCX2b)14.jpg;https://ei.phncdn.com/videos/202507/24/16952695/original/(m=eaAaGwObaaamqv)(mh=texoTKLftRTnCX2b)15.jpg;https://ei.phncdn.com/videos/202507/24/16952695/original/(m=eaAaGwObaaamqv)(mh=texoTKLftRTnCX2b)16.jpg
<iframe src="https://www.pornhub.com/embed/6884cd9798fc5" frameborder="0" height="481" width="608" scrolling="no"></iframe>|https://ei.phncdn.com/videos/202507/26/17187905/original/(m=eaf8GgaaaWavb)(mh=JSltIhehsDO3etZn)15.jpg|https://ei.phncdn.com/videos/202507/26/17187905/original/(m=eaf8GgaaaWavb)(mh=JSltIhehsDO3etZn)1.jpg;https://ei.phncdn.com/videos/202507/26/17187905/original/(m=eaf8GgaaaWavb)(mh=JSltIhehsDO3etZn)2.jpg;https://ei.phncdn.com/videos/202507/26/17187905/original/(m=eaf8GgaaaWavb)(mh=JSltIhehsDO3etZn)3.jpg;https://ei.phncdn.com/videos/202507/26/17187905/original/(m=eaf8GgaaaWavb)(mh=JSltIhehsDO3etZn)4.jpg;https://ei.phncdn.com/videos/202507/26/17187905/original/(m=eaf8GgaaaWavb)(mh=JSltIhehsDO3etZn)5.jpg;https://ei.phncdn.com/videos/202507/26/17187905/original/(m=eaf8GgaaaWavb)(mh=JSltIhehsDO3etZn)6.jpg;https://ei.phncdn.com/videos/202507/26/17187905/original/(m=eaf8GgaaaWavb)(mh=JSltIhehsDO3etZn)7.jpg;https://ei.phncdn.com/videos/202507/26/17187905/original/(m=eaf8GgaaaWavb)(mh=JSltIhehsDO3etZn)8.jpg;https://ei.phncdn.com/videos/202507/26/17187905/original/(m=eaf8GgaaaWavb)(mh=JSltIhehsDO3etZn)9.jpg;https://ei.phncdn.com/videos/202507/26/17187905/original/(m=eaf8GgaaaWavb)(mh=JSltIhehsDO3etZn)10.jpg;https://ei.phncdn.com/videos/202507/26/17187905/original/(m=eaf8GgaaaWavb)(mh=JSltIhehsDO3etZn)11.jpg;https://ei.phncdn.com/videos/202507/26/17187905/original/(m=eaf8GgaaaWavb)(mh=JSltIhehsDO3etZn)12.jpg;https://ei.phncdn.com/videos/202507/26/17187905/original/(m=eaf8GgaaaWavb)(mh=JSltIhehsDO3etZn)13.jpg;https://ei.phncdn.com/videos/202507/26/17187905/original/(m=eaf8GgaaaWavb)(mh=JSltIhehsDO3etZn)14.jpg;https://ei.phncdn.com/videos/202507/26/17187905/original/(m=eaf8GgaaaWavb)(mh=JSltIhehsDO3etZn)15.jpg;https://ei.phncdn.com/videos/202507/26/17187905/original/(m=eaf8GgaaaWavb)(mh=JSltIhehsDO3etZn)16.jpg|Rabuda mostrando o Bucetao na cam|esposa-exibicionista;solo|Brazilian;Exclusive;Verified Amateurs;Solo Female||614|10273|587|49|https://ei.phncdn.com/videos/202507/26/17187905/original/(m=eaAaGwObaaamqv)(mh=6GL1ptI7CQIuCq9V)15.jpg|https://ei.phncdn.com/videos/202507/26/17187905/original/(m=eaAaGwObaaamqv)(mh=6GL1ptI7CQIuCq9V)1.jpg;https://ei.phncdn.com/videos/202507/26/17187905/original/(m=eaAaGwObaaamqv)(mh=6GL1ptI7CQIuCq9V)2.jpg;https://ei.phncdn.com/videos/202507/26/17187905/original/(m=eaAaGwObaaamqv)(mh=6GL1ptI7CQIuCq9V)3.jpg;https://ei.phncdn.com/videos/202507/26/17187905/original/(m=eaAaGwObaaamqv)(mh=6GL1ptI7CQIuCq9V)4.jpg;https://ei.phncdn.com/videos/202507/26/17187905/original/(m=eaAaGwObaaamqv)(mh=6GL1ptI7CQIuCq9V)5.jpg;https://ei.phncdn.com/videos/202507/26/17187905/original/(m=eaAaGwObaaamqv)(mh=6GL1ptI7CQIuCq9V)6.jpg;https://ei.phncdn.com/videos/202507/26/17187905/original/(m=eaAaGwObaaamqv)(mh=6GL1ptI7CQIuCq9V)7.jpg;https://ei.phncdn.com/videos/202507/26/17187905/original/(m=eaAaGwObaaamqv)(mh=6GL1ptI7CQIuCq9V)8.jpg;https://ei.phncdn.com/videos/202507/26/17187905/original/(m=eaAaGwObaaamqv)(mh=6GL1ptI7CQIuCq9V)9.jpg;https://ei.phncdn.com/videos/202507/26/17187905/original/(m=eaAaGwObaaamqv)(mh=6GL1ptI7CQIuCq9V)10.jpg;https://ei.phncdn.com/videos/202507/26/17187905/original/(m=eaAaGwObaaamqv)(mh=6GL1ptI7CQIuCq9V)11.jpg;https://ei.phncdn.com/videos/202507/26/17187905/original/(m=eaAaGwObaaamqv)(mh=6GL1ptI7CQIuCq9V)12.jpg;https://ei.phncdn.com/videos/202507/26/17187905/original/(m=eaAaGwObaaamqv)(mh=6GL1ptI7CQIuCq9V)13.jpg;https://ei.phncdn.com/videos/202507/26/17187905/original/(m=eaAaGwObaaamqv)(mh=6GL1ptI7CQIuCq9V)14.jpg;https://ei.phncdn.com/videos/202507/26/17187905/original/(m=eaAaGwObaaamqv)(mh=6GL1ptI7CQIuCq9V)15.jpg;https://ei.phncdn.com/videos/202507/26/17187905/original/(m=eaAaGwObaaamqv)(mh=6GL1ptI7CQIuCq9V)16.jpg
<iframe src="https://www.pornhub.com/embed/688a043b9eb7b" frameborder="0" height="481" width="608" scrolling="no"></iframe>|https://ei.phncdn.com/videos/202507/30/17659265/original/(m=eaf8GgaaaWavb)(mh=FNrGoD5o8Evbn7WI)1.jpg|https://ei.phncdn.com/videos/202507/30/17659265/original/(m=eaf8GgaaaWavb)(mh=FNrGoD5o8Evbn7WI)1.jpg;https://ei.phncdn.com/videos/202507/30/17659265/original/(m=eaf8GgaaaWavb)(mh=FNrGoD5o8Evbn7WI)2.jpg;https://ei.phncdn.com/videos/202507/30/17659265/original/(m=eaf8GgaaaWavb)(mh=FNrGoD5o8Evbn7WI)3.jpg;https://ei.phncdn.com/videos/202507/30/17659265/original/(m=eaf8GgaaaWavb)(mh=FNrGoD5o8Evbn7WI)4.jpg;https://ei.phncdn.com/videos/202507/30/17659265/original/(m=eaf8GgaaaWavb)(mh=FNrGoD5o8Evbn7WI)5.jpg;https://ei.phncdn.com/videos/202507/30/17659265/original/(m=eaf8GgaaaWavb)(mh=FNrGoD5o8Evbn7WI)6.jpg;https://ei.phncdn.com/videos/202507/30/17659265/original/(m=eaf8GgaaaWavb)(mh=FNrGoD5o8Evbn7WI)7.jpg;https://ei.phncdn.com/videos/202507/30/17659265/original/(m=eaf8GgaaaWavb)(mh=FNrGoD5o8Evbn7WI)8.jpg;https://ei.phncdn.com/videos/202507/30/17659265/original/(m=eaf8GgaaaWavb)(mh=FNrGoD5o8Evbn7WI)9.jpg;https://ei.phncdn.com/videos/202507/30/17659265/original/(m=eaf8GgaaaWavb)(mh=FNrGoD5o8Evbn7WI)10.jpg;https://ei.phncdn.com/videos/202507/30/17659265/original/(m=eaf8GgaaaWavb)(mh=FNrGoD5o8Evbn7WI)11.jpg;https://ei.phncdn.com/videos/202507/30/17659265/original/(m=eaf8GgaaaWavb)(mh=FNrGoD5o8Evbn7WI)12.jpg;https://ei.phncdn.com/videos/202507/30/17659265/original/(m=eaf8GgaaaWavb)(mh=FNrGoD5o8Evbn7WI)13.jpg;https://ei.phncdn.com/videos/202507/30/17659265/original/(m=eaf8GgaaaWavb)(mh=FNrGoD5o8Evbn7WI)14.jpg;https://ei.phncdn.com/videos/202507/30/17659265/original/(m=eaf8GgaaaWavb)(mh=FNrGoD5o8Evbn7WI)15.jpg;https://ei.phncdn.com/videos/202507/30/17659265/original/(m=eaf8GgaaaWavb)(mh=FNrGoD5o8Evbn7WI)16.jpg|O cliente pediu pra mim pra toma banho de shorts pra ele ve minha calcinha|banho;solo-girl|Brazilian;Exclusive;Verified Amateurs;Solo Female||197|1968|152|10|https://ei.phncdn.com/videos/202507/30/17659265/original/(m=eaAaGwObaaamqv)(mh=fMYpmAVpoRwYA_Sy)1.jpg|https://ei.phncdn.com/videos/202507/30/17659265/original/(m=eaAaGwObaaamqv)(mh=fMYpmAVpoRwYA_Sy)1.jpg;https://ei.phncdn.com/videos/202507/30/17659265/original/(m=eaAaGwObaaamqv)(mh=fMYpmAVpoRwYA_Sy)2.jpg;https://ei.phncdn.com/videos/202507/30/17659265/original/(m=eaAaGwObaaamqv)(mh=fMYpmAVpoRwYA_Sy)3.jpg;https://ei.phncdn.com/videos/202507/30/17659265/original/(m=eaAaGwObaaamqv)(mh=fMYpmAVpoRwYA_Sy)4.jpg;https://ei.phncdn.com/videos/202507/30/17659265/original/(m=eaAaGwObaaamqv)(mh=fMYpmAVpoRwYA_Sy)5.jpg;https://ei.phncdn.com/videos/202507/30/17659265/original/(m=eaAaGwObaaamqv)(mh=fMYpmAVpoRwYA_Sy)6.jpg;https://ei.phncdn.com/videos/202507/30/17659265/original/(m=eaAaGwObaaamqv)(mh=fMYpmAVpoRwYA_Sy)7.jpg;https://ei.phncdn.com/videos/202507/30/17659265/original/(m=eaAaGwObaaamqv)(mh=fMYpmAVpoRwYA_Sy)8.jpg;https://ei.phncdn.com/videos/202507/30/17659265/original/(m=eaAaGwObaaamqv)(mh=fMYpmAVpoRwYA_Sy)9.jpg;https://ei.phncdn.com/videos/202507/30/17659265/original/(m=eaAaGwObaaamqv)(mh=fMYpmAVpoRwYA_Sy)10.jpg;https://ei.phncdn.com/videos/202507/30/17659265/original/(m=eaAaGwObaaamqv)(mh=fMYpmAVpoRwYA_Sy)11.jpg;https://ei.phncdn.com/videos/202507/30/17659265/original/(m=eaAaGwObaaamqv)(mh=fMYpmAVpoRwYA_Sy)12.jpg;https://ei.phncdn.com/videos/202507/30/17659265/original/(m=eaAaGwObaaamqv)(mh=fMYpmAVpoRwYA_Sy)13.jpg;https://ei.phncdn.com/videos/202507/30/17659265/original/(m=eaAaGwObaaamqv)(mh=fMYpmAVpoRwYA_Sy)14.jpg;https://ei.phncdn.com/videos/202507/30/17659265/original/(m=eaAaGwObaaamqv)(mh=fMYpmAVpoRwYA_Sy)15.jpg;https://ei.phncdn.com/videos/202507/30/17659265/original/(m=eaAaGwObaaamqv)(mh=fMYpmAVpoRwYA_Sy)16.jpg
<iframe src="https://www.pornhub.com/embed/688a04fb5979e" frameborder="0" height="481" width="608" scrolling="no"></iframe>|https://ei.phncdn.com/videos/202507/30/17659435/original/(m=eaf8GgaaaWavb)(mh=JBV3cHvGYxqGVPGD)7.jpg|https://ei.phncdn.com/videos/202507/30/17659435/original/(m=eaf8GgaaaWavb)(mh=JBV3cHvGYxqGVPGD)1.jpg;https://ei.phncdn.com/videos/202507/30/17659435/original/(m=eaf8GgaaaWavb)(mh=JBV3cHvGYxqGVPGD)2.jpg;https://ei.phncdn.com/videos/202507/30/17659435/original/(m=eaf8GgaaaWavb)(mh=JBV3cHvGYxqGVPGD)3.jpg;https://ei.phncdn.com/videos/202507/30/17659435/original/(m=eaf8GgaaaWavb)(mh=JBV3cHvGYxqGVPGD)4.jpg;https://ei.phncdn.com/videos/202507/30/17659435/original/(m=eaf8GgaaaWavb)(mh=JBV3cHvGYxqGVPGD)5.jpg;https://ei.phncdn.com/videos/202507/30/17659435/original/(m=eaf8GgaaaWavb)(mh=JBV3cHvGYxqGVPGD)6.jpg;https://ei.phncdn.com/videos/202507/30/17659435/original/(m=eaf8GgaaaWavb)(mh=JBV3cHvGYxqGVPGD)7.jpg;https://ei.phncdn.com/videos/202507/30/17659435/original/(m=eaf8GgaaaWavb)(mh=JBV3cHvGYxqGVPGD)8.jpg;https://ei.phncdn.com/videos/202507/30/17659435/original/(m=eaf8GgaaaWavb)(mh=JBV3cHvGYxqGVPGD)9.jpg;https://ei.phncdn.com/videos/202507/30/17659435/original/(m=eaf8GgaaaWavb)(mh=JBV3cHvGYxqGVPGD)10.jpg;https://ei.phncdn.com/videos/202507/30/17659435/original/(m=eaf8GgaaaWavb)(mh=JBV3cHvGYxqGVPGD)11.jpg;https://ei.phncdn.com/videos/202507/30/17659435/original/(m=eaf8GgaaaWavb)(mh=JBV3cHvGYxqGVPGD)12.jpg;https://ei.phncdn.com/videos/202507/30/17659435/original/(m=eaf8GgaaaWavb)(mh=JBV3cHvGYxqGVPGD)13.jpg;https://ei.phncdn.com/videos/202507/30/17659435/original/(m=eaf8GgaaaWavb)(mh=JBV3cHvGYxqGVPGD)14.jpg;https://ei.phncdn.com/videos/202507/30/17659435/original/(m=eaf8GgaaaWavb)(mh=JBV3cHvGYxqGVPGD)15.jpg;https://ei.phncdn.com/videos/202507/30/17659435/original/(m=eaf8GgaaaWavb)(mh=JBV3cHvGYxqGVPGD)16.jpg|Aparando os pelos da Buceta, cansei de ser peluda|buceta-peluda;buceta-gostosa|Brazilian;Exclusive;Verified Amateurs;Solo Female||112|11658|4146|1021|https://ei.phncdn.com/videos/202507/30/17659435/original/(m=eaAaGwObaaamqv)(mh=GQP59jL1rTF54aJH)7.jpg|https://ei.phncdn.com/videos/202507/30/17659435/original/(m=eaAaGwObaaamqv)(mh=GQP59jL1rTF54aJH)1.jpg;https://ei.phncdn.com/videos/202507/30/17659435/original/(m=eaAaGwObaaamqv)(mh=GQP59jL1rTF54aJH)2.jpg;https://ei.phncdn.com/videos/202507/30/17659435/original/(m=eaAaGwObaaamqv)(mh=GQP59jL1rTF54aJH)3.jpg;https://ei.phncdn.com/videos/202507/30/17659435/original/(m=eaAaGwObaaamqv)(mh=GQP59jL1rTF54aJH)4.jpg;https://ei.phncdn.com/videos/202507/30/17659435/original/(m=eaAaGwObaaamqv)(mh=GQP59jL1rTF54aJH)5.jpg;https://ei.phncdn.com/videos/202507/30/17659435/original/(m=eaAaGwObaaamqv)(mh=GQP59jL1rTF54aJH)6.jpg;https://ei.phncdn.com/videos/202507/30/17659435/original/(m=eaAaGwObaaamqv)(mh=GQP59jL1rTF54aJH)7.jpg;https://ei.phncdn.com/videos/202507/30/17659435/original/(m=eaAaGwObaaamqv)(mh=GQP59jL1rTF54aJH)8.jpg;https://ei.phncdn.com/videos/202507/30/17659435/original/(m=eaAaGwObaaamqv)(mh=GQP59jL1rTF54aJH)9.jpg;https://ei.phncdn.com/videos/202507/30/17659435/original/(m=eaAaGwObaaamqv)(mh=GQP59jL1rTF54aJH)10.jpg;https://ei.phncdn.com/videos/202507/30/17659435/original/(m=eaAaGwObaaamqv)(mh=GQP59jL1rTF54aJH)11.jpg;https://ei.phncdn.com/videos/202507/30/17659435/original/(m=eaAaGwObaaamqv)(mh=GQP59jL1rTF54aJH)12.jpg;https://ei.phncdn.com/videos/202507/30/17659435/original/(m=eaAaGwObaaamqv)(mh=GQP59jL1rTF54aJH)13.jpg;https://ei.phncdn.com/videos/202507/30/17659435/original/(m=eaAaGwObaaamqv)(mh=GQP59jL1rTF54aJH)14.jpg;https://ei.phncdn.com/videos/202507/30/17659435/original/(m=eaAaGwObaaamqv)(mh=GQP59jL1rTF54aJH)15.jpg;https://ei.phncdn.com/videos/202507/30/17659435/original/(m=eaAaGwObaaamqv)(mh=GQP59jL1rTF54aJH)16.jpg
<iframe src="https://www.pornhub.com/embed/688a05d772e84" frameborder="0" height="481" width="608" scrolling="no"></iframe>|https://ei.phncdn.com/videos/202507/30/17659645/original/(m=eaf8GgaaaWavb)(mh=Hxes_Kfps0zFKkv-)4.jpg|https://ei.phncdn.com/videos/202507/30/17659645/original/(m=eaf8GgaaaWavb)(mh=Hxes_Kfps0zFKkv-)1.jpg;https://ei.phncdn.com/videos/202507/30/17659645/original/(m=eaf8GgaaaWavb)(mh=Hxes_Kfps0zFKkv-)2.jpg;https://ei.phncdn.com/videos/202507/30/17659645/original/(m=eaf8GgaaaWavb)(mh=Hxes_Kfps0zFKkv-)3.jpg;https://ei.phncdn.com/videos/202507/30/17659645/original/(m=eaf8GgaaaWavb)(mh=Hxes_Kfps0zFKkv-)4.jpg;https://ei.phncdn.com/videos/202507/30/17659645/original/(m=eaf8GgaaaWavb)(mh=Hxes_Kfps0zFKkv-)5.jpg;https://ei.phncdn.com/videos/202507/30/17659645/original/(m=eaf8GgaaaWavb)(mh=Hxes_Kfps0zFKkv-)6.jpg;https://ei.phncdn.com/videos/202507/30/17659645/original/(m=eaf8GgaaaWavb)(mh=Hxes_Kfps0zFKkv-)7.jpg;https://ei.phncdn.com/videos/202507/30/17659645/original/(m=eaf8GgaaaWavb)(mh=Hxes_Kfps0zFKkv-)8.jpg;https://ei.phncdn.com/videos/202507/30/17659645/original/(m=eaf8GgaaaWavb)(mh=Hxes_Kfps0zFKkv-)9.jpg;https://ei.phncdn.com/videos/202507/30/17659645/original/(m=eaf8GgaaaWavb)(mh=Hxes_Kfps0zFKkv-)10.jpg;https://ei.phncdn.com/videos/202507/30/17659645/original/(m=eaf8GgaaaWavb)(mh=Hxes_Kfps0zFKkv-)11.jpg;https://ei.phncdn.com/videos/202507/30/17659645/original/(m=eaf8GgaaaWavb)(mh=Hxes_Kfps0zFKkv-)12.jpg;https://ei.phncdn.com/videos/202507/30/17659645/original/(m=eaf8GgaaaWavb)(mh=Hxes_Kfps0zFKkv-)13.jpg;https://ei.phncdn.com/videos/202507/30/17659645/original/(m=eaf8GgaaaWavb)(mh=Hxes_Kfps0zFKkv-)14.jpg;https://ei.phncdn.com/videos/202507/30/17659645/original/(m=eaf8GgaaaWavb)(mh=Hxes_Kfps0zFKkv-)15.jpg;https://ei.phncdn.com/videos/202507/30/17659645/original/(m=eaf8GgaaaWavb)(mh=Hxes_Kfps0zFKkv-)16.jpg|Testando shorts branco pra vê se marca a Calcinha|exhibitionist;mini-shorts|Brazilian;Exclusive;Verified Amateurs;Solo Female||128|1237|201|15|https://ei.phncdn.com/videos/202507/30/17659645/original/(m=eaAaGwObaaamqv)(mh=i4Qj5iIcRwWtKMUA)4.jpg|https://ei.phncdn.com/videos/202507/30/17659645/original/(m=eaAaGwObaaamqv)(mh=i4Qj5iIcRwWtKMUA)1.jpg;https://ei.phncdn.com/videos/202507/30/17659645/original/(m=eaAaGwObaaamqv)(mh=i4Qj5iIcRwWtKMUA)2.jpg;https://ei.phncdn.com/videos/202507/30/17659645/original/(m=eaAaGwObaaamqv)(mh=i4Qj5iIcRwWtKMUA)3.jpg;https://ei.phncdn.com/videos/202507/30/17659645/original/(m=eaAaGwObaaamqv)(mh=i4Qj5iIcRwWtKMUA)4.jpg;https://ei.phncdn.com/videos/202507/30/17659645/original/(m=eaAaGwObaaamqv)(mh=i4Qj5iIcRwWtKMUA)5.jpg;https://ei.phncdn.com/videos/202507/30/17659645/original/(m=eaAaGwObaaamqv)(mh=i4Qj5iIcRwWtKMUA)6.jpg;https://ei.phncdn.com/videos/202507/30/17659645/original/(m=eaAaGwObaaamqv)(mh=i4Qj5iIcRwWtKMUA)7.jpg;https://ei.phncdn.com/videos/202507/30/17659645/original/(m=eaAaGwObaaamqv)(mh=i4Qj5iIcRwWtKMUA)8.jpg;https://ei.phncdn.com/videos/202507/30/17659645/original/(m=eaAaGwObaaamqv)(mh=i4Qj5iIcRwWtKMUA)9.jpg;https://ei.phncdn.com/videos/202507/30/17659645/original/(m=eaAaGwObaaamqv)(mh=i4Qj5iIcRwWtKMUA)10.jpg;https://ei.phncdn.com/videos/202507/30/17659645/original/(m=eaAaGwObaaamqv)(mh=i4Qj5iIcRwWtKMUA)11.jpg;https://ei.phncdn.com/videos/202507/30/17659645/original/(m=eaAaGwObaaamqv)(mh=i4Qj5iIcRwWtKMUA)12.jpg;https://ei.phncdn.com/videos/202507/30/17659645/original/(m=eaAaGwObaaamqv)(mh=i4Qj5iIcRwWtKMUA)13.jpg;https://ei.phncdn.com/videos/202507/30/17659645/original/(m=eaAaGwObaaamqv)(mh=i4Qj5iIcRwWtKMUA)14.jpg;https://ei.phncdn.com/videos/202507/30/17659645/original/(m=eaAaGwObaaamqv)(mh=i4Qj5iIcRwWtKMUA)15.jpg;https://ei.phncdn.com/videos/202507/30/17659645/original/(m=eaAaGwObaaamqv)(mh=i4Qj5iIcRwWtKMUA)16.jpg
<iframe src="https://www.pornhub.com/embed/688a066483364" frameborder="0" height="481" width="608" scrolling="no"></iframe>|https://ei.phncdn.com/videos/202507/30/17659735/original/(m=eaf8GgaaaWavb)(mh=LIzq2en__226Entd)7.jpg|https://ei.phncdn.com/videos/202507/30/17659735/original/(m=eaf8GgaaaWavb)(mh=LIzq2en__226Entd)1.jpg;https://ei.phncdn.com/videos/202507/30/17659735/original/(m=eaf8GgaaaWavb)(mh=LIzq2en__226Entd)2.jpg;https://ei.phncdn.com/videos/202507/30/17659735/original/(m=eaf8GgaaaWavb)(mh=LIzq2en__226Entd)3.jpg;https://ei.phncdn.com/videos/202507/30/17659735/original/(m=eaf8GgaaaWavb)(mh=LIzq2en__226Entd)4.jpg;https://ei.phncdn.com/videos/202507/30/17659735/original/(m=eaf8GgaaaWavb)(mh=LIzq2en__226Entd)5.jpg;https://ei.phncdn.com/videos/202507/30/17659735/original/(m=eaf8GgaaaWavb)(mh=LIzq2en__226Entd)6.jpg;https://ei.phncdn.com/videos/202507/30/17659735/original/(m=eaf8GgaaaWavb)(mh=LIzq2en__226Entd)7.jpg;https://ei.phncdn.com/videos/202507/30/17659735/original/(m=eaf8GgaaaWavb)(mh=LIzq2en__226Entd)8.jpg;https://ei.phncdn.com/videos/202507/30/17659735/original/(m=eaf8GgaaaWavb)(mh=LIzq2en__226Entd)9.jpg;https://ei.phncdn.com/videos/202507/30/17659735/original/(m=eaf8GgaaaWavb)(mh=LIzq2en__226Entd)10.jpg;https://ei.phncdn.com/videos/202507/30/17659735/original/(m=eaf8GgaaaWavb)(mh=LIzq2en__226Entd)11.jpg;https://ei.phncdn.com/videos/202507/30/17659735/original/(m=eaf8GgaaaWavb)(mh=LIzq2en__226Entd)12.jpg;https://ei.phncdn.com/videos/202507/30/17659735/original/(m=eaf8GgaaaWavb)(mh=LIzq2en__226Entd)13.jpg;https://ei.phncdn.com/videos/202507/30/17659735/original/(m=eaf8GgaaaWavb)(mh=LIzq2en__226Entd)14.jpg;https://ei.phncdn.com/videos/202507/30/17659735/original/(m=eaf8GgaaaWavb)(mh=LIzq2en__226Entd)15.jpg;https://ei.phncdn.com/videos/202507/30/17659735/original/(m=eaf8GgaaaWavb)(mh=LIzq2en__226Entd)16.jpg|Quero sair assim na rua mostrando tudo|exhibitionist;gym-shorts|Brazilian;Exclusive;Verified Amateurs;Solo Female||70|1010|269|17|https://ei.phncdn.com/videos/202507/30/17659735/original/(m=eaAaGwObaaamqv)(mh=JQ-zE1U8leIVHfWu)7.jpg|https://ei.phncdn.com/videos/202507/30/17659735/original/(m=eaAaGwObaaamqv)(mh=JQ-zE1U8leIVHfWu)1.jpg;https://ei.phncdn.com/videos/202507/30/17659735/original/(m=eaAaGwObaaamqv)(mh=JQ-zE1U8leIVHfWu)2.jpg;https://ei.phncdn.com/videos/202507/30/17659735/original/(m=eaAaGwObaaamqv)(mh=JQ-zE1U8leIVHfWu)3.jpg;https://ei.phncdn.com/videos/202507/30/17659735/original/(m=eaAaGwObaaamqv)(mh=JQ-zE1U8leIVHfWu)4.jpg;https://ei.phncdn.com/videos/202507/30/17659735/original/(m=eaAaGwObaaamqv)(mh=JQ-zE1U8leIVHfWu)5.jpg;https://ei.phncdn.com/videos/202507/30/17659735/original/(m=eaAaGwObaaamqv)(mh=JQ-zE1U8leIVHfWu)6.jpg;https://ei.phncdn.com/videos/202507/30/17659735/original/(m=eaAaGwObaaamqv)(mh=JQ-zE1U8leIVHfWu)7.jpg;https://ei.phncdn.com/videos/202507/30/17659735/original/(m=eaAaGwObaaamqv)(mh=JQ-zE1U8leIVHfWu)8.jpg;https://ei.phncdn.com/videos/202507/30/17659735/original/(m=eaAaGwObaaamqv)(mh=JQ-zE1U8leIVHfWu)9.jpg;https://ei.phncdn.com/videos/202507/30/17659735/original/(m=eaAaGwObaaamqv)(mh=JQ-zE1U8leIVHfWu)10.jpg;https://ei.phncdn.com/videos/202507/30/17659735/original/(m=eaAaGwObaaamqv)(mh=JQ-zE1U8leIVHfWu)11.jpg;https://ei.phncdn.com/videos/202507/30/17659735/original/(m=eaAaGwObaaamqv)(mh=JQ-zE1U8leIVHfWu)12.jpg;https://ei.phncdn.com/videos/202507/30/17659735/original/(m=eaAaGwObaaamqv)(mh=JQ-zE1U8leIVHfWu)13.jpg;https://ei.phncdn.com/videos/202507/30/17659735/original/(m=eaAaGwObaaamqv)(mh=JQ-zE1U8leIVHfWu)14.jpg;https://ei.phncdn.com/videos/202507/30/17659735/original/(m=eaAaGwObaaamqv)(mh=JQ-zE1U8leIVHfWu)15.jpg;https://ei.phncdn.com/videos/202507/30/17659735/original/(m=eaAaGwObaaamqv)(mh=JQ-zE1U8leIVHfWu)16.jpg
<iframe src="https://www.pornhub.com/embed/688a06d25b4c7" frameborder="0" height="481" width="608" scrolling="no"></iframe>|https://ei.phncdn.com/videos/202507/30/17659845/original/(m=eaf8GgaaaWavb)(mh=N1rQF_AxMU0YDdkd)13.jpg|https://ei.phncdn.com/videos/202507/30/17659845/original/(m=eaf8GgaaaWavb)(mh=N1rQF_AxMU0YDdkd)1.jpg;https://ei.phncdn.com/videos/202507/30/17659845/original/(m=eaf8GgaaaWavb)(mh=N1rQF_AxMU0YDdkd)2.jpg;https://ei.phncdn.com/videos/202507/30/17659845/original/(m=eaf8GgaaaWavb)(mh=N1rQF_AxMU0YDdkd)3.jpg;https://ei.phncdn.com/videos/202507/30/17659845/original/(m=eaf8GgaaaWavb)(mh=N1rQF_AxMU0YDdkd)4.jpg;https://ei.phncdn.com/videos/202507/30/17659845/original/(m=eaf8GgaaaWavb)(mh=N1rQF_AxMU0YDdkd)5.jpg;https://ei.phncdn.com/videos/202507/30/17659845/original/(m=eaf8GgaaaWavb)(mh=N1rQF_AxMU0YDdkd)6.jpg;https://ei.phncdn.com/videos/202507/30/17659845/original/(m=eaf8GgaaaWavb)(mh=N1rQF_AxMU0YDdkd)7.jpg;https://ei.phncdn.com/videos/202507/30/17659845/original/(m=eaf8GgaaaWavb)(mh=N1rQF_AxMU0YDdkd)8.jpg;https://ei.phncdn.com/videos/202507/30/17659845/original/(m=eaf8GgaaaWavb)(mh=N1rQF_AxMU0YDdkd)9.jpg;https://ei.phncdn.com/videos/202507/30/17659845/original/(m=eaf8GgaaaWavb)(mh=N1rQF_AxMU0YDdkd)10.jpg;https://ei.phncdn.com/videos/202507/30/17659845/original/(m=eaf8GgaaaWavb)(mh=N1rQF_AxMU0YDdkd)11.jpg;https://ei.phncdn.com/videos/202507/30/17659845/original/(m=eaf8GgaaaWavb)(mh=N1rQF_AxMU0YDdkd)12.jpg;https://ei.phncdn.com/videos/202507/30/17659845/original/(m=eaf8GgaaaWavb)(mh=N1rQF_AxMU0YDdkd)13.jpg;https://ei.phncdn.com/videos/202507/30/17659845/original/(m=eaf8GgaaaWavb)(mh=N1rQF_AxMU0YDdkd)14.jpg;https://ei.phncdn.com/videos/202507/30/17659845/original/(m=eaf8GgaaaWavb)(mh=N1rQF_AxMU0YDdkd)15.jpg;https://ei.phncdn.com/videos/202507/30/17659845/original/(m=eaf8GgaaaWavb)(mh=N1rQF_AxMU0YDdkd)16.jpg|Chegou meu shortinho de puta|short-de-academia;short-girl|Brazilian;Exclusive;Verified Amateurs;Solo Female||70|6991|2955|466|https://ei.phncdn.com/videos/202507/30/17659845/original/(m=eaAaGwObaaamqv)(mh=cUnJPgRtdVILJUUV)13.jpg|https://ei.phncdn.com/videos/202507/30/17659845/original/(m=eaAaGwObaaamqv)(mh=cUnJPgRtdVILJUUV)1.jpg;https://ei.phncdn.com/videos/202507/30/17659845/original/(m=eaAaGwObaaamqv)(mh=cUnJPgRtdVILJUUV)2.jpg;https://ei.phncdn.com/videos/202507/30/17659845/original/(m=eaAaGwObaaamqv)(mh=cUnJPgRtdVILJUUV)3.jpg;https://ei.phncdn.com/videos/202507/30/17659845/original/(m=eaAaGwObaaamqv)(mh=cUnJPgRtdVILJUUV)4.jpg;https://ei.phncdn.com/videos/202507/30/17659845/original/(m=eaAaGwObaaamqv)(mh=cUnJPgRtdVILJUUV)5.jpg;https://ei.phncdn.com/videos/202507/30/17659845/original/(m=eaAaGwObaaamqv)(mh=cUnJPgRtdVILJUUV)6.jpg;https://ei.phncdn.com/videos/202507/30/17659845/original/(m=eaAaGwObaaamqv)(mh=cUnJPgRtdVILJUUV)7.jpg;https://ei.phncdn.com/videos/202507/30/17659845/original/(m=eaAaGwObaaamqv)(mh=cUnJPgRtdVILJUUV)8.jpg;https://ei.phncdn.com/videos/202507/30/17659845/original/(m=eaAaGwObaaamqv)(mh=cUnJPgRtdVILJUUV)9.jpg;https://ei.phncdn.com/videos/202507/30/17659845/original/(m=eaAaGwObaaamqv)(mh=cUnJPgRtdVILJUUV)10.jpg;https://ei.phncdn.com/videos/202507/30/17659845/original/(m=eaAaGwObaaamqv)(mh=cUnJPgRtdVILJUUV)11.jpg;https://ei.phncdn.com/videos/202507/30/17659845/original/(m=eaAaGwObaaamqv)(mh=cUnJPgRtdVILJUUV)12.jpg;https://ei.phncdn.com/videos/202507/30/17659845/original/(m=eaAaGwObaaamqv)(mh=cUnJPgRtdVILJUUV)13.jpg;https://ei.phncdn.com/videos/202507/30/17659845/original/(m=eaAaGwObaaamqv)(mh=cUnJPgRtdVILJUUV)14.jpg;https://ei.phncdn.com/videos/202507/30/17659845/original/(m=eaAaGwObaaamqv)(mh=cUnJPgRtdVILJUUV)15.jpg;https://ei.phncdn.com/videos/202507/30/17659845/original/(m=eaAaGwObaaamqv)(mh=cUnJPgRtdVILJUUV)16.jpg
<iframe src="https://www.pornhub.com/embed/688a079d1bb81" frameborder="0" height="481" width="608" scrolling="no"></iframe>|https://ei.phncdn.com/videos/202507/30/17660085/original/(m=eaf8GgaaaWavb)(mh=sgmKr5_mkfGSeTKp)16.jpg|https://ei.phncdn.com/videos/202507/30/17660085/original/(m=eaf8GgaaaWavb)(mh=sgmKr5_mkfGSeTKp)1.jpg;https://ei.phncdn.com/videos/202507/30/17660085/original/(m=eaf8GgaaaWavb)(mh=sgmKr5_mkfGSeTKp)2.jpg;https://ei.phncdn.com/videos/202507/30/17660085/original/(m=eaf8GgaaaWavb)(mh=sgmKr5_mkfGSeTKp)3.jpg;https://ei.phncdn.com/videos/202507/30/17660085/original/(m=eaf8GgaaaWavb)(mh=sgmKr5_mkfGSeTKp)4.jpg;https://ei.phncdn.com/videos/202507/30/17660085/original/(m=eaf8GgaaaWavb)(mh=sgmKr5_mkfGSeTKp)5.jpg;https://ei.phncdn.com/videos/202507/30/17660085/original/(m=eaf8GgaaaWavb)(mh=sgmKr5_mkfGSeTKp)6.jpg;https://ei.phncdn.com/videos/202507/30/17660085/original/(m=eaf8GgaaaWavb)(mh=sgmKr5_mkfGSeTKp)7.jpg;https://ei.phncdn.com/videos/202507/30/17660085/original/(m=eaf8GgaaaWavb)(mh=sgmKr5_mkfGSeTKp)8.jpg;https://ei.phncdn.com/videos/202507/30/17660085/original/(m=eaf8GgaaaWavb)(mh=sgmKr5_mkfGSeTKp)9.jpg;https://ei.phncdn.com/videos/202507/30/17660085/original/(m=eaf8GgaaaWavb)(mh=sgmKr5_mkfGSeTKp)10.jpg;https://ei.phncdn.com/videos/202507/30/17660085/original/(m=eaf8GgaaaWavb)(mh=sgmKr5_mkfGSeTKp)11.jpg;https://ei.phncdn.com/videos/202507/30/17660085/original/(m=eaf8GgaaaWavb)(mh=sgmKr5_mkfGSeTKp)12.jpg;https://ei.phncdn.com/videos/202507/30/17660085/original/(m=eaf8GgaaaWavb)(mh=sgmKr5_mkfGSeTKp)13.jpg;https://ei.phncdn.com/videos/202507/30/17660085/original/(m=eaf8GgaaaWavb)(mh=sgmKr5_mkfGSeTKp)14.jpg;https://ei.phncdn.com/videos/202507/30/17660085/original/(m=eaf8GgaaaWavb)(mh=sgmKr5_mkfGSeTKp)15.jpg;https://ei.phncdn.com/videos/202507/30/17660085/original/(m=eaf8GgaaaWavb)(mh=sgmKr5_mkfGSeTKp)16.jpg|Usando meu Body de putinha e vou sair com ele hoje|exibicionista;gostosa-se-exibindo|Brazilian;Exclusive;Verified Amateurs;Solo Female||352|15246|988|49|https://ei.phncdn.com/videos/202507/30/17660085/original/(m=eaAaGwObaaamqv)(mh=MeArQ0BhgHupsCwJ)16.jpg|https://ei.phncdn.com/videos/202507/30/17660085/original/(m=eaAaGwObaaamqv)(mh=MeArQ0BhgHupsCwJ)1.jpg;https://ei.phncdn.com/videos/202507/30/17660085/original/(m=eaAaGwObaaamqv)(mh=MeArQ0BhgHupsCwJ)2.jpg;https://ei.phncdn.com/videos/202507/30/17660085/original/(m=eaAaGwObaaamqv)(mh=MeArQ0BhgHupsCwJ)3.jpg;https://ei.phncdn.com/videos/202507/30/17660085/original/(m=eaAaGwObaaamqv)(mh=MeArQ0BhgHupsCwJ)4.jpg;https://ei.phncdn.com/videos/202507/30/17660085/original/(m=eaAaGwObaaamqv)(mh=MeArQ0BhgHupsCwJ)5.jpg;https://ei.phncdn.com/videos/202507/30/17660085/original/(m=eaAaGwObaaamqv)(mh=MeArQ0BhgHupsCwJ)6.jpg;https://ei.phncdn.com/videos/202507/30/17660085/original/(m=eaAaGwObaaamqv)(mh=MeArQ0BhgHupsCwJ)7.jpg;https://ei.phncdn.com/videos/202507/30/17660085/original/(m=eaAaGwObaaamqv)(mh=MeArQ0BhgHupsCwJ)8.jpg;https://ei.phncdn.com/videos/202507/30/17660085/original/(m=eaAaGwObaaamqv)(mh=MeArQ0BhgHupsCwJ)9.jpg;https://ei.phncdn.com/videos/202507/30/17660085/original/(m=eaAaGwObaaamqv)(mh=MeArQ0BhgHupsCwJ)10.jpg;https://ei.phncdn.com/videos/202507/30/17660085/original/(m=eaAaGwObaaamqv)(mh=MeArQ0BhgHupsCwJ)11.jpg;https://ei.phncdn.com/videos/202507/30/17660085/original/(m=eaAaGwObaaamqv)(mh=MeArQ0BhgHupsCwJ)12.jpg;https://ei.phncdn.com/videos/202507/30/17660085/original/(m=eaAaGwObaaamqv)(mh=MeArQ0BhgHupsCwJ)13.jpg;https://ei.phncdn.com/videos/202507/30/17660085/original/(m=eaAaGwObaaamqv)(mh=MeArQ0BhgHupsCwJ)14.jpg;https://ei.phncdn.com/videos/202507/30/17660085/original/(m=eaAaGwObaaamqv)(mh=MeArQ0BhgHupsCwJ)15.jpg;https://ei.phncdn.com/videos/202507/30/17660085/original/(m=eaAaGwObaaamqv)(mh=MeArQ0BhgHupsCwJ)16.jpg
<iframe src="https://www.pornhub.com/embed/688a08d71511c" frameborder="0" height="481" width="608" scrolling="no"></iframe>|https://ei.phncdn.com/videos/202507/30/17660395/original/(m=eaf8GgaaaWavb)(mh=aqjYkAF5LqLWatnz)15.jpg|https://ei.phncdn.com/videos/202507/30/17660395/original/(m=eaf8GgaaaWavb)(mh=aqjYkAF5LqLWatnz)1.jpg;https://ei.phncdn.com/videos/202507/30/17660395/original/(m=eaf8GgaaaWavb)(mh=aqjYkAF5LqLWatnz)2.jpg;https://ei.phncdn.com/videos/202507/30/17660395/original/(m=eaf8GgaaaWavb)(mh=aqjYkAF5LqLWatnz)3.jpg;https://ei.phncdn.com/videos/202507/30/17660395/original/(m=eaf8GgaaaWavb)(mh=aqjYkAF5LqLWatnz)4.jpg;https://ei.phncdn.com/videos/202507/30/17660395/original/(m=eaf8GgaaaWavb)(mh=aqjYkAF5LqLWatnz)5.jpg;https://ei.phncdn.com/videos/202507/30/17660395/original/(m=eaf8GgaaaWavb)(mh=aqjYkAF5LqLWatnz)6.jpg;https://ei.phncdn.com/videos/202507/30/17660395/original/(m=eaf8GgaaaWavb)(mh=aqjYkAF5LqLWatnz)7.jpg;https://ei.phncdn.com/videos/202507/30/17660395/original/(m=eaf8GgaaaWavb)(mh=aqjYkAF5LqLWatnz)8.jpg;https://ei.phncdn.com/videos/202507/30/17660395/original/(m=eaf8GgaaaWavb)(mh=aqjYkAF5LqLWatnz)9.jpg;https://ei.phncdn.com/videos/202507/30/17660395/original/(m=eaf8GgaaaWavb)(mh=aqjYkAF5LqLWatnz)10.jpg;https://ei.phncdn.com/videos/202507/30/17660395/original/(m=eaf8GgaaaWavb)(mh=aqjYkAF5LqLWatnz)11.jpg;https://ei.phncdn.com/videos/202507/30/17660395/original/(m=eaf8GgaaaWavb)(mh=aqjYkAF5LqLWatnz)12.jpg;https://ei.phncdn.com/videos/202507/30/17660395/original/(m=eaf8GgaaaWavb)(mh=aqjYkAF5LqLWatnz)13.jpg;https://ei.phncdn.com/videos/202507/30/17660395/original/(m=eaf8GgaaaWavb)(mh=aqjYkAF5LqLWatnz)14.jpg;https://ei.phncdn.com/videos/202507/30/17660395/original/(m=eaf8GgaaaWavb)(mh=aqjYkAF5LqLWatnz)15.jpg;https://ei.phncdn.com/videos/202507/30/17660395/original/(m=eaf8GgaaaWavb)(mh=aqjYkAF5LqLWatnz)16.jpg|Provando morango do amor|gostosa-se-exibindo;solo-girl|Brazilian;Exclusive;Verified Amateurs;Solo Female||344|6974|687|69|https://ei.phncdn.com/videos/202507/30/17660395/original/(m=eaAaGwObaaamqv)(mh=QpuXOiG4tuT_BWX-)15.jpg|https://ei.phncdn.com/videos/202507/30/17660395/original/(m=eaAaGwObaaamqv)(mh=QpuXOiG4tuT_BWX-)1.jpg;https://ei.phncdn.com/videos/202507/30/17660395/original/(m=eaAaGwObaaamqv)(mh=QpuXOiG4tuT_BWX-)2.jpg;https://ei.phncdn.com/videos/202507/30/17660395/original/(m=eaAaGwObaaamqv)(mh=QpuXOiG4tuT_BWX-)3.jpg;https://ei.phncdn.com/videos/202507/30/17660395/original/(m=eaAaGwObaaamqv)(mh=QpuXOiG4tuT_BWX-)4.jpg;https://ei.phncdn.com/videos/202507/30/17660395/original/(m=eaAaGwObaaamqv)(mh=QpuXOiG4tuT_BWX-)5.jpg;https://ei.phncdn.com/videos/202507/30/17660395/original/(m=eaAaGwObaaamqv)(mh=QpuXOiG4tuT_BWX-)6.jpg;https://ei.phncdn.com/videos/202507/30/17660395/original/(m=eaAaGwObaaamqv)(mh=QpuXOiG4tuT_BWX-)7.jpg;https://ei.phncdn.com/videos/202507/30/17660395/original/(m=eaAaGwObaaamqv)(mh=QpuXOiG4tuT_BWX-)8.jpg;https://ei.phncdn.com/videos/202507/30/17660395/original/(m=eaAaGwObaaamqv)(mh=QpuXOiG4tuT_BWX-)9.jpg;https://ei.phncdn.com/videos/202507/30/17660395/original/(m=eaAaGwObaaamqv)(mh=QpuXOiG4tuT_BWX-)10.jpg;https://ei.phncdn.com/videos/202507/30/17660395/original/(m=eaAaGwObaaamqv)(mh=QpuXOiG4tuT_BWX-)11.jpg;https://ei.phncdn.com/videos/202507/30/17660395/original/(m=eaAaGwObaaamqv)(mh=QpuXOiG4tuT_BWX-)12.jpg;https://ei.phncdn.com/videos/202507/30/17660395/original/(m=eaAaGwObaaamqv)(mh=QpuXOiG4tuT_BWX-)13.jpg;https://ei.phncdn.com/videos/202507/30/17660395/original/(m=eaAaGwObaaamqv)(mh=QpuXOiG4tuT_BWX-)14.jpg;https://ei.phncdn.com/videos/202507/30/17660395/original/(m=eaAaGwObaaamqv)(mh=QpuXOiG4tuT_BWX-)15.jpg;https://ei.phncdn.com/videos/202507/30/17660395/original/(m=eaAaGwObaaamqv)(mh=QpuXOiG4tuT_BWX-)16.jpg
<iframe src="https://www.pornhub.com/embed/688a0e9715fd4" frameborder="0" height="481" width="608" scrolling="no"></iframe>|https://ei.phncdn.com/videos/202507/30/17661925/original/(m=eaf8GgaaaWavb)(mh=7sKhWZ9E4l9OCzDG)15.jpg|https://ei.phncdn.com/videos/202507/30/17661925/original/(m=eaf8GgaaaWavb)(mh=7sKhWZ9E4l9OCzDG)1.jpg;https://ei.phncdn.com/videos/202507/30/17661925/original/(m=eaf8GgaaaWavb)(mh=7sKhWZ9E4l9OCzDG)2.jpg;https://ei.phncdn.com/videos/202507/30/17661925/original/(m=eaf8GgaaaWavb)(mh=7sKhWZ9E4l9OCzDG)3.jpg;https://ei.phncdn.com/videos/202507/30/17661925/original/(m=eaf8GgaaaWavb)(mh=7sKhWZ9E4l9OCzDG)4.jpg;https://ei.phncdn.com/videos/202507/30/17661925/original/(m=eaf8GgaaaWavb)(mh=7sKhWZ9E4l9OCzDG)5.jpg;https://ei.phncdn.com/videos/202507/30/17661925/original/(m=eaf8GgaaaWavb)(mh=7sKhWZ9E4l9OCzDG)6.jpg;https://ei.phncdn.com/videos/202507/30/17661925/original/(m=eaf8GgaaaWavb)(mh=7sKhWZ9E4l9OCzDG)7.jpg;https://ei.phncdn.com/videos/202507/30/17661925/original/(m=eaf8GgaaaWavb)(mh=7sKhWZ9E4l9OCzDG)8.jpg;https://ei.phncdn.com/videos/202507/30/17661925/original/(m=eaf8GgaaaWavb)(mh=7sKhWZ9E4l9OCzDG)9.jpg;https://ei.phncdn.com/videos/202507/30/17661925/original/(m=eaf8GgaaaWavb)(mh=7sKhWZ9E4l9OCzDG)10.jpg;https://ei.phncdn.com/videos/202507/30/17661925/original/(m=eaf8GgaaaWavb)(mh=7sKhWZ9E4l9OCzDG)11.jpg;https://ei.phncdn.com/videos/202507/30/17661925/original/(m=eaf8GgaaaWavb)(mh=7sKhWZ9E4l9OCzDG)12.jpg;https://ei.phncdn.com/videos/202507/30/17661925/original/(m=eaf8GgaaaWavb)(mh=7sKhWZ9E4l9OCzDG)13.jpg;https://ei.phncdn.com/videos/202507/30/17661925/original/(m=eaf8GgaaaWavb)(mh=7sKhWZ9E4l9OCzDG)14.jpg;https://ei.phncdn.com/videos/202507/30/17661925/original/(m=eaf8GgaaaWavb)(mh=7sKhWZ9E4l9OCzDG)15.jpg;https://ei.phncdn.com/videos/202507/30/17661925/original/(m=eaf8GgaaaWavb)(mh=7sKhWZ9E4l9OCzDG)16.jpg|Quero da o meu cuzinho apertado|anal;girl-masturbating|Brazilian;Exclusive;Verified Amateurs;Solo Female||282|26456|3402|174|https://ei.phncdn.com/videos/202507/30/17661925/original/(m=eaAaGwObaaamqv)(mh=XgjH0wmp1F23Ys6h)15.jpg|https://ei.phncdn.com/videos/202507/30/17661925/original/(m=eaAaGwObaaamqv)(mh=XgjH0wmp1F23Ys6h)1.jpg;https://ei.phncdn.com/videos/202507/30/17661925/original/(m=eaAaGwObaaamqv)(mh=XgjH0wmp1F23Ys6h)2.jpg;https://ei.phncdn.com/videos/202507/30/17661925/original/(m=eaAaGwObaaamqv)(mh=XgjH0wmp1F23Ys6h)3.jpg;https://ei.phncdn.com/videos/202507/30/17661925/original/(m=eaAaGwObaaamqv)(mh=XgjH0wmp1F23Ys6h)4.jpg;https://ei.phncdn.com/videos/202507/30/17661925/original/(m=eaAaGwObaaamqv)(mh=XgjH0wmp1F23Ys6h)5.jpg;https://ei.phncdn.com/videos/202507/30/17661925/original/(m=eaAaGwObaaamqv)(mh=XgjH0wmp1F23Ys6h)6.jpg;https://ei.phncdn.com/videos/202507/30/17661925/original/(m=eaAaGwObaaamqv)(mh=XgjH0wmp1F23Ys6h)7.jpg;https://ei.phncdn.com/videos/202507/30/17661925/original/(m=eaAaGwObaaamqv)(mh=XgjH0wmp1F23Ys6h)8.jpg;https://ei.phncdn.com/videos/202507/30/17661925/original/(m=eaAaGwObaaamqv)(mh=XgjH0wmp1F23Ys6h)9.jpg;https://ei.phncdn.com/videos/202507/30/17661925/original/(m=eaAaGwObaaamqv)(mh=XgjH0wmp1F23Ys6h)10.jpg;https://ei.phncdn.com/videos/202507/30/17661925/original/(m=eaAaGwObaaamqv)(mh=XgjH0wmp1F23Ys6h)11.jpg;https://ei.phncdn.com/videos/202507/30/17661925/original/(m=eaAaGwObaaamqv)(mh=XgjH0wmp1F23Ys6h)12.jpg;https://ei.phncdn.com/videos/202507/30/17661925/original/(m=eaAaGwObaaamqv)(mh=XgjH0wmp1F23Ys6h)13.jpg;https://ei.phncdn.com/videos/202507/30/17661925/original/(m=eaAaGwObaaamqv)(mh=XgjH0wmp1F23Ys6h)14.jpg;https://ei.phncdn.com/videos/202507/30/17661925/original/(m=eaAaGwObaaamqv)(mh=XgjH0wmp1F23Ys6h)15.jpg;https://ei.phncdn.com/videos/202507/30/17661925/original/(m=eaAaGwObaaamqv)(mh=XgjH0wmp1F23Ys6h)16.jpg
<iframe src="https://www.pornhub.com/embed/688a162b3a61d" frameborder="0" height="481" width="608" scrolling="no"></iframe>|https://ei.phncdn.com/videos/202507/30/17663965/original/(m=eaf8GgaaaWavb)(mh=3ICLmd66JtQKKKL8)13.jpg|https://ei.phncdn.com/videos/202507/30/17663965/original/(m=eaf8GgaaaWavb)(mh=3ICLmd66JtQKKKL8)1.jpg;https://ei.phncdn.com/videos/202507/30/17663965/original/(m=eaf8GgaaaWavb)(mh=3ICLmd66JtQKKKL8)2.jpg;https://ei.phncdn.com/videos/202507/30/17663965/original/(m=eaf8GgaaaWavb)(mh=3ICLmd66JtQKKKL8)3.jpg;https://ei.phncdn.com/videos/202507/30/17663965/original/(m=eaf8GgaaaWavb)(mh=3ICLmd66JtQKKKL8)4.jpg;https://ei.phncdn.com/videos/202507/30/17663965/original/(m=eaf8GgaaaWavb)(mh=3ICLmd66JtQKKKL8)5.jpg;https://ei.phncdn.com/videos/202507/30/17663965/original/(m=eaf8GgaaaWavb)(mh=3ICLmd66JtQKKKL8)6.jpg;https://ei.phncdn.com/videos/202507/30/17663965/original/(m=eaf8GgaaaWavb)(mh=3ICLmd66JtQKKKL8)7.jpg;https://ei.phncdn.com/videos/202507/30/17663965/original/(m=eaf8GgaaaWavb)(mh=3ICLmd66JtQKKKL8)8.jpg;https://ei.phncdn.com/videos/202507/30/17663965/original/(m=eaf8GgaaaWavb)(mh=3ICLmd66JtQKKKL8)9.jpg;https://ei.phncdn.com/videos/202507/30/17663965/original/(m=eaf8GgaaaWavb)(mh=3ICLmd66JtQKKKL8)10.jpg;https://ei.phncdn.com/videos/202507/30/17663965/original/(m=eaf8GgaaaWavb)(mh=3ICLmd66JtQKKKL8)11.jpg;https://ei.phncdn.com/videos/202507/30/17663965/original/(m=eaf8GgaaaWavb)(mh=3ICLmd66JtQKKKL8)12.jpg;https://ei.phncdn.com/videos/202507/30/17663965/original/(m=eaf8GgaaaWavb)(mh=3ICLmd66JtQKKKL8)13.jpg;https://ei.phncdn.com/videos/202507/30/17663965/original/(m=eaf8GgaaaWavb)(mh=3ICLmd66JtQKKKL8)14.jpg;https://ei.phncdn.com/videos/202507/30/17663965/original/(m=eaf8GgaaaWavb)(mh=3ICLmd66JtQKKKL8)15.jpg;https://ei.phncdn.com/videos/202507/30/17663965/original/(m=eaf8GgaaaWavb)(mh=3ICLmd66JtQKKKL8)16.jpg|Batendo siririca e mostrando o bucetao|exibicionista;solo;girl-masturbating|Brazilian;Exclusive;Verified Amateurs;Solo Female||612|16346|771|72|https://ei.phncdn.com/videos/202507/30/17663965/original/(m=eaAaGwObaaamqv)(mh=21nMgwDee7rn8qvn)13.jpg|https://ei.phncdn.com/videos/202507/30/17663965/original/(m=eaAaGwObaaamqv)(mh=21nMgwDee7rn8qvn)1.jpg;https://ei.phncdn.com/videos/202507/30/17663965/original/(m=eaAaGwObaaamqv)(mh=21nMgwDee7rn8qvn)2.jpg;https://ei.phncdn.com/videos/202507/30/17663965/original/(m=eaAaGwObaaamqv)(mh=21nMgwDee7rn8qvn)3.jpg;https://ei.phncdn.com/videos/202507/30/17663965/original/(m=eaAaGwObaaamqv)(mh=21nMgwDee7rn8qvn)4.jpg;https://ei.phncdn.com/videos/202507/30/17663965/original/(m=eaAaGwObaaamqv)(mh=21nMgwDee7rn8qvn)5.jpg;https://ei.phncdn.com/videos/202507/30/17663965/original/(m=eaAaGwObaaamqv)(mh=21nMgwDee7rn8qvn)6.jpg;https://ei.phncdn.com/videos/202507/30/17663965/original/(m=eaAaGwObaaamqv)(mh=21nMgwDee7rn8qvn)7.jpg;https://ei.phncdn.com/videos/202507/30/17663965/original/(m=eaAaGwObaaamqv)(mh=21nMgwDee7rn8qvn)8.jpg;https://ei.phncdn.com/videos/202507/30/17663965/original/(m=eaAaGwObaaamqv)(mh=21nMgwDee7rn8qvn)9.jpg;https://ei.phncdn.com/videos/202507/30/17663965/original/(m=eaAaGwObaaamqv)(mh=21nMgwDee7rn8qvn)10.jpg;https://ei.phncdn.com/videos/202507/30/17663965/original/(m=eaAaGwObaaamqv)(mh=21nMgwDee7rn8qvn)11.jpg;https://ei.phncdn.com/videos/202507/30/17663965/original/(m=eaAaGwObaaamqv)(mh=21nMgwDee7rn8qvn)12.jpg;https://ei.phncdn.com/videos/202507/30/17663965/original/(m=eaAaGwObaaamqv)(mh=21nMgwDee7rn8qvn)13.jpg;https://ei.phncdn.com/videos/202507/30/17663965/original/(m=eaAaGwObaaamqv)(mh=21nMgwDee7rn8qvn)14.jpg;https://ei.phncdn.com/videos/202507/30/17663965/original/(m=eaAaGwObaaamqv)(mh=21nMgwDee7rn8qvn)15.jpg;https://ei.phncdn.com/videos/202507/30/17663965/original/(m=eaAaGwObaaamqv)(mh=21nMgwDee7rn8qvn)16.jpg
<iframe src="https://www.pornhub.com/embed/688a182fa5cc7" frameborder="0" height="481" width="608" scrolling="no"></iframe>|https://ei.phncdn.com/videos/202507/30/17664435/original/(m=eaf8GgaaaWavb)(mh=NC2v8uxfVoPWahyk)15.jpg|https://ei.phncdn.com/videos/202507/30/17664435/original/(m=eaf8GgaaaWavb)(mh=NC2v8uxfVoPWahyk)1.jpg;https://ei.phncdn.com/videos/202507/30/17664435/original/(m=eaf8GgaaaWavb)(mh=NC2v8uxfVoPWahyk)2.jpg;https://ei.phncdn.com/videos/202507/30/17664435/original/(m=eaf8GgaaaWavb)(mh=NC2v8uxfVoPWahyk)3.jpg;https://ei.phncdn.com/videos/202507/30/17664435/original/(m=eaf8GgaaaWavb)(mh=NC2v8uxfVoPWahyk)4.jpg;https://ei.phncdn.com/videos/202507/30/17664435/original/(m=eaf8GgaaaWavb)(mh=NC2v8uxfVoPWahyk)5.jpg;https://ei.phncdn.com/videos/202507/30/17664435/original/(m=eaf8GgaaaWavb)(mh=NC2v8uxfVoPWahyk)6.jpg;https://ei.phncdn.com/videos/202507/30/17664435/original/(m=eaf8GgaaaWavb)(mh=NC2v8uxfVoPWahyk)7.jpg;https://ei.phncdn.com/videos/202507/30/17664435/original/(m=eaf8GgaaaWavb)(mh=NC2v8uxfVoPWahyk)8.jpg;https://ei.phncdn.com/videos/202507/30/17664435/original/(m=eaf8GgaaaWavb)(mh=NC2v8uxfVoPWahyk)9.jpg;https://ei.phncdn.com/videos/202507/30/17664435/original/(m=eaf8GgaaaWavb)(mh=NC2v8uxfVoPWahyk)10.jpg;https://ei.phncdn.com/videos/202507/30/17664435/original/(m=eaf8GgaaaWavb)(mh=NC2v8uxfVoPWahyk)11.jpg;https://ei.phncdn.com/videos/202507/30/17664435/original/(m=eaf8GgaaaWavb)(mh=NC2v8uxfVoPWahyk)12.jpg;https://ei.phncdn.com/videos/202507/30/17664435/original/(m=eaf8GgaaaWavb)(mh=NC2v8uxfVoPWahyk)13.jpg;https://ei.phncdn.com/videos/202507/30/17664435/original/(m=eaf8GgaaaWavb)(mh=NC2v8uxfVoPWahyk)14.jpg;https://ei.phncdn.com/videos/202507/30/17664435/original/(m=eaf8GgaaaWavb)(mh=NC2v8uxfVoPWahyk)15.jpg;https://ei.phncdn.com/videos/202507/30/17664435/original/(m=eaf8GgaaaWavb)(mh=NC2v8uxfVoPWahyk)16.jpg|Eu gosto de ficar me exibindo assim nas lives com short socado no rabo|axilas;fetiche;fetiche-axilas|Brazilian;Exclusive;Verified Amateurs;Solo Female||612|11833|659|44|https://ei.phncdn.com/videos/202507/30/17664435/original/(m=eaAaGwObaaamqv)(mh=XQguenmmaSP_mZm0)15.jpg|https://ei.phncdn.com/videos/202507/30/17664435/original/(m=eaAaGwObaaamqv)(mh=XQguenmmaSP_mZm0)1.jpg;https://ei.phncdn.com/videos/202507/30/17664435/original/(m=eaAaGwObaaamqv)(mh=XQguenmmaSP_mZm0)2.jpg;https://ei.phncdn.com/videos/202507/30/17664435/original/(m=eaAaGwObaaamqv)(mh=XQguenmmaSP_mZm0)3.jpg;https://ei.phncdn.com/videos/202507/30/17664435/original/(m=eaAaGwObaaamqv)(mh=XQguenmmaSP_mZm0)4.jpg;https://ei.phncdn.com/videos/202507/30/17664435/original/(m=eaAaGwObaaamqv)(mh=XQguenmmaSP_mZm0)5.jpg;https://ei.phncdn.com/videos/202507/30/17664435/original/(m=eaAaGwObaaamqv)(mh=XQguenmmaSP_mZm0)6.jpg;https://ei.phncdn.com/videos/202507/30/17664435/original/(m=eaAaGwObaaamqv)(mh=XQguenmmaSP_mZm0)7.jpg;https://ei.phncdn.com/videos/202507/30/17664435/original/(m=eaAaGwObaaamqv)(mh=XQguenmmaSP_mZm0)8.jpg;https://ei.phncdn.com/videos/202507/30/17664435/original/(m=eaAaGwObaaamqv)(mh=XQguenmmaSP_mZm0)9.jpg;https://ei.phncdn.com/videos/202507/30/17664435/original/(m=eaAaGwObaaamqv)(mh=XQguenmmaSP_mZm0)10.jpg;https://ei.phncdn.com/videos/202507/30/17664435/original/(m=eaAaGwObaaamqv)(mh=XQguenmmaSP_mZm0)11.jpg;https://ei.phncdn.com/videos/202507/30/17664435/original/(m=eaAaGwObaaamqv)(mh=XQguenmmaSP_mZm0)12.jpg;https://ei.phncdn.com/videos/202507/30/17664435/original/(m=eaAaGwObaaamqv)(mh=XQguenmmaSP_mZm0)13.jpg;https://ei.phncdn.com/videos/202507/30/17664435/original/(m=eaAaGwObaaamqv)(mh=XQguenmmaSP_mZm0)14.jpg;https://ei.phncdn.com/videos/202507/30/17664435/original/(m=eaAaGwObaaamqv)(mh=XQguenmmaSP_mZm0)15.jpg;https://ei.phncdn.com/videos/202507/30/17664435/original/(m=eaAaGwObaaamqv)(mh=XQguenmmaSP_mZm0)16.jpg
<iframe src="https://www.pornhub.com/embed/688a382e8ed78" frameborder="0" height="481" width="608" scrolling="no"></iframe>|https://ei.phncdn.com/videos/202507/30/17675955/original/(m=eaf8GgaaaWavb)(mh=i4qPKEV95mBEVLVj)7.jpg|https://ei.phncdn.com/videos/202507/30/17675955/original/(m=eaf8GgaaaWavb)(mh=i4qPKEV95mBEVLVj)1.jpg;https://ei.phncdn.com/videos/202507/30/17675955/original/(m=eaf8GgaaaWavb)(mh=i4qPKEV95mBEVLVj)2.jpg;https://ei.phncdn.com/videos/202507/30/17675955/original/(m=eaf8GgaaaWavb)(mh=i4qPKEV95mBEVLVj)3.jpg;https://ei.phncdn.com/videos/202507/30/17675955/original/(m=eaf8GgaaaWavb)(mh=i4qPKEV95mBEVLVj)4.jpg;https://ei.phncdn.com/videos/202507/30/17675955/original/(m=eaf8GgaaaWavb)(mh=i4qPKEV95mBEVLVj)5.jpg;https://ei.phncdn.com/videos/202507/30/17675955/original/(m=eaf8GgaaaWavb)(mh=i4qPKEV95mBEVLVj)6.jpg;https://ei.phncdn.com/videos/202507/30/17675955/original/(m=eaf8GgaaaWavb)(mh=i4qPKEV95mBEVLVj)7.jpg;https://ei.phncdn.com/videos/202507/30/17675955/original/(m=eaf8GgaaaWavb)(mh=i4qPKEV95mBEVLVj)8.jpg;https://ei.phncdn.com/videos/202507/30/17675955/original/(m=eaf8GgaaaWavb)(mh=i4qPKEV95mBEVLVj)9.jpg;https://ei.phncdn.com/videos/202507/30/17675955/original/(m=eaf8GgaaaWavb)(mh=i4qPKEV95mBEVLVj)10.jpg;https://ei.phncdn.com/videos/202507/30/17675955/original/(m=eaf8GgaaaWavb)(mh=i4qPKEV95mBEVLVj)11.jpg;https://ei.phncdn.com/videos/202507/30/17675955/original/(m=eaf8GgaaaWavb)(mh=i4qPKEV95mBEVLVj)12.jpg;https://ei.phncdn.com/videos/202507/30/17675955/original/(m=eaf8GgaaaWavb)(mh=i4qPKEV95mBEVLVj)13.jpg;https://ei.phncdn.com/videos/202507/30/17675955/original/(m=eaf8GgaaaWavb)(mh=i4qPKEV95mBEVLVj)14.jpg;https://ei.phncdn.com/videos/202507/30/17675955/original/(m=eaf8GgaaaWavb)(mh=i4qPKEV95mBEVLVj)15.jpg;https://ei.phncdn.com/videos/202507/30/17675955/original/(m=eaf8GgaaaWavb)(mh=i4qPKEV95mBEVLVj)16.jpg|Estou desafiando minhas amigas pra uma luta pelada, será se elas aguentam essa cavalona do bucetao|dominant-woman;buceta-inchada;solo-girl|Brazilian;Exclusive;Verified Amateurs;Solo Female||606|72569|1873|219|https://ei.phncdn.com/videos/202507/30/17675955/original/(m=eaAaGwObaaamqv)(mh=pb4d2YuRKo_U-QZ4)7.jpg|https://ei.phncdn.com/videos/202507/30/17675955/original/(m=eaAaGwObaaamqv)(mh=pb4d2YuRKo_U-QZ4)1.jpg;https://ei.phncdn.com/videos/202507/30/17675955/original/(m=eaAaGwObaaamqv)(mh=pb4d2YuRKo_U-QZ4)2.jpg;https://ei.phncdn.com/videos/202507/30/17675955/original/(m=eaAaGwObaaamqv)(mh=pb4d2YuRKo_U-QZ4)3.jpg;https://ei.phncdn.com/videos/202507/30/17675955/original/(m=eaAaGwObaaamqv)(mh=pb4d2YuRKo_U-QZ4)4.jpg;https://ei.phncdn.com/videos/202507/30/17675955/original/(m=eaAaGwObaaamqv)(mh=pb4d2YuRKo_U-QZ4)5.jpg;https://ei.phncdn.com/videos/202507/30/17675955/original/(m=eaAaGwObaaamqv)(mh=pb4d2YuRKo_U-QZ4)6.jpg;https://ei.phncdn.com/videos/202507/30/17675955/original/(m=eaAaGwObaaamqv)(mh=pb4d2YuRKo_U-QZ4)7.jpg;https://ei.phncdn.com/videos/202507/30/17675955/original/(m=eaAaGwObaaamqv)(mh=pb4d2YuRKo_U-QZ4)8.jpg;https://ei.phncdn.com/videos/202507/30/17675955/original/(m=eaAaGwObaaamqv)(mh=pb4d2YuRKo_U-QZ4)9.jpg;https://ei.phncdn.com/videos/202507/30/17675955/original/(m=eaAaGwObaaamqv)(mh=pb4d2YuRKo_U-QZ4)10.jpg;https://ei.phncdn.com/videos/202507/30/17675955/original/(m=eaAaGwObaaamqv)(mh=pb4d2YuRKo_U-QZ4)11.jpg;https://ei.phncdn.com/videos/202507/30/17675955/original/(m=eaAaGwObaaamqv)(mh=pb4d2YuRKo_U-QZ4)12.jpg;https://ei.phncdn.com/videos/202507/30/17675955/original/(m=eaAaGwObaaamqv)(mh=pb4d2YuRKo_U-QZ4)13.jpg;https://ei.phncdn.com/videos/202507/30/17675955/original/(m=eaAaGwObaaamqv)(mh=pb4d2YuRKo_U-QZ4)14.jpg;https://ei.phncdn.com/videos/202507/30/17675955/original/(m=eaAaGwObaaamqv)(mh=pb4d2YuRKo_U-QZ4)15.jpg;https://ei.phncdn.com/videos/202507/30/17675955/original/(m=eaAaGwObaaamqv)(mh=pb4d2YuRKo_U-QZ4)16.jpg
<iframe src="https://www.pornhub.com/embed/688a3b6d96e4e" frameborder="0" height="481" width="608" scrolling="no"></iframe>|https://ei.phncdn.com/videos/202507/30/17676855/original/(m=eaf8GgaaaWavb)(mh=DvJTLrVjozXwaEhR)16.jpg|https://ei.phncdn.com/videos/202507/30/17676855/original/(m=eaf8GgaaaWavb)(mh=DvJTLrVjozXwaEhR)1.jpg;https://ei.phncdn.com/videos/202507/30/17676855/original/(m=eaf8GgaaaWavb)(mh=DvJTLrVjozXwaEhR)2.jpg;https://ei.phncdn.com/videos/202507/30/17676855/original/(m=eaf8GgaaaWavb)(mh=DvJTLrVjozXwaEhR)3.jpg;https://ei.phncdn.com/videos/202507/30/17676855/original/(m=eaf8GgaaaWavb)(mh=DvJTLrVjozXwaEhR)4.jpg;https://ei.phncdn.com/videos/202507/30/17676855/original/(m=eaf8GgaaaWavb)(mh=DvJTLrVjozXwaEhR)5.jpg;https://ei.phncdn.com/videos/202507/30/17676855/original/(m=eaf8GgaaaWavb)(mh=DvJTLrVjozXwaEhR)6.jpg;https://ei.phncdn.com/videos/202507/30/17676855/original/(m=eaf8GgaaaWavb)(mh=DvJTLrVjozXwaEhR)7.jpg;https://ei.phncdn.com/videos/202507/30/17676855/original/(m=eaf8GgaaaWavb)(mh=DvJTLrVjozXwaEhR)8.jpg;https://ei.phncdn.com/videos/202507/30/17676855/original/(m=eaf8GgaaaWavb)(mh=DvJTLrVjozXwaEhR)9.jpg;https://ei.phncdn.com/videos/202507/30/17676855/original/(m=eaf8GgaaaWavb)(mh=DvJTLrVjozXwaEhR)10.jpg;https://ei.phncdn.com/videos/202507/30/17676855/original/(m=eaf8GgaaaWavb)(mh=DvJTLrVjozXwaEhR)11.jpg;https://ei.phncdn.com/videos/202507/30/17676855/original/(m=eaf8GgaaaWavb)(mh=DvJTLrVjozXwaEhR)12.jpg;https://ei.phncdn.com/videos/202507/30/17676855/original/(m=eaf8GgaaaWavb)(mh=DvJTLrVjozXwaEhR)13.jpg;https://ei.phncdn.com/videos/202507/30/17676855/original/(m=eaf8GgaaaWavb)(mh=DvJTLrVjozXwaEhR)14.jpg;https://ei.phncdn.com/videos/202507/30/17676855/original/(m=eaf8GgaaaWavb)(mh=DvJTLrVjozXwaEhR)15.jpg;https://ei.phncdn.com/videos/202507/30/17676855/original/(m=eaf8GgaaaWavb)(mh=DvJTLrVjozXwaEhR)16.jpg|Quero chupar várias rolas ao mesmo tempo com o corno olhando|solo-girl;fetiche-axilas;girl-masturbating|Brazilian;Exclusive;Verified Amateurs;Solo Female||602|6854|402|20|https://ei.phncdn.com/videos/202507/30/17676855/original/(m=eaAaGwObaaamqv)(mh=AE0TfhZbkKTy01Ip)16.jpg|https://ei.phncdn.com/videos/202507/30/17676855/original/(m=eaAaGwObaaamqv)(mh=AE0TfhZbkKTy01Ip)1.jpg;https://ei.phncdn.com/videos/202507/30/17676855/original/(m=eaAaGwObaaamqv)(mh=AE0TfhZbkKTy01Ip)2.jpg;https://ei.phncdn.com/videos/202507/30/17676855/original/(m=eaAaGwObaaamqv)(mh=AE0TfhZbkKTy01Ip)3.jpg;https://ei.phncdn.com/videos/202507/30/17676855/original/(m=eaAaGwObaaamqv)(mh=AE0TfhZbkKTy01Ip)4.jpg;https://ei.phncdn.com/videos/202507/30/17676855/original/(m=eaAaGwObaaamqv)(mh=AE0TfhZbkKTy01Ip)5.jpg;https://ei.phncdn.com/videos/202507/30/17676855/original/(m=eaAaGwObaaamqv)(mh=AE0TfhZbkKTy01Ip)6.jpg;https://ei.phncdn.com/videos/202507/30/17676855/original/(m=eaAaGwObaaamqv)(mh=AE0TfhZbkKTy01Ip)7.jpg;https://ei.phncdn.com/videos/202507/30/17676855/original/(m=eaAaGwObaaamqv)(mh=AE0TfhZbkKTy01Ip)8.jpg;https://ei.phncdn.com/videos/202507/30/17676855/original/(m=eaAaGwObaaamqv)(mh=AE0TfhZbkKTy01Ip)9.jpg;https://ei.phncdn.com/videos/202507/30/17676855/original/(m=eaAaGwObaaamqv)(mh=AE0TfhZbkKTy01Ip)10.jpg;https://ei.phncdn.com/videos/202507/30/17676855/original/(m=eaAaGwObaaamqv)(mh=AE0TfhZbkKTy01Ip)11.jpg;https://ei.phncdn.com/videos/202507/30/17676855/original/(m=eaAaGwObaaamqv)(mh=AE0TfhZbkKTy01Ip)12.jpg;https://ei.phncdn.com/videos/202507/30/17676855/original/(m=eaAaGwObaaamqv)(mh=AE0TfhZbkKTy01Ip)13.jpg;https://ei.phncdn.com/videos/202507/30/17676855/original/(m=eaAaGwObaaamqv)(mh=AE0TfhZbkKTy01Ip)14.jpg;https://ei.phncdn.com/videos/202507/30/17676855/original/(m=eaAaGwObaaamqv)(mh=AE0TfhZbkKTy01Ip)15.jpg;https://ei.phncdn.com/videos/202507/30/17676855/original/(m=eaAaGwObaaamqv)(mh=AE0TfhZbkKTy01Ip)16.jpg
<iframe src="https://www.pornhub.com/embed/688a643675c68" frameborder="0" height="481" width="608" scrolling="no"></iframe>|https://ei.phncdn.com/videos/202507/30/17688695/original/(m=eaf8GgaaaWavb)(mh=xYdX1y-Mgp4WU1ks)11.jpg|https://ei.phncdn.com/videos/202507/30/17688695/original/(m=eaf8GgaaaWavb)(mh=xYdX1y-Mgp4WU1ks)1.jpg;https://ei.phncdn.com/videos/202507/30/17688695/original/(m=eaf8GgaaaWavb)(mh=xYdX1y-Mgp4WU1ks)2.jpg;https://ei.phncdn.com/videos/202507/30/17688695/original/(m=eaf8GgaaaWavb)(mh=xYdX1y-Mgp4WU1ks)3.jpg;https://ei.phncdn.com/videos/202507/30/17688695/original/(m=eaf8GgaaaWavb)(mh=xYdX1y-Mgp4WU1ks)4.jpg;https://ei.phncdn.com/videos/202507/30/17688695/original/(m=eaf8GgaaaWavb)(mh=xYdX1y-Mgp4WU1ks)5.jpg;https://ei.phncdn.com/videos/202507/30/17688695/original/(m=eaf8GgaaaWavb)(mh=xYdX1y-Mgp4WU1ks)6.jpg;https://ei.phncdn.com/videos/202507/30/17688695/original/(m=eaf8GgaaaWavb)(mh=xYdX1y-Mgp4WU1ks)7.jpg;https://ei.phncdn.com/videos/202507/30/17688695/original/(m=eaf8GgaaaWavb)(mh=xYdX1y-Mgp4WU1ks)8.jpg;https://ei.phncdn.com/videos/202507/30/17688695/original/(m=eaf8GgaaaWavb)(mh=xYdX1y-Mgp4WU1ks)9.jpg;https://ei.phncdn.com/videos/202507/30/17688695/original/(m=eaf8GgaaaWavb)(mh=xYdX1y-Mgp4WU1ks)10.jpg;https://ei.phncdn.com/videos/202507/30/17688695/original/(m=eaf8GgaaaWavb)(mh=xYdX1y-Mgp4WU1ks)11.jpg;https://ei.phncdn.com/videos/202507/30/17688695/original/(m=eaf8GgaaaWavb)(mh=xYdX1y-Mgp4WU1ks)12.jpg;https://ei.phncdn.com/videos/202507/30/17688695/original/(m=eaf8GgaaaWavb)(mh=xYdX1y-Mgp4WU1ks)13.jpg;https://ei.phncdn.com/videos/202507/30/17688695/original/(m=eaf8GgaaaWavb)(mh=xYdX1y-Mgp4WU1ks)14.jpg;https://ei.phncdn.com/videos/202507/30/17688695/original/(m=eaf8GgaaaWavb)(mh=xYdX1y-Mgp4WU1ks)15.jpg;https://ei.phncdn.com/videos/202507/30/17688695/original/(m=eaf8GgaaaWavb)(mh=xYdX1y-Mgp4WU1ks)16.jpg|A sua Blogueira Bucetuda fazendo uma live de biquíni toda safada se expondo e o marido nem liga|girl-masturbating;brasileira-siririca;solo-girl|Brazilian;Exclusive;Verified Amateurs;Solo Female||629|37413|1428|168|https://ei.phncdn.com/videos/202507/30/17688695/original/(m=eaAaGwObaaamqv)(mh=fOhOgt-C-l2hFzC_)11.jpg|https://ei.phncdn.com/videos/202507/30/17688695/original/(m=eaAaGwObaaamqv)(mh=fOhOgt-C-l2hFzC_)1.jpg;https://ei.phncdn.com/videos/202507/30/17688695/original/(m=eaAaGwObaaamqv)(mh=fOhOgt-C-l2hFzC_)2.jpg;https://ei.phncdn.com/videos/202507/30/17688695/original/(m=eaAaGwObaaamqv)(mh=fOhOgt-C-l2hFzC_)3.jpg;https://ei.phncdn.com/videos/202507/30/17688695/original/(m=eaAaGwObaaamqv)(mh=fOhOgt-C-l2hFzC_)4.jpg;https://ei.phncdn.com/videos/202507/30/17688695/original/(m=eaAaGwObaaamqv)(mh=fOhOgt-C-l2hFzC_)5.jpg;https://ei.phncdn.com/videos/202507/30/17688695/original/(m=eaAaGwObaaamqv)(mh=fOhOgt-C-l2hFzC_)6.jpg;https://ei.phncdn.com/videos/202507/30/17688695/original/(m=eaAaGwObaaamqv)(mh=fOhOgt-C-l2hFzC_)7.jpg;https://ei.phncdn.com/videos/202507/30/17688695/original/(m=eaAaGwObaaamqv)(mh=fOhOgt-C-l2hFzC_)8.jpg;https://ei.phncdn.com/videos/202507/30/17688695/original/(m=eaAaGwObaaamqv)(mh=fOhOgt-C-l2hFzC_)9.jpg;https://ei.phncdn.com/videos/202507/30/17688695/original/(m=eaAaGwObaaamqv)(mh=fOhOgt-C-l2hFzC_)10.jpg;https://ei.phncdn.com/videos/202507/30/17688695/original/(m=eaAaGwObaaamqv)(mh=fOhOgt-C-l2hFzC_)11.jpg;https://ei.phncdn.com/videos/202507/30/17688695/original/(m=eaAaGwObaaamqv)(mh=fOhOgt-C-l2hFzC_)12.jpg;https://ei.phncdn.com/videos/202507/30/17688695/original/(m=eaAaGwObaaamqv)(mh=fOhOgt-C-l2hFzC_)13.jpg;https://ei.phncdn.com/videos/202507/30/17688695/original/(m=eaAaGwObaaamqv)(mh=fOhOgt-C-l2hFzC_)14.jpg;https://ei.phncdn.com/videos/202507/30/17688695/original/(m=eaAaGwObaaamqv)(mh=fOhOgt-C-l2hFzC_)15.jpg;https://ei.phncdn.com/videos/202507/30/17688695/original/(m=eaAaGwObaaamqv)(mh=fOhOgt-C-l2hFzC_)16.jpg
<iframe src="https://www.pornhub.com/embed/68ba022341983" frameborder="0" height="481" width="608" scrolling="no"></iframe>|https://ei.phncdn.com/videos/202509/04/21523285/original/(m=eaf8GgaaaWavb)(mh=JZMWbf6Agw8lghe6)15.jpg|https://ei.phncdn.com/videos/202509/04/21523285/original/(m=eaf8GgaaaWavb)(mh=JZMWbf6Agw8lghe6)1.jpg;https://ei.phncdn.com/videos/202509/04/21523285/original/(m=eaf8GgaaaWavb)(mh=JZMWbf6Agw8lghe6)2.jpg;https://ei.phncdn.com/videos/202509/04/21523285/original/(m=eaf8GgaaaWavb)(mh=JZMWbf6Agw8lghe6)3.jpg;https://ei.phncdn.com/videos/202509/04/21523285/original/(m=eaf8GgaaaWavb)(mh=JZMWbf6Agw8lghe6)4.jpg;https://ei.phncdn.com/videos/202509/04/21523285/original/(m=eaf8GgaaaWavb)(mh=JZMWbf6Agw8lghe6)5.jpg;https://ei.phncdn.com/videos/202509/04/21523285/original/(m=eaf8GgaaaWavb)(mh=JZMWbf6Agw8lghe6)6.jpg;https://ei.phncdn.com/videos/202509/04/21523285/original/(m=eaf8GgaaaWavb)(mh=JZMWbf6Agw8lghe6)7.jpg;https://ei.phncdn.com/videos/202509/04/21523285/original/(m=eaf8GgaaaWavb)(mh=JZMWbf6Agw8lghe6)8.jpg;https://ei.phncdn.com/videos/202509/04/21523285/original/(m=eaf8GgaaaWavb)(mh=JZMWbf6Agw8lghe6)9.jpg;https://ei.phncdn.com/videos/202509/04/21523285/original/(m=eaf8GgaaaWavb)(mh=JZMWbf6Agw8lghe6)10.jpg;https://ei.phncdn.com/videos/202509/04/21523285/original/(m=eaf8GgaaaWavb)(mh=JZMWbf6Agw8lghe6)11.jpg;https://ei.phncdn.com/videos/202509/04/21523285/original/(m=eaf8GgaaaWavb)(mh=JZMWbf6Agw8lghe6)12.jpg;https://ei.phncdn.com/videos/202509/04/21523285/original/(m=eaf8GgaaaWavb)(mh=JZMWbf6Agw8lghe6)13.jpg;https://ei.phncdn.com/videos/202509/04/21523285/original/(m=eaf8GgaaaWavb)(mh=JZMWbf6Agw8lghe6)14.jpg;https://ei.phncdn.com/videos/202509/04/21523285/original/(m=eaf8GgaaaWavb)(mh=JZMWbf6Agw8lghe6)15.jpg;https://ei.phncdn.com/videos/202509/04/21523285/original/(m=eaf8GgaaaWavb)(mh=JZMWbf6Agw8lghe6)16.jpg|Esposa dafada bumbum gulosol|esposa;esposa-infiel;amateur-cuckold;bunda;bunda-branca|Brazilian;Verified Amateurs;Cuckold||51|952|232|6|https://ei.phncdn.com/videos/202509/04/21523285/original/(m=eaAaGwObaaamqv)(mh=LnH97Oud6zGsGHJe)15.jpg|https://ei.phncdn.com/videos/202509/04/21523285/original/(m=eaAaGwObaaamqv)(mh=LnH97Oud6zGsGHJe)1.jpg;https://ei.phncdn.com/videos/202509/04/21523285/original/(m=eaAaGwObaaamqv)(mh=LnH97Oud6zGsGHJe)2.jpg;https://ei.phncdn.com/videos/202509/04/21523285/original/(m=eaAaGwObaaamqv)(mh=LnH97Oud6zGsGHJe)3.jpg;https://ei.phncdn.com/videos/202509/04/21523285/original/(m=eaAaGwObaaamqv)(mh=LnH97Oud6zGsGHJe)4.jpg;https://ei.phncdn.com/videos/202509/04/21523285/original/(m=eaAaGwObaaamqv)(mh=LnH97Oud6zGsGHJe)5.jpg;https://ei.phncdn.com/videos/202509/04/21523285/original/(m=eaAaGwObaaamqv)(mh=LnH97Oud6zGsGHJe)6.jpg;https://ei.phncdn.com/videos/202509/04/21523285/original/(m=eaAaGwObaaamqv)(mh=LnH97Oud6zGsGHJe)7.jpg;https://ei.phncdn.com/videos/202509/04/21523285/original/(m=eaAaGwObaaamqv)(mh=LnH97Oud6zGsGHJe)8.jpg;https://ei.phncdn.com/videos/202509/04/21523285/original/(m=eaAaGwObaaamqv)(mh=LnH97Oud6zGsGHJe)9.jpg;https://ei.phncdn.com/videos/202509/04/21523285/original/(m=eaAaGwObaaamqv)(mh=LnH97Oud6zGsGHJe)10.jpg;https://ei.phncdn.com/videos/202509/04/21523285/original/(m=eaAaGwObaaamqv)(mh=LnH97Oud6zGsGHJe)11.jpg;https://ei.phncdn.com/videos/202509/04/21523285/original/(m=eaAaGwObaaamqv)(mh=LnH97Oud6zGsGHJe)12.jpg;https://ei.phncdn.com/videos/202509/04/21523285/original/(m=eaAaGwObaaamqv)(mh=LnH97Oud6zGsGHJe)13.jpg;https://ei.phncdn.com/videos/202509/04/21523285/original/(m=eaAaGwObaaamqv)(mh=LnH97Oud6zGsGHJe)14.jpg;https://ei.phncdn.com/videos/202509/04/21523285/original/(m=eaAaGwObaaamqv)(mh=LnH97Oud6zGsGHJe)15.jpg;https://ei.phncdn.com/videos/202509/04/21523285/original/(m=eaAaGwObaaamqv)(mh=LnH97Oud6zGsGHJe)16.jpg
<iframe src="https://www.pornhub.com/embed/68c32a7d9b700" frameborder="0" height="481" width="608" scrolling="no"></iframe>|https://ei.phncdn.com/videos/202509/11/22246575/original/(m=eaf8GgaaaWavb)(mh=okmGCsl26AqdjLse)12.jpg|https://ei.phncdn.com/videos/202509/11/22246575/original/(m=eaf8GgaaaWavb)(mh=okmGCsl26AqdjLse)1.jpg;https://ei.phncdn.com/videos/202509/11/22246575/original/(m=eaf8GgaaaWavb)(mh=okmGCsl26AqdjLse)2.jpg;https://ei.phncdn.com/videos/202509/11/22246575/original/(m=eaf8GgaaaWavb)(mh=okmGCsl26AqdjLse)3.jpg;https://ei.phncdn.com/videos/202509/11/22246575/original/(m=eaf8GgaaaWavb)(mh=okmGCsl26AqdjLse)4.jpg;https://ei.phncdn.com/videos/202509/11/22246575/original/(m=eaf8GgaaaWavb)(mh=okmGCsl26AqdjLse)5.jpg;https://ei.phncdn.com/videos/202509/11/22246575/original/(m=eaf8GgaaaWavb)(mh=okmGCsl26AqdjLse)6.jpg;https://ei.phncdn.com/videos/202509/11/22246575/original/(m=eaf8GgaaaWavb)(mh=okmGCsl26AqdjLse)7.jpg;https://ei.phncdn.com/videos/202509/11/22246575/original/(m=eaf8GgaaaWavb)(mh=okmGCsl26AqdjLse)8.jpg;https://ei.phncdn.com/videos/202509/11/22246575/original/(m=eaf8GgaaaWavb)(mh=okmGCsl26AqdjLse)9.jpg;https://ei.phncdn.com/videos/202509/11/22246575/original/(m=eaf8GgaaaWavb)(mh=okmGCsl26AqdjLse)10.jpg;https://ei.phncdn.com/videos/202509/11/22246575/original/(m=eaf8GgaaaWavb)(mh=okmGCsl26AqdjLse)11.jpg;https://ei.phncdn.com/videos/202509/11/22246575/original/(m=eaf8GgaaaWavb)(mh=okmGCsl26AqdjLse)12.jpg;https://ei.phncdn.com/videos/202509/11/22246575/original/(m=eaf8GgaaaWavb)(mh=okmGCsl26AqdjLse)13.jpg;https://ei.phncdn.com/videos/202509/11/22246575/original/(m=eaf8GgaaaWavb)(mh=okmGCsl26AqdjLse)14.jpg;https://ei.phncdn.com/videos/202509/11/22246575/original/(m=eaf8GgaaaWavb)(mh=okmGCsl26AqdjLse)15.jpg;https://ei.phncdn.com/videos/202509/11/22246575/original/(m=eaf8GgaaaWavb)(mh=okmGCsl26AqdjLse)16.jpg|Martina Oliveira tomando banho|banho;solo|Brazilian;Exclusive;Verified Amateurs;Solo Female||35|106938|183|38|https://ei.phncdn.com/videos/202509/11/22246575/original/(m=eaAaGwObaaamqv)(mh=1IHGbAGcGOCLiiqd)12.jpg|https://ei.phncdn.com/videos/202509/11/22246575/original/(m=eaAaGwObaaamqv)(mh=1IHGbAGcGOCLiiqd)1.jpg;https://ei.phncdn.com/videos/202509/11/22246575/original/(m=eaAaGwObaaamqv)(mh=1IHGbAGcGOCLiiqd)2.jpg;https://ei.phncdn.com/videos/202509/11/22246575/original/(m=eaAaGwObaaamqv)(mh=1IHGbAGcGOCLiiqd)3.jpg;https://ei.phncdn.com/videos/202509/11/22246575/original/(m=eaAaGwObaaamqv)(mh=1IHGbAGcGOCLiiqd)4.jpg;https://ei.phncdn.com/videos/202509/11/22246575/original/(m=eaAaGwObaaamqv)(mh=1IHGbAGcGOCLiiqd)5.jpg;https://ei.phncdn.com/videos/202509/11/22246575/original/(m=eaAaGwObaaamqv)(mh=1IHGbAGcGOCLiiqd)6.jpg;https://ei.phncdn.com/videos/202509/11/22246575/original/(m=eaAaGwObaaamqv)(mh=1IHGbAGcGOCLiiqd)7.jpg;https://ei.phncdn.com/videos/202509/11/22246575/original/(m=eaAaGwObaaamqv)(mh=1IHGbAGcGOCLiiqd)8.jpg;https://ei.phncdn.com/videos/202509/11/22246575/original/(m=eaAaGwObaaamqv)(mh=1IHGbAGcGOCLiiqd)9.jpg;https://ei.phncdn.com/videos/202509/11/22246575/original/(m=eaAaGwObaaamqv)(mh=1IHGbAGcGOCLiiqd)10.jpg;https://ei.phncdn.com/videos/202509/11/22246575/original/(m=eaAaGwObaaamqv)(mh=1IHGbAGcGOCLiiqd)11.jpg;https://ei.phncdn.com/videos/202509/11/22246575/original/(m=eaAaGwObaaamqv)(mh=1IHGbAGcGOCLiiqd)12.jpg;https://ei.phncdn.com/videos/202509/11/22246575/original/(m=eaAaGwObaaamqv)(mh=1IHGbAGcGOCLiiqd)13.jpg;https://ei.phncdn.com/videos/202509/11/22246575/original/(m=eaAaGwObaaamqv)(mh=1IHGbAGcGOCLiiqd)14.jpg;https://ei.phncdn.com/videos/202509/11/22246575/original/(m=eaAaGwObaaamqv)(mh=1IHGbAGcGOCLiiqd)15.jpg;https://ei.phncdn.com/videos/202509/11/22246575/original/(m=eaAaGwObaaamqv)(mh=1IHGbAGcGOCLiiqd)16.jpg
<iframe src="https://www.pornhub.com/embed/68d16904484c0" frameborder="0" height="481" width="608" scrolling="no"></iframe>|https://ei.phncdn.com/videos/202509/22/23596815/original/(m=eaf8GgaaaWavb)(mh=U5DF9jkulOj4GGqE)12.jpg|https://ei.phncdn.com/videos/202509/22/23596815/original/(m=eaf8GgaaaWavb)(mh=U5DF9jkulOj4GGqE)1.jpg;https://ei.phncdn.com/videos/202509/22/23596815/original/(m=eaf8GgaaaWavb)(mh=U5DF9jkulOj4GGqE)2.jpg;https://ei.phncdn.com/videos/202509/22/23596815/original/(m=eaf8GgaaaWavb)(mh=U5DF9jkulOj4GGqE)3.jpg;https://ei.phncdn.com/videos/202509/22/23596815/original/(m=eaf8GgaaaWavb)(mh=U5DF9jkulOj4GGqE)4.jpg;https://ei.phncdn.com/videos/202509/22/23596815/original/(m=eaf8GgaaaWavb)(mh=U5DF9jkulOj4GGqE)5.jpg;https://ei.phncdn.com/videos/202509/22/23596815/original/(m=eaf8GgaaaWavb)(mh=U5DF9jkulOj4GGqE)6.jpg;https://ei.phncdn.com/videos/202509/22/23596815/original/(m=eaf8GgaaaWavb)(mh=U5DF9jkulOj4GGqE)7.jpg;https://ei.phncdn.com/videos/202509/22/23596815/original/(m=eaf8GgaaaWavb)(mh=U5DF9jkulOj4GGqE)8.jpg;https://ei.phncdn.com/videos/202509/22/23596815/original/(m=eaf8GgaaaWavb)(mh=U5DF9jkulOj4GGqE)9.jpg;https://ei.phncdn.com/videos/202509/22/23596815/original/(m=eaf8GgaaaWavb)(mh=U5DF9jkulOj4GGqE)10.jpg;https://ei.phncdn.com/videos/202509/22/23596815/original/(m=eaf8GgaaaWavb)(mh=U5DF9jkulOj4GGqE)11.jpg;https://ei.phncdn.com/videos/202509/22/23596815/original/(m=eaf8GgaaaWavb)(mh=U5DF9jkulOj4GGqE)12.jpg;https://ei.phncdn.com/videos/202509/22/23596815/original/(m=eaf8GgaaaWavb)(mh=U5DF9jkulOj4GGqE)13.jpg;https://ei.phncdn.com/videos/202509/22/23596815/original/(m=eaf8GgaaaWavb)(mh=U5DF9jkulOj4GGqE)14.jpg;https://ei.phncdn.com/videos/202509/22/23596815/original/(m=eaf8GgaaaWavb)(mh=U5DF9jkulOj4GGqE)15.jpg;https://ei.phncdn.com/videos/202509/22/23596815/original/(m=eaf8GgaaaWavb)(mh=U5DF9jkulOj4GGqE)16.jpg|Martina Oliveira chupando o dildo|dildo;solo|Brazilian;Exclusive;Verified Amateurs;Solo Female||9|38669|1917|103|https://ei.phncdn.com/videos/202509/22/23596815/original/(m=eaAaGwObaaamqv)(mh=tNJUm9Vy1IaOqkwd)12.jpg|https://ei.phncdn.com/videos/202509/22/23596815/original/(m=eaAaGwObaaamqv)(mh=tNJUm9Vy1IaOqkwd)1.jpg;https://ei.phncdn.com/videos/202509/22/23596815/original/(m=eaAaGwObaaamqv)(mh=tNJUm9Vy1IaOqkwd)2.jpg;https://ei.phncdn.com/videos/202509/22/23596815/original/(m=eaAaGwObaaamqv)(mh=tNJUm9Vy1IaOqkwd)3.jpg;https://ei.phncdn.com/videos/202509/22/23596815/original/(m=eaAaGwObaaamqv)(mh=tNJUm9Vy1IaOqkwd)4.jpg;https://ei.phncdn.com/videos/202509/22/23596815/original/(m=eaAaGwObaaamqv)(mh=tNJUm9Vy1IaOqkwd)5.jpg;https://ei.phncdn.com/videos/202509/22/23596815/original/(m=eaAaGwObaaamqv)(mh=tNJUm9Vy1IaOqkwd)6.jpg;https://ei.phncdn.com/videos/202509/22/23596815/original/(m=eaAaGwObaaamqv)(mh=tNJUm9Vy1IaOqkwd)7.jpg;https://ei.phncdn.com/videos/202509/22/23596815/original/(m=eaAaGwObaaamqv)(mh=tNJUm9Vy1IaOqkwd)8.jpg;https://ei.phncdn.com/videos/202509/22/23596815/original/(m=eaAaGwObaaamqv)(mh=tNJUm9Vy1IaOqkwd)9.jpg;https://ei.phncdn.com/videos/202509/22/23596815/original/(m=eaAaGwObaaamqv)(mh=tNJUm9Vy1IaOqkwd)10.jpg;https://ei.phncdn.com/videos/202509/22/23596815/original/(m=eaAaGwObaaamqv)(mh=tNJUm9Vy1IaOqkwd)11.jpg;https://ei.phncdn.com/videos/202509/22/23596815/original/(m=eaAaGwObaaamqv)(mh=tNJUm9Vy1IaOqkwd)12.jpg;https://ei.phncdn.com/videos/202509/22/23596815/original/(m=eaAaGwObaaamqv)(mh=tNJUm9Vy1IaOqkwd)13.jpg;https://ei.phncdn.com/videos/202509/22/23596815/original/(m=eaAaGwObaaamqv)(mh=tNJUm9Vy1IaOqkwd)14.jpg;https://ei.phncdn.com/videos/202509/22/23596815/original/(m=eaAaGwObaaamqv)(mh=tNJUm9Vy1IaOqkwd)15.jpg;https://ei.phncdn.com/videos/202509/22/23596815/original/(m=eaAaGwObaaamqv)(mh=tNJUm9Vy1IaOqkwd)16.jpg
<iframe src="https://www.pornhub.com/embed/69020dda5d8b8" frameborder="0" height="481" width="608" scrolling="no"></iframe>|https://ei.phncdn.com/videos/202510/29/27925120/original/(m=eaf8GgaaaWavb)(mh=8zh0ssSkKM0WtFSe)12.jpg|https://ei.phncdn.com/videos/202510/29/27925120/original/(m=eaf8GgaaaWavb)(mh=8zh0ssSkKM0WtFSe)1.jpg;https://ei.phncdn.com/videos/202510/29/27925120/original/(m=eaf8GgaaaWavb)(mh=8zh0ssSkKM0WtFSe)2.jpg;https://ei.phncdn.com/videos/202510/29/27925120/original/(m=eaf8GgaaaWavb)(mh=8zh0ssSkKM0WtFSe)3.jpg;https://ei.phncdn.com/videos/202510/29/27925120/original/(m=eaf8GgaaaWavb)(mh=8zh0ssSkKM0WtFSe)4.jpg;https://ei.phncdn.com/videos/202510/29/27925120/original/(m=eaf8GgaaaWavb)(mh=8zh0ssSkKM0WtFSe)5.jpg;https://ei.phncdn.com/videos/202510/29/27925120/original/(m=eaf8GgaaaWavb)(mh=8zh0ssSkKM0WtFSe)6.jpg;https://ei.phncdn.com/videos/202510/29/27925120/original/(m=eaf8GgaaaWavb)(mh=8zh0ssSkKM0WtFSe)7.jpg;https://ei.phncdn.com/videos/202510/29/27925120/original/(m=eaf8GgaaaWavb)(mh=8zh0ssSkKM0WtFSe)8.jpg;https://ei.phncdn.com/videos/202510/29/27925120/original/(m=eaf8GgaaaWavb)(mh=8zh0ssSkKM0WtFSe)9.jpg;https://ei.phncdn.com/videos/202510/29/27925120/original/(m=eaf8GgaaaWavb)(mh=8zh0ssSkKM0WtFSe)10.jpg;https://ei.phncdn.com/videos/202510/29/27925120/original/(m=eaf8GgaaaWavb)(mh=8zh0ssSkKM0WtFSe)11.jpg;https://ei.phncdn.com/videos/202510/29/27925120/original/(m=eaf8GgaaaWavb)(mh=8zh0ssSkKM0WtFSe)12.jpg;https://ei.phncdn.com/videos/202510/29/27925120/original/(m=eaf8GgaaaWavb)(mh=8zh0ssSkKM0WtFSe)13.jpg;https://ei.phncdn.com/videos/202510/29/27925120/original/(m=eaf8GgaaaWavb)(mh=8zh0ssSkKM0WtFSe)14.jpg;https://ei.phncdn.com/videos/202510/29/27925120/original/(m=eaf8GgaaaWavb)(mh=8zh0ssSkKM0WtFSe)15.jpg;https://ei.phncdn.com/videos/202510/29/27925120/original/(m=eaf8GgaaaWavb)(mh=8zh0ssSkKM0WtFSe)16.jpg|Fingers crossed|feet;shortie|Brazilian;Exclusive;Verified Amateurs;Behind The Scenes;Solo Female||13|180|1|0|https://ei.phncdn.com/videos/202510/29/27925120/original/(m=eaAaGwObaaamqv)(mh=EQMOACd5-rvrBpcY)12.jpg|https://ei.phncdn.com/videos/202510/29/27925120/original/(m=eaAaGwObaaamqv)(mh=EQMOACd5-rvrBpcY)1.jpg;https://ei.phncdn.com/videos/202510/29/27925120/original/(m=eaAaGwObaaamqv)(mh=EQMOACd5-rvrBpcY)2.jpg;https://ei.phncdn.com/videos/202510/29/27925120/original/(m=eaAaGwObaaamqv)(mh=EQMOACd5-rvrBpcY)3.jpg;https://ei.phncdn.com/videos/202510/29/27925120/original/(m=eaAaGwObaaamqv)(mh=EQMOACd5-rvrBpcY)4.jpg;https://ei.phncdn.com/videos/202510/29/27925120/original/(m=eaAaGwObaaamqv)(mh=EQMOACd5-rvrBpcY)5.jpg;https://ei.phncdn.com/videos/202510/29/27925120/original/(m=eaAaGwObaaamqv)(mh=EQMOACd5-rvrBpcY)6.jpg;https://ei.phncdn.com/videos/202510/29/27925120/original/(m=eaAaGwObaaamqv)(mh=EQMOACd5-rvrBpcY)7.jpg;https://ei.phncdn.com/videos/202510/29/27925120/original/(m=eaAaGwObaaamqv)(mh=EQMOACd5-rvrBpcY)8.jpg;https://ei.phncdn.com/videos/202510/29/27925120/original/(m=eaAaGwObaaamqv)(mh=EQMOACd5-rvrBpcY)9.jpg;https://ei.phncdn.com/videos/202510/29/27925120/original/(m=eaAaGwObaaamqv)(mh=EQMOACd5-rvrBpcY)10.jpg;https://ei.phncdn.com/videos/202510/29/27925120/original/(m=eaAaGwObaaamqv)(mh=EQMOACd5-rvrBpcY)11.jpg;https://ei.phncdn.com/videos/202510/29/27925120/original/(m=eaAaGwObaaamqv)(mh=EQMOACd5-rvrBpcY)12.jpg;https://ei.phncdn.com/videos/202510/29/27925120/original/(m=eaAaGwObaaamqv)(mh=EQMOACd5-rvrBpcY)13.jpg;https://ei.phncdn.com/videos/202510/29/27925120/original/(m=eaAaGwObaaamqv)(mh=EQMOACd5-rvrBpcY)14.jpg;https://ei.phncdn.com/videos/202510/29/27925120/original/(m=eaAaGwObaaamqv)(mh=EQMOACd5-rvrBpcY)15.jpg;https://ei.phncdn.com/videos/202510/29/27925120/original/(m=eaAaGwObaaamqv)(mh=EQMOACd5-rvrBpcY)16.jpg
<iframe src="https://www.pornhub.com/embed/69055c33c16e3" frameborder="0" height="481" width="608" scrolling="no"></iframe>|https://ei.phncdn.com/videos/202511/01/28268725/original/(m=eaf8GgaaaWavb)(mh=1uc2Fj4VN8MkHYLS)16.jpg|https://ei.phncdn.com/videos/202511/01/28268725/original/(m=eaf8GgaaaWavb)(mh=1uc2Fj4VN8MkHYLS)1.jpg;https://ei.phncdn.com/videos/202511/01/28268725/original/(m=eaf8GgaaaWavb)(mh=1uc2Fj4VN8MkHYLS)2.jpg;https://ei.phncdn.com/videos/202511/01/28268725/original/(m=eaf8GgaaaWavb)(mh=1uc2Fj4VN8MkHYLS)3.jpg;https://ei.phncdn.com/videos/202511/01/28268725/original/(m=eaf8GgaaaWavb)(mh=1uc2Fj4VN8MkHYLS)4.jpg;https://ei.phncdn.com/videos/202511/01/28268725/original/(m=eaf8GgaaaWavb)(mh=1uc2Fj4VN8MkHYLS)5.jpg;https://ei.phncdn.com/videos/202511/01/28268725/original/(m=eaf8GgaaaWavb)(mh=1uc2Fj4VN8MkHYLS)6.jpg;https://ei.phncdn.com/videos/202511/01/28268725/original/(m=eaf8GgaaaWavb)(mh=1uc2Fj4VN8MkHYLS)7.jpg;https://ei.phncdn.com/videos/202511/01/28268725/original/(m=eaf8GgaaaWavb)(mh=1uc2Fj4VN8MkHYLS)8.jpg;https://ei.phncdn.com/videos/202511/01/28268725/original/(m=eaf8GgaaaWavb)(mh=1uc2Fj4VN8MkHYLS)9.jpg;https://ei.phncdn.com/videos/202511/01/28268725/original/(m=eaf8GgaaaWavb)(mh=1uc2Fj4VN8MkHYLS)10.jpg;https://ei.phncdn.com/videos/202511/01/28268725/original/(m=eaf8GgaaaWavb)(mh=1uc2Fj4VN8MkHYLS)11.jpg;https://ei.phncdn.com/videos/202511/01/28268725/original/(m=eaf8GgaaaWavb)(mh=1uc2Fj4VN8MkHYLS)12.jpg;https://ei.phncdn.com/videos/202511/01/28268725/original/(m=eaf8GgaaaWavb)(mh=1uc2Fj4VN8MkHYLS)13.jpg;https://ei.phncdn.com/videos/202511/01/28268725/original/(m=eaf8GgaaaWavb)(mh=1uc2Fj4VN8MkHYLS)14.jpg;https://ei.phncdn.com/videos/202511/01/28268725/original/(m=eaf8GgaaaWavb)(mh=1uc2Fj4VN8MkHYLS)15.jpg;https://ei.phncdn.com/videos/202511/01/28268725/original/(m=eaf8GgaaaWavb)(mh=1uc2Fj4VN8MkHYLS)16.jpg|Esposa deixa negao por só a cabecinha sem camisinha no gloryhole!|negao-dotado;negao-comendo-esposa;interracial;interracial-creampie;wife;esposa-infiel;esposa-infiel-real;trio-con-mi-esposa;corno;corno-brasileiro;cuckold;cuckold-creampie;gloryhole;gloryhole-fuck;gloryhole-creampie|Brazilian;Verified Amateurs;Deepthroat||633|86265|208|76|https://ei.phncdn.com/videos/202511/01/28268725/original/(m=eaAaGwObaaamqv)(mh=587TJefpv1bWCICw)16.jpg|https://ei.phncdn.com/videos/202511/01/28268725/original/(m=eaAaGwObaaamqv)(mh=587TJefpv1bWCICw)1.jpg;https://ei.phncdn.com/videos/202511/01/28268725/original/(m=eaAaGwObaaamqv)(mh=587TJefpv1bWCICw)2.jpg;https://ei.phncdn.com/videos/202511/01/28268725/original/(m=eaAaGwObaaamqv)(mh=587TJefpv1bWCICw)3.jpg;https://ei.phncdn.com/videos/202511/01/28268725/original/(m=eaAaGwObaaamqv)(mh=587TJefpv1bWCICw)4.jpg;https://ei.phncdn.com/videos/202511/01/28268725/original/(m=eaAaGwObaaamqv)(mh=587TJefpv1bWCICw)5.jpg;https://ei.phncdn.com/videos/202511/01/28268725/original/(m=eaAaGwObaaamqv)(mh=587TJefpv1bWCICw)6.jpg;https://ei.phncdn.com/videos/202511/01/28268725/original/(m=eaAaGwObaaamqv)(mh=587TJefpv1bWCICw)7.jpg;https://ei.phncdn.com/videos/202511/01/28268725/original/(m=eaAaGwObaaamqv)(mh=587TJefpv1bWCICw)8.jpg;https://ei.phncdn.com/videos/202511/01/28268725/original/(m=eaAaGwObaaamqv)(mh=587TJefpv1bWCICw)9.jpg;https://ei.phncdn.com/videos/202511/01/28268725/original/(m=eaAaGwObaaamqv)(mh=587TJefpv1bWCICw)10.jpg;https://ei.phncdn.com/videos/202511/01/28268725/original/(m=eaAaGwObaaamqv)(mh=587TJefpv1bWCICw)11.jpg;https://ei.phncdn.com/videos/202511/01/28268725/original/(m=eaAaGwObaaamqv)(mh=587TJefpv1bWCICw)12.jpg;https://ei.phncdn.com/videos/202511/01/28268725/original/(m=eaAaGwObaaamqv)(mh=587TJefpv1bWCICw)13.jpg;https://ei.phncdn.com/videos/202511/01/28268725/original/(m=eaAaGwObaaamqv)(mh=587TJefpv1bWCICw)14.jpg;https://ei.phncdn.com/videos/202511/01/28268725/original/(m=eaAaGwObaaamqv)(mh=587TJefpv1bWCICw)15.jpg;https://ei.phncdn.com/videos/202511/01/28268725/original/(m=eaAaGwObaaamqv)(mh=587TJefpv1bWCICw)16.jpg
<iframe src="https://www.pornhub.com/embed/690929b192135" frameborder="0" height="481" width="608" scrolling="no"></iframe>|https://ei.phncdn.com/videos/202511/03/28565645/original/(m=eaf8GgaaaWavb)(mh=jQgXJnbtSNJrATLg)1.jpg|https://ei.phncdn.com/videos/202511/03/28565645/original/(m=eaf8GgaaaWavb)(mh=jQgXJnbtSNJrATLg)1.jpg;https://ei.phncdn.com/videos/202511/03/28565645/original/(m=eaf8GgaaaWavb)(mh=jQgXJnbtSNJrATLg)2.jpg;https://ei.phncdn.com/videos/202511/03/28565645/original/(m=eaf8GgaaaWavb)(mh=jQgXJnbtSNJrATLg)3.jpg;https://ei.phncdn.com/videos/202511/03/28565645/original/(m=eaf8GgaaaWavb)(mh=jQgXJnbtSNJrATLg)4.jpg;https://ei.phncdn.com/videos/202511/03/28565645/original/(m=eaf8GgaaaWavb)(mh=jQgXJnbtSNJrATLg)5.jpg;https://ei.phncdn.com/videos/202511/03/28565645/original/(m=eaf8GgaaaWavb)(mh=jQgXJnbtSNJrATLg)6.jpg;https://ei.phncdn.com/videos/202511/03/28565645/original/(m=eaf8GgaaaWavb)(mh=jQgXJnbtSNJrATLg)7.jpg;https://ei.phncdn.com/videos/202511/03/28565645/original/(m=eaf8GgaaaWavb)(mh=jQgXJnbtSNJrATLg)8.jpg;https://ei.phncdn.com/videos/202511/03/28565645/original/(m=eaf8GgaaaWavb)(mh=jQgXJnbtSNJrATLg)9.jpg;https://ei.phncdn.com/videos/202511/03/28565645/original/(m=eaf8GgaaaWavb)(mh=jQgXJnbtSNJrATLg)10.jpg;https://ei.phncdn.com/videos/202511/03/28565645/original/(m=eaf8GgaaaWavb)(mh=jQgXJnbtSNJrATLg)11.jpg;https://ei.phncdn.com/videos/202511/03/28565645/original/(m=eaf8GgaaaWavb)(mh=jQgXJnbtSNJrATLg)12.jpg;https://ei.phncdn.com/videos/202511/03/28565645/original/(m=eaf8GgaaaWavb)(mh=jQgXJnbtSNJrATLg)13.jpg;https://ei.phncdn.com/videos/202511/03/28565645/original/(m=eaf8GgaaaWavb)(mh=jQgXJnbtSNJrATLg)14.jpg;https://ei.phncdn.com/videos/202511/03/28565645/original/(m=eaf8GgaaaWavb)(mh=jQgXJnbtSNJrATLg)15.jpg;https://ei.phncdn.com/videos/202511/03/28565645/original/(m=eaf8GgaaaWavb)(mh=jQgXJnbtSNJrATLg)16.jpg|Esposa de aluguel! Pague, fode, goze e vá embora.|wife;gloryhole;gloryhole-fuck;gloryhole-wife;troie-italiane;cuckold-creampie;cuckold-humilation|Brazilian;Verified Amateurs;Cuckold||751|2625|13|0|https://ei.phncdn.com/videos/202511/03/28565645/original/(m=eaAaGwObaaamqv)(mh=UX42JyAaZw1HI0pt)1.jpg|https://ei.phncdn.com/videos/202511/03/28565645/original/(m=eaAaGwObaaamqv)(mh=UX42JyAaZw1HI0pt)1.jpg;https://ei.phncdn.com/videos/202511/03/28565645/original/(m=eaAaGwObaaamqv)(mh=UX42JyAaZw1HI0pt)2.jpg;https://ei.phncdn.com/videos/202511/03/28565645/original/(m=eaAaGwObaaamqv)(mh=UX42JyAaZw1HI0pt)3.jpg;https://ei.phncdn.com/videos/202511/03/28565645/original/(m=eaAaGwObaaamqv)(mh=UX42JyAaZw1HI0pt)4.jpg;https://ei.phncdn.com/videos/202511/03/28565645/original/(m=eaAaGwObaaamqv)(mh=UX42JyAaZw1HI0pt)5.jpg;https://ei.phncdn.com/videos/202511/03/28565645/original/(m=eaAaGwObaaamqv)(mh=UX42JyAaZw1HI0pt)6.jpg;https://ei.phncdn.com/videos/202511/03/28565645/original/(m=eaAaGwObaaamqv)(mh=UX42JyAaZw1HI0pt)7.jpg;https://ei.phncdn.com/videos/202511/03/28565645/original/(m=eaAaGwObaaamqv)(mh=UX42JyAaZw1HI0pt)8.jpg;https://ei.phncdn.com/videos/202511/03/28565645/original/(m=eaAaGwObaaamqv)(mh=UX42JyAaZw1HI0pt)9.jpg;https://ei.phncdn.com/videos/202511/03/28565645/original/(m=eaAaGwObaaamqv)(mh=UX42JyAaZw1HI0pt)10.jpg;https://ei.phncdn.com/videos/202511/03/28565645/original/(m=eaAaGwObaaamqv)(mh=UX42JyAaZw1HI0pt)11.jpg;https://ei.phncdn.com/videos/202511/03/28565645/original/(m=eaAaGwObaaamqv)(mh=UX42JyAaZw1HI0pt)12.jpg;https://ei.phncdn.com/videos/202511/03/28565645/original/(m=eaAaGwObaaamqv)(mh=UX42JyAaZw1HI0pt)13.jpg;https://ei.phncdn.com/videos/202511/03/28565645/original/(m=eaAaGwObaaamqv)(mh=UX42JyAaZw1HI0pt)14.jpg;https://ei.phncdn.com/videos/202511/03/28565645/original/(m=eaAaGwObaaamqv)(mh=UX42JyAaZw1HI0pt)15.jpg;https://ei.phncdn.com/videos/202511/03/28565645/original/(m=eaAaGwObaaamqv)(mh=UX42JyAaZw1HI0pt)16.jpg
<iframe src="https://www.pornhub.com/embed/6909bb3ae9b44" frameborder="0" height="481" width="608" scrolling="no"></iframe>|https://ei.phncdn.com/videos/202511/04/28607065/original/(m=eaf8GgaaaWavb)(mh=3zh7-3s6l-5fU4fM)12.jpg|https://ei.phncdn.com/videos/202511/04/28607065/original/(m=eaf8GgaaaWavb)(mh=3zh7-3s6l-5fU4fM)1.jpg;https://ei.phncdn.com/videos/202511/04/28607065/original/(m=eaf8GgaaaWavb)(mh=3zh7-3s6l-5fU4fM)2.jpg;https://ei.phncdn.com/videos/202511/04/28607065/original/(m=eaf8GgaaaWavb)(mh=3zh7-3s6l-5fU4fM)3.jpg;https://ei.phncdn.com/videos/202511/04/28607065/original/(m=eaf8GgaaaWavb)(mh=3zh7-3s6l-5fU4fM)4.jpg;https://ei.phncdn.com/videos/202511/04/28607065/original/(m=eaf8GgaaaWavb)(mh=3zh7-3s6l-5fU4fM)5.jpg;https://ei.phncdn.com/videos/202511/04/28607065/original/(m=eaf8GgaaaWavb)(mh=3zh7-3s6l-5fU4fM)6.jpg;https://ei.phncdn.com/videos/202511/04/28607065/original/(m=eaf8GgaaaWavb)(mh=3zh7-3s6l-5fU4fM)7.jpg;https://ei.phncdn.com/videos/202511/04/28607065/original/(m=eaf8GgaaaWavb)(mh=3zh7-3s6l-5fU4fM)8.jpg;https://ei.phncdn.com/videos/202511/04/28607065/original/(m=eaf8GgaaaWavb)(mh=3zh7-3s6l-5fU4fM)9.jpg;https://ei.phncdn.com/videos/202511/04/28607065/original/(m=eaf8GgaaaWavb)(mh=3zh7-3s6l-5fU4fM)10.jpg;https://ei.phncdn.com/videos/202511/04/28607065/original/(m=eaf8GgaaaWavb)(mh=3zh7-3s6l-5fU4fM)11.jpg;https://ei.phncdn.com/videos/202511/04/28607065/original/(m=eaf8GgaaaWavb)(mh=3zh7-3s6l-5fU4fM)12.jpg;https://ei.phncdn.com/videos/202511/04/28607065/original/(m=eaf8GgaaaWavb)(mh=3zh7-3s6l-5fU4fM)13.jpg;https://ei.phncdn.com/videos/202511/04/28607065/original/(m=eaf8GgaaaWavb)(mh=3zh7-3s6l-5fU4fM)14.jpg;https://ei.phncdn.com/videos/202511/04/28607065/original/(m=eaf8GgaaaWavb)(mh=3zh7-3s6l-5fU4fM)15.jpg;https://ei.phncdn.com/videos/202511/04/28607065/original/(m=eaf8GgaaaWavb)(mh=3zh7-3s6l-5fU4fM)16.jpg|Colegial mostra como se faz com seu dildo|dildo;masturbacion|Brazilian;Verified Amateurs;Solo Female;Female Orgasm||314|7227|852|39|https://ei.phncdn.com/videos/202511/04/28607065/original/(m=eaAaGwObaaamqv)(mh=aCuyDU5S1a0gZzxZ)12.jpg|https://ei.phncdn.com/videos/202511/04/28607065/original/(m=eaAaGwObaaamqv)(mh=aCuyDU5S1a0gZzxZ)1.jpg;https://ei.phncdn.com/videos/202511/04/28607065/original/(m=eaAaGwObaaamqv)(mh=aCuyDU5S1a0gZzxZ)2.jpg;https://ei.phncdn.com/videos/202511/04/28607065/original/(m=eaAaGwObaaamqv)(mh=aCuyDU5S1a0gZzxZ)3.jpg;https://ei.phncdn.com/videos/202511/04/28607065/original/(m=eaAaGwObaaamqv)(mh=aCuyDU5S1a0gZzxZ)4.jpg;https://ei.phncdn.com/videos/202511/04/28607065/original/(m=eaAaGwObaaamqv)(mh=aCuyDU5S1a0gZzxZ)5.jpg;https://ei.phncdn.com/videos/202511/04/28607065/original/(m=eaAaGwObaaamqv)(mh=aCuyDU5S1a0gZzxZ)6.jpg;https://ei.phncdn.com/videos/202511/04/28607065/original/(m=eaAaGwObaaamqv)(mh=aCuyDU5S1a0gZzxZ)7.jpg;https://ei.phncdn.com/videos/202511/04/28607065/original/(m=eaAaGwObaaamqv)(mh=aCuyDU5S1a0gZzxZ)8.jpg;https://ei.phncdn.com/videos/202511/04/28607065/original/(m=eaAaGwObaaamqv)(mh=aCuyDU5S1a0gZzxZ)9.jpg;https://ei.phncdn.com/videos/202511/04/28607065/original/(m=eaAaGwObaaamqv)(mh=aCuyDU5S1a0gZzxZ)10.jpg;https://ei.phncdn.com/videos/202511/04/28607065/original/(m=eaAaGwObaaamqv)(mh=aCuyDU5S1a0gZzxZ)11.jpg;https://ei.phncdn.com/videos/202511/04/28607065/original/(m=eaAaGwObaaamqv)(mh=aCuyDU5S1a0gZzxZ)12.jpg;https://ei.phncdn.com/videos/202511/04/28607065/original/(m=eaAaGwObaaamqv)(mh=aCuyDU5S1a0gZzxZ)13.jpg;https://ei.phncdn.com/videos/202511/04/28607065/original/(m=eaAaGwObaaamqv)(mh=aCuyDU5S1a0gZzxZ)14.jpg;https://ei.phncdn.com/videos/202511/04/28607065/original/(m=eaAaGwObaaamqv)(mh=aCuyDU5S1a0gZzxZ)15.jpg;https://ei.phncdn.com/videos/202511/04/28607065/original/(m=eaAaGwObaaamqv)(mh=aCuyDU5S1a0gZzxZ)16.jpg
<iframe src="https://www.pornhub.com/embed/6925dd95e9119" frameborder="0" height="481" width="608" scrolling="no"></iframe>|https://ei.phncdn.com/videos/202511/25/30826765/original/(m=eaf8GgaaaWavb)(mh=hb68d4xg5rLsr8Os)12.jpg|https://ei.phncdn.com/videos/202511/25/30826765/original/(m=eaf8GgaaaWavb)(mh=hb68d4xg5rLsr8Os)1.jpg;https://ei.phncdn.com/videos/202511/25/30826765/original/(m=eaf8GgaaaWavb)(mh=hb68d4xg5rLsr8Os)2.jpg;https://ei.phncdn.com/videos/202511/25/30826765/original/(m=eaf8GgaaaWavb)(mh=hb68d4xg5rLsr8Os)3.jpg;https://ei.phncdn.com/videos/202511/25/30826765/original/(m=eaf8GgaaaWavb)(mh=hb68d4xg5rLsr8Os)4.jpg;https://ei.phncdn.com/videos/202511/25/30826765/original/(m=eaf8GgaaaWavb)(mh=hb68d4xg5rLsr8Os)5.jpg;https://ei.phncdn.com/videos/202511/25/30826765/original/(m=eaf8GgaaaWavb)(mh=hb68d4xg5rLsr8Os)6.jpg;https://ei.phncdn.com/videos/202511/25/30826765/original/(m=eaf8GgaaaWavb)(mh=hb68d4xg5rLsr8Os)7.jpg;https://ei.phncdn.com/videos/202511/25/30826765/original/(m=eaf8GgaaaWavb)(mh=hb68d4xg5rLsr8Os)8.jpg;https://ei.phncdn.com/videos/202511/25/30826765/original/(m=eaf8GgaaaWavb)(mh=hb68d4xg5rLsr8Os)9.jpg;https://ei.phncdn.com/videos/202511/25/30826765/original/(m=eaf8GgaaaWavb)(mh=hb68d4xg5rLsr8Os)10.jpg;https://ei.phncdn.com/videos/202511/25/30826765/original/(m=eaf8GgaaaWavb)(mh=hb68d4xg5rLsr8Os)11.jpg;https://ei.phncdn.com/videos/202511/25/30826765/original/(m=eaf8GgaaaWavb)(mh=hb68d4xg5rLsr8Os)12.jpg;https://ei.phncdn.com/videos/202511/25/30826765/original/(m=eaf8GgaaaWavb)(mh=hb68d4xg5rLsr8Os)13.jpg;https://ei.phncdn.com/videos/202511/25/30826765/original/(m=eaf8GgaaaWavb)(mh=hb68d4xg5rLsr8Os)14.jpg;https://ei.phncdn.com/videos/202511/25/30826765/original/(m=eaf8GgaaaWavb)(mh=hb68d4xg5rLsr8Os)15.jpg;https://ei.phncdn.com/videos/202511/25/30826765/original/(m=eaf8GgaaaWavb)(mh=hb68d4xg5rLsr8Os)16.jpg|Vocês precisam testar isso|brasil;small-tits|Brazilian;Exclusive;Verified Amateurs;Solo Female;Tattooed Women||36|12390|1040|94|https://ei.phncdn.com/videos/202511/25/30826765/original/(m=eaAaGwObaaamqv)(mh=KrFQ06IstaIqKJVl)12.jpg|https://ei.phncdn.com/videos/202511/25/30826765/original/(m=eaAaGwObaaamqv)(mh=KrFQ06IstaIqKJVl)1.jpg;https://ei.phncdn.com/videos/202511/25/30826765/original/(m=eaAaGwObaaamqv)(mh=KrFQ06IstaIqKJVl)2.jpg;https://ei.phncdn.com/videos/202511/25/30826765/original/(m=eaAaGwObaaamqv)(mh=KrFQ06IstaIqKJVl)3.jpg;https://ei.phncdn.com/videos/202511/25/30826765/original/(m=eaAaGwObaaamqv)(mh=KrFQ06IstaIqKJVl)4.jpg;https://ei.phncdn.com/videos/202511/25/30826765/original/(m=eaAaGwObaaamqv)(mh=KrFQ06IstaIqKJVl)5.jpg;https://ei.phncdn.com/videos/202511/25/30826765/original/(m=eaAaGwObaaamqv)(mh=KrFQ06IstaIqKJVl)6.jpg;https://ei.phncdn.com/videos/202511/25/30826765/original/(m=eaAaGwObaaamqv)(mh=KrFQ06IstaIqKJVl)7.jpg;https://ei.phncdn.com/videos/202511/25/30826765/original/(m=eaAaGwObaaamqv)(mh=KrFQ06IstaIqKJVl)8.jpg;https://ei.phncdn.com/videos/202511/25/30826765/original/(m=eaAaGwObaaamqv)(mh=KrFQ06IstaIqKJVl)9.jpg;https://ei.phncdn.com/videos/202511/25/30826765/original/(m=eaAaGwObaaamqv)(mh=KrFQ06IstaIqKJVl)10.jpg;https://ei.phncdn.com/videos/202511/25/30826765/original/(m=eaAaGwObaaamqv)(mh=KrFQ06IstaIqKJVl)11.jpg;https://ei.phncdn.com/videos/202511/25/30826765/original/(m=eaAaGwObaaamqv)(mh=KrFQ06IstaIqKJVl)12.jpg;https://ei.phncdn.com/videos/202511/25/30826765/original/(m=eaAaGwObaaamqv)(mh=KrFQ06IstaIqKJVl)13.jpg;https://ei.phncdn.com/videos/202511/25/30826765/original/(m=eaAaGwObaaamqv)(mh=KrFQ06IstaIqKJVl)14.jpg;https://ei.phncdn.com/videos/202511/25/30826765/original/(m=eaAaGwObaaamqv)(mh=KrFQ06IstaIqKJVl)15.jpg;https://ei.phncdn.com/videos/202511/25/30826765/original/(m=eaAaGwObaaamqv)(mh=KrFQ06IstaIqKJVl)16.jpg
<iframe src="https://www.pornhub.com/embed/696c1a4f92b50" frameborder="0" height="481" width="608" scrolling="no"></iframe>|https://ei.phncdn.com/videos/202601/17/36413545/original/(m=eaf8GgaaaWavb)(mh=s47LH8g7ApBEIAXL)16.jpg|https://ei.phncdn.com/videos/202601/17/36413545/original/(m=eaf8GgaaaWavb)(mh=s47LH8g7ApBEIAXL)1.jpg;https://ei.phncdn.com/videos/202601/17/36413545/original/(m=eaf8GgaaaWavb)(mh=s47LH8g7ApBEIAXL)2.jpg;https://ei.phncdn.com/videos/202601/17/36413545/original/(m=eaf8GgaaaWavb)(mh=s47LH8g7ApBEIAXL)3.jpg;https://ei.phncdn.com/videos/202601/17/36413545/original/(m=eaf8GgaaaWavb)(mh=s47LH8g7ApBEIAXL)4.jpg;https://ei.phncdn.com/videos/202601/17/36413545/original/(m=eaf8GgaaaWavb)(mh=s47LH8g7ApBEIAXL)5.jpg;https://ei.phncdn.com/videos/202601/17/36413545/original/(m=eaf8GgaaaWavb)(mh=s47LH8g7ApBEIAXL)6.jpg;https://ei.phncdn.com/videos/202601/17/36413545/original/(m=eaf8GgaaaWavb)(mh=s47LH8g7ApBEIAXL)7.jpg;https://ei.phncdn.com/videos/202601/17/36413545/original/(m=eaf8GgaaaWavb)(mh=s47LH8g7ApBEIAXL)8.jpg;https://ei.phncdn.com/videos/202601/17/36413545/original/(m=eaf8GgaaaWavb)(mh=s47LH8g7ApBEIAXL)9.jpg;https://ei.phncdn.com/videos/202601/17/36413545/original/(m=eaf8GgaaaWavb)(mh=s47LH8g7ApBEIAXL)10.jpg;https://ei.phncdn.com/videos/202601/17/36413545/original/(m=eaf8GgaaaWavb)(mh=s47LH8g7ApBEIAXL)11.jpg;https://ei.phncdn.com/videos/202601/17/36413545/original/(m=eaf8GgaaaWavb)(mh=s47LH8g7ApBEIAXL)12.jpg;https://ei.phncdn.com/videos/202601/17/36413545/original/(m=eaf8GgaaaWavb)(mh=s47LH8g7ApBEIAXL)13.jpg;https://ei.phncdn.com/videos/202601/17/36413545/original/(m=eaf8GgaaaWavb)(mh=s47LH8g7ApBEIAXL)14.jpg;https://ei.phncdn.com/videos/202601/17/36413545/original/(m=eaf8GgaaaWavb)(mh=s47LH8g7ApBEIAXL)15.jpg;https://ei.phncdn.com/videos/202601/17/36413545/original/(m=eaf8GgaaaWavb)(mh=s47LH8g7ApBEIAXL)16.jpg|Moaning orgasm|big-ass;latina;culona;brazilian|Brazilian;Exclusive;Verified Amateurs;Female Orgasm||347|4339|20|2|https://ei.phncdn.com/videos/202601/17/36413545/original/(m=eaAaGwObaaamqv)(mh=4tZLlRj8jDp-hr-R)16.jpg|https://ei.phncdn.com/videos/202601/17/36413545/original/(m=eaAaGwObaaamqv)(mh=4tZLlRj8jDp-hr-R)1.jpg;https://ei.phncdn.com/videos/202601/17/36413545/original/(m=eaAaGwObaaamqv)(mh=4tZLlRj8jDp-hr-R)2.jpg;https://ei.phncdn.com/videos/202601/17/36413545/original/(m=eaAaGwObaaamqv)(mh=4tZLlRj8jDp-hr-R)3.jpg;https://ei.phncdn.com/videos/202601/17/36413545/original/(m=eaAaGwObaaamqv)(mh=4tZLlRj8jDp-hr-R)4.jpg;https://ei.phncdn.com/videos/202601/17/36413545/original/(m=eaAaGwObaaamqv)(mh=4tZLlRj8jDp-hr-R)5.jpg;https://ei.phncdn.com/videos/202601/17/36413545/original/(m=eaAaGwObaaamqv)(mh=4tZLlRj8jDp-hr-R)6.jpg;https://ei.phncdn.com/videos/202601/17/36413545/original/(m=eaAaGwObaaamqv)(mh=4tZLlRj8jDp-hr-R)7.jpg;https://ei.phncdn.com/videos/202601/17/36413545/original/(m=eaAaGwObaaamqv)(mh=4tZLlRj8jDp-hr-R)8.jpg;https://ei.phncdn.com/videos/202601/17/36413545/original/(m=eaAaGwObaaamqv)(mh=4tZLlRj8jDp-hr-R)9.jpg;https://ei.phncdn.com/videos/202601/17/36413545/original/(m=eaAaGwObaaamqv)(mh=4tZLlRj8jDp-hr-R)10.jpg;https://ei.phncdn.com/videos/202601/17/36413545/original/(m=eaAaGwObaaamqv)(mh=4tZLlRj8jDp-hr-R)11.jpg;https://ei.phncdn.com/videos/202601/17/36413545/original/(m=eaAaGwObaaamqv)(mh=4tZLlRj8jDp-hr-R)12.jpg;https://ei.phncdn.com/videos/202601/17/36413545/original/(m=eaAaGwObaaamqv)(mh=4tZLlRj8jDp-hr-R)13.jpg;https://ei.phncdn.com/videos/202601/17/36413545/original/(m=eaAaGwObaaamqv)(mh=4tZLlRj8jDp-hr-R)14.jpg;https://ei.phncdn.com/videos/202601/17/36413545/original/(m=eaAaGwObaaamqv)(mh=4tZLlRj8jDp-hr-R)15.jpg;https://ei.phncdn.com/videos/202601/17/36413545/original/(m=eaAaGwObaaamqv)(mh=4tZLlRj8jDp-hr-R)16.jpg
<iframe src="https://www.pornhub.com/embed/6986a5c205de6" frameborder="0" height="481" width="608" scrolling="no"></iframe>|https://ei.phncdn.com/videos/202602/07/38614985/original/(m=eaf8GgaaaWavb)(mh=QPNSFod2xMOwc0OD)11.jpg|https://ei.phncdn.com/videos/202602/07/38614985/original/(m=eaf8GgaaaWavb)(mh=QPNSFod2xMOwc0OD)1.jpg;https://ei.phncdn.com/videos/202602/07/38614985/original/(m=eaf8GgaaaWavb)(mh=QPNSFod2xMOwc0OD)2.jpg;https://ei.phncdn.com/videos/202602/07/38614985/original/(m=eaf8GgaaaWavb)(mh=QPNSFod2xMOwc0OD)3.jpg;https://ei.phncdn.com/videos/202602/07/38614985/original/(m=eaf8GgaaaWavb)(mh=QPNSFod2xMOwc0OD)4.jpg;https://ei.phncdn.com/videos/202602/07/38614985/original/(m=eaf8GgaaaWavb)(mh=QPNSFod2xMOwc0OD)5.jpg;https://ei.phncdn.com/videos/202602/07/38614985/original/(m=eaf8GgaaaWavb)(mh=QPNSFod2xMOwc0OD)6.jpg;https://ei.phncdn.com/videos/202602/07/38614985/original/(m=eaf8GgaaaWavb)(mh=QPNSFod2xMOwc0OD)7.jpg;https://ei.phncdn.com/videos/202602/07/38614985/original/(m=eaf8GgaaaWavb)(mh=QPNSFod2xMOwc0OD)8.jpg;https://ei.phncdn.com/videos/202602/07/38614985/original/(m=eaf8GgaaaWavb)(mh=QPNSFod2xMOwc0OD)9.jpg;https://ei.phncdn.com/videos/202602/07/38614985/original/(m=eaf8GgaaaWavb)(mh=QPNSFod2xMOwc0OD)10.jpg;https://ei.phncdn.com/videos/202602/07/38614985/original/(m=eaf8GgaaaWavb)(mh=QPNSFod2xMOwc0OD)11.jpg;https://ei.phncdn.com/videos/202602/07/38614985/original/(m=eaf8GgaaaWavb)(mh=QPNSFod2xMOwc0OD)12.jpg;https://ei.phncdn.com/videos/202602/07/38614985/original/(m=eaf8GgaaaWavb)(mh=QPNSFod2xMOwc0OD)13.jpg;https://ei.phncdn.com/videos/202602/07/38614985/original/(m=eaf8GgaaaWavb)(mh=QPNSFod2xMOwc0OD)14.jpg;https://ei.phncdn.com/videos/202602/07/38614985/original/(m=eaf8GgaaaWavb)(mh=QPNSFod2xMOwc0OD)15.jpg;https://ei.phncdn.com/videos/202602/07/38614985/original/(m=eaf8GgaaaWavb)(mh=QPNSFod2xMOwc0OD)16.jpg|Look inside my ass.  A speculum isn't just for medical exams!|anal-speculum;anal;anal-milf|Brazilian;Exclusive;Verified Amateurs;Solo Female||128|1149|11|2|https://ei.phncdn.com/videos/202602/07/38614985/original/(m=eaAaGwObaaamqv)(mh=lr_7uAgw93h8Xuf5)11.jpg|https://ei.phncdn.com/videos/202602/07/38614985/original/(m=eaAaGwObaaamqv)(mh=lr_7uAgw93h8Xuf5)1.jpg;https://ei.phncdn.com/videos/202602/07/38614985/original/(m=eaAaGwObaaamqv)(mh=lr_7uAgw93h8Xuf5)2.jpg;https://ei.phncdn.com/videos/202602/07/38614985/original/(m=eaAaGwObaaamqv)(mh=lr_7uAgw93h8Xuf5)3.jpg;https://ei.phncdn.com/videos/202602/07/38614985/original/(m=eaAaGwObaaamqv)(mh=lr_7uAgw93h8Xuf5)4.jpg;https://ei.phncdn.com/videos/202602/07/38614985/original/(m=eaAaGwObaaamqv)(mh=lr_7uAgw93h8Xuf5)5.jpg;https://ei.phncdn.com/videos/202602/07/38614985/original/(m=eaAaGwObaaamqv)(mh=lr_7uAgw93h8Xuf5)6.jpg;https://ei.phncdn.com/videos/202602/07/38614985/original/(m=eaAaGwObaaamqv)(mh=lr_7uAgw93h8Xuf5)7.jpg;https://ei.phncdn.com/videos/202602/07/38614985/original/(m=eaAaGwObaaamqv)(mh=lr_7uAgw93h8Xuf5)8.jpg;https://ei.phncdn.com/videos/202602/07/38614985/original/(m=eaAaGwObaaamqv)(mh=lr_7uAgw93h8Xuf5)9.jpg;https://ei.phncdn.com/videos/202602/07/38614985/original/(m=eaAaGwObaaamqv)(mh=lr_7uAgw93h8Xuf5)10.jpg;https://ei.phncdn.com/videos/202602/07/38614985/original/(m=eaAaGwObaaamqv)(mh=lr_7uAgw93h8Xuf5)11.jpg;https://ei.phncdn.com/videos/202602/07/38614985/original/(m=eaAaGwObaaamqv)(mh=lr_7uAgw93h8Xuf5)12.jpg;https://ei.phncdn.com/videos/202602/07/38614985/original/(m=eaAaGwObaaamqv)(mh=lr_7uAgw93h8Xuf5)13.jpg;https://ei.phncdn.com/videos/202602/07/38614985/original/(m=eaAaGwObaaamqv)(mh=lr_7uAgw93h8Xuf5)14.jpg;https://ei.phncdn.com/videos/202602/07/38614985/original/(m=eaAaGwObaaamqv)(mh=lr_7uAgw93h8Xuf5)15.jpg;https://ei.phncdn.com/videos/202602/07/38614985/original/(m=eaAaGwObaaamqv)(mh=lr_7uAgw93h8Xuf5)16.jpg
<iframe src="https://www.pornhub.com/embed/6986a736b0e94" frameborder="0" height="481" width="608" scrolling="no"></iframe>|https://ei.phncdn.com/videos/202602/07/38615205/original/(m=eaf8GgaaaWavb)(mh=ZUxK93RPNWlLHEpf)12.jpg|https://ei.phncdn.com/videos/202602/07/38615205/original/(m=eaf8GgaaaWavb)(mh=ZUxK93RPNWlLHEpf)1.jpg;https://ei.phncdn.com/videos/202602/07/38615205/original/(m=eaf8GgaaaWavb)(mh=ZUxK93RPNWlLHEpf)2.jpg;https://ei.phncdn.com/videos/202602/07/38615205/original/(m=eaf8GgaaaWavb)(mh=ZUxK93RPNWlLHEpf)3.jpg;https://ei.phncdn.com/videos/202602/07/38615205/original/(m=eaf8GgaaaWavb)(mh=ZUxK93RPNWlLHEpf)4.jpg;https://ei.phncdn.com/videos/202602/07/38615205/original/(m=eaf8GgaaaWavb)(mh=ZUxK93RPNWlLHEpf)5.jpg;https://ei.phncdn.com/videos/202602/07/38615205/original/(m=eaf8GgaaaWavb)(mh=ZUxK93RPNWlLHEpf)6.jpg;https://ei.phncdn.com/videos/202602/07/38615205/original/(m=eaf8GgaaaWavb)(mh=ZUxK93RPNWlLHEpf)7.jpg;https://ei.phncdn.com/videos/202602/07/38615205/original/(m=eaf8GgaaaWavb)(mh=ZUxK93RPNWlLHEpf)8.jpg;https://ei.phncdn.com/videos/202602/07/38615205/original/(m=eaf8GgaaaWavb)(mh=ZUxK93RPNWlLHEpf)9.jpg;https://ei.phncdn.com/videos/202602/07/38615205/original/(m=eaf8GgaaaWavb)(mh=ZUxK93RPNWlLHEpf)10.jpg;https://ei.phncdn.com/videos/202602/07/38615205/original/(m=eaf8GgaaaWavb)(mh=ZUxK93RPNWlLHEpf)11.jpg;https://ei.phncdn.com/videos/202602/07/38615205/original/(m=eaf8GgaaaWavb)(mh=ZUxK93RPNWlLHEpf)12.jpg;https://ei.phncdn.com/videos/202602/07/38615205/original/(m=eaf8GgaaaWavb)(mh=ZUxK93RPNWlLHEpf)13.jpg;https://ei.phncdn.com/videos/202602/07/38615205/original/(m=eaf8GgaaaWavb)(mh=ZUxK93RPNWlLHEpf)14.jpg;https://ei.phncdn.com/videos/202602/07/38615205/original/(m=eaf8GgaaaWavb)(mh=ZUxK93RPNWlLHEpf)15.jpg;https://ei.phncdn.com/videos/202602/07/38615205/original/(m=eaf8GgaaaWavb)(mh=ZUxK93RPNWlLHEpf)16.jpg|You can see that I'm equipped with a reverse light.|anal;anal-plug;funny-anal|Brazilian;Exclusive;Verified Amateurs;Solo Female||121|105|1|0|https://ei.phncdn.com/videos/202602/07/38615205/original/(m=eaAaGwObaaamqv)(mh=A10MyuYGqGfqsMY9)12.jpg|https://ei.phncdn.com/videos/202602/07/38615205/original/(m=eaAaGwObaaamqv)(mh=A10MyuYGqGfqsMY9)1.jpg;https://ei.phncdn.com/videos/202602/07/38615205/original/(m=eaAaGwObaaamqv)(mh=A10MyuYGqGfqsMY9)2.jpg;https://ei.phncdn.com/videos/202602/07/38615205/original/(m=eaAaGwObaaamqv)(mh=A10MyuYGqGfqsMY9)3.jpg;https://ei.phncdn.com/videos/202602/07/38615205/original/(m=eaAaGwObaaamqv)(mh=A10MyuYGqGfqsMY9)4.jpg;https://ei.phncdn.com/videos/202602/07/38615205/original/(m=eaAaGwObaaamqv)(mh=A10MyuYGqGfqsMY9)5.jpg;https://ei.phncdn.com/videos/202602/07/38615205/original/(m=eaAaGwObaaamqv)(mh=A10MyuYGqGfqsMY9)6.jpg;https://ei.phncdn.com/videos/202602/07/38615205/original/(m=eaAaGwObaaamqv)(mh=A10MyuYGqGfqsMY9)7.jpg;https://ei.phncdn.com/videos/202602/07/38615205/original/(m=eaAaGwObaaamqv)(mh=A10MyuYGqGfqsMY9)8.jpg;https://ei.phncdn.com/videos/202602/07/38615205/original/(m=eaAaGwObaaamqv)(mh=A10MyuYGqGfqsMY9)9.jpg;https://ei.phncdn.com/videos/202602/07/38615205/original/(m=eaAaGwObaaamqv)(mh=A10MyuYGqGfqsMY9)10.jpg;https://ei.phncdn.com/videos/202602/07/38615205/original/(m=eaAaGwObaaamqv)(mh=A10MyuYGqGfqsMY9)11.jpg;https://ei.phncdn.com/videos/202602/07/38615205/original/(m=eaAaGwObaaamqv)(mh=A10MyuYGqGfqsMY9)12.jpg;https://ei.phncdn.com/videos/202602/07/38615205/original/(m=eaAaGwObaaamqv)(mh=A10MyuYGqGfqsMY9)13.jpg;https://ei.phncdn.com/videos/202602/07/38615205/original/(m=eaAaGwObaaamqv)(mh=A10MyuYGqGfqsMY9)14.jpg;https://ei.phncdn.com/videos/202602/07/38615205/original/(m=eaAaGwObaaamqv)(mh=A10MyuYGqGfqsMY9)15.jpg;https://ei.phncdn.com/videos/202602/07/38615205/original/(m=eaAaGwObaaamqv)(mh=A10MyuYGqGfqsMY9)16.jpg
<iframe src="https://www.pornhub.com/embed/69968ff1d219b" frameborder="0" height="481" width="608" scrolling="no"></iframe>|https://ei.phncdn.com/videos/202602/19/39774845/original/(m=eaf8GgaaaWavb)(mh=7IxH2CFp_4zvLAvz)12.jpg|https://ei.phncdn.com/videos/202602/19/39774845/original/(m=eaf8GgaaaWavb)(mh=7IxH2CFp_4zvLAvz)1.jpg;https://ei.phncdn.com/videos/202602/19/39774845/original/(m=eaf8GgaaaWavb)(mh=7IxH2CFp_4zvLAvz)2.jpg;https://ei.phncdn.com/videos/202602/19/39774845/original/(m=eaf8GgaaaWavb)(mh=7IxH2CFp_4zvLAvz)3.jpg;https://ei.phncdn.com/videos/202602/19/39774845/original/(m=eaf8GgaaaWavb)(mh=7IxH2CFp_4zvLAvz)4.jpg;https://ei.phncdn.com/videos/202602/19/39774845/original/(m=eaf8GgaaaWavb)(mh=7IxH2CFp_4zvLAvz)5.jpg;https://ei.phncdn.com/videos/202602/19/39774845/original/(m=eaf8GgaaaWavb)(mh=7IxH2CFp_4zvLAvz)6.jpg;https://ei.phncdn.com/videos/202602/19/39774845/original/(m=eaf8GgaaaWavb)(mh=7IxH2CFp_4zvLAvz)7.jpg;https://ei.phncdn.com/videos/202602/19/39774845/original/(m=eaf8GgaaaWavb)(mh=7IxH2CFp_4zvLAvz)8.jpg;https://ei.phncdn.com/videos/202602/19/39774845/original/(m=eaf8GgaaaWavb)(mh=7IxH2CFp_4zvLAvz)9.jpg;https://ei.phncdn.com/videos/202602/19/39774845/original/(m=eaf8GgaaaWavb)(mh=7IxH2CFp_4zvLAvz)10.jpg;https://ei.phncdn.com/videos/202602/19/39774845/original/(m=eaf8GgaaaWavb)(mh=7IxH2CFp_4zvLAvz)11.jpg;https://ei.phncdn.com/videos/202602/19/39774845/original/(m=eaf8GgaaaWavb)(mh=7IxH2CFp_4zvLAvz)12.jpg;https://ei.phncdn.com/videos/202602/19/39774845/original/(m=eaf8GgaaaWavb)(mh=7IxH2CFp_4zvLAvz)13.jpg;https://ei.phncdn.com/videos/202602/19/39774845/original/(m=eaf8GgaaaWavb)(mh=7IxH2CFp_4zvLAvz)14.jpg;https://ei.phncdn.com/videos/202602/19/39774845/original/(m=eaf8GgaaaWavb)(mh=7IxH2CFp_4zvLAvz)15.jpg;https://ei.phncdn.com/videos/202602/19/39774845/original/(m=eaf8GgaaaWavb)(mh=7IxH2CFp_4zvLAvz)16.jpg|alice lima garota brasileira brinca com sua buceta e chupa seu dildo transparente|dildo;masturbacion|Brazilian;Verified Amateurs;Solo Female||312|1856|537|15|https://ei.phncdn.com/videos/202602/19/39774845/original/(m=eaAaGwObaaamqv)(mh=ggRNvXJZLQSxsjTD)12.jpg|https://ei.phncdn.com/videos/202602/19/39774845/original/(m=eaAaGwObaaamqv)(mh=ggRNvXJZLQSxsjTD)1.jpg;https://ei.phncdn.com/videos/202602/19/39774845/original/(m=eaAaGwObaaamqv)(mh=ggRNvXJZLQSxsjTD)2.jpg;https://ei.phncdn.com/videos/202602/19/39774845/original/(m=eaAaGwObaaamqv)(mh=ggRNvXJZLQSxsjTD)3.jpg;https://ei.phncdn.com/videos/202602/19/39774845/original/(m=eaAaGwObaaamqv)(mh=ggRNvXJZLQSxsjTD)4.jpg;https://ei.phncdn.com/videos/202602/19/39774845/original/(m=eaAaGwObaaamqv)(mh=ggRNvXJZLQSxsjTD)5.jpg;https://ei.phncdn.com/videos/202602/19/39774845/original/(m=eaAaGwObaaamqv)(mh=ggRNvXJZLQSxsjTD)6.jpg;https://ei.phncdn.com/videos/202602/19/39774845/original/(m=eaAaGwObaaamqv)(mh=ggRNvXJZLQSxsjTD)7.jpg;https://ei.phncdn.com/videos/202602/19/39774845/original/(m=eaAaGwObaaamqv)(mh=ggRNvXJZLQSxsjTD)8.jpg;https://ei.phncdn.com/videos/202602/19/39774845/original/(m=eaAaGwObaaamqv)(mh=ggRNvXJZLQSxsjTD)9.jpg;https://ei.phncdn.com/videos/202602/19/39774845/original/(m=eaAaGwObaaamqv)(mh=ggRNvXJZLQSxsjTD)10.jpg;https://ei.phncdn.com/videos/202602/19/39774845/original/(m=eaAaGwObaaamqv)(mh=ggRNvXJZLQSxsjTD)11.jpg;https://ei.phncdn.com/videos/202602/19/39774845/original/(m=eaAaGwObaaamqv)(mh=ggRNvXJZLQSxsjTD)12.jpg;https://ei.phncdn.com/videos/202602/19/39774845/original/(m=eaAaGwObaaamqv)(mh=ggRNvXJZLQSxsjTD)13.jpg;https://ei.phncdn.com/videos/202602/19/39774845/original/(m=eaAaGwObaaamqv)(mh=ggRNvXJZLQSxsjTD)14.jpg;https://ei.phncdn.com/videos/202602/19/39774845/original/(m=eaAaGwObaaamqv)(mh=ggRNvXJZLQSxsjTD)15.jpg;https://ei.phncdn.com/videos/202602/19/39774845/original/(m=eaAaGwObaaamqv)(mh=ggRNvXJZLQSxsjTD)16.jpg
<iframe src="https://www.pornhub.com/embed/69a2222ad6a67" frameborder="0" height="481" width="608" scrolling="no"></iframe>|https://ei.phncdn.com/videos/202602/27/40663115/original/(m=eaf8GgaaaWavb)(mh=MyfHpKVe9rEzpy_q)1.jpg|https://ei.phncdn.com/videos/202602/27/40663115/original/(m=eaf8GgaaaWavb)(mh=MyfHpKVe9rEzpy_q)1.jpg;https://ei.phncdn.com/videos/202602/27/40663115/original/(m=eaf8GgaaaWavb)(mh=MyfHpKVe9rEzpy_q)2.jpg;https://ei.phncdn.com/videos/202602/27/40663115/original/(m=eaf8GgaaaWavb)(mh=MyfHpKVe9rEzpy_q)3.jpg;https://ei.phncdn.com/videos/202602/27/40663115/original/(m=eaf8GgaaaWavb)(mh=MyfHpKVe9rEzpy_q)4.jpg;https://ei.phncdn.com/videos/202602/27/40663115/original/(m=eaf8GgaaaWavb)(mh=MyfHpKVe9rEzpy_q)5.jpg;https://ei.phncdn.com/videos/202602/27/40663115/original/(m=eaf8GgaaaWavb)(mh=MyfHpKVe9rEzpy_q)6.jpg;https://ei.phncdn.com/videos/202602/27/40663115/original/(m=eaf8GgaaaWavb)(mh=MyfHpKVe9rEzpy_q)7.jpg;https://ei.phncdn.com/videos/202602/27/40663115/original/(m=eaf8GgaaaWavb)(mh=MyfHpKVe9rEzpy_q)8.jpg;https://ei.phncdn.com/videos/202602/27/40663115/original/(m=eaf8GgaaaWavb)(mh=MyfHpKVe9rEzpy_q)9.jpg;https://ei.phncdn.com/videos/202602/27/40663115/original/(m=eaf8GgaaaWavb)(mh=MyfHpKVe9rEzpy_q)10.jpg;https://ei.phncdn.com/videos/202602/27/40663115/original/(m=eaf8GgaaaWavb)(mh=MyfHpKVe9rEzpy_q)11.jpg;https://ei.phncdn.com/videos/202602/27/40663115/original/(m=eaf8GgaaaWavb)(mh=MyfHpKVe9rEzpy_q)12.jpg;https://ei.phncdn.com/videos/202602/27/40663115/original/(m=eaf8GgaaaWavb)(mh=MyfHpKVe9rEzpy_q)13.jpg;https://ei.phncdn.com/videos/202602/27/40663115/original/(m=eaf8GgaaaWavb)(mh=MyfHpKVe9rEzpy_q)14.jpg;https://ei.phncdn.com/videos/202602/27/40663115/original/(m=eaf8GgaaaWavb)(mh=MyfHpKVe9rEzpy_q)15.jpg;https://ei.phncdn.com/videos/202602/27/40663115/original/(m=eaf8GgaaaWavb)(mh=MyfHpKVe9rEzpy_q)16.jpg|A melhor amiga do minha esposa me faz uma visita secreta|amador;boquete;buceta-apertada;gozada;amateur-anal;brasileira-safada;latina-gostosa;gemendo-gostoso;foda-caseira;amiga;seios-pequenos;buceta-rosa;branquinha-gostosa|Brazilian;Verified Amateurs;Old/Young (18+)||633|959|8|2|https://ei.phncdn.com/videos/202602/27/40663115/original/(m=eaAaGwObaaamqv)(mh=OW2UHyFcxQ623iWI)1.jpg|https://ei.phncdn.com/videos/202602/27/40663115/original/(m=eaAaGwObaaamqv)(mh=OW2UHyFcxQ623iWI)1.jpg;https://ei.phncdn.com/videos/202602/27/40663115/original/(m=eaAaGwObaaamqv)(mh=OW2UHyFcxQ623iWI)2.jpg;https://ei.phncdn.com/videos/202602/27/40663115/original/(m=eaAaGwObaaamqv)(mh=OW2UHyFcxQ623iWI)3.jpg;https://ei.phncdn.com/videos/202602/27/40663115/original/(m=eaAaGwObaaamqv)(mh=OW2UHyFcxQ623iWI)4.jpg;https://ei.phncdn.com/videos/202602/27/40663115/original/(m=eaAaGwObaaamqv)(mh=OW2UHyFcxQ623iWI)5.jpg;https://ei.phncdn.com/videos/202602/27/40663115/original/(m=eaAaGwObaaamqv)(mh=OW2UHyFcxQ623iWI)6.jpg;https://ei.phncdn.com/videos/202602/27/40663115/original/(m=eaAaGwObaaamqv)(mh=OW2UHyFcxQ623iWI)7.jpg;https://ei.phncdn.com/videos/202602/27/40663115/original/(m=eaAaGwObaaamqv)(mh=OW2UHyFcxQ623iWI)8.jpg;https://ei.phncdn.com/videos/202602/27/40663115/original/(m=eaAaGwObaaamqv)(mh=OW2UHyFcxQ623iWI)9.jpg;https://ei.phncdn.com/videos/202602/27/40663115/original/(m=eaAaGwObaaamqv)(mh=OW2UHyFcxQ623iWI)10.jpg;https://ei.phncdn.com/videos/202602/27/40663115/original/(m=eaAaGwObaaamqv)(mh=OW2UHyFcxQ623iWI)11.jpg;https://ei.phncdn.com/videos/202602/27/40663115/original/(m=eaAaGwObaaamqv)(mh=OW2UHyFcxQ623iWI)12.jpg;https://ei.phncdn.com/videos/202602/27/40663115/original/(m=eaAaGwObaaamqv)(mh=OW2UHyFcxQ623iWI)13.jpg;https://ei.phncdn.com/videos/202602/27/40663115/original/(m=eaAaGwObaaamqv)(mh=OW2UHyFcxQ623iWI)14.jpg;https://ei.phncdn.com/videos/202602/27/40663115/original/(m=eaAaGwObaaamqv)(mh=OW2UHyFcxQ623iWI)15.jpg;https://ei.phncdn.com/videos/202602/27/40663115/original/(m=eaAaGwObaaamqv)(mh=OW2UHyFcxQ623iWI)16.jpg
<iframe src="https://www.pornhub.com/embed/69a22436e0514" frameborder="0" height="481" width="608" scrolling="no"></iframe>|https://ei.phncdn.com/videos/202602/27/40663425/original/(m=eaf8GgaaaWavb)(mh=wFSdLJNnFBJUld3Z)12.jpg|https://ei.phncdn.com/videos/202602/27/40663425/original/(m=eaf8GgaaaWavb)(mh=wFSdLJNnFBJUld3Z)1.jpg;https://ei.phncdn.com/videos/202602/27/40663425/original/(m=eaf8GgaaaWavb)(mh=wFSdLJNnFBJUld3Z)2.jpg;https://ei.phncdn.com/videos/202602/27/40663425/original/(m=eaf8GgaaaWavb)(mh=wFSdLJNnFBJUld3Z)3.jpg;https://ei.phncdn.com/videos/202602/27/40663425/original/(m=eaf8GgaaaWavb)(mh=wFSdLJNnFBJUld3Z)4.jpg;https://ei.phncdn.com/videos/202602/27/40663425/original/(m=eaf8GgaaaWavb)(mh=wFSdLJNnFBJUld3Z)5.jpg;https://ei.phncdn.com/videos/202602/27/40663425/original/(m=eaf8GgaaaWavb)(mh=wFSdLJNnFBJUld3Z)6.jpg;https://ei.phncdn.com/videos/202602/27/40663425/original/(m=eaf8GgaaaWavb)(mh=wFSdLJNnFBJUld3Z)7.jpg;https://ei.phncdn.com/videos/202602/27/40663425/original/(m=eaf8GgaaaWavb)(mh=wFSdLJNnFBJUld3Z)8.jpg;https://ei.phncdn.com/videos/202602/27/40663425/original/(m=eaf8GgaaaWavb)(mh=wFSdLJNnFBJUld3Z)9.jpg;https://ei.phncdn.com/videos/202602/27/40663425/original/(m=eaf8GgaaaWavb)(mh=wFSdLJNnFBJUld3Z)10.jpg;https://ei.phncdn.com/videos/202602/27/40663425/original/(m=eaf8GgaaaWavb)(mh=wFSdLJNnFBJUld3Z)11.jpg;https://ei.phncdn.com/videos/202602/27/40663425/original/(m=eaf8GgaaaWavb)(mh=wFSdLJNnFBJUld3Z)12.jpg;https://ei.phncdn.com/videos/202602/27/40663425/original/(m=eaf8GgaaaWavb)(mh=wFSdLJNnFBJUld3Z)13.jpg;https://ei.phncdn.com/videos/202602/27/40663425/original/(m=eaf8GgaaaWavb)(mh=wFSdLJNnFBJUld3Z)14.jpg;https://ei.phncdn.com/videos/202602/27/40663425/original/(m=eaf8GgaaaWavb)(mh=wFSdLJNnFBJUld3Z)15.jpg;https://ei.phncdn.com/videos/202602/27/40663425/original/(m=eaf8GgaaaWavb)(mh=wFSdLJNnFBJUld3Z)16.jpg|Foda quente na cuceta da safada|oral-sex;boquete-gostoso;garganta-profunda;ai-meu-cuzinho;cuzinho-apertadinho;dedo-no-cú;seios-pequenos;buceta-rosa;amador;brasileira-gostosa;branquinha-rabuda;gemidos;exclusive;putinha-gostosa|Brazilian;Verified Amateurs;Old/Young (18+)||648|82|||https://ei.phncdn.com/videos/202602/27/40663425/original/(m=eaAaGwObaaamqv)(mh=tuufeQWoHLzZhTFU)12.jpg|https://ei.phncdn.com/videos/202602/27/40663425/original/(m=eaAaGwObaaamqv)(mh=tuufeQWoHLzZhTFU)1.jpg;https://ei.phncdn.com/videos/202602/27/40663425/original/(m=eaAaGwObaaamqv)(mh=tuufeQWoHLzZhTFU)2.jpg;https://ei.phncdn.com/videos/202602/27/40663425/original/(m=eaAaGwObaaamqv)(mh=tuufeQWoHLzZhTFU)3.jpg;https://ei.phncdn.com/videos/202602/27/40663425/original/(m=eaAaGwObaaamqv)(mh=tuufeQWoHLzZhTFU)4.jpg;https://ei.phncdn.com/videos/202602/27/40663425/original/(m=eaAaGwObaaamqv)(mh=tuufeQWoHLzZhTFU)5.jpg;https://ei.phncdn.com/videos/202602/27/40663425/original/(m=eaAaGwObaaamqv)(mh=tuufeQWoHLzZhTFU)6.jpg;https://ei.phncdn.com/videos/202602/27/40663425/original/(m=eaAaGwObaaamqv)(mh=tuufeQWoHLzZhTFU)7.jpg;https://ei.phncdn.com/videos/202602/27/40663425/original/(m=eaAaGwObaaamqv)(mh=tuufeQWoHLzZhTFU)8.jpg;https://ei.phncdn.com/videos/202602/27/40663425/original/(m=eaAaGwObaaamqv)(mh=tuufeQWoHLzZhTFU)9.jpg;https://ei.phncdn.com/videos/202602/27/40663425/original/(m=eaAaGwObaaamqv)(mh=tuufeQWoHLzZhTFU)10.jpg;https://ei.phncdn.com/videos/202602/27/40663425/original/(m=eaAaGwObaaamqv)(mh=tuufeQWoHLzZhTFU)11.jpg;https://ei.phncdn.com/videos/202602/27/40663425/original/(m=eaAaGwObaaamqv)(mh=tuufeQWoHLzZhTFU)12.jpg;https://ei.phncdn.com/videos/202602/27/40663425/original/(m=eaAaGwObaaamqv)(mh=tuufeQWoHLzZhTFU)13.jpg;https://ei.phncdn.com/videos/202602/27/40663425/original/(m=eaAaGwObaaamqv)(mh=tuufeQWoHLzZhTFU)14.jpg;https://ei.phncdn.com/videos/202602/27/40663425/original/(m=eaAaGwObaaamqv)(mh=tuufeQWoHLzZhTFU)15.jpg;https://ei.phncdn.com/videos/202602/27/40663425/original/(m=eaAaGwObaaamqv)(mh=tuufeQWoHLzZhTFU)16.jpg
<iframe src="https://www.pornhub.com/embed/69a225dceea3e" frameborder="0" height="481" width="608" scrolling="no"></iframe>|https://ei.phncdn.com/videos/202602/27/40663655/original/(m=eaf8GgaaaWavb)(mh=rv3oS_9gr35gm5u2)12.jpg|https://ei.phncdn.com/videos/202602/27/40663655/original/(m=eaf8GgaaaWavb)(mh=rv3oS_9gr35gm5u2)1.jpg;https://ei.phncdn.com/videos/202602/27/40663655/original/(m=eaf8GgaaaWavb)(mh=rv3oS_9gr35gm5u2)2.jpg;https://ei.phncdn.com/videos/202602/27/40663655/original/(m=eaf8GgaaaWavb)(mh=rv3oS_9gr35gm5u2)3.jpg;https://ei.phncdn.com/videos/202602/27/40663655/original/(m=eaf8GgaaaWavb)(mh=rv3oS_9gr35gm5u2)4.jpg;https://ei.phncdn.com/videos/202602/27/40663655/original/(m=eaf8GgaaaWavb)(mh=rv3oS_9gr35gm5u2)5.jpg;https://ei.phncdn.com/videos/202602/27/40663655/original/(m=eaf8GgaaaWavb)(mh=rv3oS_9gr35gm5u2)6.jpg;https://ei.phncdn.com/videos/202602/27/40663655/original/(m=eaf8GgaaaWavb)(mh=rv3oS_9gr35gm5u2)7.jpg;https://ei.phncdn.com/videos/202602/27/40663655/original/(m=eaf8GgaaaWavb)(mh=rv3oS_9gr35gm5u2)8.jpg;https://ei.phncdn.com/videos/202602/27/40663655/original/(m=eaf8GgaaaWavb)(mh=rv3oS_9gr35gm5u2)9.jpg;https://ei.phncdn.com/videos/202602/27/40663655/original/(m=eaf8GgaaaWavb)(mh=rv3oS_9gr35gm5u2)10.jpg;https://ei.phncdn.com/videos/202602/27/40663655/original/(m=eaf8GgaaaWavb)(mh=rv3oS_9gr35gm5u2)11.jpg;https://ei.phncdn.com/videos/202602/27/40663655/original/(m=eaf8GgaaaWavb)(mh=rv3oS_9gr35gm5u2)12.jpg;https://ei.phncdn.com/videos/202602/27/40663655/original/(m=eaf8GgaaaWavb)(mh=rv3oS_9gr35gm5u2)13.jpg;https://ei.phncdn.com/videos/202602/27/40663655/original/(m=eaf8GgaaaWavb)(mh=rv3oS_9gr35gm5u2)14.jpg;https://ei.phncdn.com/videos/202602/27/40663655/original/(m=eaf8GgaaaWavb)(mh=rv3oS_9gr35gm5u2)15.jpg;https://ei.phncdn.com/videos/202602/27/40663655/original/(m=eaf8GgaaaWavb)(mh=rv3oS_9gr35gm5u2)16.jpg|Colega de quarto safada que ama dar o cuzinho|amateur-anal;amador;chupando-culo;gostosa-safada;putinha-gostosa;comendo-a-vizinha;foda-caseira;sexo-anal;no-pelo;gozada;gemido;peitos-perfeitos;boca-de-veludo;boquete;buceta-rosa;apertadinha|Brazilian;Verified Amateurs;Old/Young (18+)||637|364|1|1|https://ei.phncdn.com/videos/202602/27/40663655/original/(m=eaAaGwObaaamqv)(mh=tMbqQmXNkYXnJykO)12.jpg|https://ei.phncdn.com/videos/202602/27/40663655/original/(m=eaAaGwObaaamqv)(mh=tMbqQmXNkYXnJykO)1.jpg;https://ei.phncdn.com/videos/202602/27/40663655/original/(m=eaAaGwObaaamqv)(mh=tMbqQmXNkYXnJykO)2.jpg;https://ei.phncdn.com/videos/202602/27/40663655/original/(m=eaAaGwObaaamqv)(mh=tMbqQmXNkYXnJykO)3.jpg;https://ei.phncdn.com/videos/202602/27/40663655/original/(m=eaAaGwObaaamqv)(mh=tMbqQmXNkYXnJykO)4.jpg;https://ei.phncdn.com/videos/202602/27/40663655/original/(m=eaAaGwObaaamqv)(mh=tMbqQmXNkYXnJykO)5.jpg;https://ei.phncdn.com/videos/202602/27/40663655/original/(m=eaAaGwObaaamqv)(mh=tMbqQmXNkYXnJykO)6.jpg;https://ei.phncdn.com/videos/202602/27/40663655/original/(m=eaAaGwObaaamqv)(mh=tMbqQmXNkYXnJykO)7.jpg;https://ei.phncdn.com/videos/202602/27/40663655/original/(m=eaAaGwObaaamqv)(mh=tMbqQmXNkYXnJykO)8.jpg;https://ei.phncdn.com/videos/202602/27/40663655/original/(m=eaAaGwObaaamqv)(mh=tMbqQmXNkYXnJykO)9.jpg;https://ei.phncdn.com/videos/202602/27/40663655/original/(m=eaAaGwObaaamqv)(mh=tMbqQmXNkYXnJykO)10.jpg;https://ei.phncdn.com/videos/202602/27/40663655/original/(m=eaAaGwObaaamqv)(mh=tMbqQmXNkYXnJykO)11.jpg;https://ei.phncdn.com/videos/202602/27/40663655/original/(m=eaAaGwObaaamqv)(mh=tMbqQmXNkYXnJykO)12.jpg;https://ei.phncdn.com/videos/202602/27/40663655/original/(m=eaAaGwObaaamqv)(mh=tMbqQmXNkYXnJykO)13.jpg;https://ei.phncdn.com/videos/202602/27/40663655/original/(m=eaAaGwObaaamqv)(mh=tMbqQmXNkYXnJykO)14.jpg;https://ei.phncdn.com/videos/202602/27/40663655/original/(m=eaAaGwObaaamqv)(mh=tMbqQmXNkYXnJykO)15.jpg;https://ei.phncdn.com/videos/202602/27/40663655/original/(m=eaAaGwObaaamqv)(mh=tMbqQmXNkYXnJykO)16.jpg
<iframe src="https://www.pornhub.com/embed/69a2284469221" frameborder="0" height="481" width="608" scrolling="no"></iframe>|https://ei.phncdn.com/videos/202602/27/40664275/original/(m=eaf8GgaaaWavb)(mh=3iT2QBKuKwy3hiF-)7.jpg|https://ei.phncdn.com/videos/202602/27/40664275/original/(m=eaf8GgaaaWavb)(mh=3iT2QBKuKwy3hiF-)1.jpg;https://ei.phncdn.com/videos/202602/27/40664275/original/(m=eaf8GgaaaWavb)(mh=3iT2QBKuKwy3hiF-)2.jpg;https://ei.phncdn.com/videos/202602/27/40664275/original/(m=eaf8GgaaaWavb)(mh=3iT2QBKuKwy3hiF-)3.jpg;https://ei.phncdn.com/videos/202602/27/40664275/original/(m=eaf8GgaaaWavb)(mh=3iT2QBKuKwy3hiF-)4.jpg;https://ei.phncdn.com/videos/202602/27/40664275/original/(m=eaf8GgaaaWavb)(mh=3iT2QBKuKwy3hiF-)5.jpg;https://ei.phncdn.com/videos/202602/27/40664275/original/(m=eaf8GgaaaWavb)(mh=3iT2QBKuKwy3hiF-)6.jpg;https://ei.phncdn.com/videos/202602/27/40664275/original/(m=eaf8GgaaaWavb)(mh=3iT2QBKuKwy3hiF-)7.jpg;https://ei.phncdn.com/videos/202602/27/40664275/original/(m=eaf8GgaaaWavb)(mh=3iT2QBKuKwy3hiF-)8.jpg;https://ei.phncdn.com/videos/202602/27/40664275/original/(m=eaf8GgaaaWavb)(mh=3iT2QBKuKwy3hiF-)9.jpg;https://ei.phncdn.com/videos/202602/27/40664275/original/(m=eaf8GgaaaWavb)(mh=3iT2QBKuKwy3hiF-)10.jpg;https://ei.phncdn.com/videos/202602/27/40664275/original/(m=eaf8GgaaaWavb)(mh=3iT2QBKuKwy3hiF-)11.jpg;https://ei.phncdn.com/videos/202602/27/40664275/original/(m=eaf8GgaaaWavb)(mh=3iT2QBKuKwy3hiF-)12.jpg;https://ei.phncdn.com/videos/202602/27/40664275/original/(m=eaf8GgaaaWavb)(mh=3iT2QBKuKwy3hiF-)13.jpg;https://ei.phncdn.com/videos/202602/27/40664275/original/(m=eaf8GgaaaWavb)(mh=3iT2QBKuKwy3hiF-)14.jpg;https://ei.phncdn.com/videos/202602/27/40664275/original/(m=eaf8GgaaaWavb)(mh=3iT2QBKuKwy3hiF-)15.jpg;https://ei.phncdn.com/videos/202602/27/40664275/original/(m=eaf8GgaaaWavb)(mh=3iT2QBKuKwy3hiF-)16.jpg|Garganta profunda com a putinha tatuada|boquete;amador;garganta-profunda;gozada;punheta;amateur-handjob;boqueteira;branquinha-gostosa;putinha-gostosa;brasileira-safada;exclusive;exclusive-girl;exclusibo;exclusivo;buceta-rosa-mojada;buceta-rosa|Brazilian;Verified Amateurs;Old/Young (18+)||612|492|1|0|https://ei.phncdn.com/videos/202602/27/40664275/original/(m=eaAaGwObaaamqv)(mh=3CQW8lkAjaUticRx)7.jpg|https://ei.phncdn.com/videos/202602/27/40664275/original/(m=eaAaGwObaaamqv)(mh=3CQW8lkAjaUticRx)1.jpg;https://ei.phncdn.com/videos/202602/27/40664275/original/(m=eaAaGwObaaamqv)(mh=3CQW8lkAjaUticRx)2.jpg;https://ei.phncdn.com/videos/202602/27/40664275/original/(m=eaAaGwObaaamqv)(mh=3CQW8lkAjaUticRx)3.jpg;https://ei.phncdn.com/videos/202602/27/40664275/original/(m=eaAaGwObaaamqv)(mh=3CQW8lkAjaUticRx)4.jpg;https://ei.phncdn.com/videos/202602/27/40664275/original/(m=eaAaGwObaaamqv)(mh=3CQW8lkAjaUticRx)5.jpg;https://ei.phncdn.com/videos/202602/27/40664275/original/(m=eaAaGwObaaamqv)(mh=3CQW8lkAjaUticRx)6.jpg;https://ei.phncdn.com/videos/202602/27/40664275/original/(m=eaAaGwObaaamqv)(mh=3CQW8lkAjaUticRx)7.jpg;https://ei.phncdn.com/videos/202602/27/40664275/original/(m=eaAaGwObaaamqv)(mh=3CQW8lkAjaUticRx)8.jpg;https://ei.phncdn.com/videos/202602/27/40664275/original/(m=eaAaGwObaaamqv)(mh=3CQW8lkAjaUticRx)9.jpg;https://ei.phncdn.com/videos/202602/27/40664275/original/(m=eaAaGwObaaamqv)(mh=3CQW8lkAjaUticRx)10.jpg;https://ei.phncdn.com/videos/202602/27/40664275/original/(m=eaAaGwObaaamqv)(mh=3CQW8lkAjaUticRx)11.jpg;https://ei.phncdn.com/videos/202602/27/40664275/original/(m=eaAaGwObaaamqv)(mh=3CQW8lkAjaUticRx)12.jpg;https://ei.phncdn.com/videos/202602/27/40664275/original/(m=eaAaGwObaaamqv)(mh=3CQW8lkAjaUticRx)13.jpg;https://ei.phncdn.com/videos/202602/27/40664275/original/(m=eaAaGwObaaamqv)(mh=3CQW8lkAjaUticRx)14.jpg;https://ei.phncdn.com/videos/202602/27/40664275/original/(m=eaAaGwObaaamqv)(mh=3CQW8lkAjaUticRx)15.jpg;https://ei.phncdn.com/videos/202602/27/40664275/original/(m=eaAaGwObaaamqv)(mh=3CQW8lkAjaUticRx)16.jpg
<iframe src="https://www.pornhub.com/embed/69a38da1a28a9" frameborder="0" height="481" width="608" scrolling="no"></iframe>|https://ei.phncdn.com/videos/202603/01/40746465/original/(m=eaf8GgaaaWavb)(mh=F38wPC11jPlKp6Ff)16.jpg|https://ei.phncdn.com/videos/202603/01/40746465/original/(m=eaf8GgaaaWavb)(mh=F38wPC11jPlKp6Ff)1.jpg;https://ei.phncdn.com/videos/202603/01/40746465/original/(m=eaf8GgaaaWavb)(mh=F38wPC11jPlKp6Ff)2.jpg;https://ei.phncdn.com/videos/202603/01/40746465/original/(m=eaf8GgaaaWavb)(mh=F38wPC11jPlKp6Ff)3.jpg;https://ei.phncdn.com/videos/202603/01/40746465/original/(m=eaf8GgaaaWavb)(mh=F38wPC11jPlKp6Ff)4.jpg;https://ei.phncdn.com/videos/202603/01/40746465/original/(m=eaf8GgaaaWavb)(mh=F38wPC11jPlKp6Ff)5.jpg;https://ei.phncdn.com/videos/202603/01/40746465/original/(m=eaf8GgaaaWavb)(mh=F38wPC11jPlKp6Ff)6.jpg;https://ei.phncdn.com/videos/202603/01/40746465/original/(m=eaf8GgaaaWavb)(mh=F38wPC11jPlKp6Ff)7.jpg;https://ei.phncdn.com/videos/202603/01/40746465/original/(m=eaf8GgaaaWavb)(mh=F38wPC11jPlKp6Ff)8.jpg;https://ei.phncdn.com/videos/202603/01/40746465/original/(m=eaf8GgaaaWavb)(mh=F38wPC11jPlKp6Ff)9.jpg;https://ei.phncdn.com/videos/202603/01/40746465/original/(m=eaf8GgaaaWavb)(mh=F38wPC11jPlKp6Ff)10.jpg;https://ei.phncdn.com/videos/202603/01/40746465/original/(m=eaf8GgaaaWavb)(mh=F38wPC11jPlKp6Ff)11.jpg;https://ei.phncdn.com/videos/202603/01/40746465/original/(m=eaf8GgaaaWavb)(mh=F38wPC11jPlKp6Ff)12.jpg;https://ei.phncdn.com/videos/202603/01/40746465/original/(m=eaf8GgaaaWavb)(mh=F38wPC11jPlKp6Ff)13.jpg;https://ei.phncdn.com/videos/202603/01/40746465/original/(m=eaf8GgaaaWavb)(mh=F38wPC11jPlKp6Ff)14.jpg;https://ei.phncdn.com/videos/202603/01/40746465/original/(m=eaf8GgaaaWavb)(mh=F38wPC11jPlKp6Ff)15.jpg;https://ei.phncdn.com/videos/202603/01/40746465/original/(m=eaf8GgaaaWavb)(mh=F38wPC11jPlKp6Ff)16.jpg|COMENDO A EMPREGADA NO SOFÁ - Parte 1/3|comendo-a-empregada;comendo-empregada;empregada;empregada-gostosa;loira-cavala;loira-gostosa;loira-rabuda;loira;cavalgando;sentando|Brazilian;Verified Amateurs;Deepthroat||659|92165|218|47|https://ei.phncdn.com/videos/202603/01/40746465/original/(m=eaAaGwObaaamqv)(mh=wuZhVkE7erkp7Dbh)16.jpg|https://ei.phncdn.com/videos/202603/01/40746465/original/(m=eaAaGwObaaamqv)(mh=wuZhVkE7erkp7Dbh)1.jpg;https://ei.phncdn.com/videos/202603/01/40746465/original/(m=eaAaGwObaaamqv)(mh=wuZhVkE7erkp7Dbh)2.jpg;https://ei.phncdn.com/videos/202603/01/40746465/original/(m=eaAaGwObaaamqv)(mh=wuZhVkE7erkp7Dbh)3.jpg;https://ei.phncdn.com/videos/202603/01/40746465/original/(m=eaAaGwObaaamqv)(mh=wuZhVkE7erkp7Dbh)4.jpg;https://ei.phncdn.com/videos/202603/01/40746465/original/(m=eaAaGwObaaamqv)(mh=wuZhVkE7erkp7Dbh)5.jpg;https://ei.phncdn.com/videos/202603/01/40746465/original/(m=eaAaGwObaaamqv)(mh=wuZhVkE7erkp7Dbh)6.jpg;https://ei.phncdn.com/videos/202603/01/40746465/original/(m=eaAaGwObaaamqv)(mh=wuZhVkE7erkp7Dbh)7.jpg;https://ei.phncdn.com/videos/202603/01/40746465/original/(m=eaAaGwObaaamqv)(mh=wuZhVkE7erkp7Dbh)8.jpg;https://ei.phncdn.com/videos/202603/01/40746465/original/(m=eaAaGwObaaamqv)(mh=wuZhVkE7erkp7Dbh)9.jpg;https://ei.phncdn.com/videos/202603/01/40746465/original/(m=eaAaGwObaaamqv)(mh=wuZhVkE7erkp7Dbh)10.jpg;https://ei.phncdn.com/videos/202603/01/40746465/original/(m=eaAaGwObaaamqv)(mh=wuZhVkE7erkp7Dbh)11.jpg;https://ei.phncdn.com/videos/202603/01/40746465/original/(m=eaAaGwObaaamqv)(mh=wuZhVkE7erkp7Dbh)12.jpg;https://ei.phncdn.com/videos/202603/01/40746465/original/(m=eaAaGwObaaamqv)(mh=wuZhVkE7erkp7Dbh)13.jpg;https://ei.phncdn.com/videos/202603/01/40746465/original/(m=eaAaGwObaaamqv)(mh=wuZhVkE7erkp7Dbh)14.jpg;https://ei.phncdn.com/videos/202603/01/40746465/original/(m=eaAaGwObaaamqv)(mh=wuZhVkE7erkp7Dbh)15.jpg;https://ei.phncdn.com/videos/202603/01/40746465/original/(m=eaAaGwObaaamqv)(mh=wuZhVkE7erkp7Dbh)16.jpg
<iframe src="https://www.pornhub.com/embed/69a4bda5bcf52" frameborder="0" height="481" width="608" scrolling="no"></iframe>|https://ei.phncdn.com/videos/202603/01/40822535/original/(m=eaf8GgaaaWavb)(mh=V3ZOUcSmbg489D9F)12.jpg|https://ei.phncdn.com/videos/202603/01/40822535/original/(m=eaf8GgaaaWavb)(mh=V3ZOUcSmbg489D9F)1.jpg;https://ei.phncdn.com/videos/202603/01/40822535/original/(m=eaf8GgaaaWavb)(mh=V3ZOUcSmbg489D9F)2.jpg;https://ei.phncdn.com/videos/202603/01/40822535/original/(m=eaf8GgaaaWavb)(mh=V3ZOUcSmbg489D9F)3.jpg;https://ei.phncdn.com/videos/202603/01/40822535/original/(m=eaf8GgaaaWavb)(mh=V3ZOUcSmbg489D9F)4.jpg;https://ei.phncdn.com/videos/202603/01/40822535/original/(m=eaf8GgaaaWavb)(mh=V3ZOUcSmbg489D9F)5.jpg;https://ei.phncdn.com/videos/202603/01/40822535/original/(m=eaf8GgaaaWavb)(mh=V3ZOUcSmbg489D9F)6.jpg;https://ei.phncdn.com/videos/202603/01/40822535/original/(m=eaf8GgaaaWavb)(mh=V3ZOUcSmbg489D9F)7.jpg;https://ei.phncdn.com/videos/202603/01/40822535/original/(m=eaf8GgaaaWavb)(mh=V3ZOUcSmbg489D9F)8.jpg;https://ei.phncdn.com/videos/202603/01/40822535/original/(m=eaf8GgaaaWavb)(mh=V3ZOUcSmbg489D9F)9.jpg;https://ei.phncdn.com/videos/202603/01/40822535/original/(m=eaf8GgaaaWavb)(mh=V3ZOUcSmbg489D9F)10.jpg;https://ei.phncdn.com/videos/202603/01/40822535/original/(m=eaf8GgaaaWavb)(mh=V3ZOUcSmbg489D9F)11.jpg;https://ei.phncdn.com/videos/202603/01/40822535/original/(m=eaf8GgaaaWavb)(mh=V3ZOUcSmbg489D9F)12.jpg;https://ei.phncdn.com/videos/202603/01/40822535/original/(m=eaf8GgaaaWavb)(mh=V3ZOUcSmbg489D9F)13.jpg;https://ei.phncdn.com/videos/202603/01/40822535/original/(m=eaf8GgaaaWavb)(mh=V3ZOUcSmbg489D9F)14.jpg;https://ei.phncdn.com/videos/202603/01/40822535/original/(m=eaf8GgaaaWavb)(mh=V3ZOUcSmbg489D9F)15.jpg;https://ei.phncdn.com/videos/202603/01/40822535/original/(m=eaf8GgaaaWavb)(mh=V3ZOUcSmbg489D9F)16.jpg|Kerolay Chaves balançando a bunda bem pertinho|big-ass;bunda-enorme;bunda-gostosa|Brazilian;Verified Amateurs;Solo Female||11|739|111|2|https://ei.phncdn.com/videos/202603/01/40822535/original/(m=eaAaGwObaaamqv)(mh=mYxalcq6fLx_1Utb)12.jpg|https://ei.phncdn.com/videos/202603/01/40822535/original/(m=eaAaGwObaaamqv)(mh=mYxalcq6fLx_1Utb)1.jpg;https://ei.phncdn.com/videos/202603/01/40822535/original/(m=eaAaGwObaaamqv)(mh=mYxalcq6fLx_1Utb)2.jpg;https://ei.phncdn.com/videos/202603/01/40822535/original/(m=eaAaGwObaaamqv)(mh=mYxalcq6fLx_1Utb)3.jpg;https://ei.phncdn.com/videos/202603/01/40822535/original/(m=eaAaGwObaaamqv)(mh=mYxalcq6fLx_1Utb)4.jpg;https://ei.phncdn.com/videos/202603/01/40822535/original/(m=eaAaGwObaaamqv)(mh=mYxalcq6fLx_1Utb)5.jpg;https://ei.phncdn.com/videos/202603/01/40822535/original/(m=eaAaGwObaaamqv)(mh=mYxalcq6fLx_1Utb)6.jpg;https://ei.phncdn.com/videos/202603/01/40822535/original/(m=eaAaGwObaaamqv)(mh=mYxalcq6fLx_1Utb)7.jpg;https://ei.phncdn.com/videos/202603/01/40822535/original/(m=eaAaGwObaaamqv)(mh=mYxalcq6fLx_1Utb)8.jpg;https://ei.phncdn.com/videos/202603/01/40822535/original/(m=eaAaGwObaaamqv)(mh=mYxalcq6fLx_1Utb)9.jpg;https://ei.phncdn.com/videos/202603/01/40822535/original/(m=eaAaGwObaaamqv)(mh=mYxalcq6fLx_1Utb)10.jpg;https://ei.phncdn.com/videos/202603/01/40822535/original/(m=eaAaGwObaaamqv)(mh=mYxalcq6fLx_1Utb)11.jpg;https://ei.phncdn.com/videos/202603/01/40822535/original/(m=eaAaGwObaaamqv)(mh=mYxalcq6fLx_1Utb)12.jpg;https://ei.phncdn.com/videos/202603/01/40822535/original/(m=eaAaGwObaaamqv)(mh=mYxalcq6fLx_1Utb)13.jpg;https://ei.phncdn.com/videos/202603/01/40822535/original/(m=eaAaGwObaaamqv)(mh=mYxalcq6fLx_1Utb)14.jpg;https://ei.phncdn.com/videos/202603/01/40822535/original/(m=eaAaGwObaaamqv)(mh=mYxalcq6fLx_1Utb)15.jpg;https://ei.phncdn.com/videos/202603/01/40822535/original/(m=eaAaGwObaaamqv)(mh=mYxalcq6fLx_1Utb)16.jpg
<iframe src="https://www.pornhub.com/embed/69a4c049be9db" frameborder="0" height="481" width="608" scrolling="no"></iframe>|https://ei.phncdn.com/videos/202603/01/40823285/original/(m=eaf8GgaaaWavb)(mh=VkpBKDxsigZMdby3)12.jpg|https://ei.phncdn.com/videos/202603/01/40823285/original/(m=eaf8GgaaaWavb)(mh=VkpBKDxsigZMdby3)1.jpg;https://ei.phncdn.com/videos/202603/01/40823285/original/(m=eaf8GgaaaWavb)(mh=VkpBKDxsigZMdby3)2.jpg;https://ei.phncdn.com/videos/202603/01/40823285/original/(m=eaf8GgaaaWavb)(mh=VkpBKDxsigZMdby3)3.jpg;https://ei.phncdn.com/videos/202603/01/40823285/original/(m=eaf8GgaaaWavb)(mh=VkpBKDxsigZMdby3)4.jpg;https://ei.phncdn.com/videos/202603/01/40823285/original/(m=eaf8GgaaaWavb)(mh=VkpBKDxsigZMdby3)5.jpg;https://ei.phncdn.com/videos/202603/01/40823285/original/(m=eaf8GgaaaWavb)(mh=VkpBKDxsigZMdby3)6.jpg;https://ei.phncdn.com/videos/202603/01/40823285/original/(m=eaf8GgaaaWavb)(mh=VkpBKDxsigZMdby3)7.jpg;https://ei.phncdn.com/videos/202603/01/40823285/original/(m=eaf8GgaaaWavb)(mh=VkpBKDxsigZMdby3)8.jpg;https://ei.phncdn.com/videos/202603/01/40823285/original/(m=eaf8GgaaaWavb)(mh=VkpBKDxsigZMdby3)9.jpg;https://ei.phncdn.com/videos/202603/01/40823285/original/(m=eaf8GgaaaWavb)(mh=VkpBKDxsigZMdby3)10.jpg;https://ei.phncdn.com/videos/202603/01/40823285/original/(m=eaf8GgaaaWavb)(mh=VkpBKDxsigZMdby3)11.jpg;https://ei.phncdn.com/videos/202603/01/40823285/original/(m=eaf8GgaaaWavb)(mh=VkpBKDxsigZMdby3)12.jpg;https://ei.phncdn.com/videos/202603/01/40823285/original/(m=eaf8GgaaaWavb)(mh=VkpBKDxsigZMdby3)13.jpg;https://ei.phncdn.com/videos/202603/01/40823285/original/(m=eaf8GgaaaWavb)(mh=VkpBKDxsigZMdby3)14.jpg;https://ei.phncdn.com/videos/202603/01/40823285/original/(m=eaf8GgaaaWavb)(mh=VkpBKDxsigZMdby3)15.jpg;https://ei.phncdn.com/videos/202603/01/40823285/original/(m=eaf8GgaaaWavb)(mh=VkpBKDxsigZMdby3)16.jpg|Kerolay Chaves se alongando|brasileira;brasileiras-gostosas|Brazilian;Verified Amateurs;Solo Female||31|687|179|2|https://ei.phncdn.com/videos/202603/01/40823285/original/(m=eaAaGwObaaamqv)(mh=CUgHMXVUsWmVf9-0)12.jpg|https://ei.phncdn.com/videos/202603/01/40823285/original/(m=eaAaGwObaaamqv)(mh=CUgHMXVUsWmVf9-0)1.jpg;https://ei.phncdn.com/videos/202603/01/40823285/original/(m=eaAaGwObaaamqv)(mh=CUgHMXVUsWmVf9-0)2.jpg;https://ei.phncdn.com/videos/202603/01/40823285/original/(m=eaAaGwObaaamqv)(mh=CUgHMXVUsWmVf9-0)3.jpg;https://ei.phncdn.com/videos/202603/01/40823285/original/(m=eaAaGwObaaamqv)(mh=CUgHMXVUsWmVf9-0)4.jpg;https://ei.phncdn.com/videos/202603/01/40823285/original/(m=eaAaGwObaaamqv)(mh=CUgHMXVUsWmVf9-0)5.jpg;https://ei.phncdn.com/videos/202603/01/40823285/original/(m=eaAaGwObaaamqv)(mh=CUgHMXVUsWmVf9-0)6.jpg;https://ei.phncdn.com/videos/202603/01/40823285/original/(m=eaAaGwObaaamqv)(mh=CUgHMXVUsWmVf9-0)7.jpg;https://ei.phncdn.com/videos/202603/01/40823285/original/(m=eaAaGwObaaamqv)(mh=CUgHMXVUsWmVf9-0)8.jpg;https://ei.phncdn.com/videos/202603/01/40823285/original/(m=eaAaGwObaaamqv)(mh=CUgHMXVUsWmVf9-0)9.jpg;https://ei.phncdn.com/videos/202603/01/40823285/original/(m=eaAaGwObaaamqv)(mh=CUgHMXVUsWmVf9-0)10.jpg;https://ei.phncdn.com/videos/202603/01/40823285/original/(m=eaAaGwObaaamqv)(mh=CUgHMXVUsWmVf9-0)11.jpg;https://ei.phncdn.com/videos/202603/01/40823285/original/(m=eaAaGwObaaamqv)(mh=CUgHMXVUsWmVf9-0)12.jpg;https://ei.phncdn.com/videos/202603/01/40823285/original/(m=eaAaGwObaaamqv)(mh=CUgHMXVUsWmVf9-0)13.jpg;https://ei.phncdn.com/videos/202603/01/40823285/original/(m=eaAaGwObaaamqv)(mh=CUgHMXVUsWmVf9-0)14.jpg;https://ei.phncdn.com/videos/202603/01/40823285/original/(m=eaAaGwObaaamqv)(mh=CUgHMXVUsWmVf9-0)15.jpg;https://ei.phncdn.com/videos/202603/01/40823285/original/(m=eaAaGwObaaamqv)(mh=CUgHMXVUsWmVf9-0)16.jpg
<iframe src="https://www.pornhub.com/embed/69ab61e3ca8d6" frameborder="0" height="481" width="608" scrolling="no"></iframe>|https://ei.phncdn.com/videos/202603/06/41318335/original/(m=eaf8GgaaaWavb)(mh=5WtH7AUVcaCWmn1j)12.jpg|https://ei.phncdn.com/videos/202603/06/41318335/original/(m=eaf8GgaaaWavb)(mh=5WtH7AUVcaCWmn1j)1.jpg;https://ei.phncdn.com/videos/202603/06/41318335/original/(m=eaf8GgaaaWavb)(mh=5WtH7AUVcaCWmn1j)2.jpg;https://ei.phncdn.com/videos/202603/06/41318335/original/(m=eaf8GgaaaWavb)(mh=5WtH7AUVcaCWmn1j)3.jpg;https://ei.phncdn.com/videos/202603/06/41318335/original/(m=eaf8GgaaaWavb)(mh=5WtH7AUVcaCWmn1j)4.jpg;https://ei.phncdn.com/videos/202603/06/41318335/original/(m=eaf8GgaaaWavb)(mh=5WtH7AUVcaCWmn1j)5.jpg;https://ei.phncdn.com/videos/202603/06/41318335/original/(m=eaf8GgaaaWavb)(mh=5WtH7AUVcaCWmn1j)6.jpg;https://ei.phncdn.com/videos/202603/06/41318335/original/(m=eaf8GgaaaWavb)(mh=5WtH7AUVcaCWmn1j)7.jpg;https://ei.phncdn.com/videos/202603/06/41318335/original/(m=eaf8GgaaaWavb)(mh=5WtH7AUVcaCWmn1j)8.jpg;https://ei.phncdn.com/videos/202603/06/41318335/original/(m=eaf8GgaaaWavb)(mh=5WtH7AUVcaCWmn1j)9.jpg;https://ei.phncdn.com/videos/202603/06/41318335/original/(m=eaf8GgaaaWavb)(mh=5WtH7AUVcaCWmn1j)10.jpg;https://ei.phncdn.com/videos/202603/06/41318335/original/(m=eaf8GgaaaWavb)(mh=5WtH7AUVcaCWmn1j)11.jpg;https://ei.phncdn.com/videos/202603/06/41318335/original/(m=eaf8GgaaaWavb)(mh=5WtH7AUVcaCWmn1j)12.jpg;https://ei.phncdn.com/videos/202603/06/41318335/original/(m=eaf8GgaaaWavb)(mh=5WtH7AUVcaCWmn1j)13.jpg;https://ei.phncdn.com/videos/202603/06/41318335/original/(m=eaf8GgaaaWavb)(mh=5WtH7AUVcaCWmn1j)14.jpg;https://ei.phncdn.com/videos/202603/06/41318335/original/(m=eaf8GgaaaWavb)(mh=5WtH7AUVcaCWmn1j)15.jpg;https://ei.phncdn.com/videos/202603/06/41318335/original/(m=eaf8GgaaaWavb)(mh=5WtH7AUVcaCWmn1j)16.jpg|The masked man in uniform fucked me good.|big-tits-milf;morena-gostosa|Brazilian;Exclusive;Verified Amateurs;Cosplay||525|11136|33|0|https://ei.phncdn.com/videos/202603/06/41318335/original/(m=eaAaGwObaaamqv)(mh=7EoSovTQA8jA5ydZ)12.jpg|https://ei.phncdn.com/videos/202603/06/41318335/original/(m=eaAaGwObaaamqv)(mh=7EoSovTQA8jA5ydZ)1.jpg;https://ei.phncdn.com/videos/202603/06/41318335/original/(m=eaAaGwObaaamqv)(mh=7EoSovTQA8jA5ydZ)2.jpg;https://ei.phncdn.com/videos/202603/06/41318335/original/(m=eaAaGwObaaamqv)(mh=7EoSovTQA8jA5ydZ)3.jpg;https://ei.phncdn.com/videos/202603/06/41318335/original/(m=eaAaGwObaaamqv)(mh=7EoSovTQA8jA5ydZ)4.jpg;https://ei.phncdn.com/videos/202603/06/41318335/original/(m=eaAaGwObaaamqv)(mh=7EoSovTQA8jA5ydZ)5.jpg;https://ei.phncdn.com/videos/202603/06/41318335/original/(m=eaAaGwObaaamqv)(mh=7EoSovTQA8jA5ydZ)6.jpg;https://ei.phncdn.com/videos/202603/06/41318335/original/(m=eaAaGwObaaamqv)(mh=7EoSovTQA8jA5ydZ)7.jpg;https://ei.phncdn.com/videos/202603/06/41318335/original/(m=eaAaGwObaaamqv)(mh=7EoSovTQA8jA5ydZ)8.jpg;https://ei.phncdn.com/videos/202603/06/41318335/original/(m=eaAaGwObaaamqv)(mh=7EoSovTQA8jA5ydZ)9.jpg;https://ei.phncdn.com/videos/202603/06/41318335/original/(m=eaAaGwObaaamqv)(mh=7EoSovTQA8jA5ydZ)10.jpg;https://ei.phncdn.com/videos/202603/06/41318335/original/(m=eaAaGwObaaamqv)(mh=7EoSovTQA8jA5ydZ)11.jpg;https://ei.phncdn.com/videos/202603/06/41318335/original/(m=eaAaGwObaaamqv)(mh=7EoSovTQA8jA5ydZ)12.jpg;https://ei.phncdn.com/videos/202603/06/41318335/original/(m=eaAaGwObaaamqv)(mh=7EoSovTQA8jA5ydZ)13.jpg;https://ei.phncdn.com/videos/202603/06/41318335/original/(m=eaAaGwObaaamqv)(mh=7EoSovTQA8jA5ydZ)14.jpg;https://ei.phncdn.com/videos/202603/06/41318335/original/(m=eaAaGwObaaamqv)(mh=7EoSovTQA8jA5ydZ)15.jpg;https://ei.phncdn.com/videos/202603/06/41318335/original/(m=eaAaGwObaaamqv)(mh=7EoSovTQA8jA5ydZ)16.jpg
<iframe src="https://www.pornhub.com/embed/69afa60eef714" frameborder="0" height="481" width="608" scrolling="no"></iframe>|https://ei.phncdn.com/videos/202603/10/41611295/original/(m=eaf8GgaaaWavb)(mh=yT34g6JCnw2Y5RZU)12.jpg|https://ei.phncdn.com/videos/202603/10/41611295/original/(m=eaf8GgaaaWavb)(mh=yT34g6JCnw2Y5RZU)1.jpg;https://ei.phncdn.com/videos/202603/10/41611295/original/(m=eaf8GgaaaWavb)(mh=yT34g6JCnw2Y5RZU)2.jpg;https://ei.phncdn.com/videos/202603/10/41611295/original/(m=eaf8GgaaaWavb)(mh=yT34g6JCnw2Y5RZU)3.jpg;https://ei.phncdn.com/videos/202603/10/41611295/original/(m=eaf8GgaaaWavb)(mh=yT34g6JCnw2Y5RZU)4.jpg;https://ei.phncdn.com/videos/202603/10/41611295/original/(m=eaf8GgaaaWavb)(mh=yT34g6JCnw2Y5RZU)5.jpg;https://ei.phncdn.com/videos/202603/10/41611295/original/(m=eaf8GgaaaWavb)(mh=yT34g6JCnw2Y5RZU)6.jpg;https://ei.phncdn.com/videos/202603/10/41611295/original/(m=eaf8GgaaaWavb)(mh=yT34g6JCnw2Y5RZU)7.jpg;https://ei.phncdn.com/videos/202603/10/41611295/original/(m=eaf8GgaaaWavb)(mh=yT34g6JCnw2Y5RZU)8.jpg;https://ei.phncdn.com/videos/202603/10/41611295/original/(m=eaf8GgaaaWavb)(mh=yT34g6JCnw2Y5RZU)9.jpg;https://ei.phncdn.com/videos/202603/10/41611295/original/(m=eaf8GgaaaWavb)(mh=yT34g6JCnw2Y5RZU)10.jpg;https://ei.phncdn.com/videos/202603/10/41611295/original/(m=eaf8GgaaaWavb)(mh=yT34g6JCnw2Y5RZU)11.jpg;https://ei.phncdn.com/videos/202603/10/41611295/original/(m=eaf8GgaaaWavb)(mh=yT34g6JCnw2Y5RZU)12.jpg;https://ei.phncdn.com/videos/202603/10/41611295/original/(m=eaf8GgaaaWavb)(mh=yT34g6JCnw2Y5RZU)13.jpg;https://ei.phncdn.com/videos/202603/10/41611295/original/(m=eaf8GgaaaWavb)(mh=yT34g6JCnw2Y5RZU)14.jpg;https://ei.phncdn.com/videos/202603/10/41611295/original/(m=eaf8GgaaaWavb)(mh=yT34g6JCnw2Y5RZU)15.jpg;https://ei.phncdn.com/videos/202603/10/41611295/original/(m=eaf8GgaaaWavb)(mh=yT34g6JCnw2Y5RZU)16.jpg|You've never seen anything like it: Natzinha Morena naked, sweaty, and oiled up.|big-tits-milf;casada-safada;morena-magrinha;fitness-milf|Brazilian;Exclusive;Verified Amateurs;Solo Female||66|489|21|1|https://ei.phncdn.com/videos/202603/10/41611295/original/(m=eaAaGwObaaamqv)(mh=zhznym4XWP6s6ZO-)12.jpg|https://ei.phncdn.com/videos/202603/10/41611295/original/(m=eaAaGwObaaamqv)(mh=zhznym4XWP6s6ZO-)1.jpg;https://ei.phncdn.com/videos/202603/10/41611295/original/(m=eaAaGwObaaamqv)(mh=zhznym4XWP6s6ZO-)2.jpg;https://ei.phncdn.com/videos/202603/10/41611295/original/(m=eaAaGwObaaamqv)(mh=zhznym4XWP6s6ZO-)3.jpg;https://ei.phncdn.com/videos/202603/10/41611295/original/(m=eaAaGwObaaamqv)(mh=zhznym4XWP6s6ZO-)4.jpg;https://ei.phncdn.com/videos/202603/10/41611295/original/(m=eaAaGwObaaamqv)(mh=zhznym4XWP6s6ZO-)5.jpg;https://ei.phncdn.com/videos/202603/10/41611295/original/(m=eaAaGwObaaamqv)(mh=zhznym4XWP6s6ZO-)6.jpg;https://ei.phncdn.com/videos/202603/10/41611295/original/(m=eaAaGwObaaamqv)(mh=zhznym4XWP6s6ZO-)7.jpg;https://ei.phncdn.com/videos/202603/10/41611295/original/(m=eaAaGwObaaamqv)(mh=zhznym4XWP6s6ZO-)8.jpg;https://ei.phncdn.com/videos/202603/10/41611295/original/(m=eaAaGwObaaamqv)(mh=zhznym4XWP6s6ZO-)9.jpg;https://ei.phncdn.com/videos/202603/10/41611295/original/(m=eaAaGwObaaamqv)(mh=zhznym4XWP6s6ZO-)10.jpg;https://ei.phncdn.com/videos/202603/10/41611295/original/(m=eaAaGwObaaamqv)(mh=zhznym4XWP6s6ZO-)11.jpg;https://ei.phncdn.com/videos/202603/10/41611295/original/(m=eaAaGwObaaamqv)(mh=zhznym4XWP6s6ZO-)12.jpg;https://ei.phncdn.com/videos/202603/10/41611295/original/(m=eaAaGwObaaamqv)(mh=zhznym4XWP6s6ZO-)13.jpg;https://ei.phncdn.com/videos/202603/10/41611295/original/(m=eaAaGwObaaamqv)(mh=zhznym4XWP6s6ZO-)14.jpg;https://ei.phncdn.com/videos/202603/10/41611295/original/(m=eaAaGwObaaamqv)(mh=zhznym4XWP6s6ZO-)15.jpg;https://ei.phncdn.com/videos/202603/10/41611295/original/(m=eaAaGwObaaamqv)(mh=zhznym4XWP6s6ZO-)16.jpg
<iframe src="https://www.pornhub.com/embed/69ba04bec6921" frameborder="0" height="481" width="608" scrolling="no"></iframe>|https://ei.phncdn.com/videos/202603/18/42380655/original/(m=eaf8GgaaaWavb)(mh=hxGKcpLOlWx1ScVy)16.jpg|https://ei.phncdn.com/videos/202603/18/42380655/original/(m=eaf8GgaaaWavb)(mh=hxGKcpLOlWx1ScVy)1.jpg;https://ei.phncdn.com/videos/202603/18/42380655/original/(m=eaf8GgaaaWavb)(mh=hxGKcpLOlWx1ScVy)2.jpg;https://ei.phncdn.com/videos/202603/18/42380655/original/(m=eaf8GgaaaWavb)(mh=hxGKcpLOlWx1ScVy)3.jpg;https://ei.phncdn.com/videos/202603/18/42380655/original/(m=eaf8GgaaaWavb)(mh=hxGKcpLOlWx1ScVy)4.jpg;https://ei.phncdn.com/videos/202603/18/42380655/original/(m=eaf8GgaaaWavb)(mh=hxGKcpLOlWx1ScVy)5.jpg;https://ei.phncdn.com/videos/202603/18/42380655/original/(m=eaf8GgaaaWavb)(mh=hxGKcpLOlWx1ScVy)6.jpg;https://ei.phncdn.com/videos/202603/18/42380655/original/(m=eaf8GgaaaWavb)(mh=hxGKcpLOlWx1ScVy)7.jpg;https://ei.phncdn.com/videos/202603/18/42380655/original/(m=eaf8GgaaaWavb)(mh=hxGKcpLOlWx1ScVy)8.jpg;https://ei.phncdn.com/videos/202603/18/42380655/original/(m=eaf8GgaaaWavb)(mh=hxGKcpLOlWx1ScVy)9.jpg;https://ei.phncdn.com/videos/202603/18/42380655/original/(m=eaf8GgaaaWavb)(mh=hxGKcpLOlWx1ScVy)10.jpg;https://ei.phncdn.com/videos/202603/18/42380655/original/(m=eaf8GgaaaWavb)(mh=hxGKcpLOlWx1ScVy)11.jpg;https://ei.phncdn.com/videos/202603/18/42380655/original/(m=eaf8GgaaaWavb)(mh=hxGKcpLOlWx1ScVy)12.jpg;https://ei.phncdn.com/videos/202603/18/42380655/original/(m=eaf8GgaaaWavb)(mh=hxGKcpLOlWx1ScVy)13.jpg;https://ei.phncdn.com/videos/202603/18/42380655/original/(m=eaf8GgaaaWavb)(mh=hxGKcpLOlWx1ScVy)14.jpg;https://ei.phncdn.com/videos/202603/18/42380655/original/(m=eaf8GgaaaWavb)(mh=hxGKcpLOlWx1ScVy)15.jpg;https://ei.phncdn.com/videos/202603/18/42380655/original/(m=eaf8GgaaaWavb)(mh=hxGKcpLOlWx1ScVy)16.jpg|Skarleth Poison’s Boobs 🍒|latina;big-boobs;skarleth-poison|Brazilian;Japanese;Exclusive;Verified Amateurs;Solo Female||76|586|93|4|https://ei.phncdn.com/videos/202603/18/42380655/original/(m=eaAaGwObaaamqv)(mh=053_ut45yGT25dky)16.jpg|https://ei.phncdn.com/videos/202603/18/42380655/original/(m=eaAaGwObaaamqv)(mh=053_ut45yGT25dky)1.jpg;https://ei.phncdn.com/videos/202603/18/42380655/original/(m=eaAaGwObaaamqv)(mh=053_ut45yGT25dky)2.jpg;https://ei.phncdn.com/videos/202603/18/42380655/original/(m=eaAaGwObaaamqv)(mh=053_ut45yGT25dky)3.jpg;https://ei.phncdn.com/videos/202603/18/42380655/original/(m=eaAaGwObaaamqv)(mh=053_ut45yGT25dky)4.jpg;https://ei.phncdn.com/videos/202603/18/42380655/original/(m=eaAaGwObaaamqv)(mh=053_ut45yGT25dky)5.jpg;https://ei.phncdn.com/videos/202603/18/42380655/original/(m=eaAaGwObaaamqv)(mh=053_ut45yGT25dky)6.jpg;https://ei.phncdn.com/videos/202603/18/42380655/original/(m=eaAaGwObaaamqv)(mh=053_ut45yGT25dky)7.jpg;https://ei.phncdn.com/videos/202603/18/42380655/original/(m=eaAaGwObaaamqv)(mh=053_ut45yGT25dky)8.jpg;https://ei.phncdn.com/videos/202603/18/42380655/original/(m=eaAaGwObaaamqv)(mh=053_ut45yGT25dky)9.jpg;https://ei.phncdn.com/videos/202603/18/42380655/original/(m=eaAaGwObaaamqv)(mh=053_ut45yGT25dky)10.jpg;https://ei.phncdn.com/videos/202603/18/42380655/original/(m=eaAaGwObaaamqv)(mh=053_ut45yGT25dky)11.jpg;https://ei.phncdn.com/videos/202603/18/42380655/original/(m=eaAaGwObaaamqv)(mh=053_ut45yGT25dky)12.jpg;https://ei.phncdn.com/videos/202603/18/42380655/original/(m=eaAaGwObaaamqv)(mh=053_ut45yGT25dky)13.jpg;https://ei.phncdn.com/videos/202603/18/42380655/original/(m=eaAaGwObaaamqv)(mh=053_ut45yGT25dky)14.jpg;https://ei.phncdn.com/videos/202603/18/42380655/original/(m=eaAaGwObaaamqv)(mh=053_ut45yGT25dky)15.jpg;https://ei.phncdn.com/videos/202603/18/42380655/original/(m=eaAaGwObaaamqv)(mh=053_ut45yGT25dky)16.jpg
<iframe src="https://www.pornhub.com/embed/69ba0ad356d65" frameborder="0" height="481" width="608" scrolling="no"></iframe>|https://ei.phncdn.com/videos/202603/18/42382145/original/(m=eaf8GgaaaWavb)(mh=w-iDgP_3b-mdR18v)12.jpg|https://ei.phncdn.com/videos/202603/18/42382145/original/(m=eaf8GgaaaWavb)(mh=w-iDgP_3b-mdR18v)1.jpg;https://ei.phncdn.com/videos/202603/18/42382145/original/(m=eaf8GgaaaWavb)(mh=w-iDgP_3b-mdR18v)2.jpg;https://ei.phncdn.com/videos/202603/18/42382145/original/(m=eaf8GgaaaWavb)(mh=w-iDgP_3b-mdR18v)3.jpg;https://ei.phncdn.com/videos/202603/18/42382145/original/(m=eaf8GgaaaWavb)(mh=w-iDgP_3b-mdR18v)4.jpg;https://ei.phncdn.com/videos/202603/18/42382145/original/(m=eaf8GgaaaWavb)(mh=w-iDgP_3b-mdR18v)5.jpg;https://ei.phncdn.com/videos/202603/18/42382145/original/(m=eaf8GgaaaWavb)(mh=w-iDgP_3b-mdR18v)6.jpg;https://ei.phncdn.com/videos/202603/18/42382145/original/(m=eaf8GgaaaWavb)(mh=w-iDgP_3b-mdR18v)7.jpg;https://ei.phncdn.com/videos/202603/18/42382145/original/(m=eaf8GgaaaWavb)(mh=w-iDgP_3b-mdR18v)8.jpg;https://ei.phncdn.com/videos/202603/18/42382145/original/(m=eaf8GgaaaWavb)(mh=w-iDgP_3b-mdR18v)9.jpg;https://ei.phncdn.com/videos/202603/18/42382145/original/(m=eaf8GgaaaWavb)(mh=w-iDgP_3b-mdR18v)10.jpg;https://ei.phncdn.com/videos/202603/18/42382145/original/(m=eaf8GgaaaWavb)(mh=w-iDgP_3b-mdR18v)11.jpg;https://ei.phncdn.com/videos/202603/18/42382145/original/(m=eaf8GgaaaWavb)(mh=w-iDgP_3b-mdR18v)12.jpg;https://ei.phncdn.com/videos/202603/18/42382145/original/(m=eaf8GgaaaWavb)(mh=w-iDgP_3b-mdR18v)13.jpg;https://ei.phncdn.com/videos/202603/18/42382145/original/(m=eaf8GgaaaWavb)(mh=w-iDgP_3b-mdR18v)14.jpg;https://ei.phncdn.com/videos/202603/18/42382145/original/(m=eaf8GgaaaWavb)(mh=w-iDgP_3b-mdR18v)15.jpg;https://ei.phncdn.com/videos/202603/18/42382145/original/(m=eaf8GgaaaWavb)(mh=w-iDgP_3b-mdR18v)16.jpg|Mestra do Prazer: Onde o tantra vira sacanagem pura.|amador-brasil;big-ass-porn;beautiful-japanese;amateur-anal;gata;morena-gostosa;gostosa-de-academia|Brazilian;Japanese;Exclusive;Verified Amateurs||626|3039|16|1|https://ei.phncdn.com/videos/202603/18/42382145/original/(m=eaAaGwObaaamqv)(mh=uLgZR9_8RqBt5Kgc)12.jpg|https://ei.phncdn.com/videos/202603/18/42382145/original/(m=eaAaGwObaaamqv)(mh=uLgZR9_8RqBt5Kgc)1.jpg;https://ei.phncdn.com/videos/202603/18/42382145/original/(m=eaAaGwObaaamqv)(mh=uLgZR9_8RqBt5Kgc)2.jpg;https://ei.phncdn.com/videos/202603/18/42382145/original/(m=eaAaGwObaaamqv)(mh=uLgZR9_8RqBt5Kgc)3.jpg;https://ei.phncdn.com/videos/202603/18/42382145/original/(m=eaAaGwObaaamqv)(mh=uLgZR9_8RqBt5Kgc)4.jpg;https://ei.phncdn.com/videos/202603/18/42382145/original/(m=eaAaGwObaaamqv)(mh=uLgZR9_8RqBt5Kgc)5.jpg;https://ei.phncdn.com/videos/202603/18/42382145/original/(m=eaAaGwObaaamqv)(mh=uLgZR9_8RqBt5Kgc)6.jpg;https://ei.phncdn.com/videos/202603/18/42382145/original/(m=eaAaGwObaaamqv)(mh=uLgZR9_8RqBt5Kgc)7.jpg;https://ei.phncdn.com/videos/202603/18/42382145/original/(m=eaAaGwObaaamqv)(mh=uLgZR9_8RqBt5Kgc)8.jpg;https://ei.phncdn.com/videos/202603/18/42382145/original/(m=eaAaGwObaaamqv)(mh=uLgZR9_8RqBt5Kgc)9.jpg;https://ei.phncdn.com/videos/202603/18/42382145/original/(m=eaAaGwObaaamqv)(mh=uLgZR9_8RqBt5Kgc)10.jpg;https://ei.phncdn.com/videos/202603/18/42382145/original/(m=eaAaGwObaaamqv)(mh=uLgZR9_8RqBt5Kgc)11.jpg;https://ei.phncdn.com/videos/202603/18/42382145/original/(m=eaAaGwObaaamqv)(mh=uLgZR9_8RqBt5Kgc)12.jpg;https://ei.phncdn.com/videos/202603/18/42382145/original/(m=eaAaGwObaaamqv)(mh=uLgZR9_8RqBt5Kgc)13.jpg;https://ei.phncdn.com/videos/202603/18/42382145/original/(m=eaAaGwObaaamqv)(mh=uLgZR9_8RqBt5Kgc)14.jpg;https://ei.phncdn.com/videos/202603/18/42382145/original/(m=eaAaGwObaaamqv)(mh=uLgZR9_8RqBt5Kgc)15.jpg;https://ei.phncdn.com/videos/202603/18/42382145/original/(m=eaAaGwObaaamqv)(mh=uLgZR9_8RqBt5Kgc)16.jpg
<iframe src="https://www.pornhub.com/embed/69ba0e9bb5ad0" frameborder="0" height="481" width="608" scrolling="no"></iframe>|https://ei.phncdn.com/videos/202603/18/42383335/original/(m=eaf8GgaaaWavb)(mh=Z2OR2aHiLuv98X6K)2.jpg|https://ei.phncdn.com/videos/202603/18/42383335/original/(m=eaf8GgaaaWavb)(mh=Z2OR2aHiLuv98X6K)1.jpg;https://ei.phncdn.com/videos/202603/18/42383335/original/(m=eaf8GgaaaWavb)(mh=Z2OR2aHiLuv98X6K)2.jpg;https://ei.phncdn.com/videos/202603/18/42383335/original/(m=eaf8GgaaaWavb)(mh=Z2OR2aHiLuv98X6K)3.jpg;https://ei.phncdn.com/videos/202603/18/42383335/original/(m=eaf8GgaaaWavb)(mh=Z2OR2aHiLuv98X6K)4.jpg;https://ei.phncdn.com/videos/202603/18/42383335/original/(m=eaf8GgaaaWavb)(mh=Z2OR2aHiLuv98X6K)5.jpg;https://ei.phncdn.com/videos/202603/18/42383335/original/(m=eaf8GgaaaWavb)(mh=Z2OR2aHiLuv98X6K)6.jpg;https://ei.phncdn.com/videos/202603/18/42383335/original/(m=eaf8GgaaaWavb)(mh=Z2OR2aHiLuv98X6K)7.jpg;https://ei.phncdn.com/videos/202603/18/42383335/original/(m=eaf8GgaaaWavb)(mh=Z2OR2aHiLuv98X6K)8.jpg;https://ei.phncdn.com/videos/202603/18/42383335/original/(m=eaf8GgaaaWavb)(mh=Z2OR2aHiLuv98X6K)9.jpg;https://ei.phncdn.com/videos/202603/18/42383335/original/(m=eaf8GgaaaWavb)(mh=Z2OR2aHiLuv98X6K)10.jpg;https://ei.phncdn.com/videos/202603/18/42383335/original/(m=eaf8GgaaaWavb)(mh=Z2OR2aHiLuv98X6K)11.jpg;https://ei.phncdn.com/videos/202603/18/42383335/original/(m=eaf8GgaaaWavb)(mh=Z2OR2aHiLuv98X6K)12.jpg;https://ei.phncdn.com/videos/202603/18/42383335/original/(m=eaf8GgaaaWavb)(mh=Z2OR2aHiLuv98X6K)13.jpg;https://ei.phncdn.com/videos/202603/18/42383335/original/(m=eaf8GgaaaWavb)(mh=Z2OR2aHiLuv98X6K)14.jpg;https://ei.phncdn.com/videos/202603/18/42383335/original/(m=eaf8GgaaaWavb)(mh=Z2OR2aHiLuv98X6K)15.jpg;https://ei.phncdn.com/videos/202603/18/42383335/original/(m=eaf8GgaaaWavb)(mh=Z2OR2aHiLuv98X6K)16.jpg|Skar is a little crazy|big-ass-latina;dancing|Brazilian;Korean;Exclusive;Verified Amateurs;Solo Female||26|120|35|1|https://ei.phncdn.com/videos/202603/18/42383335/original/(m=eaAaGwObaaamqv)(mh=9L4jPIpnf2EOaeGs)2.jpg|https://ei.phncdn.com/videos/202603/18/42383335/original/(m=eaAaGwObaaamqv)(mh=9L4jPIpnf2EOaeGs)1.jpg;https://ei.phncdn.com/videos/202603/18/42383335/original/(m=eaAaGwObaaamqv)(mh=9L4jPIpnf2EOaeGs)2.jpg;https://ei.phncdn.com/videos/202603/18/42383335/original/(m=eaAaGwObaaamqv)(mh=9L4jPIpnf2EOaeGs)3.jpg;https://ei.phncdn.com/videos/202603/18/42383335/original/(m=eaAaGwObaaamqv)(mh=9L4jPIpnf2EOaeGs)4.jpg;https://ei.phncdn.com/videos/202603/18/42383335/original/(m=eaAaGwObaaamqv)(mh=9L4jPIpnf2EOaeGs)5.jpg;https://ei.phncdn.com/videos/202603/18/42383335/original/(m=eaAaGwObaaamqv)(mh=9L4jPIpnf2EOaeGs)6.jpg;https://ei.phncdn.com/videos/202603/18/42383335/original/(m=eaAaGwObaaamqv)(mh=9L4jPIpnf2EOaeGs)7.jpg;https://ei.phncdn.com/videos/202603/18/42383335/original/(m=eaAaGwObaaamqv)(mh=9L4jPIpnf2EOaeGs)8.jpg;https://ei.phncdn.com/videos/202603/18/42383335/original/(m=eaAaGwObaaamqv)(mh=9L4jPIpnf2EOaeGs)9.jpg;https://ei.phncdn.com/videos/202603/18/42383335/original/(m=eaAaGwObaaamqv)(mh=9L4jPIpnf2EOaeGs)10.jpg;https://ei.phncdn.com/videos/202603/18/42383335/original/(m=eaAaGwObaaamqv)(mh=9L4jPIpnf2EOaeGs)11.jpg;https://ei.phncdn.com/videos/202603/18/42383335/original/(m=eaAaGwObaaamqv)(mh=9L4jPIpnf2EOaeGs)12.jpg;https://ei.phncdn.com/videos/202603/18/42383335/original/(m=eaAaGwObaaamqv)(mh=9L4jPIpnf2EOaeGs)13.jpg;https://ei.phncdn.com/videos/202603/18/42383335/original/(m=eaAaGwObaaamqv)(mh=9L4jPIpnf2EOaeGs)14.jpg;https://ei.phncdn.com/videos/202603/18/42383335/original/(m=eaAaGwObaaamqv)(mh=9L4jPIpnf2EOaeGs)15.jpg;https://ei.phncdn.com/videos/202603/18/42383335/original/(m=eaAaGwObaaamqv)(mh=9L4jPIpnf2EOaeGs)16.jpg
<iframe src="https://www.pornhub.com/embed/69ba2d0c7f1a7" frameborder="0" height="481" width="608" scrolling="no"></iframe>|https://ei.phncdn.com/videos/202603/18/42392845/original/(m=qJZOT80beaf8GgaaaWavb)(mh=60wkatEbdBdYoBfy)0.jpg|https://ei.phncdn.com/videos/202603/18/42392845/original/(m=eaf8GgaaaWavb)(mh=_ewJGnVH7OXPPCQA)1.jpg;https://ei.phncdn.com/videos/202603/18/42392845/original/(m=eaf8GgaaaWavb)(mh=_ewJGnVH7OXPPCQA)2.jpg;https://ei.phncdn.com/videos/202603/18/42392845/original/(m=eaf8GgaaaWavb)(mh=_ewJGnVH7OXPPCQA)3.jpg;https://ei.phncdn.com/videos/202603/18/42392845/original/(m=eaf8GgaaaWavb)(mh=_ewJGnVH7OXPPCQA)4.jpg;https://ei.phncdn.com/videos/202603/18/42392845/original/(m=eaf8GgaaaWavb)(mh=_ewJGnVH7OXPPCQA)5.jpg;https://ei.phncdn.com/videos/202603/18/42392845/original/(m=eaf8GgaaaWavb)(mh=_ewJGnVH7OXPPCQA)6.jpg;https://ei.phncdn.com/videos/202603/18/42392845/original/(m=eaf8GgaaaWavb)(mh=_ewJGnVH7OXPPCQA)7.jpg;https://ei.phncdn.com/videos/202603/18/42392845/original/(m=eaf8GgaaaWavb)(mh=_ewJGnVH7OXPPCQA)8.jpg;https://ei.phncdn.com/videos/202603/18/42392845/original/(m=eaf8GgaaaWavb)(mh=_ewJGnVH7OXPPCQA)9.jpg;https://ei.phncdn.com/videos/202603/18/42392845/original/(m=eaf8GgaaaWavb)(mh=_ewJGnVH7OXPPCQA)10.jpg;https://ei.phncdn.com/videos/202603/18/42392845/original/(m=eaf8GgaaaWavb)(mh=_ewJGnVH7OXPPCQA)11.jpg;https://ei.phncdn.com/videos/202603/18/42392845/original/(m=eaf8GgaaaWavb)(mh=_ewJGnVH7OXPPCQA)12.jpg;https://ei.phncdn.com/videos/202603/18/42392845/original/(m=eaf8GgaaaWavb)(mh=_ewJGnVH7OXPPCQA)13.jpg;https://ei.phncdn.com/videos/202603/18/42392845/original/(m=eaf8GgaaaWavb)(mh=_ewJGnVH7OXPPCQA)14.jpg;https://ei.phncdn.com/videos/202603/18/42392845/original/(m=eaf8GgaaaWavb)(mh=_ewJGnVH7OXPPCQA)15.jpg;https://ei.phncdn.com/videos/202603/18/42392845/original/(m=eaf8GgaaaWavb)(mh=_ewJGnVH7OXPPCQA)16.jpg|Big ATM to little petite with anal creampie, she loves it!|amateur-anal;anal-creampie;anal-atm;atm-swallow;creampie-anal;petite-anal;petite;big-dick-anal;anal-sex;atm|Brazilian;Korean;Exclusive;Verified Amateurs||656|18453|142|3|https://ei.phncdn.com/videos/202603/18/42392845/original/(m=qJZOT80beaAaGwObaaamqv)(mh=X30geTNhq1ELoEa5)0.jpg|https://ei.phncdn.com/videos/202603/18/42392845/original/(m=eaAaGwObaaamqv)(mh=97N-1PN4IEBJGeks)1.jpg;https://ei.phncdn.com/videos/202603/18/42392845/original/(m=eaAaGwObaaamqv)(mh=97N-1PN4IEBJGeks)2.jpg;https://ei.phncdn.com/videos/202603/18/42392845/original/(m=eaAaGwObaaamqv)(mh=97N-1PN4IEBJGeks)3.jpg;https://ei.phncdn.com/videos/202603/18/42392845/original/(m=eaAaGwObaaamqv)(mh=97N-1PN4IEBJGeks)4.jpg;https://ei.phncdn.com/videos/202603/18/42392845/original/(m=eaAaGwObaaamqv)(mh=97N-1PN4IEBJGeks)5.jpg;https://ei.phncdn.com/videos/202603/18/42392845/original/(m=eaAaGwObaaamqv)(mh=97N-1PN4IEBJGeks)6.jpg;https://ei.phncdn.com/videos/202603/18/42392845/original/(m=eaAaGwObaaamqv)(mh=97N-1PN4IEBJGeks)7.jpg;https://ei.phncdn.com/videos/202603/18/42392845/original/(m=eaAaGwObaaamqv)(mh=97N-1PN4IEBJGeks)8.jpg;https://ei.phncdn.com/videos/202603/18/42392845/original/(m=eaAaGwObaaamqv)(mh=97N-1PN4IEBJGeks)9.jpg;https://ei.phncdn.com/videos/202603/18/42392845/original/(m=eaAaGwObaaamqv)(mh=97N-1PN4IEBJGeks)10.jpg;https://ei.phncdn.com/videos/202603/18/42392845/original/(m=eaAaGwObaaamqv)(mh=97N-1PN4IEBJGeks)11.jpg;https://ei.phncdn.com/videos/202603/18/42392845/original/(m=eaAaGwObaaamqv)(mh=97N-1PN4IEBJGeks)12.jpg;https://ei.phncdn.com/videos/202603/18/42392845/original/(m=eaAaGwObaaamqv)(mh=97N-1PN4IEBJGeks)13.jpg;https://ei.phncdn.com/videos/202603/18/42392845/original/(m=eaAaGwObaaamqv)(mh=97N-1PN4IEBJGeks)14.jpg;https://ei.phncdn.com/videos/202603/18/42392845/original/(m=eaAaGwObaaamqv)(mh=97N-1PN4IEBJGeks)15.jpg;https://ei.phncdn.com/videos/202603/18/42392845/original/(m=eaAaGwObaaamqv)(mh=97N-1PN4IEBJGeks)16.jpg
<iframe src="https://www.pornhub.com/embed/69c6f243944fc" frameborder="0" height="481" width="608" scrolling="no"></iframe>|https://ei.phncdn.com/videos/202603/27/43575735/original/(m=eaf8GgaaaWavb)(mh=wUsgsY3CfE-yea9g)8.jpg|https://ei.phncdn.com/videos/202603/27/43575735/original/(m=eaf8GgaaaWavb)(mh=wUsgsY3CfE-yea9g)1.jpg;https://ei.phncdn.com/videos/202603/27/43575735/original/(m=eaf8GgaaaWavb)(mh=wUsgsY3CfE-yea9g)2.jpg;https://ei.phncdn.com/videos/202603/27/43575735/original/(m=eaf8GgaaaWavb)(mh=wUsgsY3CfE-yea9g)3.jpg;https://ei.phncdn.com/videos/202603/27/43575735/original/(m=eaf8GgaaaWavb)(mh=wUsgsY3CfE-yea9g)4.jpg;https://ei.phncdn.com/videos/202603/27/43575735/original/(m=eaf8GgaaaWavb)(mh=wUsgsY3CfE-yea9g)5.jpg;https://ei.phncdn.com/videos/202603/27/43575735/original/(m=eaf8GgaaaWavb)(mh=wUsgsY3CfE-yea9g)6.jpg;https://ei.phncdn.com/videos/202603/27/43575735/original/(m=eaf8GgaaaWavb)(mh=wUsgsY3CfE-yea9g)7.jpg;https://ei.phncdn.com/videos/202603/27/43575735/original/(m=eaf8GgaaaWavb)(mh=wUsgsY3CfE-yea9g)8.jpg;https://ei.phncdn.com/videos/202603/27/43575735/original/(m=eaf8GgaaaWavb)(mh=wUsgsY3CfE-yea9g)9.jpg;https://ei.phncdn.com/videos/202603/27/43575735/original/(m=eaf8GgaaaWavb)(mh=wUsgsY3CfE-yea9g)10.jpg;https://ei.phncdn.com/videos/202603/27/43575735/original/(m=eaf8GgaaaWavb)(mh=wUsgsY3CfE-yea9g)11.jpg;https://ei.phncdn.com/videos/202603/27/43575735/original/(m=eaf8GgaaaWavb)(mh=wUsgsY3CfE-yea9g)12.jpg;https://ei.phncdn.com/videos/202603/27/43575735/original/(m=eaf8GgaaaWavb)(mh=wUsgsY3CfE-yea9g)13.jpg;https://ei.phncdn.com/videos/202603/27/43575735/original/(m=eaf8GgaaaWavb)(mh=wUsgsY3CfE-yea9g)14.jpg;https://ei.phncdn.com/videos/202603/27/43575735/original/(m=eaf8GgaaaWavb)(mh=wUsgsY3CfE-yea9g)15.jpg;https://ei.phncdn.com/videos/202603/27/43575735/original/(m=eaf8GgaaaWavb)(mh=wUsgsY3CfE-yea9g)16.jpg|compañera de trabajo juega con mi polla en la oficina|companera-de-trabajo;compañero-de-trabajo;en-la-oficina;ema;parejas-aficionados;big-dick;big-ass-latina;estado-de-mexico;estados-unidos;hermosa;jefa-oficina;oficina;caliente|Brazilian;Verified Amateurs;Muscular Men||477|222|||https://ei.phncdn.com/videos/202603/27/43575735/original/(m=eaAaGwObaaamqv)(mh=DSuNIydUaMXM-J1_)8.jpg|https://ei.phncdn.com/videos/202603/27/43575735/original/(m=eaAaGwObaaamqv)(mh=DSuNIydUaMXM-J1_)1.jpg;https://ei.phncdn.com/videos/202603/27/43575735/original/(m=eaAaGwObaaamqv)(mh=DSuNIydUaMXM-J1_)2.jpg;https://ei.phncdn.com/videos/202603/27/43575735/original/(m=eaAaGwObaaamqv)(mh=DSuNIydUaMXM-J1_)3.jpg;https://ei.phncdn.com/videos/202603/27/43575735/original/(m=eaAaGwObaaamqv)(mh=DSuNIydUaMXM-J1_)4.jpg;https://ei.phncdn.com/videos/202603/27/43575735/original/(m=eaAaGwObaaamqv)(mh=DSuNIydUaMXM-J1_)5.jpg;https://ei.phncdn.com/videos/202603/27/43575735/original/(m=eaAaGwObaaamqv)(mh=DSuNIydUaMXM-J1_)6.jpg;https://ei.phncdn.com/videos/202603/27/43575735/original/(m=eaAaGwObaaamqv)(mh=DSuNIydUaMXM-J1_)7.jpg;https://ei.phncdn.com/videos/202603/27/43575735/original/(m=eaAaGwObaaamqv)(mh=DSuNIydUaMXM-J1_)8.jpg;https://ei.phncdn.com/videos/202603/27/43575735/original/(m=eaAaGwObaaamqv)(mh=DSuNIydUaMXM-J1_)9.jpg;https://ei.phncdn.com/videos/202603/27/43575735/original/(m=eaAaGwObaaamqv)(mh=DSuNIydUaMXM-J1_)10.jpg;https://ei.phncdn.com/videos/202603/27/43575735/original/(m=eaAaGwObaaamqv)(mh=DSuNIydUaMXM-J1_)11.jpg;https://ei.phncdn.com/videos/202603/27/43575735/original/(m=eaAaGwObaaamqv)(mh=DSuNIydUaMXM-J1_)12.jpg;https://ei.phncdn.com/videos/202603/27/43575735/original/(m=eaAaGwObaaamqv)(mh=DSuNIydUaMXM-J1_)13.jpg;https://ei.phncdn.com/videos/202603/27/43575735/original/(m=eaAaGwObaaamqv)(mh=DSuNIydUaMXM-J1_)14.jpg;https://ei.phncdn.com/videos/202603/27/43575735/original/(m=eaAaGwObaaamqv)(mh=DSuNIydUaMXM-J1_)15.jpg;https://ei.phncdn.com/videos/202603/27/43575735/original/(m=eaAaGwObaaamqv)(mh=DSuNIydUaMXM-J1_)16.jpg
<iframe src="https://www.pornhub.com/embed/69c6f10a09a50" frameborder="0" height="481" width="608" scrolling="no"></iframe>|https://ei.phncdn.com/videos/202603/27/43575395/original/(m=eaf8GgaaaWavb)(mh=0NjsurEGeI2CkXDb)12.jpg|https://ei.phncdn.com/videos/202603/27/43575395/original/(m=eaf8GgaaaWavb)(mh=0NjsurEGeI2CkXDb)1.jpg;https://ei.phncdn.com/videos/202603/27/43575395/original/(m=eaf8GgaaaWavb)(mh=0NjsurEGeI2CkXDb)2.jpg;https://ei.phncdn.com/videos/202603/27/43575395/original/(m=eaf8GgaaaWavb)(mh=0NjsurEGeI2CkXDb)3.jpg;https://ei.phncdn.com/videos/202603/27/43575395/original/(m=eaf8GgaaaWavb)(mh=0NjsurEGeI2CkXDb)4.jpg;https://ei.phncdn.com/videos/202603/27/43575395/original/(m=eaf8GgaaaWavb)(mh=0NjsurEGeI2CkXDb)5.jpg;https://ei.phncdn.com/videos/202603/27/43575395/original/(m=eaf8GgaaaWavb)(mh=0NjsurEGeI2CkXDb)6.jpg;https://ei.phncdn.com/videos/202603/27/43575395/original/(m=eaf8GgaaaWavb)(mh=0NjsurEGeI2CkXDb)7.jpg;https://ei.phncdn.com/videos/202603/27/43575395/original/(m=eaf8GgaaaWavb)(mh=0NjsurEGeI2CkXDb)8.jpg;https://ei.phncdn.com/videos/202603/27/43575395/original/(m=eaf8GgaaaWavb)(mh=0NjsurEGeI2CkXDb)9.jpg;https://ei.phncdn.com/videos/202603/27/43575395/original/(m=eaf8GgaaaWavb)(mh=0NjsurEGeI2CkXDb)10.jpg;https://ei.phncdn.com/videos/202603/27/43575395/original/(m=eaf8GgaaaWavb)(mh=0NjsurEGeI2CkXDb)11.jpg;https://ei.phncdn.com/videos/202603/27/43575395/original/(m=eaf8GgaaaWavb)(mh=0NjsurEGeI2CkXDb)12.jpg;https://ei.phncdn.com/videos/202603/27/43575395/original/(m=eaf8GgaaaWavb)(mh=0NjsurEGeI2CkXDb)13.jpg;https://ei.phncdn.com/videos/202603/27/43575395/original/(m=eaf8GgaaaWavb)(mh=0NjsurEGeI2CkXDb)14.jpg;https://ei.phncdn.com/videos/202603/27/43575395/original/(m=eaf8GgaaaWavb)(mh=0NjsurEGeI2CkXDb)15.jpg;https://ei.phncdn.com/videos/202603/27/43575395/original/(m=eaf8GgaaaWavb)(mh=0NjsurEGeI2CkXDb)16.jpg|Fucking My Stepsister's Big Juicy ass: Forbidden Fantasy|onlyfans;kyasosexy;big-ass;big-tits;big-juicy-ass;bubble-butt;latina-bubble-butt;step-sis;fa;fantasy;brazilian;ebony;lightskin;pov;gystyle;xxx|Brazilian;Exclusive;Verified Amateurs;Old/Young (18+);Step Fantasy||436|11092|142|5|https://ei.phncdn.com/videos/202603/27/43575395/original/(m=eaAaGwObaaamqv)(mh=EBtP4wlXJP9zU8M-)12.jpg|https://ei.phncdn.com/videos/202603/27/43575395/original/(m=eaAaGwObaaamqv)(mh=EBtP4wlXJP9zU8M-)1.jpg;https://ei.phncdn.com/videos/202603/27/43575395/original/(m=eaAaGwObaaamqv)(mh=EBtP4wlXJP9zU8M-)2.jpg;https://ei.phncdn.com/videos/202603/27/43575395/original/(m=eaAaGwObaaamqv)(mh=EBtP4wlXJP9zU8M-)3.jpg;https://ei.phncdn.com/videos/202603/27/43575395/original/(m=eaAaGwObaaamqv)(mh=EBtP4wlXJP9zU8M-)4.jpg;https://ei.phncdn.com/videos/202603/27/43575395/original/(m=eaAaGwObaaamqv)(mh=EBtP4wlXJP9zU8M-)5.jpg;https://ei.phncdn.com/videos/202603/27/43575395/original/(m=eaAaGwObaaamqv)(mh=EBtP4wlXJP9zU8M-)6.jpg;https://ei.phncdn.com/videos/202603/27/43575395/original/(m=eaAaGwObaaamqv)(mh=EBtP4wlXJP9zU8M-)7.jpg;https://ei.phncdn.com/videos/202603/27/43575395/original/(m=eaAaGwObaaamqv)(mh=EBtP4wlXJP9zU8M-)8.jpg;https://ei.phncdn.com/videos/202603/27/43575395/original/(m=eaAaGwObaaamqv)(mh=EBtP4wlXJP9zU8M-)9.jpg;https://ei.phncdn.com/videos/202603/27/43575395/original/(m=eaAaGwObaaamqv)(mh=EBtP4wlXJP9zU8M-)10.jpg;https://ei.phncdn.com/videos/202603/27/43575395/original/(m=eaAaGwObaaamqv)(mh=EBtP4wlXJP9zU8M-)11.jpg;https://ei.phncdn.com/videos/202603/27/43575395/original/(m=eaAaGwObaaamqv)(mh=EBtP4wlXJP9zU8M-)12.jpg;https://ei.phncdn.com/videos/202603/27/43575395/original/(m=eaAaGwObaaamqv)(mh=EBtP4wlXJP9zU8M-)13.jpg;https://ei.phncdn.com/videos/202603/27/43575395/original/(m=eaAaGwObaaamqv)(mh=EBtP4wlXJP9zU8M-)14.jpg;https://ei.phncdn.com/videos/202603/27/43575395/original/(m=eaAaGwObaaamqv)(mh=EBtP4wlXJP9zU8M-)15.jpg;https://ei.phncdn.com/videos/202603/27/43575395/original/(m=eaAaGwObaaamqv)(mh=EBtP4wlXJP9zU8M-)16.jpg
<iframe src="https://www.pornhub.com/embed/69c6f2e9ea43f" frameborder="0" height="481" width="608" scrolling="no"></iframe>|https://ei.phncdn.com/videos/202603/27/43575925/original/(m=eaf8GgaaaWavb)(mh=-mJegMGWRswt-WXE)8.jpg|https://ei.phncdn.com/videos/202603/27/43575925/original/(m=eaf8GgaaaWavb)(mh=-mJegMGWRswt-WXE)1.jpg;https://ei.phncdn.com/videos/202603/27/43575925/original/(m=eaf8GgaaaWavb)(mh=-mJegMGWRswt-WXE)2.jpg;https://ei.phncdn.com/videos/202603/27/43575925/original/(m=eaf8GgaaaWavb)(mh=-mJegMGWRswt-WXE)3.jpg;https://ei.phncdn.com/videos/202603/27/43575925/original/(m=eaf8GgaaaWavb)(mh=-mJegMGWRswt-WXE)4.jpg;https://ei.phncdn.com/videos/202603/27/43575925/original/(m=eaf8GgaaaWavb)(mh=-mJegMGWRswt-WXE)5.jpg;https://ei.phncdn.com/videos/202603/27/43575925/original/(m=eaf8GgaaaWavb)(mh=-mJegMGWRswt-WXE)6.jpg;https://ei.phncdn.com/videos/202603/27/43575925/original/(m=eaf8GgaaaWavb)(mh=-mJegMGWRswt-WXE)7.jpg;https://ei.phncdn.com/videos/202603/27/43575925/original/(m=eaf8GgaaaWavb)(mh=-mJegMGWRswt-WXE)8.jpg;https://ei.phncdn.com/videos/202603/27/43575925/original/(m=eaf8GgaaaWavb)(mh=-mJegMGWRswt-WXE)9.jpg;https://ei.phncdn.com/videos/202603/27/43575925/original/(m=eaf8GgaaaWavb)(mh=-mJegMGWRswt-WXE)10.jpg;https://ei.phncdn.com/videos/202603/27/43575925/original/(m=eaf8GgaaaWavb)(mh=-mJegMGWRswt-WXE)11.jpg;https://ei.phncdn.com/videos/202603/27/43575925/original/(m=eaf8GgaaaWavb)(mh=-mJegMGWRswt-WXE)12.jpg;https://ei.phncdn.com/videos/202603/27/43575925/original/(m=eaf8GgaaaWavb)(mh=-mJegMGWRswt-WXE)13.jpg;https://ei.phncdn.com/videos/202603/27/43575925/original/(m=eaf8GgaaaWavb)(mh=-mJegMGWRswt-WXE)14.jpg;https://ei.phncdn.com/videos/202603/27/43575925/original/(m=eaf8GgaaaWavb)(mh=-mJegMGWRswt-WXE)15.jpg;https://ei.phncdn.com/videos/202603/27/43575925/original/(m=eaf8GgaaaWavb)(mh=-mJegMGWRswt-WXE)16.jpg|MUY CACHONDA EMA QUIERE JUGAR|en-la-oficina;ema;big-dick;big-ass-latina;parejas-aficionados;porno-hot;pornohd;brasileiras;estado-de-mexico;companera-de-trabajo;hermosa;colombiana;historias|Brazilian;Verified Amateurs;Muscular Men||333|2023|4|6|https://ei.phncdn.com/videos/202603/27/43575925/original/(m=eaAaGwObaaamqv)(mh=3jS2BVAIxHCQQ3ym)8.jpg|https://ei.phncdn.com/videos/202603/27/43575925/original/(m=eaAaGwObaaamqv)(mh=3jS2BVAIxHCQQ3ym)1.jpg;https://ei.phncdn.com/videos/202603/27/43575925/original/(m=eaAaGwObaaamqv)(mh=3jS2BVAIxHCQQ3ym)2.jpg;https://ei.phncdn.com/videos/202603/27/43575925/original/(m=eaAaGwObaaamqv)(mh=3jS2BVAIxHCQQ3ym)3.jpg;https://ei.phncdn.com/videos/202603/27/43575925/original/(m=eaAaGwObaaamqv)(mh=3jS2BVAIxHCQQ3ym)4.jpg;https://ei.phncdn.com/videos/202603/27/43575925/original/(m=eaAaGwObaaamqv)(mh=3jS2BVAIxHCQQ3ym)5.jpg;https://ei.phncdn.com/videos/202603/27/43575925/original/(m=eaAaGwObaaamqv)(mh=3jS2BVAIxHCQQ3ym)6.jpg;https://ei.phncdn.com/videos/202603/27/43575925/original/(m=eaAaGwObaaamqv)(mh=3jS2BVAIxHCQQ3ym)7.jpg;https://ei.phncdn.com/videos/202603/27/43575925/original/(m=eaAaGwObaaamqv)(mh=3jS2BVAIxHCQQ3ym)8.jpg;https://ei.phncdn.com/videos/202603/27/43575925/original/(m=eaAaGwObaaamqv)(mh=3jS2BVAIxHCQQ3ym)9.jpg;https://ei.phncdn.com/videos/202603/27/43575925/original/(m=eaAaGwObaaamqv)(mh=3jS2BVAIxHCQQ3ym)10.jpg;https://ei.phncdn.com/videos/202603/27/43575925/original/(m=eaAaGwObaaamqv)(mh=3jS2BVAIxHCQQ3ym)11.jpg;https://ei.phncdn.com/videos/202603/27/43575925/original/(m=eaAaGwObaaamqv)(mh=3jS2BVAIxHCQQ3ym)12.jpg;https://ei.phncdn.com/videos/202603/27/43575925/original/(m=eaAaGwObaaamqv)(mh=3jS2BVAIxHCQQ3ym)13.jpg;https://ei.phncdn.com/videos/202603/27/43575925/original/(m=eaAaGwObaaamqv)(mh=3jS2BVAIxHCQQ3ym)14.jpg;https://ei.phncdn.com/videos/202603/27/43575925/original/(m=eaAaGwObaaamqv)(mh=3jS2BVAIxHCQQ3ym)15.jpg;https://ei.phncdn.com/videos/202603/27/43575925/original/(m=eaAaGwObaaamqv)(mh=3jS2BVAIxHCQQ3ym)16.jpg
<iframe src="https://www.pornhub.com/embed/69c6f2c816357" frameborder="0" height="481" width="608" scrolling="no"></iframe>|https://ei.phncdn.com/videos/202603/27/43575885/thumbs_5/(m=eaf8GgaaaWavb)(mh=VHjN8an55sUdIrRd)13.jpg|https://ei.phncdn.com/videos/202603/27/43575885/thumbs_5/(m=eaf8GgaaaWavb)(mh=VHjN8an55sUdIrRd)1.jpg;https://ei.phncdn.com/videos/202603/27/43575885/thumbs_5/(m=eaf8GgaaaWavb)(mh=VHjN8an55sUdIrRd)2.jpg;https://ei.phncdn.com/videos/202603/27/43575885/thumbs_5/(m=eaf8GgaaaWavb)(mh=VHjN8an55sUdIrRd)3.jpg;https://ei.phncdn.com/videos/202603/27/43575885/thumbs_5/(m=eaf8GgaaaWavb)(mh=VHjN8an55sUdIrRd)4.jpg;https://ei.phncdn.com/videos/202603/27/43575885/thumbs_5/(m=eaf8GgaaaWavb)(mh=VHjN8an55sUdIrRd)5.jpg;https://ei.phncdn.com/videos/202603/27/43575885/thumbs_5/(m=eaf8GgaaaWavb)(mh=VHjN8an55sUdIrRd)6.jpg;https://ei.phncdn.com/videos/202603/27/43575885/thumbs_5/(m=eaf8GgaaaWavb)(mh=VHjN8an55sUdIrRd)7.jpg;https://ei.phncdn.com/videos/202603/27/43575885/thumbs_5/(m=eaf8GgaaaWavb)(mh=VHjN8an55sUdIrRd)8.jpg;https://ei.phncdn.com/videos/202603/27/43575885/thumbs_5/(m=eaf8GgaaaWavb)(mh=VHjN8an55sUdIrRd)9.jpg;https://ei.phncdn.com/videos/202603/27/43575885/thumbs_5/(m=eaf8GgaaaWavb)(mh=VHjN8an55sUdIrRd)10.jpg;https://ei.phncdn.com/videos/202603/27/43575885/thumbs_5/(m=eaf8GgaaaWavb)(mh=VHjN8an55sUdIrRd)11.jpg;https://ei.phncdn.com/videos/202603/27/43575885/thumbs_5/(m=eaf8GgaaaWavb)(mh=VHjN8an55sUdIrRd)12.jpg;https://ei.phncdn.com/videos/202603/27/43575885/thumbs_5/(m=eaf8GgaaaWavb)(mh=VHjN8an55sUdIrRd)13.jpg;https://ei.phncdn.com/videos/202603/27/43575885/thumbs_5/(m=eaf8GgaaaWavb)(mh=VHjN8an55sUdIrRd)14.jpg;https://ei.phncdn.com/videos/202603/27/43575885/thumbs_5/(m=eaf8GgaaaWavb)(mh=VHjN8an55sUdIrRd)15.jpg;https://ei.phncdn.com/videos/202603/27/43575885/thumbs_5/(m=eaf8GgaaaWavb)(mh=VHjN8an55sUdIrRd)16.jpg|Blowjob lessons for newbie|ebony;bbc;amateur;blow-job;amateur-blowjob;spit|Brazilian;Verified Amateurs;Old/Young (18+)||479|5262|159|6|https://ei.phncdn.com/videos/202603/27/43575885/thumbs_5/(m=eaAaGwObaaamqv)(mh=WcJNaU1zlijAhBNw)13.jpg|https://ei.phncdn.com/videos/202603/27/43575885/thumbs_5/(m=eaAaGwObaaamqv)(mh=WcJNaU1zlijAhBNw)1.jpg;https://ei.phncdn.com/videos/202603/27/43575885/thumbs_5/(m=eaAaGwObaaamqv)(mh=WcJNaU1zlijAhBNw)2.jpg;https://ei.phncdn.com/videos/202603/27/43575885/thumbs_5/(m=eaAaGwObaaamqv)(mh=WcJNaU1zlijAhBNw)3.jpg;https://ei.phncdn.com/videos/202603/27/43575885/thumbs_5/(m=eaAaGwObaaamqv)(mh=WcJNaU1zlijAhBNw)4.jpg;https://ei.phncdn.com/videos/202603/27/43575885/thumbs_5/(m=eaAaGwObaaamqv)(mh=WcJNaU1zlijAhBNw)5.jpg;https://ei.phncdn.com/videos/202603/27/43575885/thumbs_5/(m=eaAaGwObaaamqv)(mh=WcJNaU1zlijAhBNw)6.jpg;https://ei.phncdn.com/videos/202603/27/43575885/thumbs_5/(m=eaAaGwObaaamqv)(mh=WcJNaU1zlijAhBNw)7.jpg;https://ei.phncdn.com/videos/202603/27/43575885/thumbs_5/(m=eaAaGwObaaamqv)(mh=WcJNaU1zlijAhBNw)8.jpg;https://ei.phncdn.com/videos/202603/27/43575885/thumbs_5/(m=eaAaGwObaaamqv)(mh=WcJNaU1zlijAhBNw)9.jpg;https://ei.phncdn.com/videos/202603/27/43575885/thumbs_5/(m=eaAaGwObaaamqv)(mh=WcJNaU1zlijAhBNw)10.jpg;https://ei.phncdn.com/videos/202603/27/43575885/thumbs_5/(m=eaAaGwObaaamqv)(mh=WcJNaU1zlijAhBNw)11.jpg;https://ei.phncdn.com/videos/202603/27/43575885/thumbs_5/(m=eaAaGwObaaamqv)(mh=WcJNaU1zlijAhBNw)12.jpg;https://ei.phncdn.com/videos/202603/27/43575885/thumbs_5/(m=eaAaGwObaaamqv)(mh=WcJNaU1zlijAhBNw)13.jpg;https://ei.phncdn.com/videos/202603/27/43575885/thumbs_5/(m=eaAaGwObaaamqv)(mh=WcJNaU1zlijAhBNw)14.jpg;https://ei.phncdn.com/videos/202603/27/43575885/thumbs_5/(m=eaAaGwObaaamqv)(mh=WcJNaU1zlijAhBNw)15.jpg;https://ei.phncdn.com/videos/202603/27/43575885/thumbs_5/(m=eaAaGwObaaamqv)(mh=WcJNaU1zlijAhBNw)16.jpg
<iframe src="https://www.pornhub.com/embed/69c6f50729f46" frameborder="0" height="481" width="608" scrolling="no"></iframe>|https://ei.phncdn.com/videos/202603/27/43576765/thumbs_40/(m=eaf8GgaaaWavb)(mh=nABEx9tNDXkm13U1)4.jpg|https://ei.phncdn.com/videos/202603/27/43576765/thumbs_40/(m=eaf8GgaaaWavb)(mh=nABEx9tNDXkm13U1)1.jpg;https://ei.phncdn.com/videos/202603/27/43576765/thumbs_40/(m=eaf8GgaaaWavb)(mh=nABEx9tNDXkm13U1)2.jpg;https://ei.phncdn.com/videos/202603/27/43576765/thumbs_40/(m=eaf8GgaaaWavb)(mh=nABEx9tNDXkm13U1)3.jpg;https://ei.phncdn.com/videos/202603/27/43576765/thumbs_40/(m=eaf8GgaaaWavb)(mh=nABEx9tNDXkm13U1)4.jpg;https://ei.phncdn.com/videos/202603/27/43576765/thumbs_40/(m=eaf8GgaaaWavb)(mh=nABEx9tNDXkm13U1)5.jpg;https://ei.phncdn.com/videos/202603/27/43576765/thumbs_40/(m=eaf8GgaaaWavb)(mh=nABEx9tNDXkm13U1)6.jpg;https://ei.phncdn.com/videos/202603/27/43576765/thumbs_40/(m=eaf8GgaaaWavb)(mh=nABEx9tNDXkm13U1)7.jpg;https://ei.phncdn.com/videos/202603/27/43576765/thumbs_40/(m=eaf8GgaaaWavb)(mh=nABEx9tNDXkm13U1)8.jpg;https://ei.phncdn.com/videos/202603/27/43576765/thumbs_40/(m=eaf8GgaaaWavb)(mh=nABEx9tNDXkm13U1)9.jpg;https://ei.phncdn.com/videos/202603/27/43576765/thumbs_40/(m=eaf8GgaaaWavb)(mh=nABEx9tNDXkm13U1)10.jpg;https://ei.phncdn.com/videos/202603/27/43576765/thumbs_40/(m=eaf8GgaaaWavb)(mh=nABEx9tNDXkm13U1)11.jpg;https://ei.phncdn.com/videos/202603/27/43576765/thumbs_40/(m=eaf8GgaaaWavb)(mh=nABEx9tNDXkm13U1)12.jpg;https://ei.phncdn.com/videos/202603/27/43576765/thumbs_40/(m=eaf8GgaaaWavb)(mh=nABEx9tNDXkm13U1)13.jpg;https://ei.phncdn.com/videos/202603/27/43576765/thumbs_40/(m=eaf8GgaaaWavb)(mh=nABEx9tNDXkm13U1)14.jpg;https://ei.phncdn.com/videos/202603/27/43576765/thumbs_40/(m=eaf8GgaaaWavb)(mh=nABEx9tNDXkm13U1)15.jpg;https://ei.phncdn.com/videos/202603/27/43576765/thumbs_40/(m=eaf8GgaaaWavb)(mh=nABEx9tNDXkm13U1)16.jpg|Creamy thick ass Ebony gets fucked deep by bbc|big-ass-ebony;black-creamy-pussy;bbc;deep-hard-pussy-fuck;ebony-thick|Brazilian;Verified Amateurs;Muscular Men||764|47716|1055|61|https://ei.phncdn.com/videos/202603/27/43576765/thumbs_40/(m=eaAaGwObaaamqv)(mh=6r6IJ7GRcen5KeW_)4.jpg|https://ei.phncdn.com/videos/202603/27/43576765/thumbs_40/(m=eaAaGwObaaamqv)(mh=6r6IJ7GRcen5KeW_)1.jpg;https://ei.phncdn.com/videos/202603/27/43576765/thumbs_40/(m=eaAaGwObaaamqv)(mh=6r6IJ7GRcen5KeW_)2.jpg;https://ei.phncdn.com/videos/202603/27/43576765/thumbs_40/(m=eaAaGwObaaamqv)(mh=6r6IJ7GRcen5KeW_)3.jpg;https://ei.phncdn.com/videos/202603/27/43576765/thumbs_40/(m=eaAaGwObaaamqv)(mh=6r6IJ7GRcen5KeW_)4.jpg;https://ei.phncdn.com/videos/202603/27/43576765/thumbs_40/(m=eaAaGwObaaamqv)(mh=6r6IJ7GRcen5KeW_)5.jpg;https://ei.phncdn.com/videos/202603/27/43576765/thumbs_40/(m=eaAaGwObaaamqv)(mh=6r6IJ7GRcen5KeW_)6.jpg;https://ei.phncdn.com/videos/202603/27/43576765/thumbs_40/(m=eaAaGwObaaamqv)(mh=6r6IJ7GRcen5KeW_)7.jpg;https://ei.phncdn.com/videos/202603/27/43576765/thumbs_40/(m=eaAaGwObaaamqv)(mh=6r6IJ7GRcen5KeW_)8.jpg;https://ei.phncdn.com/videos/202603/27/43576765/thumbs_40/(m=eaAaGwObaaamqv)(mh=6r6IJ7GRcen5KeW_)9.jpg;https://ei.phncdn.com/videos/202603/27/43576765/thumbs_40/(m=eaAaGwObaaamqv)(mh=6r6IJ7GRcen5KeW_)10.jpg;https://ei.phncdn.com/videos/202603/27/43576765/thumbs_40/(m=eaAaGwObaaamqv)(mh=6r6IJ7GRcen5KeW_)11.jpg;https://ei.phncdn.com/videos/202603/27/43576765/thumbs_40/(m=eaAaGwObaaamqv)(mh=6r6IJ7GRcen5KeW_)12.jpg;https://ei.phncdn.com/videos/202603/27/43576765/thumbs_40/(m=eaAaGwObaaamqv)(mh=6r6IJ7GRcen5KeW_)13.jpg;https://ei.phncdn.com/videos/202603/27/43576765/thumbs_40/(m=eaAaGwObaaamqv)(mh=6r6IJ7GRcen5KeW_)14.jpg;https://ei.phncdn.com/videos/202603/27/43576765/thumbs_40/(m=eaAaGwObaaamqv)(mh=6r6IJ7GRcen5KeW_)15.jpg;https://ei.phncdn.com/videos/202603/27/43576765/thumbs_40/(m=eaAaGwObaaamqv)(mh=6r6IJ7GRcen5KeW_)16.jpg
<iframe src="https://www.pornhub.com/embed/69c6f6ab040c3" frameborder="0" height="481" width="608" scrolling="no"></iframe>|https://ei.phncdn.com/videos/202603/27/43577175/original/(m=eaf8GgaaaWavb)(mh=ZX65scMB502V1Tvk)12.jpg|https://ei.phncdn.com/videos/202603/27/43577175/original/(m=eaf8GgaaaWavb)(mh=ZX65scMB502V1Tvk)1.jpg;https://ei.phncdn.com/videos/202603/27/43577175/original/(m=eaf8GgaaaWavb)(mh=ZX65scMB502V1Tvk)2.jpg;https://ei.phncdn.com/videos/202603/27/43577175/original/(m=eaf8GgaaaWavb)(mh=ZX65scMB502V1Tvk)3.jpg;https://ei.phncdn.com/videos/202603/27/43577175/original/(m=eaf8GgaaaWavb)(mh=ZX65scMB502V1Tvk)4.jpg;https://ei.phncdn.com/videos/202603/27/43577175/original/(m=eaf8GgaaaWavb)(mh=ZX65scMB502V1Tvk)5.jpg;https://ei.phncdn.com/videos/202603/27/43577175/original/(m=eaf8GgaaaWavb)(mh=ZX65scMB502V1Tvk)6.jpg;https://ei.phncdn.com/videos/202603/27/43577175/original/(m=eaf8GgaaaWavb)(mh=ZX65scMB502V1Tvk)7.jpg;https://ei.phncdn.com/videos/202603/27/43577175/original/(m=eaf8GgaaaWavb)(mh=ZX65scMB502V1Tvk)8.jpg;https://ei.phncdn.com/videos/202603/27/43577175/original/(m=eaf8GgaaaWavb)(mh=ZX65scMB502V1Tvk)9.jpg;https://ei.phncdn.com/videos/202603/27/43577175/original/(m=eaf8GgaaaWavb)(mh=ZX65scMB502V1Tvk)10.jpg;https://ei.phncdn.com/videos/202603/27/43577175/original/(m=eaf8GgaaaWavb)(mh=ZX65scMB502V1Tvk)11.jpg;https://ei.phncdn.com/videos/202603/27/43577175/original/(m=eaf8GgaaaWavb)(mh=ZX65scMB502V1Tvk)12.jpg;https://ei.phncdn.com/videos/202603/27/43577175/original/(m=eaf8GgaaaWavb)(mh=ZX65scMB502V1Tvk)13.jpg;https://ei.phncdn.com/videos/202603/27/43577175/original/(m=eaf8GgaaaWavb)(mh=ZX65scMB502V1Tvk)14.jpg;https://ei.phncdn.com/videos/202603/27/43577175/original/(m=eaf8GgaaaWavb)(mh=ZX65scMB502V1Tvk)15.jpg;https://ei.phncdn.com/videos/202603/27/43577175/original/(m=eaf8GgaaaWavb)(mh=ZX65scMB502V1Tvk)16.jpg|GoPro behind the scenes unedited|best-blowjob;big-tits;big-ass-doggystyle;latina|Brazilian;Exclusive;Verified Amateurs;Old/Young (18+)||768|2725|16|2|https://ei.phncdn.com/videos/202603/27/43577175/original/(m=eaAaGwObaaamqv)(mh=-u3k9mtnKP0QBhhU)12.jpg|https://ei.phncdn.com/videos/202603/27/43577175/original/(m=eaAaGwObaaamqv)(mh=-u3k9mtnKP0QBhhU)1.jpg;https://ei.phncdn.com/videos/202603/27/43577175/original/(m=eaAaGwObaaamqv)(mh=-u3k9mtnKP0QBhhU)2.jpg;https://ei.phncdn.com/videos/202603/27/43577175/original/(m=eaAaGwObaaamqv)(mh=-u3k9mtnKP0QBhhU)3.jpg;https://ei.phncdn.com/videos/202603/27/43577175/original/(m=eaAaGwObaaamqv)(mh=-u3k9mtnKP0QBhhU)4.jpg;https://ei.phncdn.com/videos/202603/27/43577175/original/(m=eaAaGwObaaamqv)(mh=-u3k9mtnKP0QBhhU)5.jpg;https://ei.phncdn.com/videos/202603/27/43577175/original/(m=eaAaGwObaaamqv)(mh=-u3k9mtnKP0QBhhU)6.jpg;https://ei.phncdn.com/videos/202603/27/43577175/original/(m=eaAaGwObaaamqv)(mh=-u3k9mtnKP0QBhhU)7.jpg;https://ei.phncdn.com/videos/202603/27/43577175/original/(m=eaAaGwObaaamqv)(mh=-u3k9mtnKP0QBhhU)8.jpg;https://ei.phncdn.com/videos/202603/27/43577175/original/(m=eaAaGwObaaamqv)(mh=-u3k9mtnKP0QBhhU)9.jpg;https://ei.phncdn.com/videos/202603/27/43577175/original/(m=eaAaGwObaaamqv)(mh=-u3k9mtnKP0QBhhU)10.jpg;https://ei.phncdn.com/videos/202603/27/43577175/original/(m=eaAaGwObaaamqv)(mh=-u3k9mtnKP0QBhhU)11.jpg;https://ei.phncdn.com/videos/202603/27/43577175/original/(m=eaAaGwObaaamqv)(mh=-u3k9mtnKP0QBhhU)12.jpg;https://ei.phncdn.com/videos/202603/27/43577175/original/(m=eaAaGwObaaamqv)(mh=-u3k9mtnKP0QBhhU)13.jpg;https://ei.phncdn.com/videos/202603/27/43577175/original/(m=eaAaGwObaaamqv)(mh=-u3k9mtnKP0QBhhU)14.jpg;https://ei.phncdn.com/videos/202603/27/43577175/original/(m=eaAaGwObaaamqv)(mh=-u3k9mtnKP0QBhhU)15.jpg;https://ei.phncdn.com/videos/202603/27/43577175/original/(m=eaAaGwObaaamqv)(mh=-u3k9mtnKP0QBhhU)16.jpg
<iframe src="https://www.pornhub.com/embed/69c83789d7ed0" frameborder="0" height="481" width="608" scrolling="no"></iframe>|https://ei.phncdn.com/videos/202603/28/43661935/original/(m=eaf8GgaaaWavb)(mh=1Ng9ec-TULz5-ks6)12.jpg|https://ei.phncdn.com/videos/202603/28/43661935/original/(m=eaf8GgaaaWavb)(mh=1Ng9ec-TULz5-ks6)1.jpg;https://ei.phncdn.com/videos/202603/28/43661935/original/(m=eaf8GgaaaWavb)(mh=1Ng9ec-TULz5-ks6)2.jpg;https://ei.phncdn.com/videos/202603/28/43661935/original/(m=eaf8GgaaaWavb)(mh=1Ng9ec-TULz5-ks6)3.jpg;https://ei.phncdn.com/videos/202603/28/43661935/original/(m=eaf8GgaaaWavb)(mh=1Ng9ec-TULz5-ks6)4.jpg;https://ei.phncdn.com/videos/202603/28/43661935/original/(m=eaf8GgaaaWavb)(mh=1Ng9ec-TULz5-ks6)5.jpg;https://ei.phncdn.com/videos/202603/28/43661935/original/(m=eaf8GgaaaWavb)(mh=1Ng9ec-TULz5-ks6)6.jpg;https://ei.phncdn.com/videos/202603/28/43661935/original/(m=eaf8GgaaaWavb)(mh=1Ng9ec-TULz5-ks6)7.jpg;https://ei.phncdn.com/videos/202603/28/43661935/original/(m=eaf8GgaaaWavb)(mh=1Ng9ec-TULz5-ks6)8.jpg;https://ei.phncdn.com/videos/202603/28/43661935/original/(m=eaf8GgaaaWavb)(mh=1Ng9ec-TULz5-ks6)9.jpg;https://ei.phncdn.com/videos/202603/28/43661935/original/(m=eaf8GgaaaWavb)(mh=1Ng9ec-TULz5-ks6)10.jpg;https://ei.phncdn.com/videos/202603/28/43661935/original/(m=eaf8GgaaaWavb)(mh=1Ng9ec-TULz5-ks6)11.jpg;https://ei.phncdn.com/videos/202603/28/43661935/original/(m=eaf8GgaaaWavb)(mh=1Ng9ec-TULz5-ks6)12.jpg;https://ei.phncdn.com/videos/202603/28/43661935/original/(m=eaf8GgaaaWavb)(mh=1Ng9ec-TULz5-ks6)13.jpg;https://ei.phncdn.com/videos/202603/28/43661935/original/(m=eaf8GgaaaWavb)(mh=1Ng9ec-TULz5-ks6)14.jpg;https://ei.phncdn.com/videos/202603/28/43661935/original/(m=eaf8GgaaaWavb)(mh=1Ng9ec-TULz5-ks6)15.jpg;https://ei.phncdn.com/videos/202603/28/43661935/original/(m=eaf8GgaaaWavb)(mh=1Ng9ec-TULz5-ks6)16.jpg|Depositing all my Semen Into my Sexy Wife’s Pussy|eating-pussy;semen;wife;cum-in-pussy;ejaculation-interne|Brazilian;Exclusive;Verified Amateurs;Verified Couples||87|16894|182|7|https://ei.phncdn.com/videos/202603/28/43661935/original/(m=eaAaGwObaaamqv)(mh=13AckVKwGS51ND5J)12.jpg|https://ei.phncdn.com/videos/202603/28/43661935/original/(m=eaAaGwObaaamqv)(mh=13AckVKwGS51ND5J)1.jpg;https://ei.phncdn.com/videos/202603/28/43661935/original/(m=eaAaGwObaaamqv)(mh=13AckVKwGS51ND5J)2.jpg;https://ei.phncdn.com/videos/202603/28/43661935/original/(m=eaAaGwObaaamqv)(mh=13AckVKwGS51ND5J)3.jpg;https://ei.phncdn.com/videos/202603/28/43661935/original/(m=eaAaGwObaaamqv)(mh=13AckVKwGS51ND5J)4.jpg;https://ei.phncdn.com/videos/202603/28/43661935/original/(m=eaAaGwObaaamqv)(mh=13AckVKwGS51ND5J)5.jpg;https://ei.phncdn.com/videos/202603/28/43661935/original/(m=eaAaGwObaaamqv)(mh=13AckVKwGS51ND5J)6.jpg;https://ei.phncdn.com/videos/202603/28/43661935/original/(m=eaAaGwObaaamqv)(mh=13AckVKwGS51ND5J)7.jpg;https://ei.phncdn.com/videos/202603/28/43661935/original/(m=eaAaGwObaaamqv)(mh=13AckVKwGS51ND5J)8.jpg;https://ei.phncdn.com/videos/202603/28/43661935/original/(m=eaAaGwObaaamqv)(mh=13AckVKwGS51ND5J)9.jpg;https://ei.phncdn.com/videos/202603/28/43661935/original/(m=eaAaGwObaaamqv)(mh=13AckVKwGS51ND5J)10.jpg;https://ei.phncdn.com/videos/202603/28/43661935/original/(m=eaAaGwObaaamqv)(mh=13AckVKwGS51ND5J)11.jpg;https://ei.phncdn.com/videos/202603/28/43661935/original/(m=eaAaGwObaaamqv)(mh=13AckVKwGS51ND5J)12.jpg;https://ei.phncdn.com/videos/202603/28/43661935/original/(m=eaAaGwObaaamqv)(mh=13AckVKwGS51ND5J)13.jpg;https://ei.phncdn.com/videos/202603/28/43661935/original/(m=eaAaGwObaaamqv)(mh=13AckVKwGS51ND5J)14.jpg;https://ei.phncdn.com/videos/202603/28/43661935/original/(m=eaAaGwObaaamqv)(mh=13AckVKwGS51ND5J)15.jpg;https://ei.phncdn.com/videos/202603/28/43661935/original/(m=eaAaGwObaaamqv)(mh=13AckVKwGS51ND5J)16.jpg
<iframe src="https://www.pornhub.com/embed/69caebbb52a7a" frameborder="0" height="481" width="608" scrolling="no"></iframe>|https://ei.phncdn.com/videos/202603/30/43843855/original/(m=eaf8GgaaaWavb)(mh=fqMQcGyENkSXlRiG)8.jpg|https://ei.phncdn.com/videos/202603/30/43843855/original/(m=eaf8GgaaaWavb)(mh=fqMQcGyENkSXlRiG)1.jpg;https://ei.phncdn.com/videos/202603/30/43843855/original/(m=eaf8GgaaaWavb)(mh=fqMQcGyENkSXlRiG)2.jpg;https://ei.phncdn.com/videos/202603/30/43843855/original/(m=eaf8GgaaaWavb)(mh=fqMQcGyENkSXlRiG)3.jpg;https://ei.phncdn.com/videos/202603/30/43843855/original/(m=eaf8GgaaaWavb)(mh=fqMQcGyENkSXlRiG)4.jpg;https://ei.phncdn.com/videos/202603/30/43843855/original/(m=eaf8GgaaaWavb)(mh=fqMQcGyENkSXlRiG)5.jpg;https://ei.phncdn.com/videos/202603/30/43843855/original/(m=eaf8GgaaaWavb)(mh=fqMQcGyENkSXlRiG)6.jpg;https://ei.phncdn.com/videos/202603/30/43843855/original/(m=eaf8GgaaaWavb)(mh=fqMQcGyENkSXlRiG)7.jpg;https://ei.phncdn.com/videos/202603/30/43843855/original/(m=eaf8GgaaaWavb)(mh=fqMQcGyENkSXlRiG)8.jpg;https://ei.phncdn.com/videos/202603/30/43843855/original/(m=eaf8GgaaaWavb)(mh=fqMQcGyENkSXlRiG)9.jpg;https://ei.phncdn.com/videos/202603/30/43843855/original/(m=eaf8GgaaaWavb)(mh=fqMQcGyENkSXlRiG)10.jpg;https://ei.phncdn.com/videos/202603/30/43843855/original/(m=eaf8GgaaaWavb)(mh=fqMQcGyENkSXlRiG)11.jpg;https://ei.phncdn.com/videos/202603/30/43843855/original/(m=eaf8GgaaaWavb)(mh=fqMQcGyENkSXlRiG)12.jpg;https://ei.phncdn.com/videos/202603/30/43843855/original/(m=eaf8GgaaaWavb)(mh=fqMQcGyENkSXlRiG)13.jpg;https://ei.phncdn.com/videos/202603/30/43843855/original/(m=eaf8GgaaaWavb)(mh=fqMQcGyENkSXlRiG)14.jpg;https://ei.phncdn.com/videos/202603/30/43843855/original/(m=eaf8GgaaaWavb)(mh=fqMQcGyENkSXlRiG)15.jpg;https://ei.phncdn.com/videos/202603/30/43843855/original/(m=eaf8GgaaaWavb)(mh=fqMQcGyENkSXlRiG)16.jpg|Secretária se exibe deixa entregador de pau duro!|pov;pizza-delivery;delivery;con-mi-entrenador;entregador-brasil;entregadora-de-pizza;esposa-entregador;entregador-real;bia-ruiva;ruiva-magrinha;ruivas|Brazilian;Verified Amateurs;Old/Young (18+);Reaction||442|3198|10|0|https://ei.phncdn.com/videos/202603/30/43843855/original/(m=eaAaGwObaaamqv)(mh=hh8CAM2Z-TIgd3ll)8.jpg|https://ei.phncdn.com/videos/202603/30/43843855/original/(m=eaAaGwObaaamqv)(mh=hh8CAM2Z-TIgd3ll)1.jpg;https://ei.phncdn.com/videos/202603/30/43843855/original/(m=eaAaGwObaaamqv)(mh=hh8CAM2Z-TIgd3ll)2.jpg;https://ei.phncdn.com/videos/202603/30/43843855/original/(m=eaAaGwObaaamqv)(mh=hh8CAM2Z-TIgd3ll)3.jpg;https://ei.phncdn.com/videos/202603/30/43843855/original/(m=eaAaGwObaaamqv)(mh=hh8CAM2Z-TIgd3ll)4.jpg;https://ei.phncdn.com/videos/202603/30/43843855/original/(m=eaAaGwObaaamqv)(mh=hh8CAM2Z-TIgd3ll)5.jpg;https://ei.phncdn.com/videos/202603/30/43843855/original/(m=eaAaGwObaaamqv)(mh=hh8CAM2Z-TIgd3ll)6.jpg;https://ei.phncdn.com/videos/202603/30/43843855/original/(m=eaAaGwObaaamqv)(mh=hh8CAM2Z-TIgd3ll)7.jpg;https://ei.phncdn.com/videos/202603/30/43843855/original/(m=eaAaGwObaaamqv)(mh=hh8CAM2Z-TIgd3ll)8.jpg;https://ei.phncdn.com/videos/202603/30/43843855/original/(m=eaAaGwObaaamqv)(mh=hh8CAM2Z-TIgd3ll)9.jpg;https://ei.phncdn.com/videos/202603/30/43843855/original/(m=eaAaGwObaaamqv)(mh=hh8CAM2Z-TIgd3ll)10.jpg;https://ei.phncdn.com/videos/202603/30/43843855/original/(m=eaAaGwObaaamqv)(mh=hh8CAM2Z-TIgd3ll)11.jpg;https://ei.phncdn.com/videos/202603/30/43843855/original/(m=eaAaGwObaaamqv)(mh=hh8CAM2Z-TIgd3ll)12.jpg;https://ei.phncdn.com/videos/202603/30/43843855/original/(m=eaAaGwObaaamqv)(mh=hh8CAM2Z-TIgd3ll)13.jpg;https://ei.phncdn.com/videos/202603/30/43843855/original/(m=eaAaGwObaaamqv)(mh=hh8CAM2Z-TIgd3ll)14.jpg;https://ei.phncdn.com/videos/202603/30/43843855/original/(m=eaAaGwObaaamqv)(mh=hh8CAM2Z-TIgd3ll)15.jpg;https://ei.phncdn.com/videos/202603/30/43843855/original/(m=eaAaGwObaaamqv)(mh=hh8CAM2Z-TIgd3ll)16.jpg
<iframe src="https://www.pornhub.com/embed/69d0c0dee9d12" frameborder="0" height="481" width="608" scrolling="no"></iframe>|https://ei.phncdn.com/videos/202604/04/44287535/original/(m=eaf8GgaaaWavb)(mh=Hh4AcHIQsg3uYepb)12.jpg|https://ei.phncdn.com/videos/202604/04/44287535/original/(m=eaf8GgaaaWavb)(mh=Hh4AcHIQsg3uYepb)1.jpg;https://ei.phncdn.com/videos/202604/04/44287535/original/(m=eaf8GgaaaWavb)(mh=Hh4AcHIQsg3uYepb)2.jpg;https://ei.phncdn.com/videos/202604/04/44287535/original/(m=eaf8GgaaaWavb)(mh=Hh4AcHIQsg3uYepb)3.jpg;https://ei.phncdn.com/videos/202604/04/44287535/original/(m=eaf8GgaaaWavb)(mh=Hh4AcHIQsg3uYepb)4.jpg;https://ei.phncdn.com/videos/202604/04/44287535/original/(m=eaf8GgaaaWavb)(mh=Hh4AcHIQsg3uYepb)5.jpg;https://ei.phncdn.com/videos/202604/04/44287535/original/(m=eaf8GgaaaWavb)(mh=Hh4AcHIQsg3uYepb)6.jpg;https://ei.phncdn.com/videos/202604/04/44287535/original/(m=eaf8GgaaaWavb)(mh=Hh4AcHIQsg3uYepb)7.jpg;https://ei.phncdn.com/videos/202604/04/44287535/original/(m=eaf8GgaaaWavb)(mh=Hh4AcHIQsg3uYepb)8.jpg;https://ei.phncdn.com/videos/202604/04/44287535/original/(m=eaf8GgaaaWavb)(mh=Hh4AcHIQsg3uYepb)9.jpg;https://ei.phncdn.com/videos/202604/04/44287535/original/(m=eaf8GgaaaWavb)(mh=Hh4AcHIQsg3uYepb)10.jpg;https://ei.phncdn.com/videos/202604/04/44287535/original/(m=eaf8GgaaaWavb)(mh=Hh4AcHIQsg3uYepb)11.jpg;https://ei.phncdn.com/videos/202604/04/44287535/original/(m=eaf8GgaaaWavb)(mh=Hh4AcHIQsg3uYepb)12.jpg;https://ei.phncdn.com/videos/202604/04/44287535/original/(m=eaf8GgaaaWavb)(mh=Hh4AcHIQsg3uYepb)13.jpg;https://ei.phncdn.com/videos/202604/04/44287535/original/(m=eaf8GgaaaWavb)(mh=Hh4AcHIQsg3uYepb)14.jpg;https://ei.phncdn.com/videos/202604/04/44287535/original/(m=eaf8GgaaaWavb)(mh=Hh4AcHIQsg3uYepb)15.jpg;https://ei.phncdn.com/videos/202604/04/44287535/original/(m=eaf8GgaaaWavb)(mh=Hh4AcHIQsg3uYepb)16.jpg|Raw passion ignites - she screams while pumping her ass to cum|girl-masturbating;hot-latina|Brazilian;Verified Amateurs;Solo Female||302|12442|493|5|https://ei.phncdn.com/videos/202604/04/44287535/original/(m=eaAaGwObaaamqv)(mh=g6zZj9I0lVUNfhU0)12.jpg|https://ei.phncdn.com/videos/202604/04/44287535/original/(m=eaAaGwObaaamqv)(mh=g6zZj9I0lVUNfhU0)1.jpg;https://ei.phncdn.com/videos/202604/04/44287535/original/(m=eaAaGwObaaamqv)(mh=g6zZj9I0lVUNfhU0)2.jpg;https://ei.phncdn.com/videos/202604/04/44287535/original/(m=eaAaGwObaaamqv)(mh=g6zZj9I0lVUNfhU0)3.jpg;https://ei.phncdn.com/videos/202604/04/44287535/original/(m=eaAaGwObaaamqv)(mh=g6zZj9I0lVUNfhU0)4.jpg;https://ei.phncdn.com/videos/202604/04/44287535/original/(m=eaAaGwObaaamqv)(mh=g6zZj9I0lVUNfhU0)5.jpg;https://ei.phncdn.com/videos/202604/04/44287535/original/(m=eaAaGwObaaamqv)(mh=g6zZj9I0lVUNfhU0)6.jpg;https://ei.phncdn.com/videos/202604/04/44287535/original/(m=eaAaGwObaaamqv)(mh=g6zZj9I0lVUNfhU0)7.jpg;https://ei.phncdn.com/videos/202604/04/44287535/original/(m=eaAaGwObaaamqv)(mh=g6zZj9I0lVUNfhU0)8.jpg;https://ei.phncdn.com/videos/202604/04/44287535/original/(m=eaAaGwObaaamqv)(mh=g6zZj9I0lVUNfhU0)9.jpg;https://ei.phncdn.com/videos/202604/04/44287535/original/(m=eaAaGwObaaamqv)(mh=g6zZj9I0lVUNfhU0)10.jpg;https://ei.phncdn.com/videos/202604/04/44287535/original/(m=eaAaGwObaaamqv)(mh=g6zZj9I0lVUNfhU0)11.jpg;https://ei.phncdn.com/videos/202604/04/44287535/original/(m=eaAaGwObaaamqv)(mh=g6zZj9I0lVUNfhU0)12.jpg;https://ei.phncdn.com/videos/202604/04/44287535/original/(m=eaAaGwObaaamqv)(mh=g6zZj9I0lVUNfhU0)13.jpg;https://ei.phncdn.com/videos/202604/04/44287535/original/(m=eaAaGwObaaamqv)(mh=g6zZj9I0lVUNfhU0)14.jpg;https://ei.phncdn.com/videos/202604/04/44287535/original/(m=eaAaGwObaaamqv)(mh=g6zZj9I0lVUNfhU0)15.jpg;https://ei.phncdn.com/videos/202604/04/44287535/original/(m=eaAaGwObaaamqv)(mh=g6zZj9I0lVUNfhU0)16.jpg
<iframe src="https://www.pornhub.com/embed/69d8503c485ef" frameborder="0" height="481" width="608" scrolling="no"></iframe>|https://ei.phncdn.com/videos/202604/10/44846335/original/(m=eaf8GgaaaWavb)(mh=kWGt2lm2Z7Jd2TNX)12.jpg|https://ei.phncdn.com/videos/202604/10/44846335/original/(m=eaf8GgaaaWavb)(mh=kWGt2lm2Z7Jd2TNX)1.jpg;https://ei.phncdn.com/videos/202604/10/44846335/original/(m=eaf8GgaaaWavb)(mh=kWGt2lm2Z7Jd2TNX)2.jpg;https://ei.phncdn.com/videos/202604/10/44846335/original/(m=eaf8GgaaaWavb)(mh=kWGt2lm2Z7Jd2TNX)3.jpg;https://ei.phncdn.com/videos/202604/10/44846335/original/(m=eaf8GgaaaWavb)(mh=kWGt2lm2Z7Jd2TNX)4.jpg;https://ei.phncdn.com/videos/202604/10/44846335/original/(m=eaf8GgaaaWavb)(mh=kWGt2lm2Z7Jd2TNX)5.jpg;https://ei.phncdn.com/videos/202604/10/44846335/original/(m=eaf8GgaaaWavb)(mh=kWGt2lm2Z7Jd2TNX)6.jpg;https://ei.phncdn.com/videos/202604/10/44846335/original/(m=eaf8GgaaaWavb)(mh=kWGt2lm2Z7Jd2TNX)7.jpg;https://ei.phncdn.com/videos/202604/10/44846335/original/(m=eaf8GgaaaWavb)(mh=kWGt2lm2Z7Jd2TNX)8.jpg;https://ei.phncdn.com/videos/202604/10/44846335/original/(m=eaf8GgaaaWavb)(mh=kWGt2lm2Z7Jd2TNX)9.jpg;https://ei.phncdn.com/videos/202604/10/44846335/original/(m=eaf8GgaaaWavb)(mh=kWGt2lm2Z7Jd2TNX)10.jpg;https://ei.phncdn.com/videos/202604/10/44846335/original/(m=eaf8GgaaaWavb)(mh=kWGt2lm2Z7Jd2TNX)11.jpg;https://ei.phncdn.com/videos/202604/10/44846335/original/(m=eaf8GgaaaWavb)(mh=kWGt2lm2Z7Jd2TNX)12.jpg;https://ei.phncdn.com/videos/202604/10/44846335/original/(m=eaf8GgaaaWavb)(mh=kWGt2lm2Z7Jd2TNX)13.jpg;https://ei.phncdn.com/videos/202604/10/44846335/original/(m=eaf8GgaaaWavb)(mh=kWGt2lm2Z7Jd2TNX)14.jpg;https://ei.phncdn.com/videos/202604/10/44846335/original/(m=eaf8GgaaaWavb)(mh=kWGt2lm2Z7Jd2TNX)15.jpg;https://ei.phncdn.com/videos/202604/10/44846335/original/(m=eaf8GgaaaWavb)(mh=kWGt2lm2Z7Jd2TNX)16.jpg|Vem me ver balançando minha raba😈😋|big-ass;brasileira|Brazilian;Exclusive;Verified Amateurs;Solo Female||25|7278|39|2|https://ei.phncdn.com/videos/202604/10/44846335/original/(m=eaAaGwObaaamqv)(mh=8OhNqHFVB1kQDXnD)12.jpg|https://ei.phncdn.com/videos/202604/10/44846335/original/(m=eaAaGwObaaamqv)(mh=8OhNqHFVB1kQDXnD)1.jpg;https://ei.phncdn.com/videos/202604/10/44846335/original/(m=eaAaGwObaaamqv)(mh=8OhNqHFVB1kQDXnD)2.jpg;https://ei.phncdn.com/videos/202604/10/44846335/original/(m=eaAaGwObaaamqv)(mh=8OhNqHFVB1kQDXnD)3.jpg;https://ei.phncdn.com/videos/202604/10/44846335/original/(m=eaAaGwObaaamqv)(mh=8OhNqHFVB1kQDXnD)4.jpg;https://ei.phncdn.com/videos/202604/10/44846335/original/(m=eaAaGwObaaamqv)(mh=8OhNqHFVB1kQDXnD)5.jpg;https://ei.phncdn.com/videos/202604/10/44846335/original/(m=eaAaGwObaaamqv)(mh=8OhNqHFVB1kQDXnD)6.jpg;https://ei.phncdn.com/videos/202604/10/44846335/original/(m=eaAaGwObaaamqv)(mh=8OhNqHFVB1kQDXnD)7.jpg;https://ei.phncdn.com/videos/202604/10/44846335/original/(m=eaAaGwObaaamqv)(mh=8OhNqHFVB1kQDXnD)8.jpg;https://ei.phncdn.com/videos/202604/10/44846335/original/(m=eaAaGwObaaamqv)(mh=8OhNqHFVB1kQDXnD)9.jpg;https://ei.phncdn.com/videos/202604/10/44846335/original/(m=eaAaGwObaaamqv)(mh=8OhNqHFVB1kQDXnD)10.jpg;https://ei.phncdn.com/videos/202604/10/44846335/original/(m=eaAaGwObaaamqv)(mh=8OhNqHFVB1kQDXnD)11.jpg;https://ei.phncdn.com/videos/202604/10/44846335/original/(m=eaAaGwObaaamqv)(mh=8OhNqHFVB1kQDXnD)12.jpg;https://ei.phncdn.com/videos/202604/10/44846335/original/(m=eaAaGwObaaamqv)(mh=8OhNqHFVB1kQDXnD)13.jpg;https://ei.phncdn.com/videos/202604/10/44846335/original/(m=eaAaGwObaaamqv)(mh=8OhNqHFVB1kQDXnD)14.jpg;https://ei.phncdn.com/videos/202604/10/44846335/original/(m=eaAaGwObaaamqv)(mh=8OhNqHFVB1kQDXnD)15.jpg;https://ei.phncdn.com/videos/202604/10/44846335/original/(m=eaAaGwObaaamqv)(mh=8OhNqHFVB1kQDXnD)16.jpg
<iframe src="https://www.pornhub.com/embed/69d857b0debee" frameborder="0" height="481" width="608" scrolling="no"></iframe>|https://ei.phncdn.com/videos/202604/10/44847825/original/(m=eaf8GgaaaWavb)(mh=IO08EbN2d4yCMT91)12.jpg|https://ei.phncdn.com/videos/202604/10/44847825/original/(m=eaf8GgaaaWavb)(mh=IO08EbN2d4yCMT91)1.jpg;https://ei.phncdn.com/videos/202604/10/44847825/original/(m=eaf8GgaaaWavb)(mh=IO08EbN2d4yCMT91)2.jpg;https://ei.phncdn.com/videos/202604/10/44847825/original/(m=eaf8GgaaaWavb)(mh=IO08EbN2d4yCMT91)3.jpg;https://ei.phncdn.com/videos/202604/10/44847825/original/(m=eaf8GgaaaWavb)(mh=IO08EbN2d4yCMT91)4.jpg;https://ei.phncdn.com/videos/202604/10/44847825/original/(m=eaf8GgaaaWavb)(mh=IO08EbN2d4yCMT91)5.jpg;https://ei.phncdn.com/videos/202604/10/44847825/original/(m=eaf8GgaaaWavb)(mh=IO08EbN2d4yCMT91)6.jpg;https://ei.phncdn.com/videos/202604/10/44847825/original/(m=eaf8GgaaaWavb)(mh=IO08EbN2d4yCMT91)7.jpg;https://ei.phncdn.com/videos/202604/10/44847825/original/(m=eaf8GgaaaWavb)(mh=IO08EbN2d4yCMT91)8.jpg;https://ei.phncdn.com/videos/202604/10/44847825/original/(m=eaf8GgaaaWavb)(mh=IO08EbN2d4yCMT91)9.jpg;https://ei.phncdn.com/videos/202604/10/44847825/original/(m=eaf8GgaaaWavb)(mh=IO08EbN2d4yCMT91)10.jpg;https://ei.phncdn.com/videos/202604/10/44847825/original/(m=eaf8GgaaaWavb)(mh=IO08EbN2d4yCMT91)11.jpg;https://ei.phncdn.com/videos/202604/10/44847825/original/(m=eaf8GgaaaWavb)(mh=IO08EbN2d4yCMT91)12.jpg;https://ei.phncdn.com/videos/202604/10/44847825/original/(m=eaf8GgaaaWavb)(mh=IO08EbN2d4yCMT91)13.jpg;https://ei.phncdn.com/videos/202604/10/44847825/original/(m=eaf8GgaaaWavb)(mh=IO08EbN2d4yCMT91)14.jpg;https://ei.phncdn.com/videos/202604/10/44847825/original/(m=eaf8GgaaaWavb)(mh=IO08EbN2d4yCMT91)15.jpg;https://ei.phncdn.com/videos/202604/10/44847825/original/(m=eaf8GgaaaWavb)(mh=IO08EbN2d4yCMT91)16.jpg|GaladaCouple Taking off|pawg;big-tits;big-ass-brazilian;amateur;taking-off-bra|Brazilian;Verified Amateurs;Solo Female||10|539|17|1|https://ei.phncdn.com/videos/202604/10/44847825/original/(m=eaAaGwObaaamqv)(mh=8kgXUVn_OB8EyaQu)12.jpg|https://ei.phncdn.com/videos/202604/10/44847825/original/(m=eaAaGwObaaamqv)(mh=8kgXUVn_OB8EyaQu)1.jpg;https://ei.phncdn.com/videos/202604/10/44847825/original/(m=eaAaGwObaaamqv)(mh=8kgXUVn_OB8EyaQu)2.jpg;https://ei.phncdn.com/videos/202604/10/44847825/original/(m=eaAaGwObaaamqv)(mh=8kgXUVn_OB8EyaQu)3.jpg;https://ei.phncdn.com/videos/202604/10/44847825/original/(m=eaAaGwObaaamqv)(mh=8kgXUVn_OB8EyaQu)4.jpg;https://ei.phncdn.com/videos/202604/10/44847825/original/(m=eaAaGwObaaamqv)(mh=8kgXUVn_OB8EyaQu)5.jpg;https://ei.phncdn.com/videos/202604/10/44847825/original/(m=eaAaGwObaaamqv)(mh=8kgXUVn_OB8EyaQu)6.jpg;https://ei.phncdn.com/videos/202604/10/44847825/original/(m=eaAaGwObaaamqv)(mh=8kgXUVn_OB8EyaQu)7.jpg;https://ei.phncdn.com/videos/202604/10/44847825/original/(m=eaAaGwObaaamqv)(mh=8kgXUVn_OB8EyaQu)8.jpg;https://ei.phncdn.com/videos/202604/10/44847825/original/(m=eaAaGwObaaamqv)(mh=8kgXUVn_OB8EyaQu)9.jpg;https://ei.phncdn.com/videos/202604/10/44847825/original/(m=eaAaGwObaaamqv)(mh=8kgXUVn_OB8EyaQu)10.jpg;https://ei.phncdn.com/videos/202604/10/44847825/original/(m=eaAaGwObaaamqv)(mh=8kgXUVn_OB8EyaQu)11.jpg;https://ei.phncdn.com/videos/202604/10/44847825/original/(m=eaAaGwObaaamqv)(mh=8kgXUVn_OB8EyaQu)12.jpg;https://ei.phncdn.com/videos/202604/10/44847825/original/(m=eaAaGwObaaamqv)(mh=8kgXUVn_OB8EyaQu)13.jpg;https://ei.phncdn.com/videos/202604/10/44847825/original/(m=eaAaGwObaaamqv)(mh=8kgXUVn_OB8EyaQu)14.jpg;https://ei.phncdn.com/videos/202604/10/44847825/original/(m=eaAaGwObaaamqv)(mh=8kgXUVn_OB8EyaQu)15.jpg;https://ei.phncdn.com/videos/202604/10/44847825/original/(m=eaAaGwObaaamqv)(mh=8kgXUVn_OB8EyaQu)16.jpg
<iframe src="https://www.pornhub.com/embed/69d85655231d3" frameborder="0" height="481" width="608" scrolling="no"></iframe>|https://ei.phncdn.com/videos/202604/10/44847415/original/(m=eaf8GgaaaWavb)(mh=xYTYpyyT7zYzIIp_)7.jpg|https://ei.phncdn.com/videos/202604/10/44847415/original/(m=eaf8GgaaaWavb)(mh=xYTYpyyT7zYzIIp_)1.jpg;https://ei.phncdn.com/videos/202604/10/44847415/original/(m=eaf8GgaaaWavb)(mh=xYTYpyyT7zYzIIp_)2.jpg;https://ei.phncdn.com/videos/202604/10/44847415/original/(m=eaf8GgaaaWavb)(mh=xYTYpyyT7zYzIIp_)3.jpg;https://ei.phncdn.com/videos/202604/10/44847415/original/(m=eaf8GgaaaWavb)(mh=xYTYpyyT7zYzIIp_)4.jpg;https://ei.phncdn.com/videos/202604/10/44847415/original/(m=eaf8GgaaaWavb)(mh=xYTYpyyT7zYzIIp_)5.jpg;https://ei.phncdn.com/videos/202604/10/44847415/original/(m=eaf8GgaaaWavb)(mh=xYTYpyyT7zYzIIp_)6.jpg;https://ei.phncdn.com/videos/202604/10/44847415/original/(m=eaf8GgaaaWavb)(mh=xYTYpyyT7zYzIIp_)7.jpg;https://ei.phncdn.com/videos/202604/10/44847415/original/(m=eaf8GgaaaWavb)(mh=xYTYpyyT7zYzIIp_)8.jpg;https://ei.phncdn.com/videos/202604/10/44847415/original/(m=eaf8GgaaaWavb)(mh=xYTYpyyT7zYzIIp_)9.jpg;https://ei.phncdn.com/videos/202604/10/44847415/original/(m=eaf8GgaaaWavb)(mh=xYTYpyyT7zYzIIp_)10.jpg;https://ei.phncdn.com/videos/202604/10/44847415/original/(m=eaf8GgaaaWavb)(mh=xYTYpyyT7zYzIIp_)11.jpg;https://ei.phncdn.com/videos/202604/10/44847415/original/(m=eaf8GgaaaWavb)(mh=xYTYpyyT7zYzIIp_)12.jpg;https://ei.phncdn.com/videos/202604/10/44847415/original/(m=eaf8GgaaaWavb)(mh=xYTYpyyT7zYzIIp_)13.jpg;https://ei.phncdn.com/videos/202604/10/44847415/original/(m=eaf8GgaaaWavb)(mh=xYTYpyyT7zYzIIp_)14.jpg;https://ei.phncdn.com/videos/202604/10/44847415/original/(m=eaf8GgaaaWavb)(mh=xYTYpyyT7zYzIIp_)15.jpg;https://ei.phncdn.com/videos/202604/10/44847415/original/(m=eaf8GgaaaWavb)(mh=xYTYpyyT7zYzIIp_)16.jpg|Corset squeezing my tits until the nipples burst through|morena-gostosa;live;big-tits-milf|Brazilian;Exclusive;Verified Amateurs;Solo Female;Female Orgasm||671|1256|13|0|https://ei.phncdn.com/videos/202604/10/44847415/original/(m=eaAaGwObaaamqv)(mh=R9D6ng2I0PiXPJDU)7.jpg|https://ei.phncdn.com/videos/202604/10/44847415/original/(m=eaAaGwObaaamqv)(mh=R9D6ng2I0PiXPJDU)1.jpg;https://ei.phncdn.com/videos/202604/10/44847415/original/(m=eaAaGwObaaamqv)(mh=R9D6ng2I0PiXPJDU)2.jpg;https://ei.phncdn.com/videos/202604/10/44847415/original/(m=eaAaGwObaaamqv)(mh=R9D6ng2I0PiXPJDU)3.jpg;https://ei.phncdn.com/videos/202604/10/44847415/original/(m=eaAaGwObaaamqv)(mh=R9D6ng2I0PiXPJDU)4.jpg;https://ei.phncdn.com/videos/202604/10/44847415/original/(m=eaAaGwObaaamqv)(mh=R9D6ng2I0PiXPJDU)5.jpg;https://ei.phncdn.com/videos/202604/10/44847415/original/(m=eaAaGwObaaamqv)(mh=R9D6ng2I0PiXPJDU)6.jpg;https://ei.phncdn.com/videos/202604/10/44847415/original/(m=eaAaGwObaaamqv)(mh=R9D6ng2I0PiXPJDU)7.jpg;https://ei.phncdn.com/videos/202604/10/44847415/original/(m=eaAaGwObaaamqv)(mh=R9D6ng2I0PiXPJDU)8.jpg;https://ei.phncdn.com/videos/202604/10/44847415/original/(m=eaAaGwObaaamqv)(mh=R9D6ng2I0PiXPJDU)9.jpg;https://ei.phncdn.com/videos/202604/10/44847415/original/(m=eaAaGwObaaamqv)(mh=R9D6ng2I0PiXPJDU)10.jpg;https://ei.phncdn.com/videos/202604/10/44847415/original/(m=eaAaGwObaaamqv)(mh=R9D6ng2I0PiXPJDU)11.jpg;https://ei.phncdn.com/videos/202604/10/44847415/original/(m=eaAaGwObaaamqv)(mh=R9D6ng2I0PiXPJDU)12.jpg;https://ei.phncdn.com/videos/202604/10/44847415/original/(m=eaAaGwObaaamqv)(mh=R9D6ng2I0PiXPJDU)13.jpg;https://ei.phncdn.com/videos/202604/10/44847415/original/(m=eaAaGwObaaamqv)(mh=R9D6ng2I0PiXPJDU)14.jpg;https://ei.phncdn.com/videos/202604/10/44847415/original/(m=eaAaGwObaaamqv)(mh=R9D6ng2I0PiXPJDU)15.jpg;https://ei.phncdn.com/videos/202604/10/44847415/original/(m=eaAaGwObaaamqv)(mh=R9D6ng2I0PiXPJDU)16.jpg
<iframe src="https://www.pornhub.com/embed/69dc257667c9e" frameborder="0" height="481" width="608" scrolling="no"></iframe>|https://ei.phncdn.com/videos/202604/12/45101835/original/(m=eaf8GgaaaWavb)(mh=K5kBCj8lqqDk9RO6)12.jpg|https://ei.phncdn.com/videos/202604/12/45101835/original/(m=eaf8GgaaaWavb)(mh=K5kBCj8lqqDk9RO6)1.jpg;https://ei.phncdn.com/videos/202604/12/45101835/original/(m=eaf8GgaaaWavb)(mh=K5kBCj8lqqDk9RO6)2.jpg;https://ei.phncdn.com/videos/202604/12/45101835/original/(m=eaf8GgaaaWavb)(mh=K5kBCj8lqqDk9RO6)3.jpg;https://ei.phncdn.com/videos/202604/12/45101835/original/(m=eaf8GgaaaWavb)(mh=K5kBCj8lqqDk9RO6)4.jpg;https://ei.phncdn.com/videos/202604/12/45101835/original/(m=eaf8GgaaaWavb)(mh=K5kBCj8lqqDk9RO6)5.jpg;https://ei.phncdn.com/videos/202604/12/45101835/original/(m=eaf8GgaaaWavb)(mh=K5kBCj8lqqDk9RO6)6.jpg;https://ei.phncdn.com/videos/202604/12/45101835/original/(m=eaf8GgaaaWavb)(mh=K5kBCj8lqqDk9RO6)7.jpg;https://ei.phncdn.com/videos/202604/12/45101835/original/(m=eaf8GgaaaWavb)(mh=K5kBCj8lqqDk9RO6)8.jpg;https://ei.phncdn.com/videos/202604/12/45101835/original/(m=eaf8GgaaaWavb)(mh=K5kBCj8lqqDk9RO6)9.jpg;https://ei.phncdn.com/videos/202604/12/45101835/original/(m=eaf8GgaaaWavb)(mh=K5kBCj8lqqDk9RO6)10.jpg;https://ei.phncdn.com/videos/202604/12/45101835/original/(m=eaf8GgaaaWavb)(mh=K5kBCj8lqqDk9RO6)11.jpg;https://ei.phncdn.com/videos/202604/12/45101835/original/(m=eaf8GgaaaWavb)(mh=K5kBCj8lqqDk9RO6)12.jpg;https://ei.phncdn.com/videos/202604/12/45101835/original/(m=eaf8GgaaaWavb)(mh=K5kBCj8lqqDk9RO6)13.jpg;https://ei.phncdn.com/videos/202604/12/45101835/original/(m=eaf8GgaaaWavb)(mh=K5kBCj8lqqDk9RO6)14.jpg;https://ei.phncdn.com/videos/202604/12/45101835/original/(m=eaf8GgaaaWavb)(mh=K5kBCj8lqqDk9RO6)15.jpg;https://ei.phncdn.com/videos/202604/12/45101835/original/(m=eaf8GgaaaWavb)(mh=K5kBCj8lqqDk9RO6)16.jpg|Zero dance|anime-cosplay;zero-two|Brazilian;Verified Amateurs;Solo Female||12|97|4|1|https://ei.phncdn.com/videos/202604/12/45101835/original/(m=eaAaGwObaaamqv)(mh=kpX96xgDfRAZsHEr)12.jpg|https://ei.phncdn.com/videos/202604/12/45101835/original/(m=eaAaGwObaaamqv)(mh=kpX96xgDfRAZsHEr)1.jpg;https://ei.phncdn.com/videos/202604/12/45101835/original/(m=eaAaGwObaaamqv)(mh=kpX96xgDfRAZsHEr)2.jpg;https://ei.phncdn.com/videos/202604/12/45101835/original/(m=eaAaGwObaaamqv)(mh=kpX96xgDfRAZsHEr)3.jpg;https://ei.phncdn.com/videos/202604/12/45101835/original/(m=eaAaGwObaaamqv)(mh=kpX96xgDfRAZsHEr)4.jpg;https://ei.phncdn.com/videos/202604/12/45101835/original/(m=eaAaGwObaaamqv)(mh=kpX96xgDfRAZsHEr)5.jpg;https://ei.phncdn.com/videos/202604/12/45101835/original/(m=eaAaGwObaaamqv)(mh=kpX96xgDfRAZsHEr)6.jpg;https://ei.phncdn.com/videos/202604/12/45101835/original/(m=eaAaGwObaaamqv)(mh=kpX96xgDfRAZsHEr)7.jpg;https://ei.phncdn.com/videos/202604/12/45101835/original/(m=eaAaGwObaaamqv)(mh=kpX96xgDfRAZsHEr)8.jpg;https://ei.phncdn.com/videos/202604/12/45101835/original/(m=eaAaGwObaaamqv)(mh=kpX96xgDfRAZsHEr)9.jpg;https://ei.phncdn.com/videos/202604/12/45101835/original/(m=eaAaGwObaaamqv)(mh=kpX96xgDfRAZsHEr)10.jpg;https://ei.phncdn.com/videos/202604/12/45101835/original/(m=eaAaGwObaaamqv)(mh=kpX96xgDfRAZsHEr)11.jpg;https://ei.phncdn.com/videos/202604/12/45101835/original/(m=eaAaGwObaaamqv)(mh=kpX96xgDfRAZsHEr)12.jpg;https://ei.phncdn.com/videos/202604/12/45101835/original/(m=eaAaGwObaaamqv)(mh=kpX96xgDfRAZsHEr)13.jpg;https://ei.phncdn.com/videos/202604/12/45101835/original/(m=eaAaGwObaaamqv)(mh=kpX96xgDfRAZsHEr)14.jpg;https://ei.phncdn.com/videos/202604/12/45101835/original/(m=eaAaGwObaaamqv)(mh=kpX96xgDfRAZsHEr)15.jpg;https://ei.phncdn.com/videos/202604/12/45101835/original/(m=eaAaGwObaaamqv)(mh=kpX96xgDfRAZsHEr)16.jpg
<iframe src="https://www.pornhub.com/embed/6a2f9cc6c0fda" frameborder="0" height="481" width="608" scrolling="no"></iframe>|https://ei.phncdn.com/videos/202606/15/52275435/original/(m=eaf8GgaaaWavb)(mh=NtvPndlHbrn7Eg6G)12.jpg|https://ei.phncdn.com/videos/202606/15/52275435/original/(m=eaf8GgaaaWavb)(mh=NtvPndlHbrn7Eg6G)1.jpg;https://ei.phncdn.com/videos/202606/15/52275435/original/(m=eaf8GgaaaWavb)(mh=NtvPndlHbrn7Eg6G)2.jpg;https://ei.phncdn.com/videos/202606/15/52275435/original/(m=eaf8GgaaaWavb)(mh=NtvPndlHbrn7Eg6G)3.jpg;https://ei.phncdn.com/videos/202606/15/52275435/original/(m=eaf8GgaaaWavb)(mh=NtvPndlHbrn7Eg6G)4.jpg;https://ei.phncdn.com/videos/202606/15/52275435/original/(m=eaf8GgaaaWavb)(mh=NtvPndlHbrn7Eg6G)5.jpg;https://ei.phncdn.com/videos/202606/15/52275435/original/(m=eaf8GgaaaWavb)(mh=NtvPndlHbrn7Eg6G)6.jpg;https://ei.phncdn.com/videos/202606/15/52275435/original/(m=eaf8GgaaaWavb)(mh=NtvPndlHbrn7Eg6G)7.jpg;https://ei.phncdn.com/videos/202606/15/52275435/original/(m=eaf8GgaaaWavb)(mh=NtvPndlHbrn7Eg6G)8.jpg;https://ei.phncdn.com/videos/202606/15/52275435/original/(m=eaf8GgaaaWavb)(mh=NtvPndlHbrn7Eg6G)9.jpg;https://ei.phncdn.com/videos/202606/15/52275435/original/(m=eaf8GgaaaWavb)(mh=NtvPndlHbrn7Eg6G)10.jpg;https://ei.phncdn.com/videos/202606/15/52275435/original/(m=eaf8GgaaaWavb)(mh=NtvPndlHbrn7Eg6G)11.jpg;https://ei.phncdn.com/videos/202606/15/52275435/original/(m=eaf8GgaaaWavb)(mh=NtvPndlHbrn7Eg6G)12.jpg;https://ei.phncdn.com/videos/202606/15/52275435/original/(m=eaf8GgaaaWavb)(mh=NtvPndlHbrn7Eg6G)13.jpg;https://ei.phncdn.com/videos/202606/15/52275435/original/(m=eaf8GgaaaWavb)(mh=NtvPndlHbrn7Eg6G)14.jpg;https://ei.phncdn.com/videos/202606/15/52275435/original/(m=eaf8GgaaaWavb)(mh=NtvPndlHbrn7Eg6G)15.jpg;https://ei.phncdn.com/videos/202606/15/52275435/original/(m=eaf8GgaaaWavb)(mh=NtvPndlHbrn7Eg6G)16.jpg|Alice_Lima surrenders to double penetration bliss|double-dildo;double-penetration|Brazilian;Verified Amateurs;Solo Female||307|3603|213|12|https://ei.phncdn.com/videos/202606/15/52275435/original/(m=eaAaGwObaaamqv)(mh=sT_OxrMYWTTH7igO)12.jpg|https://ei.phncdn.com/videos/202606/15/52275435/original/(m=eaAaGwObaaamqv)(mh=sT_OxrMYWTTH7igO)1.jpg;https://ei.phncdn.com/videos/202606/15/52275435/original/(m=eaAaGwObaaamqv)(mh=sT_OxrMYWTTH7igO)2.jpg;https://ei.phncdn.com/videos/202606/15/52275435/original/(m=eaAaGwObaaamqv)(mh=sT_OxrMYWTTH7igO)3.jpg;https://ei.phncdn.com/videos/202606/15/52275435/original/(m=eaAaGwObaaamqv)(mh=sT_OxrMYWTTH7igO)4.jpg;https://ei.phncdn.com/videos/202606/15/52275435/original/(m=eaAaGwObaaamqv)(mh=sT_OxrMYWTTH7igO)5.jpg;https://ei.phncdn.com/videos/202606/15/52275435/original/(m=eaAaGwObaaamqv)(mh=sT_OxrMYWTTH7igO)6.jpg;https://ei.phncdn.com/videos/202606/15/52275435/original/(m=eaAaGwObaaamqv)(mh=sT_OxrMYWTTH7igO)7.jpg;https://ei.phncdn.com/videos/202606/15/52275435/original/(m=eaAaGwObaaamqv)(mh=sT_OxrMYWTTH7igO)8.jpg;https://ei.phncdn.com/videos/202606/15/52275435/original/(m=eaAaGwObaaamqv)(mh=sT_OxrMYWTTH7igO)9.jpg;https://ei.phncdn.com/videos/202606/15/52275435/original/(m=eaAaGwObaaamqv)(mh=sT_OxrMYWTTH7igO)10.jpg;https://ei.phncdn.com/videos/202606/15/52275435/original/(m=eaAaGwObaaamqv)(mh=sT_OxrMYWTTH7igO)11.jpg;https://ei.phncdn.com/videos/202606/15/52275435/original/(m=eaAaGwObaaamqv)(mh=sT_OxrMYWTTH7igO)12.jpg;https://ei.phncdn.com/videos/202606/15/52275435/original/(m=eaAaGwObaaamqv)(mh=sT_OxrMYWTTH7igO)13.jpg;https://ei.phncdn.com/videos/202606/15/52275435/original/(m=eaAaGwObaaamqv)(mh=sT_OxrMYWTTH7igO)14.jpg;https://ei.phncdn.com/videos/202606/15/52275435/original/(m=eaAaGwObaaamqv)(mh=sT_OxrMYWTTH7igO)15.jpg;https://ei.phncdn.com/videos/202606/15/52275435/original/(m=eaAaGwObaaamqv)(mh=sT_OxrMYWTTH7igO)16.jpg
<iframe src="https://www.pornhub.com/embed/6a452b0e3f049" frameborder="0" height="481" width="608" scrolling="no"></iframe>|https://ei.phncdn.com/videos/202607/01/54088105/original/(m=eaf8GgaaaWavb)(mh=1LQueVBU7ranVn_p)12.jpg|https://ei.phncdn.com/videos/202607/01/54088105/original/(m=eaf8GgaaaWavb)(mh=1LQueVBU7ranVn_p)1.jpg;https://ei.phncdn.com/videos/202607/01/54088105/original/(m=eaf8GgaaaWavb)(mh=1LQueVBU7ranVn_p)2.jpg;https://ei.phncdn.com/videos/202607/01/54088105/original/(m=eaf8GgaaaWavb)(mh=1LQueVBU7ranVn_p)3.jpg;https://ei.phncdn.com/videos/202607/01/54088105/original/(m=eaf8GgaaaWavb)(mh=1LQueVBU7ranVn_p)4.jpg;https://ei.phncdn.com/videos/202607/01/54088105/original/(m=eaf8GgaaaWavb)(mh=1LQueVBU7ranVn_p)5.jpg;https://ei.phncdn.com/videos/202607/01/54088105/original/(m=eaf8GgaaaWavb)(mh=1LQueVBU7ranVn_p)6.jpg;https://ei.phncdn.com/videos/202607/01/54088105/original/(m=eaf8GgaaaWavb)(mh=1LQueVBU7ranVn_p)7.jpg;https://ei.phncdn.com/videos/202607/01/54088105/original/(m=eaf8GgaaaWavb)(mh=1LQueVBU7ranVn_p)8.jpg;https://ei.phncdn.com/videos/202607/01/54088105/original/(m=eaf8GgaaaWavb)(mh=1LQueVBU7ranVn_p)9.jpg;https://ei.phncdn.com/videos/202607/01/54088105/original/(m=eaf8GgaaaWavb)(mh=1LQueVBU7ranVn_p)10.jpg;https://ei.phncdn.com/videos/202607/01/54088105/original/(m=eaf8GgaaaWavb)(mh=1LQueVBU7ranVn_p)11.jpg;https://ei.phncdn.com/videos/202607/01/54088105/original/(m=eaf8GgaaaWavb)(mh=1LQueVBU7ranVn_p)12.jpg;https://ei.phncdn.com/videos/202607/01/54088105/original/(m=eaf8GgaaaWavb)(mh=1LQueVBU7ranVn_p)13.jpg;https://ei.phncdn.com/videos/202607/01/54088105/original/(m=eaf8GgaaaWavb)(mh=1LQueVBU7ranVn_p)14.jpg;https://ei.phncdn.com/videos/202607/01/54088105/original/(m=eaf8GgaaaWavb)(mh=1LQueVBU7ranVn_p)15.jpg;https://ei.phncdn.com/videos/202607/01/54088105/original/(m=eaf8GgaaaWavb)(mh=1LQueVBU7ranVn_p)16.jpg|Peitos gostosos|brasileiras-gostosas;bunda-gostosa|Brazilian;Exclusive;Verified Amateurs;Solo Female||26|35|5|0|https://ei.phncdn.com/videos/202607/01/54088105/original/(m=eaAaGwObaaamqv)(mh=NkhTpZHdZxV6cVAh)12.jpg|https://ei.phncdn.com/videos/202607/01/54088105/original/(m=eaAaGwObaaamqv)(mh=NkhTpZHdZxV6cVAh)1.jpg;https://ei.phncdn.com/videos/202607/01/54088105/original/(m=eaAaGwObaaamqv)(mh=NkhTpZHdZxV6cVAh)2.jpg;https://ei.phncdn.com/videos/202607/01/54088105/original/(m=eaAaGwObaaamqv)(mh=NkhTpZHdZxV6cVAh)3.jpg;https://ei.phncdn.com/videos/202607/01/54088105/original/(m=eaAaGwObaaamqv)(mh=NkhTpZHdZxV6cVAh)4.jpg;https://ei.phncdn.com/videos/202607/01/54088105/original/(m=eaAaGwObaaamqv)(mh=NkhTpZHdZxV6cVAh)5.jpg;https://ei.phncdn.com/videos/202607/01/54088105/original/(m=eaAaGwObaaamqv)(mh=NkhTpZHdZxV6cVAh)6.jpg;https://ei.phncdn.com/videos/202607/01/54088105/original/(m=eaAaGwObaaamqv)(mh=NkhTpZHdZxV6cVAh)7.jpg;https://ei.phncdn.com/videos/202607/01/54088105/original/(m=eaAaGwObaaamqv)(mh=NkhTpZHdZxV6cVAh)8.jpg;https://ei.phncdn.com/videos/202607/01/54088105/original/(m=eaAaGwObaaamqv)(mh=NkhTpZHdZxV6cVAh)9.jpg;https://ei.phncdn.com/videos/202607/01/54088105/original/(m=eaAaGwObaaamqv)(mh=NkhTpZHdZxV6cVAh)10.jpg;https://ei.phncdn.com/videos/202607/01/54088105/original/(m=eaAaGwObaaamqv)(mh=NkhTpZHdZxV6cVAh)11.jpg;https://ei.phncdn.com/videos/202607/01/54088105/original/(m=eaAaGwObaaamqv)(mh=NkhTpZHdZxV6cVAh)12.jpg;https://ei.phncdn.com/videos/202607/01/54088105/original/(m=eaAaGwObaaamqv)(mh=NkhTpZHdZxV6cVAh)13.jpg;https://ei.phncdn.com/videos/202607/01/54088105/original/(m=eaAaGwObaaamqv)(mh=NkhTpZHdZxV6cVAh)14.jpg;https://ei.phncdn.com/videos/202607/01/54088105/original/(m=eaAaGwObaaamqv)(mh=NkhTpZHdZxV6cVAh)15.jpg;https://ei.phncdn.com/videos/202607/01/54088105/original/(m=eaAaGwObaaamqv)(mh=NkhTpZHdZxV6cVAh)16.jpg
<iframe src="https://www.pornhub.com/embed/6a55dae17113d" frameborder="0" height="481" width="608" scrolling="no"></iframe>|https://ei.phncdn.com/videos/202607/14/55455525/original/(m=eaf8GgaaaWavb)(mh=miDtz5Y_G_TckgRv)12.jpg|https://ei.phncdn.com/videos/202607/14/55455525/original/(m=eaf8GgaaaWavb)(mh=miDtz5Y_G_TckgRv)1.jpg;https://ei.phncdn.com/videos/202607/14/55455525/original/(m=eaf8GgaaaWavb)(mh=miDtz5Y_G_TckgRv)2.jpg;https://ei.phncdn.com/videos/202607/14/55455525/original/(m=eaf8GgaaaWavb)(mh=miDtz5Y_G_TckgRv)3.jpg;https://ei.phncdn.com/videos/202607/14/55455525/original/(m=eaf8GgaaaWavb)(mh=miDtz5Y_G_TckgRv)4.jpg;https://ei.phncdn.com/videos/202607/14/55455525/original/(m=eaf8GgaaaWavb)(mh=miDtz5Y_G_TckgRv)5.jpg;https://ei.phncdn.com/videos/202607/14/55455525/original/(m=eaf8GgaaaWavb)(mh=miDtz5Y_G_TckgRv)6.jpg;https://ei.phncdn.com/videos/202607/14/55455525/original/(m=eaf8GgaaaWavb)(mh=miDtz5Y_G_TckgRv)7.jpg;https://ei.phncdn.com/videos/202607/14/55455525/original/(m=eaf8GgaaaWavb)(mh=miDtz5Y_G_TckgRv)8.jpg;https://ei.phncdn.com/videos/202607/14/55455525/original/(m=eaf8GgaaaWavb)(mh=miDtz5Y_G_TckgRv)9.jpg;https://ei.phncdn.com/videos/202607/14/55455525/original/(m=eaf8GgaaaWavb)(mh=miDtz5Y_G_TckgRv)10.jpg;https://ei.phncdn.com/videos/202607/14/55455525/original/(m=eaf8GgaaaWavb)(mh=miDtz5Y_G_TckgRv)11.jpg;https://ei.phncdn.com/videos/202607/14/55455525/original/(m=eaf8GgaaaWavb)(mh=miDtz5Y_G_TckgRv)12.jpg;https://ei.phncdn.com/videos/202607/14/55455525/original/(m=eaf8GgaaaWavb)(mh=miDtz5Y_G_TckgRv)13.jpg;https://ei.phncdn.com/videos/202607/14/55455525/original/(m=eaf8GgaaaWavb)(mh=miDtz5Y_G_TckgRv)14.jpg;https://ei.phncdn.com/videos/202607/14/55455525/original/(m=eaf8GgaaaWavb)(mh=miDtz5Y_G_TckgRv)15.jpg;https://ei.phncdn.com/videos/202607/14/55455525/original/(m=eaf8GgaaaWavb)(mh=miDtz5Y_G_TckgRv)16.jpg|Alice_Lima sinks in wild dildo hunger|hot-latina;dildo|Brazilian;Verified Amateurs;Solo Female;Female Orgasm||310|3018|1007|47|https://ei.phncdn.com/videos/202607/14/55455525/original/(m=eaAaGwObaaamqv)(mh=CPx8tT-cE1WIRY2G)12.jpg|https://ei.phncdn.com/videos/202607/14/55455525/original/(m=eaAaGwObaaamqv)(mh=CPx8tT-cE1WIRY2G)1.jpg;https://ei.phncdn.com/videos/202607/14/55455525/original/(m=eaAaGwObaaamqv)(mh=CPx8tT-cE1WIRY2G)2.jpg;https://ei.phncdn.com/videos/202607/14/55455525/original/(m=eaAaGwObaaamqv)(mh=CPx8tT-cE1WIRY2G)3.jpg;https://ei.phncdn.com/videos/202607/14/55455525/original/(m=eaAaGwObaaamqv)(mh=CPx8tT-cE1WIRY2G)4.jpg;https://ei.phncdn.com/videos/202607/14/55455525/original/(m=eaAaGwObaaamqv)(mh=CPx8tT-cE1WIRY2G)5.jpg;https://ei.phncdn.com/videos/202607/14/55455525/original/(m=eaAaGwObaaamqv)(mh=CPx8tT-cE1WIRY2G)6.jpg;https://ei.phncdn.com/videos/202607/14/55455525/original/(m=eaAaGwObaaamqv)(mh=CPx8tT-cE1WIRY2G)7.jpg;https://ei.phncdn.com/videos/202607/14/55455525/original/(m=eaAaGwObaaamqv)(mh=CPx8tT-cE1WIRY2G)8.jpg;https://ei.phncdn.com/videos/202607/14/55455525/original/(m=eaAaGwObaaamqv)(mh=CPx8tT-cE1WIRY2G)9.jpg;https://ei.phncdn.com/videos/202607/14/55455525/original/(m=eaAaGwObaaamqv)(mh=CPx8tT-cE1WIRY2G)10.jpg;https://ei.phncdn.com/videos/202607/14/55455525/original/(m=eaAaGwObaaamqv)(mh=CPx8tT-cE1WIRY2G)11.jpg;https://ei.phncdn.com/videos/202607/14/55455525/original/(m=eaAaGwObaaamqv)(mh=CPx8tT-cE1WIRY2G)12.jpg;https://ei.phncdn.com/videos/202607/14/55455525/original/(m=eaAaGwObaaamqv)(mh=CPx8tT-cE1WIRY2G)13.jpg;https://ei.phncdn.com/videos/202607/14/55455525/original/(m=eaAaGwObaaamqv)(mh=CPx8tT-cE1WIRY2G)14.jpg;https://ei.phncdn.com/videos/202607/14/55455525/original/(m=eaAaGwObaaamqv)(mh=CPx8tT-cE1WIRY2G)15.jpg;https://ei.phncdn.com/videos/202607/14/55455525/original/(m=eaAaGwObaaamqv)(mh=CPx8tT-cE1WIRY2G)16.jpg
<iframe src="https://www.pornhub.com/embed/6a59bef5eeb77" frameborder="0" height="481" width="608" scrolling="no"></iframe>|https://ei.phncdn.com/videos/202607/17/55812705/original/(m=eaf8GgaaaWavb)(mh=7TVDUqCh9LXzGevF)7.jpg|https://ei.phncdn.com/videos/202607/17/55812705/original/(m=eaf8GgaaaWavb)(mh=7TVDUqCh9LXzGevF)1.jpg;https://ei.phncdn.com/videos/202607/17/55812705/original/(m=eaf8GgaaaWavb)(mh=7TVDUqCh9LXzGevF)2.jpg;https://ei.phncdn.com/videos/202607/17/55812705/original/(m=eaf8GgaaaWavb)(mh=7TVDUqCh9LXzGevF)3.jpg;https://ei.phncdn.com/videos/202607/17/55812705/original/(m=eaf8GgaaaWavb)(mh=7TVDUqCh9LXzGevF)4.jpg;https://ei.phncdn.com/videos/202607/17/55812705/original/(m=eaf8GgaaaWavb)(mh=7TVDUqCh9LXzGevF)5.jpg;https://ei.phncdn.com/videos/202607/17/55812705/original/(m=eaf8GgaaaWavb)(mh=7TVDUqCh9LXzGevF)6.jpg;https://ei.phncdn.com/videos/202607/17/55812705/original/(m=eaf8GgaaaWavb)(mh=7TVDUqCh9LXzGevF)7.jpg;https://ei.phncdn.com/videos/202607/17/55812705/original/(m=eaf8GgaaaWavb)(mh=7TVDUqCh9LXzGevF)8.jpg;https://ei.phncdn.com/videos/202607/17/55812705/original/(m=eaf8GgaaaWavb)(mh=7TVDUqCh9LXzGevF)9.jpg;https://ei.phncdn.com/videos/202607/17/55812705/original/(m=eaf8GgaaaWavb)(mh=7TVDUqCh9LXzGevF)10.jpg;https://ei.phncdn.com/videos/202607/17/55812705/original/(m=eaf8GgaaaWavb)(mh=7TVDUqCh9LXzGevF)11.jpg;https://ei.phncdn.com/videos/202607/17/55812705/original/(m=eaf8GgaaaWavb)(mh=7TVDUqCh9LXzGevF)12.jpg;https://ei.phncdn.com/videos/202607/17/55812705/original/(m=eaf8GgaaaWavb)(mh=7TVDUqCh9LXzGevF)13.jpg;https://ei.phncdn.com/videos/202607/17/55812705/original/(m=eaf8GgaaaWavb)(mh=7TVDUqCh9LXzGevF)14.jpg;https://ei.phncdn.com/videos/202607/17/55812705/original/(m=eaf8GgaaaWavb)(mh=7TVDUqCh9LXzGevF)15.jpg;https://ei.phncdn.com/videos/202607/17/55812705/original/(m=eaf8GgaaaWavb)(mh=7TVDUqCh9LXzGevF)16.jpg|Casada exitada em banheiros públicos!|wife;cheating-wife;cuckold;banheiro;public;exhibition;exhibicionista|Brazilian;Verified Amateurs;Cuckold;Solo Female;Reaction||60|64|7|0|https://ei.phncdn.com/videos/202607/17/55812705/original/(m=eaAaGwObaaamqv)(mh=l-72Scgkhzdm54cp)7.jpg|https://ei.phncdn.com/videos/202607/17/55812705/original/(m=eaAaGwObaaamqv)(mh=l-72Scgkhzdm54cp)1.jpg;https://ei.phncdn.com/videos/202607/17/55812705/original/(m=eaAaGwObaaamqv)(mh=l-72Scgkhzdm54cp)2.jpg;https://ei.phncdn.com/videos/202607/17/55812705/original/(m=eaAaGwObaaamqv)(mh=l-72Scgkhzdm54cp)3.jpg;https://ei.phncdn.com/videos/202607/17/55812705/original/(m=eaAaGwObaaamqv)(mh=l-72Scgkhzdm54cp)4.jpg;https://ei.phncdn.com/videos/202607/17/55812705/original/(m=eaAaGwObaaamqv)(mh=l-72Scgkhzdm54cp)5.jpg;https://ei.phncdn.com/videos/202607/17/55812705/original/(m=eaAaGwObaaamqv)(mh=l-72Scgkhzdm54cp)6.jpg;https://ei.phncdn.com/videos/202607/17/55812705/original/(m=eaAaGwObaaamqv)(mh=l-72Scgkhzdm54cp)7.jpg;https://ei.phncdn.com/videos/202607/17/55812705/original/(m=eaAaGwObaaamqv)(mh=l-72Scgkhzdm54cp)8.jpg;https://ei.phncdn.com/videos/202607/17/55812705/original/(m=eaAaGwObaaamqv)(mh=l-72Scgkhzdm54cp)9.jpg;https://ei.phncdn.com/videos/202607/17/55812705/original/(m=eaAaGwObaaamqv)(mh=l-72Scgkhzdm54cp)10.jpg;https://ei.phncdn.com/videos/202607/17/55812705/original/(m=eaAaGwObaaamqv)(mh=l-72Scgkhzdm54cp)11.jpg;https://ei.phncdn.com/videos/202607/17/55812705/original/(m=eaAaGwObaaamqv)(mh=l-72Scgkhzdm54cp)12.jpg;https://ei.phncdn.com/videos/202607/17/55812705/original/(m=eaAaGwObaaamqv)(mh=l-72Scgkhzdm54cp)13.jpg;https://ei.phncdn.com/videos/202607/17/55812705/original/(m=eaAaGwObaaamqv)(mh=l-72Scgkhzdm54cp)14.jpg;https://ei.phncdn.com/videos/202607/17/55812705/original/(m=eaAaGwObaaamqv)(mh=l-72Scgkhzdm54cp)15.jpg;https://ei.phncdn.com/videos/202607/17/55812705/original/(m=eaAaGwObaaamqv)(mh=l-72Scgkhzdm54cp)16.jpg
<iframe src="https://www.pornhub.com/embed/6a6d536bb7277" frameborder="0" height="481" width="608" scrolling="no"></iframe>|https://ei.phncdn.com/videos/202608/01/57389515/thumbs_5/(m=eaf8GgaaaWavb)(mh=zckGD7e0hgPCKFb5)1.jpg|https://ei.phncdn.com/videos/202608/01/57389515/thumbs_5/(m=eaf8GgaaaWavb)(mh=zckGD7e0hgPCKFb5)1.jpg;https://ei.phncdn.com/videos/202608/01/57389515/thumbs_5/(m=eaf8GgaaaWavb)(mh=zckGD7e0hgPCKFb5)2.jpg;https://ei.phncdn.com/videos/202608/01/57389515/thumbs_5/(m=eaf8GgaaaWavb)(mh=zckGD7e0hgPCKFb5)3.jpg;https://ei.phncdn.com/videos/202608/01/57389515/thumbs_5/(m=eaf8GgaaaWavb)(mh=zckGD7e0hgPCKFb5)4.jpg;https://ei.phncdn.com/videos/202608/01/57389515/thumbs_5/(m=eaf8GgaaaWavb)(mh=zckGD7e0hgPCKFb5)5.jpg;https://ei.phncdn.com/videos/202608/01/57389515/thumbs_5/(m=eaf8GgaaaWavb)(mh=zckGD7e0hgPCKFb5)6.jpg;https://ei.phncdn.com/videos/202608/01/57389515/thumbs_5/(m=eaf8GgaaaWavb)(mh=zckGD7e0hgPCKFb5)7.jpg;https://ei.phncdn.com/videos/202608/01/57389515/thumbs_5/(m=eaf8GgaaaWavb)(mh=zckGD7e0hgPCKFb5)8.jpg;https://ei.phncdn.com/videos/202608/01/57389515/thumbs_5/(m=eaf8GgaaaWavb)(mh=zckGD7e0hgPCKFb5)9.jpg;https://ei.phncdn.com/videos/202608/01/57389515/thumbs_5/(m=eaf8GgaaaWavb)(mh=zckGD7e0hgPCKFb5)10.jpg;https://ei.phncdn.com/videos/202608/01/57389515/thumbs_5/(m=eaf8GgaaaWavb)(mh=zckGD7e0hgPCKFb5)11.jpg;https://ei.phncdn.com/videos/202608/01/57389515/thumbs_5/(m=eaf8GgaaaWavb)(mh=zckGD7e0hgPCKFb5)12.jpg;https://ei.phncdn.com/videos/202608/01/57389515/thumbs_5/(m=eaf8GgaaaWavb)(mh=zckGD7e0hgPCKFb5)13.jpg;https://ei.phncdn.com/videos/202608/01/57389515/thumbs_5/(m=eaf8GgaaaWavb)(mh=zckGD7e0hgPCKFb5)14.jpg;https://ei.phncdn.com/videos/202608/01/57389515/thumbs_5/(m=eaf8GgaaaWavb)(mh=zckGD7e0hgPCKFb5)15.jpg;https://ei.phncdn.com/videos/202608/01/57389515/thumbs_5/(m=eaf8GgaaaWavb)(mh=zckGD7e0hgPCKFb5)16.jpg|My stepsister is a Brazilian Girl|horny-stepsister;big-boobs-stepsister;stepsister;brazilian-girl;brazilian-big-ass;brazil;brazilian-milf;sex-with-stepsister;hermanastra;hermanastra-culona;brasileiras-gostosas|Brazilian;Exclusive;Verified Amateurs;Step Fantasy;Female Orgasm||615|1684|10|2|https://ei.phncdn.com/videos/202608/01/57389515/thumbs_5/(m=eaAaGwObaaamqv)(mh=Ob-w9-ivUepv3Ej4)1.jpg|https://ei.phncdn.com/videos/202608/01/57389515/thumbs_5/(m=eaAaGwObaaamqv)(mh=Ob-w9-ivUepv3Ej4)1.jpg;https://ei.phncdn.com/videos/202608/01/57389515/thumbs_5/(m=eaAaGwObaaamqv)(mh=Ob-w9-ivUepv3Ej4)2.jpg;https://ei.phncdn.com/videos/202608/01/57389515/thumbs_5/(m=eaAaGwObaaamqv)(mh=Ob-w9-ivUepv3Ej4)3.jpg;https://ei.phncdn.com/videos/202608/01/57389515/thumbs_5/(m=eaAaGwObaaamqv)(mh=Ob-w9-ivUepv3Ej4)4.jpg;https://ei.phncdn.com/videos/202608/01/57389515/thumbs_5/(m=eaAaGwObaaamqv)(mh=Ob-w9-ivUepv3Ej4)5.jpg;https://ei.phncdn.com/videos/202608/01/57389515/thumbs_5/(m=eaAaGwObaaamqv)(mh=Ob-w9-ivUepv3Ej4)6.jpg;https://ei.phncdn.com/videos/202608/01/57389515/thumbs_5/(m=eaAaGwObaaamqv)(mh=Ob-w9-ivUepv3Ej4)7.jpg;https://ei.phncdn.com/videos/202608/01/57389515/thumbs_5/(m=eaAaGwObaaamqv)(mh=Ob-w9-ivUepv3Ej4)8.jpg;https://ei.phncdn.com/videos/202608/01/57389515/thumbs_5/(m=eaAaGwObaaamqv)(mh=Ob-w9-ivUepv3Ej4)9.jpg;https://ei.phncdn.com/videos/202608/01/57389515/thumbs_5/(m=eaAaGwObaaamqv)(mh=Ob-w9-ivUepv3Ej4)10.jpg;https://ei.phncdn.com/videos/202608/01/57389515/thumbs_5/(m=eaAaGwObaaamqv)(mh=Ob-w9-ivUepv3Ej4)11.jpg;https://ei.phncdn.com/videos/202608/01/57389515/thumbs_5/(m=eaAaGwObaaamqv)(mh=Ob-w9-ivUepv3Ej4)12.jpg;https://ei.phncdn.com/videos/202608/01/57389515/thumbs_5/(m=eaAaGwObaaamqv)(mh=Ob-w9-ivUepv3Ej4)13.jpg;https://ei.phncdn.com/videos/202608/01/57389515/thumbs_5/(m=eaAaGwObaaamqv)(mh=Ob-w9-ivUepv3Ej4)14.jpg;https://ei.phncdn.com/videos/202608/01/57389515/thumbs_5/(m=eaAaGwObaaamqv)(mh=Ob-w9-ivUepv3Ej4)15.jpg;https://ei.phncdn.com/videos/202608/01/57389515/thumbs_5/(m=eaAaGwObaaamqv)(mh=Ob-w9-ivUepv3Ej4)16.jpg
