embed_html|thumbnail|thumbnail_sequence|title|tags|categories|performer|duration_seconds|views|source_metric_1|source_metric_2|thumbnail_large|thumbnail_sequence_large
<iframe src="https://www.pornhub.com/embed/660486142" frameborder="0" height="481" width="608" scrolling="no"></iframe>|https://ei.phncdn.com/videos/201003/07/1035933/original/(m=eaf8GgaaaWavb)(mh=zA5RN08k1GhLLRbN)14.jpg|https://ei.phncdn.com/videos/201003/07/1035933/original/(m=eaf8GgaaaWavb)(mh=zA5RN08k1GhLLRbN)1.jpg;https://ei.phncdn.com/videos/201003/07/1035933/original/(m=eaf8GgaaaWavb)(mh=zA5RN08k1GhLLRbN)2.jpg;https://ei.phncdn.com/videos/201003/07/1035933/original/(m=eaf8GgaaaWavb)(mh=zA5RN08k1GhLLRbN)3.jpg;https://ei.phncdn.com/videos/201003/07/1035933/original/(m=eaf8GgaaaWavb)(mh=zA5RN08k1GhLLRbN)4.jpg;https://ei.phncdn.com/videos/201003/07/1035933/original/(m=eaf8GgaaaWavb)(mh=zA5RN08k1GhLLRbN)5.jpg;https://ei.phncdn.com/videos/201003/07/1035933/original/(m=eaf8GgaaaWavb)(mh=zA5RN08k1GhLLRbN)6.jpg;https://ei.phncdn.com/videos/201003/07/1035933/original/(m=eaf8GgaaaWavb)(mh=zA5RN08k1GhLLRbN)7.jpg;https://ei.phncdn.com/videos/201003/07/1035933/original/(m=eaf8GgaaaWavb)(mh=zA5RN08k1GhLLRbN)8.jpg;https://ei.phncdn.com/videos/201003/07/1035933/original/(m=eaf8GgaaaWavb)(mh=zA5RN08k1GhLLRbN)9.jpg;https://ei.phncdn.com/videos/201003/07/1035933/original/(m=eaf8GgaaaWavb)(mh=zA5RN08k1GhLLRbN)10.jpg;https://ei.phncdn.com/videos/201003/07/1035933/original/(m=eaf8GgaaaWavb)(mh=zA5RN08k1GhLLRbN)11.jpg;https://ei.phncdn.com/videos/201003/07/1035933/original/(m=eaf8GgaaaWavb)(mh=zA5RN08k1GhLLRbN)12.jpg;https://ei.phncdn.com/videos/201003/07/1035933/original/(m=eaf8GgaaaWavb)(mh=zA5RN08k1GhLLRbN)13.jpg;https://ei.phncdn.com/videos/201003/07/1035933/original/(m=eaf8GgaaaWavb)(mh=zA5RN08k1GhLLRbN)14.jpg;https://ei.phncdn.com/videos/201003/07/1035933/original/(m=eaf8GgaaaWavb)(mh=zA5RN08k1GhLLRbN)15.jpg;https://ei.phncdn.com/videos/201003/07/1035933/original/(m=eaf8GgaaaWavb)(mh=zA5RN08k1GhLLRbN)16.jpg|Birthday Bash at the strip club|black;pussy-fucking;hood;thehabibshow.com;index1.htm|Striptease||185|30587|20|14|https://ei.phncdn.com/videos/201003/07/1035933/original/(m=eaAaGwObaaamqv)(mh=_1Yu_FtDyIcM1zAp)14.jpg|https://ei.phncdn.com/videos/201003/07/1035933/original/(m=eaAaGwObaaamqv)(mh=_1Yu_FtDyIcM1zAp)1.jpg;https://ei.phncdn.com/videos/201003/07/1035933/original/(m=eaAaGwObaaamqv)(mh=_1Yu_FtDyIcM1zAp)2.jpg;https://ei.phncdn.com/videos/201003/07/1035933/original/(m=eaAaGwObaaamqv)(mh=_1Yu_FtDyIcM1zAp)3.jpg;https://ei.phncdn.com/videos/201003/07/1035933/original/(m=eaAaGwObaaamqv)(mh=_1Yu_FtDyIcM1zAp)4.jpg;https://ei.phncdn.com/videos/201003/07/1035933/original/(m=eaAaGwObaaamqv)(mh=_1Yu_FtDyIcM1zAp)5.jpg;https://ei.phncdn.com/videos/201003/07/1035933/original/(m=eaAaGwObaaamqv)(mh=_1Yu_FtDyIcM1zAp)6.jpg;https://ei.phncdn.com/videos/201003/07/1035933/original/(m=eaAaGwObaaamqv)(mh=_1Yu_FtDyIcM1zAp)7.jpg;https://ei.phncdn.com/videos/201003/07/1035933/original/(m=eaAaGwObaaamqv)(mh=_1Yu_FtDyIcM1zAp)8.jpg;https://ei.phncdn.com/videos/201003/07/1035933/original/(m=eaAaGwObaaamqv)(mh=_1Yu_FtDyIcM1zAp)9.jpg;https://ei.phncdn.com/videos/201003/07/1035933/original/(m=eaAaGwObaaamqv)(mh=_1Yu_FtDyIcM1zAp)10.jpg;https://ei.phncdn.com/videos/201003/07/1035933/original/(m=eaAaGwObaaamqv)(mh=_1Yu_FtDyIcM1zAp)11.jpg;https://ei.phncdn.com/videos/201003/07/1035933/original/(m=eaAaGwObaaamqv)(mh=_1Yu_FtDyIcM1zAp)12.jpg;https://ei.phncdn.com/videos/201003/07/1035933/original/(m=eaAaGwObaaamqv)(mh=_1Yu_FtDyIcM1zAp)13.jpg;https://ei.phncdn.com/videos/201003/07/1035933/original/(m=eaAaGwObaaamqv)(mh=_1Yu_FtDyIcM1zAp)14.jpg;https://ei.phncdn.com/videos/201003/07/1035933/original/(m=eaAaGwObaaamqv)(mh=_1Yu_FtDyIcM1zAp)15.jpg;https://ei.phncdn.com/videos/201003/07/1035933/original/(m=eaAaGwObaaamqv)(mh=_1Yu_FtDyIcM1zAp)16.jpg
<iframe src="https://www.pornhub.com/embed/1195334152" frameborder="0" height="481" width="608" scrolling="no"></iframe>|https://ei.phncdn.com/videos/201203/09/4336991/original/(m=eaf8GgaaaWavb)(mh=tYnKLSQS9FHr02BQ)16.jpg|https://ei.phncdn.com/videos/201203/09/4336991/original/(m=eaf8GgaaaWavb)(mh=tYnKLSQS9FHr02BQ)1.jpg;https://ei.phncdn.com/videos/201203/09/4336991/original/(m=eaf8GgaaaWavb)(mh=tYnKLSQS9FHr02BQ)2.jpg;https://ei.phncdn.com/videos/201203/09/4336991/original/(m=eaf8GgaaaWavb)(mh=tYnKLSQS9FHr02BQ)3.jpg;https://ei.phncdn.com/videos/201203/09/4336991/original/(m=eaf8GgaaaWavb)(mh=tYnKLSQS9FHr02BQ)4.jpg;https://ei.phncdn.com/videos/201203/09/4336991/original/(m=eaf8GgaaaWavb)(mh=tYnKLSQS9FHr02BQ)5.jpg;https://ei.phncdn.com/videos/201203/09/4336991/original/(m=eaf8GgaaaWavb)(mh=tYnKLSQS9FHr02BQ)6.jpg;https://ei.phncdn.com/videos/201203/09/4336991/original/(m=eaf8GgaaaWavb)(mh=tYnKLSQS9FHr02BQ)7.jpg;https://ei.phncdn.com/videos/201203/09/4336991/original/(m=eaf8GgaaaWavb)(mh=tYnKLSQS9FHr02BQ)8.jpg;https://ei.phncdn.com/videos/201203/09/4336991/original/(m=eaf8GgaaaWavb)(mh=tYnKLSQS9FHr02BQ)9.jpg;https://ei.phncdn.com/videos/201203/09/4336991/original/(m=eaf8GgaaaWavb)(mh=tYnKLSQS9FHr02BQ)10.jpg;https://ei.phncdn.com/videos/201203/09/4336991/original/(m=eaf8GgaaaWavb)(mh=tYnKLSQS9FHr02BQ)11.jpg;https://ei.phncdn.com/videos/201203/09/4336991/original/(m=eaf8GgaaaWavb)(mh=tYnKLSQS9FHr02BQ)12.jpg;https://ei.phncdn.com/videos/201203/09/4336991/original/(m=eaf8GgaaaWavb)(mh=tYnKLSQS9FHr02BQ)13.jpg;https://ei.phncdn.com/videos/201203/09/4336991/original/(m=eaf8GgaaaWavb)(mh=tYnKLSQS9FHr02BQ)14.jpg;https://ei.phncdn.com/videos/201203/09/4336991/original/(m=eaf8GgaaaWavb)(mh=tYnKLSQS9FHr02BQ)15.jpg;https://ei.phncdn.com/videos/201203/09/4336991/original/(m=eaf8GgaaaWavb)(mh=tYnKLSQS9FHr02BQ)16.jpg|chicken contest|sclip;sweetpartychicks.com;striptease;teens;teenager;groupsex;blonde;wet;brunette;big-tits;big-boobs;babe;shaved;party|Striptease;18-25;Party||728|267133|161|53|https://ei.phncdn.com/videos/201203/09/4336991/original/(m=eaAaGwObaaamqv)(mh=5yIsAGo1WdZUNOXL)16.jpg|https://ei.phncdn.com/videos/201203/09/4336991/original/(m=eaAaGwObaaamqv)(mh=5yIsAGo1WdZUNOXL)1.jpg;https://ei.phncdn.com/videos/201203/09/4336991/original/(m=eaAaGwObaaamqv)(mh=5yIsAGo1WdZUNOXL)2.jpg;https://ei.phncdn.com/videos/201203/09/4336991/original/(m=eaAaGwObaaamqv)(mh=5yIsAGo1WdZUNOXL)3.jpg;https://ei.phncdn.com/videos/201203/09/4336991/original/(m=eaAaGwObaaamqv)(mh=5yIsAGo1WdZUNOXL)4.jpg;https://ei.phncdn.com/videos/201203/09/4336991/original/(m=eaAaGwObaaamqv)(mh=5yIsAGo1WdZUNOXL)5.jpg;https://ei.phncdn.com/videos/201203/09/4336991/original/(m=eaAaGwObaaamqv)(mh=5yIsAGo1WdZUNOXL)6.jpg;https://ei.phncdn.com/videos/201203/09/4336991/original/(m=eaAaGwObaaamqv)(mh=5yIsAGo1WdZUNOXL)7.jpg;https://ei.phncdn.com/videos/201203/09/4336991/original/(m=eaAaGwObaaamqv)(mh=5yIsAGo1WdZUNOXL)8.jpg;https://ei.phncdn.com/videos/201203/09/4336991/original/(m=eaAaGwObaaamqv)(mh=5yIsAGo1WdZUNOXL)9.jpg;https://ei.phncdn.com/videos/201203/09/4336991/original/(m=eaAaGwObaaamqv)(mh=5yIsAGo1WdZUNOXL)10.jpg;https://ei.phncdn.com/videos/201203/09/4336991/original/(m=eaAaGwObaaamqv)(mh=5yIsAGo1WdZUNOXL)11.jpg;https://ei.phncdn.com/videos/201203/09/4336991/original/(m=eaAaGwObaaamqv)(mh=5yIsAGo1WdZUNOXL)12.jpg;https://ei.phncdn.com/videos/201203/09/4336991/original/(m=eaAaGwObaaamqv)(mh=5yIsAGo1WdZUNOXL)13.jpg;https://ei.phncdn.com/videos/201203/09/4336991/original/(m=eaAaGwObaaamqv)(mh=5yIsAGo1WdZUNOXL)14.jpg;https://ei.phncdn.com/videos/201203/09/4336991/original/(m=eaAaGwObaaamqv)(mh=5yIsAGo1WdZUNOXL)15.jpg;https://ei.phncdn.com/videos/201203/09/4336991/original/(m=eaAaGwObaaamqv)(mh=5yIsAGo1WdZUNOXL)16.jpg
<iframe src="https://www.pornhub.com/embed/1293402982" frameborder="0" height="481" width="608" scrolling="no"></iframe>|https://ei.phncdn.com/videos/201204/25/5068020/original/(m=eaf8GgaaaWavb)(mh=gmMdfAoXk4HdS-Nn)12.jpg|https://ei.phncdn.com/videos/201204/25/5068020/original/(m=eaf8GgaaaWavb)(mh=gmMdfAoXk4HdS-Nn)1.jpg;https://ei.phncdn.com/videos/201204/25/5068020/original/(m=eaf8GgaaaWavb)(mh=gmMdfAoXk4HdS-Nn)2.jpg;https://ei.phncdn.com/videos/201204/25/5068020/original/(m=eaf8GgaaaWavb)(mh=gmMdfAoXk4HdS-Nn)3.jpg;https://ei.phncdn.com/videos/201204/25/5068020/original/(m=eaf8GgaaaWavb)(mh=gmMdfAoXk4HdS-Nn)4.jpg;https://ei.phncdn.com/videos/201204/25/5068020/original/(m=eaf8GgaaaWavb)(mh=gmMdfAoXk4HdS-Nn)5.jpg;https://ei.phncdn.com/videos/201204/25/5068020/original/(m=eaf8GgaaaWavb)(mh=gmMdfAoXk4HdS-Nn)6.jpg;https://ei.phncdn.com/videos/201204/25/5068020/original/(m=eaf8GgaaaWavb)(mh=gmMdfAoXk4HdS-Nn)7.jpg;https://ei.phncdn.com/videos/201204/25/5068020/original/(m=eaf8GgaaaWavb)(mh=gmMdfAoXk4HdS-Nn)8.jpg;https://ei.phncdn.com/videos/201204/25/5068020/original/(m=eaf8GgaaaWavb)(mh=gmMdfAoXk4HdS-Nn)9.jpg;https://ei.phncdn.com/videos/201204/25/5068020/original/(m=eaf8GgaaaWavb)(mh=gmMdfAoXk4HdS-Nn)10.jpg;https://ei.phncdn.com/videos/201204/25/5068020/original/(m=eaf8GgaaaWavb)(mh=gmMdfAoXk4HdS-Nn)11.jpg;https://ei.phncdn.com/videos/201204/25/5068020/original/(m=eaf8GgaaaWavb)(mh=gmMdfAoXk4HdS-Nn)12.jpg;https://ei.phncdn.com/videos/201204/25/5068020/original/(m=eaf8GgaaaWavb)(mh=gmMdfAoXk4HdS-Nn)13.jpg;https://ei.phncdn.com/videos/201204/25/5068020/original/(m=eaf8GgaaaWavb)(mh=gmMdfAoXk4HdS-Nn)14.jpg;https://ei.phncdn.com/videos/201204/25/5068020/original/(m=eaf8GgaaaWavb)(mh=gmMdfAoXk4HdS-Nn)15.jpg;https://ei.phncdn.com/videos/201204/25/5068020/original/(m=eaf8GgaaaWavb)(mh=gmMdfAoXk4HdS-Nn)16.jpg|Porn on stage teasing a horny guy while stripping wild|extreme;rough;strip;teasing|Striptease;Rough Sex||345|34369|18|20|https://ei.phncdn.com/videos/201204/25/5068020/original/(m=eaAaGwObaaamqv)(mh=Gro6pM6qVToEq8A1)12.jpg|https://ei.phncdn.com/videos/201204/25/5068020/original/(m=eaAaGwObaaamqv)(mh=Gro6pM6qVToEq8A1)1.jpg;https://ei.phncdn.com/videos/201204/25/5068020/original/(m=eaAaGwObaaamqv)(mh=Gro6pM6qVToEq8A1)2.jpg;https://ei.phncdn.com/videos/201204/25/5068020/original/(m=eaAaGwObaaamqv)(mh=Gro6pM6qVToEq8A1)3.jpg;https://ei.phncdn.com/videos/201204/25/5068020/original/(m=eaAaGwObaaamqv)(mh=Gro6pM6qVToEq8A1)4.jpg;https://ei.phncdn.com/videos/201204/25/5068020/original/(m=eaAaGwObaaamqv)(mh=Gro6pM6qVToEq8A1)5.jpg;https://ei.phncdn.com/videos/201204/25/5068020/original/(m=eaAaGwObaaamqv)(mh=Gro6pM6qVToEq8A1)6.jpg;https://ei.phncdn.com/videos/201204/25/5068020/original/(m=eaAaGwObaaamqv)(mh=Gro6pM6qVToEq8A1)7.jpg;https://ei.phncdn.com/videos/201204/25/5068020/original/(m=eaAaGwObaaamqv)(mh=Gro6pM6qVToEq8A1)8.jpg;https://ei.phncdn.com/videos/201204/25/5068020/original/(m=eaAaGwObaaamqv)(mh=Gro6pM6qVToEq8A1)9.jpg;https://ei.phncdn.com/videos/201204/25/5068020/original/(m=eaAaGwObaaamqv)(mh=Gro6pM6qVToEq8A1)10.jpg;https://ei.phncdn.com/videos/201204/25/5068020/original/(m=eaAaGwObaaamqv)(mh=Gro6pM6qVToEq8A1)11.jpg;https://ei.phncdn.com/videos/201204/25/5068020/original/(m=eaAaGwObaaamqv)(mh=Gro6pM6qVToEq8A1)12.jpg;https://ei.phncdn.com/videos/201204/25/5068020/original/(m=eaAaGwObaaamqv)(mh=Gro6pM6qVToEq8A1)13.jpg;https://ei.phncdn.com/videos/201204/25/5068020/original/(m=eaAaGwObaaamqv)(mh=Gro6pM6qVToEq8A1)14.jpg;https://ei.phncdn.com/videos/201204/25/5068020/original/(m=eaAaGwObaaamqv)(mh=Gro6pM6qVToEq8A1)15.jpg;https://ei.phncdn.com/videos/201204/25/5068020/original/(m=eaAaGwObaaamqv)(mh=Gro6pM6qVToEq8A1)16.jpg
<iframe src="https://www.pornhub.com/embed/155597885" frameborder="0" height="481" width="608" scrolling="no"></iframe>|https://ei.phncdn.com/videos/201205/22/5131780/original/(m=eaf8GgaaaWavb)(mh=c6eQQ43BWSFK65vI)12.jpg|https://ei.phncdn.com/videos/201205/22/5131780/original/(m=eaf8GgaaaWavb)(mh=c6eQQ43BWSFK65vI)1.jpg;https://ei.phncdn.com/videos/201205/22/5131780/original/(m=eaf8GgaaaWavb)(mh=c6eQQ43BWSFK65vI)2.jpg;https://ei.phncdn.com/videos/201205/22/5131780/original/(m=eaf8GgaaaWavb)(mh=c6eQQ43BWSFK65vI)3.jpg;https://ei.phncdn.com/videos/201205/22/5131780/original/(m=eaf8GgaaaWavb)(mh=c6eQQ43BWSFK65vI)4.jpg;https://ei.phncdn.com/videos/201205/22/5131780/original/(m=eaf8GgaaaWavb)(mh=c6eQQ43BWSFK65vI)5.jpg;https://ei.phncdn.com/videos/201205/22/5131780/original/(m=eaf8GgaaaWavb)(mh=c6eQQ43BWSFK65vI)6.jpg;https://ei.phncdn.com/videos/201205/22/5131780/original/(m=eaf8GgaaaWavb)(mh=c6eQQ43BWSFK65vI)7.jpg;https://ei.phncdn.com/videos/201205/22/5131780/original/(m=eaf8GgaaaWavb)(mh=c6eQQ43BWSFK65vI)8.jpg;https://ei.phncdn.com/videos/201205/22/5131780/original/(m=eaf8GgaaaWavb)(mh=c6eQQ43BWSFK65vI)9.jpg;https://ei.phncdn.com/videos/201205/22/5131780/original/(m=eaf8GgaaaWavb)(mh=c6eQQ43BWSFK65vI)10.jpg;https://ei.phncdn.com/videos/201205/22/5131780/original/(m=eaf8GgaaaWavb)(mh=c6eQQ43BWSFK65vI)11.jpg;https://ei.phncdn.com/videos/201205/22/5131780/original/(m=eaf8GgaaaWavb)(mh=c6eQQ43BWSFK65vI)12.jpg;https://ei.phncdn.com/videos/201205/22/5131780/original/(m=eaf8GgaaaWavb)(mh=c6eQQ43BWSFK65vI)13.jpg;https://ei.phncdn.com/videos/201205/22/5131780/original/(m=eaf8GgaaaWavb)(mh=c6eQQ43BWSFK65vI)14.jpg;https://ei.phncdn.com/videos/201205/22/5131780/original/(m=eaf8GgaaaWavb)(mh=c6eQQ43BWSFK65vI)15.jpg;https://ei.phncdn.com/videos/201205/22/5131780/original/(m=eaf8GgaaaWavb)(mh=c6eQQ43BWSFK65vI)16.jpg|The DancingBear Does Young and Old Hotties!|strip;teasing;ass-fuck;ass-fucking;young;old;granny;teen;cfnm;hot;milf;group;tease;lingerie|Striptease;Anal;Party||600|137337|100|156|https://ei.phncdn.com/videos/201205/22/5131780/original/(m=eaAaGwObaaamqv)(mh=eE3bdVcp9A_26l91)12.jpg|https://ei.phncdn.com/videos/201205/22/5131780/original/(m=eaAaGwObaaamqv)(mh=eE3bdVcp9A_26l91)1.jpg;https://ei.phncdn.com/videos/201205/22/5131780/original/(m=eaAaGwObaaamqv)(mh=eE3bdVcp9A_26l91)2.jpg;https://ei.phncdn.com/videos/201205/22/5131780/original/(m=eaAaGwObaaamqv)(mh=eE3bdVcp9A_26l91)3.jpg;https://ei.phncdn.com/videos/201205/22/5131780/original/(m=eaAaGwObaaamqv)(mh=eE3bdVcp9A_26l91)4.jpg;https://ei.phncdn.com/videos/201205/22/5131780/original/(m=eaAaGwObaaamqv)(mh=eE3bdVcp9A_26l91)5.jpg;https://ei.phncdn.com/videos/201205/22/5131780/original/(m=eaAaGwObaaamqv)(mh=eE3bdVcp9A_26l91)6.jpg;https://ei.phncdn.com/videos/201205/22/5131780/original/(m=eaAaGwObaaamqv)(mh=eE3bdVcp9A_26l91)7.jpg;https://ei.phncdn.com/videos/201205/22/5131780/original/(m=eaAaGwObaaamqv)(mh=eE3bdVcp9A_26l91)8.jpg;https://ei.phncdn.com/videos/201205/22/5131780/original/(m=eaAaGwObaaamqv)(mh=eE3bdVcp9A_26l91)9.jpg;https://ei.phncdn.com/videos/201205/22/5131780/original/(m=eaAaGwObaaamqv)(mh=eE3bdVcp9A_26l91)10.jpg;https://ei.phncdn.com/videos/201205/22/5131780/original/(m=eaAaGwObaaamqv)(mh=eE3bdVcp9A_26l91)11.jpg;https://ei.phncdn.com/videos/201205/22/5131780/original/(m=eaAaGwObaaamqv)(mh=eE3bdVcp9A_26l91)12.jpg;https://ei.phncdn.com/videos/201205/22/5131780/original/(m=eaAaGwObaaamqv)(mh=eE3bdVcp9A_26l91)13.jpg;https://ei.phncdn.com/videos/201205/22/5131780/original/(m=eaAaGwObaaamqv)(mh=eE3bdVcp9A_26l91)14.jpg;https://ei.phncdn.com/videos/201205/22/5131780/original/(m=eaAaGwObaaamqv)(mh=eE3bdVcp9A_26l91)15.jpg;https://ei.phncdn.com/videos/201205/22/5131780/original/(m=eaAaGwObaaamqv)(mh=eE3bdVcp9A_26l91)16.jpg
<iframe src="https://www.pornhub.com/embed/1622092779" frameborder="0" height="481" width="608" scrolling="no"></iframe>|https://ei.phncdn.com/videos/201301/15/8957121/original/(m=eaf8GgaaaWavb)(mh=Hkd8-svYjjk1Xn5j)16.jpg|https://ei.phncdn.com/videos/201301/15/8957121/original/(m=eaf8GgaaaWavb)(mh=Hkd8-svYjjk1Xn5j)1.jpg;https://ei.phncdn.com/videos/201301/15/8957121/original/(m=eaf8GgaaaWavb)(mh=Hkd8-svYjjk1Xn5j)2.jpg;https://ei.phncdn.com/videos/201301/15/8957121/original/(m=eaf8GgaaaWavb)(mh=Hkd8-svYjjk1Xn5j)3.jpg;https://ei.phncdn.com/videos/201301/15/8957121/original/(m=eaf8GgaaaWavb)(mh=Hkd8-svYjjk1Xn5j)4.jpg;https://ei.phncdn.com/videos/201301/15/8957121/original/(m=eaf8GgaaaWavb)(mh=Hkd8-svYjjk1Xn5j)5.jpg;https://ei.phncdn.com/videos/201301/15/8957121/original/(m=eaf8GgaaaWavb)(mh=Hkd8-svYjjk1Xn5j)6.jpg;https://ei.phncdn.com/videos/201301/15/8957121/original/(m=eaf8GgaaaWavb)(mh=Hkd8-svYjjk1Xn5j)7.jpg;https://ei.phncdn.com/videos/201301/15/8957121/original/(m=eaf8GgaaaWavb)(mh=Hkd8-svYjjk1Xn5j)8.jpg;https://ei.phncdn.com/videos/201301/15/8957121/original/(m=eaf8GgaaaWavb)(mh=Hkd8-svYjjk1Xn5j)9.jpg;https://ei.phncdn.com/videos/201301/15/8957121/original/(m=eaf8GgaaaWavb)(mh=Hkd8-svYjjk1Xn5j)10.jpg;https://ei.phncdn.com/videos/201301/15/8957121/original/(m=eaf8GgaaaWavb)(mh=Hkd8-svYjjk1Xn5j)11.jpg;https://ei.phncdn.com/videos/201301/15/8957121/original/(m=eaf8GgaaaWavb)(mh=Hkd8-svYjjk1Xn5j)12.jpg;https://ei.phncdn.com/videos/201301/15/8957121/original/(m=eaf8GgaaaWavb)(mh=Hkd8-svYjjk1Xn5j)13.jpg;https://ei.phncdn.com/videos/201301/15/8957121/original/(m=eaf8GgaaaWavb)(mh=Hkd8-svYjjk1Xn5j)14.jpg;https://ei.phncdn.com/videos/201301/15/8957121/original/(m=eaf8GgaaaWavb)(mh=Hkd8-svYjjk1Xn5j)15.jpg;https://ei.phncdn.com/videos/201301/15/8957121/original/(m=eaf8GgaaaWavb)(mh=Hkd8-svYjjk1Xn5j)16.jpg|Exgirlfriend babe shows her tight pussy|babes;pussy;masturbate;masturbating;petite|Striptease;18-25;Small Tits||447|262401|433|439|https://ei.phncdn.com/videos/201301/15/8957121/original/(m=eaAaGwObaaamqv)(mh=PzUJBrc4RLaoEdMl)16.jpg|https://ei.phncdn.com/videos/201301/15/8957121/original/(m=eaAaGwObaaamqv)(mh=PzUJBrc4RLaoEdMl)1.jpg;https://ei.phncdn.com/videos/201301/15/8957121/original/(m=eaAaGwObaaamqv)(mh=PzUJBrc4RLaoEdMl)2.jpg;https://ei.phncdn.com/videos/201301/15/8957121/original/(m=eaAaGwObaaamqv)(mh=PzUJBrc4RLaoEdMl)3.jpg;https://ei.phncdn.com/videos/201301/15/8957121/original/(m=eaAaGwObaaamqv)(mh=PzUJBrc4RLaoEdMl)4.jpg;https://ei.phncdn.com/videos/201301/15/8957121/original/(m=eaAaGwObaaamqv)(mh=PzUJBrc4RLaoEdMl)5.jpg;https://ei.phncdn.com/videos/201301/15/8957121/original/(m=eaAaGwObaaamqv)(mh=PzUJBrc4RLaoEdMl)6.jpg;https://ei.phncdn.com/videos/201301/15/8957121/original/(m=eaAaGwObaaamqv)(mh=PzUJBrc4RLaoEdMl)7.jpg;https://ei.phncdn.com/videos/201301/15/8957121/original/(m=eaAaGwObaaamqv)(mh=PzUJBrc4RLaoEdMl)8.jpg;https://ei.phncdn.com/videos/201301/15/8957121/original/(m=eaAaGwObaaamqv)(mh=PzUJBrc4RLaoEdMl)9.jpg;https://ei.phncdn.com/videos/201301/15/8957121/original/(m=eaAaGwObaaamqv)(mh=PzUJBrc4RLaoEdMl)10.jpg;https://ei.phncdn.com/videos/201301/15/8957121/original/(m=eaAaGwObaaamqv)(mh=PzUJBrc4RLaoEdMl)11.jpg;https://ei.phncdn.com/videos/201301/15/8957121/original/(m=eaAaGwObaaamqv)(mh=PzUJBrc4RLaoEdMl)12.jpg;https://ei.phncdn.com/videos/201301/15/8957121/original/(m=eaAaGwObaaamqv)(mh=PzUJBrc4RLaoEdMl)13.jpg;https://ei.phncdn.com/videos/201301/15/8957121/original/(m=eaAaGwObaaamqv)(mh=PzUJBrc4RLaoEdMl)14.jpg;https://ei.phncdn.com/videos/201301/15/8957121/original/(m=eaAaGwObaaamqv)(mh=PzUJBrc4RLaoEdMl)15.jpg;https://ei.phncdn.com/videos/201301/15/8957121/original/(m=eaAaGwObaaamqv)(mh=PzUJBrc4RLaoEdMl)16.jpg
<iframe src="https://www.pornhub.com/embed/1118483286" frameborder="0" height="481" width="608" scrolling="no"></iframe>|https://ei.phncdn.com/videos/201303/11/10414591/original/(m=eaf8GgaaaWavb)(mh=LhP3nj6cSCehDvLv)9.jpg|https://ei.phncdn.com/videos/201303/11/10414591/original/(m=eaf8GgaaaWavb)(mh=LhP3nj6cSCehDvLv)1.jpg;https://ei.phncdn.com/videos/201303/11/10414591/original/(m=eaf8GgaaaWavb)(mh=LhP3nj6cSCehDvLv)2.jpg;https://ei.phncdn.com/videos/201303/11/10414591/original/(m=eaf8GgaaaWavb)(mh=LhP3nj6cSCehDvLv)3.jpg;https://ei.phncdn.com/videos/201303/11/10414591/original/(m=eaf8GgaaaWavb)(mh=LhP3nj6cSCehDvLv)4.jpg;https://ei.phncdn.com/videos/201303/11/10414591/original/(m=eaf8GgaaaWavb)(mh=LhP3nj6cSCehDvLv)5.jpg;https://ei.phncdn.com/videos/201303/11/10414591/original/(m=eaf8GgaaaWavb)(mh=LhP3nj6cSCehDvLv)6.jpg;https://ei.phncdn.com/videos/201303/11/10414591/original/(m=eaf8GgaaaWavb)(mh=LhP3nj6cSCehDvLv)7.jpg;https://ei.phncdn.com/videos/201303/11/10414591/original/(m=eaf8GgaaaWavb)(mh=LhP3nj6cSCehDvLv)8.jpg;https://ei.phncdn.com/videos/201303/11/10414591/original/(m=eaf8GgaaaWavb)(mh=LhP3nj6cSCehDvLv)9.jpg;https://ei.phncdn.com/videos/201303/11/10414591/original/(m=eaf8GgaaaWavb)(mh=LhP3nj6cSCehDvLv)10.jpg;https://ei.phncdn.com/videos/201303/11/10414591/original/(m=eaf8GgaaaWavb)(mh=LhP3nj6cSCehDvLv)11.jpg;https://ei.phncdn.com/videos/201303/11/10414591/original/(m=eaf8GgaaaWavb)(mh=LhP3nj6cSCehDvLv)12.jpg;https://ei.phncdn.com/videos/201303/11/10414591/original/(m=eaf8GgaaaWavb)(mh=LhP3nj6cSCehDvLv)13.jpg;https://ei.phncdn.com/videos/201303/11/10414591/original/(m=eaf8GgaaaWavb)(mh=LhP3nj6cSCehDvLv)14.jpg;https://ei.phncdn.com/videos/201303/11/10414591/original/(m=eaf8GgaaaWavb)(mh=LhP3nj6cSCehDvLv)15.jpg;https://ei.phncdn.com/videos/201303/11/10414591/original/(m=eaf8GgaaaWavb)(mh=LhP3nj6cSCehDvLv)16.jpg|Redhead Teen Hottie Spreads Her Legs For The Camera|strip;teasing;redhead;teen;nudity;ass;tease;solo;girlfriend|Striptease;18-25;Red Head||301|23531|55|22|https://ei.phncdn.com/videos/201303/11/10414591/original/(m=eaAaGwObaaamqv)(mh=1VK-c0FuD55Q58Xe)9.jpg|https://ei.phncdn.com/videos/201303/11/10414591/original/(m=eaAaGwObaaamqv)(mh=1VK-c0FuD55Q58Xe)1.jpg;https://ei.phncdn.com/videos/201303/11/10414591/original/(m=eaAaGwObaaamqv)(mh=1VK-c0FuD55Q58Xe)2.jpg;https://ei.phncdn.com/videos/201303/11/10414591/original/(m=eaAaGwObaaamqv)(mh=1VK-c0FuD55Q58Xe)3.jpg;https://ei.phncdn.com/videos/201303/11/10414591/original/(m=eaAaGwObaaamqv)(mh=1VK-c0FuD55Q58Xe)4.jpg;https://ei.phncdn.com/videos/201303/11/10414591/original/(m=eaAaGwObaaamqv)(mh=1VK-c0FuD55Q58Xe)5.jpg;https://ei.phncdn.com/videos/201303/11/10414591/original/(m=eaAaGwObaaamqv)(mh=1VK-c0FuD55Q58Xe)6.jpg;https://ei.phncdn.com/videos/201303/11/10414591/original/(m=eaAaGwObaaamqv)(mh=1VK-c0FuD55Q58Xe)7.jpg;https://ei.phncdn.com/videos/201303/11/10414591/original/(m=eaAaGwObaaamqv)(mh=1VK-c0FuD55Q58Xe)8.jpg;https://ei.phncdn.com/videos/201303/11/10414591/original/(m=eaAaGwObaaamqv)(mh=1VK-c0FuD55Q58Xe)9.jpg;https://ei.phncdn.com/videos/201303/11/10414591/original/(m=eaAaGwObaaamqv)(mh=1VK-c0FuD55Q58Xe)10.jpg;https://ei.phncdn.com/videos/201303/11/10414591/original/(m=eaAaGwObaaamqv)(mh=1VK-c0FuD55Q58Xe)11.jpg;https://ei.phncdn.com/videos/201303/11/10414591/original/(m=eaAaGwObaaamqv)(mh=1VK-c0FuD55Q58Xe)12.jpg;https://ei.phncdn.com/videos/201303/11/10414591/original/(m=eaAaGwObaaamqv)(mh=1VK-c0FuD55Q58Xe)13.jpg;https://ei.phncdn.com/videos/201303/11/10414591/original/(m=eaAaGwObaaamqv)(mh=1VK-c0FuD55Q58Xe)14.jpg;https://ei.phncdn.com/videos/201303/11/10414591/original/(m=eaAaGwObaaamqv)(mh=1VK-c0FuD55Q58Xe)15.jpg;https://ei.phncdn.com/videos/201303/11/10414591/original/(m=eaAaGwObaaamqv)(mh=1VK-c0FuD55Q58Xe)16.jpg
<iframe src="https://www.pornhub.com/embed/1852920020" frameborder="0" height="481" width="608" scrolling="no"></iframe>|https://ei.phncdn.com/videos/201303/11/10419981/original/(m=eaf8GgaaaWavb)(mh=GNQ-AMgmZzd8HCxf)5.jpg|https://ei.phncdn.com/videos/201303/11/10419981/original/(m=eaf8GgaaaWavb)(mh=GNQ-AMgmZzd8HCxf)1.jpg;https://ei.phncdn.com/videos/201303/11/10419981/original/(m=eaf8GgaaaWavb)(mh=GNQ-AMgmZzd8HCxf)2.jpg;https://ei.phncdn.com/videos/201303/11/10419981/original/(m=eaf8GgaaaWavb)(mh=GNQ-AMgmZzd8HCxf)3.jpg;https://ei.phncdn.com/videos/201303/11/10419981/original/(m=eaf8GgaaaWavb)(mh=GNQ-AMgmZzd8HCxf)4.jpg;https://ei.phncdn.com/videos/201303/11/10419981/original/(m=eaf8GgaaaWavb)(mh=GNQ-AMgmZzd8HCxf)5.jpg;https://ei.phncdn.com/videos/201303/11/10419981/original/(m=eaf8GgaaaWavb)(mh=GNQ-AMgmZzd8HCxf)6.jpg;https://ei.phncdn.com/videos/201303/11/10419981/original/(m=eaf8GgaaaWavb)(mh=GNQ-AMgmZzd8HCxf)7.jpg;https://ei.phncdn.com/videos/201303/11/10419981/original/(m=eaf8GgaaaWavb)(mh=GNQ-AMgmZzd8HCxf)8.jpg;https://ei.phncdn.com/videos/201303/11/10419981/original/(m=eaf8GgaaaWavb)(mh=GNQ-AMgmZzd8HCxf)9.jpg;https://ei.phncdn.com/videos/201303/11/10419981/original/(m=eaf8GgaaaWavb)(mh=GNQ-AMgmZzd8HCxf)10.jpg;https://ei.phncdn.com/videos/201303/11/10419981/original/(m=eaf8GgaaaWavb)(mh=GNQ-AMgmZzd8HCxf)11.jpg;https://ei.phncdn.com/videos/201303/11/10419981/original/(m=eaf8GgaaaWavb)(mh=GNQ-AMgmZzd8HCxf)12.jpg;https://ei.phncdn.com/videos/201303/11/10419981/original/(m=eaf8GgaaaWavb)(mh=GNQ-AMgmZzd8HCxf)13.jpg;https://ei.phncdn.com/videos/201303/11/10419981/original/(m=eaf8GgaaaWavb)(mh=GNQ-AMgmZzd8HCxf)14.jpg;https://ei.phncdn.com/videos/201303/11/10419981/original/(m=eaf8GgaaaWavb)(mh=GNQ-AMgmZzd8HCxf)15.jpg;https://ei.phncdn.com/videos/201303/11/10419981/original/(m=eaf8GgaaaWavb)(mh=GNQ-AMgmZzd8HCxf)16.jpg|107-REAL ADVENTURE 100 - Scene 7|pornhub.com;dancing;young;babe;casting;small-boobs;strip;ass;beauty;group;public;panties;bra;flashing|Striptease;18-25;Party||676|106824|83|94|https://ei.phncdn.com/videos/201303/11/10419981/original/(m=eaAaGwObaaamqv)(mh=Wm5yJE8laVsmmw9l)5.jpg|https://ei.phncdn.com/videos/201303/11/10419981/original/(m=eaAaGwObaaamqv)(mh=Wm5yJE8laVsmmw9l)1.jpg;https://ei.phncdn.com/videos/201303/11/10419981/original/(m=eaAaGwObaaamqv)(mh=Wm5yJE8laVsmmw9l)2.jpg;https://ei.phncdn.com/videos/201303/11/10419981/original/(m=eaAaGwObaaamqv)(mh=Wm5yJE8laVsmmw9l)3.jpg;https://ei.phncdn.com/videos/201303/11/10419981/original/(m=eaAaGwObaaamqv)(mh=Wm5yJE8laVsmmw9l)4.jpg;https://ei.phncdn.com/videos/201303/11/10419981/original/(m=eaAaGwObaaamqv)(mh=Wm5yJE8laVsmmw9l)5.jpg;https://ei.phncdn.com/videos/201303/11/10419981/original/(m=eaAaGwObaaamqv)(mh=Wm5yJE8laVsmmw9l)6.jpg;https://ei.phncdn.com/videos/201303/11/10419981/original/(m=eaAaGwObaaamqv)(mh=Wm5yJE8laVsmmw9l)7.jpg;https://ei.phncdn.com/videos/201303/11/10419981/original/(m=eaAaGwObaaamqv)(mh=Wm5yJE8laVsmmw9l)8.jpg;https://ei.phncdn.com/videos/201303/11/10419981/original/(m=eaAaGwObaaamqv)(mh=Wm5yJE8laVsmmw9l)9.jpg;https://ei.phncdn.com/videos/201303/11/10419981/original/(m=eaAaGwObaaamqv)(mh=Wm5yJE8laVsmmw9l)10.jpg;https://ei.phncdn.com/videos/201303/11/10419981/original/(m=eaAaGwObaaamqv)(mh=Wm5yJE8laVsmmw9l)11.jpg;https://ei.phncdn.com/videos/201303/11/10419981/original/(m=eaAaGwObaaamqv)(mh=Wm5yJE8laVsmmw9l)12.jpg;https://ei.phncdn.com/videos/201303/11/10419981/original/(m=eaAaGwObaaamqv)(mh=Wm5yJE8laVsmmw9l)13.jpg;https://ei.phncdn.com/videos/201303/11/10419981/original/(m=eaAaGwObaaamqv)(mh=Wm5yJE8laVsmmw9l)14.jpg;https://ei.phncdn.com/videos/201303/11/10419981/original/(m=eaAaGwObaaamqv)(mh=Wm5yJE8laVsmmw9l)15.jpg;https://ei.phncdn.com/videos/201303/11/10419981/original/(m=eaAaGwObaaamqv)(mh=Wm5yJE8laVsmmw9l)16.jpg
<iframe src="https://www.pornhub.com/embed/1796856711" frameborder="0" height="481" width="608" scrolling="no"></iframe>|https://ei.phncdn.com/videos/201303/11/10420111/original/(m=eaf8GgaaaWavb)(mh=eJ7HyMQsbOQZpCuv)9.jpg|https://ei.phncdn.com/videos/201303/11/10420111/original/(m=eaf8GgaaaWavb)(mh=eJ7HyMQsbOQZpCuv)1.jpg;https://ei.phncdn.com/videos/201303/11/10420111/original/(m=eaf8GgaaaWavb)(mh=eJ7HyMQsbOQZpCuv)2.jpg;https://ei.phncdn.com/videos/201303/11/10420111/original/(m=eaf8GgaaaWavb)(mh=eJ7HyMQsbOQZpCuv)3.jpg;https://ei.phncdn.com/videos/201303/11/10420111/original/(m=eaf8GgaaaWavb)(mh=eJ7HyMQsbOQZpCuv)4.jpg;https://ei.phncdn.com/videos/201303/11/10420111/original/(m=eaf8GgaaaWavb)(mh=eJ7HyMQsbOQZpCuv)5.jpg;https://ei.phncdn.com/videos/201303/11/10420111/original/(m=eaf8GgaaaWavb)(mh=eJ7HyMQsbOQZpCuv)6.jpg;https://ei.phncdn.com/videos/201303/11/10420111/original/(m=eaf8GgaaaWavb)(mh=eJ7HyMQsbOQZpCuv)7.jpg;https://ei.phncdn.com/videos/201303/11/10420111/original/(m=eaf8GgaaaWavb)(mh=eJ7HyMQsbOQZpCuv)8.jpg;https://ei.phncdn.com/videos/201303/11/10420111/original/(m=eaf8GgaaaWavb)(mh=eJ7HyMQsbOQZpCuv)9.jpg;https://ei.phncdn.com/videos/201303/11/10420111/original/(m=eaf8GgaaaWavb)(mh=eJ7HyMQsbOQZpCuv)10.jpg;https://ei.phncdn.com/videos/201303/11/10420111/original/(m=eaf8GgaaaWavb)(mh=eJ7HyMQsbOQZpCuv)11.jpg;https://ei.phncdn.com/videos/201303/11/10420111/original/(m=eaf8GgaaaWavb)(mh=eJ7HyMQsbOQZpCuv)12.jpg;https://ei.phncdn.com/videos/201303/11/10420111/original/(m=eaf8GgaaaWavb)(mh=eJ7HyMQsbOQZpCuv)13.jpg;https://ei.phncdn.com/videos/201303/11/10420111/original/(m=eaf8GgaaaWavb)(mh=eJ7HyMQsbOQZpCuv)14.jpg;https://ei.phncdn.com/videos/201303/11/10420111/original/(m=eaf8GgaaaWavb)(mh=eJ7HyMQsbOQZpCuv)15.jpg;https://ei.phncdn.com/videos/201303/11/10420111/original/(m=eaf8GgaaaWavb)(mh=eJ7HyMQsbOQZpCuv)16.jpg|107-REAL ADVENTURE 100 - Scene 5|pornhub.com;young;babe;casting;public;flashing;dancing;small-boobs;strip;ass;beauty;group;panties;bra|Striptease;18-25;Party||624|128946|102|85|https://ei.phncdn.com/videos/201303/11/10420111/original/(m=eaAaGwObaaamqv)(mh=RmmYH8TaycadSRa1)9.jpg|https://ei.phncdn.com/videos/201303/11/10420111/original/(m=eaAaGwObaaamqv)(mh=RmmYH8TaycadSRa1)1.jpg;https://ei.phncdn.com/videos/201303/11/10420111/original/(m=eaAaGwObaaamqv)(mh=RmmYH8TaycadSRa1)2.jpg;https://ei.phncdn.com/videos/201303/11/10420111/original/(m=eaAaGwObaaamqv)(mh=RmmYH8TaycadSRa1)3.jpg;https://ei.phncdn.com/videos/201303/11/10420111/original/(m=eaAaGwObaaamqv)(mh=RmmYH8TaycadSRa1)4.jpg;https://ei.phncdn.com/videos/201303/11/10420111/original/(m=eaAaGwObaaamqv)(mh=RmmYH8TaycadSRa1)5.jpg;https://ei.phncdn.com/videos/201303/11/10420111/original/(m=eaAaGwObaaamqv)(mh=RmmYH8TaycadSRa1)6.jpg;https://ei.phncdn.com/videos/201303/11/10420111/original/(m=eaAaGwObaaamqv)(mh=RmmYH8TaycadSRa1)7.jpg;https://ei.phncdn.com/videos/201303/11/10420111/original/(m=eaAaGwObaaamqv)(mh=RmmYH8TaycadSRa1)8.jpg;https://ei.phncdn.com/videos/201303/11/10420111/original/(m=eaAaGwObaaamqv)(mh=RmmYH8TaycadSRa1)9.jpg;https://ei.phncdn.com/videos/201303/11/10420111/original/(m=eaAaGwObaaamqv)(mh=RmmYH8TaycadSRa1)10.jpg;https://ei.phncdn.com/videos/201303/11/10420111/original/(m=eaAaGwObaaamqv)(mh=RmmYH8TaycadSRa1)11.jpg;https://ei.phncdn.com/videos/201303/11/10420111/original/(m=eaAaGwObaaamqv)(mh=RmmYH8TaycadSRa1)12.jpg;https://ei.phncdn.com/videos/201303/11/10420111/original/(m=eaAaGwObaaamqv)(mh=RmmYH8TaycadSRa1)13.jpg;https://ei.phncdn.com/videos/201303/11/10420111/original/(m=eaAaGwObaaamqv)(mh=RmmYH8TaycadSRa1)14.jpg;https://ei.phncdn.com/videos/201303/11/10420111/original/(m=eaAaGwObaaamqv)(mh=RmmYH8TaycadSRa1)15.jpg;https://ei.phncdn.com/videos/201303/11/10420111/original/(m=eaAaGwObaaamqv)(mh=RmmYH8TaycadSRa1)16.jpg
<iframe src="https://www.pornhub.com/embed/2071984154" frameborder="0" height="481" width="608" scrolling="no"></iframe>|https://ei.phncdn.com/videos/201303/12/10443341/original/(m=eaf8GgaaaWavb)(mh=GRdKW71LWYwRbE8G)2.jpg|https://ei.phncdn.com/videos/201303/12/10443341/original/(m=eaf8GgaaaWavb)(mh=GRdKW71LWYwRbE8G)1.jpg;https://ei.phncdn.com/videos/201303/12/10443341/original/(m=eaf8GgaaaWavb)(mh=GRdKW71LWYwRbE8G)2.jpg;https://ei.phncdn.com/videos/201303/12/10443341/original/(m=eaf8GgaaaWavb)(mh=GRdKW71LWYwRbE8G)3.jpg;https://ei.phncdn.com/videos/201303/12/10443341/original/(m=eaf8GgaaaWavb)(mh=GRdKW71LWYwRbE8G)4.jpg;https://ei.phncdn.com/videos/201303/12/10443341/original/(m=eaf8GgaaaWavb)(mh=GRdKW71LWYwRbE8G)5.jpg;https://ei.phncdn.com/videos/201303/12/10443341/original/(m=eaf8GgaaaWavb)(mh=GRdKW71LWYwRbE8G)6.jpg;https://ei.phncdn.com/videos/201303/12/10443341/original/(m=eaf8GgaaaWavb)(mh=GRdKW71LWYwRbE8G)7.jpg;https://ei.phncdn.com/videos/201303/12/10443341/original/(m=eaf8GgaaaWavb)(mh=GRdKW71LWYwRbE8G)8.jpg;https://ei.phncdn.com/videos/201303/12/10443341/original/(m=eaf8GgaaaWavb)(mh=GRdKW71LWYwRbE8G)9.jpg;https://ei.phncdn.com/videos/201303/12/10443341/original/(m=eaf8GgaaaWavb)(mh=GRdKW71LWYwRbE8G)10.jpg;https://ei.phncdn.com/videos/201303/12/10443341/original/(m=eaf8GgaaaWavb)(mh=GRdKW71LWYwRbE8G)11.jpg;https://ei.phncdn.com/videos/201303/12/10443341/original/(m=eaf8GgaaaWavb)(mh=GRdKW71LWYwRbE8G)12.jpg;https://ei.phncdn.com/videos/201303/12/10443341/original/(m=eaf8GgaaaWavb)(mh=GRdKW71LWYwRbE8G)13.jpg;https://ei.phncdn.com/videos/201303/12/10443341/original/(m=eaf8GgaaaWavb)(mh=GRdKW71LWYwRbE8G)14.jpg;https://ei.phncdn.com/videos/201303/12/10443341/original/(m=eaf8GgaaaWavb)(mh=GRdKW71LWYwRbE8G)15.jpg;https://ei.phncdn.com/videos/201303/12/10443341/original/(m=eaf8GgaaaWavb)(mh=GRdKW71LWYwRbE8G)16.jpg|NAKED COLLEGE COEDS 99 - Scene 3|pornhub.com;stripper;strip-tease;skinny;babe;nice-ass;public;booty;dancing;girl-on-girl;shaved|Striptease;Party;Small Tits||759|364269|544|132|https://ei.phncdn.com/videos/201303/12/10443341/original/(m=eaAaGwObaaamqv)(mh=FEXrKPY-JfJzyRAc)2.jpg|https://ei.phncdn.com/videos/201303/12/10443341/original/(m=eaAaGwObaaamqv)(mh=FEXrKPY-JfJzyRAc)1.jpg;https://ei.phncdn.com/videos/201303/12/10443341/original/(m=eaAaGwObaaamqv)(mh=FEXrKPY-JfJzyRAc)2.jpg;https://ei.phncdn.com/videos/201303/12/10443341/original/(m=eaAaGwObaaamqv)(mh=FEXrKPY-JfJzyRAc)3.jpg;https://ei.phncdn.com/videos/201303/12/10443341/original/(m=eaAaGwObaaamqv)(mh=FEXrKPY-JfJzyRAc)4.jpg;https://ei.phncdn.com/videos/201303/12/10443341/original/(m=eaAaGwObaaamqv)(mh=FEXrKPY-JfJzyRAc)5.jpg;https://ei.phncdn.com/videos/201303/12/10443341/original/(m=eaAaGwObaaamqv)(mh=FEXrKPY-JfJzyRAc)6.jpg;https://ei.phncdn.com/videos/201303/12/10443341/original/(m=eaAaGwObaaamqv)(mh=FEXrKPY-JfJzyRAc)7.jpg;https://ei.phncdn.com/videos/201303/12/10443341/original/(m=eaAaGwObaaamqv)(mh=FEXrKPY-JfJzyRAc)8.jpg;https://ei.phncdn.com/videos/201303/12/10443341/original/(m=eaAaGwObaaamqv)(mh=FEXrKPY-JfJzyRAc)9.jpg;https://ei.phncdn.com/videos/201303/12/10443341/original/(m=eaAaGwObaaamqv)(mh=FEXrKPY-JfJzyRAc)10.jpg;https://ei.phncdn.com/videos/201303/12/10443341/original/(m=eaAaGwObaaamqv)(mh=FEXrKPY-JfJzyRAc)11.jpg;https://ei.phncdn.com/videos/201303/12/10443341/original/(m=eaAaGwObaaamqv)(mh=FEXrKPY-JfJzyRAc)12.jpg;https://ei.phncdn.com/videos/201303/12/10443341/original/(m=eaAaGwObaaamqv)(mh=FEXrKPY-JfJzyRAc)13.jpg;https://ei.phncdn.com/videos/201303/12/10443341/original/(m=eaAaGwObaaamqv)(mh=FEXrKPY-JfJzyRAc)14.jpg;https://ei.phncdn.com/videos/201303/12/10443341/original/(m=eaAaGwObaaamqv)(mh=FEXrKPY-JfJzyRAc)15.jpg;https://ei.phncdn.com/videos/201303/12/10443341/original/(m=eaAaGwObaaamqv)(mh=FEXrKPY-JfJzyRAc)16.jpg
<iframe src="https://www.pornhub.com/embed/569346399" frameborder="0" height="481" width="608" scrolling="no"></iframe>|https://ei.phncdn.com/videos/201303/13/10485151/original/(m=eaf8GgaaaWavb)(mh=P88LtCDRcVPs1PAz)7.jpg|https://ei.phncdn.com/videos/201303/13/10485151/original/(m=eaf8GgaaaWavb)(mh=P88LtCDRcVPs1PAz)1.jpg;https://ei.phncdn.com/videos/201303/13/10485151/original/(m=eaf8GgaaaWavb)(mh=P88LtCDRcVPs1PAz)2.jpg;https://ei.phncdn.com/videos/201303/13/10485151/original/(m=eaf8GgaaaWavb)(mh=P88LtCDRcVPs1PAz)3.jpg;https://ei.phncdn.com/videos/201303/13/10485151/original/(m=eaf8GgaaaWavb)(mh=P88LtCDRcVPs1PAz)4.jpg;https://ei.phncdn.com/videos/201303/13/10485151/original/(m=eaf8GgaaaWavb)(mh=P88LtCDRcVPs1PAz)5.jpg;https://ei.phncdn.com/videos/201303/13/10485151/original/(m=eaf8GgaaaWavb)(mh=P88LtCDRcVPs1PAz)6.jpg;https://ei.phncdn.com/videos/201303/13/10485151/original/(m=eaf8GgaaaWavb)(mh=P88LtCDRcVPs1PAz)7.jpg;https://ei.phncdn.com/videos/201303/13/10485151/original/(m=eaf8GgaaaWavb)(mh=P88LtCDRcVPs1PAz)8.jpg;https://ei.phncdn.com/videos/201303/13/10485151/original/(m=eaf8GgaaaWavb)(mh=P88LtCDRcVPs1PAz)9.jpg;https://ei.phncdn.com/videos/201303/13/10485151/original/(m=eaf8GgaaaWavb)(mh=P88LtCDRcVPs1PAz)10.jpg;https://ei.phncdn.com/videos/201303/13/10485151/original/(m=eaf8GgaaaWavb)(mh=P88LtCDRcVPs1PAz)11.jpg;https://ei.phncdn.com/videos/201303/13/10485151/original/(m=eaf8GgaaaWavb)(mh=P88LtCDRcVPs1PAz)12.jpg;https://ei.phncdn.com/videos/201303/13/10485151/original/(m=eaf8GgaaaWavb)(mh=P88LtCDRcVPs1PAz)13.jpg;https://ei.phncdn.com/videos/201303/13/10485151/original/(m=eaf8GgaaaWavb)(mh=P88LtCDRcVPs1PAz)14.jpg;https://ei.phncdn.com/videos/201303/13/10485151/original/(m=eaf8GgaaaWavb)(mh=P88LtCDRcVPs1PAz)15.jpg;https://ei.phncdn.com/videos/201303/13/10485151/original/(m=eaf8GgaaaWavb)(mh=P88LtCDRcVPs1PAz)16.jpg|NAKED COLLEGE COEDS 93 - Scene 5|pornhub.com;outdoor;public;strip;young;skinny;cute;sexy;wet;big-boobs;ass;booty;dancing;group;exhibitionist;raven|Striptease;18-25;Party||682|77669|117|44|https://ei.phncdn.com/videos/201303/13/10485151/original/(m=eaAaGwObaaamqv)(mh=2NNibiH0QtJ5Ri8X)7.jpg|https://ei.phncdn.com/videos/201303/13/10485151/original/(m=eaAaGwObaaamqv)(mh=2NNibiH0QtJ5Ri8X)1.jpg;https://ei.phncdn.com/videos/201303/13/10485151/original/(m=eaAaGwObaaamqv)(mh=2NNibiH0QtJ5Ri8X)2.jpg;https://ei.phncdn.com/videos/201303/13/10485151/original/(m=eaAaGwObaaamqv)(mh=2NNibiH0QtJ5Ri8X)3.jpg;https://ei.phncdn.com/videos/201303/13/10485151/original/(m=eaAaGwObaaamqv)(mh=2NNibiH0QtJ5Ri8X)4.jpg;https://ei.phncdn.com/videos/201303/13/10485151/original/(m=eaAaGwObaaamqv)(mh=2NNibiH0QtJ5Ri8X)5.jpg;https://ei.phncdn.com/videos/201303/13/10485151/original/(m=eaAaGwObaaamqv)(mh=2NNibiH0QtJ5Ri8X)6.jpg;https://ei.phncdn.com/videos/201303/13/10485151/original/(m=eaAaGwObaaamqv)(mh=2NNibiH0QtJ5Ri8X)7.jpg;https://ei.phncdn.com/videos/201303/13/10485151/original/(m=eaAaGwObaaamqv)(mh=2NNibiH0QtJ5Ri8X)8.jpg;https://ei.phncdn.com/videos/201303/13/10485151/original/(m=eaAaGwObaaamqv)(mh=2NNibiH0QtJ5Ri8X)9.jpg;https://ei.phncdn.com/videos/201303/13/10485151/original/(m=eaAaGwObaaamqv)(mh=2NNibiH0QtJ5Ri8X)10.jpg;https://ei.phncdn.com/videos/201303/13/10485151/original/(m=eaAaGwObaaamqv)(mh=2NNibiH0QtJ5Ri8X)11.jpg;https://ei.phncdn.com/videos/201303/13/10485151/original/(m=eaAaGwObaaamqv)(mh=2NNibiH0QtJ5Ri8X)12.jpg;https://ei.phncdn.com/videos/201303/13/10485151/original/(m=eaAaGwObaaamqv)(mh=2NNibiH0QtJ5Ri8X)13.jpg;https://ei.phncdn.com/videos/201303/13/10485151/original/(m=eaAaGwObaaamqv)(mh=2NNibiH0QtJ5Ri8X)14.jpg;https://ei.phncdn.com/videos/201303/13/10485151/original/(m=eaAaGwObaaamqv)(mh=2NNibiH0QtJ5Ri8X)15.jpg;https://ei.phncdn.com/videos/201303/13/10485151/original/(m=eaAaGwObaaamqv)(mh=2NNibiH0QtJ5Ri8X)16.jpg
<iframe src="https://www.pornhub.com/embed/1232102951" frameborder="0" height="481" width="608" scrolling="no"></iframe>|https://ei.phncdn.com/videos/201303/14/10514671/original/(m=eaf8GgaaaWavb)(mh=bC80HC3bAj8VaZSu)9.jpg|https://ei.phncdn.com/videos/201303/14/10514671/original/(m=eaf8GgaaaWavb)(mh=bC80HC3bAj8VaZSu)1.jpg;https://ei.phncdn.com/videos/201303/14/10514671/original/(m=eaf8GgaaaWavb)(mh=bC80HC3bAj8VaZSu)2.jpg;https://ei.phncdn.com/videos/201303/14/10514671/original/(m=eaf8GgaaaWavb)(mh=bC80HC3bAj8VaZSu)3.jpg;https://ei.phncdn.com/videos/201303/14/10514671/original/(m=eaf8GgaaaWavb)(mh=bC80HC3bAj8VaZSu)4.jpg;https://ei.phncdn.com/videos/201303/14/10514671/original/(m=eaf8GgaaaWavb)(mh=bC80HC3bAj8VaZSu)5.jpg;https://ei.phncdn.com/videos/201303/14/10514671/original/(m=eaf8GgaaaWavb)(mh=bC80HC3bAj8VaZSu)6.jpg;https://ei.phncdn.com/videos/201303/14/10514671/original/(m=eaf8GgaaaWavb)(mh=bC80HC3bAj8VaZSu)7.jpg;https://ei.phncdn.com/videos/201303/14/10514671/original/(m=eaf8GgaaaWavb)(mh=bC80HC3bAj8VaZSu)8.jpg;https://ei.phncdn.com/videos/201303/14/10514671/original/(m=eaf8GgaaaWavb)(mh=bC80HC3bAj8VaZSu)9.jpg;https://ei.phncdn.com/videos/201303/14/10514671/original/(m=eaf8GgaaaWavb)(mh=bC80HC3bAj8VaZSu)10.jpg;https://ei.phncdn.com/videos/201303/14/10514671/original/(m=eaf8GgaaaWavb)(mh=bC80HC3bAj8VaZSu)11.jpg;https://ei.phncdn.com/videos/201303/14/10514671/original/(m=eaf8GgaaaWavb)(mh=bC80HC3bAj8VaZSu)12.jpg;https://ei.phncdn.com/videos/201303/14/10514671/original/(m=eaf8GgaaaWavb)(mh=bC80HC3bAj8VaZSu)13.jpg;https://ei.phncdn.com/videos/201303/14/10514671/original/(m=eaf8GgaaaWavb)(mh=bC80HC3bAj8VaZSu)14.jpg;https://ei.phncdn.com/videos/201303/14/10514671/original/(m=eaf8GgaaaWavb)(mh=bC80HC3bAj8VaZSu)15.jpg;https://ei.phncdn.com/videos/201303/14/10514671/original/(m=eaf8GgaaaWavb)(mh=bC80HC3bAj8VaZSu)16.jpg|BOOTY SHAKE CONTESTS 8 - Scene 1|pornhub.com;booty-shake;bikini;pole-dancing;club;heels;small-tits;tease;public;strip;young;babes|Striptease;Party;College (18+)||1131|176251|288|61|https://ei.phncdn.com/videos/201303/14/10514671/original/(m=eaAaGwObaaamqv)(mh=ewRsq6JyvC-IZZmG)9.jpg|https://ei.phncdn.com/videos/201303/14/10514671/original/(m=eaAaGwObaaamqv)(mh=ewRsq6JyvC-IZZmG)1.jpg;https://ei.phncdn.com/videos/201303/14/10514671/original/(m=eaAaGwObaaamqv)(mh=ewRsq6JyvC-IZZmG)2.jpg;https://ei.phncdn.com/videos/201303/14/10514671/original/(m=eaAaGwObaaamqv)(mh=ewRsq6JyvC-IZZmG)3.jpg;https://ei.phncdn.com/videos/201303/14/10514671/original/(m=eaAaGwObaaamqv)(mh=ewRsq6JyvC-IZZmG)4.jpg;https://ei.phncdn.com/videos/201303/14/10514671/original/(m=eaAaGwObaaamqv)(mh=ewRsq6JyvC-IZZmG)5.jpg;https://ei.phncdn.com/videos/201303/14/10514671/original/(m=eaAaGwObaaamqv)(mh=ewRsq6JyvC-IZZmG)6.jpg;https://ei.phncdn.com/videos/201303/14/10514671/original/(m=eaAaGwObaaamqv)(mh=ewRsq6JyvC-IZZmG)7.jpg;https://ei.phncdn.com/videos/201303/14/10514671/original/(m=eaAaGwObaaamqv)(mh=ewRsq6JyvC-IZZmG)8.jpg;https://ei.phncdn.com/videos/201303/14/10514671/original/(m=eaAaGwObaaamqv)(mh=ewRsq6JyvC-IZZmG)9.jpg;https://ei.phncdn.com/videos/201303/14/10514671/original/(m=eaAaGwObaaamqv)(mh=ewRsq6JyvC-IZZmG)10.jpg;https://ei.phncdn.com/videos/201303/14/10514671/original/(m=eaAaGwObaaamqv)(mh=ewRsq6JyvC-IZZmG)11.jpg;https://ei.phncdn.com/videos/201303/14/10514671/original/(m=eaAaGwObaaamqv)(mh=ewRsq6JyvC-IZZmG)12.jpg;https://ei.phncdn.com/videos/201303/14/10514671/original/(m=eaAaGwObaaamqv)(mh=ewRsq6JyvC-IZZmG)13.jpg;https://ei.phncdn.com/videos/201303/14/10514671/original/(m=eaAaGwObaaamqv)(mh=ewRsq6JyvC-IZZmG)14.jpg;https://ei.phncdn.com/videos/201303/14/10514671/original/(m=eaAaGwObaaamqv)(mh=ewRsq6JyvC-IZZmG)15.jpg;https://ei.phncdn.com/videos/201303/14/10514671/original/(m=eaAaGwObaaamqv)(mh=ewRsq6JyvC-IZZmG)16.jpg
<iframe src="https://www.pornhub.com/embed/988201089" frameborder="0" height="481" width="608" scrolling="no"></iframe>|https://ei.phncdn.com/videos/201304/04/11047631/original/(m=eaf8GgaaaWavb)(mh=_NqHchVe8Amvip6x)14.jpg|https://ei.phncdn.com/videos/201304/04/11047631/original/(m=eaf8GgaaaWavb)(mh=_NqHchVe8Amvip6x)1.jpg;https://ei.phncdn.com/videos/201304/04/11047631/original/(m=eaf8GgaaaWavb)(mh=_NqHchVe8Amvip6x)2.jpg;https://ei.phncdn.com/videos/201304/04/11047631/original/(m=eaf8GgaaaWavb)(mh=_NqHchVe8Amvip6x)3.jpg;https://ei.phncdn.com/videos/201304/04/11047631/original/(m=eaf8GgaaaWavb)(mh=_NqHchVe8Amvip6x)4.jpg;https://ei.phncdn.com/videos/201304/04/11047631/original/(m=eaf8GgaaaWavb)(mh=_NqHchVe8Amvip6x)5.jpg;https://ei.phncdn.com/videos/201304/04/11047631/original/(m=eaf8GgaaaWavb)(mh=_NqHchVe8Amvip6x)6.jpg;https://ei.phncdn.com/videos/201304/04/11047631/original/(m=eaf8GgaaaWavb)(mh=_NqHchVe8Amvip6x)7.jpg;https://ei.phncdn.com/videos/201304/04/11047631/original/(m=eaf8GgaaaWavb)(mh=_NqHchVe8Amvip6x)8.jpg;https://ei.phncdn.com/videos/201304/04/11047631/original/(m=eaf8GgaaaWavb)(mh=_NqHchVe8Amvip6x)9.jpg;https://ei.phncdn.com/videos/201304/04/11047631/original/(m=eaf8GgaaaWavb)(mh=_NqHchVe8Amvip6x)10.jpg;https://ei.phncdn.com/videos/201304/04/11047631/original/(m=eaf8GgaaaWavb)(mh=_NqHchVe8Amvip6x)11.jpg;https://ei.phncdn.com/videos/201304/04/11047631/original/(m=eaf8GgaaaWavb)(mh=_NqHchVe8Amvip6x)12.jpg;https://ei.phncdn.com/videos/201304/04/11047631/original/(m=eaf8GgaaaWavb)(mh=_NqHchVe8Amvip6x)13.jpg;https://ei.phncdn.com/videos/201304/04/11047631/original/(m=eaf8GgaaaWavb)(mh=_NqHchVe8Amvip6x)14.jpg;https://ei.phncdn.com/videos/201304/04/11047631/original/(m=eaf8GgaaaWavb)(mh=_NqHchVe8Amvip6x)15.jpg;https://ei.phncdn.com/videos/201304/04/11047631/original/(m=eaf8GgaaaWavb)(mh=_NqHchVe8Amvip6x)16.jpg|Euro Teen Gets Naked|pornhub.com;heels;brunette;solo;panties;close-up;young;tease;busty;shaved-pussy|Striptease;18-25;Euro||591|22326|102|14|https://ei.phncdn.com/videos/201304/04/11047631/original/(m=eaAaGwObaaamqv)(mh=S_T3lhmO5C7qAGid)14.jpg|https://ei.phncdn.com/videos/201304/04/11047631/original/(m=eaAaGwObaaamqv)(mh=S_T3lhmO5C7qAGid)1.jpg;https://ei.phncdn.com/videos/201304/04/11047631/original/(m=eaAaGwObaaamqv)(mh=S_T3lhmO5C7qAGid)2.jpg;https://ei.phncdn.com/videos/201304/04/11047631/original/(m=eaAaGwObaaamqv)(mh=S_T3lhmO5C7qAGid)3.jpg;https://ei.phncdn.com/videos/201304/04/11047631/original/(m=eaAaGwObaaamqv)(mh=S_T3lhmO5C7qAGid)4.jpg;https://ei.phncdn.com/videos/201304/04/11047631/original/(m=eaAaGwObaaamqv)(mh=S_T3lhmO5C7qAGid)5.jpg;https://ei.phncdn.com/videos/201304/04/11047631/original/(m=eaAaGwObaaamqv)(mh=S_T3lhmO5C7qAGid)6.jpg;https://ei.phncdn.com/videos/201304/04/11047631/original/(m=eaAaGwObaaamqv)(mh=S_T3lhmO5C7qAGid)7.jpg;https://ei.phncdn.com/videos/201304/04/11047631/original/(m=eaAaGwObaaamqv)(mh=S_T3lhmO5C7qAGid)8.jpg;https://ei.phncdn.com/videos/201304/04/11047631/original/(m=eaAaGwObaaamqv)(mh=S_T3lhmO5C7qAGid)9.jpg;https://ei.phncdn.com/videos/201304/04/11047631/original/(m=eaAaGwObaaamqv)(mh=S_T3lhmO5C7qAGid)10.jpg;https://ei.phncdn.com/videos/201304/04/11047631/original/(m=eaAaGwObaaamqv)(mh=S_T3lhmO5C7qAGid)11.jpg;https://ei.phncdn.com/videos/201304/04/11047631/original/(m=eaAaGwObaaamqv)(mh=S_T3lhmO5C7qAGid)12.jpg;https://ei.phncdn.com/videos/201304/04/11047631/original/(m=eaAaGwObaaamqv)(mh=S_T3lhmO5C7qAGid)13.jpg;https://ei.phncdn.com/videos/201304/04/11047631/original/(m=eaAaGwObaaamqv)(mh=S_T3lhmO5C7qAGid)14.jpg;https://ei.phncdn.com/videos/201304/04/11047631/original/(m=eaAaGwObaaamqv)(mh=S_T3lhmO5C7qAGid)15.jpg;https://ei.phncdn.com/videos/201304/04/11047631/original/(m=eaAaGwObaaamqv)(mh=S_T3lhmO5C7qAGid)16.jpg
<iframe src="https://www.pornhub.com/embed/461255823" frameborder="0" height="481" width="608" scrolling="no"></iframe>|https://ei.phncdn.com/videos/201304/04/11047871/original/(m=eaf8GgaaaWavb)(mh=kfJMDm6M3P7N3AtG)14.jpg|https://ei.phncdn.com/videos/201304/04/11047871/original/(m=eaf8GgaaaWavb)(mh=kfJMDm6M3P7N3AtG)1.jpg;https://ei.phncdn.com/videos/201304/04/11047871/original/(m=eaf8GgaaaWavb)(mh=kfJMDm6M3P7N3AtG)2.jpg;https://ei.phncdn.com/videos/201304/04/11047871/original/(m=eaf8GgaaaWavb)(mh=kfJMDm6M3P7N3AtG)3.jpg;https://ei.phncdn.com/videos/201304/04/11047871/original/(m=eaf8GgaaaWavb)(mh=kfJMDm6M3P7N3AtG)4.jpg;https://ei.phncdn.com/videos/201304/04/11047871/original/(m=eaf8GgaaaWavb)(mh=kfJMDm6M3P7N3AtG)5.jpg;https://ei.phncdn.com/videos/201304/04/11047871/original/(m=eaf8GgaaaWavb)(mh=kfJMDm6M3P7N3AtG)6.jpg;https://ei.phncdn.com/videos/201304/04/11047871/original/(m=eaf8GgaaaWavb)(mh=kfJMDm6M3P7N3AtG)7.jpg;https://ei.phncdn.com/videos/201304/04/11047871/original/(m=eaf8GgaaaWavb)(mh=kfJMDm6M3P7N3AtG)8.jpg;https://ei.phncdn.com/videos/201304/04/11047871/original/(m=eaf8GgaaaWavb)(mh=kfJMDm6M3P7N3AtG)9.jpg;https://ei.phncdn.com/videos/201304/04/11047871/original/(m=eaf8GgaaaWavb)(mh=kfJMDm6M3P7N3AtG)10.jpg;https://ei.phncdn.com/videos/201304/04/11047871/original/(m=eaf8GgaaaWavb)(mh=kfJMDm6M3P7N3AtG)11.jpg;https://ei.phncdn.com/videos/201304/04/11047871/original/(m=eaf8GgaaaWavb)(mh=kfJMDm6M3P7N3AtG)12.jpg;https://ei.phncdn.com/videos/201304/04/11047871/original/(m=eaf8GgaaaWavb)(mh=kfJMDm6M3P7N3AtG)13.jpg;https://ei.phncdn.com/videos/201304/04/11047871/original/(m=eaf8GgaaaWavb)(mh=kfJMDm6M3P7N3AtG)14.jpg;https://ei.phncdn.com/videos/201304/04/11047871/original/(m=eaf8GgaaaWavb)(mh=kfJMDm6M3P7N3AtG)15.jpg;https://ei.phncdn.com/videos/201304/04/11047871/original/(m=eaf8GgaaaWavb)(mh=kfJMDm6M3P7N3AtG)16.jpg|Teasing You w/ Her Fantastic Titties|pornhub.com;panties;sneakers;skinny;tease;shaved-pussy;close-up;solo;big-tits;young|Striptease;18-25;Euro||599|20992|90|4|https://ei.phncdn.com/videos/201304/04/11047871/original/(m=eaAaGwObaaamqv)(mh=35Ot1sAGGygWGJPf)14.jpg|https://ei.phncdn.com/videos/201304/04/11047871/original/(m=eaAaGwObaaamqv)(mh=35Ot1sAGGygWGJPf)1.jpg;https://ei.phncdn.com/videos/201304/04/11047871/original/(m=eaAaGwObaaamqv)(mh=35Ot1sAGGygWGJPf)2.jpg;https://ei.phncdn.com/videos/201304/04/11047871/original/(m=eaAaGwObaaamqv)(mh=35Ot1sAGGygWGJPf)3.jpg;https://ei.phncdn.com/videos/201304/04/11047871/original/(m=eaAaGwObaaamqv)(mh=35Ot1sAGGygWGJPf)4.jpg;https://ei.phncdn.com/videos/201304/04/11047871/original/(m=eaAaGwObaaamqv)(mh=35Ot1sAGGygWGJPf)5.jpg;https://ei.phncdn.com/videos/201304/04/11047871/original/(m=eaAaGwObaaamqv)(mh=35Ot1sAGGygWGJPf)6.jpg;https://ei.phncdn.com/videos/201304/04/11047871/original/(m=eaAaGwObaaamqv)(mh=35Ot1sAGGygWGJPf)7.jpg;https://ei.phncdn.com/videos/201304/04/11047871/original/(m=eaAaGwObaaamqv)(mh=35Ot1sAGGygWGJPf)8.jpg;https://ei.phncdn.com/videos/201304/04/11047871/original/(m=eaAaGwObaaamqv)(mh=35Ot1sAGGygWGJPf)9.jpg;https://ei.phncdn.com/videos/201304/04/11047871/original/(m=eaAaGwObaaamqv)(mh=35Ot1sAGGygWGJPf)10.jpg;https://ei.phncdn.com/videos/201304/04/11047871/original/(m=eaAaGwObaaamqv)(mh=35Ot1sAGGygWGJPf)11.jpg;https://ei.phncdn.com/videos/201304/04/11047871/original/(m=eaAaGwObaaamqv)(mh=35Ot1sAGGygWGJPf)12.jpg;https://ei.phncdn.com/videos/201304/04/11047871/original/(m=eaAaGwObaaamqv)(mh=35Ot1sAGGygWGJPf)13.jpg;https://ei.phncdn.com/videos/201304/04/11047871/original/(m=eaAaGwObaaamqv)(mh=35Ot1sAGGygWGJPf)14.jpg;https://ei.phncdn.com/videos/201304/04/11047871/original/(m=eaAaGwObaaamqv)(mh=35Ot1sAGGygWGJPf)15.jpg;https://ei.phncdn.com/videos/201304/04/11047871/original/(m=eaAaGwObaaamqv)(mh=35Ot1sAGGygWGJPf)16.jpg
<iframe src="https://www.pornhub.com/embed/200578299" frameborder="0" height="481" width="608" scrolling="no"></iframe>|https://ei.phncdn.com/videos/201304/04/11047891/original/(m=eaf8GgaaaWavb)(mh=ZzPnpshwGcPbsc80)4.jpg|https://ei.phncdn.com/videos/201304/04/11047891/original/(m=eaf8GgaaaWavb)(mh=ZzPnpshwGcPbsc80)1.jpg;https://ei.phncdn.com/videos/201304/04/11047891/original/(m=eaf8GgaaaWavb)(mh=ZzPnpshwGcPbsc80)2.jpg;https://ei.phncdn.com/videos/201304/04/11047891/original/(m=eaf8GgaaaWavb)(mh=ZzPnpshwGcPbsc80)3.jpg;https://ei.phncdn.com/videos/201304/04/11047891/original/(m=eaf8GgaaaWavb)(mh=ZzPnpshwGcPbsc80)4.jpg;https://ei.phncdn.com/videos/201304/04/11047891/original/(m=eaf8GgaaaWavb)(mh=ZzPnpshwGcPbsc80)5.jpg;https://ei.phncdn.com/videos/201304/04/11047891/original/(m=eaf8GgaaaWavb)(mh=ZzPnpshwGcPbsc80)6.jpg;https://ei.phncdn.com/videos/201304/04/11047891/original/(m=eaf8GgaaaWavb)(mh=ZzPnpshwGcPbsc80)7.jpg;https://ei.phncdn.com/videos/201304/04/11047891/original/(m=eaf8GgaaaWavb)(mh=ZzPnpshwGcPbsc80)8.jpg;https://ei.phncdn.com/videos/201304/04/11047891/original/(m=eaf8GgaaaWavb)(mh=ZzPnpshwGcPbsc80)9.jpg;https://ei.phncdn.com/videos/201304/04/11047891/original/(m=eaf8GgaaaWavb)(mh=ZzPnpshwGcPbsc80)10.jpg;https://ei.phncdn.com/videos/201304/04/11047891/original/(m=eaf8GgaaaWavb)(mh=ZzPnpshwGcPbsc80)11.jpg;https://ei.phncdn.com/videos/201304/04/11047891/original/(m=eaf8GgaaaWavb)(mh=ZzPnpshwGcPbsc80)12.jpg;https://ei.phncdn.com/videos/201304/04/11047891/original/(m=eaf8GgaaaWavb)(mh=ZzPnpshwGcPbsc80)13.jpg;https://ei.phncdn.com/videos/201304/04/11047891/original/(m=eaf8GgaaaWavb)(mh=ZzPnpshwGcPbsc80)14.jpg;https://ei.phncdn.com/videos/201304/04/11047891/original/(m=eaf8GgaaaWavb)(mh=ZzPnpshwGcPbsc80)15.jpg;https://ei.phncdn.com/videos/201304/04/11047891/original/(m=eaf8GgaaaWavb)(mh=ZzPnpshwGcPbsc80)16.jpg|Beautiful Teen Teasing|pornhub.com;brunette;panties;young;shaved-pussy;sneakers;babe;close-up;softcore|Striptease;18-25;Euro||603|200058|829|154|https://ei.phncdn.com/videos/201304/04/11047891/original/(m=eaAaGwObaaamqv)(mh=2Eo64F7RLkA_usPq)4.jpg|https://ei.phncdn.com/videos/201304/04/11047891/original/(m=eaAaGwObaaamqv)(mh=2Eo64F7RLkA_usPq)1.jpg;https://ei.phncdn.com/videos/201304/04/11047891/original/(m=eaAaGwObaaamqv)(mh=2Eo64F7RLkA_usPq)2.jpg;https://ei.phncdn.com/videos/201304/04/11047891/original/(m=eaAaGwObaaamqv)(mh=2Eo64F7RLkA_usPq)3.jpg;https://ei.phncdn.com/videos/201304/04/11047891/original/(m=eaAaGwObaaamqv)(mh=2Eo64F7RLkA_usPq)4.jpg;https://ei.phncdn.com/videos/201304/04/11047891/original/(m=eaAaGwObaaamqv)(mh=2Eo64F7RLkA_usPq)5.jpg;https://ei.phncdn.com/videos/201304/04/11047891/original/(m=eaAaGwObaaamqv)(mh=2Eo64F7RLkA_usPq)6.jpg;https://ei.phncdn.com/videos/201304/04/11047891/original/(m=eaAaGwObaaamqv)(mh=2Eo64F7RLkA_usPq)7.jpg;https://ei.phncdn.com/videos/201304/04/11047891/original/(m=eaAaGwObaaamqv)(mh=2Eo64F7RLkA_usPq)8.jpg;https://ei.phncdn.com/videos/201304/04/11047891/original/(m=eaAaGwObaaamqv)(mh=2Eo64F7RLkA_usPq)9.jpg;https://ei.phncdn.com/videos/201304/04/11047891/original/(m=eaAaGwObaaamqv)(mh=2Eo64F7RLkA_usPq)10.jpg;https://ei.phncdn.com/videos/201304/04/11047891/original/(m=eaAaGwObaaamqv)(mh=2Eo64F7RLkA_usPq)11.jpg;https://ei.phncdn.com/videos/201304/04/11047891/original/(m=eaAaGwObaaamqv)(mh=2Eo64F7RLkA_usPq)12.jpg;https://ei.phncdn.com/videos/201304/04/11047891/original/(m=eaAaGwObaaamqv)(mh=2Eo64F7RLkA_usPq)13.jpg;https://ei.phncdn.com/videos/201304/04/11047891/original/(m=eaAaGwObaaamqv)(mh=2Eo64F7RLkA_usPq)14.jpg;https://ei.phncdn.com/videos/201304/04/11047891/original/(m=eaAaGwObaaamqv)(mh=2Eo64F7RLkA_usPq)15.jpg;https://ei.phncdn.com/videos/201304/04/11047891/original/(m=eaAaGwObaaamqv)(mh=2Eo64F7RLkA_usPq)16.jpg
<iframe src="https://www.pornhub.com/embed/1711318375" frameborder="0" height="481" width="608" scrolling="no"></iframe>|https://ei.phncdn.com/videos/201304/04/11047901/original/(m=eaf8GgaaaWavb)(mh=82MbHlGpU9eLOopA)14.jpg|https://ei.phncdn.com/videos/201304/04/11047901/original/(m=eaf8GgaaaWavb)(mh=82MbHlGpU9eLOopA)1.jpg;https://ei.phncdn.com/videos/201304/04/11047901/original/(m=eaf8GgaaaWavb)(mh=82MbHlGpU9eLOopA)2.jpg;https://ei.phncdn.com/videos/201304/04/11047901/original/(m=eaf8GgaaaWavb)(mh=82MbHlGpU9eLOopA)3.jpg;https://ei.phncdn.com/videos/201304/04/11047901/original/(m=eaf8GgaaaWavb)(mh=82MbHlGpU9eLOopA)4.jpg;https://ei.phncdn.com/videos/201304/04/11047901/original/(m=eaf8GgaaaWavb)(mh=82MbHlGpU9eLOopA)5.jpg;https://ei.phncdn.com/videos/201304/04/11047901/original/(m=eaf8GgaaaWavb)(mh=82MbHlGpU9eLOopA)6.jpg;https://ei.phncdn.com/videos/201304/04/11047901/original/(m=eaf8GgaaaWavb)(mh=82MbHlGpU9eLOopA)7.jpg;https://ei.phncdn.com/videos/201304/04/11047901/original/(m=eaf8GgaaaWavb)(mh=82MbHlGpU9eLOopA)8.jpg;https://ei.phncdn.com/videos/201304/04/11047901/original/(m=eaf8GgaaaWavb)(mh=82MbHlGpU9eLOopA)9.jpg;https://ei.phncdn.com/videos/201304/04/11047901/original/(m=eaf8GgaaaWavb)(mh=82MbHlGpU9eLOopA)10.jpg;https://ei.phncdn.com/videos/201304/04/11047901/original/(m=eaf8GgaaaWavb)(mh=82MbHlGpU9eLOopA)11.jpg;https://ei.phncdn.com/videos/201304/04/11047901/original/(m=eaf8GgaaaWavb)(mh=82MbHlGpU9eLOopA)12.jpg;https://ei.phncdn.com/videos/201304/04/11047901/original/(m=eaf8GgaaaWavb)(mh=82MbHlGpU9eLOopA)13.jpg;https://ei.phncdn.com/videos/201304/04/11047901/original/(m=eaf8GgaaaWavb)(mh=82MbHlGpU9eLOopA)14.jpg;https://ei.phncdn.com/videos/201304/04/11047901/original/(m=eaf8GgaaaWavb)(mh=82MbHlGpU9eLOopA)15.jpg;https://ei.phncdn.com/videos/201304/04/11047901/original/(m=eaf8GgaaaWavb)(mh=82MbHlGpU9eLOopA)16.jpg|Skinny Blonde Strips And Teases|pornhub.com;shaved-pussy;close-up;skinny;solo;panties;socks;up-skirt;natural-tits;young;booty|Striptease;18-25;Euro||658|106292|314|77|https://ei.phncdn.com/videos/201304/04/11047901/original/(m=eaAaGwObaaamqv)(mh=dpN4NhM9wl3uXZh-)14.jpg|https://ei.phncdn.com/videos/201304/04/11047901/original/(m=eaAaGwObaaamqv)(mh=dpN4NhM9wl3uXZh-)1.jpg;https://ei.phncdn.com/videos/201304/04/11047901/original/(m=eaAaGwObaaamqv)(mh=dpN4NhM9wl3uXZh-)2.jpg;https://ei.phncdn.com/videos/201304/04/11047901/original/(m=eaAaGwObaaamqv)(mh=dpN4NhM9wl3uXZh-)3.jpg;https://ei.phncdn.com/videos/201304/04/11047901/original/(m=eaAaGwObaaamqv)(mh=dpN4NhM9wl3uXZh-)4.jpg;https://ei.phncdn.com/videos/201304/04/11047901/original/(m=eaAaGwObaaamqv)(mh=dpN4NhM9wl3uXZh-)5.jpg;https://ei.phncdn.com/videos/201304/04/11047901/original/(m=eaAaGwObaaamqv)(mh=dpN4NhM9wl3uXZh-)6.jpg;https://ei.phncdn.com/videos/201304/04/11047901/original/(m=eaAaGwObaaamqv)(mh=dpN4NhM9wl3uXZh-)7.jpg;https://ei.phncdn.com/videos/201304/04/11047901/original/(m=eaAaGwObaaamqv)(mh=dpN4NhM9wl3uXZh-)8.jpg;https://ei.phncdn.com/videos/201304/04/11047901/original/(m=eaAaGwObaaamqv)(mh=dpN4NhM9wl3uXZh-)9.jpg;https://ei.phncdn.com/videos/201304/04/11047901/original/(m=eaAaGwObaaamqv)(mh=dpN4NhM9wl3uXZh-)10.jpg;https://ei.phncdn.com/videos/201304/04/11047901/original/(m=eaAaGwObaaamqv)(mh=dpN4NhM9wl3uXZh-)11.jpg;https://ei.phncdn.com/videos/201304/04/11047901/original/(m=eaAaGwObaaamqv)(mh=dpN4NhM9wl3uXZh-)12.jpg;https://ei.phncdn.com/videos/201304/04/11047901/original/(m=eaAaGwObaaamqv)(mh=dpN4NhM9wl3uXZh-)13.jpg;https://ei.phncdn.com/videos/201304/04/11047901/original/(m=eaAaGwObaaamqv)(mh=dpN4NhM9wl3uXZh-)14.jpg;https://ei.phncdn.com/videos/201304/04/11047901/original/(m=eaAaGwObaaamqv)(mh=dpN4NhM9wl3uXZh-)15.jpg;https://ei.phncdn.com/videos/201304/04/11047901/original/(m=eaAaGwObaaamqv)(mh=dpN4NhM9wl3uXZh-)16.jpg
<iframe src="https://www.pornhub.com/embed/1522088684" frameborder="0" height="481" width="608" scrolling="no"></iframe>|https://ei.phncdn.com/videos/201304/04/11047921/original/(m=eaf8GgaaaWavb)(mh=5fjoqd-69b3c1AoD)9.jpg|https://ei.phncdn.com/videos/201304/04/11047921/original/(m=eaf8GgaaaWavb)(mh=5fjoqd-69b3c1AoD)1.jpg;https://ei.phncdn.com/videos/201304/04/11047921/original/(m=eaf8GgaaaWavb)(mh=5fjoqd-69b3c1AoD)2.jpg;https://ei.phncdn.com/videos/201304/04/11047921/original/(m=eaf8GgaaaWavb)(mh=5fjoqd-69b3c1AoD)3.jpg;https://ei.phncdn.com/videos/201304/04/11047921/original/(m=eaf8GgaaaWavb)(mh=5fjoqd-69b3c1AoD)4.jpg;https://ei.phncdn.com/videos/201304/04/11047921/original/(m=eaf8GgaaaWavb)(mh=5fjoqd-69b3c1AoD)5.jpg;https://ei.phncdn.com/videos/201304/04/11047921/original/(m=eaf8GgaaaWavb)(mh=5fjoqd-69b3c1AoD)6.jpg;https://ei.phncdn.com/videos/201304/04/11047921/original/(m=eaf8GgaaaWavb)(mh=5fjoqd-69b3c1AoD)7.jpg;https://ei.phncdn.com/videos/201304/04/11047921/original/(m=eaf8GgaaaWavb)(mh=5fjoqd-69b3c1AoD)8.jpg;https://ei.phncdn.com/videos/201304/04/11047921/original/(m=eaf8GgaaaWavb)(mh=5fjoqd-69b3c1AoD)9.jpg;https://ei.phncdn.com/videos/201304/04/11047921/original/(m=eaf8GgaaaWavb)(mh=5fjoqd-69b3c1AoD)10.jpg;https://ei.phncdn.com/videos/201304/04/11047921/original/(m=eaf8GgaaaWavb)(mh=5fjoqd-69b3c1AoD)11.jpg;https://ei.phncdn.com/videos/201304/04/11047921/original/(m=eaf8GgaaaWavb)(mh=5fjoqd-69b3c1AoD)12.jpg;https://ei.phncdn.com/videos/201304/04/11047921/original/(m=eaf8GgaaaWavb)(mh=5fjoqd-69b3c1AoD)13.jpg;https://ei.phncdn.com/videos/201304/04/11047921/original/(m=eaf8GgaaaWavb)(mh=5fjoqd-69b3c1AoD)14.jpg;https://ei.phncdn.com/videos/201304/04/11047921/original/(m=eaf8GgaaaWavb)(mh=5fjoqd-69b3c1AoD)15.jpg;https://ei.phncdn.com/videos/201304/04/11047921/original/(m=eaf8GgaaaWavb)(mh=5fjoqd-69b3c1AoD)16.jpg|She Strips Down To Nothing|pornhub.com;brunette;petite;natural-tits;young;solo;tease;panties;booty;shaved-pussy;socks;outdoor|Striptease;18-25;Euro||729|28564|115|20|https://ei.phncdn.com/videos/201304/04/11047921/original/(m=eaAaGwObaaamqv)(mh=83gAY74TzGT74SpU)9.jpg|https://ei.phncdn.com/videos/201304/04/11047921/original/(m=eaAaGwObaaamqv)(mh=83gAY74TzGT74SpU)1.jpg;https://ei.phncdn.com/videos/201304/04/11047921/original/(m=eaAaGwObaaamqv)(mh=83gAY74TzGT74SpU)2.jpg;https://ei.phncdn.com/videos/201304/04/11047921/original/(m=eaAaGwObaaamqv)(mh=83gAY74TzGT74SpU)3.jpg;https://ei.phncdn.com/videos/201304/04/11047921/original/(m=eaAaGwObaaamqv)(mh=83gAY74TzGT74SpU)4.jpg;https://ei.phncdn.com/videos/201304/04/11047921/original/(m=eaAaGwObaaamqv)(mh=83gAY74TzGT74SpU)5.jpg;https://ei.phncdn.com/videos/201304/04/11047921/original/(m=eaAaGwObaaamqv)(mh=83gAY74TzGT74SpU)6.jpg;https://ei.phncdn.com/videos/201304/04/11047921/original/(m=eaAaGwObaaamqv)(mh=83gAY74TzGT74SpU)7.jpg;https://ei.phncdn.com/videos/201304/04/11047921/original/(m=eaAaGwObaaamqv)(mh=83gAY74TzGT74SpU)8.jpg;https://ei.phncdn.com/videos/201304/04/11047921/original/(m=eaAaGwObaaamqv)(mh=83gAY74TzGT74SpU)9.jpg;https://ei.phncdn.com/videos/201304/04/11047921/original/(m=eaAaGwObaaamqv)(mh=83gAY74TzGT74SpU)10.jpg;https://ei.phncdn.com/videos/201304/04/11047921/original/(m=eaAaGwObaaamqv)(mh=83gAY74TzGT74SpU)11.jpg;https://ei.phncdn.com/videos/201304/04/11047921/original/(m=eaAaGwObaaamqv)(mh=83gAY74TzGT74SpU)12.jpg;https://ei.phncdn.com/videos/201304/04/11047921/original/(m=eaAaGwObaaamqv)(mh=83gAY74TzGT74SpU)13.jpg;https://ei.phncdn.com/videos/201304/04/11047921/original/(m=eaAaGwObaaamqv)(mh=83gAY74TzGT74SpU)14.jpg;https://ei.phncdn.com/videos/201304/04/11047921/original/(m=eaAaGwObaaamqv)(mh=83gAY74TzGT74SpU)15.jpg;https://ei.phncdn.com/videos/201304/04/11047921/original/(m=eaAaGwObaaamqv)(mh=83gAY74TzGT74SpU)16.jpg
<iframe src="https://www.pornhub.com/embed/182340450" frameborder="0" height="481" width="608" scrolling="no"></iframe>|https://ei.phncdn.com/videos/201304/04/11047951/original/(m=eaf8GgaaaWavb)(mh=b1glFy-lGa_BWvwR)7.jpg|https://ei.phncdn.com/videos/201304/04/11047951/original/(m=eaf8GgaaaWavb)(mh=b1glFy-lGa_BWvwR)1.jpg;https://ei.phncdn.com/videos/201304/04/11047951/original/(m=eaf8GgaaaWavb)(mh=b1glFy-lGa_BWvwR)2.jpg;https://ei.phncdn.com/videos/201304/04/11047951/original/(m=eaf8GgaaaWavb)(mh=b1glFy-lGa_BWvwR)3.jpg;https://ei.phncdn.com/videos/201304/04/11047951/original/(m=eaf8GgaaaWavb)(mh=b1glFy-lGa_BWvwR)4.jpg;https://ei.phncdn.com/videos/201304/04/11047951/original/(m=eaf8GgaaaWavb)(mh=b1glFy-lGa_BWvwR)5.jpg;https://ei.phncdn.com/videos/201304/04/11047951/original/(m=eaf8GgaaaWavb)(mh=b1glFy-lGa_BWvwR)6.jpg;https://ei.phncdn.com/videos/201304/04/11047951/original/(m=eaf8GgaaaWavb)(mh=b1glFy-lGa_BWvwR)7.jpg;https://ei.phncdn.com/videos/201304/04/11047951/original/(m=eaf8GgaaaWavb)(mh=b1glFy-lGa_BWvwR)8.jpg;https://ei.phncdn.com/videos/201304/04/11047951/original/(m=eaf8GgaaaWavb)(mh=b1glFy-lGa_BWvwR)9.jpg;https://ei.phncdn.com/videos/201304/04/11047951/original/(m=eaf8GgaaaWavb)(mh=b1glFy-lGa_BWvwR)10.jpg;https://ei.phncdn.com/videos/201304/04/11047951/original/(m=eaf8GgaaaWavb)(mh=b1glFy-lGa_BWvwR)11.jpg;https://ei.phncdn.com/videos/201304/04/11047951/original/(m=eaf8GgaaaWavb)(mh=b1glFy-lGa_BWvwR)12.jpg;https://ei.phncdn.com/videos/201304/04/11047951/original/(m=eaf8GgaaaWavb)(mh=b1glFy-lGa_BWvwR)13.jpg;https://ei.phncdn.com/videos/201304/04/11047951/original/(m=eaf8GgaaaWavb)(mh=b1glFy-lGa_BWvwR)14.jpg;https://ei.phncdn.com/videos/201304/04/11047951/original/(m=eaf8GgaaaWavb)(mh=b1glFy-lGa_BWvwR)15.jpg;https://ei.phncdn.com/videos/201304/04/11047951/original/(m=eaf8GgaaaWavb)(mh=b1glFy-lGa_BWvwR)16.jpg|Teen Strips Off Her Clothes|pornhub.com;brunette;panties;solo;tanlines;small-breasts;bald-pussy;young;tease|Striptease;18-25;Euro||599|55294|199|28|https://ei.phncdn.com/videos/201304/04/11047951/original/(m=eaAaGwObaaamqv)(mh=JjGR-l2jVQlcyNmW)7.jpg|https://ei.phncdn.com/videos/201304/04/11047951/original/(m=eaAaGwObaaamqv)(mh=JjGR-l2jVQlcyNmW)1.jpg;https://ei.phncdn.com/videos/201304/04/11047951/original/(m=eaAaGwObaaamqv)(mh=JjGR-l2jVQlcyNmW)2.jpg;https://ei.phncdn.com/videos/201304/04/11047951/original/(m=eaAaGwObaaamqv)(mh=JjGR-l2jVQlcyNmW)3.jpg;https://ei.phncdn.com/videos/201304/04/11047951/original/(m=eaAaGwObaaamqv)(mh=JjGR-l2jVQlcyNmW)4.jpg;https://ei.phncdn.com/videos/201304/04/11047951/original/(m=eaAaGwObaaamqv)(mh=JjGR-l2jVQlcyNmW)5.jpg;https://ei.phncdn.com/videos/201304/04/11047951/original/(m=eaAaGwObaaamqv)(mh=JjGR-l2jVQlcyNmW)6.jpg;https://ei.phncdn.com/videos/201304/04/11047951/original/(m=eaAaGwObaaamqv)(mh=JjGR-l2jVQlcyNmW)7.jpg;https://ei.phncdn.com/videos/201304/04/11047951/original/(m=eaAaGwObaaamqv)(mh=JjGR-l2jVQlcyNmW)8.jpg;https://ei.phncdn.com/videos/201304/04/11047951/original/(m=eaAaGwObaaamqv)(mh=JjGR-l2jVQlcyNmW)9.jpg;https://ei.phncdn.com/videos/201304/04/11047951/original/(m=eaAaGwObaaamqv)(mh=JjGR-l2jVQlcyNmW)10.jpg;https://ei.phncdn.com/videos/201304/04/11047951/original/(m=eaAaGwObaaamqv)(mh=JjGR-l2jVQlcyNmW)11.jpg;https://ei.phncdn.com/videos/201304/04/11047951/original/(m=eaAaGwObaaamqv)(mh=JjGR-l2jVQlcyNmW)12.jpg;https://ei.phncdn.com/videos/201304/04/11047951/original/(m=eaAaGwObaaamqv)(mh=JjGR-l2jVQlcyNmW)13.jpg;https://ei.phncdn.com/videos/201304/04/11047951/original/(m=eaAaGwObaaamqv)(mh=JjGR-l2jVQlcyNmW)14.jpg;https://ei.phncdn.com/videos/201304/04/11047951/original/(m=eaAaGwObaaamqv)(mh=JjGR-l2jVQlcyNmW)15.jpg;https://ei.phncdn.com/videos/201304/04/11047951/original/(m=eaAaGwObaaamqv)(mh=JjGR-l2jVQlcyNmW)16.jpg
<iframe src="https://www.pornhub.com/embed/1875495757" frameborder="0" height="481" width="608" scrolling="no"></iframe>|https://ei.phncdn.com/videos/201304/04/11048891/original/(m=eaf8GgaaaWavb)(mh=2bjleN3pNRE40Oof)9.jpg|https://ei.phncdn.com/videos/201304/04/11048891/original/(m=eaf8GgaaaWavb)(mh=2bjleN3pNRE40Oof)1.jpg;https://ei.phncdn.com/videos/201304/04/11048891/original/(m=eaf8GgaaaWavb)(mh=2bjleN3pNRE40Oof)2.jpg;https://ei.phncdn.com/videos/201304/04/11048891/original/(m=eaf8GgaaaWavb)(mh=2bjleN3pNRE40Oof)3.jpg;https://ei.phncdn.com/videos/201304/04/11048891/original/(m=eaf8GgaaaWavb)(mh=2bjleN3pNRE40Oof)4.jpg;https://ei.phncdn.com/videos/201304/04/11048891/original/(m=eaf8GgaaaWavb)(mh=2bjleN3pNRE40Oof)5.jpg;https://ei.phncdn.com/videos/201304/04/11048891/original/(m=eaf8GgaaaWavb)(mh=2bjleN3pNRE40Oof)6.jpg;https://ei.phncdn.com/videos/201304/04/11048891/original/(m=eaf8GgaaaWavb)(mh=2bjleN3pNRE40Oof)7.jpg;https://ei.phncdn.com/videos/201304/04/11048891/original/(m=eaf8GgaaaWavb)(mh=2bjleN3pNRE40Oof)8.jpg;https://ei.phncdn.com/videos/201304/04/11048891/original/(m=eaf8GgaaaWavb)(mh=2bjleN3pNRE40Oof)9.jpg;https://ei.phncdn.com/videos/201304/04/11048891/original/(m=eaf8GgaaaWavb)(mh=2bjleN3pNRE40Oof)10.jpg;https://ei.phncdn.com/videos/201304/04/11048891/original/(m=eaf8GgaaaWavb)(mh=2bjleN3pNRE40Oof)11.jpg;https://ei.phncdn.com/videos/201304/04/11048891/original/(m=eaf8GgaaaWavb)(mh=2bjleN3pNRE40Oof)12.jpg;https://ei.phncdn.com/videos/201304/04/11048891/original/(m=eaf8GgaaaWavb)(mh=2bjleN3pNRE40Oof)13.jpg;https://ei.phncdn.com/videos/201304/04/11048891/original/(m=eaf8GgaaaWavb)(mh=2bjleN3pNRE40Oof)14.jpg;https://ei.phncdn.com/videos/201304/04/11048891/original/(m=eaf8GgaaaWavb)(mh=2bjleN3pNRE40Oof)15.jpg;https://ei.phncdn.com/videos/201304/04/11048891/original/(m=eaf8GgaaaWavb)(mh=2bjleN3pNRE40Oof)16.jpg|She Must Really Like Soccer|pornhub.com;brunette;heels;boots;tease;babe;solo;panties;masturbation;shaved-pussy;busty|Striptease;18-25;Euro||1672|9101|42|6|https://ei.phncdn.com/videos/201304/04/11048891/original/(m=eaAaGwObaaamqv)(mh=XSB7Xiun6ohRRn8Z)9.jpg|https://ei.phncdn.com/videos/201304/04/11048891/original/(m=eaAaGwObaaamqv)(mh=XSB7Xiun6ohRRn8Z)1.jpg;https://ei.phncdn.com/videos/201304/04/11048891/original/(m=eaAaGwObaaamqv)(mh=XSB7Xiun6ohRRn8Z)2.jpg;https://ei.phncdn.com/videos/201304/04/11048891/original/(m=eaAaGwObaaamqv)(mh=XSB7Xiun6ohRRn8Z)3.jpg;https://ei.phncdn.com/videos/201304/04/11048891/original/(m=eaAaGwObaaamqv)(mh=XSB7Xiun6ohRRn8Z)4.jpg;https://ei.phncdn.com/videos/201304/04/11048891/original/(m=eaAaGwObaaamqv)(mh=XSB7Xiun6ohRRn8Z)5.jpg;https://ei.phncdn.com/videos/201304/04/11048891/original/(m=eaAaGwObaaamqv)(mh=XSB7Xiun6ohRRn8Z)6.jpg;https://ei.phncdn.com/videos/201304/04/11048891/original/(m=eaAaGwObaaamqv)(mh=XSB7Xiun6ohRRn8Z)7.jpg;https://ei.phncdn.com/videos/201304/04/11048891/original/(m=eaAaGwObaaamqv)(mh=XSB7Xiun6ohRRn8Z)8.jpg;https://ei.phncdn.com/videos/201304/04/11048891/original/(m=eaAaGwObaaamqv)(mh=XSB7Xiun6ohRRn8Z)9.jpg;https://ei.phncdn.com/videos/201304/04/11048891/original/(m=eaAaGwObaaamqv)(mh=XSB7Xiun6ohRRn8Z)10.jpg;https://ei.phncdn.com/videos/201304/04/11048891/original/(m=eaAaGwObaaamqv)(mh=XSB7Xiun6ohRRn8Z)11.jpg;https://ei.phncdn.com/videos/201304/04/11048891/original/(m=eaAaGwObaaamqv)(mh=XSB7Xiun6ohRRn8Z)12.jpg;https://ei.phncdn.com/videos/201304/04/11048891/original/(m=eaAaGwObaaamqv)(mh=XSB7Xiun6ohRRn8Z)13.jpg;https://ei.phncdn.com/videos/201304/04/11048891/original/(m=eaAaGwObaaamqv)(mh=XSB7Xiun6ohRRn8Z)14.jpg;https://ei.phncdn.com/videos/201304/04/11048891/original/(m=eaAaGwObaaamqv)(mh=XSB7Xiun6ohRRn8Z)15.jpg;https://ei.phncdn.com/videos/201304/04/11048891/original/(m=eaAaGwObaaamqv)(mh=XSB7Xiun6ohRRn8Z)16.jpg
<iframe src="https://www.pornhub.com/embed/1249024529" frameborder="0" height="481" width="608" scrolling="no"></iframe>|https://ei.phncdn.com/videos/201304/04/11049081/original/(m=eaf8GgaaaWavb)(mh=wDOpchx1avbjM2ku)3.jpg|https://ei.phncdn.com/videos/201304/04/11049081/original/(m=eaf8GgaaaWavb)(mh=wDOpchx1avbjM2ku)1.jpg;https://ei.phncdn.com/videos/201304/04/11049081/original/(m=eaf8GgaaaWavb)(mh=wDOpchx1avbjM2ku)2.jpg;https://ei.phncdn.com/videos/201304/04/11049081/original/(m=eaf8GgaaaWavb)(mh=wDOpchx1avbjM2ku)3.jpg;https://ei.phncdn.com/videos/201304/04/11049081/original/(m=eaf8GgaaaWavb)(mh=wDOpchx1avbjM2ku)4.jpg;https://ei.phncdn.com/videos/201304/04/11049081/original/(m=eaf8GgaaaWavb)(mh=wDOpchx1avbjM2ku)5.jpg;https://ei.phncdn.com/videos/201304/04/11049081/original/(m=eaf8GgaaaWavb)(mh=wDOpchx1avbjM2ku)6.jpg;https://ei.phncdn.com/videos/201304/04/11049081/original/(m=eaf8GgaaaWavb)(mh=wDOpchx1avbjM2ku)7.jpg;https://ei.phncdn.com/videos/201304/04/11049081/original/(m=eaf8GgaaaWavb)(mh=wDOpchx1avbjM2ku)8.jpg;https://ei.phncdn.com/videos/201304/04/11049081/original/(m=eaf8GgaaaWavb)(mh=wDOpchx1avbjM2ku)9.jpg;https://ei.phncdn.com/videos/201304/04/11049081/original/(m=eaf8GgaaaWavb)(mh=wDOpchx1avbjM2ku)10.jpg;https://ei.phncdn.com/videos/201304/04/11049081/original/(m=eaf8GgaaaWavb)(mh=wDOpchx1avbjM2ku)11.jpg;https://ei.phncdn.com/videos/201304/04/11049081/original/(m=eaf8GgaaaWavb)(mh=wDOpchx1avbjM2ku)12.jpg;https://ei.phncdn.com/videos/201304/04/11049081/original/(m=eaf8GgaaaWavb)(mh=wDOpchx1avbjM2ku)13.jpg;https://ei.phncdn.com/videos/201304/04/11049081/original/(m=eaf8GgaaaWavb)(mh=wDOpchx1avbjM2ku)14.jpg;https://ei.phncdn.com/videos/201304/04/11049081/original/(m=eaf8GgaaaWavb)(mh=wDOpchx1avbjM2ku)15.jpg;https://ei.phncdn.com/videos/201304/04/11049081/original/(m=eaf8GgaaaWavb)(mh=wDOpchx1avbjM2ku)16.jpg|She's So Cute You Could Eat Her|pornhub.com;brunette;young;solo;panties;tease;close-up;petite;sneakers;bald-pussy;booty;european|Striptease;18-25;Small Tits||598|73124|325|36|https://ei.phncdn.com/videos/201304/04/11049081/original/(m=eaAaGwObaaamqv)(mh=w3R4EMOWNz1wrC8_)3.jpg|https://ei.phncdn.com/videos/201304/04/11049081/original/(m=eaAaGwObaaamqv)(mh=w3R4EMOWNz1wrC8_)1.jpg;https://ei.phncdn.com/videos/201304/04/11049081/original/(m=eaAaGwObaaamqv)(mh=w3R4EMOWNz1wrC8_)2.jpg;https://ei.phncdn.com/videos/201304/04/11049081/original/(m=eaAaGwObaaamqv)(mh=w3R4EMOWNz1wrC8_)3.jpg;https://ei.phncdn.com/videos/201304/04/11049081/original/(m=eaAaGwObaaamqv)(mh=w3R4EMOWNz1wrC8_)4.jpg;https://ei.phncdn.com/videos/201304/04/11049081/original/(m=eaAaGwObaaamqv)(mh=w3R4EMOWNz1wrC8_)5.jpg;https://ei.phncdn.com/videos/201304/04/11049081/original/(m=eaAaGwObaaamqv)(mh=w3R4EMOWNz1wrC8_)6.jpg;https://ei.phncdn.com/videos/201304/04/11049081/original/(m=eaAaGwObaaamqv)(mh=w3R4EMOWNz1wrC8_)7.jpg;https://ei.phncdn.com/videos/201304/04/11049081/original/(m=eaAaGwObaaamqv)(mh=w3R4EMOWNz1wrC8_)8.jpg;https://ei.phncdn.com/videos/201304/04/11049081/original/(m=eaAaGwObaaamqv)(mh=w3R4EMOWNz1wrC8_)9.jpg;https://ei.phncdn.com/videos/201304/04/11049081/original/(m=eaAaGwObaaamqv)(mh=w3R4EMOWNz1wrC8_)10.jpg;https://ei.phncdn.com/videos/201304/04/11049081/original/(m=eaAaGwObaaamqv)(mh=w3R4EMOWNz1wrC8_)11.jpg;https://ei.phncdn.com/videos/201304/04/11049081/original/(m=eaAaGwObaaamqv)(mh=w3R4EMOWNz1wrC8_)12.jpg;https://ei.phncdn.com/videos/201304/04/11049081/original/(m=eaAaGwObaaamqv)(mh=w3R4EMOWNz1wrC8_)13.jpg;https://ei.phncdn.com/videos/201304/04/11049081/original/(m=eaAaGwObaaamqv)(mh=w3R4EMOWNz1wrC8_)14.jpg;https://ei.phncdn.com/videos/201304/04/11049081/original/(m=eaAaGwObaaamqv)(mh=w3R4EMOWNz1wrC8_)15.jpg;https://ei.phncdn.com/videos/201304/04/11049081/original/(m=eaAaGwObaaamqv)(mh=w3R4EMOWNz1wrC8_)16.jpg
<iframe src="https://www.pornhub.com/embed/1419985494" frameborder="0" height="481" width="608" scrolling="no"></iframe>|https://ei.phncdn.com/videos/201304/04/11049181/original/(m=eaf8GgaaaWavb)(mh=zmhSe1gUgWFMQY4w)15.jpg|https://ei.phncdn.com/videos/201304/04/11049181/original/(m=eaf8GgaaaWavb)(mh=zmhSe1gUgWFMQY4w)1.jpg;https://ei.phncdn.com/videos/201304/04/11049181/original/(m=eaf8GgaaaWavb)(mh=zmhSe1gUgWFMQY4w)2.jpg;https://ei.phncdn.com/videos/201304/04/11049181/original/(m=eaf8GgaaaWavb)(mh=zmhSe1gUgWFMQY4w)3.jpg;https://ei.phncdn.com/videos/201304/04/11049181/original/(m=eaf8GgaaaWavb)(mh=zmhSe1gUgWFMQY4w)4.jpg;https://ei.phncdn.com/videos/201304/04/11049181/original/(m=eaf8GgaaaWavb)(mh=zmhSe1gUgWFMQY4w)5.jpg;https://ei.phncdn.com/videos/201304/04/11049181/original/(m=eaf8GgaaaWavb)(mh=zmhSe1gUgWFMQY4w)6.jpg;https://ei.phncdn.com/videos/201304/04/11049181/original/(m=eaf8GgaaaWavb)(mh=zmhSe1gUgWFMQY4w)7.jpg;https://ei.phncdn.com/videos/201304/04/11049181/original/(m=eaf8GgaaaWavb)(mh=zmhSe1gUgWFMQY4w)8.jpg;https://ei.phncdn.com/videos/201304/04/11049181/original/(m=eaf8GgaaaWavb)(mh=zmhSe1gUgWFMQY4w)9.jpg;https://ei.phncdn.com/videos/201304/04/11049181/original/(m=eaf8GgaaaWavb)(mh=zmhSe1gUgWFMQY4w)10.jpg;https://ei.phncdn.com/videos/201304/04/11049181/original/(m=eaf8GgaaaWavb)(mh=zmhSe1gUgWFMQY4w)11.jpg;https://ei.phncdn.com/videos/201304/04/11049181/original/(m=eaf8GgaaaWavb)(mh=zmhSe1gUgWFMQY4w)12.jpg;https://ei.phncdn.com/videos/201304/04/11049181/original/(m=eaf8GgaaaWavb)(mh=zmhSe1gUgWFMQY4w)13.jpg;https://ei.phncdn.com/videos/201304/04/11049181/original/(m=eaf8GgaaaWavb)(mh=zmhSe1gUgWFMQY4w)14.jpg;https://ei.phncdn.com/videos/201304/04/11049181/original/(m=eaf8GgaaaWavb)(mh=zmhSe1gUgWFMQY4w)15.jpg;https://ei.phncdn.com/videos/201304/04/11049181/original/(m=eaf8GgaaaWavb)(mh=zmhSe1gUgWFMQY4w)16.jpg|Hot Red-Head Strips And Teases|pornhub.com;panties;busty;solo;bald-pussy;sneakers;tattoo;softcore;teenager;young;close-up|Striptease;Red Head;Euro||1064|12822|54|5|https://ei.phncdn.com/videos/201304/04/11049181/original/(m=eaAaGwObaaamqv)(mh=NFWHwadH4KnCxd8T)15.jpg|https://ei.phncdn.com/videos/201304/04/11049181/original/(m=eaAaGwObaaamqv)(mh=NFWHwadH4KnCxd8T)1.jpg;https://ei.phncdn.com/videos/201304/04/11049181/original/(m=eaAaGwObaaamqv)(mh=NFWHwadH4KnCxd8T)2.jpg;https://ei.phncdn.com/videos/201304/04/11049181/original/(m=eaAaGwObaaamqv)(mh=NFWHwadH4KnCxd8T)3.jpg;https://ei.phncdn.com/videos/201304/04/11049181/original/(m=eaAaGwObaaamqv)(mh=NFWHwadH4KnCxd8T)4.jpg;https://ei.phncdn.com/videos/201304/04/11049181/original/(m=eaAaGwObaaamqv)(mh=NFWHwadH4KnCxd8T)5.jpg;https://ei.phncdn.com/videos/201304/04/11049181/original/(m=eaAaGwObaaamqv)(mh=NFWHwadH4KnCxd8T)6.jpg;https://ei.phncdn.com/videos/201304/04/11049181/original/(m=eaAaGwObaaamqv)(mh=NFWHwadH4KnCxd8T)7.jpg;https://ei.phncdn.com/videos/201304/04/11049181/original/(m=eaAaGwObaaamqv)(mh=NFWHwadH4KnCxd8T)8.jpg;https://ei.phncdn.com/videos/201304/04/11049181/original/(m=eaAaGwObaaamqv)(mh=NFWHwadH4KnCxd8T)9.jpg;https://ei.phncdn.com/videos/201304/04/11049181/original/(m=eaAaGwObaaamqv)(mh=NFWHwadH4KnCxd8T)10.jpg;https://ei.phncdn.com/videos/201304/04/11049181/original/(m=eaAaGwObaaamqv)(mh=NFWHwadH4KnCxd8T)11.jpg;https://ei.phncdn.com/videos/201304/04/11049181/original/(m=eaAaGwObaaamqv)(mh=NFWHwadH4KnCxd8T)12.jpg;https://ei.phncdn.com/videos/201304/04/11049181/original/(m=eaAaGwObaaamqv)(mh=NFWHwadH4KnCxd8T)13.jpg;https://ei.phncdn.com/videos/201304/04/11049181/original/(m=eaAaGwObaaamqv)(mh=NFWHwadH4KnCxd8T)14.jpg;https://ei.phncdn.com/videos/201304/04/11049181/original/(m=eaAaGwObaaamqv)(mh=NFWHwadH4KnCxd8T)15.jpg;https://ei.phncdn.com/videos/201304/04/11049181/original/(m=eaAaGwObaaamqv)(mh=NFWHwadH4KnCxd8T)16.jpg
<iframe src="https://www.pornhub.com/embed/1432988261" frameborder="0" height="481" width="608" scrolling="no"></iframe>|https://ei.phncdn.com/videos/201304/04/11049231/original/(m=eaf8GgaaaWavb)(mh=w-_AxYuORHGh5ATm)7.jpg|https://ei.phncdn.com/videos/201304/04/11049231/original/(m=eaf8GgaaaWavb)(mh=w-_AxYuORHGh5ATm)1.jpg;https://ei.phncdn.com/videos/201304/04/11049231/original/(m=eaf8GgaaaWavb)(mh=w-_AxYuORHGh5ATm)2.jpg;https://ei.phncdn.com/videos/201304/04/11049231/original/(m=eaf8GgaaaWavb)(mh=w-_AxYuORHGh5ATm)3.jpg;https://ei.phncdn.com/videos/201304/04/11049231/original/(m=eaf8GgaaaWavb)(mh=w-_AxYuORHGh5ATm)4.jpg;https://ei.phncdn.com/videos/201304/04/11049231/original/(m=eaf8GgaaaWavb)(mh=w-_AxYuORHGh5ATm)5.jpg;https://ei.phncdn.com/videos/201304/04/11049231/original/(m=eaf8GgaaaWavb)(mh=w-_AxYuORHGh5ATm)6.jpg;https://ei.phncdn.com/videos/201304/04/11049231/original/(m=eaf8GgaaaWavb)(mh=w-_AxYuORHGh5ATm)7.jpg;https://ei.phncdn.com/videos/201304/04/11049231/original/(m=eaf8GgaaaWavb)(mh=w-_AxYuORHGh5ATm)8.jpg;https://ei.phncdn.com/videos/201304/04/11049231/original/(m=eaf8GgaaaWavb)(mh=w-_AxYuORHGh5ATm)9.jpg;https://ei.phncdn.com/videos/201304/04/11049231/original/(m=eaf8GgaaaWavb)(mh=w-_AxYuORHGh5ATm)10.jpg;https://ei.phncdn.com/videos/201304/04/11049231/original/(m=eaf8GgaaaWavb)(mh=w-_AxYuORHGh5ATm)11.jpg;https://ei.phncdn.com/videos/201304/04/11049231/original/(m=eaf8GgaaaWavb)(mh=w-_AxYuORHGh5ATm)12.jpg;https://ei.phncdn.com/videos/201304/04/11049231/original/(m=eaf8GgaaaWavb)(mh=w-_AxYuORHGh5ATm)13.jpg;https://ei.phncdn.com/videos/201304/04/11049231/original/(m=eaf8GgaaaWavb)(mh=w-_AxYuORHGh5ATm)14.jpg;https://ei.phncdn.com/videos/201304/04/11049231/original/(m=eaf8GgaaaWavb)(mh=w-_AxYuORHGh5ATm)15.jpg;https://ei.phncdn.com/videos/201304/04/11049231/original/(m=eaf8GgaaaWavb)(mh=w-_AxYuORHGh5ATm)16.jpg|Little Tit Teen Strips|pornhub.com;raven;panties;solo;sneakers;close-up;shaved-pussy;teenager;skinny;tease|Striptease;Euro;Small Tits||603|18883|79|13|https://ei.phncdn.com/videos/201304/04/11049231/original/(m=eaAaGwObaaamqv)(mh=rqzlnx60rNjld_3y)7.jpg|https://ei.phncdn.com/videos/201304/04/11049231/original/(m=eaAaGwObaaamqv)(mh=rqzlnx60rNjld_3y)1.jpg;https://ei.phncdn.com/videos/201304/04/11049231/original/(m=eaAaGwObaaamqv)(mh=rqzlnx60rNjld_3y)2.jpg;https://ei.phncdn.com/videos/201304/04/11049231/original/(m=eaAaGwObaaamqv)(mh=rqzlnx60rNjld_3y)3.jpg;https://ei.phncdn.com/videos/201304/04/11049231/original/(m=eaAaGwObaaamqv)(mh=rqzlnx60rNjld_3y)4.jpg;https://ei.phncdn.com/videos/201304/04/11049231/original/(m=eaAaGwObaaamqv)(mh=rqzlnx60rNjld_3y)5.jpg;https://ei.phncdn.com/videos/201304/04/11049231/original/(m=eaAaGwObaaamqv)(mh=rqzlnx60rNjld_3y)6.jpg;https://ei.phncdn.com/videos/201304/04/11049231/original/(m=eaAaGwObaaamqv)(mh=rqzlnx60rNjld_3y)7.jpg;https://ei.phncdn.com/videos/201304/04/11049231/original/(m=eaAaGwObaaamqv)(mh=rqzlnx60rNjld_3y)8.jpg;https://ei.phncdn.com/videos/201304/04/11049231/original/(m=eaAaGwObaaamqv)(mh=rqzlnx60rNjld_3y)9.jpg;https://ei.phncdn.com/videos/201304/04/11049231/original/(m=eaAaGwObaaamqv)(mh=rqzlnx60rNjld_3y)10.jpg;https://ei.phncdn.com/videos/201304/04/11049231/original/(m=eaAaGwObaaamqv)(mh=rqzlnx60rNjld_3y)11.jpg;https://ei.phncdn.com/videos/201304/04/11049231/original/(m=eaAaGwObaaamqv)(mh=rqzlnx60rNjld_3y)12.jpg;https://ei.phncdn.com/videos/201304/04/11049231/original/(m=eaAaGwObaaamqv)(mh=rqzlnx60rNjld_3y)13.jpg;https://ei.phncdn.com/videos/201304/04/11049231/original/(m=eaAaGwObaaamqv)(mh=rqzlnx60rNjld_3y)14.jpg;https://ei.phncdn.com/videos/201304/04/11049231/original/(m=eaAaGwObaaamqv)(mh=rqzlnx60rNjld_3y)15.jpg;https://ei.phncdn.com/videos/201304/04/11049231/original/(m=eaAaGwObaaamqv)(mh=rqzlnx60rNjld_3y)16.jpg
<iframe src="https://www.pornhub.com/embed/1451393737" frameborder="0" height="481" width="608" scrolling="no"></iframe>|https://ei.phncdn.com/videos/201304/04/11049281/original/(m=eaf8GgaaaWavb)(mh=CY46R_YVuMqEIb_4)10.jpg|https://ei.phncdn.com/videos/201304/04/11049281/original/(m=eaf8GgaaaWavb)(mh=CY46R_YVuMqEIb_4)1.jpg;https://ei.phncdn.com/videos/201304/04/11049281/original/(m=eaf8GgaaaWavb)(mh=CY46R_YVuMqEIb_4)2.jpg;https://ei.phncdn.com/videos/201304/04/11049281/original/(m=eaf8GgaaaWavb)(mh=CY46R_YVuMqEIb_4)3.jpg;https://ei.phncdn.com/videos/201304/04/11049281/original/(m=eaf8GgaaaWavb)(mh=CY46R_YVuMqEIb_4)4.jpg;https://ei.phncdn.com/videos/201304/04/11049281/original/(m=eaf8GgaaaWavb)(mh=CY46R_YVuMqEIb_4)5.jpg;https://ei.phncdn.com/videos/201304/04/11049281/original/(m=eaf8GgaaaWavb)(mh=CY46R_YVuMqEIb_4)6.jpg;https://ei.phncdn.com/videos/201304/04/11049281/original/(m=eaf8GgaaaWavb)(mh=CY46R_YVuMqEIb_4)7.jpg;https://ei.phncdn.com/videos/201304/04/11049281/original/(m=eaf8GgaaaWavb)(mh=CY46R_YVuMqEIb_4)8.jpg;https://ei.phncdn.com/videos/201304/04/11049281/original/(m=eaf8GgaaaWavb)(mh=CY46R_YVuMqEIb_4)9.jpg;https://ei.phncdn.com/videos/201304/04/11049281/original/(m=eaf8GgaaaWavb)(mh=CY46R_YVuMqEIb_4)10.jpg;https://ei.phncdn.com/videos/201304/04/11049281/original/(m=eaf8GgaaaWavb)(mh=CY46R_YVuMqEIb_4)11.jpg;https://ei.phncdn.com/videos/201304/04/11049281/original/(m=eaf8GgaaaWavb)(mh=CY46R_YVuMqEIb_4)12.jpg;https://ei.phncdn.com/videos/201304/04/11049281/original/(m=eaf8GgaaaWavb)(mh=CY46R_YVuMqEIb_4)13.jpg;https://ei.phncdn.com/videos/201304/04/11049281/original/(m=eaf8GgaaaWavb)(mh=CY46R_YVuMqEIb_4)14.jpg;https://ei.phncdn.com/videos/201304/04/11049281/original/(m=eaf8GgaaaWavb)(mh=CY46R_YVuMqEIb_4)15.jpg;https://ei.phncdn.com/videos/201304/04/11049281/original/(m=eaf8GgaaaWavb)(mh=CY46R_YVuMqEIb_4)16.jpg|I'd Love To Spank That Little Butt|pornhub.com;shaved-pussy;blonde;boots;heels;solo;panties;skinny;perky-tits;up-skirt;bubble-butt|Striptease;Euro;Small Tits||605|25736|83|11|https://ei.phncdn.com/videos/201304/04/11049281/original/(m=eaAaGwObaaamqv)(mh=tQig_YwfRIv-84_1)10.jpg|https://ei.phncdn.com/videos/201304/04/11049281/original/(m=eaAaGwObaaamqv)(mh=tQig_YwfRIv-84_1)1.jpg;https://ei.phncdn.com/videos/201304/04/11049281/original/(m=eaAaGwObaaamqv)(mh=tQig_YwfRIv-84_1)2.jpg;https://ei.phncdn.com/videos/201304/04/11049281/original/(m=eaAaGwObaaamqv)(mh=tQig_YwfRIv-84_1)3.jpg;https://ei.phncdn.com/videos/201304/04/11049281/original/(m=eaAaGwObaaamqv)(mh=tQig_YwfRIv-84_1)4.jpg;https://ei.phncdn.com/videos/201304/04/11049281/original/(m=eaAaGwObaaamqv)(mh=tQig_YwfRIv-84_1)5.jpg;https://ei.phncdn.com/videos/201304/04/11049281/original/(m=eaAaGwObaaamqv)(mh=tQig_YwfRIv-84_1)6.jpg;https://ei.phncdn.com/videos/201304/04/11049281/original/(m=eaAaGwObaaamqv)(mh=tQig_YwfRIv-84_1)7.jpg;https://ei.phncdn.com/videos/201304/04/11049281/original/(m=eaAaGwObaaamqv)(mh=tQig_YwfRIv-84_1)8.jpg;https://ei.phncdn.com/videos/201304/04/11049281/original/(m=eaAaGwObaaamqv)(mh=tQig_YwfRIv-84_1)9.jpg;https://ei.phncdn.com/videos/201304/04/11049281/original/(m=eaAaGwObaaamqv)(mh=tQig_YwfRIv-84_1)10.jpg;https://ei.phncdn.com/videos/201304/04/11049281/original/(m=eaAaGwObaaamqv)(mh=tQig_YwfRIv-84_1)11.jpg;https://ei.phncdn.com/videos/201304/04/11049281/original/(m=eaAaGwObaaamqv)(mh=tQig_YwfRIv-84_1)12.jpg;https://ei.phncdn.com/videos/201304/04/11049281/original/(m=eaAaGwObaaamqv)(mh=tQig_YwfRIv-84_1)13.jpg;https://ei.phncdn.com/videos/201304/04/11049281/original/(m=eaAaGwObaaamqv)(mh=tQig_YwfRIv-84_1)14.jpg;https://ei.phncdn.com/videos/201304/04/11049281/original/(m=eaAaGwObaaamqv)(mh=tQig_YwfRIv-84_1)15.jpg;https://ei.phncdn.com/videos/201304/04/11049281/original/(m=eaAaGwObaaamqv)(mh=tQig_YwfRIv-84_1)16.jpg
<iframe src="https://www.pornhub.com/embed/816063076" frameborder="0" height="481" width="608" scrolling="no"></iframe>|https://ei.phncdn.com/videos/201304/04/11050361/original/(m=eaf8GgaaaWavb)(mh=zwpXKmo6IedPYP5m)7.jpg|https://ei.phncdn.com/videos/201304/04/11050361/original/(m=eaf8GgaaaWavb)(mh=zwpXKmo6IedPYP5m)1.jpg;https://ei.phncdn.com/videos/201304/04/11050361/original/(m=eaf8GgaaaWavb)(mh=zwpXKmo6IedPYP5m)2.jpg;https://ei.phncdn.com/videos/201304/04/11050361/original/(m=eaf8GgaaaWavb)(mh=zwpXKmo6IedPYP5m)3.jpg;https://ei.phncdn.com/videos/201304/04/11050361/original/(m=eaf8GgaaaWavb)(mh=zwpXKmo6IedPYP5m)4.jpg;https://ei.phncdn.com/videos/201304/04/11050361/original/(m=eaf8GgaaaWavb)(mh=zwpXKmo6IedPYP5m)5.jpg;https://ei.phncdn.com/videos/201304/04/11050361/original/(m=eaf8GgaaaWavb)(mh=zwpXKmo6IedPYP5m)6.jpg;https://ei.phncdn.com/videos/201304/04/11050361/original/(m=eaf8GgaaaWavb)(mh=zwpXKmo6IedPYP5m)7.jpg;https://ei.phncdn.com/videos/201304/04/11050361/original/(m=eaf8GgaaaWavb)(mh=zwpXKmo6IedPYP5m)8.jpg;https://ei.phncdn.com/videos/201304/04/11050361/original/(m=eaf8GgaaaWavb)(mh=zwpXKmo6IedPYP5m)9.jpg;https://ei.phncdn.com/videos/201304/04/11050361/original/(m=eaf8GgaaaWavb)(mh=zwpXKmo6IedPYP5m)10.jpg;https://ei.phncdn.com/videos/201304/04/11050361/original/(m=eaf8GgaaaWavb)(mh=zwpXKmo6IedPYP5m)11.jpg;https://ei.phncdn.com/videos/201304/04/11050361/original/(m=eaf8GgaaaWavb)(mh=zwpXKmo6IedPYP5m)12.jpg;https://ei.phncdn.com/videos/201304/04/11050361/original/(m=eaf8GgaaaWavb)(mh=zwpXKmo6IedPYP5m)13.jpg;https://ei.phncdn.com/videos/201304/04/11050361/original/(m=eaf8GgaaaWavb)(mh=zwpXKmo6IedPYP5m)14.jpg;https://ei.phncdn.com/videos/201304/04/11050361/original/(m=eaf8GgaaaWavb)(mh=zwpXKmo6IedPYP5m)15.jpg;https://ei.phncdn.com/videos/201304/04/11050361/original/(m=eaf8GgaaaWavb)(mh=zwpXKmo6IedPYP5m)16.jpg|Strawberry Panties|pornhub.com;pigtails;panties;small-breasts;heels;young;european;raven;tight-body;solo|Striptease;18-25;Small Tits||596|32444|139|19|https://ei.phncdn.com/videos/201304/04/11050361/original/(m=eaAaGwObaaamqv)(mh=KqCvXcV8wEud5Sap)7.jpg|https://ei.phncdn.com/videos/201304/04/11050361/original/(m=eaAaGwObaaamqv)(mh=KqCvXcV8wEud5Sap)1.jpg;https://ei.phncdn.com/videos/201304/04/11050361/original/(m=eaAaGwObaaamqv)(mh=KqCvXcV8wEud5Sap)2.jpg;https://ei.phncdn.com/videos/201304/04/11050361/original/(m=eaAaGwObaaamqv)(mh=KqCvXcV8wEud5Sap)3.jpg;https://ei.phncdn.com/videos/201304/04/11050361/original/(m=eaAaGwObaaamqv)(mh=KqCvXcV8wEud5Sap)4.jpg;https://ei.phncdn.com/videos/201304/04/11050361/original/(m=eaAaGwObaaamqv)(mh=KqCvXcV8wEud5Sap)5.jpg;https://ei.phncdn.com/videos/201304/04/11050361/original/(m=eaAaGwObaaamqv)(mh=KqCvXcV8wEud5Sap)6.jpg;https://ei.phncdn.com/videos/201304/04/11050361/original/(m=eaAaGwObaaamqv)(mh=KqCvXcV8wEud5Sap)7.jpg;https://ei.phncdn.com/videos/201304/04/11050361/original/(m=eaAaGwObaaamqv)(mh=KqCvXcV8wEud5Sap)8.jpg;https://ei.phncdn.com/videos/201304/04/11050361/original/(m=eaAaGwObaaamqv)(mh=KqCvXcV8wEud5Sap)9.jpg;https://ei.phncdn.com/videos/201304/04/11050361/original/(m=eaAaGwObaaamqv)(mh=KqCvXcV8wEud5Sap)10.jpg;https://ei.phncdn.com/videos/201304/04/11050361/original/(m=eaAaGwObaaamqv)(mh=KqCvXcV8wEud5Sap)11.jpg;https://ei.phncdn.com/videos/201304/04/11050361/original/(m=eaAaGwObaaamqv)(mh=KqCvXcV8wEud5Sap)12.jpg;https://ei.phncdn.com/videos/201304/04/11050361/original/(m=eaAaGwObaaamqv)(mh=KqCvXcV8wEud5Sap)13.jpg;https://ei.phncdn.com/videos/201304/04/11050361/original/(m=eaAaGwObaaamqv)(mh=KqCvXcV8wEud5Sap)14.jpg;https://ei.phncdn.com/videos/201304/04/11050361/original/(m=eaAaGwObaaamqv)(mh=KqCvXcV8wEud5Sap)15.jpg;https://ei.phncdn.com/videos/201304/04/11050361/original/(m=eaAaGwObaaamqv)(mh=KqCvXcV8wEud5Sap)16.jpg
<iframe src="https://www.pornhub.com/embed/1216715477" frameborder="0" height="481" width="608" scrolling="no"></iframe>|https://ei.phncdn.com/videos/201304/04/11050371/original/(m=eaf8GgaaaWavb)(mh=hEDGM0ecRSgbkKCR)12.jpg|https://ei.phncdn.com/videos/201304/04/11050371/original/(m=eaf8GgaaaWavb)(mh=hEDGM0ecRSgbkKCR)1.jpg;https://ei.phncdn.com/videos/201304/04/11050371/original/(m=eaf8GgaaaWavb)(mh=hEDGM0ecRSgbkKCR)2.jpg;https://ei.phncdn.com/videos/201304/04/11050371/original/(m=eaf8GgaaaWavb)(mh=hEDGM0ecRSgbkKCR)3.jpg;https://ei.phncdn.com/videos/201304/04/11050371/original/(m=eaf8GgaaaWavb)(mh=hEDGM0ecRSgbkKCR)4.jpg;https://ei.phncdn.com/videos/201304/04/11050371/original/(m=eaf8GgaaaWavb)(mh=hEDGM0ecRSgbkKCR)5.jpg;https://ei.phncdn.com/videos/201304/04/11050371/original/(m=eaf8GgaaaWavb)(mh=hEDGM0ecRSgbkKCR)6.jpg;https://ei.phncdn.com/videos/201304/04/11050371/original/(m=eaf8GgaaaWavb)(mh=hEDGM0ecRSgbkKCR)7.jpg;https://ei.phncdn.com/videos/201304/04/11050371/original/(m=eaf8GgaaaWavb)(mh=hEDGM0ecRSgbkKCR)8.jpg;https://ei.phncdn.com/videos/201304/04/11050371/original/(m=eaf8GgaaaWavb)(mh=hEDGM0ecRSgbkKCR)9.jpg;https://ei.phncdn.com/videos/201304/04/11050371/original/(m=eaf8GgaaaWavb)(mh=hEDGM0ecRSgbkKCR)10.jpg;https://ei.phncdn.com/videos/201304/04/11050371/original/(m=eaf8GgaaaWavb)(mh=hEDGM0ecRSgbkKCR)11.jpg;https://ei.phncdn.com/videos/201304/04/11050371/original/(m=eaf8GgaaaWavb)(mh=hEDGM0ecRSgbkKCR)12.jpg;https://ei.phncdn.com/videos/201304/04/11050371/original/(m=eaf8GgaaaWavb)(mh=hEDGM0ecRSgbkKCR)13.jpg;https://ei.phncdn.com/videos/201304/04/11050371/original/(m=eaf8GgaaaWavb)(mh=hEDGM0ecRSgbkKCR)14.jpg;https://ei.phncdn.com/videos/201304/04/11050371/original/(m=eaf8GgaaaWavb)(mh=hEDGM0ecRSgbkKCR)15.jpg;https://ei.phncdn.com/videos/201304/04/11050371/original/(m=eaf8GgaaaWavb)(mh=hEDGM0ecRSgbkKCR)16.jpg|Naked In Cute Little Socks|pornhub.com;blonde;panties;bald-pussy;small-breasts;up-skirt;solo;young;close-up;teen;skinny|Striptease;Euro;Small Tits||600|179909|718|96|https://ei.phncdn.com/videos/201304/04/11050371/original/(m=eaAaGwObaaamqv)(mh=ue8Ko78h7_QUWD35)12.jpg|https://ei.phncdn.com/videos/201304/04/11050371/original/(m=eaAaGwObaaamqv)(mh=ue8Ko78h7_QUWD35)1.jpg;https://ei.phncdn.com/videos/201304/04/11050371/original/(m=eaAaGwObaaamqv)(mh=ue8Ko78h7_QUWD35)2.jpg;https://ei.phncdn.com/videos/201304/04/11050371/original/(m=eaAaGwObaaamqv)(mh=ue8Ko78h7_QUWD35)3.jpg;https://ei.phncdn.com/videos/201304/04/11050371/original/(m=eaAaGwObaaamqv)(mh=ue8Ko78h7_QUWD35)4.jpg;https://ei.phncdn.com/videos/201304/04/11050371/original/(m=eaAaGwObaaamqv)(mh=ue8Ko78h7_QUWD35)5.jpg;https://ei.phncdn.com/videos/201304/04/11050371/original/(m=eaAaGwObaaamqv)(mh=ue8Ko78h7_QUWD35)6.jpg;https://ei.phncdn.com/videos/201304/04/11050371/original/(m=eaAaGwObaaamqv)(mh=ue8Ko78h7_QUWD35)7.jpg;https://ei.phncdn.com/videos/201304/04/11050371/original/(m=eaAaGwObaaamqv)(mh=ue8Ko78h7_QUWD35)8.jpg;https://ei.phncdn.com/videos/201304/04/11050371/original/(m=eaAaGwObaaamqv)(mh=ue8Ko78h7_QUWD35)9.jpg;https://ei.phncdn.com/videos/201304/04/11050371/original/(m=eaAaGwObaaamqv)(mh=ue8Ko78h7_QUWD35)10.jpg;https://ei.phncdn.com/videos/201304/04/11050371/original/(m=eaAaGwObaaamqv)(mh=ue8Ko78h7_QUWD35)11.jpg;https://ei.phncdn.com/videos/201304/04/11050371/original/(m=eaAaGwObaaamqv)(mh=ue8Ko78h7_QUWD35)12.jpg;https://ei.phncdn.com/videos/201304/04/11050371/original/(m=eaAaGwObaaamqv)(mh=ue8Ko78h7_QUWD35)13.jpg;https://ei.phncdn.com/videos/201304/04/11050371/original/(m=eaAaGwObaaamqv)(mh=ue8Ko78h7_QUWD35)14.jpg;https://ei.phncdn.com/videos/201304/04/11050371/original/(m=eaAaGwObaaamqv)(mh=ue8Ko78h7_QUWD35)15.jpg;https://ei.phncdn.com/videos/201304/04/11050371/original/(m=eaAaGwObaaamqv)(mh=ue8Ko78h7_QUWD35)16.jpg
<iframe src="https://www.pornhub.com/embed/332320955" frameborder="0" height="481" width="608" scrolling="no"></iframe>|https://ei.phncdn.com/videos/201304/04/11050431/original/(m=eaf8GgaaaWavb)(mh=OuActnH3t1ScGPMt)12.jpg|https://ei.phncdn.com/videos/201304/04/11050431/original/(m=eaf8GgaaaWavb)(mh=OuActnH3t1ScGPMt)1.jpg;https://ei.phncdn.com/videos/201304/04/11050431/original/(m=eaf8GgaaaWavb)(mh=OuActnH3t1ScGPMt)2.jpg;https://ei.phncdn.com/videos/201304/04/11050431/original/(m=eaf8GgaaaWavb)(mh=OuActnH3t1ScGPMt)3.jpg;https://ei.phncdn.com/videos/201304/04/11050431/original/(m=eaf8GgaaaWavb)(mh=OuActnH3t1ScGPMt)4.jpg;https://ei.phncdn.com/videos/201304/04/11050431/original/(m=eaf8GgaaaWavb)(mh=OuActnH3t1ScGPMt)5.jpg;https://ei.phncdn.com/videos/201304/04/11050431/original/(m=eaf8GgaaaWavb)(mh=OuActnH3t1ScGPMt)6.jpg;https://ei.phncdn.com/videos/201304/04/11050431/original/(m=eaf8GgaaaWavb)(mh=OuActnH3t1ScGPMt)7.jpg;https://ei.phncdn.com/videos/201304/04/11050431/original/(m=eaf8GgaaaWavb)(mh=OuActnH3t1ScGPMt)8.jpg;https://ei.phncdn.com/videos/201304/04/11050431/original/(m=eaf8GgaaaWavb)(mh=OuActnH3t1ScGPMt)9.jpg;https://ei.phncdn.com/videos/201304/04/11050431/original/(m=eaf8GgaaaWavb)(mh=OuActnH3t1ScGPMt)10.jpg;https://ei.phncdn.com/videos/201304/04/11050431/original/(m=eaf8GgaaaWavb)(mh=OuActnH3t1ScGPMt)11.jpg;https://ei.phncdn.com/videos/201304/04/11050431/original/(m=eaf8GgaaaWavb)(mh=OuActnH3t1ScGPMt)12.jpg;https://ei.phncdn.com/videos/201304/04/11050431/original/(m=eaf8GgaaaWavb)(mh=OuActnH3t1ScGPMt)13.jpg;https://ei.phncdn.com/videos/201304/04/11050431/original/(m=eaf8GgaaaWavb)(mh=OuActnH3t1ScGPMt)14.jpg;https://ei.phncdn.com/videos/201304/04/11050431/original/(m=eaf8GgaaaWavb)(mh=OuActnH3t1ScGPMt)15.jpg;https://ei.phncdn.com/videos/201304/04/11050431/original/(m=eaf8GgaaaWavb)(mh=OuActnH3t1ScGPMt)16.jpg|Teen In Sneakers Gets Naked|pornhub.com;blonde;solo;panties;bald-pussy;young;czech;sneakers;close-up;tattoo|Striptease;18-25;Euro||607|14773|56|11|https://ei.phncdn.com/videos/201304/04/11050431/original/(m=eaAaGwObaaamqv)(mh=eLEYfZRlAEWunSZy)12.jpg|https://ei.phncdn.com/videos/201304/04/11050431/original/(m=eaAaGwObaaamqv)(mh=eLEYfZRlAEWunSZy)1.jpg;https://ei.phncdn.com/videos/201304/04/11050431/original/(m=eaAaGwObaaamqv)(mh=eLEYfZRlAEWunSZy)2.jpg;https://ei.phncdn.com/videos/201304/04/11050431/original/(m=eaAaGwObaaamqv)(mh=eLEYfZRlAEWunSZy)3.jpg;https://ei.phncdn.com/videos/201304/04/11050431/original/(m=eaAaGwObaaamqv)(mh=eLEYfZRlAEWunSZy)4.jpg;https://ei.phncdn.com/videos/201304/04/11050431/original/(m=eaAaGwObaaamqv)(mh=eLEYfZRlAEWunSZy)5.jpg;https://ei.phncdn.com/videos/201304/04/11050431/original/(m=eaAaGwObaaamqv)(mh=eLEYfZRlAEWunSZy)6.jpg;https://ei.phncdn.com/videos/201304/04/11050431/original/(m=eaAaGwObaaamqv)(mh=eLEYfZRlAEWunSZy)7.jpg;https://ei.phncdn.com/videos/201304/04/11050431/original/(m=eaAaGwObaaamqv)(mh=eLEYfZRlAEWunSZy)8.jpg;https://ei.phncdn.com/videos/201304/04/11050431/original/(m=eaAaGwObaaamqv)(mh=eLEYfZRlAEWunSZy)9.jpg;https://ei.phncdn.com/videos/201304/04/11050431/original/(m=eaAaGwObaaamqv)(mh=eLEYfZRlAEWunSZy)10.jpg;https://ei.phncdn.com/videos/201304/04/11050431/original/(m=eaAaGwObaaamqv)(mh=eLEYfZRlAEWunSZy)11.jpg;https://ei.phncdn.com/videos/201304/04/11050431/original/(m=eaAaGwObaaamqv)(mh=eLEYfZRlAEWunSZy)12.jpg;https://ei.phncdn.com/videos/201304/04/11050431/original/(m=eaAaGwObaaamqv)(mh=eLEYfZRlAEWunSZy)13.jpg;https://ei.phncdn.com/videos/201304/04/11050431/original/(m=eaAaGwObaaamqv)(mh=eLEYfZRlAEWunSZy)14.jpg;https://ei.phncdn.com/videos/201304/04/11050431/original/(m=eaAaGwObaaamqv)(mh=eLEYfZRlAEWunSZy)15.jpg;https://ei.phncdn.com/videos/201304/04/11050431/original/(m=eaAaGwObaaamqv)(mh=eLEYfZRlAEWunSZy)16.jpg
<iframe src="https://www.pornhub.com/embed/1355827675" frameborder="0" height="481" width="608" scrolling="no"></iframe>|https://ei.phncdn.com/videos/201304/04/11050571/original/(m=eaf8GgaaaWavb)(mh=MAjGwqF_h4-jjf3T)15.jpg|https://ei.phncdn.com/videos/201304/04/11050571/original/(m=eaf8GgaaaWavb)(mh=MAjGwqF_h4-jjf3T)1.jpg;https://ei.phncdn.com/videos/201304/04/11050571/original/(m=eaf8GgaaaWavb)(mh=MAjGwqF_h4-jjf3T)2.jpg;https://ei.phncdn.com/videos/201304/04/11050571/original/(m=eaf8GgaaaWavb)(mh=MAjGwqF_h4-jjf3T)3.jpg;https://ei.phncdn.com/videos/201304/04/11050571/original/(m=eaf8GgaaaWavb)(mh=MAjGwqF_h4-jjf3T)4.jpg;https://ei.phncdn.com/videos/201304/04/11050571/original/(m=eaf8GgaaaWavb)(mh=MAjGwqF_h4-jjf3T)5.jpg;https://ei.phncdn.com/videos/201304/04/11050571/original/(m=eaf8GgaaaWavb)(mh=MAjGwqF_h4-jjf3T)6.jpg;https://ei.phncdn.com/videos/201304/04/11050571/original/(m=eaf8GgaaaWavb)(mh=MAjGwqF_h4-jjf3T)7.jpg;https://ei.phncdn.com/videos/201304/04/11050571/original/(m=eaf8GgaaaWavb)(mh=MAjGwqF_h4-jjf3T)8.jpg;https://ei.phncdn.com/videos/201304/04/11050571/original/(m=eaf8GgaaaWavb)(mh=MAjGwqF_h4-jjf3T)9.jpg;https://ei.phncdn.com/videos/201304/04/11050571/original/(m=eaf8GgaaaWavb)(mh=MAjGwqF_h4-jjf3T)10.jpg;https://ei.phncdn.com/videos/201304/04/11050571/original/(m=eaf8GgaaaWavb)(mh=MAjGwqF_h4-jjf3T)11.jpg;https://ei.phncdn.com/videos/201304/04/11050571/original/(m=eaf8GgaaaWavb)(mh=MAjGwqF_h4-jjf3T)12.jpg;https://ei.phncdn.com/videos/201304/04/11050571/original/(m=eaf8GgaaaWavb)(mh=MAjGwqF_h4-jjf3T)13.jpg;https://ei.phncdn.com/videos/201304/04/11050571/original/(m=eaf8GgaaaWavb)(mh=MAjGwqF_h4-jjf3T)14.jpg;https://ei.phncdn.com/videos/201304/04/11050571/original/(m=eaf8GgaaaWavb)(mh=MAjGwqF_h4-jjf3T)15.jpg;https://ei.phncdn.com/videos/201304/04/11050571/original/(m=eaf8GgaaaWavb)(mh=MAjGwqF_h4-jjf3T)16.jpg|Blow Me A Kiss|pornhub.com;panties;sneakers;bubble-butt;young;solo;piercing;busty;tight-body;raven;bald-pussy|Striptease;18-25;Euro||602|18976|78|10|https://ei.phncdn.com/videos/201304/04/11050571/original/(m=eaAaGwObaaamqv)(mh=uHcSxd09KE2JX_4b)15.jpg|https://ei.phncdn.com/videos/201304/04/11050571/original/(m=eaAaGwObaaamqv)(mh=uHcSxd09KE2JX_4b)1.jpg;https://ei.phncdn.com/videos/201304/04/11050571/original/(m=eaAaGwObaaamqv)(mh=uHcSxd09KE2JX_4b)2.jpg;https://ei.phncdn.com/videos/201304/04/11050571/original/(m=eaAaGwObaaamqv)(mh=uHcSxd09KE2JX_4b)3.jpg;https://ei.phncdn.com/videos/201304/04/11050571/original/(m=eaAaGwObaaamqv)(mh=uHcSxd09KE2JX_4b)4.jpg;https://ei.phncdn.com/videos/201304/04/11050571/original/(m=eaAaGwObaaamqv)(mh=uHcSxd09KE2JX_4b)5.jpg;https://ei.phncdn.com/videos/201304/04/11050571/original/(m=eaAaGwObaaamqv)(mh=uHcSxd09KE2JX_4b)6.jpg;https://ei.phncdn.com/videos/201304/04/11050571/original/(m=eaAaGwObaaamqv)(mh=uHcSxd09KE2JX_4b)7.jpg;https://ei.phncdn.com/videos/201304/04/11050571/original/(m=eaAaGwObaaamqv)(mh=uHcSxd09KE2JX_4b)8.jpg;https://ei.phncdn.com/videos/201304/04/11050571/original/(m=eaAaGwObaaamqv)(mh=uHcSxd09KE2JX_4b)9.jpg;https://ei.phncdn.com/videos/201304/04/11050571/original/(m=eaAaGwObaaamqv)(mh=uHcSxd09KE2JX_4b)10.jpg;https://ei.phncdn.com/videos/201304/04/11050571/original/(m=eaAaGwObaaamqv)(mh=uHcSxd09KE2JX_4b)11.jpg;https://ei.phncdn.com/videos/201304/04/11050571/original/(m=eaAaGwObaaamqv)(mh=uHcSxd09KE2JX_4b)12.jpg;https://ei.phncdn.com/videos/201304/04/11050571/original/(m=eaAaGwObaaamqv)(mh=uHcSxd09KE2JX_4b)13.jpg;https://ei.phncdn.com/videos/201304/04/11050571/original/(m=eaAaGwObaaamqv)(mh=uHcSxd09KE2JX_4b)14.jpg;https://ei.phncdn.com/videos/201304/04/11050571/original/(m=eaAaGwObaaamqv)(mh=uHcSxd09KE2JX_4b)15.jpg;https://ei.phncdn.com/videos/201304/04/11050571/original/(m=eaAaGwObaaamqv)(mh=uHcSxd09KE2JX_4b)16.jpg
<iframe src="https://www.pornhub.com/embed/789457885" frameborder="0" height="481" width="608" scrolling="no"></iframe>|https://ei.phncdn.com/videos/201304/04/11050581/original/(m=eaf8GgaaaWavb)(mh=xHyr6E5UK8zdaL5J)13.jpg|https://ei.phncdn.com/videos/201304/04/11050581/original/(m=eaf8GgaaaWavb)(mh=xHyr6E5UK8zdaL5J)1.jpg;https://ei.phncdn.com/videos/201304/04/11050581/original/(m=eaf8GgaaaWavb)(mh=xHyr6E5UK8zdaL5J)2.jpg;https://ei.phncdn.com/videos/201304/04/11050581/original/(m=eaf8GgaaaWavb)(mh=xHyr6E5UK8zdaL5J)3.jpg;https://ei.phncdn.com/videos/201304/04/11050581/original/(m=eaf8GgaaaWavb)(mh=xHyr6E5UK8zdaL5J)4.jpg;https://ei.phncdn.com/videos/201304/04/11050581/original/(m=eaf8GgaaaWavb)(mh=xHyr6E5UK8zdaL5J)5.jpg;https://ei.phncdn.com/videos/201304/04/11050581/original/(m=eaf8GgaaaWavb)(mh=xHyr6E5UK8zdaL5J)6.jpg;https://ei.phncdn.com/videos/201304/04/11050581/original/(m=eaf8GgaaaWavb)(mh=xHyr6E5UK8zdaL5J)7.jpg;https://ei.phncdn.com/videos/201304/04/11050581/original/(m=eaf8GgaaaWavb)(mh=xHyr6E5UK8zdaL5J)8.jpg;https://ei.phncdn.com/videos/201304/04/11050581/original/(m=eaf8GgaaaWavb)(mh=xHyr6E5UK8zdaL5J)9.jpg;https://ei.phncdn.com/videos/201304/04/11050581/original/(m=eaf8GgaaaWavb)(mh=xHyr6E5UK8zdaL5J)10.jpg;https://ei.phncdn.com/videos/201304/04/11050581/original/(m=eaf8GgaaaWavb)(mh=xHyr6E5UK8zdaL5J)11.jpg;https://ei.phncdn.com/videos/201304/04/11050581/original/(m=eaf8GgaaaWavb)(mh=xHyr6E5UK8zdaL5J)12.jpg;https://ei.phncdn.com/videos/201304/04/11050581/original/(m=eaf8GgaaaWavb)(mh=xHyr6E5UK8zdaL5J)13.jpg;https://ei.phncdn.com/videos/201304/04/11050581/original/(m=eaf8GgaaaWavb)(mh=xHyr6E5UK8zdaL5J)14.jpg;https://ei.phncdn.com/videos/201304/04/11050581/original/(m=eaf8GgaaaWavb)(mh=xHyr6E5UK8zdaL5J)15.jpg;https://ei.phncdn.com/videos/201304/04/11050581/original/(m=eaf8GgaaaWavb)(mh=xHyr6E5UK8zdaL5J)16.jpg|Hot Chick Wearing Nothing But Roller-Blades|pornhub.com;small-breasts;bald-pussy;close-up;skinny;babe;roller-blades;bubble-butt;solo;european|Striptease;18-25;Small Tits||640|12764|50|10|https://ei.phncdn.com/videos/201304/04/11050581/original/(m=eaAaGwObaaamqv)(mh=NImKO3bJkSs9TlDw)13.jpg|https://ei.phncdn.com/videos/201304/04/11050581/original/(m=eaAaGwObaaamqv)(mh=NImKO3bJkSs9TlDw)1.jpg;https://ei.phncdn.com/videos/201304/04/11050581/original/(m=eaAaGwObaaamqv)(mh=NImKO3bJkSs9TlDw)2.jpg;https://ei.phncdn.com/videos/201304/04/11050581/original/(m=eaAaGwObaaamqv)(mh=NImKO3bJkSs9TlDw)3.jpg;https://ei.phncdn.com/videos/201304/04/11050581/original/(m=eaAaGwObaaamqv)(mh=NImKO3bJkSs9TlDw)4.jpg;https://ei.phncdn.com/videos/201304/04/11050581/original/(m=eaAaGwObaaamqv)(mh=NImKO3bJkSs9TlDw)5.jpg;https://ei.phncdn.com/videos/201304/04/11050581/original/(m=eaAaGwObaaamqv)(mh=NImKO3bJkSs9TlDw)6.jpg;https://ei.phncdn.com/videos/201304/04/11050581/original/(m=eaAaGwObaaamqv)(mh=NImKO3bJkSs9TlDw)7.jpg;https://ei.phncdn.com/videos/201304/04/11050581/original/(m=eaAaGwObaaamqv)(mh=NImKO3bJkSs9TlDw)8.jpg;https://ei.phncdn.com/videos/201304/04/11050581/original/(m=eaAaGwObaaamqv)(mh=NImKO3bJkSs9TlDw)9.jpg;https://ei.phncdn.com/videos/201304/04/11050581/original/(m=eaAaGwObaaamqv)(mh=NImKO3bJkSs9TlDw)10.jpg;https://ei.phncdn.com/videos/201304/04/11050581/original/(m=eaAaGwObaaamqv)(mh=NImKO3bJkSs9TlDw)11.jpg;https://ei.phncdn.com/videos/201304/04/11050581/original/(m=eaAaGwObaaamqv)(mh=NImKO3bJkSs9TlDw)12.jpg;https://ei.phncdn.com/videos/201304/04/11050581/original/(m=eaAaGwObaaamqv)(mh=NImKO3bJkSs9TlDw)13.jpg;https://ei.phncdn.com/videos/201304/04/11050581/original/(m=eaAaGwObaaamqv)(mh=NImKO3bJkSs9TlDw)14.jpg;https://ei.phncdn.com/videos/201304/04/11050581/original/(m=eaAaGwObaaamqv)(mh=NImKO3bJkSs9TlDw)15.jpg;https://ei.phncdn.com/videos/201304/04/11050581/original/(m=eaAaGwObaaamqv)(mh=NImKO3bJkSs9TlDw)16.jpg
<iframe src="https://www.pornhub.com/embed/836975010" frameborder="0" height="481" width="608" scrolling="no"></iframe>|https://ei.phncdn.com/videos/201304/04/11050681/original/(m=eaf8GgaaaWavb)(mh=_o9fG0C2kbipiKKF)1.jpg|https://ei.phncdn.com/videos/201304/04/11050681/original/(m=eaf8GgaaaWavb)(mh=_o9fG0C2kbipiKKF)1.jpg;https://ei.phncdn.com/videos/201304/04/11050681/original/(m=eaf8GgaaaWavb)(mh=_o9fG0C2kbipiKKF)2.jpg;https://ei.phncdn.com/videos/201304/04/11050681/original/(m=eaf8GgaaaWavb)(mh=_o9fG0C2kbipiKKF)3.jpg;https://ei.phncdn.com/videos/201304/04/11050681/original/(m=eaf8GgaaaWavb)(mh=_o9fG0C2kbipiKKF)4.jpg;https://ei.phncdn.com/videos/201304/04/11050681/original/(m=eaf8GgaaaWavb)(mh=_o9fG0C2kbipiKKF)5.jpg;https://ei.phncdn.com/videos/201304/04/11050681/original/(m=eaf8GgaaaWavb)(mh=_o9fG0C2kbipiKKF)6.jpg;https://ei.phncdn.com/videos/201304/04/11050681/original/(m=eaf8GgaaaWavb)(mh=_o9fG0C2kbipiKKF)7.jpg;https://ei.phncdn.com/videos/201304/04/11050681/original/(m=eaf8GgaaaWavb)(mh=_o9fG0C2kbipiKKF)8.jpg;https://ei.phncdn.com/videos/201304/04/11050681/original/(m=eaf8GgaaaWavb)(mh=_o9fG0C2kbipiKKF)9.jpg;https://ei.phncdn.com/videos/201304/04/11050681/original/(m=eaf8GgaaaWavb)(mh=_o9fG0C2kbipiKKF)10.jpg;https://ei.phncdn.com/videos/201304/04/11050681/original/(m=eaf8GgaaaWavb)(mh=_o9fG0C2kbipiKKF)11.jpg;https://ei.phncdn.com/videos/201304/04/11050681/original/(m=eaf8GgaaaWavb)(mh=_o9fG0C2kbipiKKF)12.jpg;https://ei.phncdn.com/videos/201304/04/11050681/original/(m=eaf8GgaaaWavb)(mh=_o9fG0C2kbipiKKF)13.jpg;https://ei.phncdn.com/videos/201304/04/11050681/original/(m=eaf8GgaaaWavb)(mh=_o9fG0C2kbipiKKF)14.jpg;https://ei.phncdn.com/videos/201304/04/11050681/original/(m=eaf8GgaaaWavb)(mh=_o9fG0C2kbipiKKF)15.jpg;https://ei.phncdn.com/videos/201304/04/11050681/original/(m=eaf8GgaaaWavb)(mh=_o9fG0C2kbipiKKF)16.jpg|Take Your Time Sweetheart|pornhub.com;blonde;boots;close-up;tease;masturbation;young;booty;hairy;babe|Striptease;18-25;Euro||1365|7867|39|4|https://ei.phncdn.com/videos/201304/04/11050681/original/(m=eaAaGwObaaamqv)(mh=G9Dikm6bdWqKcxQ2)1.jpg|https://ei.phncdn.com/videos/201304/04/11050681/original/(m=eaAaGwObaaamqv)(mh=G9Dikm6bdWqKcxQ2)1.jpg;https://ei.phncdn.com/videos/201304/04/11050681/original/(m=eaAaGwObaaamqv)(mh=G9Dikm6bdWqKcxQ2)2.jpg;https://ei.phncdn.com/videos/201304/04/11050681/original/(m=eaAaGwObaaamqv)(mh=G9Dikm6bdWqKcxQ2)3.jpg;https://ei.phncdn.com/videos/201304/04/11050681/original/(m=eaAaGwObaaamqv)(mh=G9Dikm6bdWqKcxQ2)4.jpg;https://ei.phncdn.com/videos/201304/04/11050681/original/(m=eaAaGwObaaamqv)(mh=G9Dikm6bdWqKcxQ2)5.jpg;https://ei.phncdn.com/videos/201304/04/11050681/original/(m=eaAaGwObaaamqv)(mh=G9Dikm6bdWqKcxQ2)6.jpg;https://ei.phncdn.com/videos/201304/04/11050681/original/(m=eaAaGwObaaamqv)(mh=G9Dikm6bdWqKcxQ2)7.jpg;https://ei.phncdn.com/videos/201304/04/11050681/original/(m=eaAaGwObaaamqv)(mh=G9Dikm6bdWqKcxQ2)8.jpg;https://ei.phncdn.com/videos/201304/04/11050681/original/(m=eaAaGwObaaamqv)(mh=G9Dikm6bdWqKcxQ2)9.jpg;https://ei.phncdn.com/videos/201304/04/11050681/original/(m=eaAaGwObaaamqv)(mh=G9Dikm6bdWqKcxQ2)10.jpg;https://ei.phncdn.com/videos/201304/04/11050681/original/(m=eaAaGwObaaamqv)(mh=G9Dikm6bdWqKcxQ2)11.jpg;https://ei.phncdn.com/videos/201304/04/11050681/original/(m=eaAaGwObaaamqv)(mh=G9Dikm6bdWqKcxQ2)12.jpg;https://ei.phncdn.com/videos/201304/04/11050681/original/(m=eaAaGwObaaamqv)(mh=G9Dikm6bdWqKcxQ2)13.jpg;https://ei.phncdn.com/videos/201304/04/11050681/original/(m=eaAaGwObaaamqv)(mh=G9Dikm6bdWqKcxQ2)14.jpg;https://ei.phncdn.com/videos/201304/04/11050681/original/(m=eaAaGwObaaamqv)(mh=G9Dikm6bdWqKcxQ2)15.jpg;https://ei.phncdn.com/videos/201304/04/11050681/original/(m=eaAaGwObaaamqv)(mh=G9Dikm6bdWqKcxQ2)16.jpg
<iframe src="https://www.pornhub.com/embed/844703858" frameborder="0" height="481" width="608" scrolling="no"></iframe>|https://ei.phncdn.com/videos/201304/05/11051921/original/(m=eaf8GgaaaWavb)(mh=-zGBlYxYCTWIXvjJ)15.jpg|https://ei.phncdn.com/videos/201304/05/11051921/original/(m=eaf8GgaaaWavb)(mh=-zGBlYxYCTWIXvjJ)1.jpg;https://ei.phncdn.com/videos/201304/05/11051921/original/(m=eaf8GgaaaWavb)(mh=-zGBlYxYCTWIXvjJ)2.jpg;https://ei.phncdn.com/videos/201304/05/11051921/original/(m=eaf8GgaaaWavb)(mh=-zGBlYxYCTWIXvjJ)3.jpg;https://ei.phncdn.com/videos/201304/05/11051921/original/(m=eaf8GgaaaWavb)(mh=-zGBlYxYCTWIXvjJ)4.jpg;https://ei.phncdn.com/videos/201304/05/11051921/original/(m=eaf8GgaaaWavb)(mh=-zGBlYxYCTWIXvjJ)5.jpg;https://ei.phncdn.com/videos/201304/05/11051921/original/(m=eaf8GgaaaWavb)(mh=-zGBlYxYCTWIXvjJ)6.jpg;https://ei.phncdn.com/videos/201304/05/11051921/original/(m=eaf8GgaaaWavb)(mh=-zGBlYxYCTWIXvjJ)7.jpg;https://ei.phncdn.com/videos/201304/05/11051921/original/(m=eaf8GgaaaWavb)(mh=-zGBlYxYCTWIXvjJ)8.jpg;https://ei.phncdn.com/videos/201304/05/11051921/original/(m=eaf8GgaaaWavb)(mh=-zGBlYxYCTWIXvjJ)9.jpg;https://ei.phncdn.com/videos/201304/05/11051921/original/(m=eaf8GgaaaWavb)(mh=-zGBlYxYCTWIXvjJ)10.jpg;https://ei.phncdn.com/videos/201304/05/11051921/original/(m=eaf8GgaaaWavb)(mh=-zGBlYxYCTWIXvjJ)11.jpg;https://ei.phncdn.com/videos/201304/05/11051921/original/(m=eaf8GgaaaWavb)(mh=-zGBlYxYCTWIXvjJ)12.jpg;https://ei.phncdn.com/videos/201304/05/11051921/original/(m=eaf8GgaaaWavb)(mh=-zGBlYxYCTWIXvjJ)13.jpg;https://ei.phncdn.com/videos/201304/05/11051921/original/(m=eaf8GgaaaWavb)(mh=-zGBlYxYCTWIXvjJ)14.jpg;https://ei.phncdn.com/videos/201304/05/11051921/original/(m=eaf8GgaaaWavb)(mh=-zGBlYxYCTWIXvjJ)15.jpg;https://ei.phncdn.com/videos/201304/05/11051921/original/(m=eaf8GgaaaWavb)(mh=-zGBlYxYCTWIXvjJ)16.jpg|Teen Strips|pornhub.com;solo;panties;young;close-up;tease;busty;sneakers;shaved-pussy;tight-body;booty|Striptease;18-25;Euro||572|36131|129|28|https://ei.phncdn.com/videos/201304/05/11051921/original/(m=eaAaGwObaaamqv)(mh=TFYWpozAFKwPZTSb)15.jpg|https://ei.phncdn.com/videos/201304/05/11051921/original/(m=eaAaGwObaaamqv)(mh=TFYWpozAFKwPZTSb)1.jpg;https://ei.phncdn.com/videos/201304/05/11051921/original/(m=eaAaGwObaaamqv)(mh=TFYWpozAFKwPZTSb)2.jpg;https://ei.phncdn.com/videos/201304/05/11051921/original/(m=eaAaGwObaaamqv)(mh=TFYWpozAFKwPZTSb)3.jpg;https://ei.phncdn.com/videos/201304/05/11051921/original/(m=eaAaGwObaaamqv)(mh=TFYWpozAFKwPZTSb)4.jpg;https://ei.phncdn.com/videos/201304/05/11051921/original/(m=eaAaGwObaaamqv)(mh=TFYWpozAFKwPZTSb)5.jpg;https://ei.phncdn.com/videos/201304/05/11051921/original/(m=eaAaGwObaaamqv)(mh=TFYWpozAFKwPZTSb)6.jpg;https://ei.phncdn.com/videos/201304/05/11051921/original/(m=eaAaGwObaaamqv)(mh=TFYWpozAFKwPZTSb)7.jpg;https://ei.phncdn.com/videos/201304/05/11051921/original/(m=eaAaGwObaaamqv)(mh=TFYWpozAFKwPZTSb)8.jpg;https://ei.phncdn.com/videos/201304/05/11051921/original/(m=eaAaGwObaaamqv)(mh=TFYWpozAFKwPZTSb)9.jpg;https://ei.phncdn.com/videos/201304/05/11051921/original/(m=eaAaGwObaaamqv)(mh=TFYWpozAFKwPZTSb)10.jpg;https://ei.phncdn.com/videos/201304/05/11051921/original/(m=eaAaGwObaaamqv)(mh=TFYWpozAFKwPZTSb)11.jpg;https://ei.phncdn.com/videos/201304/05/11051921/original/(m=eaAaGwObaaamqv)(mh=TFYWpozAFKwPZTSb)12.jpg;https://ei.phncdn.com/videos/201304/05/11051921/original/(m=eaAaGwObaaamqv)(mh=TFYWpozAFKwPZTSb)13.jpg;https://ei.phncdn.com/videos/201304/05/11051921/original/(m=eaAaGwObaaamqv)(mh=TFYWpozAFKwPZTSb)14.jpg;https://ei.phncdn.com/videos/201304/05/11051921/original/(m=eaAaGwObaaamqv)(mh=TFYWpozAFKwPZTSb)15.jpg;https://ei.phncdn.com/videos/201304/05/11051921/original/(m=eaAaGwObaaamqv)(mh=TFYWpozAFKwPZTSb)16.jpg
<iframe src="https://www.pornhub.com/embed/439174236" frameborder="0" height="481" width="608" scrolling="no"></iframe>|https://ei.phncdn.com/videos/201304/05/11051981/original/(m=eaf8GgaaaWavb)(mh=2CjwX6UD5DXp8aUq)11.jpg|https://ei.phncdn.com/videos/201304/05/11051981/original/(m=eaf8GgaaaWavb)(mh=2CjwX6UD5DXp8aUq)1.jpg;https://ei.phncdn.com/videos/201304/05/11051981/original/(m=eaf8GgaaaWavb)(mh=2CjwX6UD5DXp8aUq)2.jpg;https://ei.phncdn.com/videos/201304/05/11051981/original/(m=eaf8GgaaaWavb)(mh=2CjwX6UD5DXp8aUq)3.jpg;https://ei.phncdn.com/videos/201304/05/11051981/original/(m=eaf8GgaaaWavb)(mh=2CjwX6UD5DXp8aUq)4.jpg;https://ei.phncdn.com/videos/201304/05/11051981/original/(m=eaf8GgaaaWavb)(mh=2CjwX6UD5DXp8aUq)5.jpg;https://ei.phncdn.com/videos/201304/05/11051981/original/(m=eaf8GgaaaWavb)(mh=2CjwX6UD5DXp8aUq)6.jpg;https://ei.phncdn.com/videos/201304/05/11051981/original/(m=eaf8GgaaaWavb)(mh=2CjwX6UD5DXp8aUq)7.jpg;https://ei.phncdn.com/videos/201304/05/11051981/original/(m=eaf8GgaaaWavb)(mh=2CjwX6UD5DXp8aUq)8.jpg;https://ei.phncdn.com/videos/201304/05/11051981/original/(m=eaf8GgaaaWavb)(mh=2CjwX6UD5DXp8aUq)9.jpg;https://ei.phncdn.com/videos/201304/05/11051981/original/(m=eaf8GgaaaWavb)(mh=2CjwX6UD5DXp8aUq)10.jpg;https://ei.phncdn.com/videos/201304/05/11051981/original/(m=eaf8GgaaaWavb)(mh=2CjwX6UD5DXp8aUq)11.jpg;https://ei.phncdn.com/videos/201304/05/11051981/original/(m=eaf8GgaaaWavb)(mh=2CjwX6UD5DXp8aUq)12.jpg;https://ei.phncdn.com/videos/201304/05/11051981/original/(m=eaf8GgaaaWavb)(mh=2CjwX6UD5DXp8aUq)13.jpg;https://ei.phncdn.com/videos/201304/05/11051981/original/(m=eaf8GgaaaWavb)(mh=2CjwX6UD5DXp8aUq)14.jpg;https://ei.phncdn.com/videos/201304/05/11051981/original/(m=eaf8GgaaaWavb)(mh=2CjwX6UD5DXp8aUq)15.jpg;https://ei.phncdn.com/videos/201304/05/11051981/original/(m=eaf8GgaaaWavb)(mh=2CjwX6UD5DXp8aUq)16.jpg|Cute Brunette Gets Naked|pornhub.com;brunette;young;panties;sneakers;solo;tease;small-tits;shaved-pussy;close-up;softcore;skinny|Striptease;18-25;Euro||599|198167|669|96|https://ei.phncdn.com/videos/201304/05/11051981/original/(m=eaAaGwObaaamqv)(mh=g4oA7IYp2f9LhyVN)11.jpg|https://ei.phncdn.com/videos/201304/05/11051981/original/(m=eaAaGwObaaamqv)(mh=g4oA7IYp2f9LhyVN)1.jpg;https://ei.phncdn.com/videos/201304/05/11051981/original/(m=eaAaGwObaaamqv)(mh=g4oA7IYp2f9LhyVN)2.jpg;https://ei.phncdn.com/videos/201304/05/11051981/original/(m=eaAaGwObaaamqv)(mh=g4oA7IYp2f9LhyVN)3.jpg;https://ei.phncdn.com/videos/201304/05/11051981/original/(m=eaAaGwObaaamqv)(mh=g4oA7IYp2f9LhyVN)4.jpg;https://ei.phncdn.com/videos/201304/05/11051981/original/(m=eaAaGwObaaamqv)(mh=g4oA7IYp2f9LhyVN)5.jpg;https://ei.phncdn.com/videos/201304/05/11051981/original/(m=eaAaGwObaaamqv)(mh=g4oA7IYp2f9LhyVN)6.jpg;https://ei.phncdn.com/videos/201304/05/11051981/original/(m=eaAaGwObaaamqv)(mh=g4oA7IYp2f9LhyVN)7.jpg;https://ei.phncdn.com/videos/201304/05/11051981/original/(m=eaAaGwObaaamqv)(mh=g4oA7IYp2f9LhyVN)8.jpg;https://ei.phncdn.com/videos/201304/05/11051981/original/(m=eaAaGwObaaamqv)(mh=g4oA7IYp2f9LhyVN)9.jpg;https://ei.phncdn.com/videos/201304/05/11051981/original/(m=eaAaGwObaaamqv)(mh=g4oA7IYp2f9LhyVN)10.jpg;https://ei.phncdn.com/videos/201304/05/11051981/original/(m=eaAaGwObaaamqv)(mh=g4oA7IYp2f9LhyVN)11.jpg;https://ei.phncdn.com/videos/201304/05/11051981/original/(m=eaAaGwObaaamqv)(mh=g4oA7IYp2f9LhyVN)12.jpg;https://ei.phncdn.com/videos/201304/05/11051981/original/(m=eaAaGwObaaamqv)(mh=g4oA7IYp2f9LhyVN)13.jpg;https://ei.phncdn.com/videos/201304/05/11051981/original/(m=eaAaGwObaaamqv)(mh=g4oA7IYp2f9LhyVN)14.jpg;https://ei.phncdn.com/videos/201304/05/11051981/original/(m=eaAaGwObaaamqv)(mh=g4oA7IYp2f9LhyVN)15.jpg;https://ei.phncdn.com/videos/201304/05/11051981/original/(m=eaAaGwObaaamqv)(mh=g4oA7IYp2f9LhyVN)16.jpg
<iframe src="https://www.pornhub.com/embed/217187837" frameborder="0" height="481" width="608" scrolling="no"></iframe>|https://ei.phncdn.com/videos/201304/05/11051991/original/(m=eaf8GgaaaWavb)(mh=FcSVepBCA1U7NmCw)6.jpg|https://ei.phncdn.com/videos/201304/05/11051991/original/(m=eaf8GgaaaWavb)(mh=FcSVepBCA1U7NmCw)1.jpg;https://ei.phncdn.com/videos/201304/05/11051991/original/(m=eaf8GgaaaWavb)(mh=FcSVepBCA1U7NmCw)2.jpg;https://ei.phncdn.com/videos/201304/05/11051991/original/(m=eaf8GgaaaWavb)(mh=FcSVepBCA1U7NmCw)3.jpg;https://ei.phncdn.com/videos/201304/05/11051991/original/(m=eaf8GgaaaWavb)(mh=FcSVepBCA1U7NmCw)4.jpg;https://ei.phncdn.com/videos/201304/05/11051991/original/(m=eaf8GgaaaWavb)(mh=FcSVepBCA1U7NmCw)5.jpg;https://ei.phncdn.com/videos/201304/05/11051991/original/(m=eaf8GgaaaWavb)(mh=FcSVepBCA1U7NmCw)6.jpg;https://ei.phncdn.com/videos/201304/05/11051991/original/(m=eaf8GgaaaWavb)(mh=FcSVepBCA1U7NmCw)7.jpg;https://ei.phncdn.com/videos/201304/05/11051991/original/(m=eaf8GgaaaWavb)(mh=FcSVepBCA1U7NmCw)8.jpg;https://ei.phncdn.com/videos/201304/05/11051991/original/(m=eaf8GgaaaWavb)(mh=FcSVepBCA1U7NmCw)9.jpg;https://ei.phncdn.com/videos/201304/05/11051991/original/(m=eaf8GgaaaWavb)(mh=FcSVepBCA1U7NmCw)10.jpg;https://ei.phncdn.com/videos/201304/05/11051991/original/(m=eaf8GgaaaWavb)(mh=FcSVepBCA1U7NmCw)11.jpg;https://ei.phncdn.com/videos/201304/05/11051991/original/(m=eaf8GgaaaWavb)(mh=FcSVepBCA1U7NmCw)12.jpg;https://ei.phncdn.com/videos/201304/05/11051991/original/(m=eaf8GgaaaWavb)(mh=FcSVepBCA1U7NmCw)13.jpg;https://ei.phncdn.com/videos/201304/05/11051991/original/(m=eaf8GgaaaWavb)(mh=FcSVepBCA1U7NmCw)14.jpg;https://ei.phncdn.com/videos/201304/05/11051991/original/(m=eaf8GgaaaWavb)(mh=FcSVepBCA1U7NmCw)15.jpg;https://ei.phncdn.com/videos/201304/05/11051991/original/(m=eaf8GgaaaWavb)(mh=FcSVepBCA1U7NmCw)16.jpg|Just A Taste|pornhub.com;blonde;panties;boots;skinny;shaved-pussy;small-breasts;solo;stockings;booty|Striptease;Euro;Small Tits||604|8610|59|3|https://ei.phncdn.com/videos/201304/05/11051991/original/(m=eaAaGwObaaamqv)(mh=J2vQ9Ng6QWMLScl2)6.jpg|https://ei.phncdn.com/videos/201304/05/11051991/original/(m=eaAaGwObaaamqv)(mh=J2vQ9Ng6QWMLScl2)1.jpg;https://ei.phncdn.com/videos/201304/05/11051991/original/(m=eaAaGwObaaamqv)(mh=J2vQ9Ng6QWMLScl2)2.jpg;https://ei.phncdn.com/videos/201304/05/11051991/original/(m=eaAaGwObaaamqv)(mh=J2vQ9Ng6QWMLScl2)3.jpg;https://ei.phncdn.com/videos/201304/05/11051991/original/(m=eaAaGwObaaamqv)(mh=J2vQ9Ng6QWMLScl2)4.jpg;https://ei.phncdn.com/videos/201304/05/11051991/original/(m=eaAaGwObaaamqv)(mh=J2vQ9Ng6QWMLScl2)5.jpg;https://ei.phncdn.com/videos/201304/05/11051991/original/(m=eaAaGwObaaamqv)(mh=J2vQ9Ng6QWMLScl2)6.jpg;https://ei.phncdn.com/videos/201304/05/11051991/original/(m=eaAaGwObaaamqv)(mh=J2vQ9Ng6QWMLScl2)7.jpg;https://ei.phncdn.com/videos/201304/05/11051991/original/(m=eaAaGwObaaamqv)(mh=J2vQ9Ng6QWMLScl2)8.jpg;https://ei.phncdn.com/videos/201304/05/11051991/original/(m=eaAaGwObaaamqv)(mh=J2vQ9Ng6QWMLScl2)9.jpg;https://ei.phncdn.com/videos/201304/05/11051991/original/(m=eaAaGwObaaamqv)(mh=J2vQ9Ng6QWMLScl2)10.jpg;https://ei.phncdn.com/videos/201304/05/11051991/original/(m=eaAaGwObaaamqv)(mh=J2vQ9Ng6QWMLScl2)11.jpg;https://ei.phncdn.com/videos/201304/05/11051991/original/(m=eaAaGwObaaamqv)(mh=J2vQ9Ng6QWMLScl2)12.jpg;https://ei.phncdn.com/videos/201304/05/11051991/original/(m=eaAaGwObaaamqv)(mh=J2vQ9Ng6QWMLScl2)13.jpg;https://ei.phncdn.com/videos/201304/05/11051991/original/(m=eaAaGwObaaamqv)(mh=J2vQ9Ng6QWMLScl2)14.jpg;https://ei.phncdn.com/videos/201304/05/11051991/original/(m=eaAaGwObaaamqv)(mh=J2vQ9Ng6QWMLScl2)15.jpg;https://ei.phncdn.com/videos/201304/05/11051991/original/(m=eaAaGwObaaamqv)(mh=J2vQ9Ng6QWMLScl2)16.jpg
<iframe src="https://www.pornhub.com/embed/458432554" frameborder="0" height="481" width="608" scrolling="no"></iframe>|https://ei.phncdn.com/videos/201304/05/11052101/original/(m=eaf8GgaaaWavb)(mh=U-LoqXb8omirfEAa)4.jpg|https://ei.phncdn.com/videos/201304/05/11052101/original/(m=eaf8GgaaaWavb)(mh=U-LoqXb8omirfEAa)1.jpg;https://ei.phncdn.com/videos/201304/05/11052101/original/(m=eaf8GgaaaWavb)(mh=U-LoqXb8omirfEAa)2.jpg;https://ei.phncdn.com/videos/201304/05/11052101/original/(m=eaf8GgaaaWavb)(mh=U-LoqXb8omirfEAa)3.jpg;https://ei.phncdn.com/videos/201304/05/11052101/original/(m=eaf8GgaaaWavb)(mh=U-LoqXb8omirfEAa)4.jpg;https://ei.phncdn.com/videos/201304/05/11052101/original/(m=eaf8GgaaaWavb)(mh=U-LoqXb8omirfEAa)5.jpg;https://ei.phncdn.com/videos/201304/05/11052101/original/(m=eaf8GgaaaWavb)(mh=U-LoqXb8omirfEAa)6.jpg;https://ei.phncdn.com/videos/201304/05/11052101/original/(m=eaf8GgaaaWavb)(mh=U-LoqXb8omirfEAa)7.jpg;https://ei.phncdn.com/videos/201304/05/11052101/original/(m=eaf8GgaaaWavb)(mh=U-LoqXb8omirfEAa)8.jpg;https://ei.phncdn.com/videos/201304/05/11052101/original/(m=eaf8GgaaaWavb)(mh=U-LoqXb8omirfEAa)9.jpg;https://ei.phncdn.com/videos/201304/05/11052101/original/(m=eaf8GgaaaWavb)(mh=U-LoqXb8omirfEAa)10.jpg;https://ei.phncdn.com/videos/201304/05/11052101/original/(m=eaf8GgaaaWavb)(mh=U-LoqXb8omirfEAa)11.jpg;https://ei.phncdn.com/videos/201304/05/11052101/original/(m=eaf8GgaaaWavb)(mh=U-LoqXb8omirfEAa)12.jpg;https://ei.phncdn.com/videos/201304/05/11052101/original/(m=eaf8GgaaaWavb)(mh=U-LoqXb8omirfEAa)13.jpg;https://ei.phncdn.com/videos/201304/05/11052101/original/(m=eaf8GgaaaWavb)(mh=U-LoqXb8omirfEAa)14.jpg;https://ei.phncdn.com/videos/201304/05/11052101/original/(m=eaf8GgaaaWavb)(mh=U-LoqXb8omirfEAa)15.jpg;https://ei.phncdn.com/videos/201304/05/11052101/original/(m=eaf8GgaaaWavb)(mh=U-LoqXb8omirfEAa)16.jpg|Tight Teen Strips And Teases|pornhub.com;solo;young;skinny;panties;blonde;tattoo;small-breasts;shaved-pussy;boots;tease;ass|Striptease;18-25;Small Tits||622|101553|359|40|https://ei.phncdn.com/videos/201304/05/11052101/original/(m=eaAaGwObaaamqv)(mh=6gVHD2zcmFxO9_6Y)4.jpg|https://ei.phncdn.com/videos/201304/05/11052101/original/(m=eaAaGwObaaamqv)(mh=6gVHD2zcmFxO9_6Y)1.jpg;https://ei.phncdn.com/videos/201304/05/11052101/original/(m=eaAaGwObaaamqv)(mh=6gVHD2zcmFxO9_6Y)2.jpg;https://ei.phncdn.com/videos/201304/05/11052101/original/(m=eaAaGwObaaamqv)(mh=6gVHD2zcmFxO9_6Y)3.jpg;https://ei.phncdn.com/videos/201304/05/11052101/original/(m=eaAaGwObaaamqv)(mh=6gVHD2zcmFxO9_6Y)4.jpg;https://ei.phncdn.com/videos/201304/05/11052101/original/(m=eaAaGwObaaamqv)(mh=6gVHD2zcmFxO9_6Y)5.jpg;https://ei.phncdn.com/videos/201304/05/11052101/original/(m=eaAaGwObaaamqv)(mh=6gVHD2zcmFxO9_6Y)6.jpg;https://ei.phncdn.com/videos/201304/05/11052101/original/(m=eaAaGwObaaamqv)(mh=6gVHD2zcmFxO9_6Y)7.jpg;https://ei.phncdn.com/videos/201304/05/11052101/original/(m=eaAaGwObaaamqv)(mh=6gVHD2zcmFxO9_6Y)8.jpg;https://ei.phncdn.com/videos/201304/05/11052101/original/(m=eaAaGwObaaamqv)(mh=6gVHD2zcmFxO9_6Y)9.jpg;https://ei.phncdn.com/videos/201304/05/11052101/original/(m=eaAaGwObaaamqv)(mh=6gVHD2zcmFxO9_6Y)10.jpg;https://ei.phncdn.com/videos/201304/05/11052101/original/(m=eaAaGwObaaamqv)(mh=6gVHD2zcmFxO9_6Y)11.jpg;https://ei.phncdn.com/videos/201304/05/11052101/original/(m=eaAaGwObaaamqv)(mh=6gVHD2zcmFxO9_6Y)12.jpg;https://ei.phncdn.com/videos/201304/05/11052101/original/(m=eaAaGwObaaamqv)(mh=6gVHD2zcmFxO9_6Y)13.jpg;https://ei.phncdn.com/videos/201304/05/11052101/original/(m=eaAaGwObaaamqv)(mh=6gVHD2zcmFxO9_6Y)14.jpg;https://ei.phncdn.com/videos/201304/05/11052101/original/(m=eaAaGwObaaamqv)(mh=6gVHD2zcmFxO9_6Y)15.jpg;https://ei.phncdn.com/videos/201304/05/11052101/original/(m=eaAaGwObaaamqv)(mh=6gVHD2zcmFxO9_6Y)16.jpg
<iframe src="https://www.pornhub.com/embed/693277887" frameborder="0" height="481" width="608" scrolling="no"></iframe>|https://ei.phncdn.com/videos/201304/05/11053761/original/(m=eaf8GgaaaWavb)(mh=AzlYCM_IfYpOYp6w)2.jpg|https://ei.phncdn.com/videos/201304/05/11053761/original/(m=eaf8GgaaaWavb)(mh=AzlYCM_IfYpOYp6w)1.jpg;https://ei.phncdn.com/videos/201304/05/11053761/original/(m=eaf8GgaaaWavb)(mh=AzlYCM_IfYpOYp6w)2.jpg;https://ei.phncdn.com/videos/201304/05/11053761/original/(m=eaf8GgaaaWavb)(mh=AzlYCM_IfYpOYp6w)3.jpg;https://ei.phncdn.com/videos/201304/05/11053761/original/(m=eaf8GgaaaWavb)(mh=AzlYCM_IfYpOYp6w)4.jpg;https://ei.phncdn.com/videos/201304/05/11053761/original/(m=eaf8GgaaaWavb)(mh=AzlYCM_IfYpOYp6w)5.jpg;https://ei.phncdn.com/videos/201304/05/11053761/original/(m=eaf8GgaaaWavb)(mh=AzlYCM_IfYpOYp6w)6.jpg;https://ei.phncdn.com/videos/201304/05/11053761/original/(m=eaf8GgaaaWavb)(mh=AzlYCM_IfYpOYp6w)7.jpg;https://ei.phncdn.com/videos/201304/05/11053761/original/(m=eaf8GgaaaWavb)(mh=AzlYCM_IfYpOYp6w)8.jpg;https://ei.phncdn.com/videos/201304/05/11053761/original/(m=eaf8GgaaaWavb)(mh=AzlYCM_IfYpOYp6w)9.jpg;https://ei.phncdn.com/videos/201304/05/11053761/original/(m=eaf8GgaaaWavb)(mh=AzlYCM_IfYpOYp6w)10.jpg;https://ei.phncdn.com/videos/201304/05/11053761/original/(m=eaf8GgaaaWavb)(mh=AzlYCM_IfYpOYp6w)11.jpg;https://ei.phncdn.com/videos/201304/05/11053761/original/(m=eaf8GgaaaWavb)(mh=AzlYCM_IfYpOYp6w)12.jpg;https://ei.phncdn.com/videos/201304/05/11053761/original/(m=eaf8GgaaaWavb)(mh=AzlYCM_IfYpOYp6w)13.jpg;https://ei.phncdn.com/videos/201304/05/11053761/original/(m=eaf8GgaaaWavb)(mh=AzlYCM_IfYpOYp6w)14.jpg;https://ei.phncdn.com/videos/201304/05/11053761/original/(m=eaf8GgaaaWavb)(mh=AzlYCM_IfYpOYp6w)15.jpg;https://ei.phncdn.com/videos/201304/05/11053761/original/(m=eaf8GgaaaWavb)(mh=AzlYCM_IfYpOYp6w)16.jpg|Hot Teen Strips And Teases|pornhub.com;bikini;skinny;young;solo;up-skirt;perky-tits;bald-pussy;sneakers;panties|Striptease;18-25;Euro||606|147651|486|86|https://ei.phncdn.com/videos/201304/05/11053761/original/(m=eaAaGwObaaamqv)(mh=-6MasM7jaddMSsld)2.jpg|https://ei.phncdn.com/videos/201304/05/11053761/original/(m=eaAaGwObaaamqv)(mh=-6MasM7jaddMSsld)1.jpg;https://ei.phncdn.com/videos/201304/05/11053761/original/(m=eaAaGwObaaamqv)(mh=-6MasM7jaddMSsld)2.jpg;https://ei.phncdn.com/videos/201304/05/11053761/original/(m=eaAaGwObaaamqv)(mh=-6MasM7jaddMSsld)3.jpg;https://ei.phncdn.com/videos/201304/05/11053761/original/(m=eaAaGwObaaamqv)(mh=-6MasM7jaddMSsld)4.jpg;https://ei.phncdn.com/videos/201304/05/11053761/original/(m=eaAaGwObaaamqv)(mh=-6MasM7jaddMSsld)5.jpg;https://ei.phncdn.com/videos/201304/05/11053761/original/(m=eaAaGwObaaamqv)(mh=-6MasM7jaddMSsld)6.jpg;https://ei.phncdn.com/videos/201304/05/11053761/original/(m=eaAaGwObaaamqv)(mh=-6MasM7jaddMSsld)7.jpg;https://ei.phncdn.com/videos/201304/05/11053761/original/(m=eaAaGwObaaamqv)(mh=-6MasM7jaddMSsld)8.jpg;https://ei.phncdn.com/videos/201304/05/11053761/original/(m=eaAaGwObaaamqv)(mh=-6MasM7jaddMSsld)9.jpg;https://ei.phncdn.com/videos/201304/05/11053761/original/(m=eaAaGwObaaamqv)(mh=-6MasM7jaddMSsld)10.jpg;https://ei.phncdn.com/videos/201304/05/11053761/original/(m=eaAaGwObaaamqv)(mh=-6MasM7jaddMSsld)11.jpg;https://ei.phncdn.com/videos/201304/05/11053761/original/(m=eaAaGwObaaamqv)(mh=-6MasM7jaddMSsld)12.jpg;https://ei.phncdn.com/videos/201304/05/11053761/original/(m=eaAaGwObaaamqv)(mh=-6MasM7jaddMSsld)13.jpg;https://ei.phncdn.com/videos/201304/05/11053761/original/(m=eaAaGwObaaamqv)(mh=-6MasM7jaddMSsld)14.jpg;https://ei.phncdn.com/videos/201304/05/11053761/original/(m=eaAaGwObaaamqv)(mh=-6MasM7jaddMSsld)15.jpg;https://ei.phncdn.com/videos/201304/05/11053761/original/(m=eaAaGwObaaamqv)(mh=-6MasM7jaddMSsld)16.jpg
<iframe src="https://www.pornhub.com/embed/1312255978" frameborder="0" height="481" width="608" scrolling="no"></iframe>|https://ei.phncdn.com/videos/201304/22/11459701/original/(m=eaf8GgaaaWavb)(mh=etWT-KMwUVa_gYbF)1.jpg|https://ei.phncdn.com/videos/201304/22/11459701/original/(m=eaf8GgaaaWavb)(mh=etWT-KMwUVa_gYbF)1.jpg;https://ei.phncdn.com/videos/201304/22/11459701/original/(m=eaf8GgaaaWavb)(mh=etWT-KMwUVa_gYbF)2.jpg;https://ei.phncdn.com/videos/201304/22/11459701/original/(m=eaf8GgaaaWavb)(mh=etWT-KMwUVa_gYbF)3.jpg;https://ei.phncdn.com/videos/201304/22/11459701/original/(m=eaf8GgaaaWavb)(mh=etWT-KMwUVa_gYbF)4.jpg;https://ei.phncdn.com/videos/201304/22/11459701/original/(m=eaf8GgaaaWavb)(mh=etWT-KMwUVa_gYbF)5.jpg;https://ei.phncdn.com/videos/201304/22/11459701/original/(m=eaf8GgaaaWavb)(mh=etWT-KMwUVa_gYbF)6.jpg;https://ei.phncdn.com/videos/201304/22/11459701/original/(m=eaf8GgaaaWavb)(mh=etWT-KMwUVa_gYbF)7.jpg;https://ei.phncdn.com/videos/201304/22/11459701/original/(m=eaf8GgaaaWavb)(mh=etWT-KMwUVa_gYbF)8.jpg;https://ei.phncdn.com/videos/201304/22/11459701/original/(m=eaf8GgaaaWavb)(mh=etWT-KMwUVa_gYbF)9.jpg;https://ei.phncdn.com/videos/201304/22/11459701/original/(m=eaf8GgaaaWavb)(mh=etWT-KMwUVa_gYbF)10.jpg;https://ei.phncdn.com/videos/201304/22/11459701/original/(m=eaf8GgaaaWavb)(mh=etWT-KMwUVa_gYbF)11.jpg;https://ei.phncdn.com/videos/201304/22/11459701/original/(m=eaf8GgaaaWavb)(mh=etWT-KMwUVa_gYbF)12.jpg;https://ei.phncdn.com/videos/201304/22/11459701/original/(m=eaf8GgaaaWavb)(mh=etWT-KMwUVa_gYbF)13.jpg;https://ei.phncdn.com/videos/201304/22/11459701/original/(m=eaf8GgaaaWavb)(mh=etWT-KMwUVa_gYbF)14.jpg;https://ei.phncdn.com/videos/201304/22/11459701/original/(m=eaf8GgaaaWavb)(mh=etWT-KMwUVa_gYbF)15.jpg;https://ei.phncdn.com/videos/201304/22/11459701/original/(m=eaf8GgaaaWavb)(mh=etWT-KMwUVa_gYbF)16.jpg|Hot red head strips while smoking|homemade;strip;teasing;amateur;real;tease;lingerie;teenager;tight;18|Striptease;18-25;Smoking||541|47005|108|42|https://ei.phncdn.com/videos/201304/22/11459701/original/(m=eaAaGwObaaamqv)(mh=I3fEjYg1dEkRfa0N)1.jpg|https://ei.phncdn.com/videos/201304/22/11459701/original/(m=eaAaGwObaaamqv)(mh=I3fEjYg1dEkRfa0N)1.jpg;https://ei.phncdn.com/videos/201304/22/11459701/original/(m=eaAaGwObaaamqv)(mh=I3fEjYg1dEkRfa0N)2.jpg;https://ei.phncdn.com/videos/201304/22/11459701/original/(m=eaAaGwObaaamqv)(mh=I3fEjYg1dEkRfa0N)3.jpg;https://ei.phncdn.com/videos/201304/22/11459701/original/(m=eaAaGwObaaamqv)(mh=I3fEjYg1dEkRfa0N)4.jpg;https://ei.phncdn.com/videos/201304/22/11459701/original/(m=eaAaGwObaaamqv)(mh=I3fEjYg1dEkRfa0N)5.jpg;https://ei.phncdn.com/videos/201304/22/11459701/original/(m=eaAaGwObaaamqv)(mh=I3fEjYg1dEkRfa0N)6.jpg;https://ei.phncdn.com/videos/201304/22/11459701/original/(m=eaAaGwObaaamqv)(mh=I3fEjYg1dEkRfa0N)7.jpg;https://ei.phncdn.com/videos/201304/22/11459701/original/(m=eaAaGwObaaamqv)(mh=I3fEjYg1dEkRfa0N)8.jpg;https://ei.phncdn.com/videos/201304/22/11459701/original/(m=eaAaGwObaaamqv)(mh=I3fEjYg1dEkRfa0N)9.jpg;https://ei.phncdn.com/videos/201304/22/11459701/original/(m=eaAaGwObaaamqv)(mh=I3fEjYg1dEkRfa0N)10.jpg;https://ei.phncdn.com/videos/201304/22/11459701/original/(m=eaAaGwObaaamqv)(mh=I3fEjYg1dEkRfa0N)11.jpg;https://ei.phncdn.com/videos/201304/22/11459701/original/(m=eaAaGwObaaamqv)(mh=I3fEjYg1dEkRfa0N)12.jpg;https://ei.phncdn.com/videos/201304/22/11459701/original/(m=eaAaGwObaaamqv)(mh=I3fEjYg1dEkRfa0N)13.jpg;https://ei.phncdn.com/videos/201304/22/11459701/original/(m=eaAaGwObaaamqv)(mh=I3fEjYg1dEkRfa0N)14.jpg;https://ei.phncdn.com/videos/201304/22/11459701/original/(m=eaAaGwObaaamqv)(mh=I3fEjYg1dEkRfa0N)15.jpg;https://ei.phncdn.com/videos/201304/22/11459701/original/(m=eaAaGwObaaamqv)(mh=I3fEjYg1dEkRfa0N)16.jpg
<iframe src="https://www.pornhub.com/embed/1361404087" frameborder="0" height="481" width="608" scrolling="no"></iframe>|https://ei.phncdn.com/videos/201308/08/15877411/original/(m=eaf8GgaaaWavb)(mh=-Q9z7pjiDMXStdnR)12.jpg|https://ei.phncdn.com/videos/201308/08/15877411/original/(m=eaf8GgaaaWavb)(mh=-Q9z7pjiDMXStdnR)1.jpg;https://ei.phncdn.com/videos/201308/08/15877411/original/(m=eaf8GgaaaWavb)(mh=-Q9z7pjiDMXStdnR)2.jpg;https://ei.phncdn.com/videos/201308/08/15877411/original/(m=eaf8GgaaaWavb)(mh=-Q9z7pjiDMXStdnR)3.jpg;https://ei.phncdn.com/videos/201308/08/15877411/original/(m=eaf8GgaaaWavb)(mh=-Q9z7pjiDMXStdnR)4.jpg;https://ei.phncdn.com/videos/201308/08/15877411/original/(m=eaf8GgaaaWavb)(mh=-Q9z7pjiDMXStdnR)5.jpg;https://ei.phncdn.com/videos/201308/08/15877411/original/(m=eaf8GgaaaWavb)(mh=-Q9z7pjiDMXStdnR)6.jpg;https://ei.phncdn.com/videos/201308/08/15877411/original/(m=eaf8GgaaaWavb)(mh=-Q9z7pjiDMXStdnR)7.jpg;https://ei.phncdn.com/videos/201308/08/15877411/original/(m=eaf8GgaaaWavb)(mh=-Q9z7pjiDMXStdnR)8.jpg;https://ei.phncdn.com/videos/201308/08/15877411/original/(m=eaf8GgaaaWavb)(mh=-Q9z7pjiDMXStdnR)9.jpg;https://ei.phncdn.com/videos/201308/08/15877411/original/(m=eaf8GgaaaWavb)(mh=-Q9z7pjiDMXStdnR)10.jpg;https://ei.phncdn.com/videos/201308/08/15877411/original/(m=eaf8GgaaaWavb)(mh=-Q9z7pjiDMXStdnR)11.jpg;https://ei.phncdn.com/videos/201308/08/15877411/original/(m=eaf8GgaaaWavb)(mh=-Q9z7pjiDMXStdnR)12.jpg;https://ei.phncdn.com/videos/201308/08/15877411/original/(m=eaf8GgaaaWavb)(mh=-Q9z7pjiDMXStdnR)13.jpg;https://ei.phncdn.com/videos/201308/08/15877411/original/(m=eaf8GgaaaWavb)(mh=-Q9z7pjiDMXStdnR)14.jpg;https://ei.phncdn.com/videos/201308/08/15877411/original/(m=eaf8GgaaaWavb)(mh=-Q9z7pjiDMXStdnR)15.jpg;https://ei.phncdn.com/videos/201308/08/15877411/original/(m=eaf8GgaaaWavb)(mh=-Q9z7pjiDMXStdnR)16.jpg|Big booty yoga girl loves being fucked from behind|mofos;letstryanal;ass;booty;big-butt;pov;amateur;striptease;yoga;pants;spanking;anal;ass-fucking;fingering;blowjob;ass-fuck|Striptease;Anal;POV||699|636043|780|261|https://ei.phncdn.com/videos/201308/08/15877411/original/(m=eaAaGwObaaamqv)(mh=Rp9ZnipxO__SU--2)12.jpg|https://ei.phncdn.com/videos/201308/08/15877411/original/(m=eaAaGwObaaamqv)(mh=Rp9ZnipxO__SU--2)1.jpg;https://ei.phncdn.com/videos/201308/08/15877411/original/(m=eaAaGwObaaamqv)(mh=Rp9ZnipxO__SU--2)2.jpg;https://ei.phncdn.com/videos/201308/08/15877411/original/(m=eaAaGwObaaamqv)(mh=Rp9ZnipxO__SU--2)3.jpg;https://ei.phncdn.com/videos/201308/08/15877411/original/(m=eaAaGwObaaamqv)(mh=Rp9ZnipxO__SU--2)4.jpg;https://ei.phncdn.com/videos/201308/08/15877411/original/(m=eaAaGwObaaamqv)(mh=Rp9ZnipxO__SU--2)5.jpg;https://ei.phncdn.com/videos/201308/08/15877411/original/(m=eaAaGwObaaamqv)(mh=Rp9ZnipxO__SU--2)6.jpg;https://ei.phncdn.com/videos/201308/08/15877411/original/(m=eaAaGwObaaamqv)(mh=Rp9ZnipxO__SU--2)7.jpg;https://ei.phncdn.com/videos/201308/08/15877411/original/(m=eaAaGwObaaamqv)(mh=Rp9ZnipxO__SU--2)8.jpg;https://ei.phncdn.com/videos/201308/08/15877411/original/(m=eaAaGwObaaamqv)(mh=Rp9ZnipxO__SU--2)9.jpg;https://ei.phncdn.com/videos/201308/08/15877411/original/(m=eaAaGwObaaamqv)(mh=Rp9ZnipxO__SU--2)10.jpg;https://ei.phncdn.com/videos/201308/08/15877411/original/(m=eaAaGwObaaamqv)(mh=Rp9ZnipxO__SU--2)11.jpg;https://ei.phncdn.com/videos/201308/08/15877411/original/(m=eaAaGwObaaamqv)(mh=Rp9ZnipxO__SU--2)12.jpg;https://ei.phncdn.com/videos/201308/08/15877411/original/(m=eaAaGwObaaamqv)(mh=Rp9ZnipxO__SU--2)13.jpg;https://ei.phncdn.com/videos/201308/08/15877411/original/(m=eaAaGwObaaamqv)(mh=Rp9ZnipxO__SU--2)14.jpg;https://ei.phncdn.com/videos/201308/08/15877411/original/(m=eaAaGwObaaamqv)(mh=Rp9ZnipxO__SU--2)15.jpg;https://ei.phncdn.com/videos/201308/08/15877411/original/(m=eaAaGwObaaamqv)(mh=Rp9ZnipxO__SU--2)16.jpg
<iframe src="https://www.pornhub.com/embed/2018085596" frameborder="0" height="481" width="608" scrolling="no"></iframe>|https://ei.phncdn.com/videos/201308/09/15936901/original/(m=eaf8GgaaaWavb)(mh=BduJytrt2mg_yobe)2.jpg|https://ei.phncdn.com/videos/201308/09/15936901/original/(m=eaf8GgaaaWavb)(mh=BduJytrt2mg_yobe)1.jpg;https://ei.phncdn.com/videos/201308/09/15936901/original/(m=eaf8GgaaaWavb)(mh=BduJytrt2mg_yobe)2.jpg;https://ei.phncdn.com/videos/201308/09/15936901/original/(m=eaf8GgaaaWavb)(mh=BduJytrt2mg_yobe)3.jpg;https://ei.phncdn.com/videos/201308/09/15936901/original/(m=eaf8GgaaaWavb)(mh=BduJytrt2mg_yobe)4.jpg;https://ei.phncdn.com/videos/201308/09/15936901/original/(m=eaf8GgaaaWavb)(mh=BduJytrt2mg_yobe)5.jpg;https://ei.phncdn.com/videos/201308/09/15936901/original/(m=eaf8GgaaaWavb)(mh=BduJytrt2mg_yobe)6.jpg;https://ei.phncdn.com/videos/201308/09/15936901/original/(m=eaf8GgaaaWavb)(mh=BduJytrt2mg_yobe)7.jpg;https://ei.phncdn.com/videos/201308/09/15936901/original/(m=eaf8GgaaaWavb)(mh=BduJytrt2mg_yobe)8.jpg;https://ei.phncdn.com/videos/201308/09/15936901/original/(m=eaf8GgaaaWavb)(mh=BduJytrt2mg_yobe)9.jpg;https://ei.phncdn.com/videos/201308/09/15936901/original/(m=eaf8GgaaaWavb)(mh=BduJytrt2mg_yobe)10.jpg;https://ei.phncdn.com/videos/201308/09/15936901/original/(m=eaf8GgaaaWavb)(mh=BduJytrt2mg_yobe)11.jpg;https://ei.phncdn.com/videos/201308/09/15936901/original/(m=eaf8GgaaaWavb)(mh=BduJytrt2mg_yobe)12.jpg;https://ei.phncdn.com/videos/201308/09/15936901/original/(m=eaf8GgaaaWavb)(mh=BduJytrt2mg_yobe)13.jpg;https://ei.phncdn.com/videos/201308/09/15936901/original/(m=eaf8GgaaaWavb)(mh=BduJytrt2mg_yobe)14.jpg;https://ei.phncdn.com/videos/201308/09/15936901/original/(m=eaf8GgaaaWavb)(mh=BduJytrt2mg_yobe)15.jpg;https://ei.phncdn.com/videos/201308/09/15936901/original/(m=eaf8GgaaaWavb)(mh=BduJytrt2mg_yobe)16.jpg|Softcore Nudes 529 1960's - Scene 3|pornhub.com;60s;small-tits;skinny;young;hairy;bubble-butt;nude-modeling;heels|Striptease;18-25;Vintage||605|16053|38|8|https://ei.phncdn.com/videos/201308/09/15936901/original/(m=eaAaGwObaaamqv)(mh=baio44k1gZRvlXfZ)2.jpg|https://ei.phncdn.com/videos/201308/09/15936901/original/(m=eaAaGwObaaamqv)(mh=baio44k1gZRvlXfZ)1.jpg;https://ei.phncdn.com/videos/201308/09/15936901/original/(m=eaAaGwObaaamqv)(mh=baio44k1gZRvlXfZ)2.jpg;https://ei.phncdn.com/videos/201308/09/15936901/original/(m=eaAaGwObaaamqv)(mh=baio44k1gZRvlXfZ)3.jpg;https://ei.phncdn.com/videos/201308/09/15936901/original/(m=eaAaGwObaaamqv)(mh=baio44k1gZRvlXfZ)4.jpg;https://ei.phncdn.com/videos/201308/09/15936901/original/(m=eaAaGwObaaamqv)(mh=baio44k1gZRvlXfZ)5.jpg;https://ei.phncdn.com/videos/201308/09/15936901/original/(m=eaAaGwObaaamqv)(mh=baio44k1gZRvlXfZ)6.jpg;https://ei.phncdn.com/videos/201308/09/15936901/original/(m=eaAaGwObaaamqv)(mh=baio44k1gZRvlXfZ)7.jpg;https://ei.phncdn.com/videos/201308/09/15936901/original/(m=eaAaGwObaaamqv)(mh=baio44k1gZRvlXfZ)8.jpg;https://ei.phncdn.com/videos/201308/09/15936901/original/(m=eaAaGwObaaamqv)(mh=baio44k1gZRvlXfZ)9.jpg;https://ei.phncdn.com/videos/201308/09/15936901/original/(m=eaAaGwObaaamqv)(mh=baio44k1gZRvlXfZ)10.jpg;https://ei.phncdn.com/videos/201308/09/15936901/original/(m=eaAaGwObaaamqv)(mh=baio44k1gZRvlXfZ)11.jpg;https://ei.phncdn.com/videos/201308/09/15936901/original/(m=eaAaGwObaaamqv)(mh=baio44k1gZRvlXfZ)12.jpg;https://ei.phncdn.com/videos/201308/09/15936901/original/(m=eaAaGwObaaamqv)(mh=baio44k1gZRvlXfZ)13.jpg;https://ei.phncdn.com/videos/201308/09/15936901/original/(m=eaAaGwObaaamqv)(mh=baio44k1gZRvlXfZ)14.jpg;https://ei.phncdn.com/videos/201308/09/15936901/original/(m=eaAaGwObaaamqv)(mh=baio44k1gZRvlXfZ)15.jpg;https://ei.phncdn.com/videos/201308/09/15936901/original/(m=eaAaGwObaaamqv)(mh=baio44k1gZRvlXfZ)16.jpg
<iframe src="https://www.pornhub.com/embed/577112039" frameborder="0" height="481" width="608" scrolling="no"></iframe>|https://ei.phncdn.com/videos/201308/10/15939041/original/(m=eaf8GgaaaWavb)(mh=zc9e4rHxQBktMsi4)13.jpg|https://ei.phncdn.com/videos/201308/10/15939041/original/(m=eaf8GgaaaWavb)(mh=zc9e4rHxQBktMsi4)1.jpg;https://ei.phncdn.com/videos/201308/10/15939041/original/(m=eaf8GgaaaWavb)(mh=zc9e4rHxQBktMsi4)2.jpg;https://ei.phncdn.com/videos/201308/10/15939041/original/(m=eaf8GgaaaWavb)(mh=zc9e4rHxQBktMsi4)3.jpg;https://ei.phncdn.com/videos/201308/10/15939041/original/(m=eaf8GgaaaWavb)(mh=zc9e4rHxQBktMsi4)4.jpg;https://ei.phncdn.com/videos/201308/10/15939041/original/(m=eaf8GgaaaWavb)(mh=zc9e4rHxQBktMsi4)5.jpg;https://ei.phncdn.com/videos/201308/10/15939041/original/(m=eaf8GgaaaWavb)(mh=zc9e4rHxQBktMsi4)6.jpg;https://ei.phncdn.com/videos/201308/10/15939041/original/(m=eaf8GgaaaWavb)(mh=zc9e4rHxQBktMsi4)7.jpg;https://ei.phncdn.com/videos/201308/10/15939041/original/(m=eaf8GgaaaWavb)(mh=zc9e4rHxQBktMsi4)8.jpg;https://ei.phncdn.com/videos/201308/10/15939041/original/(m=eaf8GgaaaWavb)(mh=zc9e4rHxQBktMsi4)9.jpg;https://ei.phncdn.com/videos/201308/10/15939041/original/(m=eaf8GgaaaWavb)(mh=zc9e4rHxQBktMsi4)10.jpg;https://ei.phncdn.com/videos/201308/10/15939041/original/(m=eaf8GgaaaWavb)(mh=zc9e4rHxQBktMsi4)11.jpg;https://ei.phncdn.com/videos/201308/10/15939041/original/(m=eaf8GgaaaWavb)(mh=zc9e4rHxQBktMsi4)12.jpg;https://ei.phncdn.com/videos/201308/10/15939041/original/(m=eaf8GgaaaWavb)(mh=zc9e4rHxQBktMsi4)13.jpg;https://ei.phncdn.com/videos/201308/10/15939041/original/(m=eaf8GgaaaWavb)(mh=zc9e4rHxQBktMsi4)14.jpg;https://ei.phncdn.com/videos/201308/10/15939041/original/(m=eaf8GgaaaWavb)(mh=zc9e4rHxQBktMsi4)15.jpg;https://ei.phncdn.com/videos/201308/10/15939041/original/(m=eaf8GgaaaWavb)(mh=zc9e4rHxQBktMsi4)16.jpg|Softcore Nudes 531 1960's - Scene 7|pornhub.com;brunette;stripping;hairy;skinny;small-tits;young;huge-tits;big-tits;solo;60s|Striptease;18-25;Vintage||1235|3652|13|3|https://ei.phncdn.com/videos/201308/10/15939041/original/(m=eaAaGwObaaamqv)(mh=ZFsVcqAOrsl_Y85P)13.jpg|https://ei.phncdn.com/videos/201308/10/15939041/original/(m=eaAaGwObaaamqv)(mh=ZFsVcqAOrsl_Y85P)1.jpg;https://ei.phncdn.com/videos/201308/10/15939041/original/(m=eaAaGwObaaamqv)(mh=ZFsVcqAOrsl_Y85P)2.jpg;https://ei.phncdn.com/videos/201308/10/15939041/original/(m=eaAaGwObaaamqv)(mh=ZFsVcqAOrsl_Y85P)3.jpg;https://ei.phncdn.com/videos/201308/10/15939041/original/(m=eaAaGwObaaamqv)(mh=ZFsVcqAOrsl_Y85P)4.jpg;https://ei.phncdn.com/videos/201308/10/15939041/original/(m=eaAaGwObaaamqv)(mh=ZFsVcqAOrsl_Y85P)5.jpg;https://ei.phncdn.com/videos/201308/10/15939041/original/(m=eaAaGwObaaamqv)(mh=ZFsVcqAOrsl_Y85P)6.jpg;https://ei.phncdn.com/videos/201308/10/15939041/original/(m=eaAaGwObaaamqv)(mh=ZFsVcqAOrsl_Y85P)7.jpg;https://ei.phncdn.com/videos/201308/10/15939041/original/(m=eaAaGwObaaamqv)(mh=ZFsVcqAOrsl_Y85P)8.jpg;https://ei.phncdn.com/videos/201308/10/15939041/original/(m=eaAaGwObaaamqv)(mh=ZFsVcqAOrsl_Y85P)9.jpg;https://ei.phncdn.com/videos/201308/10/15939041/original/(m=eaAaGwObaaamqv)(mh=ZFsVcqAOrsl_Y85P)10.jpg;https://ei.phncdn.com/videos/201308/10/15939041/original/(m=eaAaGwObaaamqv)(mh=ZFsVcqAOrsl_Y85P)11.jpg;https://ei.phncdn.com/videos/201308/10/15939041/original/(m=eaAaGwObaaamqv)(mh=ZFsVcqAOrsl_Y85P)12.jpg;https://ei.phncdn.com/videos/201308/10/15939041/original/(m=eaAaGwObaaamqv)(mh=ZFsVcqAOrsl_Y85P)13.jpg;https://ei.phncdn.com/videos/201308/10/15939041/original/(m=eaAaGwObaaamqv)(mh=ZFsVcqAOrsl_Y85P)14.jpg;https://ei.phncdn.com/videos/201308/10/15939041/original/(m=eaAaGwObaaamqv)(mh=ZFsVcqAOrsl_Y85P)15.jpg;https://ei.phncdn.com/videos/201308/10/15939041/original/(m=eaAaGwObaaamqv)(mh=ZFsVcqAOrsl_Y85P)16.jpg
<iframe src="https://www.pornhub.com/embed/1520277763" frameborder="0" height="481" width="608" scrolling="no"></iframe>|https://ei.phncdn.com/videos/201308/10/15939121/original/(m=eaf8GgaaaWavb)(mh=5Kg8iPaUYxD3SGg4)1.jpg|https://ei.phncdn.com/videos/201308/10/15939121/original/(m=eaf8GgaaaWavb)(mh=5Kg8iPaUYxD3SGg4)1.jpg;https://ei.phncdn.com/videos/201308/10/15939121/original/(m=eaf8GgaaaWavb)(mh=5Kg8iPaUYxD3SGg4)2.jpg;https://ei.phncdn.com/videos/201308/10/15939121/original/(m=eaf8GgaaaWavb)(mh=5Kg8iPaUYxD3SGg4)3.jpg;https://ei.phncdn.com/videos/201308/10/15939121/original/(m=eaf8GgaaaWavb)(mh=5Kg8iPaUYxD3SGg4)4.jpg;https://ei.phncdn.com/videos/201308/10/15939121/original/(m=eaf8GgaaaWavb)(mh=5Kg8iPaUYxD3SGg4)5.jpg;https://ei.phncdn.com/videos/201308/10/15939121/original/(m=eaf8GgaaaWavb)(mh=5Kg8iPaUYxD3SGg4)6.jpg;https://ei.phncdn.com/videos/201308/10/15939121/original/(m=eaf8GgaaaWavb)(mh=5Kg8iPaUYxD3SGg4)7.jpg;https://ei.phncdn.com/videos/201308/10/15939121/original/(m=eaf8GgaaaWavb)(mh=5Kg8iPaUYxD3SGg4)8.jpg;https://ei.phncdn.com/videos/201308/10/15939121/original/(m=eaf8GgaaaWavb)(mh=5Kg8iPaUYxD3SGg4)9.jpg;https://ei.phncdn.com/videos/201308/10/15939121/original/(m=eaf8GgaaaWavb)(mh=5Kg8iPaUYxD3SGg4)10.jpg;https://ei.phncdn.com/videos/201308/10/15939121/original/(m=eaf8GgaaaWavb)(mh=5Kg8iPaUYxD3SGg4)11.jpg;https://ei.phncdn.com/videos/201308/10/15939121/original/(m=eaf8GgaaaWavb)(mh=5Kg8iPaUYxD3SGg4)12.jpg;https://ei.phncdn.com/videos/201308/10/15939121/original/(m=eaf8GgaaaWavb)(mh=5Kg8iPaUYxD3SGg4)13.jpg;https://ei.phncdn.com/videos/201308/10/15939121/original/(m=eaf8GgaaaWavb)(mh=5Kg8iPaUYxD3SGg4)14.jpg;https://ei.phncdn.com/videos/201308/10/15939121/original/(m=eaf8GgaaaWavb)(mh=5Kg8iPaUYxD3SGg4)15.jpg;https://ei.phncdn.com/videos/201308/10/15939121/original/(m=eaf8GgaaaWavb)(mh=5Kg8iPaUYxD3SGg4)16.jpg|Softcore Nudes 540 50's and 60's - Scene 5|pornhub.com;big-tits;young;black-and-white;brunette;hairy;50s;60s;skinny;natural-tits|Striptease;18-25;Vintage||715|11138|27|5|https://ei.phncdn.com/videos/201308/10/15939121/original/(m=eaAaGwObaaamqv)(mh=3CWCSYqv-oo-9p-J)1.jpg|https://ei.phncdn.com/videos/201308/10/15939121/original/(m=eaAaGwObaaamqv)(mh=3CWCSYqv-oo-9p-J)1.jpg;https://ei.phncdn.com/videos/201308/10/15939121/original/(m=eaAaGwObaaamqv)(mh=3CWCSYqv-oo-9p-J)2.jpg;https://ei.phncdn.com/videos/201308/10/15939121/original/(m=eaAaGwObaaamqv)(mh=3CWCSYqv-oo-9p-J)3.jpg;https://ei.phncdn.com/videos/201308/10/15939121/original/(m=eaAaGwObaaamqv)(mh=3CWCSYqv-oo-9p-J)4.jpg;https://ei.phncdn.com/videos/201308/10/15939121/original/(m=eaAaGwObaaamqv)(mh=3CWCSYqv-oo-9p-J)5.jpg;https://ei.phncdn.com/videos/201308/10/15939121/original/(m=eaAaGwObaaamqv)(mh=3CWCSYqv-oo-9p-J)6.jpg;https://ei.phncdn.com/videos/201308/10/15939121/original/(m=eaAaGwObaaamqv)(mh=3CWCSYqv-oo-9p-J)7.jpg;https://ei.phncdn.com/videos/201308/10/15939121/original/(m=eaAaGwObaaamqv)(mh=3CWCSYqv-oo-9p-J)8.jpg;https://ei.phncdn.com/videos/201308/10/15939121/original/(m=eaAaGwObaaamqv)(mh=3CWCSYqv-oo-9p-J)9.jpg;https://ei.phncdn.com/videos/201308/10/15939121/original/(m=eaAaGwObaaamqv)(mh=3CWCSYqv-oo-9p-J)10.jpg;https://ei.phncdn.com/videos/201308/10/15939121/original/(m=eaAaGwObaaamqv)(mh=3CWCSYqv-oo-9p-J)11.jpg;https://ei.phncdn.com/videos/201308/10/15939121/original/(m=eaAaGwObaaamqv)(mh=3CWCSYqv-oo-9p-J)12.jpg;https://ei.phncdn.com/videos/201308/10/15939121/original/(m=eaAaGwObaaamqv)(mh=3CWCSYqv-oo-9p-J)13.jpg;https://ei.phncdn.com/videos/201308/10/15939121/original/(m=eaAaGwObaaamqv)(mh=3CWCSYqv-oo-9p-J)14.jpg;https://ei.phncdn.com/videos/201308/10/15939121/original/(m=eaAaGwObaaamqv)(mh=3CWCSYqv-oo-9p-J)15.jpg;https://ei.phncdn.com/videos/201308/10/15939121/original/(m=eaAaGwObaaamqv)(mh=3CWCSYqv-oo-9p-J)16.jpg
<iframe src="https://www.pornhub.com/embed/15137613" frameborder="0" height="481" width="608" scrolling="no"></iframe>|https://ei.phncdn.com/videos/201308/10/15939141/original/(m=eaf8GgaaaWavb)(mh=kgRsI7LLbJMaJZP8)4.jpg|https://ei.phncdn.com/videos/201308/10/15939141/original/(m=eaf8GgaaaWavb)(mh=kgRsI7LLbJMaJZP8)1.jpg;https://ei.phncdn.com/videos/201308/10/15939141/original/(m=eaf8GgaaaWavb)(mh=kgRsI7LLbJMaJZP8)2.jpg;https://ei.phncdn.com/videos/201308/10/15939141/original/(m=eaf8GgaaaWavb)(mh=kgRsI7LLbJMaJZP8)3.jpg;https://ei.phncdn.com/videos/201308/10/15939141/original/(m=eaf8GgaaaWavb)(mh=kgRsI7LLbJMaJZP8)4.jpg;https://ei.phncdn.com/videos/201308/10/15939141/original/(m=eaf8GgaaaWavb)(mh=kgRsI7LLbJMaJZP8)5.jpg;https://ei.phncdn.com/videos/201308/10/15939141/original/(m=eaf8GgaaaWavb)(mh=kgRsI7LLbJMaJZP8)6.jpg;https://ei.phncdn.com/videos/201308/10/15939141/original/(m=eaf8GgaaaWavb)(mh=kgRsI7LLbJMaJZP8)7.jpg;https://ei.phncdn.com/videos/201308/10/15939141/original/(m=eaf8GgaaaWavb)(mh=kgRsI7LLbJMaJZP8)8.jpg;https://ei.phncdn.com/videos/201308/10/15939141/original/(m=eaf8GgaaaWavb)(mh=kgRsI7LLbJMaJZP8)9.jpg;https://ei.phncdn.com/videos/201308/10/15939141/original/(m=eaf8GgaaaWavb)(mh=kgRsI7LLbJMaJZP8)10.jpg;https://ei.phncdn.com/videos/201308/10/15939141/original/(m=eaf8GgaaaWavb)(mh=kgRsI7LLbJMaJZP8)11.jpg;https://ei.phncdn.com/videos/201308/10/15939141/original/(m=eaf8GgaaaWavb)(mh=kgRsI7LLbJMaJZP8)12.jpg;https://ei.phncdn.com/videos/201308/10/15939141/original/(m=eaf8GgaaaWavb)(mh=kgRsI7LLbJMaJZP8)13.jpg;https://ei.phncdn.com/videos/201308/10/15939141/original/(m=eaf8GgaaaWavb)(mh=kgRsI7LLbJMaJZP8)14.jpg;https://ei.phncdn.com/videos/201308/10/15939141/original/(m=eaf8GgaaaWavb)(mh=kgRsI7LLbJMaJZP8)15.jpg;https://ei.phncdn.com/videos/201308/10/15939141/original/(m=eaf8GgaaaWavb)(mh=kgRsI7LLbJMaJZP8)16.jpg|Softcore Nudes 545 50's and 60's - Scene 2|pornhub.com;50s;60s;natural-tits;hairy;bubble-butt;stripping;blonde;nylons|Striptease;Vintage;Small Tits||665|4135|13|4|https://ei.phncdn.com/videos/201308/10/15939141/original/(m=eaAaGwObaaamqv)(mh=MMFflCa2oexcsl5A)4.jpg|https://ei.phncdn.com/videos/201308/10/15939141/original/(m=eaAaGwObaaamqv)(mh=MMFflCa2oexcsl5A)1.jpg;https://ei.phncdn.com/videos/201308/10/15939141/original/(m=eaAaGwObaaamqv)(mh=MMFflCa2oexcsl5A)2.jpg;https://ei.phncdn.com/videos/201308/10/15939141/original/(m=eaAaGwObaaamqv)(mh=MMFflCa2oexcsl5A)3.jpg;https://ei.phncdn.com/videos/201308/10/15939141/original/(m=eaAaGwObaaamqv)(mh=MMFflCa2oexcsl5A)4.jpg;https://ei.phncdn.com/videos/201308/10/15939141/original/(m=eaAaGwObaaamqv)(mh=MMFflCa2oexcsl5A)5.jpg;https://ei.phncdn.com/videos/201308/10/15939141/original/(m=eaAaGwObaaamqv)(mh=MMFflCa2oexcsl5A)6.jpg;https://ei.phncdn.com/videos/201308/10/15939141/original/(m=eaAaGwObaaamqv)(mh=MMFflCa2oexcsl5A)7.jpg;https://ei.phncdn.com/videos/201308/10/15939141/original/(m=eaAaGwObaaamqv)(mh=MMFflCa2oexcsl5A)8.jpg;https://ei.phncdn.com/videos/201308/10/15939141/original/(m=eaAaGwObaaamqv)(mh=MMFflCa2oexcsl5A)9.jpg;https://ei.phncdn.com/videos/201308/10/15939141/original/(m=eaAaGwObaaamqv)(mh=MMFflCa2oexcsl5A)10.jpg;https://ei.phncdn.com/videos/201308/10/15939141/original/(m=eaAaGwObaaamqv)(mh=MMFflCa2oexcsl5A)11.jpg;https://ei.phncdn.com/videos/201308/10/15939141/original/(m=eaAaGwObaaamqv)(mh=MMFflCa2oexcsl5A)12.jpg;https://ei.phncdn.com/videos/201308/10/15939141/original/(m=eaAaGwObaaamqv)(mh=MMFflCa2oexcsl5A)13.jpg;https://ei.phncdn.com/videos/201308/10/15939141/original/(m=eaAaGwObaaamqv)(mh=MMFflCa2oexcsl5A)14.jpg;https://ei.phncdn.com/videos/201308/10/15939141/original/(m=eaAaGwObaaamqv)(mh=MMFflCa2oexcsl5A)15.jpg;https://ei.phncdn.com/videos/201308/10/15939141/original/(m=eaAaGwObaaamqv)(mh=MMFflCa2oexcsl5A)16.jpg
<iframe src="https://www.pornhub.com/embed/646179257" frameborder="0" height="481" width="608" scrolling="no"></iframe>|https://ei.phncdn.com/videos/201308/10/15940841/original/(m=eaf8GgaaaWavb)(mh=HciG9l_tnHLGURAQ)12.jpg|https://ei.phncdn.com/videos/201308/10/15940841/original/(m=eaf8GgaaaWavb)(mh=HciG9l_tnHLGURAQ)1.jpg;https://ei.phncdn.com/videos/201308/10/15940841/original/(m=eaf8GgaaaWavb)(mh=HciG9l_tnHLGURAQ)2.jpg;https://ei.phncdn.com/videos/201308/10/15940841/original/(m=eaf8GgaaaWavb)(mh=HciG9l_tnHLGURAQ)3.jpg;https://ei.phncdn.com/videos/201308/10/15940841/original/(m=eaf8GgaaaWavb)(mh=HciG9l_tnHLGURAQ)4.jpg;https://ei.phncdn.com/videos/201308/10/15940841/original/(m=eaf8GgaaaWavb)(mh=HciG9l_tnHLGURAQ)5.jpg;https://ei.phncdn.com/videos/201308/10/15940841/original/(m=eaf8GgaaaWavb)(mh=HciG9l_tnHLGURAQ)6.jpg;https://ei.phncdn.com/videos/201308/10/15940841/original/(m=eaf8GgaaaWavb)(mh=HciG9l_tnHLGURAQ)7.jpg;https://ei.phncdn.com/videos/201308/10/15940841/original/(m=eaf8GgaaaWavb)(mh=HciG9l_tnHLGURAQ)8.jpg;https://ei.phncdn.com/videos/201308/10/15940841/original/(m=eaf8GgaaaWavb)(mh=HciG9l_tnHLGURAQ)9.jpg;https://ei.phncdn.com/videos/201308/10/15940841/original/(m=eaf8GgaaaWavb)(mh=HciG9l_tnHLGURAQ)10.jpg;https://ei.phncdn.com/videos/201308/10/15940841/original/(m=eaf8GgaaaWavb)(mh=HciG9l_tnHLGURAQ)11.jpg;https://ei.phncdn.com/videos/201308/10/15940841/original/(m=eaf8GgaaaWavb)(mh=HciG9l_tnHLGURAQ)12.jpg;https://ei.phncdn.com/videos/201308/10/15940841/original/(m=eaf8GgaaaWavb)(mh=HciG9l_tnHLGURAQ)13.jpg;https://ei.phncdn.com/videos/201308/10/15940841/original/(m=eaf8GgaaaWavb)(mh=HciG9l_tnHLGURAQ)14.jpg;https://ei.phncdn.com/videos/201308/10/15940841/original/(m=eaf8GgaaaWavb)(mh=HciG9l_tnHLGURAQ)15.jpg;https://ei.phncdn.com/videos/201308/10/15940841/original/(m=eaf8GgaaaWavb)(mh=HciG9l_tnHLGURAQ)16.jpg|Softcore Nudes 557 1960's - Scene 8|pornhub.com;big-tits;blonde;big-ass;stripping;huge-tits;busty;natural-tits;teasing;modeling;nylons;heels|Striptease;18-25;Vintage||728|2855|7|1|https://ei.phncdn.com/videos/201308/10/15940841/original/(m=eaAaGwObaaamqv)(mh=qzBS1xriustqm_z2)12.jpg|https://ei.phncdn.com/videos/201308/10/15940841/original/(m=eaAaGwObaaamqv)(mh=qzBS1xriustqm_z2)1.jpg;https://ei.phncdn.com/videos/201308/10/15940841/original/(m=eaAaGwObaaamqv)(mh=qzBS1xriustqm_z2)2.jpg;https://ei.phncdn.com/videos/201308/10/15940841/original/(m=eaAaGwObaaamqv)(mh=qzBS1xriustqm_z2)3.jpg;https://ei.phncdn.com/videos/201308/10/15940841/original/(m=eaAaGwObaaamqv)(mh=qzBS1xriustqm_z2)4.jpg;https://ei.phncdn.com/videos/201308/10/15940841/original/(m=eaAaGwObaaamqv)(mh=qzBS1xriustqm_z2)5.jpg;https://ei.phncdn.com/videos/201308/10/15940841/original/(m=eaAaGwObaaamqv)(mh=qzBS1xriustqm_z2)6.jpg;https://ei.phncdn.com/videos/201308/10/15940841/original/(m=eaAaGwObaaamqv)(mh=qzBS1xriustqm_z2)7.jpg;https://ei.phncdn.com/videos/201308/10/15940841/original/(m=eaAaGwObaaamqv)(mh=qzBS1xriustqm_z2)8.jpg;https://ei.phncdn.com/videos/201308/10/15940841/original/(m=eaAaGwObaaamqv)(mh=qzBS1xriustqm_z2)9.jpg;https://ei.phncdn.com/videos/201308/10/15940841/original/(m=eaAaGwObaaamqv)(mh=qzBS1xriustqm_z2)10.jpg;https://ei.phncdn.com/videos/201308/10/15940841/original/(m=eaAaGwObaaamqv)(mh=qzBS1xriustqm_z2)11.jpg;https://ei.phncdn.com/videos/201308/10/15940841/original/(m=eaAaGwObaaamqv)(mh=qzBS1xriustqm_z2)12.jpg;https://ei.phncdn.com/videos/201308/10/15940841/original/(m=eaAaGwObaaamqv)(mh=qzBS1xriustqm_z2)13.jpg;https://ei.phncdn.com/videos/201308/10/15940841/original/(m=eaAaGwObaaamqv)(mh=qzBS1xriustqm_z2)14.jpg;https://ei.phncdn.com/videos/201308/10/15940841/original/(m=eaAaGwObaaamqv)(mh=qzBS1xriustqm_z2)15.jpg;https://ei.phncdn.com/videos/201308/10/15940841/original/(m=eaAaGwObaaamqv)(mh=qzBS1xriustqm_z2)16.jpg
<iframe src="https://www.pornhub.com/embed/1560571561" frameborder="0" height="481" width="608" scrolling="no"></iframe>|https://ei.phncdn.com/videos/201308/10/15940961/original/(m=eaf8GgaaaWavb)(mh=VkxEeKO7YD2PggRp)6.jpg|https://ei.phncdn.com/videos/201308/10/15940961/original/(m=eaf8GgaaaWavb)(mh=VkxEeKO7YD2PggRp)1.jpg;https://ei.phncdn.com/videos/201308/10/15940961/original/(m=eaf8GgaaaWavb)(mh=VkxEeKO7YD2PggRp)2.jpg;https://ei.phncdn.com/videos/201308/10/15940961/original/(m=eaf8GgaaaWavb)(mh=VkxEeKO7YD2PggRp)3.jpg;https://ei.phncdn.com/videos/201308/10/15940961/original/(m=eaf8GgaaaWavb)(mh=VkxEeKO7YD2PggRp)4.jpg;https://ei.phncdn.com/videos/201308/10/15940961/original/(m=eaf8GgaaaWavb)(mh=VkxEeKO7YD2PggRp)5.jpg;https://ei.phncdn.com/videos/201308/10/15940961/original/(m=eaf8GgaaaWavb)(mh=VkxEeKO7YD2PggRp)6.jpg;https://ei.phncdn.com/videos/201308/10/15940961/original/(m=eaf8GgaaaWavb)(mh=VkxEeKO7YD2PggRp)7.jpg;https://ei.phncdn.com/videos/201308/10/15940961/original/(m=eaf8GgaaaWavb)(mh=VkxEeKO7YD2PggRp)8.jpg;https://ei.phncdn.com/videos/201308/10/15940961/original/(m=eaf8GgaaaWavb)(mh=VkxEeKO7YD2PggRp)9.jpg;https://ei.phncdn.com/videos/201308/10/15940961/original/(m=eaf8GgaaaWavb)(mh=VkxEeKO7YD2PggRp)10.jpg;https://ei.phncdn.com/videos/201308/10/15940961/original/(m=eaf8GgaaaWavb)(mh=VkxEeKO7YD2PggRp)11.jpg;https://ei.phncdn.com/videos/201308/10/15940961/original/(m=eaf8GgaaaWavb)(mh=VkxEeKO7YD2PggRp)12.jpg;https://ei.phncdn.com/videos/201308/10/15940961/original/(m=eaf8GgaaaWavb)(mh=VkxEeKO7YD2PggRp)13.jpg;https://ei.phncdn.com/videos/201308/10/15940961/original/(m=eaf8GgaaaWavb)(mh=VkxEeKO7YD2PggRp)14.jpg;https://ei.phncdn.com/videos/201308/10/15940961/original/(m=eaf8GgaaaWavb)(mh=VkxEeKO7YD2PggRp)15.jpg;https://ei.phncdn.com/videos/201308/10/15940961/original/(m=eaf8GgaaaWavb)(mh=VkxEeKO7YD2PggRp)16.jpg|Softcore Nudes 554 40's and 50's - Scene 6|pornhub.com;black-and-white;brunette;small-tits;natural-tits;busty;skinny;small-ass|Striptease;Vintage;Compilation||773|2335|5|3|https://ei.phncdn.com/videos/201308/10/15940961/original/(m=eaAaGwObaaamqv)(mh=B9qPoLCIZle_vrNb)6.jpg|https://ei.phncdn.com/videos/201308/10/15940961/original/(m=eaAaGwObaaamqv)(mh=B9qPoLCIZle_vrNb)1.jpg;https://ei.phncdn.com/videos/201308/10/15940961/original/(m=eaAaGwObaaamqv)(mh=B9qPoLCIZle_vrNb)2.jpg;https://ei.phncdn.com/videos/201308/10/15940961/original/(m=eaAaGwObaaamqv)(mh=B9qPoLCIZle_vrNb)3.jpg;https://ei.phncdn.com/videos/201308/10/15940961/original/(m=eaAaGwObaaamqv)(mh=B9qPoLCIZle_vrNb)4.jpg;https://ei.phncdn.com/videos/201308/10/15940961/original/(m=eaAaGwObaaamqv)(mh=B9qPoLCIZle_vrNb)5.jpg;https://ei.phncdn.com/videos/201308/10/15940961/original/(m=eaAaGwObaaamqv)(mh=B9qPoLCIZle_vrNb)6.jpg;https://ei.phncdn.com/videos/201308/10/15940961/original/(m=eaAaGwObaaamqv)(mh=B9qPoLCIZle_vrNb)7.jpg;https://ei.phncdn.com/videos/201308/10/15940961/original/(m=eaAaGwObaaamqv)(mh=B9qPoLCIZle_vrNb)8.jpg;https://ei.phncdn.com/videos/201308/10/15940961/original/(m=eaAaGwObaaamqv)(mh=B9qPoLCIZle_vrNb)9.jpg;https://ei.phncdn.com/videos/201308/10/15940961/original/(m=eaAaGwObaaamqv)(mh=B9qPoLCIZle_vrNb)10.jpg;https://ei.phncdn.com/videos/201308/10/15940961/original/(m=eaAaGwObaaamqv)(mh=B9qPoLCIZle_vrNb)11.jpg;https://ei.phncdn.com/videos/201308/10/15940961/original/(m=eaAaGwObaaamqv)(mh=B9qPoLCIZle_vrNb)12.jpg;https://ei.phncdn.com/videos/201308/10/15940961/original/(m=eaAaGwObaaamqv)(mh=B9qPoLCIZle_vrNb)13.jpg;https://ei.phncdn.com/videos/201308/10/15940961/original/(m=eaAaGwObaaamqv)(mh=B9qPoLCIZle_vrNb)14.jpg;https://ei.phncdn.com/videos/201308/10/15940961/original/(m=eaAaGwObaaamqv)(mh=B9qPoLCIZle_vrNb)15.jpg;https://ei.phncdn.com/videos/201308/10/15940961/original/(m=eaAaGwObaaamqv)(mh=B9qPoLCIZle_vrNb)16.jpg
<iframe src="https://www.pornhub.com/embed/1446030028" frameborder="0" height="481" width="608" scrolling="no"></iframe>|https://ei.phncdn.com/videos/201308/10/15941021/original/(m=eaf8GgaaaWavb)(mh=5AQJJqxkpOve3ccT)3.jpg|https://ei.phncdn.com/videos/201308/10/15941021/original/(m=eaf8GgaaaWavb)(mh=5AQJJqxkpOve3ccT)1.jpg;https://ei.phncdn.com/videos/201308/10/15941021/original/(m=eaf8GgaaaWavb)(mh=5AQJJqxkpOve3ccT)2.jpg;https://ei.phncdn.com/videos/201308/10/15941021/original/(m=eaf8GgaaaWavb)(mh=5AQJJqxkpOve3ccT)3.jpg;https://ei.phncdn.com/videos/201308/10/15941021/original/(m=eaf8GgaaaWavb)(mh=5AQJJqxkpOve3ccT)4.jpg;https://ei.phncdn.com/videos/201308/10/15941021/original/(m=eaf8GgaaaWavb)(mh=5AQJJqxkpOve3ccT)5.jpg;https://ei.phncdn.com/videos/201308/10/15941021/original/(m=eaf8GgaaaWavb)(mh=5AQJJqxkpOve3ccT)6.jpg;https://ei.phncdn.com/videos/201308/10/15941021/original/(m=eaf8GgaaaWavb)(mh=5AQJJqxkpOve3ccT)7.jpg;https://ei.phncdn.com/videos/201308/10/15941021/original/(m=eaf8GgaaaWavb)(mh=5AQJJqxkpOve3ccT)8.jpg;https://ei.phncdn.com/videos/201308/10/15941021/original/(m=eaf8GgaaaWavb)(mh=5AQJJqxkpOve3ccT)9.jpg;https://ei.phncdn.com/videos/201308/10/15941021/original/(m=eaf8GgaaaWavb)(mh=5AQJJqxkpOve3ccT)10.jpg;https://ei.phncdn.com/videos/201308/10/15941021/original/(m=eaf8GgaaaWavb)(mh=5AQJJqxkpOve3ccT)11.jpg;https://ei.phncdn.com/videos/201308/10/15941021/original/(m=eaf8GgaaaWavb)(mh=5AQJJqxkpOve3ccT)12.jpg;https://ei.phncdn.com/videos/201308/10/15941021/original/(m=eaf8GgaaaWavb)(mh=5AQJJqxkpOve3ccT)13.jpg;https://ei.phncdn.com/videos/201308/10/15941021/original/(m=eaf8GgaaaWavb)(mh=5AQJJqxkpOve3ccT)14.jpg;https://ei.phncdn.com/videos/201308/10/15941021/original/(m=eaf8GgaaaWavb)(mh=5AQJJqxkpOve3ccT)15.jpg;https://ei.phncdn.com/videos/201308/10/15941021/original/(m=eaf8GgaaaWavb)(mh=5AQJJqxkpOve3ccT)16.jpg|Softcore Nudes 555 40's and 50's - Scene 4|pornhub.com;natural-tits;curvy;brunette;skinny;heels;natural;stripping;posing;black-and-white;40s;50s|Striptease;Vintage;Small Tits||850|2736|5|2|https://ei.phncdn.com/videos/201308/10/15941021/original/(m=eaAaGwObaaamqv)(mh=8LLljKPhOSJsIJ97)3.jpg|https://ei.phncdn.com/videos/201308/10/15941021/original/(m=eaAaGwObaaamqv)(mh=8LLljKPhOSJsIJ97)1.jpg;https://ei.phncdn.com/videos/201308/10/15941021/original/(m=eaAaGwObaaamqv)(mh=8LLljKPhOSJsIJ97)2.jpg;https://ei.phncdn.com/videos/201308/10/15941021/original/(m=eaAaGwObaaamqv)(mh=8LLljKPhOSJsIJ97)3.jpg;https://ei.phncdn.com/videos/201308/10/15941021/original/(m=eaAaGwObaaamqv)(mh=8LLljKPhOSJsIJ97)4.jpg;https://ei.phncdn.com/videos/201308/10/15941021/original/(m=eaAaGwObaaamqv)(mh=8LLljKPhOSJsIJ97)5.jpg;https://ei.phncdn.com/videos/201308/10/15941021/original/(m=eaAaGwObaaamqv)(mh=8LLljKPhOSJsIJ97)6.jpg;https://ei.phncdn.com/videos/201308/10/15941021/original/(m=eaAaGwObaaamqv)(mh=8LLljKPhOSJsIJ97)7.jpg;https://ei.phncdn.com/videos/201308/10/15941021/original/(m=eaAaGwObaaamqv)(mh=8LLljKPhOSJsIJ97)8.jpg;https://ei.phncdn.com/videos/201308/10/15941021/original/(m=eaAaGwObaaamqv)(mh=8LLljKPhOSJsIJ97)9.jpg;https://ei.phncdn.com/videos/201308/10/15941021/original/(m=eaAaGwObaaamqv)(mh=8LLljKPhOSJsIJ97)10.jpg;https://ei.phncdn.com/videos/201308/10/15941021/original/(m=eaAaGwObaaamqv)(mh=8LLljKPhOSJsIJ97)11.jpg;https://ei.phncdn.com/videos/201308/10/15941021/original/(m=eaAaGwObaaamqv)(mh=8LLljKPhOSJsIJ97)12.jpg;https://ei.phncdn.com/videos/201308/10/15941021/original/(m=eaAaGwObaaamqv)(mh=8LLljKPhOSJsIJ97)13.jpg;https://ei.phncdn.com/videos/201308/10/15941021/original/(m=eaAaGwObaaamqv)(mh=8LLljKPhOSJsIJ97)14.jpg;https://ei.phncdn.com/videos/201308/10/15941021/original/(m=eaAaGwObaaamqv)(mh=8LLljKPhOSJsIJ97)15.jpg;https://ei.phncdn.com/videos/201308/10/15941021/original/(m=eaAaGwObaaamqv)(mh=8LLljKPhOSJsIJ97)16.jpg
<iframe src="https://www.pornhub.com/embed/1399720852" frameborder="0" height="481" width="608" scrolling="no"></iframe>|https://ei.phncdn.com/videos/201308/10/15942601/original/(m=eaf8GgaaaWavb)(mh=BTu0BWuCbR-KMgwv)13.jpg|https://ei.phncdn.com/videos/201308/10/15942601/original/(m=eaf8GgaaaWavb)(mh=BTu0BWuCbR-KMgwv)1.jpg;https://ei.phncdn.com/videos/201308/10/15942601/original/(m=eaf8GgaaaWavb)(mh=BTu0BWuCbR-KMgwv)2.jpg;https://ei.phncdn.com/videos/201308/10/15942601/original/(m=eaf8GgaaaWavb)(mh=BTu0BWuCbR-KMgwv)3.jpg;https://ei.phncdn.com/videos/201308/10/15942601/original/(m=eaf8GgaaaWavb)(mh=BTu0BWuCbR-KMgwv)4.jpg;https://ei.phncdn.com/videos/201308/10/15942601/original/(m=eaf8GgaaaWavb)(mh=BTu0BWuCbR-KMgwv)5.jpg;https://ei.phncdn.com/videos/201308/10/15942601/original/(m=eaf8GgaaaWavb)(mh=BTu0BWuCbR-KMgwv)6.jpg;https://ei.phncdn.com/videos/201308/10/15942601/original/(m=eaf8GgaaaWavb)(mh=BTu0BWuCbR-KMgwv)7.jpg;https://ei.phncdn.com/videos/201308/10/15942601/original/(m=eaf8GgaaaWavb)(mh=BTu0BWuCbR-KMgwv)8.jpg;https://ei.phncdn.com/videos/201308/10/15942601/original/(m=eaf8GgaaaWavb)(mh=BTu0BWuCbR-KMgwv)9.jpg;https://ei.phncdn.com/videos/201308/10/15942601/original/(m=eaf8GgaaaWavb)(mh=BTu0BWuCbR-KMgwv)10.jpg;https://ei.phncdn.com/videos/201308/10/15942601/original/(m=eaf8GgaaaWavb)(mh=BTu0BWuCbR-KMgwv)11.jpg;https://ei.phncdn.com/videos/201308/10/15942601/original/(m=eaf8GgaaaWavb)(mh=BTu0BWuCbR-KMgwv)12.jpg;https://ei.phncdn.com/videos/201308/10/15942601/original/(m=eaf8GgaaaWavb)(mh=BTu0BWuCbR-KMgwv)13.jpg;https://ei.phncdn.com/videos/201308/10/15942601/original/(m=eaf8GgaaaWavb)(mh=BTu0BWuCbR-KMgwv)14.jpg;https://ei.phncdn.com/videos/201308/10/15942601/original/(m=eaf8GgaaaWavb)(mh=BTu0BWuCbR-KMgwv)15.jpg;https://ei.phncdn.com/videos/201308/10/15942601/original/(m=eaf8GgaaaWavb)(mh=BTu0BWuCbR-KMgwv)16.jpg|Softcore Nudes 593 1960's - Scene 6|pornhub.com;natural-tits;big-ass;stripping;60s;hairy;posing;nude-modeling|Striptease;Vintage;Small Tits||1158|48154|105|24|https://ei.phncdn.com/videos/201308/10/15942601/original/(m=eaAaGwObaaamqv)(mh=2LJGYC_jd2ueg2C5)13.jpg|https://ei.phncdn.com/videos/201308/10/15942601/original/(m=eaAaGwObaaamqv)(mh=2LJGYC_jd2ueg2C5)1.jpg;https://ei.phncdn.com/videos/201308/10/15942601/original/(m=eaAaGwObaaamqv)(mh=2LJGYC_jd2ueg2C5)2.jpg;https://ei.phncdn.com/videos/201308/10/15942601/original/(m=eaAaGwObaaamqv)(mh=2LJGYC_jd2ueg2C5)3.jpg;https://ei.phncdn.com/videos/201308/10/15942601/original/(m=eaAaGwObaaamqv)(mh=2LJGYC_jd2ueg2C5)4.jpg;https://ei.phncdn.com/videos/201308/10/15942601/original/(m=eaAaGwObaaamqv)(mh=2LJGYC_jd2ueg2C5)5.jpg;https://ei.phncdn.com/videos/201308/10/15942601/original/(m=eaAaGwObaaamqv)(mh=2LJGYC_jd2ueg2C5)6.jpg;https://ei.phncdn.com/videos/201308/10/15942601/original/(m=eaAaGwObaaamqv)(mh=2LJGYC_jd2ueg2C5)7.jpg;https://ei.phncdn.com/videos/201308/10/15942601/original/(m=eaAaGwObaaamqv)(mh=2LJGYC_jd2ueg2C5)8.jpg;https://ei.phncdn.com/videos/201308/10/15942601/original/(m=eaAaGwObaaamqv)(mh=2LJGYC_jd2ueg2C5)9.jpg;https://ei.phncdn.com/videos/201308/10/15942601/original/(m=eaAaGwObaaamqv)(mh=2LJGYC_jd2ueg2C5)10.jpg;https://ei.phncdn.com/videos/201308/10/15942601/original/(m=eaAaGwObaaamqv)(mh=2LJGYC_jd2ueg2C5)11.jpg;https://ei.phncdn.com/videos/201308/10/15942601/original/(m=eaAaGwObaaamqv)(mh=2LJGYC_jd2ueg2C5)12.jpg;https://ei.phncdn.com/videos/201308/10/15942601/original/(m=eaAaGwObaaamqv)(mh=2LJGYC_jd2ueg2C5)13.jpg;https://ei.phncdn.com/videos/201308/10/15942601/original/(m=eaAaGwObaaamqv)(mh=2LJGYC_jd2ueg2C5)14.jpg;https://ei.phncdn.com/videos/201308/10/15942601/original/(m=eaAaGwObaaamqv)(mh=2LJGYC_jd2ueg2C5)15.jpg;https://ei.phncdn.com/videos/201308/10/15942601/original/(m=eaAaGwObaaamqv)(mh=2LJGYC_jd2ueg2C5)16.jpg
<iframe src="https://www.pornhub.com/embed/1322157032" frameborder="0" height="481" width="608" scrolling="no"></iframe>|https://ei.phncdn.com/videos/201308/10/15942691/original/(m=eaf8GgaaaWavb)(mh=HtDz-GCKHuuSdGWq)4.jpg|https://ei.phncdn.com/videos/201308/10/15942691/original/(m=eaf8GgaaaWavb)(mh=HtDz-GCKHuuSdGWq)1.jpg;https://ei.phncdn.com/videos/201308/10/15942691/original/(m=eaf8GgaaaWavb)(mh=HtDz-GCKHuuSdGWq)2.jpg;https://ei.phncdn.com/videos/201308/10/15942691/original/(m=eaf8GgaaaWavb)(mh=HtDz-GCKHuuSdGWq)3.jpg;https://ei.phncdn.com/videos/201308/10/15942691/original/(m=eaf8GgaaaWavb)(mh=HtDz-GCKHuuSdGWq)4.jpg;https://ei.phncdn.com/videos/201308/10/15942691/original/(m=eaf8GgaaaWavb)(mh=HtDz-GCKHuuSdGWq)5.jpg;https://ei.phncdn.com/videos/201308/10/15942691/original/(m=eaf8GgaaaWavb)(mh=HtDz-GCKHuuSdGWq)6.jpg;https://ei.phncdn.com/videos/201308/10/15942691/original/(m=eaf8GgaaaWavb)(mh=HtDz-GCKHuuSdGWq)7.jpg;https://ei.phncdn.com/videos/201308/10/15942691/original/(m=eaf8GgaaaWavb)(mh=HtDz-GCKHuuSdGWq)8.jpg;https://ei.phncdn.com/videos/201308/10/15942691/original/(m=eaf8GgaaaWavb)(mh=HtDz-GCKHuuSdGWq)9.jpg;https://ei.phncdn.com/videos/201308/10/15942691/original/(m=eaf8GgaaaWavb)(mh=HtDz-GCKHuuSdGWq)10.jpg;https://ei.phncdn.com/videos/201308/10/15942691/original/(m=eaf8GgaaaWavb)(mh=HtDz-GCKHuuSdGWq)11.jpg;https://ei.phncdn.com/videos/201308/10/15942691/original/(m=eaf8GgaaaWavb)(mh=HtDz-GCKHuuSdGWq)12.jpg;https://ei.phncdn.com/videos/201308/10/15942691/original/(m=eaf8GgaaaWavb)(mh=HtDz-GCKHuuSdGWq)13.jpg;https://ei.phncdn.com/videos/201308/10/15942691/original/(m=eaf8GgaaaWavb)(mh=HtDz-GCKHuuSdGWq)14.jpg;https://ei.phncdn.com/videos/201308/10/15942691/original/(m=eaf8GgaaaWavb)(mh=HtDz-GCKHuuSdGWq)15.jpg;https://ei.phncdn.com/videos/201308/10/15942691/original/(m=eaf8GgaaaWavb)(mh=HtDz-GCKHuuSdGWq)16.jpg|Softcore Nudes 574 50's and 60's - Scene 2|pornhub.com;blonde;natural-tits;heels;bubble-butt;stripping;50s;60s;lingerie;nylons|Striptease;Vintage;Small Tits||725|3290|16|2|https://ei.phncdn.com/videos/201308/10/15942691/original/(m=eaAaGwObaaamqv)(mh=B7EK5Xgh17aDTwzQ)4.jpg|https://ei.phncdn.com/videos/201308/10/15942691/original/(m=eaAaGwObaaamqv)(mh=B7EK5Xgh17aDTwzQ)1.jpg;https://ei.phncdn.com/videos/201308/10/15942691/original/(m=eaAaGwObaaamqv)(mh=B7EK5Xgh17aDTwzQ)2.jpg;https://ei.phncdn.com/videos/201308/10/15942691/original/(m=eaAaGwObaaamqv)(mh=B7EK5Xgh17aDTwzQ)3.jpg;https://ei.phncdn.com/videos/201308/10/15942691/original/(m=eaAaGwObaaamqv)(mh=B7EK5Xgh17aDTwzQ)4.jpg;https://ei.phncdn.com/videos/201308/10/15942691/original/(m=eaAaGwObaaamqv)(mh=B7EK5Xgh17aDTwzQ)5.jpg;https://ei.phncdn.com/videos/201308/10/15942691/original/(m=eaAaGwObaaamqv)(mh=B7EK5Xgh17aDTwzQ)6.jpg;https://ei.phncdn.com/videos/201308/10/15942691/original/(m=eaAaGwObaaamqv)(mh=B7EK5Xgh17aDTwzQ)7.jpg;https://ei.phncdn.com/videos/201308/10/15942691/original/(m=eaAaGwObaaamqv)(mh=B7EK5Xgh17aDTwzQ)8.jpg;https://ei.phncdn.com/videos/201308/10/15942691/original/(m=eaAaGwObaaamqv)(mh=B7EK5Xgh17aDTwzQ)9.jpg;https://ei.phncdn.com/videos/201308/10/15942691/original/(m=eaAaGwObaaamqv)(mh=B7EK5Xgh17aDTwzQ)10.jpg;https://ei.phncdn.com/videos/201308/10/15942691/original/(m=eaAaGwObaaamqv)(mh=B7EK5Xgh17aDTwzQ)11.jpg;https://ei.phncdn.com/videos/201308/10/15942691/original/(m=eaAaGwObaaamqv)(mh=B7EK5Xgh17aDTwzQ)12.jpg;https://ei.phncdn.com/videos/201308/10/15942691/original/(m=eaAaGwObaaamqv)(mh=B7EK5Xgh17aDTwzQ)13.jpg;https://ei.phncdn.com/videos/201308/10/15942691/original/(m=eaAaGwObaaamqv)(mh=B7EK5Xgh17aDTwzQ)14.jpg;https://ei.phncdn.com/videos/201308/10/15942691/original/(m=eaAaGwObaaamqv)(mh=B7EK5Xgh17aDTwzQ)15.jpg;https://ei.phncdn.com/videos/201308/10/15942691/original/(m=eaAaGwObaaamqv)(mh=B7EK5Xgh17aDTwzQ)16.jpg
<iframe src="https://www.pornhub.com/embed/1751353163" frameborder="0" height="481" width="608" scrolling="no"></iframe>|https://ei.phncdn.com/videos/201308/10/15944531/original/(m=eaf8GgaaaWavb)(mh=-PjM0NUL0zhgfLaw)12.jpg|https://ei.phncdn.com/videos/201308/10/15944531/original/(m=eaf8GgaaaWavb)(mh=-PjM0NUL0zhgfLaw)1.jpg;https://ei.phncdn.com/videos/201308/10/15944531/original/(m=eaf8GgaaaWavb)(mh=-PjM0NUL0zhgfLaw)2.jpg;https://ei.phncdn.com/videos/201308/10/15944531/original/(m=eaf8GgaaaWavb)(mh=-PjM0NUL0zhgfLaw)3.jpg;https://ei.phncdn.com/videos/201308/10/15944531/original/(m=eaf8GgaaaWavb)(mh=-PjM0NUL0zhgfLaw)4.jpg;https://ei.phncdn.com/videos/201308/10/15944531/original/(m=eaf8GgaaaWavb)(mh=-PjM0NUL0zhgfLaw)5.jpg;https://ei.phncdn.com/videos/201308/10/15944531/original/(m=eaf8GgaaaWavb)(mh=-PjM0NUL0zhgfLaw)6.jpg;https://ei.phncdn.com/videos/201308/10/15944531/original/(m=eaf8GgaaaWavb)(mh=-PjM0NUL0zhgfLaw)7.jpg;https://ei.phncdn.com/videos/201308/10/15944531/original/(m=eaf8GgaaaWavb)(mh=-PjM0NUL0zhgfLaw)8.jpg;https://ei.phncdn.com/videos/201308/10/15944531/original/(m=eaf8GgaaaWavb)(mh=-PjM0NUL0zhgfLaw)9.jpg;https://ei.phncdn.com/videos/201308/10/15944531/original/(m=eaf8GgaaaWavb)(mh=-PjM0NUL0zhgfLaw)10.jpg;https://ei.phncdn.com/videos/201308/10/15944531/original/(m=eaf8GgaaaWavb)(mh=-PjM0NUL0zhgfLaw)11.jpg;https://ei.phncdn.com/videos/201308/10/15944531/original/(m=eaf8GgaaaWavb)(mh=-PjM0NUL0zhgfLaw)12.jpg;https://ei.phncdn.com/videos/201308/10/15944531/original/(m=eaf8GgaaaWavb)(mh=-PjM0NUL0zhgfLaw)13.jpg;https://ei.phncdn.com/videos/201308/10/15944531/original/(m=eaf8GgaaaWavb)(mh=-PjM0NUL0zhgfLaw)14.jpg;https://ei.phncdn.com/videos/201308/10/15944531/original/(m=eaf8GgaaaWavb)(mh=-PjM0NUL0zhgfLaw)15.jpg;https://ei.phncdn.com/videos/201308/10/15944531/original/(m=eaf8GgaaaWavb)(mh=-PjM0NUL0zhgfLaw)16.jpg|Softcore Nudes 608 60's and 70's - Scene 4|pornhub.com;dancing;60s;70s;brunette;tan-lines;heels;nude-modeling;teen;big-tits|Striptease;Vintage;Small Tits||997|17707|40|14|https://ei.phncdn.com/videos/201308/10/15944531/original/(m=eaAaGwObaaamqv)(mh=Pg2sZQEPaD_5rCAK)12.jpg|https://ei.phncdn.com/videos/201308/10/15944531/original/(m=eaAaGwObaaamqv)(mh=Pg2sZQEPaD_5rCAK)1.jpg;https://ei.phncdn.com/videos/201308/10/15944531/original/(m=eaAaGwObaaamqv)(mh=Pg2sZQEPaD_5rCAK)2.jpg;https://ei.phncdn.com/videos/201308/10/15944531/original/(m=eaAaGwObaaamqv)(mh=Pg2sZQEPaD_5rCAK)3.jpg;https://ei.phncdn.com/videos/201308/10/15944531/original/(m=eaAaGwObaaamqv)(mh=Pg2sZQEPaD_5rCAK)4.jpg;https://ei.phncdn.com/videos/201308/10/15944531/original/(m=eaAaGwObaaamqv)(mh=Pg2sZQEPaD_5rCAK)5.jpg;https://ei.phncdn.com/videos/201308/10/15944531/original/(m=eaAaGwObaaamqv)(mh=Pg2sZQEPaD_5rCAK)6.jpg;https://ei.phncdn.com/videos/201308/10/15944531/original/(m=eaAaGwObaaamqv)(mh=Pg2sZQEPaD_5rCAK)7.jpg;https://ei.phncdn.com/videos/201308/10/15944531/original/(m=eaAaGwObaaamqv)(mh=Pg2sZQEPaD_5rCAK)8.jpg;https://ei.phncdn.com/videos/201308/10/15944531/original/(m=eaAaGwObaaamqv)(mh=Pg2sZQEPaD_5rCAK)9.jpg;https://ei.phncdn.com/videos/201308/10/15944531/original/(m=eaAaGwObaaamqv)(mh=Pg2sZQEPaD_5rCAK)10.jpg;https://ei.phncdn.com/videos/201308/10/15944531/original/(m=eaAaGwObaaamqv)(mh=Pg2sZQEPaD_5rCAK)11.jpg;https://ei.phncdn.com/videos/201308/10/15944531/original/(m=eaAaGwObaaamqv)(mh=Pg2sZQEPaD_5rCAK)12.jpg;https://ei.phncdn.com/videos/201308/10/15944531/original/(m=eaAaGwObaaamqv)(mh=Pg2sZQEPaD_5rCAK)13.jpg;https://ei.phncdn.com/videos/201308/10/15944531/original/(m=eaAaGwObaaamqv)(mh=Pg2sZQEPaD_5rCAK)14.jpg;https://ei.phncdn.com/videos/201308/10/15944531/original/(m=eaAaGwObaaamqv)(mh=Pg2sZQEPaD_5rCAK)15.jpg;https://ei.phncdn.com/videos/201308/10/15944531/original/(m=eaAaGwObaaamqv)(mh=Pg2sZQEPaD_5rCAK)16.jpg
<iframe src="https://www.pornhub.com/embed/1831594121" frameborder="0" height="481" width="608" scrolling="no"></iframe>|https://ei.phncdn.com/videos/201308/10/15944541/original/(m=eaf8GgaaaWavb)(mh=DsEy__BHV1jeUYYm)7.jpg|https://ei.phncdn.com/videos/201308/10/15944541/original/(m=eaf8GgaaaWavb)(mh=DsEy__BHV1jeUYYm)1.jpg;https://ei.phncdn.com/videos/201308/10/15944541/original/(m=eaf8GgaaaWavb)(mh=DsEy__BHV1jeUYYm)2.jpg;https://ei.phncdn.com/videos/201308/10/15944541/original/(m=eaf8GgaaaWavb)(mh=DsEy__BHV1jeUYYm)3.jpg;https://ei.phncdn.com/videos/201308/10/15944541/original/(m=eaf8GgaaaWavb)(mh=DsEy__BHV1jeUYYm)4.jpg;https://ei.phncdn.com/videos/201308/10/15944541/original/(m=eaf8GgaaaWavb)(mh=DsEy__BHV1jeUYYm)5.jpg;https://ei.phncdn.com/videos/201308/10/15944541/original/(m=eaf8GgaaaWavb)(mh=DsEy__BHV1jeUYYm)6.jpg;https://ei.phncdn.com/videos/201308/10/15944541/original/(m=eaf8GgaaaWavb)(mh=DsEy__BHV1jeUYYm)7.jpg;https://ei.phncdn.com/videos/201308/10/15944541/original/(m=eaf8GgaaaWavb)(mh=DsEy__BHV1jeUYYm)8.jpg;https://ei.phncdn.com/videos/201308/10/15944541/original/(m=eaf8GgaaaWavb)(mh=DsEy__BHV1jeUYYm)9.jpg;https://ei.phncdn.com/videos/201308/10/15944541/original/(m=eaf8GgaaaWavb)(mh=DsEy__BHV1jeUYYm)10.jpg;https://ei.phncdn.com/videos/201308/10/15944541/original/(m=eaf8GgaaaWavb)(mh=DsEy__BHV1jeUYYm)11.jpg;https://ei.phncdn.com/videos/201308/10/15944541/original/(m=eaf8GgaaaWavb)(mh=DsEy__BHV1jeUYYm)12.jpg;https://ei.phncdn.com/videos/201308/10/15944541/original/(m=eaf8GgaaaWavb)(mh=DsEy__BHV1jeUYYm)13.jpg;https://ei.phncdn.com/videos/201308/10/15944541/original/(m=eaf8GgaaaWavb)(mh=DsEy__BHV1jeUYYm)14.jpg;https://ei.phncdn.com/videos/201308/10/15944541/original/(m=eaf8GgaaaWavb)(mh=DsEy__BHV1jeUYYm)15.jpg;https://ei.phncdn.com/videos/201308/10/15944541/original/(m=eaf8GgaaaWavb)(mh=DsEy__BHV1jeUYYm)16.jpg|Softcore Nudes 608 60's and 70's - Scene 2|pornhub.com;stripping;brunette;raven;60s;70s;hairy;nylons;heels;skinny;teen|Striptease;Vintage;Small Tits||716|5912|18|3|https://ei.phncdn.com/videos/201308/10/15944541/original/(m=eaAaGwObaaamqv)(mh=_NZOV7LzTN9x1qmg)7.jpg|https://ei.phncdn.com/videos/201308/10/15944541/original/(m=eaAaGwObaaamqv)(mh=_NZOV7LzTN9x1qmg)1.jpg;https://ei.phncdn.com/videos/201308/10/15944541/original/(m=eaAaGwObaaamqv)(mh=_NZOV7LzTN9x1qmg)2.jpg;https://ei.phncdn.com/videos/201308/10/15944541/original/(m=eaAaGwObaaamqv)(mh=_NZOV7LzTN9x1qmg)3.jpg;https://ei.phncdn.com/videos/201308/10/15944541/original/(m=eaAaGwObaaamqv)(mh=_NZOV7LzTN9x1qmg)4.jpg;https://ei.phncdn.com/videos/201308/10/15944541/original/(m=eaAaGwObaaamqv)(mh=_NZOV7LzTN9x1qmg)5.jpg;https://ei.phncdn.com/videos/201308/10/15944541/original/(m=eaAaGwObaaamqv)(mh=_NZOV7LzTN9x1qmg)6.jpg;https://ei.phncdn.com/videos/201308/10/15944541/original/(m=eaAaGwObaaamqv)(mh=_NZOV7LzTN9x1qmg)7.jpg;https://ei.phncdn.com/videos/201308/10/15944541/original/(m=eaAaGwObaaamqv)(mh=_NZOV7LzTN9x1qmg)8.jpg;https://ei.phncdn.com/videos/201308/10/15944541/original/(m=eaAaGwObaaamqv)(mh=_NZOV7LzTN9x1qmg)9.jpg;https://ei.phncdn.com/videos/201308/10/15944541/original/(m=eaAaGwObaaamqv)(mh=_NZOV7LzTN9x1qmg)10.jpg;https://ei.phncdn.com/videos/201308/10/15944541/original/(m=eaAaGwObaaamqv)(mh=_NZOV7LzTN9x1qmg)11.jpg;https://ei.phncdn.com/videos/201308/10/15944541/original/(m=eaAaGwObaaamqv)(mh=_NZOV7LzTN9x1qmg)12.jpg;https://ei.phncdn.com/videos/201308/10/15944541/original/(m=eaAaGwObaaamqv)(mh=_NZOV7LzTN9x1qmg)13.jpg;https://ei.phncdn.com/videos/201308/10/15944541/original/(m=eaAaGwObaaamqv)(mh=_NZOV7LzTN9x1qmg)14.jpg;https://ei.phncdn.com/videos/201308/10/15944541/original/(m=eaAaGwObaaamqv)(mh=_NZOV7LzTN9x1qmg)15.jpg;https://ei.phncdn.com/videos/201308/10/15944541/original/(m=eaAaGwObaaamqv)(mh=_NZOV7LzTN9x1qmg)16.jpg
<iframe src="https://www.pornhub.com/embed/129793253" frameborder="0" height="481" width="608" scrolling="no"></iframe>|https://ei.phncdn.com/videos/201308/10/15944581/original/(m=eaf8GgaaaWavb)(mh=OBw6r1ZI0oB4GjiP)3.jpg|https://ei.phncdn.com/videos/201308/10/15944581/original/(m=eaf8GgaaaWavb)(mh=OBw6r1ZI0oB4GjiP)1.jpg;https://ei.phncdn.com/videos/201308/10/15944581/original/(m=eaf8GgaaaWavb)(mh=OBw6r1ZI0oB4GjiP)2.jpg;https://ei.phncdn.com/videos/201308/10/15944581/original/(m=eaf8GgaaaWavb)(mh=OBw6r1ZI0oB4GjiP)3.jpg;https://ei.phncdn.com/videos/201308/10/15944581/original/(m=eaf8GgaaaWavb)(mh=OBw6r1ZI0oB4GjiP)4.jpg;https://ei.phncdn.com/videos/201308/10/15944581/original/(m=eaf8GgaaaWavb)(mh=OBw6r1ZI0oB4GjiP)5.jpg;https://ei.phncdn.com/videos/201308/10/15944581/original/(m=eaf8GgaaaWavb)(mh=OBw6r1ZI0oB4GjiP)6.jpg;https://ei.phncdn.com/videos/201308/10/15944581/original/(m=eaf8GgaaaWavb)(mh=OBw6r1ZI0oB4GjiP)7.jpg;https://ei.phncdn.com/videos/201308/10/15944581/original/(m=eaf8GgaaaWavb)(mh=OBw6r1ZI0oB4GjiP)8.jpg;https://ei.phncdn.com/videos/201308/10/15944581/original/(m=eaf8GgaaaWavb)(mh=OBw6r1ZI0oB4GjiP)9.jpg;https://ei.phncdn.com/videos/201308/10/15944581/original/(m=eaf8GgaaaWavb)(mh=OBw6r1ZI0oB4GjiP)10.jpg;https://ei.phncdn.com/videos/201308/10/15944581/original/(m=eaf8GgaaaWavb)(mh=OBw6r1ZI0oB4GjiP)11.jpg;https://ei.phncdn.com/videos/201308/10/15944581/original/(m=eaf8GgaaaWavb)(mh=OBw6r1ZI0oB4GjiP)12.jpg;https://ei.phncdn.com/videos/201308/10/15944581/original/(m=eaf8GgaaaWavb)(mh=OBw6r1ZI0oB4GjiP)13.jpg;https://ei.phncdn.com/videos/201308/10/15944581/original/(m=eaf8GgaaaWavb)(mh=OBw6r1ZI0oB4GjiP)14.jpg;https://ei.phncdn.com/videos/201308/10/15944581/original/(m=eaf8GgaaaWavb)(mh=OBw6r1ZI0oB4GjiP)15.jpg;https://ei.phncdn.com/videos/201308/10/15944581/original/(m=eaf8GgaaaWavb)(mh=OBw6r1ZI0oB4GjiP)16.jpg|Softcore Nudes 594 1960's - Scene 4|pornhub.com;hairy;natural-tits;brunette;raven;posing;tan-lines;nylons;garter-belt;heels;couch;bubble-butt|Striptease;Vintage;Small Tits||665|3929|12|2|https://ei.phncdn.com/videos/201308/10/15944581/original/(m=eaAaGwObaaamqv)(mh=kxBERbrEOnwS1r87)3.jpg|https://ei.phncdn.com/videos/201308/10/15944581/original/(m=eaAaGwObaaamqv)(mh=kxBERbrEOnwS1r87)1.jpg;https://ei.phncdn.com/videos/201308/10/15944581/original/(m=eaAaGwObaaamqv)(mh=kxBERbrEOnwS1r87)2.jpg;https://ei.phncdn.com/videos/201308/10/15944581/original/(m=eaAaGwObaaamqv)(mh=kxBERbrEOnwS1r87)3.jpg;https://ei.phncdn.com/videos/201308/10/15944581/original/(m=eaAaGwObaaamqv)(mh=kxBERbrEOnwS1r87)4.jpg;https://ei.phncdn.com/videos/201308/10/15944581/original/(m=eaAaGwObaaamqv)(mh=kxBERbrEOnwS1r87)5.jpg;https://ei.phncdn.com/videos/201308/10/15944581/original/(m=eaAaGwObaaamqv)(mh=kxBERbrEOnwS1r87)6.jpg;https://ei.phncdn.com/videos/201308/10/15944581/original/(m=eaAaGwObaaamqv)(mh=kxBERbrEOnwS1r87)7.jpg;https://ei.phncdn.com/videos/201308/10/15944581/original/(m=eaAaGwObaaamqv)(mh=kxBERbrEOnwS1r87)8.jpg;https://ei.phncdn.com/videos/201308/10/15944581/original/(m=eaAaGwObaaamqv)(mh=kxBERbrEOnwS1r87)9.jpg;https://ei.phncdn.com/videos/201308/10/15944581/original/(m=eaAaGwObaaamqv)(mh=kxBERbrEOnwS1r87)10.jpg;https://ei.phncdn.com/videos/201308/10/15944581/original/(m=eaAaGwObaaamqv)(mh=kxBERbrEOnwS1r87)11.jpg;https://ei.phncdn.com/videos/201308/10/15944581/original/(m=eaAaGwObaaamqv)(mh=kxBERbrEOnwS1r87)12.jpg;https://ei.phncdn.com/videos/201308/10/15944581/original/(m=eaAaGwObaaamqv)(mh=kxBERbrEOnwS1r87)13.jpg;https://ei.phncdn.com/videos/201308/10/15944581/original/(m=eaAaGwObaaamqv)(mh=kxBERbrEOnwS1r87)14.jpg;https://ei.phncdn.com/videos/201308/10/15944581/original/(m=eaAaGwObaaamqv)(mh=kxBERbrEOnwS1r87)15.jpg;https://ei.phncdn.com/videos/201308/10/15944581/original/(m=eaAaGwObaaamqv)(mh=kxBERbrEOnwS1r87)16.jpg
<iframe src="https://www.pornhub.com/embed/1019206328" frameborder="0" height="481" width="608" scrolling="no"></iframe>|https://ei.phncdn.com/videos/201308/10/15944601/original/(m=eaf8GgaaaWavb)(mh=mLQiMcYe_YMEQWRi)10.jpg|https://ei.phncdn.com/videos/201308/10/15944601/original/(m=eaf8GgaaaWavb)(mh=mLQiMcYe_YMEQWRi)1.jpg;https://ei.phncdn.com/videos/201308/10/15944601/original/(m=eaf8GgaaaWavb)(mh=mLQiMcYe_YMEQWRi)2.jpg;https://ei.phncdn.com/videos/201308/10/15944601/original/(m=eaf8GgaaaWavb)(mh=mLQiMcYe_YMEQWRi)3.jpg;https://ei.phncdn.com/videos/201308/10/15944601/original/(m=eaf8GgaaaWavb)(mh=mLQiMcYe_YMEQWRi)4.jpg;https://ei.phncdn.com/videos/201308/10/15944601/original/(m=eaf8GgaaaWavb)(mh=mLQiMcYe_YMEQWRi)5.jpg;https://ei.phncdn.com/videos/201308/10/15944601/original/(m=eaf8GgaaaWavb)(mh=mLQiMcYe_YMEQWRi)6.jpg;https://ei.phncdn.com/videos/201308/10/15944601/original/(m=eaf8GgaaaWavb)(mh=mLQiMcYe_YMEQWRi)7.jpg;https://ei.phncdn.com/videos/201308/10/15944601/original/(m=eaf8GgaaaWavb)(mh=mLQiMcYe_YMEQWRi)8.jpg;https://ei.phncdn.com/videos/201308/10/15944601/original/(m=eaf8GgaaaWavb)(mh=mLQiMcYe_YMEQWRi)9.jpg;https://ei.phncdn.com/videos/201308/10/15944601/original/(m=eaf8GgaaaWavb)(mh=mLQiMcYe_YMEQWRi)10.jpg;https://ei.phncdn.com/videos/201308/10/15944601/original/(m=eaf8GgaaaWavb)(mh=mLQiMcYe_YMEQWRi)11.jpg;https://ei.phncdn.com/videos/201308/10/15944601/original/(m=eaf8GgaaaWavb)(mh=mLQiMcYe_YMEQWRi)12.jpg;https://ei.phncdn.com/videos/201308/10/15944601/original/(m=eaf8GgaaaWavb)(mh=mLQiMcYe_YMEQWRi)13.jpg;https://ei.phncdn.com/videos/201308/10/15944601/original/(m=eaf8GgaaaWavb)(mh=mLQiMcYe_YMEQWRi)14.jpg;https://ei.phncdn.com/videos/201308/10/15944601/original/(m=eaf8GgaaaWavb)(mh=mLQiMcYe_YMEQWRi)15.jpg;https://ei.phncdn.com/videos/201308/10/15944601/original/(m=eaf8GgaaaWavb)(mh=mLQiMcYe_YMEQWRi)16.jpg|Softcore Nudes 602 1960's - Scene 5|pornhub.com;young;stripping;small-tits;60s;bubble-butt;natural-tits;hairy;posing;nude-modeling|Striptease;18-25;Vintage||650|3286|5|4|https://ei.phncdn.com/videos/201308/10/15944601/original/(m=eaAaGwObaaamqv)(mh=qFwfDbOBiHlFoHx-)10.jpg|https://ei.phncdn.com/videos/201308/10/15944601/original/(m=eaAaGwObaaamqv)(mh=qFwfDbOBiHlFoHx-)1.jpg;https://ei.phncdn.com/videos/201308/10/15944601/original/(m=eaAaGwObaaamqv)(mh=qFwfDbOBiHlFoHx-)2.jpg;https://ei.phncdn.com/videos/201308/10/15944601/original/(m=eaAaGwObaaamqv)(mh=qFwfDbOBiHlFoHx-)3.jpg;https://ei.phncdn.com/videos/201308/10/15944601/original/(m=eaAaGwObaaamqv)(mh=qFwfDbOBiHlFoHx-)4.jpg;https://ei.phncdn.com/videos/201308/10/15944601/original/(m=eaAaGwObaaamqv)(mh=qFwfDbOBiHlFoHx-)5.jpg;https://ei.phncdn.com/videos/201308/10/15944601/original/(m=eaAaGwObaaamqv)(mh=qFwfDbOBiHlFoHx-)6.jpg;https://ei.phncdn.com/videos/201308/10/15944601/original/(m=eaAaGwObaaamqv)(mh=qFwfDbOBiHlFoHx-)7.jpg;https://ei.phncdn.com/videos/201308/10/15944601/original/(m=eaAaGwObaaamqv)(mh=qFwfDbOBiHlFoHx-)8.jpg;https://ei.phncdn.com/videos/201308/10/15944601/original/(m=eaAaGwObaaamqv)(mh=qFwfDbOBiHlFoHx-)9.jpg;https://ei.phncdn.com/videos/201308/10/15944601/original/(m=eaAaGwObaaamqv)(mh=qFwfDbOBiHlFoHx-)10.jpg;https://ei.phncdn.com/videos/201308/10/15944601/original/(m=eaAaGwObaaamqv)(mh=qFwfDbOBiHlFoHx-)11.jpg;https://ei.phncdn.com/videos/201308/10/15944601/original/(m=eaAaGwObaaamqv)(mh=qFwfDbOBiHlFoHx-)12.jpg;https://ei.phncdn.com/videos/201308/10/15944601/original/(m=eaAaGwObaaamqv)(mh=qFwfDbOBiHlFoHx-)13.jpg;https://ei.phncdn.com/videos/201308/10/15944601/original/(m=eaAaGwObaaamqv)(mh=qFwfDbOBiHlFoHx-)14.jpg;https://ei.phncdn.com/videos/201308/10/15944601/original/(m=eaAaGwObaaamqv)(mh=qFwfDbOBiHlFoHx-)15.jpg;https://ei.phncdn.com/videos/201308/10/15944601/original/(m=eaAaGwObaaamqv)(mh=qFwfDbOBiHlFoHx-)16.jpg
<iframe src="https://www.pornhub.com/embed/1966508942" frameborder="0" height="481" width="608" scrolling="no"></iframe>|https://ei.phncdn.com/videos/201308/10/15944751/original/(m=eaf8GgaaaWavb)(mh=pGGCwmwQ1Or1da4s)15.jpg|https://ei.phncdn.com/videos/201308/10/15944751/original/(m=eaf8GgaaaWavb)(mh=pGGCwmwQ1Or1da4s)1.jpg;https://ei.phncdn.com/videos/201308/10/15944751/original/(m=eaf8GgaaaWavb)(mh=pGGCwmwQ1Or1da4s)2.jpg;https://ei.phncdn.com/videos/201308/10/15944751/original/(m=eaf8GgaaaWavb)(mh=pGGCwmwQ1Or1da4s)3.jpg;https://ei.phncdn.com/videos/201308/10/15944751/original/(m=eaf8GgaaaWavb)(mh=pGGCwmwQ1Or1da4s)4.jpg;https://ei.phncdn.com/videos/201308/10/15944751/original/(m=eaf8GgaaaWavb)(mh=pGGCwmwQ1Or1da4s)5.jpg;https://ei.phncdn.com/videos/201308/10/15944751/original/(m=eaf8GgaaaWavb)(mh=pGGCwmwQ1Or1da4s)6.jpg;https://ei.phncdn.com/videos/201308/10/15944751/original/(m=eaf8GgaaaWavb)(mh=pGGCwmwQ1Or1da4s)7.jpg;https://ei.phncdn.com/videos/201308/10/15944751/original/(m=eaf8GgaaaWavb)(mh=pGGCwmwQ1Or1da4s)8.jpg;https://ei.phncdn.com/videos/201308/10/15944751/original/(m=eaf8GgaaaWavb)(mh=pGGCwmwQ1Or1da4s)9.jpg;https://ei.phncdn.com/videos/201308/10/15944751/original/(m=eaf8GgaaaWavb)(mh=pGGCwmwQ1Or1da4s)10.jpg;https://ei.phncdn.com/videos/201308/10/15944751/original/(m=eaf8GgaaaWavb)(mh=pGGCwmwQ1Or1da4s)11.jpg;https://ei.phncdn.com/videos/201308/10/15944751/original/(m=eaf8GgaaaWavb)(mh=pGGCwmwQ1Or1da4s)12.jpg;https://ei.phncdn.com/videos/201308/10/15944751/original/(m=eaf8GgaaaWavb)(mh=pGGCwmwQ1Or1da4s)13.jpg;https://ei.phncdn.com/videos/201308/10/15944751/original/(m=eaf8GgaaaWavb)(mh=pGGCwmwQ1Or1da4s)14.jpg;https://ei.phncdn.com/videos/201308/10/15944751/original/(m=eaf8GgaaaWavb)(mh=pGGCwmwQ1Or1da4s)15.jpg;https://ei.phncdn.com/videos/201308/10/15944751/original/(m=eaf8GgaaaWavb)(mh=pGGCwmwQ1Or1da4s)16.jpg|Softcore Nudes 595 1960's - Scene 2|pornhub.com;hairy;brunette;natural-tits;skinny;bubble-butt;60s;teen|Striptease;Vintage;Small Tits||626|13535|42|4|https://ei.phncdn.com/videos/201308/10/15944751/original/(m=eaAaGwObaaamqv)(mh=sFUbL7z60Y9FPhzb)15.jpg|https://ei.phncdn.com/videos/201308/10/15944751/original/(m=eaAaGwObaaamqv)(mh=sFUbL7z60Y9FPhzb)1.jpg;https://ei.phncdn.com/videos/201308/10/15944751/original/(m=eaAaGwObaaamqv)(mh=sFUbL7z60Y9FPhzb)2.jpg;https://ei.phncdn.com/videos/201308/10/15944751/original/(m=eaAaGwObaaamqv)(mh=sFUbL7z60Y9FPhzb)3.jpg;https://ei.phncdn.com/videos/201308/10/15944751/original/(m=eaAaGwObaaamqv)(mh=sFUbL7z60Y9FPhzb)4.jpg;https://ei.phncdn.com/videos/201308/10/15944751/original/(m=eaAaGwObaaamqv)(mh=sFUbL7z60Y9FPhzb)5.jpg;https://ei.phncdn.com/videos/201308/10/15944751/original/(m=eaAaGwObaaamqv)(mh=sFUbL7z60Y9FPhzb)6.jpg;https://ei.phncdn.com/videos/201308/10/15944751/original/(m=eaAaGwObaaamqv)(mh=sFUbL7z60Y9FPhzb)7.jpg;https://ei.phncdn.com/videos/201308/10/15944751/original/(m=eaAaGwObaaamqv)(mh=sFUbL7z60Y9FPhzb)8.jpg;https://ei.phncdn.com/videos/201308/10/15944751/original/(m=eaAaGwObaaamqv)(mh=sFUbL7z60Y9FPhzb)9.jpg;https://ei.phncdn.com/videos/201308/10/15944751/original/(m=eaAaGwObaaamqv)(mh=sFUbL7z60Y9FPhzb)10.jpg;https://ei.phncdn.com/videos/201308/10/15944751/original/(m=eaAaGwObaaamqv)(mh=sFUbL7z60Y9FPhzb)11.jpg;https://ei.phncdn.com/videos/201308/10/15944751/original/(m=eaAaGwObaaamqv)(mh=sFUbL7z60Y9FPhzb)12.jpg;https://ei.phncdn.com/videos/201308/10/15944751/original/(m=eaAaGwObaaamqv)(mh=sFUbL7z60Y9FPhzb)13.jpg;https://ei.phncdn.com/videos/201308/10/15944751/original/(m=eaAaGwObaaamqv)(mh=sFUbL7z60Y9FPhzb)14.jpg;https://ei.phncdn.com/videos/201308/10/15944751/original/(m=eaAaGwObaaamqv)(mh=sFUbL7z60Y9FPhzb)15.jpg;https://ei.phncdn.com/videos/201308/10/15944751/original/(m=eaAaGwObaaamqv)(mh=sFUbL7z60Y9FPhzb)16.jpg
<iframe src="https://www.pornhub.com/embed/266733531" frameborder="0" height="481" width="608" scrolling="no"></iframe>|https://ei.phncdn.com/videos/201308/10/15944771/original/(m=eaf8GgaaaWavb)(mh=CFE_dclk5sn-2t8O)10.jpg|https://ei.phncdn.com/videos/201308/10/15944771/original/(m=eaf8GgaaaWavb)(mh=CFE_dclk5sn-2t8O)1.jpg;https://ei.phncdn.com/videos/201308/10/15944771/original/(m=eaf8GgaaaWavb)(mh=CFE_dclk5sn-2t8O)2.jpg;https://ei.phncdn.com/videos/201308/10/15944771/original/(m=eaf8GgaaaWavb)(mh=CFE_dclk5sn-2t8O)3.jpg;https://ei.phncdn.com/videos/201308/10/15944771/original/(m=eaf8GgaaaWavb)(mh=CFE_dclk5sn-2t8O)4.jpg;https://ei.phncdn.com/videos/201308/10/15944771/original/(m=eaf8GgaaaWavb)(mh=CFE_dclk5sn-2t8O)5.jpg;https://ei.phncdn.com/videos/201308/10/15944771/original/(m=eaf8GgaaaWavb)(mh=CFE_dclk5sn-2t8O)6.jpg;https://ei.phncdn.com/videos/201308/10/15944771/original/(m=eaf8GgaaaWavb)(mh=CFE_dclk5sn-2t8O)7.jpg;https://ei.phncdn.com/videos/201308/10/15944771/original/(m=eaf8GgaaaWavb)(mh=CFE_dclk5sn-2t8O)8.jpg;https://ei.phncdn.com/videos/201308/10/15944771/original/(m=eaf8GgaaaWavb)(mh=CFE_dclk5sn-2t8O)9.jpg;https://ei.phncdn.com/videos/201308/10/15944771/original/(m=eaf8GgaaaWavb)(mh=CFE_dclk5sn-2t8O)10.jpg;https://ei.phncdn.com/videos/201308/10/15944771/original/(m=eaf8GgaaaWavb)(mh=CFE_dclk5sn-2t8O)11.jpg;https://ei.phncdn.com/videos/201308/10/15944771/original/(m=eaf8GgaaaWavb)(mh=CFE_dclk5sn-2t8O)12.jpg;https://ei.phncdn.com/videos/201308/10/15944771/original/(m=eaf8GgaaaWavb)(mh=CFE_dclk5sn-2t8O)13.jpg;https://ei.phncdn.com/videos/201308/10/15944771/original/(m=eaf8GgaaaWavb)(mh=CFE_dclk5sn-2t8O)14.jpg;https://ei.phncdn.com/videos/201308/10/15944771/original/(m=eaf8GgaaaWavb)(mh=CFE_dclk5sn-2t8O)15.jpg;https://ei.phncdn.com/videos/201308/10/15944771/original/(m=eaf8GgaaaWavb)(mh=CFE_dclk5sn-2t8O)16.jpg|Softcore Nudes 597 1960's - Scene 3|pornhub.com;natural-tits;curvy;hairy;raven;brunette;60s;nude-modeling;nylons|Striptease;Vintage;Small Tits||615|4582|22|2|https://ei.phncdn.com/videos/201308/10/15944771/original/(m=eaAaGwObaaamqv)(mh=NZQE5ThYPh9K2iBb)10.jpg|https://ei.phncdn.com/videos/201308/10/15944771/original/(m=eaAaGwObaaamqv)(mh=NZQE5ThYPh9K2iBb)1.jpg;https://ei.phncdn.com/videos/201308/10/15944771/original/(m=eaAaGwObaaamqv)(mh=NZQE5ThYPh9K2iBb)2.jpg;https://ei.phncdn.com/videos/201308/10/15944771/original/(m=eaAaGwObaaamqv)(mh=NZQE5ThYPh9K2iBb)3.jpg;https://ei.phncdn.com/videos/201308/10/15944771/original/(m=eaAaGwObaaamqv)(mh=NZQE5ThYPh9K2iBb)4.jpg;https://ei.phncdn.com/videos/201308/10/15944771/original/(m=eaAaGwObaaamqv)(mh=NZQE5ThYPh9K2iBb)5.jpg;https://ei.phncdn.com/videos/201308/10/15944771/original/(m=eaAaGwObaaamqv)(mh=NZQE5ThYPh9K2iBb)6.jpg;https://ei.phncdn.com/videos/201308/10/15944771/original/(m=eaAaGwObaaamqv)(mh=NZQE5ThYPh9K2iBb)7.jpg;https://ei.phncdn.com/videos/201308/10/15944771/original/(m=eaAaGwObaaamqv)(mh=NZQE5ThYPh9K2iBb)8.jpg;https://ei.phncdn.com/videos/201308/10/15944771/original/(m=eaAaGwObaaamqv)(mh=NZQE5ThYPh9K2iBb)9.jpg;https://ei.phncdn.com/videos/201308/10/15944771/original/(m=eaAaGwObaaamqv)(mh=NZQE5ThYPh9K2iBb)10.jpg;https://ei.phncdn.com/videos/201308/10/15944771/original/(m=eaAaGwObaaamqv)(mh=NZQE5ThYPh9K2iBb)11.jpg;https://ei.phncdn.com/videos/201308/10/15944771/original/(m=eaAaGwObaaamqv)(mh=NZQE5ThYPh9K2iBb)12.jpg;https://ei.phncdn.com/videos/201308/10/15944771/original/(m=eaAaGwObaaamqv)(mh=NZQE5ThYPh9K2iBb)13.jpg;https://ei.phncdn.com/videos/201308/10/15944771/original/(m=eaAaGwObaaamqv)(mh=NZQE5ThYPh9K2iBb)14.jpg;https://ei.phncdn.com/videos/201308/10/15944771/original/(m=eaAaGwObaaamqv)(mh=NZQE5ThYPh9K2iBb)15.jpg;https://ei.phncdn.com/videos/201308/10/15944771/original/(m=eaAaGwObaaamqv)(mh=NZQE5ThYPh9K2iBb)16.jpg
<iframe src="https://www.pornhub.com/embed/407038499" frameborder="0" height="481" width="608" scrolling="no"></iframe>|https://ei.phncdn.com/videos/201308/10/15944891/original/(m=eaf8GgaaaWavb)(mh=kYGRqB2CRvzeQipl)3.jpg|https://ei.phncdn.com/videos/201308/10/15944891/original/(m=eaf8GgaaaWavb)(mh=kYGRqB2CRvzeQipl)1.jpg;https://ei.phncdn.com/videos/201308/10/15944891/original/(m=eaf8GgaaaWavb)(mh=kYGRqB2CRvzeQipl)2.jpg;https://ei.phncdn.com/videos/201308/10/15944891/original/(m=eaf8GgaaaWavb)(mh=kYGRqB2CRvzeQipl)3.jpg;https://ei.phncdn.com/videos/201308/10/15944891/original/(m=eaf8GgaaaWavb)(mh=kYGRqB2CRvzeQipl)4.jpg;https://ei.phncdn.com/videos/201308/10/15944891/original/(m=eaf8GgaaaWavb)(mh=kYGRqB2CRvzeQipl)5.jpg;https://ei.phncdn.com/videos/201308/10/15944891/original/(m=eaf8GgaaaWavb)(mh=kYGRqB2CRvzeQipl)6.jpg;https://ei.phncdn.com/videos/201308/10/15944891/original/(m=eaf8GgaaaWavb)(mh=kYGRqB2CRvzeQipl)7.jpg;https://ei.phncdn.com/videos/201308/10/15944891/original/(m=eaf8GgaaaWavb)(mh=kYGRqB2CRvzeQipl)8.jpg;https://ei.phncdn.com/videos/201308/10/15944891/original/(m=eaf8GgaaaWavb)(mh=kYGRqB2CRvzeQipl)9.jpg;https://ei.phncdn.com/videos/201308/10/15944891/original/(m=eaf8GgaaaWavb)(mh=kYGRqB2CRvzeQipl)10.jpg;https://ei.phncdn.com/videos/201308/10/15944891/original/(m=eaf8GgaaaWavb)(mh=kYGRqB2CRvzeQipl)11.jpg;https://ei.phncdn.com/videos/201308/10/15944891/original/(m=eaf8GgaaaWavb)(mh=kYGRqB2CRvzeQipl)12.jpg;https://ei.phncdn.com/videos/201308/10/15944891/original/(m=eaf8GgaaaWavb)(mh=kYGRqB2CRvzeQipl)13.jpg;https://ei.phncdn.com/videos/201308/10/15944891/original/(m=eaf8GgaaaWavb)(mh=kYGRqB2CRvzeQipl)14.jpg;https://ei.phncdn.com/videos/201308/10/15944891/original/(m=eaf8GgaaaWavb)(mh=kYGRqB2CRvzeQipl)15.jpg;https://ei.phncdn.com/videos/201308/10/15944891/original/(m=eaf8GgaaaWavb)(mh=kYGRqB2CRvzeQipl)16.jpg|Softcore Nudes 597 1960's - Scene 11|pornhub.com;stripping;hairy;blonde;brunette;60s;big-tits;young;skinny;bubble-butt;small-tits|Striptease;Vintage;Compilation||685|2396|8|0|https://ei.phncdn.com/videos/201308/10/15944891/original/(m=eaAaGwObaaamqv)(mh=__b0FIDJ-gaGSFgD)3.jpg|https://ei.phncdn.com/videos/201308/10/15944891/original/(m=eaAaGwObaaamqv)(mh=__b0FIDJ-gaGSFgD)1.jpg;https://ei.phncdn.com/videos/201308/10/15944891/original/(m=eaAaGwObaaamqv)(mh=__b0FIDJ-gaGSFgD)2.jpg;https://ei.phncdn.com/videos/201308/10/15944891/original/(m=eaAaGwObaaamqv)(mh=__b0FIDJ-gaGSFgD)3.jpg;https://ei.phncdn.com/videos/201308/10/15944891/original/(m=eaAaGwObaaamqv)(mh=__b0FIDJ-gaGSFgD)4.jpg;https://ei.phncdn.com/videos/201308/10/15944891/original/(m=eaAaGwObaaamqv)(mh=__b0FIDJ-gaGSFgD)5.jpg;https://ei.phncdn.com/videos/201308/10/15944891/original/(m=eaAaGwObaaamqv)(mh=__b0FIDJ-gaGSFgD)6.jpg;https://ei.phncdn.com/videos/201308/10/15944891/original/(m=eaAaGwObaaamqv)(mh=__b0FIDJ-gaGSFgD)7.jpg;https://ei.phncdn.com/videos/201308/10/15944891/original/(m=eaAaGwObaaamqv)(mh=__b0FIDJ-gaGSFgD)8.jpg;https://ei.phncdn.com/videos/201308/10/15944891/original/(m=eaAaGwObaaamqv)(mh=__b0FIDJ-gaGSFgD)9.jpg;https://ei.phncdn.com/videos/201308/10/15944891/original/(m=eaAaGwObaaamqv)(mh=__b0FIDJ-gaGSFgD)10.jpg;https://ei.phncdn.com/videos/201308/10/15944891/original/(m=eaAaGwObaaamqv)(mh=__b0FIDJ-gaGSFgD)11.jpg;https://ei.phncdn.com/videos/201308/10/15944891/original/(m=eaAaGwObaaamqv)(mh=__b0FIDJ-gaGSFgD)12.jpg;https://ei.phncdn.com/videos/201308/10/15944891/original/(m=eaAaGwObaaamqv)(mh=__b0FIDJ-gaGSFgD)13.jpg;https://ei.phncdn.com/videos/201308/10/15944891/original/(m=eaAaGwObaaamqv)(mh=__b0FIDJ-gaGSFgD)14.jpg;https://ei.phncdn.com/videos/201308/10/15944891/original/(m=eaAaGwObaaamqv)(mh=__b0FIDJ-gaGSFgD)15.jpg;https://ei.phncdn.com/videos/201308/10/15944891/original/(m=eaAaGwObaaamqv)(mh=__b0FIDJ-gaGSFgD)16.jpg
<iframe src="https://www.pornhub.com/embed/910525131" frameborder="0" height="481" width="608" scrolling="no"></iframe>|https://ei.phncdn.com/videos/201308/10/15946851/original/(m=eaf8GgaaaWavb)(mh=VsYZaXOlj1kCzver)5.jpg|https://ei.phncdn.com/videos/201308/10/15946851/original/(m=eaf8GgaaaWavb)(mh=VsYZaXOlj1kCzver)1.jpg;https://ei.phncdn.com/videos/201308/10/15946851/original/(m=eaf8GgaaaWavb)(mh=VsYZaXOlj1kCzver)2.jpg;https://ei.phncdn.com/videos/201308/10/15946851/original/(m=eaf8GgaaaWavb)(mh=VsYZaXOlj1kCzver)3.jpg;https://ei.phncdn.com/videos/201308/10/15946851/original/(m=eaf8GgaaaWavb)(mh=VsYZaXOlj1kCzver)4.jpg;https://ei.phncdn.com/videos/201308/10/15946851/original/(m=eaf8GgaaaWavb)(mh=VsYZaXOlj1kCzver)5.jpg;https://ei.phncdn.com/videos/201308/10/15946851/original/(m=eaf8GgaaaWavb)(mh=VsYZaXOlj1kCzver)6.jpg;https://ei.phncdn.com/videos/201308/10/15946851/original/(m=eaf8GgaaaWavb)(mh=VsYZaXOlj1kCzver)7.jpg;https://ei.phncdn.com/videos/201308/10/15946851/original/(m=eaf8GgaaaWavb)(mh=VsYZaXOlj1kCzver)8.jpg;https://ei.phncdn.com/videos/201308/10/15946851/original/(m=eaf8GgaaaWavb)(mh=VsYZaXOlj1kCzver)9.jpg;https://ei.phncdn.com/videos/201308/10/15946851/original/(m=eaf8GgaaaWavb)(mh=VsYZaXOlj1kCzver)10.jpg;https://ei.phncdn.com/videos/201308/10/15946851/original/(m=eaf8GgaaaWavb)(mh=VsYZaXOlj1kCzver)11.jpg;https://ei.phncdn.com/videos/201308/10/15946851/original/(m=eaf8GgaaaWavb)(mh=VsYZaXOlj1kCzver)12.jpg;https://ei.phncdn.com/videos/201308/10/15946851/original/(m=eaf8GgaaaWavb)(mh=VsYZaXOlj1kCzver)13.jpg;https://ei.phncdn.com/videos/201308/10/15946851/original/(m=eaf8GgaaaWavb)(mh=VsYZaXOlj1kCzver)14.jpg;https://ei.phncdn.com/videos/201308/10/15946851/original/(m=eaf8GgaaaWavb)(mh=VsYZaXOlj1kCzver)15.jpg;https://ei.phncdn.com/videos/201308/10/15946851/original/(m=eaf8GgaaaWavb)(mh=VsYZaXOlj1kCzver)16.jpg|Softcore Nudes 619 50's and 60's - Scene 9|pornhub.com;black-and-white;50s;60s;brunette;blonde;huge-tits;big-tits;nylons;garter-belt|Striptease;Vintage;Compilation||1043|4792|13|4|https://ei.phncdn.com/videos/201308/10/15946851/original/(m=eaAaGwObaaamqv)(mh=45YLtf-7B6eWbZJc)5.jpg|https://ei.phncdn.com/videos/201308/10/15946851/original/(m=eaAaGwObaaamqv)(mh=45YLtf-7B6eWbZJc)1.jpg;https://ei.phncdn.com/videos/201308/10/15946851/original/(m=eaAaGwObaaamqv)(mh=45YLtf-7B6eWbZJc)2.jpg;https://ei.phncdn.com/videos/201308/10/15946851/original/(m=eaAaGwObaaamqv)(mh=45YLtf-7B6eWbZJc)3.jpg;https://ei.phncdn.com/videos/201308/10/15946851/original/(m=eaAaGwObaaamqv)(mh=45YLtf-7B6eWbZJc)4.jpg;https://ei.phncdn.com/videos/201308/10/15946851/original/(m=eaAaGwObaaamqv)(mh=45YLtf-7B6eWbZJc)5.jpg;https://ei.phncdn.com/videos/201308/10/15946851/original/(m=eaAaGwObaaamqv)(mh=45YLtf-7B6eWbZJc)6.jpg;https://ei.phncdn.com/videos/201308/10/15946851/original/(m=eaAaGwObaaamqv)(mh=45YLtf-7B6eWbZJc)7.jpg;https://ei.phncdn.com/videos/201308/10/15946851/original/(m=eaAaGwObaaamqv)(mh=45YLtf-7B6eWbZJc)8.jpg;https://ei.phncdn.com/videos/201308/10/15946851/original/(m=eaAaGwObaaamqv)(mh=45YLtf-7B6eWbZJc)9.jpg;https://ei.phncdn.com/videos/201308/10/15946851/original/(m=eaAaGwObaaamqv)(mh=45YLtf-7B6eWbZJc)10.jpg;https://ei.phncdn.com/videos/201308/10/15946851/original/(m=eaAaGwObaaamqv)(mh=45YLtf-7B6eWbZJc)11.jpg;https://ei.phncdn.com/videos/201308/10/15946851/original/(m=eaAaGwObaaamqv)(mh=45YLtf-7B6eWbZJc)12.jpg;https://ei.phncdn.com/videos/201308/10/15946851/original/(m=eaAaGwObaaamqv)(mh=45YLtf-7B6eWbZJc)13.jpg;https://ei.phncdn.com/videos/201308/10/15946851/original/(m=eaAaGwObaaamqv)(mh=45YLtf-7B6eWbZJc)14.jpg;https://ei.phncdn.com/videos/201308/10/15946851/original/(m=eaAaGwObaaamqv)(mh=45YLtf-7B6eWbZJc)15.jpg;https://ei.phncdn.com/videos/201308/10/15946851/original/(m=eaAaGwObaaamqv)(mh=45YLtf-7B6eWbZJc)16.jpg
<iframe src="https://www.pornhub.com/embed/1887386976" frameborder="0" height="481" width="608" scrolling="no"></iframe>|https://ei.phncdn.com/videos/201308/10/15950371/original/(m=eaf8GgaaaWavb)(mh=v0EUMuMX08lSbtI3)8.jpg|https://ei.phncdn.com/videos/201308/10/15950371/original/(m=eaf8GgaaaWavb)(mh=v0EUMuMX08lSbtI3)1.jpg;https://ei.phncdn.com/videos/201308/10/15950371/original/(m=eaf8GgaaaWavb)(mh=v0EUMuMX08lSbtI3)2.jpg;https://ei.phncdn.com/videos/201308/10/15950371/original/(m=eaf8GgaaaWavb)(mh=v0EUMuMX08lSbtI3)3.jpg;https://ei.phncdn.com/videos/201308/10/15950371/original/(m=eaf8GgaaaWavb)(mh=v0EUMuMX08lSbtI3)4.jpg;https://ei.phncdn.com/videos/201308/10/15950371/original/(m=eaf8GgaaaWavb)(mh=v0EUMuMX08lSbtI3)5.jpg;https://ei.phncdn.com/videos/201308/10/15950371/original/(m=eaf8GgaaaWavb)(mh=v0EUMuMX08lSbtI3)6.jpg;https://ei.phncdn.com/videos/201308/10/15950371/original/(m=eaf8GgaaaWavb)(mh=v0EUMuMX08lSbtI3)7.jpg;https://ei.phncdn.com/videos/201308/10/15950371/original/(m=eaf8GgaaaWavb)(mh=v0EUMuMX08lSbtI3)8.jpg;https://ei.phncdn.com/videos/201308/10/15950371/original/(m=eaf8GgaaaWavb)(mh=v0EUMuMX08lSbtI3)9.jpg;https://ei.phncdn.com/videos/201308/10/15950371/original/(m=eaf8GgaaaWavb)(mh=v0EUMuMX08lSbtI3)10.jpg;https://ei.phncdn.com/videos/201308/10/15950371/original/(m=eaf8GgaaaWavb)(mh=v0EUMuMX08lSbtI3)11.jpg;https://ei.phncdn.com/videos/201308/10/15950371/original/(m=eaf8GgaaaWavb)(mh=v0EUMuMX08lSbtI3)12.jpg;https://ei.phncdn.com/videos/201308/10/15950371/original/(m=eaf8GgaaaWavb)(mh=v0EUMuMX08lSbtI3)13.jpg;https://ei.phncdn.com/videos/201308/10/15950371/original/(m=eaf8GgaaaWavb)(mh=v0EUMuMX08lSbtI3)14.jpg;https://ei.phncdn.com/videos/201308/10/15950371/original/(m=eaf8GgaaaWavb)(mh=v0EUMuMX08lSbtI3)15.jpg;https://ei.phncdn.com/videos/201308/10/15950371/original/(m=eaf8GgaaaWavb)(mh=v0EUMuMX08lSbtI3)16.jpg|Softcore Nudes 637 1960's - Scene 5|pornhub.com;blonde;small-tits;tan-lines;hairy;skinny;60s;black-and-white|Striptease;18-25;Vintage||670|11919|28|6|https://ei.phncdn.com/videos/201308/10/15950371/original/(m=eaAaGwObaaamqv)(mh=IqWOISV5SaEPe4ZC)8.jpg|https://ei.phncdn.com/videos/201308/10/15950371/original/(m=eaAaGwObaaamqv)(mh=IqWOISV5SaEPe4ZC)1.jpg;https://ei.phncdn.com/videos/201308/10/15950371/original/(m=eaAaGwObaaamqv)(mh=IqWOISV5SaEPe4ZC)2.jpg;https://ei.phncdn.com/videos/201308/10/15950371/original/(m=eaAaGwObaaamqv)(mh=IqWOISV5SaEPe4ZC)3.jpg;https://ei.phncdn.com/videos/201308/10/15950371/original/(m=eaAaGwObaaamqv)(mh=IqWOISV5SaEPe4ZC)4.jpg;https://ei.phncdn.com/videos/201308/10/15950371/original/(m=eaAaGwObaaamqv)(mh=IqWOISV5SaEPe4ZC)5.jpg;https://ei.phncdn.com/videos/201308/10/15950371/original/(m=eaAaGwObaaamqv)(mh=IqWOISV5SaEPe4ZC)6.jpg;https://ei.phncdn.com/videos/201308/10/15950371/original/(m=eaAaGwObaaamqv)(mh=IqWOISV5SaEPe4ZC)7.jpg;https://ei.phncdn.com/videos/201308/10/15950371/original/(m=eaAaGwObaaamqv)(mh=IqWOISV5SaEPe4ZC)8.jpg;https://ei.phncdn.com/videos/201308/10/15950371/original/(m=eaAaGwObaaamqv)(mh=IqWOISV5SaEPe4ZC)9.jpg;https://ei.phncdn.com/videos/201308/10/15950371/original/(m=eaAaGwObaaamqv)(mh=IqWOISV5SaEPe4ZC)10.jpg;https://ei.phncdn.com/videos/201308/10/15950371/original/(m=eaAaGwObaaamqv)(mh=IqWOISV5SaEPe4ZC)11.jpg;https://ei.phncdn.com/videos/201308/10/15950371/original/(m=eaAaGwObaaamqv)(mh=IqWOISV5SaEPe4ZC)12.jpg;https://ei.phncdn.com/videos/201308/10/15950371/original/(m=eaAaGwObaaamqv)(mh=IqWOISV5SaEPe4ZC)13.jpg;https://ei.phncdn.com/videos/201308/10/15950371/original/(m=eaAaGwObaaamqv)(mh=IqWOISV5SaEPe4ZC)14.jpg;https://ei.phncdn.com/videos/201308/10/15950371/original/(m=eaAaGwObaaamqv)(mh=IqWOISV5SaEPe4ZC)15.jpg;https://ei.phncdn.com/videos/201308/10/15950371/original/(m=eaAaGwObaaamqv)(mh=IqWOISV5SaEPe4ZC)16.jpg
<iframe src="https://www.pornhub.com/embed/1793218616" frameborder="0" height="481" width="608" scrolling="no"></iframe>|https://ei.phncdn.com/videos/201308/10/15952081/original/(m=eaf8GgaaaWavb)(mh=IpHB2ydIlROsqB1C)8.jpg|https://ei.phncdn.com/videos/201308/10/15952081/original/(m=eaf8GgaaaWavb)(mh=IpHB2ydIlROsqB1C)1.jpg;https://ei.phncdn.com/videos/201308/10/15952081/original/(m=eaf8GgaaaWavb)(mh=IpHB2ydIlROsqB1C)2.jpg;https://ei.phncdn.com/videos/201308/10/15952081/original/(m=eaf8GgaaaWavb)(mh=IpHB2ydIlROsqB1C)3.jpg;https://ei.phncdn.com/videos/201308/10/15952081/original/(m=eaf8GgaaaWavb)(mh=IpHB2ydIlROsqB1C)4.jpg;https://ei.phncdn.com/videos/201308/10/15952081/original/(m=eaf8GgaaaWavb)(mh=IpHB2ydIlROsqB1C)5.jpg;https://ei.phncdn.com/videos/201308/10/15952081/original/(m=eaf8GgaaaWavb)(mh=IpHB2ydIlROsqB1C)6.jpg;https://ei.phncdn.com/videos/201308/10/15952081/original/(m=eaf8GgaaaWavb)(mh=IpHB2ydIlROsqB1C)7.jpg;https://ei.phncdn.com/videos/201308/10/15952081/original/(m=eaf8GgaaaWavb)(mh=IpHB2ydIlROsqB1C)8.jpg;https://ei.phncdn.com/videos/201308/10/15952081/original/(m=eaf8GgaaaWavb)(mh=IpHB2ydIlROsqB1C)9.jpg;https://ei.phncdn.com/videos/201308/10/15952081/original/(m=eaf8GgaaaWavb)(mh=IpHB2ydIlROsqB1C)10.jpg;https://ei.phncdn.com/videos/201308/10/15952081/original/(m=eaf8GgaaaWavb)(mh=IpHB2ydIlROsqB1C)11.jpg;https://ei.phncdn.com/videos/201308/10/15952081/original/(m=eaf8GgaaaWavb)(mh=IpHB2ydIlROsqB1C)12.jpg;https://ei.phncdn.com/videos/201308/10/15952081/original/(m=eaf8GgaaaWavb)(mh=IpHB2ydIlROsqB1C)13.jpg;https://ei.phncdn.com/videos/201308/10/15952081/original/(m=eaf8GgaaaWavb)(mh=IpHB2ydIlROsqB1C)14.jpg;https://ei.phncdn.com/videos/201308/10/15952081/original/(m=eaf8GgaaaWavb)(mh=IpHB2ydIlROsqB1C)15.jpg;https://ei.phncdn.com/videos/201308/10/15952081/original/(m=eaf8GgaaaWavb)(mh=IpHB2ydIlROsqB1C)16.jpg|Softcore Nudes 636 1960's - Scene 1|pornhub.com;teen;hairy;skinny;natural-tits;black-and-white;60s;modeling;teasing;small-ass|Striptease;Vintage;Small Tits||700|4845|25|3|https://ei.phncdn.com/videos/201308/10/15952081/original/(m=eaAaGwObaaamqv)(mh=6TrWvsvWANdVaQFX)8.jpg|https://ei.phncdn.com/videos/201308/10/15952081/original/(m=eaAaGwObaaamqv)(mh=6TrWvsvWANdVaQFX)1.jpg;https://ei.phncdn.com/videos/201308/10/15952081/original/(m=eaAaGwObaaamqv)(mh=6TrWvsvWANdVaQFX)2.jpg;https://ei.phncdn.com/videos/201308/10/15952081/original/(m=eaAaGwObaaamqv)(mh=6TrWvsvWANdVaQFX)3.jpg;https://ei.phncdn.com/videos/201308/10/15952081/original/(m=eaAaGwObaaamqv)(mh=6TrWvsvWANdVaQFX)4.jpg;https://ei.phncdn.com/videos/201308/10/15952081/original/(m=eaAaGwObaaamqv)(mh=6TrWvsvWANdVaQFX)5.jpg;https://ei.phncdn.com/videos/201308/10/15952081/original/(m=eaAaGwObaaamqv)(mh=6TrWvsvWANdVaQFX)6.jpg;https://ei.phncdn.com/videos/201308/10/15952081/original/(m=eaAaGwObaaamqv)(mh=6TrWvsvWANdVaQFX)7.jpg;https://ei.phncdn.com/videos/201308/10/15952081/original/(m=eaAaGwObaaamqv)(mh=6TrWvsvWANdVaQFX)8.jpg;https://ei.phncdn.com/videos/201308/10/15952081/original/(m=eaAaGwObaaamqv)(mh=6TrWvsvWANdVaQFX)9.jpg;https://ei.phncdn.com/videos/201308/10/15952081/original/(m=eaAaGwObaaamqv)(mh=6TrWvsvWANdVaQFX)10.jpg;https://ei.phncdn.com/videos/201308/10/15952081/original/(m=eaAaGwObaaamqv)(mh=6TrWvsvWANdVaQFX)11.jpg;https://ei.phncdn.com/videos/201308/10/15952081/original/(m=eaAaGwObaaamqv)(mh=6TrWvsvWANdVaQFX)12.jpg;https://ei.phncdn.com/videos/201308/10/15952081/original/(m=eaAaGwObaaamqv)(mh=6TrWvsvWANdVaQFX)13.jpg;https://ei.phncdn.com/videos/201308/10/15952081/original/(m=eaAaGwObaaamqv)(mh=6TrWvsvWANdVaQFX)14.jpg;https://ei.phncdn.com/videos/201308/10/15952081/original/(m=eaAaGwObaaamqv)(mh=6TrWvsvWANdVaQFX)15.jpg;https://ei.phncdn.com/videos/201308/10/15952081/original/(m=eaAaGwObaaamqv)(mh=6TrWvsvWANdVaQFX)16.jpg
<iframe src="https://www.pornhub.com/embed/1344451010" frameborder="0" height="481" width="608" scrolling="no"></iframe>|https://ei.phncdn.com/videos/201308/10/15959571/original/(m=eaf8GgaaaWavb)(mh=S21yfL6XR4HYmuoO)8.jpg|https://ei.phncdn.com/videos/201308/10/15959571/original/(m=eaf8GgaaaWavb)(mh=S21yfL6XR4HYmuoO)1.jpg;https://ei.phncdn.com/videos/201308/10/15959571/original/(m=eaf8GgaaaWavb)(mh=S21yfL6XR4HYmuoO)2.jpg;https://ei.phncdn.com/videos/201308/10/15959571/original/(m=eaf8GgaaaWavb)(mh=S21yfL6XR4HYmuoO)3.jpg;https://ei.phncdn.com/videos/201308/10/15959571/original/(m=eaf8GgaaaWavb)(mh=S21yfL6XR4HYmuoO)4.jpg;https://ei.phncdn.com/videos/201308/10/15959571/original/(m=eaf8GgaaaWavb)(mh=S21yfL6XR4HYmuoO)5.jpg;https://ei.phncdn.com/videos/201308/10/15959571/original/(m=eaf8GgaaaWavb)(mh=S21yfL6XR4HYmuoO)6.jpg;https://ei.phncdn.com/videos/201308/10/15959571/original/(m=eaf8GgaaaWavb)(mh=S21yfL6XR4HYmuoO)7.jpg;https://ei.phncdn.com/videos/201308/10/15959571/original/(m=eaf8GgaaaWavb)(mh=S21yfL6XR4HYmuoO)8.jpg;https://ei.phncdn.com/videos/201308/10/15959571/original/(m=eaf8GgaaaWavb)(mh=S21yfL6XR4HYmuoO)9.jpg;https://ei.phncdn.com/videos/201308/10/15959571/original/(m=eaf8GgaaaWavb)(mh=S21yfL6XR4HYmuoO)10.jpg;https://ei.phncdn.com/videos/201308/10/15959571/original/(m=eaf8GgaaaWavb)(mh=S21yfL6XR4HYmuoO)11.jpg;https://ei.phncdn.com/videos/201308/10/15959571/original/(m=eaf8GgaaaWavb)(mh=S21yfL6XR4HYmuoO)12.jpg;https://ei.phncdn.com/videos/201308/10/15959571/original/(m=eaf8GgaaaWavb)(mh=S21yfL6XR4HYmuoO)13.jpg;https://ei.phncdn.com/videos/201308/10/15959571/original/(m=eaf8GgaaaWavb)(mh=S21yfL6XR4HYmuoO)14.jpg;https://ei.phncdn.com/videos/201308/10/15959571/original/(m=eaf8GgaaaWavb)(mh=S21yfL6XR4HYmuoO)15.jpg;https://ei.phncdn.com/videos/201308/10/15959571/original/(m=eaf8GgaaaWavb)(mh=S21yfL6XR4HYmuoO)16.jpg|Softcore Nudes 608 60's and 70's - Scene 1|pornhub.com;stripping;dancing;blonde;brunette;skinny;small-tits;big-tits;60s;70s|Striptease;18-25;Vintage||716|15486|33|4|https://ei.phncdn.com/videos/201308/10/15959571/original/(m=eaAaGwObaaamqv)(mh=cr_ZbC1Mv-wsnraP)8.jpg|https://ei.phncdn.com/videos/201308/10/15959571/original/(m=eaAaGwObaaamqv)(mh=cr_ZbC1Mv-wsnraP)1.jpg;https://ei.phncdn.com/videos/201308/10/15959571/original/(m=eaAaGwObaaamqv)(mh=cr_ZbC1Mv-wsnraP)2.jpg;https://ei.phncdn.com/videos/201308/10/15959571/original/(m=eaAaGwObaaamqv)(mh=cr_ZbC1Mv-wsnraP)3.jpg;https://ei.phncdn.com/videos/201308/10/15959571/original/(m=eaAaGwObaaamqv)(mh=cr_ZbC1Mv-wsnraP)4.jpg;https://ei.phncdn.com/videos/201308/10/15959571/original/(m=eaAaGwObaaamqv)(mh=cr_ZbC1Mv-wsnraP)5.jpg;https://ei.phncdn.com/videos/201308/10/15959571/original/(m=eaAaGwObaaamqv)(mh=cr_ZbC1Mv-wsnraP)6.jpg;https://ei.phncdn.com/videos/201308/10/15959571/original/(m=eaAaGwObaaamqv)(mh=cr_ZbC1Mv-wsnraP)7.jpg;https://ei.phncdn.com/videos/201308/10/15959571/original/(m=eaAaGwObaaamqv)(mh=cr_ZbC1Mv-wsnraP)8.jpg;https://ei.phncdn.com/videos/201308/10/15959571/original/(m=eaAaGwObaaamqv)(mh=cr_ZbC1Mv-wsnraP)9.jpg;https://ei.phncdn.com/videos/201308/10/15959571/original/(m=eaAaGwObaaamqv)(mh=cr_ZbC1Mv-wsnraP)10.jpg;https://ei.phncdn.com/videos/201308/10/15959571/original/(m=eaAaGwObaaamqv)(mh=cr_ZbC1Mv-wsnraP)11.jpg;https://ei.phncdn.com/videos/201308/10/15959571/original/(m=eaAaGwObaaamqv)(mh=cr_ZbC1Mv-wsnraP)12.jpg;https://ei.phncdn.com/videos/201308/10/15959571/original/(m=eaAaGwObaaamqv)(mh=cr_ZbC1Mv-wsnraP)13.jpg;https://ei.phncdn.com/videos/201308/10/15959571/original/(m=eaAaGwObaaamqv)(mh=cr_ZbC1Mv-wsnraP)14.jpg;https://ei.phncdn.com/videos/201308/10/15959571/original/(m=eaAaGwObaaamqv)(mh=cr_ZbC1Mv-wsnraP)15.jpg;https://ei.phncdn.com/videos/201308/10/15959571/original/(m=eaAaGwObaaamqv)(mh=cr_ZbC1Mv-wsnraP)16.jpg
<iframe src="https://www.pornhub.com/embed/1147007904" frameborder="0" height="481" width="608" scrolling="no"></iframe>|https://ei.phncdn.com/videos/201308/10/15976511/original/(m=eaf8GgaaaWavb)(mh=YFWAnv1P223Wv6DY)14.jpg|https://ei.phncdn.com/videos/201308/10/15976511/original/(m=eaf8GgaaaWavb)(mh=YFWAnv1P223Wv6DY)1.jpg;https://ei.phncdn.com/videos/201308/10/15976511/original/(m=eaf8GgaaaWavb)(mh=YFWAnv1P223Wv6DY)2.jpg;https://ei.phncdn.com/videos/201308/10/15976511/original/(m=eaf8GgaaaWavb)(mh=YFWAnv1P223Wv6DY)3.jpg;https://ei.phncdn.com/videos/201308/10/15976511/original/(m=eaf8GgaaaWavb)(mh=YFWAnv1P223Wv6DY)4.jpg;https://ei.phncdn.com/videos/201308/10/15976511/original/(m=eaf8GgaaaWavb)(mh=YFWAnv1P223Wv6DY)5.jpg;https://ei.phncdn.com/videos/201308/10/15976511/original/(m=eaf8GgaaaWavb)(mh=YFWAnv1P223Wv6DY)6.jpg;https://ei.phncdn.com/videos/201308/10/15976511/original/(m=eaf8GgaaaWavb)(mh=YFWAnv1P223Wv6DY)7.jpg;https://ei.phncdn.com/videos/201308/10/15976511/original/(m=eaf8GgaaaWavb)(mh=YFWAnv1P223Wv6DY)8.jpg;https://ei.phncdn.com/videos/201308/10/15976511/original/(m=eaf8GgaaaWavb)(mh=YFWAnv1P223Wv6DY)9.jpg;https://ei.phncdn.com/videos/201308/10/15976511/original/(m=eaf8GgaaaWavb)(mh=YFWAnv1P223Wv6DY)10.jpg;https://ei.phncdn.com/videos/201308/10/15976511/original/(m=eaf8GgaaaWavb)(mh=YFWAnv1P223Wv6DY)11.jpg;https://ei.phncdn.com/videos/201308/10/15976511/original/(m=eaf8GgaaaWavb)(mh=YFWAnv1P223Wv6DY)12.jpg;https://ei.phncdn.com/videos/201308/10/15976511/original/(m=eaf8GgaaaWavb)(mh=YFWAnv1P223Wv6DY)13.jpg;https://ei.phncdn.com/videos/201308/10/15976511/original/(m=eaf8GgaaaWavb)(mh=YFWAnv1P223Wv6DY)14.jpg;https://ei.phncdn.com/videos/201308/10/15976511/original/(m=eaf8GgaaaWavb)(mh=YFWAnv1P223Wv6DY)15.jpg;https://ei.phncdn.com/videos/201308/10/15976511/original/(m=eaf8GgaaaWavb)(mh=YFWAnv1P223Wv6DY)16.jpg|Softcore Nudes 550 30's to 50's - Scene 1|pornhub.com;dancing;stripping;blonde;brunette;natural-tits;50;black-and-white;heels|Striptease;Vintage;Compilation||660|3255|15|6|https://ei.phncdn.com/videos/201308/10/15976511/original/(m=eaAaGwObaaamqv)(mh=G2V14Z-UV9h6whwf)14.jpg|https://ei.phncdn.com/videos/201308/10/15976511/original/(m=eaAaGwObaaamqv)(mh=G2V14Z-UV9h6whwf)1.jpg;https://ei.phncdn.com/videos/201308/10/15976511/original/(m=eaAaGwObaaamqv)(mh=G2V14Z-UV9h6whwf)2.jpg;https://ei.phncdn.com/videos/201308/10/15976511/original/(m=eaAaGwObaaamqv)(mh=G2V14Z-UV9h6whwf)3.jpg;https://ei.phncdn.com/videos/201308/10/15976511/original/(m=eaAaGwObaaamqv)(mh=G2V14Z-UV9h6whwf)4.jpg;https://ei.phncdn.com/videos/201308/10/15976511/original/(m=eaAaGwObaaamqv)(mh=G2V14Z-UV9h6whwf)5.jpg;https://ei.phncdn.com/videos/201308/10/15976511/original/(m=eaAaGwObaaamqv)(mh=G2V14Z-UV9h6whwf)6.jpg;https://ei.phncdn.com/videos/201308/10/15976511/original/(m=eaAaGwObaaamqv)(mh=G2V14Z-UV9h6whwf)7.jpg;https://ei.phncdn.com/videos/201308/10/15976511/original/(m=eaAaGwObaaamqv)(mh=G2V14Z-UV9h6whwf)8.jpg;https://ei.phncdn.com/videos/201308/10/15976511/original/(m=eaAaGwObaaamqv)(mh=G2V14Z-UV9h6whwf)9.jpg;https://ei.phncdn.com/videos/201308/10/15976511/original/(m=eaAaGwObaaamqv)(mh=G2V14Z-UV9h6whwf)10.jpg;https://ei.phncdn.com/videos/201308/10/15976511/original/(m=eaAaGwObaaamqv)(mh=G2V14Z-UV9h6whwf)11.jpg;https://ei.phncdn.com/videos/201308/10/15976511/original/(m=eaAaGwObaaamqv)(mh=G2V14Z-UV9h6whwf)12.jpg;https://ei.phncdn.com/videos/201308/10/15976511/original/(m=eaAaGwObaaamqv)(mh=G2V14Z-UV9h6whwf)13.jpg;https://ei.phncdn.com/videos/201308/10/15976511/original/(m=eaAaGwObaaamqv)(mh=G2V14Z-UV9h6whwf)14.jpg;https://ei.phncdn.com/videos/201308/10/15976511/original/(m=eaAaGwObaaamqv)(mh=G2V14Z-UV9h6whwf)15.jpg;https://ei.phncdn.com/videos/201308/10/15976511/original/(m=eaAaGwObaaamqv)(mh=G2V14Z-UV9h6whwf)16.jpg
<iframe src="https://www.pornhub.com/embed/269374038" frameborder="0" height="481" width="608" scrolling="no"></iframe>|https://ei.phncdn.com/videos/201309/18/17518591/original/(m=eaf8GgaaaWavb)(mh=YGXkc3CFD_n23Gki)12.jpg|https://ei.phncdn.com/videos/201309/18/17518591/original/(m=eaf8GgaaaWavb)(mh=YGXkc3CFD_n23Gki)1.jpg;https://ei.phncdn.com/videos/201309/18/17518591/original/(m=eaf8GgaaaWavb)(mh=YGXkc3CFD_n23Gki)2.jpg;https://ei.phncdn.com/videos/201309/18/17518591/original/(m=eaf8GgaaaWavb)(mh=YGXkc3CFD_n23Gki)3.jpg;https://ei.phncdn.com/videos/201309/18/17518591/original/(m=eaf8GgaaaWavb)(mh=YGXkc3CFD_n23Gki)4.jpg;https://ei.phncdn.com/videos/201309/18/17518591/original/(m=eaf8GgaaaWavb)(mh=YGXkc3CFD_n23Gki)5.jpg;https://ei.phncdn.com/videos/201309/18/17518591/original/(m=eaf8GgaaaWavb)(mh=YGXkc3CFD_n23Gki)6.jpg;https://ei.phncdn.com/videos/201309/18/17518591/original/(m=eaf8GgaaaWavb)(mh=YGXkc3CFD_n23Gki)7.jpg;https://ei.phncdn.com/videos/201309/18/17518591/original/(m=eaf8GgaaaWavb)(mh=YGXkc3CFD_n23Gki)8.jpg;https://ei.phncdn.com/videos/201309/18/17518591/original/(m=eaf8GgaaaWavb)(mh=YGXkc3CFD_n23Gki)9.jpg;https://ei.phncdn.com/videos/201309/18/17518591/original/(m=eaf8GgaaaWavb)(mh=YGXkc3CFD_n23Gki)10.jpg;https://ei.phncdn.com/videos/201309/18/17518591/original/(m=eaf8GgaaaWavb)(mh=YGXkc3CFD_n23Gki)11.jpg;https://ei.phncdn.com/videos/201309/18/17518591/original/(m=eaf8GgaaaWavb)(mh=YGXkc3CFD_n23Gki)12.jpg;https://ei.phncdn.com/videos/201309/18/17518591/original/(m=eaf8GgaaaWavb)(mh=YGXkc3CFD_n23Gki)13.jpg;https://ei.phncdn.com/videos/201309/18/17518591/original/(m=eaf8GgaaaWavb)(mh=YGXkc3CFD_n23Gki)14.jpg;https://ei.phncdn.com/videos/201309/18/17518591/original/(m=eaf8GgaaaWavb)(mh=YGXkc3CFD_n23Gki)15.jpg;https://ei.phncdn.com/videos/201309/18/17518591/original/(m=eaf8GgaaaWavb)(mh=YGXkc3CFD_n23Gki)16.jpg|Softcore Nudes 658 60s and 70s - Scene 2|pornhub.com;amateur;tan-lines;big-tits;busty;60;70;classic;blonde;brunette;solo|Striptease;Vintage;Compilation||2239|8745|15|8|https://ei.phncdn.com/videos/201309/18/17518591/original/(m=eaAaGwObaaamqv)(mh=F1o1LFUbsCE1SL_k)12.jpg|https://ei.phncdn.com/videos/201309/18/17518591/original/(m=eaAaGwObaaamqv)(mh=F1o1LFUbsCE1SL_k)1.jpg;https://ei.phncdn.com/videos/201309/18/17518591/original/(m=eaAaGwObaaamqv)(mh=F1o1LFUbsCE1SL_k)2.jpg;https://ei.phncdn.com/videos/201309/18/17518591/original/(m=eaAaGwObaaamqv)(mh=F1o1LFUbsCE1SL_k)3.jpg;https://ei.phncdn.com/videos/201309/18/17518591/original/(m=eaAaGwObaaamqv)(mh=F1o1LFUbsCE1SL_k)4.jpg;https://ei.phncdn.com/videos/201309/18/17518591/original/(m=eaAaGwObaaamqv)(mh=F1o1LFUbsCE1SL_k)5.jpg;https://ei.phncdn.com/videos/201309/18/17518591/original/(m=eaAaGwObaaamqv)(mh=F1o1LFUbsCE1SL_k)6.jpg;https://ei.phncdn.com/videos/201309/18/17518591/original/(m=eaAaGwObaaamqv)(mh=F1o1LFUbsCE1SL_k)7.jpg;https://ei.phncdn.com/videos/201309/18/17518591/original/(m=eaAaGwObaaamqv)(mh=F1o1LFUbsCE1SL_k)8.jpg;https://ei.phncdn.com/videos/201309/18/17518591/original/(m=eaAaGwObaaamqv)(mh=F1o1LFUbsCE1SL_k)9.jpg;https://ei.phncdn.com/videos/201309/18/17518591/original/(m=eaAaGwObaaamqv)(mh=F1o1LFUbsCE1SL_k)10.jpg;https://ei.phncdn.com/videos/201309/18/17518591/original/(m=eaAaGwObaaamqv)(mh=F1o1LFUbsCE1SL_k)11.jpg;https://ei.phncdn.com/videos/201309/18/17518591/original/(m=eaAaGwObaaamqv)(mh=F1o1LFUbsCE1SL_k)12.jpg;https://ei.phncdn.com/videos/201309/18/17518591/original/(m=eaAaGwObaaamqv)(mh=F1o1LFUbsCE1SL_k)13.jpg;https://ei.phncdn.com/videos/201309/18/17518591/original/(m=eaAaGwObaaamqv)(mh=F1o1LFUbsCE1SL_k)14.jpg;https://ei.phncdn.com/videos/201309/18/17518591/original/(m=eaAaGwObaaamqv)(mh=F1o1LFUbsCE1SL_k)15.jpg;https://ei.phncdn.com/videos/201309/18/17518591/original/(m=eaAaGwObaaamqv)(mh=F1o1LFUbsCE1SL_k)16.jpg
<iframe src="https://www.pornhub.com/embed/866139527" frameborder="0" height="481" width="608" scrolling="no"></iframe>|https://ei.phncdn.com/videos/201311/22/20005601/original/(m=eaf8GgaaaWavb)(mh=NX-1M18Tqz1GNk_C)8.jpg|https://ei.phncdn.com/videos/201311/22/20005601/original/(m=eaf8GgaaaWavb)(mh=NX-1M18Tqz1GNk_C)1.jpg;https://ei.phncdn.com/videos/201311/22/20005601/original/(m=eaf8GgaaaWavb)(mh=NX-1M18Tqz1GNk_C)2.jpg;https://ei.phncdn.com/videos/201311/22/20005601/original/(m=eaf8GgaaaWavb)(mh=NX-1M18Tqz1GNk_C)3.jpg;https://ei.phncdn.com/videos/201311/22/20005601/original/(m=eaf8GgaaaWavb)(mh=NX-1M18Tqz1GNk_C)4.jpg;https://ei.phncdn.com/videos/201311/22/20005601/original/(m=eaf8GgaaaWavb)(mh=NX-1M18Tqz1GNk_C)5.jpg;https://ei.phncdn.com/videos/201311/22/20005601/original/(m=eaf8GgaaaWavb)(mh=NX-1M18Tqz1GNk_C)6.jpg;https://ei.phncdn.com/videos/201311/22/20005601/original/(m=eaf8GgaaaWavb)(mh=NX-1M18Tqz1GNk_C)7.jpg;https://ei.phncdn.com/videos/201311/22/20005601/original/(m=eaf8GgaaaWavb)(mh=NX-1M18Tqz1GNk_C)8.jpg;https://ei.phncdn.com/videos/201311/22/20005601/original/(m=eaf8GgaaaWavb)(mh=NX-1M18Tqz1GNk_C)9.jpg;https://ei.phncdn.com/videos/201311/22/20005601/original/(m=eaf8GgaaaWavb)(mh=NX-1M18Tqz1GNk_C)10.jpg;https://ei.phncdn.com/videos/201311/22/20005601/original/(m=eaf8GgaaaWavb)(mh=NX-1M18Tqz1GNk_C)11.jpg;https://ei.phncdn.com/videos/201311/22/20005601/original/(m=eaf8GgaaaWavb)(mh=NX-1M18Tqz1GNk_C)12.jpg;https://ei.phncdn.com/videos/201311/22/20005601/original/(m=eaf8GgaaaWavb)(mh=NX-1M18Tqz1GNk_C)13.jpg;https://ei.phncdn.com/videos/201311/22/20005601/original/(m=eaf8GgaaaWavb)(mh=NX-1M18Tqz1GNk_C)14.jpg;https://ei.phncdn.com/videos/201311/22/20005601/original/(m=eaf8GgaaaWavb)(mh=NX-1M18Tqz1GNk_C)15.jpg;https://ei.phncdn.com/videos/201311/22/20005601/original/(m=eaf8GgaaaWavb)(mh=NX-1M18Tqz1GNk_C)16.jpg|Softcore Nudes 504 50s and 60s - Scene 2|pornhub.com;50s;60s;stripping;natural-tits;black-and-white;garter-belt;blonde;brunette;heels;amateur;big-tits|Striptease;Vintage;Compilation||2860|83195|158|33|https://ei.phncdn.com/videos/201311/22/20005601/original/(m=eaAaGwObaaamqv)(mh=O3Hbu8oKDI7cInwj)8.jpg|https://ei.phncdn.com/videos/201311/22/20005601/original/(m=eaAaGwObaaamqv)(mh=O3Hbu8oKDI7cInwj)1.jpg;https://ei.phncdn.com/videos/201311/22/20005601/original/(m=eaAaGwObaaamqv)(mh=O3Hbu8oKDI7cInwj)2.jpg;https://ei.phncdn.com/videos/201311/22/20005601/original/(m=eaAaGwObaaamqv)(mh=O3Hbu8oKDI7cInwj)3.jpg;https://ei.phncdn.com/videos/201311/22/20005601/original/(m=eaAaGwObaaamqv)(mh=O3Hbu8oKDI7cInwj)4.jpg;https://ei.phncdn.com/videos/201311/22/20005601/original/(m=eaAaGwObaaamqv)(mh=O3Hbu8oKDI7cInwj)5.jpg;https://ei.phncdn.com/videos/201311/22/20005601/original/(m=eaAaGwObaaamqv)(mh=O3Hbu8oKDI7cInwj)6.jpg;https://ei.phncdn.com/videos/201311/22/20005601/original/(m=eaAaGwObaaamqv)(mh=O3Hbu8oKDI7cInwj)7.jpg;https://ei.phncdn.com/videos/201311/22/20005601/original/(m=eaAaGwObaaamqv)(mh=O3Hbu8oKDI7cInwj)8.jpg;https://ei.phncdn.com/videos/201311/22/20005601/original/(m=eaAaGwObaaamqv)(mh=O3Hbu8oKDI7cInwj)9.jpg;https://ei.phncdn.com/videos/201311/22/20005601/original/(m=eaAaGwObaaamqv)(mh=O3Hbu8oKDI7cInwj)10.jpg;https://ei.phncdn.com/videos/201311/22/20005601/original/(m=eaAaGwObaaamqv)(mh=O3Hbu8oKDI7cInwj)11.jpg;https://ei.phncdn.com/videos/201311/22/20005601/original/(m=eaAaGwObaaamqv)(mh=O3Hbu8oKDI7cInwj)12.jpg;https://ei.phncdn.com/videos/201311/22/20005601/original/(m=eaAaGwObaaamqv)(mh=O3Hbu8oKDI7cInwj)13.jpg;https://ei.phncdn.com/videos/201311/22/20005601/original/(m=eaAaGwObaaamqv)(mh=O3Hbu8oKDI7cInwj)14.jpg;https://ei.phncdn.com/videos/201311/22/20005601/original/(m=eaAaGwObaaamqv)(mh=O3Hbu8oKDI7cInwj)15.jpg;https://ei.phncdn.com/videos/201311/22/20005601/original/(m=eaAaGwObaaamqv)(mh=O3Hbu8oKDI7cInwj)16.jpg
<iframe src="https://www.pornhub.com/embed/1290007441" frameborder="0" height="481" width="608" scrolling="no"></iframe>|https://ei.phncdn.com/videos/201311/22/20011751/original/(m=eaf8GgaaaWavb)(mh=_yhQMRNttcWKQLcb)9.jpg|https://ei.phncdn.com/videos/201311/22/20011751/original/(m=eaf8GgaaaWavb)(mh=_yhQMRNttcWKQLcb)1.jpg;https://ei.phncdn.com/videos/201311/22/20011751/original/(m=eaf8GgaaaWavb)(mh=_yhQMRNttcWKQLcb)2.jpg;https://ei.phncdn.com/videos/201311/22/20011751/original/(m=eaf8GgaaaWavb)(mh=_yhQMRNttcWKQLcb)3.jpg;https://ei.phncdn.com/videos/201311/22/20011751/original/(m=eaf8GgaaaWavb)(mh=_yhQMRNttcWKQLcb)4.jpg;https://ei.phncdn.com/videos/201311/22/20011751/original/(m=eaf8GgaaaWavb)(mh=_yhQMRNttcWKQLcb)5.jpg;https://ei.phncdn.com/videos/201311/22/20011751/original/(m=eaf8GgaaaWavb)(mh=_yhQMRNttcWKQLcb)6.jpg;https://ei.phncdn.com/videos/201311/22/20011751/original/(m=eaf8GgaaaWavb)(mh=_yhQMRNttcWKQLcb)7.jpg;https://ei.phncdn.com/videos/201311/22/20011751/original/(m=eaf8GgaaaWavb)(mh=_yhQMRNttcWKQLcb)8.jpg;https://ei.phncdn.com/videos/201311/22/20011751/original/(m=eaf8GgaaaWavb)(mh=_yhQMRNttcWKQLcb)9.jpg;https://ei.phncdn.com/videos/201311/22/20011751/original/(m=eaf8GgaaaWavb)(mh=_yhQMRNttcWKQLcb)10.jpg;https://ei.phncdn.com/videos/201311/22/20011751/original/(m=eaf8GgaaaWavb)(mh=_yhQMRNttcWKQLcb)11.jpg;https://ei.phncdn.com/videos/201311/22/20011751/original/(m=eaf8GgaaaWavb)(mh=_yhQMRNttcWKQLcb)12.jpg;https://ei.phncdn.com/videos/201311/22/20011751/original/(m=eaf8GgaaaWavb)(mh=_yhQMRNttcWKQLcb)13.jpg;https://ei.phncdn.com/videos/201311/22/20011751/original/(m=eaf8GgaaaWavb)(mh=_yhQMRNttcWKQLcb)14.jpg;https://ei.phncdn.com/videos/201311/22/20011751/original/(m=eaf8GgaaaWavb)(mh=_yhQMRNttcWKQLcb)15.jpg;https://ei.phncdn.com/videos/201311/22/20011751/original/(m=eaf8GgaaaWavb)(mh=_yhQMRNttcWKQLcb)16.jpg|Softcore Nudes 530 1960s - Scene 1|pornhub.com;stripping;brunette;60s;small-tits;natural-tits;raven;skinny;hairy;modeling;teasing;vintage;classic;retro|Striptease;18-25;Vintage;Small Tits||1935|48964|112|49|https://ei.phncdn.com/videos/201311/22/20011751/original/(m=eaAaGwObaaamqv)(mh=KjyYRfRc_Aux6FlD)9.jpg|https://ei.phncdn.com/videos/201311/22/20011751/original/(m=eaAaGwObaaamqv)(mh=KjyYRfRc_Aux6FlD)1.jpg;https://ei.phncdn.com/videos/201311/22/20011751/original/(m=eaAaGwObaaamqv)(mh=KjyYRfRc_Aux6FlD)2.jpg;https://ei.phncdn.com/videos/201311/22/20011751/original/(m=eaAaGwObaaamqv)(mh=KjyYRfRc_Aux6FlD)3.jpg;https://ei.phncdn.com/videos/201311/22/20011751/original/(m=eaAaGwObaaamqv)(mh=KjyYRfRc_Aux6FlD)4.jpg;https://ei.phncdn.com/videos/201311/22/20011751/original/(m=eaAaGwObaaamqv)(mh=KjyYRfRc_Aux6FlD)5.jpg;https://ei.phncdn.com/videos/201311/22/20011751/original/(m=eaAaGwObaaamqv)(mh=KjyYRfRc_Aux6FlD)6.jpg;https://ei.phncdn.com/videos/201311/22/20011751/original/(m=eaAaGwObaaamqv)(mh=KjyYRfRc_Aux6FlD)7.jpg;https://ei.phncdn.com/videos/201311/22/20011751/original/(m=eaAaGwObaaamqv)(mh=KjyYRfRc_Aux6FlD)8.jpg;https://ei.phncdn.com/videos/201311/22/20011751/original/(m=eaAaGwObaaamqv)(mh=KjyYRfRc_Aux6FlD)9.jpg;https://ei.phncdn.com/videos/201311/22/20011751/original/(m=eaAaGwObaaamqv)(mh=KjyYRfRc_Aux6FlD)10.jpg;https://ei.phncdn.com/videos/201311/22/20011751/original/(m=eaAaGwObaaamqv)(mh=KjyYRfRc_Aux6FlD)11.jpg;https://ei.phncdn.com/videos/201311/22/20011751/original/(m=eaAaGwObaaamqv)(mh=KjyYRfRc_Aux6FlD)12.jpg;https://ei.phncdn.com/videos/201311/22/20011751/original/(m=eaAaGwObaaamqv)(mh=KjyYRfRc_Aux6FlD)13.jpg;https://ei.phncdn.com/videos/201311/22/20011751/original/(m=eaAaGwObaaamqv)(mh=KjyYRfRc_Aux6FlD)14.jpg;https://ei.phncdn.com/videos/201311/22/20011751/original/(m=eaAaGwObaaamqv)(mh=KjyYRfRc_Aux6FlD)15.jpg;https://ei.phncdn.com/videos/201311/22/20011751/original/(m=eaAaGwObaaamqv)(mh=KjyYRfRc_Aux6FlD)16.jpg
<iframe src="https://www.pornhub.com/embed/1558492100" frameborder="0" height="481" width="608" scrolling="no"></iframe>|https://ei.phncdn.com/videos/201402/24/23648272/original/(m=eaf8GgaaaWavb)(mh=ZT26Ypw8xczMqmM1)5.jpg|https://ei.phncdn.com/videos/201402/24/23648272/original/(m=eaf8GgaaaWavb)(mh=ZT26Ypw8xczMqmM1)1.jpg;https://ei.phncdn.com/videos/201402/24/23648272/original/(m=eaf8GgaaaWavb)(mh=ZT26Ypw8xczMqmM1)2.jpg;https://ei.phncdn.com/videos/201402/24/23648272/original/(m=eaf8GgaaaWavb)(mh=ZT26Ypw8xczMqmM1)3.jpg;https://ei.phncdn.com/videos/201402/24/23648272/original/(m=eaf8GgaaaWavb)(mh=ZT26Ypw8xczMqmM1)4.jpg;https://ei.phncdn.com/videos/201402/24/23648272/original/(m=eaf8GgaaaWavb)(mh=ZT26Ypw8xczMqmM1)5.jpg;https://ei.phncdn.com/videos/201402/24/23648272/original/(m=eaf8GgaaaWavb)(mh=ZT26Ypw8xczMqmM1)6.jpg;https://ei.phncdn.com/videos/201402/24/23648272/original/(m=eaf8GgaaaWavb)(mh=ZT26Ypw8xczMqmM1)7.jpg;https://ei.phncdn.com/videos/201402/24/23648272/original/(m=eaf8GgaaaWavb)(mh=ZT26Ypw8xczMqmM1)8.jpg;https://ei.phncdn.com/videos/201402/24/23648272/original/(m=eaf8GgaaaWavb)(mh=ZT26Ypw8xczMqmM1)9.jpg;https://ei.phncdn.com/videos/201402/24/23648272/original/(m=eaf8GgaaaWavb)(mh=ZT26Ypw8xczMqmM1)10.jpg;https://ei.phncdn.com/videos/201402/24/23648272/original/(m=eaf8GgaaaWavb)(mh=ZT26Ypw8xczMqmM1)11.jpg;https://ei.phncdn.com/videos/201402/24/23648272/original/(m=eaf8GgaaaWavb)(mh=ZT26Ypw8xczMqmM1)12.jpg;https://ei.phncdn.com/videos/201402/24/23648272/original/(m=eaf8GgaaaWavb)(mh=ZT26Ypw8xczMqmM1)13.jpg;https://ei.phncdn.com/videos/201402/24/23648272/original/(m=eaf8GgaaaWavb)(mh=ZT26Ypw8xczMqmM1)14.jpg;https://ei.phncdn.com/videos/201402/24/23648272/original/(m=eaf8GgaaaWavb)(mh=ZT26Ypw8xczMqmM1)15.jpg;https://ei.phncdn.com/videos/201402/24/23648272/original/(m=eaf8GgaaaWavb)(mh=ZT26Ypw8xczMqmM1)16.jpg|Sexy Babe fooling around )|homemade;teens;strip;teasing|Striptease;18-25;Webcam;Exclusive;Verified Amateurs;Solo Female||294|6482|55|5|https://ei.phncdn.com/videos/201402/24/23648272/original/(m=eaAaGwObaaamqv)(mh=JMnB4tUJCfpqOeud)5.jpg|https://ei.phncdn.com/videos/201402/24/23648272/original/(m=eaAaGwObaaamqv)(mh=JMnB4tUJCfpqOeud)1.jpg;https://ei.phncdn.com/videos/201402/24/23648272/original/(m=eaAaGwObaaamqv)(mh=JMnB4tUJCfpqOeud)2.jpg;https://ei.phncdn.com/videos/201402/24/23648272/original/(m=eaAaGwObaaamqv)(mh=JMnB4tUJCfpqOeud)3.jpg;https://ei.phncdn.com/videos/201402/24/23648272/original/(m=eaAaGwObaaamqv)(mh=JMnB4tUJCfpqOeud)4.jpg;https://ei.phncdn.com/videos/201402/24/23648272/original/(m=eaAaGwObaaamqv)(mh=JMnB4tUJCfpqOeud)5.jpg;https://ei.phncdn.com/videos/201402/24/23648272/original/(m=eaAaGwObaaamqv)(mh=JMnB4tUJCfpqOeud)6.jpg;https://ei.phncdn.com/videos/201402/24/23648272/original/(m=eaAaGwObaaamqv)(mh=JMnB4tUJCfpqOeud)7.jpg;https://ei.phncdn.com/videos/201402/24/23648272/original/(m=eaAaGwObaaamqv)(mh=JMnB4tUJCfpqOeud)8.jpg;https://ei.phncdn.com/videos/201402/24/23648272/original/(m=eaAaGwObaaamqv)(mh=JMnB4tUJCfpqOeud)9.jpg;https://ei.phncdn.com/videos/201402/24/23648272/original/(m=eaAaGwObaaamqv)(mh=JMnB4tUJCfpqOeud)10.jpg;https://ei.phncdn.com/videos/201402/24/23648272/original/(m=eaAaGwObaaamqv)(mh=JMnB4tUJCfpqOeud)11.jpg;https://ei.phncdn.com/videos/201402/24/23648272/original/(m=eaAaGwObaaamqv)(mh=JMnB4tUJCfpqOeud)12.jpg;https://ei.phncdn.com/videos/201402/24/23648272/original/(m=eaAaGwObaaamqv)(mh=JMnB4tUJCfpqOeud)13.jpg;https://ei.phncdn.com/videos/201402/24/23648272/original/(m=eaAaGwObaaamqv)(mh=JMnB4tUJCfpqOeud)14.jpg;https://ei.phncdn.com/videos/201402/24/23648272/original/(m=eaAaGwObaaamqv)(mh=JMnB4tUJCfpqOeud)15.jpg;https://ei.phncdn.com/videos/201402/24/23648272/original/(m=eaAaGwObaaamqv)(mh=JMnB4tUJCfpqOeud)16.jpg
<iframe src="https://www.pornhub.com/embed/546390883" frameborder="0" height="481" width="608" scrolling="no"></iframe>|https://ei.phncdn.com/videos/201402/25/23707162/original/(m=eaf8GgaaaWavb)(mh=rQMnAdu5UXRwyAhy)11.jpg|https://ei.phncdn.com/videos/201402/25/23707162/original/(m=eaf8GgaaaWavb)(mh=rQMnAdu5UXRwyAhy)1.jpg;https://ei.phncdn.com/videos/201402/25/23707162/original/(m=eaf8GgaaaWavb)(mh=rQMnAdu5UXRwyAhy)2.jpg;https://ei.phncdn.com/videos/201402/25/23707162/original/(m=eaf8GgaaaWavb)(mh=rQMnAdu5UXRwyAhy)3.jpg;https://ei.phncdn.com/videos/201402/25/23707162/original/(m=eaf8GgaaaWavb)(mh=rQMnAdu5UXRwyAhy)4.jpg;https://ei.phncdn.com/videos/201402/25/23707162/original/(m=eaf8GgaaaWavb)(mh=rQMnAdu5UXRwyAhy)5.jpg;https://ei.phncdn.com/videos/201402/25/23707162/original/(m=eaf8GgaaaWavb)(mh=rQMnAdu5UXRwyAhy)6.jpg;https://ei.phncdn.com/videos/201402/25/23707162/original/(m=eaf8GgaaaWavb)(mh=rQMnAdu5UXRwyAhy)7.jpg;https://ei.phncdn.com/videos/201402/25/23707162/original/(m=eaf8GgaaaWavb)(mh=rQMnAdu5UXRwyAhy)8.jpg;https://ei.phncdn.com/videos/201402/25/23707162/original/(m=eaf8GgaaaWavb)(mh=rQMnAdu5UXRwyAhy)9.jpg;https://ei.phncdn.com/videos/201402/25/23707162/original/(m=eaf8GgaaaWavb)(mh=rQMnAdu5UXRwyAhy)10.jpg;https://ei.phncdn.com/videos/201402/25/23707162/original/(m=eaf8GgaaaWavb)(mh=rQMnAdu5UXRwyAhy)11.jpg;https://ei.phncdn.com/videos/201402/25/23707162/original/(m=eaf8GgaaaWavb)(mh=rQMnAdu5UXRwyAhy)12.jpg;https://ei.phncdn.com/videos/201402/25/23707162/original/(m=eaf8GgaaaWavb)(mh=rQMnAdu5UXRwyAhy)13.jpg;https://ei.phncdn.com/videos/201402/25/23707162/original/(m=eaf8GgaaaWavb)(mh=rQMnAdu5UXRwyAhy)14.jpg;https://ei.phncdn.com/videos/201402/25/23707162/original/(m=eaf8GgaaaWavb)(mh=rQMnAdu5UXRwyAhy)15.jpg;https://ei.phncdn.com/videos/201402/25/23707162/original/(m=eaf8GgaaaWavb)(mh=rQMnAdu5UXRwyAhy)16.jpg|Make me your Aphrodite :)|teens;strip;teasing;babes;pussy;brunette;solo;homemade;amateur;big-boobs;shaved|Striptease;18-25;Webcam;Exclusive;Verified Amateurs;Solo Female||208|73912|216|78|https://ei.phncdn.com/videos/201402/25/23707162/original/(m=eaAaGwObaaamqv)(mh=cB9E4okjr-71pmpC)11.jpg|https://ei.phncdn.com/videos/201402/25/23707162/original/(m=eaAaGwObaaamqv)(mh=cB9E4okjr-71pmpC)1.jpg;https://ei.phncdn.com/videos/201402/25/23707162/original/(m=eaAaGwObaaamqv)(mh=cB9E4okjr-71pmpC)2.jpg;https://ei.phncdn.com/videos/201402/25/23707162/original/(m=eaAaGwObaaamqv)(mh=cB9E4okjr-71pmpC)3.jpg;https://ei.phncdn.com/videos/201402/25/23707162/original/(m=eaAaGwObaaamqv)(mh=cB9E4okjr-71pmpC)4.jpg;https://ei.phncdn.com/videos/201402/25/23707162/original/(m=eaAaGwObaaamqv)(mh=cB9E4okjr-71pmpC)5.jpg;https://ei.phncdn.com/videos/201402/25/23707162/original/(m=eaAaGwObaaamqv)(mh=cB9E4okjr-71pmpC)6.jpg;https://ei.phncdn.com/videos/201402/25/23707162/original/(m=eaAaGwObaaamqv)(mh=cB9E4okjr-71pmpC)7.jpg;https://ei.phncdn.com/videos/201402/25/23707162/original/(m=eaAaGwObaaamqv)(mh=cB9E4okjr-71pmpC)8.jpg;https://ei.phncdn.com/videos/201402/25/23707162/original/(m=eaAaGwObaaamqv)(mh=cB9E4okjr-71pmpC)9.jpg;https://ei.phncdn.com/videos/201402/25/23707162/original/(m=eaAaGwObaaamqv)(mh=cB9E4okjr-71pmpC)10.jpg;https://ei.phncdn.com/videos/201402/25/23707162/original/(m=eaAaGwObaaamqv)(mh=cB9E4okjr-71pmpC)11.jpg;https://ei.phncdn.com/videos/201402/25/23707162/original/(m=eaAaGwObaaamqv)(mh=cB9E4okjr-71pmpC)12.jpg;https://ei.phncdn.com/videos/201402/25/23707162/original/(m=eaAaGwObaaamqv)(mh=cB9E4okjr-71pmpC)13.jpg;https://ei.phncdn.com/videos/201402/25/23707162/original/(m=eaAaGwObaaamqv)(mh=cB9E4okjr-71pmpC)14.jpg;https://ei.phncdn.com/videos/201402/25/23707162/original/(m=eaAaGwObaaamqv)(mh=cB9E4okjr-71pmpC)15.jpg;https://ei.phncdn.com/videos/201402/25/23707162/original/(m=eaAaGwObaaamqv)(mh=cB9E4okjr-71pmpC)16.jpg
<iframe src="https://www.pornhub.com/embed/1218863487" frameborder="0" height="481" width="608" scrolling="no"></iframe>|https://ei.phncdn.com/videos/201411/05/34393181/original/(m=eaf8GgaaaWavb)(mh=sXpuQZkiMBGvcEsp)16.jpg|https://ei.phncdn.com/videos/201411/05/34393181/original/(m=eaf8GgaaaWavb)(mh=sXpuQZkiMBGvcEsp)1.jpg;https://ei.phncdn.com/videos/201411/05/34393181/original/(m=eaf8GgaaaWavb)(mh=sXpuQZkiMBGvcEsp)2.jpg;https://ei.phncdn.com/videos/201411/05/34393181/original/(m=eaf8GgaaaWavb)(mh=sXpuQZkiMBGvcEsp)3.jpg;https://ei.phncdn.com/videos/201411/05/34393181/original/(m=eaf8GgaaaWavb)(mh=sXpuQZkiMBGvcEsp)4.jpg;https://ei.phncdn.com/videos/201411/05/34393181/original/(m=eaf8GgaaaWavb)(mh=sXpuQZkiMBGvcEsp)5.jpg;https://ei.phncdn.com/videos/201411/05/34393181/original/(m=eaf8GgaaaWavb)(mh=sXpuQZkiMBGvcEsp)6.jpg;https://ei.phncdn.com/videos/201411/05/34393181/original/(m=eaf8GgaaaWavb)(mh=sXpuQZkiMBGvcEsp)7.jpg;https://ei.phncdn.com/videos/201411/05/34393181/original/(m=eaf8GgaaaWavb)(mh=sXpuQZkiMBGvcEsp)8.jpg;https://ei.phncdn.com/videos/201411/05/34393181/original/(m=eaf8GgaaaWavb)(mh=sXpuQZkiMBGvcEsp)9.jpg;https://ei.phncdn.com/videos/201411/05/34393181/original/(m=eaf8GgaaaWavb)(mh=sXpuQZkiMBGvcEsp)10.jpg;https://ei.phncdn.com/videos/201411/05/34393181/original/(m=eaf8GgaaaWavb)(mh=sXpuQZkiMBGvcEsp)11.jpg;https://ei.phncdn.com/videos/201411/05/34393181/original/(m=eaf8GgaaaWavb)(mh=sXpuQZkiMBGvcEsp)12.jpg;https://ei.phncdn.com/videos/201411/05/34393181/original/(m=eaf8GgaaaWavb)(mh=sXpuQZkiMBGvcEsp)13.jpg;https://ei.phncdn.com/videos/201411/05/34393181/original/(m=eaf8GgaaaWavb)(mh=sXpuQZkiMBGvcEsp)14.jpg;https://ei.phncdn.com/videos/201411/05/34393181/original/(m=eaf8GgaaaWavb)(mh=sXpuQZkiMBGvcEsp)15.jpg;https://ei.phncdn.com/videos/201411/05/34393181/original/(m=eaf8GgaaaWavb)(mh=sXpuQZkiMBGvcEsp)16.jpg|Sensual Journeys To India|bollywood;desi;india;oriental;indian;asian;brunette;erotic;sensual;hd;exotic;milf;teasing;bollywoodnudeshd;teen;natural-tits|Striptease;18-25;Indian||487|68269|75|48|https://ei.phncdn.com/videos/201411/05/34393181/original/(m=eaAaGwObaaamqv)(mh=T4DbxuFbyhSnAZ34)16.jpg|https://ei.phncdn.com/videos/201411/05/34393181/original/(m=eaAaGwObaaamqv)(mh=T4DbxuFbyhSnAZ34)1.jpg;https://ei.phncdn.com/videos/201411/05/34393181/original/(m=eaAaGwObaaamqv)(mh=T4DbxuFbyhSnAZ34)2.jpg;https://ei.phncdn.com/videos/201411/05/34393181/original/(m=eaAaGwObaaamqv)(mh=T4DbxuFbyhSnAZ34)3.jpg;https://ei.phncdn.com/videos/201411/05/34393181/original/(m=eaAaGwObaaamqv)(mh=T4DbxuFbyhSnAZ34)4.jpg;https://ei.phncdn.com/videos/201411/05/34393181/original/(m=eaAaGwObaaamqv)(mh=T4DbxuFbyhSnAZ34)5.jpg;https://ei.phncdn.com/videos/201411/05/34393181/original/(m=eaAaGwObaaamqv)(mh=T4DbxuFbyhSnAZ34)6.jpg;https://ei.phncdn.com/videos/201411/05/34393181/original/(m=eaAaGwObaaamqv)(mh=T4DbxuFbyhSnAZ34)7.jpg;https://ei.phncdn.com/videos/201411/05/34393181/original/(m=eaAaGwObaaamqv)(mh=T4DbxuFbyhSnAZ34)8.jpg;https://ei.phncdn.com/videos/201411/05/34393181/original/(m=eaAaGwObaaamqv)(mh=T4DbxuFbyhSnAZ34)9.jpg;https://ei.phncdn.com/videos/201411/05/34393181/original/(m=eaAaGwObaaamqv)(mh=T4DbxuFbyhSnAZ34)10.jpg;https://ei.phncdn.com/videos/201411/05/34393181/original/(m=eaAaGwObaaamqv)(mh=T4DbxuFbyhSnAZ34)11.jpg;https://ei.phncdn.com/videos/201411/05/34393181/original/(m=eaAaGwObaaamqv)(mh=T4DbxuFbyhSnAZ34)12.jpg;https://ei.phncdn.com/videos/201411/05/34393181/original/(m=eaAaGwObaaamqv)(mh=T4DbxuFbyhSnAZ34)13.jpg;https://ei.phncdn.com/videos/201411/05/34393181/original/(m=eaAaGwObaaamqv)(mh=T4DbxuFbyhSnAZ34)14.jpg;https://ei.phncdn.com/videos/201411/05/34393181/original/(m=eaAaGwObaaamqv)(mh=T4DbxuFbyhSnAZ34)15.jpg;https://ei.phncdn.com/videos/201411/05/34393181/original/(m=eaAaGwObaaamqv)(mh=T4DbxuFbyhSnAZ34)16.jpg
<iframe src="https://www.pornhub.com/embed/394629000" frameborder="0" height="481" width="608" scrolling="no"></iframe>|https://ei.phncdn.com/videos/201411/30/35434391/original/(m=eaf8GgaaaWavb)(mh=9ZIQlhfYDX0oXGqJ)12.jpg|https://ei.phncdn.com/videos/201411/30/35434391/original/(m=eaf8GgaaaWavb)(mh=9ZIQlhfYDX0oXGqJ)1.jpg;https://ei.phncdn.com/videos/201411/30/35434391/original/(m=eaf8GgaaaWavb)(mh=9ZIQlhfYDX0oXGqJ)2.jpg;https://ei.phncdn.com/videos/201411/30/35434391/original/(m=eaf8GgaaaWavb)(mh=9ZIQlhfYDX0oXGqJ)3.jpg;https://ei.phncdn.com/videos/201411/30/35434391/original/(m=eaf8GgaaaWavb)(mh=9ZIQlhfYDX0oXGqJ)4.jpg;https://ei.phncdn.com/videos/201411/30/35434391/original/(m=eaf8GgaaaWavb)(mh=9ZIQlhfYDX0oXGqJ)5.jpg;https://ei.phncdn.com/videos/201411/30/35434391/original/(m=eaf8GgaaaWavb)(mh=9ZIQlhfYDX0oXGqJ)6.jpg;https://ei.phncdn.com/videos/201411/30/35434391/original/(m=eaf8GgaaaWavb)(mh=9ZIQlhfYDX0oXGqJ)7.jpg;https://ei.phncdn.com/videos/201411/30/35434391/original/(m=eaf8GgaaaWavb)(mh=9ZIQlhfYDX0oXGqJ)8.jpg;https://ei.phncdn.com/videos/201411/30/35434391/original/(m=eaf8GgaaaWavb)(mh=9ZIQlhfYDX0oXGqJ)9.jpg;https://ei.phncdn.com/videos/201411/30/35434391/original/(m=eaf8GgaaaWavb)(mh=9ZIQlhfYDX0oXGqJ)10.jpg;https://ei.phncdn.com/videos/201411/30/35434391/original/(m=eaf8GgaaaWavb)(mh=9ZIQlhfYDX0oXGqJ)11.jpg;https://ei.phncdn.com/videos/201411/30/35434391/original/(m=eaf8GgaaaWavb)(mh=9ZIQlhfYDX0oXGqJ)12.jpg;https://ei.phncdn.com/videos/201411/30/35434391/original/(m=eaf8GgaaaWavb)(mh=9ZIQlhfYDX0oXGqJ)13.jpg;https://ei.phncdn.com/videos/201411/30/35434391/original/(m=eaf8GgaaaWavb)(mh=9ZIQlhfYDX0oXGqJ)14.jpg;https://ei.phncdn.com/videos/201411/30/35434391/original/(m=eaf8GgaaaWavb)(mh=9ZIQlhfYDX0oXGqJ)15.jpg;https://ei.phncdn.com/videos/201411/30/35434391/original/(m=eaf8GgaaaWavb)(mh=9ZIQlhfYDX0oXGqJ)16.jpg|Carla Mai pleases with her feet|hotlegsandfeet;kink;feet;foot;feetfetish;footfetish;footworshipping;feetworshipping;footlicking;barefoot;footjob;sockfetish;footjobs;shoes;heels;pornstar|Striptease;Feet|carla mai|570|33761|128|24|https://ei.phncdn.com/videos/201411/30/35434391/original/(m=eaAaGwObaaamqv)(mh=p0grCsXkgH9LAyND)12.jpg|https://ei.phncdn.com/videos/201411/30/35434391/original/(m=eaAaGwObaaamqv)(mh=p0grCsXkgH9LAyND)1.jpg;https://ei.phncdn.com/videos/201411/30/35434391/original/(m=eaAaGwObaaamqv)(mh=p0grCsXkgH9LAyND)2.jpg;https://ei.phncdn.com/videos/201411/30/35434391/original/(m=eaAaGwObaaamqv)(mh=p0grCsXkgH9LAyND)3.jpg;https://ei.phncdn.com/videos/201411/30/35434391/original/(m=eaAaGwObaaamqv)(mh=p0grCsXkgH9LAyND)4.jpg;https://ei.phncdn.com/videos/201411/30/35434391/original/(m=eaAaGwObaaamqv)(mh=p0grCsXkgH9LAyND)5.jpg;https://ei.phncdn.com/videos/201411/30/35434391/original/(m=eaAaGwObaaamqv)(mh=p0grCsXkgH9LAyND)6.jpg;https://ei.phncdn.com/videos/201411/30/35434391/original/(m=eaAaGwObaaamqv)(mh=p0grCsXkgH9LAyND)7.jpg;https://ei.phncdn.com/videos/201411/30/35434391/original/(m=eaAaGwObaaamqv)(mh=p0grCsXkgH9LAyND)8.jpg;https://ei.phncdn.com/videos/201411/30/35434391/original/(m=eaAaGwObaaamqv)(mh=p0grCsXkgH9LAyND)9.jpg;https://ei.phncdn.com/videos/201411/30/35434391/original/(m=eaAaGwObaaamqv)(mh=p0grCsXkgH9LAyND)10.jpg;https://ei.phncdn.com/videos/201411/30/35434391/original/(m=eaAaGwObaaamqv)(mh=p0grCsXkgH9LAyND)11.jpg;https://ei.phncdn.com/videos/201411/30/35434391/original/(m=eaAaGwObaaamqv)(mh=p0grCsXkgH9LAyND)12.jpg;https://ei.phncdn.com/videos/201411/30/35434391/original/(m=eaAaGwObaaamqv)(mh=p0grCsXkgH9LAyND)13.jpg;https://ei.phncdn.com/videos/201411/30/35434391/original/(m=eaAaGwObaaamqv)(mh=p0grCsXkgH9LAyND)14.jpg;https://ei.phncdn.com/videos/201411/30/35434391/original/(m=eaAaGwObaaamqv)(mh=p0grCsXkgH9LAyND)15.jpg;https://ei.phncdn.com/videos/201411/30/35434391/original/(m=eaAaGwObaaamqv)(mh=p0grCsXkgH9LAyND)16.jpg
<iframe src="https://www.pornhub.com/embed/394525005" frameborder="0" height="481" width="608" scrolling="no"></iframe>|https://ei.phncdn.com/videos/201412/07/35738141/original/(m=eaf8GgaaaWavb)(mh=UsE4LXeVRfENuNU4)4.jpg|https://ei.phncdn.com/videos/201412/07/35738141/original/(m=eaf8GgaaaWavb)(mh=UsE4LXeVRfENuNU4)1.jpg;https://ei.phncdn.com/videos/201412/07/35738141/original/(m=eaf8GgaaaWavb)(mh=UsE4LXeVRfENuNU4)2.jpg;https://ei.phncdn.com/videos/201412/07/35738141/original/(m=eaf8GgaaaWavb)(mh=UsE4LXeVRfENuNU4)3.jpg;https://ei.phncdn.com/videos/201412/07/35738141/original/(m=eaf8GgaaaWavb)(mh=UsE4LXeVRfENuNU4)4.jpg;https://ei.phncdn.com/videos/201412/07/35738141/original/(m=eaf8GgaaaWavb)(mh=UsE4LXeVRfENuNU4)5.jpg;https://ei.phncdn.com/videos/201412/07/35738141/original/(m=eaf8GgaaaWavb)(mh=UsE4LXeVRfENuNU4)6.jpg;https://ei.phncdn.com/videos/201412/07/35738141/original/(m=eaf8GgaaaWavb)(mh=UsE4LXeVRfENuNU4)7.jpg;https://ei.phncdn.com/videos/201412/07/35738141/original/(m=eaf8GgaaaWavb)(mh=UsE4LXeVRfENuNU4)8.jpg;https://ei.phncdn.com/videos/201412/07/35738141/original/(m=eaf8GgaaaWavb)(mh=UsE4LXeVRfENuNU4)9.jpg;https://ei.phncdn.com/videos/201412/07/35738141/original/(m=eaf8GgaaaWavb)(mh=UsE4LXeVRfENuNU4)10.jpg;https://ei.phncdn.com/videos/201412/07/35738141/original/(m=eaf8GgaaaWavb)(mh=UsE4LXeVRfENuNU4)11.jpg;https://ei.phncdn.com/videos/201412/07/35738141/original/(m=eaf8GgaaaWavb)(mh=UsE4LXeVRfENuNU4)12.jpg;https://ei.phncdn.com/videos/201412/07/35738141/original/(m=eaf8GgaaaWavb)(mh=UsE4LXeVRfENuNU4)13.jpg;https://ei.phncdn.com/videos/201412/07/35738141/original/(m=eaf8GgaaaWavb)(mh=UsE4LXeVRfENuNU4)14.jpg;https://ei.phncdn.com/videos/201412/07/35738141/original/(m=eaf8GgaaaWavb)(mh=UsE4LXeVRfENuNU4)15.jpg;https://ei.phncdn.com/videos/201412/07/35738141/original/(m=eaf8GgaaaWavb)(mh=UsE4LXeVRfENuNU4)16.jpg|couple fucking on public stage|extrememoviepass;live-sex-shows;stage;porn-show;stripping;sexshow;sex-show;live;stage-fucking;public;blonde;couple;sexfair;teasing|Striptease;Party||608|28647|51|16|https://ei.phncdn.com/videos/201412/07/35738141/original/(m=eaAaGwObaaamqv)(mh=gtzcC6YJu9CjyhyE)4.jpg|https://ei.phncdn.com/videos/201412/07/35738141/original/(m=eaAaGwObaaamqv)(mh=gtzcC6YJu9CjyhyE)1.jpg;https://ei.phncdn.com/videos/201412/07/35738141/original/(m=eaAaGwObaaamqv)(mh=gtzcC6YJu9CjyhyE)2.jpg;https://ei.phncdn.com/videos/201412/07/35738141/original/(m=eaAaGwObaaamqv)(mh=gtzcC6YJu9CjyhyE)3.jpg;https://ei.phncdn.com/videos/201412/07/35738141/original/(m=eaAaGwObaaamqv)(mh=gtzcC6YJu9CjyhyE)4.jpg;https://ei.phncdn.com/videos/201412/07/35738141/original/(m=eaAaGwObaaamqv)(mh=gtzcC6YJu9CjyhyE)5.jpg;https://ei.phncdn.com/videos/201412/07/35738141/original/(m=eaAaGwObaaamqv)(mh=gtzcC6YJu9CjyhyE)6.jpg;https://ei.phncdn.com/videos/201412/07/35738141/original/(m=eaAaGwObaaamqv)(mh=gtzcC6YJu9CjyhyE)7.jpg;https://ei.phncdn.com/videos/201412/07/35738141/original/(m=eaAaGwObaaamqv)(mh=gtzcC6YJu9CjyhyE)8.jpg;https://ei.phncdn.com/videos/201412/07/35738141/original/(m=eaAaGwObaaamqv)(mh=gtzcC6YJu9CjyhyE)9.jpg;https://ei.phncdn.com/videos/201412/07/35738141/original/(m=eaAaGwObaaamqv)(mh=gtzcC6YJu9CjyhyE)10.jpg;https://ei.phncdn.com/videos/201412/07/35738141/original/(m=eaAaGwObaaamqv)(mh=gtzcC6YJu9CjyhyE)11.jpg;https://ei.phncdn.com/videos/201412/07/35738141/original/(m=eaAaGwObaaamqv)(mh=gtzcC6YJu9CjyhyE)12.jpg;https://ei.phncdn.com/videos/201412/07/35738141/original/(m=eaAaGwObaaamqv)(mh=gtzcC6YJu9CjyhyE)13.jpg;https://ei.phncdn.com/videos/201412/07/35738141/original/(m=eaAaGwObaaamqv)(mh=gtzcC6YJu9CjyhyE)14.jpg;https://ei.phncdn.com/videos/201412/07/35738141/original/(m=eaAaGwObaaamqv)(mh=gtzcC6YJu9CjyhyE)15.jpg;https://ei.phncdn.com/videos/201412/07/35738141/original/(m=eaAaGwObaaamqv)(mh=gtzcC6YJu9CjyhyE)16.jpg
<iframe src="https://www.pornhub.com/embed/1515481768" frameborder="0" height="481" width="608" scrolling="no"></iframe>|https://ei.phncdn.com/videos/201501/31/38353811/original/(m=eaf8GgaaaWavb)(mh=Z4ZzXJt5W5EnS2Jn)12.jpg|https://ei.phncdn.com/videos/201501/31/38353811/original/(m=eaf8GgaaaWavb)(mh=Z4ZzXJt5W5EnS2Jn)1.jpg;https://ei.phncdn.com/videos/201501/31/38353811/original/(m=eaf8GgaaaWavb)(mh=Z4ZzXJt5W5EnS2Jn)2.jpg;https://ei.phncdn.com/videos/201501/31/38353811/original/(m=eaf8GgaaaWavb)(mh=Z4ZzXJt5W5EnS2Jn)3.jpg;https://ei.phncdn.com/videos/201501/31/38353811/original/(m=eaf8GgaaaWavb)(mh=Z4ZzXJt5W5EnS2Jn)4.jpg;https://ei.phncdn.com/videos/201501/31/38353811/original/(m=eaf8GgaaaWavb)(mh=Z4ZzXJt5W5EnS2Jn)5.jpg;https://ei.phncdn.com/videos/201501/31/38353811/original/(m=eaf8GgaaaWavb)(mh=Z4ZzXJt5W5EnS2Jn)6.jpg;https://ei.phncdn.com/videos/201501/31/38353811/original/(m=eaf8GgaaaWavb)(mh=Z4ZzXJt5W5EnS2Jn)7.jpg;https://ei.phncdn.com/videos/201501/31/38353811/original/(m=eaf8GgaaaWavb)(mh=Z4ZzXJt5W5EnS2Jn)8.jpg;https://ei.phncdn.com/videos/201501/31/38353811/original/(m=eaf8GgaaaWavb)(mh=Z4ZzXJt5W5EnS2Jn)9.jpg;https://ei.phncdn.com/videos/201501/31/38353811/original/(m=eaf8GgaaaWavb)(mh=Z4ZzXJt5W5EnS2Jn)10.jpg;https://ei.phncdn.com/videos/201501/31/38353811/original/(m=eaf8GgaaaWavb)(mh=Z4ZzXJt5W5EnS2Jn)11.jpg;https://ei.phncdn.com/videos/201501/31/38353811/original/(m=eaf8GgaaaWavb)(mh=Z4ZzXJt5W5EnS2Jn)12.jpg;https://ei.phncdn.com/videos/201501/31/38353811/original/(m=eaf8GgaaaWavb)(mh=Z4ZzXJt5W5EnS2Jn)13.jpg;https://ei.phncdn.com/videos/201501/31/38353811/original/(m=eaf8GgaaaWavb)(mh=Z4ZzXJt5W5EnS2Jn)14.jpg;https://ei.phncdn.com/videos/201501/31/38353811/original/(m=eaf8GgaaaWavb)(mh=Z4ZzXJt5W5EnS2Jn)15.jpg;https://ei.phncdn.com/videos/201501/31/38353811/original/(m=eaf8GgaaaWavb)(mh=Z4ZzXJt5W5EnS2Jn)16.jpg|Striptease in 3D game|teasing;striptease;3d;videogame;nude;stripper;poledance;game;adult-game;hot|Striptease;Cartoon;Music||91|10453|24|8|https://ei.phncdn.com/videos/201501/31/38353811/original/(m=eaAaGwObaaamqv)(mh=iQnpuJl2Z7H4bavH)12.jpg|https://ei.phncdn.com/videos/201501/31/38353811/original/(m=eaAaGwObaaamqv)(mh=iQnpuJl2Z7H4bavH)1.jpg;https://ei.phncdn.com/videos/201501/31/38353811/original/(m=eaAaGwObaaamqv)(mh=iQnpuJl2Z7H4bavH)2.jpg;https://ei.phncdn.com/videos/201501/31/38353811/original/(m=eaAaGwObaaamqv)(mh=iQnpuJl2Z7H4bavH)3.jpg;https://ei.phncdn.com/videos/201501/31/38353811/original/(m=eaAaGwObaaamqv)(mh=iQnpuJl2Z7H4bavH)4.jpg;https://ei.phncdn.com/videos/201501/31/38353811/original/(m=eaAaGwObaaamqv)(mh=iQnpuJl2Z7H4bavH)5.jpg;https://ei.phncdn.com/videos/201501/31/38353811/original/(m=eaAaGwObaaamqv)(mh=iQnpuJl2Z7H4bavH)6.jpg;https://ei.phncdn.com/videos/201501/31/38353811/original/(m=eaAaGwObaaamqv)(mh=iQnpuJl2Z7H4bavH)7.jpg;https://ei.phncdn.com/videos/201501/31/38353811/original/(m=eaAaGwObaaamqv)(mh=iQnpuJl2Z7H4bavH)8.jpg;https://ei.phncdn.com/videos/201501/31/38353811/original/(m=eaAaGwObaaamqv)(mh=iQnpuJl2Z7H4bavH)9.jpg;https://ei.phncdn.com/videos/201501/31/38353811/original/(m=eaAaGwObaaamqv)(mh=iQnpuJl2Z7H4bavH)10.jpg;https://ei.phncdn.com/videos/201501/31/38353811/original/(m=eaAaGwObaaamqv)(mh=iQnpuJl2Z7H4bavH)11.jpg;https://ei.phncdn.com/videos/201501/31/38353811/original/(m=eaAaGwObaaamqv)(mh=iQnpuJl2Z7H4bavH)12.jpg;https://ei.phncdn.com/videos/201501/31/38353811/original/(m=eaAaGwObaaamqv)(mh=iQnpuJl2Z7H4bavH)13.jpg;https://ei.phncdn.com/videos/201501/31/38353811/original/(m=eaAaGwObaaamqv)(mh=iQnpuJl2Z7H4bavH)14.jpg;https://ei.phncdn.com/videos/201501/31/38353811/original/(m=eaAaGwObaaamqv)(mh=iQnpuJl2Z7H4bavH)15.jpg;https://ei.phncdn.com/videos/201501/31/38353811/original/(m=eaAaGwObaaamqv)(mh=iQnpuJl2Z7H4bavH)16.jpg
<iframe src="https://www.pornhub.com/embed/ph55f77f8c0b344" frameborder="0" height="481" width="608" scrolling="no"></iframe>|https://ei.phncdn.com/videos/201509/14/57319241/original/(m=eaf8GgaaaWavb)(mh=PlUPwQjJKLOoAz5D)10.jpg|https://ei.phncdn.com/videos/201509/14/57319241/original/(m=eaf8GgaaaWavb)(mh=PlUPwQjJKLOoAz5D)1.jpg;https://ei.phncdn.com/videos/201509/14/57319241/original/(m=eaf8GgaaaWavb)(mh=PlUPwQjJKLOoAz5D)2.jpg;https://ei.phncdn.com/videos/201509/14/57319241/original/(m=eaf8GgaaaWavb)(mh=PlUPwQjJKLOoAz5D)3.jpg;https://ei.phncdn.com/videos/201509/14/57319241/original/(m=eaf8GgaaaWavb)(mh=PlUPwQjJKLOoAz5D)4.jpg;https://ei.phncdn.com/videos/201509/14/57319241/original/(m=eaf8GgaaaWavb)(mh=PlUPwQjJKLOoAz5D)5.jpg;https://ei.phncdn.com/videos/201509/14/57319241/original/(m=eaf8GgaaaWavb)(mh=PlUPwQjJKLOoAz5D)6.jpg;https://ei.phncdn.com/videos/201509/14/57319241/original/(m=eaf8GgaaaWavb)(mh=PlUPwQjJKLOoAz5D)7.jpg;https://ei.phncdn.com/videos/201509/14/57319241/original/(m=eaf8GgaaaWavb)(mh=PlUPwQjJKLOoAz5D)8.jpg;https://ei.phncdn.com/videos/201509/14/57319241/original/(m=eaf8GgaaaWavb)(mh=PlUPwQjJKLOoAz5D)9.jpg;https://ei.phncdn.com/videos/201509/14/57319241/original/(m=eaf8GgaaaWavb)(mh=PlUPwQjJKLOoAz5D)10.jpg;https://ei.phncdn.com/videos/201509/14/57319241/original/(m=eaf8GgaaaWavb)(mh=PlUPwQjJKLOoAz5D)11.jpg;https://ei.phncdn.com/videos/201509/14/57319241/original/(m=eaf8GgaaaWavb)(mh=PlUPwQjJKLOoAz5D)12.jpg;https://ei.phncdn.com/videos/201509/14/57319241/original/(m=eaf8GgaaaWavb)(mh=PlUPwQjJKLOoAz5D)13.jpg;https://ei.phncdn.com/videos/201509/14/57319241/original/(m=eaf8GgaaaWavb)(mh=PlUPwQjJKLOoAz5D)14.jpg;https://ei.phncdn.com/videos/201509/14/57319241/original/(m=eaf8GgaaaWavb)(mh=PlUPwQjJKLOoAz5D)15.jpg;https://ei.phncdn.com/videos/201509/14/57319241/original/(m=eaf8GgaaaWavb)(mh=PlUPwQjJKLOoAz5D)16.jpg|MissMollyMeow - Teasing Cunt|teenager;teasing|Striptease;18-25;Webcam;Verified Amateurs;Solo Female||379|649|5|0|https://ei.phncdn.com/videos/201509/14/57319241/original/(m=eaAaGwObaaamqv)(mh=lU5lWl5mdRhhzVTN)10.jpg|https://ei.phncdn.com/videos/201509/14/57319241/original/(m=eaAaGwObaaamqv)(mh=lU5lWl5mdRhhzVTN)1.jpg;https://ei.phncdn.com/videos/201509/14/57319241/original/(m=eaAaGwObaaamqv)(mh=lU5lWl5mdRhhzVTN)2.jpg;https://ei.phncdn.com/videos/201509/14/57319241/original/(m=eaAaGwObaaamqv)(mh=lU5lWl5mdRhhzVTN)3.jpg;https://ei.phncdn.com/videos/201509/14/57319241/original/(m=eaAaGwObaaamqv)(mh=lU5lWl5mdRhhzVTN)4.jpg;https://ei.phncdn.com/videos/201509/14/57319241/original/(m=eaAaGwObaaamqv)(mh=lU5lWl5mdRhhzVTN)5.jpg;https://ei.phncdn.com/videos/201509/14/57319241/original/(m=eaAaGwObaaamqv)(mh=lU5lWl5mdRhhzVTN)6.jpg;https://ei.phncdn.com/videos/201509/14/57319241/original/(m=eaAaGwObaaamqv)(mh=lU5lWl5mdRhhzVTN)7.jpg;https://ei.phncdn.com/videos/201509/14/57319241/original/(m=eaAaGwObaaamqv)(mh=lU5lWl5mdRhhzVTN)8.jpg;https://ei.phncdn.com/videos/201509/14/57319241/original/(m=eaAaGwObaaamqv)(mh=lU5lWl5mdRhhzVTN)9.jpg;https://ei.phncdn.com/videos/201509/14/57319241/original/(m=eaAaGwObaaamqv)(mh=lU5lWl5mdRhhzVTN)10.jpg;https://ei.phncdn.com/videos/201509/14/57319241/original/(m=eaAaGwObaaamqv)(mh=lU5lWl5mdRhhzVTN)11.jpg;https://ei.phncdn.com/videos/201509/14/57319241/original/(m=eaAaGwObaaamqv)(mh=lU5lWl5mdRhhzVTN)12.jpg;https://ei.phncdn.com/videos/201509/14/57319241/original/(m=eaAaGwObaaamqv)(mh=lU5lWl5mdRhhzVTN)13.jpg;https://ei.phncdn.com/videos/201509/14/57319241/original/(m=eaAaGwObaaamqv)(mh=lU5lWl5mdRhhzVTN)14.jpg;https://ei.phncdn.com/videos/201509/14/57319241/original/(m=eaAaGwObaaamqv)(mh=lU5lWl5mdRhhzVTN)15.jpg;https://ei.phncdn.com/videos/201509/14/57319241/original/(m=eaAaGwObaaamqv)(mh=lU5lWl5mdRhhzVTN)16.jpg
<iframe src="https://www.pornhub.com/embed/ph55f77f8c3483a" frameborder="0" height="481" width="608" scrolling="no"></iframe>|https://ei.phncdn.com/videos/201509/14/57319281/original/(m=eaf8GgaaaWavb)(mh=L9f7ywrG-4hmEUZI)6.jpg|https://ei.phncdn.com/videos/201509/14/57319281/original/(m=eaf8GgaaaWavb)(mh=L9f7ywrG-4hmEUZI)1.jpg;https://ei.phncdn.com/videos/201509/14/57319281/original/(m=eaf8GgaaaWavb)(mh=L9f7ywrG-4hmEUZI)2.jpg;https://ei.phncdn.com/videos/201509/14/57319281/original/(m=eaf8GgaaaWavb)(mh=L9f7ywrG-4hmEUZI)3.jpg;https://ei.phncdn.com/videos/201509/14/57319281/original/(m=eaf8GgaaaWavb)(mh=L9f7ywrG-4hmEUZI)4.jpg;https://ei.phncdn.com/videos/201509/14/57319281/original/(m=eaf8GgaaaWavb)(mh=L9f7ywrG-4hmEUZI)5.jpg;https://ei.phncdn.com/videos/201509/14/57319281/original/(m=eaf8GgaaaWavb)(mh=L9f7ywrG-4hmEUZI)6.jpg;https://ei.phncdn.com/videos/201509/14/57319281/original/(m=eaf8GgaaaWavb)(mh=L9f7ywrG-4hmEUZI)7.jpg;https://ei.phncdn.com/videos/201509/14/57319281/original/(m=eaf8GgaaaWavb)(mh=L9f7ywrG-4hmEUZI)8.jpg;https://ei.phncdn.com/videos/201509/14/57319281/original/(m=eaf8GgaaaWavb)(mh=L9f7ywrG-4hmEUZI)9.jpg;https://ei.phncdn.com/videos/201509/14/57319281/original/(m=eaf8GgaaaWavb)(mh=L9f7ywrG-4hmEUZI)10.jpg;https://ei.phncdn.com/videos/201509/14/57319281/original/(m=eaf8GgaaaWavb)(mh=L9f7ywrG-4hmEUZI)11.jpg;https://ei.phncdn.com/videos/201509/14/57319281/original/(m=eaf8GgaaaWavb)(mh=L9f7ywrG-4hmEUZI)12.jpg;https://ei.phncdn.com/videos/201509/14/57319281/original/(m=eaf8GgaaaWavb)(mh=L9f7ywrG-4hmEUZI)13.jpg;https://ei.phncdn.com/videos/201509/14/57319281/original/(m=eaf8GgaaaWavb)(mh=L9f7ywrG-4hmEUZI)14.jpg;https://ei.phncdn.com/videos/201509/14/57319281/original/(m=eaf8GgaaaWavb)(mh=L9f7ywrG-4hmEUZI)15.jpg;https://ei.phncdn.com/videos/201509/14/57319281/original/(m=eaf8GgaaaWavb)(mh=L9f7ywrG-4hmEUZI)16.jpg|MissMollyMeow - Teasing Cunt|teasing;teen|Striptease;18-25;Webcam;Verified Amateurs;Solo Female||420|1433|14|1|https://ei.phncdn.com/videos/201509/14/57319281/original/(m=eaAaGwObaaamqv)(mh=ymrn_2FmwUPvB8VB)6.jpg|https://ei.phncdn.com/videos/201509/14/57319281/original/(m=eaAaGwObaaamqv)(mh=ymrn_2FmwUPvB8VB)1.jpg;https://ei.phncdn.com/videos/201509/14/57319281/original/(m=eaAaGwObaaamqv)(mh=ymrn_2FmwUPvB8VB)2.jpg;https://ei.phncdn.com/videos/201509/14/57319281/original/(m=eaAaGwObaaamqv)(mh=ymrn_2FmwUPvB8VB)3.jpg;https://ei.phncdn.com/videos/201509/14/57319281/original/(m=eaAaGwObaaamqv)(mh=ymrn_2FmwUPvB8VB)4.jpg;https://ei.phncdn.com/videos/201509/14/57319281/original/(m=eaAaGwObaaamqv)(mh=ymrn_2FmwUPvB8VB)5.jpg;https://ei.phncdn.com/videos/201509/14/57319281/original/(m=eaAaGwObaaamqv)(mh=ymrn_2FmwUPvB8VB)6.jpg;https://ei.phncdn.com/videos/201509/14/57319281/original/(m=eaAaGwObaaamqv)(mh=ymrn_2FmwUPvB8VB)7.jpg;https://ei.phncdn.com/videos/201509/14/57319281/original/(m=eaAaGwObaaamqv)(mh=ymrn_2FmwUPvB8VB)8.jpg;https://ei.phncdn.com/videos/201509/14/57319281/original/(m=eaAaGwObaaamqv)(mh=ymrn_2FmwUPvB8VB)9.jpg;https://ei.phncdn.com/videos/201509/14/57319281/original/(m=eaAaGwObaaamqv)(mh=ymrn_2FmwUPvB8VB)10.jpg;https://ei.phncdn.com/videos/201509/14/57319281/original/(m=eaAaGwObaaamqv)(mh=ymrn_2FmwUPvB8VB)11.jpg;https://ei.phncdn.com/videos/201509/14/57319281/original/(m=eaAaGwObaaamqv)(mh=ymrn_2FmwUPvB8VB)12.jpg;https://ei.phncdn.com/videos/201509/14/57319281/original/(m=eaAaGwObaaamqv)(mh=ymrn_2FmwUPvB8VB)13.jpg;https://ei.phncdn.com/videos/201509/14/57319281/original/(m=eaAaGwObaaamqv)(mh=ymrn_2FmwUPvB8VB)14.jpg;https://ei.phncdn.com/videos/201509/14/57319281/original/(m=eaAaGwObaaamqv)(mh=ymrn_2FmwUPvB8VB)15.jpg;https://ei.phncdn.com/videos/201509/14/57319281/original/(m=eaAaGwObaaamqv)(mh=ymrn_2FmwUPvB8VB)16.jpg
<iframe src="https://www.pornhub.com/embed/ph561af450bdf48" frameborder="0" height="481" width="608" scrolling="no"></iframe>|https://ei.phncdn.com/videos/201510/11/59254531/original/(m=eaf8GgaaaWavb)(mh=P4VYCP2fYTeksCw5)12.jpg|https://ei.phncdn.com/videos/201510/11/59254531/original/(m=eaf8GgaaaWavb)(mh=P4VYCP2fYTeksCw5)1.jpg;https://ei.phncdn.com/videos/201510/11/59254531/original/(m=eaf8GgaaaWavb)(mh=P4VYCP2fYTeksCw5)2.jpg;https://ei.phncdn.com/videos/201510/11/59254531/original/(m=eaf8GgaaaWavb)(mh=P4VYCP2fYTeksCw5)3.jpg;https://ei.phncdn.com/videos/201510/11/59254531/original/(m=eaf8GgaaaWavb)(mh=P4VYCP2fYTeksCw5)4.jpg;https://ei.phncdn.com/videos/201510/11/59254531/original/(m=eaf8GgaaaWavb)(mh=P4VYCP2fYTeksCw5)5.jpg;https://ei.phncdn.com/videos/201510/11/59254531/original/(m=eaf8GgaaaWavb)(mh=P4VYCP2fYTeksCw5)6.jpg;https://ei.phncdn.com/videos/201510/11/59254531/original/(m=eaf8GgaaaWavb)(mh=P4VYCP2fYTeksCw5)7.jpg;https://ei.phncdn.com/videos/201510/11/59254531/original/(m=eaf8GgaaaWavb)(mh=P4VYCP2fYTeksCw5)8.jpg;https://ei.phncdn.com/videos/201510/11/59254531/original/(m=eaf8GgaaaWavb)(mh=P4VYCP2fYTeksCw5)9.jpg;https://ei.phncdn.com/videos/201510/11/59254531/original/(m=eaf8GgaaaWavb)(mh=P4VYCP2fYTeksCw5)10.jpg;https://ei.phncdn.com/videos/201510/11/59254531/original/(m=eaf8GgaaaWavb)(mh=P4VYCP2fYTeksCw5)11.jpg;https://ei.phncdn.com/videos/201510/11/59254531/original/(m=eaf8GgaaaWavb)(mh=P4VYCP2fYTeksCw5)12.jpg;https://ei.phncdn.com/videos/201510/11/59254531/original/(m=eaf8GgaaaWavb)(mh=P4VYCP2fYTeksCw5)13.jpg;https://ei.phncdn.com/videos/201510/11/59254531/original/(m=eaf8GgaaaWavb)(mh=P4VYCP2fYTeksCw5)14.jpg;https://ei.phncdn.com/videos/201510/11/59254531/original/(m=eaf8GgaaaWavb)(mh=P4VYCP2fYTeksCw5)15.jpg;https://ei.phncdn.com/videos/201510/11/59254531/original/(m=eaf8GgaaaWavb)(mh=P4VYCP2fYTeksCw5)16.jpg|The Forbidden Desires from India|bollywoodnudeshd;bollywood;nudes;naked;milf;desi;indian;milfs;cougars;strip-tease;brunettes;natural;music;teasing|Striptease;Indian||690|4212|20|9|https://ei.phncdn.com/videos/201510/11/59254531/original/(m=eaAaGwObaaamqv)(mh=9vcMPF6VtrFZG5Qn)12.jpg|https://ei.phncdn.com/videos/201510/11/59254531/original/(m=eaAaGwObaaamqv)(mh=9vcMPF6VtrFZG5Qn)1.jpg;https://ei.phncdn.com/videos/201510/11/59254531/original/(m=eaAaGwObaaamqv)(mh=9vcMPF6VtrFZG5Qn)2.jpg;https://ei.phncdn.com/videos/201510/11/59254531/original/(m=eaAaGwObaaamqv)(mh=9vcMPF6VtrFZG5Qn)3.jpg;https://ei.phncdn.com/videos/201510/11/59254531/original/(m=eaAaGwObaaamqv)(mh=9vcMPF6VtrFZG5Qn)4.jpg;https://ei.phncdn.com/videos/201510/11/59254531/original/(m=eaAaGwObaaamqv)(mh=9vcMPF6VtrFZG5Qn)5.jpg;https://ei.phncdn.com/videos/201510/11/59254531/original/(m=eaAaGwObaaamqv)(mh=9vcMPF6VtrFZG5Qn)6.jpg;https://ei.phncdn.com/videos/201510/11/59254531/original/(m=eaAaGwObaaamqv)(mh=9vcMPF6VtrFZG5Qn)7.jpg;https://ei.phncdn.com/videos/201510/11/59254531/original/(m=eaAaGwObaaamqv)(mh=9vcMPF6VtrFZG5Qn)8.jpg;https://ei.phncdn.com/videos/201510/11/59254531/original/(m=eaAaGwObaaamqv)(mh=9vcMPF6VtrFZG5Qn)9.jpg;https://ei.phncdn.com/videos/201510/11/59254531/original/(m=eaAaGwObaaamqv)(mh=9vcMPF6VtrFZG5Qn)10.jpg;https://ei.phncdn.com/videos/201510/11/59254531/original/(m=eaAaGwObaaamqv)(mh=9vcMPF6VtrFZG5Qn)11.jpg;https://ei.phncdn.com/videos/201510/11/59254531/original/(m=eaAaGwObaaamqv)(mh=9vcMPF6VtrFZG5Qn)12.jpg;https://ei.phncdn.com/videos/201510/11/59254531/original/(m=eaAaGwObaaamqv)(mh=9vcMPF6VtrFZG5Qn)13.jpg;https://ei.phncdn.com/videos/201510/11/59254531/original/(m=eaAaGwObaaamqv)(mh=9vcMPF6VtrFZG5Qn)14.jpg;https://ei.phncdn.com/videos/201510/11/59254531/original/(m=eaAaGwObaaamqv)(mh=9vcMPF6VtrFZG5Qn)15.jpg;https://ei.phncdn.com/videos/201510/11/59254531/original/(m=eaAaGwObaaamqv)(mh=9vcMPF6VtrFZG5Qn)16.jpg
<iframe src="https://www.pornhub.com/embed/ph562ee06bd985a" frameborder="0" height="481" width="608" scrolling="no"></iframe>|https://ei.phncdn.com/videos/201510/27/60350951/original/(m=eaf8GgaaaWavb)(mh=LEnznR_jueWZjKiQ)5.jpg|https://ei.phncdn.com/videos/201510/27/60350951/original/(m=eaf8GgaaaWavb)(mh=LEnznR_jueWZjKiQ)1.jpg;https://ei.phncdn.com/videos/201510/27/60350951/original/(m=eaf8GgaaaWavb)(mh=LEnznR_jueWZjKiQ)2.jpg;https://ei.phncdn.com/videos/201510/27/60350951/original/(m=eaf8GgaaaWavb)(mh=LEnznR_jueWZjKiQ)3.jpg;https://ei.phncdn.com/videos/201510/27/60350951/original/(m=eaf8GgaaaWavb)(mh=LEnznR_jueWZjKiQ)4.jpg;https://ei.phncdn.com/videos/201510/27/60350951/original/(m=eaf8GgaaaWavb)(mh=LEnznR_jueWZjKiQ)5.jpg;https://ei.phncdn.com/videos/201510/27/60350951/original/(m=eaf8GgaaaWavb)(mh=LEnznR_jueWZjKiQ)6.jpg;https://ei.phncdn.com/videos/201510/27/60350951/original/(m=eaf8GgaaaWavb)(mh=LEnznR_jueWZjKiQ)7.jpg;https://ei.phncdn.com/videos/201510/27/60350951/original/(m=eaf8GgaaaWavb)(mh=LEnznR_jueWZjKiQ)8.jpg;https://ei.phncdn.com/videos/201510/27/60350951/original/(m=eaf8GgaaaWavb)(mh=LEnznR_jueWZjKiQ)9.jpg;https://ei.phncdn.com/videos/201510/27/60350951/original/(m=eaf8GgaaaWavb)(mh=LEnznR_jueWZjKiQ)10.jpg;https://ei.phncdn.com/videos/201510/27/60350951/original/(m=eaf8GgaaaWavb)(mh=LEnznR_jueWZjKiQ)11.jpg;https://ei.phncdn.com/videos/201510/27/60350951/original/(m=eaf8GgaaaWavb)(mh=LEnznR_jueWZjKiQ)12.jpg;https://ei.phncdn.com/videos/201510/27/60350951/original/(m=eaf8GgaaaWavb)(mh=LEnznR_jueWZjKiQ)13.jpg;https://ei.phncdn.com/videos/201510/27/60350951/original/(m=eaf8GgaaaWavb)(mh=LEnznR_jueWZjKiQ)14.jpg;https://ei.phncdn.com/videos/201510/27/60350951/original/(m=eaf8GgaaaWavb)(mh=LEnznR_jueWZjKiQ)15.jpg;https://ei.phncdn.com/videos/201510/27/60350951/original/(m=eaf8GgaaaWavb)(mh=LEnznR_jueWZjKiQ)16.jpg|Psychill Lounge V3 - COCKulus VR|anime;teasing;teenager;vr;vr-porn;virtual-reality;cockulus;hentail;hentai;3d-hentai;3d;cartoon;oculus-rift|Striptease;18-25;Cartoon;Verified Amateurs||543|25853|51|20|https://ei.phncdn.com/videos/201510/27/60350951/original/(m=eaAaGwObaaamqv)(mh=wicJxDsuIjKqdwRD)5.jpg|https://ei.phncdn.com/videos/201510/27/60350951/original/(m=eaAaGwObaaamqv)(mh=wicJxDsuIjKqdwRD)1.jpg;https://ei.phncdn.com/videos/201510/27/60350951/original/(m=eaAaGwObaaamqv)(mh=wicJxDsuIjKqdwRD)2.jpg;https://ei.phncdn.com/videos/201510/27/60350951/original/(m=eaAaGwObaaamqv)(mh=wicJxDsuIjKqdwRD)3.jpg;https://ei.phncdn.com/videos/201510/27/60350951/original/(m=eaAaGwObaaamqv)(mh=wicJxDsuIjKqdwRD)4.jpg;https://ei.phncdn.com/videos/201510/27/60350951/original/(m=eaAaGwObaaamqv)(mh=wicJxDsuIjKqdwRD)5.jpg;https://ei.phncdn.com/videos/201510/27/60350951/original/(m=eaAaGwObaaamqv)(mh=wicJxDsuIjKqdwRD)6.jpg;https://ei.phncdn.com/videos/201510/27/60350951/original/(m=eaAaGwObaaamqv)(mh=wicJxDsuIjKqdwRD)7.jpg;https://ei.phncdn.com/videos/201510/27/60350951/original/(m=eaAaGwObaaamqv)(mh=wicJxDsuIjKqdwRD)8.jpg;https://ei.phncdn.com/videos/201510/27/60350951/original/(m=eaAaGwObaaamqv)(mh=wicJxDsuIjKqdwRD)9.jpg;https://ei.phncdn.com/videos/201510/27/60350951/original/(m=eaAaGwObaaamqv)(mh=wicJxDsuIjKqdwRD)10.jpg;https://ei.phncdn.com/videos/201510/27/60350951/original/(m=eaAaGwObaaamqv)(mh=wicJxDsuIjKqdwRD)11.jpg;https://ei.phncdn.com/videos/201510/27/60350951/original/(m=eaAaGwObaaamqv)(mh=wicJxDsuIjKqdwRD)12.jpg;https://ei.phncdn.com/videos/201510/27/60350951/original/(m=eaAaGwObaaamqv)(mh=wicJxDsuIjKqdwRD)13.jpg;https://ei.phncdn.com/videos/201510/27/60350951/original/(m=eaAaGwObaaamqv)(mh=wicJxDsuIjKqdwRD)14.jpg;https://ei.phncdn.com/videos/201510/27/60350951/original/(m=eaAaGwObaaamqv)(mh=wicJxDsuIjKqdwRD)15.jpg;https://ei.phncdn.com/videos/201510/27/60350951/original/(m=eaAaGwObaaamqv)(mh=wicJxDsuIjKqdwRD)16.jpg
<iframe src="https://www.pornhub.com/embed/ph56621edbdc1c1" frameborder="0" height="481" width="608" scrolling="no"></iframe>|https://ei.phncdn.com/videos/201512/04/63089881/original/(m=eaf8GgaaaWavb)(mh=jCd_ivu2yga21GJB)16.jpg|https://ei.phncdn.com/videos/201512/04/63089881/original/(m=eaf8GgaaaWavb)(mh=jCd_ivu2yga21GJB)1.jpg;https://ei.phncdn.com/videos/201512/04/63089881/original/(m=eaf8GgaaaWavb)(mh=jCd_ivu2yga21GJB)2.jpg;https://ei.phncdn.com/videos/201512/04/63089881/original/(m=eaf8GgaaaWavb)(mh=jCd_ivu2yga21GJB)3.jpg;https://ei.phncdn.com/videos/201512/04/63089881/original/(m=eaf8GgaaaWavb)(mh=jCd_ivu2yga21GJB)4.jpg;https://ei.phncdn.com/videos/201512/04/63089881/original/(m=eaf8GgaaaWavb)(mh=jCd_ivu2yga21GJB)5.jpg;https://ei.phncdn.com/videos/201512/04/63089881/original/(m=eaf8GgaaaWavb)(mh=jCd_ivu2yga21GJB)6.jpg;https://ei.phncdn.com/videos/201512/04/63089881/original/(m=eaf8GgaaaWavb)(mh=jCd_ivu2yga21GJB)7.jpg;https://ei.phncdn.com/videos/201512/04/63089881/original/(m=eaf8GgaaaWavb)(mh=jCd_ivu2yga21GJB)8.jpg;https://ei.phncdn.com/videos/201512/04/63089881/original/(m=eaf8GgaaaWavb)(mh=jCd_ivu2yga21GJB)9.jpg;https://ei.phncdn.com/videos/201512/04/63089881/original/(m=eaf8GgaaaWavb)(mh=jCd_ivu2yga21GJB)10.jpg;https://ei.phncdn.com/videos/201512/04/63089881/original/(m=eaf8GgaaaWavb)(mh=jCd_ivu2yga21GJB)11.jpg;https://ei.phncdn.com/videos/201512/04/63089881/original/(m=eaf8GgaaaWavb)(mh=jCd_ivu2yga21GJB)12.jpg;https://ei.phncdn.com/videos/201512/04/63089881/original/(m=eaf8GgaaaWavb)(mh=jCd_ivu2yga21GJB)13.jpg;https://ei.phncdn.com/videos/201512/04/63089881/original/(m=eaf8GgaaaWavb)(mh=jCd_ivu2yga21GJB)14.jpg;https://ei.phncdn.com/videos/201512/04/63089881/original/(m=eaf8GgaaaWavb)(mh=jCd_ivu2yga21GJB)15.jpg;https://ei.phncdn.com/videos/201512/04/63089881/original/(m=eaf8GgaaaWavb)(mh=jCd_ivu2yga21GJB)16.jpg|sexy crossdresser dance and show off her shaved legs and body spreading ass|teasing;amateur-teen;amateur;dancing;shemale-dance;sissy-crossdress;legs-spread-wide;sexy-legs;long-legs-teen;smooth-teen;bisexual-husband;solo-male;solo;teen-crossdresser-hd;amateur-crossdresser|Striptease;Webcam;Transgender;Verified Amateurs;Solo Trans||272|7505|22|4|https://ei.phncdn.com/videos/201512/04/63089881/original/(m=eaAaGwObaaamqv)(mh=5WWjqQk8YFem3aRe)16.jpg|https://ei.phncdn.com/videos/201512/04/63089881/original/(m=eaAaGwObaaamqv)(mh=5WWjqQk8YFem3aRe)1.jpg;https://ei.phncdn.com/videos/201512/04/63089881/original/(m=eaAaGwObaaamqv)(mh=5WWjqQk8YFem3aRe)2.jpg;https://ei.phncdn.com/videos/201512/04/63089881/original/(m=eaAaGwObaaamqv)(mh=5WWjqQk8YFem3aRe)3.jpg;https://ei.phncdn.com/videos/201512/04/63089881/original/(m=eaAaGwObaaamqv)(mh=5WWjqQk8YFem3aRe)4.jpg;https://ei.phncdn.com/videos/201512/04/63089881/original/(m=eaAaGwObaaamqv)(mh=5WWjqQk8YFem3aRe)5.jpg;https://ei.phncdn.com/videos/201512/04/63089881/original/(m=eaAaGwObaaamqv)(mh=5WWjqQk8YFem3aRe)6.jpg;https://ei.phncdn.com/videos/201512/04/63089881/original/(m=eaAaGwObaaamqv)(mh=5WWjqQk8YFem3aRe)7.jpg;https://ei.phncdn.com/videos/201512/04/63089881/original/(m=eaAaGwObaaamqv)(mh=5WWjqQk8YFem3aRe)8.jpg;https://ei.phncdn.com/videos/201512/04/63089881/original/(m=eaAaGwObaaamqv)(mh=5WWjqQk8YFem3aRe)9.jpg;https://ei.phncdn.com/videos/201512/04/63089881/original/(m=eaAaGwObaaamqv)(mh=5WWjqQk8YFem3aRe)10.jpg;https://ei.phncdn.com/videos/201512/04/63089881/original/(m=eaAaGwObaaamqv)(mh=5WWjqQk8YFem3aRe)11.jpg;https://ei.phncdn.com/videos/201512/04/63089881/original/(m=eaAaGwObaaamqv)(mh=5WWjqQk8YFem3aRe)12.jpg;https://ei.phncdn.com/videos/201512/04/63089881/original/(m=eaAaGwObaaamqv)(mh=5WWjqQk8YFem3aRe)13.jpg;https://ei.phncdn.com/videos/201512/04/63089881/original/(m=eaAaGwObaaamqv)(mh=5WWjqQk8YFem3aRe)14.jpg;https://ei.phncdn.com/videos/201512/04/63089881/original/(m=eaAaGwObaaamqv)(mh=5WWjqQk8YFem3aRe)15.jpg;https://ei.phncdn.com/videos/201512/04/63089881/original/(m=eaAaGwObaaamqv)(mh=5WWjqQk8YFem3aRe)16.jpg
<iframe src="https://www.pornhub.com/embed/ph5669e61850838" frameborder="0" height="481" width="608" scrolling="no"></iframe>|https://ei.phncdn.com/videos/201512/10/63514271/original/(m=eaf8GgaaaWavb)(mh=RD3tyA85ulrMs-1K)9.jpg|https://ei.phncdn.com/videos/201512/10/63514271/original/(m=eaf8GgaaaWavb)(mh=RD3tyA85ulrMs-1K)1.jpg;https://ei.phncdn.com/videos/201512/10/63514271/original/(m=eaf8GgaaaWavb)(mh=RD3tyA85ulrMs-1K)2.jpg;https://ei.phncdn.com/videos/201512/10/63514271/original/(m=eaf8GgaaaWavb)(mh=RD3tyA85ulrMs-1K)3.jpg;https://ei.phncdn.com/videos/201512/10/63514271/original/(m=eaf8GgaaaWavb)(mh=RD3tyA85ulrMs-1K)4.jpg;https://ei.phncdn.com/videos/201512/10/63514271/original/(m=eaf8GgaaaWavb)(mh=RD3tyA85ulrMs-1K)5.jpg;https://ei.phncdn.com/videos/201512/10/63514271/original/(m=eaf8GgaaaWavb)(mh=RD3tyA85ulrMs-1K)6.jpg;https://ei.phncdn.com/videos/201512/10/63514271/original/(m=eaf8GgaaaWavb)(mh=RD3tyA85ulrMs-1K)7.jpg;https://ei.phncdn.com/videos/201512/10/63514271/original/(m=eaf8GgaaaWavb)(mh=RD3tyA85ulrMs-1K)8.jpg;https://ei.phncdn.com/videos/201512/10/63514271/original/(m=eaf8GgaaaWavb)(mh=RD3tyA85ulrMs-1K)9.jpg;https://ei.phncdn.com/videos/201512/10/63514271/original/(m=eaf8GgaaaWavb)(mh=RD3tyA85ulrMs-1K)10.jpg;https://ei.phncdn.com/videos/201512/10/63514271/original/(m=eaf8GgaaaWavb)(mh=RD3tyA85ulrMs-1K)11.jpg;https://ei.phncdn.com/videos/201512/10/63514271/original/(m=eaf8GgaaaWavb)(mh=RD3tyA85ulrMs-1K)12.jpg;https://ei.phncdn.com/videos/201512/10/63514271/original/(m=eaf8GgaaaWavb)(mh=RD3tyA85ulrMs-1K)13.jpg;https://ei.phncdn.com/videos/201512/10/63514271/original/(m=eaf8GgaaaWavb)(mh=RD3tyA85ulrMs-1K)14.jpg;https://ei.phncdn.com/videos/201512/10/63514271/original/(m=eaf8GgaaaWavb)(mh=RD3tyA85ulrMs-1K)15.jpg;https://ei.phncdn.com/videos/201512/10/63514271/original/(m=eaf8GgaaaWavb)(mh=RD3tyA85ulrMs-1K)16.jpg|Tia Jones is feeling sexy and raunchy while in bed|wearehairy;teasing;redhead;lingerie;pale;puffy-nipples;redheads;striptease|Striptease;Red Head;British||496|214936|888|114|https://ei.phncdn.com/videos/201512/10/63514271/original/(m=eaAaGwObaaamqv)(mh=V_MlVZzWczK35EgR)9.jpg|https://ei.phncdn.com/videos/201512/10/63514271/original/(m=eaAaGwObaaamqv)(mh=V_MlVZzWczK35EgR)1.jpg;https://ei.phncdn.com/videos/201512/10/63514271/original/(m=eaAaGwObaaamqv)(mh=V_MlVZzWczK35EgR)2.jpg;https://ei.phncdn.com/videos/201512/10/63514271/original/(m=eaAaGwObaaamqv)(mh=V_MlVZzWczK35EgR)3.jpg;https://ei.phncdn.com/videos/201512/10/63514271/original/(m=eaAaGwObaaamqv)(mh=V_MlVZzWczK35EgR)4.jpg;https://ei.phncdn.com/videos/201512/10/63514271/original/(m=eaAaGwObaaamqv)(mh=V_MlVZzWczK35EgR)5.jpg;https://ei.phncdn.com/videos/201512/10/63514271/original/(m=eaAaGwObaaamqv)(mh=V_MlVZzWczK35EgR)6.jpg;https://ei.phncdn.com/videos/201512/10/63514271/original/(m=eaAaGwObaaamqv)(mh=V_MlVZzWczK35EgR)7.jpg;https://ei.phncdn.com/videos/201512/10/63514271/original/(m=eaAaGwObaaamqv)(mh=V_MlVZzWczK35EgR)8.jpg;https://ei.phncdn.com/videos/201512/10/63514271/original/(m=eaAaGwObaaamqv)(mh=V_MlVZzWczK35EgR)9.jpg;https://ei.phncdn.com/videos/201512/10/63514271/original/(m=eaAaGwObaaamqv)(mh=V_MlVZzWczK35EgR)10.jpg;https://ei.phncdn.com/videos/201512/10/63514271/original/(m=eaAaGwObaaamqv)(mh=V_MlVZzWczK35EgR)11.jpg;https://ei.phncdn.com/videos/201512/10/63514271/original/(m=eaAaGwObaaamqv)(mh=V_MlVZzWczK35EgR)12.jpg;https://ei.phncdn.com/videos/201512/10/63514271/original/(m=eaAaGwObaaamqv)(mh=V_MlVZzWczK35EgR)13.jpg;https://ei.phncdn.com/videos/201512/10/63514271/original/(m=eaAaGwObaaamqv)(mh=V_MlVZzWczK35EgR)14.jpg;https://ei.phncdn.com/videos/201512/10/63514271/original/(m=eaAaGwObaaamqv)(mh=V_MlVZzWczK35EgR)15.jpg;https://ei.phncdn.com/videos/201512/10/63514271/original/(m=eaAaGwObaaamqv)(mh=V_MlVZzWczK35EgR)16.jpg
<iframe src="https://www.pornhub.com/embed/ph566f078dafc4b" frameborder="0" height="481" width="608" scrolling="no"></iframe>|https://ei.phncdn.com/videos/201512/14/63800371/original/(m=eaf8GgaaaWavb)(mh=JD9frH-OgnJYXO0G)5.jpg|https://ei.phncdn.com/videos/201512/14/63800371/original/(m=eaf8GgaaaWavb)(mh=JD9frH-OgnJYXO0G)1.jpg;https://ei.phncdn.com/videos/201512/14/63800371/original/(m=eaf8GgaaaWavb)(mh=JD9frH-OgnJYXO0G)2.jpg;https://ei.phncdn.com/videos/201512/14/63800371/original/(m=eaf8GgaaaWavb)(mh=JD9frH-OgnJYXO0G)3.jpg;https://ei.phncdn.com/videos/201512/14/63800371/original/(m=eaf8GgaaaWavb)(mh=JD9frH-OgnJYXO0G)4.jpg;https://ei.phncdn.com/videos/201512/14/63800371/original/(m=eaf8GgaaaWavb)(mh=JD9frH-OgnJYXO0G)5.jpg;https://ei.phncdn.com/videos/201512/14/63800371/original/(m=eaf8GgaaaWavb)(mh=JD9frH-OgnJYXO0G)6.jpg;https://ei.phncdn.com/videos/201512/14/63800371/original/(m=eaf8GgaaaWavb)(mh=JD9frH-OgnJYXO0G)7.jpg;https://ei.phncdn.com/videos/201512/14/63800371/original/(m=eaf8GgaaaWavb)(mh=JD9frH-OgnJYXO0G)8.jpg;https://ei.phncdn.com/videos/201512/14/63800371/original/(m=eaf8GgaaaWavb)(mh=JD9frH-OgnJYXO0G)9.jpg;https://ei.phncdn.com/videos/201512/14/63800371/original/(m=eaf8GgaaaWavb)(mh=JD9frH-OgnJYXO0G)10.jpg;https://ei.phncdn.com/videos/201512/14/63800371/original/(m=eaf8GgaaaWavb)(mh=JD9frH-OgnJYXO0G)11.jpg;https://ei.phncdn.com/videos/201512/14/63800371/original/(m=eaf8GgaaaWavb)(mh=JD9frH-OgnJYXO0G)12.jpg;https://ei.phncdn.com/videos/201512/14/63800371/original/(m=eaf8GgaaaWavb)(mh=JD9frH-OgnJYXO0G)13.jpg;https://ei.phncdn.com/videos/201512/14/63800371/original/(m=eaf8GgaaaWavb)(mh=JD9frH-OgnJYXO0G)14.jpg;https://ei.phncdn.com/videos/201512/14/63800371/original/(m=eaf8GgaaaWavb)(mh=JD9frH-OgnJYXO0G)15.jpg;https://ei.phncdn.com/videos/201512/14/63800371/original/(m=eaf8GgaaaWavb)(mh=JD9frH-OgnJYXO0G)16.jpg|The Desire for Intimate Passion|bollywoodnudeshd;teasing;bollywood;nudes;naked;milf;desi;indian;milfs;cougars;strip-tease;brunettes;natural;music|Striptease;Indian||660|2564|11|5|https://ei.phncdn.com/videos/201512/14/63800371/original/(m=eaAaGwObaaamqv)(mh=qhRFzq98oW5Xt3-T)5.jpg|https://ei.phncdn.com/videos/201512/14/63800371/original/(m=eaAaGwObaaamqv)(mh=qhRFzq98oW5Xt3-T)1.jpg;https://ei.phncdn.com/videos/201512/14/63800371/original/(m=eaAaGwObaaamqv)(mh=qhRFzq98oW5Xt3-T)2.jpg;https://ei.phncdn.com/videos/201512/14/63800371/original/(m=eaAaGwObaaamqv)(mh=qhRFzq98oW5Xt3-T)3.jpg;https://ei.phncdn.com/videos/201512/14/63800371/original/(m=eaAaGwObaaamqv)(mh=qhRFzq98oW5Xt3-T)4.jpg;https://ei.phncdn.com/videos/201512/14/63800371/original/(m=eaAaGwObaaamqv)(mh=qhRFzq98oW5Xt3-T)5.jpg;https://ei.phncdn.com/videos/201512/14/63800371/original/(m=eaAaGwObaaamqv)(mh=qhRFzq98oW5Xt3-T)6.jpg;https://ei.phncdn.com/videos/201512/14/63800371/original/(m=eaAaGwObaaamqv)(mh=qhRFzq98oW5Xt3-T)7.jpg;https://ei.phncdn.com/videos/201512/14/63800371/original/(m=eaAaGwObaaamqv)(mh=qhRFzq98oW5Xt3-T)8.jpg;https://ei.phncdn.com/videos/201512/14/63800371/original/(m=eaAaGwObaaamqv)(mh=qhRFzq98oW5Xt3-T)9.jpg;https://ei.phncdn.com/videos/201512/14/63800371/original/(m=eaAaGwObaaamqv)(mh=qhRFzq98oW5Xt3-T)10.jpg;https://ei.phncdn.com/videos/201512/14/63800371/original/(m=eaAaGwObaaamqv)(mh=qhRFzq98oW5Xt3-T)11.jpg;https://ei.phncdn.com/videos/201512/14/63800371/original/(m=eaAaGwObaaamqv)(mh=qhRFzq98oW5Xt3-T)12.jpg;https://ei.phncdn.com/videos/201512/14/63800371/original/(m=eaAaGwObaaamqv)(mh=qhRFzq98oW5Xt3-T)13.jpg;https://ei.phncdn.com/videos/201512/14/63800371/original/(m=eaAaGwObaaamqv)(mh=qhRFzq98oW5Xt3-T)14.jpg;https://ei.phncdn.com/videos/201512/14/63800371/original/(m=eaAaGwObaaamqv)(mh=qhRFzq98oW5Xt3-T)15.jpg;https://ei.phncdn.com/videos/201512/14/63800371/original/(m=eaAaGwObaaamqv)(mh=qhRFzq98oW5Xt3-T)16.jpg
<iframe src="https://www.pornhub.com/embed/ph56760fc25e105" frameborder="0" height="481" width="608" scrolling="no"></iframe>|https://ei.phncdn.com/videos/201512/20/64176631/original/(m=eaf8GgaaaWavb)(mh=QZZZbGwV9r73nyxV)12.jpg|https://ei.phncdn.com/videos/201512/20/64176631/original/(m=eaf8GgaaaWavb)(mh=QZZZbGwV9r73nyxV)1.jpg;https://ei.phncdn.com/videos/201512/20/64176631/original/(m=eaf8GgaaaWavb)(mh=QZZZbGwV9r73nyxV)2.jpg;https://ei.phncdn.com/videos/201512/20/64176631/original/(m=eaf8GgaaaWavb)(mh=QZZZbGwV9r73nyxV)3.jpg;https://ei.phncdn.com/videos/201512/20/64176631/original/(m=eaf8GgaaaWavb)(mh=QZZZbGwV9r73nyxV)4.jpg;https://ei.phncdn.com/videos/201512/20/64176631/original/(m=eaf8GgaaaWavb)(mh=QZZZbGwV9r73nyxV)5.jpg;https://ei.phncdn.com/videos/201512/20/64176631/original/(m=eaf8GgaaaWavb)(mh=QZZZbGwV9r73nyxV)6.jpg;https://ei.phncdn.com/videos/201512/20/64176631/original/(m=eaf8GgaaaWavb)(mh=QZZZbGwV9r73nyxV)7.jpg;https://ei.phncdn.com/videos/201512/20/64176631/original/(m=eaf8GgaaaWavb)(mh=QZZZbGwV9r73nyxV)8.jpg;https://ei.phncdn.com/videos/201512/20/64176631/original/(m=eaf8GgaaaWavb)(mh=QZZZbGwV9r73nyxV)9.jpg;https://ei.phncdn.com/videos/201512/20/64176631/original/(m=eaf8GgaaaWavb)(mh=QZZZbGwV9r73nyxV)10.jpg;https://ei.phncdn.com/videos/201512/20/64176631/original/(m=eaf8GgaaaWavb)(mh=QZZZbGwV9r73nyxV)11.jpg;https://ei.phncdn.com/videos/201512/20/64176631/original/(m=eaf8GgaaaWavb)(mh=QZZZbGwV9r73nyxV)12.jpg;https://ei.phncdn.com/videos/201512/20/64176631/original/(m=eaf8GgaaaWavb)(mh=QZZZbGwV9r73nyxV)13.jpg;https://ei.phncdn.com/videos/201512/20/64176631/original/(m=eaf8GgaaaWavb)(mh=QZZZbGwV9r73nyxV)14.jpg;https://ei.phncdn.com/videos/201512/20/64176631/original/(m=eaf8GgaaaWavb)(mh=QZZZbGwV9r73nyxV)15.jpg;https://ei.phncdn.com/videos/201512/20/64176631/original/(m=eaf8GgaaaWavb)(mh=QZZZbGwV9r73nyxV)16.jpg|just a teaser of my cock half hard|ladies-cock-tease;solo|Striptease;POV;Massage;Solo Male;Exclusive;Verified Amateurs||27|158|3|1|https://ei.phncdn.com/videos/201512/20/64176631/original/(m=eaAaGwObaaamqv)(mh=btuJaTy63V1Ty8zs)12.jpg|https://ei.phncdn.com/videos/201512/20/64176631/original/(m=eaAaGwObaaamqv)(mh=btuJaTy63V1Ty8zs)1.jpg;https://ei.phncdn.com/videos/201512/20/64176631/original/(m=eaAaGwObaaamqv)(mh=btuJaTy63V1Ty8zs)2.jpg;https://ei.phncdn.com/videos/201512/20/64176631/original/(m=eaAaGwObaaamqv)(mh=btuJaTy63V1Ty8zs)3.jpg;https://ei.phncdn.com/videos/201512/20/64176631/original/(m=eaAaGwObaaamqv)(mh=btuJaTy63V1Ty8zs)4.jpg;https://ei.phncdn.com/videos/201512/20/64176631/original/(m=eaAaGwObaaamqv)(mh=btuJaTy63V1Ty8zs)5.jpg;https://ei.phncdn.com/videos/201512/20/64176631/original/(m=eaAaGwObaaamqv)(mh=btuJaTy63V1Ty8zs)6.jpg;https://ei.phncdn.com/videos/201512/20/64176631/original/(m=eaAaGwObaaamqv)(mh=btuJaTy63V1Ty8zs)7.jpg;https://ei.phncdn.com/videos/201512/20/64176631/original/(m=eaAaGwObaaamqv)(mh=btuJaTy63V1Ty8zs)8.jpg;https://ei.phncdn.com/videos/201512/20/64176631/original/(m=eaAaGwObaaamqv)(mh=btuJaTy63V1Ty8zs)9.jpg;https://ei.phncdn.com/videos/201512/20/64176631/original/(m=eaAaGwObaaamqv)(mh=btuJaTy63V1Ty8zs)10.jpg;https://ei.phncdn.com/videos/201512/20/64176631/original/(m=eaAaGwObaaamqv)(mh=btuJaTy63V1Ty8zs)11.jpg;https://ei.phncdn.com/videos/201512/20/64176631/original/(m=eaAaGwObaaamqv)(mh=btuJaTy63V1Ty8zs)12.jpg;https://ei.phncdn.com/videos/201512/20/64176631/original/(m=eaAaGwObaaamqv)(mh=btuJaTy63V1Ty8zs)13.jpg;https://ei.phncdn.com/videos/201512/20/64176631/original/(m=eaAaGwObaaamqv)(mh=btuJaTy63V1Ty8zs)14.jpg;https://ei.phncdn.com/videos/201512/20/64176631/original/(m=eaAaGwObaaamqv)(mh=btuJaTy63V1Ty8zs)15.jpg;https://ei.phncdn.com/videos/201512/20/64176631/original/(m=eaAaGwObaaamqv)(mh=btuJaTy63V1Ty8zs)16.jpg
<iframe src="https://www.pornhub.com/embed/ph56caf02e8eacf" frameborder="0" height="481" width="608" scrolling="no"></iframe>|https://ei.phncdn.com/videos/201602/22/69316751/original/(m=eaf8GgaaaWavb)(mh=7f_6HYiPoYwH8Jsh)3.jpg|https://ei.phncdn.com/videos/201602/22/69316751/original/(m=eaf8GgaaaWavb)(mh=7f_6HYiPoYwH8Jsh)1.jpg;https://ei.phncdn.com/videos/201602/22/69316751/original/(m=eaf8GgaaaWavb)(mh=7f_6HYiPoYwH8Jsh)2.jpg;https://ei.phncdn.com/videos/201602/22/69316751/original/(m=eaf8GgaaaWavb)(mh=7f_6HYiPoYwH8Jsh)3.jpg;https://ei.phncdn.com/videos/201602/22/69316751/original/(m=eaf8GgaaaWavb)(mh=7f_6HYiPoYwH8Jsh)4.jpg;https://ei.phncdn.com/videos/201602/22/69316751/original/(m=eaf8GgaaaWavb)(mh=7f_6HYiPoYwH8Jsh)5.jpg;https://ei.phncdn.com/videos/201602/22/69316751/original/(m=eaf8GgaaaWavb)(mh=7f_6HYiPoYwH8Jsh)6.jpg;https://ei.phncdn.com/videos/201602/22/69316751/original/(m=eaf8GgaaaWavb)(mh=7f_6HYiPoYwH8Jsh)7.jpg;https://ei.phncdn.com/videos/201602/22/69316751/original/(m=eaf8GgaaaWavb)(mh=7f_6HYiPoYwH8Jsh)8.jpg;https://ei.phncdn.com/videos/201602/22/69316751/original/(m=eaf8GgaaaWavb)(mh=7f_6HYiPoYwH8Jsh)9.jpg;https://ei.phncdn.com/videos/201602/22/69316751/original/(m=eaf8GgaaaWavb)(mh=7f_6HYiPoYwH8Jsh)10.jpg;https://ei.phncdn.com/videos/201602/22/69316751/original/(m=eaf8GgaaaWavb)(mh=7f_6HYiPoYwH8Jsh)11.jpg;https://ei.phncdn.com/videos/201602/22/69316751/original/(m=eaf8GgaaaWavb)(mh=7f_6HYiPoYwH8Jsh)12.jpg;https://ei.phncdn.com/videos/201602/22/69316751/original/(m=eaf8GgaaaWavb)(mh=7f_6HYiPoYwH8Jsh)13.jpg;https://ei.phncdn.com/videos/201602/22/69316751/original/(m=eaf8GgaaaWavb)(mh=7f_6HYiPoYwH8Jsh)14.jpg;https://ei.phncdn.com/videos/201602/22/69316751/original/(m=eaf8GgaaaWavb)(mh=7f_6HYiPoYwH8Jsh)15.jpg;https://ei.phncdn.com/videos/201602/22/69316751/original/(m=eaf8GgaaaWavb)(mh=7f_6HYiPoYwH8Jsh)16.jpg|Leder Catsuit Strip|nina-devil;big-boobs;kink;teenager;deutsche;german;teasing;redhead;leather;tattoo;natural-tits;latex;uniform|Striptease;18-25;Red Head;German;Exclusive;Verified Models;Solo Female||409|60500|201|171|https://ei.phncdn.com/videos/201602/22/69316751/original/(m=eaAaGwObaaamqv)(mh=Ue-jsRZlWqJXfKhe)3.jpg|https://ei.phncdn.com/videos/201602/22/69316751/original/(m=eaAaGwObaaamqv)(mh=Ue-jsRZlWqJXfKhe)1.jpg;https://ei.phncdn.com/videos/201602/22/69316751/original/(m=eaAaGwObaaamqv)(mh=Ue-jsRZlWqJXfKhe)2.jpg;https://ei.phncdn.com/videos/201602/22/69316751/original/(m=eaAaGwObaaamqv)(mh=Ue-jsRZlWqJXfKhe)3.jpg;https://ei.phncdn.com/videos/201602/22/69316751/original/(m=eaAaGwObaaamqv)(mh=Ue-jsRZlWqJXfKhe)4.jpg;https://ei.phncdn.com/videos/201602/22/69316751/original/(m=eaAaGwObaaamqv)(mh=Ue-jsRZlWqJXfKhe)5.jpg;https://ei.phncdn.com/videos/201602/22/69316751/original/(m=eaAaGwObaaamqv)(mh=Ue-jsRZlWqJXfKhe)6.jpg;https://ei.phncdn.com/videos/201602/22/69316751/original/(m=eaAaGwObaaamqv)(mh=Ue-jsRZlWqJXfKhe)7.jpg;https://ei.phncdn.com/videos/201602/22/69316751/original/(m=eaAaGwObaaamqv)(mh=Ue-jsRZlWqJXfKhe)8.jpg;https://ei.phncdn.com/videos/201602/22/69316751/original/(m=eaAaGwObaaamqv)(mh=Ue-jsRZlWqJXfKhe)9.jpg;https://ei.phncdn.com/videos/201602/22/69316751/original/(m=eaAaGwObaaamqv)(mh=Ue-jsRZlWqJXfKhe)10.jpg;https://ei.phncdn.com/videos/201602/22/69316751/original/(m=eaAaGwObaaamqv)(mh=Ue-jsRZlWqJXfKhe)11.jpg;https://ei.phncdn.com/videos/201602/22/69316751/original/(m=eaAaGwObaaamqv)(mh=Ue-jsRZlWqJXfKhe)12.jpg;https://ei.phncdn.com/videos/201602/22/69316751/original/(m=eaAaGwObaaamqv)(mh=Ue-jsRZlWqJXfKhe)13.jpg;https://ei.phncdn.com/videos/201602/22/69316751/original/(m=eaAaGwObaaamqv)(mh=Ue-jsRZlWqJXfKhe)14.jpg;https://ei.phncdn.com/videos/201602/22/69316751/original/(m=eaAaGwObaaamqv)(mh=Ue-jsRZlWqJXfKhe)15.jpg;https://ei.phncdn.com/videos/201602/22/69316751/original/(m=eaAaGwObaaamqv)(mh=Ue-jsRZlWqJXfKhe)16.jpg
<iframe src="https://www.pornhub.com/embed/ph56d87f40ad8b4" frameborder="0" height="481" width="608" scrolling="no"></iframe>|https://ei.phncdn.com/videos/201603/03/70145871/original/(m=eaf8GgaaaWavb)(mh=nhm0vQZMja74eUk1)7.jpg|https://ei.phncdn.com/videos/201603/03/70145871/original/(m=eaf8GgaaaWavb)(mh=nhm0vQZMja74eUk1)1.jpg;https://ei.phncdn.com/videos/201603/03/70145871/original/(m=eaf8GgaaaWavb)(mh=nhm0vQZMja74eUk1)2.jpg;https://ei.phncdn.com/videos/201603/03/70145871/original/(m=eaf8GgaaaWavb)(mh=nhm0vQZMja74eUk1)3.jpg;https://ei.phncdn.com/videos/201603/03/70145871/original/(m=eaf8GgaaaWavb)(mh=nhm0vQZMja74eUk1)4.jpg;https://ei.phncdn.com/videos/201603/03/70145871/original/(m=eaf8GgaaaWavb)(mh=nhm0vQZMja74eUk1)5.jpg;https://ei.phncdn.com/videos/201603/03/70145871/original/(m=eaf8GgaaaWavb)(mh=nhm0vQZMja74eUk1)6.jpg;https://ei.phncdn.com/videos/201603/03/70145871/original/(m=eaf8GgaaaWavb)(mh=nhm0vQZMja74eUk1)7.jpg;https://ei.phncdn.com/videos/201603/03/70145871/original/(m=eaf8GgaaaWavb)(mh=nhm0vQZMja74eUk1)8.jpg;https://ei.phncdn.com/videos/201603/03/70145871/original/(m=eaf8GgaaaWavb)(mh=nhm0vQZMja74eUk1)9.jpg;https://ei.phncdn.com/videos/201603/03/70145871/original/(m=eaf8GgaaaWavb)(mh=nhm0vQZMja74eUk1)10.jpg;https://ei.phncdn.com/videos/201603/03/70145871/original/(m=eaf8GgaaaWavb)(mh=nhm0vQZMja74eUk1)11.jpg;https://ei.phncdn.com/videos/201603/03/70145871/original/(m=eaf8GgaaaWavb)(mh=nhm0vQZMja74eUk1)12.jpg;https://ei.phncdn.com/videos/201603/03/70145871/original/(m=eaf8GgaaaWavb)(mh=nhm0vQZMja74eUk1)13.jpg;https://ei.phncdn.com/videos/201603/03/70145871/original/(m=eaf8GgaaaWavb)(mh=nhm0vQZMja74eUk1)14.jpg;https://ei.phncdn.com/videos/201603/03/70145871/original/(m=eaf8GgaaaWavb)(mh=nhm0vQZMja74eUk1)15.jpg;https://ei.phncdn.com/videos/201603/03/70145871/original/(m=eaf8GgaaaWavb)(mh=nhm0vQZMja74eUk1)16.jpg|NEUES VIDEO! STRIP IN SCHWARZ|ninadevil;big-boobs;kink;teenager;hd;german;striptease;lingerie;stockings;teasing;stripping;redhead;tattoos;alt|Striptease;18-25;Red Head;Webcam;Exclusive;Verified Models;Solo Female||633|21254|71|60|https://ei.phncdn.com/videos/201603/03/70145871/original/(m=eaAaGwObaaamqv)(mh=AFiLhvDtsg9s1JjL)7.jpg|https://ei.phncdn.com/videos/201603/03/70145871/original/(m=eaAaGwObaaamqv)(mh=AFiLhvDtsg9s1JjL)1.jpg;https://ei.phncdn.com/videos/201603/03/70145871/original/(m=eaAaGwObaaamqv)(mh=AFiLhvDtsg9s1JjL)2.jpg;https://ei.phncdn.com/videos/201603/03/70145871/original/(m=eaAaGwObaaamqv)(mh=AFiLhvDtsg9s1JjL)3.jpg;https://ei.phncdn.com/videos/201603/03/70145871/original/(m=eaAaGwObaaamqv)(mh=AFiLhvDtsg9s1JjL)4.jpg;https://ei.phncdn.com/videos/201603/03/70145871/original/(m=eaAaGwObaaamqv)(mh=AFiLhvDtsg9s1JjL)5.jpg;https://ei.phncdn.com/videos/201603/03/70145871/original/(m=eaAaGwObaaamqv)(mh=AFiLhvDtsg9s1JjL)6.jpg;https://ei.phncdn.com/videos/201603/03/70145871/original/(m=eaAaGwObaaamqv)(mh=AFiLhvDtsg9s1JjL)7.jpg;https://ei.phncdn.com/videos/201603/03/70145871/original/(m=eaAaGwObaaamqv)(mh=AFiLhvDtsg9s1JjL)8.jpg;https://ei.phncdn.com/videos/201603/03/70145871/original/(m=eaAaGwObaaamqv)(mh=AFiLhvDtsg9s1JjL)9.jpg;https://ei.phncdn.com/videos/201603/03/70145871/original/(m=eaAaGwObaaamqv)(mh=AFiLhvDtsg9s1JjL)10.jpg;https://ei.phncdn.com/videos/201603/03/70145871/original/(m=eaAaGwObaaamqv)(mh=AFiLhvDtsg9s1JjL)11.jpg;https://ei.phncdn.com/videos/201603/03/70145871/original/(m=eaAaGwObaaamqv)(mh=AFiLhvDtsg9s1JjL)12.jpg;https://ei.phncdn.com/videos/201603/03/70145871/original/(m=eaAaGwObaaamqv)(mh=AFiLhvDtsg9s1JjL)13.jpg;https://ei.phncdn.com/videos/201603/03/70145871/original/(m=eaAaGwObaaamqv)(mh=AFiLhvDtsg9s1JjL)14.jpg;https://ei.phncdn.com/videos/201603/03/70145871/original/(m=eaAaGwObaaamqv)(mh=AFiLhvDtsg9s1JjL)15.jpg;https://ei.phncdn.com/videos/201603/03/70145871/original/(m=eaAaGwObaaamqv)(mh=AFiLhvDtsg9s1JjL)16.jpg
<iframe src="https://www.pornhub.com/embed/ph56eefa7620df9" frameborder="0" height="481" width="608" scrolling="no"></iframe>|https://ei.phncdn.com/videos/201603/20/71574951/original/(m=eaf8GgaaaWavb)(mh=61fME_WVWiXLgjtz)12.jpg|https://ei.phncdn.com/videos/201603/20/71574951/original/(m=eaf8GgaaaWavb)(mh=61fME_WVWiXLgjtz)1.jpg;https://ei.phncdn.com/videos/201603/20/71574951/original/(m=eaf8GgaaaWavb)(mh=61fME_WVWiXLgjtz)2.jpg;https://ei.phncdn.com/videos/201603/20/71574951/original/(m=eaf8GgaaaWavb)(mh=61fME_WVWiXLgjtz)3.jpg;https://ei.phncdn.com/videos/201603/20/71574951/original/(m=eaf8GgaaaWavb)(mh=61fME_WVWiXLgjtz)4.jpg;https://ei.phncdn.com/videos/201603/20/71574951/original/(m=eaf8GgaaaWavb)(mh=61fME_WVWiXLgjtz)5.jpg;https://ei.phncdn.com/videos/201603/20/71574951/original/(m=eaf8GgaaaWavb)(mh=61fME_WVWiXLgjtz)6.jpg;https://ei.phncdn.com/videos/201603/20/71574951/original/(m=eaf8GgaaaWavb)(mh=61fME_WVWiXLgjtz)7.jpg;https://ei.phncdn.com/videos/201603/20/71574951/original/(m=eaf8GgaaaWavb)(mh=61fME_WVWiXLgjtz)8.jpg;https://ei.phncdn.com/videos/201603/20/71574951/original/(m=eaf8GgaaaWavb)(mh=61fME_WVWiXLgjtz)9.jpg;https://ei.phncdn.com/videos/201603/20/71574951/original/(m=eaf8GgaaaWavb)(mh=61fME_WVWiXLgjtz)10.jpg;https://ei.phncdn.com/videos/201603/20/71574951/original/(m=eaf8GgaaaWavb)(mh=61fME_WVWiXLgjtz)11.jpg;https://ei.phncdn.com/videos/201603/20/71574951/original/(m=eaf8GgaaaWavb)(mh=61fME_WVWiXLgjtz)12.jpg;https://ei.phncdn.com/videos/201603/20/71574951/original/(m=eaf8GgaaaWavb)(mh=61fME_WVWiXLgjtz)13.jpg;https://ei.phncdn.com/videos/201603/20/71574951/original/(m=eaf8GgaaaWavb)(mh=61fME_WVWiXLgjtz)14.jpg;https://ei.phncdn.com/videos/201603/20/71574951/original/(m=eaf8GgaaaWavb)(mh=61fME_WVWiXLgjtz)15.jpg;https://ei.phncdn.com/videos/201603/20/71574951/original/(m=eaf8GgaaaWavb)(mh=61fME_WVWiXLgjtz)16.jpg|Forbidden Desi Desires|bollywoodnudeshd;teasing;bollywood;nudes;naked;milf;desi;indian;milfs;cougars;strip-tease;brunettes;natural;music|Striptease;Indian||666|25370|55|16|https://ei.phncdn.com/videos/201603/20/71574951/original/(m=eaAaGwObaaamqv)(mh=YbvvFpgM4NINLY7g)12.jpg|https://ei.phncdn.com/videos/201603/20/71574951/original/(m=eaAaGwObaaamqv)(mh=YbvvFpgM4NINLY7g)1.jpg;https://ei.phncdn.com/videos/201603/20/71574951/original/(m=eaAaGwObaaamqv)(mh=YbvvFpgM4NINLY7g)2.jpg;https://ei.phncdn.com/videos/201603/20/71574951/original/(m=eaAaGwObaaamqv)(mh=YbvvFpgM4NINLY7g)3.jpg;https://ei.phncdn.com/videos/201603/20/71574951/original/(m=eaAaGwObaaamqv)(mh=YbvvFpgM4NINLY7g)4.jpg;https://ei.phncdn.com/videos/201603/20/71574951/original/(m=eaAaGwObaaamqv)(mh=YbvvFpgM4NINLY7g)5.jpg;https://ei.phncdn.com/videos/201603/20/71574951/original/(m=eaAaGwObaaamqv)(mh=YbvvFpgM4NINLY7g)6.jpg;https://ei.phncdn.com/videos/201603/20/71574951/original/(m=eaAaGwObaaamqv)(mh=YbvvFpgM4NINLY7g)7.jpg;https://ei.phncdn.com/videos/201603/20/71574951/original/(m=eaAaGwObaaamqv)(mh=YbvvFpgM4NINLY7g)8.jpg;https://ei.phncdn.com/videos/201603/20/71574951/original/(m=eaAaGwObaaamqv)(mh=YbvvFpgM4NINLY7g)9.jpg;https://ei.phncdn.com/videos/201603/20/71574951/original/(m=eaAaGwObaaamqv)(mh=YbvvFpgM4NINLY7g)10.jpg;https://ei.phncdn.com/videos/201603/20/71574951/original/(m=eaAaGwObaaamqv)(mh=YbvvFpgM4NINLY7g)11.jpg;https://ei.phncdn.com/videos/201603/20/71574951/original/(m=eaAaGwObaaamqv)(mh=YbvvFpgM4NINLY7g)12.jpg;https://ei.phncdn.com/videos/201603/20/71574951/original/(m=eaAaGwObaaamqv)(mh=YbvvFpgM4NINLY7g)13.jpg;https://ei.phncdn.com/videos/201603/20/71574951/original/(m=eaAaGwObaaamqv)(mh=YbvvFpgM4NINLY7g)14.jpg;https://ei.phncdn.com/videos/201603/20/71574951/original/(m=eaAaGwObaaamqv)(mh=YbvvFpgM4NINLY7g)15.jpg;https://ei.phncdn.com/videos/201603/20/71574951/original/(m=eaAaGwObaaamqv)(mh=YbvvFpgM4NINLY7g)16.jpg
<iframe src="https://www.pornhub.com/embed/ph56fff866cc537" frameborder="0" height="481" width="608" scrolling="no"></iframe>|https://ei.phncdn.com/videos/201604/02/72717622/original/(m=eaf8GgaaaWavb)(mh=0lqgTm1EWcbEs51E)14.jpg|https://ei.phncdn.com/videos/201604/02/72717622/original/(m=eaf8GgaaaWavb)(mh=0lqgTm1EWcbEs51E)1.jpg;https://ei.phncdn.com/videos/201604/02/72717622/original/(m=eaf8GgaaaWavb)(mh=0lqgTm1EWcbEs51E)2.jpg;https://ei.phncdn.com/videos/201604/02/72717622/original/(m=eaf8GgaaaWavb)(mh=0lqgTm1EWcbEs51E)3.jpg;https://ei.phncdn.com/videos/201604/02/72717622/original/(m=eaf8GgaaaWavb)(mh=0lqgTm1EWcbEs51E)4.jpg;https://ei.phncdn.com/videos/201604/02/72717622/original/(m=eaf8GgaaaWavb)(mh=0lqgTm1EWcbEs51E)5.jpg;https://ei.phncdn.com/videos/201604/02/72717622/original/(m=eaf8GgaaaWavb)(mh=0lqgTm1EWcbEs51E)6.jpg;https://ei.phncdn.com/videos/201604/02/72717622/original/(m=eaf8GgaaaWavb)(mh=0lqgTm1EWcbEs51E)7.jpg;https://ei.phncdn.com/videos/201604/02/72717622/original/(m=eaf8GgaaaWavb)(mh=0lqgTm1EWcbEs51E)8.jpg;https://ei.phncdn.com/videos/201604/02/72717622/original/(m=eaf8GgaaaWavb)(mh=0lqgTm1EWcbEs51E)9.jpg;https://ei.phncdn.com/videos/201604/02/72717622/original/(m=eaf8GgaaaWavb)(mh=0lqgTm1EWcbEs51E)10.jpg;https://ei.phncdn.com/videos/201604/02/72717622/original/(m=eaf8GgaaaWavb)(mh=0lqgTm1EWcbEs51E)11.jpg;https://ei.phncdn.com/videos/201604/02/72717622/original/(m=eaf8GgaaaWavb)(mh=0lqgTm1EWcbEs51E)12.jpg;https://ei.phncdn.com/videos/201604/02/72717622/original/(m=eaf8GgaaaWavb)(mh=0lqgTm1EWcbEs51E)13.jpg;https://ei.phncdn.com/videos/201604/02/72717622/original/(m=eaf8GgaaaWavb)(mh=0lqgTm1EWcbEs51E)14.jpg;https://ei.phncdn.com/videos/201604/02/72717622/original/(m=eaf8GgaaaWavb)(mh=0lqgTm1EWcbEs51E)15.jpg;https://ei.phncdn.com/videos/201604/02/72717622/original/(m=eaf8GgaaaWavb)(mh=0lqgTm1EWcbEs51E)16.jpg|The Seeker|bollywoodnudeshd;bollywood;nudes;naked;milf;desi;indian;milfs;cougars;strip-tease;brunettes;natural;music;teasing|Striptease;Indian||721|9433|18|8|https://ei.phncdn.com/videos/201604/02/72717622/original/(m=eaAaGwObaaamqv)(mh=aFkLzClaUrenJhDR)14.jpg|https://ei.phncdn.com/videos/201604/02/72717622/original/(m=eaAaGwObaaamqv)(mh=aFkLzClaUrenJhDR)1.jpg;https://ei.phncdn.com/videos/201604/02/72717622/original/(m=eaAaGwObaaamqv)(mh=aFkLzClaUrenJhDR)2.jpg;https://ei.phncdn.com/videos/201604/02/72717622/original/(m=eaAaGwObaaamqv)(mh=aFkLzClaUrenJhDR)3.jpg;https://ei.phncdn.com/videos/201604/02/72717622/original/(m=eaAaGwObaaamqv)(mh=aFkLzClaUrenJhDR)4.jpg;https://ei.phncdn.com/videos/201604/02/72717622/original/(m=eaAaGwObaaamqv)(mh=aFkLzClaUrenJhDR)5.jpg;https://ei.phncdn.com/videos/201604/02/72717622/original/(m=eaAaGwObaaamqv)(mh=aFkLzClaUrenJhDR)6.jpg;https://ei.phncdn.com/videos/201604/02/72717622/original/(m=eaAaGwObaaamqv)(mh=aFkLzClaUrenJhDR)7.jpg;https://ei.phncdn.com/videos/201604/02/72717622/original/(m=eaAaGwObaaamqv)(mh=aFkLzClaUrenJhDR)8.jpg;https://ei.phncdn.com/videos/201604/02/72717622/original/(m=eaAaGwObaaamqv)(mh=aFkLzClaUrenJhDR)9.jpg;https://ei.phncdn.com/videos/201604/02/72717622/original/(m=eaAaGwObaaamqv)(mh=aFkLzClaUrenJhDR)10.jpg;https://ei.phncdn.com/videos/201604/02/72717622/original/(m=eaAaGwObaaamqv)(mh=aFkLzClaUrenJhDR)11.jpg;https://ei.phncdn.com/videos/201604/02/72717622/original/(m=eaAaGwObaaamqv)(mh=aFkLzClaUrenJhDR)12.jpg;https://ei.phncdn.com/videos/201604/02/72717622/original/(m=eaAaGwObaaamqv)(mh=aFkLzClaUrenJhDR)13.jpg;https://ei.phncdn.com/videos/201604/02/72717622/original/(m=eaAaGwObaaamqv)(mh=aFkLzClaUrenJhDR)14.jpg;https://ei.phncdn.com/videos/201604/02/72717622/original/(m=eaAaGwObaaamqv)(mh=aFkLzClaUrenJhDR)15.jpg;https://ei.phncdn.com/videos/201604/02/72717622/original/(m=eaAaGwObaaamqv)(mh=aFkLzClaUrenJhDR)16.jpg
<iframe src="https://www.pornhub.com/embed/ph570f2e456ea7e" frameborder="0" height="481" width="608" scrolling="no"></iframe>|https://ei.phncdn.com/videos/201604/14/73803001/original/(m=eaf8GgaaaWavb)(mh=zBdgj9Akl7xRpPHr)14.jpg|https://ei.phncdn.com/videos/201604/14/73803001/original/(m=eaf8GgaaaWavb)(mh=zBdgj9Akl7xRpPHr)1.jpg;https://ei.phncdn.com/videos/201604/14/73803001/original/(m=eaf8GgaaaWavb)(mh=zBdgj9Akl7xRpPHr)2.jpg;https://ei.phncdn.com/videos/201604/14/73803001/original/(m=eaf8GgaaaWavb)(mh=zBdgj9Akl7xRpPHr)3.jpg;https://ei.phncdn.com/videos/201604/14/73803001/original/(m=eaf8GgaaaWavb)(mh=zBdgj9Akl7xRpPHr)4.jpg;https://ei.phncdn.com/videos/201604/14/73803001/original/(m=eaf8GgaaaWavb)(mh=zBdgj9Akl7xRpPHr)5.jpg;https://ei.phncdn.com/videos/201604/14/73803001/original/(m=eaf8GgaaaWavb)(mh=zBdgj9Akl7xRpPHr)6.jpg;https://ei.phncdn.com/videos/201604/14/73803001/original/(m=eaf8GgaaaWavb)(mh=zBdgj9Akl7xRpPHr)7.jpg;https://ei.phncdn.com/videos/201604/14/73803001/original/(m=eaf8GgaaaWavb)(mh=zBdgj9Akl7xRpPHr)8.jpg;https://ei.phncdn.com/videos/201604/14/73803001/original/(m=eaf8GgaaaWavb)(mh=zBdgj9Akl7xRpPHr)9.jpg;https://ei.phncdn.com/videos/201604/14/73803001/original/(m=eaf8GgaaaWavb)(mh=zBdgj9Akl7xRpPHr)10.jpg;https://ei.phncdn.com/videos/201604/14/73803001/original/(m=eaf8GgaaaWavb)(mh=zBdgj9Akl7xRpPHr)11.jpg;https://ei.phncdn.com/videos/201604/14/73803001/original/(m=eaf8GgaaaWavb)(mh=zBdgj9Akl7xRpPHr)12.jpg;https://ei.phncdn.com/videos/201604/14/73803001/original/(m=eaf8GgaaaWavb)(mh=zBdgj9Akl7xRpPHr)13.jpg;https://ei.phncdn.com/videos/201604/14/73803001/original/(m=eaf8GgaaaWavb)(mh=zBdgj9Akl7xRpPHr)14.jpg;https://ei.phncdn.com/videos/201604/14/73803001/original/(m=eaf8GgaaaWavb)(mh=zBdgj9Akl7xRpPHr)15.jpg;https://ei.phncdn.com/videos/201604/14/73803001/original/(m=eaf8GgaaaWavb)(mh=zBdgj9Akl7xRpPHr)16.jpg|Ishtar strips naked and shows off body in kitchen|wearehairy;petite;redhead;teasing;hairy-ass;lingerie;redheads;small-breasts;stockings;striptease|Striptease;Red Head;Small Tits;Russian||435|16006|49|18|https://ei.phncdn.com/videos/201604/14/73803001/original/(m=eaAaGwObaaamqv)(mh=HzF3Om-vo_AAQTrF)14.jpg|https://ei.phncdn.com/videos/201604/14/73803001/original/(m=eaAaGwObaaamqv)(mh=HzF3Om-vo_AAQTrF)1.jpg;https://ei.phncdn.com/videos/201604/14/73803001/original/(m=eaAaGwObaaamqv)(mh=HzF3Om-vo_AAQTrF)2.jpg;https://ei.phncdn.com/videos/201604/14/73803001/original/(m=eaAaGwObaaamqv)(mh=HzF3Om-vo_AAQTrF)3.jpg;https://ei.phncdn.com/videos/201604/14/73803001/original/(m=eaAaGwObaaamqv)(mh=HzF3Om-vo_AAQTrF)4.jpg;https://ei.phncdn.com/videos/201604/14/73803001/original/(m=eaAaGwObaaamqv)(mh=HzF3Om-vo_AAQTrF)5.jpg;https://ei.phncdn.com/videos/201604/14/73803001/original/(m=eaAaGwObaaamqv)(mh=HzF3Om-vo_AAQTrF)6.jpg;https://ei.phncdn.com/videos/201604/14/73803001/original/(m=eaAaGwObaaamqv)(mh=HzF3Om-vo_AAQTrF)7.jpg;https://ei.phncdn.com/videos/201604/14/73803001/original/(m=eaAaGwObaaamqv)(mh=HzF3Om-vo_AAQTrF)8.jpg;https://ei.phncdn.com/videos/201604/14/73803001/original/(m=eaAaGwObaaamqv)(mh=HzF3Om-vo_AAQTrF)9.jpg;https://ei.phncdn.com/videos/201604/14/73803001/original/(m=eaAaGwObaaamqv)(mh=HzF3Om-vo_AAQTrF)10.jpg;https://ei.phncdn.com/videos/201604/14/73803001/original/(m=eaAaGwObaaamqv)(mh=HzF3Om-vo_AAQTrF)11.jpg;https://ei.phncdn.com/videos/201604/14/73803001/original/(m=eaAaGwObaaamqv)(mh=HzF3Om-vo_AAQTrF)12.jpg;https://ei.phncdn.com/videos/201604/14/73803001/original/(m=eaAaGwObaaamqv)(mh=HzF3Om-vo_AAQTrF)13.jpg;https://ei.phncdn.com/videos/201604/14/73803001/original/(m=eaAaGwObaaamqv)(mh=HzF3Om-vo_AAQTrF)14.jpg;https://ei.phncdn.com/videos/201604/14/73803001/original/(m=eaAaGwObaaamqv)(mh=HzF3Om-vo_AAQTrF)15.jpg;https://ei.phncdn.com/videos/201604/14/73803001/original/(m=eaAaGwObaaamqv)(mh=HzF3Om-vo_AAQTrF)16.jpg
<iframe src="https://www.pornhub.com/embed/ph571294a15fa6a" frameborder="0" height="481" width="608" scrolling="no"></iframe>|https://ei.phncdn.com/videos/201604/16/74044751/original/(m=eaf8GgaaaWavb)(mh=FIz-Y5AeFKiJskJs)0.jpg|https://ei.phncdn.com/videos/201604/16/74044751/original/(m=eaf8GgaaaWavb)(mh=FIz-Y5AeFKiJskJs)1.jpg;https://ei.phncdn.com/videos/201604/16/74044751/original/(m=eaf8GgaaaWavb)(mh=FIz-Y5AeFKiJskJs)2.jpg;https://ei.phncdn.com/videos/201604/16/74044751/original/(m=eaf8GgaaaWavb)(mh=FIz-Y5AeFKiJskJs)3.jpg;https://ei.phncdn.com/videos/201604/16/74044751/original/(m=eaf8GgaaaWavb)(mh=FIz-Y5AeFKiJskJs)4.jpg;https://ei.phncdn.com/videos/201604/16/74044751/original/(m=eaf8GgaaaWavb)(mh=FIz-Y5AeFKiJskJs)5.jpg;https://ei.phncdn.com/videos/201604/16/74044751/original/(m=eaf8GgaaaWavb)(mh=FIz-Y5AeFKiJskJs)6.jpg;https://ei.phncdn.com/videos/201604/16/74044751/original/(m=eaf8GgaaaWavb)(mh=FIz-Y5AeFKiJskJs)7.jpg;https://ei.phncdn.com/videos/201604/16/74044751/original/(m=eaf8GgaaaWavb)(mh=FIz-Y5AeFKiJskJs)8.jpg;https://ei.phncdn.com/videos/201604/16/74044751/original/(m=eaf8GgaaaWavb)(mh=FIz-Y5AeFKiJskJs)9.jpg;https://ei.phncdn.com/videos/201604/16/74044751/original/(m=eaf8GgaaaWavb)(mh=FIz-Y5AeFKiJskJs)10.jpg;https://ei.phncdn.com/videos/201604/16/74044751/original/(m=eaf8GgaaaWavb)(mh=FIz-Y5AeFKiJskJs)11.jpg;https://ei.phncdn.com/videos/201604/16/74044751/original/(m=eaf8GgaaaWavb)(mh=FIz-Y5AeFKiJskJs)12.jpg;https://ei.phncdn.com/videos/201604/16/74044751/original/(m=eaf8GgaaaWavb)(mh=FIz-Y5AeFKiJskJs)13.jpg;https://ei.phncdn.com/videos/201604/16/74044751/original/(m=eaf8GgaaaWavb)(mh=FIz-Y5AeFKiJskJs)14.jpg;https://ei.phncdn.com/videos/201604/16/74044751/original/(m=eaf8GgaaaWavb)(mh=FIz-Y5AeFKiJskJs)15.jpg;https://ei.phncdn.com/videos/201604/16/74044751/original/(m=eaf8GgaaaWavb)(mh=FIz-Y5AeFKiJskJs)16.jpg|Begin Your Sensual Journey|bollywoodnudeshd;bollywood;dsl;desi;dark-hair;small-tits;natural-tits;candles;babe;hottie;erotic;petite;amateur;navel-ring|Striptease;18-25;Small Tits;Indian||720|35947|123|89|https://ei.phncdn.com/videos/201604/16/74044751/original/(m=eaAaGwObaaamqv)(mh=YgKbNbUWXsv8kZuU)0.jpg|https://ei.phncdn.com/videos/201604/16/74044751/original/(m=eaAaGwObaaamqv)(mh=YgKbNbUWXsv8kZuU)1.jpg;https://ei.phncdn.com/videos/201604/16/74044751/original/(m=eaAaGwObaaamqv)(mh=YgKbNbUWXsv8kZuU)2.jpg;https://ei.phncdn.com/videos/201604/16/74044751/original/(m=eaAaGwObaaamqv)(mh=YgKbNbUWXsv8kZuU)3.jpg;https://ei.phncdn.com/videos/201604/16/74044751/original/(m=eaAaGwObaaamqv)(mh=YgKbNbUWXsv8kZuU)4.jpg;https://ei.phncdn.com/videos/201604/16/74044751/original/(m=eaAaGwObaaamqv)(mh=YgKbNbUWXsv8kZuU)5.jpg;https://ei.phncdn.com/videos/201604/16/74044751/original/(m=eaAaGwObaaamqv)(mh=YgKbNbUWXsv8kZuU)6.jpg;https://ei.phncdn.com/videos/201604/16/74044751/original/(m=eaAaGwObaaamqv)(mh=YgKbNbUWXsv8kZuU)7.jpg;https://ei.phncdn.com/videos/201604/16/74044751/original/(m=eaAaGwObaaamqv)(mh=YgKbNbUWXsv8kZuU)8.jpg;https://ei.phncdn.com/videos/201604/16/74044751/original/(m=eaAaGwObaaamqv)(mh=YgKbNbUWXsv8kZuU)9.jpg;https://ei.phncdn.com/videos/201604/16/74044751/original/(m=eaAaGwObaaamqv)(mh=YgKbNbUWXsv8kZuU)10.jpg;https://ei.phncdn.com/videos/201604/16/74044751/original/(m=eaAaGwObaaamqv)(mh=YgKbNbUWXsv8kZuU)11.jpg;https://ei.phncdn.com/videos/201604/16/74044751/original/(m=eaAaGwObaaamqv)(mh=YgKbNbUWXsv8kZuU)12.jpg;https://ei.phncdn.com/videos/201604/16/74044751/original/(m=eaAaGwObaaamqv)(mh=YgKbNbUWXsv8kZuU)13.jpg;https://ei.phncdn.com/videos/201604/16/74044751/original/(m=eaAaGwObaaamqv)(mh=YgKbNbUWXsv8kZuU)14.jpg;https://ei.phncdn.com/videos/201604/16/74044751/original/(m=eaAaGwObaaamqv)(mh=YgKbNbUWXsv8kZuU)15.jpg;https://ei.phncdn.com/videos/201604/16/74044751/original/(m=eaAaGwObaaamqv)(mh=YgKbNbUWXsv8kZuU)16.jpg
<iframe src="https://www.pornhub.com/embed/ph5715563c83987" frameborder="0" height="481" width="608" scrolling="no"></iframe>|https://ei.phncdn.com/videos/201604/19/74254421/original/(m=eaf8GgaaaWavb)(mh=O8aB9XuPEcDpy1Nw)7.jpg|https://ei.phncdn.com/videos/201604/19/74254421/original/(m=eaf8GgaaaWavb)(mh=O8aB9XuPEcDpy1Nw)1.jpg;https://ei.phncdn.com/videos/201604/19/74254421/original/(m=eaf8GgaaaWavb)(mh=O8aB9XuPEcDpy1Nw)2.jpg;https://ei.phncdn.com/videos/201604/19/74254421/original/(m=eaf8GgaaaWavb)(mh=O8aB9XuPEcDpy1Nw)3.jpg;https://ei.phncdn.com/videos/201604/19/74254421/original/(m=eaf8GgaaaWavb)(mh=O8aB9XuPEcDpy1Nw)4.jpg;https://ei.phncdn.com/videos/201604/19/74254421/original/(m=eaf8GgaaaWavb)(mh=O8aB9XuPEcDpy1Nw)5.jpg;https://ei.phncdn.com/videos/201604/19/74254421/original/(m=eaf8GgaaaWavb)(mh=O8aB9XuPEcDpy1Nw)6.jpg;https://ei.phncdn.com/videos/201604/19/74254421/original/(m=eaf8GgaaaWavb)(mh=O8aB9XuPEcDpy1Nw)7.jpg;https://ei.phncdn.com/videos/201604/19/74254421/original/(m=eaf8GgaaaWavb)(mh=O8aB9XuPEcDpy1Nw)8.jpg;https://ei.phncdn.com/videos/201604/19/74254421/original/(m=eaf8GgaaaWavb)(mh=O8aB9XuPEcDpy1Nw)9.jpg;https://ei.phncdn.com/videos/201604/19/74254421/original/(m=eaf8GgaaaWavb)(mh=O8aB9XuPEcDpy1Nw)10.jpg;https://ei.phncdn.com/videos/201604/19/74254421/original/(m=eaf8GgaaaWavb)(mh=O8aB9XuPEcDpy1Nw)11.jpg;https://ei.phncdn.com/videos/201604/19/74254421/original/(m=eaf8GgaaaWavb)(mh=O8aB9XuPEcDpy1Nw)12.jpg;https://ei.phncdn.com/videos/201604/19/74254421/original/(m=eaf8GgaaaWavb)(mh=O8aB9XuPEcDpy1Nw)13.jpg;https://ei.phncdn.com/videos/201604/19/74254421/original/(m=eaf8GgaaaWavb)(mh=O8aB9XuPEcDpy1Nw)14.jpg;https://ei.phncdn.com/videos/201604/19/74254421/original/(m=eaf8GgaaaWavb)(mh=O8aB9XuPEcDpy1Nw)15.jpg;https://ei.phncdn.com/videos/201604/19/74254421/original/(m=eaf8GgaaaWavb)(mh=O8aB9XuPEcDpy1Nw)16.jpg|Nurse Striptease and wank (Grease Monkeys from www.purple-planet.com)|fingering;nurse;sexy-amateur;dress-up;lap-dance;natural-tits;teasing;stomp;big-ass;red-underwear;fetish;pvc;solo;pussy|Striptease;Webcam;Role Play;Smoking;Exclusive;Verified Amateurs;Solo Female||842|7060|56|13|https://ei.phncdn.com/videos/201604/19/74254421/original/(m=eaAaGwObaaamqv)(mh=xhrPbr1U-zd3Bbs_)7.jpg|https://ei.phncdn.com/videos/201604/19/74254421/original/(m=eaAaGwObaaamqv)(mh=xhrPbr1U-zd3Bbs_)1.jpg;https://ei.phncdn.com/videos/201604/19/74254421/original/(m=eaAaGwObaaamqv)(mh=xhrPbr1U-zd3Bbs_)2.jpg;https://ei.phncdn.com/videos/201604/19/74254421/original/(m=eaAaGwObaaamqv)(mh=xhrPbr1U-zd3Bbs_)3.jpg;https://ei.phncdn.com/videos/201604/19/74254421/original/(m=eaAaGwObaaamqv)(mh=xhrPbr1U-zd3Bbs_)4.jpg;https://ei.phncdn.com/videos/201604/19/74254421/original/(m=eaAaGwObaaamqv)(mh=xhrPbr1U-zd3Bbs_)5.jpg;https://ei.phncdn.com/videos/201604/19/74254421/original/(m=eaAaGwObaaamqv)(mh=xhrPbr1U-zd3Bbs_)6.jpg;https://ei.phncdn.com/videos/201604/19/74254421/original/(m=eaAaGwObaaamqv)(mh=xhrPbr1U-zd3Bbs_)7.jpg;https://ei.phncdn.com/videos/201604/19/74254421/original/(m=eaAaGwObaaamqv)(mh=xhrPbr1U-zd3Bbs_)8.jpg;https://ei.phncdn.com/videos/201604/19/74254421/original/(m=eaAaGwObaaamqv)(mh=xhrPbr1U-zd3Bbs_)9.jpg;https://ei.phncdn.com/videos/201604/19/74254421/original/(m=eaAaGwObaaamqv)(mh=xhrPbr1U-zd3Bbs_)10.jpg;https://ei.phncdn.com/videos/201604/19/74254421/original/(m=eaAaGwObaaamqv)(mh=xhrPbr1U-zd3Bbs_)11.jpg;https://ei.phncdn.com/videos/201604/19/74254421/original/(m=eaAaGwObaaamqv)(mh=xhrPbr1U-zd3Bbs_)12.jpg;https://ei.phncdn.com/videos/201604/19/74254421/original/(m=eaAaGwObaaamqv)(mh=xhrPbr1U-zd3Bbs_)13.jpg;https://ei.phncdn.com/videos/201604/19/74254421/original/(m=eaAaGwObaaamqv)(mh=xhrPbr1U-zd3Bbs_)14.jpg;https://ei.phncdn.com/videos/201604/19/74254421/original/(m=eaAaGwObaaamqv)(mh=xhrPbr1U-zd3Bbs_)15.jpg;https://ei.phncdn.com/videos/201604/19/74254421/original/(m=eaAaGwObaaamqv)(mh=xhrPbr1U-zd3Bbs_)16.jpg
<iframe src="https://www.pornhub.com/embed/ph574244cc2827a" frameborder="0" height="481" width="608" scrolling="no"></iframe>|https://ei.phncdn.com/videos/201605/22/77377251/original/(m=eaf8GgaaaWavb)(mh=EvSsp6L_09LBUy4x)2.jpg|https://ei.phncdn.com/videos/201605/22/77377251/original/(m=eaf8GgaaaWavb)(mh=EvSsp6L_09LBUy4x)1.jpg;https://ei.phncdn.com/videos/201605/22/77377251/original/(m=eaf8GgaaaWavb)(mh=EvSsp6L_09LBUy4x)2.jpg;https://ei.phncdn.com/videos/201605/22/77377251/original/(m=eaf8GgaaaWavb)(mh=EvSsp6L_09LBUy4x)3.jpg;https://ei.phncdn.com/videos/201605/22/77377251/original/(m=eaf8GgaaaWavb)(mh=EvSsp6L_09LBUy4x)4.jpg;https://ei.phncdn.com/videos/201605/22/77377251/original/(m=eaf8GgaaaWavb)(mh=EvSsp6L_09LBUy4x)5.jpg;https://ei.phncdn.com/videos/201605/22/77377251/original/(m=eaf8GgaaaWavb)(mh=EvSsp6L_09LBUy4x)6.jpg;https://ei.phncdn.com/videos/201605/22/77377251/original/(m=eaf8GgaaaWavb)(mh=EvSsp6L_09LBUy4x)7.jpg;https://ei.phncdn.com/videos/201605/22/77377251/original/(m=eaf8GgaaaWavb)(mh=EvSsp6L_09LBUy4x)8.jpg;https://ei.phncdn.com/videos/201605/22/77377251/original/(m=eaf8GgaaaWavb)(mh=EvSsp6L_09LBUy4x)9.jpg;https://ei.phncdn.com/videos/201605/22/77377251/original/(m=eaf8GgaaaWavb)(mh=EvSsp6L_09LBUy4x)10.jpg;https://ei.phncdn.com/videos/201605/22/77377251/original/(m=eaf8GgaaaWavb)(mh=EvSsp6L_09LBUy4x)11.jpg;https://ei.phncdn.com/videos/201605/22/77377251/original/(m=eaf8GgaaaWavb)(mh=EvSsp6L_09LBUy4x)12.jpg;https://ei.phncdn.com/videos/201605/22/77377251/original/(m=eaf8GgaaaWavb)(mh=EvSsp6L_09LBUy4x)13.jpg;https://ei.phncdn.com/videos/201605/22/77377251/original/(m=eaf8GgaaaWavb)(mh=EvSsp6L_09LBUy4x)14.jpg;https://ei.phncdn.com/videos/201605/22/77377251/original/(m=eaf8GgaaaWavb)(mh=EvSsp6L_09LBUy4x)15.jpg;https://ei.phncdn.com/videos/201605/22/77377251/original/(m=eaf8GgaaaWavb)(mh=EvSsp6L_09LBUy4x)16.jpg|Horny strip tease|striptease;horny|Striptease;Exclusive;Verified Amateurs;Solo Female||129|2439|18|1|https://ei.phncdn.com/videos/201605/22/77377251/original/(m=eaAaGwObaaamqv)(mh=agasUvKeXk6hhTLW)2.jpg|https://ei.phncdn.com/videos/201605/22/77377251/original/(m=eaAaGwObaaamqv)(mh=agasUvKeXk6hhTLW)1.jpg;https://ei.phncdn.com/videos/201605/22/77377251/original/(m=eaAaGwObaaamqv)(mh=agasUvKeXk6hhTLW)2.jpg;https://ei.phncdn.com/videos/201605/22/77377251/original/(m=eaAaGwObaaamqv)(mh=agasUvKeXk6hhTLW)3.jpg;https://ei.phncdn.com/videos/201605/22/77377251/original/(m=eaAaGwObaaamqv)(mh=agasUvKeXk6hhTLW)4.jpg;https://ei.phncdn.com/videos/201605/22/77377251/original/(m=eaAaGwObaaamqv)(mh=agasUvKeXk6hhTLW)5.jpg;https://ei.phncdn.com/videos/201605/22/77377251/original/(m=eaAaGwObaaamqv)(mh=agasUvKeXk6hhTLW)6.jpg;https://ei.phncdn.com/videos/201605/22/77377251/original/(m=eaAaGwObaaamqv)(mh=agasUvKeXk6hhTLW)7.jpg;https://ei.phncdn.com/videos/201605/22/77377251/original/(m=eaAaGwObaaamqv)(mh=agasUvKeXk6hhTLW)8.jpg;https://ei.phncdn.com/videos/201605/22/77377251/original/(m=eaAaGwObaaamqv)(mh=agasUvKeXk6hhTLW)9.jpg;https://ei.phncdn.com/videos/201605/22/77377251/original/(m=eaAaGwObaaamqv)(mh=agasUvKeXk6hhTLW)10.jpg;https://ei.phncdn.com/videos/201605/22/77377251/original/(m=eaAaGwObaaamqv)(mh=agasUvKeXk6hhTLW)11.jpg;https://ei.phncdn.com/videos/201605/22/77377251/original/(m=eaAaGwObaaamqv)(mh=agasUvKeXk6hhTLW)12.jpg;https://ei.phncdn.com/videos/201605/22/77377251/original/(m=eaAaGwObaaamqv)(mh=agasUvKeXk6hhTLW)13.jpg;https://ei.phncdn.com/videos/201605/22/77377251/original/(m=eaAaGwObaaamqv)(mh=agasUvKeXk6hhTLW)14.jpg;https://ei.phncdn.com/videos/201605/22/77377251/original/(m=eaAaGwObaaamqv)(mh=agasUvKeXk6hhTLW)15.jpg;https://ei.phncdn.com/videos/201605/22/77377251/original/(m=eaAaGwObaaamqv)(mh=agasUvKeXk6hhTLW)16.jpg
<iframe src="https://www.pornhub.com/embed/ph574da3328610f" frameborder="0" height="481" width="608" scrolling="no"></iframe>|https://ei.phncdn.com/videos/201605/31/78196931/original/(m=eaf8GgaaaWavb)(mh=NM_WCPF6pWzLawFv)16.jpg|https://ei.phncdn.com/videos/201605/31/78196931/original/(m=eaf8GgaaaWavb)(mh=NM_WCPF6pWzLawFv)1.jpg;https://ei.phncdn.com/videos/201605/31/78196931/original/(m=eaf8GgaaaWavb)(mh=NM_WCPF6pWzLawFv)2.jpg;https://ei.phncdn.com/videos/201605/31/78196931/original/(m=eaf8GgaaaWavb)(mh=NM_WCPF6pWzLawFv)3.jpg;https://ei.phncdn.com/videos/201605/31/78196931/original/(m=eaf8GgaaaWavb)(mh=NM_WCPF6pWzLawFv)4.jpg;https://ei.phncdn.com/videos/201605/31/78196931/original/(m=eaf8GgaaaWavb)(mh=NM_WCPF6pWzLawFv)5.jpg;https://ei.phncdn.com/videos/201605/31/78196931/original/(m=eaf8GgaaaWavb)(mh=NM_WCPF6pWzLawFv)6.jpg;https://ei.phncdn.com/videos/201605/31/78196931/original/(m=eaf8GgaaaWavb)(mh=NM_WCPF6pWzLawFv)7.jpg;https://ei.phncdn.com/videos/201605/31/78196931/original/(m=eaf8GgaaaWavb)(mh=NM_WCPF6pWzLawFv)8.jpg;https://ei.phncdn.com/videos/201605/31/78196931/original/(m=eaf8GgaaaWavb)(mh=NM_WCPF6pWzLawFv)9.jpg;https://ei.phncdn.com/videos/201605/31/78196931/original/(m=eaf8GgaaaWavb)(mh=NM_WCPF6pWzLawFv)10.jpg;https://ei.phncdn.com/videos/201605/31/78196931/original/(m=eaf8GgaaaWavb)(mh=NM_WCPF6pWzLawFv)11.jpg;https://ei.phncdn.com/videos/201605/31/78196931/original/(m=eaf8GgaaaWavb)(mh=NM_WCPF6pWzLawFv)12.jpg;https://ei.phncdn.com/videos/201605/31/78196931/original/(m=eaf8GgaaaWavb)(mh=NM_WCPF6pWzLawFv)13.jpg;https://ei.phncdn.com/videos/201605/31/78196931/original/(m=eaf8GgaaaWavb)(mh=NM_WCPF6pWzLawFv)14.jpg;https://ei.phncdn.com/videos/201605/31/78196931/original/(m=eaf8GgaaaWavb)(mh=NM_WCPF6pWzLawFv)15.jpg;https://ei.phncdn.com/videos/201605/31/78196931/original/(m=eaf8GgaaaWavb)(mh=NM_WCPF6pWzLawFv)16.jpg|Playtime With Some Strippers|dancingbear;group;teasing;dancing-bear;party;stripper;striptease;blowjob;handjob;milf;teen|Striptease;Party;Gangbang||183|42520|65|25|https://ei.phncdn.com/videos/201605/31/78196931/original/(m=eaAaGwObaaamqv)(mh=Vs58C1GNa4c0ookC)16.jpg|https://ei.phncdn.com/videos/201605/31/78196931/original/(m=eaAaGwObaaamqv)(mh=Vs58C1GNa4c0ookC)1.jpg;https://ei.phncdn.com/videos/201605/31/78196931/original/(m=eaAaGwObaaamqv)(mh=Vs58C1GNa4c0ookC)2.jpg;https://ei.phncdn.com/videos/201605/31/78196931/original/(m=eaAaGwObaaamqv)(mh=Vs58C1GNa4c0ookC)3.jpg;https://ei.phncdn.com/videos/201605/31/78196931/original/(m=eaAaGwObaaamqv)(mh=Vs58C1GNa4c0ookC)4.jpg;https://ei.phncdn.com/videos/201605/31/78196931/original/(m=eaAaGwObaaamqv)(mh=Vs58C1GNa4c0ookC)5.jpg;https://ei.phncdn.com/videos/201605/31/78196931/original/(m=eaAaGwObaaamqv)(mh=Vs58C1GNa4c0ookC)6.jpg;https://ei.phncdn.com/videos/201605/31/78196931/original/(m=eaAaGwObaaamqv)(mh=Vs58C1GNa4c0ookC)7.jpg;https://ei.phncdn.com/videos/201605/31/78196931/original/(m=eaAaGwObaaamqv)(mh=Vs58C1GNa4c0ookC)8.jpg;https://ei.phncdn.com/videos/201605/31/78196931/original/(m=eaAaGwObaaamqv)(mh=Vs58C1GNa4c0ookC)9.jpg;https://ei.phncdn.com/videos/201605/31/78196931/original/(m=eaAaGwObaaamqv)(mh=Vs58C1GNa4c0ookC)10.jpg;https://ei.phncdn.com/videos/201605/31/78196931/original/(m=eaAaGwObaaamqv)(mh=Vs58C1GNa4c0ookC)11.jpg;https://ei.phncdn.com/videos/201605/31/78196931/original/(m=eaAaGwObaaamqv)(mh=Vs58C1GNa4c0ookC)12.jpg;https://ei.phncdn.com/videos/201605/31/78196931/original/(m=eaAaGwObaaamqv)(mh=Vs58C1GNa4c0ookC)13.jpg;https://ei.phncdn.com/videos/201605/31/78196931/original/(m=eaAaGwObaaamqv)(mh=Vs58C1GNa4c0ookC)14.jpg;https://ei.phncdn.com/videos/201605/31/78196931/original/(m=eaAaGwObaaamqv)(mh=Vs58C1GNa4c0ookC)15.jpg;https://ei.phncdn.com/videos/201605/31/78196931/original/(m=eaAaGwObaaamqv)(mh=Vs58C1GNa4c0ookC)16.jpg
<iframe src="https://www.pornhub.com/embed/ph575ac22539259" frameborder="0" height="481" width="608" scrolling="no"></iframe>|https://ei.phncdn.com/videos/201606/10/79193791/original/(m=eaf8GgaaaWavb)(mh=rbKr06k1lSqMYGD2)15.jpg|https://ei.phncdn.com/videos/201606/10/79193791/original/(m=eaf8GgaaaWavb)(mh=rbKr06k1lSqMYGD2)1.jpg;https://ei.phncdn.com/videos/201606/10/79193791/original/(m=eaf8GgaaaWavb)(mh=rbKr06k1lSqMYGD2)2.jpg;https://ei.phncdn.com/videos/201606/10/79193791/original/(m=eaf8GgaaaWavb)(mh=rbKr06k1lSqMYGD2)3.jpg;https://ei.phncdn.com/videos/201606/10/79193791/original/(m=eaf8GgaaaWavb)(mh=rbKr06k1lSqMYGD2)4.jpg;https://ei.phncdn.com/videos/201606/10/79193791/original/(m=eaf8GgaaaWavb)(mh=rbKr06k1lSqMYGD2)5.jpg;https://ei.phncdn.com/videos/201606/10/79193791/original/(m=eaf8GgaaaWavb)(mh=rbKr06k1lSqMYGD2)6.jpg;https://ei.phncdn.com/videos/201606/10/79193791/original/(m=eaf8GgaaaWavb)(mh=rbKr06k1lSqMYGD2)7.jpg;https://ei.phncdn.com/videos/201606/10/79193791/original/(m=eaf8GgaaaWavb)(mh=rbKr06k1lSqMYGD2)8.jpg;https://ei.phncdn.com/videos/201606/10/79193791/original/(m=eaf8GgaaaWavb)(mh=rbKr06k1lSqMYGD2)9.jpg;https://ei.phncdn.com/videos/201606/10/79193791/original/(m=eaf8GgaaaWavb)(mh=rbKr06k1lSqMYGD2)10.jpg;https://ei.phncdn.com/videos/201606/10/79193791/original/(m=eaf8GgaaaWavb)(mh=rbKr06k1lSqMYGD2)11.jpg;https://ei.phncdn.com/videos/201606/10/79193791/original/(m=eaf8GgaaaWavb)(mh=rbKr06k1lSqMYGD2)12.jpg;https://ei.phncdn.com/videos/201606/10/79193791/original/(m=eaf8GgaaaWavb)(mh=rbKr06k1lSqMYGD2)13.jpg;https://ei.phncdn.com/videos/201606/10/79193791/original/(m=eaf8GgaaaWavb)(mh=rbKr06k1lSqMYGD2)14.jpg;https://ei.phncdn.com/videos/201606/10/79193791/original/(m=eaf8GgaaaWavb)(mh=rbKr06k1lSqMYGD2)15.jpg;https://ei.phncdn.com/videos/201606/10/79193791/original/(m=eaf8GgaaaWavb)(mh=rbKr06k1lSqMYGD2)16.jpg|Beautiful and sexy Russian doll fucked hard in the ass|facesittingbutts;hardcore;skinny;brunette;blowjob;big-dick;shaved-pussy;anal;stockings;small-tits;cumshot;ass-fuck;teenager;young;teasing|Striptease;Anal;18-25;Small Tits||1355|1124|16|1|https://ei.phncdn.com/videos/201606/10/79193791/original/(m=eaAaGwObaaamqv)(mh=3Vjb1odKkNNic-t1)15.jpg|https://ei.phncdn.com/videos/201606/10/79193791/original/(m=eaAaGwObaaamqv)(mh=3Vjb1odKkNNic-t1)1.jpg;https://ei.phncdn.com/videos/201606/10/79193791/original/(m=eaAaGwObaaamqv)(mh=3Vjb1odKkNNic-t1)2.jpg;https://ei.phncdn.com/videos/201606/10/79193791/original/(m=eaAaGwObaaamqv)(mh=3Vjb1odKkNNic-t1)3.jpg;https://ei.phncdn.com/videos/201606/10/79193791/original/(m=eaAaGwObaaamqv)(mh=3Vjb1odKkNNic-t1)4.jpg;https://ei.phncdn.com/videos/201606/10/79193791/original/(m=eaAaGwObaaamqv)(mh=3Vjb1odKkNNic-t1)5.jpg;https://ei.phncdn.com/videos/201606/10/79193791/original/(m=eaAaGwObaaamqv)(mh=3Vjb1odKkNNic-t1)6.jpg;https://ei.phncdn.com/videos/201606/10/79193791/original/(m=eaAaGwObaaamqv)(mh=3Vjb1odKkNNic-t1)7.jpg;https://ei.phncdn.com/videos/201606/10/79193791/original/(m=eaAaGwObaaamqv)(mh=3Vjb1odKkNNic-t1)8.jpg;https://ei.phncdn.com/videos/201606/10/79193791/original/(m=eaAaGwObaaamqv)(mh=3Vjb1odKkNNic-t1)9.jpg;https://ei.phncdn.com/videos/201606/10/79193791/original/(m=eaAaGwObaaamqv)(mh=3Vjb1odKkNNic-t1)10.jpg;https://ei.phncdn.com/videos/201606/10/79193791/original/(m=eaAaGwObaaamqv)(mh=3Vjb1odKkNNic-t1)11.jpg;https://ei.phncdn.com/videos/201606/10/79193791/original/(m=eaAaGwObaaamqv)(mh=3Vjb1odKkNNic-t1)12.jpg;https://ei.phncdn.com/videos/201606/10/79193791/original/(m=eaAaGwObaaamqv)(mh=3Vjb1odKkNNic-t1)13.jpg;https://ei.phncdn.com/videos/201606/10/79193791/original/(m=eaAaGwObaaamqv)(mh=3Vjb1odKkNNic-t1)14.jpg;https://ei.phncdn.com/videos/201606/10/79193791/original/(m=eaAaGwObaaamqv)(mh=3Vjb1odKkNNic-t1)15.jpg;https://ei.phncdn.com/videos/201606/10/79193791/original/(m=eaAaGwObaaamqv)(mh=3Vjb1odKkNNic-t1)16.jpg
<iframe src="https://www.pornhub.com/embed/ph576aa4e66d8e8" frameborder="0" height="481" width="608" scrolling="no"></iframe>|https://ei.phncdn.com/videos/201606/22/80263371/original/(m=eaf8GgaaaWavb)(mh=lxNen9GblV3VtO3r)16.jpg|https://ei.phncdn.com/videos/201606/22/80263371/original/(m=eaf8GgaaaWavb)(mh=lxNen9GblV3VtO3r)1.jpg;https://ei.phncdn.com/videos/201606/22/80263371/original/(m=eaf8GgaaaWavb)(mh=lxNen9GblV3VtO3r)2.jpg;https://ei.phncdn.com/videos/201606/22/80263371/original/(m=eaf8GgaaaWavb)(mh=lxNen9GblV3VtO3r)3.jpg;https://ei.phncdn.com/videos/201606/22/80263371/original/(m=eaf8GgaaaWavb)(mh=lxNen9GblV3VtO3r)4.jpg;https://ei.phncdn.com/videos/201606/22/80263371/original/(m=eaf8GgaaaWavb)(mh=lxNen9GblV3VtO3r)5.jpg;https://ei.phncdn.com/videos/201606/22/80263371/original/(m=eaf8GgaaaWavb)(mh=lxNen9GblV3VtO3r)6.jpg;https://ei.phncdn.com/videos/201606/22/80263371/original/(m=eaf8GgaaaWavb)(mh=lxNen9GblV3VtO3r)7.jpg;https://ei.phncdn.com/videos/201606/22/80263371/original/(m=eaf8GgaaaWavb)(mh=lxNen9GblV3VtO3r)8.jpg;https://ei.phncdn.com/videos/201606/22/80263371/original/(m=eaf8GgaaaWavb)(mh=lxNen9GblV3VtO3r)9.jpg;https://ei.phncdn.com/videos/201606/22/80263371/original/(m=eaf8GgaaaWavb)(mh=lxNen9GblV3VtO3r)10.jpg;https://ei.phncdn.com/videos/201606/22/80263371/original/(m=eaf8GgaaaWavb)(mh=lxNen9GblV3VtO3r)11.jpg;https://ei.phncdn.com/videos/201606/22/80263371/original/(m=eaf8GgaaaWavb)(mh=lxNen9GblV3VtO3r)12.jpg;https://ei.phncdn.com/videos/201606/22/80263371/original/(m=eaf8GgaaaWavb)(mh=lxNen9GblV3VtO3r)13.jpg;https://ei.phncdn.com/videos/201606/22/80263371/original/(m=eaf8GgaaaWavb)(mh=lxNen9GblV3VtO3r)14.jpg;https://ei.phncdn.com/videos/201606/22/80263371/original/(m=eaf8GgaaaWavb)(mh=lxNen9GblV3VtO3r)15.jpg;https://ei.phncdn.com/videos/201606/22/80263371/original/(m=eaf8GgaaaWavb)(mh=lxNen9GblV3VtO3r)16.jpg|Room Full Of Dick Suckers!|dancingbear;teasing;group;dancing-bear;party;blowjob;milf|Striptease;Party;Gangbang||184|190123|278|101|https://ei.phncdn.com/videos/201606/22/80263371/original/(m=eaAaGwObaaamqv)(mh=i3wDVv6_eud34ac4)16.jpg|https://ei.phncdn.com/videos/201606/22/80263371/original/(m=eaAaGwObaaamqv)(mh=i3wDVv6_eud34ac4)1.jpg;https://ei.phncdn.com/videos/201606/22/80263371/original/(m=eaAaGwObaaamqv)(mh=i3wDVv6_eud34ac4)2.jpg;https://ei.phncdn.com/videos/201606/22/80263371/original/(m=eaAaGwObaaamqv)(mh=i3wDVv6_eud34ac4)3.jpg;https://ei.phncdn.com/videos/201606/22/80263371/original/(m=eaAaGwObaaamqv)(mh=i3wDVv6_eud34ac4)4.jpg;https://ei.phncdn.com/videos/201606/22/80263371/original/(m=eaAaGwObaaamqv)(mh=i3wDVv6_eud34ac4)5.jpg;https://ei.phncdn.com/videos/201606/22/80263371/original/(m=eaAaGwObaaamqv)(mh=i3wDVv6_eud34ac4)6.jpg;https://ei.phncdn.com/videos/201606/22/80263371/original/(m=eaAaGwObaaamqv)(mh=i3wDVv6_eud34ac4)7.jpg;https://ei.phncdn.com/videos/201606/22/80263371/original/(m=eaAaGwObaaamqv)(mh=i3wDVv6_eud34ac4)8.jpg;https://ei.phncdn.com/videos/201606/22/80263371/original/(m=eaAaGwObaaamqv)(mh=i3wDVv6_eud34ac4)9.jpg;https://ei.phncdn.com/videos/201606/22/80263371/original/(m=eaAaGwObaaamqv)(mh=i3wDVv6_eud34ac4)10.jpg;https://ei.phncdn.com/videos/201606/22/80263371/original/(m=eaAaGwObaaamqv)(mh=i3wDVv6_eud34ac4)11.jpg;https://ei.phncdn.com/videos/201606/22/80263371/original/(m=eaAaGwObaaamqv)(mh=i3wDVv6_eud34ac4)12.jpg;https://ei.phncdn.com/videos/201606/22/80263371/original/(m=eaAaGwObaaamqv)(mh=i3wDVv6_eud34ac4)13.jpg;https://ei.phncdn.com/videos/201606/22/80263371/original/(m=eaAaGwObaaamqv)(mh=i3wDVv6_eud34ac4)14.jpg;https://ei.phncdn.com/videos/201606/22/80263371/original/(m=eaAaGwObaaamqv)(mh=i3wDVv6_eud34ac4)15.jpg;https://ei.phncdn.com/videos/201606/22/80263371/original/(m=eaAaGwObaaamqv)(mh=i3wDVv6_eud34ac4)16.jpg
<iframe src="https://www.pornhub.com/embed/ph576e03bac645e" frameborder="0" height="481" width="608" scrolling="no"></iframe>|https://ei.phncdn.com/videos/201606/25/80475521/original/(m=eaf8GgaaaWavb)(mh=POOrl22SkeqSJC81)1.jpg|https://ei.phncdn.com/videos/201606/25/80475521/original/(m=eaf8GgaaaWavb)(mh=POOrl22SkeqSJC81)1.jpg;https://ei.phncdn.com/videos/201606/25/80475521/original/(m=eaf8GgaaaWavb)(mh=POOrl22SkeqSJC81)2.jpg;https://ei.phncdn.com/videos/201606/25/80475521/original/(m=eaf8GgaaaWavb)(mh=POOrl22SkeqSJC81)3.jpg;https://ei.phncdn.com/videos/201606/25/80475521/original/(m=eaf8GgaaaWavb)(mh=POOrl22SkeqSJC81)4.jpg;https://ei.phncdn.com/videos/201606/25/80475521/original/(m=eaf8GgaaaWavb)(mh=POOrl22SkeqSJC81)5.jpg;https://ei.phncdn.com/videos/201606/25/80475521/original/(m=eaf8GgaaaWavb)(mh=POOrl22SkeqSJC81)6.jpg;https://ei.phncdn.com/videos/201606/25/80475521/original/(m=eaf8GgaaaWavb)(mh=POOrl22SkeqSJC81)7.jpg;https://ei.phncdn.com/videos/201606/25/80475521/original/(m=eaf8GgaaaWavb)(mh=POOrl22SkeqSJC81)8.jpg;https://ei.phncdn.com/videos/201606/25/80475521/original/(m=eaf8GgaaaWavb)(mh=POOrl22SkeqSJC81)9.jpg;https://ei.phncdn.com/videos/201606/25/80475521/original/(m=eaf8GgaaaWavb)(mh=POOrl22SkeqSJC81)10.jpg;https://ei.phncdn.com/videos/201606/25/80475521/original/(m=eaf8GgaaaWavb)(mh=POOrl22SkeqSJC81)11.jpg;https://ei.phncdn.com/videos/201606/25/80475521/original/(m=eaf8GgaaaWavb)(mh=POOrl22SkeqSJC81)12.jpg;https://ei.phncdn.com/videos/201606/25/80475521/original/(m=eaf8GgaaaWavb)(mh=POOrl22SkeqSJC81)13.jpg;https://ei.phncdn.com/videos/201606/25/80475521/original/(m=eaf8GgaaaWavb)(mh=POOrl22SkeqSJC81)14.jpg;https://ei.phncdn.com/videos/201606/25/80475521/original/(m=eaf8GgaaaWavb)(mh=POOrl22SkeqSJC81)15.jpg;https://ei.phncdn.com/videos/201606/25/80475521/original/(m=eaf8GgaaaWavb)(mh=POOrl22SkeqSJC81)16.jpg|Make a wish|teen;milf;whore;slut;pregnant;pussy;wet;slutty-sister;slutty-milf;toys;pink;blairblack;pinky;quickie;milf-pussy;pussy-wet|Striptease;18-25;Vintage;Webcam;Verified Amateurs;Solo Female||92|6971|138|5|https://ei.phncdn.com/videos/201606/25/80475521/original/(m=eaAaGwObaaamqv)(mh=W68A-sczH2URr4mg)1.jpg|https://ei.phncdn.com/videos/201606/25/80475521/original/(m=eaAaGwObaaamqv)(mh=W68A-sczH2URr4mg)1.jpg;https://ei.phncdn.com/videos/201606/25/80475521/original/(m=eaAaGwObaaamqv)(mh=W68A-sczH2URr4mg)2.jpg;https://ei.phncdn.com/videos/201606/25/80475521/original/(m=eaAaGwObaaamqv)(mh=W68A-sczH2URr4mg)3.jpg;https://ei.phncdn.com/videos/201606/25/80475521/original/(m=eaAaGwObaaamqv)(mh=W68A-sczH2URr4mg)4.jpg;https://ei.phncdn.com/videos/201606/25/80475521/original/(m=eaAaGwObaaamqv)(mh=W68A-sczH2URr4mg)5.jpg;https://ei.phncdn.com/videos/201606/25/80475521/original/(m=eaAaGwObaaamqv)(mh=W68A-sczH2URr4mg)6.jpg;https://ei.phncdn.com/videos/201606/25/80475521/original/(m=eaAaGwObaaamqv)(mh=W68A-sczH2URr4mg)7.jpg;https://ei.phncdn.com/videos/201606/25/80475521/original/(m=eaAaGwObaaamqv)(mh=W68A-sczH2URr4mg)8.jpg;https://ei.phncdn.com/videos/201606/25/80475521/original/(m=eaAaGwObaaamqv)(mh=W68A-sczH2URr4mg)9.jpg;https://ei.phncdn.com/videos/201606/25/80475521/original/(m=eaAaGwObaaamqv)(mh=W68A-sczH2URr4mg)10.jpg;https://ei.phncdn.com/videos/201606/25/80475521/original/(m=eaAaGwObaaamqv)(mh=W68A-sczH2URr4mg)11.jpg;https://ei.phncdn.com/videos/201606/25/80475521/original/(m=eaAaGwObaaamqv)(mh=W68A-sczH2URr4mg)12.jpg;https://ei.phncdn.com/videos/201606/25/80475521/original/(m=eaAaGwObaaamqv)(mh=W68A-sczH2URr4mg)13.jpg;https://ei.phncdn.com/videos/201606/25/80475521/original/(m=eaAaGwObaaamqv)(mh=W68A-sczH2URr4mg)14.jpg;https://ei.phncdn.com/videos/201606/25/80475521/original/(m=eaAaGwObaaamqv)(mh=W68A-sczH2URr4mg)15.jpg;https://ei.phncdn.com/videos/201606/25/80475521/original/(m=eaAaGwObaaamqv)(mh=W68A-sczH2URr4mg)16.jpg
<iframe src="https://www.pornhub.com/embed/ph57adfca027355" frameborder="0" height="481" width="608" scrolling="no"></iframe>|https://ei.phncdn.com/videos/201608/12/85571391/original/(m=eaf8GgaaaWavb)(mh=jH7MEboomwJMbEMl)10.jpg|https://ei.phncdn.com/videos/201608/12/85571391/original/(m=eaf8GgaaaWavb)(mh=jH7MEboomwJMbEMl)1.jpg;https://ei.phncdn.com/videos/201608/12/85571391/original/(m=eaf8GgaaaWavb)(mh=jH7MEboomwJMbEMl)2.jpg;https://ei.phncdn.com/videos/201608/12/85571391/original/(m=eaf8GgaaaWavb)(mh=jH7MEboomwJMbEMl)3.jpg;https://ei.phncdn.com/videos/201608/12/85571391/original/(m=eaf8GgaaaWavb)(mh=jH7MEboomwJMbEMl)4.jpg;https://ei.phncdn.com/videos/201608/12/85571391/original/(m=eaf8GgaaaWavb)(mh=jH7MEboomwJMbEMl)5.jpg;https://ei.phncdn.com/videos/201608/12/85571391/original/(m=eaf8GgaaaWavb)(mh=jH7MEboomwJMbEMl)6.jpg;https://ei.phncdn.com/videos/201608/12/85571391/original/(m=eaf8GgaaaWavb)(mh=jH7MEboomwJMbEMl)7.jpg;https://ei.phncdn.com/videos/201608/12/85571391/original/(m=eaf8GgaaaWavb)(mh=jH7MEboomwJMbEMl)8.jpg;https://ei.phncdn.com/videos/201608/12/85571391/original/(m=eaf8GgaaaWavb)(mh=jH7MEboomwJMbEMl)9.jpg;https://ei.phncdn.com/videos/201608/12/85571391/original/(m=eaf8GgaaaWavb)(mh=jH7MEboomwJMbEMl)10.jpg;https://ei.phncdn.com/videos/201608/12/85571391/original/(m=eaf8GgaaaWavb)(mh=jH7MEboomwJMbEMl)11.jpg;https://ei.phncdn.com/videos/201608/12/85571391/original/(m=eaf8GgaaaWavb)(mh=jH7MEboomwJMbEMl)12.jpg;https://ei.phncdn.com/videos/201608/12/85571391/original/(m=eaf8GgaaaWavb)(mh=jH7MEboomwJMbEMl)13.jpg;https://ei.phncdn.com/videos/201608/12/85571391/original/(m=eaf8GgaaaWavb)(mh=jH7MEboomwJMbEMl)14.jpg;https://ei.phncdn.com/videos/201608/12/85571391/original/(m=eaf8GgaaaWavb)(mh=jH7MEboomwJMbEMl)15.jpg;https://ei.phncdn.com/videos/201608/12/85571391/original/(m=eaf8GgaaaWavb)(mh=jH7MEboomwJMbEMl)16.jpg|hot stripshow on public stage|extrememoviepass;teasing;adult-toys;european;livesex;stage;pornshow;flexible;balloons;oiled;stripping;sexshow;show;live;blonde;public|Striptease;Party;Euro||775|56678|152|29|https://ei.phncdn.com/videos/201608/12/85571391/original/(m=eaAaGwObaaamqv)(mh=vY2Fmtj0I7cv8J6S)10.jpg|https://ei.phncdn.com/videos/201608/12/85571391/original/(m=eaAaGwObaaamqv)(mh=vY2Fmtj0I7cv8J6S)1.jpg;https://ei.phncdn.com/videos/201608/12/85571391/original/(m=eaAaGwObaaamqv)(mh=vY2Fmtj0I7cv8J6S)2.jpg;https://ei.phncdn.com/videos/201608/12/85571391/original/(m=eaAaGwObaaamqv)(mh=vY2Fmtj0I7cv8J6S)3.jpg;https://ei.phncdn.com/videos/201608/12/85571391/original/(m=eaAaGwObaaamqv)(mh=vY2Fmtj0I7cv8J6S)4.jpg;https://ei.phncdn.com/videos/201608/12/85571391/original/(m=eaAaGwObaaamqv)(mh=vY2Fmtj0I7cv8J6S)5.jpg;https://ei.phncdn.com/videos/201608/12/85571391/original/(m=eaAaGwObaaamqv)(mh=vY2Fmtj0I7cv8J6S)6.jpg;https://ei.phncdn.com/videos/201608/12/85571391/original/(m=eaAaGwObaaamqv)(mh=vY2Fmtj0I7cv8J6S)7.jpg;https://ei.phncdn.com/videos/201608/12/85571391/original/(m=eaAaGwObaaamqv)(mh=vY2Fmtj0I7cv8J6S)8.jpg;https://ei.phncdn.com/videos/201608/12/85571391/original/(m=eaAaGwObaaamqv)(mh=vY2Fmtj0I7cv8J6S)9.jpg;https://ei.phncdn.com/videos/201608/12/85571391/original/(m=eaAaGwObaaamqv)(mh=vY2Fmtj0I7cv8J6S)10.jpg;https://ei.phncdn.com/videos/201608/12/85571391/original/(m=eaAaGwObaaamqv)(mh=vY2Fmtj0I7cv8J6S)11.jpg;https://ei.phncdn.com/videos/201608/12/85571391/original/(m=eaAaGwObaaamqv)(mh=vY2Fmtj0I7cv8J6S)12.jpg;https://ei.phncdn.com/videos/201608/12/85571391/original/(m=eaAaGwObaaamqv)(mh=vY2Fmtj0I7cv8J6S)13.jpg;https://ei.phncdn.com/videos/201608/12/85571391/original/(m=eaAaGwObaaamqv)(mh=vY2Fmtj0I7cv8J6S)14.jpg;https://ei.phncdn.com/videos/201608/12/85571391/original/(m=eaAaGwObaaamqv)(mh=vY2Fmtj0I7cv8J6S)15.jpg;https://ei.phncdn.com/videos/201608/12/85571391/original/(m=eaAaGwObaaamqv)(mh=vY2Fmtj0I7cv8J6S)16.jpg
<iframe src="https://www.pornhub.com/embed/ph57c467726078c" frameborder="0" height="481" width="608" scrolling="no"></iframe>|https://ei.phncdn.com/videos/201608/29/87501322/original/(m=eaf8GgaaaWavb)(mh=5QdlPqSdcNFnHuWB)8.jpg|https://ei.phncdn.com/videos/201608/29/87501322/original/(m=eaf8GgaaaWavb)(mh=5QdlPqSdcNFnHuWB)1.jpg;https://ei.phncdn.com/videos/201608/29/87501322/original/(m=eaf8GgaaaWavb)(mh=5QdlPqSdcNFnHuWB)2.jpg;https://ei.phncdn.com/videos/201608/29/87501322/original/(m=eaf8GgaaaWavb)(mh=5QdlPqSdcNFnHuWB)3.jpg;https://ei.phncdn.com/videos/201608/29/87501322/original/(m=eaf8GgaaaWavb)(mh=5QdlPqSdcNFnHuWB)4.jpg;https://ei.phncdn.com/videos/201608/29/87501322/original/(m=eaf8GgaaaWavb)(mh=5QdlPqSdcNFnHuWB)5.jpg;https://ei.phncdn.com/videos/201608/29/87501322/original/(m=eaf8GgaaaWavb)(mh=5QdlPqSdcNFnHuWB)6.jpg;https://ei.phncdn.com/videos/201608/29/87501322/original/(m=eaf8GgaaaWavb)(mh=5QdlPqSdcNFnHuWB)7.jpg;https://ei.phncdn.com/videos/201608/29/87501322/original/(m=eaf8GgaaaWavb)(mh=5QdlPqSdcNFnHuWB)8.jpg;https://ei.phncdn.com/videos/201608/29/87501322/original/(m=eaf8GgaaaWavb)(mh=5QdlPqSdcNFnHuWB)9.jpg;https://ei.phncdn.com/videos/201608/29/87501322/original/(m=eaf8GgaaaWavb)(mh=5QdlPqSdcNFnHuWB)10.jpg;https://ei.phncdn.com/videos/201608/29/87501322/original/(m=eaf8GgaaaWavb)(mh=5QdlPqSdcNFnHuWB)11.jpg;https://ei.phncdn.com/videos/201608/29/87501322/original/(m=eaf8GgaaaWavb)(mh=5QdlPqSdcNFnHuWB)12.jpg;https://ei.phncdn.com/videos/201608/29/87501322/original/(m=eaf8GgaaaWavb)(mh=5QdlPqSdcNFnHuWB)13.jpg;https://ei.phncdn.com/videos/201608/29/87501322/original/(m=eaf8GgaaaWavb)(mh=5QdlPqSdcNFnHuWB)14.jpg;https://ei.phncdn.com/videos/201608/29/87501322/original/(m=eaf8GgaaaWavb)(mh=5QdlPqSdcNFnHuWB)15.jpg;https://ei.phncdn.com/videos/201608/29/87501322/original/(m=eaf8GgaaaWavb)(mh=5QdlPqSdcNFnHuWB)16.jpg|Homemade leather and wooden anal beads - male underwear full striptease|teasing;exhibition;french;leather;cuir;wood;bois;anal-beads;billes-anales;man;homme;striptease;string|Striptease;Solo Male;French;Exclusive;Verified Amateurs||68|670|4|1|https://ei.phncdn.com/videos/201608/29/87501322/original/(m=eaAaGwObaaamqv)(mh=2SetMWnCfK0dpClk)8.jpg|https://ei.phncdn.com/videos/201608/29/87501322/original/(m=eaAaGwObaaamqv)(mh=2SetMWnCfK0dpClk)1.jpg;https://ei.phncdn.com/videos/201608/29/87501322/original/(m=eaAaGwObaaamqv)(mh=2SetMWnCfK0dpClk)2.jpg;https://ei.phncdn.com/videos/201608/29/87501322/original/(m=eaAaGwObaaamqv)(mh=2SetMWnCfK0dpClk)3.jpg;https://ei.phncdn.com/videos/201608/29/87501322/original/(m=eaAaGwObaaamqv)(mh=2SetMWnCfK0dpClk)4.jpg;https://ei.phncdn.com/videos/201608/29/87501322/original/(m=eaAaGwObaaamqv)(mh=2SetMWnCfK0dpClk)5.jpg;https://ei.phncdn.com/videos/201608/29/87501322/original/(m=eaAaGwObaaamqv)(mh=2SetMWnCfK0dpClk)6.jpg;https://ei.phncdn.com/videos/201608/29/87501322/original/(m=eaAaGwObaaamqv)(mh=2SetMWnCfK0dpClk)7.jpg;https://ei.phncdn.com/videos/201608/29/87501322/original/(m=eaAaGwObaaamqv)(mh=2SetMWnCfK0dpClk)8.jpg;https://ei.phncdn.com/videos/201608/29/87501322/original/(m=eaAaGwObaaamqv)(mh=2SetMWnCfK0dpClk)9.jpg;https://ei.phncdn.com/videos/201608/29/87501322/original/(m=eaAaGwObaaamqv)(mh=2SetMWnCfK0dpClk)10.jpg;https://ei.phncdn.com/videos/201608/29/87501322/original/(m=eaAaGwObaaamqv)(mh=2SetMWnCfK0dpClk)11.jpg;https://ei.phncdn.com/videos/201608/29/87501322/original/(m=eaAaGwObaaamqv)(mh=2SetMWnCfK0dpClk)12.jpg;https://ei.phncdn.com/videos/201608/29/87501322/original/(m=eaAaGwObaaamqv)(mh=2SetMWnCfK0dpClk)13.jpg;https://ei.phncdn.com/videos/201608/29/87501322/original/(m=eaAaGwObaaamqv)(mh=2SetMWnCfK0dpClk)14.jpg;https://ei.phncdn.com/videos/201608/29/87501322/original/(m=eaAaGwObaaamqv)(mh=2SetMWnCfK0dpClk)15.jpg;https://ei.phncdn.com/videos/201608/29/87501322/original/(m=eaAaGwObaaamqv)(mh=2SetMWnCfK0dpClk)16.jpg
<iframe src="https://www.pornhub.com/embed/ph57fb3b46c24cf" frameborder="0" height="481" width="608" scrolling="no"></iframe>|https://ei.phncdn.com/videos/201610/10/92393361/original/(m=eaf8GgaaaWavb)(mh=eiz1n9IOTIUZevOe)1.jpg|https://ei.phncdn.com/videos/201610/10/92393361/original/(m=eaf8GgaaaWavb)(mh=eiz1n9IOTIUZevOe)1.jpg;https://ei.phncdn.com/videos/201610/10/92393361/original/(m=eaf8GgaaaWavb)(mh=eiz1n9IOTIUZevOe)2.jpg;https://ei.phncdn.com/videos/201610/10/92393361/original/(m=eaf8GgaaaWavb)(mh=eiz1n9IOTIUZevOe)3.jpg;https://ei.phncdn.com/videos/201610/10/92393361/original/(m=eaf8GgaaaWavb)(mh=eiz1n9IOTIUZevOe)4.jpg;https://ei.phncdn.com/videos/201610/10/92393361/original/(m=eaf8GgaaaWavb)(mh=eiz1n9IOTIUZevOe)5.jpg;https://ei.phncdn.com/videos/201610/10/92393361/original/(m=eaf8GgaaaWavb)(mh=eiz1n9IOTIUZevOe)6.jpg;https://ei.phncdn.com/videos/201610/10/92393361/original/(m=eaf8GgaaaWavb)(mh=eiz1n9IOTIUZevOe)7.jpg;https://ei.phncdn.com/videos/201610/10/92393361/original/(m=eaf8GgaaaWavb)(mh=eiz1n9IOTIUZevOe)8.jpg;https://ei.phncdn.com/videos/201610/10/92393361/original/(m=eaf8GgaaaWavb)(mh=eiz1n9IOTIUZevOe)9.jpg;https://ei.phncdn.com/videos/201610/10/92393361/original/(m=eaf8GgaaaWavb)(mh=eiz1n9IOTIUZevOe)10.jpg;https://ei.phncdn.com/videos/201610/10/92393361/original/(m=eaf8GgaaaWavb)(mh=eiz1n9IOTIUZevOe)11.jpg;https://ei.phncdn.com/videos/201610/10/92393361/original/(m=eaf8GgaaaWavb)(mh=eiz1n9IOTIUZevOe)12.jpg;https://ei.phncdn.com/videos/201610/10/92393361/original/(m=eaf8GgaaaWavb)(mh=eiz1n9IOTIUZevOe)13.jpg;https://ei.phncdn.com/videos/201610/10/92393361/original/(m=eaf8GgaaaWavb)(mh=eiz1n9IOTIUZevOe)14.jpg;https://ei.phncdn.com/videos/201610/10/92393361/original/(m=eaf8GgaaaWavb)(mh=eiz1n9IOTIUZevOe)15.jpg;https://ei.phncdn.com/videos/201610/10/92393361/original/(m=eaf8GgaaaWavb)(mh=eiz1n9IOTIUZevOe)16.jpg|sissy humiliation photos|teasing;sissy;sissy-humiliation;submissive-slut|Striptease;Transgender;Exclusive;Verified Amateurs;Solo Trans||286|3040|4|1|https://ei.phncdn.com/videos/201610/10/92393361/original/(m=eaAaGwObaaamqv)(mh=9De_ISwmJ7SXRK8Z)1.jpg|https://ei.phncdn.com/videos/201610/10/92393361/original/(m=eaAaGwObaaamqv)(mh=9De_ISwmJ7SXRK8Z)1.jpg;https://ei.phncdn.com/videos/201610/10/92393361/original/(m=eaAaGwObaaamqv)(mh=9De_ISwmJ7SXRK8Z)2.jpg;https://ei.phncdn.com/videos/201610/10/92393361/original/(m=eaAaGwObaaamqv)(mh=9De_ISwmJ7SXRK8Z)3.jpg;https://ei.phncdn.com/videos/201610/10/92393361/original/(m=eaAaGwObaaamqv)(mh=9De_ISwmJ7SXRK8Z)4.jpg;https://ei.phncdn.com/videos/201610/10/92393361/original/(m=eaAaGwObaaamqv)(mh=9De_ISwmJ7SXRK8Z)5.jpg;https://ei.phncdn.com/videos/201610/10/92393361/original/(m=eaAaGwObaaamqv)(mh=9De_ISwmJ7SXRK8Z)6.jpg;https://ei.phncdn.com/videos/201610/10/92393361/original/(m=eaAaGwObaaamqv)(mh=9De_ISwmJ7SXRK8Z)7.jpg;https://ei.phncdn.com/videos/201610/10/92393361/original/(m=eaAaGwObaaamqv)(mh=9De_ISwmJ7SXRK8Z)8.jpg;https://ei.phncdn.com/videos/201610/10/92393361/original/(m=eaAaGwObaaamqv)(mh=9De_ISwmJ7SXRK8Z)9.jpg;https://ei.phncdn.com/videos/201610/10/92393361/original/(m=eaAaGwObaaamqv)(mh=9De_ISwmJ7SXRK8Z)10.jpg;https://ei.phncdn.com/videos/201610/10/92393361/original/(m=eaAaGwObaaamqv)(mh=9De_ISwmJ7SXRK8Z)11.jpg;https://ei.phncdn.com/videos/201610/10/92393361/original/(m=eaAaGwObaaamqv)(mh=9De_ISwmJ7SXRK8Z)12.jpg;https://ei.phncdn.com/videos/201610/10/92393361/original/(m=eaAaGwObaaamqv)(mh=9De_ISwmJ7SXRK8Z)13.jpg;https://ei.phncdn.com/videos/201610/10/92393361/original/(m=eaAaGwObaaamqv)(mh=9De_ISwmJ7SXRK8Z)14.jpg;https://ei.phncdn.com/videos/201610/10/92393361/original/(m=eaAaGwObaaamqv)(mh=9De_ISwmJ7SXRK8Z)15.jpg;https://ei.phncdn.com/videos/201610/10/92393361/original/(m=eaAaGwObaaamqv)(mh=9De_ISwmJ7SXRK8Z)16.jpg
<iframe src="https://www.pornhub.com/embed/ph5815f2465f0cd" frameborder="0" height="481" width="608" scrolling="no"></iframe>|https://ei.phncdn.com/videos/201610/30/94541211/original/(m=eaf8GgaaaWavb)(mh=CGaSUOdVzJVZg-VG)15.jpg|https://ei.phncdn.com/videos/201610/30/94541211/original/(m=eaf8GgaaaWavb)(mh=CGaSUOdVzJVZg-VG)1.jpg;https://ei.phncdn.com/videos/201610/30/94541211/original/(m=eaf8GgaaaWavb)(mh=CGaSUOdVzJVZg-VG)2.jpg;https://ei.phncdn.com/videos/201610/30/94541211/original/(m=eaf8GgaaaWavb)(mh=CGaSUOdVzJVZg-VG)3.jpg;https://ei.phncdn.com/videos/201610/30/94541211/original/(m=eaf8GgaaaWavb)(mh=CGaSUOdVzJVZg-VG)4.jpg;https://ei.phncdn.com/videos/201610/30/94541211/original/(m=eaf8GgaaaWavb)(mh=CGaSUOdVzJVZg-VG)5.jpg;https://ei.phncdn.com/videos/201610/30/94541211/original/(m=eaf8GgaaaWavb)(mh=CGaSUOdVzJVZg-VG)6.jpg;https://ei.phncdn.com/videos/201610/30/94541211/original/(m=eaf8GgaaaWavb)(mh=CGaSUOdVzJVZg-VG)7.jpg;https://ei.phncdn.com/videos/201610/30/94541211/original/(m=eaf8GgaaaWavb)(mh=CGaSUOdVzJVZg-VG)8.jpg;https://ei.phncdn.com/videos/201610/30/94541211/original/(m=eaf8GgaaaWavb)(mh=CGaSUOdVzJVZg-VG)9.jpg;https://ei.phncdn.com/videos/201610/30/94541211/original/(m=eaf8GgaaaWavb)(mh=CGaSUOdVzJVZg-VG)10.jpg;https://ei.phncdn.com/videos/201610/30/94541211/original/(m=eaf8GgaaaWavb)(mh=CGaSUOdVzJVZg-VG)11.jpg;https://ei.phncdn.com/videos/201610/30/94541211/original/(m=eaf8GgaaaWavb)(mh=CGaSUOdVzJVZg-VG)12.jpg;https://ei.phncdn.com/videos/201610/30/94541211/original/(m=eaf8GgaaaWavb)(mh=CGaSUOdVzJVZg-VG)13.jpg;https://ei.phncdn.com/videos/201610/30/94541211/original/(m=eaf8GgaaaWavb)(mh=CGaSUOdVzJVZg-VG)14.jpg;https://ei.phncdn.com/videos/201610/30/94541211/original/(m=eaf8GgaaaWavb)(mh=CGaSUOdVzJVZg-VG)15.jpg;https://ei.phncdn.com/videos/201610/30/94541211/original/(m=eaf8GgaaaWavb)(mh=CGaSUOdVzJVZg-VG)16.jpg|Chroniclove Sexy Dance and Spanking|teenager;teasing;chroniclove;dancing;sexy-dance;stip;spanking;naughty;slut;tenn;pussy;ass;hot;uniform|Striptease;18-25;Webcam;Verified Amateurs;Solo Female||882|44121|132|25|https://ei.phncdn.com/videos/201610/30/94541211/original/(m=eaAaGwObaaamqv)(mh=OcydZFVMv17PP7ho)15.jpg|https://ei.phncdn.com/videos/201610/30/94541211/original/(m=eaAaGwObaaamqv)(mh=OcydZFVMv17PP7ho)1.jpg;https://ei.phncdn.com/videos/201610/30/94541211/original/(m=eaAaGwObaaamqv)(mh=OcydZFVMv17PP7ho)2.jpg;https://ei.phncdn.com/videos/201610/30/94541211/original/(m=eaAaGwObaaamqv)(mh=OcydZFVMv17PP7ho)3.jpg;https://ei.phncdn.com/videos/201610/30/94541211/original/(m=eaAaGwObaaamqv)(mh=OcydZFVMv17PP7ho)4.jpg;https://ei.phncdn.com/videos/201610/30/94541211/original/(m=eaAaGwObaaamqv)(mh=OcydZFVMv17PP7ho)5.jpg;https://ei.phncdn.com/videos/201610/30/94541211/original/(m=eaAaGwObaaamqv)(mh=OcydZFVMv17PP7ho)6.jpg;https://ei.phncdn.com/videos/201610/30/94541211/original/(m=eaAaGwObaaamqv)(mh=OcydZFVMv17PP7ho)7.jpg;https://ei.phncdn.com/videos/201610/30/94541211/original/(m=eaAaGwObaaamqv)(mh=OcydZFVMv17PP7ho)8.jpg;https://ei.phncdn.com/videos/201610/30/94541211/original/(m=eaAaGwObaaamqv)(mh=OcydZFVMv17PP7ho)9.jpg;https://ei.phncdn.com/videos/201610/30/94541211/original/(m=eaAaGwObaaamqv)(mh=OcydZFVMv17PP7ho)10.jpg;https://ei.phncdn.com/videos/201610/30/94541211/original/(m=eaAaGwObaaamqv)(mh=OcydZFVMv17PP7ho)11.jpg;https://ei.phncdn.com/videos/201610/30/94541211/original/(m=eaAaGwObaaamqv)(mh=OcydZFVMv17PP7ho)12.jpg;https://ei.phncdn.com/videos/201610/30/94541211/original/(m=eaAaGwObaaamqv)(mh=OcydZFVMv17PP7ho)13.jpg;https://ei.phncdn.com/videos/201610/30/94541211/original/(m=eaAaGwObaaamqv)(mh=OcydZFVMv17PP7ho)14.jpg;https://ei.phncdn.com/videos/201610/30/94541211/original/(m=eaAaGwObaaamqv)(mh=OcydZFVMv17PP7ho)15.jpg;https://ei.phncdn.com/videos/201610/30/94541211/original/(m=eaAaGwObaaamqv)(mh=OcydZFVMv17PP7ho)16.jpg
<iframe src="https://www.pornhub.com/embed/ph581f13a079184" frameborder="0" height="481" width="608" scrolling="no"></iframe>|https://ei.phncdn.com/videos/201611/06/95234251/original/(m=eaf8GgaaaWavb)(mh=1Pmuyw6ZEmsksCdw)3.jpg|https://ei.phncdn.com/videos/201611/06/95234251/original/(m=eaf8GgaaaWavb)(mh=1Pmuyw6ZEmsksCdw)1.jpg;https://ei.phncdn.com/videos/201611/06/95234251/original/(m=eaf8GgaaaWavb)(mh=1Pmuyw6ZEmsksCdw)2.jpg;https://ei.phncdn.com/videos/201611/06/95234251/original/(m=eaf8GgaaaWavb)(mh=1Pmuyw6ZEmsksCdw)3.jpg;https://ei.phncdn.com/videos/201611/06/95234251/original/(m=eaf8GgaaaWavb)(mh=1Pmuyw6ZEmsksCdw)4.jpg;https://ei.phncdn.com/videos/201611/06/95234251/original/(m=eaf8GgaaaWavb)(mh=1Pmuyw6ZEmsksCdw)5.jpg;https://ei.phncdn.com/videos/201611/06/95234251/original/(m=eaf8GgaaaWavb)(mh=1Pmuyw6ZEmsksCdw)6.jpg;https://ei.phncdn.com/videos/201611/06/95234251/original/(m=eaf8GgaaaWavb)(mh=1Pmuyw6ZEmsksCdw)7.jpg;https://ei.phncdn.com/videos/201611/06/95234251/original/(m=eaf8GgaaaWavb)(mh=1Pmuyw6ZEmsksCdw)8.jpg;https://ei.phncdn.com/videos/201611/06/95234251/original/(m=eaf8GgaaaWavb)(mh=1Pmuyw6ZEmsksCdw)9.jpg;https://ei.phncdn.com/videos/201611/06/95234251/original/(m=eaf8GgaaaWavb)(mh=1Pmuyw6ZEmsksCdw)10.jpg;https://ei.phncdn.com/videos/201611/06/95234251/original/(m=eaf8GgaaaWavb)(mh=1Pmuyw6ZEmsksCdw)11.jpg;https://ei.phncdn.com/videos/201611/06/95234251/original/(m=eaf8GgaaaWavb)(mh=1Pmuyw6ZEmsksCdw)12.jpg;https://ei.phncdn.com/videos/201611/06/95234251/original/(m=eaf8GgaaaWavb)(mh=1Pmuyw6ZEmsksCdw)13.jpg;https://ei.phncdn.com/videos/201611/06/95234251/original/(m=eaf8GgaaaWavb)(mh=1Pmuyw6ZEmsksCdw)14.jpg;https://ei.phncdn.com/videos/201611/06/95234251/original/(m=eaf8GgaaaWavb)(mh=1Pmuyw6ZEmsksCdw)15.jpg;https://ei.phncdn.com/videos/201611/06/95234251/original/(m=eaf8GgaaaWavb)(mh=1Pmuyw6ZEmsksCdw)16.jpg|sex with me is...|dancing;music;tease|Striptease;Transgender;Exclusive;Music;Verified Amateurs;Solo Trans||140|319|6|1|https://ei.phncdn.com/videos/201611/06/95234251/original/(m=eaAaGwObaaamqv)(mh=Qu63P2QbOyZr8_I7)3.jpg|https://ei.phncdn.com/videos/201611/06/95234251/original/(m=eaAaGwObaaamqv)(mh=Qu63P2QbOyZr8_I7)1.jpg;https://ei.phncdn.com/videos/201611/06/95234251/original/(m=eaAaGwObaaamqv)(mh=Qu63P2QbOyZr8_I7)2.jpg;https://ei.phncdn.com/videos/201611/06/95234251/original/(m=eaAaGwObaaamqv)(mh=Qu63P2QbOyZr8_I7)3.jpg;https://ei.phncdn.com/videos/201611/06/95234251/original/(m=eaAaGwObaaamqv)(mh=Qu63P2QbOyZr8_I7)4.jpg;https://ei.phncdn.com/videos/201611/06/95234251/original/(m=eaAaGwObaaamqv)(mh=Qu63P2QbOyZr8_I7)5.jpg;https://ei.phncdn.com/videos/201611/06/95234251/original/(m=eaAaGwObaaamqv)(mh=Qu63P2QbOyZr8_I7)6.jpg;https://ei.phncdn.com/videos/201611/06/95234251/original/(m=eaAaGwObaaamqv)(mh=Qu63P2QbOyZr8_I7)7.jpg;https://ei.phncdn.com/videos/201611/06/95234251/original/(m=eaAaGwObaaamqv)(mh=Qu63P2QbOyZr8_I7)8.jpg;https://ei.phncdn.com/videos/201611/06/95234251/original/(m=eaAaGwObaaamqv)(mh=Qu63P2QbOyZr8_I7)9.jpg;https://ei.phncdn.com/videos/201611/06/95234251/original/(m=eaAaGwObaaamqv)(mh=Qu63P2QbOyZr8_I7)10.jpg;https://ei.phncdn.com/videos/201611/06/95234251/original/(m=eaAaGwObaaamqv)(mh=Qu63P2QbOyZr8_I7)11.jpg;https://ei.phncdn.com/videos/201611/06/95234251/original/(m=eaAaGwObaaamqv)(mh=Qu63P2QbOyZr8_I7)12.jpg;https://ei.phncdn.com/videos/201611/06/95234251/original/(m=eaAaGwObaaamqv)(mh=Qu63P2QbOyZr8_I7)13.jpg;https://ei.phncdn.com/videos/201611/06/95234251/original/(m=eaAaGwObaaamqv)(mh=Qu63P2QbOyZr8_I7)14.jpg;https://ei.phncdn.com/videos/201611/06/95234251/original/(m=eaAaGwObaaamqv)(mh=Qu63P2QbOyZr8_I7)15.jpg;https://ei.phncdn.com/videos/201611/06/95234251/original/(m=eaAaGwObaaamqv)(mh=Qu63P2QbOyZr8_I7)16.jpg
<iframe src="https://www.pornhub.com/embed/ph5825e1be7fa89" frameborder="0" height="481" width="608" scrolling="no"></iframe>|https://ei.phncdn.com/videos/201611/11/95786761/original/(m=eaf8GgaaaWavb)(mh=2haFhKSrPnvnnXD1)8.jpg|https://ei.phncdn.com/videos/201611/11/95786761/original/(m=eaf8GgaaaWavb)(mh=2haFhKSrPnvnnXD1)1.jpg;https://ei.phncdn.com/videos/201611/11/95786761/original/(m=eaf8GgaaaWavb)(mh=2haFhKSrPnvnnXD1)2.jpg;https://ei.phncdn.com/videos/201611/11/95786761/original/(m=eaf8GgaaaWavb)(mh=2haFhKSrPnvnnXD1)3.jpg;https://ei.phncdn.com/videos/201611/11/95786761/original/(m=eaf8GgaaaWavb)(mh=2haFhKSrPnvnnXD1)4.jpg;https://ei.phncdn.com/videos/201611/11/95786761/original/(m=eaf8GgaaaWavb)(mh=2haFhKSrPnvnnXD1)5.jpg;https://ei.phncdn.com/videos/201611/11/95786761/original/(m=eaf8GgaaaWavb)(mh=2haFhKSrPnvnnXD1)6.jpg;https://ei.phncdn.com/videos/201611/11/95786761/original/(m=eaf8GgaaaWavb)(mh=2haFhKSrPnvnnXD1)7.jpg;https://ei.phncdn.com/videos/201611/11/95786761/original/(m=eaf8GgaaaWavb)(mh=2haFhKSrPnvnnXD1)8.jpg;https://ei.phncdn.com/videos/201611/11/95786761/original/(m=eaf8GgaaaWavb)(mh=2haFhKSrPnvnnXD1)9.jpg;https://ei.phncdn.com/videos/201611/11/95786761/original/(m=eaf8GgaaaWavb)(mh=2haFhKSrPnvnnXD1)10.jpg;https://ei.phncdn.com/videos/201611/11/95786761/original/(m=eaf8GgaaaWavb)(mh=2haFhKSrPnvnnXD1)11.jpg;https://ei.phncdn.com/videos/201611/11/95786761/original/(m=eaf8GgaaaWavb)(mh=2haFhKSrPnvnnXD1)12.jpg;https://ei.phncdn.com/videos/201611/11/95786761/original/(m=eaf8GgaaaWavb)(mh=2haFhKSrPnvnnXD1)13.jpg;https://ei.phncdn.com/videos/201611/11/95786761/original/(m=eaf8GgaaaWavb)(mh=2haFhKSrPnvnnXD1)14.jpg;https://ei.phncdn.com/videos/201611/11/95786761/original/(m=eaf8GgaaaWavb)(mh=2haFhKSrPnvnnXD1)15.jpg;https://ei.phncdn.com/videos/201611/11/95786761/original/(m=eaf8GgaaaWavb)(mh=2haFhKSrPnvnnXD1)16.jpg|smoking hot teen ass|bosslesson;ass-fuck;rough;teenager;boss;anal;cmnf;smoking;hard;lesson;redhead;dethrone;facial;teen;orgasm;role-play|Striptease;Anal;Red Head;Smoking||777|29401|93|36|https://ei.phncdn.com/videos/201611/11/95786761/original/(m=eaAaGwObaaamqv)(mh=hm-D1iRqsa0hrwwp)8.jpg|https://ei.phncdn.com/videos/201611/11/95786761/original/(m=eaAaGwObaaamqv)(mh=hm-D1iRqsa0hrwwp)1.jpg;https://ei.phncdn.com/videos/201611/11/95786761/original/(m=eaAaGwObaaamqv)(mh=hm-D1iRqsa0hrwwp)2.jpg;https://ei.phncdn.com/videos/201611/11/95786761/original/(m=eaAaGwObaaamqv)(mh=hm-D1iRqsa0hrwwp)3.jpg;https://ei.phncdn.com/videos/201611/11/95786761/original/(m=eaAaGwObaaamqv)(mh=hm-D1iRqsa0hrwwp)4.jpg;https://ei.phncdn.com/videos/201611/11/95786761/original/(m=eaAaGwObaaamqv)(mh=hm-D1iRqsa0hrwwp)5.jpg;https://ei.phncdn.com/videos/201611/11/95786761/original/(m=eaAaGwObaaamqv)(mh=hm-D1iRqsa0hrwwp)6.jpg;https://ei.phncdn.com/videos/201611/11/95786761/original/(m=eaAaGwObaaamqv)(mh=hm-D1iRqsa0hrwwp)7.jpg;https://ei.phncdn.com/videos/201611/11/95786761/original/(m=eaAaGwObaaamqv)(mh=hm-D1iRqsa0hrwwp)8.jpg;https://ei.phncdn.com/videos/201611/11/95786761/original/(m=eaAaGwObaaamqv)(mh=hm-D1iRqsa0hrwwp)9.jpg;https://ei.phncdn.com/videos/201611/11/95786761/original/(m=eaAaGwObaaamqv)(mh=hm-D1iRqsa0hrwwp)10.jpg;https://ei.phncdn.com/videos/201611/11/95786761/original/(m=eaAaGwObaaamqv)(mh=hm-D1iRqsa0hrwwp)11.jpg;https://ei.phncdn.com/videos/201611/11/95786761/original/(m=eaAaGwObaaamqv)(mh=hm-D1iRqsa0hrwwp)12.jpg;https://ei.phncdn.com/videos/201611/11/95786761/original/(m=eaAaGwObaaamqv)(mh=hm-D1iRqsa0hrwwp)13.jpg;https://ei.phncdn.com/videos/201611/11/95786761/original/(m=eaAaGwObaaamqv)(mh=hm-D1iRqsa0hrwwp)14.jpg;https://ei.phncdn.com/videos/201611/11/95786761/original/(m=eaAaGwObaaamqv)(mh=hm-D1iRqsa0hrwwp)15.jpg;https://ei.phncdn.com/videos/201611/11/95786761/original/(m=eaAaGwObaaamqv)(mh=hm-D1iRqsa0hrwwp)16.jpg
<iframe src="https://www.pornhub.com/embed/ph582760eef27a8" frameborder="0" height="481" width="608" scrolling="no"></iframe>|https://ei.phncdn.com/videos/201611/12/95914861/original/(m=eaf8GgaaaWavb)(mh=s2AcNjQSV1mqISF8)14.jpg|https://ei.phncdn.com/videos/201611/12/95914861/original/(m=eaf8GgaaaWavb)(mh=s2AcNjQSV1mqISF8)1.jpg;https://ei.phncdn.com/videos/201611/12/95914861/original/(m=eaf8GgaaaWavb)(mh=s2AcNjQSV1mqISF8)2.jpg;https://ei.phncdn.com/videos/201611/12/95914861/original/(m=eaf8GgaaaWavb)(mh=s2AcNjQSV1mqISF8)3.jpg;https://ei.phncdn.com/videos/201611/12/95914861/original/(m=eaf8GgaaaWavb)(mh=s2AcNjQSV1mqISF8)4.jpg;https://ei.phncdn.com/videos/201611/12/95914861/original/(m=eaf8GgaaaWavb)(mh=s2AcNjQSV1mqISF8)5.jpg;https://ei.phncdn.com/videos/201611/12/95914861/original/(m=eaf8GgaaaWavb)(mh=s2AcNjQSV1mqISF8)6.jpg;https://ei.phncdn.com/videos/201611/12/95914861/original/(m=eaf8GgaaaWavb)(mh=s2AcNjQSV1mqISF8)7.jpg;https://ei.phncdn.com/videos/201611/12/95914861/original/(m=eaf8GgaaaWavb)(mh=s2AcNjQSV1mqISF8)8.jpg;https://ei.phncdn.com/videos/201611/12/95914861/original/(m=eaf8GgaaaWavb)(mh=s2AcNjQSV1mqISF8)9.jpg;https://ei.phncdn.com/videos/201611/12/95914861/original/(m=eaf8GgaaaWavb)(mh=s2AcNjQSV1mqISF8)10.jpg;https://ei.phncdn.com/videos/201611/12/95914861/original/(m=eaf8GgaaaWavb)(mh=s2AcNjQSV1mqISF8)11.jpg;https://ei.phncdn.com/videos/201611/12/95914861/original/(m=eaf8GgaaaWavb)(mh=s2AcNjQSV1mqISF8)12.jpg;https://ei.phncdn.com/videos/201611/12/95914861/original/(m=eaf8GgaaaWavb)(mh=s2AcNjQSV1mqISF8)13.jpg;https://ei.phncdn.com/videos/201611/12/95914861/original/(m=eaf8GgaaaWavb)(mh=s2AcNjQSV1mqISF8)14.jpg;https://ei.phncdn.com/videos/201611/12/95914861/original/(m=eaf8GgaaaWavb)(mh=s2AcNjQSV1mqISF8)15.jpg;https://ei.phncdn.com/videos/201611/12/95914861/original/(m=eaf8GgaaaWavb)(mh=s2AcNjQSV1mqISF8)16.jpg|LSFmorning la semaine lingerie|teasing;petite;lsf-radio;morning-sex|Striptease;Small Tits;French;Verified Amateurs;Solo Female||801|12905|21|10|https://ei.phncdn.com/videos/201611/12/95914861/original/(m=eaAaGwObaaamqv)(mh=-Ry630l3hfFgTKzh)14.jpg|https://ei.phncdn.com/videos/201611/12/95914861/original/(m=eaAaGwObaaamqv)(mh=-Ry630l3hfFgTKzh)1.jpg;https://ei.phncdn.com/videos/201611/12/95914861/original/(m=eaAaGwObaaamqv)(mh=-Ry630l3hfFgTKzh)2.jpg;https://ei.phncdn.com/videos/201611/12/95914861/original/(m=eaAaGwObaaamqv)(mh=-Ry630l3hfFgTKzh)3.jpg;https://ei.phncdn.com/videos/201611/12/95914861/original/(m=eaAaGwObaaamqv)(mh=-Ry630l3hfFgTKzh)4.jpg;https://ei.phncdn.com/videos/201611/12/95914861/original/(m=eaAaGwObaaamqv)(mh=-Ry630l3hfFgTKzh)5.jpg;https://ei.phncdn.com/videos/201611/12/95914861/original/(m=eaAaGwObaaamqv)(mh=-Ry630l3hfFgTKzh)6.jpg;https://ei.phncdn.com/videos/201611/12/95914861/original/(m=eaAaGwObaaamqv)(mh=-Ry630l3hfFgTKzh)7.jpg;https://ei.phncdn.com/videos/201611/12/95914861/original/(m=eaAaGwObaaamqv)(mh=-Ry630l3hfFgTKzh)8.jpg;https://ei.phncdn.com/videos/201611/12/95914861/original/(m=eaAaGwObaaamqv)(mh=-Ry630l3hfFgTKzh)9.jpg;https://ei.phncdn.com/videos/201611/12/95914861/original/(m=eaAaGwObaaamqv)(mh=-Ry630l3hfFgTKzh)10.jpg;https://ei.phncdn.com/videos/201611/12/95914861/original/(m=eaAaGwObaaamqv)(mh=-Ry630l3hfFgTKzh)11.jpg;https://ei.phncdn.com/videos/201611/12/95914861/original/(m=eaAaGwObaaamqv)(mh=-Ry630l3hfFgTKzh)12.jpg;https://ei.phncdn.com/videos/201611/12/95914861/original/(m=eaAaGwObaaamqv)(mh=-Ry630l3hfFgTKzh)13.jpg;https://ei.phncdn.com/videos/201611/12/95914861/original/(m=eaAaGwObaaamqv)(mh=-Ry630l3hfFgTKzh)14.jpg;https://ei.phncdn.com/videos/201611/12/95914861/original/(m=eaAaGwObaaamqv)(mh=-Ry630l3hfFgTKzh)15.jpg;https://ei.phncdn.com/videos/201611/12/95914861/original/(m=eaAaGwObaaamqv)(mh=-Ry630l3hfFgTKzh)16.jpg
<iframe src="https://www.pornhub.com/embed/ph5864f5d8b3eed" frameborder="0" height="481" width="608" scrolling="no"></iframe>|https://ei.phncdn.com/videos/201612/29/100538592/original/(m=eaf8GgaaaWavb)(mh=plYMqeGlGkd-1BoL)16.jpg|https://ei.phncdn.com/videos/201612/29/100538592/original/(m=eaf8GgaaaWavb)(mh=plYMqeGlGkd-1BoL)1.jpg;https://ei.phncdn.com/videos/201612/29/100538592/original/(m=eaf8GgaaaWavb)(mh=plYMqeGlGkd-1BoL)2.jpg;https://ei.phncdn.com/videos/201612/29/100538592/original/(m=eaf8GgaaaWavb)(mh=plYMqeGlGkd-1BoL)3.jpg;https://ei.phncdn.com/videos/201612/29/100538592/original/(m=eaf8GgaaaWavb)(mh=plYMqeGlGkd-1BoL)4.jpg;https://ei.phncdn.com/videos/201612/29/100538592/original/(m=eaf8GgaaaWavb)(mh=plYMqeGlGkd-1BoL)5.jpg;https://ei.phncdn.com/videos/201612/29/100538592/original/(m=eaf8GgaaaWavb)(mh=plYMqeGlGkd-1BoL)6.jpg;https://ei.phncdn.com/videos/201612/29/100538592/original/(m=eaf8GgaaaWavb)(mh=plYMqeGlGkd-1BoL)7.jpg;https://ei.phncdn.com/videos/201612/29/100538592/original/(m=eaf8GgaaaWavb)(mh=plYMqeGlGkd-1BoL)8.jpg;https://ei.phncdn.com/videos/201612/29/100538592/original/(m=eaf8GgaaaWavb)(mh=plYMqeGlGkd-1BoL)9.jpg;https://ei.phncdn.com/videos/201612/29/100538592/original/(m=eaf8GgaaaWavb)(mh=plYMqeGlGkd-1BoL)10.jpg;https://ei.phncdn.com/videos/201612/29/100538592/original/(m=eaf8GgaaaWavb)(mh=plYMqeGlGkd-1BoL)11.jpg;https://ei.phncdn.com/videos/201612/29/100538592/original/(m=eaf8GgaaaWavb)(mh=plYMqeGlGkd-1BoL)12.jpg;https://ei.phncdn.com/videos/201612/29/100538592/original/(m=eaf8GgaaaWavb)(mh=plYMqeGlGkd-1BoL)13.jpg;https://ei.phncdn.com/videos/201612/29/100538592/original/(m=eaf8GgaaaWavb)(mh=plYMqeGlGkd-1BoL)14.jpg;https://ei.phncdn.com/videos/201612/29/100538592/original/(m=eaf8GgaaaWavb)(mh=plYMqeGlGkd-1BoL)15.jpg;https://ei.phncdn.com/videos/201612/29/100538592/original/(m=eaf8GgaaaWavb)(mh=plYMqeGlGkd-1BoL)16.jpg|Redheaded Katrin stripping underwater|underwatershow;redhead;teenager;young;teasing;teen;amateur;swimming-pool;underwater;solo-girl;softcore;sports;topless|Striptease;18-25;Red Head;Czech||322|171218|610|114|https://ei.phncdn.com/videos/201612/29/100538592/original/(m=eaAaGwObaaamqv)(mh=pgAPHg5jedkkD8mf)16.jpg|https://ei.phncdn.com/videos/201612/29/100538592/original/(m=eaAaGwObaaamqv)(mh=pgAPHg5jedkkD8mf)1.jpg;https://ei.phncdn.com/videos/201612/29/100538592/original/(m=eaAaGwObaaamqv)(mh=pgAPHg5jedkkD8mf)2.jpg;https://ei.phncdn.com/videos/201612/29/100538592/original/(m=eaAaGwObaaamqv)(mh=pgAPHg5jedkkD8mf)3.jpg;https://ei.phncdn.com/videos/201612/29/100538592/original/(m=eaAaGwObaaamqv)(mh=pgAPHg5jedkkD8mf)4.jpg;https://ei.phncdn.com/videos/201612/29/100538592/original/(m=eaAaGwObaaamqv)(mh=pgAPHg5jedkkD8mf)5.jpg;https://ei.phncdn.com/videos/201612/29/100538592/original/(m=eaAaGwObaaamqv)(mh=pgAPHg5jedkkD8mf)6.jpg;https://ei.phncdn.com/videos/201612/29/100538592/original/(m=eaAaGwObaaamqv)(mh=pgAPHg5jedkkD8mf)7.jpg;https://ei.phncdn.com/videos/201612/29/100538592/original/(m=eaAaGwObaaamqv)(mh=pgAPHg5jedkkD8mf)8.jpg;https://ei.phncdn.com/videos/201612/29/100538592/original/(m=eaAaGwObaaamqv)(mh=pgAPHg5jedkkD8mf)9.jpg;https://ei.phncdn.com/videos/201612/29/100538592/original/(m=eaAaGwObaaamqv)(mh=pgAPHg5jedkkD8mf)10.jpg;https://ei.phncdn.com/videos/201612/29/100538592/original/(m=eaAaGwObaaamqv)(mh=pgAPHg5jedkkD8mf)11.jpg;https://ei.phncdn.com/videos/201612/29/100538592/original/(m=eaAaGwObaaamqv)(mh=pgAPHg5jedkkD8mf)12.jpg;https://ei.phncdn.com/videos/201612/29/100538592/original/(m=eaAaGwObaaamqv)(mh=pgAPHg5jedkkD8mf)13.jpg;https://ei.phncdn.com/videos/201612/29/100538592/original/(m=eaAaGwObaaamqv)(mh=pgAPHg5jedkkD8mf)14.jpg;https://ei.phncdn.com/videos/201612/29/100538592/original/(m=eaAaGwObaaamqv)(mh=pgAPHg5jedkkD8mf)15.jpg;https://ei.phncdn.com/videos/201612/29/100538592/original/(m=eaAaGwObaaamqv)(mh=pgAPHg5jedkkD8mf)16.jpg
<iframe src="https://www.pornhub.com/embed/ph586bc9b1d7712" frameborder="0" height="481" width="608" scrolling="no"></iframe>|https://ei.phncdn.com/videos/201701/03/101068032/original/(m=eaf8GgaaaWavb)(mh=cU3hUH_RIBA0TOKQ)8.jpg|https://ei.phncdn.com/videos/201701/03/101068032/original/(m=eaf8GgaaaWavb)(mh=cU3hUH_RIBA0TOKQ)1.jpg;https://ei.phncdn.com/videos/201701/03/101068032/original/(m=eaf8GgaaaWavb)(mh=cU3hUH_RIBA0TOKQ)2.jpg;https://ei.phncdn.com/videos/201701/03/101068032/original/(m=eaf8GgaaaWavb)(mh=cU3hUH_RIBA0TOKQ)3.jpg;https://ei.phncdn.com/videos/201701/03/101068032/original/(m=eaf8GgaaaWavb)(mh=cU3hUH_RIBA0TOKQ)4.jpg;https://ei.phncdn.com/videos/201701/03/101068032/original/(m=eaf8GgaaaWavb)(mh=cU3hUH_RIBA0TOKQ)5.jpg;https://ei.phncdn.com/videos/201701/03/101068032/original/(m=eaf8GgaaaWavb)(mh=cU3hUH_RIBA0TOKQ)6.jpg;https://ei.phncdn.com/videos/201701/03/101068032/original/(m=eaf8GgaaaWavb)(mh=cU3hUH_RIBA0TOKQ)7.jpg;https://ei.phncdn.com/videos/201701/03/101068032/original/(m=eaf8GgaaaWavb)(mh=cU3hUH_RIBA0TOKQ)8.jpg;https://ei.phncdn.com/videos/201701/03/101068032/original/(m=eaf8GgaaaWavb)(mh=cU3hUH_RIBA0TOKQ)9.jpg;https://ei.phncdn.com/videos/201701/03/101068032/original/(m=eaf8GgaaaWavb)(mh=cU3hUH_RIBA0TOKQ)10.jpg;https://ei.phncdn.com/videos/201701/03/101068032/original/(m=eaf8GgaaaWavb)(mh=cU3hUH_RIBA0TOKQ)11.jpg;https://ei.phncdn.com/videos/201701/03/101068032/original/(m=eaf8GgaaaWavb)(mh=cU3hUH_RIBA0TOKQ)12.jpg;https://ei.phncdn.com/videos/201701/03/101068032/original/(m=eaf8GgaaaWavb)(mh=cU3hUH_RIBA0TOKQ)13.jpg;https://ei.phncdn.com/videos/201701/03/101068032/original/(m=eaf8GgaaaWavb)(mh=cU3hUH_RIBA0TOKQ)14.jpg;https://ei.phncdn.com/videos/201701/03/101068032/original/(m=eaf8GgaaaWavb)(mh=cU3hUH_RIBA0TOKQ)15.jpg;https://ei.phncdn.com/videos/201701/03/101068032/original/(m=eaf8GgaaaWavb)(mh=cU3hUH_RIBA0TOKQ)16.jpg|Short StripTease|teasing;strip;hairy-cock;young;bisexual;male;nude;skinny|Striptease;Webcam;Solo Male;Exclusive;Verified Amateurs||51|177|4|1|https://ei.phncdn.com/videos/201701/03/101068032/original/(m=eaAaGwObaaamqv)(mh=36ZAlQOo5v7yi7Q7)8.jpg|https://ei.phncdn.com/videos/201701/03/101068032/original/(m=eaAaGwObaaamqv)(mh=36ZAlQOo5v7yi7Q7)1.jpg;https://ei.phncdn.com/videos/201701/03/101068032/original/(m=eaAaGwObaaamqv)(mh=36ZAlQOo5v7yi7Q7)2.jpg;https://ei.phncdn.com/videos/201701/03/101068032/original/(m=eaAaGwObaaamqv)(mh=36ZAlQOo5v7yi7Q7)3.jpg;https://ei.phncdn.com/videos/201701/03/101068032/original/(m=eaAaGwObaaamqv)(mh=36ZAlQOo5v7yi7Q7)4.jpg;https://ei.phncdn.com/videos/201701/03/101068032/original/(m=eaAaGwObaaamqv)(mh=36ZAlQOo5v7yi7Q7)5.jpg;https://ei.phncdn.com/videos/201701/03/101068032/original/(m=eaAaGwObaaamqv)(mh=36ZAlQOo5v7yi7Q7)6.jpg;https://ei.phncdn.com/videos/201701/03/101068032/original/(m=eaAaGwObaaamqv)(mh=36ZAlQOo5v7yi7Q7)7.jpg;https://ei.phncdn.com/videos/201701/03/101068032/original/(m=eaAaGwObaaamqv)(mh=36ZAlQOo5v7yi7Q7)8.jpg;https://ei.phncdn.com/videos/201701/03/101068032/original/(m=eaAaGwObaaamqv)(mh=36ZAlQOo5v7yi7Q7)9.jpg;https://ei.phncdn.com/videos/201701/03/101068032/original/(m=eaAaGwObaaamqv)(mh=36ZAlQOo5v7yi7Q7)10.jpg;https://ei.phncdn.com/videos/201701/03/101068032/original/(m=eaAaGwObaaamqv)(mh=36ZAlQOo5v7yi7Q7)11.jpg;https://ei.phncdn.com/videos/201701/03/101068032/original/(m=eaAaGwObaaamqv)(mh=36ZAlQOo5v7yi7Q7)12.jpg;https://ei.phncdn.com/videos/201701/03/101068032/original/(m=eaAaGwObaaamqv)(mh=36ZAlQOo5v7yi7Q7)13.jpg;https://ei.phncdn.com/videos/201701/03/101068032/original/(m=eaAaGwObaaamqv)(mh=36ZAlQOo5v7yi7Q7)14.jpg;https://ei.phncdn.com/videos/201701/03/101068032/original/(m=eaAaGwObaaamqv)(mh=36ZAlQOo5v7yi7Q7)15.jpg;https://ei.phncdn.com/videos/201701/03/101068032/original/(m=eaAaGwObaaamqv)(mh=36ZAlQOo5v7yi7Q7)16.jpg
<iframe src="https://www.pornhub.com/embed/ph589a02a83845c" frameborder="0" height="481" width="608" scrolling="no"></iframe>|https://ei.phncdn.com/videos/201702/07/105266292/original/(m=eaf8GgaaaWavb)(mh=AeQOgtp--aaMuCjn)5.jpg|https://ei.phncdn.com/videos/201702/07/105266292/original/(m=eaf8GgaaaWavb)(mh=AeQOgtp--aaMuCjn)1.jpg;https://ei.phncdn.com/videos/201702/07/105266292/original/(m=eaf8GgaaaWavb)(mh=AeQOgtp--aaMuCjn)2.jpg;https://ei.phncdn.com/videos/201702/07/105266292/original/(m=eaf8GgaaaWavb)(mh=AeQOgtp--aaMuCjn)3.jpg;https://ei.phncdn.com/videos/201702/07/105266292/original/(m=eaf8GgaaaWavb)(mh=AeQOgtp--aaMuCjn)4.jpg;https://ei.phncdn.com/videos/201702/07/105266292/original/(m=eaf8GgaaaWavb)(mh=AeQOgtp--aaMuCjn)5.jpg;https://ei.phncdn.com/videos/201702/07/105266292/original/(m=eaf8GgaaaWavb)(mh=AeQOgtp--aaMuCjn)6.jpg;https://ei.phncdn.com/videos/201702/07/105266292/original/(m=eaf8GgaaaWavb)(mh=AeQOgtp--aaMuCjn)7.jpg;https://ei.phncdn.com/videos/201702/07/105266292/original/(m=eaf8GgaaaWavb)(mh=AeQOgtp--aaMuCjn)8.jpg;https://ei.phncdn.com/videos/201702/07/105266292/original/(m=eaf8GgaaaWavb)(mh=AeQOgtp--aaMuCjn)9.jpg;https://ei.phncdn.com/videos/201702/07/105266292/original/(m=eaf8GgaaaWavb)(mh=AeQOgtp--aaMuCjn)10.jpg;https://ei.phncdn.com/videos/201702/07/105266292/original/(m=eaf8GgaaaWavb)(mh=AeQOgtp--aaMuCjn)11.jpg;https://ei.phncdn.com/videos/201702/07/105266292/original/(m=eaf8GgaaaWavb)(mh=AeQOgtp--aaMuCjn)12.jpg;https://ei.phncdn.com/videos/201702/07/105266292/original/(m=eaf8GgaaaWavb)(mh=AeQOgtp--aaMuCjn)13.jpg;https://ei.phncdn.com/videos/201702/07/105266292/original/(m=eaf8GgaaaWavb)(mh=AeQOgtp--aaMuCjn)14.jpg;https://ei.phncdn.com/videos/201702/07/105266292/original/(m=eaf8GgaaaWavb)(mh=AeQOgtp--aaMuCjn)15.jpg;https://ei.phncdn.com/videos/201702/07/105266292/original/(m=eaf8GgaaaWavb)(mh=AeQOgtp--aaMuCjn)16.jpg|Big tit Latin teen With super wet pussy|big-booty-latina;big-natural-tits;super-wet-pussy;show-girl;pussy-teasing-cock;touching;fingering;masterbating|Striptease;Red Head;Squirt;Exclusive;Verified Amateurs;Solo Female||783|19665|95|33|https://ei.phncdn.com/videos/201702/07/105266292/original/(m=eaAaGwObaaamqv)(mh=Jlu7Yq9m2dZ-Btjg)5.jpg|https://ei.phncdn.com/videos/201702/07/105266292/original/(m=eaAaGwObaaamqv)(mh=Jlu7Yq9m2dZ-Btjg)1.jpg;https://ei.phncdn.com/videos/201702/07/105266292/original/(m=eaAaGwObaaamqv)(mh=Jlu7Yq9m2dZ-Btjg)2.jpg;https://ei.phncdn.com/videos/201702/07/105266292/original/(m=eaAaGwObaaamqv)(mh=Jlu7Yq9m2dZ-Btjg)3.jpg;https://ei.phncdn.com/videos/201702/07/105266292/original/(m=eaAaGwObaaamqv)(mh=Jlu7Yq9m2dZ-Btjg)4.jpg;https://ei.phncdn.com/videos/201702/07/105266292/original/(m=eaAaGwObaaamqv)(mh=Jlu7Yq9m2dZ-Btjg)5.jpg;https://ei.phncdn.com/videos/201702/07/105266292/original/(m=eaAaGwObaaamqv)(mh=Jlu7Yq9m2dZ-Btjg)6.jpg;https://ei.phncdn.com/videos/201702/07/105266292/original/(m=eaAaGwObaaamqv)(mh=Jlu7Yq9m2dZ-Btjg)7.jpg;https://ei.phncdn.com/videos/201702/07/105266292/original/(m=eaAaGwObaaamqv)(mh=Jlu7Yq9m2dZ-Btjg)8.jpg;https://ei.phncdn.com/videos/201702/07/105266292/original/(m=eaAaGwObaaamqv)(mh=Jlu7Yq9m2dZ-Btjg)9.jpg;https://ei.phncdn.com/videos/201702/07/105266292/original/(m=eaAaGwObaaamqv)(mh=Jlu7Yq9m2dZ-Btjg)10.jpg;https://ei.phncdn.com/videos/201702/07/105266292/original/(m=eaAaGwObaaamqv)(mh=Jlu7Yq9m2dZ-Btjg)11.jpg;https://ei.phncdn.com/videos/201702/07/105266292/original/(m=eaAaGwObaaamqv)(mh=Jlu7Yq9m2dZ-Btjg)12.jpg;https://ei.phncdn.com/videos/201702/07/105266292/original/(m=eaAaGwObaaamqv)(mh=Jlu7Yq9m2dZ-Btjg)13.jpg;https://ei.phncdn.com/videos/201702/07/105266292/original/(m=eaAaGwObaaamqv)(mh=Jlu7Yq9m2dZ-Btjg)14.jpg;https://ei.phncdn.com/videos/201702/07/105266292/original/(m=eaAaGwObaaamqv)(mh=Jlu7Yq9m2dZ-Btjg)15.jpg;https://ei.phncdn.com/videos/201702/07/105266292/original/(m=eaAaGwObaaamqv)(mh=Jlu7Yq9m2dZ-Btjg)16.jpg
<iframe src="https://www.pornhub.com/embed/ph58c233a63c92e" frameborder="0" height="481" width="608" scrolling="no"></iframe>|https://ei.phncdn.com/videos/201703/10/109113082/original/(m=eaf8GgaaaWavb)(mh=HwdB1whmDvBccP0J)9.jpg|https://ei.phncdn.com/videos/201703/10/109113082/original/(m=eaf8GgaaaWavb)(mh=HwdB1whmDvBccP0J)1.jpg;https://ei.phncdn.com/videos/201703/10/109113082/original/(m=eaf8GgaaaWavb)(mh=HwdB1whmDvBccP0J)2.jpg;https://ei.phncdn.com/videos/201703/10/109113082/original/(m=eaf8GgaaaWavb)(mh=HwdB1whmDvBccP0J)3.jpg;https://ei.phncdn.com/videos/201703/10/109113082/original/(m=eaf8GgaaaWavb)(mh=HwdB1whmDvBccP0J)4.jpg;https://ei.phncdn.com/videos/201703/10/109113082/original/(m=eaf8GgaaaWavb)(mh=HwdB1whmDvBccP0J)5.jpg;https://ei.phncdn.com/videos/201703/10/109113082/original/(m=eaf8GgaaaWavb)(mh=HwdB1whmDvBccP0J)6.jpg;https://ei.phncdn.com/videos/201703/10/109113082/original/(m=eaf8GgaaaWavb)(mh=HwdB1whmDvBccP0J)7.jpg;https://ei.phncdn.com/videos/201703/10/109113082/original/(m=eaf8GgaaaWavb)(mh=HwdB1whmDvBccP0J)8.jpg;https://ei.phncdn.com/videos/201703/10/109113082/original/(m=eaf8GgaaaWavb)(mh=HwdB1whmDvBccP0J)9.jpg;https://ei.phncdn.com/videos/201703/10/109113082/original/(m=eaf8GgaaaWavb)(mh=HwdB1whmDvBccP0J)10.jpg;https://ei.phncdn.com/videos/201703/10/109113082/original/(m=eaf8GgaaaWavb)(mh=HwdB1whmDvBccP0J)11.jpg;https://ei.phncdn.com/videos/201703/10/109113082/original/(m=eaf8GgaaaWavb)(mh=HwdB1whmDvBccP0J)12.jpg;https://ei.phncdn.com/videos/201703/10/109113082/original/(m=eaf8GgaaaWavb)(mh=HwdB1whmDvBccP0J)13.jpg;https://ei.phncdn.com/videos/201703/10/109113082/original/(m=eaf8GgaaaWavb)(mh=HwdB1whmDvBccP0J)14.jpg;https://ei.phncdn.com/videos/201703/10/109113082/original/(m=eaf8GgaaaWavb)(mh=HwdB1whmDvBccP0J)15.jpg;https://ei.phncdn.com/videos/201703/10/109113082/original/(m=eaf8GgaaaWavb)(mh=HwdB1whmDvBccP0J)16.jpg|flexi kamasutra with skinny ballerina|extrememoviepass;teenager;young;teasing;flexible;ballerina;skinny;gymnast;teen;acrobatics;limber;spandex;contortion;boneless;spagat;splits|Striptease;18-25;Pussy Licking||749|6138|15|8|https://ei.phncdn.com/videos/201703/10/109113082/original/(m=eaAaGwObaaamqv)(mh=FXzKZBX1qmuNkJ0Q)9.jpg|https://ei.phncdn.com/videos/201703/10/109113082/original/(m=eaAaGwObaaamqv)(mh=FXzKZBX1qmuNkJ0Q)1.jpg;https://ei.phncdn.com/videos/201703/10/109113082/original/(m=eaAaGwObaaamqv)(mh=FXzKZBX1qmuNkJ0Q)2.jpg;https://ei.phncdn.com/videos/201703/10/109113082/original/(m=eaAaGwObaaamqv)(mh=FXzKZBX1qmuNkJ0Q)3.jpg;https://ei.phncdn.com/videos/201703/10/109113082/original/(m=eaAaGwObaaamqv)(mh=FXzKZBX1qmuNkJ0Q)4.jpg;https://ei.phncdn.com/videos/201703/10/109113082/original/(m=eaAaGwObaaamqv)(mh=FXzKZBX1qmuNkJ0Q)5.jpg;https://ei.phncdn.com/videos/201703/10/109113082/original/(m=eaAaGwObaaamqv)(mh=FXzKZBX1qmuNkJ0Q)6.jpg;https://ei.phncdn.com/videos/201703/10/109113082/original/(m=eaAaGwObaaamqv)(mh=FXzKZBX1qmuNkJ0Q)7.jpg;https://ei.phncdn.com/videos/201703/10/109113082/original/(m=eaAaGwObaaamqv)(mh=FXzKZBX1qmuNkJ0Q)8.jpg;https://ei.phncdn.com/videos/201703/10/109113082/original/(m=eaAaGwObaaamqv)(mh=FXzKZBX1qmuNkJ0Q)9.jpg;https://ei.phncdn.com/videos/201703/10/109113082/original/(m=eaAaGwObaaamqv)(mh=FXzKZBX1qmuNkJ0Q)10.jpg;https://ei.phncdn.com/videos/201703/10/109113082/original/(m=eaAaGwObaaamqv)(mh=FXzKZBX1qmuNkJ0Q)11.jpg;https://ei.phncdn.com/videos/201703/10/109113082/original/(m=eaAaGwObaaamqv)(mh=FXzKZBX1qmuNkJ0Q)12.jpg;https://ei.phncdn.com/videos/201703/10/109113082/original/(m=eaAaGwObaaamqv)(mh=FXzKZBX1qmuNkJ0Q)13.jpg;https://ei.phncdn.com/videos/201703/10/109113082/original/(m=eaAaGwObaaamqv)(mh=FXzKZBX1qmuNkJ0Q)14.jpg;https://ei.phncdn.com/videos/201703/10/109113082/original/(m=eaAaGwObaaamqv)(mh=FXzKZBX1qmuNkJ0Q)15.jpg;https://ei.phncdn.com/videos/201703/10/109113082/original/(m=eaAaGwObaaamqv)(mh=FXzKZBX1qmuNkJ0Q)16.jpg
<iframe src="https://www.pornhub.com/embed/ph58e39808b5278" frameborder="0" height="481" width="608" scrolling="no"></iframe>|https://ei.phncdn.com/videos/201704/04/112054622/original/(m=eaf8GgaaaWavb)(mh=J6DbjU6V5czvj0-Z)10.jpg|https://ei.phncdn.com/videos/201704/04/112054622/original/(m=eaf8GgaaaWavb)(mh=J6DbjU6V5czvj0-Z)1.jpg;https://ei.phncdn.com/videos/201704/04/112054622/original/(m=eaf8GgaaaWavb)(mh=J6DbjU6V5czvj0-Z)2.jpg;https://ei.phncdn.com/videos/201704/04/112054622/original/(m=eaf8GgaaaWavb)(mh=J6DbjU6V5czvj0-Z)3.jpg;https://ei.phncdn.com/videos/201704/04/112054622/original/(m=eaf8GgaaaWavb)(mh=J6DbjU6V5czvj0-Z)4.jpg;https://ei.phncdn.com/videos/201704/04/112054622/original/(m=eaf8GgaaaWavb)(mh=J6DbjU6V5czvj0-Z)5.jpg;https://ei.phncdn.com/videos/201704/04/112054622/original/(m=eaf8GgaaaWavb)(mh=J6DbjU6V5czvj0-Z)6.jpg;https://ei.phncdn.com/videos/201704/04/112054622/original/(m=eaf8GgaaaWavb)(mh=J6DbjU6V5czvj0-Z)7.jpg;https://ei.phncdn.com/videos/201704/04/112054622/original/(m=eaf8GgaaaWavb)(mh=J6DbjU6V5czvj0-Z)8.jpg;https://ei.phncdn.com/videos/201704/04/112054622/original/(m=eaf8GgaaaWavb)(mh=J6DbjU6V5czvj0-Z)9.jpg;https://ei.phncdn.com/videos/201704/04/112054622/original/(m=eaf8GgaaaWavb)(mh=J6DbjU6V5czvj0-Z)10.jpg;https://ei.phncdn.com/videos/201704/04/112054622/original/(m=eaf8GgaaaWavb)(mh=J6DbjU6V5czvj0-Z)11.jpg;https://ei.phncdn.com/videos/201704/04/112054622/original/(m=eaf8GgaaaWavb)(mh=J6DbjU6V5czvj0-Z)12.jpg;https://ei.phncdn.com/videos/201704/04/112054622/original/(m=eaf8GgaaaWavb)(mh=J6DbjU6V5czvj0-Z)13.jpg;https://ei.phncdn.com/videos/201704/04/112054622/original/(m=eaf8GgaaaWavb)(mh=J6DbjU6V5czvj0-Z)14.jpg;https://ei.phncdn.com/videos/201704/04/112054622/original/(m=eaf8GgaaaWavb)(mh=J6DbjU6V5czvj0-Z)15.jpg;https://ei.phncdn.com/videos/201704/04/112054622/original/(m=eaf8GgaaaWavb)(mh=J6DbjU6V5czvj0-Z)16.jpg|After her striptease show she will tease you with her sexy body|facesittingbutts;eye-contact;striptease;teasing;blonde;face;long-hair;shaved-pussy;eyes;lipstick;teenager;young|Striptease;18-25;POV;Russian||915|617|5|0|https://ei.phncdn.com/videos/201704/04/112054622/original/(m=eaAaGwObaaamqv)(mh=ifw33TfW_ItyuGZY)10.jpg|https://ei.phncdn.com/videos/201704/04/112054622/original/(m=eaAaGwObaaamqv)(mh=ifw33TfW_ItyuGZY)1.jpg;https://ei.phncdn.com/videos/201704/04/112054622/original/(m=eaAaGwObaaamqv)(mh=ifw33TfW_ItyuGZY)2.jpg;https://ei.phncdn.com/videos/201704/04/112054622/original/(m=eaAaGwObaaamqv)(mh=ifw33TfW_ItyuGZY)3.jpg;https://ei.phncdn.com/videos/201704/04/112054622/original/(m=eaAaGwObaaamqv)(mh=ifw33TfW_ItyuGZY)4.jpg;https://ei.phncdn.com/videos/201704/04/112054622/original/(m=eaAaGwObaaamqv)(mh=ifw33TfW_ItyuGZY)5.jpg;https://ei.phncdn.com/videos/201704/04/112054622/original/(m=eaAaGwObaaamqv)(mh=ifw33TfW_ItyuGZY)6.jpg;https://ei.phncdn.com/videos/201704/04/112054622/original/(m=eaAaGwObaaamqv)(mh=ifw33TfW_ItyuGZY)7.jpg;https://ei.phncdn.com/videos/201704/04/112054622/original/(m=eaAaGwObaaamqv)(mh=ifw33TfW_ItyuGZY)8.jpg;https://ei.phncdn.com/videos/201704/04/112054622/original/(m=eaAaGwObaaamqv)(mh=ifw33TfW_ItyuGZY)9.jpg;https://ei.phncdn.com/videos/201704/04/112054622/original/(m=eaAaGwObaaamqv)(mh=ifw33TfW_ItyuGZY)10.jpg;https://ei.phncdn.com/videos/201704/04/112054622/original/(m=eaAaGwObaaamqv)(mh=ifw33TfW_ItyuGZY)11.jpg;https://ei.phncdn.com/videos/201704/04/112054622/original/(m=eaAaGwObaaamqv)(mh=ifw33TfW_ItyuGZY)12.jpg;https://ei.phncdn.com/videos/201704/04/112054622/original/(m=eaAaGwObaaamqv)(mh=ifw33TfW_ItyuGZY)13.jpg;https://ei.phncdn.com/videos/201704/04/112054622/original/(m=eaAaGwObaaamqv)(mh=ifw33TfW_ItyuGZY)14.jpg;https://ei.phncdn.com/videos/201704/04/112054622/original/(m=eaAaGwObaaamqv)(mh=ifw33TfW_ItyuGZY)15.jpg;https://ei.phncdn.com/videos/201704/04/112054622/original/(m=eaAaGwObaaamqv)(mh=ifw33TfW_ItyuGZY)16.jpg
<iframe src="https://www.pornhub.com/embed/ph58f65405a5001" frameborder="0" height="481" width="608" scrolling="no"></iframe>|https://ei.phncdn.com/videos/201704/18/113672581/original/(m=eaf8GgaaaWavb)(mh=PD8gPWjRgg5DGE2l)8.jpg|https://ei.phncdn.com/videos/201704/18/113672581/original/(m=eaf8GgaaaWavb)(mh=PD8gPWjRgg5DGE2l)1.jpg;https://ei.phncdn.com/videos/201704/18/113672581/original/(m=eaf8GgaaaWavb)(mh=PD8gPWjRgg5DGE2l)2.jpg;https://ei.phncdn.com/videos/201704/18/113672581/original/(m=eaf8GgaaaWavb)(mh=PD8gPWjRgg5DGE2l)3.jpg;https://ei.phncdn.com/videos/201704/18/113672581/original/(m=eaf8GgaaaWavb)(mh=PD8gPWjRgg5DGE2l)4.jpg;https://ei.phncdn.com/videos/201704/18/113672581/original/(m=eaf8GgaaaWavb)(mh=PD8gPWjRgg5DGE2l)5.jpg;https://ei.phncdn.com/videos/201704/18/113672581/original/(m=eaf8GgaaaWavb)(mh=PD8gPWjRgg5DGE2l)6.jpg;https://ei.phncdn.com/videos/201704/18/113672581/original/(m=eaf8GgaaaWavb)(mh=PD8gPWjRgg5DGE2l)7.jpg;https://ei.phncdn.com/videos/201704/18/113672581/original/(m=eaf8GgaaaWavb)(mh=PD8gPWjRgg5DGE2l)8.jpg;https://ei.phncdn.com/videos/201704/18/113672581/original/(m=eaf8GgaaaWavb)(mh=PD8gPWjRgg5DGE2l)9.jpg;https://ei.phncdn.com/videos/201704/18/113672581/original/(m=eaf8GgaaaWavb)(mh=PD8gPWjRgg5DGE2l)10.jpg;https://ei.phncdn.com/videos/201704/18/113672581/original/(m=eaf8GgaaaWavb)(mh=PD8gPWjRgg5DGE2l)11.jpg;https://ei.phncdn.com/videos/201704/18/113672581/original/(m=eaf8GgaaaWavb)(mh=PD8gPWjRgg5DGE2l)12.jpg;https://ei.phncdn.com/videos/201704/18/113672581/original/(m=eaf8GgaaaWavb)(mh=PD8gPWjRgg5DGE2l)13.jpg;https://ei.phncdn.com/videos/201704/18/113672581/original/(m=eaf8GgaaaWavb)(mh=PD8gPWjRgg5DGE2l)14.jpg;https://ei.phncdn.com/videos/201704/18/113672581/original/(m=eaf8GgaaaWavb)(mh=PD8gPWjRgg5DGE2l)15.jpg;https://ei.phncdn.com/videos/201704/18/113672581/original/(m=eaf8GgaaaWavb)(mh=PD8gPWjRgg5DGE2l)16.jpg|2B [MMD]|2b;animation;mmd;dance;striptease;hentai;uncensored;nice-tits;cartoon;game;3d;music;classic|Striptease;Cartoon;Music||113|15977|120|17|https://ei.phncdn.com/videos/201704/18/113672581/original/(m=eaAaGwObaaamqv)(mh=ioLjCh7C23A1RLQL)8.jpg|https://ei.phncdn.com/videos/201704/18/113672581/original/(m=eaAaGwObaaamqv)(mh=ioLjCh7C23A1RLQL)1.jpg;https://ei.phncdn.com/videos/201704/18/113672581/original/(m=eaAaGwObaaamqv)(mh=ioLjCh7C23A1RLQL)2.jpg;https://ei.phncdn.com/videos/201704/18/113672581/original/(m=eaAaGwObaaamqv)(mh=ioLjCh7C23A1RLQL)3.jpg;https://ei.phncdn.com/videos/201704/18/113672581/original/(m=eaAaGwObaaamqv)(mh=ioLjCh7C23A1RLQL)4.jpg;https://ei.phncdn.com/videos/201704/18/113672581/original/(m=eaAaGwObaaamqv)(mh=ioLjCh7C23A1RLQL)5.jpg;https://ei.phncdn.com/videos/201704/18/113672581/original/(m=eaAaGwObaaamqv)(mh=ioLjCh7C23A1RLQL)6.jpg;https://ei.phncdn.com/videos/201704/18/113672581/original/(m=eaAaGwObaaamqv)(mh=ioLjCh7C23A1RLQL)7.jpg;https://ei.phncdn.com/videos/201704/18/113672581/original/(m=eaAaGwObaaamqv)(mh=ioLjCh7C23A1RLQL)8.jpg;https://ei.phncdn.com/videos/201704/18/113672581/original/(m=eaAaGwObaaamqv)(mh=ioLjCh7C23A1RLQL)9.jpg;https://ei.phncdn.com/videos/201704/18/113672581/original/(m=eaAaGwObaaamqv)(mh=ioLjCh7C23A1RLQL)10.jpg;https://ei.phncdn.com/videos/201704/18/113672581/original/(m=eaAaGwObaaamqv)(mh=ioLjCh7C23A1RLQL)11.jpg;https://ei.phncdn.com/videos/201704/18/113672581/original/(m=eaAaGwObaaamqv)(mh=ioLjCh7C23A1RLQL)12.jpg;https://ei.phncdn.com/videos/201704/18/113672581/original/(m=eaAaGwObaaamqv)(mh=ioLjCh7C23A1RLQL)13.jpg;https://ei.phncdn.com/videos/201704/18/113672581/original/(m=eaAaGwObaaamqv)(mh=ioLjCh7C23A1RLQL)14.jpg;https://ei.phncdn.com/videos/201704/18/113672581/original/(m=eaAaGwObaaamqv)(mh=ioLjCh7C23A1RLQL)15.jpg;https://ei.phncdn.com/videos/201704/18/113672581/original/(m=eaAaGwObaaamqv)(mh=ioLjCh7C23A1RLQL)16.jpg
<iframe src="https://www.pornhub.com/embed/ph5902e7246c5cf" frameborder="0" height="481" width="608" scrolling="no"></iframe>|https://ei.phncdn.com/videos/201704/28/114713761/original/(m=eaf8GgaaaWavb)(mh=At0YS8PJVAzQm-cn)3.jpg|https://ei.phncdn.com/videos/201704/28/114713761/original/(m=eaf8GgaaaWavb)(mh=At0YS8PJVAzQm-cn)1.jpg;https://ei.phncdn.com/videos/201704/28/114713761/original/(m=eaf8GgaaaWavb)(mh=At0YS8PJVAzQm-cn)2.jpg;https://ei.phncdn.com/videos/201704/28/114713761/original/(m=eaf8GgaaaWavb)(mh=At0YS8PJVAzQm-cn)3.jpg;https://ei.phncdn.com/videos/201704/28/114713761/original/(m=eaf8GgaaaWavb)(mh=At0YS8PJVAzQm-cn)4.jpg;https://ei.phncdn.com/videos/201704/28/114713761/original/(m=eaf8GgaaaWavb)(mh=At0YS8PJVAzQm-cn)5.jpg;https://ei.phncdn.com/videos/201704/28/114713761/original/(m=eaf8GgaaaWavb)(mh=At0YS8PJVAzQm-cn)6.jpg;https://ei.phncdn.com/videos/201704/28/114713761/original/(m=eaf8GgaaaWavb)(mh=At0YS8PJVAzQm-cn)7.jpg;https://ei.phncdn.com/videos/201704/28/114713761/original/(m=eaf8GgaaaWavb)(mh=At0YS8PJVAzQm-cn)8.jpg;https://ei.phncdn.com/videos/201704/28/114713761/original/(m=eaf8GgaaaWavb)(mh=At0YS8PJVAzQm-cn)9.jpg;https://ei.phncdn.com/videos/201704/28/114713761/original/(m=eaf8GgaaaWavb)(mh=At0YS8PJVAzQm-cn)10.jpg;https://ei.phncdn.com/videos/201704/28/114713761/original/(m=eaf8GgaaaWavb)(mh=At0YS8PJVAzQm-cn)11.jpg;https://ei.phncdn.com/videos/201704/28/114713761/original/(m=eaf8GgaaaWavb)(mh=At0YS8PJVAzQm-cn)12.jpg;https://ei.phncdn.com/videos/201704/28/114713761/original/(m=eaf8GgaaaWavb)(mh=At0YS8PJVAzQm-cn)13.jpg;https://ei.phncdn.com/videos/201704/28/114713761/original/(m=eaf8GgaaaWavb)(mh=At0YS8PJVAzQm-cn)14.jpg;https://ei.phncdn.com/videos/201704/28/114713761/original/(m=eaf8GgaaaWavb)(mh=At0YS8PJVAzQm-cn)15.jpg;https://ei.phncdn.com/videos/201704/28/114713761/original/(m=eaf8GgaaaWavb)(mh=At0YS8PJVAzQm-cn)16.jpg|Amirah mesmerize you with her beauty and charm|teasingangels;kink;teasing;point-of-view;face;eye;glamur;softcore;wink;topless;striptease;small-tits;small-boobs;brunette;solo-girl|Striptease;18-25;POV;Small Tits||428|23492|129|50|https://ei.phncdn.com/videos/201704/28/114713761/original/(m=eaAaGwObaaamqv)(mh=-TKjmy7EtUaYA6nQ)3.jpg|https://ei.phncdn.com/videos/201704/28/114713761/original/(m=eaAaGwObaaamqv)(mh=-TKjmy7EtUaYA6nQ)1.jpg;https://ei.phncdn.com/videos/201704/28/114713761/original/(m=eaAaGwObaaamqv)(mh=-TKjmy7EtUaYA6nQ)2.jpg;https://ei.phncdn.com/videos/201704/28/114713761/original/(m=eaAaGwObaaamqv)(mh=-TKjmy7EtUaYA6nQ)3.jpg;https://ei.phncdn.com/videos/201704/28/114713761/original/(m=eaAaGwObaaamqv)(mh=-TKjmy7EtUaYA6nQ)4.jpg;https://ei.phncdn.com/videos/201704/28/114713761/original/(m=eaAaGwObaaamqv)(mh=-TKjmy7EtUaYA6nQ)5.jpg;https://ei.phncdn.com/videos/201704/28/114713761/original/(m=eaAaGwObaaamqv)(mh=-TKjmy7EtUaYA6nQ)6.jpg;https://ei.phncdn.com/videos/201704/28/114713761/original/(m=eaAaGwObaaamqv)(mh=-TKjmy7EtUaYA6nQ)7.jpg;https://ei.phncdn.com/videos/201704/28/114713761/original/(m=eaAaGwObaaamqv)(mh=-TKjmy7EtUaYA6nQ)8.jpg;https://ei.phncdn.com/videos/201704/28/114713761/original/(m=eaAaGwObaaamqv)(mh=-TKjmy7EtUaYA6nQ)9.jpg;https://ei.phncdn.com/videos/201704/28/114713761/original/(m=eaAaGwObaaamqv)(mh=-TKjmy7EtUaYA6nQ)10.jpg;https://ei.phncdn.com/videos/201704/28/114713761/original/(m=eaAaGwObaaamqv)(mh=-TKjmy7EtUaYA6nQ)11.jpg;https://ei.phncdn.com/videos/201704/28/114713761/original/(m=eaAaGwObaaamqv)(mh=-TKjmy7EtUaYA6nQ)12.jpg;https://ei.phncdn.com/videos/201704/28/114713761/original/(m=eaAaGwObaaamqv)(mh=-TKjmy7EtUaYA6nQ)13.jpg;https://ei.phncdn.com/videos/201704/28/114713761/original/(m=eaAaGwObaaamqv)(mh=-TKjmy7EtUaYA6nQ)14.jpg;https://ei.phncdn.com/videos/201704/28/114713761/original/(m=eaAaGwObaaamqv)(mh=-TKjmy7EtUaYA6nQ)15.jpg;https://ei.phncdn.com/videos/201704/28/114713761/original/(m=eaAaGwObaaamqv)(mh=-TKjmy7EtUaYA6nQ)16.jpg
<iframe src="https://www.pornhub.com/embed/ph591da52756d59" frameborder="0" height="481" width="608" scrolling="no"></iframe>|https://ei.phncdn.com/videos/201705/18/116919321/original/(m=eaf8GgaaaWavb)(mh=PKJYpT2phuXovTXj)8.jpg|https://ei.phncdn.com/videos/201705/18/116919321/original/(m=eaf8GgaaaWavb)(mh=PKJYpT2phuXovTXj)1.jpg;https://ei.phncdn.com/videos/201705/18/116919321/original/(m=eaf8GgaaaWavb)(mh=PKJYpT2phuXovTXj)2.jpg;https://ei.phncdn.com/videos/201705/18/116919321/original/(m=eaf8GgaaaWavb)(mh=PKJYpT2phuXovTXj)3.jpg;https://ei.phncdn.com/videos/201705/18/116919321/original/(m=eaf8GgaaaWavb)(mh=PKJYpT2phuXovTXj)4.jpg;https://ei.phncdn.com/videos/201705/18/116919321/original/(m=eaf8GgaaaWavb)(mh=PKJYpT2phuXovTXj)5.jpg;https://ei.phncdn.com/videos/201705/18/116919321/original/(m=eaf8GgaaaWavb)(mh=PKJYpT2phuXovTXj)6.jpg;https://ei.phncdn.com/videos/201705/18/116919321/original/(m=eaf8GgaaaWavb)(mh=PKJYpT2phuXovTXj)7.jpg;https://ei.phncdn.com/videos/201705/18/116919321/original/(m=eaf8GgaaaWavb)(mh=PKJYpT2phuXovTXj)8.jpg;https://ei.phncdn.com/videos/201705/18/116919321/original/(m=eaf8GgaaaWavb)(mh=PKJYpT2phuXovTXj)9.jpg;https://ei.phncdn.com/videos/201705/18/116919321/original/(m=eaf8GgaaaWavb)(mh=PKJYpT2phuXovTXj)10.jpg;https://ei.phncdn.com/videos/201705/18/116919321/original/(m=eaf8GgaaaWavb)(mh=PKJYpT2phuXovTXj)11.jpg;https://ei.phncdn.com/videos/201705/18/116919321/original/(m=eaf8GgaaaWavb)(mh=PKJYpT2phuXovTXj)12.jpg;https://ei.phncdn.com/videos/201705/18/116919321/original/(m=eaf8GgaaaWavb)(mh=PKJYpT2phuXovTXj)13.jpg;https://ei.phncdn.com/videos/201705/18/116919321/original/(m=eaf8GgaaaWavb)(mh=PKJYpT2phuXovTXj)14.jpg;https://ei.phncdn.com/videos/201705/18/116919321/original/(m=eaf8GgaaaWavb)(mh=PKJYpT2phuXovTXj)15.jpg;https://ei.phncdn.com/videos/201705/18/116919321/original/(m=eaf8GgaaaWavb)(mh=PKJYpT2phuXovTXj)16.jpg|Liliya strips naked and oils her body in kitchen|wearehairy;redhead;petite;teasing;lingerie;redheads;slim;small-breasts;striptease|Striptease;18-25;Red Head;Small Tits||436|23304|90|10|https://ei.phncdn.com/videos/201705/18/116919321/original/(m=eaAaGwObaaamqv)(mh=5GVgIXMiWmqD6N8M)8.jpg|https://ei.phncdn.com/videos/201705/18/116919321/original/(m=eaAaGwObaaamqv)(mh=5GVgIXMiWmqD6N8M)1.jpg;https://ei.phncdn.com/videos/201705/18/116919321/original/(m=eaAaGwObaaamqv)(mh=5GVgIXMiWmqD6N8M)2.jpg;https://ei.phncdn.com/videos/201705/18/116919321/original/(m=eaAaGwObaaamqv)(mh=5GVgIXMiWmqD6N8M)3.jpg;https://ei.phncdn.com/videos/201705/18/116919321/original/(m=eaAaGwObaaamqv)(mh=5GVgIXMiWmqD6N8M)4.jpg;https://ei.phncdn.com/videos/201705/18/116919321/original/(m=eaAaGwObaaamqv)(mh=5GVgIXMiWmqD6N8M)5.jpg;https://ei.phncdn.com/videos/201705/18/116919321/original/(m=eaAaGwObaaamqv)(mh=5GVgIXMiWmqD6N8M)6.jpg;https://ei.phncdn.com/videos/201705/18/116919321/original/(m=eaAaGwObaaamqv)(mh=5GVgIXMiWmqD6N8M)7.jpg;https://ei.phncdn.com/videos/201705/18/116919321/original/(m=eaAaGwObaaamqv)(mh=5GVgIXMiWmqD6N8M)8.jpg;https://ei.phncdn.com/videos/201705/18/116919321/original/(m=eaAaGwObaaamqv)(mh=5GVgIXMiWmqD6N8M)9.jpg;https://ei.phncdn.com/videos/201705/18/116919321/original/(m=eaAaGwObaaamqv)(mh=5GVgIXMiWmqD6N8M)10.jpg;https://ei.phncdn.com/videos/201705/18/116919321/original/(m=eaAaGwObaaamqv)(mh=5GVgIXMiWmqD6N8M)11.jpg;https://ei.phncdn.com/videos/201705/18/116919321/original/(m=eaAaGwObaaamqv)(mh=5GVgIXMiWmqD6N8M)12.jpg;https://ei.phncdn.com/videos/201705/18/116919321/original/(m=eaAaGwObaaamqv)(mh=5GVgIXMiWmqD6N8M)13.jpg;https://ei.phncdn.com/videos/201705/18/116919321/original/(m=eaAaGwObaaamqv)(mh=5GVgIXMiWmqD6N8M)14.jpg;https://ei.phncdn.com/videos/201705/18/116919321/original/(m=eaAaGwObaaamqv)(mh=5GVgIXMiWmqD6N8M)15.jpg;https://ei.phncdn.com/videos/201705/18/116919321/original/(m=eaAaGwObaaamqv)(mh=5GVgIXMiWmqD6N8M)16.jpg
<iframe src="https://www.pornhub.com/embed/ph59265db9085f3" frameborder="0" height="481" width="608" scrolling="no"></iframe>|https://ei.phncdn.com/videos/201705/25/117753351/original/(m=eaf8GgaaaWavb)(mh=eBHDgFYtr6Vs_afp)12.jpg|https://ei.phncdn.com/videos/201705/25/117753351/original/(m=eaf8GgaaaWavb)(mh=eBHDgFYtr6Vs_afp)1.jpg;https://ei.phncdn.com/videos/201705/25/117753351/original/(m=eaf8GgaaaWavb)(mh=eBHDgFYtr6Vs_afp)2.jpg;https://ei.phncdn.com/videos/201705/25/117753351/original/(m=eaf8GgaaaWavb)(mh=eBHDgFYtr6Vs_afp)3.jpg;https://ei.phncdn.com/videos/201705/25/117753351/original/(m=eaf8GgaaaWavb)(mh=eBHDgFYtr6Vs_afp)4.jpg;https://ei.phncdn.com/videos/201705/25/117753351/original/(m=eaf8GgaaaWavb)(mh=eBHDgFYtr6Vs_afp)5.jpg;https://ei.phncdn.com/videos/201705/25/117753351/original/(m=eaf8GgaaaWavb)(mh=eBHDgFYtr6Vs_afp)6.jpg;https://ei.phncdn.com/videos/201705/25/117753351/original/(m=eaf8GgaaaWavb)(mh=eBHDgFYtr6Vs_afp)7.jpg;https://ei.phncdn.com/videos/201705/25/117753351/original/(m=eaf8GgaaaWavb)(mh=eBHDgFYtr6Vs_afp)8.jpg;https://ei.phncdn.com/videos/201705/25/117753351/original/(m=eaf8GgaaaWavb)(mh=eBHDgFYtr6Vs_afp)9.jpg;https://ei.phncdn.com/videos/201705/25/117753351/original/(m=eaf8GgaaaWavb)(mh=eBHDgFYtr6Vs_afp)10.jpg;https://ei.phncdn.com/videos/201705/25/117753351/original/(m=eaf8GgaaaWavb)(mh=eBHDgFYtr6Vs_afp)11.jpg;https://ei.phncdn.com/videos/201705/25/117753351/original/(m=eaf8GgaaaWavb)(mh=eBHDgFYtr6Vs_afp)12.jpg;https://ei.phncdn.com/videos/201705/25/117753351/original/(m=eaf8GgaaaWavb)(mh=eBHDgFYtr6Vs_afp)13.jpg;https://ei.phncdn.com/videos/201705/25/117753351/original/(m=eaf8GgaaaWavb)(mh=eBHDgFYtr6Vs_afp)14.jpg;https://ei.phncdn.com/videos/201705/25/117753351/original/(m=eaf8GgaaaWavb)(mh=eBHDgFYtr6Vs_afp)15.jpg;https://ei.phncdn.com/videos/201705/25/117753351/original/(m=eaf8GgaaaWavb)(mh=eBHDgFYtr6Vs_afp)16.jpg|little peek from above|teasing;teenager|Striptease;18-25;Verified Amateurs;Behind The Scenes;Solo Female||8|247|1|0|https://ei.phncdn.com/videos/201705/25/117753351/original/(m=eaAaGwObaaamqv)(mh=W3KjOMz_9BCSCtoE)12.jpg|https://ei.phncdn.com/videos/201705/25/117753351/original/(m=eaAaGwObaaamqv)(mh=W3KjOMz_9BCSCtoE)1.jpg;https://ei.phncdn.com/videos/201705/25/117753351/original/(m=eaAaGwObaaamqv)(mh=W3KjOMz_9BCSCtoE)2.jpg;https://ei.phncdn.com/videos/201705/25/117753351/original/(m=eaAaGwObaaamqv)(mh=W3KjOMz_9BCSCtoE)3.jpg;https://ei.phncdn.com/videos/201705/25/117753351/original/(m=eaAaGwObaaamqv)(mh=W3KjOMz_9BCSCtoE)4.jpg;https://ei.phncdn.com/videos/201705/25/117753351/original/(m=eaAaGwObaaamqv)(mh=W3KjOMz_9BCSCtoE)5.jpg;https://ei.phncdn.com/videos/201705/25/117753351/original/(m=eaAaGwObaaamqv)(mh=W3KjOMz_9BCSCtoE)6.jpg;https://ei.phncdn.com/videos/201705/25/117753351/original/(m=eaAaGwObaaamqv)(mh=W3KjOMz_9BCSCtoE)7.jpg;https://ei.phncdn.com/videos/201705/25/117753351/original/(m=eaAaGwObaaamqv)(mh=W3KjOMz_9BCSCtoE)8.jpg;https://ei.phncdn.com/videos/201705/25/117753351/original/(m=eaAaGwObaaamqv)(mh=W3KjOMz_9BCSCtoE)9.jpg;https://ei.phncdn.com/videos/201705/25/117753351/original/(m=eaAaGwObaaamqv)(mh=W3KjOMz_9BCSCtoE)10.jpg;https://ei.phncdn.com/videos/201705/25/117753351/original/(m=eaAaGwObaaamqv)(mh=W3KjOMz_9BCSCtoE)11.jpg;https://ei.phncdn.com/videos/201705/25/117753351/original/(m=eaAaGwObaaamqv)(mh=W3KjOMz_9BCSCtoE)12.jpg;https://ei.phncdn.com/videos/201705/25/117753351/original/(m=eaAaGwObaaamqv)(mh=W3KjOMz_9BCSCtoE)13.jpg;https://ei.phncdn.com/videos/201705/25/117753351/original/(m=eaAaGwObaaamqv)(mh=W3KjOMz_9BCSCtoE)14.jpg;https://ei.phncdn.com/videos/201705/25/117753351/original/(m=eaAaGwObaaamqv)(mh=W3KjOMz_9BCSCtoE)15.jpg;https://ei.phncdn.com/videos/201705/25/117753351/original/(m=eaAaGwObaaamqv)(mh=W3KjOMz_9BCSCtoE)16.jpg
<iframe src="https://www.pornhub.com/embed/ph59265ed858d0c" frameborder="0" height="481" width="608" scrolling="no"></iframe>|https://ei.phncdn.com/videos/201705/25/117753831/original/(m=eaf8GgaaaWavb)(mh=DzjO6PdL7yg0gCG4)12.jpg|https://ei.phncdn.com/videos/201705/25/117753831/original/(m=eaf8GgaaaWavb)(mh=DzjO6PdL7yg0gCG4)1.jpg;https://ei.phncdn.com/videos/201705/25/117753831/original/(m=eaf8GgaaaWavb)(mh=DzjO6PdL7yg0gCG4)2.jpg;https://ei.phncdn.com/videos/201705/25/117753831/original/(m=eaf8GgaaaWavb)(mh=DzjO6PdL7yg0gCG4)3.jpg;https://ei.phncdn.com/videos/201705/25/117753831/original/(m=eaf8GgaaaWavb)(mh=DzjO6PdL7yg0gCG4)4.jpg;https://ei.phncdn.com/videos/201705/25/117753831/original/(m=eaf8GgaaaWavb)(mh=DzjO6PdL7yg0gCG4)5.jpg;https://ei.phncdn.com/videos/201705/25/117753831/original/(m=eaf8GgaaaWavb)(mh=DzjO6PdL7yg0gCG4)6.jpg;https://ei.phncdn.com/videos/201705/25/117753831/original/(m=eaf8GgaaaWavb)(mh=DzjO6PdL7yg0gCG4)7.jpg;https://ei.phncdn.com/videos/201705/25/117753831/original/(m=eaf8GgaaaWavb)(mh=DzjO6PdL7yg0gCG4)8.jpg;https://ei.phncdn.com/videos/201705/25/117753831/original/(m=eaf8GgaaaWavb)(mh=DzjO6PdL7yg0gCG4)9.jpg;https://ei.phncdn.com/videos/201705/25/117753831/original/(m=eaf8GgaaaWavb)(mh=DzjO6PdL7yg0gCG4)10.jpg;https://ei.phncdn.com/videos/201705/25/117753831/original/(m=eaf8GgaaaWavb)(mh=DzjO6PdL7yg0gCG4)11.jpg;https://ei.phncdn.com/videos/201705/25/117753831/original/(m=eaf8GgaaaWavb)(mh=DzjO6PdL7yg0gCG4)12.jpg;https://ei.phncdn.com/videos/201705/25/117753831/original/(m=eaf8GgaaaWavb)(mh=DzjO6PdL7yg0gCG4)13.jpg;https://ei.phncdn.com/videos/201705/25/117753831/original/(m=eaf8GgaaaWavb)(mh=DzjO6PdL7yg0gCG4)14.jpg;https://ei.phncdn.com/videos/201705/25/117753831/original/(m=eaf8GgaaaWavb)(mh=DzjO6PdL7yg0gCG4)15.jpg;https://ei.phncdn.com/videos/201705/25/117753831/original/(m=eaf8GgaaaWavb)(mh=DzjO6PdL7yg0gCG4)16.jpg|peek a boo|teenager teasing;point-of-view|Striptease;18-25;POV;Verified Amateurs;Solo Female||8|367|0|3|https://ei.phncdn.com/videos/201705/25/117753831/original/(m=eaAaGwObaaamqv)(mh=kE9Lf3VIRvjQkRPr)12.jpg|https://ei.phncdn.com/videos/201705/25/117753831/original/(m=eaAaGwObaaamqv)(mh=kE9Lf3VIRvjQkRPr)1.jpg;https://ei.phncdn.com/videos/201705/25/117753831/original/(m=eaAaGwObaaamqv)(mh=kE9Lf3VIRvjQkRPr)2.jpg;https://ei.phncdn.com/videos/201705/25/117753831/original/(m=eaAaGwObaaamqv)(mh=kE9Lf3VIRvjQkRPr)3.jpg;https://ei.phncdn.com/videos/201705/25/117753831/original/(m=eaAaGwObaaamqv)(mh=kE9Lf3VIRvjQkRPr)4.jpg;https://ei.phncdn.com/videos/201705/25/117753831/original/(m=eaAaGwObaaamqv)(mh=kE9Lf3VIRvjQkRPr)5.jpg;https://ei.phncdn.com/videos/201705/25/117753831/original/(m=eaAaGwObaaamqv)(mh=kE9Lf3VIRvjQkRPr)6.jpg;https://ei.phncdn.com/videos/201705/25/117753831/original/(m=eaAaGwObaaamqv)(mh=kE9Lf3VIRvjQkRPr)7.jpg;https://ei.phncdn.com/videos/201705/25/117753831/original/(m=eaAaGwObaaamqv)(mh=kE9Lf3VIRvjQkRPr)8.jpg;https://ei.phncdn.com/videos/201705/25/117753831/original/(m=eaAaGwObaaamqv)(mh=kE9Lf3VIRvjQkRPr)9.jpg;https://ei.phncdn.com/videos/201705/25/117753831/original/(m=eaAaGwObaaamqv)(mh=kE9Lf3VIRvjQkRPr)10.jpg;https://ei.phncdn.com/videos/201705/25/117753831/original/(m=eaAaGwObaaamqv)(mh=kE9Lf3VIRvjQkRPr)11.jpg;https://ei.phncdn.com/videos/201705/25/117753831/original/(m=eaAaGwObaaamqv)(mh=kE9Lf3VIRvjQkRPr)12.jpg;https://ei.phncdn.com/videos/201705/25/117753831/original/(m=eaAaGwObaaamqv)(mh=kE9Lf3VIRvjQkRPr)13.jpg;https://ei.phncdn.com/videos/201705/25/117753831/original/(m=eaAaGwObaaamqv)(mh=kE9Lf3VIRvjQkRPr)14.jpg;https://ei.phncdn.com/videos/201705/25/117753831/original/(m=eaAaGwObaaamqv)(mh=kE9Lf3VIRvjQkRPr)15.jpg;https://ei.phncdn.com/videos/201705/25/117753831/original/(m=eaAaGwObaaamqv)(mh=kE9Lf3VIRvjQkRPr)16.jpg
<iframe src="https://www.pornhub.com/embed/ph592a833ab8e92" frameborder="0" height="481" width="608" scrolling="no"></iframe>|https://ei.phncdn.com/videos/201705/28/118161031/original/(m=eaf8GgaaaWavb)(mh=R9e7e4A9BRe12Nc-)11.jpg|https://ei.phncdn.com/videos/201705/28/118161031/original/(m=eaf8GgaaaWavb)(mh=R9e7e4A9BRe12Nc-)1.jpg;https://ei.phncdn.com/videos/201705/28/118161031/original/(m=eaf8GgaaaWavb)(mh=R9e7e4A9BRe12Nc-)2.jpg;https://ei.phncdn.com/videos/201705/28/118161031/original/(m=eaf8GgaaaWavb)(mh=R9e7e4A9BRe12Nc-)3.jpg;https://ei.phncdn.com/videos/201705/28/118161031/original/(m=eaf8GgaaaWavb)(mh=R9e7e4A9BRe12Nc-)4.jpg;https://ei.phncdn.com/videos/201705/28/118161031/original/(m=eaf8GgaaaWavb)(mh=R9e7e4A9BRe12Nc-)5.jpg;https://ei.phncdn.com/videos/201705/28/118161031/original/(m=eaf8GgaaaWavb)(mh=R9e7e4A9BRe12Nc-)6.jpg;https://ei.phncdn.com/videos/201705/28/118161031/original/(m=eaf8GgaaaWavb)(mh=R9e7e4A9BRe12Nc-)7.jpg;https://ei.phncdn.com/videos/201705/28/118161031/original/(m=eaf8GgaaaWavb)(mh=R9e7e4A9BRe12Nc-)8.jpg;https://ei.phncdn.com/videos/201705/28/118161031/original/(m=eaf8GgaaaWavb)(mh=R9e7e4A9BRe12Nc-)9.jpg;https://ei.phncdn.com/videos/201705/28/118161031/original/(m=eaf8GgaaaWavb)(mh=R9e7e4A9BRe12Nc-)10.jpg;https://ei.phncdn.com/videos/201705/28/118161031/original/(m=eaf8GgaaaWavb)(mh=R9e7e4A9BRe12Nc-)11.jpg;https://ei.phncdn.com/videos/201705/28/118161031/original/(m=eaf8GgaaaWavb)(mh=R9e7e4A9BRe12Nc-)12.jpg;https://ei.phncdn.com/videos/201705/28/118161031/original/(m=eaf8GgaaaWavb)(mh=R9e7e4A9BRe12Nc-)13.jpg;https://ei.phncdn.com/videos/201705/28/118161031/original/(m=eaf8GgaaaWavb)(mh=R9e7e4A9BRe12Nc-)14.jpg;https://ei.phncdn.com/videos/201705/28/118161031/original/(m=eaf8GgaaaWavb)(mh=R9e7e4A9BRe12Nc-)15.jpg;https://ei.phncdn.com/videos/201705/28/118161031/original/(m=eaf8GgaaaWavb)(mh=R9e7e4A9BRe12Nc-)16.jpg|Skinny Thigh Gap Tease|teenager;teasing;petite;tease;tiny;small;cute;girl;small-girl;cute-teen;bubble-butt;bald-pussy|Striptease;18-25;Small Tits;Webcam;Exclusive;Verified Amateurs;Solo Female||608|545849|2695|369|https://ei.phncdn.com/videos/201705/28/118161031/original/(m=eaAaGwObaaamqv)(mh=Q5jizD1L4rFT53CD)11.jpg|https://ei.phncdn.com/videos/201705/28/118161031/original/(m=eaAaGwObaaamqv)(mh=Q5jizD1L4rFT53CD)1.jpg;https://ei.phncdn.com/videos/201705/28/118161031/original/(m=eaAaGwObaaamqv)(mh=Q5jizD1L4rFT53CD)2.jpg;https://ei.phncdn.com/videos/201705/28/118161031/original/(m=eaAaGwObaaamqv)(mh=Q5jizD1L4rFT53CD)3.jpg;https://ei.phncdn.com/videos/201705/28/118161031/original/(m=eaAaGwObaaamqv)(mh=Q5jizD1L4rFT53CD)4.jpg;https://ei.phncdn.com/videos/201705/28/118161031/original/(m=eaAaGwObaaamqv)(mh=Q5jizD1L4rFT53CD)5.jpg;https://ei.phncdn.com/videos/201705/28/118161031/original/(m=eaAaGwObaaamqv)(mh=Q5jizD1L4rFT53CD)6.jpg;https://ei.phncdn.com/videos/201705/28/118161031/original/(m=eaAaGwObaaamqv)(mh=Q5jizD1L4rFT53CD)7.jpg;https://ei.phncdn.com/videos/201705/28/118161031/original/(m=eaAaGwObaaamqv)(mh=Q5jizD1L4rFT53CD)8.jpg;https://ei.phncdn.com/videos/201705/28/118161031/original/(m=eaAaGwObaaamqv)(mh=Q5jizD1L4rFT53CD)9.jpg;https://ei.phncdn.com/videos/201705/28/118161031/original/(m=eaAaGwObaaamqv)(mh=Q5jizD1L4rFT53CD)10.jpg;https://ei.phncdn.com/videos/201705/28/118161031/original/(m=eaAaGwObaaamqv)(mh=Q5jizD1L4rFT53CD)11.jpg;https://ei.phncdn.com/videos/201705/28/118161031/original/(m=eaAaGwObaaamqv)(mh=Q5jizD1L4rFT53CD)12.jpg;https://ei.phncdn.com/videos/201705/28/118161031/original/(m=eaAaGwObaaamqv)(mh=Q5jizD1L4rFT53CD)13.jpg;https://ei.phncdn.com/videos/201705/28/118161031/original/(m=eaAaGwObaaamqv)(mh=Q5jizD1L4rFT53CD)14.jpg;https://ei.phncdn.com/videos/201705/28/118161031/original/(m=eaAaGwObaaamqv)(mh=Q5jizD1L4rFT53CD)15.jpg;https://ei.phncdn.com/videos/201705/28/118161031/original/(m=eaAaGwObaaamqv)(mh=Q5jizD1L4rFT53CD)16.jpg
<iframe src="https://www.pornhub.com/embed/ph592dbbc3ae9a5" frameborder="0" height="481" width="608" scrolling="no"></iframe>|https://ei.phncdn.com/videos/201705/30/118476891/original/(m=eaf8GgaaaWavb)(mh=7OVJaoo4Zq0lAYkH)1.jpg|https://ei.phncdn.com/videos/201705/30/118476891/original/(m=eaf8GgaaaWavb)(mh=7OVJaoo4Zq0lAYkH)1.jpg;https://ei.phncdn.com/videos/201705/30/118476891/original/(m=eaf8GgaaaWavb)(mh=7OVJaoo4Zq0lAYkH)2.jpg;https://ei.phncdn.com/videos/201705/30/118476891/original/(m=eaf8GgaaaWavb)(mh=7OVJaoo4Zq0lAYkH)3.jpg;https://ei.phncdn.com/videos/201705/30/118476891/original/(m=eaf8GgaaaWavb)(mh=7OVJaoo4Zq0lAYkH)4.jpg;https://ei.phncdn.com/videos/201705/30/118476891/original/(m=eaf8GgaaaWavb)(mh=7OVJaoo4Zq0lAYkH)5.jpg;https://ei.phncdn.com/videos/201705/30/118476891/original/(m=eaf8GgaaaWavb)(mh=7OVJaoo4Zq0lAYkH)6.jpg;https://ei.phncdn.com/videos/201705/30/118476891/original/(m=eaf8GgaaaWavb)(mh=7OVJaoo4Zq0lAYkH)7.jpg;https://ei.phncdn.com/videos/201705/30/118476891/original/(m=eaf8GgaaaWavb)(mh=7OVJaoo4Zq0lAYkH)8.jpg;https://ei.phncdn.com/videos/201705/30/118476891/original/(m=eaf8GgaaaWavb)(mh=7OVJaoo4Zq0lAYkH)9.jpg;https://ei.phncdn.com/videos/201705/30/118476891/original/(m=eaf8GgaaaWavb)(mh=7OVJaoo4Zq0lAYkH)10.jpg;https://ei.phncdn.com/videos/201705/30/118476891/original/(m=eaf8GgaaaWavb)(mh=7OVJaoo4Zq0lAYkH)11.jpg;https://ei.phncdn.com/videos/201705/30/118476891/original/(m=eaf8GgaaaWavb)(mh=7OVJaoo4Zq0lAYkH)12.jpg;https://ei.phncdn.com/videos/201705/30/118476891/original/(m=eaf8GgaaaWavb)(mh=7OVJaoo4Zq0lAYkH)13.jpg;https://ei.phncdn.com/videos/201705/30/118476891/original/(m=eaf8GgaaaWavb)(mh=7OVJaoo4Zq0lAYkH)14.jpg;https://ei.phncdn.com/videos/201705/30/118476891/original/(m=eaf8GgaaaWavb)(mh=7OVJaoo4Zq0lAYkH)15.jpg;https://ei.phncdn.com/videos/201705/30/118476891/original/(m=eaf8GgaaaWavb)(mh=7OVJaoo4Zq0lAYkH)16.jpg|Strip|teasing;strip|Striptease;Exclusive;Verified Amateurs;Solo Female||159|991|19|1|https://ei.phncdn.com/videos/201705/30/118476891/original/(m=eaAaGwObaaamqv)(mh=-ft7BSd9ZcApMmzN)1.jpg|https://ei.phncdn.com/videos/201705/30/118476891/original/(m=eaAaGwObaaamqv)(mh=-ft7BSd9ZcApMmzN)1.jpg;https://ei.phncdn.com/videos/201705/30/118476891/original/(m=eaAaGwObaaamqv)(mh=-ft7BSd9ZcApMmzN)2.jpg;https://ei.phncdn.com/videos/201705/30/118476891/original/(m=eaAaGwObaaamqv)(mh=-ft7BSd9ZcApMmzN)3.jpg;https://ei.phncdn.com/videos/201705/30/118476891/original/(m=eaAaGwObaaamqv)(mh=-ft7BSd9ZcApMmzN)4.jpg;https://ei.phncdn.com/videos/201705/30/118476891/original/(m=eaAaGwObaaamqv)(mh=-ft7BSd9ZcApMmzN)5.jpg;https://ei.phncdn.com/videos/201705/30/118476891/original/(m=eaAaGwObaaamqv)(mh=-ft7BSd9ZcApMmzN)6.jpg;https://ei.phncdn.com/videos/201705/30/118476891/original/(m=eaAaGwObaaamqv)(mh=-ft7BSd9ZcApMmzN)7.jpg;https://ei.phncdn.com/videos/201705/30/118476891/original/(m=eaAaGwObaaamqv)(mh=-ft7BSd9ZcApMmzN)8.jpg;https://ei.phncdn.com/videos/201705/30/118476891/original/(m=eaAaGwObaaamqv)(mh=-ft7BSd9ZcApMmzN)9.jpg;https://ei.phncdn.com/videos/201705/30/118476891/original/(m=eaAaGwObaaamqv)(mh=-ft7BSd9ZcApMmzN)10.jpg;https://ei.phncdn.com/videos/201705/30/118476891/original/(m=eaAaGwObaaamqv)(mh=-ft7BSd9ZcApMmzN)11.jpg;https://ei.phncdn.com/videos/201705/30/118476891/original/(m=eaAaGwObaaamqv)(mh=-ft7BSd9ZcApMmzN)12.jpg;https://ei.phncdn.com/videos/201705/30/118476891/original/(m=eaAaGwObaaamqv)(mh=-ft7BSd9ZcApMmzN)13.jpg;https://ei.phncdn.com/videos/201705/30/118476891/original/(m=eaAaGwObaaamqv)(mh=-ft7BSd9ZcApMmzN)14.jpg;https://ei.phncdn.com/videos/201705/30/118476891/original/(m=eaAaGwObaaamqv)(mh=-ft7BSd9ZcApMmzN)15.jpg;https://ei.phncdn.com/videos/201705/30/118476891/original/(m=eaAaGwObaaamqv)(mh=-ft7BSd9ZcApMmzN)16.jpg
<iframe src="https://www.pornhub.com/embed/ph5935567156fb9" frameborder="0" height="481" width="608" scrolling="no"></iframe>|https://ei.phncdn.com/videos/201706/05/119226561/original/(m=eaf8GgaaaWavb)(mh=IGjinP_y3wGUHWL0)15.jpg|https://ei.phncdn.com/videos/201706/05/119226561/original/(m=eaf8GgaaaWavb)(mh=IGjinP_y3wGUHWL0)1.jpg;https://ei.phncdn.com/videos/201706/05/119226561/original/(m=eaf8GgaaaWavb)(mh=IGjinP_y3wGUHWL0)2.jpg;https://ei.phncdn.com/videos/201706/05/119226561/original/(m=eaf8GgaaaWavb)(mh=IGjinP_y3wGUHWL0)3.jpg;https://ei.phncdn.com/videos/201706/05/119226561/original/(m=eaf8GgaaaWavb)(mh=IGjinP_y3wGUHWL0)4.jpg;https://ei.phncdn.com/videos/201706/05/119226561/original/(m=eaf8GgaaaWavb)(mh=IGjinP_y3wGUHWL0)5.jpg;https://ei.phncdn.com/videos/201706/05/119226561/original/(m=eaf8GgaaaWavb)(mh=IGjinP_y3wGUHWL0)6.jpg;https://ei.phncdn.com/videos/201706/05/119226561/original/(m=eaf8GgaaaWavb)(mh=IGjinP_y3wGUHWL0)7.jpg;https://ei.phncdn.com/videos/201706/05/119226561/original/(m=eaf8GgaaaWavb)(mh=IGjinP_y3wGUHWL0)8.jpg;https://ei.phncdn.com/videos/201706/05/119226561/original/(m=eaf8GgaaaWavb)(mh=IGjinP_y3wGUHWL0)9.jpg;https://ei.phncdn.com/videos/201706/05/119226561/original/(m=eaf8GgaaaWavb)(mh=IGjinP_y3wGUHWL0)10.jpg;https://ei.phncdn.com/videos/201706/05/119226561/original/(m=eaf8GgaaaWavb)(mh=IGjinP_y3wGUHWL0)11.jpg;https://ei.phncdn.com/videos/201706/05/119226561/original/(m=eaf8GgaaaWavb)(mh=IGjinP_y3wGUHWL0)12.jpg;https://ei.phncdn.com/videos/201706/05/119226561/original/(m=eaf8GgaaaWavb)(mh=IGjinP_y3wGUHWL0)13.jpg;https://ei.phncdn.com/videos/201706/05/119226561/original/(m=eaf8GgaaaWavb)(mh=IGjinP_y3wGUHWL0)14.jpg;https://ei.phncdn.com/videos/201706/05/119226561/original/(m=eaf8GgaaaWavb)(mh=IGjinP_y3wGUHWL0)15.jpg;https://ei.phncdn.com/videos/201706/05/119226561/original/(m=eaf8GgaaaWavb)(mh=IGjinP_y3wGUHWL0)16.jpg|flexible skinny contortionists|sexflexvideo;teenager;young;teasing;flexible;teen;amateur;contortionist;stretching;gymnast;acrobatics;limber;contortion;boneless;spagat;lesbians|Striptease;18-25;Small Tits;Russian||746|146484|402|112|https://ei.phncdn.com/videos/201706/05/119226561/original/(m=eaAaGwObaaamqv)(mh=KyENUip2DITW6pEJ)15.jpg|https://ei.phncdn.com/videos/201706/05/119226561/original/(m=eaAaGwObaaamqv)(mh=KyENUip2DITW6pEJ)1.jpg;https://ei.phncdn.com/videos/201706/05/119226561/original/(m=eaAaGwObaaamqv)(mh=KyENUip2DITW6pEJ)2.jpg;https://ei.phncdn.com/videos/201706/05/119226561/original/(m=eaAaGwObaaamqv)(mh=KyENUip2DITW6pEJ)3.jpg;https://ei.phncdn.com/videos/201706/05/119226561/original/(m=eaAaGwObaaamqv)(mh=KyENUip2DITW6pEJ)4.jpg;https://ei.phncdn.com/videos/201706/05/119226561/original/(m=eaAaGwObaaamqv)(mh=KyENUip2DITW6pEJ)5.jpg;https://ei.phncdn.com/videos/201706/05/119226561/original/(m=eaAaGwObaaamqv)(mh=KyENUip2DITW6pEJ)6.jpg;https://ei.phncdn.com/videos/201706/05/119226561/original/(m=eaAaGwObaaamqv)(mh=KyENUip2DITW6pEJ)7.jpg;https://ei.phncdn.com/videos/201706/05/119226561/original/(m=eaAaGwObaaamqv)(mh=KyENUip2DITW6pEJ)8.jpg;https://ei.phncdn.com/videos/201706/05/119226561/original/(m=eaAaGwObaaamqv)(mh=KyENUip2DITW6pEJ)9.jpg;https://ei.phncdn.com/videos/201706/05/119226561/original/(m=eaAaGwObaaamqv)(mh=KyENUip2DITW6pEJ)10.jpg;https://ei.phncdn.com/videos/201706/05/119226561/original/(m=eaAaGwObaaamqv)(mh=KyENUip2DITW6pEJ)11.jpg;https://ei.phncdn.com/videos/201706/05/119226561/original/(m=eaAaGwObaaamqv)(mh=KyENUip2DITW6pEJ)12.jpg;https://ei.phncdn.com/videos/201706/05/119226561/original/(m=eaAaGwObaaamqv)(mh=KyENUip2DITW6pEJ)13.jpg;https://ei.phncdn.com/videos/201706/05/119226561/original/(m=eaAaGwObaaamqv)(mh=KyENUip2DITW6pEJ)14.jpg;https://ei.phncdn.com/videos/201706/05/119226561/original/(m=eaAaGwObaaamqv)(mh=KyENUip2DITW6pEJ)15.jpg;https://ei.phncdn.com/videos/201706/05/119226561/original/(m=eaAaGwObaaamqv)(mh=KyENUip2DITW6pEJ)16.jpg
<iframe src="https://www.pornhub.com/embed/ph5937e274b8307" frameborder="0" height="481" width="608" scrolling="no"></iframe>|https://ei.phncdn.com/videos/201706/07/119473541/original/(m=eaf8GgaaaWavb)(mh=TLSJHyo0Zt8jcPSV)11.jpg|https://ei.phncdn.com/videos/201706/07/119473541/original/(m=eaf8GgaaaWavb)(mh=TLSJHyo0Zt8jcPSV)1.jpg;https://ei.phncdn.com/videos/201706/07/119473541/original/(m=eaf8GgaaaWavb)(mh=TLSJHyo0Zt8jcPSV)2.jpg;https://ei.phncdn.com/videos/201706/07/119473541/original/(m=eaf8GgaaaWavb)(mh=TLSJHyo0Zt8jcPSV)3.jpg;https://ei.phncdn.com/videos/201706/07/119473541/original/(m=eaf8GgaaaWavb)(mh=TLSJHyo0Zt8jcPSV)4.jpg;https://ei.phncdn.com/videos/201706/07/119473541/original/(m=eaf8GgaaaWavb)(mh=TLSJHyo0Zt8jcPSV)5.jpg;https://ei.phncdn.com/videos/201706/07/119473541/original/(m=eaf8GgaaaWavb)(mh=TLSJHyo0Zt8jcPSV)6.jpg;https://ei.phncdn.com/videos/201706/07/119473541/original/(m=eaf8GgaaaWavb)(mh=TLSJHyo0Zt8jcPSV)7.jpg;https://ei.phncdn.com/videos/201706/07/119473541/original/(m=eaf8GgaaaWavb)(mh=TLSJHyo0Zt8jcPSV)8.jpg;https://ei.phncdn.com/videos/201706/07/119473541/original/(m=eaf8GgaaaWavb)(mh=TLSJHyo0Zt8jcPSV)9.jpg;https://ei.phncdn.com/videos/201706/07/119473541/original/(m=eaf8GgaaaWavb)(mh=TLSJHyo0Zt8jcPSV)10.jpg;https://ei.phncdn.com/videos/201706/07/119473541/original/(m=eaf8GgaaaWavb)(mh=TLSJHyo0Zt8jcPSV)11.jpg;https://ei.phncdn.com/videos/201706/07/119473541/original/(m=eaf8GgaaaWavb)(mh=TLSJHyo0Zt8jcPSV)12.jpg;https://ei.phncdn.com/videos/201706/07/119473541/original/(m=eaf8GgaaaWavb)(mh=TLSJHyo0Zt8jcPSV)13.jpg;https://ei.phncdn.com/videos/201706/07/119473541/original/(m=eaf8GgaaaWavb)(mh=TLSJHyo0Zt8jcPSV)14.jpg;https://ei.phncdn.com/videos/201706/07/119473541/original/(m=eaf8GgaaaWavb)(mh=TLSJHyo0Zt8jcPSV)15.jpg;https://ei.phncdn.com/videos/201706/07/119473541/original/(m=eaf8GgaaaWavb)(mh=TLSJHyo0Zt8jcPSV)16.jpg|Can you look her in the eyes while shes getting naked?|teasingangels;anal-beads;stripping;dirty-talk;small-tits;redhead;teen;eye-contact;close-up;masturbation;pov;ass-fuck;teasing;teenager;young|Striptease;18-25;Red Head;Small Tits||376|1475|8|2|https://ei.phncdn.com/videos/201706/07/119473541/original/(m=eaAaGwObaaamqv)(mh=CQgD5l-sAJG6gXbo)11.jpg|https://ei.phncdn.com/videos/201706/07/119473541/original/(m=eaAaGwObaaamqv)(mh=CQgD5l-sAJG6gXbo)1.jpg;https://ei.phncdn.com/videos/201706/07/119473541/original/(m=eaAaGwObaaamqv)(mh=CQgD5l-sAJG6gXbo)2.jpg;https://ei.phncdn.com/videos/201706/07/119473541/original/(m=eaAaGwObaaamqv)(mh=CQgD5l-sAJG6gXbo)3.jpg;https://ei.phncdn.com/videos/201706/07/119473541/original/(m=eaAaGwObaaamqv)(mh=CQgD5l-sAJG6gXbo)4.jpg;https://ei.phncdn.com/videos/201706/07/119473541/original/(m=eaAaGwObaaamqv)(mh=CQgD5l-sAJG6gXbo)5.jpg;https://ei.phncdn.com/videos/201706/07/119473541/original/(m=eaAaGwObaaamqv)(mh=CQgD5l-sAJG6gXbo)6.jpg;https://ei.phncdn.com/videos/201706/07/119473541/original/(m=eaAaGwObaaamqv)(mh=CQgD5l-sAJG6gXbo)7.jpg;https://ei.phncdn.com/videos/201706/07/119473541/original/(m=eaAaGwObaaamqv)(mh=CQgD5l-sAJG6gXbo)8.jpg;https://ei.phncdn.com/videos/201706/07/119473541/original/(m=eaAaGwObaaamqv)(mh=CQgD5l-sAJG6gXbo)9.jpg;https://ei.phncdn.com/videos/201706/07/119473541/original/(m=eaAaGwObaaamqv)(mh=CQgD5l-sAJG6gXbo)10.jpg;https://ei.phncdn.com/videos/201706/07/119473541/original/(m=eaAaGwObaaamqv)(mh=CQgD5l-sAJG6gXbo)11.jpg;https://ei.phncdn.com/videos/201706/07/119473541/original/(m=eaAaGwObaaamqv)(mh=CQgD5l-sAJG6gXbo)12.jpg;https://ei.phncdn.com/videos/201706/07/119473541/original/(m=eaAaGwObaaamqv)(mh=CQgD5l-sAJG6gXbo)13.jpg;https://ei.phncdn.com/videos/201706/07/119473541/original/(m=eaAaGwObaaamqv)(mh=CQgD5l-sAJG6gXbo)14.jpg;https://ei.phncdn.com/videos/201706/07/119473541/original/(m=eaAaGwObaaamqv)(mh=CQgD5l-sAJG6gXbo)15.jpg;https://ei.phncdn.com/videos/201706/07/119473541/original/(m=eaAaGwObaaamqv)(mh=CQgD5l-sAJG6gXbo)16.jpg
<iframe src="https://www.pornhub.com/embed/ph593814f572775" frameborder="0" height="481" width="608" scrolling="no"></iframe>|https://ei.phncdn.com/videos/201706/07/119494161/original/(m=eaf8GgaaaWavb)(mh=YzayhAvzDMwGoBMr)11.jpg|https://ei.phncdn.com/videos/201706/07/119494161/original/(m=eaf8GgaaaWavb)(mh=YzayhAvzDMwGoBMr)1.jpg;https://ei.phncdn.com/videos/201706/07/119494161/original/(m=eaf8GgaaaWavb)(mh=YzayhAvzDMwGoBMr)2.jpg;https://ei.phncdn.com/videos/201706/07/119494161/original/(m=eaf8GgaaaWavb)(mh=YzayhAvzDMwGoBMr)3.jpg;https://ei.phncdn.com/videos/201706/07/119494161/original/(m=eaf8GgaaaWavb)(mh=YzayhAvzDMwGoBMr)4.jpg;https://ei.phncdn.com/videos/201706/07/119494161/original/(m=eaf8GgaaaWavb)(mh=YzayhAvzDMwGoBMr)5.jpg;https://ei.phncdn.com/videos/201706/07/119494161/original/(m=eaf8GgaaaWavb)(mh=YzayhAvzDMwGoBMr)6.jpg;https://ei.phncdn.com/videos/201706/07/119494161/original/(m=eaf8GgaaaWavb)(mh=YzayhAvzDMwGoBMr)7.jpg;https://ei.phncdn.com/videos/201706/07/119494161/original/(m=eaf8GgaaaWavb)(mh=YzayhAvzDMwGoBMr)8.jpg;https://ei.phncdn.com/videos/201706/07/119494161/original/(m=eaf8GgaaaWavb)(mh=YzayhAvzDMwGoBMr)9.jpg;https://ei.phncdn.com/videos/201706/07/119494161/original/(m=eaf8GgaaaWavb)(mh=YzayhAvzDMwGoBMr)10.jpg;https://ei.phncdn.com/videos/201706/07/119494161/original/(m=eaf8GgaaaWavb)(mh=YzayhAvzDMwGoBMr)11.jpg;https://ei.phncdn.com/videos/201706/07/119494161/original/(m=eaf8GgaaaWavb)(mh=YzayhAvzDMwGoBMr)12.jpg;https://ei.phncdn.com/videos/201706/07/119494161/original/(m=eaf8GgaaaWavb)(mh=YzayhAvzDMwGoBMr)13.jpg;https://ei.phncdn.com/videos/201706/07/119494161/original/(m=eaf8GgaaaWavb)(mh=YzayhAvzDMwGoBMr)14.jpg;https://ei.phncdn.com/videos/201706/07/119494161/original/(m=eaf8GgaaaWavb)(mh=YzayhAvzDMwGoBMr)15.jpg;https://ei.phncdn.com/videos/201706/07/119494161/original/(m=eaf8GgaaaWavb)(mh=YzayhAvzDMwGoBMr)16.jpg|Desirable Rene loves masturbating in the shower while looking at you|teasingangels;short-hair;solo;masturbation;teasing;eye-contact;pov;face;close-up;shower;striptease;teenager;young|Striptease;18-25;College (18+);Casting||374|898|3|1|https://ei.phncdn.com/videos/201706/07/119494161/original/(m=eaAaGwObaaamqv)(mh=9ac9zJzNSZGYeYuu)11.jpg|https://ei.phncdn.com/videos/201706/07/119494161/original/(m=eaAaGwObaaamqv)(mh=9ac9zJzNSZGYeYuu)1.jpg;https://ei.phncdn.com/videos/201706/07/119494161/original/(m=eaAaGwObaaamqv)(mh=9ac9zJzNSZGYeYuu)2.jpg;https://ei.phncdn.com/videos/201706/07/119494161/original/(m=eaAaGwObaaamqv)(mh=9ac9zJzNSZGYeYuu)3.jpg;https://ei.phncdn.com/videos/201706/07/119494161/original/(m=eaAaGwObaaamqv)(mh=9ac9zJzNSZGYeYuu)4.jpg;https://ei.phncdn.com/videos/201706/07/119494161/original/(m=eaAaGwObaaamqv)(mh=9ac9zJzNSZGYeYuu)5.jpg;https://ei.phncdn.com/videos/201706/07/119494161/original/(m=eaAaGwObaaamqv)(mh=9ac9zJzNSZGYeYuu)6.jpg;https://ei.phncdn.com/videos/201706/07/119494161/original/(m=eaAaGwObaaamqv)(mh=9ac9zJzNSZGYeYuu)7.jpg;https://ei.phncdn.com/videos/201706/07/119494161/original/(m=eaAaGwObaaamqv)(mh=9ac9zJzNSZGYeYuu)8.jpg;https://ei.phncdn.com/videos/201706/07/119494161/original/(m=eaAaGwObaaamqv)(mh=9ac9zJzNSZGYeYuu)9.jpg;https://ei.phncdn.com/videos/201706/07/119494161/original/(m=eaAaGwObaaamqv)(mh=9ac9zJzNSZGYeYuu)10.jpg;https://ei.phncdn.com/videos/201706/07/119494161/original/(m=eaAaGwObaaamqv)(mh=9ac9zJzNSZGYeYuu)11.jpg;https://ei.phncdn.com/videos/201706/07/119494161/original/(m=eaAaGwObaaamqv)(mh=9ac9zJzNSZGYeYuu)12.jpg;https://ei.phncdn.com/videos/201706/07/119494161/original/(m=eaAaGwObaaamqv)(mh=9ac9zJzNSZGYeYuu)13.jpg;https://ei.phncdn.com/videos/201706/07/119494161/original/(m=eaAaGwObaaamqv)(mh=9ac9zJzNSZGYeYuu)14.jpg;https://ei.phncdn.com/videos/201706/07/119494161/original/(m=eaAaGwObaaamqv)(mh=9ac9zJzNSZGYeYuu)15.jpg;https://ei.phncdn.com/videos/201706/07/119494161/original/(m=eaAaGwObaaamqv)(mh=9ac9zJzNSZGYeYuu)16.jpg
<iframe src="https://www.pornhub.com/embed/ph59489d3e9536b" frameborder="0" height="481" width="608" scrolling="no"></iframe>|https://ei.phncdn.com/videos/201706/20/121137232/original/(m=eaf8GgaaaWavb)(mh=lLtfvWMd9pDSTJEu)7.jpg|https://ei.phncdn.com/videos/201706/20/121137232/original/(m=eaf8GgaaaWavb)(mh=lLtfvWMd9pDSTJEu)1.jpg;https://ei.phncdn.com/videos/201706/20/121137232/original/(m=eaf8GgaaaWavb)(mh=lLtfvWMd9pDSTJEu)2.jpg;https://ei.phncdn.com/videos/201706/20/121137232/original/(m=eaf8GgaaaWavb)(mh=lLtfvWMd9pDSTJEu)3.jpg;https://ei.phncdn.com/videos/201706/20/121137232/original/(m=eaf8GgaaaWavb)(mh=lLtfvWMd9pDSTJEu)4.jpg;https://ei.phncdn.com/videos/201706/20/121137232/original/(m=eaf8GgaaaWavb)(mh=lLtfvWMd9pDSTJEu)5.jpg;https://ei.phncdn.com/videos/201706/20/121137232/original/(m=eaf8GgaaaWavb)(mh=lLtfvWMd9pDSTJEu)6.jpg;https://ei.phncdn.com/videos/201706/20/121137232/original/(m=eaf8GgaaaWavb)(mh=lLtfvWMd9pDSTJEu)7.jpg;https://ei.phncdn.com/videos/201706/20/121137232/original/(m=eaf8GgaaaWavb)(mh=lLtfvWMd9pDSTJEu)8.jpg;https://ei.phncdn.com/videos/201706/20/121137232/original/(m=eaf8GgaaaWavb)(mh=lLtfvWMd9pDSTJEu)9.jpg;https://ei.phncdn.com/videos/201706/20/121137232/original/(m=eaf8GgaaaWavb)(mh=lLtfvWMd9pDSTJEu)10.jpg;https://ei.phncdn.com/videos/201706/20/121137232/original/(m=eaf8GgaaaWavb)(mh=lLtfvWMd9pDSTJEu)11.jpg;https://ei.phncdn.com/videos/201706/20/121137232/original/(m=eaf8GgaaaWavb)(mh=lLtfvWMd9pDSTJEu)12.jpg;https://ei.phncdn.com/videos/201706/20/121137232/original/(m=eaf8GgaaaWavb)(mh=lLtfvWMd9pDSTJEu)13.jpg;https://ei.phncdn.com/videos/201706/20/121137232/original/(m=eaf8GgaaaWavb)(mh=lLtfvWMd9pDSTJEu)14.jpg;https://ei.phncdn.com/videos/201706/20/121137232/original/(m=eaf8GgaaaWavb)(mh=lLtfvWMd9pDSTJEu)15.jpg;https://ei.phncdn.com/videos/201706/20/121137232/original/(m=eaf8GgaaaWavb)(mh=lLtfvWMd9pDSTJEu)16.jpg|Smoking fetish|redhead;teasing;fetish;femdom;goddess|Striptease;Red Head;Smoking;Exclusive;Verified Amateurs;Solo Female||187|1103|17|1|https://ei.phncdn.com/videos/201706/20/121137232/original/(m=eaAaGwObaaamqv)(mh=6s07tlvrvo1BaiHT)7.jpg|https://ei.phncdn.com/videos/201706/20/121137232/original/(m=eaAaGwObaaamqv)(mh=6s07tlvrvo1BaiHT)1.jpg;https://ei.phncdn.com/videos/201706/20/121137232/original/(m=eaAaGwObaaamqv)(mh=6s07tlvrvo1BaiHT)2.jpg;https://ei.phncdn.com/videos/201706/20/121137232/original/(m=eaAaGwObaaamqv)(mh=6s07tlvrvo1BaiHT)3.jpg;https://ei.phncdn.com/videos/201706/20/121137232/original/(m=eaAaGwObaaamqv)(mh=6s07tlvrvo1BaiHT)4.jpg;https://ei.phncdn.com/videos/201706/20/121137232/original/(m=eaAaGwObaaamqv)(mh=6s07tlvrvo1BaiHT)5.jpg;https://ei.phncdn.com/videos/201706/20/121137232/original/(m=eaAaGwObaaamqv)(mh=6s07tlvrvo1BaiHT)6.jpg;https://ei.phncdn.com/videos/201706/20/121137232/original/(m=eaAaGwObaaamqv)(mh=6s07tlvrvo1BaiHT)7.jpg;https://ei.phncdn.com/videos/201706/20/121137232/original/(m=eaAaGwObaaamqv)(mh=6s07tlvrvo1BaiHT)8.jpg;https://ei.phncdn.com/videos/201706/20/121137232/original/(m=eaAaGwObaaamqv)(mh=6s07tlvrvo1BaiHT)9.jpg;https://ei.phncdn.com/videos/201706/20/121137232/original/(m=eaAaGwObaaamqv)(mh=6s07tlvrvo1BaiHT)10.jpg;https://ei.phncdn.com/videos/201706/20/121137232/original/(m=eaAaGwObaaamqv)(mh=6s07tlvrvo1BaiHT)11.jpg;https://ei.phncdn.com/videos/201706/20/121137232/original/(m=eaAaGwObaaamqv)(mh=6s07tlvrvo1BaiHT)12.jpg;https://ei.phncdn.com/videos/201706/20/121137232/original/(m=eaAaGwObaaamqv)(mh=6s07tlvrvo1BaiHT)13.jpg;https://ei.phncdn.com/videos/201706/20/121137232/original/(m=eaAaGwObaaamqv)(mh=6s07tlvrvo1BaiHT)14.jpg;https://ei.phncdn.com/videos/201706/20/121137232/original/(m=eaAaGwObaaamqv)(mh=6s07tlvrvo1BaiHT)15.jpg;https://ei.phncdn.com/videos/201706/20/121137232/original/(m=eaAaGwObaaamqv)(mh=6s07tlvrvo1BaiHT)16.jpg
<iframe src="https://www.pornhub.com/embed/ph594f80e5238bc" frameborder="0" height="481" width="608" scrolling="no"></iframe>|https://ei.phncdn.com/videos/201706/25/121825391/original/(m=eaf8GgaaaWavb)(mh=wbMEjgOq1_DFNLFr)12.jpg|https://ei.phncdn.com/videos/201706/25/121825391/original/(m=eaf8GgaaaWavb)(mh=wbMEjgOq1_DFNLFr)1.jpg;https://ei.phncdn.com/videos/201706/25/121825391/original/(m=eaf8GgaaaWavb)(mh=wbMEjgOq1_DFNLFr)2.jpg;https://ei.phncdn.com/videos/201706/25/121825391/original/(m=eaf8GgaaaWavb)(mh=wbMEjgOq1_DFNLFr)3.jpg;https://ei.phncdn.com/videos/201706/25/121825391/original/(m=eaf8GgaaaWavb)(mh=wbMEjgOq1_DFNLFr)4.jpg;https://ei.phncdn.com/videos/201706/25/121825391/original/(m=eaf8GgaaaWavb)(mh=wbMEjgOq1_DFNLFr)5.jpg;https://ei.phncdn.com/videos/201706/25/121825391/original/(m=eaf8GgaaaWavb)(mh=wbMEjgOq1_DFNLFr)6.jpg;https://ei.phncdn.com/videos/201706/25/121825391/original/(m=eaf8GgaaaWavb)(mh=wbMEjgOq1_DFNLFr)7.jpg;https://ei.phncdn.com/videos/201706/25/121825391/original/(m=eaf8GgaaaWavb)(mh=wbMEjgOq1_DFNLFr)8.jpg;https://ei.phncdn.com/videos/201706/25/121825391/original/(m=eaf8GgaaaWavb)(mh=wbMEjgOq1_DFNLFr)9.jpg;https://ei.phncdn.com/videos/201706/25/121825391/original/(m=eaf8GgaaaWavb)(mh=wbMEjgOq1_DFNLFr)10.jpg;https://ei.phncdn.com/videos/201706/25/121825391/original/(m=eaf8GgaaaWavb)(mh=wbMEjgOq1_DFNLFr)11.jpg;https://ei.phncdn.com/videos/201706/25/121825391/original/(m=eaf8GgaaaWavb)(mh=wbMEjgOq1_DFNLFr)12.jpg;https://ei.phncdn.com/videos/201706/25/121825391/original/(m=eaf8GgaaaWavb)(mh=wbMEjgOq1_DFNLFr)13.jpg;https://ei.phncdn.com/videos/201706/25/121825391/original/(m=eaf8GgaaaWavb)(mh=wbMEjgOq1_DFNLFr)14.jpg;https://ei.phncdn.com/videos/201706/25/121825391/original/(m=eaf8GgaaaWavb)(mh=wbMEjgOq1_DFNLFr)15.jpg;https://ei.phncdn.com/videos/201706/25/121825391/original/(m=eaf8GgaaaWavb)(mh=wbMEjgOq1_DFNLFr)16.jpg|brief striptease showing off my assets|striptease;nice-ass|Striptease;Transgender;Exclusive;Verified Amateurs;Solo Trans||192|128|7|0|https://ei.phncdn.com/videos/201706/25/121825391/original/(m=eaAaGwObaaamqv)(mh=4xQzQkRH8LGxnBpQ)12.jpg|https://ei.phncdn.com/videos/201706/25/121825391/original/(m=eaAaGwObaaamqv)(mh=4xQzQkRH8LGxnBpQ)1.jpg;https://ei.phncdn.com/videos/201706/25/121825391/original/(m=eaAaGwObaaamqv)(mh=4xQzQkRH8LGxnBpQ)2.jpg;https://ei.phncdn.com/videos/201706/25/121825391/original/(m=eaAaGwObaaamqv)(mh=4xQzQkRH8LGxnBpQ)3.jpg;https://ei.phncdn.com/videos/201706/25/121825391/original/(m=eaAaGwObaaamqv)(mh=4xQzQkRH8LGxnBpQ)4.jpg;https://ei.phncdn.com/videos/201706/25/121825391/original/(m=eaAaGwObaaamqv)(mh=4xQzQkRH8LGxnBpQ)5.jpg;https://ei.phncdn.com/videos/201706/25/121825391/original/(m=eaAaGwObaaamqv)(mh=4xQzQkRH8LGxnBpQ)6.jpg;https://ei.phncdn.com/videos/201706/25/121825391/original/(m=eaAaGwObaaamqv)(mh=4xQzQkRH8LGxnBpQ)7.jpg;https://ei.phncdn.com/videos/201706/25/121825391/original/(m=eaAaGwObaaamqv)(mh=4xQzQkRH8LGxnBpQ)8.jpg;https://ei.phncdn.com/videos/201706/25/121825391/original/(m=eaAaGwObaaamqv)(mh=4xQzQkRH8LGxnBpQ)9.jpg;https://ei.phncdn.com/videos/201706/25/121825391/original/(m=eaAaGwObaaamqv)(mh=4xQzQkRH8LGxnBpQ)10.jpg;https://ei.phncdn.com/videos/201706/25/121825391/original/(m=eaAaGwObaaamqv)(mh=4xQzQkRH8LGxnBpQ)11.jpg;https://ei.phncdn.com/videos/201706/25/121825391/original/(m=eaAaGwObaaamqv)(mh=4xQzQkRH8LGxnBpQ)12.jpg;https://ei.phncdn.com/videos/201706/25/121825391/original/(m=eaAaGwObaaamqv)(mh=4xQzQkRH8LGxnBpQ)13.jpg;https://ei.phncdn.com/videos/201706/25/121825391/original/(m=eaAaGwObaaamqv)(mh=4xQzQkRH8LGxnBpQ)14.jpg;https://ei.phncdn.com/videos/201706/25/121825391/original/(m=eaAaGwObaaamqv)(mh=4xQzQkRH8LGxnBpQ)15.jpg;https://ei.phncdn.com/videos/201706/25/121825391/original/(m=eaAaGwObaaamqv)(mh=4xQzQkRH8LGxnBpQ)16.jpg
<iframe src="https://www.pornhub.com/embed/ph59592139d4320" frameborder="0" height="481" width="608" scrolling="no"></iframe>|https://ei.phncdn.com/videos/201707/02/122781411/original/(m=eaf8GgaaaWavb)(mh=Rsb9-E8OLLXH2x_V)14.jpg|https://ei.phncdn.com/videos/201707/02/122781411/original/(m=eaf8GgaaaWavb)(mh=Rsb9-E8OLLXH2x_V)1.jpg;https://ei.phncdn.com/videos/201707/02/122781411/original/(m=eaf8GgaaaWavb)(mh=Rsb9-E8OLLXH2x_V)2.jpg;https://ei.phncdn.com/videos/201707/02/122781411/original/(m=eaf8GgaaaWavb)(mh=Rsb9-E8OLLXH2x_V)3.jpg;https://ei.phncdn.com/videos/201707/02/122781411/original/(m=eaf8GgaaaWavb)(mh=Rsb9-E8OLLXH2x_V)4.jpg;https://ei.phncdn.com/videos/201707/02/122781411/original/(m=eaf8GgaaaWavb)(mh=Rsb9-E8OLLXH2x_V)5.jpg;https://ei.phncdn.com/videos/201707/02/122781411/original/(m=eaf8GgaaaWavb)(mh=Rsb9-E8OLLXH2x_V)6.jpg;https://ei.phncdn.com/videos/201707/02/122781411/original/(m=eaf8GgaaaWavb)(mh=Rsb9-E8OLLXH2x_V)7.jpg;https://ei.phncdn.com/videos/201707/02/122781411/original/(m=eaf8GgaaaWavb)(mh=Rsb9-E8OLLXH2x_V)8.jpg;https://ei.phncdn.com/videos/201707/02/122781411/original/(m=eaf8GgaaaWavb)(mh=Rsb9-E8OLLXH2x_V)9.jpg;https://ei.phncdn.com/videos/201707/02/122781411/original/(m=eaf8GgaaaWavb)(mh=Rsb9-E8OLLXH2x_V)10.jpg;https://ei.phncdn.com/videos/201707/02/122781411/original/(m=eaf8GgaaaWavb)(mh=Rsb9-E8OLLXH2x_V)11.jpg;https://ei.phncdn.com/videos/201707/02/122781411/original/(m=eaf8GgaaaWavb)(mh=Rsb9-E8OLLXH2x_V)12.jpg;https://ei.phncdn.com/videos/201707/02/122781411/original/(m=eaf8GgaaaWavb)(mh=Rsb9-E8OLLXH2x_V)13.jpg;https://ei.phncdn.com/videos/201707/02/122781411/original/(m=eaf8GgaaaWavb)(mh=Rsb9-E8OLLXH2x_V)14.jpg;https://ei.phncdn.com/videos/201707/02/122781411/original/(m=eaf8GgaaaWavb)(mh=Rsb9-E8OLLXH2x_V)15.jpg;https://ei.phncdn.com/videos/201707/02/122781411/original/(m=eaf8GgaaaWavb)(mh=Rsb9-E8OLLXH2x_V)16.jpg|Pink corsage pantyhose teasing|european;teasing;kink;pantyhose;legs;black-tights;foot-fetish;soles;toes;sexy|Striptease;Euro;Feet;Exclusive;Verified Amateurs;Solo Female||64|3347|17|1|https://ei.phncdn.com/videos/201707/02/122781411/original/(m=eaAaGwObaaamqv)(mh=7bu2isoKZVH2IlfB)14.jpg|https://ei.phncdn.com/videos/201707/02/122781411/original/(m=eaAaGwObaaamqv)(mh=7bu2isoKZVH2IlfB)1.jpg;https://ei.phncdn.com/videos/201707/02/122781411/original/(m=eaAaGwObaaamqv)(mh=7bu2isoKZVH2IlfB)2.jpg;https://ei.phncdn.com/videos/201707/02/122781411/original/(m=eaAaGwObaaamqv)(mh=7bu2isoKZVH2IlfB)3.jpg;https://ei.phncdn.com/videos/201707/02/122781411/original/(m=eaAaGwObaaamqv)(mh=7bu2isoKZVH2IlfB)4.jpg;https://ei.phncdn.com/videos/201707/02/122781411/original/(m=eaAaGwObaaamqv)(mh=7bu2isoKZVH2IlfB)5.jpg;https://ei.phncdn.com/videos/201707/02/122781411/original/(m=eaAaGwObaaamqv)(mh=7bu2isoKZVH2IlfB)6.jpg;https://ei.phncdn.com/videos/201707/02/122781411/original/(m=eaAaGwObaaamqv)(mh=7bu2isoKZVH2IlfB)7.jpg;https://ei.phncdn.com/videos/201707/02/122781411/original/(m=eaAaGwObaaamqv)(mh=7bu2isoKZVH2IlfB)8.jpg;https://ei.phncdn.com/videos/201707/02/122781411/original/(m=eaAaGwObaaamqv)(mh=7bu2isoKZVH2IlfB)9.jpg;https://ei.phncdn.com/videos/201707/02/122781411/original/(m=eaAaGwObaaamqv)(mh=7bu2isoKZVH2IlfB)10.jpg;https://ei.phncdn.com/videos/201707/02/122781411/original/(m=eaAaGwObaaamqv)(mh=7bu2isoKZVH2IlfB)11.jpg;https://ei.phncdn.com/videos/201707/02/122781411/original/(m=eaAaGwObaaamqv)(mh=7bu2isoKZVH2IlfB)12.jpg;https://ei.phncdn.com/videos/201707/02/122781411/original/(m=eaAaGwObaaamqv)(mh=7bu2isoKZVH2IlfB)13.jpg;https://ei.phncdn.com/videos/201707/02/122781411/original/(m=eaAaGwObaaamqv)(mh=7bu2isoKZVH2IlfB)14.jpg;https://ei.phncdn.com/videos/201707/02/122781411/original/(m=eaAaGwObaaamqv)(mh=7bu2isoKZVH2IlfB)15.jpg;https://ei.phncdn.com/videos/201707/02/122781411/original/(m=eaAaGwObaaamqv)(mh=7bu2isoKZVH2IlfB)16.jpg
<iframe src="https://www.pornhub.com/embed/ph5972672b564e5" frameborder="0" height="481" width="608" scrolling="no"></iframe>|https://ei.phncdn.com/videos/201707/21/125351451/thumbs_5/(m=eaf8GgaaaWavb)(mh=dmVxsqPam_IjTzT9)10.jpg|https://ei.phncdn.com/videos/201707/21/125351451/thumbs_5/(m=eaf8GgaaaWavb)(mh=dmVxsqPam_IjTzT9)1.jpg;https://ei.phncdn.com/videos/201707/21/125351451/thumbs_5/(m=eaf8GgaaaWavb)(mh=dmVxsqPam_IjTzT9)2.jpg;https://ei.phncdn.com/videos/201707/21/125351451/thumbs_5/(m=eaf8GgaaaWavb)(mh=dmVxsqPam_IjTzT9)3.jpg;https://ei.phncdn.com/videos/201707/21/125351451/thumbs_5/(m=eaf8GgaaaWavb)(mh=dmVxsqPam_IjTzT9)4.jpg;https://ei.phncdn.com/videos/201707/21/125351451/thumbs_5/(m=eaf8GgaaaWavb)(mh=dmVxsqPam_IjTzT9)5.jpg;https://ei.phncdn.com/videos/201707/21/125351451/thumbs_5/(m=eaf8GgaaaWavb)(mh=dmVxsqPam_IjTzT9)6.jpg;https://ei.phncdn.com/videos/201707/21/125351451/thumbs_5/(m=eaf8GgaaaWavb)(mh=dmVxsqPam_IjTzT9)7.jpg;https://ei.phncdn.com/videos/201707/21/125351451/thumbs_5/(m=eaf8GgaaaWavb)(mh=dmVxsqPam_IjTzT9)8.jpg;https://ei.phncdn.com/videos/201707/21/125351451/thumbs_5/(m=eaf8GgaaaWavb)(mh=dmVxsqPam_IjTzT9)9.jpg;https://ei.phncdn.com/videos/201707/21/125351451/thumbs_5/(m=eaf8GgaaaWavb)(mh=dmVxsqPam_IjTzT9)10.jpg;https://ei.phncdn.com/videos/201707/21/125351451/thumbs_5/(m=eaf8GgaaaWavb)(mh=dmVxsqPam_IjTzT9)11.jpg;https://ei.phncdn.com/videos/201707/21/125351451/thumbs_5/(m=eaf8GgaaaWavb)(mh=dmVxsqPam_IjTzT9)12.jpg;https://ei.phncdn.com/videos/201707/21/125351451/thumbs_5/(m=eaf8GgaaaWavb)(mh=dmVxsqPam_IjTzT9)13.jpg;https://ei.phncdn.com/videos/201707/21/125351451/thumbs_5/(m=eaf8GgaaaWavb)(mh=dmVxsqPam_IjTzT9)14.jpg;https://ei.phncdn.com/videos/201707/21/125351451/thumbs_5/(m=eaf8GgaaaWavb)(mh=dmVxsqPam_IjTzT9)15.jpg;https://ei.phncdn.com/videos/201707/21/125351451/thumbs_5/(m=eaf8GgaaaWavb)(mh=dmVxsqPam_IjTzT9)16.jpg|My mistress made me strip for her over my lunch break|teasing;amateur;college;twink|Striptease;Solo Male;Exclusive;Verified Amateurs||84|6910|48|3|https://ei.phncdn.com/videos/201707/21/125351451/thumbs_5/(m=eaAaGwObaaamqv)(mh=-YUFfiRyOAiNSdCn)10.jpg|https://ei.phncdn.com/videos/201707/21/125351451/thumbs_5/(m=eaAaGwObaaamqv)(mh=-YUFfiRyOAiNSdCn)1.jpg;https://ei.phncdn.com/videos/201707/21/125351451/thumbs_5/(m=eaAaGwObaaamqv)(mh=-YUFfiRyOAiNSdCn)2.jpg;https://ei.phncdn.com/videos/201707/21/125351451/thumbs_5/(m=eaAaGwObaaamqv)(mh=-YUFfiRyOAiNSdCn)3.jpg;https://ei.phncdn.com/videos/201707/21/125351451/thumbs_5/(m=eaAaGwObaaamqv)(mh=-YUFfiRyOAiNSdCn)4.jpg;https://ei.phncdn.com/videos/201707/21/125351451/thumbs_5/(m=eaAaGwObaaamqv)(mh=-YUFfiRyOAiNSdCn)5.jpg;https://ei.phncdn.com/videos/201707/21/125351451/thumbs_5/(m=eaAaGwObaaamqv)(mh=-YUFfiRyOAiNSdCn)6.jpg;https://ei.phncdn.com/videos/201707/21/125351451/thumbs_5/(m=eaAaGwObaaamqv)(mh=-YUFfiRyOAiNSdCn)7.jpg;https://ei.phncdn.com/videos/201707/21/125351451/thumbs_5/(m=eaAaGwObaaamqv)(mh=-YUFfiRyOAiNSdCn)8.jpg;https://ei.phncdn.com/videos/201707/21/125351451/thumbs_5/(m=eaAaGwObaaamqv)(mh=-YUFfiRyOAiNSdCn)9.jpg;https://ei.phncdn.com/videos/201707/21/125351451/thumbs_5/(m=eaAaGwObaaamqv)(mh=-YUFfiRyOAiNSdCn)10.jpg;https://ei.phncdn.com/videos/201707/21/125351451/thumbs_5/(m=eaAaGwObaaamqv)(mh=-YUFfiRyOAiNSdCn)11.jpg;https://ei.phncdn.com/videos/201707/21/125351451/thumbs_5/(m=eaAaGwObaaamqv)(mh=-YUFfiRyOAiNSdCn)12.jpg;https://ei.phncdn.com/videos/201707/21/125351451/thumbs_5/(m=eaAaGwObaaamqv)(mh=-YUFfiRyOAiNSdCn)13.jpg;https://ei.phncdn.com/videos/201707/21/125351451/thumbs_5/(m=eaAaGwObaaamqv)(mh=-YUFfiRyOAiNSdCn)14.jpg;https://ei.phncdn.com/videos/201707/21/125351451/thumbs_5/(m=eaAaGwObaaamqv)(mh=-YUFfiRyOAiNSdCn)15.jpg;https://ei.phncdn.com/videos/201707/21/125351451/thumbs_5/(m=eaAaGwObaaamqv)(mh=-YUFfiRyOAiNSdCn)16.jpg
<iframe src="https://www.pornhub.com/embed/ph59d8a661f280d" frameborder="0" height="481" width="608" scrolling="no"></iframe>|https://ei.phncdn.com/videos/201710/07/135884952/original/(m=eaf8GgaaaWavb)(mh=rNcnkICiRcGYd-md)12.jpg|https://ei.phncdn.com/videos/201710/07/135884952/original/(m=eaf8GgaaaWavb)(mh=rNcnkICiRcGYd-md)1.jpg;https://ei.phncdn.com/videos/201710/07/135884952/original/(m=eaf8GgaaaWavb)(mh=rNcnkICiRcGYd-md)2.jpg;https://ei.phncdn.com/videos/201710/07/135884952/original/(m=eaf8GgaaaWavb)(mh=rNcnkICiRcGYd-md)3.jpg;https://ei.phncdn.com/videos/201710/07/135884952/original/(m=eaf8GgaaaWavb)(mh=rNcnkICiRcGYd-md)4.jpg;https://ei.phncdn.com/videos/201710/07/135884952/original/(m=eaf8GgaaaWavb)(mh=rNcnkICiRcGYd-md)5.jpg;https://ei.phncdn.com/videos/201710/07/135884952/original/(m=eaf8GgaaaWavb)(mh=rNcnkICiRcGYd-md)6.jpg;https://ei.phncdn.com/videos/201710/07/135884952/original/(m=eaf8GgaaaWavb)(mh=rNcnkICiRcGYd-md)7.jpg;https://ei.phncdn.com/videos/201710/07/135884952/original/(m=eaf8GgaaaWavb)(mh=rNcnkICiRcGYd-md)8.jpg;https://ei.phncdn.com/videos/201710/07/135884952/original/(m=eaf8GgaaaWavb)(mh=rNcnkICiRcGYd-md)9.jpg;https://ei.phncdn.com/videos/201710/07/135884952/original/(m=eaf8GgaaaWavb)(mh=rNcnkICiRcGYd-md)10.jpg;https://ei.phncdn.com/videos/201710/07/135884952/original/(m=eaf8GgaaaWavb)(mh=rNcnkICiRcGYd-md)11.jpg;https://ei.phncdn.com/videos/201710/07/135884952/original/(m=eaf8GgaaaWavb)(mh=rNcnkICiRcGYd-md)12.jpg;https://ei.phncdn.com/videos/201710/07/135884952/original/(m=eaf8GgaaaWavb)(mh=rNcnkICiRcGYd-md)13.jpg;https://ei.phncdn.com/videos/201710/07/135884952/original/(m=eaf8GgaaaWavb)(mh=rNcnkICiRcGYd-md)14.jpg;https://ei.phncdn.com/videos/201710/07/135884952/original/(m=eaf8GgaaaWavb)(mh=rNcnkICiRcGYd-md)15.jpg;https://ei.phncdn.com/videos/201710/07/135884952/original/(m=eaf8GgaaaWavb)(mh=rNcnkICiRcGYd-md)16.jpg|Strip club life|strip-club;stripper;tips-or-tits-pizza|Striptease;Exclusive;Verified Amateurs;Solo Female||18|3412|35|10|https://ei.phncdn.com/videos/201710/07/135884952/original/(m=eaAaGwObaaamqv)(mh=EZdP-WjUqQ1erJwx)12.jpg|https://ei.phncdn.com/videos/201710/07/135884952/original/(m=eaAaGwObaaamqv)(mh=EZdP-WjUqQ1erJwx)1.jpg;https://ei.phncdn.com/videos/201710/07/135884952/original/(m=eaAaGwObaaamqv)(mh=EZdP-WjUqQ1erJwx)2.jpg;https://ei.phncdn.com/videos/201710/07/135884952/original/(m=eaAaGwObaaamqv)(mh=EZdP-WjUqQ1erJwx)3.jpg;https://ei.phncdn.com/videos/201710/07/135884952/original/(m=eaAaGwObaaamqv)(mh=EZdP-WjUqQ1erJwx)4.jpg;https://ei.phncdn.com/videos/201710/07/135884952/original/(m=eaAaGwObaaamqv)(mh=EZdP-WjUqQ1erJwx)5.jpg;https://ei.phncdn.com/videos/201710/07/135884952/original/(m=eaAaGwObaaamqv)(mh=EZdP-WjUqQ1erJwx)6.jpg;https://ei.phncdn.com/videos/201710/07/135884952/original/(m=eaAaGwObaaamqv)(mh=EZdP-WjUqQ1erJwx)7.jpg;https://ei.phncdn.com/videos/201710/07/135884952/original/(m=eaAaGwObaaamqv)(mh=EZdP-WjUqQ1erJwx)8.jpg;https://ei.phncdn.com/videos/201710/07/135884952/original/(m=eaAaGwObaaamqv)(mh=EZdP-WjUqQ1erJwx)9.jpg;https://ei.phncdn.com/videos/201710/07/135884952/original/(m=eaAaGwObaaamqv)(mh=EZdP-WjUqQ1erJwx)10.jpg;https://ei.phncdn.com/videos/201710/07/135884952/original/(m=eaAaGwObaaamqv)(mh=EZdP-WjUqQ1erJwx)11.jpg;https://ei.phncdn.com/videos/201710/07/135884952/original/(m=eaAaGwObaaamqv)(mh=EZdP-WjUqQ1erJwx)12.jpg;https://ei.phncdn.com/videos/201710/07/135884952/original/(m=eaAaGwObaaamqv)(mh=EZdP-WjUqQ1erJwx)13.jpg;https://ei.phncdn.com/videos/201710/07/135884952/original/(m=eaAaGwObaaamqv)(mh=EZdP-WjUqQ1erJwx)14.jpg;https://ei.phncdn.com/videos/201710/07/135884952/original/(m=eaAaGwObaaamqv)(mh=EZdP-WjUqQ1erJwx)15.jpg;https://ei.phncdn.com/videos/201710/07/135884952/original/(m=eaAaGwObaaamqv)(mh=EZdP-WjUqQ1erJwx)16.jpg
<iframe src="https://www.pornhub.com/embed/ph59f8f6069a6ec" frameborder="0" height="481" width="608" scrolling="no"></iframe>|https://ei.phncdn.com/videos/201710/31/139250412/original/(m=eaf8GgaaaWavb)(mh=vLuQC4al99czuAJZ)7.jpg|https://ei.phncdn.com/videos/201710/31/139250412/original/(m=eaf8GgaaaWavb)(mh=vLuQC4al99czuAJZ)1.jpg;https://ei.phncdn.com/videos/201710/31/139250412/original/(m=eaf8GgaaaWavb)(mh=vLuQC4al99czuAJZ)2.jpg;https://ei.phncdn.com/videos/201710/31/139250412/original/(m=eaf8GgaaaWavb)(mh=vLuQC4al99czuAJZ)3.jpg;https://ei.phncdn.com/videos/201710/31/139250412/original/(m=eaf8GgaaaWavb)(mh=vLuQC4al99czuAJZ)4.jpg;https://ei.phncdn.com/videos/201710/31/139250412/original/(m=eaf8GgaaaWavb)(mh=vLuQC4al99czuAJZ)5.jpg;https://ei.phncdn.com/videos/201710/31/139250412/original/(m=eaf8GgaaaWavb)(mh=vLuQC4al99czuAJZ)6.jpg;https://ei.phncdn.com/videos/201710/31/139250412/original/(m=eaf8GgaaaWavb)(mh=vLuQC4al99czuAJZ)7.jpg;https://ei.phncdn.com/videos/201710/31/139250412/original/(m=eaf8GgaaaWavb)(mh=vLuQC4al99czuAJZ)8.jpg;https://ei.phncdn.com/videos/201710/31/139250412/original/(m=eaf8GgaaaWavb)(mh=vLuQC4al99czuAJZ)9.jpg;https://ei.phncdn.com/videos/201710/31/139250412/original/(m=eaf8GgaaaWavb)(mh=vLuQC4al99czuAJZ)10.jpg;https://ei.phncdn.com/videos/201710/31/139250412/original/(m=eaf8GgaaaWavb)(mh=vLuQC4al99czuAJZ)11.jpg;https://ei.phncdn.com/videos/201710/31/139250412/original/(m=eaf8GgaaaWavb)(mh=vLuQC4al99czuAJZ)12.jpg;https://ei.phncdn.com/videos/201710/31/139250412/original/(m=eaf8GgaaaWavb)(mh=vLuQC4al99czuAJZ)13.jpg;https://ei.phncdn.com/videos/201710/31/139250412/original/(m=eaf8GgaaaWavb)(mh=vLuQC4al99czuAJZ)14.jpg;https://ei.phncdn.com/videos/201710/31/139250412/original/(m=eaf8GgaaaWavb)(mh=vLuQC4al99czuAJZ)15.jpg;https://ei.phncdn.com/videos/201710/31/139250412/original/(m=eaf8GgaaaWavb)(mh=vLuQC4al99czuAJZ)16.jpg|Mi Gente|teasing;dance|Striptease;Webcam;German;Exclusive;Verified Amateurs;Solo Female||15|1317|3|3|https://ei.phncdn.com/videos/201710/31/139250412/original/(m=eaAaGwObaaamqv)(mh=tzVT3xUCmGb0SQy5)7.jpg|https://ei.phncdn.com/videos/201710/31/139250412/original/(m=eaAaGwObaaamqv)(mh=tzVT3xUCmGb0SQy5)1.jpg;https://ei.phncdn.com/videos/201710/31/139250412/original/(m=eaAaGwObaaamqv)(mh=tzVT3xUCmGb0SQy5)2.jpg;https://ei.phncdn.com/videos/201710/31/139250412/original/(m=eaAaGwObaaamqv)(mh=tzVT3xUCmGb0SQy5)3.jpg;https://ei.phncdn.com/videos/201710/31/139250412/original/(m=eaAaGwObaaamqv)(mh=tzVT3xUCmGb0SQy5)4.jpg;https://ei.phncdn.com/videos/201710/31/139250412/original/(m=eaAaGwObaaamqv)(mh=tzVT3xUCmGb0SQy5)5.jpg;https://ei.phncdn.com/videos/201710/31/139250412/original/(m=eaAaGwObaaamqv)(mh=tzVT3xUCmGb0SQy5)6.jpg;https://ei.phncdn.com/videos/201710/31/139250412/original/(m=eaAaGwObaaamqv)(mh=tzVT3xUCmGb0SQy5)7.jpg;https://ei.phncdn.com/videos/201710/31/139250412/original/(m=eaAaGwObaaamqv)(mh=tzVT3xUCmGb0SQy5)8.jpg;https://ei.phncdn.com/videos/201710/31/139250412/original/(m=eaAaGwObaaamqv)(mh=tzVT3xUCmGb0SQy5)9.jpg;https://ei.phncdn.com/videos/201710/31/139250412/original/(m=eaAaGwObaaamqv)(mh=tzVT3xUCmGb0SQy5)10.jpg;https://ei.phncdn.com/videos/201710/31/139250412/original/(m=eaAaGwObaaamqv)(mh=tzVT3xUCmGb0SQy5)11.jpg;https://ei.phncdn.com/videos/201710/31/139250412/original/(m=eaAaGwObaaamqv)(mh=tzVT3xUCmGb0SQy5)12.jpg;https://ei.phncdn.com/videos/201710/31/139250412/original/(m=eaAaGwObaaamqv)(mh=tzVT3xUCmGb0SQy5)13.jpg;https://ei.phncdn.com/videos/201710/31/139250412/original/(m=eaAaGwObaaamqv)(mh=tzVT3xUCmGb0SQy5)14.jpg;https://ei.phncdn.com/videos/201710/31/139250412/original/(m=eaAaGwObaaamqv)(mh=tzVT3xUCmGb0SQy5)15.jpg;https://ei.phncdn.com/videos/201710/31/139250412/original/(m=eaAaGwObaaamqv)(mh=tzVT3xUCmGb0SQy5)16.jpg
<iframe src="https://www.pornhub.com/embed/ph59fae68611f80" frameborder="0" height="481" width="608" scrolling="no"></iframe>|https://ei.phncdn.com/videos/201711/02/139438762/original/(m=eaf8GgaaaWavb)(mh=if2mWOpN7XGe1_c4)7.jpg|https://ei.phncdn.com/videos/201711/02/139438762/original/(m=eaf8GgaaaWavb)(mh=if2mWOpN7XGe1_c4)1.jpg;https://ei.phncdn.com/videos/201711/02/139438762/original/(m=eaf8GgaaaWavb)(mh=if2mWOpN7XGe1_c4)2.jpg;https://ei.phncdn.com/videos/201711/02/139438762/original/(m=eaf8GgaaaWavb)(mh=if2mWOpN7XGe1_c4)3.jpg;https://ei.phncdn.com/videos/201711/02/139438762/original/(m=eaf8GgaaaWavb)(mh=if2mWOpN7XGe1_c4)4.jpg;https://ei.phncdn.com/videos/201711/02/139438762/original/(m=eaf8GgaaaWavb)(mh=if2mWOpN7XGe1_c4)5.jpg;https://ei.phncdn.com/videos/201711/02/139438762/original/(m=eaf8GgaaaWavb)(mh=if2mWOpN7XGe1_c4)6.jpg;https://ei.phncdn.com/videos/201711/02/139438762/original/(m=eaf8GgaaaWavb)(mh=if2mWOpN7XGe1_c4)7.jpg;https://ei.phncdn.com/videos/201711/02/139438762/original/(m=eaf8GgaaaWavb)(mh=if2mWOpN7XGe1_c4)8.jpg;https://ei.phncdn.com/videos/201711/02/139438762/original/(m=eaf8GgaaaWavb)(mh=if2mWOpN7XGe1_c4)9.jpg;https://ei.phncdn.com/videos/201711/02/139438762/original/(m=eaf8GgaaaWavb)(mh=if2mWOpN7XGe1_c4)10.jpg;https://ei.phncdn.com/videos/201711/02/139438762/original/(m=eaf8GgaaaWavb)(mh=if2mWOpN7XGe1_c4)11.jpg;https://ei.phncdn.com/videos/201711/02/139438762/original/(m=eaf8GgaaaWavb)(mh=if2mWOpN7XGe1_c4)12.jpg;https://ei.phncdn.com/videos/201711/02/139438762/original/(m=eaf8GgaaaWavb)(mh=if2mWOpN7XGe1_c4)13.jpg;https://ei.phncdn.com/videos/201711/02/139438762/original/(m=eaf8GgaaaWavb)(mh=if2mWOpN7XGe1_c4)14.jpg;https://ei.phncdn.com/videos/201711/02/139438762/original/(m=eaf8GgaaaWavb)(mh=if2mWOpN7XGe1_c4)15.jpg;https://ei.phncdn.com/videos/201711/02/139438762/original/(m=eaf8GgaaaWavb)(mh=if2mWOpN7XGe1_c4)16.jpg|Mimi Lea escapes her cage to strip naked for you|wearehairy;teasing;petite;redhead;hairy-armpits;hairy-ass;lingerie;meaty-lips;redheads;slim;small-breasts;striptease|Striptease;Red Head;Small Tits;Russian||469|13325|69|15|https://ei.phncdn.com/videos/201711/02/139438762/original/(m=eaAaGwObaaamqv)(mh=p57XafQmanW_nUb0)7.jpg|https://ei.phncdn.com/videos/201711/02/139438762/original/(m=eaAaGwObaaamqv)(mh=p57XafQmanW_nUb0)1.jpg;https://ei.phncdn.com/videos/201711/02/139438762/original/(m=eaAaGwObaaamqv)(mh=p57XafQmanW_nUb0)2.jpg;https://ei.phncdn.com/videos/201711/02/139438762/original/(m=eaAaGwObaaamqv)(mh=p57XafQmanW_nUb0)3.jpg;https://ei.phncdn.com/videos/201711/02/139438762/original/(m=eaAaGwObaaamqv)(mh=p57XafQmanW_nUb0)4.jpg;https://ei.phncdn.com/videos/201711/02/139438762/original/(m=eaAaGwObaaamqv)(mh=p57XafQmanW_nUb0)5.jpg;https://ei.phncdn.com/videos/201711/02/139438762/original/(m=eaAaGwObaaamqv)(mh=p57XafQmanW_nUb0)6.jpg;https://ei.phncdn.com/videos/201711/02/139438762/original/(m=eaAaGwObaaamqv)(mh=p57XafQmanW_nUb0)7.jpg;https://ei.phncdn.com/videos/201711/02/139438762/original/(m=eaAaGwObaaamqv)(mh=p57XafQmanW_nUb0)8.jpg;https://ei.phncdn.com/videos/201711/02/139438762/original/(m=eaAaGwObaaamqv)(mh=p57XafQmanW_nUb0)9.jpg;https://ei.phncdn.com/videos/201711/02/139438762/original/(m=eaAaGwObaaamqv)(mh=p57XafQmanW_nUb0)10.jpg;https://ei.phncdn.com/videos/201711/02/139438762/original/(m=eaAaGwObaaamqv)(mh=p57XafQmanW_nUb0)11.jpg;https://ei.phncdn.com/videos/201711/02/139438762/original/(m=eaAaGwObaaamqv)(mh=p57XafQmanW_nUb0)12.jpg;https://ei.phncdn.com/videos/201711/02/139438762/original/(m=eaAaGwObaaamqv)(mh=p57XafQmanW_nUb0)13.jpg;https://ei.phncdn.com/videos/201711/02/139438762/original/(m=eaAaGwObaaamqv)(mh=p57XafQmanW_nUb0)14.jpg;https://ei.phncdn.com/videos/201711/02/139438762/original/(m=eaAaGwObaaamqv)(mh=p57XafQmanW_nUb0)15.jpg;https://ei.phncdn.com/videos/201711/02/139438762/original/(m=eaAaGwObaaamqv)(mh=p57XafQmanW_nUb0)16.jpg
<iframe src="https://www.pornhub.com/embed/ph5a486d9fec6e3" frameborder="0" height="481" width="608" scrolling="no"></iframe>|https://ei.phncdn.com/videos/201712/31/147876062/original/(m=eaf8GgaaaWavb)(mh=9RCw_02NjbwRxq8W)2.jpg|https://ei.phncdn.com/videos/201712/31/147876062/original/(m=eaf8GgaaaWavb)(mh=9RCw_02NjbwRxq8W)1.jpg;https://ei.phncdn.com/videos/201712/31/147876062/original/(m=eaf8GgaaaWavb)(mh=9RCw_02NjbwRxq8W)2.jpg;https://ei.phncdn.com/videos/201712/31/147876062/original/(m=eaf8GgaaaWavb)(mh=9RCw_02NjbwRxq8W)3.jpg;https://ei.phncdn.com/videos/201712/31/147876062/original/(m=eaf8GgaaaWavb)(mh=9RCw_02NjbwRxq8W)4.jpg;https://ei.phncdn.com/videos/201712/31/147876062/original/(m=eaf8GgaaaWavb)(mh=9RCw_02NjbwRxq8W)5.jpg;https://ei.phncdn.com/videos/201712/31/147876062/original/(m=eaf8GgaaaWavb)(mh=9RCw_02NjbwRxq8W)6.jpg;https://ei.phncdn.com/videos/201712/31/147876062/original/(m=eaf8GgaaaWavb)(mh=9RCw_02NjbwRxq8W)7.jpg;https://ei.phncdn.com/videos/201712/31/147876062/original/(m=eaf8GgaaaWavb)(mh=9RCw_02NjbwRxq8W)8.jpg;https://ei.phncdn.com/videos/201712/31/147876062/original/(m=eaf8GgaaaWavb)(mh=9RCw_02NjbwRxq8W)9.jpg;https://ei.phncdn.com/videos/201712/31/147876062/original/(m=eaf8GgaaaWavb)(mh=9RCw_02NjbwRxq8W)10.jpg;https://ei.phncdn.com/videos/201712/31/147876062/original/(m=eaf8GgaaaWavb)(mh=9RCw_02NjbwRxq8W)11.jpg;https://ei.phncdn.com/videos/201712/31/147876062/original/(m=eaf8GgaaaWavb)(mh=9RCw_02NjbwRxq8W)12.jpg;https://ei.phncdn.com/videos/201712/31/147876062/original/(m=eaf8GgaaaWavb)(mh=9RCw_02NjbwRxq8W)13.jpg;https://ei.phncdn.com/videos/201712/31/147876062/original/(m=eaf8GgaaaWavb)(mh=9RCw_02NjbwRxq8W)14.jpg;https://ei.phncdn.com/videos/201712/31/147876062/original/(m=eaf8GgaaaWavb)(mh=9RCw_02NjbwRxq8W)15.jpg;https://ei.phncdn.com/videos/201712/31/147876062/original/(m=eaf8GgaaaWavb)(mh=9RCw_02NjbwRxq8W)16.jpg|Date Night 2|teasing;strip|Striptease;Exclusive;Verified Amateurs;Solo Female||139|3034|21|3|https://ei.phncdn.com/videos/201712/31/147876062/original/(m=eaAaGwObaaamqv)(mh=1ff4JXolb_obsUtA)2.jpg|https://ei.phncdn.com/videos/201712/31/147876062/original/(m=eaAaGwObaaamqv)(mh=1ff4JXolb_obsUtA)1.jpg;https://ei.phncdn.com/videos/201712/31/147876062/original/(m=eaAaGwObaaamqv)(mh=1ff4JXolb_obsUtA)2.jpg;https://ei.phncdn.com/videos/201712/31/147876062/original/(m=eaAaGwObaaamqv)(mh=1ff4JXolb_obsUtA)3.jpg;https://ei.phncdn.com/videos/201712/31/147876062/original/(m=eaAaGwObaaamqv)(mh=1ff4JXolb_obsUtA)4.jpg;https://ei.phncdn.com/videos/201712/31/147876062/original/(m=eaAaGwObaaamqv)(mh=1ff4JXolb_obsUtA)5.jpg;https://ei.phncdn.com/videos/201712/31/147876062/original/(m=eaAaGwObaaamqv)(mh=1ff4JXolb_obsUtA)6.jpg;https://ei.phncdn.com/videos/201712/31/147876062/original/(m=eaAaGwObaaamqv)(mh=1ff4JXolb_obsUtA)7.jpg;https://ei.phncdn.com/videos/201712/31/147876062/original/(m=eaAaGwObaaamqv)(mh=1ff4JXolb_obsUtA)8.jpg;https://ei.phncdn.com/videos/201712/31/147876062/original/(m=eaAaGwObaaamqv)(mh=1ff4JXolb_obsUtA)9.jpg;https://ei.phncdn.com/videos/201712/31/147876062/original/(m=eaAaGwObaaamqv)(mh=1ff4JXolb_obsUtA)10.jpg;https://ei.phncdn.com/videos/201712/31/147876062/original/(m=eaAaGwObaaamqv)(mh=1ff4JXolb_obsUtA)11.jpg;https://ei.phncdn.com/videos/201712/31/147876062/original/(m=eaAaGwObaaamqv)(mh=1ff4JXolb_obsUtA)12.jpg;https://ei.phncdn.com/videos/201712/31/147876062/original/(m=eaAaGwObaaamqv)(mh=1ff4JXolb_obsUtA)13.jpg;https://ei.phncdn.com/videos/201712/31/147876062/original/(m=eaAaGwObaaamqv)(mh=1ff4JXolb_obsUtA)14.jpg;https://ei.phncdn.com/videos/201712/31/147876062/original/(m=eaAaGwObaaamqv)(mh=1ff4JXolb_obsUtA)15.jpg;https://ei.phncdn.com/videos/201712/31/147876062/original/(m=eaAaGwObaaamqv)(mh=1ff4JXolb_obsUtA)16.jpg
<iframe src="https://www.pornhub.com/embed/ph5a5314f8ed086" frameborder="0" height="481" width="608" scrolling="no"></iframe>|https://ei.phncdn.com/videos/201801/08/149117042/original/(m=eaf8GgaaaWavb)(mh=vd5O1pRrRxLTWSWr)3.jpg|https://ei.phncdn.com/videos/201801/08/149117042/original/(m=eaf8GgaaaWavb)(mh=vd5O1pRrRxLTWSWr)1.jpg;https://ei.phncdn.com/videos/201801/08/149117042/original/(m=eaf8GgaaaWavb)(mh=vd5O1pRrRxLTWSWr)2.jpg;https://ei.phncdn.com/videos/201801/08/149117042/original/(m=eaf8GgaaaWavb)(mh=vd5O1pRrRxLTWSWr)3.jpg;https://ei.phncdn.com/videos/201801/08/149117042/original/(m=eaf8GgaaaWavb)(mh=vd5O1pRrRxLTWSWr)4.jpg;https://ei.phncdn.com/videos/201801/08/149117042/original/(m=eaf8GgaaaWavb)(mh=vd5O1pRrRxLTWSWr)5.jpg;https://ei.phncdn.com/videos/201801/08/149117042/original/(m=eaf8GgaaaWavb)(mh=vd5O1pRrRxLTWSWr)6.jpg;https://ei.phncdn.com/videos/201801/08/149117042/original/(m=eaf8GgaaaWavb)(mh=vd5O1pRrRxLTWSWr)7.jpg;https://ei.phncdn.com/videos/201801/08/149117042/original/(m=eaf8GgaaaWavb)(mh=vd5O1pRrRxLTWSWr)8.jpg;https://ei.phncdn.com/videos/201801/08/149117042/original/(m=eaf8GgaaaWavb)(mh=vd5O1pRrRxLTWSWr)9.jpg;https://ei.phncdn.com/videos/201801/08/149117042/original/(m=eaf8GgaaaWavb)(mh=vd5O1pRrRxLTWSWr)10.jpg;https://ei.phncdn.com/videos/201801/08/149117042/original/(m=eaf8GgaaaWavb)(mh=vd5O1pRrRxLTWSWr)11.jpg;https://ei.phncdn.com/videos/201801/08/149117042/original/(m=eaf8GgaaaWavb)(mh=vd5O1pRrRxLTWSWr)12.jpg;https://ei.phncdn.com/videos/201801/08/149117042/original/(m=eaf8GgaaaWavb)(mh=vd5O1pRrRxLTWSWr)13.jpg;https://ei.phncdn.com/videos/201801/08/149117042/original/(m=eaf8GgaaaWavb)(mh=vd5O1pRrRxLTWSWr)14.jpg;https://ei.phncdn.com/videos/201801/08/149117042/original/(m=eaf8GgaaaWavb)(mh=vd5O1pRrRxLTWSWr)15.jpg;https://ei.phncdn.com/videos/201801/08/149117042/original/(m=eaf8GgaaaWavb)(mh=vd5O1pRrRxLTWSWr)16.jpg|How to animate a striptease in 3d animation|anime;teasing;striptease;strip-tease;3d-hentai;3d-cartoon;tutorial;3d-animation;3d-hentai-uncensored|Striptease;Cartoon;Exclusive;Verified Amateurs||398|3824|9|9|https://ei.phncdn.com/videos/201801/08/149117042/original/(m=eaAaGwObaaamqv)(mh=DD2zWge5I00M5IP0)3.jpg|https://ei.phncdn.com/videos/201801/08/149117042/original/(m=eaAaGwObaaamqv)(mh=DD2zWge5I00M5IP0)1.jpg;https://ei.phncdn.com/videos/201801/08/149117042/original/(m=eaAaGwObaaamqv)(mh=DD2zWge5I00M5IP0)2.jpg;https://ei.phncdn.com/videos/201801/08/149117042/original/(m=eaAaGwObaaamqv)(mh=DD2zWge5I00M5IP0)3.jpg;https://ei.phncdn.com/videos/201801/08/149117042/original/(m=eaAaGwObaaamqv)(mh=DD2zWge5I00M5IP0)4.jpg;https://ei.phncdn.com/videos/201801/08/149117042/original/(m=eaAaGwObaaamqv)(mh=DD2zWge5I00M5IP0)5.jpg;https://ei.phncdn.com/videos/201801/08/149117042/original/(m=eaAaGwObaaamqv)(mh=DD2zWge5I00M5IP0)6.jpg;https://ei.phncdn.com/videos/201801/08/149117042/original/(m=eaAaGwObaaamqv)(mh=DD2zWge5I00M5IP0)7.jpg;https://ei.phncdn.com/videos/201801/08/149117042/original/(m=eaAaGwObaaamqv)(mh=DD2zWge5I00M5IP0)8.jpg;https://ei.phncdn.com/videos/201801/08/149117042/original/(m=eaAaGwObaaamqv)(mh=DD2zWge5I00M5IP0)9.jpg;https://ei.phncdn.com/videos/201801/08/149117042/original/(m=eaAaGwObaaamqv)(mh=DD2zWge5I00M5IP0)10.jpg;https://ei.phncdn.com/videos/201801/08/149117042/original/(m=eaAaGwObaaamqv)(mh=DD2zWge5I00M5IP0)11.jpg;https://ei.phncdn.com/videos/201801/08/149117042/original/(m=eaAaGwObaaamqv)(mh=DD2zWge5I00M5IP0)12.jpg;https://ei.phncdn.com/videos/201801/08/149117042/original/(m=eaAaGwObaaamqv)(mh=DD2zWge5I00M5IP0)13.jpg;https://ei.phncdn.com/videos/201801/08/149117042/original/(m=eaAaGwObaaamqv)(mh=DD2zWge5I00M5IP0)14.jpg;https://ei.phncdn.com/videos/201801/08/149117042/original/(m=eaAaGwObaaamqv)(mh=DD2zWge5I00M5IP0)15.jpg;https://ei.phncdn.com/videos/201801/08/149117042/original/(m=eaAaGwObaaamqv)(mh=DD2zWge5I00M5IP0)16.jpg
<iframe src="https://www.pornhub.com/embed/ph5a751bc531545" frameborder="0" height="481" width="608" scrolling="no"></iframe>|https://ei.phncdn.com/videos/201802/03/153067272/original/(m=eaf8GgaaaWavb)(mh=436kr-GRqEpXIW-y)15.jpg|https://ei.phncdn.com/videos/201802/03/153067272/original/(m=eaf8GgaaaWavb)(mh=436kr-GRqEpXIW-y)1.jpg;https://ei.phncdn.com/videos/201802/03/153067272/original/(m=eaf8GgaaaWavb)(mh=436kr-GRqEpXIW-y)2.jpg;https://ei.phncdn.com/videos/201802/03/153067272/original/(m=eaf8GgaaaWavb)(mh=436kr-GRqEpXIW-y)3.jpg;https://ei.phncdn.com/videos/201802/03/153067272/original/(m=eaf8GgaaaWavb)(mh=436kr-GRqEpXIW-y)4.jpg;https://ei.phncdn.com/videos/201802/03/153067272/original/(m=eaf8GgaaaWavb)(mh=436kr-GRqEpXIW-y)5.jpg;https://ei.phncdn.com/videos/201802/03/153067272/original/(m=eaf8GgaaaWavb)(mh=436kr-GRqEpXIW-y)6.jpg;https://ei.phncdn.com/videos/201802/03/153067272/original/(m=eaf8GgaaaWavb)(mh=436kr-GRqEpXIW-y)7.jpg;https://ei.phncdn.com/videos/201802/03/153067272/original/(m=eaf8GgaaaWavb)(mh=436kr-GRqEpXIW-y)8.jpg;https://ei.phncdn.com/videos/201802/03/153067272/original/(m=eaf8GgaaaWavb)(mh=436kr-GRqEpXIW-y)9.jpg;https://ei.phncdn.com/videos/201802/03/153067272/original/(m=eaf8GgaaaWavb)(mh=436kr-GRqEpXIW-y)10.jpg;https://ei.phncdn.com/videos/201802/03/153067272/original/(m=eaf8GgaaaWavb)(mh=436kr-GRqEpXIW-y)11.jpg;https://ei.phncdn.com/videos/201802/03/153067272/original/(m=eaf8GgaaaWavb)(mh=436kr-GRqEpXIW-y)12.jpg;https://ei.phncdn.com/videos/201802/03/153067272/original/(m=eaf8GgaaaWavb)(mh=436kr-GRqEpXIW-y)13.jpg;https://ei.phncdn.com/videos/201802/03/153067272/original/(m=eaf8GgaaaWavb)(mh=436kr-GRqEpXIW-y)14.jpg;https://ei.phncdn.com/videos/201802/03/153067272/original/(m=eaf8GgaaaWavb)(mh=436kr-GRqEpXIW-y)15.jpg;https://ei.phncdn.com/videos/201802/03/153067272/original/(m=eaf8GgaaaWavb)(mh=436kr-GRqEpXIW-y)16.jpg|Dancer|stripper;dancer|Striptease;Music;Verified Amateurs;Solo Female||212|209|1|3|https://ei.phncdn.com/videos/201802/03/153067272/original/(m=eaAaGwObaaamqv)(mh=7uEiGDEew1gJN6Sa)15.jpg|https://ei.phncdn.com/videos/201802/03/153067272/original/(m=eaAaGwObaaamqv)(mh=7uEiGDEew1gJN6Sa)1.jpg;https://ei.phncdn.com/videos/201802/03/153067272/original/(m=eaAaGwObaaamqv)(mh=7uEiGDEew1gJN6Sa)2.jpg;https://ei.phncdn.com/videos/201802/03/153067272/original/(m=eaAaGwObaaamqv)(mh=7uEiGDEew1gJN6Sa)3.jpg;https://ei.phncdn.com/videos/201802/03/153067272/original/(m=eaAaGwObaaamqv)(mh=7uEiGDEew1gJN6Sa)4.jpg;https://ei.phncdn.com/videos/201802/03/153067272/original/(m=eaAaGwObaaamqv)(mh=7uEiGDEew1gJN6Sa)5.jpg;https://ei.phncdn.com/videos/201802/03/153067272/original/(m=eaAaGwObaaamqv)(mh=7uEiGDEew1gJN6Sa)6.jpg;https://ei.phncdn.com/videos/201802/03/153067272/original/(m=eaAaGwObaaamqv)(mh=7uEiGDEew1gJN6Sa)7.jpg;https://ei.phncdn.com/videos/201802/03/153067272/original/(m=eaAaGwObaaamqv)(mh=7uEiGDEew1gJN6Sa)8.jpg;https://ei.phncdn.com/videos/201802/03/153067272/original/(m=eaAaGwObaaamqv)(mh=7uEiGDEew1gJN6Sa)9.jpg;https://ei.phncdn.com/videos/201802/03/153067272/original/(m=eaAaGwObaaamqv)(mh=7uEiGDEew1gJN6Sa)10.jpg;https://ei.phncdn.com/videos/201802/03/153067272/original/(m=eaAaGwObaaamqv)(mh=7uEiGDEew1gJN6Sa)11.jpg;https://ei.phncdn.com/videos/201802/03/153067272/original/(m=eaAaGwObaaamqv)(mh=7uEiGDEew1gJN6Sa)12.jpg;https://ei.phncdn.com/videos/201802/03/153067272/original/(m=eaAaGwObaaamqv)(mh=7uEiGDEew1gJN6Sa)13.jpg;https://ei.phncdn.com/videos/201802/03/153067272/original/(m=eaAaGwObaaamqv)(mh=7uEiGDEew1gJN6Sa)14.jpg;https://ei.phncdn.com/videos/201802/03/153067272/original/(m=eaAaGwObaaamqv)(mh=7uEiGDEew1gJN6Sa)15.jpg;https://ei.phncdn.com/videos/201802/03/153067272/original/(m=eaAaGwObaaamqv)(mh=7uEiGDEew1gJN6Sa)16.jpg
<iframe src="https://www.pornhub.com/embed/ph5a751c2be2c05" frameborder="0" height="481" width="608" scrolling="no"></iframe>|https://ei.phncdn.com/videos/201802/03/153067462/original/(m=eaf8GgaaaWavb)(mh=W9f_2NGsfaqcMVZh)16.jpg|https://ei.phncdn.com/videos/201802/03/153067462/original/(m=eaf8GgaaaWavb)(mh=W9f_2NGsfaqcMVZh)1.jpg;https://ei.phncdn.com/videos/201802/03/153067462/original/(m=eaf8GgaaaWavb)(mh=W9f_2NGsfaqcMVZh)2.jpg;https://ei.phncdn.com/videos/201802/03/153067462/original/(m=eaf8GgaaaWavb)(mh=W9f_2NGsfaqcMVZh)3.jpg;https://ei.phncdn.com/videos/201802/03/153067462/original/(m=eaf8GgaaaWavb)(mh=W9f_2NGsfaqcMVZh)4.jpg;https://ei.phncdn.com/videos/201802/03/153067462/original/(m=eaf8GgaaaWavb)(mh=W9f_2NGsfaqcMVZh)5.jpg;https://ei.phncdn.com/videos/201802/03/153067462/original/(m=eaf8GgaaaWavb)(mh=W9f_2NGsfaqcMVZh)6.jpg;https://ei.phncdn.com/videos/201802/03/153067462/original/(m=eaf8GgaaaWavb)(mh=W9f_2NGsfaqcMVZh)7.jpg;https://ei.phncdn.com/videos/201802/03/153067462/original/(m=eaf8GgaaaWavb)(mh=W9f_2NGsfaqcMVZh)8.jpg;https://ei.phncdn.com/videos/201802/03/153067462/original/(m=eaf8GgaaaWavb)(mh=W9f_2NGsfaqcMVZh)9.jpg;https://ei.phncdn.com/videos/201802/03/153067462/original/(m=eaf8GgaaaWavb)(mh=W9f_2NGsfaqcMVZh)10.jpg;https://ei.phncdn.com/videos/201802/03/153067462/original/(m=eaf8GgaaaWavb)(mh=W9f_2NGsfaqcMVZh)11.jpg;https://ei.phncdn.com/videos/201802/03/153067462/original/(m=eaf8GgaaaWavb)(mh=W9f_2NGsfaqcMVZh)12.jpg;https://ei.phncdn.com/videos/201802/03/153067462/original/(m=eaf8GgaaaWavb)(mh=W9f_2NGsfaqcMVZh)13.jpg;https://ei.phncdn.com/videos/201802/03/153067462/original/(m=eaf8GgaaaWavb)(mh=W9f_2NGsfaqcMVZh)14.jpg;https://ei.phncdn.com/videos/201802/03/153067462/original/(m=eaf8GgaaaWavb)(mh=W9f_2NGsfaqcMVZh)15.jpg;https://ei.phncdn.com/videos/201802/03/153067462/original/(m=eaf8GgaaaWavb)(mh=W9f_2NGsfaqcMVZh)16.jpg|Bored|bored;dancer|Striptease;Verified Amateurs;Solo Female||91|715|5|6|https://ei.phncdn.com/videos/201802/03/153067462/original/(m=eaAaGwObaaamqv)(mh=YkK0syU5MtIPpus9)16.jpg|https://ei.phncdn.com/videos/201802/03/153067462/original/(m=eaAaGwObaaamqv)(mh=YkK0syU5MtIPpus9)1.jpg;https://ei.phncdn.com/videos/201802/03/153067462/original/(m=eaAaGwObaaamqv)(mh=YkK0syU5MtIPpus9)2.jpg;https://ei.phncdn.com/videos/201802/03/153067462/original/(m=eaAaGwObaaamqv)(mh=YkK0syU5MtIPpus9)3.jpg;https://ei.phncdn.com/videos/201802/03/153067462/original/(m=eaAaGwObaaamqv)(mh=YkK0syU5MtIPpus9)4.jpg;https://ei.phncdn.com/videos/201802/03/153067462/original/(m=eaAaGwObaaamqv)(mh=YkK0syU5MtIPpus9)5.jpg;https://ei.phncdn.com/videos/201802/03/153067462/original/(m=eaAaGwObaaamqv)(mh=YkK0syU5MtIPpus9)6.jpg;https://ei.phncdn.com/videos/201802/03/153067462/original/(m=eaAaGwObaaamqv)(mh=YkK0syU5MtIPpus9)7.jpg;https://ei.phncdn.com/videos/201802/03/153067462/original/(m=eaAaGwObaaamqv)(mh=YkK0syU5MtIPpus9)8.jpg;https://ei.phncdn.com/videos/201802/03/153067462/original/(m=eaAaGwObaaamqv)(mh=YkK0syU5MtIPpus9)9.jpg;https://ei.phncdn.com/videos/201802/03/153067462/original/(m=eaAaGwObaaamqv)(mh=YkK0syU5MtIPpus9)10.jpg;https://ei.phncdn.com/videos/201802/03/153067462/original/(m=eaAaGwObaaamqv)(mh=YkK0syU5MtIPpus9)11.jpg;https://ei.phncdn.com/videos/201802/03/153067462/original/(m=eaAaGwObaaamqv)(mh=YkK0syU5MtIPpus9)12.jpg;https://ei.phncdn.com/videos/201802/03/153067462/original/(m=eaAaGwObaaamqv)(mh=YkK0syU5MtIPpus9)13.jpg;https://ei.phncdn.com/videos/201802/03/153067462/original/(m=eaAaGwObaaamqv)(mh=YkK0syU5MtIPpus9)14.jpg;https://ei.phncdn.com/videos/201802/03/153067462/original/(m=eaAaGwObaaamqv)(mh=YkK0syU5MtIPpus9)15.jpg;https://ei.phncdn.com/videos/201802/03/153067462/original/(m=eaAaGwObaaamqv)(mh=YkK0syU5MtIPpus9)16.jpg
<iframe src="https://www.pornhub.com/embed/ph5d767732921aa" frameborder="0" height="481" width="608" scrolling="no"></iframe>|https://ei.phncdn.com/videos/201909/10/247504731/original/(m=eaf8GgaaaWavb)(mh=7tbo-zMMX-_pHW1W)16.jpg|https://ei.phncdn.com/videos/201909/10/247504731/original/(m=eaf8GgaaaWavb)(mh=7tbo-zMMX-_pHW1W)1.jpg;https://ei.phncdn.com/videos/201909/10/247504731/original/(m=eaf8GgaaaWavb)(mh=7tbo-zMMX-_pHW1W)2.jpg;https://ei.phncdn.com/videos/201909/10/247504731/original/(m=eaf8GgaaaWavb)(mh=7tbo-zMMX-_pHW1W)3.jpg;https://ei.phncdn.com/videos/201909/10/247504731/original/(m=eaf8GgaaaWavb)(mh=7tbo-zMMX-_pHW1W)4.jpg;https://ei.phncdn.com/videos/201909/10/247504731/original/(m=eaf8GgaaaWavb)(mh=7tbo-zMMX-_pHW1W)5.jpg;https://ei.phncdn.com/videos/201909/10/247504731/original/(m=eaf8GgaaaWavb)(mh=7tbo-zMMX-_pHW1W)6.jpg;https://ei.phncdn.com/videos/201909/10/247504731/original/(m=eaf8GgaaaWavb)(mh=7tbo-zMMX-_pHW1W)7.jpg;https://ei.phncdn.com/videos/201909/10/247504731/original/(m=eaf8GgaaaWavb)(mh=7tbo-zMMX-_pHW1W)8.jpg;https://ei.phncdn.com/videos/201909/10/247504731/original/(m=eaf8GgaaaWavb)(mh=7tbo-zMMX-_pHW1W)9.jpg;https://ei.phncdn.com/videos/201909/10/247504731/original/(m=eaf8GgaaaWavb)(mh=7tbo-zMMX-_pHW1W)10.jpg;https://ei.phncdn.com/videos/201909/10/247504731/original/(m=eaf8GgaaaWavb)(mh=7tbo-zMMX-_pHW1W)11.jpg;https://ei.phncdn.com/videos/201909/10/247504731/original/(m=eaf8GgaaaWavb)(mh=7tbo-zMMX-_pHW1W)12.jpg;https://ei.phncdn.com/videos/201909/10/247504731/original/(m=eaf8GgaaaWavb)(mh=7tbo-zMMX-_pHW1W)13.jpg;https://ei.phncdn.com/videos/201909/10/247504731/original/(m=eaf8GgaaaWavb)(mh=7tbo-zMMX-_pHW1W)14.jpg;https://ei.phncdn.com/videos/201909/10/247504731/original/(m=eaf8GgaaaWavb)(mh=7tbo-zMMX-_pHW1W)15.jpg;https://ei.phncdn.com/videos/201909/10/247504731/original/(m=eaf8GgaaaWavb)(mh=7tbo-zMMX-_pHW1W)16.jpg|Hey I Need Your Help In Return For A Sexy Striptease|boppingbabes;tartan-skirt;school-uniform;dancing;striptease;naked-nude;pussy;ass;tits;nipples;sexy;babe;british;young|Striptease;18-25;Small Tits;British;Solo Female||484|918|13|2|https://ei.phncdn.com/videos/201909/10/247504731/original/(m=eaAaGwObaaamqv)(mh=9E9BJytlrj3IxC4P)16.jpg|https://ei.phncdn.com/videos/201909/10/247504731/original/(m=eaAaGwObaaamqv)(mh=9E9BJytlrj3IxC4P)1.jpg;https://ei.phncdn.com/videos/201909/10/247504731/original/(m=eaAaGwObaaamqv)(mh=9E9BJytlrj3IxC4P)2.jpg;https://ei.phncdn.com/videos/201909/10/247504731/original/(m=eaAaGwObaaamqv)(mh=9E9BJytlrj3IxC4P)3.jpg;https://ei.phncdn.com/videos/201909/10/247504731/original/(m=eaAaGwObaaamqv)(mh=9E9BJytlrj3IxC4P)4.jpg;https://ei.phncdn.com/videos/201909/10/247504731/original/(m=eaAaGwObaaamqv)(mh=9E9BJytlrj3IxC4P)5.jpg;https://ei.phncdn.com/videos/201909/10/247504731/original/(m=eaAaGwObaaamqv)(mh=9E9BJytlrj3IxC4P)6.jpg;https://ei.phncdn.com/videos/201909/10/247504731/original/(m=eaAaGwObaaamqv)(mh=9E9BJytlrj3IxC4P)7.jpg;https://ei.phncdn.com/videos/201909/10/247504731/original/(m=eaAaGwObaaamqv)(mh=9E9BJytlrj3IxC4P)8.jpg;https://ei.phncdn.com/videos/201909/10/247504731/original/(m=eaAaGwObaaamqv)(mh=9E9BJytlrj3IxC4P)9.jpg;https://ei.phncdn.com/videos/201909/10/247504731/original/(m=eaAaGwObaaamqv)(mh=9E9BJytlrj3IxC4P)10.jpg;https://ei.phncdn.com/videos/201909/10/247504731/original/(m=eaAaGwObaaamqv)(mh=9E9BJytlrj3IxC4P)11.jpg;https://ei.phncdn.com/videos/201909/10/247504731/original/(m=eaAaGwObaaamqv)(mh=9E9BJytlrj3IxC4P)12.jpg;https://ei.phncdn.com/videos/201909/10/247504731/original/(m=eaAaGwObaaamqv)(mh=9E9BJytlrj3IxC4P)13.jpg;https://ei.phncdn.com/videos/201909/10/247504731/original/(m=eaAaGwObaaamqv)(mh=9E9BJytlrj3IxC4P)14.jpg;https://ei.phncdn.com/videos/201909/10/247504731/original/(m=eaAaGwObaaamqv)(mh=9E9BJytlrj3IxC4P)15.jpg;https://ei.phncdn.com/videos/201909/10/247504731/original/(m=eaAaGwObaaamqv)(mh=9E9BJytlrj3IxC4P)16.jpg
<iframe src="https://www.pornhub.com/embed/ph5dd8f42856c7f" frameborder="0" height="481" width="608" scrolling="no"></iframe>|https://ei.phncdn.com/videos/201911/23/263599892/original/(m=eaf8GgaaaWavb)(mh=8XRb1nbP7uOyaZDm)3.jpg|https://ei.phncdn.com/videos/201911/23/263599892/original/(m=eaf8GgaaaWavb)(mh=8XRb1nbP7uOyaZDm)1.jpg;https://ei.phncdn.com/videos/201911/23/263599892/original/(m=eaf8GgaaaWavb)(mh=8XRb1nbP7uOyaZDm)2.jpg;https://ei.phncdn.com/videos/201911/23/263599892/original/(m=eaf8GgaaaWavb)(mh=8XRb1nbP7uOyaZDm)3.jpg;https://ei.phncdn.com/videos/201911/23/263599892/original/(m=eaf8GgaaaWavb)(mh=8XRb1nbP7uOyaZDm)4.jpg;https://ei.phncdn.com/videos/201911/23/263599892/original/(m=eaf8GgaaaWavb)(mh=8XRb1nbP7uOyaZDm)5.jpg;https://ei.phncdn.com/videos/201911/23/263599892/original/(m=eaf8GgaaaWavb)(mh=8XRb1nbP7uOyaZDm)6.jpg;https://ei.phncdn.com/videos/201911/23/263599892/original/(m=eaf8GgaaaWavb)(mh=8XRb1nbP7uOyaZDm)7.jpg;https://ei.phncdn.com/videos/201911/23/263599892/original/(m=eaf8GgaaaWavb)(mh=8XRb1nbP7uOyaZDm)8.jpg;https://ei.phncdn.com/videos/201911/23/263599892/original/(m=eaf8GgaaaWavb)(mh=8XRb1nbP7uOyaZDm)9.jpg;https://ei.phncdn.com/videos/201911/23/263599892/original/(m=eaf8GgaaaWavb)(mh=8XRb1nbP7uOyaZDm)10.jpg;https://ei.phncdn.com/videos/201911/23/263599892/original/(m=eaf8GgaaaWavb)(mh=8XRb1nbP7uOyaZDm)11.jpg;https://ei.phncdn.com/videos/201911/23/263599892/original/(m=eaf8GgaaaWavb)(mh=8XRb1nbP7uOyaZDm)12.jpg;https://ei.phncdn.com/videos/201911/23/263599892/original/(m=eaf8GgaaaWavb)(mh=8XRb1nbP7uOyaZDm)13.jpg;https://ei.phncdn.com/videos/201911/23/263599892/original/(m=eaf8GgaaaWavb)(mh=8XRb1nbP7uOyaZDm)14.jpg;https://ei.phncdn.com/videos/201911/23/263599892/original/(m=eaf8GgaaaWavb)(mh=8XRb1nbP7uOyaZDm)15.jpg;https://ei.phncdn.com/videos/201911/23/263599892/original/(m=eaf8GgaaaWavb)(mh=8XRb1nbP7uOyaZDm)16.jpg|18yo Redhead Strips Off Naked In Her Teen Bedroom (VR 180 3D)|zexyvr;petite;redhead;teenager;young;virtual-reality;teen;babe;small-tits;small-boobs;tiny-breasts;british;boobless;a-cup;hard-nipples;erect-nipples|Striptease;18-25;Red Head;Small Tits;College (18+);Virtual Reality;60FPS;Solo Female;180°;3D||637|1903|25|3|https://ei.phncdn.com/videos/201911/23/263599892/original/(m=eaAaGwObaaamqv)(mh=10gJzpqYzPjPE0ik)3.jpg|https://ei.phncdn.com/videos/201911/23/263599892/original/(m=eaAaGwObaaamqv)(mh=10gJzpqYzPjPE0ik)1.jpg;https://ei.phncdn.com/videos/201911/23/263599892/original/(m=eaAaGwObaaamqv)(mh=10gJzpqYzPjPE0ik)2.jpg;https://ei.phncdn.com/videos/201911/23/263599892/original/(m=eaAaGwObaaamqv)(mh=10gJzpqYzPjPE0ik)3.jpg;https://ei.phncdn.com/videos/201911/23/263599892/original/(m=eaAaGwObaaamqv)(mh=10gJzpqYzPjPE0ik)4.jpg;https://ei.phncdn.com/videos/201911/23/263599892/original/(m=eaAaGwObaaamqv)(mh=10gJzpqYzPjPE0ik)5.jpg;https://ei.phncdn.com/videos/201911/23/263599892/original/(m=eaAaGwObaaamqv)(mh=10gJzpqYzPjPE0ik)6.jpg;https://ei.phncdn.com/videos/201911/23/263599892/original/(m=eaAaGwObaaamqv)(mh=10gJzpqYzPjPE0ik)7.jpg;https://ei.phncdn.com/videos/201911/23/263599892/original/(m=eaAaGwObaaamqv)(mh=10gJzpqYzPjPE0ik)8.jpg;https://ei.phncdn.com/videos/201911/23/263599892/original/(m=eaAaGwObaaamqv)(mh=10gJzpqYzPjPE0ik)9.jpg;https://ei.phncdn.com/videos/201911/23/263599892/original/(m=eaAaGwObaaamqv)(mh=10gJzpqYzPjPE0ik)10.jpg;https://ei.phncdn.com/videos/201911/23/263599892/original/(m=eaAaGwObaaamqv)(mh=10gJzpqYzPjPE0ik)11.jpg;https://ei.phncdn.com/videos/201911/23/263599892/original/(m=eaAaGwObaaamqv)(mh=10gJzpqYzPjPE0ik)12.jpg;https://ei.phncdn.com/videos/201911/23/263599892/original/(m=eaAaGwObaaamqv)(mh=10gJzpqYzPjPE0ik)13.jpg;https://ei.phncdn.com/videos/201911/23/263599892/original/(m=eaAaGwObaaamqv)(mh=10gJzpqYzPjPE0ik)14.jpg;https://ei.phncdn.com/videos/201911/23/263599892/original/(m=eaAaGwObaaamqv)(mh=10gJzpqYzPjPE0ik)15.jpg;https://ei.phncdn.com/videos/201911/23/263599892/original/(m=eaAaGwObaaamqv)(mh=10gJzpqYzPjPE0ik)16.jpg
<iframe src="https://www.pornhub.com/embed/659cfb261965d" frameborder="0" height="481" width="608" scrolling="no"></iframe>|https://ei.phncdn.com/videos/202401/09/446190321/original/(m=eaf8GgaaaWavb)(mh=09v6rCdG8pd--G3S)15.jpg|https://ei.phncdn.com/videos/202401/09/446190321/original/(m=eaf8GgaaaWavb)(mh=09v6rCdG8pd--G3S)1.jpg;https://ei.phncdn.com/videos/202401/09/446190321/original/(m=eaf8GgaaaWavb)(mh=09v6rCdG8pd--G3S)2.jpg;https://ei.phncdn.com/videos/202401/09/446190321/original/(m=eaf8GgaaaWavb)(mh=09v6rCdG8pd--G3S)3.jpg;https://ei.phncdn.com/videos/202401/09/446190321/original/(m=eaf8GgaaaWavb)(mh=09v6rCdG8pd--G3S)4.jpg;https://ei.phncdn.com/videos/202401/09/446190321/original/(m=eaf8GgaaaWavb)(mh=09v6rCdG8pd--G3S)5.jpg;https://ei.phncdn.com/videos/202401/09/446190321/original/(m=eaf8GgaaaWavb)(mh=09v6rCdG8pd--G3S)6.jpg;https://ei.phncdn.com/videos/202401/09/446190321/original/(m=eaf8GgaaaWavb)(mh=09v6rCdG8pd--G3S)7.jpg;https://ei.phncdn.com/videos/202401/09/446190321/original/(m=eaf8GgaaaWavb)(mh=09v6rCdG8pd--G3S)8.jpg;https://ei.phncdn.com/videos/202401/09/446190321/original/(m=eaf8GgaaaWavb)(mh=09v6rCdG8pd--G3S)9.jpg;https://ei.phncdn.com/videos/202401/09/446190321/original/(m=eaf8GgaaaWavb)(mh=09v6rCdG8pd--G3S)10.jpg;https://ei.phncdn.com/videos/202401/09/446190321/original/(m=eaf8GgaaaWavb)(mh=09v6rCdG8pd--G3S)11.jpg;https://ei.phncdn.com/videos/202401/09/446190321/original/(m=eaf8GgaaaWavb)(mh=09v6rCdG8pd--G3S)12.jpg;https://ei.phncdn.com/videos/202401/09/446190321/original/(m=eaf8GgaaaWavb)(mh=09v6rCdG8pd--G3S)13.jpg;https://ei.phncdn.com/videos/202401/09/446190321/original/(m=eaf8GgaaaWavb)(mh=09v6rCdG8pd--G3S)14.jpg;https://ei.phncdn.com/videos/202401/09/446190321/original/(m=eaf8GgaaaWavb)(mh=09v6rCdG8pd--G3S)15.jpg;https://ei.phncdn.com/videos/202401/09/446190321/original/(m=eaf8GgaaaWavb)(mh=09v6rCdG8pd--G3S)16.jpg|sexy step mom fucks step son with step sister|big-tits;boobs;step-mom;step-sis;step-son;3some;three-some;milf|Striptease;60FPS;Exclusive;Verified Amateurs;SFW;Step Fantasy||41|365|3|1|https://ei.phncdn.com/videos/202401/09/446190321/original/(m=eaAaGwObaaamqv)(mh=LeWo5hZ4Mp3BKcih)15.jpg|https://ei.phncdn.com/videos/202401/09/446190321/original/(m=eaAaGwObaaamqv)(mh=LeWo5hZ4Mp3BKcih)1.jpg;https://ei.phncdn.com/videos/202401/09/446190321/original/(m=eaAaGwObaaamqv)(mh=LeWo5hZ4Mp3BKcih)2.jpg;https://ei.phncdn.com/videos/202401/09/446190321/original/(m=eaAaGwObaaamqv)(mh=LeWo5hZ4Mp3BKcih)3.jpg;https://ei.phncdn.com/videos/202401/09/446190321/original/(m=eaAaGwObaaamqv)(mh=LeWo5hZ4Mp3BKcih)4.jpg;https://ei.phncdn.com/videos/202401/09/446190321/original/(m=eaAaGwObaaamqv)(mh=LeWo5hZ4Mp3BKcih)5.jpg;https://ei.phncdn.com/videos/202401/09/446190321/original/(m=eaAaGwObaaamqv)(mh=LeWo5hZ4Mp3BKcih)6.jpg;https://ei.phncdn.com/videos/202401/09/446190321/original/(m=eaAaGwObaaamqv)(mh=LeWo5hZ4Mp3BKcih)7.jpg;https://ei.phncdn.com/videos/202401/09/446190321/original/(m=eaAaGwObaaamqv)(mh=LeWo5hZ4Mp3BKcih)8.jpg;https://ei.phncdn.com/videos/202401/09/446190321/original/(m=eaAaGwObaaamqv)(mh=LeWo5hZ4Mp3BKcih)9.jpg;https://ei.phncdn.com/videos/202401/09/446190321/original/(m=eaAaGwObaaamqv)(mh=LeWo5hZ4Mp3BKcih)10.jpg;https://ei.phncdn.com/videos/202401/09/446190321/original/(m=eaAaGwObaaamqv)(mh=LeWo5hZ4Mp3BKcih)11.jpg;https://ei.phncdn.com/videos/202401/09/446190321/original/(m=eaAaGwObaaamqv)(mh=LeWo5hZ4Mp3BKcih)12.jpg;https://ei.phncdn.com/videos/202401/09/446190321/original/(m=eaAaGwObaaamqv)(mh=LeWo5hZ4Mp3BKcih)13.jpg;https://ei.phncdn.com/videos/202401/09/446190321/original/(m=eaAaGwObaaamqv)(mh=LeWo5hZ4Mp3BKcih)14.jpg;https://ei.phncdn.com/videos/202401/09/446190321/original/(m=eaAaGwObaaamqv)(mh=LeWo5hZ4Mp3BKcih)15.jpg;https://ei.phncdn.com/videos/202401/09/446190321/original/(m=eaAaGwObaaamqv)(mh=LeWo5hZ4Mp3BKcih)16.jpg
<iframe src="https://www.pornhub.com/embed/661c61870ad25" frameborder="0" height="481" width="608" scrolling="no"></iframe>|https://ei.phncdn.com/videos/202404/14/451077251/original/(m=eaf8GgaaaWavb)(mh=yVT-C_FUmiNiB4Fk)9.jpg|https://ei.phncdn.com/videos/202404/14/451077251/original/(m=eaf8GgaaaWavb)(mh=yVT-C_FUmiNiB4Fk)1.jpg;https://ei.phncdn.com/videos/202404/14/451077251/original/(m=eaf8GgaaaWavb)(mh=yVT-C_FUmiNiB4Fk)2.jpg;https://ei.phncdn.com/videos/202404/14/451077251/original/(m=eaf8GgaaaWavb)(mh=yVT-C_FUmiNiB4Fk)3.jpg;https://ei.phncdn.com/videos/202404/14/451077251/original/(m=eaf8GgaaaWavb)(mh=yVT-C_FUmiNiB4Fk)4.jpg;https://ei.phncdn.com/videos/202404/14/451077251/original/(m=eaf8GgaaaWavb)(mh=yVT-C_FUmiNiB4Fk)5.jpg;https://ei.phncdn.com/videos/202404/14/451077251/original/(m=eaf8GgaaaWavb)(mh=yVT-C_FUmiNiB4Fk)6.jpg;https://ei.phncdn.com/videos/202404/14/451077251/original/(m=eaf8GgaaaWavb)(mh=yVT-C_FUmiNiB4Fk)7.jpg;https://ei.phncdn.com/videos/202404/14/451077251/original/(m=eaf8GgaaaWavb)(mh=yVT-C_FUmiNiB4Fk)8.jpg;https://ei.phncdn.com/videos/202404/14/451077251/original/(m=eaf8GgaaaWavb)(mh=yVT-C_FUmiNiB4Fk)9.jpg;https://ei.phncdn.com/videos/202404/14/451077251/original/(m=eaf8GgaaaWavb)(mh=yVT-C_FUmiNiB4Fk)10.jpg;https://ei.phncdn.com/videos/202404/14/451077251/original/(m=eaf8GgaaaWavb)(mh=yVT-C_FUmiNiB4Fk)11.jpg;https://ei.phncdn.com/videos/202404/14/451077251/original/(m=eaf8GgaaaWavb)(mh=yVT-C_FUmiNiB4Fk)12.jpg;https://ei.phncdn.com/videos/202404/14/451077251/original/(m=eaf8GgaaaWavb)(mh=yVT-C_FUmiNiB4Fk)13.jpg;https://ei.phncdn.com/videos/202404/14/451077251/original/(m=eaf8GgaaaWavb)(mh=yVT-C_FUmiNiB4Fk)14.jpg;https://ei.phncdn.com/videos/202404/14/451077251/original/(m=eaf8GgaaaWavb)(mh=yVT-C_FUmiNiB4Fk)15.jpg;https://ei.phncdn.com/videos/202404/14/451077251/original/(m=eaf8GgaaaWavb)(mh=yVT-C_FUmiNiB4Fk)16.jpg|Sensual Adventure With Indian Beauty From Asia|eleganxia;sensual;erotic;dancing;desi;undressing;teasing;natural-boobs;natural-tits;long-hair;dress;solo-girl|Striptease;Indian;Music;Solo Female||548|6042|8|5|https://ei.phncdn.com/videos/202404/14/451077251/original/(m=eaAaGwObaaamqv)(mh=n0QKOP9eL1YtL7ro)9.jpg|https://ei.phncdn.com/videos/202404/14/451077251/original/(m=eaAaGwObaaamqv)(mh=n0QKOP9eL1YtL7ro)1.jpg;https://ei.phncdn.com/videos/202404/14/451077251/original/(m=eaAaGwObaaamqv)(mh=n0QKOP9eL1YtL7ro)2.jpg;https://ei.phncdn.com/videos/202404/14/451077251/original/(m=eaAaGwObaaamqv)(mh=n0QKOP9eL1YtL7ro)3.jpg;https://ei.phncdn.com/videos/202404/14/451077251/original/(m=eaAaGwObaaamqv)(mh=n0QKOP9eL1YtL7ro)4.jpg;https://ei.phncdn.com/videos/202404/14/451077251/original/(m=eaAaGwObaaamqv)(mh=n0QKOP9eL1YtL7ro)5.jpg;https://ei.phncdn.com/videos/202404/14/451077251/original/(m=eaAaGwObaaamqv)(mh=n0QKOP9eL1YtL7ro)6.jpg;https://ei.phncdn.com/videos/202404/14/451077251/original/(m=eaAaGwObaaamqv)(mh=n0QKOP9eL1YtL7ro)7.jpg;https://ei.phncdn.com/videos/202404/14/451077251/original/(m=eaAaGwObaaamqv)(mh=n0QKOP9eL1YtL7ro)8.jpg;https://ei.phncdn.com/videos/202404/14/451077251/original/(m=eaAaGwObaaamqv)(mh=n0QKOP9eL1YtL7ro)9.jpg;https://ei.phncdn.com/videos/202404/14/451077251/original/(m=eaAaGwObaaamqv)(mh=n0QKOP9eL1YtL7ro)10.jpg;https://ei.phncdn.com/videos/202404/14/451077251/original/(m=eaAaGwObaaamqv)(mh=n0QKOP9eL1YtL7ro)11.jpg;https://ei.phncdn.com/videos/202404/14/451077251/original/(m=eaAaGwObaaamqv)(mh=n0QKOP9eL1YtL7ro)12.jpg;https://ei.phncdn.com/videos/202404/14/451077251/original/(m=eaAaGwObaaamqv)(mh=n0QKOP9eL1YtL7ro)13.jpg;https://ei.phncdn.com/videos/202404/14/451077251/original/(m=eaAaGwObaaamqv)(mh=n0QKOP9eL1YtL7ro)14.jpg;https://ei.phncdn.com/videos/202404/14/451077251/original/(m=eaAaGwObaaamqv)(mh=n0QKOP9eL1YtL7ro)15.jpg;https://ei.phncdn.com/videos/202404/14/451077251/original/(m=eaAaGwObaaamqv)(mh=n0QKOP9eL1YtL7ro)16.jpg
<iframe src="https://www.pornhub.com/embed/66c147cb2de16" frameborder="0" height="481" width="608" scrolling="no"></iframe>|https://ei.phncdn.com/videos/202408/18/456633131/original/(m=eaf8GgaaaWavb)(mh=vR9XJ5YnI_abEaZp)13.jpg|https://ei.phncdn.com/videos/202408/18/456633131/original/(m=eaf8GgaaaWavb)(mh=vR9XJ5YnI_abEaZp)1.jpg;https://ei.phncdn.com/videos/202408/18/456633131/original/(m=eaf8GgaaaWavb)(mh=vR9XJ5YnI_abEaZp)2.jpg;https://ei.phncdn.com/videos/202408/18/456633131/original/(m=eaf8GgaaaWavb)(mh=vR9XJ5YnI_abEaZp)3.jpg;https://ei.phncdn.com/videos/202408/18/456633131/original/(m=eaf8GgaaaWavb)(mh=vR9XJ5YnI_abEaZp)4.jpg;https://ei.phncdn.com/videos/202408/18/456633131/original/(m=eaf8GgaaaWavb)(mh=vR9XJ5YnI_abEaZp)5.jpg;https://ei.phncdn.com/videos/202408/18/456633131/original/(m=eaf8GgaaaWavb)(mh=vR9XJ5YnI_abEaZp)6.jpg;https://ei.phncdn.com/videos/202408/18/456633131/original/(m=eaf8GgaaaWavb)(mh=vR9XJ5YnI_abEaZp)7.jpg;https://ei.phncdn.com/videos/202408/18/456633131/original/(m=eaf8GgaaaWavb)(mh=vR9XJ5YnI_abEaZp)8.jpg;https://ei.phncdn.com/videos/202408/18/456633131/original/(m=eaf8GgaaaWavb)(mh=vR9XJ5YnI_abEaZp)9.jpg;https://ei.phncdn.com/videos/202408/18/456633131/original/(m=eaf8GgaaaWavb)(mh=vR9XJ5YnI_abEaZp)10.jpg;https://ei.phncdn.com/videos/202408/18/456633131/original/(m=eaf8GgaaaWavb)(mh=vR9XJ5YnI_abEaZp)11.jpg;https://ei.phncdn.com/videos/202408/18/456633131/original/(m=eaf8GgaaaWavb)(mh=vR9XJ5YnI_abEaZp)12.jpg;https://ei.phncdn.com/videos/202408/18/456633131/original/(m=eaf8GgaaaWavb)(mh=vR9XJ5YnI_abEaZp)13.jpg;https://ei.phncdn.com/videos/202408/18/456633131/original/(m=eaf8GgaaaWavb)(mh=vR9XJ5YnI_abEaZp)14.jpg;https://ei.phncdn.com/videos/202408/18/456633131/original/(m=eaf8GgaaaWavb)(mh=vR9XJ5YnI_abEaZp)15.jpg;https://ei.phncdn.com/videos/202408/18/456633131/original/(m=eaf8GgaaaWavb)(mh=vR9XJ5YnI_abEaZp)16.jpg|Erotic Lover From The Mystery Of India|sensual;erotic;artistic;beautiful;beauty;hot;exotic;rose-petals;dancing;belly;sheer-fabric;sheer-clothes;perky-tits|Striptease;Small Tits;Indian;Music;Solo Female||510|16164|25|9|https://ei.phncdn.com/videos/202408/18/456633131/original/(m=eaAaGwObaaamqv)(mh=7VWgEFtVGNDdq4pX)13.jpg|https://ei.phncdn.com/videos/202408/18/456633131/original/(m=eaAaGwObaaamqv)(mh=7VWgEFtVGNDdq4pX)1.jpg;https://ei.phncdn.com/videos/202408/18/456633131/original/(m=eaAaGwObaaamqv)(mh=7VWgEFtVGNDdq4pX)2.jpg;https://ei.phncdn.com/videos/202408/18/456633131/original/(m=eaAaGwObaaamqv)(mh=7VWgEFtVGNDdq4pX)3.jpg;https://ei.phncdn.com/videos/202408/18/456633131/original/(m=eaAaGwObaaamqv)(mh=7VWgEFtVGNDdq4pX)4.jpg;https://ei.phncdn.com/videos/202408/18/456633131/original/(m=eaAaGwObaaamqv)(mh=7VWgEFtVGNDdq4pX)5.jpg;https://ei.phncdn.com/videos/202408/18/456633131/original/(m=eaAaGwObaaamqv)(mh=7VWgEFtVGNDdq4pX)6.jpg;https://ei.phncdn.com/videos/202408/18/456633131/original/(m=eaAaGwObaaamqv)(mh=7VWgEFtVGNDdq4pX)7.jpg;https://ei.phncdn.com/videos/202408/18/456633131/original/(m=eaAaGwObaaamqv)(mh=7VWgEFtVGNDdq4pX)8.jpg;https://ei.phncdn.com/videos/202408/18/456633131/original/(m=eaAaGwObaaamqv)(mh=7VWgEFtVGNDdq4pX)9.jpg;https://ei.phncdn.com/videos/202408/18/456633131/original/(m=eaAaGwObaaamqv)(mh=7VWgEFtVGNDdq4pX)10.jpg;https://ei.phncdn.com/videos/202408/18/456633131/original/(m=eaAaGwObaaamqv)(mh=7VWgEFtVGNDdq4pX)11.jpg;https://ei.phncdn.com/videos/202408/18/456633131/original/(m=eaAaGwObaaamqv)(mh=7VWgEFtVGNDdq4pX)12.jpg;https://ei.phncdn.com/videos/202408/18/456633131/original/(m=eaAaGwObaaamqv)(mh=7VWgEFtVGNDdq4pX)13.jpg;https://ei.phncdn.com/videos/202408/18/456633131/original/(m=eaAaGwObaaamqv)(mh=7VWgEFtVGNDdq4pX)14.jpg;https://ei.phncdn.com/videos/202408/18/456633131/original/(m=eaAaGwObaaamqv)(mh=7VWgEFtVGNDdq4pX)15.jpg;https://ei.phncdn.com/videos/202408/18/456633131/original/(m=eaAaGwObaaamqv)(mh=7VWgEFtVGNDdq4pX)16.jpg
<iframe src="https://www.pornhub.com/embed/682295ac193f0" frameborder="0" height="481" width="608" scrolling="no"></iframe>|https://ei.phncdn.com/videos/202505/13/468563855/original/(m=eaf8GgaaaWavb)(mh=BQq53mv4sgbi5Lf7)12.jpg|https://ei.phncdn.com/videos/202505/13/468563855/original/(m=eaf8GgaaaWavb)(mh=BQq53mv4sgbi5Lf7)1.jpg;https://ei.phncdn.com/videos/202505/13/468563855/original/(m=eaf8GgaaaWavb)(mh=BQq53mv4sgbi5Lf7)2.jpg;https://ei.phncdn.com/videos/202505/13/468563855/original/(m=eaf8GgaaaWavb)(mh=BQq53mv4sgbi5Lf7)3.jpg;https://ei.phncdn.com/videos/202505/13/468563855/original/(m=eaf8GgaaaWavb)(mh=BQq53mv4sgbi5Lf7)4.jpg;https://ei.phncdn.com/videos/202505/13/468563855/original/(m=eaf8GgaaaWavb)(mh=BQq53mv4sgbi5Lf7)5.jpg;https://ei.phncdn.com/videos/202505/13/468563855/original/(m=eaf8GgaaaWavb)(mh=BQq53mv4sgbi5Lf7)6.jpg;https://ei.phncdn.com/videos/202505/13/468563855/original/(m=eaf8GgaaaWavb)(mh=BQq53mv4sgbi5Lf7)7.jpg;https://ei.phncdn.com/videos/202505/13/468563855/original/(m=eaf8GgaaaWavb)(mh=BQq53mv4sgbi5Lf7)8.jpg;https://ei.phncdn.com/videos/202505/13/468563855/original/(m=eaf8GgaaaWavb)(mh=BQq53mv4sgbi5Lf7)9.jpg;https://ei.phncdn.com/videos/202505/13/468563855/original/(m=eaf8GgaaaWavb)(mh=BQq53mv4sgbi5Lf7)10.jpg;https://ei.phncdn.com/videos/202505/13/468563855/original/(m=eaf8GgaaaWavb)(mh=BQq53mv4sgbi5Lf7)11.jpg;https://ei.phncdn.com/videos/202505/13/468563855/original/(m=eaf8GgaaaWavb)(mh=BQq53mv4sgbi5Lf7)12.jpg;https://ei.phncdn.com/videos/202505/13/468563855/original/(m=eaf8GgaaaWavb)(mh=BQq53mv4sgbi5Lf7)13.jpg;https://ei.phncdn.com/videos/202505/13/468563855/original/(m=eaf8GgaaaWavb)(mh=BQq53mv4sgbi5Lf7)14.jpg;https://ei.phncdn.com/videos/202505/13/468563855/original/(m=eaf8GgaaaWavb)(mh=BQq53mv4sgbi5Lf7)15.jpg;https://ei.phncdn.com/videos/202505/13/468563855/original/(m=eaf8GgaaaWavb)(mh=BQq53mv4sgbi5Lf7)16.jpg|Temple of Thrust The Forbidden Kuchipudi Sensual Journey|india;indian;desi;exotic;nude;naked;solo;softcore;erotic;dancing;sensual;solo-girl;teasing;indian-teen;bollywood;bathtub|Striptease;18-25;Small Tits;Indian;Music;Solo Female||659|20327|29|20|https://ei.phncdn.com/videos/202505/13/468563855/original/(m=eaAaGwObaaamqv)(mh=M7iBSEO-pQ_7GXmp)12.jpg|https://ei.phncdn.com/videos/202505/13/468563855/original/(m=eaAaGwObaaamqv)(mh=M7iBSEO-pQ_7GXmp)1.jpg;https://ei.phncdn.com/videos/202505/13/468563855/original/(m=eaAaGwObaaamqv)(mh=M7iBSEO-pQ_7GXmp)2.jpg;https://ei.phncdn.com/videos/202505/13/468563855/original/(m=eaAaGwObaaamqv)(mh=M7iBSEO-pQ_7GXmp)3.jpg;https://ei.phncdn.com/videos/202505/13/468563855/original/(m=eaAaGwObaaamqv)(mh=M7iBSEO-pQ_7GXmp)4.jpg;https://ei.phncdn.com/videos/202505/13/468563855/original/(m=eaAaGwObaaamqv)(mh=M7iBSEO-pQ_7GXmp)5.jpg;https://ei.phncdn.com/videos/202505/13/468563855/original/(m=eaAaGwObaaamqv)(mh=M7iBSEO-pQ_7GXmp)6.jpg;https://ei.phncdn.com/videos/202505/13/468563855/original/(m=eaAaGwObaaamqv)(mh=M7iBSEO-pQ_7GXmp)7.jpg;https://ei.phncdn.com/videos/202505/13/468563855/original/(m=eaAaGwObaaamqv)(mh=M7iBSEO-pQ_7GXmp)8.jpg;https://ei.phncdn.com/videos/202505/13/468563855/original/(m=eaAaGwObaaamqv)(mh=M7iBSEO-pQ_7GXmp)9.jpg;https://ei.phncdn.com/videos/202505/13/468563855/original/(m=eaAaGwObaaamqv)(mh=M7iBSEO-pQ_7GXmp)10.jpg;https://ei.phncdn.com/videos/202505/13/468563855/original/(m=eaAaGwObaaamqv)(mh=M7iBSEO-pQ_7GXmp)11.jpg;https://ei.phncdn.com/videos/202505/13/468563855/original/(m=eaAaGwObaaamqv)(mh=M7iBSEO-pQ_7GXmp)12.jpg;https://ei.phncdn.com/videos/202505/13/468563855/original/(m=eaAaGwObaaamqv)(mh=M7iBSEO-pQ_7GXmp)13.jpg;https://ei.phncdn.com/videos/202505/13/468563855/original/(m=eaAaGwObaaamqv)(mh=M7iBSEO-pQ_7GXmp)14.jpg;https://ei.phncdn.com/videos/202505/13/468563855/original/(m=eaAaGwObaaamqv)(mh=M7iBSEO-pQ_7GXmp)15.jpg;https://ei.phncdn.com/videos/202505/13/468563855/original/(m=eaAaGwObaaamqv)(mh=M7iBSEO-pQ_7GXmp)16.jpg
