embed_html|thumbnail|thumbnail_sequence|title|tags|categories|performer|duration_seconds|views|source_metric_1|source_metric_2|thumbnail_large|thumbnail_sequence_large
<iframe src="https://www.pornhub.com/embed/1198140300" frameborder="0" height="481" width="608" scrolling="no"></iframe>|https://ei.phncdn.com/videos/201207/10/5244458/original/(m=eaf8GgaaaWavb)(mh=mrB2LgKfpfe1Sc-K)9.jpg|https://ei.phncdn.com/videos/201207/10/5244458/original/(m=eaf8GgaaaWavb)(mh=mrB2LgKfpfe1Sc-K)1.jpg;https://ei.phncdn.com/videos/201207/10/5244458/original/(m=eaf8GgaaaWavb)(mh=mrB2LgKfpfe1Sc-K)2.jpg;https://ei.phncdn.com/videos/201207/10/5244458/original/(m=eaf8GgaaaWavb)(mh=mrB2LgKfpfe1Sc-K)3.jpg;https://ei.phncdn.com/videos/201207/10/5244458/original/(m=eaf8GgaaaWavb)(mh=mrB2LgKfpfe1Sc-K)4.jpg;https://ei.phncdn.com/videos/201207/10/5244458/original/(m=eaf8GgaaaWavb)(mh=mrB2LgKfpfe1Sc-K)5.jpg;https://ei.phncdn.com/videos/201207/10/5244458/original/(m=eaf8GgaaaWavb)(mh=mrB2LgKfpfe1Sc-K)6.jpg;https://ei.phncdn.com/videos/201207/10/5244458/original/(m=eaf8GgaaaWavb)(mh=mrB2LgKfpfe1Sc-K)7.jpg;https://ei.phncdn.com/videos/201207/10/5244458/original/(m=eaf8GgaaaWavb)(mh=mrB2LgKfpfe1Sc-K)8.jpg;https://ei.phncdn.com/videos/201207/10/5244458/original/(m=eaf8GgaaaWavb)(mh=mrB2LgKfpfe1Sc-K)9.jpg;https://ei.phncdn.com/videos/201207/10/5244458/original/(m=eaf8GgaaaWavb)(mh=mrB2LgKfpfe1Sc-K)10.jpg;https://ei.phncdn.com/videos/201207/10/5244458/original/(m=eaf8GgaaaWavb)(mh=mrB2LgKfpfe1Sc-K)11.jpg;https://ei.phncdn.com/videos/201207/10/5244458/original/(m=eaf8GgaaaWavb)(mh=mrB2LgKfpfe1Sc-K)12.jpg;https://ei.phncdn.com/videos/201207/10/5244458/original/(m=eaf8GgaaaWavb)(mh=mrB2LgKfpfe1Sc-K)13.jpg;https://ei.phncdn.com/videos/201207/10/5244458/original/(m=eaf8GgaaaWavb)(mh=mrB2LgKfpfe1Sc-K)14.jpg;https://ei.phncdn.com/videos/201207/10/5244458/original/(m=eaf8GgaaaWavb)(mh=mrB2LgKfpfe1Sc-K)15.jpg;https://ei.phncdn.com/videos/201207/10/5244458/original/(m=eaf8GgaaaWavb)(mh=mrB2LgKfpfe1Sc-K)16.jpg|Geiler Usergruppensex|amateur;deutsch;german;gangbang;double-penetration;group-sex;gruppensex;mdh;homemade;dp;user;mydirtyhobby.com|Double Penetration;Gangbang;German||376|163803|267|81|https://ei.phncdn.com/videos/201207/10/5244458/original/(m=eaAaGwObaaamqv)(mh=CdAgmHI1JDwQKhPm)9.jpg|https://ei.phncdn.com/videos/201207/10/5244458/original/(m=eaAaGwObaaamqv)(mh=CdAgmHI1JDwQKhPm)1.jpg;https://ei.phncdn.com/videos/201207/10/5244458/original/(m=eaAaGwObaaamqv)(mh=CdAgmHI1JDwQKhPm)2.jpg;https://ei.phncdn.com/videos/201207/10/5244458/original/(m=eaAaGwObaaamqv)(mh=CdAgmHI1JDwQKhPm)3.jpg;https://ei.phncdn.com/videos/201207/10/5244458/original/(m=eaAaGwObaaamqv)(mh=CdAgmHI1JDwQKhPm)4.jpg;https://ei.phncdn.com/videos/201207/10/5244458/original/(m=eaAaGwObaaamqv)(mh=CdAgmHI1JDwQKhPm)5.jpg;https://ei.phncdn.com/videos/201207/10/5244458/original/(m=eaAaGwObaaamqv)(mh=CdAgmHI1JDwQKhPm)6.jpg;https://ei.phncdn.com/videos/201207/10/5244458/original/(m=eaAaGwObaaamqv)(mh=CdAgmHI1JDwQKhPm)7.jpg;https://ei.phncdn.com/videos/201207/10/5244458/original/(m=eaAaGwObaaamqv)(mh=CdAgmHI1JDwQKhPm)8.jpg;https://ei.phncdn.com/videos/201207/10/5244458/original/(m=eaAaGwObaaamqv)(mh=CdAgmHI1JDwQKhPm)9.jpg;https://ei.phncdn.com/videos/201207/10/5244458/original/(m=eaAaGwObaaamqv)(mh=CdAgmHI1JDwQKhPm)10.jpg;https://ei.phncdn.com/videos/201207/10/5244458/original/(m=eaAaGwObaaamqv)(mh=CdAgmHI1JDwQKhPm)11.jpg;https://ei.phncdn.com/videos/201207/10/5244458/original/(m=eaAaGwObaaamqv)(mh=CdAgmHI1JDwQKhPm)12.jpg;https://ei.phncdn.com/videos/201207/10/5244458/original/(m=eaAaGwObaaamqv)(mh=CdAgmHI1JDwQKhPm)13.jpg;https://ei.phncdn.com/videos/201207/10/5244458/original/(m=eaAaGwObaaamqv)(mh=CdAgmHI1JDwQKhPm)14.jpg;https://ei.phncdn.com/videos/201207/10/5244458/original/(m=eaAaGwObaaamqv)(mh=CdAgmHI1JDwQKhPm)15.jpg;https://ei.phncdn.com/videos/201207/10/5244458/original/(m=eaAaGwObaaamqv)(mh=CdAgmHI1JDwQKhPm)16.jpg
<iframe src="https://www.pornhub.com/embed/1734410150" frameborder="0" height="481" width="608" scrolling="no"></iframe>|https://ei.phncdn.com/videos/201601/17/66291961/original/(m=eaf8GgaaaWavb)(mh=4Jvj8vWvYo0sABHh)9.jpg|https://ei.phncdn.com/videos/201601/17/66291961/original/(m=eaf8GgaaaWavb)(mh=4Jvj8vWvYo0sABHh)1.jpg;https://ei.phncdn.com/videos/201601/17/66291961/original/(m=eaf8GgaaaWavb)(mh=4Jvj8vWvYo0sABHh)2.jpg;https://ei.phncdn.com/videos/201601/17/66291961/original/(m=eaf8GgaaaWavb)(mh=4Jvj8vWvYo0sABHh)3.jpg;https://ei.phncdn.com/videos/201601/17/66291961/original/(m=eaf8GgaaaWavb)(mh=4Jvj8vWvYo0sABHh)4.jpg;https://ei.phncdn.com/videos/201601/17/66291961/original/(m=eaf8GgaaaWavb)(mh=4Jvj8vWvYo0sABHh)5.jpg;https://ei.phncdn.com/videos/201601/17/66291961/original/(m=eaf8GgaaaWavb)(mh=4Jvj8vWvYo0sABHh)6.jpg;https://ei.phncdn.com/videos/201601/17/66291961/original/(m=eaf8GgaaaWavb)(mh=4Jvj8vWvYo0sABHh)7.jpg;https://ei.phncdn.com/videos/201601/17/66291961/original/(m=eaf8GgaaaWavb)(mh=4Jvj8vWvYo0sABHh)8.jpg;https://ei.phncdn.com/videos/201601/17/66291961/original/(m=eaf8GgaaaWavb)(mh=4Jvj8vWvYo0sABHh)9.jpg;https://ei.phncdn.com/videos/201601/17/66291961/original/(m=eaf8GgaaaWavb)(mh=4Jvj8vWvYo0sABHh)10.jpg;https://ei.phncdn.com/videos/201601/17/66291961/original/(m=eaf8GgaaaWavb)(mh=4Jvj8vWvYo0sABHh)11.jpg;https://ei.phncdn.com/videos/201601/17/66291961/original/(m=eaf8GgaaaWavb)(mh=4Jvj8vWvYo0sABHh)12.jpg;https://ei.phncdn.com/videos/201601/17/66291961/original/(m=eaf8GgaaaWavb)(mh=4Jvj8vWvYo0sABHh)13.jpg;https://ei.phncdn.com/videos/201601/17/66291961/original/(m=eaf8GgaaaWavb)(mh=4Jvj8vWvYo0sABHh)14.jpg;https://ei.phncdn.com/videos/201601/17/66291961/original/(m=eaf8GgaaaWavb)(mh=4Jvj8vWvYo0sABHh)15.jpg;https://ei.phncdn.com/videos/201601/17/66291961/original/(m=eaf8GgaaaWavb)(mh=4Jvj8vWvYo0sABHh)16.jpg|deepthroat and dp gangbang orgy|goldwinpass;gangbang;german;deepthroat;rimjob;swinger;lederhose;fuckfest;facial;party;anal;orgy;dp;milf;cock-sucking;uniform|Double Penetration;Gangbang;Role Play;German||768|45829|64|36|https://ei.phncdn.com/videos/201601/17/66291961/original/(m=eaAaGwObaaamqv)(mh=MgcZQpnCHNN7kX-A)9.jpg|https://ei.phncdn.com/videos/201601/17/66291961/original/(m=eaAaGwObaaamqv)(mh=MgcZQpnCHNN7kX-A)1.jpg;https://ei.phncdn.com/videos/201601/17/66291961/original/(m=eaAaGwObaaamqv)(mh=MgcZQpnCHNN7kX-A)2.jpg;https://ei.phncdn.com/videos/201601/17/66291961/original/(m=eaAaGwObaaamqv)(mh=MgcZQpnCHNN7kX-A)3.jpg;https://ei.phncdn.com/videos/201601/17/66291961/original/(m=eaAaGwObaaamqv)(mh=MgcZQpnCHNN7kX-A)4.jpg;https://ei.phncdn.com/videos/201601/17/66291961/original/(m=eaAaGwObaaamqv)(mh=MgcZQpnCHNN7kX-A)5.jpg;https://ei.phncdn.com/videos/201601/17/66291961/original/(m=eaAaGwObaaamqv)(mh=MgcZQpnCHNN7kX-A)6.jpg;https://ei.phncdn.com/videos/201601/17/66291961/original/(m=eaAaGwObaaamqv)(mh=MgcZQpnCHNN7kX-A)7.jpg;https://ei.phncdn.com/videos/201601/17/66291961/original/(m=eaAaGwObaaamqv)(mh=MgcZQpnCHNN7kX-A)8.jpg;https://ei.phncdn.com/videos/201601/17/66291961/original/(m=eaAaGwObaaamqv)(mh=MgcZQpnCHNN7kX-A)9.jpg;https://ei.phncdn.com/videos/201601/17/66291961/original/(m=eaAaGwObaaamqv)(mh=MgcZQpnCHNN7kX-A)10.jpg;https://ei.phncdn.com/videos/201601/17/66291961/original/(m=eaAaGwObaaamqv)(mh=MgcZQpnCHNN7kX-A)11.jpg;https://ei.phncdn.com/videos/201601/17/66291961/original/(m=eaAaGwObaaamqv)(mh=MgcZQpnCHNN7kX-A)12.jpg;https://ei.phncdn.com/videos/201601/17/66291961/original/(m=eaAaGwObaaamqv)(mh=MgcZQpnCHNN7kX-A)13.jpg;https://ei.phncdn.com/videos/201601/17/66291961/original/(m=eaAaGwObaaamqv)(mh=MgcZQpnCHNN7kX-A)14.jpg;https://ei.phncdn.com/videos/201601/17/66291961/original/(m=eaAaGwObaaamqv)(mh=MgcZQpnCHNN7kX-A)15.jpg;https://ei.phncdn.com/videos/201601/17/66291961/original/(m=eaAaGwObaaamqv)(mh=MgcZQpnCHNN7kX-A)16.jpg
<iframe src="https://www.pornhub.com/embed/ph57c27ff0698d9" frameborder="0" height="481" width="608" scrolling="no"></iframe>|https://ei.phncdn.com/videos/201608/28/87329171/original/(m=eaf8GgaaaWavb)(mh=sIKG3xGIEnI84b-U)13.jpg|https://ei.phncdn.com/videos/201608/28/87329171/original/(m=eaf8GgaaaWavb)(mh=sIKG3xGIEnI84b-U)1.jpg;https://ei.phncdn.com/videos/201608/28/87329171/original/(m=eaf8GgaaaWavb)(mh=sIKG3xGIEnI84b-U)2.jpg;https://ei.phncdn.com/videos/201608/28/87329171/original/(m=eaf8GgaaaWavb)(mh=sIKG3xGIEnI84b-U)3.jpg;https://ei.phncdn.com/videos/201608/28/87329171/original/(m=eaf8GgaaaWavb)(mh=sIKG3xGIEnI84b-U)4.jpg;https://ei.phncdn.com/videos/201608/28/87329171/original/(m=eaf8GgaaaWavb)(mh=sIKG3xGIEnI84b-U)5.jpg;https://ei.phncdn.com/videos/201608/28/87329171/original/(m=eaf8GgaaaWavb)(mh=sIKG3xGIEnI84b-U)6.jpg;https://ei.phncdn.com/videos/201608/28/87329171/original/(m=eaf8GgaaaWavb)(mh=sIKG3xGIEnI84b-U)7.jpg;https://ei.phncdn.com/videos/201608/28/87329171/original/(m=eaf8GgaaaWavb)(mh=sIKG3xGIEnI84b-U)8.jpg;https://ei.phncdn.com/videos/201608/28/87329171/original/(m=eaf8GgaaaWavb)(mh=sIKG3xGIEnI84b-U)9.jpg;https://ei.phncdn.com/videos/201608/28/87329171/original/(m=eaf8GgaaaWavb)(mh=sIKG3xGIEnI84b-U)10.jpg;https://ei.phncdn.com/videos/201608/28/87329171/original/(m=eaf8GgaaaWavb)(mh=sIKG3xGIEnI84b-U)11.jpg;https://ei.phncdn.com/videos/201608/28/87329171/original/(m=eaf8GgaaaWavb)(mh=sIKG3xGIEnI84b-U)12.jpg;https://ei.phncdn.com/videos/201608/28/87329171/original/(m=eaf8GgaaaWavb)(mh=sIKG3xGIEnI84b-U)13.jpg;https://ei.phncdn.com/videos/201608/28/87329171/original/(m=eaf8GgaaaWavb)(mh=sIKG3xGIEnI84b-U)14.jpg;https://ei.phncdn.com/videos/201608/28/87329171/original/(m=eaf8GgaaaWavb)(mh=sIKG3xGIEnI84b-U)15.jpg;https://ei.phncdn.com/videos/201608/28/87329171/original/(m=eaf8GgaaaWavb)(mh=sIKG3xGIEnI84b-U)16.jpg|GET THIS FUCKING COCK IN YOUR MOUTH|dp;bbc;ruff-idcj;public|Double Penetration;Solo Male;Verified Amateurs;Behind The Scenes||18|393|||https://ei.phncdn.com/videos/201608/28/87329171/original/(m=eaAaGwObaaamqv)(mh=zUaxhTTYKSBKfvIj)13.jpg|https://ei.phncdn.com/videos/201608/28/87329171/original/(m=eaAaGwObaaamqv)(mh=zUaxhTTYKSBKfvIj)1.jpg;https://ei.phncdn.com/videos/201608/28/87329171/original/(m=eaAaGwObaaamqv)(mh=zUaxhTTYKSBKfvIj)2.jpg;https://ei.phncdn.com/videos/201608/28/87329171/original/(m=eaAaGwObaaamqv)(mh=zUaxhTTYKSBKfvIj)3.jpg;https://ei.phncdn.com/videos/201608/28/87329171/original/(m=eaAaGwObaaamqv)(mh=zUaxhTTYKSBKfvIj)4.jpg;https://ei.phncdn.com/videos/201608/28/87329171/original/(m=eaAaGwObaaamqv)(mh=zUaxhTTYKSBKfvIj)5.jpg;https://ei.phncdn.com/videos/201608/28/87329171/original/(m=eaAaGwObaaamqv)(mh=zUaxhTTYKSBKfvIj)6.jpg;https://ei.phncdn.com/videos/201608/28/87329171/original/(m=eaAaGwObaaamqv)(mh=zUaxhTTYKSBKfvIj)7.jpg;https://ei.phncdn.com/videos/201608/28/87329171/original/(m=eaAaGwObaaamqv)(mh=zUaxhTTYKSBKfvIj)8.jpg;https://ei.phncdn.com/videos/201608/28/87329171/original/(m=eaAaGwObaaamqv)(mh=zUaxhTTYKSBKfvIj)9.jpg;https://ei.phncdn.com/videos/201608/28/87329171/original/(m=eaAaGwObaaamqv)(mh=zUaxhTTYKSBKfvIj)10.jpg;https://ei.phncdn.com/videos/201608/28/87329171/original/(m=eaAaGwObaaamqv)(mh=zUaxhTTYKSBKfvIj)11.jpg;https://ei.phncdn.com/videos/201608/28/87329171/original/(m=eaAaGwObaaamqv)(mh=zUaxhTTYKSBKfvIj)12.jpg;https://ei.phncdn.com/videos/201608/28/87329171/original/(m=eaAaGwObaaamqv)(mh=zUaxhTTYKSBKfvIj)13.jpg;https://ei.phncdn.com/videos/201608/28/87329171/original/(m=eaAaGwObaaamqv)(mh=zUaxhTTYKSBKfvIj)14.jpg;https://ei.phncdn.com/videos/201608/28/87329171/original/(m=eaAaGwObaaamqv)(mh=zUaxhTTYKSBKfvIj)15.jpg;https://ei.phncdn.com/videos/201608/28/87329171/original/(m=eaAaGwObaaamqv)(mh=zUaxhTTYKSBKfvIj)16.jpg
<iframe src="https://www.pornhub.com/embed/ph58f1caa5d3acf" frameborder="0" height="481" width="608" scrolling="no"></iframe>|https://ei.phncdn.com/videos/201704/15/113288971/original/(m=eaf8GgaaaWavb)(mh=jZerdSvD7ZM7i8mF)2.jpg|https://ei.phncdn.com/videos/201704/15/113288971/original/(m=eaf8GgaaaWavb)(mh=jZerdSvD7ZM7i8mF)1.jpg;https://ei.phncdn.com/videos/201704/15/113288971/original/(m=eaf8GgaaaWavb)(mh=jZerdSvD7ZM7i8mF)2.jpg;https://ei.phncdn.com/videos/201704/15/113288971/original/(m=eaf8GgaaaWavb)(mh=jZerdSvD7ZM7i8mF)3.jpg;https://ei.phncdn.com/videos/201704/15/113288971/original/(m=eaf8GgaaaWavb)(mh=jZerdSvD7ZM7i8mF)4.jpg;https://ei.phncdn.com/videos/201704/15/113288971/original/(m=eaf8GgaaaWavb)(mh=jZerdSvD7ZM7i8mF)5.jpg;https://ei.phncdn.com/videos/201704/15/113288971/original/(m=eaf8GgaaaWavb)(mh=jZerdSvD7ZM7i8mF)6.jpg;https://ei.phncdn.com/videos/201704/15/113288971/original/(m=eaf8GgaaaWavb)(mh=jZerdSvD7ZM7i8mF)7.jpg;https://ei.phncdn.com/videos/201704/15/113288971/original/(m=eaf8GgaaaWavb)(mh=jZerdSvD7ZM7i8mF)8.jpg;https://ei.phncdn.com/videos/201704/15/113288971/original/(m=eaf8GgaaaWavb)(mh=jZerdSvD7ZM7i8mF)9.jpg;https://ei.phncdn.com/videos/201704/15/113288971/original/(m=eaf8GgaaaWavb)(mh=jZerdSvD7ZM7i8mF)10.jpg;https://ei.phncdn.com/videos/201704/15/113288971/original/(m=eaf8GgaaaWavb)(mh=jZerdSvD7ZM7i8mF)11.jpg;https://ei.phncdn.com/videos/201704/15/113288971/original/(m=eaf8GgaaaWavb)(mh=jZerdSvD7ZM7i8mF)12.jpg;https://ei.phncdn.com/videos/201704/15/113288971/original/(m=eaf8GgaaaWavb)(mh=jZerdSvD7ZM7i8mF)13.jpg;https://ei.phncdn.com/videos/201704/15/113288971/original/(m=eaf8GgaaaWavb)(mh=jZerdSvD7ZM7i8mF)14.jpg;https://ei.phncdn.com/videos/201704/15/113288971/original/(m=eaf8GgaaaWavb)(mh=jZerdSvD7ZM7i8mF)15.jpg;https://ei.phncdn.com/videos/201704/15/113288971/original/(m=eaf8GgaaaWavb)(mh=jZerdSvD7ZM7i8mF)16.jpg|hot french teens first anal orgy|analfrench;ass-fuck;teenager;young;anal;analsex;french;teen;bukkake;facial;gangbang;orgy;firstanal;assfuck;virgins;firsttimers|Double Penetration;Gangbang;Role Play;French||738|668808|1117|298|https://ei.phncdn.com/videos/201704/15/113288971/original/(m=eaAaGwObaaamqv)(mh=7vW327680kDLjrm2)2.jpg|https://ei.phncdn.com/videos/201704/15/113288971/original/(m=eaAaGwObaaamqv)(mh=7vW327680kDLjrm2)1.jpg;https://ei.phncdn.com/videos/201704/15/113288971/original/(m=eaAaGwObaaamqv)(mh=7vW327680kDLjrm2)2.jpg;https://ei.phncdn.com/videos/201704/15/113288971/original/(m=eaAaGwObaaamqv)(mh=7vW327680kDLjrm2)3.jpg;https://ei.phncdn.com/videos/201704/15/113288971/original/(m=eaAaGwObaaamqv)(mh=7vW327680kDLjrm2)4.jpg;https://ei.phncdn.com/videos/201704/15/113288971/original/(m=eaAaGwObaaamqv)(mh=7vW327680kDLjrm2)5.jpg;https://ei.phncdn.com/videos/201704/15/113288971/original/(m=eaAaGwObaaamqv)(mh=7vW327680kDLjrm2)6.jpg;https://ei.phncdn.com/videos/201704/15/113288971/original/(m=eaAaGwObaaamqv)(mh=7vW327680kDLjrm2)7.jpg;https://ei.phncdn.com/videos/201704/15/113288971/original/(m=eaAaGwObaaamqv)(mh=7vW327680kDLjrm2)8.jpg;https://ei.phncdn.com/videos/201704/15/113288971/original/(m=eaAaGwObaaamqv)(mh=7vW327680kDLjrm2)9.jpg;https://ei.phncdn.com/videos/201704/15/113288971/original/(m=eaAaGwObaaamqv)(mh=7vW327680kDLjrm2)10.jpg;https://ei.phncdn.com/videos/201704/15/113288971/original/(m=eaAaGwObaaamqv)(mh=7vW327680kDLjrm2)11.jpg;https://ei.phncdn.com/videos/201704/15/113288971/original/(m=eaAaGwObaaamqv)(mh=7vW327680kDLjrm2)12.jpg;https://ei.phncdn.com/videos/201704/15/113288971/original/(m=eaAaGwObaaamqv)(mh=7vW327680kDLjrm2)13.jpg;https://ei.phncdn.com/videos/201704/15/113288971/original/(m=eaAaGwObaaamqv)(mh=7vW327680kDLjrm2)14.jpg;https://ei.phncdn.com/videos/201704/15/113288971/original/(m=eaAaGwObaaamqv)(mh=7vW327680kDLjrm2)15.jpg;https://ei.phncdn.com/videos/201704/15/113288971/original/(m=eaAaGwObaaamqv)(mh=7vW327680kDLjrm2)16.jpg
<iframe src="https://www.pornhub.com/embed/ph593851d003875" frameborder="0" height="481" width="608" scrolling="no"></iframe>|https://ei.phncdn.com/videos/201706/07/119520841/original/(m=eaf8GgaaaWavb)(mh=Grj8aDfzA5BUhCgU)12.jpg|https://ei.phncdn.com/videos/201706/07/119520841/original/(m=eaf8GgaaaWavb)(mh=Grj8aDfzA5BUhCgU)1.jpg;https://ei.phncdn.com/videos/201706/07/119520841/original/(m=eaf8GgaaaWavb)(mh=Grj8aDfzA5BUhCgU)2.jpg;https://ei.phncdn.com/videos/201706/07/119520841/original/(m=eaf8GgaaaWavb)(mh=Grj8aDfzA5BUhCgU)3.jpg;https://ei.phncdn.com/videos/201706/07/119520841/original/(m=eaf8GgaaaWavb)(mh=Grj8aDfzA5BUhCgU)4.jpg;https://ei.phncdn.com/videos/201706/07/119520841/original/(m=eaf8GgaaaWavb)(mh=Grj8aDfzA5BUhCgU)5.jpg;https://ei.phncdn.com/videos/201706/07/119520841/original/(m=eaf8GgaaaWavb)(mh=Grj8aDfzA5BUhCgU)6.jpg;https://ei.phncdn.com/videos/201706/07/119520841/original/(m=eaf8GgaaaWavb)(mh=Grj8aDfzA5BUhCgU)7.jpg;https://ei.phncdn.com/videos/201706/07/119520841/original/(m=eaf8GgaaaWavb)(mh=Grj8aDfzA5BUhCgU)8.jpg;https://ei.phncdn.com/videos/201706/07/119520841/original/(m=eaf8GgaaaWavb)(mh=Grj8aDfzA5BUhCgU)9.jpg;https://ei.phncdn.com/videos/201706/07/119520841/original/(m=eaf8GgaaaWavb)(mh=Grj8aDfzA5BUhCgU)10.jpg;https://ei.phncdn.com/videos/201706/07/119520841/original/(m=eaf8GgaaaWavb)(mh=Grj8aDfzA5BUhCgU)11.jpg;https://ei.phncdn.com/videos/201706/07/119520841/original/(m=eaf8GgaaaWavb)(mh=Grj8aDfzA5BUhCgU)12.jpg;https://ei.phncdn.com/videos/201706/07/119520841/original/(m=eaf8GgaaaWavb)(mh=Grj8aDfzA5BUhCgU)13.jpg;https://ei.phncdn.com/videos/201706/07/119520841/original/(m=eaf8GgaaaWavb)(mh=Grj8aDfzA5BUhCgU)14.jpg;https://ei.phncdn.com/videos/201706/07/119520841/original/(m=eaf8GgaaaWavb)(mh=Grj8aDfzA5BUhCgU)15.jpg;https://ei.phncdn.com/videos/201706/07/119520841/original/(m=eaf8GgaaaWavb)(mh=Grj8aDfzA5BUhCgU)16.jpg|вдларм|dp;длам;лдвап|Double Penetration;Cartoon||122|314|0|1|https://ei.phncdn.com/videos/201706/07/119520841/original/(m=eaAaGwObaaamqv)(mh=ofiKhAuBt0lOy9fd)12.jpg|https://ei.phncdn.com/videos/201706/07/119520841/original/(m=eaAaGwObaaamqv)(mh=ofiKhAuBt0lOy9fd)1.jpg;https://ei.phncdn.com/videos/201706/07/119520841/original/(m=eaAaGwObaaamqv)(mh=ofiKhAuBt0lOy9fd)2.jpg;https://ei.phncdn.com/videos/201706/07/119520841/original/(m=eaAaGwObaaamqv)(mh=ofiKhAuBt0lOy9fd)3.jpg;https://ei.phncdn.com/videos/201706/07/119520841/original/(m=eaAaGwObaaamqv)(mh=ofiKhAuBt0lOy9fd)4.jpg;https://ei.phncdn.com/videos/201706/07/119520841/original/(m=eaAaGwObaaamqv)(mh=ofiKhAuBt0lOy9fd)5.jpg;https://ei.phncdn.com/videos/201706/07/119520841/original/(m=eaAaGwObaaamqv)(mh=ofiKhAuBt0lOy9fd)6.jpg;https://ei.phncdn.com/videos/201706/07/119520841/original/(m=eaAaGwObaaamqv)(mh=ofiKhAuBt0lOy9fd)7.jpg;https://ei.phncdn.com/videos/201706/07/119520841/original/(m=eaAaGwObaaamqv)(mh=ofiKhAuBt0lOy9fd)8.jpg;https://ei.phncdn.com/videos/201706/07/119520841/original/(m=eaAaGwObaaamqv)(mh=ofiKhAuBt0lOy9fd)9.jpg;https://ei.phncdn.com/videos/201706/07/119520841/original/(m=eaAaGwObaaamqv)(mh=ofiKhAuBt0lOy9fd)10.jpg;https://ei.phncdn.com/videos/201706/07/119520841/original/(m=eaAaGwObaaamqv)(mh=ofiKhAuBt0lOy9fd)11.jpg;https://ei.phncdn.com/videos/201706/07/119520841/original/(m=eaAaGwObaaamqv)(mh=ofiKhAuBt0lOy9fd)12.jpg;https://ei.phncdn.com/videos/201706/07/119520841/original/(m=eaAaGwObaaamqv)(mh=ofiKhAuBt0lOy9fd)13.jpg;https://ei.phncdn.com/videos/201706/07/119520841/original/(m=eaAaGwObaaamqv)(mh=ofiKhAuBt0lOy9fd)14.jpg;https://ei.phncdn.com/videos/201706/07/119520841/original/(m=eaAaGwObaaamqv)(mh=ofiKhAuBt0lOy9fd)15.jpg;https://ei.phncdn.com/videos/201706/07/119520841/original/(m=eaAaGwObaaamqv)(mh=ofiKhAuBt0lOy9fd)16.jpg
<iframe src="https://www.pornhub.com/embed/ph59385cffa7cbe" frameborder="0" height="481" width="608" scrolling="no"></iframe>|https://ei.phncdn.com/videos/201706/07/119525741/original/(m=eaf8GgaaaWavb)(mh=KqZg3Glmw_7LWNQb)12.jpg|https://ei.phncdn.com/videos/201706/07/119525741/original/(m=eaf8GgaaaWavb)(mh=KqZg3Glmw_7LWNQb)1.jpg;https://ei.phncdn.com/videos/201706/07/119525741/original/(m=eaf8GgaaaWavb)(mh=KqZg3Glmw_7LWNQb)2.jpg;https://ei.phncdn.com/videos/201706/07/119525741/original/(m=eaf8GgaaaWavb)(mh=KqZg3Glmw_7LWNQb)3.jpg;https://ei.phncdn.com/videos/201706/07/119525741/original/(m=eaf8GgaaaWavb)(mh=KqZg3Glmw_7LWNQb)4.jpg;https://ei.phncdn.com/videos/201706/07/119525741/original/(m=eaf8GgaaaWavb)(mh=KqZg3Glmw_7LWNQb)5.jpg;https://ei.phncdn.com/videos/201706/07/119525741/original/(m=eaf8GgaaaWavb)(mh=KqZg3Glmw_7LWNQb)6.jpg;https://ei.phncdn.com/videos/201706/07/119525741/original/(m=eaf8GgaaaWavb)(mh=KqZg3Glmw_7LWNQb)7.jpg;https://ei.phncdn.com/videos/201706/07/119525741/original/(m=eaf8GgaaaWavb)(mh=KqZg3Glmw_7LWNQb)8.jpg;https://ei.phncdn.com/videos/201706/07/119525741/original/(m=eaf8GgaaaWavb)(mh=KqZg3Glmw_7LWNQb)9.jpg;https://ei.phncdn.com/videos/201706/07/119525741/original/(m=eaf8GgaaaWavb)(mh=KqZg3Glmw_7LWNQb)10.jpg;https://ei.phncdn.com/videos/201706/07/119525741/original/(m=eaf8GgaaaWavb)(mh=KqZg3Glmw_7LWNQb)11.jpg;https://ei.phncdn.com/videos/201706/07/119525741/original/(m=eaf8GgaaaWavb)(mh=KqZg3Glmw_7LWNQb)12.jpg;https://ei.phncdn.com/videos/201706/07/119525741/original/(m=eaf8GgaaaWavb)(mh=KqZg3Glmw_7LWNQb)13.jpg;https://ei.phncdn.com/videos/201706/07/119525741/original/(m=eaf8GgaaaWavb)(mh=KqZg3Glmw_7LWNQb)14.jpg;https://ei.phncdn.com/videos/201706/07/119525741/original/(m=eaf8GgaaaWavb)(mh=KqZg3Glmw_7LWNQb)15.jpg;https://ei.phncdn.com/videos/201706/07/119525741/original/(m=eaf8GgaaaWavb)(mh=KqZg3Glmw_7LWNQb)16.jpg|вм лтвдаь|dp;вамд|Double Penetration||211|82|||https://ei.phncdn.com/videos/201706/07/119525741/original/(m=eaAaGwObaaamqv)(mh=35oxVtGmnjoYdCP0)12.jpg|https://ei.phncdn.com/videos/201706/07/119525741/original/(m=eaAaGwObaaamqv)(mh=35oxVtGmnjoYdCP0)1.jpg;https://ei.phncdn.com/videos/201706/07/119525741/original/(m=eaAaGwObaaamqv)(mh=35oxVtGmnjoYdCP0)2.jpg;https://ei.phncdn.com/videos/201706/07/119525741/original/(m=eaAaGwObaaamqv)(mh=35oxVtGmnjoYdCP0)3.jpg;https://ei.phncdn.com/videos/201706/07/119525741/original/(m=eaAaGwObaaamqv)(mh=35oxVtGmnjoYdCP0)4.jpg;https://ei.phncdn.com/videos/201706/07/119525741/original/(m=eaAaGwObaaamqv)(mh=35oxVtGmnjoYdCP0)5.jpg;https://ei.phncdn.com/videos/201706/07/119525741/original/(m=eaAaGwObaaamqv)(mh=35oxVtGmnjoYdCP0)6.jpg;https://ei.phncdn.com/videos/201706/07/119525741/original/(m=eaAaGwObaaamqv)(mh=35oxVtGmnjoYdCP0)7.jpg;https://ei.phncdn.com/videos/201706/07/119525741/original/(m=eaAaGwObaaamqv)(mh=35oxVtGmnjoYdCP0)8.jpg;https://ei.phncdn.com/videos/201706/07/119525741/original/(m=eaAaGwObaaamqv)(mh=35oxVtGmnjoYdCP0)9.jpg;https://ei.phncdn.com/videos/201706/07/119525741/original/(m=eaAaGwObaaamqv)(mh=35oxVtGmnjoYdCP0)10.jpg;https://ei.phncdn.com/videos/201706/07/119525741/original/(m=eaAaGwObaaamqv)(mh=35oxVtGmnjoYdCP0)11.jpg;https://ei.phncdn.com/videos/201706/07/119525741/original/(m=eaAaGwObaaamqv)(mh=35oxVtGmnjoYdCP0)12.jpg;https://ei.phncdn.com/videos/201706/07/119525741/original/(m=eaAaGwObaaamqv)(mh=35oxVtGmnjoYdCP0)13.jpg;https://ei.phncdn.com/videos/201706/07/119525741/original/(m=eaAaGwObaaamqv)(mh=35oxVtGmnjoYdCP0)14.jpg;https://ei.phncdn.com/videos/201706/07/119525741/original/(m=eaAaGwObaaamqv)(mh=35oxVtGmnjoYdCP0)15.jpg;https://ei.phncdn.com/videos/201706/07/119525741/original/(m=eaAaGwObaaamqv)(mh=35oxVtGmnjoYdCP0)16.jpg
<iframe src="https://www.pornhub.com/embed/ph5989bd8a432ea" frameborder="0" height="481" width="608" scrolling="no"></iframe>|https://ei.phncdn.com/videos/201708/08/127768831/original/(m=eaf8GgaaaWavb)(mh=4ZC3jY7H0BWdPcbW)13.jpg|https://ei.phncdn.com/videos/201708/08/127768831/original/(m=eaf8GgaaaWavb)(mh=4ZC3jY7H0BWdPcbW)1.jpg;https://ei.phncdn.com/videos/201708/08/127768831/original/(m=eaf8GgaaaWavb)(mh=4ZC3jY7H0BWdPcbW)2.jpg;https://ei.phncdn.com/videos/201708/08/127768831/original/(m=eaf8GgaaaWavb)(mh=4ZC3jY7H0BWdPcbW)3.jpg;https://ei.phncdn.com/videos/201708/08/127768831/original/(m=eaf8GgaaaWavb)(mh=4ZC3jY7H0BWdPcbW)4.jpg;https://ei.phncdn.com/videos/201708/08/127768831/original/(m=eaf8GgaaaWavb)(mh=4ZC3jY7H0BWdPcbW)5.jpg;https://ei.phncdn.com/videos/201708/08/127768831/original/(m=eaf8GgaaaWavb)(mh=4ZC3jY7H0BWdPcbW)6.jpg;https://ei.phncdn.com/videos/201708/08/127768831/original/(m=eaf8GgaaaWavb)(mh=4ZC3jY7H0BWdPcbW)7.jpg;https://ei.phncdn.com/videos/201708/08/127768831/original/(m=eaf8GgaaaWavb)(mh=4ZC3jY7H0BWdPcbW)8.jpg;https://ei.phncdn.com/videos/201708/08/127768831/original/(m=eaf8GgaaaWavb)(mh=4ZC3jY7H0BWdPcbW)9.jpg;https://ei.phncdn.com/videos/201708/08/127768831/original/(m=eaf8GgaaaWavb)(mh=4ZC3jY7H0BWdPcbW)10.jpg;https://ei.phncdn.com/videos/201708/08/127768831/original/(m=eaf8GgaaaWavb)(mh=4ZC3jY7H0BWdPcbW)11.jpg;https://ei.phncdn.com/videos/201708/08/127768831/original/(m=eaf8GgaaaWavb)(mh=4ZC3jY7H0BWdPcbW)12.jpg;https://ei.phncdn.com/videos/201708/08/127768831/original/(m=eaf8GgaaaWavb)(mh=4ZC3jY7H0BWdPcbW)13.jpg;https://ei.phncdn.com/videos/201708/08/127768831/original/(m=eaf8GgaaaWavb)(mh=4ZC3jY7H0BWdPcbW)14.jpg;https://ei.phncdn.com/videos/201708/08/127768831/original/(m=eaf8GgaaaWavb)(mh=4ZC3jY7H0BWdPcbW)15.jpg;https://ei.phncdn.com/videos/201708/08/127768831/original/(m=eaf8GgaaaWavb)(mh=4ZC3jY7H0BWdPcbW)16.jpg|german chocolade babe anal gangbanged|extrememoviepass;dp;groupsex;gangbang;anal;party;orgy;black;doublepenetration;amateur;deepthroat;german;gagging;swallow;facial;bukkake|Double Penetration;Gangbang;German||715|13461|41|16|https://ei.phncdn.com/videos/201708/08/127768831/original/(m=eaAaGwObaaamqv)(mh=CevJqEZtJhvNCNnP)13.jpg|https://ei.phncdn.com/videos/201708/08/127768831/original/(m=eaAaGwObaaamqv)(mh=CevJqEZtJhvNCNnP)1.jpg;https://ei.phncdn.com/videos/201708/08/127768831/original/(m=eaAaGwObaaamqv)(mh=CevJqEZtJhvNCNnP)2.jpg;https://ei.phncdn.com/videos/201708/08/127768831/original/(m=eaAaGwObaaamqv)(mh=CevJqEZtJhvNCNnP)3.jpg;https://ei.phncdn.com/videos/201708/08/127768831/original/(m=eaAaGwObaaamqv)(mh=CevJqEZtJhvNCNnP)4.jpg;https://ei.phncdn.com/videos/201708/08/127768831/original/(m=eaAaGwObaaamqv)(mh=CevJqEZtJhvNCNnP)5.jpg;https://ei.phncdn.com/videos/201708/08/127768831/original/(m=eaAaGwObaaamqv)(mh=CevJqEZtJhvNCNnP)6.jpg;https://ei.phncdn.com/videos/201708/08/127768831/original/(m=eaAaGwObaaamqv)(mh=CevJqEZtJhvNCNnP)7.jpg;https://ei.phncdn.com/videos/201708/08/127768831/original/(m=eaAaGwObaaamqv)(mh=CevJqEZtJhvNCNnP)8.jpg;https://ei.phncdn.com/videos/201708/08/127768831/original/(m=eaAaGwObaaamqv)(mh=CevJqEZtJhvNCNnP)9.jpg;https://ei.phncdn.com/videos/201708/08/127768831/original/(m=eaAaGwObaaamqv)(mh=CevJqEZtJhvNCNnP)10.jpg;https://ei.phncdn.com/videos/201708/08/127768831/original/(m=eaAaGwObaaamqv)(mh=CevJqEZtJhvNCNnP)11.jpg;https://ei.phncdn.com/videos/201708/08/127768831/original/(m=eaAaGwObaaamqv)(mh=CevJqEZtJhvNCNnP)12.jpg;https://ei.phncdn.com/videos/201708/08/127768831/original/(m=eaAaGwObaaamqv)(mh=CevJqEZtJhvNCNnP)13.jpg;https://ei.phncdn.com/videos/201708/08/127768831/original/(m=eaAaGwObaaamqv)(mh=CevJqEZtJhvNCNnP)14.jpg;https://ei.phncdn.com/videos/201708/08/127768831/original/(m=eaAaGwObaaamqv)(mh=CevJqEZtJhvNCNnP)15.jpg;https://ei.phncdn.com/videos/201708/08/127768831/original/(m=eaAaGwObaaamqv)(mh=CevJqEZtJhvNCNnP)16.jpg
<iframe src="https://www.pornhub.com/embed/ph59c6cb8a7412e" frameborder="0" height="481" width="608" scrolling="no"></iframe>|https://ei.phncdn.com/videos/201709/23/134035781/original/(m=eaf8GgaaaWavb)(mh=MlvOV8yKSzetXA0r)16.jpg|https://ei.phncdn.com/videos/201709/23/134035781/original/(m=eaf8GgaaaWavb)(mh=MlvOV8yKSzetXA0r)1.jpg;https://ei.phncdn.com/videos/201709/23/134035781/original/(m=eaf8GgaaaWavb)(mh=MlvOV8yKSzetXA0r)2.jpg;https://ei.phncdn.com/videos/201709/23/134035781/original/(m=eaf8GgaaaWavb)(mh=MlvOV8yKSzetXA0r)3.jpg;https://ei.phncdn.com/videos/201709/23/134035781/original/(m=eaf8GgaaaWavb)(mh=MlvOV8yKSzetXA0r)4.jpg;https://ei.phncdn.com/videos/201709/23/134035781/original/(m=eaf8GgaaaWavb)(mh=MlvOV8yKSzetXA0r)5.jpg;https://ei.phncdn.com/videos/201709/23/134035781/original/(m=eaf8GgaaaWavb)(mh=MlvOV8yKSzetXA0r)6.jpg;https://ei.phncdn.com/videos/201709/23/134035781/original/(m=eaf8GgaaaWavb)(mh=MlvOV8yKSzetXA0r)7.jpg;https://ei.phncdn.com/videos/201709/23/134035781/original/(m=eaf8GgaaaWavb)(mh=MlvOV8yKSzetXA0r)8.jpg;https://ei.phncdn.com/videos/201709/23/134035781/original/(m=eaf8GgaaaWavb)(mh=MlvOV8yKSzetXA0r)9.jpg;https://ei.phncdn.com/videos/201709/23/134035781/original/(m=eaf8GgaaaWavb)(mh=MlvOV8yKSzetXA0r)10.jpg;https://ei.phncdn.com/videos/201709/23/134035781/original/(m=eaf8GgaaaWavb)(mh=MlvOV8yKSzetXA0r)11.jpg;https://ei.phncdn.com/videos/201709/23/134035781/original/(m=eaf8GgaaaWavb)(mh=MlvOV8yKSzetXA0r)12.jpg;https://ei.phncdn.com/videos/201709/23/134035781/original/(m=eaf8GgaaaWavb)(mh=MlvOV8yKSzetXA0r)13.jpg;https://ei.phncdn.com/videos/201709/23/134035781/original/(m=eaf8GgaaaWavb)(mh=MlvOV8yKSzetXA0r)14.jpg;https://ei.phncdn.com/videos/201709/23/134035781/original/(m=eaf8GgaaaWavb)(mh=MlvOV8yKSzetXA0r)15.jpg;https://ei.phncdn.com/videos/201709/23/134035781/original/(m=eaf8GgaaaWavb)(mh=MlvOV8yKSzetXA0r)16.jpg|Legs Up Fap|ass-fuck;masturbate;big-cock;femboy;cd;crossdresser;crossdressing;butt;butt-plug;plug;cum;cumshot;masturbation;fapping;balls;trap|Double Penetration;Transgender;Verified Amateurs;Solo Trans||96|6475|68|2|https://ei.phncdn.com/videos/201709/23/134035781/original/(m=eaAaGwObaaamqv)(mh=QgYESQbN4th13Acd)16.jpg|https://ei.phncdn.com/videos/201709/23/134035781/original/(m=eaAaGwObaaamqv)(mh=QgYESQbN4th13Acd)1.jpg;https://ei.phncdn.com/videos/201709/23/134035781/original/(m=eaAaGwObaaamqv)(mh=QgYESQbN4th13Acd)2.jpg;https://ei.phncdn.com/videos/201709/23/134035781/original/(m=eaAaGwObaaamqv)(mh=QgYESQbN4th13Acd)3.jpg;https://ei.phncdn.com/videos/201709/23/134035781/original/(m=eaAaGwObaaamqv)(mh=QgYESQbN4th13Acd)4.jpg;https://ei.phncdn.com/videos/201709/23/134035781/original/(m=eaAaGwObaaamqv)(mh=QgYESQbN4th13Acd)5.jpg;https://ei.phncdn.com/videos/201709/23/134035781/original/(m=eaAaGwObaaamqv)(mh=QgYESQbN4th13Acd)6.jpg;https://ei.phncdn.com/videos/201709/23/134035781/original/(m=eaAaGwObaaamqv)(mh=QgYESQbN4th13Acd)7.jpg;https://ei.phncdn.com/videos/201709/23/134035781/original/(m=eaAaGwObaaamqv)(mh=QgYESQbN4th13Acd)8.jpg;https://ei.phncdn.com/videos/201709/23/134035781/original/(m=eaAaGwObaaamqv)(mh=QgYESQbN4th13Acd)9.jpg;https://ei.phncdn.com/videos/201709/23/134035781/original/(m=eaAaGwObaaamqv)(mh=QgYESQbN4th13Acd)10.jpg;https://ei.phncdn.com/videos/201709/23/134035781/original/(m=eaAaGwObaaamqv)(mh=QgYESQbN4th13Acd)11.jpg;https://ei.phncdn.com/videos/201709/23/134035781/original/(m=eaAaGwObaaamqv)(mh=QgYESQbN4th13Acd)12.jpg;https://ei.phncdn.com/videos/201709/23/134035781/original/(m=eaAaGwObaaamqv)(mh=QgYESQbN4th13Acd)13.jpg;https://ei.phncdn.com/videos/201709/23/134035781/original/(m=eaAaGwObaaamqv)(mh=QgYESQbN4th13Acd)14.jpg;https://ei.phncdn.com/videos/201709/23/134035781/original/(m=eaAaGwObaaamqv)(mh=QgYESQbN4th13Acd)15.jpg;https://ei.phncdn.com/videos/201709/23/134035781/original/(m=eaAaGwObaaamqv)(mh=QgYESQbN4th13Acd)16.jpg
<iframe src="https://www.pornhub.com/embed/ph5ab8f1ded7594" frameborder="0" height="481" width="608" scrolling="no"></iframe>|https://ei.phncdn.com/videos/201803/26/159641132/original/(m=eaf8GgaaaWavb)(mh=K2_W1wA-2wKz_9yo)1.jpg|https://ei.phncdn.com/videos/201803/26/159641132/original/(m=eaf8GgaaaWavb)(mh=K2_W1wA-2wKz_9yo)1.jpg;https://ei.phncdn.com/videos/201803/26/159641132/original/(m=eaf8GgaaaWavb)(mh=K2_W1wA-2wKz_9yo)2.jpg;https://ei.phncdn.com/videos/201803/26/159641132/original/(m=eaf8GgaaaWavb)(mh=K2_W1wA-2wKz_9yo)3.jpg;https://ei.phncdn.com/videos/201803/26/159641132/original/(m=eaf8GgaaaWavb)(mh=K2_W1wA-2wKz_9yo)4.jpg;https://ei.phncdn.com/videos/201803/26/159641132/original/(m=eaf8GgaaaWavb)(mh=K2_W1wA-2wKz_9yo)5.jpg;https://ei.phncdn.com/videos/201803/26/159641132/original/(m=eaf8GgaaaWavb)(mh=K2_W1wA-2wKz_9yo)6.jpg;https://ei.phncdn.com/videos/201803/26/159641132/original/(m=eaf8GgaaaWavb)(mh=K2_W1wA-2wKz_9yo)7.jpg;https://ei.phncdn.com/videos/201803/26/159641132/original/(m=eaf8GgaaaWavb)(mh=K2_W1wA-2wKz_9yo)8.jpg;https://ei.phncdn.com/videos/201803/26/159641132/original/(m=eaf8GgaaaWavb)(mh=K2_W1wA-2wKz_9yo)9.jpg;https://ei.phncdn.com/videos/201803/26/159641132/original/(m=eaf8GgaaaWavb)(mh=K2_W1wA-2wKz_9yo)10.jpg;https://ei.phncdn.com/videos/201803/26/159641132/original/(m=eaf8GgaaaWavb)(mh=K2_W1wA-2wKz_9yo)11.jpg;https://ei.phncdn.com/videos/201803/26/159641132/original/(m=eaf8GgaaaWavb)(mh=K2_W1wA-2wKz_9yo)12.jpg;https://ei.phncdn.com/videos/201803/26/159641132/original/(m=eaf8GgaaaWavb)(mh=K2_W1wA-2wKz_9yo)13.jpg;https://ei.phncdn.com/videos/201803/26/159641132/original/(m=eaf8GgaaaWavb)(mh=K2_W1wA-2wKz_9yo)14.jpg;https://ei.phncdn.com/videos/201803/26/159641132/original/(m=eaf8GgaaaWavb)(mh=K2_W1wA-2wKz_9yo)15.jpg;https://ei.phncdn.com/videos/201803/26/159641132/original/(m=eaf8GgaaaWavb)(mh=K2_W1wA-2wKz_9yo)16.jpg|Ass Clapping In My Bathroom|ebony-ass-clap;twerk;striptease;big-booty;lightskin;thick-asian;thick-ebony|Double Penetration;Exclusive;Verified Amateurs;Solo Female||147|111319|935|112|https://ei.phncdn.com/videos/201803/26/159641132/original/(m=eaAaGwObaaamqv)(mh=Ba7ao4Z0y9jglxFS)1.jpg|https://ei.phncdn.com/videos/201803/26/159641132/original/(m=eaAaGwObaaamqv)(mh=Ba7ao4Z0y9jglxFS)1.jpg;https://ei.phncdn.com/videos/201803/26/159641132/original/(m=eaAaGwObaaamqv)(mh=Ba7ao4Z0y9jglxFS)2.jpg;https://ei.phncdn.com/videos/201803/26/159641132/original/(m=eaAaGwObaaamqv)(mh=Ba7ao4Z0y9jglxFS)3.jpg;https://ei.phncdn.com/videos/201803/26/159641132/original/(m=eaAaGwObaaamqv)(mh=Ba7ao4Z0y9jglxFS)4.jpg;https://ei.phncdn.com/videos/201803/26/159641132/original/(m=eaAaGwObaaamqv)(mh=Ba7ao4Z0y9jglxFS)5.jpg;https://ei.phncdn.com/videos/201803/26/159641132/original/(m=eaAaGwObaaamqv)(mh=Ba7ao4Z0y9jglxFS)6.jpg;https://ei.phncdn.com/videos/201803/26/159641132/original/(m=eaAaGwObaaamqv)(mh=Ba7ao4Z0y9jglxFS)7.jpg;https://ei.phncdn.com/videos/201803/26/159641132/original/(m=eaAaGwObaaamqv)(mh=Ba7ao4Z0y9jglxFS)8.jpg;https://ei.phncdn.com/videos/201803/26/159641132/original/(m=eaAaGwObaaamqv)(mh=Ba7ao4Z0y9jglxFS)9.jpg;https://ei.phncdn.com/videos/201803/26/159641132/original/(m=eaAaGwObaaamqv)(mh=Ba7ao4Z0y9jglxFS)10.jpg;https://ei.phncdn.com/videos/201803/26/159641132/original/(m=eaAaGwObaaamqv)(mh=Ba7ao4Z0y9jglxFS)11.jpg;https://ei.phncdn.com/videos/201803/26/159641132/original/(m=eaAaGwObaaamqv)(mh=Ba7ao4Z0y9jglxFS)12.jpg;https://ei.phncdn.com/videos/201803/26/159641132/original/(m=eaAaGwObaaamqv)(mh=Ba7ao4Z0y9jglxFS)13.jpg;https://ei.phncdn.com/videos/201803/26/159641132/original/(m=eaAaGwObaaamqv)(mh=Ba7ao4Z0y9jglxFS)14.jpg;https://ei.phncdn.com/videos/201803/26/159641132/original/(m=eaAaGwObaaamqv)(mh=Ba7ao4Z0y9jglxFS)15.jpg;https://ei.phncdn.com/videos/201803/26/159641132/original/(m=eaAaGwObaaamqv)(mh=Ba7ao4Z0y9jglxFS)16.jpg
<iframe src="https://www.pornhub.com/embed/5be9afa1bac8c" frameborder="0" height="481" width="608" scrolling="no"></iframe>|https://ei.phncdn.com/videos/201811/12/191756461/original/(m=eaf8GgaaaWavb)(mh=cd7Xty8iRlEFaUlu)12.jpg|https://ei.phncdn.com/videos/201811/12/191756461/original/(m=eaf8GgaaaWavb)(mh=cd7Xty8iRlEFaUlu)1.jpg;https://ei.phncdn.com/videos/201811/12/191756461/original/(m=eaf8GgaaaWavb)(mh=cd7Xty8iRlEFaUlu)2.jpg;https://ei.phncdn.com/videos/201811/12/191756461/original/(m=eaf8GgaaaWavb)(mh=cd7Xty8iRlEFaUlu)3.jpg;https://ei.phncdn.com/videos/201811/12/191756461/original/(m=eaf8GgaaaWavb)(mh=cd7Xty8iRlEFaUlu)4.jpg;https://ei.phncdn.com/videos/201811/12/191756461/original/(m=eaf8GgaaaWavb)(mh=cd7Xty8iRlEFaUlu)5.jpg;https://ei.phncdn.com/videos/201811/12/191756461/original/(m=eaf8GgaaaWavb)(mh=cd7Xty8iRlEFaUlu)6.jpg;https://ei.phncdn.com/videos/201811/12/191756461/original/(m=eaf8GgaaaWavb)(mh=cd7Xty8iRlEFaUlu)7.jpg;https://ei.phncdn.com/videos/201811/12/191756461/original/(m=eaf8GgaaaWavb)(mh=cd7Xty8iRlEFaUlu)8.jpg;https://ei.phncdn.com/videos/201811/12/191756461/original/(m=eaf8GgaaaWavb)(mh=cd7Xty8iRlEFaUlu)9.jpg;https://ei.phncdn.com/videos/201811/12/191756461/original/(m=eaf8GgaaaWavb)(mh=cd7Xty8iRlEFaUlu)10.jpg;https://ei.phncdn.com/videos/201811/12/191756461/original/(m=eaf8GgaaaWavb)(mh=cd7Xty8iRlEFaUlu)11.jpg;https://ei.phncdn.com/videos/201811/12/191756461/original/(m=eaf8GgaaaWavb)(mh=cd7Xty8iRlEFaUlu)12.jpg;https://ei.phncdn.com/videos/201811/12/191756461/original/(m=eaf8GgaaaWavb)(mh=cd7Xty8iRlEFaUlu)13.jpg;https://ei.phncdn.com/videos/201811/12/191756461/original/(m=eaf8GgaaaWavb)(mh=cd7Xty8iRlEFaUlu)14.jpg;https://ei.phncdn.com/videos/201811/12/191756461/original/(m=eaf8GgaaaWavb)(mh=cd7Xty8iRlEFaUlu)15.jpg;https://ei.phncdn.com/videos/201811/12/191756461/original/(m=eaf8GgaaaWavb)(mh=cd7Xty8iRlEFaUlu)16.jpg|test test test'"&lta&gttest.com|dp;test|Double Penetration||142|12|1|0|https://ei.phncdn.com/videos/201811/12/191756461/original/(m=eaAaGwObaaamqv)(mh=Zidwv2MQgWyCDv2N)12.jpg|https://ei.phncdn.com/videos/201811/12/191756461/original/(m=eaAaGwObaaamqv)(mh=Zidwv2MQgWyCDv2N)1.jpg;https://ei.phncdn.com/videos/201811/12/191756461/original/(m=eaAaGwObaaamqv)(mh=Zidwv2MQgWyCDv2N)2.jpg;https://ei.phncdn.com/videos/201811/12/191756461/original/(m=eaAaGwObaaamqv)(mh=Zidwv2MQgWyCDv2N)3.jpg;https://ei.phncdn.com/videos/201811/12/191756461/original/(m=eaAaGwObaaamqv)(mh=Zidwv2MQgWyCDv2N)4.jpg;https://ei.phncdn.com/videos/201811/12/191756461/original/(m=eaAaGwObaaamqv)(mh=Zidwv2MQgWyCDv2N)5.jpg;https://ei.phncdn.com/videos/201811/12/191756461/original/(m=eaAaGwObaaamqv)(mh=Zidwv2MQgWyCDv2N)6.jpg;https://ei.phncdn.com/videos/201811/12/191756461/original/(m=eaAaGwObaaamqv)(mh=Zidwv2MQgWyCDv2N)7.jpg;https://ei.phncdn.com/videos/201811/12/191756461/original/(m=eaAaGwObaaamqv)(mh=Zidwv2MQgWyCDv2N)8.jpg;https://ei.phncdn.com/videos/201811/12/191756461/original/(m=eaAaGwObaaamqv)(mh=Zidwv2MQgWyCDv2N)9.jpg;https://ei.phncdn.com/videos/201811/12/191756461/original/(m=eaAaGwObaaamqv)(mh=Zidwv2MQgWyCDv2N)10.jpg;https://ei.phncdn.com/videos/201811/12/191756461/original/(m=eaAaGwObaaamqv)(mh=Zidwv2MQgWyCDv2N)11.jpg;https://ei.phncdn.com/videos/201811/12/191756461/original/(m=eaAaGwObaaamqv)(mh=Zidwv2MQgWyCDv2N)12.jpg;https://ei.phncdn.com/videos/201811/12/191756461/original/(m=eaAaGwObaaamqv)(mh=Zidwv2MQgWyCDv2N)13.jpg;https://ei.phncdn.com/videos/201811/12/191756461/original/(m=eaAaGwObaaamqv)(mh=Zidwv2MQgWyCDv2N)14.jpg;https://ei.phncdn.com/videos/201811/12/191756461/original/(m=eaAaGwObaaamqv)(mh=Zidwv2MQgWyCDv2N)15.jpg;https://ei.phncdn.com/videos/201811/12/191756461/original/(m=eaAaGwObaaamqv)(mh=Zidwv2MQgWyCDv2N)16.jpg
<iframe src="https://www.pornhub.com/embed/ph5c0751198897a" frameborder="0" height="481" width="608" scrolling="no"></iframe>|https://ei.phncdn.com/videos/201812/05/195208911/original/(m=eaf8GgaaaWavb)(mh=B0dBBCxDSlwhyw7o)6.jpg|https://ei.phncdn.com/videos/201812/05/195208911/original/(m=eaf8GgaaaWavb)(mh=B0dBBCxDSlwhyw7o)1.jpg;https://ei.phncdn.com/videos/201812/05/195208911/original/(m=eaf8GgaaaWavb)(mh=B0dBBCxDSlwhyw7o)2.jpg;https://ei.phncdn.com/videos/201812/05/195208911/original/(m=eaf8GgaaaWavb)(mh=B0dBBCxDSlwhyw7o)3.jpg;https://ei.phncdn.com/videos/201812/05/195208911/original/(m=eaf8GgaaaWavb)(mh=B0dBBCxDSlwhyw7o)4.jpg;https://ei.phncdn.com/videos/201812/05/195208911/original/(m=eaf8GgaaaWavb)(mh=B0dBBCxDSlwhyw7o)5.jpg;https://ei.phncdn.com/videos/201812/05/195208911/original/(m=eaf8GgaaaWavb)(mh=B0dBBCxDSlwhyw7o)6.jpg;https://ei.phncdn.com/videos/201812/05/195208911/original/(m=eaf8GgaaaWavb)(mh=B0dBBCxDSlwhyw7o)7.jpg;https://ei.phncdn.com/videos/201812/05/195208911/original/(m=eaf8GgaaaWavb)(mh=B0dBBCxDSlwhyw7o)8.jpg;https://ei.phncdn.com/videos/201812/05/195208911/original/(m=eaf8GgaaaWavb)(mh=B0dBBCxDSlwhyw7o)9.jpg;https://ei.phncdn.com/videos/201812/05/195208911/original/(m=eaf8GgaaaWavb)(mh=B0dBBCxDSlwhyw7o)10.jpg;https://ei.phncdn.com/videos/201812/05/195208911/original/(m=eaf8GgaaaWavb)(mh=B0dBBCxDSlwhyw7o)11.jpg;https://ei.phncdn.com/videos/201812/05/195208911/original/(m=eaf8GgaaaWavb)(mh=B0dBBCxDSlwhyw7o)12.jpg;https://ei.phncdn.com/videos/201812/05/195208911/original/(m=eaf8GgaaaWavb)(mh=B0dBBCxDSlwhyw7o)13.jpg;https://ei.phncdn.com/videos/201812/05/195208911/original/(m=eaf8GgaaaWavb)(mh=B0dBBCxDSlwhyw7o)14.jpg;https://ei.phncdn.com/videos/201812/05/195208911/original/(m=eaf8GgaaaWavb)(mh=B0dBBCxDSlwhyw7o)15.jpg;https://ei.phncdn.com/videos/201812/05/195208911/original/(m=eaf8GgaaaWavb)(mh=B0dBBCxDSlwhyw7o)16.jpg|Digusting NA Hook|dp;kink;league;blitzcrank;ezreal|Double Penetration;Cartoon;Female Orgasm||28|1272|16|0|https://ei.phncdn.com/videos/201812/05/195208911/original/(m=eaAaGwObaaamqv)(mh=Xxq1dS3P4ZuosFq9)6.jpg|https://ei.phncdn.com/videos/201812/05/195208911/original/(m=eaAaGwObaaamqv)(mh=Xxq1dS3P4ZuosFq9)1.jpg;https://ei.phncdn.com/videos/201812/05/195208911/original/(m=eaAaGwObaaamqv)(mh=Xxq1dS3P4ZuosFq9)2.jpg;https://ei.phncdn.com/videos/201812/05/195208911/original/(m=eaAaGwObaaamqv)(mh=Xxq1dS3P4ZuosFq9)3.jpg;https://ei.phncdn.com/videos/201812/05/195208911/original/(m=eaAaGwObaaamqv)(mh=Xxq1dS3P4ZuosFq9)4.jpg;https://ei.phncdn.com/videos/201812/05/195208911/original/(m=eaAaGwObaaamqv)(mh=Xxq1dS3P4ZuosFq9)5.jpg;https://ei.phncdn.com/videos/201812/05/195208911/original/(m=eaAaGwObaaamqv)(mh=Xxq1dS3P4ZuosFq9)6.jpg;https://ei.phncdn.com/videos/201812/05/195208911/original/(m=eaAaGwObaaamqv)(mh=Xxq1dS3P4ZuosFq9)7.jpg;https://ei.phncdn.com/videos/201812/05/195208911/original/(m=eaAaGwObaaamqv)(mh=Xxq1dS3P4ZuosFq9)8.jpg;https://ei.phncdn.com/videos/201812/05/195208911/original/(m=eaAaGwObaaamqv)(mh=Xxq1dS3P4ZuosFq9)9.jpg;https://ei.phncdn.com/videos/201812/05/195208911/original/(m=eaAaGwObaaamqv)(mh=Xxq1dS3P4ZuosFq9)10.jpg;https://ei.phncdn.com/videos/201812/05/195208911/original/(m=eaAaGwObaaamqv)(mh=Xxq1dS3P4ZuosFq9)11.jpg;https://ei.phncdn.com/videos/201812/05/195208911/original/(m=eaAaGwObaaamqv)(mh=Xxq1dS3P4ZuosFq9)12.jpg;https://ei.phncdn.com/videos/201812/05/195208911/original/(m=eaAaGwObaaamqv)(mh=Xxq1dS3P4ZuosFq9)13.jpg;https://ei.phncdn.com/videos/201812/05/195208911/original/(m=eaAaGwObaaamqv)(mh=Xxq1dS3P4ZuosFq9)14.jpg;https://ei.phncdn.com/videos/201812/05/195208911/original/(m=eaAaGwObaaamqv)(mh=Xxq1dS3P4ZuosFq9)15.jpg;https://ei.phncdn.com/videos/201812/05/195208911/original/(m=eaAaGwObaaamqv)(mh=Xxq1dS3P4ZuosFq9)16.jpg
<iframe src="https://www.pornhub.com/embed/ph5cd1308784bf4" frameborder="0" height="481" width="608" scrolling="no"></iframe>|https://ei.phncdn.com/videos/201905/07/222294161/original/(m=eaf8GgaaaWavb)(mh=PVd7cGydUvZ9byXM)12.jpg|https://ei.phncdn.com/videos/201905/07/222294161/original/(m=eaf8GgaaaWavb)(mh=PVd7cGydUvZ9byXM)1.jpg;https://ei.phncdn.com/videos/201905/07/222294161/original/(m=eaf8GgaaaWavb)(mh=PVd7cGydUvZ9byXM)2.jpg;https://ei.phncdn.com/videos/201905/07/222294161/original/(m=eaf8GgaaaWavb)(mh=PVd7cGydUvZ9byXM)3.jpg;https://ei.phncdn.com/videos/201905/07/222294161/original/(m=eaf8GgaaaWavb)(mh=PVd7cGydUvZ9byXM)4.jpg;https://ei.phncdn.com/videos/201905/07/222294161/original/(m=eaf8GgaaaWavb)(mh=PVd7cGydUvZ9byXM)5.jpg;https://ei.phncdn.com/videos/201905/07/222294161/original/(m=eaf8GgaaaWavb)(mh=PVd7cGydUvZ9byXM)6.jpg;https://ei.phncdn.com/videos/201905/07/222294161/original/(m=eaf8GgaaaWavb)(mh=PVd7cGydUvZ9byXM)7.jpg;https://ei.phncdn.com/videos/201905/07/222294161/original/(m=eaf8GgaaaWavb)(mh=PVd7cGydUvZ9byXM)8.jpg;https://ei.phncdn.com/videos/201905/07/222294161/original/(m=eaf8GgaaaWavb)(mh=PVd7cGydUvZ9byXM)9.jpg;https://ei.phncdn.com/videos/201905/07/222294161/original/(m=eaf8GgaaaWavb)(mh=PVd7cGydUvZ9byXM)10.jpg;https://ei.phncdn.com/videos/201905/07/222294161/original/(m=eaf8GgaaaWavb)(mh=PVd7cGydUvZ9byXM)11.jpg;https://ei.phncdn.com/videos/201905/07/222294161/original/(m=eaf8GgaaaWavb)(mh=PVd7cGydUvZ9byXM)12.jpg;https://ei.phncdn.com/videos/201905/07/222294161/original/(m=eaf8GgaaaWavb)(mh=PVd7cGydUvZ9byXM)13.jpg;https://ei.phncdn.com/videos/201905/07/222294161/original/(m=eaf8GgaaaWavb)(mh=PVd7cGydUvZ9byXM)14.jpg;https://ei.phncdn.com/videos/201905/07/222294161/original/(m=eaf8GgaaaWavb)(mh=PVd7cGydUvZ9byXM)15.jpg;https://ei.phncdn.com/videos/201905/07/222294161/original/(m=eaf8GgaaaWavb)(mh=PVd7cGydUvZ9byXM)16.jpg|Two vibrators are better than one|pussy;thong;shaved;teen;babe;tight;vibrator|Double Penetration;Exclusive;Verified Amateurs;Solo Female||249|304|7|0|https://ei.phncdn.com/videos/201905/07/222294161/original/(m=eaAaGwObaaamqv)(mh=fty4BnMLA-tWkvRG)12.jpg|https://ei.phncdn.com/videos/201905/07/222294161/original/(m=eaAaGwObaaamqv)(mh=fty4BnMLA-tWkvRG)1.jpg;https://ei.phncdn.com/videos/201905/07/222294161/original/(m=eaAaGwObaaamqv)(mh=fty4BnMLA-tWkvRG)2.jpg;https://ei.phncdn.com/videos/201905/07/222294161/original/(m=eaAaGwObaaamqv)(mh=fty4BnMLA-tWkvRG)3.jpg;https://ei.phncdn.com/videos/201905/07/222294161/original/(m=eaAaGwObaaamqv)(mh=fty4BnMLA-tWkvRG)4.jpg;https://ei.phncdn.com/videos/201905/07/222294161/original/(m=eaAaGwObaaamqv)(mh=fty4BnMLA-tWkvRG)5.jpg;https://ei.phncdn.com/videos/201905/07/222294161/original/(m=eaAaGwObaaamqv)(mh=fty4BnMLA-tWkvRG)6.jpg;https://ei.phncdn.com/videos/201905/07/222294161/original/(m=eaAaGwObaaamqv)(mh=fty4BnMLA-tWkvRG)7.jpg;https://ei.phncdn.com/videos/201905/07/222294161/original/(m=eaAaGwObaaamqv)(mh=fty4BnMLA-tWkvRG)8.jpg;https://ei.phncdn.com/videos/201905/07/222294161/original/(m=eaAaGwObaaamqv)(mh=fty4BnMLA-tWkvRG)9.jpg;https://ei.phncdn.com/videos/201905/07/222294161/original/(m=eaAaGwObaaamqv)(mh=fty4BnMLA-tWkvRG)10.jpg;https://ei.phncdn.com/videos/201905/07/222294161/original/(m=eaAaGwObaaamqv)(mh=fty4BnMLA-tWkvRG)11.jpg;https://ei.phncdn.com/videos/201905/07/222294161/original/(m=eaAaGwObaaamqv)(mh=fty4BnMLA-tWkvRG)12.jpg;https://ei.phncdn.com/videos/201905/07/222294161/original/(m=eaAaGwObaaamqv)(mh=fty4BnMLA-tWkvRG)13.jpg;https://ei.phncdn.com/videos/201905/07/222294161/original/(m=eaAaGwObaaamqv)(mh=fty4BnMLA-tWkvRG)14.jpg;https://ei.phncdn.com/videos/201905/07/222294161/original/(m=eaAaGwObaaamqv)(mh=fty4BnMLA-tWkvRG)15.jpg;https://ei.phncdn.com/videos/201905/07/222294161/original/(m=eaAaGwObaaamqv)(mh=fty4BnMLA-tWkvRG)16.jpg
<iframe src="https://www.pornhub.com/embed/ph5d2f904aabb0a" frameborder="0" height="481" width="608" scrolling="no"></iframe>|https://ei.phncdn.com/videos/201907/17/235990941/original/(m=eaf8GgaaaWavb)(mh=I1T0Tu44zPwVcaZQ)16.jpg|https://ei.phncdn.com/videos/201907/17/235990941/original/(m=eaf8GgaaaWavb)(mh=I1T0Tu44zPwVcaZQ)1.jpg;https://ei.phncdn.com/videos/201907/17/235990941/original/(m=eaf8GgaaaWavb)(mh=I1T0Tu44zPwVcaZQ)2.jpg;https://ei.phncdn.com/videos/201907/17/235990941/original/(m=eaf8GgaaaWavb)(mh=I1T0Tu44zPwVcaZQ)3.jpg;https://ei.phncdn.com/videos/201907/17/235990941/original/(m=eaf8GgaaaWavb)(mh=I1T0Tu44zPwVcaZQ)4.jpg;https://ei.phncdn.com/videos/201907/17/235990941/original/(m=eaf8GgaaaWavb)(mh=I1T0Tu44zPwVcaZQ)5.jpg;https://ei.phncdn.com/videos/201907/17/235990941/original/(m=eaf8GgaaaWavb)(mh=I1T0Tu44zPwVcaZQ)6.jpg;https://ei.phncdn.com/videos/201907/17/235990941/original/(m=eaf8GgaaaWavb)(mh=I1T0Tu44zPwVcaZQ)7.jpg;https://ei.phncdn.com/videos/201907/17/235990941/original/(m=eaf8GgaaaWavb)(mh=I1T0Tu44zPwVcaZQ)8.jpg;https://ei.phncdn.com/videos/201907/17/235990941/original/(m=eaf8GgaaaWavb)(mh=I1T0Tu44zPwVcaZQ)9.jpg;https://ei.phncdn.com/videos/201907/17/235990941/original/(m=eaf8GgaaaWavb)(mh=I1T0Tu44zPwVcaZQ)10.jpg;https://ei.phncdn.com/videos/201907/17/235990941/original/(m=eaf8GgaaaWavb)(mh=I1T0Tu44zPwVcaZQ)11.jpg;https://ei.phncdn.com/videos/201907/17/235990941/original/(m=eaf8GgaaaWavb)(mh=I1T0Tu44zPwVcaZQ)12.jpg;https://ei.phncdn.com/videos/201907/17/235990941/original/(m=eaf8GgaaaWavb)(mh=I1T0Tu44zPwVcaZQ)13.jpg;https://ei.phncdn.com/videos/201907/17/235990941/original/(m=eaf8GgaaaWavb)(mh=I1T0Tu44zPwVcaZQ)14.jpg;https://ei.phncdn.com/videos/201907/17/235990941/original/(m=eaf8GgaaaWavb)(mh=I1T0Tu44zPwVcaZQ)15.jpg;https://ei.phncdn.com/videos/201907/17/235990941/original/(m=eaf8GgaaaWavb)(mh=I1T0Tu44zPwVcaZQ)16.jpg|Stuffing my tight pussy|pussy;dildo;vibrator;shaved;stretching;cum;orgasm;small-boobs|Double Penetration;Exclusive;Verified Amateurs;Solo Female||190|343|13|0|https://ei.phncdn.com/videos/201907/17/235990941/original/(m=eaAaGwObaaamqv)(mh=TMb1p2J5zkSW9K0_)16.jpg|https://ei.phncdn.com/videos/201907/17/235990941/original/(m=eaAaGwObaaamqv)(mh=TMb1p2J5zkSW9K0_)1.jpg;https://ei.phncdn.com/videos/201907/17/235990941/original/(m=eaAaGwObaaamqv)(mh=TMb1p2J5zkSW9K0_)2.jpg;https://ei.phncdn.com/videos/201907/17/235990941/original/(m=eaAaGwObaaamqv)(mh=TMb1p2J5zkSW9K0_)3.jpg;https://ei.phncdn.com/videos/201907/17/235990941/original/(m=eaAaGwObaaamqv)(mh=TMb1p2J5zkSW9K0_)4.jpg;https://ei.phncdn.com/videos/201907/17/235990941/original/(m=eaAaGwObaaamqv)(mh=TMb1p2J5zkSW9K0_)5.jpg;https://ei.phncdn.com/videos/201907/17/235990941/original/(m=eaAaGwObaaamqv)(mh=TMb1p2J5zkSW9K0_)6.jpg;https://ei.phncdn.com/videos/201907/17/235990941/original/(m=eaAaGwObaaamqv)(mh=TMb1p2J5zkSW9K0_)7.jpg;https://ei.phncdn.com/videos/201907/17/235990941/original/(m=eaAaGwObaaamqv)(mh=TMb1p2J5zkSW9K0_)8.jpg;https://ei.phncdn.com/videos/201907/17/235990941/original/(m=eaAaGwObaaamqv)(mh=TMb1p2J5zkSW9K0_)9.jpg;https://ei.phncdn.com/videos/201907/17/235990941/original/(m=eaAaGwObaaamqv)(mh=TMb1p2J5zkSW9K0_)10.jpg;https://ei.phncdn.com/videos/201907/17/235990941/original/(m=eaAaGwObaaamqv)(mh=TMb1p2J5zkSW9K0_)11.jpg;https://ei.phncdn.com/videos/201907/17/235990941/original/(m=eaAaGwObaaamqv)(mh=TMb1p2J5zkSW9K0_)12.jpg;https://ei.phncdn.com/videos/201907/17/235990941/original/(m=eaAaGwObaaamqv)(mh=TMb1p2J5zkSW9K0_)13.jpg;https://ei.phncdn.com/videos/201907/17/235990941/original/(m=eaAaGwObaaamqv)(mh=TMb1p2J5zkSW9K0_)14.jpg;https://ei.phncdn.com/videos/201907/17/235990941/original/(m=eaAaGwObaaamqv)(mh=TMb1p2J5zkSW9K0_)15.jpg;https://ei.phncdn.com/videos/201907/17/235990941/original/(m=eaAaGwObaaamqv)(mh=TMb1p2J5zkSW9K0_)16.jpg
<iframe src="https://www.pornhub.com/embed/ph5d94e83e2f1de" frameborder="0" height="481" width="608" scrolling="no"></iframe>|https://ei.phncdn.com/videos/201910/02/252323642/original/(m=eaf8GgaaaWavb)(mh=bHE-w_Iuv9RaVnhJ)5.jpg|https://ei.phncdn.com/videos/201910/02/252323642/original/(m=eaf8GgaaaWavb)(mh=bHE-w_Iuv9RaVnhJ)1.jpg;https://ei.phncdn.com/videos/201910/02/252323642/original/(m=eaf8GgaaaWavb)(mh=bHE-w_Iuv9RaVnhJ)2.jpg;https://ei.phncdn.com/videos/201910/02/252323642/original/(m=eaf8GgaaaWavb)(mh=bHE-w_Iuv9RaVnhJ)3.jpg;https://ei.phncdn.com/videos/201910/02/252323642/original/(m=eaf8GgaaaWavb)(mh=bHE-w_Iuv9RaVnhJ)4.jpg;https://ei.phncdn.com/videos/201910/02/252323642/original/(m=eaf8GgaaaWavb)(mh=bHE-w_Iuv9RaVnhJ)5.jpg;https://ei.phncdn.com/videos/201910/02/252323642/original/(m=eaf8GgaaaWavb)(mh=bHE-w_Iuv9RaVnhJ)6.jpg;https://ei.phncdn.com/videos/201910/02/252323642/original/(m=eaf8GgaaaWavb)(mh=bHE-w_Iuv9RaVnhJ)7.jpg;https://ei.phncdn.com/videos/201910/02/252323642/original/(m=eaf8GgaaaWavb)(mh=bHE-w_Iuv9RaVnhJ)8.jpg;https://ei.phncdn.com/videos/201910/02/252323642/original/(m=eaf8GgaaaWavb)(mh=bHE-w_Iuv9RaVnhJ)9.jpg;https://ei.phncdn.com/videos/201910/02/252323642/original/(m=eaf8GgaaaWavb)(mh=bHE-w_Iuv9RaVnhJ)10.jpg;https://ei.phncdn.com/videos/201910/02/252323642/original/(m=eaf8GgaaaWavb)(mh=bHE-w_Iuv9RaVnhJ)11.jpg;https://ei.phncdn.com/videos/201910/02/252323642/original/(m=eaf8GgaaaWavb)(mh=bHE-w_Iuv9RaVnhJ)12.jpg;https://ei.phncdn.com/videos/201910/02/252323642/original/(m=eaf8GgaaaWavb)(mh=bHE-w_Iuv9RaVnhJ)13.jpg;https://ei.phncdn.com/videos/201910/02/252323642/original/(m=eaf8GgaaaWavb)(mh=bHE-w_Iuv9RaVnhJ)14.jpg;https://ei.phncdn.com/videos/201910/02/252323642/original/(m=eaf8GgaaaWavb)(mh=bHE-w_Iuv9RaVnhJ)15.jpg;https://ei.phncdn.com/videos/201910/02/252323642/original/(m=eaf8GgaaaWavb)(mh=bHE-w_Iuv9RaVnhJ)16.jpg|My holes ready to be fucked |big-ass;pussy-spread-wide;tight-pussy;dripping-wet-pussy;cum-inside-me-daddy|Double Penetration;Exclusive;Verified Amateurs;Solo Female||17|273|9|0|https://ei.phncdn.com/videos/201910/02/252323642/original/(m=eaAaGwObaaamqv)(mh=C6a0ZU1PEXbSZZ2s)5.jpg|https://ei.phncdn.com/videos/201910/02/252323642/original/(m=eaAaGwObaaamqv)(mh=C6a0ZU1PEXbSZZ2s)1.jpg;https://ei.phncdn.com/videos/201910/02/252323642/original/(m=eaAaGwObaaamqv)(mh=C6a0ZU1PEXbSZZ2s)2.jpg;https://ei.phncdn.com/videos/201910/02/252323642/original/(m=eaAaGwObaaamqv)(mh=C6a0ZU1PEXbSZZ2s)3.jpg;https://ei.phncdn.com/videos/201910/02/252323642/original/(m=eaAaGwObaaamqv)(mh=C6a0ZU1PEXbSZZ2s)4.jpg;https://ei.phncdn.com/videos/201910/02/252323642/original/(m=eaAaGwObaaamqv)(mh=C6a0ZU1PEXbSZZ2s)5.jpg;https://ei.phncdn.com/videos/201910/02/252323642/original/(m=eaAaGwObaaamqv)(mh=C6a0ZU1PEXbSZZ2s)6.jpg;https://ei.phncdn.com/videos/201910/02/252323642/original/(m=eaAaGwObaaamqv)(mh=C6a0ZU1PEXbSZZ2s)7.jpg;https://ei.phncdn.com/videos/201910/02/252323642/original/(m=eaAaGwObaaamqv)(mh=C6a0ZU1PEXbSZZ2s)8.jpg;https://ei.phncdn.com/videos/201910/02/252323642/original/(m=eaAaGwObaaamqv)(mh=C6a0ZU1PEXbSZZ2s)9.jpg;https://ei.phncdn.com/videos/201910/02/252323642/original/(m=eaAaGwObaaamqv)(mh=C6a0ZU1PEXbSZZ2s)10.jpg;https://ei.phncdn.com/videos/201910/02/252323642/original/(m=eaAaGwObaaamqv)(mh=C6a0ZU1PEXbSZZ2s)11.jpg;https://ei.phncdn.com/videos/201910/02/252323642/original/(m=eaAaGwObaaamqv)(mh=C6a0ZU1PEXbSZZ2s)12.jpg;https://ei.phncdn.com/videos/201910/02/252323642/original/(m=eaAaGwObaaamqv)(mh=C6a0ZU1PEXbSZZ2s)13.jpg;https://ei.phncdn.com/videos/201910/02/252323642/original/(m=eaAaGwObaaamqv)(mh=C6a0ZU1PEXbSZZ2s)14.jpg;https://ei.phncdn.com/videos/201910/02/252323642/original/(m=eaAaGwObaaamqv)(mh=C6a0ZU1PEXbSZZ2s)15.jpg;https://ei.phncdn.com/videos/201910/02/252323642/original/(m=eaAaGwObaaamqv)(mh=C6a0ZU1PEXbSZZ2s)16.jpg
<iframe src="https://www.pornhub.com/embed/ph5eb83ce73e21c" frameborder="0" height="481" width="608" scrolling="no"></iframe>|https://ei.phncdn.com/videos/202005/10/312401551/original/(m=eaf8GgaaaWavb)(mh=Hr5w-CYW6Gs-13mo)4.jpg|https://ei.phncdn.com/videos/202005/10/312401551/original/(m=eaf8GgaaaWavb)(mh=Hr5w-CYW6Gs-13mo)1.jpg;https://ei.phncdn.com/videos/202005/10/312401551/original/(m=eaf8GgaaaWavb)(mh=Hr5w-CYW6Gs-13mo)2.jpg;https://ei.phncdn.com/videos/202005/10/312401551/original/(m=eaf8GgaaaWavb)(mh=Hr5w-CYW6Gs-13mo)3.jpg;https://ei.phncdn.com/videos/202005/10/312401551/original/(m=eaf8GgaaaWavb)(mh=Hr5w-CYW6Gs-13mo)4.jpg;https://ei.phncdn.com/videos/202005/10/312401551/original/(m=eaf8GgaaaWavb)(mh=Hr5w-CYW6Gs-13mo)5.jpg;https://ei.phncdn.com/videos/202005/10/312401551/original/(m=eaf8GgaaaWavb)(mh=Hr5w-CYW6Gs-13mo)6.jpg;https://ei.phncdn.com/videos/202005/10/312401551/original/(m=eaf8GgaaaWavb)(mh=Hr5w-CYW6Gs-13mo)7.jpg;https://ei.phncdn.com/videos/202005/10/312401551/original/(m=eaf8GgaaaWavb)(mh=Hr5w-CYW6Gs-13mo)8.jpg;https://ei.phncdn.com/videos/202005/10/312401551/original/(m=eaf8GgaaaWavb)(mh=Hr5w-CYW6Gs-13mo)9.jpg;https://ei.phncdn.com/videos/202005/10/312401551/original/(m=eaf8GgaaaWavb)(mh=Hr5w-CYW6Gs-13mo)10.jpg;https://ei.phncdn.com/videos/202005/10/312401551/original/(m=eaf8GgaaaWavb)(mh=Hr5w-CYW6Gs-13mo)11.jpg;https://ei.phncdn.com/videos/202005/10/312401551/original/(m=eaf8GgaaaWavb)(mh=Hr5w-CYW6Gs-13mo)12.jpg;https://ei.phncdn.com/videos/202005/10/312401551/original/(m=eaf8GgaaaWavb)(mh=Hr5w-CYW6Gs-13mo)13.jpg;https://ei.phncdn.com/videos/202005/10/312401551/original/(m=eaf8GgaaaWavb)(mh=Hr5w-CYW6Gs-13mo)14.jpg;https://ei.phncdn.com/videos/202005/10/312401551/original/(m=eaf8GgaaaWavb)(mh=Hr5w-CYW6Gs-13mo)15.jpg;https://ei.phncdn.com/videos/202005/10/312401551/original/(m=eaf8GgaaaWavb)(mh=Hr5w-CYW6Gs-13mo)16.jpg|Double stuffed|double-stuffed;toy|Double Penetration;Exclusive;Verified Amateurs;Solo Female;Vertical Video||13|259|5|0|https://ei.phncdn.com/videos/202005/10/312401551/original/(m=eaAaGwObaaamqv)(mh=5OHCO7u9yiSFODUe)4.jpg|https://ei.phncdn.com/videos/202005/10/312401551/original/(m=eaAaGwObaaamqv)(mh=5OHCO7u9yiSFODUe)1.jpg;https://ei.phncdn.com/videos/202005/10/312401551/original/(m=eaAaGwObaaamqv)(mh=5OHCO7u9yiSFODUe)2.jpg;https://ei.phncdn.com/videos/202005/10/312401551/original/(m=eaAaGwObaaamqv)(mh=5OHCO7u9yiSFODUe)3.jpg;https://ei.phncdn.com/videos/202005/10/312401551/original/(m=eaAaGwObaaamqv)(mh=5OHCO7u9yiSFODUe)4.jpg;https://ei.phncdn.com/videos/202005/10/312401551/original/(m=eaAaGwObaaamqv)(mh=5OHCO7u9yiSFODUe)5.jpg;https://ei.phncdn.com/videos/202005/10/312401551/original/(m=eaAaGwObaaamqv)(mh=5OHCO7u9yiSFODUe)6.jpg;https://ei.phncdn.com/videos/202005/10/312401551/original/(m=eaAaGwObaaamqv)(mh=5OHCO7u9yiSFODUe)7.jpg;https://ei.phncdn.com/videos/202005/10/312401551/original/(m=eaAaGwObaaamqv)(mh=5OHCO7u9yiSFODUe)8.jpg;https://ei.phncdn.com/videos/202005/10/312401551/original/(m=eaAaGwObaaamqv)(mh=5OHCO7u9yiSFODUe)9.jpg;https://ei.phncdn.com/videos/202005/10/312401551/original/(m=eaAaGwObaaamqv)(mh=5OHCO7u9yiSFODUe)10.jpg;https://ei.phncdn.com/videos/202005/10/312401551/original/(m=eaAaGwObaaamqv)(mh=5OHCO7u9yiSFODUe)11.jpg;https://ei.phncdn.com/videos/202005/10/312401551/original/(m=eaAaGwObaaamqv)(mh=5OHCO7u9yiSFODUe)12.jpg;https://ei.phncdn.com/videos/202005/10/312401551/original/(m=eaAaGwObaaamqv)(mh=5OHCO7u9yiSFODUe)13.jpg;https://ei.phncdn.com/videos/202005/10/312401551/original/(m=eaAaGwObaaamqv)(mh=5OHCO7u9yiSFODUe)14.jpg;https://ei.phncdn.com/videos/202005/10/312401551/original/(m=eaAaGwObaaamqv)(mh=5OHCO7u9yiSFODUe)15.jpg;https://ei.phncdn.com/videos/202005/10/312401551/original/(m=eaAaGwObaaamqv)(mh=5OHCO7u9yiSFODUe)16.jpg
<iframe src="https://www.pornhub.com/embed/5ec591b17158c" frameborder="0" height="481" width="608" scrolling="no"></iframe>|https://ei.phncdn.com/videos/202005/20/315935511/original/(m=eaf8GgaaaWavb)(mh=db6SSO4yNpegMgUe)10.jpg|https://ei.phncdn.com/videos/202005/20/315935511/original/(m=eaf8GgaaaWavb)(mh=db6SSO4yNpegMgUe)1.jpg;https://ei.phncdn.com/videos/202005/20/315935511/original/(m=eaf8GgaaaWavb)(mh=db6SSO4yNpegMgUe)2.jpg;https://ei.phncdn.com/videos/202005/20/315935511/original/(m=eaf8GgaaaWavb)(mh=db6SSO4yNpegMgUe)3.jpg;https://ei.phncdn.com/videos/202005/20/315935511/original/(m=eaf8GgaaaWavb)(mh=db6SSO4yNpegMgUe)4.jpg;https://ei.phncdn.com/videos/202005/20/315935511/original/(m=eaf8GgaaaWavb)(mh=db6SSO4yNpegMgUe)5.jpg;https://ei.phncdn.com/videos/202005/20/315935511/original/(m=eaf8GgaaaWavb)(mh=db6SSO4yNpegMgUe)6.jpg;https://ei.phncdn.com/videos/202005/20/315935511/original/(m=eaf8GgaaaWavb)(mh=db6SSO4yNpegMgUe)7.jpg;https://ei.phncdn.com/videos/202005/20/315935511/original/(m=eaf8GgaaaWavb)(mh=db6SSO4yNpegMgUe)8.jpg;https://ei.phncdn.com/videos/202005/20/315935511/original/(m=eaf8GgaaaWavb)(mh=db6SSO4yNpegMgUe)9.jpg;https://ei.phncdn.com/videos/202005/20/315935511/original/(m=eaf8GgaaaWavb)(mh=db6SSO4yNpegMgUe)10.jpg;https://ei.phncdn.com/videos/202005/20/315935511/original/(m=eaf8GgaaaWavb)(mh=db6SSO4yNpegMgUe)11.jpg;https://ei.phncdn.com/videos/202005/20/315935511/original/(m=eaf8GgaaaWavb)(mh=db6SSO4yNpegMgUe)12.jpg;https://ei.phncdn.com/videos/202005/20/315935511/original/(m=eaf8GgaaaWavb)(mh=db6SSO4yNpegMgUe)13.jpg;https://ei.phncdn.com/videos/202005/20/315935511/original/(m=eaf8GgaaaWavb)(mh=db6SSO4yNpegMgUe)14.jpg;https://ei.phncdn.com/videos/202005/20/315935511/original/(m=eaf8GgaaaWavb)(mh=db6SSO4yNpegMgUe)15.jpg;https://ei.phncdn.com/videos/202005/20/315935511/original/(m=eaf8GgaaaWavb)(mh=db6SSO4yNpegMgUe)16.jpg|Lust fun|lust;fun|Double Penetration;Exclusive;Verified Amateurs;Solo Female||67|10|||https://ei.phncdn.com/videos/202005/20/315935511/original/(m=eaAaGwObaaamqv)(mh=ecC92mbFMVt_K83b)10.jpg|https://ei.phncdn.com/videos/202005/20/315935511/original/(m=eaAaGwObaaamqv)(mh=ecC92mbFMVt_K83b)1.jpg;https://ei.phncdn.com/videos/202005/20/315935511/original/(m=eaAaGwObaaamqv)(mh=ecC92mbFMVt_K83b)2.jpg;https://ei.phncdn.com/videos/202005/20/315935511/original/(m=eaAaGwObaaamqv)(mh=ecC92mbFMVt_K83b)3.jpg;https://ei.phncdn.com/videos/202005/20/315935511/original/(m=eaAaGwObaaamqv)(mh=ecC92mbFMVt_K83b)4.jpg;https://ei.phncdn.com/videos/202005/20/315935511/original/(m=eaAaGwObaaamqv)(mh=ecC92mbFMVt_K83b)5.jpg;https://ei.phncdn.com/videos/202005/20/315935511/original/(m=eaAaGwObaaamqv)(mh=ecC92mbFMVt_K83b)6.jpg;https://ei.phncdn.com/videos/202005/20/315935511/original/(m=eaAaGwObaaamqv)(mh=ecC92mbFMVt_K83b)7.jpg;https://ei.phncdn.com/videos/202005/20/315935511/original/(m=eaAaGwObaaamqv)(mh=ecC92mbFMVt_K83b)8.jpg;https://ei.phncdn.com/videos/202005/20/315935511/original/(m=eaAaGwObaaamqv)(mh=ecC92mbFMVt_K83b)9.jpg;https://ei.phncdn.com/videos/202005/20/315935511/original/(m=eaAaGwObaaamqv)(mh=ecC92mbFMVt_K83b)10.jpg;https://ei.phncdn.com/videos/202005/20/315935511/original/(m=eaAaGwObaaamqv)(mh=ecC92mbFMVt_K83b)11.jpg;https://ei.phncdn.com/videos/202005/20/315935511/original/(m=eaAaGwObaaamqv)(mh=ecC92mbFMVt_K83b)12.jpg;https://ei.phncdn.com/videos/202005/20/315935511/original/(m=eaAaGwObaaamqv)(mh=ecC92mbFMVt_K83b)13.jpg;https://ei.phncdn.com/videos/202005/20/315935511/original/(m=eaAaGwObaaamqv)(mh=ecC92mbFMVt_K83b)14.jpg;https://ei.phncdn.com/videos/202005/20/315935511/original/(m=eaAaGwObaaamqv)(mh=ecC92mbFMVt_K83b)15.jpg;https://ei.phncdn.com/videos/202005/20/315935511/original/(m=eaAaGwObaaamqv)(mh=ecC92mbFMVt_K83b)16.jpg
<iframe src="https://www.pornhub.com/embed/ph5ec915440e4a4" frameborder="0" height="481" width="608" scrolling="no"></iframe>|https://ei.phncdn.com/videos/202005/23/316869641/original/(m=eaf8GgaaaWavb)(mh=D7qIujX5qRWvODF5)6.jpg|https://ei.phncdn.com/videos/202005/23/316869641/original/(m=eaf8GgaaaWavb)(mh=D7qIujX5qRWvODF5)1.jpg;https://ei.phncdn.com/videos/202005/23/316869641/original/(m=eaf8GgaaaWavb)(mh=D7qIujX5qRWvODF5)2.jpg;https://ei.phncdn.com/videos/202005/23/316869641/original/(m=eaf8GgaaaWavb)(mh=D7qIujX5qRWvODF5)3.jpg;https://ei.phncdn.com/videos/202005/23/316869641/original/(m=eaf8GgaaaWavb)(mh=D7qIujX5qRWvODF5)4.jpg;https://ei.phncdn.com/videos/202005/23/316869641/original/(m=eaf8GgaaaWavb)(mh=D7qIujX5qRWvODF5)5.jpg;https://ei.phncdn.com/videos/202005/23/316869641/original/(m=eaf8GgaaaWavb)(mh=D7qIujX5qRWvODF5)6.jpg;https://ei.phncdn.com/videos/202005/23/316869641/original/(m=eaf8GgaaaWavb)(mh=D7qIujX5qRWvODF5)7.jpg;https://ei.phncdn.com/videos/202005/23/316869641/original/(m=eaf8GgaaaWavb)(mh=D7qIujX5qRWvODF5)8.jpg;https://ei.phncdn.com/videos/202005/23/316869641/original/(m=eaf8GgaaaWavb)(mh=D7qIujX5qRWvODF5)9.jpg;https://ei.phncdn.com/videos/202005/23/316869641/original/(m=eaf8GgaaaWavb)(mh=D7qIujX5qRWvODF5)10.jpg;https://ei.phncdn.com/videos/202005/23/316869641/original/(m=eaf8GgaaaWavb)(mh=D7qIujX5qRWvODF5)11.jpg;https://ei.phncdn.com/videos/202005/23/316869641/original/(m=eaf8GgaaaWavb)(mh=D7qIujX5qRWvODF5)12.jpg;https://ei.phncdn.com/videos/202005/23/316869641/original/(m=eaf8GgaaaWavb)(mh=D7qIujX5qRWvODF5)13.jpg;https://ei.phncdn.com/videos/202005/23/316869641/original/(m=eaf8GgaaaWavb)(mh=D7qIujX5qRWvODF5)14.jpg;https://ei.phncdn.com/videos/202005/23/316869641/original/(m=eaf8GgaaaWavb)(mh=D7qIujX5qRWvODF5)15.jpg;https://ei.phncdn.com/videos/202005/23/316869641/original/(m=eaf8GgaaaWavb)(mh=D7qIujX5qRWvODF5)16.jpg|Two fuck one girl  sims 4 wicked woohoo|3some;group;dp;fmm-threesome;fmm;fmm-amateur;fmm-anal;sims-4-sex;sims-sex;симпсоны;sims4;wicked-whims-sims-4;порно-мультик;sims-4;игры|Double Penetration;Gangbang;Cartoon;Exclusive;Verified Amateurs;Female Orgasm;FMM||193|2150|4|6|https://ei.phncdn.com/videos/202005/23/316869641/original/(m=eaAaGwObaaamqv)(mh=tVIrlENIn9pMbgL4)6.jpg|https://ei.phncdn.com/videos/202005/23/316869641/original/(m=eaAaGwObaaamqv)(mh=tVIrlENIn9pMbgL4)1.jpg;https://ei.phncdn.com/videos/202005/23/316869641/original/(m=eaAaGwObaaamqv)(mh=tVIrlENIn9pMbgL4)2.jpg;https://ei.phncdn.com/videos/202005/23/316869641/original/(m=eaAaGwObaaamqv)(mh=tVIrlENIn9pMbgL4)3.jpg;https://ei.phncdn.com/videos/202005/23/316869641/original/(m=eaAaGwObaaamqv)(mh=tVIrlENIn9pMbgL4)4.jpg;https://ei.phncdn.com/videos/202005/23/316869641/original/(m=eaAaGwObaaamqv)(mh=tVIrlENIn9pMbgL4)5.jpg;https://ei.phncdn.com/videos/202005/23/316869641/original/(m=eaAaGwObaaamqv)(mh=tVIrlENIn9pMbgL4)6.jpg;https://ei.phncdn.com/videos/202005/23/316869641/original/(m=eaAaGwObaaamqv)(mh=tVIrlENIn9pMbgL4)7.jpg;https://ei.phncdn.com/videos/202005/23/316869641/original/(m=eaAaGwObaaamqv)(mh=tVIrlENIn9pMbgL4)8.jpg;https://ei.phncdn.com/videos/202005/23/316869641/original/(m=eaAaGwObaaamqv)(mh=tVIrlENIn9pMbgL4)9.jpg;https://ei.phncdn.com/videos/202005/23/316869641/original/(m=eaAaGwObaaamqv)(mh=tVIrlENIn9pMbgL4)10.jpg;https://ei.phncdn.com/videos/202005/23/316869641/original/(m=eaAaGwObaaamqv)(mh=tVIrlENIn9pMbgL4)11.jpg;https://ei.phncdn.com/videos/202005/23/316869641/original/(m=eaAaGwObaaamqv)(mh=tVIrlENIn9pMbgL4)12.jpg;https://ei.phncdn.com/videos/202005/23/316869641/original/(m=eaAaGwObaaamqv)(mh=tVIrlENIn9pMbgL4)13.jpg;https://ei.phncdn.com/videos/202005/23/316869641/original/(m=eaAaGwObaaamqv)(mh=tVIrlENIn9pMbgL4)14.jpg;https://ei.phncdn.com/videos/202005/23/316869641/original/(m=eaAaGwObaaamqv)(mh=tVIrlENIn9pMbgL4)15.jpg;https://ei.phncdn.com/videos/202005/23/316869641/original/(m=eaAaGwObaaamqv)(mh=tVIrlENIn9pMbgL4)16.jpg
<iframe src="https://www.pornhub.com/embed/ph5f4ef12e017eb" frameborder="0" height="481" width="608" scrolling="no"></iframe>|https://ei.phncdn.com/videos/202009/02/347998211/original/(m=eaf8GgaaaWavb)(mh=WliwkAycySJz8DVf)11.jpg|https://ei.phncdn.com/videos/202009/02/347998211/original/(m=eaf8GgaaaWavb)(mh=WliwkAycySJz8DVf)1.jpg;https://ei.phncdn.com/videos/202009/02/347998211/original/(m=eaf8GgaaaWavb)(mh=WliwkAycySJz8DVf)2.jpg;https://ei.phncdn.com/videos/202009/02/347998211/original/(m=eaf8GgaaaWavb)(mh=WliwkAycySJz8DVf)3.jpg;https://ei.phncdn.com/videos/202009/02/347998211/original/(m=eaf8GgaaaWavb)(mh=WliwkAycySJz8DVf)4.jpg;https://ei.phncdn.com/videos/202009/02/347998211/original/(m=eaf8GgaaaWavb)(mh=WliwkAycySJz8DVf)5.jpg;https://ei.phncdn.com/videos/202009/02/347998211/original/(m=eaf8GgaaaWavb)(mh=WliwkAycySJz8DVf)6.jpg;https://ei.phncdn.com/videos/202009/02/347998211/original/(m=eaf8GgaaaWavb)(mh=WliwkAycySJz8DVf)7.jpg;https://ei.phncdn.com/videos/202009/02/347998211/original/(m=eaf8GgaaaWavb)(mh=WliwkAycySJz8DVf)8.jpg;https://ei.phncdn.com/videos/202009/02/347998211/original/(m=eaf8GgaaaWavb)(mh=WliwkAycySJz8DVf)9.jpg;https://ei.phncdn.com/videos/202009/02/347998211/original/(m=eaf8GgaaaWavb)(mh=WliwkAycySJz8DVf)10.jpg;https://ei.phncdn.com/videos/202009/02/347998211/original/(m=eaf8GgaaaWavb)(mh=WliwkAycySJz8DVf)11.jpg;https://ei.phncdn.com/videos/202009/02/347998211/original/(m=eaf8GgaaaWavb)(mh=WliwkAycySJz8DVf)12.jpg;https://ei.phncdn.com/videos/202009/02/347998211/original/(m=eaf8GgaaaWavb)(mh=WliwkAycySJz8DVf)13.jpg;https://ei.phncdn.com/videos/202009/02/347998211/original/(m=eaf8GgaaaWavb)(mh=WliwkAycySJz8DVf)14.jpg;https://ei.phncdn.com/videos/202009/02/347998211/original/(m=eaf8GgaaaWavb)(mh=WliwkAycySJz8DVf)15.jpg;https://ei.phncdn.com/videos/202009/02/347998211/original/(m=eaf8GgaaaWavb)(mh=WliwkAycySJz8DVf)16.jpg|Santa Claus arranged group threesome sex  Porno Game 3d, cartoon porn games|3some;group;dp;game;3d;sims;игры;sims-4-sex;sims-sex;sims4;wicked-whims-sims-4;порно-мультик;sims-4;video-game-sex;the-sims-4-sex-mod;porno-game|Double Penetration;Gangbang;Cartoon;German;Exclusive;Verified Amateurs;FFM||359|16254|17|10|https://ei.phncdn.com/videos/202009/02/347998211/original/(m=eaAaGwObaaamqv)(mh=xUNenkq718r70Ug-)11.jpg|https://ei.phncdn.com/videos/202009/02/347998211/original/(m=eaAaGwObaaamqv)(mh=xUNenkq718r70Ug-)1.jpg;https://ei.phncdn.com/videos/202009/02/347998211/original/(m=eaAaGwObaaamqv)(mh=xUNenkq718r70Ug-)2.jpg;https://ei.phncdn.com/videos/202009/02/347998211/original/(m=eaAaGwObaaamqv)(mh=xUNenkq718r70Ug-)3.jpg;https://ei.phncdn.com/videos/202009/02/347998211/original/(m=eaAaGwObaaamqv)(mh=xUNenkq718r70Ug-)4.jpg;https://ei.phncdn.com/videos/202009/02/347998211/original/(m=eaAaGwObaaamqv)(mh=xUNenkq718r70Ug-)5.jpg;https://ei.phncdn.com/videos/202009/02/347998211/original/(m=eaAaGwObaaamqv)(mh=xUNenkq718r70Ug-)6.jpg;https://ei.phncdn.com/videos/202009/02/347998211/original/(m=eaAaGwObaaamqv)(mh=xUNenkq718r70Ug-)7.jpg;https://ei.phncdn.com/videos/202009/02/347998211/original/(m=eaAaGwObaaamqv)(mh=xUNenkq718r70Ug-)8.jpg;https://ei.phncdn.com/videos/202009/02/347998211/original/(m=eaAaGwObaaamqv)(mh=xUNenkq718r70Ug-)9.jpg;https://ei.phncdn.com/videos/202009/02/347998211/original/(m=eaAaGwObaaamqv)(mh=xUNenkq718r70Ug-)10.jpg;https://ei.phncdn.com/videos/202009/02/347998211/original/(m=eaAaGwObaaamqv)(mh=xUNenkq718r70Ug-)11.jpg;https://ei.phncdn.com/videos/202009/02/347998211/original/(m=eaAaGwObaaamqv)(mh=xUNenkq718r70Ug-)12.jpg;https://ei.phncdn.com/videos/202009/02/347998211/original/(m=eaAaGwObaaamqv)(mh=xUNenkq718r70Ug-)13.jpg;https://ei.phncdn.com/videos/202009/02/347998211/original/(m=eaAaGwObaaamqv)(mh=xUNenkq718r70Ug-)14.jpg;https://ei.phncdn.com/videos/202009/02/347998211/original/(m=eaAaGwObaaamqv)(mh=xUNenkq718r70Ug-)15.jpg;https://ei.phncdn.com/videos/202009/02/347998211/original/(m=eaAaGwObaaamqv)(mh=xUNenkq718r70Ug-)16.jpg
<iframe src="https://www.pornhub.com/embed/ph6019d754bd6c7" frameborder="0" height="481" width="608" scrolling="no"></iframe>|https://ei.phncdn.com/videos/202102/02/382898092/original/(m=eaf8GgaaaWavb)(mh=-JHuumr7BetLefUc)14.jpg|https://ei.phncdn.com/videos/202102/02/382898092/original/(m=eaf8GgaaaWavb)(mh=-JHuumr7BetLefUc)1.jpg;https://ei.phncdn.com/videos/202102/02/382898092/original/(m=eaf8GgaaaWavb)(mh=-JHuumr7BetLefUc)2.jpg;https://ei.phncdn.com/videos/202102/02/382898092/original/(m=eaf8GgaaaWavb)(mh=-JHuumr7BetLefUc)3.jpg;https://ei.phncdn.com/videos/202102/02/382898092/original/(m=eaf8GgaaaWavb)(mh=-JHuumr7BetLefUc)4.jpg;https://ei.phncdn.com/videos/202102/02/382898092/original/(m=eaf8GgaaaWavb)(mh=-JHuumr7BetLefUc)5.jpg;https://ei.phncdn.com/videos/202102/02/382898092/original/(m=eaf8GgaaaWavb)(mh=-JHuumr7BetLefUc)6.jpg;https://ei.phncdn.com/videos/202102/02/382898092/original/(m=eaf8GgaaaWavb)(mh=-JHuumr7BetLefUc)7.jpg;https://ei.phncdn.com/videos/202102/02/382898092/original/(m=eaf8GgaaaWavb)(mh=-JHuumr7BetLefUc)8.jpg;https://ei.phncdn.com/videos/202102/02/382898092/original/(m=eaf8GgaaaWavb)(mh=-JHuumr7BetLefUc)9.jpg;https://ei.phncdn.com/videos/202102/02/382898092/original/(m=eaf8GgaaaWavb)(mh=-JHuumr7BetLefUc)10.jpg;https://ei.phncdn.com/videos/202102/02/382898092/original/(m=eaf8GgaaaWavb)(mh=-JHuumr7BetLefUc)11.jpg;https://ei.phncdn.com/videos/202102/02/382898092/original/(m=eaf8GgaaaWavb)(mh=-JHuumr7BetLefUc)12.jpg;https://ei.phncdn.com/videos/202102/02/382898092/original/(m=eaf8GgaaaWavb)(mh=-JHuumr7BetLefUc)13.jpg;https://ei.phncdn.com/videos/202102/02/382898092/original/(m=eaf8GgaaaWavb)(mh=-JHuumr7BetLefUc)14.jpg;https://ei.phncdn.com/videos/202102/02/382898092/original/(m=eaf8GgaaaWavb)(mh=-JHuumr7BetLefUc)15.jpg;https://ei.phncdn.com/videos/202102/02/382898092/original/(m=eaf8GgaaaWavb)(mh=-JHuumr7BetLefUc)16.jpg|ghdch|testsponsordomain;dgss;dhdr;dp|Double Penetration||63|44|||https://ei.phncdn.com/videos/202102/02/382898092/original/(m=eaAaGwObaaamqv)(mh=EjkJuh12SxdZiJIz)14.jpg|https://ei.phncdn.com/videos/202102/02/382898092/original/(m=eaAaGwObaaamqv)(mh=EjkJuh12SxdZiJIz)1.jpg;https://ei.phncdn.com/videos/202102/02/382898092/original/(m=eaAaGwObaaamqv)(mh=EjkJuh12SxdZiJIz)2.jpg;https://ei.phncdn.com/videos/202102/02/382898092/original/(m=eaAaGwObaaamqv)(mh=EjkJuh12SxdZiJIz)3.jpg;https://ei.phncdn.com/videos/202102/02/382898092/original/(m=eaAaGwObaaamqv)(mh=EjkJuh12SxdZiJIz)4.jpg;https://ei.phncdn.com/videos/202102/02/382898092/original/(m=eaAaGwObaaamqv)(mh=EjkJuh12SxdZiJIz)5.jpg;https://ei.phncdn.com/videos/202102/02/382898092/original/(m=eaAaGwObaaamqv)(mh=EjkJuh12SxdZiJIz)6.jpg;https://ei.phncdn.com/videos/202102/02/382898092/original/(m=eaAaGwObaaamqv)(mh=EjkJuh12SxdZiJIz)7.jpg;https://ei.phncdn.com/videos/202102/02/382898092/original/(m=eaAaGwObaaamqv)(mh=EjkJuh12SxdZiJIz)8.jpg;https://ei.phncdn.com/videos/202102/02/382898092/original/(m=eaAaGwObaaamqv)(mh=EjkJuh12SxdZiJIz)9.jpg;https://ei.phncdn.com/videos/202102/02/382898092/original/(m=eaAaGwObaaamqv)(mh=EjkJuh12SxdZiJIz)10.jpg;https://ei.phncdn.com/videos/202102/02/382898092/original/(m=eaAaGwObaaamqv)(mh=EjkJuh12SxdZiJIz)11.jpg;https://ei.phncdn.com/videos/202102/02/382898092/original/(m=eaAaGwObaaamqv)(mh=EjkJuh12SxdZiJIz)12.jpg;https://ei.phncdn.com/videos/202102/02/382898092/original/(m=eaAaGwObaaamqv)(mh=EjkJuh12SxdZiJIz)13.jpg;https://ei.phncdn.com/videos/202102/02/382898092/original/(m=eaAaGwObaaamqv)(mh=EjkJuh12SxdZiJIz)14.jpg;https://ei.phncdn.com/videos/202102/02/382898092/original/(m=eaAaGwObaaamqv)(mh=EjkJuh12SxdZiJIz)15.jpg;https://ei.phncdn.com/videos/202102/02/382898092/original/(m=eaAaGwObaaamqv)(mh=EjkJuh12SxdZiJIz)16.jpg
<iframe src="https://www.pornhub.com/embed/ph601b07a10b301" frameborder="0" height="481" width="608" scrolling="no"></iframe>|https://ei.phncdn.com/videos/202102/03/382947672/original/(m=eaf8GgaaaWavb)(mh=G9g0MOz8GAgRQgxQ)14.jpg|https://ei.phncdn.com/videos/202102/03/382947672/original/(m=eaf8GgaaaWavb)(mh=G9g0MOz8GAgRQgxQ)1.jpg;https://ei.phncdn.com/videos/202102/03/382947672/original/(m=eaf8GgaaaWavb)(mh=G9g0MOz8GAgRQgxQ)2.jpg;https://ei.phncdn.com/videos/202102/03/382947672/original/(m=eaf8GgaaaWavb)(mh=G9g0MOz8GAgRQgxQ)3.jpg;https://ei.phncdn.com/videos/202102/03/382947672/original/(m=eaf8GgaaaWavb)(mh=G9g0MOz8GAgRQgxQ)4.jpg;https://ei.phncdn.com/videos/202102/03/382947672/original/(m=eaf8GgaaaWavb)(mh=G9g0MOz8GAgRQgxQ)5.jpg;https://ei.phncdn.com/videos/202102/03/382947672/original/(m=eaf8GgaaaWavb)(mh=G9g0MOz8GAgRQgxQ)6.jpg;https://ei.phncdn.com/videos/202102/03/382947672/original/(m=eaf8GgaaaWavb)(mh=G9g0MOz8GAgRQgxQ)7.jpg;https://ei.phncdn.com/videos/202102/03/382947672/original/(m=eaf8GgaaaWavb)(mh=G9g0MOz8GAgRQgxQ)8.jpg;https://ei.phncdn.com/videos/202102/03/382947672/original/(m=eaf8GgaaaWavb)(mh=G9g0MOz8GAgRQgxQ)9.jpg;https://ei.phncdn.com/videos/202102/03/382947672/original/(m=eaf8GgaaaWavb)(mh=G9g0MOz8GAgRQgxQ)10.jpg;https://ei.phncdn.com/videos/202102/03/382947672/original/(m=eaf8GgaaaWavb)(mh=G9g0MOz8GAgRQgxQ)11.jpg;https://ei.phncdn.com/videos/202102/03/382947672/original/(m=eaf8GgaaaWavb)(mh=G9g0MOz8GAgRQgxQ)12.jpg;https://ei.phncdn.com/videos/202102/03/382947672/original/(m=eaf8GgaaaWavb)(mh=G9g0MOz8GAgRQgxQ)13.jpg;https://ei.phncdn.com/videos/202102/03/382947672/original/(m=eaf8GgaaaWavb)(mh=G9g0MOz8GAgRQgxQ)14.jpg;https://ei.phncdn.com/videos/202102/03/382947672/original/(m=eaf8GgaaaWavb)(mh=G9g0MOz8GAgRQgxQ)15.jpg;https://ei.phncdn.com/videos/202102/03/382947672/original/(m=eaf8GgaaaWavb)(mh=G9g0MOz8GAgRQgxQ)16.jpg|vdfsdfewf|testsponsordomain;dp|Double Penetration||63|46|||https://ei.phncdn.com/videos/202102/03/382947672/original/(m=eaAaGwObaaamqv)(mh=2t4rWSckAjCt6Sjw)14.jpg|https://ei.phncdn.com/videos/202102/03/382947672/original/(m=eaAaGwObaaamqv)(mh=2t4rWSckAjCt6Sjw)1.jpg;https://ei.phncdn.com/videos/202102/03/382947672/original/(m=eaAaGwObaaamqv)(mh=2t4rWSckAjCt6Sjw)2.jpg;https://ei.phncdn.com/videos/202102/03/382947672/original/(m=eaAaGwObaaamqv)(mh=2t4rWSckAjCt6Sjw)3.jpg;https://ei.phncdn.com/videos/202102/03/382947672/original/(m=eaAaGwObaaamqv)(mh=2t4rWSckAjCt6Sjw)4.jpg;https://ei.phncdn.com/videos/202102/03/382947672/original/(m=eaAaGwObaaamqv)(mh=2t4rWSckAjCt6Sjw)5.jpg;https://ei.phncdn.com/videos/202102/03/382947672/original/(m=eaAaGwObaaamqv)(mh=2t4rWSckAjCt6Sjw)6.jpg;https://ei.phncdn.com/videos/202102/03/382947672/original/(m=eaAaGwObaaamqv)(mh=2t4rWSckAjCt6Sjw)7.jpg;https://ei.phncdn.com/videos/202102/03/382947672/original/(m=eaAaGwObaaamqv)(mh=2t4rWSckAjCt6Sjw)8.jpg;https://ei.phncdn.com/videos/202102/03/382947672/original/(m=eaAaGwObaaamqv)(mh=2t4rWSckAjCt6Sjw)9.jpg;https://ei.phncdn.com/videos/202102/03/382947672/original/(m=eaAaGwObaaamqv)(mh=2t4rWSckAjCt6Sjw)10.jpg;https://ei.phncdn.com/videos/202102/03/382947672/original/(m=eaAaGwObaaamqv)(mh=2t4rWSckAjCt6Sjw)11.jpg;https://ei.phncdn.com/videos/202102/03/382947672/original/(m=eaAaGwObaaamqv)(mh=2t4rWSckAjCt6Sjw)12.jpg;https://ei.phncdn.com/videos/202102/03/382947672/original/(m=eaAaGwObaaamqv)(mh=2t4rWSckAjCt6Sjw)13.jpg;https://ei.phncdn.com/videos/202102/03/382947672/original/(m=eaAaGwObaaamqv)(mh=2t4rWSckAjCt6Sjw)14.jpg;https://ei.phncdn.com/videos/202102/03/382947672/original/(m=eaAaGwObaaamqv)(mh=2t4rWSckAjCt6Sjw)15.jpg;https://ei.phncdn.com/videos/202102/03/382947672/original/(m=eaAaGwObaaamqv)(mh=2t4rWSckAjCt6Sjw)16.jpg
<iframe src="https://www.pornhub.com/embed/ph6056156fe867a" frameborder="0" height="481" width="608" scrolling="no"></iframe>|https://ei.phncdn.com/videos/202103/20/385419391/thumbs_25/(m=eaf8GgaaaWavb)(mh=3M46oPgI7L3kM7gt)9.jpg|https://ei.phncdn.com/videos/202103/20/385419391/thumbs_25/(m=eaf8GgaaaWavb)(mh=3M46oPgI7L3kM7gt)1.jpg;https://ei.phncdn.com/videos/202103/20/385419391/thumbs_25/(m=eaf8GgaaaWavb)(mh=3M46oPgI7L3kM7gt)2.jpg;https://ei.phncdn.com/videos/202103/20/385419391/thumbs_25/(m=eaf8GgaaaWavb)(mh=3M46oPgI7L3kM7gt)3.jpg;https://ei.phncdn.com/videos/202103/20/385419391/thumbs_25/(m=eaf8GgaaaWavb)(mh=3M46oPgI7L3kM7gt)4.jpg;https://ei.phncdn.com/videos/202103/20/385419391/thumbs_25/(m=eaf8GgaaaWavb)(mh=3M46oPgI7L3kM7gt)5.jpg;https://ei.phncdn.com/videos/202103/20/385419391/thumbs_25/(m=eaf8GgaaaWavb)(mh=3M46oPgI7L3kM7gt)6.jpg;https://ei.phncdn.com/videos/202103/20/385419391/thumbs_25/(m=eaf8GgaaaWavb)(mh=3M46oPgI7L3kM7gt)7.jpg;https://ei.phncdn.com/videos/202103/20/385419391/thumbs_25/(m=eaf8GgaaaWavb)(mh=3M46oPgI7L3kM7gt)8.jpg;https://ei.phncdn.com/videos/202103/20/385419391/thumbs_25/(m=eaf8GgaaaWavb)(mh=3M46oPgI7L3kM7gt)9.jpg;https://ei.phncdn.com/videos/202103/20/385419391/thumbs_25/(m=eaf8GgaaaWavb)(mh=3M46oPgI7L3kM7gt)10.jpg;https://ei.phncdn.com/videos/202103/20/385419391/thumbs_25/(m=eaf8GgaaaWavb)(mh=3M46oPgI7L3kM7gt)11.jpg;https://ei.phncdn.com/videos/202103/20/385419391/thumbs_25/(m=eaf8GgaaaWavb)(mh=3M46oPgI7L3kM7gt)12.jpg;https://ei.phncdn.com/videos/202103/20/385419391/thumbs_25/(m=eaf8GgaaaWavb)(mh=3M46oPgI7L3kM7gt)13.jpg;https://ei.phncdn.com/videos/202103/20/385419391/thumbs_25/(m=eaf8GgaaaWavb)(mh=3M46oPgI7L3kM7gt)14.jpg;https://ei.phncdn.com/videos/202103/20/385419391/thumbs_25/(m=eaf8GgaaaWavb)(mh=3M46oPgI7L3kM7gt)15.jpg;https://ei.phncdn.com/videos/202103/20/385419391/thumbs_25/(m=eaf8GgaaaWavb)(mh=3M46oPgI7L3kM7gt)16.jpg|WEET PUSSY HOT PUSSY HOLEE|anal;wet-pussy;wet-hole;ass-hole;hot-wet-ass-hole|Double Penetration;Exclusive;Verified Amateurs;Verified Couples;Female Orgasm||539|962|3|1|https://ei.phncdn.com/videos/202103/20/385419391/thumbs_25/(m=eaAaGwObaaamqv)(mh=cryAMTToEBSuyRj6)9.jpg|https://ei.phncdn.com/videos/202103/20/385419391/thumbs_25/(m=eaAaGwObaaamqv)(mh=cryAMTToEBSuyRj6)1.jpg;https://ei.phncdn.com/videos/202103/20/385419391/thumbs_25/(m=eaAaGwObaaamqv)(mh=cryAMTToEBSuyRj6)2.jpg;https://ei.phncdn.com/videos/202103/20/385419391/thumbs_25/(m=eaAaGwObaaamqv)(mh=cryAMTToEBSuyRj6)3.jpg;https://ei.phncdn.com/videos/202103/20/385419391/thumbs_25/(m=eaAaGwObaaamqv)(mh=cryAMTToEBSuyRj6)4.jpg;https://ei.phncdn.com/videos/202103/20/385419391/thumbs_25/(m=eaAaGwObaaamqv)(mh=cryAMTToEBSuyRj6)5.jpg;https://ei.phncdn.com/videos/202103/20/385419391/thumbs_25/(m=eaAaGwObaaamqv)(mh=cryAMTToEBSuyRj6)6.jpg;https://ei.phncdn.com/videos/202103/20/385419391/thumbs_25/(m=eaAaGwObaaamqv)(mh=cryAMTToEBSuyRj6)7.jpg;https://ei.phncdn.com/videos/202103/20/385419391/thumbs_25/(m=eaAaGwObaaamqv)(mh=cryAMTToEBSuyRj6)8.jpg;https://ei.phncdn.com/videos/202103/20/385419391/thumbs_25/(m=eaAaGwObaaamqv)(mh=cryAMTToEBSuyRj6)9.jpg;https://ei.phncdn.com/videos/202103/20/385419391/thumbs_25/(m=eaAaGwObaaamqv)(mh=cryAMTToEBSuyRj6)10.jpg;https://ei.phncdn.com/videos/202103/20/385419391/thumbs_25/(m=eaAaGwObaaamqv)(mh=cryAMTToEBSuyRj6)11.jpg;https://ei.phncdn.com/videos/202103/20/385419391/thumbs_25/(m=eaAaGwObaaamqv)(mh=cryAMTToEBSuyRj6)12.jpg;https://ei.phncdn.com/videos/202103/20/385419391/thumbs_25/(m=eaAaGwObaaamqv)(mh=cryAMTToEBSuyRj6)13.jpg;https://ei.phncdn.com/videos/202103/20/385419391/thumbs_25/(m=eaAaGwObaaamqv)(mh=cryAMTToEBSuyRj6)14.jpg;https://ei.phncdn.com/videos/202103/20/385419391/thumbs_25/(m=eaAaGwObaaamqv)(mh=cryAMTToEBSuyRj6)15.jpg;https://ei.phncdn.com/videos/202103/20/385419391/thumbs_25/(m=eaAaGwObaaamqv)(mh=cryAMTToEBSuyRj6)16.jpg
<iframe src="https://www.pornhub.com/embed/ph6056164a0092b" frameborder="0" height="481" width="608" scrolling="no"></iframe>|https://ei.phncdn.com/videos/202103/20/385419541/original/(m=eaf8GgaaaWavb)(mh=XAIlZLDw7qiaff6q)5.jpg|https://ei.phncdn.com/videos/202103/20/385419541/original/(m=eaf8GgaaaWavb)(mh=XAIlZLDw7qiaff6q)1.jpg;https://ei.phncdn.com/videos/202103/20/385419541/original/(m=eaf8GgaaaWavb)(mh=XAIlZLDw7qiaff6q)2.jpg;https://ei.phncdn.com/videos/202103/20/385419541/original/(m=eaf8GgaaaWavb)(mh=XAIlZLDw7qiaff6q)3.jpg;https://ei.phncdn.com/videos/202103/20/385419541/original/(m=eaf8GgaaaWavb)(mh=XAIlZLDw7qiaff6q)4.jpg;https://ei.phncdn.com/videos/202103/20/385419541/original/(m=eaf8GgaaaWavb)(mh=XAIlZLDw7qiaff6q)5.jpg;https://ei.phncdn.com/videos/202103/20/385419541/original/(m=eaf8GgaaaWavb)(mh=XAIlZLDw7qiaff6q)6.jpg;https://ei.phncdn.com/videos/202103/20/385419541/original/(m=eaf8GgaaaWavb)(mh=XAIlZLDw7qiaff6q)7.jpg;https://ei.phncdn.com/videos/202103/20/385419541/original/(m=eaf8GgaaaWavb)(mh=XAIlZLDw7qiaff6q)8.jpg;https://ei.phncdn.com/videos/202103/20/385419541/original/(m=eaf8GgaaaWavb)(mh=XAIlZLDw7qiaff6q)9.jpg;https://ei.phncdn.com/videos/202103/20/385419541/original/(m=eaf8GgaaaWavb)(mh=XAIlZLDw7qiaff6q)10.jpg;https://ei.phncdn.com/videos/202103/20/385419541/original/(m=eaf8GgaaaWavb)(mh=XAIlZLDw7qiaff6q)11.jpg;https://ei.phncdn.com/videos/202103/20/385419541/original/(m=eaf8GgaaaWavb)(mh=XAIlZLDw7qiaff6q)12.jpg;https://ei.phncdn.com/videos/202103/20/385419541/original/(m=eaf8GgaaaWavb)(mh=XAIlZLDw7qiaff6q)13.jpg;https://ei.phncdn.com/videos/202103/20/385419541/original/(m=eaf8GgaaaWavb)(mh=XAIlZLDw7qiaff6q)14.jpg;https://ei.phncdn.com/videos/202103/20/385419541/original/(m=eaf8GgaaaWavb)(mh=XAIlZLDw7qiaff6q)15.jpg;https://ei.phncdn.com/videos/202103/20/385419541/original/(m=eaf8GgaaaWavb)(mh=XAIlZLDw7qiaff6q)16.jpg|TEASING MY WET HOT PUSSY HARD|anal-sexxx;anal-porn;teasing-porn;pussy-wet|Double Penetration;60FPS;Exclusive;Verified Amateurs;Verified Couples;Female Orgasm||122|359|||https://ei.phncdn.com/videos/202103/20/385419541/original/(m=eaAaGwObaaamqv)(mh=U1McrQsNh0ByTF9R)5.jpg|https://ei.phncdn.com/videos/202103/20/385419541/original/(m=eaAaGwObaaamqv)(mh=U1McrQsNh0ByTF9R)1.jpg;https://ei.phncdn.com/videos/202103/20/385419541/original/(m=eaAaGwObaaamqv)(mh=U1McrQsNh0ByTF9R)2.jpg;https://ei.phncdn.com/videos/202103/20/385419541/original/(m=eaAaGwObaaamqv)(mh=U1McrQsNh0ByTF9R)3.jpg;https://ei.phncdn.com/videos/202103/20/385419541/original/(m=eaAaGwObaaamqv)(mh=U1McrQsNh0ByTF9R)4.jpg;https://ei.phncdn.com/videos/202103/20/385419541/original/(m=eaAaGwObaaamqv)(mh=U1McrQsNh0ByTF9R)5.jpg;https://ei.phncdn.com/videos/202103/20/385419541/original/(m=eaAaGwObaaamqv)(mh=U1McrQsNh0ByTF9R)6.jpg;https://ei.phncdn.com/videos/202103/20/385419541/original/(m=eaAaGwObaaamqv)(mh=U1McrQsNh0ByTF9R)7.jpg;https://ei.phncdn.com/videos/202103/20/385419541/original/(m=eaAaGwObaaamqv)(mh=U1McrQsNh0ByTF9R)8.jpg;https://ei.phncdn.com/videos/202103/20/385419541/original/(m=eaAaGwObaaamqv)(mh=U1McrQsNh0ByTF9R)9.jpg;https://ei.phncdn.com/videos/202103/20/385419541/original/(m=eaAaGwObaaamqv)(mh=U1McrQsNh0ByTF9R)10.jpg;https://ei.phncdn.com/videos/202103/20/385419541/original/(m=eaAaGwObaaamqv)(mh=U1McrQsNh0ByTF9R)11.jpg;https://ei.phncdn.com/videos/202103/20/385419541/original/(m=eaAaGwObaaamqv)(mh=U1McrQsNh0ByTF9R)12.jpg;https://ei.phncdn.com/videos/202103/20/385419541/original/(m=eaAaGwObaaamqv)(mh=U1McrQsNh0ByTF9R)13.jpg;https://ei.phncdn.com/videos/202103/20/385419541/original/(m=eaAaGwObaaamqv)(mh=U1McrQsNh0ByTF9R)14.jpg;https://ei.phncdn.com/videos/202103/20/385419541/original/(m=eaAaGwObaaamqv)(mh=U1McrQsNh0ByTF9R)15.jpg;https://ei.phncdn.com/videos/202103/20/385419541/original/(m=eaAaGwObaaamqv)(mh=U1McrQsNh0ByTF9R)16.jpg
<iframe src="https://www.pornhub.com/embed/ph608c4446672fc" frameborder="0" height="481" width="608" scrolling="no"></iframe>|https://ei.phncdn.com/videos/202104/30/387361421/original/(m=eaf8GgaaaWavb)(mh=DsA2qMpS0UCzfK0y)13.jpg|https://ei.phncdn.com/videos/202104/30/387361421/original/(m=eaf8GgaaaWavb)(mh=DsA2qMpS0UCzfK0y)1.jpg;https://ei.phncdn.com/videos/202104/30/387361421/original/(m=eaf8GgaaaWavb)(mh=DsA2qMpS0UCzfK0y)2.jpg;https://ei.phncdn.com/videos/202104/30/387361421/original/(m=eaf8GgaaaWavb)(mh=DsA2qMpS0UCzfK0y)3.jpg;https://ei.phncdn.com/videos/202104/30/387361421/original/(m=eaf8GgaaaWavb)(mh=DsA2qMpS0UCzfK0y)4.jpg;https://ei.phncdn.com/videos/202104/30/387361421/original/(m=eaf8GgaaaWavb)(mh=DsA2qMpS0UCzfK0y)5.jpg;https://ei.phncdn.com/videos/202104/30/387361421/original/(m=eaf8GgaaaWavb)(mh=DsA2qMpS0UCzfK0y)6.jpg;https://ei.phncdn.com/videos/202104/30/387361421/original/(m=eaf8GgaaaWavb)(mh=DsA2qMpS0UCzfK0y)7.jpg;https://ei.phncdn.com/videos/202104/30/387361421/original/(m=eaf8GgaaaWavb)(mh=DsA2qMpS0UCzfK0y)8.jpg;https://ei.phncdn.com/videos/202104/30/387361421/original/(m=eaf8GgaaaWavb)(mh=DsA2qMpS0UCzfK0y)9.jpg;https://ei.phncdn.com/videos/202104/30/387361421/original/(m=eaf8GgaaaWavb)(mh=DsA2qMpS0UCzfK0y)10.jpg;https://ei.phncdn.com/videos/202104/30/387361421/original/(m=eaf8GgaaaWavb)(mh=DsA2qMpS0UCzfK0y)11.jpg;https://ei.phncdn.com/videos/202104/30/387361421/original/(m=eaf8GgaaaWavb)(mh=DsA2qMpS0UCzfK0y)12.jpg;https://ei.phncdn.com/videos/202104/30/387361421/original/(m=eaf8GgaaaWavb)(mh=DsA2qMpS0UCzfK0y)13.jpg;https://ei.phncdn.com/videos/202104/30/387361421/original/(m=eaf8GgaaaWavb)(mh=DsA2qMpS0UCzfK0y)14.jpg;https://ei.phncdn.com/videos/202104/30/387361421/original/(m=eaf8GgaaaWavb)(mh=DsA2qMpS0UCzfK0y)15.jpg;https://ei.phncdn.com/videos/202104/30/387361421/original/(m=eaf8GgaaaWavb)(mh=DsA2qMpS0UCzfK0y)16.jpg|Showing off my pretty Orange toes|ebony;masturbation;foreplay;fantasy;exotics;roleplay;solo|Double Penetration;Role Play;Feet;Exclusive;Verified Amateurs;Solo Female;Female Orgasm;Romantic;Vertical Video||59|251|6|1|https://ei.phncdn.com/videos/202104/30/387361421/original/(m=eaAaGwObaaamqv)(mh=UP7_7LgTltZs0zNW)13.jpg|https://ei.phncdn.com/videos/202104/30/387361421/original/(m=eaAaGwObaaamqv)(mh=UP7_7LgTltZs0zNW)1.jpg;https://ei.phncdn.com/videos/202104/30/387361421/original/(m=eaAaGwObaaamqv)(mh=UP7_7LgTltZs0zNW)2.jpg;https://ei.phncdn.com/videos/202104/30/387361421/original/(m=eaAaGwObaaamqv)(mh=UP7_7LgTltZs0zNW)3.jpg;https://ei.phncdn.com/videos/202104/30/387361421/original/(m=eaAaGwObaaamqv)(mh=UP7_7LgTltZs0zNW)4.jpg;https://ei.phncdn.com/videos/202104/30/387361421/original/(m=eaAaGwObaaamqv)(mh=UP7_7LgTltZs0zNW)5.jpg;https://ei.phncdn.com/videos/202104/30/387361421/original/(m=eaAaGwObaaamqv)(mh=UP7_7LgTltZs0zNW)6.jpg;https://ei.phncdn.com/videos/202104/30/387361421/original/(m=eaAaGwObaaamqv)(mh=UP7_7LgTltZs0zNW)7.jpg;https://ei.phncdn.com/videos/202104/30/387361421/original/(m=eaAaGwObaaamqv)(mh=UP7_7LgTltZs0zNW)8.jpg;https://ei.phncdn.com/videos/202104/30/387361421/original/(m=eaAaGwObaaamqv)(mh=UP7_7LgTltZs0zNW)9.jpg;https://ei.phncdn.com/videos/202104/30/387361421/original/(m=eaAaGwObaaamqv)(mh=UP7_7LgTltZs0zNW)10.jpg;https://ei.phncdn.com/videos/202104/30/387361421/original/(m=eaAaGwObaaamqv)(mh=UP7_7LgTltZs0zNW)11.jpg;https://ei.phncdn.com/videos/202104/30/387361421/original/(m=eaAaGwObaaamqv)(mh=UP7_7LgTltZs0zNW)12.jpg;https://ei.phncdn.com/videos/202104/30/387361421/original/(m=eaAaGwObaaamqv)(mh=UP7_7LgTltZs0zNW)13.jpg;https://ei.phncdn.com/videos/202104/30/387361421/original/(m=eaAaGwObaaamqv)(mh=UP7_7LgTltZs0zNW)14.jpg;https://ei.phncdn.com/videos/202104/30/387361421/original/(m=eaAaGwObaaamqv)(mh=UP7_7LgTltZs0zNW)15.jpg;https://ei.phncdn.com/videos/202104/30/387361421/original/(m=eaAaGwObaaamqv)(mh=UP7_7LgTltZs0zNW)16.jpg
<iframe src="https://www.pornhub.com/embed/ph610d461198d7c" frameborder="0" height="481" width="608" scrolling="no"></iframe>|https://ei.phncdn.com/videos/202108/06/392503261/original/(m=eaf8GgaaaWavb)(mh=eJaXaOl-bosZhNJn)9.jpg|https://ei.phncdn.com/videos/202108/06/392503261/original/(m=eaf8GgaaaWavb)(mh=eJaXaOl-bosZhNJn)1.jpg;https://ei.phncdn.com/videos/202108/06/392503261/original/(m=eaf8GgaaaWavb)(mh=eJaXaOl-bosZhNJn)2.jpg;https://ei.phncdn.com/videos/202108/06/392503261/original/(m=eaf8GgaaaWavb)(mh=eJaXaOl-bosZhNJn)3.jpg;https://ei.phncdn.com/videos/202108/06/392503261/original/(m=eaf8GgaaaWavb)(mh=eJaXaOl-bosZhNJn)4.jpg;https://ei.phncdn.com/videos/202108/06/392503261/original/(m=eaf8GgaaaWavb)(mh=eJaXaOl-bosZhNJn)5.jpg;https://ei.phncdn.com/videos/202108/06/392503261/original/(m=eaf8GgaaaWavb)(mh=eJaXaOl-bosZhNJn)6.jpg;https://ei.phncdn.com/videos/202108/06/392503261/original/(m=eaf8GgaaaWavb)(mh=eJaXaOl-bosZhNJn)7.jpg;https://ei.phncdn.com/videos/202108/06/392503261/original/(m=eaf8GgaaaWavb)(mh=eJaXaOl-bosZhNJn)8.jpg;https://ei.phncdn.com/videos/202108/06/392503261/original/(m=eaf8GgaaaWavb)(mh=eJaXaOl-bosZhNJn)9.jpg;https://ei.phncdn.com/videos/202108/06/392503261/original/(m=eaf8GgaaaWavb)(mh=eJaXaOl-bosZhNJn)10.jpg;https://ei.phncdn.com/videos/202108/06/392503261/original/(m=eaf8GgaaaWavb)(mh=eJaXaOl-bosZhNJn)11.jpg;https://ei.phncdn.com/videos/202108/06/392503261/original/(m=eaf8GgaaaWavb)(mh=eJaXaOl-bosZhNJn)12.jpg;https://ei.phncdn.com/videos/202108/06/392503261/original/(m=eaf8GgaaaWavb)(mh=eJaXaOl-bosZhNJn)13.jpg;https://ei.phncdn.com/videos/202108/06/392503261/original/(m=eaf8GgaaaWavb)(mh=eJaXaOl-bosZhNJn)14.jpg;https://ei.phncdn.com/videos/202108/06/392503261/original/(m=eaf8GgaaaWavb)(mh=eJaXaOl-bosZhNJn)15.jpg;https://ei.phncdn.com/videos/202108/06/392503261/original/(m=eaf8GgaaaWavb)(mh=eJaXaOl-bosZhNJn)16.jpg|13 Goals|testsponsordomain;beer;bottle;bus;bums;dp|Double Penetration;Solo Female;Female Orgasm||388|331|5|0|https://ei.phncdn.com/videos/202108/06/392503261/original/(m=eaAaGwObaaamqv)(mh=PkAu4QdxO8oYQDdZ)9.jpg|https://ei.phncdn.com/videos/202108/06/392503261/original/(m=eaAaGwObaaamqv)(mh=PkAu4QdxO8oYQDdZ)1.jpg;https://ei.phncdn.com/videos/202108/06/392503261/original/(m=eaAaGwObaaamqv)(mh=PkAu4QdxO8oYQDdZ)2.jpg;https://ei.phncdn.com/videos/202108/06/392503261/original/(m=eaAaGwObaaamqv)(mh=PkAu4QdxO8oYQDdZ)3.jpg;https://ei.phncdn.com/videos/202108/06/392503261/original/(m=eaAaGwObaaamqv)(mh=PkAu4QdxO8oYQDdZ)4.jpg;https://ei.phncdn.com/videos/202108/06/392503261/original/(m=eaAaGwObaaamqv)(mh=PkAu4QdxO8oYQDdZ)5.jpg;https://ei.phncdn.com/videos/202108/06/392503261/original/(m=eaAaGwObaaamqv)(mh=PkAu4QdxO8oYQDdZ)6.jpg;https://ei.phncdn.com/videos/202108/06/392503261/original/(m=eaAaGwObaaamqv)(mh=PkAu4QdxO8oYQDdZ)7.jpg;https://ei.phncdn.com/videos/202108/06/392503261/original/(m=eaAaGwObaaamqv)(mh=PkAu4QdxO8oYQDdZ)8.jpg;https://ei.phncdn.com/videos/202108/06/392503261/original/(m=eaAaGwObaaamqv)(mh=PkAu4QdxO8oYQDdZ)9.jpg;https://ei.phncdn.com/videos/202108/06/392503261/original/(m=eaAaGwObaaamqv)(mh=PkAu4QdxO8oYQDdZ)10.jpg;https://ei.phncdn.com/videos/202108/06/392503261/original/(m=eaAaGwObaaamqv)(mh=PkAu4QdxO8oYQDdZ)11.jpg;https://ei.phncdn.com/videos/202108/06/392503261/original/(m=eaAaGwObaaamqv)(mh=PkAu4QdxO8oYQDdZ)12.jpg;https://ei.phncdn.com/videos/202108/06/392503261/original/(m=eaAaGwObaaamqv)(mh=PkAu4QdxO8oYQDdZ)13.jpg;https://ei.phncdn.com/videos/202108/06/392503261/original/(m=eaAaGwObaaamqv)(mh=PkAu4QdxO8oYQDdZ)14.jpg;https://ei.phncdn.com/videos/202108/06/392503261/original/(m=eaAaGwObaaamqv)(mh=PkAu4QdxO8oYQDdZ)15.jpg;https://ei.phncdn.com/videos/202108/06/392503261/original/(m=eaAaGwObaaamqv)(mh=PkAu4QdxO8oYQDdZ)16.jpg
<iframe src="https://www.pornhub.com/embed/ph617841017a103" frameborder="0" height="481" width="608" scrolling="no"></iframe>|https://ei.phncdn.com/videos/202110/26/397018741/original/(m=eaf8GgaaaWavb)(mh=TGAyTmUhAA8q7K9i)12.jpg|https://ei.phncdn.com/videos/202110/26/397018741/original/(m=eaf8GgaaaWavb)(mh=TGAyTmUhAA8q7K9i)1.jpg;https://ei.phncdn.com/videos/202110/26/397018741/original/(m=eaf8GgaaaWavb)(mh=TGAyTmUhAA8q7K9i)2.jpg;https://ei.phncdn.com/videos/202110/26/397018741/original/(m=eaf8GgaaaWavb)(mh=TGAyTmUhAA8q7K9i)3.jpg;https://ei.phncdn.com/videos/202110/26/397018741/original/(m=eaf8GgaaaWavb)(mh=TGAyTmUhAA8q7K9i)4.jpg;https://ei.phncdn.com/videos/202110/26/397018741/original/(m=eaf8GgaaaWavb)(mh=TGAyTmUhAA8q7K9i)5.jpg;https://ei.phncdn.com/videos/202110/26/397018741/original/(m=eaf8GgaaaWavb)(mh=TGAyTmUhAA8q7K9i)6.jpg;https://ei.phncdn.com/videos/202110/26/397018741/original/(m=eaf8GgaaaWavb)(mh=TGAyTmUhAA8q7K9i)7.jpg;https://ei.phncdn.com/videos/202110/26/397018741/original/(m=eaf8GgaaaWavb)(mh=TGAyTmUhAA8q7K9i)8.jpg;https://ei.phncdn.com/videos/202110/26/397018741/original/(m=eaf8GgaaaWavb)(mh=TGAyTmUhAA8q7K9i)9.jpg;https://ei.phncdn.com/videos/202110/26/397018741/original/(m=eaf8GgaaaWavb)(mh=TGAyTmUhAA8q7K9i)10.jpg;https://ei.phncdn.com/videos/202110/26/397018741/original/(m=eaf8GgaaaWavb)(mh=TGAyTmUhAA8q7K9i)11.jpg;https://ei.phncdn.com/videos/202110/26/397018741/original/(m=eaf8GgaaaWavb)(mh=TGAyTmUhAA8q7K9i)12.jpg;https://ei.phncdn.com/videos/202110/26/397018741/original/(m=eaf8GgaaaWavb)(mh=TGAyTmUhAA8q7K9i)13.jpg;https://ei.phncdn.com/videos/202110/26/397018741/original/(m=eaf8GgaaaWavb)(mh=TGAyTmUhAA8q7K9i)14.jpg;https://ei.phncdn.com/videos/202110/26/397018741/original/(m=eaf8GgaaaWavb)(mh=TGAyTmUhAA8q7K9i)15.jpg;https://ei.phncdn.com/videos/202110/26/397018741/original/(m=eaf8GgaaaWavb)(mh=TGAyTmUhAA8q7K9i)16.jpg|transgirl with girl fucked by gangbang|dp;gangbang|Double Penetration;Gangbang;Transgender||1118|22560|47|9|https://ei.phncdn.com/videos/202110/26/397018741/original/(m=eaAaGwObaaamqv)(mh=xyl5GEboxnd-Gd-z)12.jpg|https://ei.phncdn.com/videos/202110/26/397018741/original/(m=eaAaGwObaaamqv)(mh=xyl5GEboxnd-Gd-z)1.jpg;https://ei.phncdn.com/videos/202110/26/397018741/original/(m=eaAaGwObaaamqv)(mh=xyl5GEboxnd-Gd-z)2.jpg;https://ei.phncdn.com/videos/202110/26/397018741/original/(m=eaAaGwObaaamqv)(mh=xyl5GEboxnd-Gd-z)3.jpg;https://ei.phncdn.com/videos/202110/26/397018741/original/(m=eaAaGwObaaamqv)(mh=xyl5GEboxnd-Gd-z)4.jpg;https://ei.phncdn.com/videos/202110/26/397018741/original/(m=eaAaGwObaaamqv)(mh=xyl5GEboxnd-Gd-z)5.jpg;https://ei.phncdn.com/videos/202110/26/397018741/original/(m=eaAaGwObaaamqv)(mh=xyl5GEboxnd-Gd-z)6.jpg;https://ei.phncdn.com/videos/202110/26/397018741/original/(m=eaAaGwObaaamqv)(mh=xyl5GEboxnd-Gd-z)7.jpg;https://ei.phncdn.com/videos/202110/26/397018741/original/(m=eaAaGwObaaamqv)(mh=xyl5GEboxnd-Gd-z)8.jpg;https://ei.phncdn.com/videos/202110/26/397018741/original/(m=eaAaGwObaaamqv)(mh=xyl5GEboxnd-Gd-z)9.jpg;https://ei.phncdn.com/videos/202110/26/397018741/original/(m=eaAaGwObaaamqv)(mh=xyl5GEboxnd-Gd-z)10.jpg;https://ei.phncdn.com/videos/202110/26/397018741/original/(m=eaAaGwObaaamqv)(mh=xyl5GEboxnd-Gd-z)11.jpg;https://ei.phncdn.com/videos/202110/26/397018741/original/(m=eaAaGwObaaamqv)(mh=xyl5GEboxnd-Gd-z)12.jpg;https://ei.phncdn.com/videos/202110/26/397018741/original/(m=eaAaGwObaaamqv)(mh=xyl5GEboxnd-Gd-z)13.jpg;https://ei.phncdn.com/videos/202110/26/397018741/original/(m=eaAaGwObaaamqv)(mh=xyl5GEboxnd-Gd-z)14.jpg;https://ei.phncdn.com/videos/202110/26/397018741/original/(m=eaAaGwObaaamqv)(mh=xyl5GEboxnd-Gd-z)15.jpg;https://ei.phncdn.com/videos/202110/26/397018741/original/(m=eaAaGwObaaamqv)(mh=xyl5GEboxnd-Gd-z)16.jpg
<iframe src="https://www.pornhub.com/embed/ph61a3ac76d286a" frameborder="0" height="481" width="608" scrolling="no"></iframe>|https://ei.phncdn.com/videos/202111/28/398795751/original/(m=eaf8GgaaaWavb)(mh=FX4kRdbVs3oiTTZY)9.jpg|https://ei.phncdn.com/videos/202111/28/398795751/original/(m=eaf8GgaaaWavb)(mh=FX4kRdbVs3oiTTZY)1.jpg;https://ei.phncdn.com/videos/202111/28/398795751/original/(m=eaf8GgaaaWavb)(mh=FX4kRdbVs3oiTTZY)2.jpg;https://ei.phncdn.com/videos/202111/28/398795751/original/(m=eaf8GgaaaWavb)(mh=FX4kRdbVs3oiTTZY)3.jpg;https://ei.phncdn.com/videos/202111/28/398795751/original/(m=eaf8GgaaaWavb)(mh=FX4kRdbVs3oiTTZY)4.jpg;https://ei.phncdn.com/videos/202111/28/398795751/original/(m=eaf8GgaaaWavb)(mh=FX4kRdbVs3oiTTZY)5.jpg;https://ei.phncdn.com/videos/202111/28/398795751/original/(m=eaf8GgaaaWavb)(mh=FX4kRdbVs3oiTTZY)6.jpg;https://ei.phncdn.com/videos/202111/28/398795751/original/(m=eaf8GgaaaWavb)(mh=FX4kRdbVs3oiTTZY)7.jpg;https://ei.phncdn.com/videos/202111/28/398795751/original/(m=eaf8GgaaaWavb)(mh=FX4kRdbVs3oiTTZY)8.jpg;https://ei.phncdn.com/videos/202111/28/398795751/original/(m=eaf8GgaaaWavb)(mh=FX4kRdbVs3oiTTZY)9.jpg;https://ei.phncdn.com/videos/202111/28/398795751/original/(m=eaf8GgaaaWavb)(mh=FX4kRdbVs3oiTTZY)10.jpg;https://ei.phncdn.com/videos/202111/28/398795751/original/(m=eaf8GgaaaWavb)(mh=FX4kRdbVs3oiTTZY)11.jpg;https://ei.phncdn.com/videos/202111/28/398795751/original/(m=eaf8GgaaaWavb)(mh=FX4kRdbVs3oiTTZY)12.jpg;https://ei.phncdn.com/videos/202111/28/398795751/original/(m=eaf8GgaaaWavb)(mh=FX4kRdbVs3oiTTZY)13.jpg;https://ei.phncdn.com/videos/202111/28/398795751/original/(m=eaf8GgaaaWavb)(mh=FX4kRdbVs3oiTTZY)14.jpg;https://ei.phncdn.com/videos/202111/28/398795751/original/(m=eaf8GgaaaWavb)(mh=FX4kRdbVs3oiTTZY)15.jpg;https://ei.phncdn.com/videos/202111/28/398795751/original/(m=eaf8GgaaaWavb)(mh=FX4kRdbVs3oiTTZY)16.jpg|Sabik ang asawa ko|horny;cumshot-compilation|Double Penetration;Solo Male;Exclusive;Verified Amateurs||243|286|1|0|https://ei.phncdn.com/videos/202111/28/398795751/original/(m=eaAaGwObaaamqv)(mh=GRfIq0W9z8OkKFKJ)9.jpg|https://ei.phncdn.com/videos/202111/28/398795751/original/(m=eaAaGwObaaamqv)(mh=GRfIq0W9z8OkKFKJ)1.jpg;https://ei.phncdn.com/videos/202111/28/398795751/original/(m=eaAaGwObaaamqv)(mh=GRfIq0W9z8OkKFKJ)2.jpg;https://ei.phncdn.com/videos/202111/28/398795751/original/(m=eaAaGwObaaamqv)(mh=GRfIq0W9z8OkKFKJ)3.jpg;https://ei.phncdn.com/videos/202111/28/398795751/original/(m=eaAaGwObaaamqv)(mh=GRfIq0W9z8OkKFKJ)4.jpg;https://ei.phncdn.com/videos/202111/28/398795751/original/(m=eaAaGwObaaamqv)(mh=GRfIq0W9z8OkKFKJ)5.jpg;https://ei.phncdn.com/videos/202111/28/398795751/original/(m=eaAaGwObaaamqv)(mh=GRfIq0W9z8OkKFKJ)6.jpg;https://ei.phncdn.com/videos/202111/28/398795751/original/(m=eaAaGwObaaamqv)(mh=GRfIq0W9z8OkKFKJ)7.jpg;https://ei.phncdn.com/videos/202111/28/398795751/original/(m=eaAaGwObaaamqv)(mh=GRfIq0W9z8OkKFKJ)8.jpg;https://ei.phncdn.com/videos/202111/28/398795751/original/(m=eaAaGwObaaamqv)(mh=GRfIq0W9z8OkKFKJ)9.jpg;https://ei.phncdn.com/videos/202111/28/398795751/original/(m=eaAaGwObaaamqv)(mh=GRfIq0W9z8OkKFKJ)10.jpg;https://ei.phncdn.com/videos/202111/28/398795751/original/(m=eaAaGwObaaamqv)(mh=GRfIq0W9z8OkKFKJ)11.jpg;https://ei.phncdn.com/videos/202111/28/398795751/original/(m=eaAaGwObaaamqv)(mh=GRfIq0W9z8OkKFKJ)12.jpg;https://ei.phncdn.com/videos/202111/28/398795751/original/(m=eaAaGwObaaamqv)(mh=GRfIq0W9z8OkKFKJ)13.jpg;https://ei.phncdn.com/videos/202111/28/398795751/original/(m=eaAaGwObaaamqv)(mh=GRfIq0W9z8OkKFKJ)14.jpg;https://ei.phncdn.com/videos/202111/28/398795751/original/(m=eaAaGwObaaamqv)(mh=GRfIq0W9z8OkKFKJ)15.jpg;https://ei.phncdn.com/videos/202111/28/398795751/original/(m=eaAaGwObaaamqv)(mh=GRfIq0W9z8OkKFKJ)16.jpg
<iframe src="https://www.pornhub.com/embed/ph61fcd58bca479" frameborder="0" height="481" width="608" scrolling="no"></iframe>|https://ei.phncdn.com/videos/202202/04/402481331/original/(m=eaf8GgaaaWavb)(mh=YM5fyNNIYZTFgx4z)15.jpg|https://ei.phncdn.com/videos/202202/04/402481331/original/(m=eaf8GgaaaWavb)(mh=YM5fyNNIYZTFgx4z)1.jpg;https://ei.phncdn.com/videos/202202/04/402481331/original/(m=eaf8GgaaaWavb)(mh=YM5fyNNIYZTFgx4z)2.jpg;https://ei.phncdn.com/videos/202202/04/402481331/original/(m=eaf8GgaaaWavb)(mh=YM5fyNNIYZTFgx4z)3.jpg;https://ei.phncdn.com/videos/202202/04/402481331/original/(m=eaf8GgaaaWavb)(mh=YM5fyNNIYZTFgx4z)4.jpg;https://ei.phncdn.com/videos/202202/04/402481331/original/(m=eaf8GgaaaWavb)(mh=YM5fyNNIYZTFgx4z)5.jpg;https://ei.phncdn.com/videos/202202/04/402481331/original/(m=eaf8GgaaaWavb)(mh=YM5fyNNIYZTFgx4z)6.jpg;https://ei.phncdn.com/videos/202202/04/402481331/original/(m=eaf8GgaaaWavb)(mh=YM5fyNNIYZTFgx4z)7.jpg;https://ei.phncdn.com/videos/202202/04/402481331/original/(m=eaf8GgaaaWavb)(mh=YM5fyNNIYZTFgx4z)8.jpg;https://ei.phncdn.com/videos/202202/04/402481331/original/(m=eaf8GgaaaWavb)(mh=YM5fyNNIYZTFgx4z)9.jpg;https://ei.phncdn.com/videos/202202/04/402481331/original/(m=eaf8GgaaaWavb)(mh=YM5fyNNIYZTFgx4z)10.jpg;https://ei.phncdn.com/videos/202202/04/402481331/original/(m=eaf8GgaaaWavb)(mh=YM5fyNNIYZTFgx4z)11.jpg;https://ei.phncdn.com/videos/202202/04/402481331/original/(m=eaf8GgaaaWavb)(mh=YM5fyNNIYZTFgx4z)12.jpg;https://ei.phncdn.com/videos/202202/04/402481331/original/(m=eaf8GgaaaWavb)(mh=YM5fyNNIYZTFgx4z)13.jpg;https://ei.phncdn.com/videos/202202/04/402481331/original/(m=eaf8GgaaaWavb)(mh=YM5fyNNIYZTFgx4z)14.jpg;https://ei.phncdn.com/videos/202202/04/402481331/original/(m=eaf8GgaaaWavb)(mh=YM5fyNNIYZTFgx4z)15.jpg;https://ei.phncdn.com/videos/202202/04/402481331/original/(m=eaf8GgaaaWavb)(mh=YM5fyNNIYZTFgx4z)16.jpg|Wild Couples Meet Up Outdoors To Have An Orgy|babestare;blowjob;double-penetration;facial-cumshot;group-sex;threesome;outdoors;dp|Double Penetration||204|5066|8|1|https://ei.phncdn.com/videos/202202/04/402481331/original/(m=eaAaGwObaaamqv)(mh=FpgNBm8t2dvwW05-)15.jpg|https://ei.phncdn.com/videos/202202/04/402481331/original/(m=eaAaGwObaaamqv)(mh=FpgNBm8t2dvwW05-)1.jpg;https://ei.phncdn.com/videos/202202/04/402481331/original/(m=eaAaGwObaaamqv)(mh=FpgNBm8t2dvwW05-)2.jpg;https://ei.phncdn.com/videos/202202/04/402481331/original/(m=eaAaGwObaaamqv)(mh=FpgNBm8t2dvwW05-)3.jpg;https://ei.phncdn.com/videos/202202/04/402481331/original/(m=eaAaGwObaaamqv)(mh=FpgNBm8t2dvwW05-)4.jpg;https://ei.phncdn.com/videos/202202/04/402481331/original/(m=eaAaGwObaaamqv)(mh=FpgNBm8t2dvwW05-)5.jpg;https://ei.phncdn.com/videos/202202/04/402481331/original/(m=eaAaGwObaaamqv)(mh=FpgNBm8t2dvwW05-)6.jpg;https://ei.phncdn.com/videos/202202/04/402481331/original/(m=eaAaGwObaaamqv)(mh=FpgNBm8t2dvwW05-)7.jpg;https://ei.phncdn.com/videos/202202/04/402481331/original/(m=eaAaGwObaaamqv)(mh=FpgNBm8t2dvwW05-)8.jpg;https://ei.phncdn.com/videos/202202/04/402481331/original/(m=eaAaGwObaaamqv)(mh=FpgNBm8t2dvwW05-)9.jpg;https://ei.phncdn.com/videos/202202/04/402481331/original/(m=eaAaGwObaaamqv)(mh=FpgNBm8t2dvwW05-)10.jpg;https://ei.phncdn.com/videos/202202/04/402481331/original/(m=eaAaGwObaaamqv)(mh=FpgNBm8t2dvwW05-)11.jpg;https://ei.phncdn.com/videos/202202/04/402481331/original/(m=eaAaGwObaaamqv)(mh=FpgNBm8t2dvwW05-)12.jpg;https://ei.phncdn.com/videos/202202/04/402481331/original/(m=eaAaGwObaaamqv)(mh=FpgNBm8t2dvwW05-)13.jpg;https://ei.phncdn.com/videos/202202/04/402481331/original/(m=eaAaGwObaaamqv)(mh=FpgNBm8t2dvwW05-)14.jpg;https://ei.phncdn.com/videos/202202/04/402481331/original/(m=eaAaGwObaaamqv)(mh=FpgNBm8t2dvwW05-)15.jpg;https://ei.phncdn.com/videos/202202/04/402481331/original/(m=eaAaGwObaaamqv)(mh=FpgNBm8t2dvwW05-)16.jpg
<iframe src="https://www.pornhub.com/embed/ph625b0e90bc52c" frameborder="0" height="481" width="608" scrolling="no"></iframe>|https://ei.phncdn.com/videos/202204/16/406484781/original/(m=qK2UNOXbeaf8GgaaaWavb)(mh=vVMmN1fidH8NH92s)0.jpg|https://ei.phncdn.com/videos/202204/16/406484781/original/(m=eaf8GgaaaWavb)(mh=3quoYq0dqTQkJdPu)1.jpg;https://ei.phncdn.com/videos/202204/16/406484781/original/(m=eaf8GgaaaWavb)(mh=3quoYq0dqTQkJdPu)2.jpg;https://ei.phncdn.com/videos/202204/16/406484781/original/(m=eaf8GgaaaWavb)(mh=3quoYq0dqTQkJdPu)3.jpg;https://ei.phncdn.com/videos/202204/16/406484781/original/(m=eaf8GgaaaWavb)(mh=3quoYq0dqTQkJdPu)4.jpg;https://ei.phncdn.com/videos/202204/16/406484781/original/(m=eaf8GgaaaWavb)(mh=3quoYq0dqTQkJdPu)5.jpg;https://ei.phncdn.com/videos/202204/16/406484781/original/(m=eaf8GgaaaWavb)(mh=3quoYq0dqTQkJdPu)6.jpg;https://ei.phncdn.com/videos/202204/16/406484781/original/(m=eaf8GgaaaWavb)(mh=3quoYq0dqTQkJdPu)7.jpg;https://ei.phncdn.com/videos/202204/16/406484781/original/(m=eaf8GgaaaWavb)(mh=3quoYq0dqTQkJdPu)8.jpg;https://ei.phncdn.com/videos/202204/16/406484781/original/(m=eaf8GgaaaWavb)(mh=3quoYq0dqTQkJdPu)9.jpg;https://ei.phncdn.com/videos/202204/16/406484781/original/(m=eaf8GgaaaWavb)(mh=3quoYq0dqTQkJdPu)10.jpg;https://ei.phncdn.com/videos/202204/16/406484781/original/(m=eaf8GgaaaWavb)(mh=3quoYq0dqTQkJdPu)11.jpg;https://ei.phncdn.com/videos/202204/16/406484781/original/(m=eaf8GgaaaWavb)(mh=3quoYq0dqTQkJdPu)12.jpg;https://ei.phncdn.com/videos/202204/16/406484781/original/(m=eaf8GgaaaWavb)(mh=3quoYq0dqTQkJdPu)13.jpg;https://ei.phncdn.com/videos/202204/16/406484781/original/(m=eaf8GgaaaWavb)(mh=3quoYq0dqTQkJdPu)14.jpg;https://ei.phncdn.com/videos/202204/16/406484781/original/(m=eaf8GgaaaWavb)(mh=3quoYq0dqTQkJdPu)15.jpg;https://ei.phncdn.com/videos/202204/16/406484781/original/(m=eaf8GgaaaWavb)(mh=3quoYq0dqTQkJdPu)16.jpg|This Won't End Good...|big-tits;big-ass;trans-girl;letsplay;teen;gamer;gaming;fnaf;gamer-girl;transgender;brunette;dp|Double Penetration;Transgender;60FPS;Verified Amateurs;Cosplay;Solo Trans||847|2822|11|5|https://ei.phncdn.com/videos/202204/16/406484781/original/(m=qK2UNOXbeaAaGwObaaamqv)(mh=Qiq3Qc-G8i78R1iy)0.jpg|https://ei.phncdn.com/videos/202204/16/406484781/original/(m=eaAaGwObaaamqv)(mh=yIbyMWSs7E_p0cvE)1.jpg;https://ei.phncdn.com/videos/202204/16/406484781/original/(m=eaAaGwObaaamqv)(mh=yIbyMWSs7E_p0cvE)2.jpg;https://ei.phncdn.com/videos/202204/16/406484781/original/(m=eaAaGwObaaamqv)(mh=yIbyMWSs7E_p0cvE)3.jpg;https://ei.phncdn.com/videos/202204/16/406484781/original/(m=eaAaGwObaaamqv)(mh=yIbyMWSs7E_p0cvE)4.jpg;https://ei.phncdn.com/videos/202204/16/406484781/original/(m=eaAaGwObaaamqv)(mh=yIbyMWSs7E_p0cvE)5.jpg;https://ei.phncdn.com/videos/202204/16/406484781/original/(m=eaAaGwObaaamqv)(mh=yIbyMWSs7E_p0cvE)6.jpg;https://ei.phncdn.com/videos/202204/16/406484781/original/(m=eaAaGwObaaamqv)(mh=yIbyMWSs7E_p0cvE)7.jpg;https://ei.phncdn.com/videos/202204/16/406484781/original/(m=eaAaGwObaaamqv)(mh=yIbyMWSs7E_p0cvE)8.jpg;https://ei.phncdn.com/videos/202204/16/406484781/original/(m=eaAaGwObaaamqv)(mh=yIbyMWSs7E_p0cvE)9.jpg;https://ei.phncdn.com/videos/202204/16/406484781/original/(m=eaAaGwObaaamqv)(mh=yIbyMWSs7E_p0cvE)10.jpg;https://ei.phncdn.com/videos/202204/16/406484781/original/(m=eaAaGwObaaamqv)(mh=yIbyMWSs7E_p0cvE)11.jpg;https://ei.phncdn.com/videos/202204/16/406484781/original/(m=eaAaGwObaaamqv)(mh=yIbyMWSs7E_p0cvE)12.jpg;https://ei.phncdn.com/videos/202204/16/406484781/original/(m=eaAaGwObaaamqv)(mh=yIbyMWSs7E_p0cvE)13.jpg;https://ei.phncdn.com/videos/202204/16/406484781/original/(m=eaAaGwObaaamqv)(mh=yIbyMWSs7E_p0cvE)14.jpg;https://ei.phncdn.com/videos/202204/16/406484781/original/(m=eaAaGwObaaamqv)(mh=yIbyMWSs7E_p0cvE)15.jpg;https://ei.phncdn.com/videos/202204/16/406484781/original/(m=eaAaGwObaaamqv)(mh=yIbyMWSs7E_p0cvE)16.jpg
<iframe src="https://www.pornhub.com/embed/ph62a6c1f78e22c" frameborder="0" height="481" width="608" scrolling="no"></iframe>|https://ei.phncdn.com/videos/202206/13/409827641/original/(m=eaf8GgaaaWavb)(mh=POdJm4qyPbqfVBSM)2.jpg|https://ei.phncdn.com/videos/202206/13/409827641/original/(m=eaf8GgaaaWavb)(mh=POdJm4qyPbqfVBSM)1.jpg;https://ei.phncdn.com/videos/202206/13/409827641/original/(m=eaf8GgaaaWavb)(mh=POdJm4qyPbqfVBSM)2.jpg;https://ei.phncdn.com/videos/202206/13/409827641/original/(m=eaf8GgaaaWavb)(mh=POdJm4qyPbqfVBSM)3.jpg;https://ei.phncdn.com/videos/202206/13/409827641/original/(m=eaf8GgaaaWavb)(mh=POdJm4qyPbqfVBSM)4.jpg;https://ei.phncdn.com/videos/202206/13/409827641/original/(m=eaf8GgaaaWavb)(mh=POdJm4qyPbqfVBSM)5.jpg;https://ei.phncdn.com/videos/202206/13/409827641/original/(m=eaf8GgaaaWavb)(mh=POdJm4qyPbqfVBSM)6.jpg;https://ei.phncdn.com/videos/202206/13/409827641/original/(m=eaf8GgaaaWavb)(mh=POdJm4qyPbqfVBSM)7.jpg;https://ei.phncdn.com/videos/202206/13/409827641/original/(m=eaf8GgaaaWavb)(mh=POdJm4qyPbqfVBSM)8.jpg;https://ei.phncdn.com/videos/202206/13/409827641/original/(m=eaf8GgaaaWavb)(mh=POdJm4qyPbqfVBSM)9.jpg;https://ei.phncdn.com/videos/202206/13/409827641/original/(m=eaf8GgaaaWavb)(mh=POdJm4qyPbqfVBSM)10.jpg;https://ei.phncdn.com/videos/202206/13/409827641/original/(m=eaf8GgaaaWavb)(mh=POdJm4qyPbqfVBSM)11.jpg;https://ei.phncdn.com/videos/202206/13/409827641/original/(m=eaf8GgaaaWavb)(mh=POdJm4qyPbqfVBSM)12.jpg;https://ei.phncdn.com/videos/202206/13/409827641/original/(m=eaf8GgaaaWavb)(mh=POdJm4qyPbqfVBSM)13.jpg;https://ei.phncdn.com/videos/202206/13/409827641/original/(m=eaf8GgaaaWavb)(mh=POdJm4qyPbqfVBSM)14.jpg;https://ei.phncdn.com/videos/202206/13/409827641/original/(m=eaf8GgaaaWavb)(mh=POdJm4qyPbqfVBSM)15.jpg;https://ei.phncdn.com/videos/202206/13/409827641/original/(m=eaf8GgaaaWavb)(mh=POdJm4qyPbqfVBSM)16.jpg|Quickie |horny;mommy|Double Penetration;Exclusive;Verified Amateurs;Solo Female||44|656|8|0|https://ei.phncdn.com/videos/202206/13/409827641/original/(m=eaAaGwObaaamqv)(mh=CFdo48lmLCrzFQsJ)2.jpg|https://ei.phncdn.com/videos/202206/13/409827641/original/(m=eaAaGwObaaamqv)(mh=CFdo48lmLCrzFQsJ)1.jpg;https://ei.phncdn.com/videos/202206/13/409827641/original/(m=eaAaGwObaaamqv)(mh=CFdo48lmLCrzFQsJ)2.jpg;https://ei.phncdn.com/videos/202206/13/409827641/original/(m=eaAaGwObaaamqv)(mh=CFdo48lmLCrzFQsJ)3.jpg;https://ei.phncdn.com/videos/202206/13/409827641/original/(m=eaAaGwObaaamqv)(mh=CFdo48lmLCrzFQsJ)4.jpg;https://ei.phncdn.com/videos/202206/13/409827641/original/(m=eaAaGwObaaamqv)(mh=CFdo48lmLCrzFQsJ)5.jpg;https://ei.phncdn.com/videos/202206/13/409827641/original/(m=eaAaGwObaaamqv)(mh=CFdo48lmLCrzFQsJ)6.jpg;https://ei.phncdn.com/videos/202206/13/409827641/original/(m=eaAaGwObaaamqv)(mh=CFdo48lmLCrzFQsJ)7.jpg;https://ei.phncdn.com/videos/202206/13/409827641/original/(m=eaAaGwObaaamqv)(mh=CFdo48lmLCrzFQsJ)8.jpg;https://ei.phncdn.com/videos/202206/13/409827641/original/(m=eaAaGwObaaamqv)(mh=CFdo48lmLCrzFQsJ)9.jpg;https://ei.phncdn.com/videos/202206/13/409827641/original/(m=eaAaGwObaaamqv)(mh=CFdo48lmLCrzFQsJ)10.jpg;https://ei.phncdn.com/videos/202206/13/409827641/original/(m=eaAaGwObaaamqv)(mh=CFdo48lmLCrzFQsJ)11.jpg;https://ei.phncdn.com/videos/202206/13/409827641/original/(m=eaAaGwObaaamqv)(mh=CFdo48lmLCrzFQsJ)12.jpg;https://ei.phncdn.com/videos/202206/13/409827641/original/(m=eaAaGwObaaamqv)(mh=CFdo48lmLCrzFQsJ)13.jpg;https://ei.phncdn.com/videos/202206/13/409827641/original/(m=eaAaGwObaaamqv)(mh=CFdo48lmLCrzFQsJ)14.jpg;https://ei.phncdn.com/videos/202206/13/409827641/original/(m=eaAaGwObaaamqv)(mh=CFdo48lmLCrzFQsJ)15.jpg;https://ei.phncdn.com/videos/202206/13/409827641/original/(m=eaAaGwObaaamqv)(mh=CFdo48lmLCrzFQsJ)16.jpg
<iframe src="https://www.pornhub.com/embed/ph62dbac2004dd8" frameborder="0" height="481" width="608" scrolling="no"></iframe>|https://ei.phncdn.com/videos/202207/23/412276181/original/(m=eaf8GgaaaWavb)(mh=4BAPSuFnjj3MNViW)16.jpg|https://ei.phncdn.com/videos/202207/23/412276181/original/(m=eaf8GgaaaWavb)(mh=4BAPSuFnjj3MNViW)1.jpg;https://ei.phncdn.com/videos/202207/23/412276181/original/(m=eaf8GgaaaWavb)(mh=4BAPSuFnjj3MNViW)2.jpg;https://ei.phncdn.com/videos/202207/23/412276181/original/(m=eaf8GgaaaWavb)(mh=4BAPSuFnjj3MNViW)3.jpg;https://ei.phncdn.com/videos/202207/23/412276181/original/(m=eaf8GgaaaWavb)(mh=4BAPSuFnjj3MNViW)4.jpg;https://ei.phncdn.com/videos/202207/23/412276181/original/(m=eaf8GgaaaWavb)(mh=4BAPSuFnjj3MNViW)5.jpg;https://ei.phncdn.com/videos/202207/23/412276181/original/(m=eaf8GgaaaWavb)(mh=4BAPSuFnjj3MNViW)6.jpg;https://ei.phncdn.com/videos/202207/23/412276181/original/(m=eaf8GgaaaWavb)(mh=4BAPSuFnjj3MNViW)7.jpg;https://ei.phncdn.com/videos/202207/23/412276181/original/(m=eaf8GgaaaWavb)(mh=4BAPSuFnjj3MNViW)8.jpg;https://ei.phncdn.com/videos/202207/23/412276181/original/(m=eaf8GgaaaWavb)(mh=4BAPSuFnjj3MNViW)9.jpg;https://ei.phncdn.com/videos/202207/23/412276181/original/(m=eaf8GgaaaWavb)(mh=4BAPSuFnjj3MNViW)10.jpg;https://ei.phncdn.com/videos/202207/23/412276181/original/(m=eaf8GgaaaWavb)(mh=4BAPSuFnjj3MNViW)11.jpg;https://ei.phncdn.com/videos/202207/23/412276181/original/(m=eaf8GgaaaWavb)(mh=4BAPSuFnjj3MNViW)12.jpg;https://ei.phncdn.com/videos/202207/23/412276181/original/(m=eaf8GgaaaWavb)(mh=4BAPSuFnjj3MNViW)13.jpg;https://ei.phncdn.com/videos/202207/23/412276181/original/(m=eaf8GgaaaWavb)(mh=4BAPSuFnjj3MNViW)14.jpg;https://ei.phncdn.com/videos/202207/23/412276181/original/(m=eaf8GgaaaWavb)(mh=4BAPSuFnjj3MNViW)15.jpg;https://ei.phncdn.com/videos/202207/23/412276181/original/(m=eaf8GgaaaWavb)(mh=4BAPSuFnjj3MNViW)16.jpg|Double Dipped|cartoon;amateur-dp;drawing;dp|Double Penetration;Cartoon;60FPS;Exclusive;Verified Amateurs;Vertical Video||80|47|||https://ei.phncdn.com/videos/202207/23/412276181/original/(m=eaAaGwObaaamqv)(mh=AIAjJ9358bcCPjHf)16.jpg|https://ei.phncdn.com/videos/202207/23/412276181/original/(m=eaAaGwObaaamqv)(mh=AIAjJ9358bcCPjHf)1.jpg;https://ei.phncdn.com/videos/202207/23/412276181/original/(m=eaAaGwObaaamqv)(mh=AIAjJ9358bcCPjHf)2.jpg;https://ei.phncdn.com/videos/202207/23/412276181/original/(m=eaAaGwObaaamqv)(mh=AIAjJ9358bcCPjHf)3.jpg;https://ei.phncdn.com/videos/202207/23/412276181/original/(m=eaAaGwObaaamqv)(mh=AIAjJ9358bcCPjHf)4.jpg;https://ei.phncdn.com/videos/202207/23/412276181/original/(m=eaAaGwObaaamqv)(mh=AIAjJ9358bcCPjHf)5.jpg;https://ei.phncdn.com/videos/202207/23/412276181/original/(m=eaAaGwObaaamqv)(mh=AIAjJ9358bcCPjHf)6.jpg;https://ei.phncdn.com/videos/202207/23/412276181/original/(m=eaAaGwObaaamqv)(mh=AIAjJ9358bcCPjHf)7.jpg;https://ei.phncdn.com/videos/202207/23/412276181/original/(m=eaAaGwObaaamqv)(mh=AIAjJ9358bcCPjHf)8.jpg;https://ei.phncdn.com/videos/202207/23/412276181/original/(m=eaAaGwObaaamqv)(mh=AIAjJ9358bcCPjHf)9.jpg;https://ei.phncdn.com/videos/202207/23/412276181/original/(m=eaAaGwObaaamqv)(mh=AIAjJ9358bcCPjHf)10.jpg;https://ei.phncdn.com/videos/202207/23/412276181/original/(m=eaAaGwObaaamqv)(mh=AIAjJ9358bcCPjHf)11.jpg;https://ei.phncdn.com/videos/202207/23/412276181/original/(m=eaAaGwObaaamqv)(mh=AIAjJ9358bcCPjHf)12.jpg;https://ei.phncdn.com/videos/202207/23/412276181/original/(m=eaAaGwObaaamqv)(mh=AIAjJ9358bcCPjHf)13.jpg;https://ei.phncdn.com/videos/202207/23/412276181/original/(m=eaAaGwObaaamqv)(mh=AIAjJ9358bcCPjHf)14.jpg;https://ei.phncdn.com/videos/202207/23/412276181/original/(m=eaAaGwObaaamqv)(mh=AIAjJ9358bcCPjHf)15.jpg;https://ei.phncdn.com/videos/202207/23/412276181/original/(m=eaAaGwObaaamqv)(mh=AIAjJ9358bcCPjHf)16.jpg
<iframe src="https://www.pornhub.com/embed/ph62e9813c67589" frameborder="0" height="481" width="608" scrolling="no"></iframe>|https://ei.phncdn.com/videos/202208/02/412918751/original/(m=eaf8GgaaaWavb)(mh=G1EFVLiuAL4hqBtr)4.jpg|https://ei.phncdn.com/videos/202208/02/412918751/original/(m=eaf8GgaaaWavb)(mh=G1EFVLiuAL4hqBtr)1.jpg;https://ei.phncdn.com/videos/202208/02/412918751/original/(m=eaf8GgaaaWavb)(mh=G1EFVLiuAL4hqBtr)2.jpg;https://ei.phncdn.com/videos/202208/02/412918751/original/(m=eaf8GgaaaWavb)(mh=G1EFVLiuAL4hqBtr)3.jpg;https://ei.phncdn.com/videos/202208/02/412918751/original/(m=eaf8GgaaaWavb)(mh=G1EFVLiuAL4hqBtr)4.jpg;https://ei.phncdn.com/videos/202208/02/412918751/original/(m=eaf8GgaaaWavb)(mh=G1EFVLiuAL4hqBtr)5.jpg;https://ei.phncdn.com/videos/202208/02/412918751/original/(m=eaf8GgaaaWavb)(mh=G1EFVLiuAL4hqBtr)6.jpg;https://ei.phncdn.com/videos/202208/02/412918751/original/(m=eaf8GgaaaWavb)(mh=G1EFVLiuAL4hqBtr)7.jpg;https://ei.phncdn.com/videos/202208/02/412918751/original/(m=eaf8GgaaaWavb)(mh=G1EFVLiuAL4hqBtr)8.jpg;https://ei.phncdn.com/videos/202208/02/412918751/original/(m=eaf8GgaaaWavb)(mh=G1EFVLiuAL4hqBtr)9.jpg;https://ei.phncdn.com/videos/202208/02/412918751/original/(m=eaf8GgaaaWavb)(mh=G1EFVLiuAL4hqBtr)10.jpg;https://ei.phncdn.com/videos/202208/02/412918751/original/(m=eaf8GgaaaWavb)(mh=G1EFVLiuAL4hqBtr)11.jpg;https://ei.phncdn.com/videos/202208/02/412918751/original/(m=eaf8GgaaaWavb)(mh=G1EFVLiuAL4hqBtr)12.jpg;https://ei.phncdn.com/videos/202208/02/412918751/original/(m=eaf8GgaaaWavb)(mh=G1EFVLiuAL4hqBtr)13.jpg;https://ei.phncdn.com/videos/202208/02/412918751/original/(m=eaf8GgaaaWavb)(mh=G1EFVLiuAL4hqBtr)14.jpg;https://ei.phncdn.com/videos/202208/02/412918751/original/(m=eaf8GgaaaWavb)(mh=G1EFVLiuAL4hqBtr)15.jpg;https://ei.phncdn.com/videos/202208/02/412918751/original/(m=eaf8GgaaaWavb)(mh=G1EFVLiuAL4hqBtr)16.jpg|Aurora Doll Review from Tantaly|sex-doll;sex-toy-review;double-dildo;lesbian-double-dildo;cosplay;sexy-lingerie;dp|Double Penetration;Exclusive;Verified Amateurs;Solo Female||445|23303|58|8|https://ei.phncdn.com/videos/202208/02/412918751/original/(m=eaAaGwObaaamqv)(mh=rHzyLJ5OXhNWa9ge)4.jpg|https://ei.phncdn.com/videos/202208/02/412918751/original/(m=eaAaGwObaaamqv)(mh=rHzyLJ5OXhNWa9ge)1.jpg;https://ei.phncdn.com/videos/202208/02/412918751/original/(m=eaAaGwObaaamqv)(mh=rHzyLJ5OXhNWa9ge)2.jpg;https://ei.phncdn.com/videos/202208/02/412918751/original/(m=eaAaGwObaaamqv)(mh=rHzyLJ5OXhNWa9ge)3.jpg;https://ei.phncdn.com/videos/202208/02/412918751/original/(m=eaAaGwObaaamqv)(mh=rHzyLJ5OXhNWa9ge)4.jpg;https://ei.phncdn.com/videos/202208/02/412918751/original/(m=eaAaGwObaaamqv)(mh=rHzyLJ5OXhNWa9ge)5.jpg;https://ei.phncdn.com/videos/202208/02/412918751/original/(m=eaAaGwObaaamqv)(mh=rHzyLJ5OXhNWa9ge)6.jpg;https://ei.phncdn.com/videos/202208/02/412918751/original/(m=eaAaGwObaaamqv)(mh=rHzyLJ5OXhNWa9ge)7.jpg;https://ei.phncdn.com/videos/202208/02/412918751/original/(m=eaAaGwObaaamqv)(mh=rHzyLJ5OXhNWa9ge)8.jpg;https://ei.phncdn.com/videos/202208/02/412918751/original/(m=eaAaGwObaaamqv)(mh=rHzyLJ5OXhNWa9ge)9.jpg;https://ei.phncdn.com/videos/202208/02/412918751/original/(m=eaAaGwObaaamqv)(mh=rHzyLJ5OXhNWa9ge)10.jpg;https://ei.phncdn.com/videos/202208/02/412918751/original/(m=eaAaGwObaaamqv)(mh=rHzyLJ5OXhNWa9ge)11.jpg;https://ei.phncdn.com/videos/202208/02/412918751/original/(m=eaAaGwObaaamqv)(mh=rHzyLJ5OXhNWa9ge)12.jpg;https://ei.phncdn.com/videos/202208/02/412918751/original/(m=eaAaGwObaaamqv)(mh=rHzyLJ5OXhNWa9ge)13.jpg;https://ei.phncdn.com/videos/202208/02/412918751/original/(m=eaAaGwObaaamqv)(mh=rHzyLJ5OXhNWa9ge)14.jpg;https://ei.phncdn.com/videos/202208/02/412918751/original/(m=eaAaGwObaaamqv)(mh=rHzyLJ5OXhNWa9ge)15.jpg;https://ei.phncdn.com/videos/202208/02/412918751/original/(m=eaAaGwObaaamqv)(mh=rHzyLJ5OXhNWa9ge)16.jpg
<iframe src="https://www.pornhub.com/embed/ph6312d6a3a71fa" frameborder="0" height="481" width="608" scrolling="no"></iframe>|https://ei.phncdn.com/videos/202209/03/414893761/original/(m=eaf8GgaaaWavb)(mh=sze51Xi8Vg9IAxkp)8.jpg|https://ei.phncdn.com/videos/202209/03/414893761/original/(m=eaf8GgaaaWavb)(mh=sze51Xi8Vg9IAxkp)1.jpg;https://ei.phncdn.com/videos/202209/03/414893761/original/(m=eaf8GgaaaWavb)(mh=sze51Xi8Vg9IAxkp)2.jpg;https://ei.phncdn.com/videos/202209/03/414893761/original/(m=eaf8GgaaaWavb)(mh=sze51Xi8Vg9IAxkp)3.jpg;https://ei.phncdn.com/videos/202209/03/414893761/original/(m=eaf8GgaaaWavb)(mh=sze51Xi8Vg9IAxkp)4.jpg;https://ei.phncdn.com/videos/202209/03/414893761/original/(m=eaf8GgaaaWavb)(mh=sze51Xi8Vg9IAxkp)5.jpg;https://ei.phncdn.com/videos/202209/03/414893761/original/(m=eaf8GgaaaWavb)(mh=sze51Xi8Vg9IAxkp)6.jpg;https://ei.phncdn.com/videos/202209/03/414893761/original/(m=eaf8GgaaaWavb)(mh=sze51Xi8Vg9IAxkp)7.jpg;https://ei.phncdn.com/videos/202209/03/414893761/original/(m=eaf8GgaaaWavb)(mh=sze51Xi8Vg9IAxkp)8.jpg;https://ei.phncdn.com/videos/202209/03/414893761/original/(m=eaf8GgaaaWavb)(mh=sze51Xi8Vg9IAxkp)9.jpg;https://ei.phncdn.com/videos/202209/03/414893761/original/(m=eaf8GgaaaWavb)(mh=sze51Xi8Vg9IAxkp)10.jpg;https://ei.phncdn.com/videos/202209/03/414893761/original/(m=eaf8GgaaaWavb)(mh=sze51Xi8Vg9IAxkp)11.jpg;https://ei.phncdn.com/videos/202209/03/414893761/original/(m=eaf8GgaaaWavb)(mh=sze51Xi8Vg9IAxkp)12.jpg;https://ei.phncdn.com/videos/202209/03/414893761/original/(m=eaf8GgaaaWavb)(mh=sze51Xi8Vg9IAxkp)13.jpg;https://ei.phncdn.com/videos/202209/03/414893761/original/(m=eaf8GgaaaWavb)(mh=sze51Xi8Vg9IAxkp)14.jpg;https://ei.phncdn.com/videos/202209/03/414893761/original/(m=eaf8GgaaaWavb)(mh=sze51Xi8Vg9IAxkp)15.jpg;https://ei.phncdn.com/videos/202209/03/414893761/original/(m=eaf8GgaaaWavb)(mh=sze51Xi8Vg9IAxkp)16.jpg|2nd try of anal toy. Double penetration (ass and pussy) one day I need 2 men for my ass and pussy|malay;kuala|Double Penetration;Exclusive;Verified Amateurs;Solo Female||394|428|2|0|https://ei.phncdn.com/videos/202209/03/414893761/original/(m=eaAaGwObaaamqv)(mh=zOAKXCiFwrrCRudq)8.jpg|https://ei.phncdn.com/videos/202209/03/414893761/original/(m=eaAaGwObaaamqv)(mh=zOAKXCiFwrrCRudq)1.jpg;https://ei.phncdn.com/videos/202209/03/414893761/original/(m=eaAaGwObaaamqv)(mh=zOAKXCiFwrrCRudq)2.jpg;https://ei.phncdn.com/videos/202209/03/414893761/original/(m=eaAaGwObaaamqv)(mh=zOAKXCiFwrrCRudq)3.jpg;https://ei.phncdn.com/videos/202209/03/414893761/original/(m=eaAaGwObaaamqv)(mh=zOAKXCiFwrrCRudq)4.jpg;https://ei.phncdn.com/videos/202209/03/414893761/original/(m=eaAaGwObaaamqv)(mh=zOAKXCiFwrrCRudq)5.jpg;https://ei.phncdn.com/videos/202209/03/414893761/original/(m=eaAaGwObaaamqv)(mh=zOAKXCiFwrrCRudq)6.jpg;https://ei.phncdn.com/videos/202209/03/414893761/original/(m=eaAaGwObaaamqv)(mh=zOAKXCiFwrrCRudq)7.jpg;https://ei.phncdn.com/videos/202209/03/414893761/original/(m=eaAaGwObaaamqv)(mh=zOAKXCiFwrrCRudq)8.jpg;https://ei.phncdn.com/videos/202209/03/414893761/original/(m=eaAaGwObaaamqv)(mh=zOAKXCiFwrrCRudq)9.jpg;https://ei.phncdn.com/videos/202209/03/414893761/original/(m=eaAaGwObaaamqv)(mh=zOAKXCiFwrrCRudq)10.jpg;https://ei.phncdn.com/videos/202209/03/414893761/original/(m=eaAaGwObaaamqv)(mh=zOAKXCiFwrrCRudq)11.jpg;https://ei.phncdn.com/videos/202209/03/414893761/original/(m=eaAaGwObaaamqv)(mh=zOAKXCiFwrrCRudq)12.jpg;https://ei.phncdn.com/videos/202209/03/414893761/original/(m=eaAaGwObaaamqv)(mh=zOAKXCiFwrrCRudq)13.jpg;https://ei.phncdn.com/videos/202209/03/414893761/original/(m=eaAaGwObaaamqv)(mh=zOAKXCiFwrrCRudq)14.jpg;https://ei.phncdn.com/videos/202209/03/414893761/original/(m=eaAaGwObaaamqv)(mh=zOAKXCiFwrrCRudq)15.jpg;https://ei.phncdn.com/videos/202209/03/414893761/original/(m=eaAaGwObaaamqv)(mh=zOAKXCiFwrrCRudq)16.jpg
<iframe src="https://www.pornhub.com/embed/ph631866f216b16" frameborder="0" height="481" width="608" scrolling="no"></iframe>|https://ei.phncdn.com/videos/202209/07/415143541/original/(m=eaf8GgaaaWavb)(mh=uIpgACvCADwWn5ya)4.jpg|https://ei.phncdn.com/videos/202209/07/415143541/original/(m=eaf8GgaaaWavb)(mh=uIpgACvCADwWn5ya)1.jpg;https://ei.phncdn.com/videos/202209/07/415143541/original/(m=eaf8GgaaaWavb)(mh=uIpgACvCADwWn5ya)2.jpg;https://ei.phncdn.com/videos/202209/07/415143541/original/(m=eaf8GgaaaWavb)(mh=uIpgACvCADwWn5ya)3.jpg;https://ei.phncdn.com/videos/202209/07/415143541/original/(m=eaf8GgaaaWavb)(mh=uIpgACvCADwWn5ya)4.jpg;https://ei.phncdn.com/videos/202209/07/415143541/original/(m=eaf8GgaaaWavb)(mh=uIpgACvCADwWn5ya)5.jpg;https://ei.phncdn.com/videos/202209/07/415143541/original/(m=eaf8GgaaaWavb)(mh=uIpgACvCADwWn5ya)6.jpg;https://ei.phncdn.com/videos/202209/07/415143541/original/(m=eaf8GgaaaWavb)(mh=uIpgACvCADwWn5ya)7.jpg;https://ei.phncdn.com/videos/202209/07/415143541/original/(m=eaf8GgaaaWavb)(mh=uIpgACvCADwWn5ya)8.jpg;https://ei.phncdn.com/videos/202209/07/415143541/original/(m=eaf8GgaaaWavb)(mh=uIpgACvCADwWn5ya)9.jpg;https://ei.phncdn.com/videos/202209/07/415143541/original/(m=eaf8GgaaaWavb)(mh=uIpgACvCADwWn5ya)10.jpg;https://ei.phncdn.com/videos/202209/07/415143541/original/(m=eaf8GgaaaWavb)(mh=uIpgACvCADwWn5ya)11.jpg;https://ei.phncdn.com/videos/202209/07/415143541/original/(m=eaf8GgaaaWavb)(mh=uIpgACvCADwWn5ya)12.jpg;https://ei.phncdn.com/videos/202209/07/415143541/original/(m=eaf8GgaaaWavb)(mh=uIpgACvCADwWn5ya)13.jpg;https://ei.phncdn.com/videos/202209/07/415143541/original/(m=eaf8GgaaaWavb)(mh=uIpgACvCADwWn5ya)14.jpg;https://ei.phncdn.com/videos/202209/07/415143541/original/(m=eaf8GgaaaWavb)(mh=uIpgACvCADwWn5ya)15.jpg;https://ei.phncdn.com/videos/202209/07/415143541/original/(m=eaf8GgaaaWavb)(mh=uIpgACvCADwWn5ya)16.jpg|I feel better doing anal. I wish there were three guys here to gangbang me😍|malay;kuala|Double Penetration;Exclusive;Verified Amateurs;Solo Female||464|141|2|0|https://ei.phncdn.com/videos/202209/07/415143541/original/(m=eaAaGwObaaamqv)(mh=XCTxPuGGcKrlWOaP)4.jpg|https://ei.phncdn.com/videos/202209/07/415143541/original/(m=eaAaGwObaaamqv)(mh=XCTxPuGGcKrlWOaP)1.jpg;https://ei.phncdn.com/videos/202209/07/415143541/original/(m=eaAaGwObaaamqv)(mh=XCTxPuGGcKrlWOaP)2.jpg;https://ei.phncdn.com/videos/202209/07/415143541/original/(m=eaAaGwObaaamqv)(mh=XCTxPuGGcKrlWOaP)3.jpg;https://ei.phncdn.com/videos/202209/07/415143541/original/(m=eaAaGwObaaamqv)(mh=XCTxPuGGcKrlWOaP)4.jpg;https://ei.phncdn.com/videos/202209/07/415143541/original/(m=eaAaGwObaaamqv)(mh=XCTxPuGGcKrlWOaP)5.jpg;https://ei.phncdn.com/videos/202209/07/415143541/original/(m=eaAaGwObaaamqv)(mh=XCTxPuGGcKrlWOaP)6.jpg;https://ei.phncdn.com/videos/202209/07/415143541/original/(m=eaAaGwObaaamqv)(mh=XCTxPuGGcKrlWOaP)7.jpg;https://ei.phncdn.com/videos/202209/07/415143541/original/(m=eaAaGwObaaamqv)(mh=XCTxPuGGcKrlWOaP)8.jpg;https://ei.phncdn.com/videos/202209/07/415143541/original/(m=eaAaGwObaaamqv)(mh=XCTxPuGGcKrlWOaP)9.jpg;https://ei.phncdn.com/videos/202209/07/415143541/original/(m=eaAaGwObaaamqv)(mh=XCTxPuGGcKrlWOaP)10.jpg;https://ei.phncdn.com/videos/202209/07/415143541/original/(m=eaAaGwObaaamqv)(mh=XCTxPuGGcKrlWOaP)11.jpg;https://ei.phncdn.com/videos/202209/07/415143541/original/(m=eaAaGwObaaamqv)(mh=XCTxPuGGcKrlWOaP)12.jpg;https://ei.phncdn.com/videos/202209/07/415143541/original/(m=eaAaGwObaaamqv)(mh=XCTxPuGGcKrlWOaP)13.jpg;https://ei.phncdn.com/videos/202209/07/415143541/original/(m=eaAaGwObaaamqv)(mh=XCTxPuGGcKrlWOaP)14.jpg;https://ei.phncdn.com/videos/202209/07/415143541/original/(m=eaAaGwObaaamqv)(mh=XCTxPuGGcKrlWOaP)15.jpg;https://ei.phncdn.com/videos/202209/07/415143541/original/(m=eaAaGwObaaamqv)(mh=XCTxPuGGcKrlWOaP)16.jpg
<iframe src="https://www.pornhub.com/embed/641257e93bc47" frameborder="0" height="481" width="608" scrolling="no"></iframe>|https://ei.phncdn.com/videos/202303/15/427491551/original/(m=eaf8GgaaaWavb)(mh=Urg2ChK9imAC0ARn)5.jpg|https://ei.phncdn.com/videos/202303/15/427491551/original/(m=eaf8GgaaaWavb)(mh=Urg2ChK9imAC0ARn)1.jpg;https://ei.phncdn.com/videos/202303/15/427491551/original/(m=eaf8GgaaaWavb)(mh=Urg2ChK9imAC0ARn)2.jpg;https://ei.phncdn.com/videos/202303/15/427491551/original/(m=eaf8GgaaaWavb)(mh=Urg2ChK9imAC0ARn)3.jpg;https://ei.phncdn.com/videos/202303/15/427491551/original/(m=eaf8GgaaaWavb)(mh=Urg2ChK9imAC0ARn)4.jpg;https://ei.phncdn.com/videos/202303/15/427491551/original/(m=eaf8GgaaaWavb)(mh=Urg2ChK9imAC0ARn)5.jpg;https://ei.phncdn.com/videos/202303/15/427491551/original/(m=eaf8GgaaaWavb)(mh=Urg2ChK9imAC0ARn)6.jpg;https://ei.phncdn.com/videos/202303/15/427491551/original/(m=eaf8GgaaaWavb)(mh=Urg2ChK9imAC0ARn)7.jpg;https://ei.phncdn.com/videos/202303/15/427491551/original/(m=eaf8GgaaaWavb)(mh=Urg2ChK9imAC0ARn)8.jpg;https://ei.phncdn.com/videos/202303/15/427491551/original/(m=eaf8GgaaaWavb)(mh=Urg2ChK9imAC0ARn)9.jpg;https://ei.phncdn.com/videos/202303/15/427491551/original/(m=eaf8GgaaaWavb)(mh=Urg2ChK9imAC0ARn)10.jpg;https://ei.phncdn.com/videos/202303/15/427491551/original/(m=eaf8GgaaaWavb)(mh=Urg2ChK9imAC0ARn)11.jpg;https://ei.phncdn.com/videos/202303/15/427491551/original/(m=eaf8GgaaaWavb)(mh=Urg2ChK9imAC0ARn)12.jpg;https://ei.phncdn.com/videos/202303/15/427491551/original/(m=eaf8GgaaaWavb)(mh=Urg2ChK9imAC0ARn)13.jpg;https://ei.phncdn.com/videos/202303/15/427491551/original/(m=eaf8GgaaaWavb)(mh=Urg2ChK9imAC0ARn)14.jpg;https://ei.phncdn.com/videos/202303/15/427491551/original/(m=eaf8GgaaaWavb)(mh=Urg2ChK9imAC0ARn)15.jpg;https://ei.phncdn.com/videos/202303/15/427491551/original/(m=eaf8GgaaaWavb)(mh=Urg2ChK9imAC0ARn)16.jpg|Master bating|sex-toys;loud-moaning|Double Penetration;Exclusive;Verified Amateurs;Solo Female;Female Orgasm;Vertical Video||62|196|1|0|https://ei.phncdn.com/videos/202303/15/427491551/original/(m=eaAaGwObaaamqv)(mh=zktlqFK62wKVEQYz)5.jpg|https://ei.phncdn.com/videos/202303/15/427491551/original/(m=eaAaGwObaaamqv)(mh=zktlqFK62wKVEQYz)1.jpg;https://ei.phncdn.com/videos/202303/15/427491551/original/(m=eaAaGwObaaamqv)(mh=zktlqFK62wKVEQYz)2.jpg;https://ei.phncdn.com/videos/202303/15/427491551/original/(m=eaAaGwObaaamqv)(mh=zktlqFK62wKVEQYz)3.jpg;https://ei.phncdn.com/videos/202303/15/427491551/original/(m=eaAaGwObaaamqv)(mh=zktlqFK62wKVEQYz)4.jpg;https://ei.phncdn.com/videos/202303/15/427491551/original/(m=eaAaGwObaaamqv)(mh=zktlqFK62wKVEQYz)5.jpg;https://ei.phncdn.com/videos/202303/15/427491551/original/(m=eaAaGwObaaamqv)(mh=zktlqFK62wKVEQYz)6.jpg;https://ei.phncdn.com/videos/202303/15/427491551/original/(m=eaAaGwObaaamqv)(mh=zktlqFK62wKVEQYz)7.jpg;https://ei.phncdn.com/videos/202303/15/427491551/original/(m=eaAaGwObaaamqv)(mh=zktlqFK62wKVEQYz)8.jpg;https://ei.phncdn.com/videos/202303/15/427491551/original/(m=eaAaGwObaaamqv)(mh=zktlqFK62wKVEQYz)9.jpg;https://ei.phncdn.com/videos/202303/15/427491551/original/(m=eaAaGwObaaamqv)(mh=zktlqFK62wKVEQYz)10.jpg;https://ei.phncdn.com/videos/202303/15/427491551/original/(m=eaAaGwObaaamqv)(mh=zktlqFK62wKVEQYz)11.jpg;https://ei.phncdn.com/videos/202303/15/427491551/original/(m=eaAaGwObaaamqv)(mh=zktlqFK62wKVEQYz)12.jpg;https://ei.phncdn.com/videos/202303/15/427491551/original/(m=eaAaGwObaaamqv)(mh=zktlqFK62wKVEQYz)13.jpg;https://ei.phncdn.com/videos/202303/15/427491551/original/(m=eaAaGwObaaamqv)(mh=zktlqFK62wKVEQYz)14.jpg;https://ei.phncdn.com/videos/202303/15/427491551/original/(m=eaAaGwObaaamqv)(mh=zktlqFK62wKVEQYz)15.jpg;https://ei.phncdn.com/videos/202303/15/427491551/original/(m=eaAaGwObaaamqv)(mh=zktlqFK62wKVEQYz)16.jpg
<iframe src="https://www.pornhub.com/embed/642ebc80e56eb" frameborder="0" height="481" width="608" scrolling="no"></iframe>|https://ei.phncdn.com/videos/202304/06/428983261/original/(m=eaf8GgaaaWavb)(mh=reCWzJuzk9CkylMW)11.jpg|https://ei.phncdn.com/videos/202304/06/428983261/original/(m=eaf8GgaaaWavb)(mh=reCWzJuzk9CkylMW)1.jpg;https://ei.phncdn.com/videos/202304/06/428983261/original/(m=eaf8GgaaaWavb)(mh=reCWzJuzk9CkylMW)2.jpg;https://ei.phncdn.com/videos/202304/06/428983261/original/(m=eaf8GgaaaWavb)(mh=reCWzJuzk9CkylMW)3.jpg;https://ei.phncdn.com/videos/202304/06/428983261/original/(m=eaf8GgaaaWavb)(mh=reCWzJuzk9CkylMW)4.jpg;https://ei.phncdn.com/videos/202304/06/428983261/original/(m=eaf8GgaaaWavb)(mh=reCWzJuzk9CkylMW)5.jpg;https://ei.phncdn.com/videos/202304/06/428983261/original/(m=eaf8GgaaaWavb)(mh=reCWzJuzk9CkylMW)6.jpg;https://ei.phncdn.com/videos/202304/06/428983261/original/(m=eaf8GgaaaWavb)(mh=reCWzJuzk9CkylMW)7.jpg;https://ei.phncdn.com/videos/202304/06/428983261/original/(m=eaf8GgaaaWavb)(mh=reCWzJuzk9CkylMW)8.jpg;https://ei.phncdn.com/videos/202304/06/428983261/original/(m=eaf8GgaaaWavb)(mh=reCWzJuzk9CkylMW)9.jpg;https://ei.phncdn.com/videos/202304/06/428983261/original/(m=eaf8GgaaaWavb)(mh=reCWzJuzk9CkylMW)10.jpg;https://ei.phncdn.com/videos/202304/06/428983261/original/(m=eaf8GgaaaWavb)(mh=reCWzJuzk9CkylMW)11.jpg;https://ei.phncdn.com/videos/202304/06/428983261/original/(m=eaf8GgaaaWavb)(mh=reCWzJuzk9CkylMW)12.jpg;https://ei.phncdn.com/videos/202304/06/428983261/original/(m=eaf8GgaaaWavb)(mh=reCWzJuzk9CkylMW)13.jpg;https://ei.phncdn.com/videos/202304/06/428983261/original/(m=eaf8GgaaaWavb)(mh=reCWzJuzk9CkylMW)14.jpg;https://ei.phncdn.com/videos/202304/06/428983261/original/(m=eaf8GgaaaWavb)(mh=reCWzJuzk9CkylMW)15.jpg;https://ei.phncdn.com/videos/202304/06/428983261/original/(m=eaf8GgaaaWavb)(mh=reCWzJuzk9CkylMW)16.jpg|I’ve been a bad girl|dp;lesbian;fuck;ard-cock;hardcore|Double Penetration;Exclusive;Pussy Licking;Verified Amateurs;Solo Female;Scissoring;Strap On;Fingering;Vertical Video||55|213|2|0|https://ei.phncdn.com/videos/202304/06/428983261/original/(m=eaAaGwObaaamqv)(mh=wppE-l6jDmEjXMsC)11.jpg|https://ei.phncdn.com/videos/202304/06/428983261/original/(m=eaAaGwObaaamqv)(mh=wppE-l6jDmEjXMsC)1.jpg;https://ei.phncdn.com/videos/202304/06/428983261/original/(m=eaAaGwObaaamqv)(mh=wppE-l6jDmEjXMsC)2.jpg;https://ei.phncdn.com/videos/202304/06/428983261/original/(m=eaAaGwObaaamqv)(mh=wppE-l6jDmEjXMsC)3.jpg;https://ei.phncdn.com/videos/202304/06/428983261/original/(m=eaAaGwObaaamqv)(mh=wppE-l6jDmEjXMsC)4.jpg;https://ei.phncdn.com/videos/202304/06/428983261/original/(m=eaAaGwObaaamqv)(mh=wppE-l6jDmEjXMsC)5.jpg;https://ei.phncdn.com/videos/202304/06/428983261/original/(m=eaAaGwObaaamqv)(mh=wppE-l6jDmEjXMsC)6.jpg;https://ei.phncdn.com/videos/202304/06/428983261/original/(m=eaAaGwObaaamqv)(mh=wppE-l6jDmEjXMsC)7.jpg;https://ei.phncdn.com/videos/202304/06/428983261/original/(m=eaAaGwObaaamqv)(mh=wppE-l6jDmEjXMsC)8.jpg;https://ei.phncdn.com/videos/202304/06/428983261/original/(m=eaAaGwObaaamqv)(mh=wppE-l6jDmEjXMsC)9.jpg;https://ei.phncdn.com/videos/202304/06/428983261/original/(m=eaAaGwObaaamqv)(mh=wppE-l6jDmEjXMsC)10.jpg;https://ei.phncdn.com/videos/202304/06/428983261/original/(m=eaAaGwObaaamqv)(mh=wppE-l6jDmEjXMsC)11.jpg;https://ei.phncdn.com/videos/202304/06/428983261/original/(m=eaAaGwObaaamqv)(mh=wppE-l6jDmEjXMsC)12.jpg;https://ei.phncdn.com/videos/202304/06/428983261/original/(m=eaAaGwObaaamqv)(mh=wppE-l6jDmEjXMsC)13.jpg;https://ei.phncdn.com/videos/202304/06/428983261/original/(m=eaAaGwObaaamqv)(mh=wppE-l6jDmEjXMsC)14.jpg;https://ei.phncdn.com/videos/202304/06/428983261/original/(m=eaAaGwObaaamqv)(mh=wppE-l6jDmEjXMsC)15.jpg;https://ei.phncdn.com/videos/202304/06/428983261/original/(m=eaAaGwObaaamqv)(mh=wppE-l6jDmEjXMsC)16.jpg
<iframe src="https://www.pornhub.com/embed/64316ffa56e2d" frameborder="0" height="481" width="608" scrolling="no"></iframe>|https://ei.phncdn.com/videos/202304/08/429115901/original/(m=eaf8GgaaaWavb)(mh=UBbuTlZewvzGXclT)2.jpg|https://ei.phncdn.com/videos/202304/08/429115901/original/(m=eaf8GgaaaWavb)(mh=UBbuTlZewvzGXclT)1.jpg;https://ei.phncdn.com/videos/202304/08/429115901/original/(m=eaf8GgaaaWavb)(mh=UBbuTlZewvzGXclT)2.jpg;https://ei.phncdn.com/videos/202304/08/429115901/original/(m=eaf8GgaaaWavb)(mh=UBbuTlZewvzGXclT)3.jpg;https://ei.phncdn.com/videos/202304/08/429115901/original/(m=eaf8GgaaaWavb)(mh=UBbuTlZewvzGXclT)4.jpg;https://ei.phncdn.com/videos/202304/08/429115901/original/(m=eaf8GgaaaWavb)(mh=UBbuTlZewvzGXclT)5.jpg;https://ei.phncdn.com/videos/202304/08/429115901/original/(m=eaf8GgaaaWavb)(mh=UBbuTlZewvzGXclT)6.jpg;https://ei.phncdn.com/videos/202304/08/429115901/original/(m=eaf8GgaaaWavb)(mh=UBbuTlZewvzGXclT)7.jpg;https://ei.phncdn.com/videos/202304/08/429115901/original/(m=eaf8GgaaaWavb)(mh=UBbuTlZewvzGXclT)8.jpg;https://ei.phncdn.com/videos/202304/08/429115901/original/(m=eaf8GgaaaWavb)(mh=UBbuTlZewvzGXclT)9.jpg;https://ei.phncdn.com/videos/202304/08/429115901/original/(m=eaf8GgaaaWavb)(mh=UBbuTlZewvzGXclT)10.jpg;https://ei.phncdn.com/videos/202304/08/429115901/original/(m=eaf8GgaaaWavb)(mh=UBbuTlZewvzGXclT)11.jpg;https://ei.phncdn.com/videos/202304/08/429115901/original/(m=eaf8GgaaaWavb)(mh=UBbuTlZewvzGXclT)12.jpg;https://ei.phncdn.com/videos/202304/08/429115901/original/(m=eaf8GgaaaWavb)(mh=UBbuTlZewvzGXclT)13.jpg;https://ei.phncdn.com/videos/202304/08/429115901/original/(m=eaf8GgaaaWavb)(mh=UBbuTlZewvzGXclT)14.jpg;https://ei.phncdn.com/videos/202304/08/429115901/original/(m=eaf8GgaaaWavb)(mh=UBbuTlZewvzGXclT)15.jpg;https://ei.phncdn.com/videos/202304/08/429115901/original/(m=eaf8GgaaaWavb)(mh=UBbuTlZewvzGXclT)16.jpg|I feel horny while watching sex video in pornhub 🥵🥵|turkish;arabic|Double Penetration;Massage;Arab;Exclusive;Verified Amateurs;Old/Young (18+);Solo Female;Vertical Video||310|2374|10|0|https://ei.phncdn.com/videos/202304/08/429115901/original/(m=eaAaGwObaaamqv)(mh=uQN52yRkbyWSgApy)2.jpg|https://ei.phncdn.com/videos/202304/08/429115901/original/(m=eaAaGwObaaamqv)(mh=uQN52yRkbyWSgApy)1.jpg;https://ei.phncdn.com/videos/202304/08/429115901/original/(m=eaAaGwObaaamqv)(mh=uQN52yRkbyWSgApy)2.jpg;https://ei.phncdn.com/videos/202304/08/429115901/original/(m=eaAaGwObaaamqv)(mh=uQN52yRkbyWSgApy)3.jpg;https://ei.phncdn.com/videos/202304/08/429115901/original/(m=eaAaGwObaaamqv)(mh=uQN52yRkbyWSgApy)4.jpg;https://ei.phncdn.com/videos/202304/08/429115901/original/(m=eaAaGwObaaamqv)(mh=uQN52yRkbyWSgApy)5.jpg;https://ei.phncdn.com/videos/202304/08/429115901/original/(m=eaAaGwObaaamqv)(mh=uQN52yRkbyWSgApy)6.jpg;https://ei.phncdn.com/videos/202304/08/429115901/original/(m=eaAaGwObaaamqv)(mh=uQN52yRkbyWSgApy)7.jpg;https://ei.phncdn.com/videos/202304/08/429115901/original/(m=eaAaGwObaaamqv)(mh=uQN52yRkbyWSgApy)8.jpg;https://ei.phncdn.com/videos/202304/08/429115901/original/(m=eaAaGwObaaamqv)(mh=uQN52yRkbyWSgApy)9.jpg;https://ei.phncdn.com/videos/202304/08/429115901/original/(m=eaAaGwObaaamqv)(mh=uQN52yRkbyWSgApy)10.jpg;https://ei.phncdn.com/videos/202304/08/429115901/original/(m=eaAaGwObaaamqv)(mh=uQN52yRkbyWSgApy)11.jpg;https://ei.phncdn.com/videos/202304/08/429115901/original/(m=eaAaGwObaaamqv)(mh=uQN52yRkbyWSgApy)12.jpg;https://ei.phncdn.com/videos/202304/08/429115901/original/(m=eaAaGwObaaamqv)(mh=uQN52yRkbyWSgApy)13.jpg;https://ei.phncdn.com/videos/202304/08/429115901/original/(m=eaAaGwObaaamqv)(mh=uQN52yRkbyWSgApy)14.jpg;https://ei.phncdn.com/videos/202304/08/429115901/original/(m=eaAaGwObaaamqv)(mh=uQN52yRkbyWSgApy)15.jpg;https://ei.phncdn.com/videos/202304/08/429115901/original/(m=eaAaGwObaaamqv)(mh=uQN52yRkbyWSgApy)16.jpg
<iframe src="https://www.pornhub.com/embed/6456ffddb3454" frameborder="0" height="481" width="608" scrolling="no"></iframe>|https://ei.phncdn.com/videos/202305/07/431038281/original/(m=eaf8GgaaaWavb)(mh=9ByXoN0D-1WXRZJb)8.jpg|https://ei.phncdn.com/videos/202305/07/431038281/original/(m=eaf8GgaaaWavb)(mh=9ByXoN0D-1WXRZJb)1.jpg;https://ei.phncdn.com/videos/202305/07/431038281/original/(m=eaf8GgaaaWavb)(mh=9ByXoN0D-1WXRZJb)2.jpg;https://ei.phncdn.com/videos/202305/07/431038281/original/(m=eaf8GgaaaWavb)(mh=9ByXoN0D-1WXRZJb)3.jpg;https://ei.phncdn.com/videos/202305/07/431038281/original/(m=eaf8GgaaaWavb)(mh=9ByXoN0D-1WXRZJb)4.jpg;https://ei.phncdn.com/videos/202305/07/431038281/original/(m=eaf8GgaaaWavb)(mh=9ByXoN0D-1WXRZJb)5.jpg;https://ei.phncdn.com/videos/202305/07/431038281/original/(m=eaf8GgaaaWavb)(mh=9ByXoN0D-1WXRZJb)6.jpg;https://ei.phncdn.com/videos/202305/07/431038281/original/(m=eaf8GgaaaWavb)(mh=9ByXoN0D-1WXRZJb)7.jpg;https://ei.phncdn.com/videos/202305/07/431038281/original/(m=eaf8GgaaaWavb)(mh=9ByXoN0D-1WXRZJb)8.jpg;https://ei.phncdn.com/videos/202305/07/431038281/original/(m=eaf8GgaaaWavb)(mh=9ByXoN0D-1WXRZJb)9.jpg;https://ei.phncdn.com/videos/202305/07/431038281/original/(m=eaf8GgaaaWavb)(mh=9ByXoN0D-1WXRZJb)10.jpg;https://ei.phncdn.com/videos/202305/07/431038281/original/(m=eaf8GgaaaWavb)(mh=9ByXoN0D-1WXRZJb)11.jpg;https://ei.phncdn.com/videos/202305/07/431038281/original/(m=eaf8GgaaaWavb)(mh=9ByXoN0D-1WXRZJb)12.jpg;https://ei.phncdn.com/videos/202305/07/431038281/original/(m=eaf8GgaaaWavb)(mh=9ByXoN0D-1WXRZJb)13.jpg;https://ei.phncdn.com/videos/202305/07/431038281/original/(m=eaf8GgaaaWavb)(mh=9ByXoN0D-1WXRZJb)14.jpg;https://ei.phncdn.com/videos/202305/07/431038281/original/(m=eaf8GgaaaWavb)(mh=9ByXoN0D-1WXRZJb)15.jpg;https://ei.phncdn.com/videos/202305/07/431038281/original/(m=eaf8GgaaaWavb)(mh=9ByXoN0D-1WXRZJb)16.jpg|DVP milf|dvp-milf;tattoed-woman|Double Penetration;Verified Amateurs;Tattooed Women;Vertical Video||24|362|3|1|https://ei.phncdn.com/videos/202305/07/431038281/original/(m=eaAaGwObaaamqv)(mh=pdM7o5BCeDBo2ic-)8.jpg|https://ei.phncdn.com/videos/202305/07/431038281/original/(m=eaAaGwObaaamqv)(mh=pdM7o5BCeDBo2ic-)1.jpg;https://ei.phncdn.com/videos/202305/07/431038281/original/(m=eaAaGwObaaamqv)(mh=pdM7o5BCeDBo2ic-)2.jpg;https://ei.phncdn.com/videos/202305/07/431038281/original/(m=eaAaGwObaaamqv)(mh=pdM7o5BCeDBo2ic-)3.jpg;https://ei.phncdn.com/videos/202305/07/431038281/original/(m=eaAaGwObaaamqv)(mh=pdM7o5BCeDBo2ic-)4.jpg;https://ei.phncdn.com/videos/202305/07/431038281/original/(m=eaAaGwObaaamqv)(mh=pdM7o5BCeDBo2ic-)5.jpg;https://ei.phncdn.com/videos/202305/07/431038281/original/(m=eaAaGwObaaamqv)(mh=pdM7o5BCeDBo2ic-)6.jpg;https://ei.phncdn.com/videos/202305/07/431038281/original/(m=eaAaGwObaaamqv)(mh=pdM7o5BCeDBo2ic-)7.jpg;https://ei.phncdn.com/videos/202305/07/431038281/original/(m=eaAaGwObaaamqv)(mh=pdM7o5BCeDBo2ic-)8.jpg;https://ei.phncdn.com/videos/202305/07/431038281/original/(m=eaAaGwObaaamqv)(mh=pdM7o5BCeDBo2ic-)9.jpg;https://ei.phncdn.com/videos/202305/07/431038281/original/(m=eaAaGwObaaamqv)(mh=pdM7o5BCeDBo2ic-)10.jpg;https://ei.phncdn.com/videos/202305/07/431038281/original/(m=eaAaGwObaaamqv)(mh=pdM7o5BCeDBo2ic-)11.jpg;https://ei.phncdn.com/videos/202305/07/431038281/original/(m=eaAaGwObaaamqv)(mh=pdM7o5BCeDBo2ic-)12.jpg;https://ei.phncdn.com/videos/202305/07/431038281/original/(m=eaAaGwObaaamqv)(mh=pdM7o5BCeDBo2ic-)13.jpg;https://ei.phncdn.com/videos/202305/07/431038281/original/(m=eaAaGwObaaamqv)(mh=pdM7o5BCeDBo2ic-)14.jpg;https://ei.phncdn.com/videos/202305/07/431038281/original/(m=eaAaGwObaaamqv)(mh=pdM7o5BCeDBo2ic-)15.jpg;https://ei.phncdn.com/videos/202305/07/431038281/original/(m=eaAaGwObaaamqv)(mh=pdM7o5BCeDBo2ic-)16.jpg
<iframe src="https://www.pornhub.com/embed/64696bb84e771" frameborder="0" height="481" width="608" scrolling="no"></iframe>|https://ei.phncdn.com/videos/202305/21/431955851/original/(m=eaf8GgaaaWavb)(mh=IEYYrbn-_YI8-e7W)2.jpg|https://ei.phncdn.com/videos/202305/21/431955851/original/(m=eaf8GgaaaWavb)(mh=IEYYrbn-_YI8-e7W)1.jpg;https://ei.phncdn.com/videos/202305/21/431955851/original/(m=eaf8GgaaaWavb)(mh=IEYYrbn-_YI8-e7W)2.jpg;https://ei.phncdn.com/videos/202305/21/431955851/original/(m=eaf8GgaaaWavb)(mh=IEYYrbn-_YI8-e7W)3.jpg;https://ei.phncdn.com/videos/202305/21/431955851/original/(m=eaf8GgaaaWavb)(mh=IEYYrbn-_YI8-e7W)4.jpg;https://ei.phncdn.com/videos/202305/21/431955851/original/(m=eaf8GgaaaWavb)(mh=IEYYrbn-_YI8-e7W)5.jpg;https://ei.phncdn.com/videos/202305/21/431955851/original/(m=eaf8GgaaaWavb)(mh=IEYYrbn-_YI8-e7W)6.jpg;https://ei.phncdn.com/videos/202305/21/431955851/original/(m=eaf8GgaaaWavb)(mh=IEYYrbn-_YI8-e7W)7.jpg;https://ei.phncdn.com/videos/202305/21/431955851/original/(m=eaf8GgaaaWavb)(mh=IEYYrbn-_YI8-e7W)8.jpg;https://ei.phncdn.com/videos/202305/21/431955851/original/(m=eaf8GgaaaWavb)(mh=IEYYrbn-_YI8-e7W)9.jpg;https://ei.phncdn.com/videos/202305/21/431955851/original/(m=eaf8GgaaaWavb)(mh=IEYYrbn-_YI8-e7W)10.jpg;https://ei.phncdn.com/videos/202305/21/431955851/original/(m=eaf8GgaaaWavb)(mh=IEYYrbn-_YI8-e7W)11.jpg;https://ei.phncdn.com/videos/202305/21/431955851/original/(m=eaf8GgaaaWavb)(mh=IEYYrbn-_YI8-e7W)12.jpg;https://ei.phncdn.com/videos/202305/21/431955851/original/(m=eaf8GgaaaWavb)(mh=IEYYrbn-_YI8-e7W)13.jpg;https://ei.phncdn.com/videos/202305/21/431955851/original/(m=eaf8GgaaaWavb)(mh=IEYYrbn-_YI8-e7W)14.jpg;https://ei.phncdn.com/videos/202305/21/431955851/original/(m=eaf8GgaaaWavb)(mh=IEYYrbn-_YI8-e7W)15.jpg;https://ei.phncdn.com/videos/202305/21/431955851/original/(m=eaf8GgaaaWavb)(mh=IEYYrbn-_YI8-e7W)16.jpg|Tengo pene|penes-grandes;double-penetration|Double Penetration;Solo Male;Exclusive;Verified Amateurs||31|16|||https://ei.phncdn.com/videos/202305/21/431955851/original/(m=eaAaGwObaaamqv)(mh=FyNXACfpdn_0PJ2i)2.jpg|https://ei.phncdn.com/videos/202305/21/431955851/original/(m=eaAaGwObaaamqv)(mh=FyNXACfpdn_0PJ2i)1.jpg;https://ei.phncdn.com/videos/202305/21/431955851/original/(m=eaAaGwObaaamqv)(mh=FyNXACfpdn_0PJ2i)2.jpg;https://ei.phncdn.com/videos/202305/21/431955851/original/(m=eaAaGwObaaamqv)(mh=FyNXACfpdn_0PJ2i)3.jpg;https://ei.phncdn.com/videos/202305/21/431955851/original/(m=eaAaGwObaaamqv)(mh=FyNXACfpdn_0PJ2i)4.jpg;https://ei.phncdn.com/videos/202305/21/431955851/original/(m=eaAaGwObaaamqv)(mh=FyNXACfpdn_0PJ2i)5.jpg;https://ei.phncdn.com/videos/202305/21/431955851/original/(m=eaAaGwObaaamqv)(mh=FyNXACfpdn_0PJ2i)6.jpg;https://ei.phncdn.com/videos/202305/21/431955851/original/(m=eaAaGwObaaamqv)(mh=FyNXACfpdn_0PJ2i)7.jpg;https://ei.phncdn.com/videos/202305/21/431955851/original/(m=eaAaGwObaaamqv)(mh=FyNXACfpdn_0PJ2i)8.jpg;https://ei.phncdn.com/videos/202305/21/431955851/original/(m=eaAaGwObaaamqv)(mh=FyNXACfpdn_0PJ2i)9.jpg;https://ei.phncdn.com/videos/202305/21/431955851/original/(m=eaAaGwObaaamqv)(mh=FyNXACfpdn_0PJ2i)10.jpg;https://ei.phncdn.com/videos/202305/21/431955851/original/(m=eaAaGwObaaamqv)(mh=FyNXACfpdn_0PJ2i)11.jpg;https://ei.phncdn.com/videos/202305/21/431955851/original/(m=eaAaGwObaaamqv)(mh=FyNXACfpdn_0PJ2i)12.jpg;https://ei.phncdn.com/videos/202305/21/431955851/original/(m=eaAaGwObaaamqv)(mh=FyNXACfpdn_0PJ2i)13.jpg;https://ei.phncdn.com/videos/202305/21/431955851/original/(m=eaAaGwObaaamqv)(mh=FyNXACfpdn_0PJ2i)14.jpg;https://ei.phncdn.com/videos/202305/21/431955851/original/(m=eaAaGwObaaamqv)(mh=FyNXACfpdn_0PJ2i)15.jpg;https://ei.phncdn.com/videos/202305/21/431955851/original/(m=eaAaGwObaaamqv)(mh=FyNXACfpdn_0PJ2i)16.jpg
<iframe src="https://www.pornhub.com/embed/64715c0cec3e2" frameborder="0" height="481" width="608" scrolling="no"></iframe>|https://ei.phncdn.com/videos/202305/27/432341791/thumbs_30/(m=eaf8GgaaaWavb)(mh=dwEsxsBduyGSb_8G)16.jpg|https://ei.phncdn.com/videos/202305/27/432341791/thumbs_30/(m=eaf8GgaaaWavb)(mh=dwEsxsBduyGSb_8G)1.jpg;https://ei.phncdn.com/videos/202305/27/432341791/thumbs_30/(m=eaf8GgaaaWavb)(mh=dwEsxsBduyGSb_8G)2.jpg;https://ei.phncdn.com/videos/202305/27/432341791/thumbs_30/(m=eaf8GgaaaWavb)(mh=dwEsxsBduyGSb_8G)3.jpg;https://ei.phncdn.com/videos/202305/27/432341791/thumbs_30/(m=eaf8GgaaaWavb)(mh=dwEsxsBduyGSb_8G)4.jpg;https://ei.phncdn.com/videos/202305/27/432341791/thumbs_30/(m=eaf8GgaaaWavb)(mh=dwEsxsBduyGSb_8G)5.jpg;https://ei.phncdn.com/videos/202305/27/432341791/thumbs_30/(m=eaf8GgaaaWavb)(mh=dwEsxsBduyGSb_8G)6.jpg;https://ei.phncdn.com/videos/202305/27/432341791/thumbs_30/(m=eaf8GgaaaWavb)(mh=dwEsxsBduyGSb_8G)7.jpg;https://ei.phncdn.com/videos/202305/27/432341791/thumbs_30/(m=eaf8GgaaaWavb)(mh=dwEsxsBduyGSb_8G)8.jpg;https://ei.phncdn.com/videos/202305/27/432341791/thumbs_30/(m=eaf8GgaaaWavb)(mh=dwEsxsBduyGSb_8G)9.jpg;https://ei.phncdn.com/videos/202305/27/432341791/thumbs_30/(m=eaf8GgaaaWavb)(mh=dwEsxsBduyGSb_8G)10.jpg;https://ei.phncdn.com/videos/202305/27/432341791/thumbs_30/(m=eaf8GgaaaWavb)(mh=dwEsxsBduyGSb_8G)11.jpg;https://ei.phncdn.com/videos/202305/27/432341791/thumbs_30/(m=eaf8GgaaaWavb)(mh=dwEsxsBduyGSb_8G)12.jpg;https://ei.phncdn.com/videos/202305/27/432341791/thumbs_30/(m=eaf8GgaaaWavb)(mh=dwEsxsBduyGSb_8G)13.jpg;https://ei.phncdn.com/videos/202305/27/432341791/thumbs_30/(m=eaf8GgaaaWavb)(mh=dwEsxsBduyGSb_8G)14.jpg;https://ei.phncdn.com/videos/202305/27/432341791/thumbs_30/(m=eaf8GgaaaWavb)(mh=dwEsxsBduyGSb_8G)15.jpg;https://ei.phncdn.com/videos/202305/27/432341791/thumbs_30/(m=eaf8GgaaaWavb)(mh=dwEsxsBduyGSb_8G)16.jpg|*NEW* ONE SHOT "EBR 14" MAX Build in Modern Warfare 2! (Best EBR 14 Class Setup) -MW2 Season 2|call-of-duty;point-of-view;porn-hd;3some;celebrity;blowjob;amateur;warzone;call-of-duty-mobile;streamer;double-penetration;hentai;gamer;lgbtq;anime;dp|Double Penetration;Role Play;Cartoon;Babysitter (18+);Solo Male;60FPS;Exclusive;Verified Amateurs||585|110|1|0|https://ei.phncdn.com/videos/202305/27/432341791/thumbs_30/(m=eaAaGwObaaamqv)(mh=spQZVa7QKaaGN1uz)16.jpg|https://ei.phncdn.com/videos/202305/27/432341791/thumbs_30/(m=eaAaGwObaaamqv)(mh=spQZVa7QKaaGN1uz)1.jpg;https://ei.phncdn.com/videos/202305/27/432341791/thumbs_30/(m=eaAaGwObaaamqv)(mh=spQZVa7QKaaGN1uz)2.jpg;https://ei.phncdn.com/videos/202305/27/432341791/thumbs_30/(m=eaAaGwObaaamqv)(mh=spQZVa7QKaaGN1uz)3.jpg;https://ei.phncdn.com/videos/202305/27/432341791/thumbs_30/(m=eaAaGwObaaamqv)(mh=spQZVa7QKaaGN1uz)4.jpg;https://ei.phncdn.com/videos/202305/27/432341791/thumbs_30/(m=eaAaGwObaaamqv)(mh=spQZVa7QKaaGN1uz)5.jpg;https://ei.phncdn.com/videos/202305/27/432341791/thumbs_30/(m=eaAaGwObaaamqv)(mh=spQZVa7QKaaGN1uz)6.jpg;https://ei.phncdn.com/videos/202305/27/432341791/thumbs_30/(m=eaAaGwObaaamqv)(mh=spQZVa7QKaaGN1uz)7.jpg;https://ei.phncdn.com/videos/202305/27/432341791/thumbs_30/(m=eaAaGwObaaamqv)(mh=spQZVa7QKaaGN1uz)8.jpg;https://ei.phncdn.com/videos/202305/27/432341791/thumbs_30/(m=eaAaGwObaaamqv)(mh=spQZVa7QKaaGN1uz)9.jpg;https://ei.phncdn.com/videos/202305/27/432341791/thumbs_30/(m=eaAaGwObaaamqv)(mh=spQZVa7QKaaGN1uz)10.jpg;https://ei.phncdn.com/videos/202305/27/432341791/thumbs_30/(m=eaAaGwObaaamqv)(mh=spQZVa7QKaaGN1uz)11.jpg;https://ei.phncdn.com/videos/202305/27/432341791/thumbs_30/(m=eaAaGwObaaamqv)(mh=spQZVa7QKaaGN1uz)12.jpg;https://ei.phncdn.com/videos/202305/27/432341791/thumbs_30/(m=eaAaGwObaaamqv)(mh=spQZVa7QKaaGN1uz)13.jpg;https://ei.phncdn.com/videos/202305/27/432341791/thumbs_30/(m=eaAaGwObaaamqv)(mh=spQZVa7QKaaGN1uz)14.jpg;https://ei.phncdn.com/videos/202305/27/432341791/thumbs_30/(m=eaAaGwObaaamqv)(mh=spQZVa7QKaaGN1uz)15.jpg;https://ei.phncdn.com/videos/202305/27/432341791/thumbs_30/(m=eaAaGwObaaamqv)(mh=spQZVa7QKaaGN1uz)16.jpg
<iframe src="https://www.pornhub.com/embed/64a484ec3e9f4" frameborder="0" height="481" width="608" scrolling="no"></iframe>|https://ei.phncdn.com/videos/202307/04/434848141/original/(m=eaf8GgaaaWavb)(mh=qYZqTXIThn_HyZeT)4.jpg|https://ei.phncdn.com/videos/202307/04/434848141/original/(m=eaf8GgaaaWavb)(mh=qYZqTXIThn_HyZeT)1.jpg;https://ei.phncdn.com/videos/202307/04/434848141/original/(m=eaf8GgaaaWavb)(mh=qYZqTXIThn_HyZeT)2.jpg;https://ei.phncdn.com/videos/202307/04/434848141/original/(m=eaf8GgaaaWavb)(mh=qYZqTXIThn_HyZeT)3.jpg;https://ei.phncdn.com/videos/202307/04/434848141/original/(m=eaf8GgaaaWavb)(mh=qYZqTXIThn_HyZeT)4.jpg;https://ei.phncdn.com/videos/202307/04/434848141/original/(m=eaf8GgaaaWavb)(mh=qYZqTXIThn_HyZeT)5.jpg;https://ei.phncdn.com/videos/202307/04/434848141/original/(m=eaf8GgaaaWavb)(mh=qYZqTXIThn_HyZeT)6.jpg;https://ei.phncdn.com/videos/202307/04/434848141/original/(m=eaf8GgaaaWavb)(mh=qYZqTXIThn_HyZeT)7.jpg;https://ei.phncdn.com/videos/202307/04/434848141/original/(m=eaf8GgaaaWavb)(mh=qYZqTXIThn_HyZeT)8.jpg;https://ei.phncdn.com/videos/202307/04/434848141/original/(m=eaf8GgaaaWavb)(mh=qYZqTXIThn_HyZeT)9.jpg;https://ei.phncdn.com/videos/202307/04/434848141/original/(m=eaf8GgaaaWavb)(mh=qYZqTXIThn_HyZeT)10.jpg;https://ei.phncdn.com/videos/202307/04/434848141/original/(m=eaf8GgaaaWavb)(mh=qYZqTXIThn_HyZeT)11.jpg;https://ei.phncdn.com/videos/202307/04/434848141/original/(m=eaf8GgaaaWavb)(mh=qYZqTXIThn_HyZeT)12.jpg;https://ei.phncdn.com/videos/202307/04/434848141/original/(m=eaf8GgaaaWavb)(mh=qYZqTXIThn_HyZeT)13.jpg;https://ei.phncdn.com/videos/202307/04/434848141/original/(m=eaf8GgaaaWavb)(mh=qYZqTXIThn_HyZeT)14.jpg;https://ei.phncdn.com/videos/202307/04/434848141/original/(m=eaf8GgaaaWavb)(mh=qYZqTXIThn_HyZeT)15.jpg;https://ei.phncdn.com/videos/202307/04/434848141/original/(m=eaf8GgaaaWavb)(mh=qYZqTXIThn_HyZeT)16.jpg|2vibradores|sexo;sexo-porn|Double Penetration;Verified Amateurs;Solo Female;Vertical Video||29|32|4|0|https://ei.phncdn.com/videos/202307/04/434848141/original/(m=eaAaGwObaaamqv)(mh=_ViGcEHnLMwGvv-s)4.jpg|https://ei.phncdn.com/videos/202307/04/434848141/original/(m=eaAaGwObaaamqv)(mh=_ViGcEHnLMwGvv-s)1.jpg;https://ei.phncdn.com/videos/202307/04/434848141/original/(m=eaAaGwObaaamqv)(mh=_ViGcEHnLMwGvv-s)2.jpg;https://ei.phncdn.com/videos/202307/04/434848141/original/(m=eaAaGwObaaamqv)(mh=_ViGcEHnLMwGvv-s)3.jpg;https://ei.phncdn.com/videos/202307/04/434848141/original/(m=eaAaGwObaaamqv)(mh=_ViGcEHnLMwGvv-s)4.jpg;https://ei.phncdn.com/videos/202307/04/434848141/original/(m=eaAaGwObaaamqv)(mh=_ViGcEHnLMwGvv-s)5.jpg;https://ei.phncdn.com/videos/202307/04/434848141/original/(m=eaAaGwObaaamqv)(mh=_ViGcEHnLMwGvv-s)6.jpg;https://ei.phncdn.com/videos/202307/04/434848141/original/(m=eaAaGwObaaamqv)(mh=_ViGcEHnLMwGvv-s)7.jpg;https://ei.phncdn.com/videos/202307/04/434848141/original/(m=eaAaGwObaaamqv)(mh=_ViGcEHnLMwGvv-s)8.jpg;https://ei.phncdn.com/videos/202307/04/434848141/original/(m=eaAaGwObaaamqv)(mh=_ViGcEHnLMwGvv-s)9.jpg;https://ei.phncdn.com/videos/202307/04/434848141/original/(m=eaAaGwObaaamqv)(mh=_ViGcEHnLMwGvv-s)10.jpg;https://ei.phncdn.com/videos/202307/04/434848141/original/(m=eaAaGwObaaamqv)(mh=_ViGcEHnLMwGvv-s)11.jpg;https://ei.phncdn.com/videos/202307/04/434848141/original/(m=eaAaGwObaaamqv)(mh=_ViGcEHnLMwGvv-s)12.jpg;https://ei.phncdn.com/videos/202307/04/434848141/original/(m=eaAaGwObaaamqv)(mh=_ViGcEHnLMwGvv-s)13.jpg;https://ei.phncdn.com/videos/202307/04/434848141/original/(m=eaAaGwObaaamqv)(mh=_ViGcEHnLMwGvv-s)14.jpg;https://ei.phncdn.com/videos/202307/04/434848141/original/(m=eaAaGwObaaamqv)(mh=_ViGcEHnLMwGvv-s)15.jpg;https://ei.phncdn.com/videos/202307/04/434848141/original/(m=eaAaGwObaaamqv)(mh=_ViGcEHnLMwGvv-s)16.jpg
<iframe src="https://www.pornhub.com/embed/64c1e67e8fe58" frameborder="0" height="481" width="608" scrolling="no"></iframe>|https://ei.phncdn.com/videos/202307/27/436254901/thumbs_30/(m=eaf8GgaaaWavb)(mh=y97JJXhcHSo9bShC)16.jpg|https://ei.phncdn.com/videos/202307/27/436254901/thumbs_30/(m=eaf8GgaaaWavb)(mh=y97JJXhcHSo9bShC)1.jpg;https://ei.phncdn.com/videos/202307/27/436254901/thumbs_30/(m=eaf8GgaaaWavb)(mh=y97JJXhcHSo9bShC)2.jpg;https://ei.phncdn.com/videos/202307/27/436254901/thumbs_30/(m=eaf8GgaaaWavb)(mh=y97JJXhcHSo9bShC)3.jpg;https://ei.phncdn.com/videos/202307/27/436254901/thumbs_30/(m=eaf8GgaaaWavb)(mh=y97JJXhcHSo9bShC)4.jpg;https://ei.phncdn.com/videos/202307/27/436254901/thumbs_30/(m=eaf8GgaaaWavb)(mh=y97JJXhcHSo9bShC)5.jpg;https://ei.phncdn.com/videos/202307/27/436254901/thumbs_30/(m=eaf8GgaaaWavb)(mh=y97JJXhcHSo9bShC)6.jpg;https://ei.phncdn.com/videos/202307/27/436254901/thumbs_30/(m=eaf8GgaaaWavb)(mh=y97JJXhcHSo9bShC)7.jpg;https://ei.phncdn.com/videos/202307/27/436254901/thumbs_30/(m=eaf8GgaaaWavb)(mh=y97JJXhcHSo9bShC)8.jpg;https://ei.phncdn.com/videos/202307/27/436254901/thumbs_30/(m=eaf8GgaaaWavb)(mh=y97JJXhcHSo9bShC)9.jpg;https://ei.phncdn.com/videos/202307/27/436254901/thumbs_30/(m=eaf8GgaaaWavb)(mh=y97JJXhcHSo9bShC)10.jpg;https://ei.phncdn.com/videos/202307/27/436254901/thumbs_30/(m=eaf8GgaaaWavb)(mh=y97JJXhcHSo9bShC)11.jpg;https://ei.phncdn.com/videos/202307/27/436254901/thumbs_30/(m=eaf8GgaaaWavb)(mh=y97JJXhcHSo9bShC)12.jpg;https://ei.phncdn.com/videos/202307/27/436254901/thumbs_30/(m=eaf8GgaaaWavb)(mh=y97JJXhcHSo9bShC)13.jpg;https://ei.phncdn.com/videos/202307/27/436254901/thumbs_30/(m=eaf8GgaaaWavb)(mh=y97JJXhcHSo9bShC)14.jpg;https://ei.phncdn.com/videos/202307/27/436254901/thumbs_30/(m=eaf8GgaaaWavb)(mh=y97JJXhcHSo9bShC)15.jpg;https://ei.phncdn.com/videos/202307/27/436254901/thumbs_30/(m=eaf8GgaaaWavb)(mh=y97JJXhcHSo9bShC)16.jpg|USE THE META FSS HURRICANE *IMMEDIATELY* AFTER UPDATE in MW2! (Best FSS HURRICANE Class Setup) - MW2|fss;hurricane;domination;hardcore;coqui;streamer;call-of-duty;mw2;warzone;mobile;chubby;dp|Double Penetration;Massage;School (18+);Babysitter (18+);Solo Male;Feet;60FPS;Exclusive;Verified Amateurs||672|74|1|0|https://ei.phncdn.com/videos/202307/27/436254901/thumbs_30/(m=eaAaGwObaaamqv)(mh=MS9tXcMeICogPiNI)16.jpg|https://ei.phncdn.com/videos/202307/27/436254901/thumbs_30/(m=eaAaGwObaaamqv)(mh=MS9tXcMeICogPiNI)1.jpg;https://ei.phncdn.com/videos/202307/27/436254901/thumbs_30/(m=eaAaGwObaaamqv)(mh=MS9tXcMeICogPiNI)2.jpg;https://ei.phncdn.com/videos/202307/27/436254901/thumbs_30/(m=eaAaGwObaaamqv)(mh=MS9tXcMeICogPiNI)3.jpg;https://ei.phncdn.com/videos/202307/27/436254901/thumbs_30/(m=eaAaGwObaaamqv)(mh=MS9tXcMeICogPiNI)4.jpg;https://ei.phncdn.com/videos/202307/27/436254901/thumbs_30/(m=eaAaGwObaaamqv)(mh=MS9tXcMeICogPiNI)5.jpg;https://ei.phncdn.com/videos/202307/27/436254901/thumbs_30/(m=eaAaGwObaaamqv)(mh=MS9tXcMeICogPiNI)6.jpg;https://ei.phncdn.com/videos/202307/27/436254901/thumbs_30/(m=eaAaGwObaaamqv)(mh=MS9tXcMeICogPiNI)7.jpg;https://ei.phncdn.com/videos/202307/27/436254901/thumbs_30/(m=eaAaGwObaaamqv)(mh=MS9tXcMeICogPiNI)8.jpg;https://ei.phncdn.com/videos/202307/27/436254901/thumbs_30/(m=eaAaGwObaaamqv)(mh=MS9tXcMeICogPiNI)9.jpg;https://ei.phncdn.com/videos/202307/27/436254901/thumbs_30/(m=eaAaGwObaaamqv)(mh=MS9tXcMeICogPiNI)10.jpg;https://ei.phncdn.com/videos/202307/27/436254901/thumbs_30/(m=eaAaGwObaaamqv)(mh=MS9tXcMeICogPiNI)11.jpg;https://ei.phncdn.com/videos/202307/27/436254901/thumbs_30/(m=eaAaGwObaaamqv)(mh=MS9tXcMeICogPiNI)12.jpg;https://ei.phncdn.com/videos/202307/27/436254901/thumbs_30/(m=eaAaGwObaaamqv)(mh=MS9tXcMeICogPiNI)13.jpg;https://ei.phncdn.com/videos/202307/27/436254901/thumbs_30/(m=eaAaGwObaaamqv)(mh=MS9tXcMeICogPiNI)14.jpg;https://ei.phncdn.com/videos/202307/27/436254901/thumbs_30/(m=eaAaGwObaaamqv)(mh=MS9tXcMeICogPiNI)15.jpg;https://ei.phncdn.com/videos/202307/27/436254901/thumbs_30/(m=eaAaGwObaaamqv)(mh=MS9tXcMeICogPiNI)16.jpg
<iframe src="https://www.pornhub.com/embed/651e9e731d0fe" frameborder="0" height="481" width="608" scrolling="no"></iframe>|https://ei.phncdn.com/videos/202310/05/440667191/original/(m=eaf8GgaaaWavb)(mh=HLGkxf75qtYDBcsN)11.jpg|https://ei.phncdn.com/videos/202310/05/440667191/original/(m=eaf8GgaaaWavb)(mh=HLGkxf75qtYDBcsN)1.jpg;https://ei.phncdn.com/videos/202310/05/440667191/original/(m=eaf8GgaaaWavb)(mh=HLGkxf75qtYDBcsN)2.jpg;https://ei.phncdn.com/videos/202310/05/440667191/original/(m=eaf8GgaaaWavb)(mh=HLGkxf75qtYDBcsN)3.jpg;https://ei.phncdn.com/videos/202310/05/440667191/original/(m=eaf8GgaaaWavb)(mh=HLGkxf75qtYDBcsN)4.jpg;https://ei.phncdn.com/videos/202310/05/440667191/original/(m=eaf8GgaaaWavb)(mh=HLGkxf75qtYDBcsN)5.jpg;https://ei.phncdn.com/videos/202310/05/440667191/original/(m=eaf8GgaaaWavb)(mh=HLGkxf75qtYDBcsN)6.jpg;https://ei.phncdn.com/videos/202310/05/440667191/original/(m=eaf8GgaaaWavb)(mh=HLGkxf75qtYDBcsN)7.jpg;https://ei.phncdn.com/videos/202310/05/440667191/original/(m=eaf8GgaaaWavb)(mh=HLGkxf75qtYDBcsN)8.jpg;https://ei.phncdn.com/videos/202310/05/440667191/original/(m=eaf8GgaaaWavb)(mh=HLGkxf75qtYDBcsN)9.jpg;https://ei.phncdn.com/videos/202310/05/440667191/original/(m=eaf8GgaaaWavb)(mh=HLGkxf75qtYDBcsN)10.jpg;https://ei.phncdn.com/videos/202310/05/440667191/original/(m=eaf8GgaaaWavb)(mh=HLGkxf75qtYDBcsN)11.jpg;https://ei.phncdn.com/videos/202310/05/440667191/original/(m=eaf8GgaaaWavb)(mh=HLGkxf75qtYDBcsN)12.jpg;https://ei.phncdn.com/videos/202310/05/440667191/original/(m=eaf8GgaaaWavb)(mh=HLGkxf75qtYDBcsN)13.jpg;https://ei.phncdn.com/videos/202310/05/440667191/original/(m=eaf8GgaaaWavb)(mh=HLGkxf75qtYDBcsN)14.jpg;https://ei.phncdn.com/videos/202310/05/440667191/original/(m=eaf8GgaaaWavb)(mh=HLGkxf75qtYDBcsN)15.jpg;https://ei.phncdn.com/videos/202310/05/440667191/original/(m=eaf8GgaaaWavb)(mh=HLGkxf75qtYDBcsN)16.jpg|Double penetration|double-penetration;masturbate|Double Penetration;Verified Amateurs;Solo Female;Female Orgasm||46|117|1|0|https://ei.phncdn.com/videos/202310/05/440667191/original/(m=eaAaGwObaaamqv)(mh=cD7YhUQbP9iQHlhz)11.jpg|https://ei.phncdn.com/videos/202310/05/440667191/original/(m=eaAaGwObaaamqv)(mh=cD7YhUQbP9iQHlhz)1.jpg;https://ei.phncdn.com/videos/202310/05/440667191/original/(m=eaAaGwObaaamqv)(mh=cD7YhUQbP9iQHlhz)2.jpg;https://ei.phncdn.com/videos/202310/05/440667191/original/(m=eaAaGwObaaamqv)(mh=cD7YhUQbP9iQHlhz)3.jpg;https://ei.phncdn.com/videos/202310/05/440667191/original/(m=eaAaGwObaaamqv)(mh=cD7YhUQbP9iQHlhz)4.jpg;https://ei.phncdn.com/videos/202310/05/440667191/original/(m=eaAaGwObaaamqv)(mh=cD7YhUQbP9iQHlhz)5.jpg;https://ei.phncdn.com/videos/202310/05/440667191/original/(m=eaAaGwObaaamqv)(mh=cD7YhUQbP9iQHlhz)6.jpg;https://ei.phncdn.com/videos/202310/05/440667191/original/(m=eaAaGwObaaamqv)(mh=cD7YhUQbP9iQHlhz)7.jpg;https://ei.phncdn.com/videos/202310/05/440667191/original/(m=eaAaGwObaaamqv)(mh=cD7YhUQbP9iQHlhz)8.jpg;https://ei.phncdn.com/videos/202310/05/440667191/original/(m=eaAaGwObaaamqv)(mh=cD7YhUQbP9iQHlhz)9.jpg;https://ei.phncdn.com/videos/202310/05/440667191/original/(m=eaAaGwObaaamqv)(mh=cD7YhUQbP9iQHlhz)10.jpg;https://ei.phncdn.com/videos/202310/05/440667191/original/(m=eaAaGwObaaamqv)(mh=cD7YhUQbP9iQHlhz)11.jpg;https://ei.phncdn.com/videos/202310/05/440667191/original/(m=eaAaGwObaaamqv)(mh=cD7YhUQbP9iQHlhz)12.jpg;https://ei.phncdn.com/videos/202310/05/440667191/original/(m=eaAaGwObaaamqv)(mh=cD7YhUQbP9iQHlhz)13.jpg;https://ei.phncdn.com/videos/202310/05/440667191/original/(m=eaAaGwObaaamqv)(mh=cD7YhUQbP9iQHlhz)14.jpg;https://ei.phncdn.com/videos/202310/05/440667191/original/(m=eaAaGwObaaamqv)(mh=cD7YhUQbP9iQHlhz)15.jpg;https://ei.phncdn.com/videos/202310/05/440667191/original/(m=eaAaGwObaaamqv)(mh=cD7YhUQbP9iQHlhz)16.jpg
<iframe src="https://www.pornhub.com/embed/652720e3ce0b5" frameborder="0" height="481" width="608" scrolling="no"></iframe>|https://ei.phncdn.com/videos/202310/11/441041031/original/(m=eaf8GgaaaWavb)(mh=v5DAugxO-NDU0tI6)7.jpg|https://ei.phncdn.com/videos/202310/11/441041031/original/(m=eaf8GgaaaWavb)(mh=v5DAugxO-NDU0tI6)1.jpg;https://ei.phncdn.com/videos/202310/11/441041031/original/(m=eaf8GgaaaWavb)(mh=v5DAugxO-NDU0tI6)2.jpg;https://ei.phncdn.com/videos/202310/11/441041031/original/(m=eaf8GgaaaWavb)(mh=v5DAugxO-NDU0tI6)3.jpg;https://ei.phncdn.com/videos/202310/11/441041031/original/(m=eaf8GgaaaWavb)(mh=v5DAugxO-NDU0tI6)4.jpg;https://ei.phncdn.com/videos/202310/11/441041031/original/(m=eaf8GgaaaWavb)(mh=v5DAugxO-NDU0tI6)5.jpg;https://ei.phncdn.com/videos/202310/11/441041031/original/(m=eaf8GgaaaWavb)(mh=v5DAugxO-NDU0tI6)6.jpg;https://ei.phncdn.com/videos/202310/11/441041031/original/(m=eaf8GgaaaWavb)(mh=v5DAugxO-NDU0tI6)7.jpg;https://ei.phncdn.com/videos/202310/11/441041031/original/(m=eaf8GgaaaWavb)(mh=v5DAugxO-NDU0tI6)8.jpg;https://ei.phncdn.com/videos/202310/11/441041031/original/(m=eaf8GgaaaWavb)(mh=v5DAugxO-NDU0tI6)9.jpg;https://ei.phncdn.com/videos/202310/11/441041031/original/(m=eaf8GgaaaWavb)(mh=v5DAugxO-NDU0tI6)10.jpg;https://ei.phncdn.com/videos/202310/11/441041031/original/(m=eaf8GgaaaWavb)(mh=v5DAugxO-NDU0tI6)11.jpg;https://ei.phncdn.com/videos/202310/11/441041031/original/(m=eaf8GgaaaWavb)(mh=v5DAugxO-NDU0tI6)12.jpg;https://ei.phncdn.com/videos/202310/11/441041031/original/(m=eaf8GgaaaWavb)(mh=v5DAugxO-NDU0tI6)13.jpg;https://ei.phncdn.com/videos/202310/11/441041031/original/(m=eaf8GgaaaWavb)(mh=v5DAugxO-NDU0tI6)14.jpg;https://ei.phncdn.com/videos/202310/11/441041031/original/(m=eaf8GgaaaWavb)(mh=v5DAugxO-NDU0tI6)15.jpg;https://ei.phncdn.com/videos/202310/11/441041031/original/(m=eaf8GgaaaWavb)(mh=v5DAugxO-NDU0tI6)16.jpg|Dick and Dildo DP|dildo;double-penetration|Double Penetration;60FPS;Exclusive;Verified Amateurs;Vertical Video||180|1370|2|2|https://ei.phncdn.com/videos/202310/11/441041031/original/(m=eaAaGwObaaamqv)(mh=vCLszL8AVrK8DfbB)7.jpg|https://ei.phncdn.com/videos/202310/11/441041031/original/(m=eaAaGwObaaamqv)(mh=vCLszL8AVrK8DfbB)1.jpg;https://ei.phncdn.com/videos/202310/11/441041031/original/(m=eaAaGwObaaamqv)(mh=vCLszL8AVrK8DfbB)2.jpg;https://ei.phncdn.com/videos/202310/11/441041031/original/(m=eaAaGwObaaamqv)(mh=vCLszL8AVrK8DfbB)3.jpg;https://ei.phncdn.com/videos/202310/11/441041031/original/(m=eaAaGwObaaamqv)(mh=vCLszL8AVrK8DfbB)4.jpg;https://ei.phncdn.com/videos/202310/11/441041031/original/(m=eaAaGwObaaamqv)(mh=vCLszL8AVrK8DfbB)5.jpg;https://ei.phncdn.com/videos/202310/11/441041031/original/(m=eaAaGwObaaamqv)(mh=vCLszL8AVrK8DfbB)6.jpg;https://ei.phncdn.com/videos/202310/11/441041031/original/(m=eaAaGwObaaamqv)(mh=vCLszL8AVrK8DfbB)7.jpg;https://ei.phncdn.com/videos/202310/11/441041031/original/(m=eaAaGwObaaamqv)(mh=vCLszL8AVrK8DfbB)8.jpg;https://ei.phncdn.com/videos/202310/11/441041031/original/(m=eaAaGwObaaamqv)(mh=vCLszL8AVrK8DfbB)9.jpg;https://ei.phncdn.com/videos/202310/11/441041031/original/(m=eaAaGwObaaamqv)(mh=vCLszL8AVrK8DfbB)10.jpg;https://ei.phncdn.com/videos/202310/11/441041031/original/(m=eaAaGwObaaamqv)(mh=vCLszL8AVrK8DfbB)11.jpg;https://ei.phncdn.com/videos/202310/11/441041031/original/(m=eaAaGwObaaamqv)(mh=vCLszL8AVrK8DfbB)12.jpg;https://ei.phncdn.com/videos/202310/11/441041031/original/(m=eaAaGwObaaamqv)(mh=vCLszL8AVrK8DfbB)13.jpg;https://ei.phncdn.com/videos/202310/11/441041031/original/(m=eaAaGwObaaamqv)(mh=vCLszL8AVrK8DfbB)14.jpg;https://ei.phncdn.com/videos/202310/11/441041031/original/(m=eaAaGwObaaamqv)(mh=vCLszL8AVrK8DfbB)15.jpg;https://ei.phncdn.com/videos/202310/11/441041031/original/(m=eaAaGwObaaamqv)(mh=vCLszL8AVrK8DfbB)16.jpg
<iframe src="https://www.pornhub.com/embed/653e4d2547655" frameborder="0" height="481" width="608" scrolling="no"></iframe>|https://ei.phncdn.com/videos/202310/29/442057431/original/(m=eaf8GgaaaWavb)(mh=GQdCtZ6HH8hOTItG)3.jpg|https://ei.phncdn.com/videos/202310/29/442057431/original/(m=eaf8GgaaaWavb)(mh=GQdCtZ6HH8hOTItG)1.jpg;https://ei.phncdn.com/videos/202310/29/442057431/original/(m=eaf8GgaaaWavb)(mh=GQdCtZ6HH8hOTItG)2.jpg;https://ei.phncdn.com/videos/202310/29/442057431/original/(m=eaf8GgaaaWavb)(mh=GQdCtZ6HH8hOTItG)3.jpg;https://ei.phncdn.com/videos/202310/29/442057431/original/(m=eaf8GgaaaWavb)(mh=GQdCtZ6HH8hOTItG)4.jpg;https://ei.phncdn.com/videos/202310/29/442057431/original/(m=eaf8GgaaaWavb)(mh=GQdCtZ6HH8hOTItG)5.jpg;https://ei.phncdn.com/videos/202310/29/442057431/original/(m=eaf8GgaaaWavb)(mh=GQdCtZ6HH8hOTItG)6.jpg;https://ei.phncdn.com/videos/202310/29/442057431/original/(m=eaf8GgaaaWavb)(mh=GQdCtZ6HH8hOTItG)7.jpg;https://ei.phncdn.com/videos/202310/29/442057431/original/(m=eaf8GgaaaWavb)(mh=GQdCtZ6HH8hOTItG)8.jpg;https://ei.phncdn.com/videos/202310/29/442057431/original/(m=eaf8GgaaaWavb)(mh=GQdCtZ6HH8hOTItG)9.jpg;https://ei.phncdn.com/videos/202310/29/442057431/original/(m=eaf8GgaaaWavb)(mh=GQdCtZ6HH8hOTItG)10.jpg;https://ei.phncdn.com/videos/202310/29/442057431/original/(m=eaf8GgaaaWavb)(mh=GQdCtZ6HH8hOTItG)11.jpg;https://ei.phncdn.com/videos/202310/29/442057431/original/(m=eaf8GgaaaWavb)(mh=GQdCtZ6HH8hOTItG)12.jpg;https://ei.phncdn.com/videos/202310/29/442057431/original/(m=eaf8GgaaaWavb)(mh=GQdCtZ6HH8hOTItG)13.jpg;https://ei.phncdn.com/videos/202310/29/442057431/original/(m=eaf8GgaaaWavb)(mh=GQdCtZ6HH8hOTItG)14.jpg;https://ei.phncdn.com/videos/202310/29/442057431/original/(m=eaf8GgaaaWavb)(mh=GQdCtZ6HH8hOTItG)15.jpg;https://ei.phncdn.com/videos/202310/29/442057431/original/(m=eaf8GgaaaWavb)(mh=GQdCtZ6HH8hOTItG)16.jpg|MI PRIMERA VEZ TRAGANDO SEMEN EN GARGANTA PROFUNDA CON MI HIJASTRO|desvirgada;virgen;virgene;jovencita;argentina;gemido-chica;baby;bb;casting-real;porno-real;aficionado-real;primer-anal;como-follar-bien;sexo-duro-casero;pornohub|Double Penetration;Casting;Italian;Exclusive;Verified Amateurs;Old/Young (18+);Muscular Men;Tattooed Women||310|19990|53|9|https://ei.phncdn.com/videos/202310/29/442057431/original/(m=eaAaGwObaaamqv)(mh=MVHB-5GF3FIpgNqg)3.jpg|https://ei.phncdn.com/videos/202310/29/442057431/original/(m=eaAaGwObaaamqv)(mh=MVHB-5GF3FIpgNqg)1.jpg;https://ei.phncdn.com/videos/202310/29/442057431/original/(m=eaAaGwObaaamqv)(mh=MVHB-5GF3FIpgNqg)2.jpg;https://ei.phncdn.com/videos/202310/29/442057431/original/(m=eaAaGwObaaamqv)(mh=MVHB-5GF3FIpgNqg)3.jpg;https://ei.phncdn.com/videos/202310/29/442057431/original/(m=eaAaGwObaaamqv)(mh=MVHB-5GF3FIpgNqg)4.jpg;https://ei.phncdn.com/videos/202310/29/442057431/original/(m=eaAaGwObaaamqv)(mh=MVHB-5GF3FIpgNqg)5.jpg;https://ei.phncdn.com/videos/202310/29/442057431/original/(m=eaAaGwObaaamqv)(mh=MVHB-5GF3FIpgNqg)6.jpg;https://ei.phncdn.com/videos/202310/29/442057431/original/(m=eaAaGwObaaamqv)(mh=MVHB-5GF3FIpgNqg)7.jpg;https://ei.phncdn.com/videos/202310/29/442057431/original/(m=eaAaGwObaaamqv)(mh=MVHB-5GF3FIpgNqg)8.jpg;https://ei.phncdn.com/videos/202310/29/442057431/original/(m=eaAaGwObaaamqv)(mh=MVHB-5GF3FIpgNqg)9.jpg;https://ei.phncdn.com/videos/202310/29/442057431/original/(m=eaAaGwObaaamqv)(mh=MVHB-5GF3FIpgNqg)10.jpg;https://ei.phncdn.com/videos/202310/29/442057431/original/(m=eaAaGwObaaamqv)(mh=MVHB-5GF3FIpgNqg)11.jpg;https://ei.phncdn.com/videos/202310/29/442057431/original/(m=eaAaGwObaaamqv)(mh=MVHB-5GF3FIpgNqg)12.jpg;https://ei.phncdn.com/videos/202310/29/442057431/original/(m=eaAaGwObaaamqv)(mh=MVHB-5GF3FIpgNqg)13.jpg;https://ei.phncdn.com/videos/202310/29/442057431/original/(m=eaAaGwObaaamqv)(mh=MVHB-5GF3FIpgNqg)14.jpg;https://ei.phncdn.com/videos/202310/29/442057431/original/(m=eaAaGwObaaamqv)(mh=MVHB-5GF3FIpgNqg)15.jpg;https://ei.phncdn.com/videos/202310/29/442057431/original/(m=eaAaGwObaaamqv)(mh=MVHB-5GF3FIpgNqg)16.jpg
<iframe src="https://www.pornhub.com/embed/65520bf19549f" frameborder="0" height="481" width="608" scrolling="no"></iframe>|https://ei.phncdn.com/videos/202311/13/442914721/original/(m=eaf8GgaaaWavb)(mh=u7troQK9wbc1rUIk)3.jpg|https://ei.phncdn.com/videos/202311/13/442914721/original/(m=eaf8GgaaaWavb)(mh=u7troQK9wbc1rUIk)1.jpg;https://ei.phncdn.com/videos/202311/13/442914721/original/(m=eaf8GgaaaWavb)(mh=u7troQK9wbc1rUIk)2.jpg;https://ei.phncdn.com/videos/202311/13/442914721/original/(m=eaf8GgaaaWavb)(mh=u7troQK9wbc1rUIk)3.jpg;https://ei.phncdn.com/videos/202311/13/442914721/original/(m=eaf8GgaaaWavb)(mh=u7troQK9wbc1rUIk)4.jpg;https://ei.phncdn.com/videos/202311/13/442914721/original/(m=eaf8GgaaaWavb)(mh=u7troQK9wbc1rUIk)5.jpg;https://ei.phncdn.com/videos/202311/13/442914721/original/(m=eaf8GgaaaWavb)(mh=u7troQK9wbc1rUIk)6.jpg;https://ei.phncdn.com/videos/202311/13/442914721/original/(m=eaf8GgaaaWavb)(mh=u7troQK9wbc1rUIk)7.jpg;https://ei.phncdn.com/videos/202311/13/442914721/original/(m=eaf8GgaaaWavb)(mh=u7troQK9wbc1rUIk)8.jpg;https://ei.phncdn.com/videos/202311/13/442914721/original/(m=eaf8GgaaaWavb)(mh=u7troQK9wbc1rUIk)9.jpg;https://ei.phncdn.com/videos/202311/13/442914721/original/(m=eaf8GgaaaWavb)(mh=u7troQK9wbc1rUIk)10.jpg;https://ei.phncdn.com/videos/202311/13/442914721/original/(m=eaf8GgaaaWavb)(mh=u7troQK9wbc1rUIk)11.jpg;https://ei.phncdn.com/videos/202311/13/442914721/original/(m=eaf8GgaaaWavb)(mh=u7troQK9wbc1rUIk)12.jpg;https://ei.phncdn.com/videos/202311/13/442914721/original/(m=eaf8GgaaaWavb)(mh=u7troQK9wbc1rUIk)13.jpg;https://ei.phncdn.com/videos/202311/13/442914721/original/(m=eaf8GgaaaWavb)(mh=u7troQK9wbc1rUIk)14.jpg;https://ei.phncdn.com/videos/202311/13/442914721/original/(m=eaf8GgaaaWavb)(mh=u7troQK9wbc1rUIk)15.jpg;https://ei.phncdn.com/videos/202311/13/442914721/original/(m=eaf8GgaaaWavb)(mh=u7troQK9wbc1rUIk)16.jpg|پسر خاله م منو گایید. آبش رو هم ریخت رو شکمم|ایرانی;ایرانی-جدید;سکس-ایرانی-جدید;سکس;sex-xxx;video-xxl-gratuit;irani;brazzers-milf;hot-milf;fake-doctor;doctor;minecraft;sims;anime-porn;hot|Double Penetration;Role Play;Casting;Italian;Pussy Licking;Verified Amateurs;Solo Female||424|62194|56|16|https://ei.phncdn.com/videos/202311/13/442914721/original/(m=eaAaGwObaaamqv)(mh=aWUCga1VF1yjhyDk)3.jpg|https://ei.phncdn.com/videos/202311/13/442914721/original/(m=eaAaGwObaaamqv)(mh=aWUCga1VF1yjhyDk)1.jpg;https://ei.phncdn.com/videos/202311/13/442914721/original/(m=eaAaGwObaaamqv)(mh=aWUCga1VF1yjhyDk)2.jpg;https://ei.phncdn.com/videos/202311/13/442914721/original/(m=eaAaGwObaaamqv)(mh=aWUCga1VF1yjhyDk)3.jpg;https://ei.phncdn.com/videos/202311/13/442914721/original/(m=eaAaGwObaaamqv)(mh=aWUCga1VF1yjhyDk)4.jpg;https://ei.phncdn.com/videos/202311/13/442914721/original/(m=eaAaGwObaaamqv)(mh=aWUCga1VF1yjhyDk)5.jpg;https://ei.phncdn.com/videos/202311/13/442914721/original/(m=eaAaGwObaaamqv)(mh=aWUCga1VF1yjhyDk)6.jpg;https://ei.phncdn.com/videos/202311/13/442914721/original/(m=eaAaGwObaaamqv)(mh=aWUCga1VF1yjhyDk)7.jpg;https://ei.phncdn.com/videos/202311/13/442914721/original/(m=eaAaGwObaaamqv)(mh=aWUCga1VF1yjhyDk)8.jpg;https://ei.phncdn.com/videos/202311/13/442914721/original/(m=eaAaGwObaaamqv)(mh=aWUCga1VF1yjhyDk)9.jpg;https://ei.phncdn.com/videos/202311/13/442914721/original/(m=eaAaGwObaaamqv)(mh=aWUCga1VF1yjhyDk)10.jpg;https://ei.phncdn.com/videos/202311/13/442914721/original/(m=eaAaGwObaaamqv)(mh=aWUCga1VF1yjhyDk)11.jpg;https://ei.phncdn.com/videos/202311/13/442914721/original/(m=eaAaGwObaaamqv)(mh=aWUCga1VF1yjhyDk)12.jpg;https://ei.phncdn.com/videos/202311/13/442914721/original/(m=eaAaGwObaaamqv)(mh=aWUCga1VF1yjhyDk)13.jpg;https://ei.phncdn.com/videos/202311/13/442914721/original/(m=eaAaGwObaaamqv)(mh=aWUCga1VF1yjhyDk)14.jpg;https://ei.phncdn.com/videos/202311/13/442914721/original/(m=eaAaGwObaaamqv)(mh=aWUCga1VF1yjhyDk)15.jpg;https://ei.phncdn.com/videos/202311/13/442914721/original/(m=eaAaGwObaaamqv)(mh=aWUCga1VF1yjhyDk)16.jpg
<iframe src="https://www.pornhub.com/embed/6560ac19047d4" frameborder="0" height="481" width="608" scrolling="no"></iframe>|https://ei.phncdn.com/videos/202311/24/443569611/original/(m=eaf8GgaaaWavb)(mh=eBzY7Ut1oMzNfNvo)1.jpg|https://ei.phncdn.com/videos/202311/24/443569611/original/(m=eaf8GgaaaWavb)(mh=eBzY7Ut1oMzNfNvo)1.jpg;https://ei.phncdn.com/videos/202311/24/443569611/original/(m=eaf8GgaaaWavb)(mh=eBzY7Ut1oMzNfNvo)2.jpg;https://ei.phncdn.com/videos/202311/24/443569611/original/(m=eaf8GgaaaWavb)(mh=eBzY7Ut1oMzNfNvo)3.jpg;https://ei.phncdn.com/videos/202311/24/443569611/original/(m=eaf8GgaaaWavb)(mh=eBzY7Ut1oMzNfNvo)4.jpg;https://ei.phncdn.com/videos/202311/24/443569611/original/(m=eaf8GgaaaWavb)(mh=eBzY7Ut1oMzNfNvo)5.jpg;https://ei.phncdn.com/videos/202311/24/443569611/original/(m=eaf8GgaaaWavb)(mh=eBzY7Ut1oMzNfNvo)6.jpg;https://ei.phncdn.com/videos/202311/24/443569611/original/(m=eaf8GgaaaWavb)(mh=eBzY7Ut1oMzNfNvo)7.jpg;https://ei.phncdn.com/videos/202311/24/443569611/original/(m=eaf8GgaaaWavb)(mh=eBzY7Ut1oMzNfNvo)8.jpg;https://ei.phncdn.com/videos/202311/24/443569611/original/(m=eaf8GgaaaWavb)(mh=eBzY7Ut1oMzNfNvo)9.jpg;https://ei.phncdn.com/videos/202311/24/443569611/original/(m=eaf8GgaaaWavb)(mh=eBzY7Ut1oMzNfNvo)10.jpg;https://ei.phncdn.com/videos/202311/24/443569611/original/(m=eaf8GgaaaWavb)(mh=eBzY7Ut1oMzNfNvo)11.jpg;https://ei.phncdn.com/videos/202311/24/443569611/original/(m=eaf8GgaaaWavb)(mh=eBzY7Ut1oMzNfNvo)12.jpg;https://ei.phncdn.com/videos/202311/24/443569611/original/(m=eaf8GgaaaWavb)(mh=eBzY7Ut1oMzNfNvo)13.jpg;https://ei.phncdn.com/videos/202311/24/443569611/original/(m=eaf8GgaaaWavb)(mh=eBzY7Ut1oMzNfNvo)14.jpg;https://ei.phncdn.com/videos/202311/24/443569611/original/(m=eaf8GgaaaWavb)(mh=eBzY7Ut1oMzNfNvo)15.jpg;https://ei.phncdn.com/videos/202311/24/443569611/original/(m=eaf8GgaaaWavb)(mh=eBzY7Ut1oMzNfNvo)16.jpg|How to fuck a janna with rengar|hard-fast-fuck;Regarder-Film;league-of-legends;gaming;video-game-sex;dp;anime|Double Penetration;Gangbang;Cartoon;School (18+);Arab;Korean;Cosplay||23|293|1|2|https://ei.phncdn.com/videos/202311/24/443569611/original/(m=eaAaGwObaaamqv)(mh=sLsta6Pu419m_6u-)1.jpg|https://ei.phncdn.com/videos/202311/24/443569611/original/(m=eaAaGwObaaamqv)(mh=sLsta6Pu419m_6u-)1.jpg;https://ei.phncdn.com/videos/202311/24/443569611/original/(m=eaAaGwObaaamqv)(mh=sLsta6Pu419m_6u-)2.jpg;https://ei.phncdn.com/videos/202311/24/443569611/original/(m=eaAaGwObaaamqv)(mh=sLsta6Pu419m_6u-)3.jpg;https://ei.phncdn.com/videos/202311/24/443569611/original/(m=eaAaGwObaaamqv)(mh=sLsta6Pu419m_6u-)4.jpg;https://ei.phncdn.com/videos/202311/24/443569611/original/(m=eaAaGwObaaamqv)(mh=sLsta6Pu419m_6u-)5.jpg;https://ei.phncdn.com/videos/202311/24/443569611/original/(m=eaAaGwObaaamqv)(mh=sLsta6Pu419m_6u-)6.jpg;https://ei.phncdn.com/videos/202311/24/443569611/original/(m=eaAaGwObaaamqv)(mh=sLsta6Pu419m_6u-)7.jpg;https://ei.phncdn.com/videos/202311/24/443569611/original/(m=eaAaGwObaaamqv)(mh=sLsta6Pu419m_6u-)8.jpg;https://ei.phncdn.com/videos/202311/24/443569611/original/(m=eaAaGwObaaamqv)(mh=sLsta6Pu419m_6u-)9.jpg;https://ei.phncdn.com/videos/202311/24/443569611/original/(m=eaAaGwObaaamqv)(mh=sLsta6Pu419m_6u-)10.jpg;https://ei.phncdn.com/videos/202311/24/443569611/original/(m=eaAaGwObaaamqv)(mh=sLsta6Pu419m_6u-)11.jpg;https://ei.phncdn.com/videos/202311/24/443569611/original/(m=eaAaGwObaaamqv)(mh=sLsta6Pu419m_6u-)12.jpg;https://ei.phncdn.com/videos/202311/24/443569611/original/(m=eaAaGwObaaamqv)(mh=sLsta6Pu419m_6u-)13.jpg;https://ei.phncdn.com/videos/202311/24/443569611/original/(m=eaAaGwObaaamqv)(mh=sLsta6Pu419m_6u-)14.jpg;https://ei.phncdn.com/videos/202311/24/443569611/original/(m=eaAaGwObaaamqv)(mh=sLsta6Pu419m_6u-)15.jpg;https://ei.phncdn.com/videos/202311/24/443569611/original/(m=eaAaGwObaaamqv)(mh=sLsta6Pu419m_6u-)16.jpg
<iframe src="https://www.pornhub.com/embed/65783cd6c16db" frameborder="0" height="481" width="608" scrolling="no"></iframe>|https://ei.phncdn.com/videos/202312/12/444621841/original/(m=eaf8GgaaaWavb)(mh=ZantRpoCI-2pWQAE)2.jpg|https://ei.phncdn.com/videos/202312/12/444621841/original/(m=eaf8GgaaaWavb)(mh=ZantRpoCI-2pWQAE)1.jpg;https://ei.phncdn.com/videos/202312/12/444621841/original/(m=eaf8GgaaaWavb)(mh=ZantRpoCI-2pWQAE)2.jpg;https://ei.phncdn.com/videos/202312/12/444621841/original/(m=eaf8GgaaaWavb)(mh=ZantRpoCI-2pWQAE)3.jpg;https://ei.phncdn.com/videos/202312/12/444621841/original/(m=eaf8GgaaaWavb)(mh=ZantRpoCI-2pWQAE)4.jpg;https://ei.phncdn.com/videos/202312/12/444621841/original/(m=eaf8GgaaaWavb)(mh=ZantRpoCI-2pWQAE)5.jpg;https://ei.phncdn.com/videos/202312/12/444621841/original/(m=eaf8GgaaaWavb)(mh=ZantRpoCI-2pWQAE)6.jpg;https://ei.phncdn.com/videos/202312/12/444621841/original/(m=eaf8GgaaaWavb)(mh=ZantRpoCI-2pWQAE)7.jpg;https://ei.phncdn.com/videos/202312/12/444621841/original/(m=eaf8GgaaaWavb)(mh=ZantRpoCI-2pWQAE)8.jpg;https://ei.phncdn.com/videos/202312/12/444621841/original/(m=eaf8GgaaaWavb)(mh=ZantRpoCI-2pWQAE)9.jpg;https://ei.phncdn.com/videos/202312/12/444621841/original/(m=eaf8GgaaaWavb)(mh=ZantRpoCI-2pWQAE)10.jpg;https://ei.phncdn.com/videos/202312/12/444621841/original/(m=eaf8GgaaaWavb)(mh=ZantRpoCI-2pWQAE)11.jpg;https://ei.phncdn.com/videos/202312/12/444621841/original/(m=eaf8GgaaaWavb)(mh=ZantRpoCI-2pWQAE)12.jpg;https://ei.phncdn.com/videos/202312/12/444621841/original/(m=eaf8GgaaaWavb)(mh=ZantRpoCI-2pWQAE)13.jpg;https://ei.phncdn.com/videos/202312/12/444621841/original/(m=eaf8GgaaaWavb)(mh=ZantRpoCI-2pWQAE)14.jpg;https://ei.phncdn.com/videos/202312/12/444621841/original/(m=eaf8GgaaaWavb)(mh=ZantRpoCI-2pWQAE)15.jpg;https://ei.phncdn.com/videos/202312/12/444621841/original/(m=eaf8GgaaaWavb)(mh=ZantRpoCI-2pWQAE)16.jpg|Watch me|bbw;big-boobs|Double Penetration;Exclusive;Verified Amateurs;Solo Female;Female Orgasm||120|620|12|1|https://ei.phncdn.com/videos/202312/12/444621841/original/(m=eaAaGwObaaamqv)(mh=QM8psVq6es4fLfgg)2.jpg|https://ei.phncdn.com/videos/202312/12/444621841/original/(m=eaAaGwObaaamqv)(mh=QM8psVq6es4fLfgg)1.jpg;https://ei.phncdn.com/videos/202312/12/444621841/original/(m=eaAaGwObaaamqv)(mh=QM8psVq6es4fLfgg)2.jpg;https://ei.phncdn.com/videos/202312/12/444621841/original/(m=eaAaGwObaaamqv)(mh=QM8psVq6es4fLfgg)3.jpg;https://ei.phncdn.com/videos/202312/12/444621841/original/(m=eaAaGwObaaamqv)(mh=QM8psVq6es4fLfgg)4.jpg;https://ei.phncdn.com/videos/202312/12/444621841/original/(m=eaAaGwObaaamqv)(mh=QM8psVq6es4fLfgg)5.jpg;https://ei.phncdn.com/videos/202312/12/444621841/original/(m=eaAaGwObaaamqv)(mh=QM8psVq6es4fLfgg)6.jpg;https://ei.phncdn.com/videos/202312/12/444621841/original/(m=eaAaGwObaaamqv)(mh=QM8psVq6es4fLfgg)7.jpg;https://ei.phncdn.com/videos/202312/12/444621841/original/(m=eaAaGwObaaamqv)(mh=QM8psVq6es4fLfgg)8.jpg;https://ei.phncdn.com/videos/202312/12/444621841/original/(m=eaAaGwObaaamqv)(mh=QM8psVq6es4fLfgg)9.jpg;https://ei.phncdn.com/videos/202312/12/444621841/original/(m=eaAaGwObaaamqv)(mh=QM8psVq6es4fLfgg)10.jpg;https://ei.phncdn.com/videos/202312/12/444621841/original/(m=eaAaGwObaaamqv)(mh=QM8psVq6es4fLfgg)11.jpg;https://ei.phncdn.com/videos/202312/12/444621841/original/(m=eaAaGwObaaamqv)(mh=QM8psVq6es4fLfgg)12.jpg;https://ei.phncdn.com/videos/202312/12/444621841/original/(m=eaAaGwObaaamqv)(mh=QM8psVq6es4fLfgg)13.jpg;https://ei.phncdn.com/videos/202312/12/444621841/original/(m=eaAaGwObaaamqv)(mh=QM8psVq6es4fLfgg)14.jpg;https://ei.phncdn.com/videos/202312/12/444621841/original/(m=eaAaGwObaaamqv)(mh=QM8psVq6es4fLfgg)15.jpg;https://ei.phncdn.com/videos/202312/12/444621841/original/(m=eaAaGwObaaamqv)(mh=QM8psVq6es4fLfgg)16.jpg
<iframe src="https://www.pornhub.com/embed/657ad5d6561c5" frameborder="0" height="481" width="608" scrolling="no"></iframe>|https://ei.phncdn.com/videos/202312/14/444752031/thumbs_5/(m=eaf8GgaaaWavb)(mh=UimvY9GvAMQMppGi)1.jpg|https://ei.phncdn.com/videos/202312/14/444752031/thumbs_5/(m=eaf8GgaaaWavb)(mh=UimvY9GvAMQMppGi)1.jpg;https://ei.phncdn.com/videos/202312/14/444752031/thumbs_5/(m=eaf8GgaaaWavb)(mh=UimvY9GvAMQMppGi)2.jpg;https://ei.phncdn.com/videos/202312/14/444752031/thumbs_5/(m=eaf8GgaaaWavb)(mh=UimvY9GvAMQMppGi)3.jpg;https://ei.phncdn.com/videos/202312/14/444752031/thumbs_5/(m=eaf8GgaaaWavb)(mh=UimvY9GvAMQMppGi)4.jpg;https://ei.phncdn.com/videos/202312/14/444752031/thumbs_5/(m=eaf8GgaaaWavb)(mh=UimvY9GvAMQMppGi)5.jpg;https://ei.phncdn.com/videos/202312/14/444752031/thumbs_5/(m=eaf8GgaaaWavb)(mh=UimvY9GvAMQMppGi)6.jpg;https://ei.phncdn.com/videos/202312/14/444752031/thumbs_5/(m=eaf8GgaaaWavb)(mh=UimvY9GvAMQMppGi)7.jpg;https://ei.phncdn.com/videos/202312/14/444752031/thumbs_5/(m=eaf8GgaaaWavb)(mh=UimvY9GvAMQMppGi)8.jpg;https://ei.phncdn.com/videos/202312/14/444752031/thumbs_5/(m=eaf8GgaaaWavb)(mh=UimvY9GvAMQMppGi)9.jpg;https://ei.phncdn.com/videos/202312/14/444752031/thumbs_5/(m=eaf8GgaaaWavb)(mh=UimvY9GvAMQMppGi)10.jpg;https://ei.phncdn.com/videos/202312/14/444752031/thumbs_5/(m=eaf8GgaaaWavb)(mh=UimvY9GvAMQMppGi)11.jpg;https://ei.phncdn.com/videos/202312/14/444752031/thumbs_5/(m=eaf8GgaaaWavb)(mh=UimvY9GvAMQMppGi)12.jpg;https://ei.phncdn.com/videos/202312/14/444752031/thumbs_5/(m=eaf8GgaaaWavb)(mh=UimvY9GvAMQMppGi)13.jpg;https://ei.phncdn.com/videos/202312/14/444752031/thumbs_5/(m=eaf8GgaaaWavb)(mh=UimvY9GvAMQMppGi)14.jpg;https://ei.phncdn.com/videos/202312/14/444752031/thumbs_5/(m=eaf8GgaaaWavb)(mh=UimvY9GvAMQMppGi)15.jpg;https://ei.phncdn.com/videos/202312/14/444752031/thumbs_5/(m=eaf8GgaaaWavb)(mh=UimvY9GvAMQMppGi)16.jpg|Double penetration + holes creampie = happy me|double-penetration;anal-creampie|Double Penetration;Verified Models;Solo Female||982|101780|367|32|https://ei.phncdn.com/videos/202312/14/444752031/thumbs_5/(m=eaAaGwObaaamqv)(mh=vwLEQRqi5GbHzcsp)1.jpg|https://ei.phncdn.com/videos/202312/14/444752031/thumbs_5/(m=eaAaGwObaaamqv)(mh=vwLEQRqi5GbHzcsp)1.jpg;https://ei.phncdn.com/videos/202312/14/444752031/thumbs_5/(m=eaAaGwObaaamqv)(mh=vwLEQRqi5GbHzcsp)2.jpg;https://ei.phncdn.com/videos/202312/14/444752031/thumbs_5/(m=eaAaGwObaaamqv)(mh=vwLEQRqi5GbHzcsp)3.jpg;https://ei.phncdn.com/videos/202312/14/444752031/thumbs_5/(m=eaAaGwObaaamqv)(mh=vwLEQRqi5GbHzcsp)4.jpg;https://ei.phncdn.com/videos/202312/14/444752031/thumbs_5/(m=eaAaGwObaaamqv)(mh=vwLEQRqi5GbHzcsp)5.jpg;https://ei.phncdn.com/videos/202312/14/444752031/thumbs_5/(m=eaAaGwObaaamqv)(mh=vwLEQRqi5GbHzcsp)6.jpg;https://ei.phncdn.com/videos/202312/14/444752031/thumbs_5/(m=eaAaGwObaaamqv)(mh=vwLEQRqi5GbHzcsp)7.jpg;https://ei.phncdn.com/videos/202312/14/444752031/thumbs_5/(m=eaAaGwObaaamqv)(mh=vwLEQRqi5GbHzcsp)8.jpg;https://ei.phncdn.com/videos/202312/14/444752031/thumbs_5/(m=eaAaGwObaaamqv)(mh=vwLEQRqi5GbHzcsp)9.jpg;https://ei.phncdn.com/videos/202312/14/444752031/thumbs_5/(m=eaAaGwObaaamqv)(mh=vwLEQRqi5GbHzcsp)10.jpg;https://ei.phncdn.com/videos/202312/14/444752031/thumbs_5/(m=eaAaGwObaaamqv)(mh=vwLEQRqi5GbHzcsp)11.jpg;https://ei.phncdn.com/videos/202312/14/444752031/thumbs_5/(m=eaAaGwObaaamqv)(mh=vwLEQRqi5GbHzcsp)12.jpg;https://ei.phncdn.com/videos/202312/14/444752031/thumbs_5/(m=eaAaGwObaaamqv)(mh=vwLEQRqi5GbHzcsp)13.jpg;https://ei.phncdn.com/videos/202312/14/444752031/thumbs_5/(m=eaAaGwObaaamqv)(mh=vwLEQRqi5GbHzcsp)14.jpg;https://ei.phncdn.com/videos/202312/14/444752031/thumbs_5/(m=eaAaGwObaaamqv)(mh=vwLEQRqi5GbHzcsp)15.jpg;https://ei.phncdn.com/videos/202312/14/444752031/thumbs_5/(m=eaAaGwObaaamqv)(mh=vwLEQRqi5GbHzcsp)16.jpg
<iframe src="https://www.pornhub.com/embed/659b287a30562" frameborder="0" height="481" width="608" scrolling="no"></iframe>|https://ei.phncdn.com/videos/202401/07/446108041/original/(m=eaf8GgaaaWavb)(mh=HevV5Ob5GsPdnPvE)12.jpg|https://ei.phncdn.com/videos/202401/07/446108041/original/(m=eaf8GgaaaWavb)(mh=HevV5Ob5GsPdnPvE)1.jpg;https://ei.phncdn.com/videos/202401/07/446108041/original/(m=eaf8GgaaaWavb)(mh=HevV5Ob5GsPdnPvE)2.jpg;https://ei.phncdn.com/videos/202401/07/446108041/original/(m=eaf8GgaaaWavb)(mh=HevV5Ob5GsPdnPvE)3.jpg;https://ei.phncdn.com/videos/202401/07/446108041/original/(m=eaf8GgaaaWavb)(mh=HevV5Ob5GsPdnPvE)4.jpg;https://ei.phncdn.com/videos/202401/07/446108041/original/(m=eaf8GgaaaWavb)(mh=HevV5Ob5GsPdnPvE)5.jpg;https://ei.phncdn.com/videos/202401/07/446108041/original/(m=eaf8GgaaaWavb)(mh=HevV5Ob5GsPdnPvE)6.jpg;https://ei.phncdn.com/videos/202401/07/446108041/original/(m=eaf8GgaaaWavb)(mh=HevV5Ob5GsPdnPvE)7.jpg;https://ei.phncdn.com/videos/202401/07/446108041/original/(m=eaf8GgaaaWavb)(mh=HevV5Ob5GsPdnPvE)8.jpg;https://ei.phncdn.com/videos/202401/07/446108041/original/(m=eaf8GgaaaWavb)(mh=HevV5Ob5GsPdnPvE)9.jpg;https://ei.phncdn.com/videos/202401/07/446108041/original/(m=eaf8GgaaaWavb)(mh=HevV5Ob5GsPdnPvE)10.jpg;https://ei.phncdn.com/videos/202401/07/446108041/original/(m=eaf8GgaaaWavb)(mh=HevV5Ob5GsPdnPvE)11.jpg;https://ei.phncdn.com/videos/202401/07/446108041/original/(m=eaf8GgaaaWavb)(mh=HevV5Ob5GsPdnPvE)12.jpg;https://ei.phncdn.com/videos/202401/07/446108041/original/(m=eaf8GgaaaWavb)(mh=HevV5Ob5GsPdnPvE)13.jpg;https://ei.phncdn.com/videos/202401/07/446108041/original/(m=eaf8GgaaaWavb)(mh=HevV5Ob5GsPdnPvE)14.jpg;https://ei.phncdn.com/videos/202401/07/446108041/original/(m=eaf8GgaaaWavb)(mh=HevV5Ob5GsPdnPvE)15.jpg;https://ei.phncdn.com/videos/202401/07/446108041/original/(m=eaf8GgaaaWavb)(mh=HevV5Ob5GsPdnPvE)16.jpg|Tranny, riding, big black cock every day|big-dick-small-pussy;big-black-dick|Double Penetration;Transgender||382|711|1|0|https://ei.phncdn.com/videos/202401/07/446108041/original/(m=eaAaGwObaaamqv)(mh=1AGzblfZespreLug)12.jpg|https://ei.phncdn.com/videos/202401/07/446108041/original/(m=eaAaGwObaaamqv)(mh=1AGzblfZespreLug)1.jpg;https://ei.phncdn.com/videos/202401/07/446108041/original/(m=eaAaGwObaaamqv)(mh=1AGzblfZespreLug)2.jpg;https://ei.phncdn.com/videos/202401/07/446108041/original/(m=eaAaGwObaaamqv)(mh=1AGzblfZespreLug)3.jpg;https://ei.phncdn.com/videos/202401/07/446108041/original/(m=eaAaGwObaaamqv)(mh=1AGzblfZespreLug)4.jpg;https://ei.phncdn.com/videos/202401/07/446108041/original/(m=eaAaGwObaaamqv)(mh=1AGzblfZespreLug)5.jpg;https://ei.phncdn.com/videos/202401/07/446108041/original/(m=eaAaGwObaaamqv)(mh=1AGzblfZespreLug)6.jpg;https://ei.phncdn.com/videos/202401/07/446108041/original/(m=eaAaGwObaaamqv)(mh=1AGzblfZespreLug)7.jpg;https://ei.phncdn.com/videos/202401/07/446108041/original/(m=eaAaGwObaaamqv)(mh=1AGzblfZespreLug)8.jpg;https://ei.phncdn.com/videos/202401/07/446108041/original/(m=eaAaGwObaaamqv)(mh=1AGzblfZespreLug)9.jpg;https://ei.phncdn.com/videos/202401/07/446108041/original/(m=eaAaGwObaaamqv)(mh=1AGzblfZespreLug)10.jpg;https://ei.phncdn.com/videos/202401/07/446108041/original/(m=eaAaGwObaaamqv)(mh=1AGzblfZespreLug)11.jpg;https://ei.phncdn.com/videos/202401/07/446108041/original/(m=eaAaGwObaaamqv)(mh=1AGzblfZespreLug)12.jpg;https://ei.phncdn.com/videos/202401/07/446108041/original/(m=eaAaGwObaaamqv)(mh=1AGzblfZespreLug)13.jpg;https://ei.phncdn.com/videos/202401/07/446108041/original/(m=eaAaGwObaaamqv)(mh=1AGzblfZespreLug)14.jpg;https://ei.phncdn.com/videos/202401/07/446108041/original/(m=eaAaGwObaaamqv)(mh=1AGzblfZespreLug)15.jpg;https://ei.phncdn.com/videos/202401/07/446108041/original/(m=eaAaGwObaaamqv)(mh=1AGzblfZespreLug)16.jpg
<iframe src="https://www.pornhub.com/embed/65a2f2ea42f59" frameborder="0" height="481" width="608" scrolling="no"></iframe>|https://ei.phncdn.com/videos/202401/13/446460821/original/(m=eaf8GgaaaWavb)(mh=mA7-ropXNMfPppda)3.jpg|https://ei.phncdn.com/videos/202401/13/446460821/original/(m=eaf8GgaaaWavb)(mh=mA7-ropXNMfPppda)1.jpg;https://ei.phncdn.com/videos/202401/13/446460821/original/(m=eaf8GgaaaWavb)(mh=mA7-ropXNMfPppda)2.jpg;https://ei.phncdn.com/videos/202401/13/446460821/original/(m=eaf8GgaaaWavb)(mh=mA7-ropXNMfPppda)3.jpg;https://ei.phncdn.com/videos/202401/13/446460821/original/(m=eaf8GgaaaWavb)(mh=mA7-ropXNMfPppda)4.jpg;https://ei.phncdn.com/videos/202401/13/446460821/original/(m=eaf8GgaaaWavb)(mh=mA7-ropXNMfPppda)5.jpg;https://ei.phncdn.com/videos/202401/13/446460821/original/(m=eaf8GgaaaWavb)(mh=mA7-ropXNMfPppda)6.jpg;https://ei.phncdn.com/videos/202401/13/446460821/original/(m=eaf8GgaaaWavb)(mh=mA7-ropXNMfPppda)7.jpg;https://ei.phncdn.com/videos/202401/13/446460821/original/(m=eaf8GgaaaWavb)(mh=mA7-ropXNMfPppda)8.jpg;https://ei.phncdn.com/videos/202401/13/446460821/original/(m=eaf8GgaaaWavb)(mh=mA7-ropXNMfPppda)9.jpg;https://ei.phncdn.com/videos/202401/13/446460821/original/(m=eaf8GgaaaWavb)(mh=mA7-ropXNMfPppda)10.jpg;https://ei.phncdn.com/videos/202401/13/446460821/original/(m=eaf8GgaaaWavb)(mh=mA7-ropXNMfPppda)11.jpg;https://ei.phncdn.com/videos/202401/13/446460821/original/(m=eaf8GgaaaWavb)(mh=mA7-ropXNMfPppda)12.jpg;https://ei.phncdn.com/videos/202401/13/446460821/original/(m=eaf8GgaaaWavb)(mh=mA7-ropXNMfPppda)13.jpg;https://ei.phncdn.com/videos/202401/13/446460821/original/(m=eaf8GgaaaWavb)(mh=mA7-ropXNMfPppda)14.jpg;https://ei.phncdn.com/videos/202401/13/446460821/original/(m=eaf8GgaaaWavb)(mh=mA7-ropXNMfPppda)15.jpg;https://ei.phncdn.com/videos/202401/13/446460821/original/(m=eaf8GgaaaWavb)(mh=mA7-ropXNMfPppda)16.jpg|Another needed piss with a little desperation|pissing;toilet;piss;urine;jeans;panties|Double Penetration;Solo Male;British;Exclusive;Verified Amateurs;Pissing;Vertical Video||100|1652|4|0|https://ei.phncdn.com/videos/202401/13/446460821/original/(m=eaAaGwObaaamqv)(mh=Y_QjI6nztKzGqVOY)3.jpg|https://ei.phncdn.com/videos/202401/13/446460821/original/(m=eaAaGwObaaamqv)(mh=Y_QjI6nztKzGqVOY)1.jpg;https://ei.phncdn.com/videos/202401/13/446460821/original/(m=eaAaGwObaaamqv)(mh=Y_QjI6nztKzGqVOY)2.jpg;https://ei.phncdn.com/videos/202401/13/446460821/original/(m=eaAaGwObaaamqv)(mh=Y_QjI6nztKzGqVOY)3.jpg;https://ei.phncdn.com/videos/202401/13/446460821/original/(m=eaAaGwObaaamqv)(mh=Y_QjI6nztKzGqVOY)4.jpg;https://ei.phncdn.com/videos/202401/13/446460821/original/(m=eaAaGwObaaamqv)(mh=Y_QjI6nztKzGqVOY)5.jpg;https://ei.phncdn.com/videos/202401/13/446460821/original/(m=eaAaGwObaaamqv)(mh=Y_QjI6nztKzGqVOY)6.jpg;https://ei.phncdn.com/videos/202401/13/446460821/original/(m=eaAaGwObaaamqv)(mh=Y_QjI6nztKzGqVOY)7.jpg;https://ei.phncdn.com/videos/202401/13/446460821/original/(m=eaAaGwObaaamqv)(mh=Y_QjI6nztKzGqVOY)8.jpg;https://ei.phncdn.com/videos/202401/13/446460821/original/(m=eaAaGwObaaamqv)(mh=Y_QjI6nztKzGqVOY)9.jpg;https://ei.phncdn.com/videos/202401/13/446460821/original/(m=eaAaGwObaaamqv)(mh=Y_QjI6nztKzGqVOY)10.jpg;https://ei.phncdn.com/videos/202401/13/446460821/original/(m=eaAaGwObaaamqv)(mh=Y_QjI6nztKzGqVOY)11.jpg;https://ei.phncdn.com/videos/202401/13/446460821/original/(m=eaAaGwObaaamqv)(mh=Y_QjI6nztKzGqVOY)12.jpg;https://ei.phncdn.com/videos/202401/13/446460821/original/(m=eaAaGwObaaamqv)(mh=Y_QjI6nztKzGqVOY)13.jpg;https://ei.phncdn.com/videos/202401/13/446460821/original/(m=eaAaGwObaaamqv)(mh=Y_QjI6nztKzGqVOY)14.jpg;https://ei.phncdn.com/videos/202401/13/446460821/original/(m=eaAaGwObaaamqv)(mh=Y_QjI6nztKzGqVOY)15.jpg;https://ei.phncdn.com/videos/202401/13/446460821/original/(m=eaAaGwObaaamqv)(mh=Y_QjI6nztKzGqVOY)16.jpg
<iframe src="https://www.pornhub.com/embed/65e7557d6c7d8" frameborder="0" height="481" width="608" scrolling="no"></iframe>|https://ei.phncdn.com/videos/202403/05/449128651/original/(m=eaf8GgaaaWavb)(mh=XfIKVB8byYvAY2h_)14.jpg|https://ei.phncdn.com/videos/202403/05/449128651/original/(m=eaf8GgaaaWavb)(mh=XfIKVB8byYvAY2h_)1.jpg;https://ei.phncdn.com/videos/202403/05/449128651/original/(m=eaf8GgaaaWavb)(mh=XfIKVB8byYvAY2h_)2.jpg;https://ei.phncdn.com/videos/202403/05/449128651/original/(m=eaf8GgaaaWavb)(mh=XfIKVB8byYvAY2h_)3.jpg;https://ei.phncdn.com/videos/202403/05/449128651/original/(m=eaf8GgaaaWavb)(mh=XfIKVB8byYvAY2h_)4.jpg;https://ei.phncdn.com/videos/202403/05/449128651/original/(m=eaf8GgaaaWavb)(mh=XfIKVB8byYvAY2h_)5.jpg;https://ei.phncdn.com/videos/202403/05/449128651/original/(m=eaf8GgaaaWavb)(mh=XfIKVB8byYvAY2h_)6.jpg;https://ei.phncdn.com/videos/202403/05/449128651/original/(m=eaf8GgaaaWavb)(mh=XfIKVB8byYvAY2h_)7.jpg;https://ei.phncdn.com/videos/202403/05/449128651/original/(m=eaf8GgaaaWavb)(mh=XfIKVB8byYvAY2h_)8.jpg;https://ei.phncdn.com/videos/202403/05/449128651/original/(m=eaf8GgaaaWavb)(mh=XfIKVB8byYvAY2h_)9.jpg;https://ei.phncdn.com/videos/202403/05/449128651/original/(m=eaf8GgaaaWavb)(mh=XfIKVB8byYvAY2h_)10.jpg;https://ei.phncdn.com/videos/202403/05/449128651/original/(m=eaf8GgaaaWavb)(mh=XfIKVB8byYvAY2h_)11.jpg;https://ei.phncdn.com/videos/202403/05/449128651/original/(m=eaf8GgaaaWavb)(mh=XfIKVB8byYvAY2h_)12.jpg;https://ei.phncdn.com/videos/202403/05/449128651/original/(m=eaf8GgaaaWavb)(mh=XfIKVB8byYvAY2h_)13.jpg;https://ei.phncdn.com/videos/202403/05/449128651/original/(m=eaf8GgaaaWavb)(mh=XfIKVB8byYvAY2h_)14.jpg;https://ei.phncdn.com/videos/202403/05/449128651/original/(m=eaf8GgaaaWavb)(mh=XfIKVB8byYvAY2h_)15.jpg;https://ei.phncdn.com/videos/202403/05/449128651/original/(m=eaf8GgaaaWavb)(mh=XfIKVB8byYvAY2h_)16.jpg|Trailer Sluts Airlines|3dxchat;3dx|Double Penetration;Gangbang;Cartoon;60FPS||63|789|2|0|https://ei.phncdn.com/videos/202403/05/449128651/original/(m=eaAaGwObaaamqv)(mh=IQwno-du8P02ZfwR)14.jpg|https://ei.phncdn.com/videos/202403/05/449128651/original/(m=eaAaGwObaaamqv)(mh=IQwno-du8P02ZfwR)1.jpg;https://ei.phncdn.com/videos/202403/05/449128651/original/(m=eaAaGwObaaamqv)(mh=IQwno-du8P02ZfwR)2.jpg;https://ei.phncdn.com/videos/202403/05/449128651/original/(m=eaAaGwObaaamqv)(mh=IQwno-du8P02ZfwR)3.jpg;https://ei.phncdn.com/videos/202403/05/449128651/original/(m=eaAaGwObaaamqv)(mh=IQwno-du8P02ZfwR)4.jpg;https://ei.phncdn.com/videos/202403/05/449128651/original/(m=eaAaGwObaaamqv)(mh=IQwno-du8P02ZfwR)5.jpg;https://ei.phncdn.com/videos/202403/05/449128651/original/(m=eaAaGwObaaamqv)(mh=IQwno-du8P02ZfwR)6.jpg;https://ei.phncdn.com/videos/202403/05/449128651/original/(m=eaAaGwObaaamqv)(mh=IQwno-du8P02ZfwR)7.jpg;https://ei.phncdn.com/videos/202403/05/449128651/original/(m=eaAaGwObaaamqv)(mh=IQwno-du8P02ZfwR)8.jpg;https://ei.phncdn.com/videos/202403/05/449128651/original/(m=eaAaGwObaaamqv)(mh=IQwno-du8P02ZfwR)9.jpg;https://ei.phncdn.com/videos/202403/05/449128651/original/(m=eaAaGwObaaamqv)(mh=IQwno-du8P02ZfwR)10.jpg;https://ei.phncdn.com/videos/202403/05/449128651/original/(m=eaAaGwObaaamqv)(mh=IQwno-du8P02ZfwR)11.jpg;https://ei.phncdn.com/videos/202403/05/449128651/original/(m=eaAaGwObaaamqv)(mh=IQwno-du8P02ZfwR)12.jpg;https://ei.phncdn.com/videos/202403/05/449128651/original/(m=eaAaGwObaaamqv)(mh=IQwno-du8P02ZfwR)13.jpg;https://ei.phncdn.com/videos/202403/05/449128651/original/(m=eaAaGwObaaamqv)(mh=IQwno-du8P02ZfwR)14.jpg;https://ei.phncdn.com/videos/202403/05/449128651/original/(m=eaAaGwObaaamqv)(mh=IQwno-du8P02ZfwR)15.jpg;https://ei.phncdn.com/videos/202403/05/449128651/original/(m=eaAaGwObaaamqv)(mh=IQwno-du8P02ZfwR)16.jpg
<iframe src="https://www.pornhub.com/embed/65ec229929f80" frameborder="0" height="481" width="608" scrolling="no"></iframe>|https://ei.phncdn.com/videos/202403/09/449311931/original/(m=eaf8GgaaaWavb)(mh=us_gWF0kLckxhl7W)8.jpg|https://ei.phncdn.com/videos/202403/09/449311931/original/(m=eaf8GgaaaWavb)(mh=us_gWF0kLckxhl7W)1.jpg;https://ei.phncdn.com/videos/202403/09/449311931/original/(m=eaf8GgaaaWavb)(mh=us_gWF0kLckxhl7W)2.jpg;https://ei.phncdn.com/videos/202403/09/449311931/original/(m=eaf8GgaaaWavb)(mh=us_gWF0kLckxhl7W)3.jpg;https://ei.phncdn.com/videos/202403/09/449311931/original/(m=eaf8GgaaaWavb)(mh=us_gWF0kLckxhl7W)4.jpg;https://ei.phncdn.com/videos/202403/09/449311931/original/(m=eaf8GgaaaWavb)(mh=us_gWF0kLckxhl7W)5.jpg;https://ei.phncdn.com/videos/202403/09/449311931/original/(m=eaf8GgaaaWavb)(mh=us_gWF0kLckxhl7W)6.jpg;https://ei.phncdn.com/videos/202403/09/449311931/original/(m=eaf8GgaaaWavb)(mh=us_gWF0kLckxhl7W)7.jpg;https://ei.phncdn.com/videos/202403/09/449311931/original/(m=eaf8GgaaaWavb)(mh=us_gWF0kLckxhl7W)8.jpg;https://ei.phncdn.com/videos/202403/09/449311931/original/(m=eaf8GgaaaWavb)(mh=us_gWF0kLckxhl7W)9.jpg;https://ei.phncdn.com/videos/202403/09/449311931/original/(m=eaf8GgaaaWavb)(mh=us_gWF0kLckxhl7W)10.jpg;https://ei.phncdn.com/videos/202403/09/449311931/original/(m=eaf8GgaaaWavb)(mh=us_gWF0kLckxhl7W)11.jpg;https://ei.phncdn.com/videos/202403/09/449311931/original/(m=eaf8GgaaaWavb)(mh=us_gWF0kLckxhl7W)12.jpg;https://ei.phncdn.com/videos/202403/09/449311931/original/(m=eaf8GgaaaWavb)(mh=us_gWF0kLckxhl7W)13.jpg;https://ei.phncdn.com/videos/202403/09/449311931/original/(m=eaf8GgaaaWavb)(mh=us_gWF0kLckxhl7W)14.jpg;https://ei.phncdn.com/videos/202403/09/449311931/original/(m=eaf8GgaaaWavb)(mh=us_gWF0kLckxhl7W)15.jpg;https://ei.phncdn.com/videos/202403/09/449311931/original/(m=eaf8GgaaaWavb)(mh=us_gWF0kLckxhl7W)16.jpg|CreamingForDaddy|creampie;pink-pussy|Double Penetration;Exclusive;Verified Amateurs;Solo Female||29|12|||https://ei.phncdn.com/videos/202403/09/449311931/original/(m=eaAaGwObaaamqv)(mh=peqH59D7EneyMmOM)8.jpg|https://ei.phncdn.com/videos/202403/09/449311931/original/(m=eaAaGwObaaamqv)(mh=peqH59D7EneyMmOM)1.jpg;https://ei.phncdn.com/videos/202403/09/449311931/original/(m=eaAaGwObaaamqv)(mh=peqH59D7EneyMmOM)2.jpg;https://ei.phncdn.com/videos/202403/09/449311931/original/(m=eaAaGwObaaamqv)(mh=peqH59D7EneyMmOM)3.jpg;https://ei.phncdn.com/videos/202403/09/449311931/original/(m=eaAaGwObaaamqv)(mh=peqH59D7EneyMmOM)4.jpg;https://ei.phncdn.com/videos/202403/09/449311931/original/(m=eaAaGwObaaamqv)(mh=peqH59D7EneyMmOM)5.jpg;https://ei.phncdn.com/videos/202403/09/449311931/original/(m=eaAaGwObaaamqv)(mh=peqH59D7EneyMmOM)6.jpg;https://ei.phncdn.com/videos/202403/09/449311931/original/(m=eaAaGwObaaamqv)(mh=peqH59D7EneyMmOM)7.jpg;https://ei.phncdn.com/videos/202403/09/449311931/original/(m=eaAaGwObaaamqv)(mh=peqH59D7EneyMmOM)8.jpg;https://ei.phncdn.com/videos/202403/09/449311931/original/(m=eaAaGwObaaamqv)(mh=peqH59D7EneyMmOM)9.jpg;https://ei.phncdn.com/videos/202403/09/449311931/original/(m=eaAaGwObaaamqv)(mh=peqH59D7EneyMmOM)10.jpg;https://ei.phncdn.com/videos/202403/09/449311931/original/(m=eaAaGwObaaamqv)(mh=peqH59D7EneyMmOM)11.jpg;https://ei.phncdn.com/videos/202403/09/449311931/original/(m=eaAaGwObaaamqv)(mh=peqH59D7EneyMmOM)12.jpg;https://ei.phncdn.com/videos/202403/09/449311931/original/(m=eaAaGwObaaamqv)(mh=peqH59D7EneyMmOM)13.jpg;https://ei.phncdn.com/videos/202403/09/449311931/original/(m=eaAaGwObaaamqv)(mh=peqH59D7EneyMmOM)14.jpg;https://ei.phncdn.com/videos/202403/09/449311931/original/(m=eaAaGwObaaamqv)(mh=peqH59D7EneyMmOM)15.jpg;https://ei.phncdn.com/videos/202403/09/449311931/original/(m=eaAaGwObaaamqv)(mh=peqH59D7EneyMmOM)16.jpg
<iframe src="https://www.pornhub.com/embed/66325fb84bd05" frameborder="0" height="481" width="608" scrolling="no"></iframe>|https://ei.phncdn.com/videos/202405/01/451858011/original/(m=eaf8GgaaaWavb)(mh=2d4OYbG8Yd11oFbo)8.jpg|https://ei.phncdn.com/videos/202405/01/451858011/original/(m=eaf8GgaaaWavb)(mh=2d4OYbG8Yd11oFbo)1.jpg;https://ei.phncdn.com/videos/202405/01/451858011/original/(m=eaf8GgaaaWavb)(mh=2d4OYbG8Yd11oFbo)2.jpg;https://ei.phncdn.com/videos/202405/01/451858011/original/(m=eaf8GgaaaWavb)(mh=2d4OYbG8Yd11oFbo)3.jpg;https://ei.phncdn.com/videos/202405/01/451858011/original/(m=eaf8GgaaaWavb)(mh=2d4OYbG8Yd11oFbo)4.jpg;https://ei.phncdn.com/videos/202405/01/451858011/original/(m=eaf8GgaaaWavb)(mh=2d4OYbG8Yd11oFbo)5.jpg;https://ei.phncdn.com/videos/202405/01/451858011/original/(m=eaf8GgaaaWavb)(mh=2d4OYbG8Yd11oFbo)6.jpg;https://ei.phncdn.com/videos/202405/01/451858011/original/(m=eaf8GgaaaWavb)(mh=2d4OYbG8Yd11oFbo)7.jpg;https://ei.phncdn.com/videos/202405/01/451858011/original/(m=eaf8GgaaaWavb)(mh=2d4OYbG8Yd11oFbo)8.jpg;https://ei.phncdn.com/videos/202405/01/451858011/original/(m=eaf8GgaaaWavb)(mh=2d4OYbG8Yd11oFbo)9.jpg;https://ei.phncdn.com/videos/202405/01/451858011/original/(m=eaf8GgaaaWavb)(mh=2d4OYbG8Yd11oFbo)10.jpg;https://ei.phncdn.com/videos/202405/01/451858011/original/(m=eaf8GgaaaWavb)(mh=2d4OYbG8Yd11oFbo)11.jpg;https://ei.phncdn.com/videos/202405/01/451858011/original/(m=eaf8GgaaaWavb)(mh=2d4OYbG8Yd11oFbo)12.jpg;https://ei.phncdn.com/videos/202405/01/451858011/original/(m=eaf8GgaaaWavb)(mh=2d4OYbG8Yd11oFbo)13.jpg;https://ei.phncdn.com/videos/202405/01/451858011/original/(m=eaf8GgaaaWavb)(mh=2d4OYbG8Yd11oFbo)14.jpg;https://ei.phncdn.com/videos/202405/01/451858011/original/(m=eaf8GgaaaWavb)(mh=2d4OYbG8Yd11oFbo)15.jpg;https://ei.phncdn.com/videos/202405/01/451858011/original/(m=eaf8GgaaaWavb)(mh=2d4OYbG8Yd11oFbo)16.jpg|Me dijo "Quiero que me llenes de leche" en video por whatspp (PARTE 2)|solo-fingering;big-tits;teen;girlfriend;cheating-girlfriend|Double Penetration;Exclusive;Verified Amateurs;Solo Female;Female Orgasm;Romantic||27|522|1|0|https://ei.phncdn.com/videos/202405/01/451858011/original/(m=eaAaGwObaaamqv)(mh=_kL2ZvFIVUBQU1bv)8.jpg|https://ei.phncdn.com/videos/202405/01/451858011/original/(m=eaAaGwObaaamqv)(mh=_kL2ZvFIVUBQU1bv)1.jpg;https://ei.phncdn.com/videos/202405/01/451858011/original/(m=eaAaGwObaaamqv)(mh=_kL2ZvFIVUBQU1bv)2.jpg;https://ei.phncdn.com/videos/202405/01/451858011/original/(m=eaAaGwObaaamqv)(mh=_kL2ZvFIVUBQU1bv)3.jpg;https://ei.phncdn.com/videos/202405/01/451858011/original/(m=eaAaGwObaaamqv)(mh=_kL2ZvFIVUBQU1bv)4.jpg;https://ei.phncdn.com/videos/202405/01/451858011/original/(m=eaAaGwObaaamqv)(mh=_kL2ZvFIVUBQU1bv)5.jpg;https://ei.phncdn.com/videos/202405/01/451858011/original/(m=eaAaGwObaaamqv)(mh=_kL2ZvFIVUBQU1bv)6.jpg;https://ei.phncdn.com/videos/202405/01/451858011/original/(m=eaAaGwObaaamqv)(mh=_kL2ZvFIVUBQU1bv)7.jpg;https://ei.phncdn.com/videos/202405/01/451858011/original/(m=eaAaGwObaaamqv)(mh=_kL2ZvFIVUBQU1bv)8.jpg;https://ei.phncdn.com/videos/202405/01/451858011/original/(m=eaAaGwObaaamqv)(mh=_kL2ZvFIVUBQU1bv)9.jpg;https://ei.phncdn.com/videos/202405/01/451858011/original/(m=eaAaGwObaaamqv)(mh=_kL2ZvFIVUBQU1bv)10.jpg;https://ei.phncdn.com/videos/202405/01/451858011/original/(m=eaAaGwObaaamqv)(mh=_kL2ZvFIVUBQU1bv)11.jpg;https://ei.phncdn.com/videos/202405/01/451858011/original/(m=eaAaGwObaaamqv)(mh=_kL2ZvFIVUBQU1bv)12.jpg;https://ei.phncdn.com/videos/202405/01/451858011/original/(m=eaAaGwObaaamqv)(mh=_kL2ZvFIVUBQU1bv)13.jpg;https://ei.phncdn.com/videos/202405/01/451858011/original/(m=eaAaGwObaaamqv)(mh=_kL2ZvFIVUBQU1bv)14.jpg;https://ei.phncdn.com/videos/202405/01/451858011/original/(m=eaAaGwObaaamqv)(mh=_kL2ZvFIVUBQU1bv)15.jpg;https://ei.phncdn.com/videos/202405/01/451858011/original/(m=eaAaGwObaaamqv)(mh=_kL2ZvFIVUBQU1bv)16.jpg
<iframe src="https://www.pornhub.com/embed/665a4a2472be7" frameborder="0" height="481" width="608" scrolling="no"></iframe>|https://ei.phncdn.com/videos/202405/31/453230152/original/(m=eaf8GgaaaWavb)(mh=sIS9b_swJIgLdVxR)16.jpg|https://ei.phncdn.com/videos/202405/31/453230152/original/(m=eaf8GgaaaWavb)(mh=sIS9b_swJIgLdVxR)1.jpg;https://ei.phncdn.com/videos/202405/31/453230152/original/(m=eaf8GgaaaWavb)(mh=sIS9b_swJIgLdVxR)2.jpg;https://ei.phncdn.com/videos/202405/31/453230152/original/(m=eaf8GgaaaWavb)(mh=sIS9b_swJIgLdVxR)3.jpg;https://ei.phncdn.com/videos/202405/31/453230152/original/(m=eaf8GgaaaWavb)(mh=sIS9b_swJIgLdVxR)4.jpg;https://ei.phncdn.com/videos/202405/31/453230152/original/(m=eaf8GgaaaWavb)(mh=sIS9b_swJIgLdVxR)5.jpg;https://ei.phncdn.com/videos/202405/31/453230152/original/(m=eaf8GgaaaWavb)(mh=sIS9b_swJIgLdVxR)6.jpg;https://ei.phncdn.com/videos/202405/31/453230152/original/(m=eaf8GgaaaWavb)(mh=sIS9b_swJIgLdVxR)7.jpg;https://ei.phncdn.com/videos/202405/31/453230152/original/(m=eaf8GgaaaWavb)(mh=sIS9b_swJIgLdVxR)8.jpg;https://ei.phncdn.com/videos/202405/31/453230152/original/(m=eaf8GgaaaWavb)(mh=sIS9b_swJIgLdVxR)9.jpg;https://ei.phncdn.com/videos/202405/31/453230152/original/(m=eaf8GgaaaWavb)(mh=sIS9b_swJIgLdVxR)10.jpg;https://ei.phncdn.com/videos/202405/31/453230152/original/(m=eaf8GgaaaWavb)(mh=sIS9b_swJIgLdVxR)11.jpg;https://ei.phncdn.com/videos/202405/31/453230152/original/(m=eaf8GgaaaWavb)(mh=sIS9b_swJIgLdVxR)12.jpg;https://ei.phncdn.com/videos/202405/31/453230152/original/(m=eaf8GgaaaWavb)(mh=sIS9b_swJIgLdVxR)13.jpg;https://ei.phncdn.com/videos/202405/31/453230152/original/(m=eaf8GgaaaWavb)(mh=sIS9b_swJIgLdVxR)14.jpg;https://ei.phncdn.com/videos/202405/31/453230152/original/(m=eaf8GgaaaWavb)(mh=sIS9b_swJIgLdVxR)15.jpg;https://ei.phncdn.com/videos/202405/31/453230152/original/(m=eaf8GgaaaWavb)(mh=sIS9b_swJIgLdVxR)16.jpg|户外漏出，小嫩乳粉粉的，白虎紧紧包裹大鸡巴|国产;嫩逼;肥臀;户外|Double Penetration;Japanese;Verified Amateurs||605|124944|218|50|https://ei.phncdn.com/videos/202405/31/453230152/original/(m=eaAaGwObaaamqv)(mh=ULbxTnp3QaG6B5KG)16.jpg|https://ei.phncdn.com/videos/202405/31/453230152/original/(m=eaAaGwObaaamqv)(mh=ULbxTnp3QaG6B5KG)1.jpg;https://ei.phncdn.com/videos/202405/31/453230152/original/(m=eaAaGwObaaamqv)(mh=ULbxTnp3QaG6B5KG)2.jpg;https://ei.phncdn.com/videos/202405/31/453230152/original/(m=eaAaGwObaaamqv)(mh=ULbxTnp3QaG6B5KG)3.jpg;https://ei.phncdn.com/videos/202405/31/453230152/original/(m=eaAaGwObaaamqv)(mh=ULbxTnp3QaG6B5KG)4.jpg;https://ei.phncdn.com/videos/202405/31/453230152/original/(m=eaAaGwObaaamqv)(mh=ULbxTnp3QaG6B5KG)5.jpg;https://ei.phncdn.com/videos/202405/31/453230152/original/(m=eaAaGwObaaamqv)(mh=ULbxTnp3QaG6B5KG)6.jpg;https://ei.phncdn.com/videos/202405/31/453230152/original/(m=eaAaGwObaaamqv)(mh=ULbxTnp3QaG6B5KG)7.jpg;https://ei.phncdn.com/videos/202405/31/453230152/original/(m=eaAaGwObaaamqv)(mh=ULbxTnp3QaG6B5KG)8.jpg;https://ei.phncdn.com/videos/202405/31/453230152/original/(m=eaAaGwObaaamqv)(mh=ULbxTnp3QaG6B5KG)9.jpg;https://ei.phncdn.com/videos/202405/31/453230152/original/(m=eaAaGwObaaamqv)(mh=ULbxTnp3QaG6B5KG)10.jpg;https://ei.phncdn.com/videos/202405/31/453230152/original/(m=eaAaGwObaaamqv)(mh=ULbxTnp3QaG6B5KG)11.jpg;https://ei.phncdn.com/videos/202405/31/453230152/original/(m=eaAaGwObaaamqv)(mh=ULbxTnp3QaG6B5KG)12.jpg;https://ei.phncdn.com/videos/202405/31/453230152/original/(m=eaAaGwObaaamqv)(mh=ULbxTnp3QaG6B5KG)13.jpg;https://ei.phncdn.com/videos/202405/31/453230152/original/(m=eaAaGwObaaamqv)(mh=ULbxTnp3QaG6B5KG)14.jpg;https://ei.phncdn.com/videos/202405/31/453230152/original/(m=eaAaGwObaaamqv)(mh=ULbxTnp3QaG6B5KG)15.jpg;https://ei.phncdn.com/videos/202405/31/453230152/original/(m=eaAaGwObaaamqv)(mh=ULbxTnp3QaG6B5KG)16.jpg
<iframe src="https://www.pornhub.com/embed/66aac6acee1a5" frameborder="0" height="481" width="608" scrolling="no"></iframe>|https://ei.phncdn.com/videos/202407/31/455914331/original/(m=eaf8GgaaaWavb)(mh=NNuIMldKHtr9I0Z6)4.jpg|https://ei.phncdn.com/videos/202407/31/455914331/original/(m=eaf8GgaaaWavb)(mh=NNuIMldKHtr9I0Z6)1.jpg;https://ei.phncdn.com/videos/202407/31/455914331/original/(m=eaf8GgaaaWavb)(mh=NNuIMldKHtr9I0Z6)2.jpg;https://ei.phncdn.com/videos/202407/31/455914331/original/(m=eaf8GgaaaWavb)(mh=NNuIMldKHtr9I0Z6)3.jpg;https://ei.phncdn.com/videos/202407/31/455914331/original/(m=eaf8GgaaaWavb)(mh=NNuIMldKHtr9I0Z6)4.jpg;https://ei.phncdn.com/videos/202407/31/455914331/original/(m=eaf8GgaaaWavb)(mh=NNuIMldKHtr9I0Z6)5.jpg;https://ei.phncdn.com/videos/202407/31/455914331/original/(m=eaf8GgaaaWavb)(mh=NNuIMldKHtr9I0Z6)6.jpg;https://ei.phncdn.com/videos/202407/31/455914331/original/(m=eaf8GgaaaWavb)(mh=NNuIMldKHtr9I0Z6)7.jpg;https://ei.phncdn.com/videos/202407/31/455914331/original/(m=eaf8GgaaaWavb)(mh=NNuIMldKHtr9I0Z6)8.jpg;https://ei.phncdn.com/videos/202407/31/455914331/original/(m=eaf8GgaaaWavb)(mh=NNuIMldKHtr9I0Z6)9.jpg;https://ei.phncdn.com/videos/202407/31/455914331/original/(m=eaf8GgaaaWavb)(mh=NNuIMldKHtr9I0Z6)10.jpg;https://ei.phncdn.com/videos/202407/31/455914331/original/(m=eaf8GgaaaWavb)(mh=NNuIMldKHtr9I0Z6)11.jpg;https://ei.phncdn.com/videos/202407/31/455914331/original/(m=eaf8GgaaaWavb)(mh=NNuIMldKHtr9I0Z6)12.jpg;https://ei.phncdn.com/videos/202407/31/455914331/original/(m=eaf8GgaaaWavb)(mh=NNuIMldKHtr9I0Z6)13.jpg;https://ei.phncdn.com/videos/202407/31/455914331/original/(m=eaf8GgaaaWavb)(mh=NNuIMldKHtr9I0Z6)14.jpg;https://ei.phncdn.com/videos/202407/31/455914331/original/(m=eaf8GgaaaWavb)(mh=NNuIMldKHtr9I0Z6)15.jpg;https://ei.phncdn.com/videos/202407/31/455914331/original/(m=eaf8GgaaaWavb)(mh=NNuIMldKHtr9I0Z6)16.jpg|At work|at-work;gym-workout|Double Penetration;Exclusive;Verified Amateurs;Female Orgasm||398|93|||https://ei.phncdn.com/videos/202407/31/455914331/original/(m=eaAaGwObaaamqv)(mh=yt4o-nMEPsnNjQ44)4.jpg|https://ei.phncdn.com/videos/202407/31/455914331/original/(m=eaAaGwObaaamqv)(mh=yt4o-nMEPsnNjQ44)1.jpg;https://ei.phncdn.com/videos/202407/31/455914331/original/(m=eaAaGwObaaamqv)(mh=yt4o-nMEPsnNjQ44)2.jpg;https://ei.phncdn.com/videos/202407/31/455914331/original/(m=eaAaGwObaaamqv)(mh=yt4o-nMEPsnNjQ44)3.jpg;https://ei.phncdn.com/videos/202407/31/455914331/original/(m=eaAaGwObaaamqv)(mh=yt4o-nMEPsnNjQ44)4.jpg;https://ei.phncdn.com/videos/202407/31/455914331/original/(m=eaAaGwObaaamqv)(mh=yt4o-nMEPsnNjQ44)5.jpg;https://ei.phncdn.com/videos/202407/31/455914331/original/(m=eaAaGwObaaamqv)(mh=yt4o-nMEPsnNjQ44)6.jpg;https://ei.phncdn.com/videos/202407/31/455914331/original/(m=eaAaGwObaaamqv)(mh=yt4o-nMEPsnNjQ44)7.jpg;https://ei.phncdn.com/videos/202407/31/455914331/original/(m=eaAaGwObaaamqv)(mh=yt4o-nMEPsnNjQ44)8.jpg;https://ei.phncdn.com/videos/202407/31/455914331/original/(m=eaAaGwObaaamqv)(mh=yt4o-nMEPsnNjQ44)9.jpg;https://ei.phncdn.com/videos/202407/31/455914331/original/(m=eaAaGwObaaamqv)(mh=yt4o-nMEPsnNjQ44)10.jpg;https://ei.phncdn.com/videos/202407/31/455914331/original/(m=eaAaGwObaaamqv)(mh=yt4o-nMEPsnNjQ44)11.jpg;https://ei.phncdn.com/videos/202407/31/455914331/original/(m=eaAaGwObaaamqv)(mh=yt4o-nMEPsnNjQ44)12.jpg;https://ei.phncdn.com/videos/202407/31/455914331/original/(m=eaAaGwObaaamqv)(mh=yt4o-nMEPsnNjQ44)13.jpg;https://ei.phncdn.com/videos/202407/31/455914331/original/(m=eaAaGwObaaamqv)(mh=yt4o-nMEPsnNjQ44)14.jpg;https://ei.phncdn.com/videos/202407/31/455914331/original/(m=eaAaGwObaaamqv)(mh=yt4o-nMEPsnNjQ44)15.jpg;https://ei.phncdn.com/videos/202407/31/455914331/original/(m=eaAaGwObaaamqv)(mh=yt4o-nMEPsnNjQ44)16.jpg
<iframe src="https://www.pornhub.com/embed/66e98a41b8f2d" frameborder="0" height="481" width="608" scrolling="no"></iframe>|https://ei.phncdn.com/videos/202409/17/457896131/original/(m=eaf8GgaaaWavb)(mh=_gS_zp6oEG1TbLy9)12.jpg|https://ei.phncdn.com/videos/202409/17/457896131/original/(m=eaf8GgaaaWavb)(mh=_gS_zp6oEG1TbLy9)1.jpg;https://ei.phncdn.com/videos/202409/17/457896131/original/(m=eaf8GgaaaWavb)(mh=_gS_zp6oEG1TbLy9)2.jpg;https://ei.phncdn.com/videos/202409/17/457896131/original/(m=eaf8GgaaaWavb)(mh=_gS_zp6oEG1TbLy9)3.jpg;https://ei.phncdn.com/videos/202409/17/457896131/original/(m=eaf8GgaaaWavb)(mh=_gS_zp6oEG1TbLy9)4.jpg;https://ei.phncdn.com/videos/202409/17/457896131/original/(m=eaf8GgaaaWavb)(mh=_gS_zp6oEG1TbLy9)5.jpg;https://ei.phncdn.com/videos/202409/17/457896131/original/(m=eaf8GgaaaWavb)(mh=_gS_zp6oEG1TbLy9)6.jpg;https://ei.phncdn.com/videos/202409/17/457896131/original/(m=eaf8GgaaaWavb)(mh=_gS_zp6oEG1TbLy9)7.jpg;https://ei.phncdn.com/videos/202409/17/457896131/original/(m=eaf8GgaaaWavb)(mh=_gS_zp6oEG1TbLy9)8.jpg;https://ei.phncdn.com/videos/202409/17/457896131/original/(m=eaf8GgaaaWavb)(mh=_gS_zp6oEG1TbLy9)9.jpg;https://ei.phncdn.com/videos/202409/17/457896131/original/(m=eaf8GgaaaWavb)(mh=_gS_zp6oEG1TbLy9)10.jpg;https://ei.phncdn.com/videos/202409/17/457896131/original/(m=eaf8GgaaaWavb)(mh=_gS_zp6oEG1TbLy9)11.jpg;https://ei.phncdn.com/videos/202409/17/457896131/original/(m=eaf8GgaaaWavb)(mh=_gS_zp6oEG1TbLy9)12.jpg;https://ei.phncdn.com/videos/202409/17/457896131/original/(m=eaf8GgaaaWavb)(mh=_gS_zp6oEG1TbLy9)13.jpg;https://ei.phncdn.com/videos/202409/17/457896131/original/(m=eaf8GgaaaWavb)(mh=_gS_zp6oEG1TbLy9)14.jpg;https://ei.phncdn.com/videos/202409/17/457896131/original/(m=eaf8GgaaaWavb)(mh=_gS_zp6oEG1TbLy9)15.jpg;https://ei.phncdn.com/videos/202409/17/457896131/original/(m=eaf8GgaaaWavb)(mh=_gS_zp6oEG1TbLy9)16.jpg|Symphony Of The Serpent - Part 24 - Fucking My Girlfriend And Cheating On Her By LoveSkySan69|symphony-of-serpent;dandy-boy-adventure;summertime-saga;taffy-tales;minecraft;sex-note;milftoon-drama;hentai;cartoon;anime;visual-novel;gameplay;sfm-compilation;fit-model;jujustu-kaisen|Double Penetration;Cartoon;Babysitter (18+);Casting;German;Arab;Brazilian;Verified Amateurs;Cosplay||610|15045|12|8|https://ei.phncdn.com/videos/202409/17/457896131/original/(m=eaAaGwObaaamqv)(mh=R_Ei4Exp-2o8T7y_)12.jpg|https://ei.phncdn.com/videos/202409/17/457896131/original/(m=eaAaGwObaaamqv)(mh=R_Ei4Exp-2o8T7y_)1.jpg;https://ei.phncdn.com/videos/202409/17/457896131/original/(m=eaAaGwObaaamqv)(mh=R_Ei4Exp-2o8T7y_)2.jpg;https://ei.phncdn.com/videos/202409/17/457896131/original/(m=eaAaGwObaaamqv)(mh=R_Ei4Exp-2o8T7y_)3.jpg;https://ei.phncdn.com/videos/202409/17/457896131/original/(m=eaAaGwObaaamqv)(mh=R_Ei4Exp-2o8T7y_)4.jpg;https://ei.phncdn.com/videos/202409/17/457896131/original/(m=eaAaGwObaaamqv)(mh=R_Ei4Exp-2o8T7y_)5.jpg;https://ei.phncdn.com/videos/202409/17/457896131/original/(m=eaAaGwObaaamqv)(mh=R_Ei4Exp-2o8T7y_)6.jpg;https://ei.phncdn.com/videos/202409/17/457896131/original/(m=eaAaGwObaaamqv)(mh=R_Ei4Exp-2o8T7y_)7.jpg;https://ei.phncdn.com/videos/202409/17/457896131/original/(m=eaAaGwObaaamqv)(mh=R_Ei4Exp-2o8T7y_)8.jpg;https://ei.phncdn.com/videos/202409/17/457896131/original/(m=eaAaGwObaaamqv)(mh=R_Ei4Exp-2o8T7y_)9.jpg;https://ei.phncdn.com/videos/202409/17/457896131/original/(m=eaAaGwObaaamqv)(mh=R_Ei4Exp-2o8T7y_)10.jpg;https://ei.phncdn.com/videos/202409/17/457896131/original/(m=eaAaGwObaaamqv)(mh=R_Ei4Exp-2o8T7y_)11.jpg;https://ei.phncdn.com/videos/202409/17/457896131/original/(m=eaAaGwObaaamqv)(mh=R_Ei4Exp-2o8T7y_)12.jpg;https://ei.phncdn.com/videos/202409/17/457896131/original/(m=eaAaGwObaaamqv)(mh=R_Ei4Exp-2o8T7y_)13.jpg;https://ei.phncdn.com/videos/202409/17/457896131/original/(m=eaAaGwObaaamqv)(mh=R_Ei4Exp-2o8T7y_)14.jpg;https://ei.phncdn.com/videos/202409/17/457896131/original/(m=eaAaGwObaaamqv)(mh=R_Ei4Exp-2o8T7y_)15.jpg;https://ei.phncdn.com/videos/202409/17/457896131/original/(m=eaAaGwObaaamqv)(mh=R_Ei4Exp-2o8T7y_)16.jpg
<iframe src="https://www.pornhub.com/embed/66f04b5558f7c" frameborder="0" height="481" width="608" scrolling="no"></iframe>|https://ei.phncdn.com/videos/202409/22/458115281/original/(m=eaf8GgaaaWavb)(mh=9IAWPklfgGC55_hs)7.jpg|https://ei.phncdn.com/videos/202409/22/458115281/original/(m=eaf8GgaaaWavb)(mh=9IAWPklfgGC55_hs)1.jpg;https://ei.phncdn.com/videos/202409/22/458115281/original/(m=eaf8GgaaaWavb)(mh=9IAWPklfgGC55_hs)2.jpg;https://ei.phncdn.com/videos/202409/22/458115281/original/(m=eaf8GgaaaWavb)(mh=9IAWPklfgGC55_hs)3.jpg;https://ei.phncdn.com/videos/202409/22/458115281/original/(m=eaf8GgaaaWavb)(mh=9IAWPklfgGC55_hs)4.jpg;https://ei.phncdn.com/videos/202409/22/458115281/original/(m=eaf8GgaaaWavb)(mh=9IAWPklfgGC55_hs)5.jpg;https://ei.phncdn.com/videos/202409/22/458115281/original/(m=eaf8GgaaaWavb)(mh=9IAWPklfgGC55_hs)6.jpg;https://ei.phncdn.com/videos/202409/22/458115281/original/(m=eaf8GgaaaWavb)(mh=9IAWPklfgGC55_hs)7.jpg;https://ei.phncdn.com/videos/202409/22/458115281/original/(m=eaf8GgaaaWavb)(mh=9IAWPklfgGC55_hs)8.jpg;https://ei.phncdn.com/videos/202409/22/458115281/original/(m=eaf8GgaaaWavb)(mh=9IAWPklfgGC55_hs)9.jpg;https://ei.phncdn.com/videos/202409/22/458115281/original/(m=eaf8GgaaaWavb)(mh=9IAWPklfgGC55_hs)10.jpg;https://ei.phncdn.com/videos/202409/22/458115281/original/(m=eaf8GgaaaWavb)(mh=9IAWPklfgGC55_hs)11.jpg;https://ei.phncdn.com/videos/202409/22/458115281/original/(m=eaf8GgaaaWavb)(mh=9IAWPklfgGC55_hs)12.jpg;https://ei.phncdn.com/videos/202409/22/458115281/original/(m=eaf8GgaaaWavb)(mh=9IAWPklfgGC55_hs)13.jpg;https://ei.phncdn.com/videos/202409/22/458115281/original/(m=eaf8GgaaaWavb)(mh=9IAWPklfgGC55_hs)14.jpg;https://ei.phncdn.com/videos/202409/22/458115281/original/(m=eaf8GgaaaWavb)(mh=9IAWPklfgGC55_hs)15.jpg;https://ei.phncdn.com/videos/202409/22/458115281/original/(m=eaf8GgaaaWavb)(mh=9IAWPklfgGC55_hs)16.jpg|Two will always be better than one.|anal;blonde;wif|Double Penetration;Verified Amateurs;Solo Female;Tattooed Women;Vertical Video||45|541|12|0|https://ei.phncdn.com/videos/202409/22/458115281/original/(m=eaAaGwObaaamqv)(mh=T1cXATdYtf__9xNG)7.jpg|https://ei.phncdn.com/videos/202409/22/458115281/original/(m=eaAaGwObaaamqv)(mh=T1cXATdYtf__9xNG)1.jpg;https://ei.phncdn.com/videos/202409/22/458115281/original/(m=eaAaGwObaaamqv)(mh=T1cXATdYtf__9xNG)2.jpg;https://ei.phncdn.com/videos/202409/22/458115281/original/(m=eaAaGwObaaamqv)(mh=T1cXATdYtf__9xNG)3.jpg;https://ei.phncdn.com/videos/202409/22/458115281/original/(m=eaAaGwObaaamqv)(mh=T1cXATdYtf__9xNG)4.jpg;https://ei.phncdn.com/videos/202409/22/458115281/original/(m=eaAaGwObaaamqv)(mh=T1cXATdYtf__9xNG)5.jpg;https://ei.phncdn.com/videos/202409/22/458115281/original/(m=eaAaGwObaaamqv)(mh=T1cXATdYtf__9xNG)6.jpg;https://ei.phncdn.com/videos/202409/22/458115281/original/(m=eaAaGwObaaamqv)(mh=T1cXATdYtf__9xNG)7.jpg;https://ei.phncdn.com/videos/202409/22/458115281/original/(m=eaAaGwObaaamqv)(mh=T1cXATdYtf__9xNG)8.jpg;https://ei.phncdn.com/videos/202409/22/458115281/original/(m=eaAaGwObaaamqv)(mh=T1cXATdYtf__9xNG)9.jpg;https://ei.phncdn.com/videos/202409/22/458115281/original/(m=eaAaGwObaaamqv)(mh=T1cXATdYtf__9xNG)10.jpg;https://ei.phncdn.com/videos/202409/22/458115281/original/(m=eaAaGwObaaamqv)(mh=T1cXATdYtf__9xNG)11.jpg;https://ei.phncdn.com/videos/202409/22/458115281/original/(m=eaAaGwObaaamqv)(mh=T1cXATdYtf__9xNG)12.jpg;https://ei.phncdn.com/videos/202409/22/458115281/original/(m=eaAaGwObaaamqv)(mh=T1cXATdYtf__9xNG)13.jpg;https://ei.phncdn.com/videos/202409/22/458115281/original/(m=eaAaGwObaaamqv)(mh=T1cXATdYtf__9xNG)14.jpg;https://ei.phncdn.com/videos/202409/22/458115281/original/(m=eaAaGwObaaamqv)(mh=T1cXATdYtf__9xNG)15.jpg;https://ei.phncdn.com/videos/202409/22/458115281/original/(m=eaAaGwObaaamqv)(mh=T1cXATdYtf__9xNG)16.jpg
<iframe src="https://www.pornhub.com/embed/67178507e6893" frameborder="0" height="481" width="608" scrolling="no"></iframe>|https://ei.phncdn.com/videos/202410/22/459481501/original/(m=eaf8GgaaaWavb)(mh=ZgoFE4dv7h6nwchv)13.jpg|https://ei.phncdn.com/videos/202410/22/459481501/original/(m=eaf8GgaaaWavb)(mh=ZgoFE4dv7h6nwchv)1.jpg;https://ei.phncdn.com/videos/202410/22/459481501/original/(m=eaf8GgaaaWavb)(mh=ZgoFE4dv7h6nwchv)2.jpg;https://ei.phncdn.com/videos/202410/22/459481501/original/(m=eaf8GgaaaWavb)(mh=ZgoFE4dv7h6nwchv)3.jpg;https://ei.phncdn.com/videos/202410/22/459481501/original/(m=eaf8GgaaaWavb)(mh=ZgoFE4dv7h6nwchv)4.jpg;https://ei.phncdn.com/videos/202410/22/459481501/original/(m=eaf8GgaaaWavb)(mh=ZgoFE4dv7h6nwchv)5.jpg;https://ei.phncdn.com/videos/202410/22/459481501/original/(m=eaf8GgaaaWavb)(mh=ZgoFE4dv7h6nwchv)6.jpg;https://ei.phncdn.com/videos/202410/22/459481501/original/(m=eaf8GgaaaWavb)(mh=ZgoFE4dv7h6nwchv)7.jpg;https://ei.phncdn.com/videos/202410/22/459481501/original/(m=eaf8GgaaaWavb)(mh=ZgoFE4dv7h6nwchv)8.jpg;https://ei.phncdn.com/videos/202410/22/459481501/original/(m=eaf8GgaaaWavb)(mh=ZgoFE4dv7h6nwchv)9.jpg;https://ei.phncdn.com/videos/202410/22/459481501/original/(m=eaf8GgaaaWavb)(mh=ZgoFE4dv7h6nwchv)10.jpg;https://ei.phncdn.com/videos/202410/22/459481501/original/(m=eaf8GgaaaWavb)(mh=ZgoFE4dv7h6nwchv)11.jpg;https://ei.phncdn.com/videos/202410/22/459481501/original/(m=eaf8GgaaaWavb)(mh=ZgoFE4dv7h6nwchv)12.jpg;https://ei.phncdn.com/videos/202410/22/459481501/original/(m=eaf8GgaaaWavb)(mh=ZgoFE4dv7h6nwchv)13.jpg;https://ei.phncdn.com/videos/202410/22/459481501/original/(m=eaf8GgaaaWavb)(mh=ZgoFE4dv7h6nwchv)14.jpg;https://ei.phncdn.com/videos/202410/22/459481501/original/(m=eaf8GgaaaWavb)(mh=ZgoFE4dv7h6nwchv)15.jpg;https://ei.phncdn.com/videos/202410/22/459481501/original/(m=eaf8GgaaaWavb)(mh=ZgoFE4dv7h6nwchv)16.jpg|Sex part 11|triple-penetration;no-penetration|Double Penetration;Role Play;Exclusive;Verified Amateurs;Solo Female;Vertical Video||49|11|||https://ei.phncdn.com/videos/202410/22/459481501/original/(m=eaAaGwObaaamqv)(mh=sWzNrfuYoklw8ofI)13.jpg|https://ei.phncdn.com/videos/202410/22/459481501/original/(m=eaAaGwObaaamqv)(mh=sWzNrfuYoklw8ofI)1.jpg;https://ei.phncdn.com/videos/202410/22/459481501/original/(m=eaAaGwObaaamqv)(mh=sWzNrfuYoklw8ofI)2.jpg;https://ei.phncdn.com/videos/202410/22/459481501/original/(m=eaAaGwObaaamqv)(mh=sWzNrfuYoklw8ofI)3.jpg;https://ei.phncdn.com/videos/202410/22/459481501/original/(m=eaAaGwObaaamqv)(mh=sWzNrfuYoklw8ofI)4.jpg;https://ei.phncdn.com/videos/202410/22/459481501/original/(m=eaAaGwObaaamqv)(mh=sWzNrfuYoklw8ofI)5.jpg;https://ei.phncdn.com/videos/202410/22/459481501/original/(m=eaAaGwObaaamqv)(mh=sWzNrfuYoklw8ofI)6.jpg;https://ei.phncdn.com/videos/202410/22/459481501/original/(m=eaAaGwObaaamqv)(mh=sWzNrfuYoklw8ofI)7.jpg;https://ei.phncdn.com/videos/202410/22/459481501/original/(m=eaAaGwObaaamqv)(mh=sWzNrfuYoklw8ofI)8.jpg;https://ei.phncdn.com/videos/202410/22/459481501/original/(m=eaAaGwObaaamqv)(mh=sWzNrfuYoklw8ofI)9.jpg;https://ei.phncdn.com/videos/202410/22/459481501/original/(m=eaAaGwObaaamqv)(mh=sWzNrfuYoklw8ofI)10.jpg;https://ei.phncdn.com/videos/202410/22/459481501/original/(m=eaAaGwObaaamqv)(mh=sWzNrfuYoklw8ofI)11.jpg;https://ei.phncdn.com/videos/202410/22/459481501/original/(m=eaAaGwObaaamqv)(mh=sWzNrfuYoklw8ofI)12.jpg;https://ei.phncdn.com/videos/202410/22/459481501/original/(m=eaAaGwObaaamqv)(mh=sWzNrfuYoklw8ofI)13.jpg;https://ei.phncdn.com/videos/202410/22/459481501/original/(m=eaAaGwObaaamqv)(mh=sWzNrfuYoklw8ofI)14.jpg;https://ei.phncdn.com/videos/202410/22/459481501/original/(m=eaAaGwObaaamqv)(mh=sWzNrfuYoklw8ofI)15.jpg;https://ei.phncdn.com/videos/202410/22/459481501/original/(m=eaAaGwObaaamqv)(mh=sWzNrfuYoklw8ofI)16.jpg
<iframe src="https://www.pornhub.com/embed/672c0d930c356" frameborder="0" height="481" width="608" scrolling="no"></iframe>|https://ei.phncdn.com/videos/202411/07/460166761/thumbs_13/(m=eaf8GgaaaWavb)(mh=KHX7Spdq2wPKQ2Yx)15.jpg|https://ei.phncdn.com/videos/202411/07/460166761/thumbs_13/(m=eaf8GgaaaWavb)(mh=KHX7Spdq2wPKQ2Yx)1.jpg;https://ei.phncdn.com/videos/202411/07/460166761/thumbs_13/(m=eaf8GgaaaWavb)(mh=KHX7Spdq2wPKQ2Yx)2.jpg;https://ei.phncdn.com/videos/202411/07/460166761/thumbs_13/(m=eaf8GgaaaWavb)(mh=KHX7Spdq2wPKQ2Yx)3.jpg;https://ei.phncdn.com/videos/202411/07/460166761/thumbs_13/(m=eaf8GgaaaWavb)(mh=KHX7Spdq2wPKQ2Yx)4.jpg;https://ei.phncdn.com/videos/202411/07/460166761/thumbs_13/(m=eaf8GgaaaWavb)(mh=KHX7Spdq2wPKQ2Yx)5.jpg;https://ei.phncdn.com/videos/202411/07/460166761/thumbs_13/(m=eaf8GgaaaWavb)(mh=KHX7Spdq2wPKQ2Yx)6.jpg;https://ei.phncdn.com/videos/202411/07/460166761/thumbs_13/(m=eaf8GgaaaWavb)(mh=KHX7Spdq2wPKQ2Yx)7.jpg;https://ei.phncdn.com/videos/202411/07/460166761/thumbs_13/(m=eaf8GgaaaWavb)(mh=KHX7Spdq2wPKQ2Yx)8.jpg;https://ei.phncdn.com/videos/202411/07/460166761/thumbs_13/(m=eaf8GgaaaWavb)(mh=KHX7Spdq2wPKQ2Yx)9.jpg;https://ei.phncdn.com/videos/202411/07/460166761/thumbs_13/(m=eaf8GgaaaWavb)(mh=KHX7Spdq2wPKQ2Yx)10.jpg;https://ei.phncdn.com/videos/202411/07/460166761/thumbs_13/(m=eaf8GgaaaWavb)(mh=KHX7Spdq2wPKQ2Yx)11.jpg;https://ei.phncdn.com/videos/202411/07/460166761/thumbs_13/(m=eaf8GgaaaWavb)(mh=KHX7Spdq2wPKQ2Yx)12.jpg;https://ei.phncdn.com/videos/202411/07/460166761/thumbs_13/(m=eaf8GgaaaWavb)(mh=KHX7Spdq2wPKQ2Yx)13.jpg;https://ei.phncdn.com/videos/202411/07/460166761/thumbs_13/(m=eaf8GgaaaWavb)(mh=KHX7Spdq2wPKQ2Yx)14.jpg;https://ei.phncdn.com/videos/202411/07/460166761/thumbs_13/(m=eaf8GgaaaWavb)(mh=KHX7Spdq2wPKQ2Yx)15.jpg;https://ei.phncdn.com/videos/202411/07/460166761/thumbs_13/(m=eaf8GgaaaWavb)(mh=KHX7Spdq2wPKQ2Yx)16.jpg|Tule Submits Vaggie in Unlimited Passion  Hazbin Hotel|dominance;lesbian;sumision;bdsm;hardcore;hentai;anime;animation;cartoon;hazbin-hotel;demon-girl;futanari-animation;japanese-cosplay|Double Penetration;Cartoon;Verified Amateurs;Parody;Female Orgasm||309|49612|234|29|https://ei.phncdn.com/videos/202411/07/460166761/thumbs_13/(m=eaAaGwObaaamqv)(mh=47ySFcrSehhleinP)15.jpg|https://ei.phncdn.com/videos/202411/07/460166761/thumbs_13/(m=eaAaGwObaaamqv)(mh=47ySFcrSehhleinP)1.jpg;https://ei.phncdn.com/videos/202411/07/460166761/thumbs_13/(m=eaAaGwObaaamqv)(mh=47ySFcrSehhleinP)2.jpg;https://ei.phncdn.com/videos/202411/07/460166761/thumbs_13/(m=eaAaGwObaaamqv)(mh=47ySFcrSehhleinP)3.jpg;https://ei.phncdn.com/videos/202411/07/460166761/thumbs_13/(m=eaAaGwObaaamqv)(mh=47ySFcrSehhleinP)4.jpg;https://ei.phncdn.com/videos/202411/07/460166761/thumbs_13/(m=eaAaGwObaaamqv)(mh=47ySFcrSehhleinP)5.jpg;https://ei.phncdn.com/videos/202411/07/460166761/thumbs_13/(m=eaAaGwObaaamqv)(mh=47ySFcrSehhleinP)6.jpg;https://ei.phncdn.com/videos/202411/07/460166761/thumbs_13/(m=eaAaGwObaaamqv)(mh=47ySFcrSehhleinP)7.jpg;https://ei.phncdn.com/videos/202411/07/460166761/thumbs_13/(m=eaAaGwObaaamqv)(mh=47ySFcrSehhleinP)8.jpg;https://ei.phncdn.com/videos/202411/07/460166761/thumbs_13/(m=eaAaGwObaaamqv)(mh=47ySFcrSehhleinP)9.jpg;https://ei.phncdn.com/videos/202411/07/460166761/thumbs_13/(m=eaAaGwObaaamqv)(mh=47ySFcrSehhleinP)10.jpg;https://ei.phncdn.com/videos/202411/07/460166761/thumbs_13/(m=eaAaGwObaaamqv)(mh=47ySFcrSehhleinP)11.jpg;https://ei.phncdn.com/videos/202411/07/460166761/thumbs_13/(m=eaAaGwObaaamqv)(mh=47ySFcrSehhleinP)12.jpg;https://ei.phncdn.com/videos/202411/07/460166761/thumbs_13/(m=eaAaGwObaaamqv)(mh=47ySFcrSehhleinP)13.jpg;https://ei.phncdn.com/videos/202411/07/460166761/thumbs_13/(m=eaAaGwObaaamqv)(mh=47ySFcrSehhleinP)14.jpg;https://ei.phncdn.com/videos/202411/07/460166761/thumbs_13/(m=eaAaGwObaaamqv)(mh=47ySFcrSehhleinP)15.jpg;https://ei.phncdn.com/videos/202411/07/460166761/thumbs_13/(m=eaAaGwObaaamqv)(mh=47ySFcrSehhleinP)16.jpg
<iframe src="https://www.pornhub.com/embed/674cffc9d6673" frameborder="0" height="481" width="608" scrolling="no"></iframe>|https://ei.phncdn.com/videos/202412/02/461292791/original/(m=eaf8GgaaaWavb)(mh=BxsN_0Q7kjho-doC)7.jpg|https://ei.phncdn.com/videos/202412/02/461292791/original/(m=eaf8GgaaaWavb)(mh=BxsN_0Q7kjho-doC)1.jpg;https://ei.phncdn.com/videos/202412/02/461292791/original/(m=eaf8GgaaaWavb)(mh=BxsN_0Q7kjho-doC)2.jpg;https://ei.phncdn.com/videos/202412/02/461292791/original/(m=eaf8GgaaaWavb)(mh=BxsN_0Q7kjho-doC)3.jpg;https://ei.phncdn.com/videos/202412/02/461292791/original/(m=eaf8GgaaaWavb)(mh=BxsN_0Q7kjho-doC)4.jpg;https://ei.phncdn.com/videos/202412/02/461292791/original/(m=eaf8GgaaaWavb)(mh=BxsN_0Q7kjho-doC)5.jpg;https://ei.phncdn.com/videos/202412/02/461292791/original/(m=eaf8GgaaaWavb)(mh=BxsN_0Q7kjho-doC)6.jpg;https://ei.phncdn.com/videos/202412/02/461292791/original/(m=eaf8GgaaaWavb)(mh=BxsN_0Q7kjho-doC)7.jpg;https://ei.phncdn.com/videos/202412/02/461292791/original/(m=eaf8GgaaaWavb)(mh=BxsN_0Q7kjho-doC)8.jpg;https://ei.phncdn.com/videos/202412/02/461292791/original/(m=eaf8GgaaaWavb)(mh=BxsN_0Q7kjho-doC)9.jpg;https://ei.phncdn.com/videos/202412/02/461292791/original/(m=eaf8GgaaaWavb)(mh=BxsN_0Q7kjho-doC)10.jpg;https://ei.phncdn.com/videos/202412/02/461292791/original/(m=eaf8GgaaaWavb)(mh=BxsN_0Q7kjho-doC)11.jpg;https://ei.phncdn.com/videos/202412/02/461292791/original/(m=eaf8GgaaaWavb)(mh=BxsN_0Q7kjho-doC)12.jpg;https://ei.phncdn.com/videos/202412/02/461292791/original/(m=eaf8GgaaaWavb)(mh=BxsN_0Q7kjho-doC)13.jpg;https://ei.phncdn.com/videos/202412/02/461292791/original/(m=eaf8GgaaaWavb)(mh=BxsN_0Q7kjho-doC)14.jpg;https://ei.phncdn.com/videos/202412/02/461292791/original/(m=eaf8GgaaaWavb)(mh=BxsN_0Q7kjho-doC)15.jpg;https://ei.phncdn.com/videos/202412/02/461292791/original/(m=eaf8GgaaaWavb)(mh=BxsN_0Q7kjho-doC)16.jpg|OLDER BROTHERS EATING THEIR SLUTTY SISTER-IN-LAW [3/9]|wopa;animation;animated;parody;anime;cuckold;fucked-front-husband;hentai;anime-hentai;subtitled;anime-sex;3d-animation;cheating;betrayal;humilation;dubbed|Double Penetration;College (18+);Cartoon;School (18+);60FPS;Old/Young (18+);Parody||60|2456|7|2|https://ei.phncdn.com/videos/202412/02/461292791/original/(m=eaAaGwObaaamqv)(mh=gVKU44jBjkADv_fO)7.jpg|https://ei.phncdn.com/videos/202412/02/461292791/original/(m=eaAaGwObaaamqv)(mh=gVKU44jBjkADv_fO)1.jpg;https://ei.phncdn.com/videos/202412/02/461292791/original/(m=eaAaGwObaaamqv)(mh=gVKU44jBjkADv_fO)2.jpg;https://ei.phncdn.com/videos/202412/02/461292791/original/(m=eaAaGwObaaamqv)(mh=gVKU44jBjkADv_fO)3.jpg;https://ei.phncdn.com/videos/202412/02/461292791/original/(m=eaAaGwObaaamqv)(mh=gVKU44jBjkADv_fO)4.jpg;https://ei.phncdn.com/videos/202412/02/461292791/original/(m=eaAaGwObaaamqv)(mh=gVKU44jBjkADv_fO)5.jpg;https://ei.phncdn.com/videos/202412/02/461292791/original/(m=eaAaGwObaaamqv)(mh=gVKU44jBjkADv_fO)6.jpg;https://ei.phncdn.com/videos/202412/02/461292791/original/(m=eaAaGwObaaamqv)(mh=gVKU44jBjkADv_fO)7.jpg;https://ei.phncdn.com/videos/202412/02/461292791/original/(m=eaAaGwObaaamqv)(mh=gVKU44jBjkADv_fO)8.jpg;https://ei.phncdn.com/videos/202412/02/461292791/original/(m=eaAaGwObaaamqv)(mh=gVKU44jBjkADv_fO)9.jpg;https://ei.phncdn.com/videos/202412/02/461292791/original/(m=eaAaGwObaaamqv)(mh=gVKU44jBjkADv_fO)10.jpg;https://ei.phncdn.com/videos/202412/02/461292791/original/(m=eaAaGwObaaamqv)(mh=gVKU44jBjkADv_fO)11.jpg;https://ei.phncdn.com/videos/202412/02/461292791/original/(m=eaAaGwObaaamqv)(mh=gVKU44jBjkADv_fO)12.jpg;https://ei.phncdn.com/videos/202412/02/461292791/original/(m=eaAaGwObaaamqv)(mh=gVKU44jBjkADv_fO)13.jpg;https://ei.phncdn.com/videos/202412/02/461292791/original/(m=eaAaGwObaaamqv)(mh=gVKU44jBjkADv_fO)14.jpg;https://ei.phncdn.com/videos/202412/02/461292791/original/(m=eaAaGwObaaamqv)(mh=gVKU44jBjkADv_fO)15.jpg;https://ei.phncdn.com/videos/202412/02/461292791/original/(m=eaAaGwObaaamqv)(mh=gVKU44jBjkADv_fO)16.jpg
<iframe src="https://www.pornhub.com/embed/674d003860404" frameborder="0" height="481" width="608" scrolling="no"></iframe>|https://ei.phncdn.com/videos/202412/02/461292821/original/(m=eaf8GgaaaWavb)(mh=PP14mIkMYjQwnEhx)7.jpg|https://ei.phncdn.com/videos/202412/02/461292821/original/(m=eaf8GgaaaWavb)(mh=PP14mIkMYjQwnEhx)1.jpg;https://ei.phncdn.com/videos/202412/02/461292821/original/(m=eaf8GgaaaWavb)(mh=PP14mIkMYjQwnEhx)2.jpg;https://ei.phncdn.com/videos/202412/02/461292821/original/(m=eaf8GgaaaWavb)(mh=PP14mIkMYjQwnEhx)3.jpg;https://ei.phncdn.com/videos/202412/02/461292821/original/(m=eaf8GgaaaWavb)(mh=PP14mIkMYjQwnEhx)4.jpg;https://ei.phncdn.com/videos/202412/02/461292821/original/(m=eaf8GgaaaWavb)(mh=PP14mIkMYjQwnEhx)5.jpg;https://ei.phncdn.com/videos/202412/02/461292821/original/(m=eaf8GgaaaWavb)(mh=PP14mIkMYjQwnEhx)6.jpg;https://ei.phncdn.com/videos/202412/02/461292821/original/(m=eaf8GgaaaWavb)(mh=PP14mIkMYjQwnEhx)7.jpg;https://ei.phncdn.com/videos/202412/02/461292821/original/(m=eaf8GgaaaWavb)(mh=PP14mIkMYjQwnEhx)8.jpg;https://ei.phncdn.com/videos/202412/02/461292821/original/(m=eaf8GgaaaWavb)(mh=PP14mIkMYjQwnEhx)9.jpg;https://ei.phncdn.com/videos/202412/02/461292821/original/(m=eaf8GgaaaWavb)(mh=PP14mIkMYjQwnEhx)10.jpg;https://ei.phncdn.com/videos/202412/02/461292821/original/(m=eaf8GgaaaWavb)(mh=PP14mIkMYjQwnEhx)11.jpg;https://ei.phncdn.com/videos/202412/02/461292821/original/(m=eaf8GgaaaWavb)(mh=PP14mIkMYjQwnEhx)12.jpg;https://ei.phncdn.com/videos/202412/02/461292821/original/(m=eaf8GgaaaWavb)(mh=PP14mIkMYjQwnEhx)13.jpg;https://ei.phncdn.com/videos/202412/02/461292821/original/(m=eaf8GgaaaWavb)(mh=PP14mIkMYjQwnEhx)14.jpg;https://ei.phncdn.com/videos/202412/02/461292821/original/(m=eaf8GgaaaWavb)(mh=PP14mIkMYjQwnEhx)15.jpg;https://ei.phncdn.com/videos/202412/02/461292821/original/(m=eaf8GgaaaWavb)(mh=PP14mIkMYjQwnEhx)16.jpg|OLDER BROTHERS EATING THEIR SLUTTY SISTER-IN-LAW [4/9]|anime;animated;animation;wopa;hentai;anime-sex;3d-animation;fucked-front-husband;anime-hentai;betrayal;humilation;subtitled;cheating;cuckold;dubbed;parody|Double Penetration;College (18+);Cartoon;School (18+);Babysitter (18+);60FPS;Old/Young (18+);Parody||44|705|4|0|https://ei.phncdn.com/videos/202412/02/461292821/original/(m=eaAaGwObaaamqv)(mh=QhwQhZm4jhDflUJd)7.jpg|https://ei.phncdn.com/videos/202412/02/461292821/original/(m=eaAaGwObaaamqv)(mh=QhwQhZm4jhDflUJd)1.jpg;https://ei.phncdn.com/videos/202412/02/461292821/original/(m=eaAaGwObaaamqv)(mh=QhwQhZm4jhDflUJd)2.jpg;https://ei.phncdn.com/videos/202412/02/461292821/original/(m=eaAaGwObaaamqv)(mh=QhwQhZm4jhDflUJd)3.jpg;https://ei.phncdn.com/videos/202412/02/461292821/original/(m=eaAaGwObaaamqv)(mh=QhwQhZm4jhDflUJd)4.jpg;https://ei.phncdn.com/videos/202412/02/461292821/original/(m=eaAaGwObaaamqv)(mh=QhwQhZm4jhDflUJd)5.jpg;https://ei.phncdn.com/videos/202412/02/461292821/original/(m=eaAaGwObaaamqv)(mh=QhwQhZm4jhDflUJd)6.jpg;https://ei.phncdn.com/videos/202412/02/461292821/original/(m=eaAaGwObaaamqv)(mh=QhwQhZm4jhDflUJd)7.jpg;https://ei.phncdn.com/videos/202412/02/461292821/original/(m=eaAaGwObaaamqv)(mh=QhwQhZm4jhDflUJd)8.jpg;https://ei.phncdn.com/videos/202412/02/461292821/original/(m=eaAaGwObaaamqv)(mh=QhwQhZm4jhDflUJd)9.jpg;https://ei.phncdn.com/videos/202412/02/461292821/original/(m=eaAaGwObaaamqv)(mh=QhwQhZm4jhDflUJd)10.jpg;https://ei.phncdn.com/videos/202412/02/461292821/original/(m=eaAaGwObaaamqv)(mh=QhwQhZm4jhDflUJd)11.jpg;https://ei.phncdn.com/videos/202412/02/461292821/original/(m=eaAaGwObaaamqv)(mh=QhwQhZm4jhDflUJd)12.jpg;https://ei.phncdn.com/videos/202412/02/461292821/original/(m=eaAaGwObaaamqv)(mh=QhwQhZm4jhDflUJd)13.jpg;https://ei.phncdn.com/videos/202412/02/461292821/original/(m=eaAaGwObaaamqv)(mh=QhwQhZm4jhDflUJd)14.jpg;https://ei.phncdn.com/videos/202412/02/461292821/original/(m=eaAaGwObaaamqv)(mh=QhwQhZm4jhDflUJd)15.jpg;https://ei.phncdn.com/videos/202412/02/461292821/original/(m=eaAaGwObaaamqv)(mh=QhwQhZm4jhDflUJd)16.jpg
<iframe src="https://www.pornhub.com/embed/675ad16b80a65" frameborder="0" height="481" width="608" scrolling="no"></iframe>|https://ei.phncdn.com/videos/202412/12/461761385/original/(m=eaf8GgaaaWavb)(mh=NdIVeTsQpKQ0ufZ5)5.jpg|https://ei.phncdn.com/videos/202412/12/461761385/original/(m=eaf8GgaaaWavb)(mh=NdIVeTsQpKQ0ufZ5)1.jpg;https://ei.phncdn.com/videos/202412/12/461761385/original/(m=eaf8GgaaaWavb)(mh=NdIVeTsQpKQ0ufZ5)2.jpg;https://ei.phncdn.com/videos/202412/12/461761385/original/(m=eaf8GgaaaWavb)(mh=NdIVeTsQpKQ0ufZ5)3.jpg;https://ei.phncdn.com/videos/202412/12/461761385/original/(m=eaf8GgaaaWavb)(mh=NdIVeTsQpKQ0ufZ5)4.jpg;https://ei.phncdn.com/videos/202412/12/461761385/original/(m=eaf8GgaaaWavb)(mh=NdIVeTsQpKQ0ufZ5)5.jpg;https://ei.phncdn.com/videos/202412/12/461761385/original/(m=eaf8GgaaaWavb)(mh=NdIVeTsQpKQ0ufZ5)6.jpg;https://ei.phncdn.com/videos/202412/12/461761385/original/(m=eaf8GgaaaWavb)(mh=NdIVeTsQpKQ0ufZ5)7.jpg;https://ei.phncdn.com/videos/202412/12/461761385/original/(m=eaf8GgaaaWavb)(mh=NdIVeTsQpKQ0ufZ5)8.jpg;https://ei.phncdn.com/videos/202412/12/461761385/original/(m=eaf8GgaaaWavb)(mh=NdIVeTsQpKQ0ufZ5)9.jpg;https://ei.phncdn.com/videos/202412/12/461761385/original/(m=eaf8GgaaaWavb)(mh=NdIVeTsQpKQ0ufZ5)10.jpg;https://ei.phncdn.com/videos/202412/12/461761385/original/(m=eaf8GgaaaWavb)(mh=NdIVeTsQpKQ0ufZ5)11.jpg;https://ei.phncdn.com/videos/202412/12/461761385/original/(m=eaf8GgaaaWavb)(mh=NdIVeTsQpKQ0ufZ5)12.jpg;https://ei.phncdn.com/videos/202412/12/461761385/original/(m=eaf8GgaaaWavb)(mh=NdIVeTsQpKQ0ufZ5)13.jpg;https://ei.phncdn.com/videos/202412/12/461761385/original/(m=eaf8GgaaaWavb)(mh=NdIVeTsQpKQ0ufZ5)14.jpg;https://ei.phncdn.com/videos/202412/12/461761385/original/(m=eaf8GgaaaWavb)(mh=NdIVeTsQpKQ0ufZ5)15.jpg;https://ei.phncdn.com/videos/202412/12/461761385/original/(m=eaf8GgaaaWavb)(mh=NdIVeTsQpKQ0ufZ5)16.jpg|You are Shrunk and Cuckolded (ASMR Story Bisexual)|gay-asmr;bisexual-cuck;bisexual-cuckold|Double Penetration;Exclusive;Verified Amateurs;Cuckold||431|11195|14|4|https://ei.phncdn.com/videos/202412/12/461761385/original/(m=eaAaGwObaaamqv)(mh=VMHZfGvvesEgX7Pt)5.jpg|https://ei.phncdn.com/videos/202412/12/461761385/original/(m=eaAaGwObaaamqv)(mh=VMHZfGvvesEgX7Pt)1.jpg;https://ei.phncdn.com/videos/202412/12/461761385/original/(m=eaAaGwObaaamqv)(mh=VMHZfGvvesEgX7Pt)2.jpg;https://ei.phncdn.com/videos/202412/12/461761385/original/(m=eaAaGwObaaamqv)(mh=VMHZfGvvesEgX7Pt)3.jpg;https://ei.phncdn.com/videos/202412/12/461761385/original/(m=eaAaGwObaaamqv)(mh=VMHZfGvvesEgX7Pt)4.jpg;https://ei.phncdn.com/videos/202412/12/461761385/original/(m=eaAaGwObaaamqv)(mh=VMHZfGvvesEgX7Pt)5.jpg;https://ei.phncdn.com/videos/202412/12/461761385/original/(m=eaAaGwObaaamqv)(mh=VMHZfGvvesEgX7Pt)6.jpg;https://ei.phncdn.com/videos/202412/12/461761385/original/(m=eaAaGwObaaamqv)(mh=VMHZfGvvesEgX7Pt)7.jpg;https://ei.phncdn.com/videos/202412/12/461761385/original/(m=eaAaGwObaaamqv)(mh=VMHZfGvvesEgX7Pt)8.jpg;https://ei.phncdn.com/videos/202412/12/461761385/original/(m=eaAaGwObaaamqv)(mh=VMHZfGvvesEgX7Pt)9.jpg;https://ei.phncdn.com/videos/202412/12/461761385/original/(m=eaAaGwObaaamqv)(mh=VMHZfGvvesEgX7Pt)10.jpg;https://ei.phncdn.com/videos/202412/12/461761385/original/(m=eaAaGwObaaamqv)(mh=VMHZfGvvesEgX7Pt)11.jpg;https://ei.phncdn.com/videos/202412/12/461761385/original/(m=eaAaGwObaaamqv)(mh=VMHZfGvvesEgX7Pt)12.jpg;https://ei.phncdn.com/videos/202412/12/461761385/original/(m=eaAaGwObaaamqv)(mh=VMHZfGvvesEgX7Pt)13.jpg;https://ei.phncdn.com/videos/202412/12/461761385/original/(m=eaAaGwObaaamqv)(mh=VMHZfGvvesEgX7Pt)14.jpg;https://ei.phncdn.com/videos/202412/12/461761385/original/(m=eaAaGwObaaamqv)(mh=VMHZfGvvesEgX7Pt)15.jpg;https://ei.phncdn.com/videos/202412/12/461761385/original/(m=eaAaGwObaaamqv)(mh=VMHZfGvvesEgX7Pt)16.jpg
<iframe src="https://www.pornhub.com/embed/6770a7e540e8f" frameborder="0" height="481" width="608" scrolling="no"></iframe>|https://ei.phncdn.com/videos/202412/29/462463901/original/(m=eaf8GgaaaWavb)(mh=BZs8Ss6skQa-Fh9D)8.jpg|https://ei.phncdn.com/videos/202412/29/462463901/original/(m=eaf8GgaaaWavb)(mh=BZs8Ss6skQa-Fh9D)1.jpg;https://ei.phncdn.com/videos/202412/29/462463901/original/(m=eaf8GgaaaWavb)(mh=BZs8Ss6skQa-Fh9D)2.jpg;https://ei.phncdn.com/videos/202412/29/462463901/original/(m=eaf8GgaaaWavb)(mh=BZs8Ss6skQa-Fh9D)3.jpg;https://ei.phncdn.com/videos/202412/29/462463901/original/(m=eaf8GgaaaWavb)(mh=BZs8Ss6skQa-Fh9D)4.jpg;https://ei.phncdn.com/videos/202412/29/462463901/original/(m=eaf8GgaaaWavb)(mh=BZs8Ss6skQa-Fh9D)5.jpg;https://ei.phncdn.com/videos/202412/29/462463901/original/(m=eaf8GgaaaWavb)(mh=BZs8Ss6skQa-Fh9D)6.jpg;https://ei.phncdn.com/videos/202412/29/462463901/original/(m=eaf8GgaaaWavb)(mh=BZs8Ss6skQa-Fh9D)7.jpg;https://ei.phncdn.com/videos/202412/29/462463901/original/(m=eaf8GgaaaWavb)(mh=BZs8Ss6skQa-Fh9D)8.jpg;https://ei.phncdn.com/videos/202412/29/462463901/original/(m=eaf8GgaaaWavb)(mh=BZs8Ss6skQa-Fh9D)9.jpg;https://ei.phncdn.com/videos/202412/29/462463901/original/(m=eaf8GgaaaWavb)(mh=BZs8Ss6skQa-Fh9D)10.jpg;https://ei.phncdn.com/videos/202412/29/462463901/original/(m=eaf8GgaaaWavb)(mh=BZs8Ss6skQa-Fh9D)11.jpg;https://ei.phncdn.com/videos/202412/29/462463901/original/(m=eaf8GgaaaWavb)(mh=BZs8Ss6skQa-Fh9D)12.jpg;https://ei.phncdn.com/videos/202412/29/462463901/original/(m=eaf8GgaaaWavb)(mh=BZs8Ss6skQa-Fh9D)13.jpg;https://ei.phncdn.com/videos/202412/29/462463901/original/(m=eaf8GgaaaWavb)(mh=BZs8Ss6skQa-Fh9D)14.jpg;https://ei.phncdn.com/videos/202412/29/462463901/original/(m=eaf8GgaaaWavb)(mh=BZs8Ss6skQa-Fh9D)15.jpg;https://ei.phncdn.com/videos/202412/29/462463901/original/(m=eaf8GgaaaWavb)(mh=BZs8Ss6skQa-Fh9D)16.jpg|Aburrido|tocando;mamada|Double Penetration;Solo Male;Exclusive;Verified Amateurs;Muscular Men||49|6|||https://ei.phncdn.com/videos/202412/29/462463901/original/(m=eaAaGwObaaamqv)(mh=QL9zZYhcRrk540DA)8.jpg|https://ei.phncdn.com/videos/202412/29/462463901/original/(m=eaAaGwObaaamqv)(mh=QL9zZYhcRrk540DA)1.jpg;https://ei.phncdn.com/videos/202412/29/462463901/original/(m=eaAaGwObaaamqv)(mh=QL9zZYhcRrk540DA)2.jpg;https://ei.phncdn.com/videos/202412/29/462463901/original/(m=eaAaGwObaaamqv)(mh=QL9zZYhcRrk540DA)3.jpg;https://ei.phncdn.com/videos/202412/29/462463901/original/(m=eaAaGwObaaamqv)(mh=QL9zZYhcRrk540DA)4.jpg;https://ei.phncdn.com/videos/202412/29/462463901/original/(m=eaAaGwObaaamqv)(mh=QL9zZYhcRrk540DA)5.jpg;https://ei.phncdn.com/videos/202412/29/462463901/original/(m=eaAaGwObaaamqv)(mh=QL9zZYhcRrk540DA)6.jpg;https://ei.phncdn.com/videos/202412/29/462463901/original/(m=eaAaGwObaaamqv)(mh=QL9zZYhcRrk540DA)7.jpg;https://ei.phncdn.com/videos/202412/29/462463901/original/(m=eaAaGwObaaamqv)(mh=QL9zZYhcRrk540DA)8.jpg;https://ei.phncdn.com/videos/202412/29/462463901/original/(m=eaAaGwObaaamqv)(mh=QL9zZYhcRrk540DA)9.jpg;https://ei.phncdn.com/videos/202412/29/462463901/original/(m=eaAaGwObaaamqv)(mh=QL9zZYhcRrk540DA)10.jpg;https://ei.phncdn.com/videos/202412/29/462463901/original/(m=eaAaGwObaaamqv)(mh=QL9zZYhcRrk540DA)11.jpg;https://ei.phncdn.com/videos/202412/29/462463901/original/(m=eaAaGwObaaamqv)(mh=QL9zZYhcRrk540DA)12.jpg;https://ei.phncdn.com/videos/202412/29/462463901/original/(m=eaAaGwObaaamqv)(mh=QL9zZYhcRrk540DA)13.jpg;https://ei.phncdn.com/videos/202412/29/462463901/original/(m=eaAaGwObaaamqv)(mh=QL9zZYhcRrk540DA)14.jpg;https://ei.phncdn.com/videos/202412/29/462463901/original/(m=eaAaGwObaaamqv)(mh=QL9zZYhcRrk540DA)15.jpg;https://ei.phncdn.com/videos/202412/29/462463901/original/(m=eaAaGwObaaamqv)(mh=QL9zZYhcRrk540DA)16.jpg
<iframe src="https://www.pornhub.com/embed/67acf68fd8e8a" frameborder="0" height="481" width="608" scrolling="no"></iframe>|https://ei.phncdn.com/videos/202502/12/464477165/original/(m=eaf8GgaaaWavb)(mh=n4oO4hAQ-N7Wgo1p)10.jpg|https://ei.phncdn.com/videos/202502/12/464477165/original/(m=eaf8GgaaaWavb)(mh=n4oO4hAQ-N7Wgo1p)1.jpg;https://ei.phncdn.com/videos/202502/12/464477165/original/(m=eaf8GgaaaWavb)(mh=n4oO4hAQ-N7Wgo1p)2.jpg;https://ei.phncdn.com/videos/202502/12/464477165/original/(m=eaf8GgaaaWavb)(mh=n4oO4hAQ-N7Wgo1p)3.jpg;https://ei.phncdn.com/videos/202502/12/464477165/original/(m=eaf8GgaaaWavb)(mh=n4oO4hAQ-N7Wgo1p)4.jpg;https://ei.phncdn.com/videos/202502/12/464477165/original/(m=eaf8GgaaaWavb)(mh=n4oO4hAQ-N7Wgo1p)5.jpg;https://ei.phncdn.com/videos/202502/12/464477165/original/(m=eaf8GgaaaWavb)(mh=n4oO4hAQ-N7Wgo1p)6.jpg;https://ei.phncdn.com/videos/202502/12/464477165/original/(m=eaf8GgaaaWavb)(mh=n4oO4hAQ-N7Wgo1p)7.jpg;https://ei.phncdn.com/videos/202502/12/464477165/original/(m=eaf8GgaaaWavb)(mh=n4oO4hAQ-N7Wgo1p)8.jpg;https://ei.phncdn.com/videos/202502/12/464477165/original/(m=eaf8GgaaaWavb)(mh=n4oO4hAQ-N7Wgo1p)9.jpg;https://ei.phncdn.com/videos/202502/12/464477165/original/(m=eaf8GgaaaWavb)(mh=n4oO4hAQ-N7Wgo1p)10.jpg;https://ei.phncdn.com/videos/202502/12/464477165/original/(m=eaf8GgaaaWavb)(mh=n4oO4hAQ-N7Wgo1p)11.jpg;https://ei.phncdn.com/videos/202502/12/464477165/original/(m=eaf8GgaaaWavb)(mh=n4oO4hAQ-N7Wgo1p)12.jpg;https://ei.phncdn.com/videos/202502/12/464477165/original/(m=eaf8GgaaaWavb)(mh=n4oO4hAQ-N7Wgo1p)13.jpg;https://ei.phncdn.com/videos/202502/12/464477165/original/(m=eaf8GgaaaWavb)(mh=n4oO4hAQ-N7Wgo1p)14.jpg;https://ei.phncdn.com/videos/202502/12/464477165/original/(m=eaf8GgaaaWavb)(mh=n4oO4hAQ-N7Wgo1p)15.jpg;https://ei.phncdn.com/videos/202502/12/464477165/original/(m=eaf8GgaaaWavb)(mh=n4oO4hAQ-N7Wgo1p)16.jpg|When will you dare and start fucking me?|naked-selfies;selfie;blonde-milf;panties;wet-panties;tatto;big-titty-goth-girl;huge-tits;america;japanese-mom;canada;sweden;norway;denmark;only-fans;vertical-video|Double Penetration;College (18+);Casting;Music;Verified Amateurs;Old/Young (18+);Parody;Pissing;Solo Female;Vertical Video||19|1897|3|4|https://ei.phncdn.com/videos/202502/12/464477165/original/(m=eaAaGwObaaamqv)(mh=ESCiGsv_q4HFxKdo)10.jpg|https://ei.phncdn.com/videos/202502/12/464477165/original/(m=eaAaGwObaaamqv)(mh=ESCiGsv_q4HFxKdo)1.jpg;https://ei.phncdn.com/videos/202502/12/464477165/original/(m=eaAaGwObaaamqv)(mh=ESCiGsv_q4HFxKdo)2.jpg;https://ei.phncdn.com/videos/202502/12/464477165/original/(m=eaAaGwObaaamqv)(mh=ESCiGsv_q4HFxKdo)3.jpg;https://ei.phncdn.com/videos/202502/12/464477165/original/(m=eaAaGwObaaamqv)(mh=ESCiGsv_q4HFxKdo)4.jpg;https://ei.phncdn.com/videos/202502/12/464477165/original/(m=eaAaGwObaaamqv)(mh=ESCiGsv_q4HFxKdo)5.jpg;https://ei.phncdn.com/videos/202502/12/464477165/original/(m=eaAaGwObaaamqv)(mh=ESCiGsv_q4HFxKdo)6.jpg;https://ei.phncdn.com/videos/202502/12/464477165/original/(m=eaAaGwObaaamqv)(mh=ESCiGsv_q4HFxKdo)7.jpg;https://ei.phncdn.com/videos/202502/12/464477165/original/(m=eaAaGwObaaamqv)(mh=ESCiGsv_q4HFxKdo)8.jpg;https://ei.phncdn.com/videos/202502/12/464477165/original/(m=eaAaGwObaaamqv)(mh=ESCiGsv_q4HFxKdo)9.jpg;https://ei.phncdn.com/videos/202502/12/464477165/original/(m=eaAaGwObaaamqv)(mh=ESCiGsv_q4HFxKdo)10.jpg;https://ei.phncdn.com/videos/202502/12/464477165/original/(m=eaAaGwObaaamqv)(mh=ESCiGsv_q4HFxKdo)11.jpg;https://ei.phncdn.com/videos/202502/12/464477165/original/(m=eaAaGwObaaamqv)(mh=ESCiGsv_q4HFxKdo)12.jpg;https://ei.phncdn.com/videos/202502/12/464477165/original/(m=eaAaGwObaaamqv)(mh=ESCiGsv_q4HFxKdo)13.jpg;https://ei.phncdn.com/videos/202502/12/464477165/original/(m=eaAaGwObaaamqv)(mh=ESCiGsv_q4HFxKdo)14.jpg;https://ei.phncdn.com/videos/202502/12/464477165/original/(m=eaAaGwObaaamqv)(mh=ESCiGsv_q4HFxKdo)15.jpg;https://ei.phncdn.com/videos/202502/12/464477165/original/(m=eaAaGwObaaamqv)(mh=ESCiGsv_q4HFxKdo)16.jpg
<iframe src="https://www.pornhub.com/embed/67b5b937e8b74" frameborder="0" height="481" width="608" scrolling="no"></iframe>|https://ei.phncdn.com/videos/202502/19/464756055/original/(m=eaf8GgaaaWavb)(mh=ScXfhqn4Q1bpifZ2)12.jpg|https://ei.phncdn.com/videos/202502/19/464756055/original/(m=eaf8GgaaaWavb)(mh=ScXfhqn4Q1bpifZ2)1.jpg;https://ei.phncdn.com/videos/202502/19/464756055/original/(m=eaf8GgaaaWavb)(mh=ScXfhqn4Q1bpifZ2)2.jpg;https://ei.phncdn.com/videos/202502/19/464756055/original/(m=eaf8GgaaaWavb)(mh=ScXfhqn4Q1bpifZ2)3.jpg;https://ei.phncdn.com/videos/202502/19/464756055/original/(m=eaf8GgaaaWavb)(mh=ScXfhqn4Q1bpifZ2)4.jpg;https://ei.phncdn.com/videos/202502/19/464756055/original/(m=eaf8GgaaaWavb)(mh=ScXfhqn4Q1bpifZ2)5.jpg;https://ei.phncdn.com/videos/202502/19/464756055/original/(m=eaf8GgaaaWavb)(mh=ScXfhqn4Q1bpifZ2)6.jpg;https://ei.phncdn.com/videos/202502/19/464756055/original/(m=eaf8GgaaaWavb)(mh=ScXfhqn4Q1bpifZ2)7.jpg;https://ei.phncdn.com/videos/202502/19/464756055/original/(m=eaf8GgaaaWavb)(mh=ScXfhqn4Q1bpifZ2)8.jpg;https://ei.phncdn.com/videos/202502/19/464756055/original/(m=eaf8GgaaaWavb)(mh=ScXfhqn4Q1bpifZ2)9.jpg;https://ei.phncdn.com/videos/202502/19/464756055/original/(m=eaf8GgaaaWavb)(mh=ScXfhqn4Q1bpifZ2)10.jpg;https://ei.phncdn.com/videos/202502/19/464756055/original/(m=eaf8GgaaaWavb)(mh=ScXfhqn4Q1bpifZ2)11.jpg;https://ei.phncdn.com/videos/202502/19/464756055/original/(m=eaf8GgaaaWavb)(mh=ScXfhqn4Q1bpifZ2)12.jpg;https://ei.phncdn.com/videos/202502/19/464756055/original/(m=eaf8GgaaaWavb)(mh=ScXfhqn4Q1bpifZ2)13.jpg;https://ei.phncdn.com/videos/202502/19/464756055/original/(m=eaf8GgaaaWavb)(mh=ScXfhqn4Q1bpifZ2)14.jpg;https://ei.phncdn.com/videos/202502/19/464756055/original/(m=eaf8GgaaaWavb)(mh=ScXfhqn4Q1bpifZ2)15.jpg;https://ei.phncdn.com/videos/202502/19/464756055/original/(m=eaf8GgaaaWavb)(mh=ScXfhqn4Q1bpifZ2)16.jpg|Pene hermoso 🍆|doble-penetracion;sexo-erotico|Double Penetration;Smoking;Solo Male;60FPS;Verified Amateurs||121|99|1|0|https://ei.phncdn.com/videos/202502/19/464756055/original/(m=eaAaGwObaaamqv)(mh=pfb4Mq8QXGapUz12)12.jpg|https://ei.phncdn.com/videos/202502/19/464756055/original/(m=eaAaGwObaaamqv)(mh=pfb4Mq8QXGapUz12)1.jpg;https://ei.phncdn.com/videos/202502/19/464756055/original/(m=eaAaGwObaaamqv)(mh=pfb4Mq8QXGapUz12)2.jpg;https://ei.phncdn.com/videos/202502/19/464756055/original/(m=eaAaGwObaaamqv)(mh=pfb4Mq8QXGapUz12)3.jpg;https://ei.phncdn.com/videos/202502/19/464756055/original/(m=eaAaGwObaaamqv)(mh=pfb4Mq8QXGapUz12)4.jpg;https://ei.phncdn.com/videos/202502/19/464756055/original/(m=eaAaGwObaaamqv)(mh=pfb4Mq8QXGapUz12)5.jpg;https://ei.phncdn.com/videos/202502/19/464756055/original/(m=eaAaGwObaaamqv)(mh=pfb4Mq8QXGapUz12)6.jpg;https://ei.phncdn.com/videos/202502/19/464756055/original/(m=eaAaGwObaaamqv)(mh=pfb4Mq8QXGapUz12)7.jpg;https://ei.phncdn.com/videos/202502/19/464756055/original/(m=eaAaGwObaaamqv)(mh=pfb4Mq8QXGapUz12)8.jpg;https://ei.phncdn.com/videos/202502/19/464756055/original/(m=eaAaGwObaaamqv)(mh=pfb4Mq8QXGapUz12)9.jpg;https://ei.phncdn.com/videos/202502/19/464756055/original/(m=eaAaGwObaaamqv)(mh=pfb4Mq8QXGapUz12)10.jpg;https://ei.phncdn.com/videos/202502/19/464756055/original/(m=eaAaGwObaaamqv)(mh=pfb4Mq8QXGapUz12)11.jpg;https://ei.phncdn.com/videos/202502/19/464756055/original/(m=eaAaGwObaaamqv)(mh=pfb4Mq8QXGapUz12)12.jpg;https://ei.phncdn.com/videos/202502/19/464756055/original/(m=eaAaGwObaaamqv)(mh=pfb4Mq8QXGapUz12)13.jpg;https://ei.phncdn.com/videos/202502/19/464756055/original/(m=eaAaGwObaaamqv)(mh=pfb4Mq8QXGapUz12)14.jpg;https://ei.phncdn.com/videos/202502/19/464756055/original/(m=eaAaGwObaaamqv)(mh=pfb4Mq8QXGapUz12)15.jpg;https://ei.phncdn.com/videos/202502/19/464756055/original/(m=eaAaGwObaaamqv)(mh=pfb4Mq8QXGapUz12)16.jpg
<iframe src="https://www.pornhub.com/embed/67d8350c5cffa" frameborder="0" height="481" width="608" scrolling="no"></iframe>|https://ei.phncdn.com/videos/202503/17/465893845/original/(m=eaf8GgaaaWavb)(mh=qIiyOzkrHpPU6M8O)9.jpg|https://ei.phncdn.com/videos/202503/17/465893845/original/(m=eaf8GgaaaWavb)(mh=qIiyOzkrHpPU6M8O)1.jpg;https://ei.phncdn.com/videos/202503/17/465893845/original/(m=eaf8GgaaaWavb)(mh=qIiyOzkrHpPU6M8O)2.jpg;https://ei.phncdn.com/videos/202503/17/465893845/original/(m=eaf8GgaaaWavb)(mh=qIiyOzkrHpPU6M8O)3.jpg;https://ei.phncdn.com/videos/202503/17/465893845/original/(m=eaf8GgaaaWavb)(mh=qIiyOzkrHpPU6M8O)4.jpg;https://ei.phncdn.com/videos/202503/17/465893845/original/(m=eaf8GgaaaWavb)(mh=qIiyOzkrHpPU6M8O)5.jpg;https://ei.phncdn.com/videos/202503/17/465893845/original/(m=eaf8GgaaaWavb)(mh=qIiyOzkrHpPU6M8O)6.jpg;https://ei.phncdn.com/videos/202503/17/465893845/original/(m=eaf8GgaaaWavb)(mh=qIiyOzkrHpPU6M8O)7.jpg;https://ei.phncdn.com/videos/202503/17/465893845/original/(m=eaf8GgaaaWavb)(mh=qIiyOzkrHpPU6M8O)8.jpg;https://ei.phncdn.com/videos/202503/17/465893845/original/(m=eaf8GgaaaWavb)(mh=qIiyOzkrHpPU6M8O)9.jpg;https://ei.phncdn.com/videos/202503/17/465893845/original/(m=eaf8GgaaaWavb)(mh=qIiyOzkrHpPU6M8O)10.jpg;https://ei.phncdn.com/videos/202503/17/465893845/original/(m=eaf8GgaaaWavb)(mh=qIiyOzkrHpPU6M8O)11.jpg;https://ei.phncdn.com/videos/202503/17/465893845/original/(m=eaf8GgaaaWavb)(mh=qIiyOzkrHpPU6M8O)12.jpg;https://ei.phncdn.com/videos/202503/17/465893845/original/(m=eaf8GgaaaWavb)(mh=qIiyOzkrHpPU6M8O)13.jpg;https://ei.phncdn.com/videos/202503/17/465893845/original/(m=eaf8GgaaaWavb)(mh=qIiyOzkrHpPU6M8O)14.jpg;https://ei.phncdn.com/videos/202503/17/465893845/original/(m=eaf8GgaaaWavb)(mh=qIiyOzkrHpPU6M8O)15.jpg;https://ei.phncdn.com/videos/202503/17/465893845/original/(m=eaf8GgaaaWavb)(mh=qIiyOzkrHpPU6M8O)16.jpg|Gay Twink Dominates Master Lobby with Chem-Baron|tft;teamfighttactics|Double Penetration;Cartoon;Solo Male;60FPS;Exclusive;Verified Amateurs;Gaming||2069|215|4|0|https://ei.phncdn.com/videos/202503/17/465893845/original/(m=eaAaGwObaaamqv)(mh=w_q2iY_lC7lQFjnJ)9.jpg|https://ei.phncdn.com/videos/202503/17/465893845/original/(m=eaAaGwObaaamqv)(mh=w_q2iY_lC7lQFjnJ)1.jpg;https://ei.phncdn.com/videos/202503/17/465893845/original/(m=eaAaGwObaaamqv)(mh=w_q2iY_lC7lQFjnJ)2.jpg;https://ei.phncdn.com/videos/202503/17/465893845/original/(m=eaAaGwObaaamqv)(mh=w_q2iY_lC7lQFjnJ)3.jpg;https://ei.phncdn.com/videos/202503/17/465893845/original/(m=eaAaGwObaaamqv)(mh=w_q2iY_lC7lQFjnJ)4.jpg;https://ei.phncdn.com/videos/202503/17/465893845/original/(m=eaAaGwObaaamqv)(mh=w_q2iY_lC7lQFjnJ)5.jpg;https://ei.phncdn.com/videos/202503/17/465893845/original/(m=eaAaGwObaaamqv)(mh=w_q2iY_lC7lQFjnJ)6.jpg;https://ei.phncdn.com/videos/202503/17/465893845/original/(m=eaAaGwObaaamqv)(mh=w_q2iY_lC7lQFjnJ)7.jpg;https://ei.phncdn.com/videos/202503/17/465893845/original/(m=eaAaGwObaaamqv)(mh=w_q2iY_lC7lQFjnJ)8.jpg;https://ei.phncdn.com/videos/202503/17/465893845/original/(m=eaAaGwObaaamqv)(mh=w_q2iY_lC7lQFjnJ)9.jpg;https://ei.phncdn.com/videos/202503/17/465893845/original/(m=eaAaGwObaaamqv)(mh=w_q2iY_lC7lQFjnJ)10.jpg;https://ei.phncdn.com/videos/202503/17/465893845/original/(m=eaAaGwObaaamqv)(mh=w_q2iY_lC7lQFjnJ)11.jpg;https://ei.phncdn.com/videos/202503/17/465893845/original/(m=eaAaGwObaaamqv)(mh=w_q2iY_lC7lQFjnJ)12.jpg;https://ei.phncdn.com/videos/202503/17/465893845/original/(m=eaAaGwObaaamqv)(mh=w_q2iY_lC7lQFjnJ)13.jpg;https://ei.phncdn.com/videos/202503/17/465893845/original/(m=eaAaGwObaaamqv)(mh=w_q2iY_lC7lQFjnJ)14.jpg;https://ei.phncdn.com/videos/202503/17/465893845/original/(m=eaAaGwObaaamqv)(mh=w_q2iY_lC7lQFjnJ)15.jpg;https://ei.phncdn.com/videos/202503/17/465893845/original/(m=eaAaGwObaaamqv)(mh=w_q2iY_lC7lQFjnJ)16.jpg
<iframe src="https://www.pornhub.com/embed/681b98e8cae38" frameborder="0" height="481" width="608" scrolling="no"></iframe>|https://ei.phncdn.com/videos/202505/07/468323935/original/(m=eaf8GgaaaWavb)(mh=5eBEdHa3xRZtZpSb)10.jpg|https://ei.phncdn.com/videos/202505/07/468323935/original/(m=eaf8GgaaaWavb)(mh=5eBEdHa3xRZtZpSb)1.jpg;https://ei.phncdn.com/videos/202505/07/468323935/original/(m=eaf8GgaaaWavb)(mh=5eBEdHa3xRZtZpSb)2.jpg;https://ei.phncdn.com/videos/202505/07/468323935/original/(m=eaf8GgaaaWavb)(mh=5eBEdHa3xRZtZpSb)3.jpg;https://ei.phncdn.com/videos/202505/07/468323935/original/(m=eaf8GgaaaWavb)(mh=5eBEdHa3xRZtZpSb)4.jpg;https://ei.phncdn.com/videos/202505/07/468323935/original/(m=eaf8GgaaaWavb)(mh=5eBEdHa3xRZtZpSb)5.jpg;https://ei.phncdn.com/videos/202505/07/468323935/original/(m=eaf8GgaaaWavb)(mh=5eBEdHa3xRZtZpSb)6.jpg;https://ei.phncdn.com/videos/202505/07/468323935/original/(m=eaf8GgaaaWavb)(mh=5eBEdHa3xRZtZpSb)7.jpg;https://ei.phncdn.com/videos/202505/07/468323935/original/(m=eaf8GgaaaWavb)(mh=5eBEdHa3xRZtZpSb)8.jpg;https://ei.phncdn.com/videos/202505/07/468323935/original/(m=eaf8GgaaaWavb)(mh=5eBEdHa3xRZtZpSb)9.jpg;https://ei.phncdn.com/videos/202505/07/468323935/original/(m=eaf8GgaaaWavb)(mh=5eBEdHa3xRZtZpSb)10.jpg;https://ei.phncdn.com/videos/202505/07/468323935/original/(m=eaf8GgaaaWavb)(mh=5eBEdHa3xRZtZpSb)11.jpg;https://ei.phncdn.com/videos/202505/07/468323935/original/(m=eaf8GgaaaWavb)(mh=5eBEdHa3xRZtZpSb)12.jpg;https://ei.phncdn.com/videos/202505/07/468323935/original/(m=eaf8GgaaaWavb)(mh=5eBEdHa3xRZtZpSb)13.jpg;https://ei.phncdn.com/videos/202505/07/468323935/original/(m=eaf8GgaaaWavb)(mh=5eBEdHa3xRZtZpSb)14.jpg;https://ei.phncdn.com/videos/202505/07/468323935/original/(m=eaf8GgaaaWavb)(mh=5eBEdHa3xRZtZpSb)15.jpg;https://ei.phncdn.com/videos/202505/07/468323935/original/(m=eaf8GgaaaWavb)(mh=5eBEdHa3xRZtZpSb)16.jpg|I ruin good boys daily|transgender;anal;sissy;big-dick;boy;ladyboy;masturbation|Double Penetration;Transgender;Verified Amateurs;Solo Trans;Trans With Girl;Trans Male;Vertical Video||25|980|39|0|https://ei.phncdn.com/videos/202505/07/468323935/original/(m=eaAaGwObaaamqv)(mh=uVZwP-ha05klxG7p)10.jpg|https://ei.phncdn.com/videos/202505/07/468323935/original/(m=eaAaGwObaaamqv)(mh=uVZwP-ha05klxG7p)1.jpg;https://ei.phncdn.com/videos/202505/07/468323935/original/(m=eaAaGwObaaamqv)(mh=uVZwP-ha05klxG7p)2.jpg;https://ei.phncdn.com/videos/202505/07/468323935/original/(m=eaAaGwObaaamqv)(mh=uVZwP-ha05klxG7p)3.jpg;https://ei.phncdn.com/videos/202505/07/468323935/original/(m=eaAaGwObaaamqv)(mh=uVZwP-ha05klxG7p)4.jpg;https://ei.phncdn.com/videos/202505/07/468323935/original/(m=eaAaGwObaaamqv)(mh=uVZwP-ha05klxG7p)5.jpg;https://ei.phncdn.com/videos/202505/07/468323935/original/(m=eaAaGwObaaamqv)(mh=uVZwP-ha05klxG7p)6.jpg;https://ei.phncdn.com/videos/202505/07/468323935/original/(m=eaAaGwObaaamqv)(mh=uVZwP-ha05klxG7p)7.jpg;https://ei.phncdn.com/videos/202505/07/468323935/original/(m=eaAaGwObaaamqv)(mh=uVZwP-ha05klxG7p)8.jpg;https://ei.phncdn.com/videos/202505/07/468323935/original/(m=eaAaGwObaaamqv)(mh=uVZwP-ha05klxG7p)9.jpg;https://ei.phncdn.com/videos/202505/07/468323935/original/(m=eaAaGwObaaamqv)(mh=uVZwP-ha05klxG7p)10.jpg;https://ei.phncdn.com/videos/202505/07/468323935/original/(m=eaAaGwObaaamqv)(mh=uVZwP-ha05klxG7p)11.jpg;https://ei.phncdn.com/videos/202505/07/468323935/original/(m=eaAaGwObaaamqv)(mh=uVZwP-ha05klxG7p)12.jpg;https://ei.phncdn.com/videos/202505/07/468323935/original/(m=eaAaGwObaaamqv)(mh=uVZwP-ha05klxG7p)13.jpg;https://ei.phncdn.com/videos/202505/07/468323935/original/(m=eaAaGwObaaamqv)(mh=uVZwP-ha05klxG7p)14.jpg;https://ei.phncdn.com/videos/202505/07/468323935/original/(m=eaAaGwObaaamqv)(mh=uVZwP-ha05klxG7p)15.jpg;https://ei.phncdn.com/videos/202505/07/468323935/original/(m=eaAaGwObaaamqv)(mh=uVZwP-ha05klxG7p)16.jpg
<iframe src="https://www.pornhub.com/embed/68963bf0556aa" frameborder="0" height="481" width="608" scrolling="no"></iframe>|https://ei.phncdn.com/videos/202508/08/18640525/original/(m=eaf8GgaaaWavb)(mh=HdkhEe2slm619ut7)12.jpg|https://ei.phncdn.com/videos/202508/08/18640525/original/(m=eaf8GgaaaWavb)(mh=HdkhEe2slm619ut7)1.jpg;https://ei.phncdn.com/videos/202508/08/18640525/original/(m=eaf8GgaaaWavb)(mh=HdkhEe2slm619ut7)2.jpg;https://ei.phncdn.com/videos/202508/08/18640525/original/(m=eaf8GgaaaWavb)(mh=HdkhEe2slm619ut7)3.jpg;https://ei.phncdn.com/videos/202508/08/18640525/original/(m=eaf8GgaaaWavb)(mh=HdkhEe2slm619ut7)4.jpg;https://ei.phncdn.com/videos/202508/08/18640525/original/(m=eaf8GgaaaWavb)(mh=HdkhEe2slm619ut7)5.jpg;https://ei.phncdn.com/videos/202508/08/18640525/original/(m=eaf8GgaaaWavb)(mh=HdkhEe2slm619ut7)6.jpg;https://ei.phncdn.com/videos/202508/08/18640525/original/(m=eaf8GgaaaWavb)(mh=HdkhEe2slm619ut7)7.jpg;https://ei.phncdn.com/videos/202508/08/18640525/original/(m=eaf8GgaaaWavb)(mh=HdkhEe2slm619ut7)8.jpg;https://ei.phncdn.com/videos/202508/08/18640525/original/(m=eaf8GgaaaWavb)(mh=HdkhEe2slm619ut7)9.jpg;https://ei.phncdn.com/videos/202508/08/18640525/original/(m=eaf8GgaaaWavb)(mh=HdkhEe2slm619ut7)10.jpg;https://ei.phncdn.com/videos/202508/08/18640525/original/(m=eaf8GgaaaWavb)(mh=HdkhEe2slm619ut7)11.jpg;https://ei.phncdn.com/videos/202508/08/18640525/original/(m=eaf8GgaaaWavb)(mh=HdkhEe2slm619ut7)12.jpg;https://ei.phncdn.com/videos/202508/08/18640525/original/(m=eaf8GgaaaWavb)(mh=HdkhEe2slm619ut7)13.jpg;https://ei.phncdn.com/videos/202508/08/18640525/original/(m=eaf8GgaaaWavb)(mh=HdkhEe2slm619ut7)14.jpg;https://ei.phncdn.com/videos/202508/08/18640525/original/(m=eaf8GgaaaWavb)(mh=HdkhEe2slm619ut7)15.jpg;https://ei.phncdn.com/videos/202508/08/18640525/original/(m=eaf8GgaaaWavb)(mh=HdkhEe2slm619ut7)16.jpg|Cotysmat43|anal-fisting;masturbation|Double Penetration;Transgender;Verified Amateurs;Solo Trans||33|15|3|7|https://ei.phncdn.com/videos/202508/08/18640525/original/(m=eaAaGwObaaamqv)(mh=BIjxJTDOZvfoqja9)12.jpg|https://ei.phncdn.com/videos/202508/08/18640525/original/(m=eaAaGwObaaamqv)(mh=BIjxJTDOZvfoqja9)1.jpg;https://ei.phncdn.com/videos/202508/08/18640525/original/(m=eaAaGwObaaamqv)(mh=BIjxJTDOZvfoqja9)2.jpg;https://ei.phncdn.com/videos/202508/08/18640525/original/(m=eaAaGwObaaamqv)(mh=BIjxJTDOZvfoqja9)3.jpg;https://ei.phncdn.com/videos/202508/08/18640525/original/(m=eaAaGwObaaamqv)(mh=BIjxJTDOZvfoqja9)4.jpg;https://ei.phncdn.com/videos/202508/08/18640525/original/(m=eaAaGwObaaamqv)(mh=BIjxJTDOZvfoqja9)5.jpg;https://ei.phncdn.com/videos/202508/08/18640525/original/(m=eaAaGwObaaamqv)(mh=BIjxJTDOZvfoqja9)6.jpg;https://ei.phncdn.com/videos/202508/08/18640525/original/(m=eaAaGwObaaamqv)(mh=BIjxJTDOZvfoqja9)7.jpg;https://ei.phncdn.com/videos/202508/08/18640525/original/(m=eaAaGwObaaamqv)(mh=BIjxJTDOZvfoqja9)8.jpg;https://ei.phncdn.com/videos/202508/08/18640525/original/(m=eaAaGwObaaamqv)(mh=BIjxJTDOZvfoqja9)9.jpg;https://ei.phncdn.com/videos/202508/08/18640525/original/(m=eaAaGwObaaamqv)(mh=BIjxJTDOZvfoqja9)10.jpg;https://ei.phncdn.com/videos/202508/08/18640525/original/(m=eaAaGwObaaamqv)(mh=BIjxJTDOZvfoqja9)11.jpg;https://ei.phncdn.com/videos/202508/08/18640525/original/(m=eaAaGwObaaamqv)(mh=BIjxJTDOZvfoqja9)12.jpg;https://ei.phncdn.com/videos/202508/08/18640525/original/(m=eaAaGwObaaamqv)(mh=BIjxJTDOZvfoqja9)13.jpg;https://ei.phncdn.com/videos/202508/08/18640525/original/(m=eaAaGwObaaamqv)(mh=BIjxJTDOZvfoqja9)14.jpg;https://ei.phncdn.com/videos/202508/08/18640525/original/(m=eaAaGwObaaamqv)(mh=BIjxJTDOZvfoqja9)15.jpg;https://ei.phncdn.com/videos/202508/08/18640525/original/(m=eaAaGwObaaamqv)(mh=BIjxJTDOZvfoqja9)16.jpg
<iframe src="https://www.pornhub.com/embed/68a975f7eed65" frameborder="0" height="481" width="608" scrolling="no"></iframe>|https://ei.phncdn.com/videos/202508/23/20187895/original/(m=eaf8GgaaaWavb)(mh=eLZvthRF4JgCqW5U)12.jpg|https://ei.phncdn.com/videos/202508/23/20187895/original/(m=eaf8GgaaaWavb)(mh=eLZvthRF4JgCqW5U)1.jpg;https://ei.phncdn.com/videos/202508/23/20187895/original/(m=eaf8GgaaaWavb)(mh=eLZvthRF4JgCqW5U)2.jpg;https://ei.phncdn.com/videos/202508/23/20187895/original/(m=eaf8GgaaaWavb)(mh=eLZvthRF4JgCqW5U)3.jpg;https://ei.phncdn.com/videos/202508/23/20187895/original/(m=eaf8GgaaaWavb)(mh=eLZvthRF4JgCqW5U)4.jpg;https://ei.phncdn.com/videos/202508/23/20187895/original/(m=eaf8GgaaaWavb)(mh=eLZvthRF4JgCqW5U)5.jpg;https://ei.phncdn.com/videos/202508/23/20187895/original/(m=eaf8GgaaaWavb)(mh=eLZvthRF4JgCqW5U)6.jpg;https://ei.phncdn.com/videos/202508/23/20187895/original/(m=eaf8GgaaaWavb)(mh=eLZvthRF4JgCqW5U)7.jpg;https://ei.phncdn.com/videos/202508/23/20187895/original/(m=eaf8GgaaaWavb)(mh=eLZvthRF4JgCqW5U)8.jpg;https://ei.phncdn.com/videos/202508/23/20187895/original/(m=eaf8GgaaaWavb)(mh=eLZvthRF4JgCqW5U)9.jpg;https://ei.phncdn.com/videos/202508/23/20187895/original/(m=eaf8GgaaaWavb)(mh=eLZvthRF4JgCqW5U)10.jpg;https://ei.phncdn.com/videos/202508/23/20187895/original/(m=eaf8GgaaaWavb)(mh=eLZvthRF4JgCqW5U)11.jpg;https://ei.phncdn.com/videos/202508/23/20187895/original/(m=eaf8GgaaaWavb)(mh=eLZvthRF4JgCqW5U)12.jpg;https://ei.phncdn.com/videos/202508/23/20187895/original/(m=eaf8GgaaaWavb)(mh=eLZvthRF4JgCqW5U)13.jpg;https://ei.phncdn.com/videos/202508/23/20187895/original/(m=eaf8GgaaaWavb)(mh=eLZvthRF4JgCqW5U)14.jpg;https://ei.phncdn.com/videos/202508/23/20187895/original/(m=eaf8GgaaaWavb)(mh=eLZvthRF4JgCqW5U)15.jpg;https://ei.phncdn.com/videos/202508/23/20187895/original/(m=eaf8GgaaaWavb)(mh=eLZvthRF4JgCqW5U)16.jpg|Mulher Bonita Masturba Sua Buceta Com 2 Brinquedos|lesbian-dildo;lesbian-vibrator|Double Penetration;Verified Amateurs;Solo Female;Female Orgasm||304|8853|959|24|https://ei.phncdn.com/videos/202508/23/20187895/original/(m=eaAaGwObaaamqv)(mh=2jOeYl8ZF3tZFBBe)12.jpg|https://ei.phncdn.com/videos/202508/23/20187895/original/(m=eaAaGwObaaamqv)(mh=2jOeYl8ZF3tZFBBe)1.jpg;https://ei.phncdn.com/videos/202508/23/20187895/original/(m=eaAaGwObaaamqv)(mh=2jOeYl8ZF3tZFBBe)2.jpg;https://ei.phncdn.com/videos/202508/23/20187895/original/(m=eaAaGwObaaamqv)(mh=2jOeYl8ZF3tZFBBe)3.jpg;https://ei.phncdn.com/videos/202508/23/20187895/original/(m=eaAaGwObaaamqv)(mh=2jOeYl8ZF3tZFBBe)4.jpg;https://ei.phncdn.com/videos/202508/23/20187895/original/(m=eaAaGwObaaamqv)(mh=2jOeYl8ZF3tZFBBe)5.jpg;https://ei.phncdn.com/videos/202508/23/20187895/original/(m=eaAaGwObaaamqv)(mh=2jOeYl8ZF3tZFBBe)6.jpg;https://ei.phncdn.com/videos/202508/23/20187895/original/(m=eaAaGwObaaamqv)(mh=2jOeYl8ZF3tZFBBe)7.jpg;https://ei.phncdn.com/videos/202508/23/20187895/original/(m=eaAaGwObaaamqv)(mh=2jOeYl8ZF3tZFBBe)8.jpg;https://ei.phncdn.com/videos/202508/23/20187895/original/(m=eaAaGwObaaamqv)(mh=2jOeYl8ZF3tZFBBe)9.jpg;https://ei.phncdn.com/videos/202508/23/20187895/original/(m=eaAaGwObaaamqv)(mh=2jOeYl8ZF3tZFBBe)10.jpg;https://ei.phncdn.com/videos/202508/23/20187895/original/(m=eaAaGwObaaamqv)(mh=2jOeYl8ZF3tZFBBe)11.jpg;https://ei.phncdn.com/videos/202508/23/20187895/original/(m=eaAaGwObaaamqv)(mh=2jOeYl8ZF3tZFBBe)12.jpg;https://ei.phncdn.com/videos/202508/23/20187895/original/(m=eaAaGwObaaamqv)(mh=2jOeYl8ZF3tZFBBe)13.jpg;https://ei.phncdn.com/videos/202508/23/20187895/original/(m=eaAaGwObaaamqv)(mh=2jOeYl8ZF3tZFBBe)14.jpg;https://ei.phncdn.com/videos/202508/23/20187895/original/(m=eaAaGwObaaamqv)(mh=2jOeYl8ZF3tZFBBe)15.jpg;https://ei.phncdn.com/videos/202508/23/20187895/original/(m=eaAaGwObaaamqv)(mh=2jOeYl8ZF3tZFBBe)16.jpg
<iframe src="https://www.pornhub.com/embed/68dffa2e7ef87" frameborder="0" height="481" width="608" scrolling="no"></iframe>|https://ei.phncdn.com/videos/202510/03/24847505/original/(m=eaf8GgaaaWavb)(mh=Z8hl4xiL1Cv8JDdY)12.jpg|https://ei.phncdn.com/videos/202510/03/24847505/original/(m=eaf8GgaaaWavb)(mh=Z8hl4xiL1Cv8JDdY)1.jpg;https://ei.phncdn.com/videos/202510/03/24847505/original/(m=eaf8GgaaaWavb)(mh=Z8hl4xiL1Cv8JDdY)2.jpg;https://ei.phncdn.com/videos/202510/03/24847505/original/(m=eaf8GgaaaWavb)(mh=Z8hl4xiL1Cv8JDdY)3.jpg;https://ei.phncdn.com/videos/202510/03/24847505/original/(m=eaf8GgaaaWavb)(mh=Z8hl4xiL1Cv8JDdY)4.jpg;https://ei.phncdn.com/videos/202510/03/24847505/original/(m=eaf8GgaaaWavb)(mh=Z8hl4xiL1Cv8JDdY)5.jpg;https://ei.phncdn.com/videos/202510/03/24847505/original/(m=eaf8GgaaaWavb)(mh=Z8hl4xiL1Cv8JDdY)6.jpg;https://ei.phncdn.com/videos/202510/03/24847505/original/(m=eaf8GgaaaWavb)(mh=Z8hl4xiL1Cv8JDdY)7.jpg;https://ei.phncdn.com/videos/202510/03/24847505/original/(m=eaf8GgaaaWavb)(mh=Z8hl4xiL1Cv8JDdY)8.jpg;https://ei.phncdn.com/videos/202510/03/24847505/original/(m=eaf8GgaaaWavb)(mh=Z8hl4xiL1Cv8JDdY)9.jpg;https://ei.phncdn.com/videos/202510/03/24847505/original/(m=eaf8GgaaaWavb)(mh=Z8hl4xiL1Cv8JDdY)10.jpg;https://ei.phncdn.com/videos/202510/03/24847505/original/(m=eaf8GgaaaWavb)(mh=Z8hl4xiL1Cv8JDdY)11.jpg;https://ei.phncdn.com/videos/202510/03/24847505/original/(m=eaf8GgaaaWavb)(mh=Z8hl4xiL1Cv8JDdY)12.jpg;https://ei.phncdn.com/videos/202510/03/24847505/original/(m=eaf8GgaaaWavb)(mh=Z8hl4xiL1Cv8JDdY)13.jpg;https://ei.phncdn.com/videos/202510/03/24847505/original/(m=eaf8GgaaaWavb)(mh=Z8hl4xiL1Cv8JDdY)14.jpg;https://ei.phncdn.com/videos/202510/03/24847505/original/(m=eaf8GgaaaWavb)(mh=Z8hl4xiL1Cv8JDdY)15.jpg;https://ei.phncdn.com/videos/202510/03/24847505/original/(m=eaf8GgaaaWavb)(mh=Z8hl4xiL1Cv8JDdY)16.jpg|Queen Marika gets a Gangbang|skyrim;queen-marika;elden-ring;animated-porn|Double Penetration;Gangbang;Cartoon||240|10534|28|3|https://ei.phncdn.com/videos/202510/03/24847505/original/(m=eaAaGwObaaamqv)(mh=ow_UuhGq5-U-rkP6)12.jpg|https://ei.phncdn.com/videos/202510/03/24847505/original/(m=eaAaGwObaaamqv)(mh=ow_UuhGq5-U-rkP6)1.jpg;https://ei.phncdn.com/videos/202510/03/24847505/original/(m=eaAaGwObaaamqv)(mh=ow_UuhGq5-U-rkP6)2.jpg;https://ei.phncdn.com/videos/202510/03/24847505/original/(m=eaAaGwObaaamqv)(mh=ow_UuhGq5-U-rkP6)3.jpg;https://ei.phncdn.com/videos/202510/03/24847505/original/(m=eaAaGwObaaamqv)(mh=ow_UuhGq5-U-rkP6)4.jpg;https://ei.phncdn.com/videos/202510/03/24847505/original/(m=eaAaGwObaaamqv)(mh=ow_UuhGq5-U-rkP6)5.jpg;https://ei.phncdn.com/videos/202510/03/24847505/original/(m=eaAaGwObaaamqv)(mh=ow_UuhGq5-U-rkP6)6.jpg;https://ei.phncdn.com/videos/202510/03/24847505/original/(m=eaAaGwObaaamqv)(mh=ow_UuhGq5-U-rkP6)7.jpg;https://ei.phncdn.com/videos/202510/03/24847505/original/(m=eaAaGwObaaamqv)(mh=ow_UuhGq5-U-rkP6)8.jpg;https://ei.phncdn.com/videos/202510/03/24847505/original/(m=eaAaGwObaaamqv)(mh=ow_UuhGq5-U-rkP6)9.jpg;https://ei.phncdn.com/videos/202510/03/24847505/original/(m=eaAaGwObaaamqv)(mh=ow_UuhGq5-U-rkP6)10.jpg;https://ei.phncdn.com/videos/202510/03/24847505/original/(m=eaAaGwObaaamqv)(mh=ow_UuhGq5-U-rkP6)11.jpg;https://ei.phncdn.com/videos/202510/03/24847505/original/(m=eaAaGwObaaamqv)(mh=ow_UuhGq5-U-rkP6)12.jpg;https://ei.phncdn.com/videos/202510/03/24847505/original/(m=eaAaGwObaaamqv)(mh=ow_UuhGq5-U-rkP6)13.jpg;https://ei.phncdn.com/videos/202510/03/24847505/original/(m=eaAaGwObaaamqv)(mh=ow_UuhGq5-U-rkP6)14.jpg;https://ei.phncdn.com/videos/202510/03/24847505/original/(m=eaAaGwObaaamqv)(mh=ow_UuhGq5-U-rkP6)15.jpg;https://ei.phncdn.com/videos/202510/03/24847505/original/(m=eaAaGwObaaamqv)(mh=ow_UuhGq5-U-rkP6)16.jpg
<iframe src="https://www.pornhub.com/embed/68f8c6359bab1" frameborder="0" height="481" width="608" scrolling="no"></iframe>|https://ei.phncdn.com/videos/202510/22/27091765/original/(m=eaf8GgaaaWavb)(mh=JMdqxDO2I5klpAZh)12.jpg|https://ei.phncdn.com/videos/202510/22/27091765/original/(m=eaf8GgaaaWavb)(mh=JMdqxDO2I5klpAZh)1.jpg;https://ei.phncdn.com/videos/202510/22/27091765/original/(m=eaf8GgaaaWavb)(mh=JMdqxDO2I5klpAZh)2.jpg;https://ei.phncdn.com/videos/202510/22/27091765/original/(m=eaf8GgaaaWavb)(mh=JMdqxDO2I5klpAZh)3.jpg;https://ei.phncdn.com/videos/202510/22/27091765/original/(m=eaf8GgaaaWavb)(mh=JMdqxDO2I5klpAZh)4.jpg;https://ei.phncdn.com/videos/202510/22/27091765/original/(m=eaf8GgaaaWavb)(mh=JMdqxDO2I5klpAZh)5.jpg;https://ei.phncdn.com/videos/202510/22/27091765/original/(m=eaf8GgaaaWavb)(mh=JMdqxDO2I5klpAZh)6.jpg;https://ei.phncdn.com/videos/202510/22/27091765/original/(m=eaf8GgaaaWavb)(mh=JMdqxDO2I5klpAZh)7.jpg;https://ei.phncdn.com/videos/202510/22/27091765/original/(m=eaf8GgaaaWavb)(mh=JMdqxDO2I5klpAZh)8.jpg;https://ei.phncdn.com/videos/202510/22/27091765/original/(m=eaf8GgaaaWavb)(mh=JMdqxDO2I5klpAZh)9.jpg;https://ei.phncdn.com/videos/202510/22/27091765/original/(m=eaf8GgaaaWavb)(mh=JMdqxDO2I5klpAZh)10.jpg;https://ei.phncdn.com/videos/202510/22/27091765/original/(m=eaf8GgaaaWavb)(mh=JMdqxDO2I5klpAZh)11.jpg;https://ei.phncdn.com/videos/202510/22/27091765/original/(m=eaf8GgaaaWavb)(mh=JMdqxDO2I5klpAZh)12.jpg;https://ei.phncdn.com/videos/202510/22/27091765/original/(m=eaf8GgaaaWavb)(mh=JMdqxDO2I5klpAZh)13.jpg;https://ei.phncdn.com/videos/202510/22/27091765/original/(m=eaf8GgaaaWavb)(mh=JMdqxDO2I5klpAZh)14.jpg;https://ei.phncdn.com/videos/202510/22/27091765/original/(m=eaf8GgaaaWavb)(mh=JMdqxDO2I5klpAZh)15.jpg;https://ei.phncdn.com/videos/202510/22/27091765/original/(m=eaf8GgaaaWavb)(mh=JMdqxDO2I5klpAZh)16.jpg|Irish woman penetrates two people at once with Razorbloom shell in R6|rainbow-six;rainbow-six-siege;double-penetration|Double Penetration;Cartoon;Gaming||18|858|3|0|https://ei.phncdn.com/videos/202510/22/27091765/original/(m=eaAaGwObaaamqv)(mh=z34SueJeLuVXvPNN)12.jpg|https://ei.phncdn.com/videos/202510/22/27091765/original/(m=eaAaGwObaaamqv)(mh=z34SueJeLuVXvPNN)1.jpg;https://ei.phncdn.com/videos/202510/22/27091765/original/(m=eaAaGwObaaamqv)(mh=z34SueJeLuVXvPNN)2.jpg;https://ei.phncdn.com/videos/202510/22/27091765/original/(m=eaAaGwObaaamqv)(mh=z34SueJeLuVXvPNN)3.jpg;https://ei.phncdn.com/videos/202510/22/27091765/original/(m=eaAaGwObaaamqv)(mh=z34SueJeLuVXvPNN)4.jpg;https://ei.phncdn.com/videos/202510/22/27091765/original/(m=eaAaGwObaaamqv)(mh=z34SueJeLuVXvPNN)5.jpg;https://ei.phncdn.com/videos/202510/22/27091765/original/(m=eaAaGwObaaamqv)(mh=z34SueJeLuVXvPNN)6.jpg;https://ei.phncdn.com/videos/202510/22/27091765/original/(m=eaAaGwObaaamqv)(mh=z34SueJeLuVXvPNN)7.jpg;https://ei.phncdn.com/videos/202510/22/27091765/original/(m=eaAaGwObaaamqv)(mh=z34SueJeLuVXvPNN)8.jpg;https://ei.phncdn.com/videos/202510/22/27091765/original/(m=eaAaGwObaaamqv)(mh=z34SueJeLuVXvPNN)9.jpg;https://ei.phncdn.com/videos/202510/22/27091765/original/(m=eaAaGwObaaamqv)(mh=z34SueJeLuVXvPNN)10.jpg;https://ei.phncdn.com/videos/202510/22/27091765/original/(m=eaAaGwObaaamqv)(mh=z34SueJeLuVXvPNN)11.jpg;https://ei.phncdn.com/videos/202510/22/27091765/original/(m=eaAaGwObaaamqv)(mh=z34SueJeLuVXvPNN)12.jpg;https://ei.phncdn.com/videos/202510/22/27091765/original/(m=eaAaGwObaaamqv)(mh=z34SueJeLuVXvPNN)13.jpg;https://ei.phncdn.com/videos/202510/22/27091765/original/(m=eaAaGwObaaamqv)(mh=z34SueJeLuVXvPNN)14.jpg;https://ei.phncdn.com/videos/202510/22/27091765/original/(m=eaAaGwObaaamqv)(mh=z34SueJeLuVXvPNN)15.jpg;https://ei.phncdn.com/videos/202510/22/27091765/original/(m=eaAaGwObaaamqv)(mh=z34SueJeLuVXvPNN)16.jpg
<iframe src="https://www.pornhub.com/embed/68fb94c4ec7b4" frameborder="0" height="481" width="608" scrolling="no"></iframe>|https://ei.phncdn.com/videos/202510/24/27343285/original/(m=eaf8GgaaaWavb)(mh=SLiLJ8ETkyQ2XBm_)12.jpg|https://ei.phncdn.com/videos/202510/24/27343285/original/(m=eaf8GgaaaWavb)(mh=SLiLJ8ETkyQ2XBm_)1.jpg;https://ei.phncdn.com/videos/202510/24/27343285/original/(m=eaf8GgaaaWavb)(mh=SLiLJ8ETkyQ2XBm_)2.jpg;https://ei.phncdn.com/videos/202510/24/27343285/original/(m=eaf8GgaaaWavb)(mh=SLiLJ8ETkyQ2XBm_)3.jpg;https://ei.phncdn.com/videos/202510/24/27343285/original/(m=eaf8GgaaaWavb)(mh=SLiLJ8ETkyQ2XBm_)4.jpg;https://ei.phncdn.com/videos/202510/24/27343285/original/(m=eaf8GgaaaWavb)(mh=SLiLJ8ETkyQ2XBm_)5.jpg;https://ei.phncdn.com/videos/202510/24/27343285/original/(m=eaf8GgaaaWavb)(mh=SLiLJ8ETkyQ2XBm_)6.jpg;https://ei.phncdn.com/videos/202510/24/27343285/original/(m=eaf8GgaaaWavb)(mh=SLiLJ8ETkyQ2XBm_)7.jpg;https://ei.phncdn.com/videos/202510/24/27343285/original/(m=eaf8GgaaaWavb)(mh=SLiLJ8ETkyQ2XBm_)8.jpg;https://ei.phncdn.com/videos/202510/24/27343285/original/(m=eaf8GgaaaWavb)(mh=SLiLJ8ETkyQ2XBm_)9.jpg;https://ei.phncdn.com/videos/202510/24/27343285/original/(m=eaf8GgaaaWavb)(mh=SLiLJ8ETkyQ2XBm_)10.jpg;https://ei.phncdn.com/videos/202510/24/27343285/original/(m=eaf8GgaaaWavb)(mh=SLiLJ8ETkyQ2XBm_)11.jpg;https://ei.phncdn.com/videos/202510/24/27343285/original/(m=eaf8GgaaaWavb)(mh=SLiLJ8ETkyQ2XBm_)12.jpg;https://ei.phncdn.com/videos/202510/24/27343285/original/(m=eaf8GgaaaWavb)(mh=SLiLJ8ETkyQ2XBm_)13.jpg;https://ei.phncdn.com/videos/202510/24/27343285/original/(m=eaf8GgaaaWavb)(mh=SLiLJ8ETkyQ2XBm_)14.jpg;https://ei.phncdn.com/videos/202510/24/27343285/original/(m=eaf8GgaaaWavb)(mh=SLiLJ8ETkyQ2XBm_)15.jpg;https://ei.phncdn.com/videos/202510/24/27343285/original/(m=eaf8GgaaaWavb)(mh=SLiLJ8ETkyQ2XBm_)16.jpg|Something in here|sqa;qa|Double Penetration;Deepthroat||6|7|||https://ei.phncdn.com/videos/202510/24/27343285/original/(m=eaAaGwObaaamqv)(mh=Q9GDRJsqNrkv1VOt)12.jpg|https://ei.phncdn.com/videos/202510/24/27343285/original/(m=eaAaGwObaaamqv)(mh=Q9GDRJsqNrkv1VOt)1.jpg;https://ei.phncdn.com/videos/202510/24/27343285/original/(m=eaAaGwObaaamqv)(mh=Q9GDRJsqNrkv1VOt)2.jpg;https://ei.phncdn.com/videos/202510/24/27343285/original/(m=eaAaGwObaaamqv)(mh=Q9GDRJsqNrkv1VOt)3.jpg;https://ei.phncdn.com/videos/202510/24/27343285/original/(m=eaAaGwObaaamqv)(mh=Q9GDRJsqNrkv1VOt)4.jpg;https://ei.phncdn.com/videos/202510/24/27343285/original/(m=eaAaGwObaaamqv)(mh=Q9GDRJsqNrkv1VOt)5.jpg;https://ei.phncdn.com/videos/202510/24/27343285/original/(m=eaAaGwObaaamqv)(mh=Q9GDRJsqNrkv1VOt)6.jpg;https://ei.phncdn.com/videos/202510/24/27343285/original/(m=eaAaGwObaaamqv)(mh=Q9GDRJsqNrkv1VOt)7.jpg;https://ei.phncdn.com/videos/202510/24/27343285/original/(m=eaAaGwObaaamqv)(mh=Q9GDRJsqNrkv1VOt)8.jpg;https://ei.phncdn.com/videos/202510/24/27343285/original/(m=eaAaGwObaaamqv)(mh=Q9GDRJsqNrkv1VOt)9.jpg;https://ei.phncdn.com/videos/202510/24/27343285/original/(m=eaAaGwObaaamqv)(mh=Q9GDRJsqNrkv1VOt)10.jpg;https://ei.phncdn.com/videos/202510/24/27343285/original/(m=eaAaGwObaaamqv)(mh=Q9GDRJsqNrkv1VOt)11.jpg;https://ei.phncdn.com/videos/202510/24/27343285/original/(m=eaAaGwObaaamqv)(mh=Q9GDRJsqNrkv1VOt)12.jpg;https://ei.phncdn.com/videos/202510/24/27343285/original/(m=eaAaGwObaaamqv)(mh=Q9GDRJsqNrkv1VOt)13.jpg;https://ei.phncdn.com/videos/202510/24/27343285/original/(m=eaAaGwObaaamqv)(mh=Q9GDRJsqNrkv1VOt)14.jpg;https://ei.phncdn.com/videos/202510/24/27343285/original/(m=eaAaGwObaaamqv)(mh=Q9GDRJsqNrkv1VOt)15.jpg;https://ei.phncdn.com/videos/202510/24/27343285/original/(m=eaAaGwObaaamqv)(mh=Q9GDRJsqNrkv1VOt)16.jpg
<iframe src="https://www.pornhub.com/embed/692253552ae9a" frameborder="0" height="481" width="608" scrolling="no"></iframe>|https://ei.phncdn.com/videos/202511/23/30572925/original/(m=eaf8GgaaaWavb)(mh=_V2u862cKZ5TlUW9)12.jpg|https://ei.phncdn.com/videos/202511/23/30572925/original/(m=eaf8GgaaaWavb)(mh=_V2u862cKZ5TlUW9)1.jpg;https://ei.phncdn.com/videos/202511/23/30572925/original/(m=eaf8GgaaaWavb)(mh=_V2u862cKZ5TlUW9)2.jpg;https://ei.phncdn.com/videos/202511/23/30572925/original/(m=eaf8GgaaaWavb)(mh=_V2u862cKZ5TlUW9)3.jpg;https://ei.phncdn.com/videos/202511/23/30572925/original/(m=eaf8GgaaaWavb)(mh=_V2u862cKZ5TlUW9)4.jpg;https://ei.phncdn.com/videos/202511/23/30572925/original/(m=eaf8GgaaaWavb)(mh=_V2u862cKZ5TlUW9)5.jpg;https://ei.phncdn.com/videos/202511/23/30572925/original/(m=eaf8GgaaaWavb)(mh=_V2u862cKZ5TlUW9)6.jpg;https://ei.phncdn.com/videos/202511/23/30572925/original/(m=eaf8GgaaaWavb)(mh=_V2u862cKZ5TlUW9)7.jpg;https://ei.phncdn.com/videos/202511/23/30572925/original/(m=eaf8GgaaaWavb)(mh=_V2u862cKZ5TlUW9)8.jpg;https://ei.phncdn.com/videos/202511/23/30572925/original/(m=eaf8GgaaaWavb)(mh=_V2u862cKZ5TlUW9)9.jpg;https://ei.phncdn.com/videos/202511/23/30572925/original/(m=eaf8GgaaaWavb)(mh=_V2u862cKZ5TlUW9)10.jpg;https://ei.phncdn.com/videos/202511/23/30572925/original/(m=eaf8GgaaaWavb)(mh=_V2u862cKZ5TlUW9)11.jpg;https://ei.phncdn.com/videos/202511/23/30572925/original/(m=eaf8GgaaaWavb)(mh=_V2u862cKZ5TlUW9)12.jpg;https://ei.phncdn.com/videos/202511/23/30572925/original/(m=eaf8GgaaaWavb)(mh=_V2u862cKZ5TlUW9)13.jpg;https://ei.phncdn.com/videos/202511/23/30572925/original/(m=eaf8GgaaaWavb)(mh=_V2u862cKZ5TlUW9)14.jpg;https://ei.phncdn.com/videos/202511/23/30572925/original/(m=eaf8GgaaaWavb)(mh=_V2u862cKZ5TlUW9)15.jpg;https://ei.phncdn.com/videos/202511/23/30572925/original/(m=eaf8GgaaaWavb)(mh=_V2u862cKZ5TlUW9)16.jpg|Sexy man|sexy-man;sexy-suck|Double Penetration;Solo Male;Italian;Exclusive;Music;Verified Amateurs;Muscular Men;Romantic||1259|3|||https://ei.phncdn.com/videos/202511/23/30572925/original/(m=eaAaGwObaaamqv)(mh=K_eqeTqzXf1xpBCV)12.jpg|https://ei.phncdn.com/videos/202511/23/30572925/original/(m=eaAaGwObaaamqv)(mh=K_eqeTqzXf1xpBCV)1.jpg;https://ei.phncdn.com/videos/202511/23/30572925/original/(m=eaAaGwObaaamqv)(mh=K_eqeTqzXf1xpBCV)2.jpg;https://ei.phncdn.com/videos/202511/23/30572925/original/(m=eaAaGwObaaamqv)(mh=K_eqeTqzXf1xpBCV)3.jpg;https://ei.phncdn.com/videos/202511/23/30572925/original/(m=eaAaGwObaaamqv)(mh=K_eqeTqzXf1xpBCV)4.jpg;https://ei.phncdn.com/videos/202511/23/30572925/original/(m=eaAaGwObaaamqv)(mh=K_eqeTqzXf1xpBCV)5.jpg;https://ei.phncdn.com/videos/202511/23/30572925/original/(m=eaAaGwObaaamqv)(mh=K_eqeTqzXf1xpBCV)6.jpg;https://ei.phncdn.com/videos/202511/23/30572925/original/(m=eaAaGwObaaamqv)(mh=K_eqeTqzXf1xpBCV)7.jpg;https://ei.phncdn.com/videos/202511/23/30572925/original/(m=eaAaGwObaaamqv)(mh=K_eqeTqzXf1xpBCV)8.jpg;https://ei.phncdn.com/videos/202511/23/30572925/original/(m=eaAaGwObaaamqv)(mh=K_eqeTqzXf1xpBCV)9.jpg;https://ei.phncdn.com/videos/202511/23/30572925/original/(m=eaAaGwObaaamqv)(mh=K_eqeTqzXf1xpBCV)10.jpg;https://ei.phncdn.com/videos/202511/23/30572925/original/(m=eaAaGwObaaamqv)(mh=K_eqeTqzXf1xpBCV)11.jpg;https://ei.phncdn.com/videos/202511/23/30572925/original/(m=eaAaGwObaaamqv)(mh=K_eqeTqzXf1xpBCV)12.jpg;https://ei.phncdn.com/videos/202511/23/30572925/original/(m=eaAaGwObaaamqv)(mh=K_eqeTqzXf1xpBCV)13.jpg;https://ei.phncdn.com/videos/202511/23/30572925/original/(m=eaAaGwObaaamqv)(mh=K_eqeTqzXf1xpBCV)14.jpg;https://ei.phncdn.com/videos/202511/23/30572925/original/(m=eaAaGwObaaamqv)(mh=K_eqeTqzXf1xpBCV)15.jpg;https://ei.phncdn.com/videos/202511/23/30572925/original/(m=eaAaGwObaaamqv)(mh=K_eqeTqzXf1xpBCV)16.jpg
<iframe src="https://www.pornhub.com/embed/695a5feb51ca6" frameborder="0" height="481" width="608" scrolling="no"></iframe>|https://ei.phncdn.com/videos/202601/04/34750565/original/(m=eaf8GgaaaWavb)(mh=OYNOQ3DeYOwqIUfr)7.jpg|https://ei.phncdn.com/videos/202601/04/34750565/original/(m=eaf8GgaaaWavb)(mh=OYNOQ3DeYOwqIUfr)1.jpg;https://ei.phncdn.com/videos/202601/04/34750565/original/(m=eaf8GgaaaWavb)(mh=OYNOQ3DeYOwqIUfr)2.jpg;https://ei.phncdn.com/videos/202601/04/34750565/original/(m=eaf8GgaaaWavb)(mh=OYNOQ3DeYOwqIUfr)3.jpg;https://ei.phncdn.com/videos/202601/04/34750565/original/(m=eaf8GgaaaWavb)(mh=OYNOQ3DeYOwqIUfr)4.jpg;https://ei.phncdn.com/videos/202601/04/34750565/original/(m=eaf8GgaaaWavb)(mh=OYNOQ3DeYOwqIUfr)5.jpg;https://ei.phncdn.com/videos/202601/04/34750565/original/(m=eaf8GgaaaWavb)(mh=OYNOQ3DeYOwqIUfr)6.jpg;https://ei.phncdn.com/videos/202601/04/34750565/original/(m=eaf8GgaaaWavb)(mh=OYNOQ3DeYOwqIUfr)7.jpg;https://ei.phncdn.com/videos/202601/04/34750565/original/(m=eaf8GgaaaWavb)(mh=OYNOQ3DeYOwqIUfr)8.jpg;https://ei.phncdn.com/videos/202601/04/34750565/original/(m=eaf8GgaaaWavb)(mh=OYNOQ3DeYOwqIUfr)9.jpg;https://ei.phncdn.com/videos/202601/04/34750565/original/(m=eaf8GgaaaWavb)(mh=OYNOQ3DeYOwqIUfr)10.jpg;https://ei.phncdn.com/videos/202601/04/34750565/original/(m=eaf8GgaaaWavb)(mh=OYNOQ3DeYOwqIUfr)11.jpg;https://ei.phncdn.com/videos/202601/04/34750565/original/(m=eaf8GgaaaWavb)(mh=OYNOQ3DeYOwqIUfr)12.jpg;https://ei.phncdn.com/videos/202601/04/34750565/original/(m=eaf8GgaaaWavb)(mh=OYNOQ3DeYOwqIUfr)13.jpg;https://ei.phncdn.com/videos/202601/04/34750565/original/(m=eaf8GgaaaWavb)(mh=OYNOQ3DeYOwqIUfr)14.jpg;https://ei.phncdn.com/videos/202601/04/34750565/original/(m=eaf8GgaaaWavb)(mh=OYNOQ3DeYOwqIUfr)15.jpg;https://ei.phncdn.com/videos/202601/04/34750565/original/(m=eaf8GgaaaWavb)(mh=OYNOQ3DeYOwqIUfr)16.jpg|your fuckbot 2B loves to get filled up with cum|2b;double-penetration;nier-automata;hentai;3d;3d-porn;animated;animation|Double Penetration;Cartoon;Verified Amateurs;Parody||516|75192|420|35|https://ei.phncdn.com/videos/202601/04/34750565/original/(m=eaAaGwObaaamqv)(mh=wTHb-MxE6sgdOS1W)7.jpg|https://ei.phncdn.com/videos/202601/04/34750565/original/(m=eaAaGwObaaamqv)(mh=wTHb-MxE6sgdOS1W)1.jpg;https://ei.phncdn.com/videos/202601/04/34750565/original/(m=eaAaGwObaaamqv)(mh=wTHb-MxE6sgdOS1W)2.jpg;https://ei.phncdn.com/videos/202601/04/34750565/original/(m=eaAaGwObaaamqv)(mh=wTHb-MxE6sgdOS1W)3.jpg;https://ei.phncdn.com/videos/202601/04/34750565/original/(m=eaAaGwObaaamqv)(mh=wTHb-MxE6sgdOS1W)4.jpg;https://ei.phncdn.com/videos/202601/04/34750565/original/(m=eaAaGwObaaamqv)(mh=wTHb-MxE6sgdOS1W)5.jpg;https://ei.phncdn.com/videos/202601/04/34750565/original/(m=eaAaGwObaaamqv)(mh=wTHb-MxE6sgdOS1W)6.jpg;https://ei.phncdn.com/videos/202601/04/34750565/original/(m=eaAaGwObaaamqv)(mh=wTHb-MxE6sgdOS1W)7.jpg;https://ei.phncdn.com/videos/202601/04/34750565/original/(m=eaAaGwObaaamqv)(mh=wTHb-MxE6sgdOS1W)8.jpg;https://ei.phncdn.com/videos/202601/04/34750565/original/(m=eaAaGwObaaamqv)(mh=wTHb-MxE6sgdOS1W)9.jpg;https://ei.phncdn.com/videos/202601/04/34750565/original/(m=eaAaGwObaaamqv)(mh=wTHb-MxE6sgdOS1W)10.jpg;https://ei.phncdn.com/videos/202601/04/34750565/original/(m=eaAaGwObaaamqv)(mh=wTHb-MxE6sgdOS1W)11.jpg;https://ei.phncdn.com/videos/202601/04/34750565/original/(m=eaAaGwObaaamqv)(mh=wTHb-MxE6sgdOS1W)12.jpg;https://ei.phncdn.com/videos/202601/04/34750565/original/(m=eaAaGwObaaamqv)(mh=wTHb-MxE6sgdOS1W)13.jpg;https://ei.phncdn.com/videos/202601/04/34750565/original/(m=eaAaGwObaaamqv)(mh=wTHb-MxE6sgdOS1W)14.jpg;https://ei.phncdn.com/videos/202601/04/34750565/original/(m=eaAaGwObaaamqv)(mh=wTHb-MxE6sgdOS1W)15.jpg;https://ei.phncdn.com/videos/202601/04/34750565/original/(m=eaAaGwObaaamqv)(mh=wTHb-MxE6sgdOS1W)16.jpg
<iframe src="https://www.pornhub.com/embed/6970c8b9f007d" frameborder="0" height="481" width="608" scrolling="no"></iframe>|https://ei.phncdn.com/videos/202601/21/36823095/original/(m=eaf8GgaaaWavb)(mh=ZMxwL3SsFv0iJLm9)12.jpg|https://ei.phncdn.com/videos/202601/21/36823095/original/(m=eaf8GgaaaWavb)(mh=ZMxwL3SsFv0iJLm9)1.jpg;https://ei.phncdn.com/videos/202601/21/36823095/original/(m=eaf8GgaaaWavb)(mh=ZMxwL3SsFv0iJLm9)2.jpg;https://ei.phncdn.com/videos/202601/21/36823095/original/(m=eaf8GgaaaWavb)(mh=ZMxwL3SsFv0iJLm9)3.jpg;https://ei.phncdn.com/videos/202601/21/36823095/original/(m=eaf8GgaaaWavb)(mh=ZMxwL3SsFv0iJLm9)4.jpg;https://ei.phncdn.com/videos/202601/21/36823095/original/(m=eaf8GgaaaWavb)(mh=ZMxwL3SsFv0iJLm9)5.jpg;https://ei.phncdn.com/videos/202601/21/36823095/original/(m=eaf8GgaaaWavb)(mh=ZMxwL3SsFv0iJLm9)6.jpg;https://ei.phncdn.com/videos/202601/21/36823095/original/(m=eaf8GgaaaWavb)(mh=ZMxwL3SsFv0iJLm9)7.jpg;https://ei.phncdn.com/videos/202601/21/36823095/original/(m=eaf8GgaaaWavb)(mh=ZMxwL3SsFv0iJLm9)8.jpg;https://ei.phncdn.com/videos/202601/21/36823095/original/(m=eaf8GgaaaWavb)(mh=ZMxwL3SsFv0iJLm9)9.jpg;https://ei.phncdn.com/videos/202601/21/36823095/original/(m=eaf8GgaaaWavb)(mh=ZMxwL3SsFv0iJLm9)10.jpg;https://ei.phncdn.com/videos/202601/21/36823095/original/(m=eaf8GgaaaWavb)(mh=ZMxwL3SsFv0iJLm9)11.jpg;https://ei.phncdn.com/videos/202601/21/36823095/original/(m=eaf8GgaaaWavb)(mh=ZMxwL3SsFv0iJLm9)12.jpg;https://ei.phncdn.com/videos/202601/21/36823095/original/(m=eaf8GgaaaWavb)(mh=ZMxwL3SsFv0iJLm9)13.jpg;https://ei.phncdn.com/videos/202601/21/36823095/original/(m=eaf8GgaaaWavb)(mh=ZMxwL3SsFv0iJLm9)14.jpg;https://ei.phncdn.com/videos/202601/21/36823095/original/(m=eaf8GgaaaWavb)(mh=ZMxwL3SsFv0iJLm9)15.jpg;https://ei.phncdn.com/videos/202601/21/36823095/original/(m=eaf8GgaaaWavb)(mh=ZMxwL3SsFv0iJLm9)16.jpg|ftm makes his pussy vape|kinky;smoke;ftm;extreme-insertion|Double Penetration;Transgender;Verified Amateurs;Solo Trans||24|1962|7|0|https://ei.phncdn.com/videos/202601/21/36823095/original/(m=eaAaGwObaaamqv)(mh=GmRTDnv0nzDeeYgZ)12.jpg|https://ei.phncdn.com/videos/202601/21/36823095/original/(m=eaAaGwObaaamqv)(mh=GmRTDnv0nzDeeYgZ)1.jpg;https://ei.phncdn.com/videos/202601/21/36823095/original/(m=eaAaGwObaaamqv)(mh=GmRTDnv0nzDeeYgZ)2.jpg;https://ei.phncdn.com/videos/202601/21/36823095/original/(m=eaAaGwObaaamqv)(mh=GmRTDnv0nzDeeYgZ)3.jpg;https://ei.phncdn.com/videos/202601/21/36823095/original/(m=eaAaGwObaaamqv)(mh=GmRTDnv0nzDeeYgZ)4.jpg;https://ei.phncdn.com/videos/202601/21/36823095/original/(m=eaAaGwObaaamqv)(mh=GmRTDnv0nzDeeYgZ)5.jpg;https://ei.phncdn.com/videos/202601/21/36823095/original/(m=eaAaGwObaaamqv)(mh=GmRTDnv0nzDeeYgZ)6.jpg;https://ei.phncdn.com/videos/202601/21/36823095/original/(m=eaAaGwObaaamqv)(mh=GmRTDnv0nzDeeYgZ)7.jpg;https://ei.phncdn.com/videos/202601/21/36823095/original/(m=eaAaGwObaaamqv)(mh=GmRTDnv0nzDeeYgZ)8.jpg;https://ei.phncdn.com/videos/202601/21/36823095/original/(m=eaAaGwObaaamqv)(mh=GmRTDnv0nzDeeYgZ)9.jpg;https://ei.phncdn.com/videos/202601/21/36823095/original/(m=eaAaGwObaaamqv)(mh=GmRTDnv0nzDeeYgZ)10.jpg;https://ei.phncdn.com/videos/202601/21/36823095/original/(m=eaAaGwObaaamqv)(mh=GmRTDnv0nzDeeYgZ)11.jpg;https://ei.phncdn.com/videos/202601/21/36823095/original/(m=eaAaGwObaaamqv)(mh=GmRTDnv0nzDeeYgZ)12.jpg;https://ei.phncdn.com/videos/202601/21/36823095/original/(m=eaAaGwObaaamqv)(mh=GmRTDnv0nzDeeYgZ)13.jpg;https://ei.phncdn.com/videos/202601/21/36823095/original/(m=eaAaGwObaaamqv)(mh=GmRTDnv0nzDeeYgZ)14.jpg;https://ei.phncdn.com/videos/202601/21/36823095/original/(m=eaAaGwObaaamqv)(mh=GmRTDnv0nzDeeYgZ)15.jpg;https://ei.phncdn.com/videos/202601/21/36823095/original/(m=eaAaGwObaaamqv)(mh=GmRTDnv0nzDeeYgZ)16.jpg
<iframe src="https://www.pornhub.com/embed/6980a589621a2" frameborder="0" height="481" width="608" scrolling="no"></iframe>|https://ei.phncdn.com/videos/202602/02/38128275/original/(m=eaf8GgaaaWavb)(mh=fGkqNVfaGeqisC2o)2.jpg|https://ei.phncdn.com/videos/202602/02/38128275/original/(m=eaf8GgaaaWavb)(mh=fGkqNVfaGeqisC2o)1.jpg;https://ei.phncdn.com/videos/202602/02/38128275/original/(m=eaf8GgaaaWavb)(mh=fGkqNVfaGeqisC2o)2.jpg;https://ei.phncdn.com/videos/202602/02/38128275/original/(m=eaf8GgaaaWavb)(mh=fGkqNVfaGeqisC2o)3.jpg;https://ei.phncdn.com/videos/202602/02/38128275/original/(m=eaf8GgaaaWavb)(mh=fGkqNVfaGeqisC2o)4.jpg;https://ei.phncdn.com/videos/202602/02/38128275/original/(m=eaf8GgaaaWavb)(mh=fGkqNVfaGeqisC2o)5.jpg;https://ei.phncdn.com/videos/202602/02/38128275/original/(m=eaf8GgaaaWavb)(mh=fGkqNVfaGeqisC2o)6.jpg;https://ei.phncdn.com/videos/202602/02/38128275/original/(m=eaf8GgaaaWavb)(mh=fGkqNVfaGeqisC2o)7.jpg;https://ei.phncdn.com/videos/202602/02/38128275/original/(m=eaf8GgaaaWavb)(mh=fGkqNVfaGeqisC2o)8.jpg;https://ei.phncdn.com/videos/202602/02/38128275/original/(m=eaf8GgaaaWavb)(mh=fGkqNVfaGeqisC2o)9.jpg;https://ei.phncdn.com/videos/202602/02/38128275/original/(m=eaf8GgaaaWavb)(mh=fGkqNVfaGeqisC2o)10.jpg;https://ei.phncdn.com/videos/202602/02/38128275/original/(m=eaf8GgaaaWavb)(mh=fGkqNVfaGeqisC2o)11.jpg;https://ei.phncdn.com/videos/202602/02/38128275/original/(m=eaf8GgaaaWavb)(mh=fGkqNVfaGeqisC2o)12.jpg;https://ei.phncdn.com/videos/202602/02/38128275/original/(m=eaf8GgaaaWavb)(mh=fGkqNVfaGeqisC2o)13.jpg;https://ei.phncdn.com/videos/202602/02/38128275/original/(m=eaf8GgaaaWavb)(mh=fGkqNVfaGeqisC2o)14.jpg;https://ei.phncdn.com/videos/202602/02/38128275/original/(m=eaf8GgaaaWavb)(mh=fGkqNVfaGeqisC2o)15.jpg;https://ei.phncdn.com/videos/202602/02/38128275/original/(m=eaf8GgaaaWavb)(mh=fGkqNVfaGeqisC2o)16.jpg|Take off that sweater|sqa;sqaplay|Double Penetration;Transgender;Trans With Girl||6|9|||https://ei.phncdn.com/videos/202602/02/38128275/original/(m=eaAaGwObaaamqv)(mh=SXotQcxxzMMmmgOU)2.jpg|https://ei.phncdn.com/videos/202602/02/38128275/original/(m=eaAaGwObaaamqv)(mh=SXotQcxxzMMmmgOU)1.jpg;https://ei.phncdn.com/videos/202602/02/38128275/original/(m=eaAaGwObaaamqv)(mh=SXotQcxxzMMmmgOU)2.jpg;https://ei.phncdn.com/videos/202602/02/38128275/original/(m=eaAaGwObaaamqv)(mh=SXotQcxxzMMmmgOU)3.jpg;https://ei.phncdn.com/videos/202602/02/38128275/original/(m=eaAaGwObaaamqv)(mh=SXotQcxxzMMmmgOU)4.jpg;https://ei.phncdn.com/videos/202602/02/38128275/original/(m=eaAaGwObaaamqv)(mh=SXotQcxxzMMmmgOU)5.jpg;https://ei.phncdn.com/videos/202602/02/38128275/original/(m=eaAaGwObaaamqv)(mh=SXotQcxxzMMmmgOU)6.jpg;https://ei.phncdn.com/videos/202602/02/38128275/original/(m=eaAaGwObaaamqv)(mh=SXotQcxxzMMmmgOU)7.jpg;https://ei.phncdn.com/videos/202602/02/38128275/original/(m=eaAaGwObaaamqv)(mh=SXotQcxxzMMmmgOU)8.jpg;https://ei.phncdn.com/videos/202602/02/38128275/original/(m=eaAaGwObaaamqv)(mh=SXotQcxxzMMmmgOU)9.jpg;https://ei.phncdn.com/videos/202602/02/38128275/original/(m=eaAaGwObaaamqv)(mh=SXotQcxxzMMmmgOU)10.jpg;https://ei.phncdn.com/videos/202602/02/38128275/original/(m=eaAaGwObaaamqv)(mh=SXotQcxxzMMmmgOU)11.jpg;https://ei.phncdn.com/videos/202602/02/38128275/original/(m=eaAaGwObaaamqv)(mh=SXotQcxxzMMmmgOU)12.jpg;https://ei.phncdn.com/videos/202602/02/38128275/original/(m=eaAaGwObaaamqv)(mh=SXotQcxxzMMmmgOU)13.jpg;https://ei.phncdn.com/videos/202602/02/38128275/original/(m=eaAaGwObaaamqv)(mh=SXotQcxxzMMmmgOU)14.jpg;https://ei.phncdn.com/videos/202602/02/38128275/original/(m=eaAaGwObaaamqv)(mh=SXotQcxxzMMmmgOU)15.jpg;https://ei.phncdn.com/videos/202602/02/38128275/original/(m=eaAaGwObaaamqv)(mh=SXotQcxxzMMmmgOU)16.jpg
<iframe src="https://www.pornhub.com/embed/6983606836748" frameborder="0" height="481" width="608" scrolling="no"></iframe>|https://ei.phncdn.com/videos/202602/04/38338365/original/(m=eaf8GgaaaWavb)(mh=ikhF0dKoU6qZ5OJK)12.jpg|https://ei.phncdn.com/videos/202602/04/38338365/original/(m=eaf8GgaaaWavb)(mh=ikhF0dKoU6qZ5OJK)1.jpg;https://ei.phncdn.com/videos/202602/04/38338365/original/(m=eaf8GgaaaWavb)(mh=ikhF0dKoU6qZ5OJK)2.jpg;https://ei.phncdn.com/videos/202602/04/38338365/original/(m=eaf8GgaaaWavb)(mh=ikhF0dKoU6qZ5OJK)3.jpg;https://ei.phncdn.com/videos/202602/04/38338365/original/(m=eaf8GgaaaWavb)(mh=ikhF0dKoU6qZ5OJK)4.jpg;https://ei.phncdn.com/videos/202602/04/38338365/original/(m=eaf8GgaaaWavb)(mh=ikhF0dKoU6qZ5OJK)5.jpg;https://ei.phncdn.com/videos/202602/04/38338365/original/(m=eaf8GgaaaWavb)(mh=ikhF0dKoU6qZ5OJK)6.jpg;https://ei.phncdn.com/videos/202602/04/38338365/original/(m=eaf8GgaaaWavb)(mh=ikhF0dKoU6qZ5OJK)7.jpg;https://ei.phncdn.com/videos/202602/04/38338365/original/(m=eaf8GgaaaWavb)(mh=ikhF0dKoU6qZ5OJK)8.jpg;https://ei.phncdn.com/videos/202602/04/38338365/original/(m=eaf8GgaaaWavb)(mh=ikhF0dKoU6qZ5OJK)9.jpg;https://ei.phncdn.com/videos/202602/04/38338365/original/(m=eaf8GgaaaWavb)(mh=ikhF0dKoU6qZ5OJK)10.jpg;https://ei.phncdn.com/videos/202602/04/38338365/original/(m=eaf8GgaaaWavb)(mh=ikhF0dKoU6qZ5OJK)11.jpg;https://ei.phncdn.com/videos/202602/04/38338365/original/(m=eaf8GgaaaWavb)(mh=ikhF0dKoU6qZ5OJK)12.jpg;https://ei.phncdn.com/videos/202602/04/38338365/original/(m=eaf8GgaaaWavb)(mh=ikhF0dKoU6qZ5OJK)13.jpg;https://ei.phncdn.com/videos/202602/04/38338365/original/(m=eaf8GgaaaWavb)(mh=ikhF0dKoU6qZ5OJK)14.jpg;https://ei.phncdn.com/videos/202602/04/38338365/original/(m=eaf8GgaaaWavb)(mh=ikhF0dKoU6qZ5OJK)15.jpg;https://ei.phncdn.com/videos/202602/04/38338365/original/(m=eaf8GgaaaWavb)(mh=ikhF0dKoU6qZ5OJK)16.jpg|Video xxx|sex-videos;xxx-video|Double Penetration;College (18+);Solo Male;Exclusive;Verified Amateurs||1|111|0|1|https://ei.phncdn.com/videos/202602/04/38338365/original/(m=eaAaGwObaaamqv)(mh=_0NYYivh1nv3dtly)12.jpg|https://ei.phncdn.com/videos/202602/04/38338365/original/(m=eaAaGwObaaamqv)(mh=_0NYYivh1nv3dtly)1.jpg;https://ei.phncdn.com/videos/202602/04/38338365/original/(m=eaAaGwObaaamqv)(mh=_0NYYivh1nv3dtly)2.jpg;https://ei.phncdn.com/videos/202602/04/38338365/original/(m=eaAaGwObaaamqv)(mh=_0NYYivh1nv3dtly)3.jpg;https://ei.phncdn.com/videos/202602/04/38338365/original/(m=eaAaGwObaaamqv)(mh=_0NYYivh1nv3dtly)4.jpg;https://ei.phncdn.com/videos/202602/04/38338365/original/(m=eaAaGwObaaamqv)(mh=_0NYYivh1nv3dtly)5.jpg;https://ei.phncdn.com/videos/202602/04/38338365/original/(m=eaAaGwObaaamqv)(mh=_0NYYivh1nv3dtly)6.jpg;https://ei.phncdn.com/videos/202602/04/38338365/original/(m=eaAaGwObaaamqv)(mh=_0NYYivh1nv3dtly)7.jpg;https://ei.phncdn.com/videos/202602/04/38338365/original/(m=eaAaGwObaaamqv)(mh=_0NYYivh1nv3dtly)8.jpg;https://ei.phncdn.com/videos/202602/04/38338365/original/(m=eaAaGwObaaamqv)(mh=_0NYYivh1nv3dtly)9.jpg;https://ei.phncdn.com/videos/202602/04/38338365/original/(m=eaAaGwObaaamqv)(mh=_0NYYivh1nv3dtly)10.jpg;https://ei.phncdn.com/videos/202602/04/38338365/original/(m=eaAaGwObaaamqv)(mh=_0NYYivh1nv3dtly)11.jpg;https://ei.phncdn.com/videos/202602/04/38338365/original/(m=eaAaGwObaaamqv)(mh=_0NYYivh1nv3dtly)12.jpg;https://ei.phncdn.com/videos/202602/04/38338365/original/(m=eaAaGwObaaamqv)(mh=_0NYYivh1nv3dtly)13.jpg;https://ei.phncdn.com/videos/202602/04/38338365/original/(m=eaAaGwObaaamqv)(mh=_0NYYivh1nv3dtly)14.jpg;https://ei.phncdn.com/videos/202602/04/38338365/original/(m=eaAaGwObaaamqv)(mh=_0NYYivh1nv3dtly)15.jpg;https://ei.phncdn.com/videos/202602/04/38338365/original/(m=eaAaGwObaaamqv)(mh=_0NYYivh1nv3dtly)16.jpg
<iframe src="https://www.pornhub.com/embed/699ebf935a219" frameborder="0" height="481" width="608" scrolling="no"></iframe>|https://ei.phncdn.com/videos/202602/25/40429095/original/(m=eaf8GgaaaWavb)(mh=UvXK-JSKm9Tmccde)1.jpg|https://ei.phncdn.com/videos/202602/25/40429095/original/(m=eaf8GgaaaWavb)(mh=UvXK-JSKm9Tmccde)1.jpg;https://ei.phncdn.com/videos/202602/25/40429095/original/(m=eaf8GgaaaWavb)(mh=UvXK-JSKm9Tmccde)2.jpg;https://ei.phncdn.com/videos/202602/25/40429095/original/(m=eaf8GgaaaWavb)(mh=UvXK-JSKm9Tmccde)3.jpg;https://ei.phncdn.com/videos/202602/25/40429095/original/(m=eaf8GgaaaWavb)(mh=UvXK-JSKm9Tmccde)4.jpg;https://ei.phncdn.com/videos/202602/25/40429095/original/(m=eaf8GgaaaWavb)(mh=UvXK-JSKm9Tmccde)5.jpg;https://ei.phncdn.com/videos/202602/25/40429095/original/(m=eaf8GgaaaWavb)(mh=UvXK-JSKm9Tmccde)6.jpg;https://ei.phncdn.com/videos/202602/25/40429095/original/(m=eaf8GgaaaWavb)(mh=UvXK-JSKm9Tmccde)7.jpg;https://ei.phncdn.com/videos/202602/25/40429095/original/(m=eaf8GgaaaWavb)(mh=UvXK-JSKm9Tmccde)8.jpg;https://ei.phncdn.com/videos/202602/25/40429095/original/(m=eaf8GgaaaWavb)(mh=UvXK-JSKm9Tmccde)9.jpg;https://ei.phncdn.com/videos/202602/25/40429095/original/(m=eaf8GgaaaWavb)(mh=UvXK-JSKm9Tmccde)10.jpg;https://ei.phncdn.com/videos/202602/25/40429095/original/(m=eaf8GgaaaWavb)(mh=UvXK-JSKm9Tmccde)11.jpg;https://ei.phncdn.com/videos/202602/25/40429095/original/(m=eaf8GgaaaWavb)(mh=UvXK-JSKm9Tmccde)12.jpg;https://ei.phncdn.com/videos/202602/25/40429095/original/(m=eaf8GgaaaWavb)(mh=UvXK-JSKm9Tmccde)13.jpg;https://ei.phncdn.com/videos/202602/25/40429095/original/(m=eaf8GgaaaWavb)(mh=UvXK-JSKm9Tmccde)14.jpg;https://ei.phncdn.com/videos/202602/25/40429095/original/(m=eaf8GgaaaWavb)(mh=UvXK-JSKm9Tmccde)15.jpg;https://ei.phncdn.com/videos/202602/25/40429095/original/(m=eaf8GgaaaWavb)(mh=UvXK-JSKm9Tmccde)16.jpg|Nani Lilo and Stitch DOUBLE PENETRATION and 3 men on the beach ! hentai (porn anime sex )4K 2026|hentai;animation;anime;anime-hentai;anime-porn;anime-sex;cartoon;cartoon-animated;cartoon-porn;nani-lilo-and-stitch;double-penetration|Double Penetration;Cartoon;Verified Amateurs||675|24114|68|11|https://ei.phncdn.com/videos/202602/25/40429095/original/(m=eaAaGwObaaamqv)(mh=NJi0yYOEhsckC7A7)1.jpg|https://ei.phncdn.com/videos/202602/25/40429095/original/(m=eaAaGwObaaamqv)(mh=NJi0yYOEhsckC7A7)1.jpg;https://ei.phncdn.com/videos/202602/25/40429095/original/(m=eaAaGwObaaamqv)(mh=NJi0yYOEhsckC7A7)2.jpg;https://ei.phncdn.com/videos/202602/25/40429095/original/(m=eaAaGwObaaamqv)(mh=NJi0yYOEhsckC7A7)3.jpg;https://ei.phncdn.com/videos/202602/25/40429095/original/(m=eaAaGwObaaamqv)(mh=NJi0yYOEhsckC7A7)4.jpg;https://ei.phncdn.com/videos/202602/25/40429095/original/(m=eaAaGwObaaamqv)(mh=NJi0yYOEhsckC7A7)5.jpg;https://ei.phncdn.com/videos/202602/25/40429095/original/(m=eaAaGwObaaamqv)(mh=NJi0yYOEhsckC7A7)6.jpg;https://ei.phncdn.com/videos/202602/25/40429095/original/(m=eaAaGwObaaamqv)(mh=NJi0yYOEhsckC7A7)7.jpg;https://ei.phncdn.com/videos/202602/25/40429095/original/(m=eaAaGwObaaamqv)(mh=NJi0yYOEhsckC7A7)8.jpg;https://ei.phncdn.com/videos/202602/25/40429095/original/(m=eaAaGwObaaamqv)(mh=NJi0yYOEhsckC7A7)9.jpg;https://ei.phncdn.com/videos/202602/25/40429095/original/(m=eaAaGwObaaamqv)(mh=NJi0yYOEhsckC7A7)10.jpg;https://ei.phncdn.com/videos/202602/25/40429095/original/(m=eaAaGwObaaamqv)(mh=NJi0yYOEhsckC7A7)11.jpg;https://ei.phncdn.com/videos/202602/25/40429095/original/(m=eaAaGwObaaamqv)(mh=NJi0yYOEhsckC7A7)12.jpg;https://ei.phncdn.com/videos/202602/25/40429095/original/(m=eaAaGwObaaamqv)(mh=NJi0yYOEhsckC7A7)13.jpg;https://ei.phncdn.com/videos/202602/25/40429095/original/(m=eaAaGwObaaamqv)(mh=NJi0yYOEhsckC7A7)14.jpg;https://ei.phncdn.com/videos/202602/25/40429095/original/(m=eaAaGwObaaamqv)(mh=NJi0yYOEhsckC7A7)15.jpg;https://ei.phncdn.com/videos/202602/25/40429095/original/(m=eaAaGwObaaamqv)(mh=NJi0yYOEhsckC7A7)16.jpg
<iframe src="https://www.pornhub.com/embed/699efeace6bbd" frameborder="0" height="481" width="608" scrolling="no"></iframe>|https://ei.phncdn.com/videos/202602/25/40444325/original/(m=eaf8GgaaaWavb)(mh=poAaRmxfw69f7-_I)12.jpg|https://ei.phncdn.com/videos/202602/25/40444325/original/(m=eaf8GgaaaWavb)(mh=poAaRmxfw69f7-_I)1.jpg;https://ei.phncdn.com/videos/202602/25/40444325/original/(m=eaf8GgaaaWavb)(mh=poAaRmxfw69f7-_I)2.jpg;https://ei.phncdn.com/videos/202602/25/40444325/original/(m=eaf8GgaaaWavb)(mh=poAaRmxfw69f7-_I)3.jpg;https://ei.phncdn.com/videos/202602/25/40444325/original/(m=eaf8GgaaaWavb)(mh=poAaRmxfw69f7-_I)4.jpg;https://ei.phncdn.com/videos/202602/25/40444325/original/(m=eaf8GgaaaWavb)(mh=poAaRmxfw69f7-_I)5.jpg;https://ei.phncdn.com/videos/202602/25/40444325/original/(m=eaf8GgaaaWavb)(mh=poAaRmxfw69f7-_I)6.jpg;https://ei.phncdn.com/videos/202602/25/40444325/original/(m=eaf8GgaaaWavb)(mh=poAaRmxfw69f7-_I)7.jpg;https://ei.phncdn.com/videos/202602/25/40444325/original/(m=eaf8GgaaaWavb)(mh=poAaRmxfw69f7-_I)8.jpg;https://ei.phncdn.com/videos/202602/25/40444325/original/(m=eaf8GgaaaWavb)(mh=poAaRmxfw69f7-_I)9.jpg;https://ei.phncdn.com/videos/202602/25/40444325/original/(m=eaf8GgaaaWavb)(mh=poAaRmxfw69f7-_I)10.jpg;https://ei.phncdn.com/videos/202602/25/40444325/original/(m=eaf8GgaaaWavb)(mh=poAaRmxfw69f7-_I)11.jpg;https://ei.phncdn.com/videos/202602/25/40444325/original/(m=eaf8GgaaaWavb)(mh=poAaRmxfw69f7-_I)12.jpg;https://ei.phncdn.com/videos/202602/25/40444325/original/(m=eaf8GgaaaWavb)(mh=poAaRmxfw69f7-_I)13.jpg;https://ei.phncdn.com/videos/202602/25/40444325/original/(m=eaf8GgaaaWavb)(mh=poAaRmxfw69f7-_I)14.jpg;https://ei.phncdn.com/videos/202602/25/40444325/original/(m=eaf8GgaaaWavb)(mh=poAaRmxfw69f7-_I)15.jpg;https://ei.phncdn.com/videos/202602/25/40444325/original/(m=eaf8GgaaaWavb)(mh=poAaRmxfw69f7-_I)16.jpg|Pasta making|sqa;qa|Double Penetration||6|3|||https://ei.phncdn.com/videos/202602/25/40444325/original/(m=eaAaGwObaaamqv)(mh=kA0bVPSOmiT5DoKN)12.jpg|https://ei.phncdn.com/videos/202602/25/40444325/original/(m=eaAaGwObaaamqv)(mh=kA0bVPSOmiT5DoKN)1.jpg;https://ei.phncdn.com/videos/202602/25/40444325/original/(m=eaAaGwObaaamqv)(mh=kA0bVPSOmiT5DoKN)2.jpg;https://ei.phncdn.com/videos/202602/25/40444325/original/(m=eaAaGwObaaamqv)(mh=kA0bVPSOmiT5DoKN)3.jpg;https://ei.phncdn.com/videos/202602/25/40444325/original/(m=eaAaGwObaaamqv)(mh=kA0bVPSOmiT5DoKN)4.jpg;https://ei.phncdn.com/videos/202602/25/40444325/original/(m=eaAaGwObaaamqv)(mh=kA0bVPSOmiT5DoKN)5.jpg;https://ei.phncdn.com/videos/202602/25/40444325/original/(m=eaAaGwObaaamqv)(mh=kA0bVPSOmiT5DoKN)6.jpg;https://ei.phncdn.com/videos/202602/25/40444325/original/(m=eaAaGwObaaamqv)(mh=kA0bVPSOmiT5DoKN)7.jpg;https://ei.phncdn.com/videos/202602/25/40444325/original/(m=eaAaGwObaaamqv)(mh=kA0bVPSOmiT5DoKN)8.jpg;https://ei.phncdn.com/videos/202602/25/40444325/original/(m=eaAaGwObaaamqv)(mh=kA0bVPSOmiT5DoKN)9.jpg;https://ei.phncdn.com/videos/202602/25/40444325/original/(m=eaAaGwObaaamqv)(mh=kA0bVPSOmiT5DoKN)10.jpg;https://ei.phncdn.com/videos/202602/25/40444325/original/(m=eaAaGwObaaamqv)(mh=kA0bVPSOmiT5DoKN)11.jpg;https://ei.phncdn.com/videos/202602/25/40444325/original/(m=eaAaGwObaaamqv)(mh=kA0bVPSOmiT5DoKN)12.jpg;https://ei.phncdn.com/videos/202602/25/40444325/original/(m=eaAaGwObaaamqv)(mh=kA0bVPSOmiT5DoKN)13.jpg;https://ei.phncdn.com/videos/202602/25/40444325/original/(m=eaAaGwObaaamqv)(mh=kA0bVPSOmiT5DoKN)14.jpg;https://ei.phncdn.com/videos/202602/25/40444325/original/(m=eaAaGwObaaamqv)(mh=kA0bVPSOmiT5DoKN)15.jpg;https://ei.phncdn.com/videos/202602/25/40444325/original/(m=eaAaGwObaaamqv)(mh=kA0bVPSOmiT5DoKN)16.jpg
<iframe src="https://www.pornhub.com/embed/69a6e7d57ead0" frameborder="0" height="481" width="608" scrolling="no"></iframe>|https://ei.phncdn.com/videos/202603/03/40986745/original/(m=eaf8GgaaaWavb)(mh=0sapfMXh6Nhgprhv)15.jpg|https://ei.phncdn.com/videos/202603/03/40986745/original/(m=eaf8GgaaaWavb)(mh=0sapfMXh6Nhgprhv)1.jpg;https://ei.phncdn.com/videos/202603/03/40986745/original/(m=eaf8GgaaaWavb)(mh=0sapfMXh6Nhgprhv)2.jpg;https://ei.phncdn.com/videos/202603/03/40986745/original/(m=eaf8GgaaaWavb)(mh=0sapfMXh6Nhgprhv)3.jpg;https://ei.phncdn.com/videos/202603/03/40986745/original/(m=eaf8GgaaaWavb)(mh=0sapfMXh6Nhgprhv)4.jpg;https://ei.phncdn.com/videos/202603/03/40986745/original/(m=eaf8GgaaaWavb)(mh=0sapfMXh6Nhgprhv)5.jpg;https://ei.phncdn.com/videos/202603/03/40986745/original/(m=eaf8GgaaaWavb)(mh=0sapfMXh6Nhgprhv)6.jpg;https://ei.phncdn.com/videos/202603/03/40986745/original/(m=eaf8GgaaaWavb)(mh=0sapfMXh6Nhgprhv)7.jpg;https://ei.phncdn.com/videos/202603/03/40986745/original/(m=eaf8GgaaaWavb)(mh=0sapfMXh6Nhgprhv)8.jpg;https://ei.phncdn.com/videos/202603/03/40986745/original/(m=eaf8GgaaaWavb)(mh=0sapfMXh6Nhgprhv)9.jpg;https://ei.phncdn.com/videos/202603/03/40986745/original/(m=eaf8GgaaaWavb)(mh=0sapfMXh6Nhgprhv)10.jpg;https://ei.phncdn.com/videos/202603/03/40986745/original/(m=eaf8GgaaaWavb)(mh=0sapfMXh6Nhgprhv)11.jpg;https://ei.phncdn.com/videos/202603/03/40986745/original/(m=eaf8GgaaaWavb)(mh=0sapfMXh6Nhgprhv)12.jpg;https://ei.phncdn.com/videos/202603/03/40986745/original/(m=eaf8GgaaaWavb)(mh=0sapfMXh6Nhgprhv)13.jpg;https://ei.phncdn.com/videos/202603/03/40986745/original/(m=eaf8GgaaaWavb)(mh=0sapfMXh6Nhgprhv)14.jpg;https://ei.phncdn.com/videos/202603/03/40986745/original/(m=eaf8GgaaaWavb)(mh=0sapfMXh6Nhgprhv)15.jpg;https://ei.phncdn.com/videos/202603/03/40986745/original/(m=eaf8GgaaaWavb)(mh=0sapfMXh6Nhgprhv)16.jpg|Dagger Duchess fuck with 2 brabarian dicks|clash-royale;threesome;blowjob;doggy-style;outdoor-sex;3d;blender-animation;close-up-pussy|Double Penetration;Cartoon;Verified Amateurs;Deepthroat||48|13745|60|10|https://ei.phncdn.com/videos/202603/03/40986745/original/(m=eaAaGwObaaamqv)(mh=YyjpJOSTxh_Q8yWB)15.jpg|https://ei.phncdn.com/videos/202603/03/40986745/original/(m=eaAaGwObaaamqv)(mh=YyjpJOSTxh_Q8yWB)1.jpg;https://ei.phncdn.com/videos/202603/03/40986745/original/(m=eaAaGwObaaamqv)(mh=YyjpJOSTxh_Q8yWB)2.jpg;https://ei.phncdn.com/videos/202603/03/40986745/original/(m=eaAaGwObaaamqv)(mh=YyjpJOSTxh_Q8yWB)3.jpg;https://ei.phncdn.com/videos/202603/03/40986745/original/(m=eaAaGwObaaamqv)(mh=YyjpJOSTxh_Q8yWB)4.jpg;https://ei.phncdn.com/videos/202603/03/40986745/original/(m=eaAaGwObaaamqv)(mh=YyjpJOSTxh_Q8yWB)5.jpg;https://ei.phncdn.com/videos/202603/03/40986745/original/(m=eaAaGwObaaamqv)(mh=YyjpJOSTxh_Q8yWB)6.jpg;https://ei.phncdn.com/videos/202603/03/40986745/original/(m=eaAaGwObaaamqv)(mh=YyjpJOSTxh_Q8yWB)7.jpg;https://ei.phncdn.com/videos/202603/03/40986745/original/(m=eaAaGwObaaamqv)(mh=YyjpJOSTxh_Q8yWB)8.jpg;https://ei.phncdn.com/videos/202603/03/40986745/original/(m=eaAaGwObaaamqv)(mh=YyjpJOSTxh_Q8yWB)9.jpg;https://ei.phncdn.com/videos/202603/03/40986745/original/(m=eaAaGwObaaamqv)(mh=YyjpJOSTxh_Q8yWB)10.jpg;https://ei.phncdn.com/videos/202603/03/40986745/original/(m=eaAaGwObaaamqv)(mh=YyjpJOSTxh_Q8yWB)11.jpg;https://ei.phncdn.com/videos/202603/03/40986745/original/(m=eaAaGwObaaamqv)(mh=YyjpJOSTxh_Q8yWB)12.jpg;https://ei.phncdn.com/videos/202603/03/40986745/original/(m=eaAaGwObaaamqv)(mh=YyjpJOSTxh_Q8yWB)13.jpg;https://ei.phncdn.com/videos/202603/03/40986745/original/(m=eaAaGwObaaamqv)(mh=YyjpJOSTxh_Q8yWB)14.jpg;https://ei.phncdn.com/videos/202603/03/40986745/original/(m=eaAaGwObaaamqv)(mh=YyjpJOSTxh_Q8yWB)15.jpg;https://ei.phncdn.com/videos/202603/03/40986745/original/(m=eaAaGwObaaamqv)(mh=YyjpJOSTxh_Q8yWB)16.jpg
<iframe src="https://www.pornhub.com/embed/69cb64d557753" frameborder="0" height="481" width="608" scrolling="no"></iframe>|https://ei.phncdn.com/videos/202603/31/43873665/original/(m=eaf8GgaaaWavb)(mh=gXc2kCcXdcmvORbu)12.jpg|https://ei.phncdn.com/videos/202603/31/43873665/original/(m=eaf8GgaaaWavb)(mh=gXc2kCcXdcmvORbu)1.jpg;https://ei.phncdn.com/videos/202603/31/43873665/original/(m=eaf8GgaaaWavb)(mh=gXc2kCcXdcmvORbu)2.jpg;https://ei.phncdn.com/videos/202603/31/43873665/original/(m=eaf8GgaaaWavb)(mh=gXc2kCcXdcmvORbu)3.jpg;https://ei.phncdn.com/videos/202603/31/43873665/original/(m=eaf8GgaaaWavb)(mh=gXc2kCcXdcmvORbu)4.jpg;https://ei.phncdn.com/videos/202603/31/43873665/original/(m=eaf8GgaaaWavb)(mh=gXc2kCcXdcmvORbu)5.jpg;https://ei.phncdn.com/videos/202603/31/43873665/original/(m=eaf8GgaaaWavb)(mh=gXc2kCcXdcmvORbu)6.jpg;https://ei.phncdn.com/videos/202603/31/43873665/original/(m=eaf8GgaaaWavb)(mh=gXc2kCcXdcmvORbu)7.jpg;https://ei.phncdn.com/videos/202603/31/43873665/original/(m=eaf8GgaaaWavb)(mh=gXc2kCcXdcmvORbu)8.jpg;https://ei.phncdn.com/videos/202603/31/43873665/original/(m=eaf8GgaaaWavb)(mh=gXc2kCcXdcmvORbu)9.jpg;https://ei.phncdn.com/videos/202603/31/43873665/original/(m=eaf8GgaaaWavb)(mh=gXc2kCcXdcmvORbu)10.jpg;https://ei.phncdn.com/videos/202603/31/43873665/original/(m=eaf8GgaaaWavb)(mh=gXc2kCcXdcmvORbu)11.jpg;https://ei.phncdn.com/videos/202603/31/43873665/original/(m=eaf8GgaaaWavb)(mh=gXc2kCcXdcmvORbu)12.jpg;https://ei.phncdn.com/videos/202603/31/43873665/original/(m=eaf8GgaaaWavb)(mh=gXc2kCcXdcmvORbu)13.jpg;https://ei.phncdn.com/videos/202603/31/43873665/original/(m=eaf8GgaaaWavb)(mh=gXc2kCcXdcmvORbu)14.jpg;https://ei.phncdn.com/videos/202603/31/43873665/original/(m=eaf8GgaaaWavb)(mh=gXc2kCcXdcmvORbu)15.jpg;https://ei.phncdn.com/videos/202603/31/43873665/original/(m=eaf8GgaaaWavb)(mh=gXc2kCcXdcmvORbu)16.jpg|Wishing I Was Riding A Real Dick This Big|bbw;culo-grande-latina;big-tits-milf;dildo-ride|Double Penetration;Exclusive;Verified Amateurs;Solo Female;Female Orgasm||49|5|1|0|https://ei.phncdn.com/videos/202603/31/43873665/original/(m=eaAaGwObaaamqv)(mh=8Q7Ild76EbfGc3pF)12.jpg|https://ei.phncdn.com/videos/202603/31/43873665/original/(m=eaAaGwObaaamqv)(mh=8Q7Ild76EbfGc3pF)1.jpg;https://ei.phncdn.com/videos/202603/31/43873665/original/(m=eaAaGwObaaamqv)(mh=8Q7Ild76EbfGc3pF)2.jpg;https://ei.phncdn.com/videos/202603/31/43873665/original/(m=eaAaGwObaaamqv)(mh=8Q7Ild76EbfGc3pF)3.jpg;https://ei.phncdn.com/videos/202603/31/43873665/original/(m=eaAaGwObaaamqv)(mh=8Q7Ild76EbfGc3pF)4.jpg;https://ei.phncdn.com/videos/202603/31/43873665/original/(m=eaAaGwObaaamqv)(mh=8Q7Ild76EbfGc3pF)5.jpg;https://ei.phncdn.com/videos/202603/31/43873665/original/(m=eaAaGwObaaamqv)(mh=8Q7Ild76EbfGc3pF)6.jpg;https://ei.phncdn.com/videos/202603/31/43873665/original/(m=eaAaGwObaaamqv)(mh=8Q7Ild76EbfGc3pF)7.jpg;https://ei.phncdn.com/videos/202603/31/43873665/original/(m=eaAaGwObaaamqv)(mh=8Q7Ild76EbfGc3pF)8.jpg;https://ei.phncdn.com/videos/202603/31/43873665/original/(m=eaAaGwObaaamqv)(mh=8Q7Ild76EbfGc3pF)9.jpg;https://ei.phncdn.com/videos/202603/31/43873665/original/(m=eaAaGwObaaamqv)(mh=8Q7Ild76EbfGc3pF)10.jpg;https://ei.phncdn.com/videos/202603/31/43873665/original/(m=eaAaGwObaaamqv)(mh=8Q7Ild76EbfGc3pF)11.jpg;https://ei.phncdn.com/videos/202603/31/43873665/original/(m=eaAaGwObaaamqv)(mh=8Q7Ild76EbfGc3pF)12.jpg;https://ei.phncdn.com/videos/202603/31/43873665/original/(m=eaAaGwObaaamqv)(mh=8Q7Ild76EbfGc3pF)13.jpg;https://ei.phncdn.com/videos/202603/31/43873665/original/(m=eaAaGwObaaamqv)(mh=8Q7Ild76EbfGc3pF)14.jpg;https://ei.phncdn.com/videos/202603/31/43873665/original/(m=eaAaGwObaaamqv)(mh=8Q7Ild76EbfGc3pF)15.jpg;https://ei.phncdn.com/videos/202603/31/43873665/original/(m=eaAaGwObaaamqv)(mh=8Q7Ild76EbfGc3pF)16.jpg
<iframe src="https://www.pornhub.com/embed/69cca422e1321" frameborder="0" height="481" width="608" scrolling="no"></iframe>|https://ei.phncdn.com/videos/202604/01/43983785/original/(m=eaf8GgaaaWavb)(mh=w2JPGwOX2CKTWHPr)12.jpg|https://ei.phncdn.com/videos/202604/01/43983785/original/(m=eaf8GgaaaWavb)(mh=w2JPGwOX2CKTWHPr)1.jpg;https://ei.phncdn.com/videos/202604/01/43983785/original/(m=eaf8GgaaaWavb)(mh=w2JPGwOX2CKTWHPr)2.jpg;https://ei.phncdn.com/videos/202604/01/43983785/original/(m=eaf8GgaaaWavb)(mh=w2JPGwOX2CKTWHPr)3.jpg;https://ei.phncdn.com/videos/202604/01/43983785/original/(m=eaf8GgaaaWavb)(mh=w2JPGwOX2CKTWHPr)4.jpg;https://ei.phncdn.com/videos/202604/01/43983785/original/(m=eaf8GgaaaWavb)(mh=w2JPGwOX2CKTWHPr)5.jpg;https://ei.phncdn.com/videos/202604/01/43983785/original/(m=eaf8GgaaaWavb)(mh=w2JPGwOX2CKTWHPr)6.jpg;https://ei.phncdn.com/videos/202604/01/43983785/original/(m=eaf8GgaaaWavb)(mh=w2JPGwOX2CKTWHPr)7.jpg;https://ei.phncdn.com/videos/202604/01/43983785/original/(m=eaf8GgaaaWavb)(mh=w2JPGwOX2CKTWHPr)8.jpg;https://ei.phncdn.com/videos/202604/01/43983785/original/(m=eaf8GgaaaWavb)(mh=w2JPGwOX2CKTWHPr)9.jpg;https://ei.phncdn.com/videos/202604/01/43983785/original/(m=eaf8GgaaaWavb)(mh=w2JPGwOX2CKTWHPr)10.jpg;https://ei.phncdn.com/videos/202604/01/43983785/original/(m=eaf8GgaaaWavb)(mh=w2JPGwOX2CKTWHPr)11.jpg;https://ei.phncdn.com/videos/202604/01/43983785/original/(m=eaf8GgaaaWavb)(mh=w2JPGwOX2CKTWHPr)12.jpg;https://ei.phncdn.com/videos/202604/01/43983785/original/(m=eaf8GgaaaWavb)(mh=w2JPGwOX2CKTWHPr)13.jpg;https://ei.phncdn.com/videos/202604/01/43983785/original/(m=eaf8GgaaaWavb)(mh=w2JPGwOX2CKTWHPr)14.jpg;https://ei.phncdn.com/videos/202604/01/43983785/original/(m=eaf8GgaaaWavb)(mh=w2JPGwOX2CKTWHPr)15.jpg;https://ei.phncdn.com/videos/202604/01/43983785/original/(m=eaf8GgaaaWavb)(mh=w2JPGwOX2CKTWHPr)16.jpg|White dick smashing black pussy|cum-in-throat;eating-pussy|Double Penetration;Exclusive;Verified Amateurs;Deepthroat||1212|53|1|0|https://ei.phncdn.com/videos/202604/01/43983785/original/(m=eaAaGwObaaamqv)(mh=Gjw5wER7M0LLiUOD)12.jpg|https://ei.phncdn.com/videos/202604/01/43983785/original/(m=eaAaGwObaaamqv)(mh=Gjw5wER7M0LLiUOD)1.jpg;https://ei.phncdn.com/videos/202604/01/43983785/original/(m=eaAaGwObaaamqv)(mh=Gjw5wER7M0LLiUOD)2.jpg;https://ei.phncdn.com/videos/202604/01/43983785/original/(m=eaAaGwObaaamqv)(mh=Gjw5wER7M0LLiUOD)3.jpg;https://ei.phncdn.com/videos/202604/01/43983785/original/(m=eaAaGwObaaamqv)(mh=Gjw5wER7M0LLiUOD)4.jpg;https://ei.phncdn.com/videos/202604/01/43983785/original/(m=eaAaGwObaaamqv)(mh=Gjw5wER7M0LLiUOD)5.jpg;https://ei.phncdn.com/videos/202604/01/43983785/original/(m=eaAaGwObaaamqv)(mh=Gjw5wER7M0LLiUOD)6.jpg;https://ei.phncdn.com/videos/202604/01/43983785/original/(m=eaAaGwObaaamqv)(mh=Gjw5wER7M0LLiUOD)7.jpg;https://ei.phncdn.com/videos/202604/01/43983785/original/(m=eaAaGwObaaamqv)(mh=Gjw5wER7M0LLiUOD)8.jpg;https://ei.phncdn.com/videos/202604/01/43983785/original/(m=eaAaGwObaaamqv)(mh=Gjw5wER7M0LLiUOD)9.jpg;https://ei.phncdn.com/videos/202604/01/43983785/original/(m=eaAaGwObaaamqv)(mh=Gjw5wER7M0LLiUOD)10.jpg;https://ei.phncdn.com/videos/202604/01/43983785/original/(m=eaAaGwObaaamqv)(mh=Gjw5wER7M0LLiUOD)11.jpg;https://ei.phncdn.com/videos/202604/01/43983785/original/(m=eaAaGwObaaamqv)(mh=Gjw5wER7M0LLiUOD)12.jpg;https://ei.phncdn.com/videos/202604/01/43983785/original/(m=eaAaGwObaaamqv)(mh=Gjw5wER7M0LLiUOD)13.jpg;https://ei.phncdn.com/videos/202604/01/43983785/original/(m=eaAaGwObaaamqv)(mh=Gjw5wER7M0LLiUOD)14.jpg;https://ei.phncdn.com/videos/202604/01/43983785/original/(m=eaAaGwObaaamqv)(mh=Gjw5wER7M0LLiUOD)15.jpg;https://ei.phncdn.com/videos/202604/01/43983785/original/(m=eaAaGwObaaamqv)(mh=Gjw5wER7M0LLiUOD)16.jpg
<iframe src="https://www.pornhub.com/embed/69e06a35af62b" frameborder="0" height="481" width="608" scrolling="no"></iframe>|https://ei.phncdn.com/videos/202604/16/45412265/original/(m=eaf8GgaaaWavb)(mh=WO9S1TEwZHahTax1)12.jpg|https://ei.phncdn.com/videos/202604/16/45412265/original/(m=eaf8GgaaaWavb)(mh=WO9S1TEwZHahTax1)1.jpg;https://ei.phncdn.com/videos/202604/16/45412265/original/(m=eaf8GgaaaWavb)(mh=WO9S1TEwZHahTax1)2.jpg;https://ei.phncdn.com/videos/202604/16/45412265/original/(m=eaf8GgaaaWavb)(mh=WO9S1TEwZHahTax1)3.jpg;https://ei.phncdn.com/videos/202604/16/45412265/original/(m=eaf8GgaaaWavb)(mh=WO9S1TEwZHahTax1)4.jpg;https://ei.phncdn.com/videos/202604/16/45412265/original/(m=eaf8GgaaaWavb)(mh=WO9S1TEwZHahTax1)5.jpg;https://ei.phncdn.com/videos/202604/16/45412265/original/(m=eaf8GgaaaWavb)(mh=WO9S1TEwZHahTax1)6.jpg;https://ei.phncdn.com/videos/202604/16/45412265/original/(m=eaf8GgaaaWavb)(mh=WO9S1TEwZHahTax1)7.jpg;https://ei.phncdn.com/videos/202604/16/45412265/original/(m=eaf8GgaaaWavb)(mh=WO9S1TEwZHahTax1)8.jpg;https://ei.phncdn.com/videos/202604/16/45412265/original/(m=eaf8GgaaaWavb)(mh=WO9S1TEwZHahTax1)9.jpg;https://ei.phncdn.com/videos/202604/16/45412265/original/(m=eaf8GgaaaWavb)(mh=WO9S1TEwZHahTax1)10.jpg;https://ei.phncdn.com/videos/202604/16/45412265/original/(m=eaf8GgaaaWavb)(mh=WO9S1TEwZHahTax1)11.jpg;https://ei.phncdn.com/videos/202604/16/45412265/original/(m=eaf8GgaaaWavb)(mh=WO9S1TEwZHahTax1)12.jpg;https://ei.phncdn.com/videos/202604/16/45412265/original/(m=eaf8GgaaaWavb)(mh=WO9S1TEwZHahTax1)13.jpg;https://ei.phncdn.com/videos/202604/16/45412265/original/(m=eaf8GgaaaWavb)(mh=WO9S1TEwZHahTax1)14.jpg;https://ei.phncdn.com/videos/202604/16/45412265/original/(m=eaf8GgaaaWavb)(mh=WO9S1TEwZHahTax1)15.jpg;https://ei.phncdn.com/videos/202604/16/45412265/original/(m=eaf8GgaaaWavb)(mh=WO9S1TEwZHahTax1)16.jpg|Double cock hunger fuels fevered thrust|dp;two-dicks-one-pussy|Double Penetration;Exclusive;Verified Amateurs;Solo Female;Female Orgasm||72|173|6|0|https://ei.phncdn.com/videos/202604/16/45412265/original/(m=eaAaGwObaaamqv)(mh=1Oq7bj0hdtDIgDDx)12.jpg|https://ei.phncdn.com/videos/202604/16/45412265/original/(m=eaAaGwObaaamqv)(mh=1Oq7bj0hdtDIgDDx)1.jpg;https://ei.phncdn.com/videos/202604/16/45412265/original/(m=eaAaGwObaaamqv)(mh=1Oq7bj0hdtDIgDDx)2.jpg;https://ei.phncdn.com/videos/202604/16/45412265/original/(m=eaAaGwObaaamqv)(mh=1Oq7bj0hdtDIgDDx)3.jpg;https://ei.phncdn.com/videos/202604/16/45412265/original/(m=eaAaGwObaaamqv)(mh=1Oq7bj0hdtDIgDDx)4.jpg;https://ei.phncdn.com/videos/202604/16/45412265/original/(m=eaAaGwObaaamqv)(mh=1Oq7bj0hdtDIgDDx)5.jpg;https://ei.phncdn.com/videos/202604/16/45412265/original/(m=eaAaGwObaaamqv)(mh=1Oq7bj0hdtDIgDDx)6.jpg;https://ei.phncdn.com/videos/202604/16/45412265/original/(m=eaAaGwObaaamqv)(mh=1Oq7bj0hdtDIgDDx)7.jpg;https://ei.phncdn.com/videos/202604/16/45412265/original/(m=eaAaGwObaaamqv)(mh=1Oq7bj0hdtDIgDDx)8.jpg;https://ei.phncdn.com/videos/202604/16/45412265/original/(m=eaAaGwObaaamqv)(mh=1Oq7bj0hdtDIgDDx)9.jpg;https://ei.phncdn.com/videos/202604/16/45412265/original/(m=eaAaGwObaaamqv)(mh=1Oq7bj0hdtDIgDDx)10.jpg;https://ei.phncdn.com/videos/202604/16/45412265/original/(m=eaAaGwObaaamqv)(mh=1Oq7bj0hdtDIgDDx)11.jpg;https://ei.phncdn.com/videos/202604/16/45412265/original/(m=eaAaGwObaaamqv)(mh=1Oq7bj0hdtDIgDDx)12.jpg;https://ei.phncdn.com/videos/202604/16/45412265/original/(m=eaAaGwObaaamqv)(mh=1Oq7bj0hdtDIgDDx)13.jpg;https://ei.phncdn.com/videos/202604/16/45412265/original/(m=eaAaGwObaaamqv)(mh=1Oq7bj0hdtDIgDDx)14.jpg;https://ei.phncdn.com/videos/202604/16/45412265/original/(m=eaAaGwObaaamqv)(mh=1Oq7bj0hdtDIgDDx)15.jpg;https://ei.phncdn.com/videos/202604/16/45412265/original/(m=eaAaGwObaaamqv)(mh=1Oq7bj0hdtDIgDDx)16.jpg
<iframe src="https://www.pornhub.com/embed/69e25646b7adf" frameborder="0" height="481" width="608" scrolling="no"></iframe>|https://ei.phncdn.com/videos/202604/17/45580825/original/(m=eaf8GgaaaWavb)(mh=TGxqL84IGePItVZj)12.jpg|https://ei.phncdn.com/videos/202604/17/45580825/original/(m=eaf8GgaaaWavb)(mh=TGxqL84IGePItVZj)1.jpg;https://ei.phncdn.com/videos/202604/17/45580825/original/(m=eaf8GgaaaWavb)(mh=TGxqL84IGePItVZj)2.jpg;https://ei.phncdn.com/videos/202604/17/45580825/original/(m=eaf8GgaaaWavb)(mh=TGxqL84IGePItVZj)3.jpg;https://ei.phncdn.com/videos/202604/17/45580825/original/(m=eaf8GgaaaWavb)(mh=TGxqL84IGePItVZj)4.jpg;https://ei.phncdn.com/videos/202604/17/45580825/original/(m=eaf8GgaaaWavb)(mh=TGxqL84IGePItVZj)5.jpg;https://ei.phncdn.com/videos/202604/17/45580825/original/(m=eaf8GgaaaWavb)(mh=TGxqL84IGePItVZj)6.jpg;https://ei.phncdn.com/videos/202604/17/45580825/original/(m=eaf8GgaaaWavb)(mh=TGxqL84IGePItVZj)7.jpg;https://ei.phncdn.com/videos/202604/17/45580825/original/(m=eaf8GgaaaWavb)(mh=TGxqL84IGePItVZj)8.jpg;https://ei.phncdn.com/videos/202604/17/45580825/original/(m=eaf8GgaaaWavb)(mh=TGxqL84IGePItVZj)9.jpg;https://ei.phncdn.com/videos/202604/17/45580825/original/(m=eaf8GgaaaWavb)(mh=TGxqL84IGePItVZj)10.jpg;https://ei.phncdn.com/videos/202604/17/45580825/original/(m=eaf8GgaaaWavb)(mh=TGxqL84IGePItVZj)11.jpg;https://ei.phncdn.com/videos/202604/17/45580825/original/(m=eaf8GgaaaWavb)(mh=TGxqL84IGePItVZj)12.jpg;https://ei.phncdn.com/videos/202604/17/45580825/original/(m=eaf8GgaaaWavb)(mh=TGxqL84IGePItVZj)13.jpg;https://ei.phncdn.com/videos/202604/17/45580825/original/(m=eaf8GgaaaWavb)(mh=TGxqL84IGePItVZj)14.jpg;https://ei.phncdn.com/videos/202604/17/45580825/original/(m=eaf8GgaaaWavb)(mh=TGxqL84IGePItVZj)15.jpg;https://ei.phncdn.com/videos/202604/17/45580825/original/(m=eaf8GgaaaWavb)(mh=TGxqL84IGePItVZj)16.jpg|Lovely|sqa;qa|Double Penetration;Czech||8|4|||https://ei.phncdn.com/videos/202604/17/45580825/original/(m=eaAaGwObaaamqv)(mh=aNa2Go-3EIc4XQ8y)12.jpg|https://ei.phncdn.com/videos/202604/17/45580825/original/(m=eaAaGwObaaamqv)(mh=aNa2Go-3EIc4XQ8y)1.jpg;https://ei.phncdn.com/videos/202604/17/45580825/original/(m=eaAaGwObaaamqv)(mh=aNa2Go-3EIc4XQ8y)2.jpg;https://ei.phncdn.com/videos/202604/17/45580825/original/(m=eaAaGwObaaamqv)(mh=aNa2Go-3EIc4XQ8y)3.jpg;https://ei.phncdn.com/videos/202604/17/45580825/original/(m=eaAaGwObaaamqv)(mh=aNa2Go-3EIc4XQ8y)4.jpg;https://ei.phncdn.com/videos/202604/17/45580825/original/(m=eaAaGwObaaamqv)(mh=aNa2Go-3EIc4XQ8y)5.jpg;https://ei.phncdn.com/videos/202604/17/45580825/original/(m=eaAaGwObaaamqv)(mh=aNa2Go-3EIc4XQ8y)6.jpg;https://ei.phncdn.com/videos/202604/17/45580825/original/(m=eaAaGwObaaamqv)(mh=aNa2Go-3EIc4XQ8y)7.jpg;https://ei.phncdn.com/videos/202604/17/45580825/original/(m=eaAaGwObaaamqv)(mh=aNa2Go-3EIc4XQ8y)8.jpg;https://ei.phncdn.com/videos/202604/17/45580825/original/(m=eaAaGwObaaamqv)(mh=aNa2Go-3EIc4XQ8y)9.jpg;https://ei.phncdn.com/videos/202604/17/45580825/original/(m=eaAaGwObaaamqv)(mh=aNa2Go-3EIc4XQ8y)10.jpg;https://ei.phncdn.com/videos/202604/17/45580825/original/(m=eaAaGwObaaamqv)(mh=aNa2Go-3EIc4XQ8y)11.jpg;https://ei.phncdn.com/videos/202604/17/45580825/original/(m=eaAaGwObaaamqv)(mh=aNa2Go-3EIc4XQ8y)12.jpg;https://ei.phncdn.com/videos/202604/17/45580825/original/(m=eaAaGwObaaamqv)(mh=aNa2Go-3EIc4XQ8y)13.jpg;https://ei.phncdn.com/videos/202604/17/45580825/original/(m=eaAaGwObaaamqv)(mh=aNa2Go-3EIc4XQ8y)14.jpg;https://ei.phncdn.com/videos/202604/17/45580825/original/(m=eaAaGwObaaamqv)(mh=aNa2Go-3EIc4XQ8y)15.jpg;https://ei.phncdn.com/videos/202604/17/45580825/original/(m=eaAaGwObaaamqv)(mh=aNa2Go-3EIc4XQ8y)16.jpg
<iframe src="https://www.pornhub.com/embed/69e2ccf25a5b6" frameborder="0" height="481" width="608" scrolling="no"></iframe>|https://ei.phncdn.com/videos/202604/18/45620955/original/(m=eaf8GgaaaWavb)(mh=OWfgB0m9ITuTh-fb)10.jpg|https://ei.phncdn.com/videos/202604/18/45620955/original/(m=eaf8GgaaaWavb)(mh=OWfgB0m9ITuTh-fb)1.jpg;https://ei.phncdn.com/videos/202604/18/45620955/original/(m=eaf8GgaaaWavb)(mh=OWfgB0m9ITuTh-fb)2.jpg;https://ei.phncdn.com/videos/202604/18/45620955/original/(m=eaf8GgaaaWavb)(mh=OWfgB0m9ITuTh-fb)3.jpg;https://ei.phncdn.com/videos/202604/18/45620955/original/(m=eaf8GgaaaWavb)(mh=OWfgB0m9ITuTh-fb)4.jpg;https://ei.phncdn.com/videos/202604/18/45620955/original/(m=eaf8GgaaaWavb)(mh=OWfgB0m9ITuTh-fb)5.jpg;https://ei.phncdn.com/videos/202604/18/45620955/original/(m=eaf8GgaaaWavb)(mh=OWfgB0m9ITuTh-fb)6.jpg;https://ei.phncdn.com/videos/202604/18/45620955/original/(m=eaf8GgaaaWavb)(mh=OWfgB0m9ITuTh-fb)7.jpg;https://ei.phncdn.com/videos/202604/18/45620955/original/(m=eaf8GgaaaWavb)(mh=OWfgB0m9ITuTh-fb)8.jpg;https://ei.phncdn.com/videos/202604/18/45620955/original/(m=eaf8GgaaaWavb)(mh=OWfgB0m9ITuTh-fb)9.jpg;https://ei.phncdn.com/videos/202604/18/45620955/original/(m=eaf8GgaaaWavb)(mh=OWfgB0m9ITuTh-fb)10.jpg;https://ei.phncdn.com/videos/202604/18/45620955/original/(m=eaf8GgaaaWavb)(mh=OWfgB0m9ITuTh-fb)11.jpg;https://ei.phncdn.com/videos/202604/18/45620955/original/(m=eaf8GgaaaWavb)(mh=OWfgB0m9ITuTh-fb)12.jpg;https://ei.phncdn.com/videos/202604/18/45620955/original/(m=eaf8GgaaaWavb)(mh=OWfgB0m9ITuTh-fb)13.jpg;https://ei.phncdn.com/videos/202604/18/45620955/original/(m=eaf8GgaaaWavb)(mh=OWfgB0m9ITuTh-fb)14.jpg;https://ei.phncdn.com/videos/202604/18/45620955/original/(m=eaf8GgaaaWavb)(mh=OWfgB0m9ITuTh-fb)15.jpg;https://ei.phncdn.com/videos/202604/18/45620955/original/(m=eaf8GgaaaWavb)(mh=OWfgB0m9ITuTh-fb)16.jpg|One lucky cock getting double pussy action|adult-toys;pocket-pussy;big-cock;big-dick;milf;cum-in-pussy;cumshot-compilation|Double Penetration;Gangbang;Solo Male;Exclusive;Verified Amateurs||67|35|||https://ei.phncdn.com/videos/202604/18/45620955/original/(m=eaAaGwObaaamqv)(mh=5DyCR94VX9Nz0_Yy)10.jpg|https://ei.phncdn.com/videos/202604/18/45620955/original/(m=eaAaGwObaaamqv)(mh=5DyCR94VX9Nz0_Yy)1.jpg;https://ei.phncdn.com/videos/202604/18/45620955/original/(m=eaAaGwObaaamqv)(mh=5DyCR94VX9Nz0_Yy)2.jpg;https://ei.phncdn.com/videos/202604/18/45620955/original/(m=eaAaGwObaaamqv)(mh=5DyCR94VX9Nz0_Yy)3.jpg;https://ei.phncdn.com/videos/202604/18/45620955/original/(m=eaAaGwObaaamqv)(mh=5DyCR94VX9Nz0_Yy)4.jpg;https://ei.phncdn.com/videos/202604/18/45620955/original/(m=eaAaGwObaaamqv)(mh=5DyCR94VX9Nz0_Yy)5.jpg;https://ei.phncdn.com/videos/202604/18/45620955/original/(m=eaAaGwObaaamqv)(mh=5DyCR94VX9Nz0_Yy)6.jpg;https://ei.phncdn.com/videos/202604/18/45620955/original/(m=eaAaGwObaaamqv)(mh=5DyCR94VX9Nz0_Yy)7.jpg;https://ei.phncdn.com/videos/202604/18/45620955/original/(m=eaAaGwObaaamqv)(mh=5DyCR94VX9Nz0_Yy)8.jpg;https://ei.phncdn.com/videos/202604/18/45620955/original/(m=eaAaGwObaaamqv)(mh=5DyCR94VX9Nz0_Yy)9.jpg;https://ei.phncdn.com/videos/202604/18/45620955/original/(m=eaAaGwObaaamqv)(mh=5DyCR94VX9Nz0_Yy)10.jpg;https://ei.phncdn.com/videos/202604/18/45620955/original/(m=eaAaGwObaaamqv)(mh=5DyCR94VX9Nz0_Yy)11.jpg;https://ei.phncdn.com/videos/202604/18/45620955/original/(m=eaAaGwObaaamqv)(mh=5DyCR94VX9Nz0_Yy)12.jpg;https://ei.phncdn.com/videos/202604/18/45620955/original/(m=eaAaGwObaaamqv)(mh=5DyCR94VX9Nz0_Yy)13.jpg;https://ei.phncdn.com/videos/202604/18/45620955/original/(m=eaAaGwObaaamqv)(mh=5DyCR94VX9Nz0_Yy)14.jpg;https://ei.phncdn.com/videos/202604/18/45620955/original/(m=eaAaGwObaaamqv)(mh=5DyCR94VX9Nz0_Yy)15.jpg;https://ei.phncdn.com/videos/202604/18/45620955/original/(m=eaAaGwObaaamqv)(mh=5DyCR94VX9Nz0_Yy)16.jpg
<iframe src="https://www.pornhub.com/embed/69ed2e9d5048a" frameborder="0" height="481" width="608" scrolling="no"></iframe>|https://ei.phncdn.com/videos/202604/25/46400285/original/(m=eaf8GgaaaWavb)(mh=ttdVgbDEZ_B1z-1K)12.jpg|https://ei.phncdn.com/videos/202604/25/46400285/original/(m=eaf8GgaaaWavb)(mh=ttdVgbDEZ_B1z-1K)1.jpg;https://ei.phncdn.com/videos/202604/25/46400285/original/(m=eaf8GgaaaWavb)(mh=ttdVgbDEZ_B1z-1K)2.jpg;https://ei.phncdn.com/videos/202604/25/46400285/original/(m=eaf8GgaaaWavb)(mh=ttdVgbDEZ_B1z-1K)3.jpg;https://ei.phncdn.com/videos/202604/25/46400285/original/(m=eaf8GgaaaWavb)(mh=ttdVgbDEZ_B1z-1K)4.jpg;https://ei.phncdn.com/videos/202604/25/46400285/original/(m=eaf8GgaaaWavb)(mh=ttdVgbDEZ_B1z-1K)5.jpg;https://ei.phncdn.com/videos/202604/25/46400285/original/(m=eaf8GgaaaWavb)(mh=ttdVgbDEZ_B1z-1K)6.jpg;https://ei.phncdn.com/videos/202604/25/46400285/original/(m=eaf8GgaaaWavb)(mh=ttdVgbDEZ_B1z-1K)7.jpg;https://ei.phncdn.com/videos/202604/25/46400285/original/(m=eaf8GgaaaWavb)(mh=ttdVgbDEZ_B1z-1K)8.jpg;https://ei.phncdn.com/videos/202604/25/46400285/original/(m=eaf8GgaaaWavb)(mh=ttdVgbDEZ_B1z-1K)9.jpg;https://ei.phncdn.com/videos/202604/25/46400285/original/(m=eaf8GgaaaWavb)(mh=ttdVgbDEZ_B1z-1K)10.jpg;https://ei.phncdn.com/videos/202604/25/46400285/original/(m=eaf8GgaaaWavb)(mh=ttdVgbDEZ_B1z-1K)11.jpg;https://ei.phncdn.com/videos/202604/25/46400285/original/(m=eaf8GgaaaWavb)(mh=ttdVgbDEZ_B1z-1K)12.jpg;https://ei.phncdn.com/videos/202604/25/46400285/original/(m=eaf8GgaaaWavb)(mh=ttdVgbDEZ_B1z-1K)13.jpg;https://ei.phncdn.com/videos/202604/25/46400285/original/(m=eaf8GgaaaWavb)(mh=ttdVgbDEZ_B1z-1K)14.jpg;https://ei.phncdn.com/videos/202604/25/46400285/original/(m=eaf8GgaaaWavb)(mh=ttdVgbDEZ_B1z-1K)15.jpg;https://ei.phncdn.com/videos/202604/25/46400285/original/(m=eaf8GgaaaWavb)(mh=ttdVgbDEZ_B1z-1K)16.jpg|Double penetration for my wet pussy|ebony;sex-toys|Double Penetration;Exclusive;Verified Amateurs;Solo Female||98|3961|70|2|https://ei.phncdn.com/videos/202604/25/46400285/original/(m=eaAaGwObaaamqv)(mh=9JM9PG5c9P6opWcB)12.jpg|https://ei.phncdn.com/videos/202604/25/46400285/original/(m=eaAaGwObaaamqv)(mh=9JM9PG5c9P6opWcB)1.jpg;https://ei.phncdn.com/videos/202604/25/46400285/original/(m=eaAaGwObaaamqv)(mh=9JM9PG5c9P6opWcB)2.jpg;https://ei.phncdn.com/videos/202604/25/46400285/original/(m=eaAaGwObaaamqv)(mh=9JM9PG5c9P6opWcB)3.jpg;https://ei.phncdn.com/videos/202604/25/46400285/original/(m=eaAaGwObaaamqv)(mh=9JM9PG5c9P6opWcB)4.jpg;https://ei.phncdn.com/videos/202604/25/46400285/original/(m=eaAaGwObaaamqv)(mh=9JM9PG5c9P6opWcB)5.jpg;https://ei.phncdn.com/videos/202604/25/46400285/original/(m=eaAaGwObaaamqv)(mh=9JM9PG5c9P6opWcB)6.jpg;https://ei.phncdn.com/videos/202604/25/46400285/original/(m=eaAaGwObaaamqv)(mh=9JM9PG5c9P6opWcB)7.jpg;https://ei.phncdn.com/videos/202604/25/46400285/original/(m=eaAaGwObaaamqv)(mh=9JM9PG5c9P6opWcB)8.jpg;https://ei.phncdn.com/videos/202604/25/46400285/original/(m=eaAaGwObaaamqv)(mh=9JM9PG5c9P6opWcB)9.jpg;https://ei.phncdn.com/videos/202604/25/46400285/original/(m=eaAaGwObaaamqv)(mh=9JM9PG5c9P6opWcB)10.jpg;https://ei.phncdn.com/videos/202604/25/46400285/original/(m=eaAaGwObaaamqv)(mh=9JM9PG5c9P6opWcB)11.jpg;https://ei.phncdn.com/videos/202604/25/46400285/original/(m=eaAaGwObaaamqv)(mh=9JM9PG5c9P6opWcB)12.jpg;https://ei.phncdn.com/videos/202604/25/46400285/original/(m=eaAaGwObaaamqv)(mh=9JM9PG5c9P6opWcB)13.jpg;https://ei.phncdn.com/videos/202604/25/46400285/original/(m=eaAaGwObaaamqv)(mh=9JM9PG5c9P6opWcB)14.jpg;https://ei.phncdn.com/videos/202604/25/46400285/original/(m=eaAaGwObaaamqv)(mh=9JM9PG5c9P6opWcB)15.jpg;https://ei.phncdn.com/videos/202604/25/46400285/original/(m=eaAaGwObaaamqv)(mh=9JM9PG5c9P6opWcB)16.jpg
<iframe src="https://www.pornhub.com/embed/69f779c761a5f" frameborder="0" height="481" width="608" scrolling="no"></iframe>|https://ei.phncdn.com/videos/202605/03/47632775/original/(m=eaf8GgaaaWavb)(mh=1Ybp2eL6UJm-bw0U)12.jpg|https://ei.phncdn.com/videos/202605/03/47632775/original/(m=eaf8GgaaaWavb)(mh=1Ybp2eL6UJm-bw0U)1.jpg;https://ei.phncdn.com/videos/202605/03/47632775/original/(m=eaf8GgaaaWavb)(mh=1Ybp2eL6UJm-bw0U)2.jpg;https://ei.phncdn.com/videos/202605/03/47632775/original/(m=eaf8GgaaaWavb)(mh=1Ybp2eL6UJm-bw0U)3.jpg;https://ei.phncdn.com/videos/202605/03/47632775/original/(m=eaf8GgaaaWavb)(mh=1Ybp2eL6UJm-bw0U)4.jpg;https://ei.phncdn.com/videos/202605/03/47632775/original/(m=eaf8GgaaaWavb)(mh=1Ybp2eL6UJm-bw0U)5.jpg;https://ei.phncdn.com/videos/202605/03/47632775/original/(m=eaf8GgaaaWavb)(mh=1Ybp2eL6UJm-bw0U)6.jpg;https://ei.phncdn.com/videos/202605/03/47632775/original/(m=eaf8GgaaaWavb)(mh=1Ybp2eL6UJm-bw0U)7.jpg;https://ei.phncdn.com/videos/202605/03/47632775/original/(m=eaf8GgaaaWavb)(mh=1Ybp2eL6UJm-bw0U)8.jpg;https://ei.phncdn.com/videos/202605/03/47632775/original/(m=eaf8GgaaaWavb)(mh=1Ybp2eL6UJm-bw0U)9.jpg;https://ei.phncdn.com/videos/202605/03/47632775/original/(m=eaf8GgaaaWavb)(mh=1Ybp2eL6UJm-bw0U)10.jpg;https://ei.phncdn.com/videos/202605/03/47632775/original/(m=eaf8GgaaaWavb)(mh=1Ybp2eL6UJm-bw0U)11.jpg;https://ei.phncdn.com/videos/202605/03/47632775/original/(m=eaf8GgaaaWavb)(mh=1Ybp2eL6UJm-bw0U)12.jpg;https://ei.phncdn.com/videos/202605/03/47632775/original/(m=eaf8GgaaaWavb)(mh=1Ybp2eL6UJm-bw0U)13.jpg;https://ei.phncdn.com/videos/202605/03/47632775/original/(m=eaf8GgaaaWavb)(mh=1Ybp2eL6UJm-bw0U)14.jpg;https://ei.phncdn.com/videos/202605/03/47632775/original/(m=eaf8GgaaaWavb)(mh=1Ybp2eL6UJm-bw0U)15.jpg;https://ei.phncdn.com/videos/202605/03/47632775/original/(m=eaf8GgaaaWavb)(mh=1Ybp2eL6UJm-bw0U)16.jpg|FTM tries double penetration first time|first-time;ftm;double-penetration;sex-toy;monster-dildo;knot-dildo;hairy-ftm;transgender;chubby-ftm|Double Penetration;Transgender;Exclusive;Verified Amateurs;Solo Trans||206|375|9|1|https://ei.phncdn.com/videos/202605/03/47632775/original/(m=eaAaGwObaaamqv)(mh=xNGoBpR6f9CRLLb0)12.jpg|https://ei.phncdn.com/videos/202605/03/47632775/original/(m=eaAaGwObaaamqv)(mh=xNGoBpR6f9CRLLb0)1.jpg;https://ei.phncdn.com/videos/202605/03/47632775/original/(m=eaAaGwObaaamqv)(mh=xNGoBpR6f9CRLLb0)2.jpg;https://ei.phncdn.com/videos/202605/03/47632775/original/(m=eaAaGwObaaamqv)(mh=xNGoBpR6f9CRLLb0)3.jpg;https://ei.phncdn.com/videos/202605/03/47632775/original/(m=eaAaGwObaaamqv)(mh=xNGoBpR6f9CRLLb0)4.jpg;https://ei.phncdn.com/videos/202605/03/47632775/original/(m=eaAaGwObaaamqv)(mh=xNGoBpR6f9CRLLb0)5.jpg;https://ei.phncdn.com/videos/202605/03/47632775/original/(m=eaAaGwObaaamqv)(mh=xNGoBpR6f9CRLLb0)6.jpg;https://ei.phncdn.com/videos/202605/03/47632775/original/(m=eaAaGwObaaamqv)(mh=xNGoBpR6f9CRLLb0)7.jpg;https://ei.phncdn.com/videos/202605/03/47632775/original/(m=eaAaGwObaaamqv)(mh=xNGoBpR6f9CRLLb0)8.jpg;https://ei.phncdn.com/videos/202605/03/47632775/original/(m=eaAaGwObaaamqv)(mh=xNGoBpR6f9CRLLb0)9.jpg;https://ei.phncdn.com/videos/202605/03/47632775/original/(m=eaAaGwObaaamqv)(mh=xNGoBpR6f9CRLLb0)10.jpg;https://ei.phncdn.com/videos/202605/03/47632775/original/(m=eaAaGwObaaamqv)(mh=xNGoBpR6f9CRLLb0)11.jpg;https://ei.phncdn.com/videos/202605/03/47632775/original/(m=eaAaGwObaaamqv)(mh=xNGoBpR6f9CRLLb0)12.jpg;https://ei.phncdn.com/videos/202605/03/47632775/original/(m=eaAaGwObaaamqv)(mh=xNGoBpR6f9CRLLb0)13.jpg;https://ei.phncdn.com/videos/202605/03/47632775/original/(m=eaAaGwObaaamqv)(mh=xNGoBpR6f9CRLLb0)14.jpg;https://ei.phncdn.com/videos/202605/03/47632775/original/(m=eaAaGwObaaamqv)(mh=xNGoBpR6f9CRLLb0)15.jpg;https://ei.phncdn.com/videos/202605/03/47632775/original/(m=eaAaGwObaaamqv)(mh=xNGoBpR6f9CRLLb0)16.jpg
<iframe src="https://www.pornhub.com/embed/6a1b115d2d7b8" frameborder="0" height="481" width="608" scrolling="no"></iframe>|https://ei.phncdn.com/videos/202605/30/50678395/original/(m=eaf8GgaaaWavb)(mh=--EffHecf-4wqX_j)12.jpg|https://ei.phncdn.com/videos/202605/30/50678395/original/(m=eaf8GgaaaWavb)(mh=--EffHecf-4wqX_j)1.jpg;https://ei.phncdn.com/videos/202605/30/50678395/original/(m=eaf8GgaaaWavb)(mh=--EffHecf-4wqX_j)2.jpg;https://ei.phncdn.com/videos/202605/30/50678395/original/(m=eaf8GgaaaWavb)(mh=--EffHecf-4wqX_j)3.jpg;https://ei.phncdn.com/videos/202605/30/50678395/original/(m=eaf8GgaaaWavb)(mh=--EffHecf-4wqX_j)4.jpg;https://ei.phncdn.com/videos/202605/30/50678395/original/(m=eaf8GgaaaWavb)(mh=--EffHecf-4wqX_j)5.jpg;https://ei.phncdn.com/videos/202605/30/50678395/original/(m=eaf8GgaaaWavb)(mh=--EffHecf-4wqX_j)6.jpg;https://ei.phncdn.com/videos/202605/30/50678395/original/(m=eaf8GgaaaWavb)(mh=--EffHecf-4wqX_j)7.jpg;https://ei.phncdn.com/videos/202605/30/50678395/original/(m=eaf8GgaaaWavb)(mh=--EffHecf-4wqX_j)8.jpg;https://ei.phncdn.com/videos/202605/30/50678395/original/(m=eaf8GgaaaWavb)(mh=--EffHecf-4wqX_j)9.jpg;https://ei.phncdn.com/videos/202605/30/50678395/original/(m=eaf8GgaaaWavb)(mh=--EffHecf-4wqX_j)10.jpg;https://ei.phncdn.com/videos/202605/30/50678395/original/(m=eaf8GgaaaWavb)(mh=--EffHecf-4wqX_j)11.jpg;https://ei.phncdn.com/videos/202605/30/50678395/original/(m=eaf8GgaaaWavb)(mh=--EffHecf-4wqX_j)12.jpg;https://ei.phncdn.com/videos/202605/30/50678395/original/(m=eaf8GgaaaWavb)(mh=--EffHecf-4wqX_j)13.jpg;https://ei.phncdn.com/videos/202605/30/50678395/original/(m=eaf8GgaaaWavb)(mh=--EffHecf-4wqX_j)14.jpg;https://ei.phncdn.com/videos/202605/30/50678395/original/(m=eaf8GgaaaWavb)(mh=--EffHecf-4wqX_j)15.jpg;https://ei.phncdn.com/videos/202605/30/50678395/original/(m=eaf8GgaaaWavb)(mh=--EffHecf-4wqX_j)16.jpg|Sinful Shuffle - Merina the female demon explicit teaser!|succubus;monster-girl;female-demon;demon;cartoon;comic;art;animated;animation;trailer;adult-game;porn-game;nutaku;steam;locker-room;double-penetration|Double Penetration;Cartoon;Gaming||32|199|||https://ei.phncdn.com/videos/202605/30/50678395/original/(m=eaAaGwObaaamqv)(mh=ryf2Jlh9mwNc8dFF)12.jpg|https://ei.phncdn.com/videos/202605/30/50678395/original/(m=eaAaGwObaaamqv)(mh=ryf2Jlh9mwNc8dFF)1.jpg;https://ei.phncdn.com/videos/202605/30/50678395/original/(m=eaAaGwObaaamqv)(mh=ryf2Jlh9mwNc8dFF)2.jpg;https://ei.phncdn.com/videos/202605/30/50678395/original/(m=eaAaGwObaaamqv)(mh=ryf2Jlh9mwNc8dFF)3.jpg;https://ei.phncdn.com/videos/202605/30/50678395/original/(m=eaAaGwObaaamqv)(mh=ryf2Jlh9mwNc8dFF)4.jpg;https://ei.phncdn.com/videos/202605/30/50678395/original/(m=eaAaGwObaaamqv)(mh=ryf2Jlh9mwNc8dFF)5.jpg;https://ei.phncdn.com/videos/202605/30/50678395/original/(m=eaAaGwObaaamqv)(mh=ryf2Jlh9mwNc8dFF)6.jpg;https://ei.phncdn.com/videos/202605/30/50678395/original/(m=eaAaGwObaaamqv)(mh=ryf2Jlh9mwNc8dFF)7.jpg;https://ei.phncdn.com/videos/202605/30/50678395/original/(m=eaAaGwObaaamqv)(mh=ryf2Jlh9mwNc8dFF)8.jpg;https://ei.phncdn.com/videos/202605/30/50678395/original/(m=eaAaGwObaaamqv)(mh=ryf2Jlh9mwNc8dFF)9.jpg;https://ei.phncdn.com/videos/202605/30/50678395/original/(m=eaAaGwObaaamqv)(mh=ryf2Jlh9mwNc8dFF)10.jpg;https://ei.phncdn.com/videos/202605/30/50678395/original/(m=eaAaGwObaaamqv)(mh=ryf2Jlh9mwNc8dFF)11.jpg;https://ei.phncdn.com/videos/202605/30/50678395/original/(m=eaAaGwObaaamqv)(mh=ryf2Jlh9mwNc8dFF)12.jpg;https://ei.phncdn.com/videos/202605/30/50678395/original/(m=eaAaGwObaaamqv)(mh=ryf2Jlh9mwNc8dFF)13.jpg;https://ei.phncdn.com/videos/202605/30/50678395/original/(m=eaAaGwObaaamqv)(mh=ryf2Jlh9mwNc8dFF)14.jpg;https://ei.phncdn.com/videos/202605/30/50678395/original/(m=eaAaGwObaaamqv)(mh=ryf2Jlh9mwNc8dFF)15.jpg;https://ei.phncdn.com/videos/202605/30/50678395/original/(m=eaAaGwObaaamqv)(mh=ryf2Jlh9mwNc8dFF)16.jpg
<iframe src="https://www.pornhub.com/embed/6a1d123d58696" frameborder="0" height="481" width="608" scrolling="no"></iframe>|https://ei.phncdn.com/videos/202606/01/50844065/original/(m=eaf8GgaaaWavb)(mh=k5X7nAfmt3FoVM3k)12.jpg|https://ei.phncdn.com/videos/202606/01/50844065/original/(m=eaf8GgaaaWavb)(mh=k5X7nAfmt3FoVM3k)1.jpg;https://ei.phncdn.com/videos/202606/01/50844065/original/(m=eaf8GgaaaWavb)(mh=k5X7nAfmt3FoVM3k)2.jpg;https://ei.phncdn.com/videos/202606/01/50844065/original/(m=eaf8GgaaaWavb)(mh=k5X7nAfmt3FoVM3k)3.jpg;https://ei.phncdn.com/videos/202606/01/50844065/original/(m=eaf8GgaaaWavb)(mh=k5X7nAfmt3FoVM3k)4.jpg;https://ei.phncdn.com/videos/202606/01/50844065/original/(m=eaf8GgaaaWavb)(mh=k5X7nAfmt3FoVM3k)5.jpg;https://ei.phncdn.com/videos/202606/01/50844065/original/(m=eaf8GgaaaWavb)(mh=k5X7nAfmt3FoVM3k)6.jpg;https://ei.phncdn.com/videos/202606/01/50844065/original/(m=eaf8GgaaaWavb)(mh=k5X7nAfmt3FoVM3k)7.jpg;https://ei.phncdn.com/videos/202606/01/50844065/original/(m=eaf8GgaaaWavb)(mh=k5X7nAfmt3FoVM3k)8.jpg;https://ei.phncdn.com/videos/202606/01/50844065/original/(m=eaf8GgaaaWavb)(mh=k5X7nAfmt3FoVM3k)9.jpg;https://ei.phncdn.com/videos/202606/01/50844065/original/(m=eaf8GgaaaWavb)(mh=k5X7nAfmt3FoVM3k)10.jpg;https://ei.phncdn.com/videos/202606/01/50844065/original/(m=eaf8GgaaaWavb)(mh=k5X7nAfmt3FoVM3k)11.jpg;https://ei.phncdn.com/videos/202606/01/50844065/original/(m=eaf8GgaaaWavb)(mh=k5X7nAfmt3FoVM3k)12.jpg;https://ei.phncdn.com/videos/202606/01/50844065/original/(m=eaf8GgaaaWavb)(mh=k5X7nAfmt3FoVM3k)13.jpg;https://ei.phncdn.com/videos/202606/01/50844065/original/(m=eaf8GgaaaWavb)(mh=k5X7nAfmt3FoVM3k)14.jpg;https://ei.phncdn.com/videos/202606/01/50844065/original/(m=eaf8GgaaaWavb)(mh=k5X7nAfmt3FoVM3k)15.jpg;https://ei.phncdn.com/videos/202606/01/50844065/original/(m=eaf8GgaaaWavb)(mh=k5X7nAfmt3FoVM3k)16.jpg|12" bbc machine fuck with double vag|bbc;huge-dildo;fucking-machine;loose-pussy;deep-pussy-fuck;size-queen;big-dildo;double-penetration;double-vaginal|Double Penetration;Verified Amateurs;Solo Female||48|3764|114|4|https://ei.phncdn.com/videos/202606/01/50844065/original/(m=eaAaGwObaaamqv)(mh=cmv6RSSo8rrMnCBW)12.jpg|https://ei.phncdn.com/videos/202606/01/50844065/original/(m=eaAaGwObaaamqv)(mh=cmv6RSSo8rrMnCBW)1.jpg;https://ei.phncdn.com/videos/202606/01/50844065/original/(m=eaAaGwObaaamqv)(mh=cmv6RSSo8rrMnCBW)2.jpg;https://ei.phncdn.com/videos/202606/01/50844065/original/(m=eaAaGwObaaamqv)(mh=cmv6RSSo8rrMnCBW)3.jpg;https://ei.phncdn.com/videos/202606/01/50844065/original/(m=eaAaGwObaaamqv)(mh=cmv6RSSo8rrMnCBW)4.jpg;https://ei.phncdn.com/videos/202606/01/50844065/original/(m=eaAaGwObaaamqv)(mh=cmv6RSSo8rrMnCBW)5.jpg;https://ei.phncdn.com/videos/202606/01/50844065/original/(m=eaAaGwObaaamqv)(mh=cmv6RSSo8rrMnCBW)6.jpg;https://ei.phncdn.com/videos/202606/01/50844065/original/(m=eaAaGwObaaamqv)(mh=cmv6RSSo8rrMnCBW)7.jpg;https://ei.phncdn.com/videos/202606/01/50844065/original/(m=eaAaGwObaaamqv)(mh=cmv6RSSo8rrMnCBW)8.jpg;https://ei.phncdn.com/videos/202606/01/50844065/original/(m=eaAaGwObaaamqv)(mh=cmv6RSSo8rrMnCBW)9.jpg;https://ei.phncdn.com/videos/202606/01/50844065/original/(m=eaAaGwObaaamqv)(mh=cmv6RSSo8rrMnCBW)10.jpg;https://ei.phncdn.com/videos/202606/01/50844065/original/(m=eaAaGwObaaamqv)(mh=cmv6RSSo8rrMnCBW)11.jpg;https://ei.phncdn.com/videos/202606/01/50844065/original/(m=eaAaGwObaaamqv)(mh=cmv6RSSo8rrMnCBW)12.jpg;https://ei.phncdn.com/videos/202606/01/50844065/original/(m=eaAaGwObaaamqv)(mh=cmv6RSSo8rrMnCBW)13.jpg;https://ei.phncdn.com/videos/202606/01/50844065/original/(m=eaAaGwObaaamqv)(mh=cmv6RSSo8rrMnCBW)14.jpg;https://ei.phncdn.com/videos/202606/01/50844065/original/(m=eaAaGwObaaamqv)(mh=cmv6RSSo8rrMnCBW)15.jpg;https://ei.phncdn.com/videos/202606/01/50844065/original/(m=eaAaGwObaaamqv)(mh=cmv6RSSo8rrMnCBW)16.jpg
<iframe src="https://www.pornhub.com/embed/6a273bfaefe70" frameborder="0" height="481" width="608" scrolling="no"></iframe>|https://ei.phncdn.com/videos/202606/08/51630345/original/(m=eaf8GgaaaWavb)(mh=05ciQv4IgjzBMAwi)12.jpg|https://ei.phncdn.com/videos/202606/08/51630345/original/(m=eaf8GgaaaWavb)(mh=05ciQv4IgjzBMAwi)1.jpg;https://ei.phncdn.com/videos/202606/08/51630345/original/(m=eaf8GgaaaWavb)(mh=05ciQv4IgjzBMAwi)2.jpg;https://ei.phncdn.com/videos/202606/08/51630345/original/(m=eaf8GgaaaWavb)(mh=05ciQv4IgjzBMAwi)3.jpg;https://ei.phncdn.com/videos/202606/08/51630345/original/(m=eaf8GgaaaWavb)(mh=05ciQv4IgjzBMAwi)4.jpg;https://ei.phncdn.com/videos/202606/08/51630345/original/(m=eaf8GgaaaWavb)(mh=05ciQv4IgjzBMAwi)5.jpg;https://ei.phncdn.com/videos/202606/08/51630345/original/(m=eaf8GgaaaWavb)(mh=05ciQv4IgjzBMAwi)6.jpg;https://ei.phncdn.com/videos/202606/08/51630345/original/(m=eaf8GgaaaWavb)(mh=05ciQv4IgjzBMAwi)7.jpg;https://ei.phncdn.com/videos/202606/08/51630345/original/(m=eaf8GgaaaWavb)(mh=05ciQv4IgjzBMAwi)8.jpg;https://ei.phncdn.com/videos/202606/08/51630345/original/(m=eaf8GgaaaWavb)(mh=05ciQv4IgjzBMAwi)9.jpg;https://ei.phncdn.com/videos/202606/08/51630345/original/(m=eaf8GgaaaWavb)(mh=05ciQv4IgjzBMAwi)10.jpg;https://ei.phncdn.com/videos/202606/08/51630345/original/(m=eaf8GgaaaWavb)(mh=05ciQv4IgjzBMAwi)11.jpg;https://ei.phncdn.com/videos/202606/08/51630345/original/(m=eaf8GgaaaWavb)(mh=05ciQv4IgjzBMAwi)12.jpg;https://ei.phncdn.com/videos/202606/08/51630345/original/(m=eaf8GgaaaWavb)(mh=05ciQv4IgjzBMAwi)13.jpg;https://ei.phncdn.com/videos/202606/08/51630345/original/(m=eaf8GgaaaWavb)(mh=05ciQv4IgjzBMAwi)14.jpg;https://ei.phncdn.com/videos/202606/08/51630345/original/(m=eaf8GgaaaWavb)(mh=05ciQv4IgjzBMAwi)15.jpg;https://ei.phncdn.com/videos/202606/08/51630345/original/(m=eaf8GgaaaWavb)(mh=05ciQv4IgjzBMAwi)16.jpg|solo dp fuels fire with pussy and double thrust|double-dildo;double-penetration;solo;pink-pussy|Double Penetration;Exclusive;Verified Amateurs;Solo Female||13|133|3|0|https://ei.phncdn.com/videos/202606/08/51630345/original/(m=eaAaGwObaaamqv)(mh=g7d6igIMU5ppBlCj)12.jpg|https://ei.phncdn.com/videos/202606/08/51630345/original/(m=eaAaGwObaaamqv)(mh=g7d6igIMU5ppBlCj)1.jpg;https://ei.phncdn.com/videos/202606/08/51630345/original/(m=eaAaGwObaaamqv)(mh=g7d6igIMU5ppBlCj)2.jpg;https://ei.phncdn.com/videos/202606/08/51630345/original/(m=eaAaGwObaaamqv)(mh=g7d6igIMU5ppBlCj)3.jpg;https://ei.phncdn.com/videos/202606/08/51630345/original/(m=eaAaGwObaaamqv)(mh=g7d6igIMU5ppBlCj)4.jpg;https://ei.phncdn.com/videos/202606/08/51630345/original/(m=eaAaGwObaaamqv)(mh=g7d6igIMU5ppBlCj)5.jpg;https://ei.phncdn.com/videos/202606/08/51630345/original/(m=eaAaGwObaaamqv)(mh=g7d6igIMU5ppBlCj)6.jpg;https://ei.phncdn.com/videos/202606/08/51630345/original/(m=eaAaGwObaaamqv)(mh=g7d6igIMU5ppBlCj)7.jpg;https://ei.phncdn.com/videos/202606/08/51630345/original/(m=eaAaGwObaaamqv)(mh=g7d6igIMU5ppBlCj)8.jpg;https://ei.phncdn.com/videos/202606/08/51630345/original/(m=eaAaGwObaaamqv)(mh=g7d6igIMU5ppBlCj)9.jpg;https://ei.phncdn.com/videos/202606/08/51630345/original/(m=eaAaGwObaaamqv)(mh=g7d6igIMU5ppBlCj)10.jpg;https://ei.phncdn.com/videos/202606/08/51630345/original/(m=eaAaGwObaaamqv)(mh=g7d6igIMU5ppBlCj)11.jpg;https://ei.phncdn.com/videos/202606/08/51630345/original/(m=eaAaGwObaaamqv)(mh=g7d6igIMU5ppBlCj)12.jpg;https://ei.phncdn.com/videos/202606/08/51630345/original/(m=eaAaGwObaaamqv)(mh=g7d6igIMU5ppBlCj)13.jpg;https://ei.phncdn.com/videos/202606/08/51630345/original/(m=eaAaGwObaaamqv)(mh=g7d6igIMU5ppBlCj)14.jpg;https://ei.phncdn.com/videos/202606/08/51630345/original/(m=eaAaGwObaaamqv)(mh=g7d6igIMU5ppBlCj)15.jpg;https://ei.phncdn.com/videos/202606/08/51630345/original/(m=eaAaGwObaaamqv)(mh=g7d6igIMU5ppBlCj)16.jpg
<iframe src="https://www.pornhub.com/embed/6a2cd6c5bbc19" frameborder="0" height="481" width="608" scrolling="no"></iframe>|https://ei.phncdn.com/videos/202606/13/52073495/original/(m=eaf8GgaaaWavb)(mh=zHpMcYnab-udir1z)13.jpg|https://ei.phncdn.com/videos/202606/13/52073495/original/(m=eaf8GgaaaWavb)(mh=zHpMcYnab-udir1z)1.jpg;https://ei.phncdn.com/videos/202606/13/52073495/original/(m=eaf8GgaaaWavb)(mh=zHpMcYnab-udir1z)2.jpg;https://ei.phncdn.com/videos/202606/13/52073495/original/(m=eaf8GgaaaWavb)(mh=zHpMcYnab-udir1z)3.jpg;https://ei.phncdn.com/videos/202606/13/52073495/original/(m=eaf8GgaaaWavb)(mh=zHpMcYnab-udir1z)4.jpg;https://ei.phncdn.com/videos/202606/13/52073495/original/(m=eaf8GgaaaWavb)(mh=zHpMcYnab-udir1z)5.jpg;https://ei.phncdn.com/videos/202606/13/52073495/original/(m=eaf8GgaaaWavb)(mh=zHpMcYnab-udir1z)6.jpg;https://ei.phncdn.com/videos/202606/13/52073495/original/(m=eaf8GgaaaWavb)(mh=zHpMcYnab-udir1z)7.jpg;https://ei.phncdn.com/videos/202606/13/52073495/original/(m=eaf8GgaaaWavb)(mh=zHpMcYnab-udir1z)8.jpg;https://ei.phncdn.com/videos/202606/13/52073495/original/(m=eaf8GgaaaWavb)(mh=zHpMcYnab-udir1z)9.jpg;https://ei.phncdn.com/videos/202606/13/52073495/original/(m=eaf8GgaaaWavb)(mh=zHpMcYnab-udir1z)10.jpg;https://ei.phncdn.com/videos/202606/13/52073495/original/(m=eaf8GgaaaWavb)(mh=zHpMcYnab-udir1z)11.jpg;https://ei.phncdn.com/videos/202606/13/52073495/original/(m=eaf8GgaaaWavb)(mh=zHpMcYnab-udir1z)12.jpg;https://ei.phncdn.com/videos/202606/13/52073495/original/(m=eaf8GgaaaWavb)(mh=zHpMcYnab-udir1z)13.jpg;https://ei.phncdn.com/videos/202606/13/52073495/original/(m=eaf8GgaaaWavb)(mh=zHpMcYnab-udir1z)14.jpg;https://ei.phncdn.com/videos/202606/13/52073495/original/(m=eaf8GgaaaWavb)(mh=zHpMcYnab-udir1z)15.jpg;https://ei.phncdn.com/videos/202606/13/52073495/original/(m=eaf8GgaaaWavb)(mh=zHpMcYnab-udir1z)16.jpg|Elephant 🐘 Sex|fucking-me-harder;hot-fucking;on-top-of-me;giant-dick-on-me;hot-black-dick;doggystyle-hot|Double Penetration;Exclusive;Verified Amateurs;Cosplay;Female Orgasm||27|104|13|0|https://ei.phncdn.com/videos/202606/13/52073495/original/(m=eaAaGwObaaamqv)(mh=823kmFomH_A_U-SJ)13.jpg|https://ei.phncdn.com/videos/202606/13/52073495/original/(m=eaAaGwObaaamqv)(mh=823kmFomH_A_U-SJ)1.jpg;https://ei.phncdn.com/videos/202606/13/52073495/original/(m=eaAaGwObaaamqv)(mh=823kmFomH_A_U-SJ)2.jpg;https://ei.phncdn.com/videos/202606/13/52073495/original/(m=eaAaGwObaaamqv)(mh=823kmFomH_A_U-SJ)3.jpg;https://ei.phncdn.com/videos/202606/13/52073495/original/(m=eaAaGwObaaamqv)(mh=823kmFomH_A_U-SJ)4.jpg;https://ei.phncdn.com/videos/202606/13/52073495/original/(m=eaAaGwObaaamqv)(mh=823kmFomH_A_U-SJ)5.jpg;https://ei.phncdn.com/videos/202606/13/52073495/original/(m=eaAaGwObaaamqv)(mh=823kmFomH_A_U-SJ)6.jpg;https://ei.phncdn.com/videos/202606/13/52073495/original/(m=eaAaGwObaaamqv)(mh=823kmFomH_A_U-SJ)7.jpg;https://ei.phncdn.com/videos/202606/13/52073495/original/(m=eaAaGwObaaamqv)(mh=823kmFomH_A_U-SJ)8.jpg;https://ei.phncdn.com/videos/202606/13/52073495/original/(m=eaAaGwObaaamqv)(mh=823kmFomH_A_U-SJ)9.jpg;https://ei.phncdn.com/videos/202606/13/52073495/original/(m=eaAaGwObaaamqv)(mh=823kmFomH_A_U-SJ)10.jpg;https://ei.phncdn.com/videos/202606/13/52073495/original/(m=eaAaGwObaaamqv)(mh=823kmFomH_A_U-SJ)11.jpg;https://ei.phncdn.com/videos/202606/13/52073495/original/(m=eaAaGwObaaamqv)(mh=823kmFomH_A_U-SJ)12.jpg;https://ei.phncdn.com/videos/202606/13/52073495/original/(m=eaAaGwObaaamqv)(mh=823kmFomH_A_U-SJ)13.jpg;https://ei.phncdn.com/videos/202606/13/52073495/original/(m=eaAaGwObaaamqv)(mh=823kmFomH_A_U-SJ)14.jpg;https://ei.phncdn.com/videos/202606/13/52073495/original/(m=eaAaGwObaaamqv)(mh=823kmFomH_A_U-SJ)15.jpg;https://ei.phncdn.com/videos/202606/13/52073495/original/(m=eaAaGwObaaamqv)(mh=823kmFomH_A_U-SJ)16.jpg
<iframe src="https://www.pornhub.com/embed/6a30e31b1568e" frameborder="0" height="481" width="608" scrolling="no"></iframe>|https://ei.phncdn.com/videos/202606/16/52373275/original/(m=eaf8GgaaaWavb)(mh=wRK3C-JJdcByODHk)12.jpg|https://ei.phncdn.com/videos/202606/16/52373275/original/(m=eaf8GgaaaWavb)(mh=wRK3C-JJdcByODHk)1.jpg;https://ei.phncdn.com/videos/202606/16/52373275/original/(m=eaf8GgaaaWavb)(mh=wRK3C-JJdcByODHk)2.jpg;https://ei.phncdn.com/videos/202606/16/52373275/original/(m=eaf8GgaaaWavb)(mh=wRK3C-JJdcByODHk)3.jpg;https://ei.phncdn.com/videos/202606/16/52373275/original/(m=eaf8GgaaaWavb)(mh=wRK3C-JJdcByODHk)4.jpg;https://ei.phncdn.com/videos/202606/16/52373275/original/(m=eaf8GgaaaWavb)(mh=wRK3C-JJdcByODHk)5.jpg;https://ei.phncdn.com/videos/202606/16/52373275/original/(m=eaf8GgaaaWavb)(mh=wRK3C-JJdcByODHk)6.jpg;https://ei.phncdn.com/videos/202606/16/52373275/original/(m=eaf8GgaaaWavb)(mh=wRK3C-JJdcByODHk)7.jpg;https://ei.phncdn.com/videos/202606/16/52373275/original/(m=eaf8GgaaaWavb)(mh=wRK3C-JJdcByODHk)8.jpg;https://ei.phncdn.com/videos/202606/16/52373275/original/(m=eaf8GgaaaWavb)(mh=wRK3C-JJdcByODHk)9.jpg;https://ei.phncdn.com/videos/202606/16/52373275/original/(m=eaf8GgaaaWavb)(mh=wRK3C-JJdcByODHk)10.jpg;https://ei.phncdn.com/videos/202606/16/52373275/original/(m=eaf8GgaaaWavb)(mh=wRK3C-JJdcByODHk)11.jpg;https://ei.phncdn.com/videos/202606/16/52373275/original/(m=eaf8GgaaaWavb)(mh=wRK3C-JJdcByODHk)12.jpg;https://ei.phncdn.com/videos/202606/16/52373275/original/(m=eaf8GgaaaWavb)(mh=wRK3C-JJdcByODHk)13.jpg;https://ei.phncdn.com/videos/202606/16/52373275/original/(m=eaf8GgaaaWavb)(mh=wRK3C-JJdcByODHk)14.jpg;https://ei.phncdn.com/videos/202606/16/52373275/original/(m=eaf8GgaaaWavb)(mh=wRK3C-JJdcByODHk)15.jpg;https://ei.phncdn.com/videos/202606/16/52373275/original/(m=eaf8GgaaaWavb)(mh=wRK3C-JJdcByODHk)16.jpg|Alice_Lima Ignites Fiery Double Penetration|latina;sex|Double Penetration;Brazilian;Verified Amateurs;Solo Female||359|4526|955|93|https://ei.phncdn.com/videos/202606/16/52373275/original/(m=eaAaGwObaaamqv)(mh=r2maGAXpP3Iy3cBD)12.jpg|https://ei.phncdn.com/videos/202606/16/52373275/original/(m=eaAaGwObaaamqv)(mh=r2maGAXpP3Iy3cBD)1.jpg;https://ei.phncdn.com/videos/202606/16/52373275/original/(m=eaAaGwObaaamqv)(mh=r2maGAXpP3Iy3cBD)2.jpg;https://ei.phncdn.com/videos/202606/16/52373275/original/(m=eaAaGwObaaamqv)(mh=r2maGAXpP3Iy3cBD)3.jpg;https://ei.phncdn.com/videos/202606/16/52373275/original/(m=eaAaGwObaaamqv)(mh=r2maGAXpP3Iy3cBD)4.jpg;https://ei.phncdn.com/videos/202606/16/52373275/original/(m=eaAaGwObaaamqv)(mh=r2maGAXpP3Iy3cBD)5.jpg;https://ei.phncdn.com/videos/202606/16/52373275/original/(m=eaAaGwObaaamqv)(mh=r2maGAXpP3Iy3cBD)6.jpg;https://ei.phncdn.com/videos/202606/16/52373275/original/(m=eaAaGwObaaamqv)(mh=r2maGAXpP3Iy3cBD)7.jpg;https://ei.phncdn.com/videos/202606/16/52373275/original/(m=eaAaGwObaaamqv)(mh=r2maGAXpP3Iy3cBD)8.jpg;https://ei.phncdn.com/videos/202606/16/52373275/original/(m=eaAaGwObaaamqv)(mh=r2maGAXpP3Iy3cBD)9.jpg;https://ei.phncdn.com/videos/202606/16/52373275/original/(m=eaAaGwObaaamqv)(mh=r2maGAXpP3Iy3cBD)10.jpg;https://ei.phncdn.com/videos/202606/16/52373275/original/(m=eaAaGwObaaamqv)(mh=r2maGAXpP3Iy3cBD)11.jpg;https://ei.phncdn.com/videos/202606/16/52373275/original/(m=eaAaGwObaaamqv)(mh=r2maGAXpP3Iy3cBD)12.jpg;https://ei.phncdn.com/videos/202606/16/52373275/original/(m=eaAaGwObaaamqv)(mh=r2maGAXpP3Iy3cBD)13.jpg;https://ei.phncdn.com/videos/202606/16/52373275/original/(m=eaAaGwObaaamqv)(mh=r2maGAXpP3Iy3cBD)14.jpg;https://ei.phncdn.com/videos/202606/16/52373275/original/(m=eaAaGwObaaamqv)(mh=r2maGAXpP3Iy3cBD)15.jpg;https://ei.phncdn.com/videos/202606/16/52373275/original/(m=eaAaGwObaaamqv)(mh=r2maGAXpP3Iy3cBD)16.jpg
<iframe src="https://www.pornhub.com/embed/6a33ef7735d53" frameborder="0" height="481" width="608" scrolling="no"></iframe>|https://ei.phncdn.com/videos/202606/18/52621835/original/(m=eaf8GgaaaWavb)(mh=PYMDZiNPGl38mR4H)1.jpg|https://ei.phncdn.com/videos/202606/18/52621835/original/(m=eaf8GgaaaWavb)(mh=PYMDZiNPGl38mR4H)1.jpg;https://ei.phncdn.com/videos/202606/18/52621835/original/(m=eaf8GgaaaWavb)(mh=PYMDZiNPGl38mR4H)2.jpg;https://ei.phncdn.com/videos/202606/18/52621835/original/(m=eaf8GgaaaWavb)(mh=PYMDZiNPGl38mR4H)3.jpg;https://ei.phncdn.com/videos/202606/18/52621835/original/(m=eaf8GgaaaWavb)(mh=PYMDZiNPGl38mR4H)4.jpg;https://ei.phncdn.com/videos/202606/18/52621835/original/(m=eaf8GgaaaWavb)(mh=PYMDZiNPGl38mR4H)5.jpg;https://ei.phncdn.com/videos/202606/18/52621835/original/(m=eaf8GgaaaWavb)(mh=PYMDZiNPGl38mR4H)6.jpg;https://ei.phncdn.com/videos/202606/18/52621835/original/(m=eaf8GgaaaWavb)(mh=PYMDZiNPGl38mR4H)7.jpg;https://ei.phncdn.com/videos/202606/18/52621835/original/(m=eaf8GgaaaWavb)(mh=PYMDZiNPGl38mR4H)8.jpg;https://ei.phncdn.com/videos/202606/18/52621835/original/(m=eaf8GgaaaWavb)(mh=PYMDZiNPGl38mR4H)9.jpg;https://ei.phncdn.com/videos/202606/18/52621835/original/(m=eaf8GgaaaWavb)(mh=PYMDZiNPGl38mR4H)10.jpg;https://ei.phncdn.com/videos/202606/18/52621835/original/(m=eaf8GgaaaWavb)(mh=PYMDZiNPGl38mR4H)11.jpg;https://ei.phncdn.com/videos/202606/18/52621835/original/(m=eaf8GgaaaWavb)(mh=PYMDZiNPGl38mR4H)12.jpg;https://ei.phncdn.com/videos/202606/18/52621835/original/(m=eaf8GgaaaWavb)(mh=PYMDZiNPGl38mR4H)13.jpg;https://ei.phncdn.com/videos/202606/18/52621835/original/(m=eaf8GgaaaWavb)(mh=PYMDZiNPGl38mR4H)14.jpg;https://ei.phncdn.com/videos/202606/18/52621835/original/(m=eaf8GgaaaWavb)(mh=PYMDZiNPGl38mR4H)15.jpg;https://ei.phncdn.com/videos/202606/18/52621835/original/(m=eaf8GgaaaWavb)(mh=PYMDZiNPGl38mR4H)16.jpg|ANIME GANGBANG POV: Cheating white girlfriend takes double penetration and anal from 3 huge cocks while fingering herself! porn girl DP|animacion;animation;anime;anime-hentai;hentai;cartoon;cartoon-hentai;anal;sexo-anal;dupla-penetração;dupla-penetracao-hd;gang-bang;beautiful-girl-dp;goth-girl-dp;girl-gangbang;gangbang-anal|Double Penetration;Gangbang;Cartoon;Exclusive;Verified Amateurs;Ai||363|608|1|1|https://ei.phncdn.com/videos/202606/18/52621835/original/(m=eaAaGwObaaamqv)(mh=BvrtLR96bYI6dyFj)1.jpg|https://ei.phncdn.com/videos/202606/18/52621835/original/(m=eaAaGwObaaamqv)(mh=BvrtLR96bYI6dyFj)1.jpg;https://ei.phncdn.com/videos/202606/18/52621835/original/(m=eaAaGwObaaamqv)(mh=BvrtLR96bYI6dyFj)2.jpg;https://ei.phncdn.com/videos/202606/18/52621835/original/(m=eaAaGwObaaamqv)(mh=BvrtLR96bYI6dyFj)3.jpg;https://ei.phncdn.com/videos/202606/18/52621835/original/(m=eaAaGwObaaamqv)(mh=BvrtLR96bYI6dyFj)4.jpg;https://ei.phncdn.com/videos/202606/18/52621835/original/(m=eaAaGwObaaamqv)(mh=BvrtLR96bYI6dyFj)5.jpg;https://ei.phncdn.com/videos/202606/18/52621835/original/(m=eaAaGwObaaamqv)(mh=BvrtLR96bYI6dyFj)6.jpg;https://ei.phncdn.com/videos/202606/18/52621835/original/(m=eaAaGwObaaamqv)(mh=BvrtLR96bYI6dyFj)7.jpg;https://ei.phncdn.com/videos/202606/18/52621835/original/(m=eaAaGwObaaamqv)(mh=BvrtLR96bYI6dyFj)8.jpg;https://ei.phncdn.com/videos/202606/18/52621835/original/(m=eaAaGwObaaamqv)(mh=BvrtLR96bYI6dyFj)9.jpg;https://ei.phncdn.com/videos/202606/18/52621835/original/(m=eaAaGwObaaamqv)(mh=BvrtLR96bYI6dyFj)10.jpg;https://ei.phncdn.com/videos/202606/18/52621835/original/(m=eaAaGwObaaamqv)(mh=BvrtLR96bYI6dyFj)11.jpg;https://ei.phncdn.com/videos/202606/18/52621835/original/(m=eaAaGwObaaamqv)(mh=BvrtLR96bYI6dyFj)12.jpg;https://ei.phncdn.com/videos/202606/18/52621835/original/(m=eaAaGwObaaamqv)(mh=BvrtLR96bYI6dyFj)13.jpg;https://ei.phncdn.com/videos/202606/18/52621835/original/(m=eaAaGwObaaamqv)(mh=BvrtLR96bYI6dyFj)14.jpg;https://ei.phncdn.com/videos/202606/18/52621835/original/(m=eaAaGwObaaamqv)(mh=BvrtLR96bYI6dyFj)15.jpg;https://ei.phncdn.com/videos/202606/18/52621835/original/(m=eaAaGwObaaamqv)(mh=BvrtLR96bYI6dyFj)16.jpg
<iframe src="https://www.pornhub.com/embed/6a422924c0c0f" frameborder="0" height="481" width="608" scrolling="no"></iframe>|https://ei.phncdn.com/videos/202606/29/53813105/original/(m=eaf8GgaaaWavb)(mh=rpgqJWfryssU0LiK)12.jpg|https://ei.phncdn.com/videos/202606/29/53813105/original/(m=eaf8GgaaaWavb)(mh=rpgqJWfryssU0LiK)1.jpg;https://ei.phncdn.com/videos/202606/29/53813105/original/(m=eaf8GgaaaWavb)(mh=rpgqJWfryssU0LiK)2.jpg;https://ei.phncdn.com/videos/202606/29/53813105/original/(m=eaf8GgaaaWavb)(mh=rpgqJWfryssU0LiK)3.jpg;https://ei.phncdn.com/videos/202606/29/53813105/original/(m=eaf8GgaaaWavb)(mh=rpgqJWfryssU0LiK)4.jpg;https://ei.phncdn.com/videos/202606/29/53813105/original/(m=eaf8GgaaaWavb)(mh=rpgqJWfryssU0LiK)5.jpg;https://ei.phncdn.com/videos/202606/29/53813105/original/(m=eaf8GgaaaWavb)(mh=rpgqJWfryssU0LiK)6.jpg;https://ei.phncdn.com/videos/202606/29/53813105/original/(m=eaf8GgaaaWavb)(mh=rpgqJWfryssU0LiK)7.jpg;https://ei.phncdn.com/videos/202606/29/53813105/original/(m=eaf8GgaaaWavb)(mh=rpgqJWfryssU0LiK)8.jpg;https://ei.phncdn.com/videos/202606/29/53813105/original/(m=eaf8GgaaaWavb)(mh=rpgqJWfryssU0LiK)9.jpg;https://ei.phncdn.com/videos/202606/29/53813105/original/(m=eaf8GgaaaWavb)(mh=rpgqJWfryssU0LiK)10.jpg;https://ei.phncdn.com/videos/202606/29/53813105/original/(m=eaf8GgaaaWavb)(mh=rpgqJWfryssU0LiK)11.jpg;https://ei.phncdn.com/videos/202606/29/53813105/original/(m=eaf8GgaaaWavb)(mh=rpgqJWfryssU0LiK)12.jpg;https://ei.phncdn.com/videos/202606/29/53813105/original/(m=eaf8GgaaaWavb)(mh=rpgqJWfryssU0LiK)13.jpg;https://ei.phncdn.com/videos/202606/29/53813105/original/(m=eaf8GgaaaWavb)(mh=rpgqJWfryssU0LiK)14.jpg;https://ei.phncdn.com/videos/202606/29/53813105/original/(m=eaf8GgaaaWavb)(mh=rpgqJWfryssU0LiK)15.jpg;https://ei.phncdn.com/videos/202606/29/53813105/original/(m=eaf8GgaaaWavb)(mh=rpgqJWfryssU0LiK)16.jpg|phartb411z delivers primal gaming rush|game;video-game|Double Penetration;Cartoon||5|3|0|0|https://ei.phncdn.com/videos/202606/29/53813105/original/(m=eaAaGwObaaamqv)(mh=YHswsvudJdjfKW4K)12.jpg|https://ei.phncdn.com/videos/202606/29/53813105/original/(m=eaAaGwObaaamqv)(mh=YHswsvudJdjfKW4K)1.jpg;https://ei.phncdn.com/videos/202606/29/53813105/original/(m=eaAaGwObaaamqv)(mh=YHswsvudJdjfKW4K)2.jpg;https://ei.phncdn.com/videos/202606/29/53813105/original/(m=eaAaGwObaaamqv)(mh=YHswsvudJdjfKW4K)3.jpg;https://ei.phncdn.com/videos/202606/29/53813105/original/(m=eaAaGwObaaamqv)(mh=YHswsvudJdjfKW4K)4.jpg;https://ei.phncdn.com/videos/202606/29/53813105/original/(m=eaAaGwObaaamqv)(mh=YHswsvudJdjfKW4K)5.jpg;https://ei.phncdn.com/videos/202606/29/53813105/original/(m=eaAaGwObaaamqv)(mh=YHswsvudJdjfKW4K)6.jpg;https://ei.phncdn.com/videos/202606/29/53813105/original/(m=eaAaGwObaaamqv)(mh=YHswsvudJdjfKW4K)7.jpg;https://ei.phncdn.com/videos/202606/29/53813105/original/(m=eaAaGwObaaamqv)(mh=YHswsvudJdjfKW4K)8.jpg;https://ei.phncdn.com/videos/202606/29/53813105/original/(m=eaAaGwObaaamqv)(mh=YHswsvudJdjfKW4K)9.jpg;https://ei.phncdn.com/videos/202606/29/53813105/original/(m=eaAaGwObaaamqv)(mh=YHswsvudJdjfKW4K)10.jpg;https://ei.phncdn.com/videos/202606/29/53813105/original/(m=eaAaGwObaaamqv)(mh=YHswsvudJdjfKW4K)11.jpg;https://ei.phncdn.com/videos/202606/29/53813105/original/(m=eaAaGwObaaamqv)(mh=YHswsvudJdjfKW4K)12.jpg;https://ei.phncdn.com/videos/202606/29/53813105/original/(m=eaAaGwObaaamqv)(mh=YHswsvudJdjfKW4K)13.jpg;https://ei.phncdn.com/videos/202606/29/53813105/original/(m=eaAaGwObaaamqv)(mh=YHswsvudJdjfKW4K)14.jpg;https://ei.phncdn.com/videos/202606/29/53813105/original/(m=eaAaGwObaaamqv)(mh=YHswsvudJdjfKW4K)15.jpg;https://ei.phncdn.com/videos/202606/29/53813105/original/(m=eaAaGwObaaamqv)(mh=YHswsvudJdjfKW4K)16.jpg
<iframe src="https://www.pornhub.com/embed/6a466a9a6bcc1" frameborder="0" height="481" width="608" scrolling="no"></iframe>|https://ei.phncdn.com/videos/202607/02/54186325/original/(m=eaf8GgaaaWavb)(mh=54-IIyd1SFDf91wv)12.jpg|https://ei.phncdn.com/videos/202607/02/54186325/original/(m=eaf8GgaaaWavb)(mh=54-IIyd1SFDf91wv)1.jpg;https://ei.phncdn.com/videos/202607/02/54186325/original/(m=eaf8GgaaaWavb)(mh=54-IIyd1SFDf91wv)2.jpg;https://ei.phncdn.com/videos/202607/02/54186325/original/(m=eaf8GgaaaWavb)(mh=54-IIyd1SFDf91wv)3.jpg;https://ei.phncdn.com/videos/202607/02/54186325/original/(m=eaf8GgaaaWavb)(mh=54-IIyd1SFDf91wv)4.jpg;https://ei.phncdn.com/videos/202607/02/54186325/original/(m=eaf8GgaaaWavb)(mh=54-IIyd1SFDf91wv)5.jpg;https://ei.phncdn.com/videos/202607/02/54186325/original/(m=eaf8GgaaaWavb)(mh=54-IIyd1SFDf91wv)6.jpg;https://ei.phncdn.com/videos/202607/02/54186325/original/(m=eaf8GgaaaWavb)(mh=54-IIyd1SFDf91wv)7.jpg;https://ei.phncdn.com/videos/202607/02/54186325/original/(m=eaf8GgaaaWavb)(mh=54-IIyd1SFDf91wv)8.jpg;https://ei.phncdn.com/videos/202607/02/54186325/original/(m=eaf8GgaaaWavb)(mh=54-IIyd1SFDf91wv)9.jpg;https://ei.phncdn.com/videos/202607/02/54186325/original/(m=eaf8GgaaaWavb)(mh=54-IIyd1SFDf91wv)10.jpg;https://ei.phncdn.com/videos/202607/02/54186325/original/(m=eaf8GgaaaWavb)(mh=54-IIyd1SFDf91wv)11.jpg;https://ei.phncdn.com/videos/202607/02/54186325/original/(m=eaf8GgaaaWavb)(mh=54-IIyd1SFDf91wv)12.jpg;https://ei.phncdn.com/videos/202607/02/54186325/original/(m=eaf8GgaaaWavb)(mh=54-IIyd1SFDf91wv)13.jpg;https://ei.phncdn.com/videos/202607/02/54186325/original/(m=eaf8GgaaaWavb)(mh=54-IIyd1SFDf91wv)14.jpg;https://ei.phncdn.com/videos/202607/02/54186325/original/(m=eaf8GgaaaWavb)(mh=54-IIyd1SFDf91wv)15.jpg;https://ei.phncdn.com/videos/202607/02/54186325/original/(m=eaf8GgaaaWavb)(mh=54-IIyd1SFDf91wv)16.jpg|Elsa DP in a club...|double-penetration;elsa;frozen;cowgirl-riding;club;hentai;disney;disney-princess|Double Penetration;Cartoon;Ai||9|358|17|1|https://ei.phncdn.com/videos/202607/02/54186325/original/(m=eaAaGwObaaamqv)(mh=fyMUAk8VQrfj-lit)12.jpg|https://ei.phncdn.com/videos/202607/02/54186325/original/(m=eaAaGwObaaamqv)(mh=fyMUAk8VQrfj-lit)1.jpg;https://ei.phncdn.com/videos/202607/02/54186325/original/(m=eaAaGwObaaamqv)(mh=fyMUAk8VQrfj-lit)2.jpg;https://ei.phncdn.com/videos/202607/02/54186325/original/(m=eaAaGwObaaamqv)(mh=fyMUAk8VQrfj-lit)3.jpg;https://ei.phncdn.com/videos/202607/02/54186325/original/(m=eaAaGwObaaamqv)(mh=fyMUAk8VQrfj-lit)4.jpg;https://ei.phncdn.com/videos/202607/02/54186325/original/(m=eaAaGwObaaamqv)(mh=fyMUAk8VQrfj-lit)5.jpg;https://ei.phncdn.com/videos/202607/02/54186325/original/(m=eaAaGwObaaamqv)(mh=fyMUAk8VQrfj-lit)6.jpg;https://ei.phncdn.com/videos/202607/02/54186325/original/(m=eaAaGwObaaamqv)(mh=fyMUAk8VQrfj-lit)7.jpg;https://ei.phncdn.com/videos/202607/02/54186325/original/(m=eaAaGwObaaamqv)(mh=fyMUAk8VQrfj-lit)8.jpg;https://ei.phncdn.com/videos/202607/02/54186325/original/(m=eaAaGwObaaamqv)(mh=fyMUAk8VQrfj-lit)9.jpg;https://ei.phncdn.com/videos/202607/02/54186325/original/(m=eaAaGwObaaamqv)(mh=fyMUAk8VQrfj-lit)10.jpg;https://ei.phncdn.com/videos/202607/02/54186325/original/(m=eaAaGwObaaamqv)(mh=fyMUAk8VQrfj-lit)11.jpg;https://ei.phncdn.com/videos/202607/02/54186325/original/(m=eaAaGwObaaamqv)(mh=fyMUAk8VQrfj-lit)12.jpg;https://ei.phncdn.com/videos/202607/02/54186325/original/(m=eaAaGwObaaamqv)(mh=fyMUAk8VQrfj-lit)13.jpg;https://ei.phncdn.com/videos/202607/02/54186325/original/(m=eaAaGwObaaamqv)(mh=fyMUAk8VQrfj-lit)14.jpg;https://ei.phncdn.com/videos/202607/02/54186325/original/(m=eaAaGwObaaamqv)(mh=fyMUAk8VQrfj-lit)15.jpg;https://ei.phncdn.com/videos/202607/02/54186325/original/(m=eaAaGwObaaamqv)(mh=fyMUAk8VQrfj-lit)16.jpg
<iframe src="https://www.pornhub.com/embed/6a6fe4e80ef79" frameborder="0" height="481" width="608" scrolling="no"></iframe>|https://ei.phncdn.com/videos/202608/03/57588705/original/(m=eaf8GgaaaWavb)(mh=5lozzPhZ_dem9ATQ)12.jpg|https://ei.phncdn.com/videos/202608/03/57588705/original/(m=eaf8GgaaaWavb)(mh=5lozzPhZ_dem9ATQ)1.jpg;https://ei.phncdn.com/videos/202608/03/57588705/original/(m=eaf8GgaaaWavb)(mh=5lozzPhZ_dem9ATQ)2.jpg;https://ei.phncdn.com/videos/202608/03/57588705/original/(m=eaf8GgaaaWavb)(mh=5lozzPhZ_dem9ATQ)3.jpg;https://ei.phncdn.com/videos/202608/03/57588705/original/(m=eaf8GgaaaWavb)(mh=5lozzPhZ_dem9ATQ)4.jpg;https://ei.phncdn.com/videos/202608/03/57588705/original/(m=eaf8GgaaaWavb)(mh=5lozzPhZ_dem9ATQ)5.jpg;https://ei.phncdn.com/videos/202608/03/57588705/original/(m=eaf8GgaaaWavb)(mh=5lozzPhZ_dem9ATQ)6.jpg;https://ei.phncdn.com/videos/202608/03/57588705/original/(m=eaf8GgaaaWavb)(mh=5lozzPhZ_dem9ATQ)7.jpg;https://ei.phncdn.com/videos/202608/03/57588705/original/(m=eaf8GgaaaWavb)(mh=5lozzPhZ_dem9ATQ)8.jpg;https://ei.phncdn.com/videos/202608/03/57588705/original/(m=eaf8GgaaaWavb)(mh=5lozzPhZ_dem9ATQ)9.jpg;https://ei.phncdn.com/videos/202608/03/57588705/original/(m=eaf8GgaaaWavb)(mh=5lozzPhZ_dem9ATQ)10.jpg;https://ei.phncdn.com/videos/202608/03/57588705/original/(m=eaf8GgaaaWavb)(mh=5lozzPhZ_dem9ATQ)11.jpg;https://ei.phncdn.com/videos/202608/03/57588705/original/(m=eaf8GgaaaWavb)(mh=5lozzPhZ_dem9ATQ)12.jpg;https://ei.phncdn.com/videos/202608/03/57588705/original/(m=eaf8GgaaaWavb)(mh=5lozzPhZ_dem9ATQ)13.jpg;https://ei.phncdn.com/videos/202608/03/57588705/original/(m=eaf8GgaaaWavb)(mh=5lozzPhZ_dem9ATQ)14.jpg;https://ei.phncdn.com/videos/202608/03/57588705/original/(m=eaf8GgaaaWavb)(mh=5lozzPhZ_dem9ATQ)15.jpg;https://ei.phncdn.com/videos/202608/03/57588705/original/(m=eaf8GgaaaWavb)(mh=5lozzPhZ_dem9ATQ)16.jpg|Wild foursome to end the year|amateur-mmmf;foursome-mmmf|Double Penetration;Gangbang;Verified Amateurs||715|60|1|0|https://ei.phncdn.com/videos/202608/03/57588705/original/(m=eaAaGwObaaamqv)(mh=7waKFZDE_G5wpNSz)12.jpg|https://ei.phncdn.com/videos/202608/03/57588705/original/(m=eaAaGwObaaamqv)(mh=7waKFZDE_G5wpNSz)1.jpg;https://ei.phncdn.com/videos/202608/03/57588705/original/(m=eaAaGwObaaamqv)(mh=7waKFZDE_G5wpNSz)2.jpg;https://ei.phncdn.com/videos/202608/03/57588705/original/(m=eaAaGwObaaamqv)(mh=7waKFZDE_G5wpNSz)3.jpg;https://ei.phncdn.com/videos/202608/03/57588705/original/(m=eaAaGwObaaamqv)(mh=7waKFZDE_G5wpNSz)4.jpg;https://ei.phncdn.com/videos/202608/03/57588705/original/(m=eaAaGwObaaamqv)(mh=7waKFZDE_G5wpNSz)5.jpg;https://ei.phncdn.com/videos/202608/03/57588705/original/(m=eaAaGwObaaamqv)(mh=7waKFZDE_G5wpNSz)6.jpg;https://ei.phncdn.com/videos/202608/03/57588705/original/(m=eaAaGwObaaamqv)(mh=7waKFZDE_G5wpNSz)7.jpg;https://ei.phncdn.com/videos/202608/03/57588705/original/(m=eaAaGwObaaamqv)(mh=7waKFZDE_G5wpNSz)8.jpg;https://ei.phncdn.com/videos/202608/03/57588705/original/(m=eaAaGwObaaamqv)(mh=7waKFZDE_G5wpNSz)9.jpg;https://ei.phncdn.com/videos/202608/03/57588705/original/(m=eaAaGwObaaamqv)(mh=7waKFZDE_G5wpNSz)10.jpg;https://ei.phncdn.com/videos/202608/03/57588705/original/(m=eaAaGwObaaamqv)(mh=7waKFZDE_G5wpNSz)11.jpg;https://ei.phncdn.com/videos/202608/03/57588705/original/(m=eaAaGwObaaamqv)(mh=7waKFZDE_G5wpNSz)12.jpg;https://ei.phncdn.com/videos/202608/03/57588705/original/(m=eaAaGwObaaamqv)(mh=7waKFZDE_G5wpNSz)13.jpg;https://ei.phncdn.com/videos/202608/03/57588705/original/(m=eaAaGwObaaamqv)(mh=7waKFZDE_G5wpNSz)14.jpg;https://ei.phncdn.com/videos/202608/03/57588705/original/(m=eaAaGwObaaamqv)(mh=7waKFZDE_G5wpNSz)15.jpg;https://ei.phncdn.com/videos/202608/03/57588705/original/(m=eaAaGwObaaamqv)(mh=7waKFZDE_G5wpNSz)16.jpg
