embed_html|thumbnail|thumbnail_sequence|title|tags|categories|performer|duration_seconds|views|source_metric_1|source_metric_2|thumbnail_large|thumbnail_sequence_large
<iframe src="https://www.pornhub.com/embed/ph5973b615b2dcb" frameborder="0" height="481" width="608" scrolling="no"></iframe>|https://ei.phncdn.com/videos/201707/22/125476011/original/(m=eaf8GgaaaWavb)(mh=3onZlDmLJVkYk0ie)12.jpg|https://ei.phncdn.com/videos/201707/22/125476011/original/(m=eaf8GgaaaWavb)(mh=3onZlDmLJVkYk0ie)1.jpg;https://ei.phncdn.com/videos/201707/22/125476011/original/(m=eaf8GgaaaWavb)(mh=3onZlDmLJVkYk0ie)2.jpg;https://ei.phncdn.com/videos/201707/22/125476011/original/(m=eaf8GgaaaWavb)(mh=3onZlDmLJVkYk0ie)3.jpg;https://ei.phncdn.com/videos/201707/22/125476011/original/(m=eaf8GgaaaWavb)(mh=3onZlDmLJVkYk0ie)4.jpg;https://ei.phncdn.com/videos/201707/22/125476011/original/(m=eaf8GgaaaWavb)(mh=3onZlDmLJVkYk0ie)5.jpg;https://ei.phncdn.com/videos/201707/22/125476011/original/(m=eaf8GgaaaWavb)(mh=3onZlDmLJVkYk0ie)6.jpg;https://ei.phncdn.com/videos/201707/22/125476011/original/(m=eaf8GgaaaWavb)(mh=3onZlDmLJVkYk0ie)7.jpg;https://ei.phncdn.com/videos/201707/22/125476011/original/(m=eaf8GgaaaWavb)(mh=3onZlDmLJVkYk0ie)8.jpg;https://ei.phncdn.com/videos/201707/22/125476011/original/(m=eaf8GgaaaWavb)(mh=3onZlDmLJVkYk0ie)9.jpg;https://ei.phncdn.com/videos/201707/22/125476011/original/(m=eaf8GgaaaWavb)(mh=3onZlDmLJVkYk0ie)10.jpg;https://ei.phncdn.com/videos/201707/22/125476011/original/(m=eaf8GgaaaWavb)(mh=3onZlDmLJVkYk0ie)11.jpg;https://ei.phncdn.com/videos/201707/22/125476011/original/(m=eaf8GgaaaWavb)(mh=3onZlDmLJVkYk0ie)12.jpg;https://ei.phncdn.com/videos/201707/22/125476011/original/(m=eaf8GgaaaWavb)(mh=3onZlDmLJVkYk0ie)13.jpg;https://ei.phncdn.com/videos/201707/22/125476011/original/(m=eaf8GgaaaWavb)(mh=3onZlDmLJVkYk0ie)14.jpg;https://ei.phncdn.com/videos/201707/22/125476011/original/(m=eaf8GgaaaWavb)(mh=3onZlDmLJVkYk0ie)15.jpg;https://ei.phncdn.com/videos/201707/22/125476011/original/(m=eaf8GgaaaWavb)(mh=3onZlDmLJVkYk0ie)16.jpg|Lesbian piss lovers|piss;lesbians|Pussy Licking;Pissing||368|3319|10|3|https://ei.phncdn.com/videos/201707/22/125476011/original/(m=eaAaGwObaaamqv)(mh=Oa2n5h_ev8Xio8uU)12.jpg|https://ei.phncdn.com/videos/201707/22/125476011/original/(m=eaAaGwObaaamqv)(mh=Oa2n5h_ev8Xio8uU)1.jpg;https://ei.phncdn.com/videos/201707/22/125476011/original/(m=eaAaGwObaaamqv)(mh=Oa2n5h_ev8Xio8uU)2.jpg;https://ei.phncdn.com/videos/201707/22/125476011/original/(m=eaAaGwObaaamqv)(mh=Oa2n5h_ev8Xio8uU)3.jpg;https://ei.phncdn.com/videos/201707/22/125476011/original/(m=eaAaGwObaaamqv)(mh=Oa2n5h_ev8Xio8uU)4.jpg;https://ei.phncdn.com/videos/201707/22/125476011/original/(m=eaAaGwObaaamqv)(mh=Oa2n5h_ev8Xio8uU)5.jpg;https://ei.phncdn.com/videos/201707/22/125476011/original/(m=eaAaGwObaaamqv)(mh=Oa2n5h_ev8Xio8uU)6.jpg;https://ei.phncdn.com/videos/201707/22/125476011/original/(m=eaAaGwObaaamqv)(mh=Oa2n5h_ev8Xio8uU)7.jpg;https://ei.phncdn.com/videos/201707/22/125476011/original/(m=eaAaGwObaaamqv)(mh=Oa2n5h_ev8Xio8uU)8.jpg;https://ei.phncdn.com/videos/201707/22/125476011/original/(m=eaAaGwObaaamqv)(mh=Oa2n5h_ev8Xio8uU)9.jpg;https://ei.phncdn.com/videos/201707/22/125476011/original/(m=eaAaGwObaaamqv)(mh=Oa2n5h_ev8Xio8uU)10.jpg;https://ei.phncdn.com/videos/201707/22/125476011/original/(m=eaAaGwObaaamqv)(mh=Oa2n5h_ev8Xio8uU)11.jpg;https://ei.phncdn.com/videos/201707/22/125476011/original/(m=eaAaGwObaaamqv)(mh=Oa2n5h_ev8Xio8uU)12.jpg;https://ei.phncdn.com/videos/201707/22/125476011/original/(m=eaAaGwObaaamqv)(mh=Oa2n5h_ev8Xio8uU)13.jpg;https://ei.phncdn.com/videos/201707/22/125476011/original/(m=eaAaGwObaaamqv)(mh=Oa2n5h_ev8Xio8uU)14.jpg;https://ei.phncdn.com/videos/201707/22/125476011/original/(m=eaAaGwObaaamqv)(mh=Oa2n5h_ev8Xio8uU)15.jpg;https://ei.phncdn.com/videos/201707/22/125476011/original/(m=eaAaGwObaaamqv)(mh=Oa2n5h_ev8Xio8uU)16.jpg
<iframe src="https://www.pornhub.com/embed/ph5cb38fa98b9d4" frameborder="0" height="481" width="608" scrolling="no"></iframe>|https://ei.phncdn.com/videos/201904/14/218299951/original/(m=eaf8GgaaaWavb)(mh=NC7poUBn3AZeBte2)13.jpg|https://ei.phncdn.com/videos/201904/14/218299951/original/(m=eaf8GgaaaWavb)(mh=NC7poUBn3AZeBte2)1.jpg;https://ei.phncdn.com/videos/201904/14/218299951/original/(m=eaf8GgaaaWavb)(mh=NC7poUBn3AZeBte2)2.jpg;https://ei.phncdn.com/videos/201904/14/218299951/original/(m=eaf8GgaaaWavb)(mh=NC7poUBn3AZeBte2)3.jpg;https://ei.phncdn.com/videos/201904/14/218299951/original/(m=eaf8GgaaaWavb)(mh=NC7poUBn3AZeBte2)4.jpg;https://ei.phncdn.com/videos/201904/14/218299951/original/(m=eaf8GgaaaWavb)(mh=NC7poUBn3AZeBte2)5.jpg;https://ei.phncdn.com/videos/201904/14/218299951/original/(m=eaf8GgaaaWavb)(mh=NC7poUBn3AZeBte2)6.jpg;https://ei.phncdn.com/videos/201904/14/218299951/original/(m=eaf8GgaaaWavb)(mh=NC7poUBn3AZeBte2)7.jpg;https://ei.phncdn.com/videos/201904/14/218299951/original/(m=eaf8GgaaaWavb)(mh=NC7poUBn3AZeBte2)8.jpg;https://ei.phncdn.com/videos/201904/14/218299951/original/(m=eaf8GgaaaWavb)(mh=NC7poUBn3AZeBte2)9.jpg;https://ei.phncdn.com/videos/201904/14/218299951/original/(m=eaf8GgaaaWavb)(mh=NC7poUBn3AZeBte2)10.jpg;https://ei.phncdn.com/videos/201904/14/218299951/original/(m=eaf8GgaaaWavb)(mh=NC7poUBn3AZeBte2)11.jpg;https://ei.phncdn.com/videos/201904/14/218299951/original/(m=eaf8GgaaaWavb)(mh=NC7poUBn3AZeBte2)12.jpg;https://ei.phncdn.com/videos/201904/14/218299951/original/(m=eaf8GgaaaWavb)(mh=NC7poUBn3AZeBte2)13.jpg;https://ei.phncdn.com/videos/201904/14/218299951/original/(m=eaf8GgaaaWavb)(mh=NC7poUBn3AZeBte2)14.jpg;https://ei.phncdn.com/videos/201904/14/218299951/original/(m=eaf8GgaaaWavb)(mh=NC7poUBn3AZeBte2)15.jpg;https://ei.phncdn.com/videos/201904/14/218299951/original/(m=eaf8GgaaaWavb)(mh=NC7poUBn3AZeBte2)16.jpg|Femdom pussy lick|femdom;pussylicking|Pussy Licking||303|67630|207|12|https://ei.phncdn.com/videos/201904/14/218299951/original/(m=eaAaGwObaaamqv)(mh=x2bprHb9J_JAwS6N)13.jpg|https://ei.phncdn.com/videos/201904/14/218299951/original/(m=eaAaGwObaaamqv)(mh=x2bprHb9J_JAwS6N)1.jpg;https://ei.phncdn.com/videos/201904/14/218299951/original/(m=eaAaGwObaaamqv)(mh=x2bprHb9J_JAwS6N)2.jpg;https://ei.phncdn.com/videos/201904/14/218299951/original/(m=eaAaGwObaaamqv)(mh=x2bprHb9J_JAwS6N)3.jpg;https://ei.phncdn.com/videos/201904/14/218299951/original/(m=eaAaGwObaaamqv)(mh=x2bprHb9J_JAwS6N)4.jpg;https://ei.phncdn.com/videos/201904/14/218299951/original/(m=eaAaGwObaaamqv)(mh=x2bprHb9J_JAwS6N)5.jpg;https://ei.phncdn.com/videos/201904/14/218299951/original/(m=eaAaGwObaaamqv)(mh=x2bprHb9J_JAwS6N)6.jpg;https://ei.phncdn.com/videos/201904/14/218299951/original/(m=eaAaGwObaaamqv)(mh=x2bprHb9J_JAwS6N)7.jpg;https://ei.phncdn.com/videos/201904/14/218299951/original/(m=eaAaGwObaaamqv)(mh=x2bprHb9J_JAwS6N)8.jpg;https://ei.phncdn.com/videos/201904/14/218299951/original/(m=eaAaGwObaaamqv)(mh=x2bprHb9J_JAwS6N)9.jpg;https://ei.phncdn.com/videos/201904/14/218299951/original/(m=eaAaGwObaaamqv)(mh=x2bprHb9J_JAwS6N)10.jpg;https://ei.phncdn.com/videos/201904/14/218299951/original/(m=eaAaGwObaaamqv)(mh=x2bprHb9J_JAwS6N)11.jpg;https://ei.phncdn.com/videos/201904/14/218299951/original/(m=eaAaGwObaaamqv)(mh=x2bprHb9J_JAwS6N)12.jpg;https://ei.phncdn.com/videos/201904/14/218299951/original/(m=eaAaGwObaaamqv)(mh=x2bprHb9J_JAwS6N)13.jpg;https://ei.phncdn.com/videos/201904/14/218299951/original/(m=eaAaGwObaaamqv)(mh=x2bprHb9J_JAwS6N)14.jpg;https://ei.phncdn.com/videos/201904/14/218299951/original/(m=eaAaGwObaaamqv)(mh=x2bprHb9J_JAwS6N)15.jpg;https://ei.phncdn.com/videos/201904/14/218299951/original/(m=eaAaGwObaaamqv)(mh=x2bprHb9J_JAwS6N)16.jpg
<iframe src="https://www.pornhub.com/embed/ph5cb41a404b636" frameborder="0" height="481" width="608" scrolling="no"></iframe>|https://ei.phncdn.com/videos/201904/15/218373631/original/(m=eaf8GgaaaWavb)(mh=I_vIdalByrcaqzWZ)12.jpg|https://ei.phncdn.com/videos/201904/15/218373631/original/(m=eaf8GgaaaWavb)(mh=I_vIdalByrcaqzWZ)1.jpg;https://ei.phncdn.com/videos/201904/15/218373631/original/(m=eaf8GgaaaWavb)(mh=I_vIdalByrcaqzWZ)2.jpg;https://ei.phncdn.com/videos/201904/15/218373631/original/(m=eaf8GgaaaWavb)(mh=I_vIdalByrcaqzWZ)3.jpg;https://ei.phncdn.com/videos/201904/15/218373631/original/(m=eaf8GgaaaWavb)(mh=I_vIdalByrcaqzWZ)4.jpg;https://ei.phncdn.com/videos/201904/15/218373631/original/(m=eaf8GgaaaWavb)(mh=I_vIdalByrcaqzWZ)5.jpg;https://ei.phncdn.com/videos/201904/15/218373631/original/(m=eaf8GgaaaWavb)(mh=I_vIdalByrcaqzWZ)6.jpg;https://ei.phncdn.com/videos/201904/15/218373631/original/(m=eaf8GgaaaWavb)(mh=I_vIdalByrcaqzWZ)7.jpg;https://ei.phncdn.com/videos/201904/15/218373631/original/(m=eaf8GgaaaWavb)(mh=I_vIdalByrcaqzWZ)8.jpg;https://ei.phncdn.com/videos/201904/15/218373631/original/(m=eaf8GgaaaWavb)(mh=I_vIdalByrcaqzWZ)9.jpg;https://ei.phncdn.com/videos/201904/15/218373631/original/(m=eaf8GgaaaWavb)(mh=I_vIdalByrcaqzWZ)10.jpg;https://ei.phncdn.com/videos/201904/15/218373631/original/(m=eaf8GgaaaWavb)(mh=I_vIdalByrcaqzWZ)11.jpg;https://ei.phncdn.com/videos/201904/15/218373631/original/(m=eaf8GgaaaWavb)(mh=I_vIdalByrcaqzWZ)12.jpg;https://ei.phncdn.com/videos/201904/15/218373631/original/(m=eaf8GgaaaWavb)(mh=I_vIdalByrcaqzWZ)13.jpg;https://ei.phncdn.com/videos/201904/15/218373631/original/(m=eaf8GgaaaWavb)(mh=I_vIdalByrcaqzWZ)14.jpg;https://ei.phncdn.com/videos/201904/15/218373631/original/(m=eaf8GgaaaWavb)(mh=I_vIdalByrcaqzWZ)15.jpg;https://ei.phncdn.com/videos/201904/15/218373631/original/(m=eaf8GgaaaWavb)(mh=I_vIdalByrcaqzWZ)16.jpg|Chinese licking|pussy-licking;femdomchinese|Pussy Licking||1185|89987|212|30|https://ei.phncdn.com/videos/201904/15/218373631/original/(m=eaAaGwObaaamqv)(mh=dysVChPSYHBDmqjZ)12.jpg|https://ei.phncdn.com/videos/201904/15/218373631/original/(m=eaAaGwObaaamqv)(mh=dysVChPSYHBDmqjZ)1.jpg;https://ei.phncdn.com/videos/201904/15/218373631/original/(m=eaAaGwObaaamqv)(mh=dysVChPSYHBDmqjZ)2.jpg;https://ei.phncdn.com/videos/201904/15/218373631/original/(m=eaAaGwObaaamqv)(mh=dysVChPSYHBDmqjZ)3.jpg;https://ei.phncdn.com/videos/201904/15/218373631/original/(m=eaAaGwObaaamqv)(mh=dysVChPSYHBDmqjZ)4.jpg;https://ei.phncdn.com/videos/201904/15/218373631/original/(m=eaAaGwObaaamqv)(mh=dysVChPSYHBDmqjZ)5.jpg;https://ei.phncdn.com/videos/201904/15/218373631/original/(m=eaAaGwObaaamqv)(mh=dysVChPSYHBDmqjZ)6.jpg;https://ei.phncdn.com/videos/201904/15/218373631/original/(m=eaAaGwObaaamqv)(mh=dysVChPSYHBDmqjZ)7.jpg;https://ei.phncdn.com/videos/201904/15/218373631/original/(m=eaAaGwObaaamqv)(mh=dysVChPSYHBDmqjZ)8.jpg;https://ei.phncdn.com/videos/201904/15/218373631/original/(m=eaAaGwObaaamqv)(mh=dysVChPSYHBDmqjZ)9.jpg;https://ei.phncdn.com/videos/201904/15/218373631/original/(m=eaAaGwObaaamqv)(mh=dysVChPSYHBDmqjZ)10.jpg;https://ei.phncdn.com/videos/201904/15/218373631/original/(m=eaAaGwObaaamqv)(mh=dysVChPSYHBDmqjZ)11.jpg;https://ei.phncdn.com/videos/201904/15/218373631/original/(m=eaAaGwObaaamqv)(mh=dysVChPSYHBDmqjZ)12.jpg;https://ei.phncdn.com/videos/201904/15/218373631/original/(m=eaAaGwObaaamqv)(mh=dysVChPSYHBDmqjZ)13.jpg;https://ei.phncdn.com/videos/201904/15/218373631/original/(m=eaAaGwObaaamqv)(mh=dysVChPSYHBDmqjZ)14.jpg;https://ei.phncdn.com/videos/201904/15/218373631/original/(m=eaAaGwObaaamqv)(mh=dysVChPSYHBDmqjZ)15.jpg;https://ei.phncdn.com/videos/201904/15/218373631/original/(m=eaAaGwObaaamqv)(mh=dysVChPSYHBDmqjZ)16.jpg
<iframe src="https://www.pornhub.com/embed/ph5cc0993c99758" frameborder="0" height="481" width="608" scrolling="no"></iframe>|https://ei.phncdn.com/videos/201904/24/220047481/original/(m=eaf8GgaaaWavb)(mh=XbbTvB6VLlQaTzu_)6.jpg|https://ei.phncdn.com/videos/201904/24/220047481/original/(m=eaf8GgaaaWavb)(mh=XbbTvB6VLlQaTzu_)1.jpg;https://ei.phncdn.com/videos/201904/24/220047481/original/(m=eaf8GgaaaWavb)(mh=XbbTvB6VLlQaTzu_)2.jpg;https://ei.phncdn.com/videos/201904/24/220047481/original/(m=eaf8GgaaaWavb)(mh=XbbTvB6VLlQaTzu_)3.jpg;https://ei.phncdn.com/videos/201904/24/220047481/original/(m=eaf8GgaaaWavb)(mh=XbbTvB6VLlQaTzu_)4.jpg;https://ei.phncdn.com/videos/201904/24/220047481/original/(m=eaf8GgaaaWavb)(mh=XbbTvB6VLlQaTzu_)5.jpg;https://ei.phncdn.com/videos/201904/24/220047481/original/(m=eaf8GgaaaWavb)(mh=XbbTvB6VLlQaTzu_)6.jpg;https://ei.phncdn.com/videos/201904/24/220047481/original/(m=eaf8GgaaaWavb)(mh=XbbTvB6VLlQaTzu_)7.jpg;https://ei.phncdn.com/videos/201904/24/220047481/original/(m=eaf8GgaaaWavb)(mh=XbbTvB6VLlQaTzu_)8.jpg;https://ei.phncdn.com/videos/201904/24/220047481/original/(m=eaf8GgaaaWavb)(mh=XbbTvB6VLlQaTzu_)9.jpg;https://ei.phncdn.com/videos/201904/24/220047481/original/(m=eaf8GgaaaWavb)(mh=XbbTvB6VLlQaTzu_)10.jpg;https://ei.phncdn.com/videos/201904/24/220047481/original/(m=eaf8GgaaaWavb)(mh=XbbTvB6VLlQaTzu_)11.jpg;https://ei.phncdn.com/videos/201904/24/220047481/original/(m=eaf8GgaaaWavb)(mh=XbbTvB6VLlQaTzu_)12.jpg;https://ei.phncdn.com/videos/201904/24/220047481/original/(m=eaf8GgaaaWavb)(mh=XbbTvB6VLlQaTzu_)13.jpg;https://ei.phncdn.com/videos/201904/24/220047481/original/(m=eaf8GgaaaWavb)(mh=XbbTvB6VLlQaTzu_)14.jpg;https://ei.phncdn.com/videos/201904/24/220047481/original/(m=eaf8GgaaaWavb)(mh=XbbTvB6VLlQaTzu_)15.jpg;https://ei.phncdn.com/videos/201904/24/220047481/original/(m=eaf8GgaaaWavb)(mh=XbbTvB6VLlQaTzu_)16.jpg|Pussy Licking|pussy-licking;femdom;slave|Pussy Licking||139|570590|1172|117|https://ei.phncdn.com/videos/201904/24/220047481/original/(m=eaAaGwObaaamqv)(mh=6TnalfPO3oSvwMtt)6.jpg|https://ei.phncdn.com/videos/201904/24/220047481/original/(m=eaAaGwObaaamqv)(mh=6TnalfPO3oSvwMtt)1.jpg;https://ei.phncdn.com/videos/201904/24/220047481/original/(m=eaAaGwObaaamqv)(mh=6TnalfPO3oSvwMtt)2.jpg;https://ei.phncdn.com/videos/201904/24/220047481/original/(m=eaAaGwObaaamqv)(mh=6TnalfPO3oSvwMtt)3.jpg;https://ei.phncdn.com/videos/201904/24/220047481/original/(m=eaAaGwObaaamqv)(mh=6TnalfPO3oSvwMtt)4.jpg;https://ei.phncdn.com/videos/201904/24/220047481/original/(m=eaAaGwObaaamqv)(mh=6TnalfPO3oSvwMtt)5.jpg;https://ei.phncdn.com/videos/201904/24/220047481/original/(m=eaAaGwObaaamqv)(mh=6TnalfPO3oSvwMtt)6.jpg;https://ei.phncdn.com/videos/201904/24/220047481/original/(m=eaAaGwObaaamqv)(mh=6TnalfPO3oSvwMtt)7.jpg;https://ei.phncdn.com/videos/201904/24/220047481/original/(m=eaAaGwObaaamqv)(mh=6TnalfPO3oSvwMtt)8.jpg;https://ei.phncdn.com/videos/201904/24/220047481/original/(m=eaAaGwObaaamqv)(mh=6TnalfPO3oSvwMtt)9.jpg;https://ei.phncdn.com/videos/201904/24/220047481/original/(m=eaAaGwObaaamqv)(mh=6TnalfPO3oSvwMtt)10.jpg;https://ei.phncdn.com/videos/201904/24/220047481/original/(m=eaAaGwObaaamqv)(mh=6TnalfPO3oSvwMtt)11.jpg;https://ei.phncdn.com/videos/201904/24/220047481/original/(m=eaAaGwObaaamqv)(mh=6TnalfPO3oSvwMtt)12.jpg;https://ei.phncdn.com/videos/201904/24/220047481/original/(m=eaAaGwObaaamqv)(mh=6TnalfPO3oSvwMtt)13.jpg;https://ei.phncdn.com/videos/201904/24/220047481/original/(m=eaAaGwObaaamqv)(mh=6TnalfPO3oSvwMtt)14.jpg;https://ei.phncdn.com/videos/201904/24/220047481/original/(m=eaAaGwObaaamqv)(mh=6TnalfPO3oSvwMtt)15.jpg;https://ei.phncdn.com/videos/201904/24/220047481/original/(m=eaAaGwObaaamqv)(mh=6TnalfPO3oSvwMtt)16.jpg
<iframe src="https://www.pornhub.com/embed/ph5cc35c5620ba5" frameborder="0" height="481" width="608" scrolling="no"></iframe>|https://ei.phncdn.com/videos/201904/26/220421321/original/(m=eaf8GgaaaWavb)(mh=k0Ke6MLAc9FD6iOm)16.jpg|https://ei.phncdn.com/videos/201904/26/220421321/original/(m=eaf8GgaaaWavb)(mh=k0Ke6MLAc9FD6iOm)1.jpg;https://ei.phncdn.com/videos/201904/26/220421321/original/(m=eaf8GgaaaWavb)(mh=k0Ke6MLAc9FD6iOm)2.jpg;https://ei.phncdn.com/videos/201904/26/220421321/original/(m=eaf8GgaaaWavb)(mh=k0Ke6MLAc9FD6iOm)3.jpg;https://ei.phncdn.com/videos/201904/26/220421321/original/(m=eaf8GgaaaWavb)(mh=k0Ke6MLAc9FD6iOm)4.jpg;https://ei.phncdn.com/videos/201904/26/220421321/original/(m=eaf8GgaaaWavb)(mh=k0Ke6MLAc9FD6iOm)5.jpg;https://ei.phncdn.com/videos/201904/26/220421321/original/(m=eaf8GgaaaWavb)(mh=k0Ke6MLAc9FD6iOm)6.jpg;https://ei.phncdn.com/videos/201904/26/220421321/original/(m=eaf8GgaaaWavb)(mh=k0Ke6MLAc9FD6iOm)7.jpg;https://ei.phncdn.com/videos/201904/26/220421321/original/(m=eaf8GgaaaWavb)(mh=k0Ke6MLAc9FD6iOm)8.jpg;https://ei.phncdn.com/videos/201904/26/220421321/original/(m=eaf8GgaaaWavb)(mh=k0Ke6MLAc9FD6iOm)9.jpg;https://ei.phncdn.com/videos/201904/26/220421321/original/(m=eaf8GgaaaWavb)(mh=k0Ke6MLAc9FD6iOm)10.jpg;https://ei.phncdn.com/videos/201904/26/220421321/original/(m=eaf8GgaaaWavb)(mh=k0Ke6MLAc9FD6iOm)11.jpg;https://ei.phncdn.com/videos/201904/26/220421321/original/(m=eaf8GgaaaWavb)(mh=k0Ke6MLAc9FD6iOm)12.jpg;https://ei.phncdn.com/videos/201904/26/220421321/original/(m=eaf8GgaaaWavb)(mh=k0Ke6MLAc9FD6iOm)13.jpg;https://ei.phncdn.com/videos/201904/26/220421321/original/(m=eaf8GgaaaWavb)(mh=k0Ke6MLAc9FD6iOm)14.jpg;https://ei.phncdn.com/videos/201904/26/220421321/original/(m=eaf8GgaaaWavb)(mh=k0Ke6MLAc9FD6iOm)15.jpg;https://ei.phncdn.com/videos/201904/26/220421321/original/(m=eaf8GgaaaWavb)(mh=k0Ke6MLAc9FD6iOm)16.jpg|Oral slave pussy licking|pussy-licking;femdom;oral;slave|Pussy Licking||291|518572|1602|147|https://ei.phncdn.com/videos/201904/26/220421321/original/(m=eaAaGwObaaamqv)(mh=-Yqb7rMHRvWR9ebd)16.jpg|https://ei.phncdn.com/videos/201904/26/220421321/original/(m=eaAaGwObaaamqv)(mh=-Yqb7rMHRvWR9ebd)1.jpg;https://ei.phncdn.com/videos/201904/26/220421321/original/(m=eaAaGwObaaamqv)(mh=-Yqb7rMHRvWR9ebd)2.jpg;https://ei.phncdn.com/videos/201904/26/220421321/original/(m=eaAaGwObaaamqv)(mh=-Yqb7rMHRvWR9ebd)3.jpg;https://ei.phncdn.com/videos/201904/26/220421321/original/(m=eaAaGwObaaamqv)(mh=-Yqb7rMHRvWR9ebd)4.jpg;https://ei.phncdn.com/videos/201904/26/220421321/original/(m=eaAaGwObaaamqv)(mh=-Yqb7rMHRvWR9ebd)5.jpg;https://ei.phncdn.com/videos/201904/26/220421321/original/(m=eaAaGwObaaamqv)(mh=-Yqb7rMHRvWR9ebd)6.jpg;https://ei.phncdn.com/videos/201904/26/220421321/original/(m=eaAaGwObaaamqv)(mh=-Yqb7rMHRvWR9ebd)7.jpg;https://ei.phncdn.com/videos/201904/26/220421321/original/(m=eaAaGwObaaamqv)(mh=-Yqb7rMHRvWR9ebd)8.jpg;https://ei.phncdn.com/videos/201904/26/220421321/original/(m=eaAaGwObaaamqv)(mh=-Yqb7rMHRvWR9ebd)9.jpg;https://ei.phncdn.com/videos/201904/26/220421321/original/(m=eaAaGwObaaamqv)(mh=-Yqb7rMHRvWR9ebd)10.jpg;https://ei.phncdn.com/videos/201904/26/220421321/original/(m=eaAaGwObaaamqv)(mh=-Yqb7rMHRvWR9ebd)11.jpg;https://ei.phncdn.com/videos/201904/26/220421321/original/(m=eaAaGwObaaamqv)(mh=-Yqb7rMHRvWR9ebd)12.jpg;https://ei.phncdn.com/videos/201904/26/220421321/original/(m=eaAaGwObaaamqv)(mh=-Yqb7rMHRvWR9ebd)13.jpg;https://ei.phncdn.com/videos/201904/26/220421321/original/(m=eaAaGwObaaamqv)(mh=-Yqb7rMHRvWR9ebd)14.jpg;https://ei.phncdn.com/videos/201904/26/220421321/original/(m=eaAaGwObaaamqv)(mh=-Yqb7rMHRvWR9ebd)15.jpg;https://ei.phncdn.com/videos/201904/26/220421321/original/(m=eaAaGwObaaamqv)(mh=-Yqb7rMHRvWR9ebd)16.jpg
<iframe src="https://www.pornhub.com/embed/5dc5f5b21f60d" frameborder="0" height="481" width="608" scrolling="no"></iframe>|https://ei.phncdn.com/videos/201911/08/260315372/original/(m=qR5-R8Ubeaf8GgaaaWavb)(mh=pg_0cuZIwlW_Zx04)0.jpg|https://ei.phncdn.com/videos/201911/08/260315372/original/(m=eaf8GgaaaWavb)(mh=60wMpzps_zNhRVlp)1.jpg;https://ei.phncdn.com/videos/201911/08/260315372/original/(m=eaf8GgaaaWavb)(mh=60wMpzps_zNhRVlp)2.jpg;https://ei.phncdn.com/videos/201911/08/260315372/original/(m=eaf8GgaaaWavb)(mh=60wMpzps_zNhRVlp)3.jpg;https://ei.phncdn.com/videos/201911/08/260315372/original/(m=eaf8GgaaaWavb)(mh=60wMpzps_zNhRVlp)4.jpg;https://ei.phncdn.com/videos/201911/08/260315372/original/(m=eaf8GgaaaWavb)(mh=60wMpzps_zNhRVlp)5.jpg;https://ei.phncdn.com/videos/201911/08/260315372/original/(m=eaf8GgaaaWavb)(mh=60wMpzps_zNhRVlp)6.jpg;https://ei.phncdn.com/videos/201911/08/260315372/original/(m=eaf8GgaaaWavb)(mh=60wMpzps_zNhRVlp)7.jpg;https://ei.phncdn.com/videos/201911/08/260315372/original/(m=eaf8GgaaaWavb)(mh=60wMpzps_zNhRVlp)8.jpg;https://ei.phncdn.com/videos/201911/08/260315372/original/(m=eaf8GgaaaWavb)(mh=60wMpzps_zNhRVlp)9.jpg;https://ei.phncdn.com/videos/201911/08/260315372/original/(m=eaf8GgaaaWavb)(mh=60wMpzps_zNhRVlp)10.jpg;https://ei.phncdn.com/videos/201911/08/260315372/original/(m=eaf8GgaaaWavb)(mh=60wMpzps_zNhRVlp)11.jpg;https://ei.phncdn.com/videos/201911/08/260315372/original/(m=eaf8GgaaaWavb)(mh=60wMpzps_zNhRVlp)12.jpg;https://ei.phncdn.com/videos/201911/08/260315372/original/(m=eaf8GgaaaWavb)(mh=60wMpzps_zNhRVlp)13.jpg;https://ei.phncdn.com/videos/201911/08/260315372/original/(m=eaf8GgaaaWavb)(mh=60wMpzps_zNhRVlp)14.jpg;https://ei.phncdn.com/videos/201911/08/260315372/original/(m=eaf8GgaaaWavb)(mh=60wMpzps_zNhRVlp)15.jpg;https://ei.phncdn.com/videos/201911/08/260315372/original/(m=eaf8GgaaaWavb)(mh=60wMpzps_zNhRVlp)16.jpg|VERONICA LEAL CHEATING GIRLFRIEND CUCKOLD|cuckolding;cuckold-video;hard-rough-sex;small-teens;colombian-teen;doggystyle;cunnilingus;cum-mouth-swallow;real-orgasm;cheating-wife;ugly-man-fucks-teen|Pussy Licking;Verified Models||917|43|1|1|https://ei.phncdn.com/videos/201911/08/260315372/original/(m=qR5-R8UbeaAaGwObaaamqv)(mh=vDsnH31pNmuUChTE)0.jpg|https://ei.phncdn.com/videos/201911/08/260315372/original/(m=eaAaGwObaaamqv)(mh=mDSO-LwaERm_JeW_)1.jpg;https://ei.phncdn.com/videos/201911/08/260315372/original/(m=eaAaGwObaaamqv)(mh=mDSO-LwaERm_JeW_)2.jpg;https://ei.phncdn.com/videos/201911/08/260315372/original/(m=eaAaGwObaaamqv)(mh=mDSO-LwaERm_JeW_)3.jpg;https://ei.phncdn.com/videos/201911/08/260315372/original/(m=eaAaGwObaaamqv)(mh=mDSO-LwaERm_JeW_)4.jpg;https://ei.phncdn.com/videos/201911/08/260315372/original/(m=eaAaGwObaaamqv)(mh=mDSO-LwaERm_JeW_)5.jpg;https://ei.phncdn.com/videos/201911/08/260315372/original/(m=eaAaGwObaaamqv)(mh=mDSO-LwaERm_JeW_)6.jpg;https://ei.phncdn.com/videos/201911/08/260315372/original/(m=eaAaGwObaaamqv)(mh=mDSO-LwaERm_JeW_)7.jpg;https://ei.phncdn.com/videos/201911/08/260315372/original/(m=eaAaGwObaaamqv)(mh=mDSO-LwaERm_JeW_)8.jpg;https://ei.phncdn.com/videos/201911/08/260315372/original/(m=eaAaGwObaaamqv)(mh=mDSO-LwaERm_JeW_)9.jpg;https://ei.phncdn.com/videos/201911/08/260315372/original/(m=eaAaGwObaaamqv)(mh=mDSO-LwaERm_JeW_)10.jpg;https://ei.phncdn.com/videos/201911/08/260315372/original/(m=eaAaGwObaaamqv)(mh=mDSO-LwaERm_JeW_)11.jpg;https://ei.phncdn.com/videos/201911/08/260315372/original/(m=eaAaGwObaaamqv)(mh=mDSO-LwaERm_JeW_)12.jpg;https://ei.phncdn.com/videos/201911/08/260315372/original/(m=eaAaGwObaaamqv)(mh=mDSO-LwaERm_JeW_)13.jpg;https://ei.phncdn.com/videos/201911/08/260315372/original/(m=eaAaGwObaaamqv)(mh=mDSO-LwaERm_JeW_)14.jpg;https://ei.phncdn.com/videos/201911/08/260315372/original/(m=eaAaGwObaaamqv)(mh=mDSO-LwaERm_JeW_)15.jpg;https://ei.phncdn.com/videos/201911/08/260315372/original/(m=eaAaGwObaaamqv)(mh=mDSO-LwaERm_JeW_)16.jpg
<iframe src="https://www.pornhub.com/embed/ph5f2627635f87f" frameborder="0" height="481" width="608" scrolling="no"></iframe>|https://ei.phncdn.com/videos/202008/02/338518131/original/(m=eaf8GgaaaWavb)(mh=jowcemDcdogDcjve)4.jpg|https://ei.phncdn.com/videos/202008/02/338518131/original/(m=eaf8GgaaaWavb)(mh=jowcemDcdogDcjve)1.jpg;https://ei.phncdn.com/videos/202008/02/338518131/original/(m=eaf8GgaaaWavb)(mh=jowcemDcdogDcjve)2.jpg;https://ei.phncdn.com/videos/202008/02/338518131/original/(m=eaf8GgaaaWavb)(mh=jowcemDcdogDcjve)3.jpg;https://ei.phncdn.com/videos/202008/02/338518131/original/(m=eaf8GgaaaWavb)(mh=jowcemDcdogDcjve)4.jpg;https://ei.phncdn.com/videos/202008/02/338518131/original/(m=eaf8GgaaaWavb)(mh=jowcemDcdogDcjve)5.jpg;https://ei.phncdn.com/videos/202008/02/338518131/original/(m=eaf8GgaaaWavb)(mh=jowcemDcdogDcjve)6.jpg;https://ei.phncdn.com/videos/202008/02/338518131/original/(m=eaf8GgaaaWavb)(mh=jowcemDcdogDcjve)7.jpg;https://ei.phncdn.com/videos/202008/02/338518131/original/(m=eaf8GgaaaWavb)(mh=jowcemDcdogDcjve)8.jpg;https://ei.phncdn.com/videos/202008/02/338518131/original/(m=eaf8GgaaaWavb)(mh=jowcemDcdogDcjve)9.jpg;https://ei.phncdn.com/videos/202008/02/338518131/original/(m=eaf8GgaaaWavb)(mh=jowcemDcdogDcjve)10.jpg;https://ei.phncdn.com/videos/202008/02/338518131/original/(m=eaf8GgaaaWavb)(mh=jowcemDcdogDcjve)11.jpg;https://ei.phncdn.com/videos/202008/02/338518131/original/(m=eaf8GgaaaWavb)(mh=jowcemDcdogDcjve)12.jpg;https://ei.phncdn.com/videos/202008/02/338518131/original/(m=eaf8GgaaaWavb)(mh=jowcemDcdogDcjve)13.jpg;https://ei.phncdn.com/videos/202008/02/338518131/original/(m=eaf8GgaaaWavb)(mh=jowcemDcdogDcjve)14.jpg;https://ei.phncdn.com/videos/202008/02/338518131/original/(m=eaf8GgaaaWavb)(mh=jowcemDcdogDcjve)15.jpg;https://ei.phncdn.com/videos/202008/02/338518131/original/(m=eaf8GgaaaWavb)(mh=jowcemDcdogDcjve)16.jpg|OG Assjob. New extreme Assjob. Did he fuck her between her asscheeks and brown skirt? with Creampie|assjob;japanese-assjob;assjob-cumshot;asian-assjob;assjob-cum;skirt;mini-skirt;skirt-fuck;cum-onto-pussy;booty-job;asscheek-fucking;prone-bone;creampie;multiple-creampies;Tight-Skirt-Fuck;covid-19-quarantine|Pussy Licking;Verified Models||475|73350|216|49|https://ei.phncdn.com/videos/202008/02/338518131/original/(m=eaAaGwObaaamqv)(mh=raIzGUK2oqTvhYyp)4.jpg|https://ei.phncdn.com/videos/202008/02/338518131/original/(m=eaAaGwObaaamqv)(mh=raIzGUK2oqTvhYyp)1.jpg;https://ei.phncdn.com/videos/202008/02/338518131/original/(m=eaAaGwObaaamqv)(mh=raIzGUK2oqTvhYyp)2.jpg;https://ei.phncdn.com/videos/202008/02/338518131/original/(m=eaAaGwObaaamqv)(mh=raIzGUK2oqTvhYyp)3.jpg;https://ei.phncdn.com/videos/202008/02/338518131/original/(m=eaAaGwObaaamqv)(mh=raIzGUK2oqTvhYyp)4.jpg;https://ei.phncdn.com/videos/202008/02/338518131/original/(m=eaAaGwObaaamqv)(mh=raIzGUK2oqTvhYyp)5.jpg;https://ei.phncdn.com/videos/202008/02/338518131/original/(m=eaAaGwObaaamqv)(mh=raIzGUK2oqTvhYyp)6.jpg;https://ei.phncdn.com/videos/202008/02/338518131/original/(m=eaAaGwObaaamqv)(mh=raIzGUK2oqTvhYyp)7.jpg;https://ei.phncdn.com/videos/202008/02/338518131/original/(m=eaAaGwObaaamqv)(mh=raIzGUK2oqTvhYyp)8.jpg;https://ei.phncdn.com/videos/202008/02/338518131/original/(m=eaAaGwObaaamqv)(mh=raIzGUK2oqTvhYyp)9.jpg;https://ei.phncdn.com/videos/202008/02/338518131/original/(m=eaAaGwObaaamqv)(mh=raIzGUK2oqTvhYyp)10.jpg;https://ei.phncdn.com/videos/202008/02/338518131/original/(m=eaAaGwObaaamqv)(mh=raIzGUK2oqTvhYyp)11.jpg;https://ei.phncdn.com/videos/202008/02/338518131/original/(m=eaAaGwObaaamqv)(mh=raIzGUK2oqTvhYyp)12.jpg;https://ei.phncdn.com/videos/202008/02/338518131/original/(m=eaAaGwObaaamqv)(mh=raIzGUK2oqTvhYyp)13.jpg;https://ei.phncdn.com/videos/202008/02/338518131/original/(m=eaAaGwObaaamqv)(mh=raIzGUK2oqTvhYyp)14.jpg;https://ei.phncdn.com/videos/202008/02/338518131/original/(m=eaAaGwObaaamqv)(mh=raIzGUK2oqTvhYyp)15.jpg;https://ei.phncdn.com/videos/202008/02/338518131/original/(m=eaAaGwObaaamqv)(mh=raIzGUK2oqTvhYyp)16.jpg
<iframe src="https://www.pornhub.com/embed/ph5f55cea4afb6a" frameborder="0" height="481" width="608" scrolling="no"></iframe>|https://ei.phncdn.com/videos/202009/07/349642001/original/(m=eaf8GgaaaWavb)(mh=XF2lFPaW4sbKXYIq)1.jpg|https://ei.phncdn.com/videos/202009/07/349642001/original/(m=eaf8GgaaaWavb)(mh=XF2lFPaW4sbKXYIq)1.jpg;https://ei.phncdn.com/videos/202009/07/349642001/original/(m=eaf8GgaaaWavb)(mh=XF2lFPaW4sbKXYIq)2.jpg;https://ei.phncdn.com/videos/202009/07/349642001/original/(m=eaf8GgaaaWavb)(mh=XF2lFPaW4sbKXYIq)3.jpg;https://ei.phncdn.com/videos/202009/07/349642001/original/(m=eaf8GgaaaWavb)(mh=XF2lFPaW4sbKXYIq)4.jpg;https://ei.phncdn.com/videos/202009/07/349642001/original/(m=eaf8GgaaaWavb)(mh=XF2lFPaW4sbKXYIq)5.jpg;https://ei.phncdn.com/videos/202009/07/349642001/original/(m=eaf8GgaaaWavb)(mh=XF2lFPaW4sbKXYIq)6.jpg;https://ei.phncdn.com/videos/202009/07/349642001/original/(m=eaf8GgaaaWavb)(mh=XF2lFPaW4sbKXYIq)7.jpg;https://ei.phncdn.com/videos/202009/07/349642001/original/(m=eaf8GgaaaWavb)(mh=XF2lFPaW4sbKXYIq)8.jpg;https://ei.phncdn.com/videos/202009/07/349642001/original/(m=eaf8GgaaaWavb)(mh=XF2lFPaW4sbKXYIq)9.jpg;https://ei.phncdn.com/videos/202009/07/349642001/original/(m=eaf8GgaaaWavb)(mh=XF2lFPaW4sbKXYIq)10.jpg;https://ei.phncdn.com/videos/202009/07/349642001/original/(m=eaf8GgaaaWavb)(mh=XF2lFPaW4sbKXYIq)11.jpg;https://ei.phncdn.com/videos/202009/07/349642001/original/(m=eaf8GgaaaWavb)(mh=XF2lFPaW4sbKXYIq)12.jpg;https://ei.phncdn.com/videos/202009/07/349642001/original/(m=eaf8GgaaaWavb)(mh=XF2lFPaW4sbKXYIq)13.jpg;https://ei.phncdn.com/videos/202009/07/349642001/original/(m=eaf8GgaaaWavb)(mh=XF2lFPaW4sbKXYIq)14.jpg;https://ei.phncdn.com/videos/202009/07/349642001/original/(m=eaf8GgaaaWavb)(mh=XF2lFPaW4sbKXYIq)15.jpg;https://ei.phncdn.com/videos/202009/07/349642001/original/(m=eaf8GgaaaWavb)(mh=XF2lFPaW4sbKXYIq)16.jpg|Hot slut in her sexy bodystocking playing and getting pussy fuck|rimjob;blowjob;doggystyle;orgasm;ass-licking;femdom;mistress;ass-fingering;prostate-massage;kinky;cam-couple;femdom-rimming;spanking;masturbate;prostate-milking;deepthroat|Pussy Licking;Verified Amateurs||6628|4616|5|1|https://ei.phncdn.com/videos/202009/07/349642001/original/(m=eaAaGwObaaamqv)(mh=jaY-z6tBp31Zklrv)1.jpg|https://ei.phncdn.com/videos/202009/07/349642001/original/(m=eaAaGwObaaamqv)(mh=jaY-z6tBp31Zklrv)1.jpg;https://ei.phncdn.com/videos/202009/07/349642001/original/(m=eaAaGwObaaamqv)(mh=jaY-z6tBp31Zklrv)2.jpg;https://ei.phncdn.com/videos/202009/07/349642001/original/(m=eaAaGwObaaamqv)(mh=jaY-z6tBp31Zklrv)3.jpg;https://ei.phncdn.com/videos/202009/07/349642001/original/(m=eaAaGwObaaamqv)(mh=jaY-z6tBp31Zklrv)4.jpg;https://ei.phncdn.com/videos/202009/07/349642001/original/(m=eaAaGwObaaamqv)(mh=jaY-z6tBp31Zklrv)5.jpg;https://ei.phncdn.com/videos/202009/07/349642001/original/(m=eaAaGwObaaamqv)(mh=jaY-z6tBp31Zklrv)6.jpg;https://ei.phncdn.com/videos/202009/07/349642001/original/(m=eaAaGwObaaamqv)(mh=jaY-z6tBp31Zklrv)7.jpg;https://ei.phncdn.com/videos/202009/07/349642001/original/(m=eaAaGwObaaamqv)(mh=jaY-z6tBp31Zklrv)8.jpg;https://ei.phncdn.com/videos/202009/07/349642001/original/(m=eaAaGwObaaamqv)(mh=jaY-z6tBp31Zklrv)9.jpg;https://ei.phncdn.com/videos/202009/07/349642001/original/(m=eaAaGwObaaamqv)(mh=jaY-z6tBp31Zklrv)10.jpg;https://ei.phncdn.com/videos/202009/07/349642001/original/(m=eaAaGwObaaamqv)(mh=jaY-z6tBp31Zklrv)11.jpg;https://ei.phncdn.com/videos/202009/07/349642001/original/(m=eaAaGwObaaamqv)(mh=jaY-z6tBp31Zklrv)12.jpg;https://ei.phncdn.com/videos/202009/07/349642001/original/(m=eaAaGwObaaamqv)(mh=jaY-z6tBp31Zklrv)13.jpg;https://ei.phncdn.com/videos/202009/07/349642001/original/(m=eaAaGwObaaamqv)(mh=jaY-z6tBp31Zklrv)14.jpg;https://ei.phncdn.com/videos/202009/07/349642001/original/(m=eaAaGwObaaamqv)(mh=jaY-z6tBp31Zklrv)15.jpg;https://ei.phncdn.com/videos/202009/07/349642001/original/(m=eaAaGwObaaamqv)(mh=jaY-z6tBp31Zklrv)16.jpg
<iframe src="https://www.pornhub.com/embed/ph5f8754e2c0231" frameborder="0" height="481" width="608" scrolling="no"></iframe>|https://ei.phncdn.com/videos/202010/14/360817192/original/(m=eaf8GgaaaWavb)(mh=nIfwW5cIMxYGanUo)2.jpg|https://ei.phncdn.com/videos/202010/14/360817192/original/(m=eaf8GgaaaWavb)(mh=nIfwW5cIMxYGanUo)1.jpg;https://ei.phncdn.com/videos/202010/14/360817192/original/(m=eaf8GgaaaWavb)(mh=nIfwW5cIMxYGanUo)2.jpg;https://ei.phncdn.com/videos/202010/14/360817192/original/(m=eaf8GgaaaWavb)(mh=nIfwW5cIMxYGanUo)3.jpg;https://ei.phncdn.com/videos/202010/14/360817192/original/(m=eaf8GgaaaWavb)(mh=nIfwW5cIMxYGanUo)4.jpg;https://ei.phncdn.com/videos/202010/14/360817192/original/(m=eaf8GgaaaWavb)(mh=nIfwW5cIMxYGanUo)5.jpg;https://ei.phncdn.com/videos/202010/14/360817192/original/(m=eaf8GgaaaWavb)(mh=nIfwW5cIMxYGanUo)6.jpg;https://ei.phncdn.com/videos/202010/14/360817192/original/(m=eaf8GgaaaWavb)(mh=nIfwW5cIMxYGanUo)7.jpg;https://ei.phncdn.com/videos/202010/14/360817192/original/(m=eaf8GgaaaWavb)(mh=nIfwW5cIMxYGanUo)8.jpg;https://ei.phncdn.com/videos/202010/14/360817192/original/(m=eaf8GgaaaWavb)(mh=nIfwW5cIMxYGanUo)9.jpg;https://ei.phncdn.com/videos/202010/14/360817192/original/(m=eaf8GgaaaWavb)(mh=nIfwW5cIMxYGanUo)10.jpg;https://ei.phncdn.com/videos/202010/14/360817192/original/(m=eaf8GgaaaWavb)(mh=nIfwW5cIMxYGanUo)11.jpg;https://ei.phncdn.com/videos/202010/14/360817192/original/(m=eaf8GgaaaWavb)(mh=nIfwW5cIMxYGanUo)12.jpg;https://ei.phncdn.com/videos/202010/14/360817192/original/(m=eaf8GgaaaWavb)(mh=nIfwW5cIMxYGanUo)13.jpg;https://ei.phncdn.com/videos/202010/14/360817192/original/(m=eaf8GgaaaWavb)(mh=nIfwW5cIMxYGanUo)14.jpg;https://ei.phncdn.com/videos/202010/14/360817192/original/(m=eaf8GgaaaWavb)(mh=nIfwW5cIMxYGanUo)15.jpg;https://ei.phncdn.com/videos/202010/14/360817192/original/(m=eaf8GgaaaWavb)(mh=nIfwW5cIMxYGanUo)16.jpg|The Gift Part 2 (a 3 part erotic audio series about a male virgin giving his friend his virginity)|erotic-audio;erotic-audio-women;erotic-audio-f4m;erotic-audio-story;audio;audio-porn;audio-porn-women;virginity;romantic;passionate;sexy-female-voice;eves-garden;eraudica;loving;sensual|Pussy Licking;Verified Amateurs;Solo Female;Romantic||1491|26948|105|16|https://ei.phncdn.com/videos/202010/14/360817192/original/(m=eaAaGwObaaamqv)(mh=JLUd6TQ8ac7srziG)2.jpg|https://ei.phncdn.com/videos/202010/14/360817192/original/(m=eaAaGwObaaamqv)(mh=JLUd6TQ8ac7srziG)1.jpg;https://ei.phncdn.com/videos/202010/14/360817192/original/(m=eaAaGwObaaamqv)(mh=JLUd6TQ8ac7srziG)2.jpg;https://ei.phncdn.com/videos/202010/14/360817192/original/(m=eaAaGwObaaamqv)(mh=JLUd6TQ8ac7srziG)3.jpg;https://ei.phncdn.com/videos/202010/14/360817192/original/(m=eaAaGwObaaamqv)(mh=JLUd6TQ8ac7srziG)4.jpg;https://ei.phncdn.com/videos/202010/14/360817192/original/(m=eaAaGwObaaamqv)(mh=JLUd6TQ8ac7srziG)5.jpg;https://ei.phncdn.com/videos/202010/14/360817192/original/(m=eaAaGwObaaamqv)(mh=JLUd6TQ8ac7srziG)6.jpg;https://ei.phncdn.com/videos/202010/14/360817192/original/(m=eaAaGwObaaamqv)(mh=JLUd6TQ8ac7srziG)7.jpg;https://ei.phncdn.com/videos/202010/14/360817192/original/(m=eaAaGwObaaamqv)(mh=JLUd6TQ8ac7srziG)8.jpg;https://ei.phncdn.com/videos/202010/14/360817192/original/(m=eaAaGwObaaamqv)(mh=JLUd6TQ8ac7srziG)9.jpg;https://ei.phncdn.com/videos/202010/14/360817192/original/(m=eaAaGwObaaamqv)(mh=JLUd6TQ8ac7srziG)10.jpg;https://ei.phncdn.com/videos/202010/14/360817192/original/(m=eaAaGwObaaamqv)(mh=JLUd6TQ8ac7srziG)11.jpg;https://ei.phncdn.com/videos/202010/14/360817192/original/(m=eaAaGwObaaamqv)(mh=JLUd6TQ8ac7srziG)12.jpg;https://ei.phncdn.com/videos/202010/14/360817192/original/(m=eaAaGwObaaamqv)(mh=JLUd6TQ8ac7srziG)13.jpg;https://ei.phncdn.com/videos/202010/14/360817192/original/(m=eaAaGwObaaamqv)(mh=JLUd6TQ8ac7srziG)14.jpg;https://ei.phncdn.com/videos/202010/14/360817192/original/(m=eaAaGwObaaamqv)(mh=JLUd6TQ8ac7srziG)15.jpg;https://ei.phncdn.com/videos/202010/14/360817192/original/(m=eaAaGwObaaamqv)(mh=JLUd6TQ8ac7srziG)16.jpg
<iframe src="https://www.pornhub.com/embed/ph5f9199e55cfc5" frameborder="0" height="481" width="608" scrolling="no"></iframe>|https://ei.phncdn.com/videos/202010/22/363006292/original/(m=qJ33L5Vbeaf8GgaaaWavb)(mh=WqKhXcBRccIB6eeK)0.jpg|https://ei.phncdn.com/videos/202010/22/363006292/original/(m=eaf8GgaaaWavb)(mh=sh1aFqVfCA1gc8Zh)1.jpg;https://ei.phncdn.com/videos/202010/22/363006292/original/(m=eaf8GgaaaWavb)(mh=sh1aFqVfCA1gc8Zh)2.jpg;https://ei.phncdn.com/videos/202010/22/363006292/original/(m=eaf8GgaaaWavb)(mh=sh1aFqVfCA1gc8Zh)3.jpg;https://ei.phncdn.com/videos/202010/22/363006292/original/(m=eaf8GgaaaWavb)(mh=sh1aFqVfCA1gc8Zh)4.jpg;https://ei.phncdn.com/videos/202010/22/363006292/original/(m=eaf8GgaaaWavb)(mh=sh1aFqVfCA1gc8Zh)5.jpg;https://ei.phncdn.com/videos/202010/22/363006292/original/(m=eaf8GgaaaWavb)(mh=sh1aFqVfCA1gc8Zh)6.jpg;https://ei.phncdn.com/videos/202010/22/363006292/original/(m=eaf8GgaaaWavb)(mh=sh1aFqVfCA1gc8Zh)7.jpg;https://ei.phncdn.com/videos/202010/22/363006292/original/(m=eaf8GgaaaWavb)(mh=sh1aFqVfCA1gc8Zh)8.jpg;https://ei.phncdn.com/videos/202010/22/363006292/original/(m=eaf8GgaaaWavb)(mh=sh1aFqVfCA1gc8Zh)9.jpg;https://ei.phncdn.com/videos/202010/22/363006292/original/(m=eaf8GgaaaWavb)(mh=sh1aFqVfCA1gc8Zh)10.jpg;https://ei.phncdn.com/videos/202010/22/363006292/original/(m=eaf8GgaaaWavb)(mh=sh1aFqVfCA1gc8Zh)11.jpg;https://ei.phncdn.com/videos/202010/22/363006292/original/(m=eaf8GgaaaWavb)(mh=sh1aFqVfCA1gc8Zh)12.jpg;https://ei.phncdn.com/videos/202010/22/363006292/original/(m=eaf8GgaaaWavb)(mh=sh1aFqVfCA1gc8Zh)13.jpg;https://ei.phncdn.com/videos/202010/22/363006292/original/(m=eaf8GgaaaWavb)(mh=sh1aFqVfCA1gc8Zh)14.jpg;https://ei.phncdn.com/videos/202010/22/363006292/original/(m=eaf8GgaaaWavb)(mh=sh1aFqVfCA1gc8Zh)15.jpg;https://ei.phncdn.com/videos/202010/22/363006292/original/(m=eaf8GgaaaWavb)(mh=sh1aFqVfCA1gc8Zh)16.jpg|Shake The Snake - The Old Grand-Pa Stike & Fuck Again!|shakethesnake;shake-the-snake;sts;grand-pa;mature;pussy-licking;old;skinny|Pussy Licking;Old/Young (18+)||1423|1150|11|1|https://ei.phncdn.com/videos/202010/22/363006292/original/(m=qJ33L5VbeaAaGwObaaamqv)(mh=e-hpg497z4dy-goe)0.jpg|https://ei.phncdn.com/videos/202010/22/363006292/original/(m=eaAaGwObaaamqv)(mh=QgN-71Xf02ncFBOA)1.jpg;https://ei.phncdn.com/videos/202010/22/363006292/original/(m=eaAaGwObaaamqv)(mh=QgN-71Xf02ncFBOA)2.jpg;https://ei.phncdn.com/videos/202010/22/363006292/original/(m=eaAaGwObaaamqv)(mh=QgN-71Xf02ncFBOA)3.jpg;https://ei.phncdn.com/videos/202010/22/363006292/original/(m=eaAaGwObaaamqv)(mh=QgN-71Xf02ncFBOA)4.jpg;https://ei.phncdn.com/videos/202010/22/363006292/original/(m=eaAaGwObaaamqv)(mh=QgN-71Xf02ncFBOA)5.jpg;https://ei.phncdn.com/videos/202010/22/363006292/original/(m=eaAaGwObaaamqv)(mh=QgN-71Xf02ncFBOA)6.jpg;https://ei.phncdn.com/videos/202010/22/363006292/original/(m=eaAaGwObaaamqv)(mh=QgN-71Xf02ncFBOA)7.jpg;https://ei.phncdn.com/videos/202010/22/363006292/original/(m=eaAaGwObaaamqv)(mh=QgN-71Xf02ncFBOA)8.jpg;https://ei.phncdn.com/videos/202010/22/363006292/original/(m=eaAaGwObaaamqv)(mh=QgN-71Xf02ncFBOA)9.jpg;https://ei.phncdn.com/videos/202010/22/363006292/original/(m=eaAaGwObaaamqv)(mh=QgN-71Xf02ncFBOA)10.jpg;https://ei.phncdn.com/videos/202010/22/363006292/original/(m=eaAaGwObaaamqv)(mh=QgN-71Xf02ncFBOA)11.jpg;https://ei.phncdn.com/videos/202010/22/363006292/original/(m=eaAaGwObaaamqv)(mh=QgN-71Xf02ncFBOA)12.jpg;https://ei.phncdn.com/videos/202010/22/363006292/original/(m=eaAaGwObaaamqv)(mh=QgN-71Xf02ncFBOA)13.jpg;https://ei.phncdn.com/videos/202010/22/363006292/original/(m=eaAaGwObaaamqv)(mh=QgN-71Xf02ncFBOA)14.jpg;https://ei.phncdn.com/videos/202010/22/363006292/original/(m=eaAaGwObaaamqv)(mh=QgN-71Xf02ncFBOA)15.jpg;https://ei.phncdn.com/videos/202010/22/363006292/original/(m=eaAaGwObaaamqv)(mh=QgN-71Xf02ncFBOA)16.jpg
<iframe src="https://www.pornhub.com/embed/ph5fff1604818da" frameborder="0" height="481" width="608" scrolling="no"></iframe>|https://ei.phncdn.com/videos/202101/13/381678642/original/(m=eaf8GgaaaWavb)(mh=pvmM7F49y1saobLM)8.jpg|https://ei.phncdn.com/videos/202101/13/381678642/original/(m=eaf8GgaaaWavb)(mh=pvmM7F49y1saobLM)1.jpg;https://ei.phncdn.com/videos/202101/13/381678642/original/(m=eaf8GgaaaWavb)(mh=pvmM7F49y1saobLM)2.jpg;https://ei.phncdn.com/videos/202101/13/381678642/original/(m=eaf8GgaaaWavb)(mh=pvmM7F49y1saobLM)3.jpg;https://ei.phncdn.com/videos/202101/13/381678642/original/(m=eaf8GgaaaWavb)(mh=pvmM7F49y1saobLM)4.jpg;https://ei.phncdn.com/videos/202101/13/381678642/original/(m=eaf8GgaaaWavb)(mh=pvmM7F49y1saobLM)5.jpg;https://ei.phncdn.com/videos/202101/13/381678642/original/(m=eaf8GgaaaWavb)(mh=pvmM7F49y1saobLM)6.jpg;https://ei.phncdn.com/videos/202101/13/381678642/original/(m=eaf8GgaaaWavb)(mh=pvmM7F49y1saobLM)7.jpg;https://ei.phncdn.com/videos/202101/13/381678642/original/(m=eaf8GgaaaWavb)(mh=pvmM7F49y1saobLM)8.jpg;https://ei.phncdn.com/videos/202101/13/381678642/original/(m=eaf8GgaaaWavb)(mh=pvmM7F49y1saobLM)9.jpg;https://ei.phncdn.com/videos/202101/13/381678642/original/(m=eaf8GgaaaWavb)(mh=pvmM7F49y1saobLM)10.jpg;https://ei.phncdn.com/videos/202101/13/381678642/original/(m=eaf8GgaaaWavb)(mh=pvmM7F49y1saobLM)11.jpg;https://ei.phncdn.com/videos/202101/13/381678642/original/(m=eaf8GgaaaWavb)(mh=pvmM7F49y1saobLM)12.jpg;https://ei.phncdn.com/videos/202101/13/381678642/original/(m=eaf8GgaaaWavb)(mh=pvmM7F49y1saobLM)13.jpg;https://ei.phncdn.com/videos/202101/13/381678642/original/(m=eaf8GgaaaWavb)(mh=pvmM7F49y1saobLM)14.jpg;https://ei.phncdn.com/videos/202101/13/381678642/original/(m=eaf8GgaaaWavb)(mh=pvmM7F49y1saobLM)15.jpg;https://ei.phncdn.com/videos/202101/13/381678642/original/(m=eaf8GgaaaWavb)(mh=pvmM7F49y1saobLM)16.jpg|Intro #II|ass-fucking;finger-linking;pump-bump|Pussy Licking;Verified Amateurs;Solo Female;Vertical Video||138|91|1|0|https://ei.phncdn.com/videos/202101/13/381678642/original/(m=eaAaGwObaaamqv)(mh=hPpEXAbr7pdtCGJC)8.jpg|https://ei.phncdn.com/videos/202101/13/381678642/original/(m=eaAaGwObaaamqv)(mh=hPpEXAbr7pdtCGJC)1.jpg;https://ei.phncdn.com/videos/202101/13/381678642/original/(m=eaAaGwObaaamqv)(mh=hPpEXAbr7pdtCGJC)2.jpg;https://ei.phncdn.com/videos/202101/13/381678642/original/(m=eaAaGwObaaamqv)(mh=hPpEXAbr7pdtCGJC)3.jpg;https://ei.phncdn.com/videos/202101/13/381678642/original/(m=eaAaGwObaaamqv)(mh=hPpEXAbr7pdtCGJC)4.jpg;https://ei.phncdn.com/videos/202101/13/381678642/original/(m=eaAaGwObaaamqv)(mh=hPpEXAbr7pdtCGJC)5.jpg;https://ei.phncdn.com/videos/202101/13/381678642/original/(m=eaAaGwObaaamqv)(mh=hPpEXAbr7pdtCGJC)6.jpg;https://ei.phncdn.com/videos/202101/13/381678642/original/(m=eaAaGwObaaamqv)(mh=hPpEXAbr7pdtCGJC)7.jpg;https://ei.phncdn.com/videos/202101/13/381678642/original/(m=eaAaGwObaaamqv)(mh=hPpEXAbr7pdtCGJC)8.jpg;https://ei.phncdn.com/videos/202101/13/381678642/original/(m=eaAaGwObaaamqv)(mh=hPpEXAbr7pdtCGJC)9.jpg;https://ei.phncdn.com/videos/202101/13/381678642/original/(m=eaAaGwObaaamqv)(mh=hPpEXAbr7pdtCGJC)10.jpg;https://ei.phncdn.com/videos/202101/13/381678642/original/(m=eaAaGwObaaamqv)(mh=hPpEXAbr7pdtCGJC)11.jpg;https://ei.phncdn.com/videos/202101/13/381678642/original/(m=eaAaGwObaaamqv)(mh=hPpEXAbr7pdtCGJC)12.jpg;https://ei.phncdn.com/videos/202101/13/381678642/original/(m=eaAaGwObaaamqv)(mh=hPpEXAbr7pdtCGJC)13.jpg;https://ei.phncdn.com/videos/202101/13/381678642/original/(m=eaAaGwObaaamqv)(mh=hPpEXAbr7pdtCGJC)14.jpg;https://ei.phncdn.com/videos/202101/13/381678642/original/(m=eaAaGwObaaamqv)(mh=hPpEXAbr7pdtCGJC)15.jpg;https://ei.phncdn.com/videos/202101/13/381678642/original/(m=eaAaGwObaaamqv)(mh=hPpEXAbr7pdtCGJC)16.jpg
<iframe src="https://www.pornhub.com/embed/ph60af3f5c2d666" frameborder="0" height="481" width="608" scrolling="no"></iframe>|https://ei.phncdn.com/videos/202105/27/388667721/original/(m=eaf8GgaaaWavb)(mh=Km40qJHlb6FVYqux)10.jpg|https://ei.phncdn.com/videos/202105/27/388667721/original/(m=eaf8GgaaaWavb)(mh=Km40qJHlb6FVYqux)1.jpg;https://ei.phncdn.com/videos/202105/27/388667721/original/(m=eaf8GgaaaWavb)(mh=Km40qJHlb6FVYqux)2.jpg;https://ei.phncdn.com/videos/202105/27/388667721/original/(m=eaf8GgaaaWavb)(mh=Km40qJHlb6FVYqux)3.jpg;https://ei.phncdn.com/videos/202105/27/388667721/original/(m=eaf8GgaaaWavb)(mh=Km40qJHlb6FVYqux)4.jpg;https://ei.phncdn.com/videos/202105/27/388667721/original/(m=eaf8GgaaaWavb)(mh=Km40qJHlb6FVYqux)5.jpg;https://ei.phncdn.com/videos/202105/27/388667721/original/(m=eaf8GgaaaWavb)(mh=Km40qJHlb6FVYqux)6.jpg;https://ei.phncdn.com/videos/202105/27/388667721/original/(m=eaf8GgaaaWavb)(mh=Km40qJHlb6FVYqux)7.jpg;https://ei.phncdn.com/videos/202105/27/388667721/original/(m=eaf8GgaaaWavb)(mh=Km40qJHlb6FVYqux)8.jpg;https://ei.phncdn.com/videos/202105/27/388667721/original/(m=eaf8GgaaaWavb)(mh=Km40qJHlb6FVYqux)9.jpg;https://ei.phncdn.com/videos/202105/27/388667721/original/(m=eaf8GgaaaWavb)(mh=Km40qJHlb6FVYqux)10.jpg;https://ei.phncdn.com/videos/202105/27/388667721/original/(m=eaf8GgaaaWavb)(mh=Km40qJHlb6FVYqux)11.jpg;https://ei.phncdn.com/videos/202105/27/388667721/original/(m=eaf8GgaaaWavb)(mh=Km40qJHlb6FVYqux)12.jpg;https://ei.phncdn.com/videos/202105/27/388667721/original/(m=eaf8GgaaaWavb)(mh=Km40qJHlb6FVYqux)13.jpg;https://ei.phncdn.com/videos/202105/27/388667721/original/(m=eaf8GgaaaWavb)(mh=Km40qJHlb6FVYqux)14.jpg;https://ei.phncdn.com/videos/202105/27/388667721/original/(m=eaf8GgaaaWavb)(mh=Km40qJHlb6FVYqux)15.jpg;https://ei.phncdn.com/videos/202105/27/388667721/original/(m=eaf8GgaaaWavb)(mh=Km40qJHlb6FVYqux)16.jpg|Sucking pussy|licking;tongue;pussy|Pussy Licking;Female Orgasm;Vertical Video||73|71|||https://ei.phncdn.com/videos/202105/27/388667721/original/(m=eaAaGwObaaamqv)(mh=Z5QhMrs-7uXhy9nq)10.jpg|https://ei.phncdn.com/videos/202105/27/388667721/original/(m=eaAaGwObaaamqv)(mh=Z5QhMrs-7uXhy9nq)1.jpg;https://ei.phncdn.com/videos/202105/27/388667721/original/(m=eaAaGwObaaamqv)(mh=Z5QhMrs-7uXhy9nq)2.jpg;https://ei.phncdn.com/videos/202105/27/388667721/original/(m=eaAaGwObaaamqv)(mh=Z5QhMrs-7uXhy9nq)3.jpg;https://ei.phncdn.com/videos/202105/27/388667721/original/(m=eaAaGwObaaamqv)(mh=Z5QhMrs-7uXhy9nq)4.jpg;https://ei.phncdn.com/videos/202105/27/388667721/original/(m=eaAaGwObaaamqv)(mh=Z5QhMrs-7uXhy9nq)5.jpg;https://ei.phncdn.com/videos/202105/27/388667721/original/(m=eaAaGwObaaamqv)(mh=Z5QhMrs-7uXhy9nq)6.jpg;https://ei.phncdn.com/videos/202105/27/388667721/original/(m=eaAaGwObaaamqv)(mh=Z5QhMrs-7uXhy9nq)7.jpg;https://ei.phncdn.com/videos/202105/27/388667721/original/(m=eaAaGwObaaamqv)(mh=Z5QhMrs-7uXhy9nq)8.jpg;https://ei.phncdn.com/videos/202105/27/388667721/original/(m=eaAaGwObaaamqv)(mh=Z5QhMrs-7uXhy9nq)9.jpg;https://ei.phncdn.com/videos/202105/27/388667721/original/(m=eaAaGwObaaamqv)(mh=Z5QhMrs-7uXhy9nq)10.jpg;https://ei.phncdn.com/videos/202105/27/388667721/original/(m=eaAaGwObaaamqv)(mh=Z5QhMrs-7uXhy9nq)11.jpg;https://ei.phncdn.com/videos/202105/27/388667721/original/(m=eaAaGwObaaamqv)(mh=Z5QhMrs-7uXhy9nq)12.jpg;https://ei.phncdn.com/videos/202105/27/388667721/original/(m=eaAaGwObaaamqv)(mh=Z5QhMrs-7uXhy9nq)13.jpg;https://ei.phncdn.com/videos/202105/27/388667721/original/(m=eaAaGwObaaamqv)(mh=Z5QhMrs-7uXhy9nq)14.jpg;https://ei.phncdn.com/videos/202105/27/388667721/original/(m=eaAaGwObaaamqv)(mh=Z5QhMrs-7uXhy9nq)15.jpg;https://ei.phncdn.com/videos/202105/27/388667721/original/(m=eaAaGwObaaamqv)(mh=Z5QhMrs-7uXhy9nq)16.jpg
<iframe src="https://www.pornhub.com/embed/ph60c586d231c85" frameborder="0" height="481" width="608" scrolling="no"></iframe>|https://ei.phncdn.com/videos/202106/13/389525481/original/(m=eaf8GgaaaWavb)(mh=09N9I1-enjj9hHUq)11.jpg|https://ei.phncdn.com/videos/202106/13/389525481/original/(m=eaf8GgaaaWavb)(mh=09N9I1-enjj9hHUq)1.jpg;https://ei.phncdn.com/videos/202106/13/389525481/original/(m=eaf8GgaaaWavb)(mh=09N9I1-enjj9hHUq)2.jpg;https://ei.phncdn.com/videos/202106/13/389525481/original/(m=eaf8GgaaaWavb)(mh=09N9I1-enjj9hHUq)3.jpg;https://ei.phncdn.com/videos/202106/13/389525481/original/(m=eaf8GgaaaWavb)(mh=09N9I1-enjj9hHUq)4.jpg;https://ei.phncdn.com/videos/202106/13/389525481/original/(m=eaf8GgaaaWavb)(mh=09N9I1-enjj9hHUq)5.jpg;https://ei.phncdn.com/videos/202106/13/389525481/original/(m=eaf8GgaaaWavb)(mh=09N9I1-enjj9hHUq)6.jpg;https://ei.phncdn.com/videos/202106/13/389525481/original/(m=eaf8GgaaaWavb)(mh=09N9I1-enjj9hHUq)7.jpg;https://ei.phncdn.com/videos/202106/13/389525481/original/(m=eaf8GgaaaWavb)(mh=09N9I1-enjj9hHUq)8.jpg;https://ei.phncdn.com/videos/202106/13/389525481/original/(m=eaf8GgaaaWavb)(mh=09N9I1-enjj9hHUq)9.jpg;https://ei.phncdn.com/videos/202106/13/389525481/original/(m=eaf8GgaaaWavb)(mh=09N9I1-enjj9hHUq)10.jpg;https://ei.phncdn.com/videos/202106/13/389525481/original/(m=eaf8GgaaaWavb)(mh=09N9I1-enjj9hHUq)11.jpg;https://ei.phncdn.com/videos/202106/13/389525481/original/(m=eaf8GgaaaWavb)(mh=09N9I1-enjj9hHUq)12.jpg;https://ei.phncdn.com/videos/202106/13/389525481/original/(m=eaf8GgaaaWavb)(mh=09N9I1-enjj9hHUq)13.jpg;https://ei.phncdn.com/videos/202106/13/389525481/original/(m=eaf8GgaaaWavb)(mh=09N9I1-enjj9hHUq)14.jpg;https://ei.phncdn.com/videos/202106/13/389525481/original/(m=eaf8GgaaaWavb)(mh=09N9I1-enjj9hHUq)15.jpg;https://ei.phncdn.com/videos/202106/13/389525481/original/(m=eaf8GgaaaWavb)(mh=09N9I1-enjj9hHUq)16.jpg|Sexy hottie with a toy|pussy-licking;toys;wet-pussy;blonde|Pussy Licking;Female Orgasm||397|386|1|0|https://ei.phncdn.com/videos/202106/13/389525481/original/(m=eaAaGwObaaamqv)(mh=I35E4h8PJPJZVuLq)11.jpg|https://ei.phncdn.com/videos/202106/13/389525481/original/(m=eaAaGwObaaamqv)(mh=I35E4h8PJPJZVuLq)1.jpg;https://ei.phncdn.com/videos/202106/13/389525481/original/(m=eaAaGwObaaamqv)(mh=I35E4h8PJPJZVuLq)2.jpg;https://ei.phncdn.com/videos/202106/13/389525481/original/(m=eaAaGwObaaamqv)(mh=I35E4h8PJPJZVuLq)3.jpg;https://ei.phncdn.com/videos/202106/13/389525481/original/(m=eaAaGwObaaamqv)(mh=I35E4h8PJPJZVuLq)4.jpg;https://ei.phncdn.com/videos/202106/13/389525481/original/(m=eaAaGwObaaamqv)(mh=I35E4h8PJPJZVuLq)5.jpg;https://ei.phncdn.com/videos/202106/13/389525481/original/(m=eaAaGwObaaamqv)(mh=I35E4h8PJPJZVuLq)6.jpg;https://ei.phncdn.com/videos/202106/13/389525481/original/(m=eaAaGwObaaamqv)(mh=I35E4h8PJPJZVuLq)7.jpg;https://ei.phncdn.com/videos/202106/13/389525481/original/(m=eaAaGwObaaamqv)(mh=I35E4h8PJPJZVuLq)8.jpg;https://ei.phncdn.com/videos/202106/13/389525481/original/(m=eaAaGwObaaamqv)(mh=I35E4h8PJPJZVuLq)9.jpg;https://ei.phncdn.com/videos/202106/13/389525481/original/(m=eaAaGwObaaamqv)(mh=I35E4h8PJPJZVuLq)10.jpg;https://ei.phncdn.com/videos/202106/13/389525481/original/(m=eaAaGwObaaamqv)(mh=I35E4h8PJPJZVuLq)11.jpg;https://ei.phncdn.com/videos/202106/13/389525481/original/(m=eaAaGwObaaamqv)(mh=I35E4h8PJPJZVuLq)12.jpg;https://ei.phncdn.com/videos/202106/13/389525481/original/(m=eaAaGwObaaamqv)(mh=I35E4h8PJPJZVuLq)13.jpg;https://ei.phncdn.com/videos/202106/13/389525481/original/(m=eaAaGwObaaamqv)(mh=I35E4h8PJPJZVuLq)14.jpg;https://ei.phncdn.com/videos/202106/13/389525481/original/(m=eaAaGwObaaamqv)(mh=I35E4h8PJPJZVuLq)15.jpg;https://ei.phncdn.com/videos/202106/13/389525481/original/(m=eaAaGwObaaamqv)(mh=I35E4h8PJPJZVuLq)16.jpg
<iframe src="https://www.pornhub.com/embed/ph613b39e3d85b0" frameborder="0" height="481" width="608" scrolling="no"></iframe>|https://ei.phncdn.com/videos/202109/10/394462811/original/(m=qQUHPZXbeaf8GgaaaWavb)(mh=bik5d4U2KGlZIlkz)0.jpg|https://ei.phncdn.com/videos/202109/10/394462811/original/(m=eaf8GgaaaWavb)(mh=4O5Ji3iEI5IyiVs6)1.jpg;https://ei.phncdn.com/videos/202109/10/394462811/original/(m=eaf8GgaaaWavb)(mh=4O5Ji3iEI5IyiVs6)2.jpg;https://ei.phncdn.com/videos/202109/10/394462811/original/(m=eaf8GgaaaWavb)(mh=4O5Ji3iEI5IyiVs6)3.jpg;https://ei.phncdn.com/videos/202109/10/394462811/original/(m=eaf8GgaaaWavb)(mh=4O5Ji3iEI5IyiVs6)4.jpg;https://ei.phncdn.com/videos/202109/10/394462811/original/(m=eaf8GgaaaWavb)(mh=4O5Ji3iEI5IyiVs6)5.jpg;https://ei.phncdn.com/videos/202109/10/394462811/original/(m=eaf8GgaaaWavb)(mh=4O5Ji3iEI5IyiVs6)6.jpg;https://ei.phncdn.com/videos/202109/10/394462811/original/(m=eaf8GgaaaWavb)(mh=4O5Ji3iEI5IyiVs6)7.jpg;https://ei.phncdn.com/videos/202109/10/394462811/original/(m=eaf8GgaaaWavb)(mh=4O5Ji3iEI5IyiVs6)8.jpg;https://ei.phncdn.com/videos/202109/10/394462811/original/(m=eaf8GgaaaWavb)(mh=4O5Ji3iEI5IyiVs6)9.jpg;https://ei.phncdn.com/videos/202109/10/394462811/original/(m=eaf8GgaaaWavb)(mh=4O5Ji3iEI5IyiVs6)10.jpg;https://ei.phncdn.com/videos/202109/10/394462811/original/(m=eaf8GgaaaWavb)(mh=4O5Ji3iEI5IyiVs6)11.jpg;https://ei.phncdn.com/videos/202109/10/394462811/original/(m=eaf8GgaaaWavb)(mh=4O5Ji3iEI5IyiVs6)12.jpg;https://ei.phncdn.com/videos/202109/10/394462811/original/(m=eaf8GgaaaWavb)(mh=4O5Ji3iEI5IyiVs6)13.jpg;https://ei.phncdn.com/videos/202109/10/394462811/original/(m=eaf8GgaaaWavb)(mh=4O5Ji3iEI5IyiVs6)14.jpg;https://ei.phncdn.com/videos/202109/10/394462811/original/(m=eaf8GgaaaWavb)(mh=4O5Ji3iEI5IyiVs6)15.jpg;https://ei.phncdn.com/videos/202109/10/394462811/original/(m=eaf8GgaaaWavb)(mh=4O5Ji3iEI5IyiVs6)16.jpg|O My Goddess - Summon me, mortal! Erotic Audio by Eve's Garden [Audio only][Supernatural]|facesitting;goddess;supernatural;pussy-licking;irish;gaeilge;erotic-audio;sexy-voice;audio-only;erotic-audio-for-men;eves-garden;eve-eraudica;eraudica;pagan;eves-garden-audio;voice|Pussy Licking;Verified Amateurs;Solo Female||492|10859|72|11|https://ei.phncdn.com/videos/202109/10/394462811/original/(m=qQUHPZXbeaAaGwObaaamqv)(mh=H496wqcBIzdHtHHl)0.jpg|https://ei.phncdn.com/videos/202109/10/394462811/original/(m=eaAaGwObaaamqv)(mh=5CVFqGWUSQpM1y2B)1.jpg;https://ei.phncdn.com/videos/202109/10/394462811/original/(m=eaAaGwObaaamqv)(mh=5CVFqGWUSQpM1y2B)2.jpg;https://ei.phncdn.com/videos/202109/10/394462811/original/(m=eaAaGwObaaamqv)(mh=5CVFqGWUSQpM1y2B)3.jpg;https://ei.phncdn.com/videos/202109/10/394462811/original/(m=eaAaGwObaaamqv)(mh=5CVFqGWUSQpM1y2B)4.jpg;https://ei.phncdn.com/videos/202109/10/394462811/original/(m=eaAaGwObaaamqv)(mh=5CVFqGWUSQpM1y2B)5.jpg;https://ei.phncdn.com/videos/202109/10/394462811/original/(m=eaAaGwObaaamqv)(mh=5CVFqGWUSQpM1y2B)6.jpg;https://ei.phncdn.com/videos/202109/10/394462811/original/(m=eaAaGwObaaamqv)(mh=5CVFqGWUSQpM1y2B)7.jpg;https://ei.phncdn.com/videos/202109/10/394462811/original/(m=eaAaGwObaaamqv)(mh=5CVFqGWUSQpM1y2B)8.jpg;https://ei.phncdn.com/videos/202109/10/394462811/original/(m=eaAaGwObaaamqv)(mh=5CVFqGWUSQpM1y2B)9.jpg;https://ei.phncdn.com/videos/202109/10/394462811/original/(m=eaAaGwObaaamqv)(mh=5CVFqGWUSQpM1y2B)10.jpg;https://ei.phncdn.com/videos/202109/10/394462811/original/(m=eaAaGwObaaamqv)(mh=5CVFqGWUSQpM1y2B)11.jpg;https://ei.phncdn.com/videos/202109/10/394462811/original/(m=eaAaGwObaaamqv)(mh=5CVFqGWUSQpM1y2B)12.jpg;https://ei.phncdn.com/videos/202109/10/394462811/original/(m=eaAaGwObaaamqv)(mh=5CVFqGWUSQpM1y2B)13.jpg;https://ei.phncdn.com/videos/202109/10/394462811/original/(m=eaAaGwObaaamqv)(mh=5CVFqGWUSQpM1y2B)14.jpg;https://ei.phncdn.com/videos/202109/10/394462811/original/(m=eaAaGwObaaamqv)(mh=5CVFqGWUSQpM1y2B)15.jpg;https://ei.phncdn.com/videos/202109/10/394462811/original/(m=eaAaGwObaaamqv)(mh=5CVFqGWUSQpM1y2B)16.jpg
<iframe src="https://www.pornhub.com/embed/ph61cef02e459ab" frameborder="0" height="481" width="608" scrolling="no"></iframe>|https://ei.phncdn.com/videos/202112/31/400517881/original/(m=eaf8GgaaaWavb)(mh=ucPWfbBhINNL09Du)1.jpg|https://ei.phncdn.com/videos/202112/31/400517881/original/(m=eaf8GgaaaWavb)(mh=ucPWfbBhINNL09Du)1.jpg;https://ei.phncdn.com/videos/202112/31/400517881/original/(m=eaf8GgaaaWavb)(mh=ucPWfbBhINNL09Du)2.jpg;https://ei.phncdn.com/videos/202112/31/400517881/original/(m=eaf8GgaaaWavb)(mh=ucPWfbBhINNL09Du)3.jpg;https://ei.phncdn.com/videos/202112/31/400517881/original/(m=eaf8GgaaaWavb)(mh=ucPWfbBhINNL09Du)4.jpg;https://ei.phncdn.com/videos/202112/31/400517881/original/(m=eaf8GgaaaWavb)(mh=ucPWfbBhINNL09Du)5.jpg;https://ei.phncdn.com/videos/202112/31/400517881/original/(m=eaf8GgaaaWavb)(mh=ucPWfbBhINNL09Du)6.jpg;https://ei.phncdn.com/videos/202112/31/400517881/original/(m=eaf8GgaaaWavb)(mh=ucPWfbBhINNL09Du)7.jpg;https://ei.phncdn.com/videos/202112/31/400517881/original/(m=eaf8GgaaaWavb)(mh=ucPWfbBhINNL09Du)8.jpg;https://ei.phncdn.com/videos/202112/31/400517881/original/(m=eaf8GgaaaWavb)(mh=ucPWfbBhINNL09Du)9.jpg;https://ei.phncdn.com/videos/202112/31/400517881/original/(m=eaf8GgaaaWavb)(mh=ucPWfbBhINNL09Du)10.jpg;https://ei.phncdn.com/videos/202112/31/400517881/original/(m=eaf8GgaaaWavb)(mh=ucPWfbBhINNL09Du)11.jpg;https://ei.phncdn.com/videos/202112/31/400517881/original/(m=eaf8GgaaaWavb)(mh=ucPWfbBhINNL09Du)12.jpg;https://ei.phncdn.com/videos/202112/31/400517881/original/(m=eaf8GgaaaWavb)(mh=ucPWfbBhINNL09Du)13.jpg;https://ei.phncdn.com/videos/202112/31/400517881/original/(m=eaf8GgaaaWavb)(mh=ucPWfbBhINNL09Du)14.jpg;https://ei.phncdn.com/videos/202112/31/400517881/original/(m=eaf8GgaaaWavb)(mh=ucPWfbBhINNL09Du)15.jpg;https://ei.phncdn.com/videos/202112/31/400517881/original/(m=eaf8GgaaaWavb)(mh=ucPWfbBhINNL09Du)16.jpg|How to bring a girl to orgasm.|female-orgasm;shaking-orgasm;twitching;realorgasm;real-orgasm;cunnilingus;cunnilingus-orgasm;pussy-licking;eating-pussy;girl-cum;girls-cumming;girl-orgasm;women-orgasm;how-to-eat-pussy;real-woman-orgasm;brunette|Pussy Licking;Verified Amateurs||874|78554|115|41|https://ei.phncdn.com/videos/202112/31/400517881/original/(m=eaAaGwObaaamqv)(mh=dWX4WCpEv1Dn-f-t)1.jpg|https://ei.phncdn.com/videos/202112/31/400517881/original/(m=eaAaGwObaaamqv)(mh=dWX4WCpEv1Dn-f-t)1.jpg;https://ei.phncdn.com/videos/202112/31/400517881/original/(m=eaAaGwObaaamqv)(mh=dWX4WCpEv1Dn-f-t)2.jpg;https://ei.phncdn.com/videos/202112/31/400517881/original/(m=eaAaGwObaaamqv)(mh=dWX4WCpEv1Dn-f-t)3.jpg;https://ei.phncdn.com/videos/202112/31/400517881/original/(m=eaAaGwObaaamqv)(mh=dWX4WCpEv1Dn-f-t)4.jpg;https://ei.phncdn.com/videos/202112/31/400517881/original/(m=eaAaGwObaaamqv)(mh=dWX4WCpEv1Dn-f-t)5.jpg;https://ei.phncdn.com/videos/202112/31/400517881/original/(m=eaAaGwObaaamqv)(mh=dWX4WCpEv1Dn-f-t)6.jpg;https://ei.phncdn.com/videos/202112/31/400517881/original/(m=eaAaGwObaaamqv)(mh=dWX4WCpEv1Dn-f-t)7.jpg;https://ei.phncdn.com/videos/202112/31/400517881/original/(m=eaAaGwObaaamqv)(mh=dWX4WCpEv1Dn-f-t)8.jpg;https://ei.phncdn.com/videos/202112/31/400517881/original/(m=eaAaGwObaaamqv)(mh=dWX4WCpEv1Dn-f-t)9.jpg;https://ei.phncdn.com/videos/202112/31/400517881/original/(m=eaAaGwObaaamqv)(mh=dWX4WCpEv1Dn-f-t)10.jpg;https://ei.phncdn.com/videos/202112/31/400517881/original/(m=eaAaGwObaaamqv)(mh=dWX4WCpEv1Dn-f-t)11.jpg;https://ei.phncdn.com/videos/202112/31/400517881/original/(m=eaAaGwObaaamqv)(mh=dWX4WCpEv1Dn-f-t)12.jpg;https://ei.phncdn.com/videos/202112/31/400517881/original/(m=eaAaGwObaaamqv)(mh=dWX4WCpEv1Dn-f-t)13.jpg;https://ei.phncdn.com/videos/202112/31/400517881/original/(m=eaAaGwObaaamqv)(mh=dWX4WCpEv1Dn-f-t)14.jpg;https://ei.phncdn.com/videos/202112/31/400517881/original/(m=eaAaGwObaaamqv)(mh=dWX4WCpEv1Dn-f-t)15.jpg;https://ei.phncdn.com/videos/202112/31/400517881/original/(m=eaAaGwObaaamqv)(mh=dWX4WCpEv1Dn-f-t)16.jpg
<iframe src="https://www.pornhub.com/embed/ph620197e9ca960" frameborder="0" height="481" width="608" scrolling="no"></iframe>|https://ei.phncdn.com/videos/202202/07/402683971/original/(m=eaf8GgaaaWavb)(mh=IpWdcsdwyEm4CX_-)2.jpg|https://ei.phncdn.com/videos/202202/07/402683971/original/(m=eaf8GgaaaWavb)(mh=IpWdcsdwyEm4CX_-)1.jpg;https://ei.phncdn.com/videos/202202/07/402683971/original/(m=eaf8GgaaaWavb)(mh=IpWdcsdwyEm4CX_-)2.jpg;https://ei.phncdn.com/videos/202202/07/402683971/original/(m=eaf8GgaaaWavb)(mh=IpWdcsdwyEm4CX_-)3.jpg;https://ei.phncdn.com/videos/202202/07/402683971/original/(m=eaf8GgaaaWavb)(mh=IpWdcsdwyEm4CX_-)4.jpg;https://ei.phncdn.com/videos/202202/07/402683971/original/(m=eaf8GgaaaWavb)(mh=IpWdcsdwyEm4CX_-)5.jpg;https://ei.phncdn.com/videos/202202/07/402683971/original/(m=eaf8GgaaaWavb)(mh=IpWdcsdwyEm4CX_-)6.jpg;https://ei.phncdn.com/videos/202202/07/402683971/original/(m=eaf8GgaaaWavb)(mh=IpWdcsdwyEm4CX_-)7.jpg;https://ei.phncdn.com/videos/202202/07/402683971/original/(m=eaf8GgaaaWavb)(mh=IpWdcsdwyEm4CX_-)8.jpg;https://ei.phncdn.com/videos/202202/07/402683971/original/(m=eaf8GgaaaWavb)(mh=IpWdcsdwyEm4CX_-)9.jpg;https://ei.phncdn.com/videos/202202/07/402683971/original/(m=eaf8GgaaaWavb)(mh=IpWdcsdwyEm4CX_-)10.jpg;https://ei.phncdn.com/videos/202202/07/402683971/original/(m=eaf8GgaaaWavb)(mh=IpWdcsdwyEm4CX_-)11.jpg;https://ei.phncdn.com/videos/202202/07/402683971/original/(m=eaf8GgaaaWavb)(mh=IpWdcsdwyEm4CX_-)12.jpg;https://ei.phncdn.com/videos/202202/07/402683971/original/(m=eaf8GgaaaWavb)(mh=IpWdcsdwyEm4CX_-)13.jpg;https://ei.phncdn.com/videos/202202/07/402683971/original/(m=eaf8GgaaaWavb)(mh=IpWdcsdwyEm4CX_-)14.jpg;https://ei.phncdn.com/videos/202202/07/402683971/original/(m=eaf8GgaaaWavb)(mh=IpWdcsdwyEm4CX_-)15.jpg;https://ei.phncdn.com/videos/202202/07/402683971/original/(m=eaf8GgaaaWavb)(mh=IpWdcsdwyEm4CX_-)16.jpg|You get lucky with a shy dragongirl (Erotic Audio for Women by HTHarpy)|dragon-girl;monster-girl;lesbian;size-difference;erotic-audio;voice;cute-voice;sexy-voice;asmr;asmr-moaning;asmr-roleplay|Pussy Licking;Verified Amateurs;Solo Female;Romantic||554|8574|79|5|https://ei.phncdn.com/videos/202202/07/402683971/original/(m=eaAaGwObaaamqv)(mh=homHSyADTefNlbaM)2.jpg|https://ei.phncdn.com/videos/202202/07/402683971/original/(m=eaAaGwObaaamqv)(mh=homHSyADTefNlbaM)1.jpg;https://ei.phncdn.com/videos/202202/07/402683971/original/(m=eaAaGwObaaamqv)(mh=homHSyADTefNlbaM)2.jpg;https://ei.phncdn.com/videos/202202/07/402683971/original/(m=eaAaGwObaaamqv)(mh=homHSyADTefNlbaM)3.jpg;https://ei.phncdn.com/videos/202202/07/402683971/original/(m=eaAaGwObaaamqv)(mh=homHSyADTefNlbaM)4.jpg;https://ei.phncdn.com/videos/202202/07/402683971/original/(m=eaAaGwObaaamqv)(mh=homHSyADTefNlbaM)5.jpg;https://ei.phncdn.com/videos/202202/07/402683971/original/(m=eaAaGwObaaamqv)(mh=homHSyADTefNlbaM)6.jpg;https://ei.phncdn.com/videos/202202/07/402683971/original/(m=eaAaGwObaaamqv)(mh=homHSyADTefNlbaM)7.jpg;https://ei.phncdn.com/videos/202202/07/402683971/original/(m=eaAaGwObaaamqv)(mh=homHSyADTefNlbaM)8.jpg;https://ei.phncdn.com/videos/202202/07/402683971/original/(m=eaAaGwObaaamqv)(mh=homHSyADTefNlbaM)9.jpg;https://ei.phncdn.com/videos/202202/07/402683971/original/(m=eaAaGwObaaamqv)(mh=homHSyADTefNlbaM)10.jpg;https://ei.phncdn.com/videos/202202/07/402683971/original/(m=eaAaGwObaaamqv)(mh=homHSyADTefNlbaM)11.jpg;https://ei.phncdn.com/videos/202202/07/402683971/original/(m=eaAaGwObaaamqv)(mh=homHSyADTefNlbaM)12.jpg;https://ei.phncdn.com/videos/202202/07/402683971/original/(m=eaAaGwObaaamqv)(mh=homHSyADTefNlbaM)13.jpg;https://ei.phncdn.com/videos/202202/07/402683971/original/(m=eaAaGwObaaamqv)(mh=homHSyADTefNlbaM)14.jpg;https://ei.phncdn.com/videos/202202/07/402683971/original/(m=eaAaGwObaaamqv)(mh=homHSyADTefNlbaM)15.jpg;https://ei.phncdn.com/videos/202202/07/402683971/original/(m=eaAaGwObaaamqv)(mh=homHSyADTefNlbaM)16.jpg
<iframe src="https://www.pornhub.com/embed/ph6291389912ebb" frameborder="0" height="481" width="608" scrolling="no"></iframe>|https://ei.phncdn.com/videos/202205/27/408882611/thumbs_10/(m=eaf8GgaaaWavb)(mh=h7hdnu5UYPBpSzgH)1.jpg|https://ei.phncdn.com/videos/202205/27/408882611/thumbs_10/(m=eaf8GgaaaWavb)(mh=h7hdnu5UYPBpSzgH)1.jpg;https://ei.phncdn.com/videos/202205/27/408882611/thumbs_10/(m=eaf8GgaaaWavb)(mh=h7hdnu5UYPBpSzgH)2.jpg;https://ei.phncdn.com/videos/202205/27/408882611/thumbs_10/(m=eaf8GgaaaWavb)(mh=h7hdnu5UYPBpSzgH)3.jpg;https://ei.phncdn.com/videos/202205/27/408882611/thumbs_10/(m=eaf8GgaaaWavb)(mh=h7hdnu5UYPBpSzgH)4.jpg;https://ei.phncdn.com/videos/202205/27/408882611/thumbs_10/(m=eaf8GgaaaWavb)(mh=h7hdnu5UYPBpSzgH)5.jpg;https://ei.phncdn.com/videos/202205/27/408882611/thumbs_10/(m=eaf8GgaaaWavb)(mh=h7hdnu5UYPBpSzgH)6.jpg;https://ei.phncdn.com/videos/202205/27/408882611/thumbs_10/(m=eaf8GgaaaWavb)(mh=h7hdnu5UYPBpSzgH)7.jpg;https://ei.phncdn.com/videos/202205/27/408882611/thumbs_10/(m=eaf8GgaaaWavb)(mh=h7hdnu5UYPBpSzgH)8.jpg;https://ei.phncdn.com/videos/202205/27/408882611/thumbs_10/(m=eaf8GgaaaWavb)(mh=h7hdnu5UYPBpSzgH)9.jpg;https://ei.phncdn.com/videos/202205/27/408882611/thumbs_10/(m=eaf8GgaaaWavb)(mh=h7hdnu5UYPBpSzgH)10.jpg;https://ei.phncdn.com/videos/202205/27/408882611/thumbs_10/(m=eaf8GgaaaWavb)(mh=h7hdnu5UYPBpSzgH)11.jpg;https://ei.phncdn.com/videos/202205/27/408882611/thumbs_10/(m=eaf8GgaaaWavb)(mh=h7hdnu5UYPBpSzgH)12.jpg;https://ei.phncdn.com/videos/202205/27/408882611/thumbs_10/(m=eaf8GgaaaWavb)(mh=h7hdnu5UYPBpSzgH)13.jpg;https://ei.phncdn.com/videos/202205/27/408882611/thumbs_10/(m=eaf8GgaaaWavb)(mh=h7hdnu5UYPBpSzgH)14.jpg;https://ei.phncdn.com/videos/202205/27/408882611/thumbs_10/(m=eaf8GgaaaWavb)(mh=h7hdnu5UYPBpSzgH)15.jpg;https://ei.phncdn.com/videos/202205/27/408882611/thumbs_10/(m=eaf8GgaaaWavb)(mh=h7hdnu5UYPBpSzgH)16.jpg|PUSSY LICKING TUTORIAL 👅 with Roxy Fox|how-to-eat-pussy;sex-tutorial;sex-education;sex-tips;roxy-fox;roxysdream;how-to-make-her-cum;oral-sex-tips;pussy-licking-tips|Pussy Licking;Verified Amateurs;Solo Female;Female Orgasm||718|219539|742|65|https://ei.phncdn.com/videos/202205/27/408882611/thumbs_10/(m=eaAaGwObaaamqv)(mh=StBJLytqyeLyNzW7)1.jpg|https://ei.phncdn.com/videos/202205/27/408882611/thumbs_10/(m=eaAaGwObaaamqv)(mh=StBJLytqyeLyNzW7)1.jpg;https://ei.phncdn.com/videos/202205/27/408882611/thumbs_10/(m=eaAaGwObaaamqv)(mh=StBJLytqyeLyNzW7)2.jpg;https://ei.phncdn.com/videos/202205/27/408882611/thumbs_10/(m=eaAaGwObaaamqv)(mh=StBJLytqyeLyNzW7)3.jpg;https://ei.phncdn.com/videos/202205/27/408882611/thumbs_10/(m=eaAaGwObaaamqv)(mh=StBJLytqyeLyNzW7)4.jpg;https://ei.phncdn.com/videos/202205/27/408882611/thumbs_10/(m=eaAaGwObaaamqv)(mh=StBJLytqyeLyNzW7)5.jpg;https://ei.phncdn.com/videos/202205/27/408882611/thumbs_10/(m=eaAaGwObaaamqv)(mh=StBJLytqyeLyNzW7)6.jpg;https://ei.phncdn.com/videos/202205/27/408882611/thumbs_10/(m=eaAaGwObaaamqv)(mh=StBJLytqyeLyNzW7)7.jpg;https://ei.phncdn.com/videos/202205/27/408882611/thumbs_10/(m=eaAaGwObaaamqv)(mh=StBJLytqyeLyNzW7)8.jpg;https://ei.phncdn.com/videos/202205/27/408882611/thumbs_10/(m=eaAaGwObaaamqv)(mh=StBJLytqyeLyNzW7)9.jpg;https://ei.phncdn.com/videos/202205/27/408882611/thumbs_10/(m=eaAaGwObaaamqv)(mh=StBJLytqyeLyNzW7)10.jpg;https://ei.phncdn.com/videos/202205/27/408882611/thumbs_10/(m=eaAaGwObaaamqv)(mh=StBJLytqyeLyNzW7)11.jpg;https://ei.phncdn.com/videos/202205/27/408882611/thumbs_10/(m=eaAaGwObaaamqv)(mh=StBJLytqyeLyNzW7)12.jpg;https://ei.phncdn.com/videos/202205/27/408882611/thumbs_10/(m=eaAaGwObaaamqv)(mh=StBJLytqyeLyNzW7)13.jpg;https://ei.phncdn.com/videos/202205/27/408882611/thumbs_10/(m=eaAaGwObaaamqv)(mh=StBJLytqyeLyNzW7)14.jpg;https://ei.phncdn.com/videos/202205/27/408882611/thumbs_10/(m=eaAaGwObaaamqv)(mh=StBJLytqyeLyNzW7)15.jpg;https://ei.phncdn.com/videos/202205/27/408882611/thumbs_10/(m=eaAaGwObaaamqv)(mh=StBJLytqyeLyNzW7)16.jpg
<iframe src="https://www.pornhub.com/embed/ph62de0b5713ed9" frameborder="0" height="481" width="608" scrolling="no"></iframe>|https://ei.phncdn.com/videos/202207/25/412377621/original/(m=eaf8GgaaaWavb)(mh=Fs7rzNnMssOZiL9w)12.jpg|https://ei.phncdn.com/videos/202207/25/412377621/original/(m=eaf8GgaaaWavb)(mh=Fs7rzNnMssOZiL9w)1.jpg;https://ei.phncdn.com/videos/202207/25/412377621/original/(m=eaf8GgaaaWavb)(mh=Fs7rzNnMssOZiL9w)2.jpg;https://ei.phncdn.com/videos/202207/25/412377621/original/(m=eaf8GgaaaWavb)(mh=Fs7rzNnMssOZiL9w)3.jpg;https://ei.phncdn.com/videos/202207/25/412377621/original/(m=eaf8GgaaaWavb)(mh=Fs7rzNnMssOZiL9w)4.jpg;https://ei.phncdn.com/videos/202207/25/412377621/original/(m=eaf8GgaaaWavb)(mh=Fs7rzNnMssOZiL9w)5.jpg;https://ei.phncdn.com/videos/202207/25/412377621/original/(m=eaf8GgaaaWavb)(mh=Fs7rzNnMssOZiL9w)6.jpg;https://ei.phncdn.com/videos/202207/25/412377621/original/(m=eaf8GgaaaWavb)(mh=Fs7rzNnMssOZiL9w)7.jpg;https://ei.phncdn.com/videos/202207/25/412377621/original/(m=eaf8GgaaaWavb)(mh=Fs7rzNnMssOZiL9w)8.jpg;https://ei.phncdn.com/videos/202207/25/412377621/original/(m=eaf8GgaaaWavb)(mh=Fs7rzNnMssOZiL9w)9.jpg;https://ei.phncdn.com/videos/202207/25/412377621/original/(m=eaf8GgaaaWavb)(mh=Fs7rzNnMssOZiL9w)10.jpg;https://ei.phncdn.com/videos/202207/25/412377621/original/(m=eaf8GgaaaWavb)(mh=Fs7rzNnMssOZiL9w)11.jpg;https://ei.phncdn.com/videos/202207/25/412377621/original/(m=eaf8GgaaaWavb)(mh=Fs7rzNnMssOZiL9w)12.jpg;https://ei.phncdn.com/videos/202207/25/412377621/original/(m=eaf8GgaaaWavb)(mh=Fs7rzNnMssOZiL9w)13.jpg;https://ei.phncdn.com/videos/202207/25/412377621/original/(m=eaf8GgaaaWavb)(mh=Fs7rzNnMssOZiL9w)14.jpg;https://ei.phncdn.com/videos/202207/25/412377621/original/(m=eaf8GgaaaWavb)(mh=Fs7rzNnMssOZiL9w)15.jpg;https://ei.phncdn.com/videos/202207/25/412377621/original/(m=eaf8GgaaaWavb)(mh=Fs7rzNnMssOZiL9w)16.jpg|italian licks my pussy|lick-pussy;tongue-kissing|Pussy Licking||50|215|0|1|https://ei.phncdn.com/videos/202207/25/412377621/original/(m=eaAaGwObaaamqv)(mh=nIhO_mqnFjT9xvaj)12.jpg|https://ei.phncdn.com/videos/202207/25/412377621/original/(m=eaAaGwObaaamqv)(mh=nIhO_mqnFjT9xvaj)1.jpg;https://ei.phncdn.com/videos/202207/25/412377621/original/(m=eaAaGwObaaamqv)(mh=nIhO_mqnFjT9xvaj)2.jpg;https://ei.phncdn.com/videos/202207/25/412377621/original/(m=eaAaGwObaaamqv)(mh=nIhO_mqnFjT9xvaj)3.jpg;https://ei.phncdn.com/videos/202207/25/412377621/original/(m=eaAaGwObaaamqv)(mh=nIhO_mqnFjT9xvaj)4.jpg;https://ei.phncdn.com/videos/202207/25/412377621/original/(m=eaAaGwObaaamqv)(mh=nIhO_mqnFjT9xvaj)5.jpg;https://ei.phncdn.com/videos/202207/25/412377621/original/(m=eaAaGwObaaamqv)(mh=nIhO_mqnFjT9xvaj)6.jpg;https://ei.phncdn.com/videos/202207/25/412377621/original/(m=eaAaGwObaaamqv)(mh=nIhO_mqnFjT9xvaj)7.jpg;https://ei.phncdn.com/videos/202207/25/412377621/original/(m=eaAaGwObaaamqv)(mh=nIhO_mqnFjT9xvaj)8.jpg;https://ei.phncdn.com/videos/202207/25/412377621/original/(m=eaAaGwObaaamqv)(mh=nIhO_mqnFjT9xvaj)9.jpg;https://ei.phncdn.com/videos/202207/25/412377621/original/(m=eaAaGwObaaamqv)(mh=nIhO_mqnFjT9xvaj)10.jpg;https://ei.phncdn.com/videos/202207/25/412377621/original/(m=eaAaGwObaaamqv)(mh=nIhO_mqnFjT9xvaj)11.jpg;https://ei.phncdn.com/videos/202207/25/412377621/original/(m=eaAaGwObaaamqv)(mh=nIhO_mqnFjT9xvaj)12.jpg;https://ei.phncdn.com/videos/202207/25/412377621/original/(m=eaAaGwObaaamqv)(mh=nIhO_mqnFjT9xvaj)13.jpg;https://ei.phncdn.com/videos/202207/25/412377621/original/(m=eaAaGwObaaamqv)(mh=nIhO_mqnFjT9xvaj)14.jpg;https://ei.phncdn.com/videos/202207/25/412377621/original/(m=eaAaGwObaaamqv)(mh=nIhO_mqnFjT9xvaj)15.jpg;https://ei.phncdn.com/videos/202207/25/412377621/original/(m=eaAaGwObaaamqv)(mh=nIhO_mqnFjT9xvaj)16.jpg
<iframe src="https://www.pornhub.com/embed/ph62de0c6088661" frameborder="0" height="481" width="608" scrolling="no"></iframe>|https://ei.phncdn.com/videos/202207/25/412377761/original/(m=eaf8GgaaaWavb)(mh=E-4U-nOhjpce6xto)7.jpg|https://ei.phncdn.com/videos/202207/25/412377761/original/(m=eaf8GgaaaWavb)(mh=E-4U-nOhjpce6xto)1.jpg;https://ei.phncdn.com/videos/202207/25/412377761/original/(m=eaf8GgaaaWavb)(mh=E-4U-nOhjpce6xto)2.jpg;https://ei.phncdn.com/videos/202207/25/412377761/original/(m=eaf8GgaaaWavb)(mh=E-4U-nOhjpce6xto)3.jpg;https://ei.phncdn.com/videos/202207/25/412377761/original/(m=eaf8GgaaaWavb)(mh=E-4U-nOhjpce6xto)4.jpg;https://ei.phncdn.com/videos/202207/25/412377761/original/(m=eaf8GgaaaWavb)(mh=E-4U-nOhjpce6xto)5.jpg;https://ei.phncdn.com/videos/202207/25/412377761/original/(m=eaf8GgaaaWavb)(mh=E-4U-nOhjpce6xto)6.jpg;https://ei.phncdn.com/videos/202207/25/412377761/original/(m=eaf8GgaaaWavb)(mh=E-4U-nOhjpce6xto)7.jpg;https://ei.phncdn.com/videos/202207/25/412377761/original/(m=eaf8GgaaaWavb)(mh=E-4U-nOhjpce6xto)8.jpg;https://ei.phncdn.com/videos/202207/25/412377761/original/(m=eaf8GgaaaWavb)(mh=E-4U-nOhjpce6xto)9.jpg;https://ei.phncdn.com/videos/202207/25/412377761/original/(m=eaf8GgaaaWavb)(mh=E-4U-nOhjpce6xto)10.jpg;https://ei.phncdn.com/videos/202207/25/412377761/original/(m=eaf8GgaaaWavb)(mh=E-4U-nOhjpce6xto)11.jpg;https://ei.phncdn.com/videos/202207/25/412377761/original/(m=eaf8GgaaaWavb)(mh=E-4U-nOhjpce6xto)12.jpg;https://ei.phncdn.com/videos/202207/25/412377761/original/(m=eaf8GgaaaWavb)(mh=E-4U-nOhjpce6xto)13.jpg;https://ei.phncdn.com/videos/202207/25/412377761/original/(m=eaf8GgaaaWavb)(mh=E-4U-nOhjpce6xto)14.jpg;https://ei.phncdn.com/videos/202207/25/412377761/original/(m=eaf8GgaaaWavb)(mh=E-4U-nOhjpce6xto)15.jpg;https://ei.phncdn.com/videos/202207/25/412377761/original/(m=eaf8GgaaaWavb)(mh=E-4U-nOhjpce6xto)16.jpg|tongue deep in my pussy|deep-tongue-kissing;pussy-licking|Pussy Licking;Vertical Video||11|168|||https://ei.phncdn.com/videos/202207/25/412377761/original/(m=eaAaGwObaaamqv)(mh=-2Kl6ZoU_JzKcLN4)7.jpg|https://ei.phncdn.com/videos/202207/25/412377761/original/(m=eaAaGwObaaamqv)(mh=-2Kl6ZoU_JzKcLN4)1.jpg;https://ei.phncdn.com/videos/202207/25/412377761/original/(m=eaAaGwObaaamqv)(mh=-2Kl6ZoU_JzKcLN4)2.jpg;https://ei.phncdn.com/videos/202207/25/412377761/original/(m=eaAaGwObaaamqv)(mh=-2Kl6ZoU_JzKcLN4)3.jpg;https://ei.phncdn.com/videos/202207/25/412377761/original/(m=eaAaGwObaaamqv)(mh=-2Kl6ZoU_JzKcLN4)4.jpg;https://ei.phncdn.com/videos/202207/25/412377761/original/(m=eaAaGwObaaamqv)(mh=-2Kl6ZoU_JzKcLN4)5.jpg;https://ei.phncdn.com/videos/202207/25/412377761/original/(m=eaAaGwObaaamqv)(mh=-2Kl6ZoU_JzKcLN4)6.jpg;https://ei.phncdn.com/videos/202207/25/412377761/original/(m=eaAaGwObaaamqv)(mh=-2Kl6ZoU_JzKcLN4)7.jpg;https://ei.phncdn.com/videos/202207/25/412377761/original/(m=eaAaGwObaaamqv)(mh=-2Kl6ZoU_JzKcLN4)8.jpg;https://ei.phncdn.com/videos/202207/25/412377761/original/(m=eaAaGwObaaamqv)(mh=-2Kl6ZoU_JzKcLN4)9.jpg;https://ei.phncdn.com/videos/202207/25/412377761/original/(m=eaAaGwObaaamqv)(mh=-2Kl6ZoU_JzKcLN4)10.jpg;https://ei.phncdn.com/videos/202207/25/412377761/original/(m=eaAaGwObaaamqv)(mh=-2Kl6ZoU_JzKcLN4)11.jpg;https://ei.phncdn.com/videos/202207/25/412377761/original/(m=eaAaGwObaaamqv)(mh=-2Kl6ZoU_JzKcLN4)12.jpg;https://ei.phncdn.com/videos/202207/25/412377761/original/(m=eaAaGwObaaamqv)(mh=-2Kl6ZoU_JzKcLN4)13.jpg;https://ei.phncdn.com/videos/202207/25/412377761/original/(m=eaAaGwObaaamqv)(mh=-2Kl6ZoU_JzKcLN4)14.jpg;https://ei.phncdn.com/videos/202207/25/412377761/original/(m=eaAaGwObaaamqv)(mh=-2Kl6ZoU_JzKcLN4)15.jpg;https://ei.phncdn.com/videos/202207/25/412377761/original/(m=eaAaGwObaaamqv)(mh=-2Kl6ZoU_JzKcLN4)16.jpg
<iframe src="https://www.pornhub.com/embed/ph62e502a0b0afa" frameborder="0" height="481" width="608" scrolling="no"></iframe>|https://ei.phncdn.com/videos/202207/30/412714151/original/(m=eaf8GgaaaWavb)(mh=S9tq4KelZo4PTc2x)11.jpg|https://ei.phncdn.com/videos/202207/30/412714151/original/(m=eaf8GgaaaWavb)(mh=S9tq4KelZo4PTc2x)1.jpg;https://ei.phncdn.com/videos/202207/30/412714151/original/(m=eaf8GgaaaWavb)(mh=S9tq4KelZo4PTc2x)2.jpg;https://ei.phncdn.com/videos/202207/30/412714151/original/(m=eaf8GgaaaWavb)(mh=S9tq4KelZo4PTc2x)3.jpg;https://ei.phncdn.com/videos/202207/30/412714151/original/(m=eaf8GgaaaWavb)(mh=S9tq4KelZo4PTc2x)4.jpg;https://ei.phncdn.com/videos/202207/30/412714151/original/(m=eaf8GgaaaWavb)(mh=S9tq4KelZo4PTc2x)5.jpg;https://ei.phncdn.com/videos/202207/30/412714151/original/(m=eaf8GgaaaWavb)(mh=S9tq4KelZo4PTc2x)6.jpg;https://ei.phncdn.com/videos/202207/30/412714151/original/(m=eaf8GgaaaWavb)(mh=S9tq4KelZo4PTc2x)7.jpg;https://ei.phncdn.com/videos/202207/30/412714151/original/(m=eaf8GgaaaWavb)(mh=S9tq4KelZo4PTc2x)8.jpg;https://ei.phncdn.com/videos/202207/30/412714151/original/(m=eaf8GgaaaWavb)(mh=S9tq4KelZo4PTc2x)9.jpg;https://ei.phncdn.com/videos/202207/30/412714151/original/(m=eaf8GgaaaWavb)(mh=S9tq4KelZo4PTc2x)10.jpg;https://ei.phncdn.com/videos/202207/30/412714151/original/(m=eaf8GgaaaWavb)(mh=S9tq4KelZo4PTc2x)11.jpg;https://ei.phncdn.com/videos/202207/30/412714151/original/(m=eaf8GgaaaWavb)(mh=S9tq4KelZo4PTc2x)12.jpg;https://ei.phncdn.com/videos/202207/30/412714151/original/(m=eaf8GgaaaWavb)(mh=S9tq4KelZo4PTc2x)13.jpg;https://ei.phncdn.com/videos/202207/30/412714151/original/(m=eaf8GgaaaWavb)(mh=S9tq4KelZo4PTc2x)14.jpg;https://ei.phncdn.com/videos/202207/30/412714151/original/(m=eaf8GgaaaWavb)(mh=S9tq4KelZo4PTc2x)15.jpg;https://ei.phncdn.com/videos/202207/30/412714151/original/(m=eaf8GgaaaWavb)(mh=S9tq4KelZo4PTc2x)16.jpg|Sexy Woman Gets Her Pussy Licked Good|babestare;natural-boobs;big-cock;shaved-pussy;pussy-licking;blowjob|Pussy Licking||2454|70|2|0|https://ei.phncdn.com/videos/202207/30/412714151/original/(m=eaAaGwObaaamqv)(mh=BkIIZSPI0hpYwQ6w)11.jpg|https://ei.phncdn.com/videos/202207/30/412714151/original/(m=eaAaGwObaaamqv)(mh=BkIIZSPI0hpYwQ6w)1.jpg;https://ei.phncdn.com/videos/202207/30/412714151/original/(m=eaAaGwObaaamqv)(mh=BkIIZSPI0hpYwQ6w)2.jpg;https://ei.phncdn.com/videos/202207/30/412714151/original/(m=eaAaGwObaaamqv)(mh=BkIIZSPI0hpYwQ6w)3.jpg;https://ei.phncdn.com/videos/202207/30/412714151/original/(m=eaAaGwObaaamqv)(mh=BkIIZSPI0hpYwQ6w)4.jpg;https://ei.phncdn.com/videos/202207/30/412714151/original/(m=eaAaGwObaaamqv)(mh=BkIIZSPI0hpYwQ6w)5.jpg;https://ei.phncdn.com/videos/202207/30/412714151/original/(m=eaAaGwObaaamqv)(mh=BkIIZSPI0hpYwQ6w)6.jpg;https://ei.phncdn.com/videos/202207/30/412714151/original/(m=eaAaGwObaaamqv)(mh=BkIIZSPI0hpYwQ6w)7.jpg;https://ei.phncdn.com/videos/202207/30/412714151/original/(m=eaAaGwObaaamqv)(mh=BkIIZSPI0hpYwQ6w)8.jpg;https://ei.phncdn.com/videos/202207/30/412714151/original/(m=eaAaGwObaaamqv)(mh=BkIIZSPI0hpYwQ6w)9.jpg;https://ei.phncdn.com/videos/202207/30/412714151/original/(m=eaAaGwObaaamqv)(mh=BkIIZSPI0hpYwQ6w)10.jpg;https://ei.phncdn.com/videos/202207/30/412714151/original/(m=eaAaGwObaaamqv)(mh=BkIIZSPI0hpYwQ6w)11.jpg;https://ei.phncdn.com/videos/202207/30/412714151/original/(m=eaAaGwObaaamqv)(mh=BkIIZSPI0hpYwQ6w)12.jpg;https://ei.phncdn.com/videos/202207/30/412714151/original/(m=eaAaGwObaaamqv)(mh=BkIIZSPI0hpYwQ6w)13.jpg;https://ei.phncdn.com/videos/202207/30/412714151/original/(m=eaAaGwObaaamqv)(mh=BkIIZSPI0hpYwQ6w)14.jpg;https://ei.phncdn.com/videos/202207/30/412714151/original/(m=eaAaGwObaaamqv)(mh=BkIIZSPI0hpYwQ6w)15.jpg;https://ei.phncdn.com/videos/202207/30/412714151/original/(m=eaAaGwObaaamqv)(mh=BkIIZSPI0hpYwQ6w)16.jpg
<iframe src="https://www.pornhub.com/embed/ph6302db393f80f" frameborder="0" height="481" width="608" scrolling="no"></iframe>|https://ei.phncdn.com/videos/202208/22/414123371/original/(m=eaf8GgaaaWavb)(mh=kzsDTUsXSofEONod)3.jpg|https://ei.phncdn.com/videos/202208/22/414123371/original/(m=eaf8GgaaaWavb)(mh=kzsDTUsXSofEONod)1.jpg;https://ei.phncdn.com/videos/202208/22/414123371/original/(m=eaf8GgaaaWavb)(mh=kzsDTUsXSofEONod)2.jpg;https://ei.phncdn.com/videos/202208/22/414123371/original/(m=eaf8GgaaaWavb)(mh=kzsDTUsXSofEONod)3.jpg;https://ei.phncdn.com/videos/202208/22/414123371/original/(m=eaf8GgaaaWavb)(mh=kzsDTUsXSofEONod)4.jpg;https://ei.phncdn.com/videos/202208/22/414123371/original/(m=eaf8GgaaaWavb)(mh=kzsDTUsXSofEONod)5.jpg;https://ei.phncdn.com/videos/202208/22/414123371/original/(m=eaf8GgaaaWavb)(mh=kzsDTUsXSofEONod)6.jpg;https://ei.phncdn.com/videos/202208/22/414123371/original/(m=eaf8GgaaaWavb)(mh=kzsDTUsXSofEONod)7.jpg;https://ei.phncdn.com/videos/202208/22/414123371/original/(m=eaf8GgaaaWavb)(mh=kzsDTUsXSofEONod)8.jpg;https://ei.phncdn.com/videos/202208/22/414123371/original/(m=eaf8GgaaaWavb)(mh=kzsDTUsXSofEONod)9.jpg;https://ei.phncdn.com/videos/202208/22/414123371/original/(m=eaf8GgaaaWavb)(mh=kzsDTUsXSofEONod)10.jpg;https://ei.phncdn.com/videos/202208/22/414123371/original/(m=eaf8GgaaaWavb)(mh=kzsDTUsXSofEONod)11.jpg;https://ei.phncdn.com/videos/202208/22/414123371/original/(m=eaf8GgaaaWavb)(mh=kzsDTUsXSofEONod)12.jpg;https://ei.phncdn.com/videos/202208/22/414123371/original/(m=eaf8GgaaaWavb)(mh=kzsDTUsXSofEONod)13.jpg;https://ei.phncdn.com/videos/202208/22/414123371/original/(m=eaf8GgaaaWavb)(mh=kzsDTUsXSofEONod)14.jpg;https://ei.phncdn.com/videos/202208/22/414123371/original/(m=eaf8GgaaaWavb)(mh=kzsDTUsXSofEONod)15.jpg;https://ei.phncdn.com/videos/202208/22/414123371/original/(m=eaf8GgaaaWavb)(mh=kzsDTUsXSofEONod)16.jpg|Fucking|hornyasfuck;lickingherass|Pussy Licking;Vertical Video||62|7376|30|4|https://ei.phncdn.com/videos/202208/22/414123371/original/(m=eaAaGwObaaamqv)(mh=WGAp8iZiMmbe0B76)3.jpg|https://ei.phncdn.com/videos/202208/22/414123371/original/(m=eaAaGwObaaamqv)(mh=WGAp8iZiMmbe0B76)1.jpg;https://ei.phncdn.com/videos/202208/22/414123371/original/(m=eaAaGwObaaamqv)(mh=WGAp8iZiMmbe0B76)2.jpg;https://ei.phncdn.com/videos/202208/22/414123371/original/(m=eaAaGwObaaamqv)(mh=WGAp8iZiMmbe0B76)3.jpg;https://ei.phncdn.com/videos/202208/22/414123371/original/(m=eaAaGwObaaamqv)(mh=WGAp8iZiMmbe0B76)4.jpg;https://ei.phncdn.com/videos/202208/22/414123371/original/(m=eaAaGwObaaamqv)(mh=WGAp8iZiMmbe0B76)5.jpg;https://ei.phncdn.com/videos/202208/22/414123371/original/(m=eaAaGwObaaamqv)(mh=WGAp8iZiMmbe0B76)6.jpg;https://ei.phncdn.com/videos/202208/22/414123371/original/(m=eaAaGwObaaamqv)(mh=WGAp8iZiMmbe0B76)7.jpg;https://ei.phncdn.com/videos/202208/22/414123371/original/(m=eaAaGwObaaamqv)(mh=WGAp8iZiMmbe0B76)8.jpg;https://ei.phncdn.com/videos/202208/22/414123371/original/(m=eaAaGwObaaamqv)(mh=WGAp8iZiMmbe0B76)9.jpg;https://ei.phncdn.com/videos/202208/22/414123371/original/(m=eaAaGwObaaamqv)(mh=WGAp8iZiMmbe0B76)10.jpg;https://ei.phncdn.com/videos/202208/22/414123371/original/(m=eaAaGwObaaamqv)(mh=WGAp8iZiMmbe0B76)11.jpg;https://ei.phncdn.com/videos/202208/22/414123371/original/(m=eaAaGwObaaamqv)(mh=WGAp8iZiMmbe0B76)12.jpg;https://ei.phncdn.com/videos/202208/22/414123371/original/(m=eaAaGwObaaamqv)(mh=WGAp8iZiMmbe0B76)13.jpg;https://ei.phncdn.com/videos/202208/22/414123371/original/(m=eaAaGwObaaamqv)(mh=WGAp8iZiMmbe0B76)14.jpg;https://ei.phncdn.com/videos/202208/22/414123371/original/(m=eaAaGwObaaamqv)(mh=WGAp8iZiMmbe0B76)15.jpg;https://ei.phncdn.com/videos/202208/22/414123371/original/(m=eaAaGwObaaamqv)(mh=WGAp8iZiMmbe0B76)16.jpg
<iframe src="https://www.pornhub.com/embed/ph632b5864bc7db" frameborder="0" height="481" width="608" scrolling="no"></iframe>|https://ei.phncdn.com/videos/202209/21/416045891/original/(m=eaf8GgaaaWavb)(mh=y-c5g7id3s8y7jYq)3.jpg|https://ei.phncdn.com/videos/202209/21/416045891/original/(m=eaf8GgaaaWavb)(mh=y-c5g7id3s8y7jYq)1.jpg;https://ei.phncdn.com/videos/202209/21/416045891/original/(m=eaf8GgaaaWavb)(mh=y-c5g7id3s8y7jYq)2.jpg;https://ei.phncdn.com/videos/202209/21/416045891/original/(m=eaf8GgaaaWavb)(mh=y-c5g7id3s8y7jYq)3.jpg;https://ei.phncdn.com/videos/202209/21/416045891/original/(m=eaf8GgaaaWavb)(mh=y-c5g7id3s8y7jYq)4.jpg;https://ei.phncdn.com/videos/202209/21/416045891/original/(m=eaf8GgaaaWavb)(mh=y-c5g7id3s8y7jYq)5.jpg;https://ei.phncdn.com/videos/202209/21/416045891/original/(m=eaf8GgaaaWavb)(mh=y-c5g7id3s8y7jYq)6.jpg;https://ei.phncdn.com/videos/202209/21/416045891/original/(m=eaf8GgaaaWavb)(mh=y-c5g7id3s8y7jYq)7.jpg;https://ei.phncdn.com/videos/202209/21/416045891/original/(m=eaf8GgaaaWavb)(mh=y-c5g7id3s8y7jYq)8.jpg;https://ei.phncdn.com/videos/202209/21/416045891/original/(m=eaf8GgaaaWavb)(mh=y-c5g7id3s8y7jYq)9.jpg;https://ei.phncdn.com/videos/202209/21/416045891/original/(m=eaf8GgaaaWavb)(mh=y-c5g7id3s8y7jYq)10.jpg;https://ei.phncdn.com/videos/202209/21/416045891/original/(m=eaf8GgaaaWavb)(mh=y-c5g7id3s8y7jYq)11.jpg;https://ei.phncdn.com/videos/202209/21/416045891/original/(m=eaf8GgaaaWavb)(mh=y-c5g7id3s8y7jYq)12.jpg;https://ei.phncdn.com/videos/202209/21/416045891/original/(m=eaf8GgaaaWavb)(mh=y-c5g7id3s8y7jYq)13.jpg;https://ei.phncdn.com/videos/202209/21/416045891/original/(m=eaf8GgaaaWavb)(mh=y-c5g7id3s8y7jYq)14.jpg;https://ei.phncdn.com/videos/202209/21/416045891/original/(m=eaf8GgaaaWavb)(mh=y-c5g7id3s8y7jYq)15.jpg;https://ei.phncdn.com/videos/202209/21/416045891/original/(m=eaf8GgaaaWavb)(mh=y-c5g7id3s8y7jYq)16.jpg|Куннилингус|pussy-licking;pussy-lick;pussy-eating;cunilingus;kunilingus;pussy-sucking;suck-pussy;real-couple-homemade;porn;porno;porn-videos;free-porn-videos;free-porn;couple;amateur-couple;tight-pussy|Pussy Licking;Verified Amateurs||281|10558|25|2|https://ei.phncdn.com/videos/202209/21/416045891/original/(m=eaAaGwObaaamqv)(mh=Jk0bryYJrkETz7v0)3.jpg|https://ei.phncdn.com/videos/202209/21/416045891/original/(m=eaAaGwObaaamqv)(mh=Jk0bryYJrkETz7v0)1.jpg;https://ei.phncdn.com/videos/202209/21/416045891/original/(m=eaAaGwObaaamqv)(mh=Jk0bryYJrkETz7v0)2.jpg;https://ei.phncdn.com/videos/202209/21/416045891/original/(m=eaAaGwObaaamqv)(mh=Jk0bryYJrkETz7v0)3.jpg;https://ei.phncdn.com/videos/202209/21/416045891/original/(m=eaAaGwObaaamqv)(mh=Jk0bryYJrkETz7v0)4.jpg;https://ei.phncdn.com/videos/202209/21/416045891/original/(m=eaAaGwObaaamqv)(mh=Jk0bryYJrkETz7v0)5.jpg;https://ei.phncdn.com/videos/202209/21/416045891/original/(m=eaAaGwObaaamqv)(mh=Jk0bryYJrkETz7v0)6.jpg;https://ei.phncdn.com/videos/202209/21/416045891/original/(m=eaAaGwObaaamqv)(mh=Jk0bryYJrkETz7v0)7.jpg;https://ei.phncdn.com/videos/202209/21/416045891/original/(m=eaAaGwObaaamqv)(mh=Jk0bryYJrkETz7v0)8.jpg;https://ei.phncdn.com/videos/202209/21/416045891/original/(m=eaAaGwObaaamqv)(mh=Jk0bryYJrkETz7v0)9.jpg;https://ei.phncdn.com/videos/202209/21/416045891/original/(m=eaAaGwObaaamqv)(mh=Jk0bryYJrkETz7v0)10.jpg;https://ei.phncdn.com/videos/202209/21/416045891/original/(m=eaAaGwObaaamqv)(mh=Jk0bryYJrkETz7v0)11.jpg;https://ei.phncdn.com/videos/202209/21/416045891/original/(m=eaAaGwObaaamqv)(mh=Jk0bryYJrkETz7v0)12.jpg;https://ei.phncdn.com/videos/202209/21/416045891/original/(m=eaAaGwObaaamqv)(mh=Jk0bryYJrkETz7v0)13.jpg;https://ei.phncdn.com/videos/202209/21/416045891/original/(m=eaAaGwObaaamqv)(mh=Jk0bryYJrkETz7v0)14.jpg;https://ei.phncdn.com/videos/202209/21/416045891/original/(m=eaAaGwObaaamqv)(mh=Jk0bryYJrkETz7v0)15.jpg;https://ei.phncdn.com/videos/202209/21/416045891/original/(m=eaAaGwObaaamqv)(mh=Jk0bryYJrkETz7v0)16.jpg
<iframe src="https://www.pornhub.com/embed/ph6350b32872747" frameborder="0" height="481" width="608" scrolling="no"></iframe>|https://ei.phncdn.com/videos/202210/20/417892041/original/(m=eaf8GgaaaWavb)(mh=8PK07t17eW8Jsj5p)3.jpg|https://ei.phncdn.com/videos/202210/20/417892041/original/(m=eaf8GgaaaWavb)(mh=8PK07t17eW8Jsj5p)1.jpg;https://ei.phncdn.com/videos/202210/20/417892041/original/(m=eaf8GgaaaWavb)(mh=8PK07t17eW8Jsj5p)2.jpg;https://ei.phncdn.com/videos/202210/20/417892041/original/(m=eaf8GgaaaWavb)(mh=8PK07t17eW8Jsj5p)3.jpg;https://ei.phncdn.com/videos/202210/20/417892041/original/(m=eaf8GgaaaWavb)(mh=8PK07t17eW8Jsj5p)4.jpg;https://ei.phncdn.com/videos/202210/20/417892041/original/(m=eaf8GgaaaWavb)(mh=8PK07t17eW8Jsj5p)5.jpg;https://ei.phncdn.com/videos/202210/20/417892041/original/(m=eaf8GgaaaWavb)(mh=8PK07t17eW8Jsj5p)6.jpg;https://ei.phncdn.com/videos/202210/20/417892041/original/(m=eaf8GgaaaWavb)(mh=8PK07t17eW8Jsj5p)7.jpg;https://ei.phncdn.com/videos/202210/20/417892041/original/(m=eaf8GgaaaWavb)(mh=8PK07t17eW8Jsj5p)8.jpg;https://ei.phncdn.com/videos/202210/20/417892041/original/(m=eaf8GgaaaWavb)(mh=8PK07t17eW8Jsj5p)9.jpg;https://ei.phncdn.com/videos/202210/20/417892041/original/(m=eaf8GgaaaWavb)(mh=8PK07t17eW8Jsj5p)10.jpg;https://ei.phncdn.com/videos/202210/20/417892041/original/(m=eaf8GgaaaWavb)(mh=8PK07t17eW8Jsj5p)11.jpg;https://ei.phncdn.com/videos/202210/20/417892041/original/(m=eaf8GgaaaWavb)(mh=8PK07t17eW8Jsj5p)12.jpg;https://ei.phncdn.com/videos/202210/20/417892041/original/(m=eaf8GgaaaWavb)(mh=8PK07t17eW8Jsj5p)13.jpg;https://ei.phncdn.com/videos/202210/20/417892041/original/(m=eaf8GgaaaWavb)(mh=8PK07t17eW8Jsj5p)14.jpg;https://ei.phncdn.com/videos/202210/20/417892041/original/(m=eaf8GgaaaWavb)(mh=8PK07t17eW8Jsj5p)15.jpg;https://ei.phncdn.com/videos/202210/20/417892041/original/(m=eaf8GgaaaWavb)(mh=8PK07t17eW8Jsj5p)16.jpg|I love riding |face-sitting;head|Pussy Licking;Verified Amateurs;Vertical Video||173|24717|127|13|https://ei.phncdn.com/videos/202210/20/417892041/original/(m=eaAaGwObaaamqv)(mh=nO45xBcgUo1Lmnz2)3.jpg|https://ei.phncdn.com/videos/202210/20/417892041/original/(m=eaAaGwObaaamqv)(mh=nO45xBcgUo1Lmnz2)1.jpg;https://ei.phncdn.com/videos/202210/20/417892041/original/(m=eaAaGwObaaamqv)(mh=nO45xBcgUo1Lmnz2)2.jpg;https://ei.phncdn.com/videos/202210/20/417892041/original/(m=eaAaGwObaaamqv)(mh=nO45xBcgUo1Lmnz2)3.jpg;https://ei.phncdn.com/videos/202210/20/417892041/original/(m=eaAaGwObaaamqv)(mh=nO45xBcgUo1Lmnz2)4.jpg;https://ei.phncdn.com/videos/202210/20/417892041/original/(m=eaAaGwObaaamqv)(mh=nO45xBcgUo1Lmnz2)5.jpg;https://ei.phncdn.com/videos/202210/20/417892041/original/(m=eaAaGwObaaamqv)(mh=nO45xBcgUo1Lmnz2)6.jpg;https://ei.phncdn.com/videos/202210/20/417892041/original/(m=eaAaGwObaaamqv)(mh=nO45xBcgUo1Lmnz2)7.jpg;https://ei.phncdn.com/videos/202210/20/417892041/original/(m=eaAaGwObaaamqv)(mh=nO45xBcgUo1Lmnz2)8.jpg;https://ei.phncdn.com/videos/202210/20/417892041/original/(m=eaAaGwObaaamqv)(mh=nO45xBcgUo1Lmnz2)9.jpg;https://ei.phncdn.com/videos/202210/20/417892041/original/(m=eaAaGwObaaamqv)(mh=nO45xBcgUo1Lmnz2)10.jpg;https://ei.phncdn.com/videos/202210/20/417892041/original/(m=eaAaGwObaaamqv)(mh=nO45xBcgUo1Lmnz2)11.jpg;https://ei.phncdn.com/videos/202210/20/417892041/original/(m=eaAaGwObaaamqv)(mh=nO45xBcgUo1Lmnz2)12.jpg;https://ei.phncdn.com/videos/202210/20/417892041/original/(m=eaAaGwObaaamqv)(mh=nO45xBcgUo1Lmnz2)13.jpg;https://ei.phncdn.com/videos/202210/20/417892041/original/(m=eaAaGwObaaamqv)(mh=nO45xBcgUo1Lmnz2)14.jpg;https://ei.phncdn.com/videos/202210/20/417892041/original/(m=eaAaGwObaaamqv)(mh=nO45xBcgUo1Lmnz2)15.jpg;https://ei.phncdn.com/videos/202210/20/417892041/original/(m=eaAaGwObaaamqv)(mh=nO45xBcgUo1Lmnz2)16.jpg
<iframe src="https://www.pornhub.com/embed/ph639176220836a" frameborder="0" height="481" width="608" scrolling="no"></iframe>|https://ei.phncdn.com/videos/202212/08/421010901/original/(m=eaf8GgaaaWavb)(mh=cCe3pDe6MHs1egoU)9.jpg|https://ei.phncdn.com/videos/202212/08/421010901/original/(m=eaf8GgaaaWavb)(mh=cCe3pDe6MHs1egoU)1.jpg;https://ei.phncdn.com/videos/202212/08/421010901/original/(m=eaf8GgaaaWavb)(mh=cCe3pDe6MHs1egoU)2.jpg;https://ei.phncdn.com/videos/202212/08/421010901/original/(m=eaf8GgaaaWavb)(mh=cCe3pDe6MHs1egoU)3.jpg;https://ei.phncdn.com/videos/202212/08/421010901/original/(m=eaf8GgaaaWavb)(mh=cCe3pDe6MHs1egoU)4.jpg;https://ei.phncdn.com/videos/202212/08/421010901/original/(m=eaf8GgaaaWavb)(mh=cCe3pDe6MHs1egoU)5.jpg;https://ei.phncdn.com/videos/202212/08/421010901/original/(m=eaf8GgaaaWavb)(mh=cCe3pDe6MHs1egoU)6.jpg;https://ei.phncdn.com/videos/202212/08/421010901/original/(m=eaf8GgaaaWavb)(mh=cCe3pDe6MHs1egoU)7.jpg;https://ei.phncdn.com/videos/202212/08/421010901/original/(m=eaf8GgaaaWavb)(mh=cCe3pDe6MHs1egoU)8.jpg;https://ei.phncdn.com/videos/202212/08/421010901/original/(m=eaf8GgaaaWavb)(mh=cCe3pDe6MHs1egoU)9.jpg;https://ei.phncdn.com/videos/202212/08/421010901/original/(m=eaf8GgaaaWavb)(mh=cCe3pDe6MHs1egoU)10.jpg;https://ei.phncdn.com/videos/202212/08/421010901/original/(m=eaf8GgaaaWavb)(mh=cCe3pDe6MHs1egoU)11.jpg;https://ei.phncdn.com/videos/202212/08/421010901/original/(m=eaf8GgaaaWavb)(mh=cCe3pDe6MHs1egoU)12.jpg;https://ei.phncdn.com/videos/202212/08/421010901/original/(m=eaf8GgaaaWavb)(mh=cCe3pDe6MHs1egoU)13.jpg;https://ei.phncdn.com/videos/202212/08/421010901/original/(m=eaf8GgaaaWavb)(mh=cCe3pDe6MHs1egoU)14.jpg;https://ei.phncdn.com/videos/202212/08/421010901/original/(m=eaf8GgaaaWavb)(mh=cCe3pDe6MHs1egoU)15.jpg;https://ei.phncdn.com/videos/202212/08/421010901/original/(m=eaf8GgaaaWavb)(mh=cCe3pDe6MHs1egoU)16.jpg|Caliente|coo;tetq|Pussy Licking;Verified Amateurs;Old/Young (18+);Solo Female||22|13384|8|1|https://ei.phncdn.com/videos/202212/08/421010901/original/(m=eaAaGwObaaamqv)(mh=P_C96B_62n2KwYwV)9.jpg|https://ei.phncdn.com/videos/202212/08/421010901/original/(m=eaAaGwObaaamqv)(mh=P_C96B_62n2KwYwV)1.jpg;https://ei.phncdn.com/videos/202212/08/421010901/original/(m=eaAaGwObaaamqv)(mh=P_C96B_62n2KwYwV)2.jpg;https://ei.phncdn.com/videos/202212/08/421010901/original/(m=eaAaGwObaaamqv)(mh=P_C96B_62n2KwYwV)3.jpg;https://ei.phncdn.com/videos/202212/08/421010901/original/(m=eaAaGwObaaamqv)(mh=P_C96B_62n2KwYwV)4.jpg;https://ei.phncdn.com/videos/202212/08/421010901/original/(m=eaAaGwObaaamqv)(mh=P_C96B_62n2KwYwV)5.jpg;https://ei.phncdn.com/videos/202212/08/421010901/original/(m=eaAaGwObaaamqv)(mh=P_C96B_62n2KwYwV)6.jpg;https://ei.phncdn.com/videos/202212/08/421010901/original/(m=eaAaGwObaaamqv)(mh=P_C96B_62n2KwYwV)7.jpg;https://ei.phncdn.com/videos/202212/08/421010901/original/(m=eaAaGwObaaamqv)(mh=P_C96B_62n2KwYwV)8.jpg;https://ei.phncdn.com/videos/202212/08/421010901/original/(m=eaAaGwObaaamqv)(mh=P_C96B_62n2KwYwV)9.jpg;https://ei.phncdn.com/videos/202212/08/421010901/original/(m=eaAaGwObaaamqv)(mh=P_C96B_62n2KwYwV)10.jpg;https://ei.phncdn.com/videos/202212/08/421010901/original/(m=eaAaGwObaaamqv)(mh=P_C96B_62n2KwYwV)11.jpg;https://ei.phncdn.com/videos/202212/08/421010901/original/(m=eaAaGwObaaamqv)(mh=P_C96B_62n2KwYwV)12.jpg;https://ei.phncdn.com/videos/202212/08/421010901/original/(m=eaAaGwObaaamqv)(mh=P_C96B_62n2KwYwV)13.jpg;https://ei.phncdn.com/videos/202212/08/421010901/original/(m=eaAaGwObaaamqv)(mh=P_C96B_62n2KwYwV)14.jpg;https://ei.phncdn.com/videos/202212/08/421010901/original/(m=eaAaGwObaaamqv)(mh=P_C96B_62n2KwYwV)15.jpg;https://ei.phncdn.com/videos/202212/08/421010901/original/(m=eaAaGwObaaamqv)(mh=P_C96B_62n2KwYwV)16.jpg
<iframe src="https://www.pornhub.com/embed/ph63b602778c3cb" frameborder="0" height="481" width="608" scrolling="no"></iframe>|https://ei.phncdn.com/videos/202301/04/422685941/original/(m=eaf8GgaaaWavb)(mh=7FqJanv3edHQ1Set)1.jpg|https://ei.phncdn.com/videos/202301/04/422685941/original/(m=eaf8GgaaaWavb)(mh=7FqJanv3edHQ1Set)1.jpg;https://ei.phncdn.com/videos/202301/04/422685941/original/(m=eaf8GgaaaWavb)(mh=7FqJanv3edHQ1Set)2.jpg;https://ei.phncdn.com/videos/202301/04/422685941/original/(m=eaf8GgaaaWavb)(mh=7FqJanv3edHQ1Set)3.jpg;https://ei.phncdn.com/videos/202301/04/422685941/original/(m=eaf8GgaaaWavb)(mh=7FqJanv3edHQ1Set)4.jpg;https://ei.phncdn.com/videos/202301/04/422685941/original/(m=eaf8GgaaaWavb)(mh=7FqJanv3edHQ1Set)5.jpg;https://ei.phncdn.com/videos/202301/04/422685941/original/(m=eaf8GgaaaWavb)(mh=7FqJanv3edHQ1Set)6.jpg;https://ei.phncdn.com/videos/202301/04/422685941/original/(m=eaf8GgaaaWavb)(mh=7FqJanv3edHQ1Set)7.jpg;https://ei.phncdn.com/videos/202301/04/422685941/original/(m=eaf8GgaaaWavb)(mh=7FqJanv3edHQ1Set)8.jpg;https://ei.phncdn.com/videos/202301/04/422685941/original/(m=eaf8GgaaaWavb)(mh=7FqJanv3edHQ1Set)9.jpg;https://ei.phncdn.com/videos/202301/04/422685941/original/(m=eaf8GgaaaWavb)(mh=7FqJanv3edHQ1Set)10.jpg;https://ei.phncdn.com/videos/202301/04/422685941/original/(m=eaf8GgaaaWavb)(mh=7FqJanv3edHQ1Set)11.jpg;https://ei.phncdn.com/videos/202301/04/422685941/original/(m=eaf8GgaaaWavb)(mh=7FqJanv3edHQ1Set)12.jpg;https://ei.phncdn.com/videos/202301/04/422685941/original/(m=eaf8GgaaaWavb)(mh=7FqJanv3edHQ1Set)13.jpg;https://ei.phncdn.com/videos/202301/04/422685941/original/(m=eaf8GgaaaWavb)(mh=7FqJanv3edHQ1Set)14.jpg;https://ei.phncdn.com/videos/202301/04/422685941/original/(m=eaf8GgaaaWavb)(mh=7FqJanv3edHQ1Set)15.jpg;https://ei.phncdn.com/videos/202301/04/422685941/original/(m=eaf8GgaaaWavb)(mh=7FqJanv3edHQ1Set)16.jpg|Cats 2|cat;lol;life|Pussy Licking;Vertical Video||23|111|1|0|https://ei.phncdn.com/videos/202301/04/422685941/original/(m=eaAaGwObaaamqv)(mh=O_Ug818yoOD5oLb9)1.jpg|https://ei.phncdn.com/videos/202301/04/422685941/original/(m=eaAaGwObaaamqv)(mh=O_Ug818yoOD5oLb9)1.jpg;https://ei.phncdn.com/videos/202301/04/422685941/original/(m=eaAaGwObaaamqv)(mh=O_Ug818yoOD5oLb9)2.jpg;https://ei.phncdn.com/videos/202301/04/422685941/original/(m=eaAaGwObaaamqv)(mh=O_Ug818yoOD5oLb9)3.jpg;https://ei.phncdn.com/videos/202301/04/422685941/original/(m=eaAaGwObaaamqv)(mh=O_Ug818yoOD5oLb9)4.jpg;https://ei.phncdn.com/videos/202301/04/422685941/original/(m=eaAaGwObaaamqv)(mh=O_Ug818yoOD5oLb9)5.jpg;https://ei.phncdn.com/videos/202301/04/422685941/original/(m=eaAaGwObaaamqv)(mh=O_Ug818yoOD5oLb9)6.jpg;https://ei.phncdn.com/videos/202301/04/422685941/original/(m=eaAaGwObaaamqv)(mh=O_Ug818yoOD5oLb9)7.jpg;https://ei.phncdn.com/videos/202301/04/422685941/original/(m=eaAaGwObaaamqv)(mh=O_Ug818yoOD5oLb9)8.jpg;https://ei.phncdn.com/videos/202301/04/422685941/original/(m=eaAaGwObaaamqv)(mh=O_Ug818yoOD5oLb9)9.jpg;https://ei.phncdn.com/videos/202301/04/422685941/original/(m=eaAaGwObaaamqv)(mh=O_Ug818yoOD5oLb9)10.jpg;https://ei.phncdn.com/videos/202301/04/422685941/original/(m=eaAaGwObaaamqv)(mh=O_Ug818yoOD5oLb9)11.jpg;https://ei.phncdn.com/videos/202301/04/422685941/original/(m=eaAaGwObaaamqv)(mh=O_Ug818yoOD5oLb9)12.jpg;https://ei.phncdn.com/videos/202301/04/422685941/original/(m=eaAaGwObaaamqv)(mh=O_Ug818yoOD5oLb9)13.jpg;https://ei.phncdn.com/videos/202301/04/422685941/original/(m=eaAaGwObaaamqv)(mh=O_Ug818yoOD5oLb9)14.jpg;https://ei.phncdn.com/videos/202301/04/422685941/original/(m=eaAaGwObaaamqv)(mh=O_Ug818yoOD5oLb9)15.jpg;https://ei.phncdn.com/videos/202301/04/422685941/original/(m=eaAaGwObaaamqv)(mh=O_Ug818yoOD5oLb9)16.jpg
<iframe src="https://www.pornhub.com/embed/6454f94b47e68" frameborder="0" height="481" width="608" scrolling="no"></iframe>|https://ei.phncdn.com/videos/202305/05/430940561/original/(m=q7YORLYbeaf8GgaaaWavb)(mh=sfsB813nDFM3LUF_)0.jpg|https://ei.phncdn.com/videos/202305/05/430940561/original/(m=eaf8GgaaaWavb)(mh=iEkfxNMP_GD4embI)1.jpg;https://ei.phncdn.com/videos/202305/05/430940561/original/(m=eaf8GgaaaWavb)(mh=iEkfxNMP_GD4embI)2.jpg;https://ei.phncdn.com/videos/202305/05/430940561/original/(m=eaf8GgaaaWavb)(mh=iEkfxNMP_GD4embI)3.jpg;https://ei.phncdn.com/videos/202305/05/430940561/original/(m=eaf8GgaaaWavb)(mh=iEkfxNMP_GD4embI)4.jpg;https://ei.phncdn.com/videos/202305/05/430940561/original/(m=eaf8GgaaaWavb)(mh=iEkfxNMP_GD4embI)5.jpg;https://ei.phncdn.com/videos/202305/05/430940561/original/(m=eaf8GgaaaWavb)(mh=iEkfxNMP_GD4embI)6.jpg;https://ei.phncdn.com/videos/202305/05/430940561/original/(m=eaf8GgaaaWavb)(mh=iEkfxNMP_GD4embI)7.jpg;https://ei.phncdn.com/videos/202305/05/430940561/original/(m=eaf8GgaaaWavb)(mh=iEkfxNMP_GD4embI)8.jpg;https://ei.phncdn.com/videos/202305/05/430940561/original/(m=eaf8GgaaaWavb)(mh=iEkfxNMP_GD4embI)9.jpg;https://ei.phncdn.com/videos/202305/05/430940561/original/(m=eaf8GgaaaWavb)(mh=iEkfxNMP_GD4embI)10.jpg;https://ei.phncdn.com/videos/202305/05/430940561/original/(m=eaf8GgaaaWavb)(mh=iEkfxNMP_GD4embI)11.jpg;https://ei.phncdn.com/videos/202305/05/430940561/original/(m=eaf8GgaaaWavb)(mh=iEkfxNMP_GD4embI)12.jpg;https://ei.phncdn.com/videos/202305/05/430940561/original/(m=eaf8GgaaaWavb)(mh=iEkfxNMP_GD4embI)13.jpg;https://ei.phncdn.com/videos/202305/05/430940561/original/(m=eaf8GgaaaWavb)(mh=iEkfxNMP_GD4embI)14.jpg;https://ei.phncdn.com/videos/202305/05/430940561/original/(m=eaf8GgaaaWavb)(mh=iEkfxNMP_GD4embI)15.jpg;https://ei.phncdn.com/videos/202305/05/430940561/original/(m=eaf8GgaaaWavb)(mh=iEkfxNMP_GD4embI)16.jpg|Brunette with natural tits has sex with Terry Reid|ltgsexmovies;female-orgasm;tattooed-women;pussy-licking;fingering;pornstar|Pussy Licking;Female Orgasm;Tattooed Women||2146|20|1|0|https://ei.phncdn.com/videos/202305/05/430940561/original/(m=q7YORLYbeaAaGwObaaamqv)(mh=MttzZVPU7pBO5WDG)0.jpg|https://ei.phncdn.com/videos/202305/05/430940561/original/(m=eaAaGwObaaamqv)(mh=bgUxJ0eqse0xrzw5)1.jpg;https://ei.phncdn.com/videos/202305/05/430940561/original/(m=eaAaGwObaaamqv)(mh=bgUxJ0eqse0xrzw5)2.jpg;https://ei.phncdn.com/videos/202305/05/430940561/original/(m=eaAaGwObaaamqv)(mh=bgUxJ0eqse0xrzw5)3.jpg;https://ei.phncdn.com/videos/202305/05/430940561/original/(m=eaAaGwObaaamqv)(mh=bgUxJ0eqse0xrzw5)4.jpg;https://ei.phncdn.com/videos/202305/05/430940561/original/(m=eaAaGwObaaamqv)(mh=bgUxJ0eqse0xrzw5)5.jpg;https://ei.phncdn.com/videos/202305/05/430940561/original/(m=eaAaGwObaaamqv)(mh=bgUxJ0eqse0xrzw5)6.jpg;https://ei.phncdn.com/videos/202305/05/430940561/original/(m=eaAaGwObaaamqv)(mh=bgUxJ0eqse0xrzw5)7.jpg;https://ei.phncdn.com/videos/202305/05/430940561/original/(m=eaAaGwObaaamqv)(mh=bgUxJ0eqse0xrzw5)8.jpg;https://ei.phncdn.com/videos/202305/05/430940561/original/(m=eaAaGwObaaamqv)(mh=bgUxJ0eqse0xrzw5)9.jpg;https://ei.phncdn.com/videos/202305/05/430940561/original/(m=eaAaGwObaaamqv)(mh=bgUxJ0eqse0xrzw5)10.jpg;https://ei.phncdn.com/videos/202305/05/430940561/original/(m=eaAaGwObaaamqv)(mh=bgUxJ0eqse0xrzw5)11.jpg;https://ei.phncdn.com/videos/202305/05/430940561/original/(m=eaAaGwObaaamqv)(mh=bgUxJ0eqse0xrzw5)12.jpg;https://ei.phncdn.com/videos/202305/05/430940561/original/(m=eaAaGwObaaamqv)(mh=bgUxJ0eqse0xrzw5)13.jpg;https://ei.phncdn.com/videos/202305/05/430940561/original/(m=eaAaGwObaaamqv)(mh=bgUxJ0eqse0xrzw5)14.jpg;https://ei.phncdn.com/videos/202305/05/430940561/original/(m=eaAaGwObaaamqv)(mh=bgUxJ0eqse0xrzw5)15.jpg;https://ei.phncdn.com/videos/202305/05/430940561/original/(m=eaAaGwObaaamqv)(mh=bgUxJ0eqse0xrzw5)16.jpg
<iframe src="https://www.pornhub.com/embed/6463321018888" frameborder="0" height="481" width="608" scrolling="no"></iframe>|https://ei.phncdn.com/videos/202305/16/431647291/original/(m=q2PPQMYbeaf8GgaaaWavb)(mh=m6bXtPlNssYk-Itp)0.jpg|https://ei.phncdn.com/videos/202305/16/431647291/original/(m=eaf8GgaaaWavb)(mh=wCtC_okRqSQ5goFe)1.jpg;https://ei.phncdn.com/videos/202305/16/431647291/original/(m=eaf8GgaaaWavb)(mh=wCtC_okRqSQ5goFe)2.jpg;https://ei.phncdn.com/videos/202305/16/431647291/original/(m=eaf8GgaaaWavb)(mh=wCtC_okRqSQ5goFe)3.jpg;https://ei.phncdn.com/videos/202305/16/431647291/original/(m=eaf8GgaaaWavb)(mh=wCtC_okRqSQ5goFe)4.jpg;https://ei.phncdn.com/videos/202305/16/431647291/original/(m=eaf8GgaaaWavb)(mh=wCtC_okRqSQ5goFe)5.jpg;https://ei.phncdn.com/videos/202305/16/431647291/original/(m=eaf8GgaaaWavb)(mh=wCtC_okRqSQ5goFe)6.jpg;https://ei.phncdn.com/videos/202305/16/431647291/original/(m=eaf8GgaaaWavb)(mh=wCtC_okRqSQ5goFe)7.jpg;https://ei.phncdn.com/videos/202305/16/431647291/original/(m=eaf8GgaaaWavb)(mh=wCtC_okRqSQ5goFe)8.jpg;https://ei.phncdn.com/videos/202305/16/431647291/original/(m=eaf8GgaaaWavb)(mh=wCtC_okRqSQ5goFe)9.jpg;https://ei.phncdn.com/videos/202305/16/431647291/original/(m=eaf8GgaaaWavb)(mh=wCtC_okRqSQ5goFe)10.jpg;https://ei.phncdn.com/videos/202305/16/431647291/original/(m=eaf8GgaaaWavb)(mh=wCtC_okRqSQ5goFe)11.jpg;https://ei.phncdn.com/videos/202305/16/431647291/original/(m=eaf8GgaaaWavb)(mh=wCtC_okRqSQ5goFe)12.jpg;https://ei.phncdn.com/videos/202305/16/431647291/original/(m=eaf8GgaaaWavb)(mh=wCtC_okRqSQ5goFe)13.jpg;https://ei.phncdn.com/videos/202305/16/431647291/original/(m=eaf8GgaaaWavb)(mh=wCtC_okRqSQ5goFe)14.jpg;https://ei.phncdn.com/videos/202305/16/431647291/original/(m=eaf8GgaaaWavb)(mh=wCtC_okRqSQ5goFe)15.jpg;https://ei.phncdn.com/videos/202305/16/431647291/original/(m=eaf8GgaaaWavb)(mh=wCtC_okRqSQ5goFe)16.jpg|Brunette sis sinz gets fucked and cum on her big tits|ltgsexmovies;female-orgasm;big-dick;pornstar;pussy-licking;fingering;big-cock|Pussy Licking;Female Orgasm||1642|31|1|0|https://ei.phncdn.com/videos/202305/16/431647291/original/(m=q2PPQMYbeaAaGwObaaamqv)(mh=eB0zbbMjPcgvW8Rl)0.jpg|https://ei.phncdn.com/videos/202305/16/431647291/original/(m=eaAaGwObaaamqv)(mh=M3fKtodLxZeJdUcv)1.jpg;https://ei.phncdn.com/videos/202305/16/431647291/original/(m=eaAaGwObaaamqv)(mh=M3fKtodLxZeJdUcv)2.jpg;https://ei.phncdn.com/videos/202305/16/431647291/original/(m=eaAaGwObaaamqv)(mh=M3fKtodLxZeJdUcv)3.jpg;https://ei.phncdn.com/videos/202305/16/431647291/original/(m=eaAaGwObaaamqv)(mh=M3fKtodLxZeJdUcv)4.jpg;https://ei.phncdn.com/videos/202305/16/431647291/original/(m=eaAaGwObaaamqv)(mh=M3fKtodLxZeJdUcv)5.jpg;https://ei.phncdn.com/videos/202305/16/431647291/original/(m=eaAaGwObaaamqv)(mh=M3fKtodLxZeJdUcv)6.jpg;https://ei.phncdn.com/videos/202305/16/431647291/original/(m=eaAaGwObaaamqv)(mh=M3fKtodLxZeJdUcv)7.jpg;https://ei.phncdn.com/videos/202305/16/431647291/original/(m=eaAaGwObaaamqv)(mh=M3fKtodLxZeJdUcv)8.jpg;https://ei.phncdn.com/videos/202305/16/431647291/original/(m=eaAaGwObaaamqv)(mh=M3fKtodLxZeJdUcv)9.jpg;https://ei.phncdn.com/videos/202305/16/431647291/original/(m=eaAaGwObaaamqv)(mh=M3fKtodLxZeJdUcv)10.jpg;https://ei.phncdn.com/videos/202305/16/431647291/original/(m=eaAaGwObaaamqv)(mh=M3fKtodLxZeJdUcv)11.jpg;https://ei.phncdn.com/videos/202305/16/431647291/original/(m=eaAaGwObaaamqv)(mh=M3fKtodLxZeJdUcv)12.jpg;https://ei.phncdn.com/videos/202305/16/431647291/original/(m=eaAaGwObaaamqv)(mh=M3fKtodLxZeJdUcv)13.jpg;https://ei.phncdn.com/videos/202305/16/431647291/original/(m=eaAaGwObaaamqv)(mh=M3fKtodLxZeJdUcv)14.jpg;https://ei.phncdn.com/videos/202305/16/431647291/original/(m=eaAaGwObaaamqv)(mh=M3fKtodLxZeJdUcv)15.jpg;https://ei.phncdn.com/videos/202305/16/431647291/original/(m=eaAaGwObaaamqv)(mh=M3fKtodLxZeJdUcv)16.jpg
<iframe src="https://www.pornhub.com/embed/647103ff6b93b" frameborder="0" height="481" width="608" scrolling="no"></iframe>|https://ei.phncdn.com/videos/202305/26/432325781/original/(m=eaf8GgaaaWavb)(mh=IFDHuECMY326M0pG)1.jpg|https://ei.phncdn.com/videos/202305/26/432325781/original/(m=eaf8GgaaaWavb)(mh=IFDHuECMY326M0pG)1.jpg;https://ei.phncdn.com/videos/202305/26/432325781/original/(m=eaf8GgaaaWavb)(mh=IFDHuECMY326M0pG)2.jpg;https://ei.phncdn.com/videos/202305/26/432325781/original/(m=eaf8GgaaaWavb)(mh=IFDHuECMY326M0pG)3.jpg;https://ei.phncdn.com/videos/202305/26/432325781/original/(m=eaf8GgaaaWavb)(mh=IFDHuECMY326M0pG)4.jpg;https://ei.phncdn.com/videos/202305/26/432325781/original/(m=eaf8GgaaaWavb)(mh=IFDHuECMY326M0pG)5.jpg;https://ei.phncdn.com/videos/202305/26/432325781/original/(m=eaf8GgaaaWavb)(mh=IFDHuECMY326M0pG)6.jpg;https://ei.phncdn.com/videos/202305/26/432325781/original/(m=eaf8GgaaaWavb)(mh=IFDHuECMY326M0pG)7.jpg;https://ei.phncdn.com/videos/202305/26/432325781/original/(m=eaf8GgaaaWavb)(mh=IFDHuECMY326M0pG)8.jpg;https://ei.phncdn.com/videos/202305/26/432325781/original/(m=eaf8GgaaaWavb)(mh=IFDHuECMY326M0pG)9.jpg;https://ei.phncdn.com/videos/202305/26/432325781/original/(m=eaf8GgaaaWavb)(mh=IFDHuECMY326M0pG)10.jpg;https://ei.phncdn.com/videos/202305/26/432325781/original/(m=eaf8GgaaaWavb)(mh=IFDHuECMY326M0pG)11.jpg;https://ei.phncdn.com/videos/202305/26/432325781/original/(m=eaf8GgaaaWavb)(mh=IFDHuECMY326M0pG)12.jpg;https://ei.phncdn.com/videos/202305/26/432325781/original/(m=eaf8GgaaaWavb)(mh=IFDHuECMY326M0pG)13.jpg;https://ei.phncdn.com/videos/202305/26/432325781/original/(m=eaf8GgaaaWavb)(mh=IFDHuECMY326M0pG)14.jpg;https://ei.phncdn.com/videos/202305/26/432325781/original/(m=eaf8GgaaaWavb)(mh=IFDHuECMY326M0pG)15.jpg;https://ei.phncdn.com/videos/202305/26/432325781/original/(m=eaf8GgaaaWavb)(mh=IFDHuECMY326M0pG)16.jpg|5 Fantasies 3 - Get on Your Knees and Lick Me - Erotic audio by Eve's Garden|evedom;eve-eraudica;eves-garden-audio;mild-femdom;pussy-licking;fantasizing;voice-only;audio-only;sexy-voice;erotic-audio-for-men|Pussy Licking;Verified Amateurs;Solo Female||687|8625|59|3|https://ei.phncdn.com/videos/202305/26/432325781/original/(m=eaAaGwObaaamqv)(mh=wNw3BTrkCXTxShrW)1.jpg|https://ei.phncdn.com/videos/202305/26/432325781/original/(m=eaAaGwObaaamqv)(mh=wNw3BTrkCXTxShrW)1.jpg;https://ei.phncdn.com/videos/202305/26/432325781/original/(m=eaAaGwObaaamqv)(mh=wNw3BTrkCXTxShrW)2.jpg;https://ei.phncdn.com/videos/202305/26/432325781/original/(m=eaAaGwObaaamqv)(mh=wNw3BTrkCXTxShrW)3.jpg;https://ei.phncdn.com/videos/202305/26/432325781/original/(m=eaAaGwObaaamqv)(mh=wNw3BTrkCXTxShrW)4.jpg;https://ei.phncdn.com/videos/202305/26/432325781/original/(m=eaAaGwObaaamqv)(mh=wNw3BTrkCXTxShrW)5.jpg;https://ei.phncdn.com/videos/202305/26/432325781/original/(m=eaAaGwObaaamqv)(mh=wNw3BTrkCXTxShrW)6.jpg;https://ei.phncdn.com/videos/202305/26/432325781/original/(m=eaAaGwObaaamqv)(mh=wNw3BTrkCXTxShrW)7.jpg;https://ei.phncdn.com/videos/202305/26/432325781/original/(m=eaAaGwObaaamqv)(mh=wNw3BTrkCXTxShrW)8.jpg;https://ei.phncdn.com/videos/202305/26/432325781/original/(m=eaAaGwObaaamqv)(mh=wNw3BTrkCXTxShrW)9.jpg;https://ei.phncdn.com/videos/202305/26/432325781/original/(m=eaAaGwObaaamqv)(mh=wNw3BTrkCXTxShrW)10.jpg;https://ei.phncdn.com/videos/202305/26/432325781/original/(m=eaAaGwObaaamqv)(mh=wNw3BTrkCXTxShrW)11.jpg;https://ei.phncdn.com/videos/202305/26/432325781/original/(m=eaAaGwObaaamqv)(mh=wNw3BTrkCXTxShrW)12.jpg;https://ei.phncdn.com/videos/202305/26/432325781/original/(m=eaAaGwObaaamqv)(mh=wNw3BTrkCXTxShrW)13.jpg;https://ei.phncdn.com/videos/202305/26/432325781/original/(m=eaAaGwObaaamqv)(mh=wNw3BTrkCXTxShrW)14.jpg;https://ei.phncdn.com/videos/202305/26/432325781/original/(m=eaAaGwObaaamqv)(mh=wNw3BTrkCXTxShrW)15.jpg;https://ei.phncdn.com/videos/202305/26/432325781/original/(m=eaAaGwObaaamqv)(mh=wNw3BTrkCXTxShrW)16.jpg
<iframe src="https://www.pornhub.com/embed/64775baf67844" frameborder="0" height="481" width="608" scrolling="no"></iframe>|https://ei.phncdn.com/videos/202305/31/432627461/original/(m=eaf8GgaaaWavb)(mh=0cSeDgWcT2HnU8Kr)7.jpg|https://ei.phncdn.com/videos/202305/31/432627461/original/(m=eaf8GgaaaWavb)(mh=0cSeDgWcT2HnU8Kr)1.jpg;https://ei.phncdn.com/videos/202305/31/432627461/original/(m=eaf8GgaaaWavb)(mh=0cSeDgWcT2HnU8Kr)2.jpg;https://ei.phncdn.com/videos/202305/31/432627461/original/(m=eaf8GgaaaWavb)(mh=0cSeDgWcT2HnU8Kr)3.jpg;https://ei.phncdn.com/videos/202305/31/432627461/original/(m=eaf8GgaaaWavb)(mh=0cSeDgWcT2HnU8Kr)4.jpg;https://ei.phncdn.com/videos/202305/31/432627461/original/(m=eaf8GgaaaWavb)(mh=0cSeDgWcT2HnU8Kr)5.jpg;https://ei.phncdn.com/videos/202305/31/432627461/original/(m=eaf8GgaaaWavb)(mh=0cSeDgWcT2HnU8Kr)6.jpg;https://ei.phncdn.com/videos/202305/31/432627461/original/(m=eaf8GgaaaWavb)(mh=0cSeDgWcT2HnU8Kr)7.jpg;https://ei.phncdn.com/videos/202305/31/432627461/original/(m=eaf8GgaaaWavb)(mh=0cSeDgWcT2HnU8Kr)8.jpg;https://ei.phncdn.com/videos/202305/31/432627461/original/(m=eaf8GgaaaWavb)(mh=0cSeDgWcT2HnU8Kr)9.jpg;https://ei.phncdn.com/videos/202305/31/432627461/original/(m=eaf8GgaaaWavb)(mh=0cSeDgWcT2HnU8Kr)10.jpg;https://ei.phncdn.com/videos/202305/31/432627461/original/(m=eaf8GgaaaWavb)(mh=0cSeDgWcT2HnU8Kr)11.jpg;https://ei.phncdn.com/videos/202305/31/432627461/original/(m=eaf8GgaaaWavb)(mh=0cSeDgWcT2HnU8Kr)12.jpg;https://ei.phncdn.com/videos/202305/31/432627461/original/(m=eaf8GgaaaWavb)(mh=0cSeDgWcT2HnU8Kr)13.jpg;https://ei.phncdn.com/videos/202305/31/432627461/original/(m=eaf8GgaaaWavb)(mh=0cSeDgWcT2HnU8Kr)14.jpg;https://ei.phncdn.com/videos/202305/31/432627461/original/(m=eaf8GgaaaWavb)(mh=0cSeDgWcT2HnU8Kr)15.jpg;https://ei.phncdn.com/videos/202305/31/432627461/original/(m=eaf8GgaaaWavb)(mh=0cSeDgWcT2HnU8Kr)16.jpg|Special Position|erotic-audio;gentle-femdom;penetraion|Pussy Licking;Verified Amateurs;Solo Female||709|6734|36|6|https://ei.phncdn.com/videos/202305/31/432627461/original/(m=eaAaGwObaaamqv)(mh=wZmsIElX4z4Uzwgo)7.jpg|https://ei.phncdn.com/videos/202305/31/432627461/original/(m=eaAaGwObaaamqv)(mh=wZmsIElX4z4Uzwgo)1.jpg;https://ei.phncdn.com/videos/202305/31/432627461/original/(m=eaAaGwObaaamqv)(mh=wZmsIElX4z4Uzwgo)2.jpg;https://ei.phncdn.com/videos/202305/31/432627461/original/(m=eaAaGwObaaamqv)(mh=wZmsIElX4z4Uzwgo)3.jpg;https://ei.phncdn.com/videos/202305/31/432627461/original/(m=eaAaGwObaaamqv)(mh=wZmsIElX4z4Uzwgo)4.jpg;https://ei.phncdn.com/videos/202305/31/432627461/original/(m=eaAaGwObaaamqv)(mh=wZmsIElX4z4Uzwgo)5.jpg;https://ei.phncdn.com/videos/202305/31/432627461/original/(m=eaAaGwObaaamqv)(mh=wZmsIElX4z4Uzwgo)6.jpg;https://ei.phncdn.com/videos/202305/31/432627461/original/(m=eaAaGwObaaamqv)(mh=wZmsIElX4z4Uzwgo)7.jpg;https://ei.phncdn.com/videos/202305/31/432627461/original/(m=eaAaGwObaaamqv)(mh=wZmsIElX4z4Uzwgo)8.jpg;https://ei.phncdn.com/videos/202305/31/432627461/original/(m=eaAaGwObaaamqv)(mh=wZmsIElX4z4Uzwgo)9.jpg;https://ei.phncdn.com/videos/202305/31/432627461/original/(m=eaAaGwObaaamqv)(mh=wZmsIElX4z4Uzwgo)10.jpg;https://ei.phncdn.com/videos/202305/31/432627461/original/(m=eaAaGwObaaamqv)(mh=wZmsIElX4z4Uzwgo)11.jpg;https://ei.phncdn.com/videos/202305/31/432627461/original/(m=eaAaGwObaaamqv)(mh=wZmsIElX4z4Uzwgo)12.jpg;https://ei.phncdn.com/videos/202305/31/432627461/original/(m=eaAaGwObaaamqv)(mh=wZmsIElX4z4Uzwgo)13.jpg;https://ei.phncdn.com/videos/202305/31/432627461/original/(m=eaAaGwObaaamqv)(mh=wZmsIElX4z4Uzwgo)14.jpg;https://ei.phncdn.com/videos/202305/31/432627461/original/(m=eaAaGwObaaamqv)(mh=wZmsIElX4z4Uzwgo)15.jpg;https://ei.phncdn.com/videos/202305/31/432627461/original/(m=eaAaGwObaaamqv)(mh=wZmsIElX4z4Uzwgo)16.jpg
<iframe src="https://www.pornhub.com/embed/649c133eb6e9b" frameborder="0" height="481" width="608" scrolling="no"></iframe>|https://ei.phncdn.com/videos/202306/28/434439621/original/(m=q_NR5PYbeaf8GgaaaWavb)(mh=e4mWIkUbdVlrI3An)0.jpg|https://ei.phncdn.com/videos/202306/28/434439621/original/(m=eaf8GgaaaWavb)(mh=_tIFMtBd32UFsoaH)1.jpg;https://ei.phncdn.com/videos/202306/28/434439621/original/(m=eaf8GgaaaWavb)(mh=_tIFMtBd32UFsoaH)2.jpg;https://ei.phncdn.com/videos/202306/28/434439621/original/(m=eaf8GgaaaWavb)(mh=_tIFMtBd32UFsoaH)3.jpg;https://ei.phncdn.com/videos/202306/28/434439621/original/(m=eaf8GgaaaWavb)(mh=_tIFMtBd32UFsoaH)4.jpg;https://ei.phncdn.com/videos/202306/28/434439621/original/(m=eaf8GgaaaWavb)(mh=_tIFMtBd32UFsoaH)5.jpg;https://ei.phncdn.com/videos/202306/28/434439621/original/(m=eaf8GgaaaWavb)(mh=_tIFMtBd32UFsoaH)6.jpg;https://ei.phncdn.com/videos/202306/28/434439621/original/(m=eaf8GgaaaWavb)(mh=_tIFMtBd32UFsoaH)7.jpg;https://ei.phncdn.com/videos/202306/28/434439621/original/(m=eaf8GgaaaWavb)(mh=_tIFMtBd32UFsoaH)8.jpg;https://ei.phncdn.com/videos/202306/28/434439621/original/(m=eaf8GgaaaWavb)(mh=_tIFMtBd32UFsoaH)9.jpg;https://ei.phncdn.com/videos/202306/28/434439621/original/(m=eaf8GgaaaWavb)(mh=_tIFMtBd32UFsoaH)10.jpg;https://ei.phncdn.com/videos/202306/28/434439621/original/(m=eaf8GgaaaWavb)(mh=_tIFMtBd32UFsoaH)11.jpg;https://ei.phncdn.com/videos/202306/28/434439621/original/(m=eaf8GgaaaWavb)(mh=_tIFMtBd32UFsoaH)12.jpg;https://ei.phncdn.com/videos/202306/28/434439621/original/(m=eaf8GgaaaWavb)(mh=_tIFMtBd32UFsoaH)13.jpg;https://ei.phncdn.com/videos/202306/28/434439621/original/(m=eaf8GgaaaWavb)(mh=_tIFMtBd32UFsoaH)14.jpg;https://ei.phncdn.com/videos/202306/28/434439621/original/(m=eaf8GgaaaWavb)(mh=_tIFMtBd32UFsoaH)15.jpg;https://ei.phncdn.com/videos/202306/28/434439621/original/(m=eaf8GgaaaWavb)(mh=_tIFMtBd32UFsoaH)16.jpg|Sexy scarlett march spanked in the ass and creampied by peter|ltgsexmovies;pussy-licking;shaved-pussy;spanking;fingering;female-orgasm|Pussy Licking;Female Orgasm||1444|20|||https://ei.phncdn.com/videos/202306/28/434439621/original/(m=q_NR5PYbeaAaGwObaaamqv)(mh=lpB8Z8mBlvp4GbMX)0.jpg|https://ei.phncdn.com/videos/202306/28/434439621/original/(m=eaAaGwObaaamqv)(mh=KuokzQYsdY3e2qPd)1.jpg;https://ei.phncdn.com/videos/202306/28/434439621/original/(m=eaAaGwObaaamqv)(mh=KuokzQYsdY3e2qPd)2.jpg;https://ei.phncdn.com/videos/202306/28/434439621/original/(m=eaAaGwObaaamqv)(mh=KuokzQYsdY3e2qPd)3.jpg;https://ei.phncdn.com/videos/202306/28/434439621/original/(m=eaAaGwObaaamqv)(mh=KuokzQYsdY3e2qPd)4.jpg;https://ei.phncdn.com/videos/202306/28/434439621/original/(m=eaAaGwObaaamqv)(mh=KuokzQYsdY3e2qPd)5.jpg;https://ei.phncdn.com/videos/202306/28/434439621/original/(m=eaAaGwObaaamqv)(mh=KuokzQYsdY3e2qPd)6.jpg;https://ei.phncdn.com/videos/202306/28/434439621/original/(m=eaAaGwObaaamqv)(mh=KuokzQYsdY3e2qPd)7.jpg;https://ei.phncdn.com/videos/202306/28/434439621/original/(m=eaAaGwObaaamqv)(mh=KuokzQYsdY3e2qPd)8.jpg;https://ei.phncdn.com/videos/202306/28/434439621/original/(m=eaAaGwObaaamqv)(mh=KuokzQYsdY3e2qPd)9.jpg;https://ei.phncdn.com/videos/202306/28/434439621/original/(m=eaAaGwObaaamqv)(mh=KuokzQYsdY3e2qPd)10.jpg;https://ei.phncdn.com/videos/202306/28/434439621/original/(m=eaAaGwObaaamqv)(mh=KuokzQYsdY3e2qPd)11.jpg;https://ei.phncdn.com/videos/202306/28/434439621/original/(m=eaAaGwObaaamqv)(mh=KuokzQYsdY3e2qPd)12.jpg;https://ei.phncdn.com/videos/202306/28/434439621/original/(m=eaAaGwObaaamqv)(mh=KuokzQYsdY3e2qPd)13.jpg;https://ei.phncdn.com/videos/202306/28/434439621/original/(m=eaAaGwObaaamqv)(mh=KuokzQYsdY3e2qPd)14.jpg;https://ei.phncdn.com/videos/202306/28/434439621/original/(m=eaAaGwObaaamqv)(mh=KuokzQYsdY3e2qPd)15.jpg;https://ei.phncdn.com/videos/202306/28/434439621/original/(m=eaAaGwObaaamqv)(mh=KuokzQYsdY3e2qPd)16.jpg
<iframe src="https://www.pornhub.com/embed/64fd0d935ebca" frameborder="0" height="481" width="608" scrolling="no"></iframe>|https://ei.phncdn.com/videos/202309/10/439108251/original/(m=eaf8GgaaaWavb)(mh=VwW6zZYJPmgQWYvA)10.jpg|https://ei.phncdn.com/videos/202309/10/439108251/original/(m=eaf8GgaaaWavb)(mh=VwW6zZYJPmgQWYvA)1.jpg;https://ei.phncdn.com/videos/202309/10/439108251/original/(m=eaf8GgaaaWavb)(mh=VwW6zZYJPmgQWYvA)2.jpg;https://ei.phncdn.com/videos/202309/10/439108251/original/(m=eaf8GgaaaWavb)(mh=VwW6zZYJPmgQWYvA)3.jpg;https://ei.phncdn.com/videos/202309/10/439108251/original/(m=eaf8GgaaaWavb)(mh=VwW6zZYJPmgQWYvA)4.jpg;https://ei.phncdn.com/videos/202309/10/439108251/original/(m=eaf8GgaaaWavb)(mh=VwW6zZYJPmgQWYvA)5.jpg;https://ei.phncdn.com/videos/202309/10/439108251/original/(m=eaf8GgaaaWavb)(mh=VwW6zZYJPmgQWYvA)6.jpg;https://ei.phncdn.com/videos/202309/10/439108251/original/(m=eaf8GgaaaWavb)(mh=VwW6zZYJPmgQWYvA)7.jpg;https://ei.phncdn.com/videos/202309/10/439108251/original/(m=eaf8GgaaaWavb)(mh=VwW6zZYJPmgQWYvA)8.jpg;https://ei.phncdn.com/videos/202309/10/439108251/original/(m=eaf8GgaaaWavb)(mh=VwW6zZYJPmgQWYvA)9.jpg;https://ei.phncdn.com/videos/202309/10/439108251/original/(m=eaf8GgaaaWavb)(mh=VwW6zZYJPmgQWYvA)10.jpg;https://ei.phncdn.com/videos/202309/10/439108251/original/(m=eaf8GgaaaWavb)(mh=VwW6zZYJPmgQWYvA)11.jpg;https://ei.phncdn.com/videos/202309/10/439108251/original/(m=eaf8GgaaaWavb)(mh=VwW6zZYJPmgQWYvA)12.jpg;https://ei.phncdn.com/videos/202309/10/439108251/original/(m=eaf8GgaaaWavb)(mh=VwW6zZYJPmgQWYvA)13.jpg;https://ei.phncdn.com/videos/202309/10/439108251/original/(m=eaf8GgaaaWavb)(mh=VwW6zZYJPmgQWYvA)14.jpg;https://ei.phncdn.com/videos/202309/10/439108251/original/(m=eaf8GgaaaWavb)(mh=VwW6zZYJPmgQWYvA)15.jpg;https://ei.phncdn.com/videos/202309/10/439108251/original/(m=eaf8GgaaaWavb)(mh=VwW6zZYJPmgQWYvA)16.jpg|me toco mientras mi vecino me mira por la ventana|viegen;hermanastra;kink|Pussy Licking;Verified Amateurs;Solo Female||325|9612|27|4|https://ei.phncdn.com/videos/202309/10/439108251/original/(m=eaAaGwObaaamqv)(mh=O2WWE-8usn1Gebf9)10.jpg|https://ei.phncdn.com/videos/202309/10/439108251/original/(m=eaAaGwObaaamqv)(mh=O2WWE-8usn1Gebf9)1.jpg;https://ei.phncdn.com/videos/202309/10/439108251/original/(m=eaAaGwObaaamqv)(mh=O2WWE-8usn1Gebf9)2.jpg;https://ei.phncdn.com/videos/202309/10/439108251/original/(m=eaAaGwObaaamqv)(mh=O2WWE-8usn1Gebf9)3.jpg;https://ei.phncdn.com/videos/202309/10/439108251/original/(m=eaAaGwObaaamqv)(mh=O2WWE-8usn1Gebf9)4.jpg;https://ei.phncdn.com/videos/202309/10/439108251/original/(m=eaAaGwObaaamqv)(mh=O2WWE-8usn1Gebf9)5.jpg;https://ei.phncdn.com/videos/202309/10/439108251/original/(m=eaAaGwObaaamqv)(mh=O2WWE-8usn1Gebf9)6.jpg;https://ei.phncdn.com/videos/202309/10/439108251/original/(m=eaAaGwObaaamqv)(mh=O2WWE-8usn1Gebf9)7.jpg;https://ei.phncdn.com/videos/202309/10/439108251/original/(m=eaAaGwObaaamqv)(mh=O2WWE-8usn1Gebf9)8.jpg;https://ei.phncdn.com/videos/202309/10/439108251/original/(m=eaAaGwObaaamqv)(mh=O2WWE-8usn1Gebf9)9.jpg;https://ei.phncdn.com/videos/202309/10/439108251/original/(m=eaAaGwObaaamqv)(mh=O2WWE-8usn1Gebf9)10.jpg;https://ei.phncdn.com/videos/202309/10/439108251/original/(m=eaAaGwObaaamqv)(mh=O2WWE-8usn1Gebf9)11.jpg;https://ei.phncdn.com/videos/202309/10/439108251/original/(m=eaAaGwObaaamqv)(mh=O2WWE-8usn1Gebf9)12.jpg;https://ei.phncdn.com/videos/202309/10/439108251/original/(m=eaAaGwObaaamqv)(mh=O2WWE-8usn1Gebf9)13.jpg;https://ei.phncdn.com/videos/202309/10/439108251/original/(m=eaAaGwObaaamqv)(mh=O2WWE-8usn1Gebf9)14.jpg;https://ei.phncdn.com/videos/202309/10/439108251/original/(m=eaAaGwObaaamqv)(mh=O2WWE-8usn1Gebf9)15.jpg;https://ei.phncdn.com/videos/202309/10/439108251/original/(m=eaAaGwObaaamqv)(mh=O2WWE-8usn1Gebf9)16.jpg
<iframe src="https://www.pornhub.com/embed/6534cc15b0c06" frameborder="0" height="481" width="608" scrolling="no"></iframe>|https://ei.phncdn.com/videos/202310/22/441635331/original/(m=eaf8GgaaaWavb)(mh=3Fq_EMMQuDrwa70z)5.jpg|https://ei.phncdn.com/videos/202310/22/441635331/original/(m=eaf8GgaaaWavb)(mh=3Fq_EMMQuDrwa70z)1.jpg;https://ei.phncdn.com/videos/202310/22/441635331/original/(m=eaf8GgaaaWavb)(mh=3Fq_EMMQuDrwa70z)2.jpg;https://ei.phncdn.com/videos/202310/22/441635331/original/(m=eaf8GgaaaWavb)(mh=3Fq_EMMQuDrwa70z)3.jpg;https://ei.phncdn.com/videos/202310/22/441635331/original/(m=eaf8GgaaaWavb)(mh=3Fq_EMMQuDrwa70z)4.jpg;https://ei.phncdn.com/videos/202310/22/441635331/original/(m=eaf8GgaaaWavb)(mh=3Fq_EMMQuDrwa70z)5.jpg;https://ei.phncdn.com/videos/202310/22/441635331/original/(m=eaf8GgaaaWavb)(mh=3Fq_EMMQuDrwa70z)6.jpg;https://ei.phncdn.com/videos/202310/22/441635331/original/(m=eaf8GgaaaWavb)(mh=3Fq_EMMQuDrwa70z)7.jpg;https://ei.phncdn.com/videos/202310/22/441635331/original/(m=eaf8GgaaaWavb)(mh=3Fq_EMMQuDrwa70z)8.jpg;https://ei.phncdn.com/videos/202310/22/441635331/original/(m=eaf8GgaaaWavb)(mh=3Fq_EMMQuDrwa70z)9.jpg;https://ei.phncdn.com/videos/202310/22/441635331/original/(m=eaf8GgaaaWavb)(mh=3Fq_EMMQuDrwa70z)10.jpg;https://ei.phncdn.com/videos/202310/22/441635331/original/(m=eaf8GgaaaWavb)(mh=3Fq_EMMQuDrwa70z)11.jpg;https://ei.phncdn.com/videos/202310/22/441635331/original/(m=eaf8GgaaaWavb)(mh=3Fq_EMMQuDrwa70z)12.jpg;https://ei.phncdn.com/videos/202310/22/441635331/original/(m=eaf8GgaaaWavb)(mh=3Fq_EMMQuDrwa70z)13.jpg;https://ei.phncdn.com/videos/202310/22/441635331/original/(m=eaf8GgaaaWavb)(mh=3Fq_EMMQuDrwa70z)14.jpg;https://ei.phncdn.com/videos/202310/22/441635331/original/(m=eaf8GgaaaWavb)(mh=3Fq_EMMQuDrwa70z)15.jpg;https://ei.phncdn.com/videos/202310/22/441635331/original/(m=eaf8GgaaaWavb)(mh=3Fq_EMMQuDrwa70z)16.jpg|He sucked my pussy till I was begging for his dick to be inside of me|homemade;amateur;pussy-licking;big-tits;big-natural-tits;black;reality;pov;mzansi;mzansi-ekasi;south-african;ebony-milf|Pussy Licking;Verified Amateurs;Female Orgasm||36|91660|170|30|https://ei.phncdn.com/videos/202310/22/441635331/original/(m=eaAaGwObaaamqv)(mh=5rJYgC5iNNpK9p1S)5.jpg|https://ei.phncdn.com/videos/202310/22/441635331/original/(m=eaAaGwObaaamqv)(mh=5rJYgC5iNNpK9p1S)1.jpg;https://ei.phncdn.com/videos/202310/22/441635331/original/(m=eaAaGwObaaamqv)(mh=5rJYgC5iNNpK9p1S)2.jpg;https://ei.phncdn.com/videos/202310/22/441635331/original/(m=eaAaGwObaaamqv)(mh=5rJYgC5iNNpK9p1S)3.jpg;https://ei.phncdn.com/videos/202310/22/441635331/original/(m=eaAaGwObaaamqv)(mh=5rJYgC5iNNpK9p1S)4.jpg;https://ei.phncdn.com/videos/202310/22/441635331/original/(m=eaAaGwObaaamqv)(mh=5rJYgC5iNNpK9p1S)5.jpg;https://ei.phncdn.com/videos/202310/22/441635331/original/(m=eaAaGwObaaamqv)(mh=5rJYgC5iNNpK9p1S)6.jpg;https://ei.phncdn.com/videos/202310/22/441635331/original/(m=eaAaGwObaaamqv)(mh=5rJYgC5iNNpK9p1S)7.jpg;https://ei.phncdn.com/videos/202310/22/441635331/original/(m=eaAaGwObaaamqv)(mh=5rJYgC5iNNpK9p1S)8.jpg;https://ei.phncdn.com/videos/202310/22/441635331/original/(m=eaAaGwObaaamqv)(mh=5rJYgC5iNNpK9p1S)9.jpg;https://ei.phncdn.com/videos/202310/22/441635331/original/(m=eaAaGwObaaamqv)(mh=5rJYgC5iNNpK9p1S)10.jpg;https://ei.phncdn.com/videos/202310/22/441635331/original/(m=eaAaGwObaaamqv)(mh=5rJYgC5iNNpK9p1S)11.jpg;https://ei.phncdn.com/videos/202310/22/441635331/original/(m=eaAaGwObaaamqv)(mh=5rJYgC5iNNpK9p1S)12.jpg;https://ei.phncdn.com/videos/202310/22/441635331/original/(m=eaAaGwObaaamqv)(mh=5rJYgC5iNNpK9p1S)13.jpg;https://ei.phncdn.com/videos/202310/22/441635331/original/(m=eaAaGwObaaamqv)(mh=5rJYgC5iNNpK9p1S)14.jpg;https://ei.phncdn.com/videos/202310/22/441635331/original/(m=eaAaGwObaaamqv)(mh=5rJYgC5iNNpK9p1S)15.jpg;https://ei.phncdn.com/videos/202310/22/441635331/original/(m=eaAaGwObaaamqv)(mh=5rJYgC5iNNpK9p1S)16.jpg
<iframe src="https://www.pornhub.com/embed/653d18b32a440" frameborder="0" height="481" width="608" scrolling="no"></iframe>|https://ei.phncdn.com/videos/202310/28/442011881/original/(m=eaf8GgaaaWavb)(mh=mxcS1nMuN4WTOST4)9.jpg|https://ei.phncdn.com/videos/202310/28/442011881/original/(m=eaf8GgaaaWavb)(mh=mxcS1nMuN4WTOST4)1.jpg;https://ei.phncdn.com/videos/202310/28/442011881/original/(m=eaf8GgaaaWavb)(mh=mxcS1nMuN4WTOST4)2.jpg;https://ei.phncdn.com/videos/202310/28/442011881/original/(m=eaf8GgaaaWavb)(mh=mxcS1nMuN4WTOST4)3.jpg;https://ei.phncdn.com/videos/202310/28/442011881/original/(m=eaf8GgaaaWavb)(mh=mxcS1nMuN4WTOST4)4.jpg;https://ei.phncdn.com/videos/202310/28/442011881/original/(m=eaf8GgaaaWavb)(mh=mxcS1nMuN4WTOST4)5.jpg;https://ei.phncdn.com/videos/202310/28/442011881/original/(m=eaf8GgaaaWavb)(mh=mxcS1nMuN4WTOST4)6.jpg;https://ei.phncdn.com/videos/202310/28/442011881/original/(m=eaf8GgaaaWavb)(mh=mxcS1nMuN4WTOST4)7.jpg;https://ei.phncdn.com/videos/202310/28/442011881/original/(m=eaf8GgaaaWavb)(mh=mxcS1nMuN4WTOST4)8.jpg;https://ei.phncdn.com/videos/202310/28/442011881/original/(m=eaf8GgaaaWavb)(mh=mxcS1nMuN4WTOST4)9.jpg;https://ei.phncdn.com/videos/202310/28/442011881/original/(m=eaf8GgaaaWavb)(mh=mxcS1nMuN4WTOST4)10.jpg;https://ei.phncdn.com/videos/202310/28/442011881/original/(m=eaf8GgaaaWavb)(mh=mxcS1nMuN4WTOST4)11.jpg;https://ei.phncdn.com/videos/202310/28/442011881/original/(m=eaf8GgaaaWavb)(mh=mxcS1nMuN4WTOST4)12.jpg;https://ei.phncdn.com/videos/202310/28/442011881/original/(m=eaf8GgaaaWavb)(mh=mxcS1nMuN4WTOST4)13.jpg;https://ei.phncdn.com/videos/202310/28/442011881/original/(m=eaf8GgaaaWavb)(mh=mxcS1nMuN4WTOST4)14.jpg;https://ei.phncdn.com/videos/202310/28/442011881/original/(m=eaf8GgaaaWavb)(mh=mxcS1nMuN4WTOST4)15.jpg;https://ei.phncdn.com/videos/202310/28/442011881/original/(m=eaf8GgaaaWavb)(mh=mxcS1nMuN4WTOST4)16.jpg|Pussy Anatomy Lesson - Clit, Labia, G-Spot and A-Spot (with Sex Teacher Roxy Fox)|female-anatomy;pussy;how-to-eat-pussy;how-to-finger-a-girl;how-to-fuck;sex-lesson;sex-teacher;my-first-sex-teacher;moms-teach-sex;roxy-fox|Pussy Licking;Verified Amateurs;Solo Female||259|233630|398|72|https://ei.phncdn.com/videos/202310/28/442011881/original/(m=eaAaGwObaaamqv)(mh=y2fLUMXGyG05g3On)9.jpg|https://ei.phncdn.com/videos/202310/28/442011881/original/(m=eaAaGwObaaamqv)(mh=y2fLUMXGyG05g3On)1.jpg;https://ei.phncdn.com/videos/202310/28/442011881/original/(m=eaAaGwObaaamqv)(mh=y2fLUMXGyG05g3On)2.jpg;https://ei.phncdn.com/videos/202310/28/442011881/original/(m=eaAaGwObaaamqv)(mh=y2fLUMXGyG05g3On)3.jpg;https://ei.phncdn.com/videos/202310/28/442011881/original/(m=eaAaGwObaaamqv)(mh=y2fLUMXGyG05g3On)4.jpg;https://ei.phncdn.com/videos/202310/28/442011881/original/(m=eaAaGwObaaamqv)(mh=y2fLUMXGyG05g3On)5.jpg;https://ei.phncdn.com/videos/202310/28/442011881/original/(m=eaAaGwObaaamqv)(mh=y2fLUMXGyG05g3On)6.jpg;https://ei.phncdn.com/videos/202310/28/442011881/original/(m=eaAaGwObaaamqv)(mh=y2fLUMXGyG05g3On)7.jpg;https://ei.phncdn.com/videos/202310/28/442011881/original/(m=eaAaGwObaaamqv)(mh=y2fLUMXGyG05g3On)8.jpg;https://ei.phncdn.com/videos/202310/28/442011881/original/(m=eaAaGwObaaamqv)(mh=y2fLUMXGyG05g3On)9.jpg;https://ei.phncdn.com/videos/202310/28/442011881/original/(m=eaAaGwObaaamqv)(mh=y2fLUMXGyG05g3On)10.jpg;https://ei.phncdn.com/videos/202310/28/442011881/original/(m=eaAaGwObaaamqv)(mh=y2fLUMXGyG05g3On)11.jpg;https://ei.phncdn.com/videos/202310/28/442011881/original/(m=eaAaGwObaaamqv)(mh=y2fLUMXGyG05g3On)12.jpg;https://ei.phncdn.com/videos/202310/28/442011881/original/(m=eaAaGwObaaamqv)(mh=y2fLUMXGyG05g3On)13.jpg;https://ei.phncdn.com/videos/202310/28/442011881/original/(m=eaAaGwObaaamqv)(mh=y2fLUMXGyG05g3On)14.jpg;https://ei.phncdn.com/videos/202310/28/442011881/original/(m=eaAaGwObaaamqv)(mh=y2fLUMXGyG05g3On)15.jpg;https://ei.phncdn.com/videos/202310/28/442011881/original/(m=eaAaGwObaaamqv)(mh=y2fLUMXGyG05g3On)16.jpg
<iframe src="https://www.pornhub.com/embed/65424f7cbf89b" frameborder="0" height="481" width="608" scrolling="no"></iframe>|https://ei.phncdn.com/videos/202311/01/442228741/original/(m=eaf8GgaaaWavb)(mh=f95i0Dx8tAiN4RC4)7.jpg|https://ei.phncdn.com/videos/202311/01/442228741/original/(m=eaf8GgaaaWavb)(mh=f95i0Dx8tAiN4RC4)1.jpg;https://ei.phncdn.com/videos/202311/01/442228741/original/(m=eaf8GgaaaWavb)(mh=f95i0Dx8tAiN4RC4)2.jpg;https://ei.phncdn.com/videos/202311/01/442228741/original/(m=eaf8GgaaaWavb)(mh=f95i0Dx8tAiN4RC4)3.jpg;https://ei.phncdn.com/videos/202311/01/442228741/original/(m=eaf8GgaaaWavb)(mh=f95i0Dx8tAiN4RC4)4.jpg;https://ei.phncdn.com/videos/202311/01/442228741/original/(m=eaf8GgaaaWavb)(mh=f95i0Dx8tAiN4RC4)5.jpg;https://ei.phncdn.com/videos/202311/01/442228741/original/(m=eaf8GgaaaWavb)(mh=f95i0Dx8tAiN4RC4)6.jpg;https://ei.phncdn.com/videos/202311/01/442228741/original/(m=eaf8GgaaaWavb)(mh=f95i0Dx8tAiN4RC4)7.jpg;https://ei.phncdn.com/videos/202311/01/442228741/original/(m=eaf8GgaaaWavb)(mh=f95i0Dx8tAiN4RC4)8.jpg;https://ei.phncdn.com/videos/202311/01/442228741/original/(m=eaf8GgaaaWavb)(mh=f95i0Dx8tAiN4RC4)9.jpg;https://ei.phncdn.com/videos/202311/01/442228741/original/(m=eaf8GgaaaWavb)(mh=f95i0Dx8tAiN4RC4)10.jpg;https://ei.phncdn.com/videos/202311/01/442228741/original/(m=eaf8GgaaaWavb)(mh=f95i0Dx8tAiN4RC4)11.jpg;https://ei.phncdn.com/videos/202311/01/442228741/original/(m=eaf8GgaaaWavb)(mh=f95i0Dx8tAiN4RC4)12.jpg;https://ei.phncdn.com/videos/202311/01/442228741/original/(m=eaf8GgaaaWavb)(mh=f95i0Dx8tAiN4RC4)13.jpg;https://ei.phncdn.com/videos/202311/01/442228741/original/(m=eaf8GgaaaWavb)(mh=f95i0Dx8tAiN4RC4)14.jpg;https://ei.phncdn.com/videos/202311/01/442228741/original/(m=eaf8GgaaaWavb)(mh=f95i0Dx8tAiN4RC4)15.jpg;https://ei.phncdn.com/videos/202311/01/442228741/original/(m=eaf8GgaaaWavb)(mh=f95i0Dx8tAiN4RC4)16.jpg|I'll be a good girl for you Mistress|erotic-audio-lesbian;erotic-audio;edging;begging|Pussy Licking;Verified Amateurs;Solo Female||736|3482|24|0|https://ei.phncdn.com/videos/202311/01/442228741/original/(m=eaAaGwObaaamqv)(mh=zJH9l6ENPN6Yidv_)7.jpg|https://ei.phncdn.com/videos/202311/01/442228741/original/(m=eaAaGwObaaamqv)(mh=zJH9l6ENPN6Yidv_)1.jpg;https://ei.phncdn.com/videos/202311/01/442228741/original/(m=eaAaGwObaaamqv)(mh=zJH9l6ENPN6Yidv_)2.jpg;https://ei.phncdn.com/videos/202311/01/442228741/original/(m=eaAaGwObaaamqv)(mh=zJH9l6ENPN6Yidv_)3.jpg;https://ei.phncdn.com/videos/202311/01/442228741/original/(m=eaAaGwObaaamqv)(mh=zJH9l6ENPN6Yidv_)4.jpg;https://ei.phncdn.com/videos/202311/01/442228741/original/(m=eaAaGwObaaamqv)(mh=zJH9l6ENPN6Yidv_)5.jpg;https://ei.phncdn.com/videos/202311/01/442228741/original/(m=eaAaGwObaaamqv)(mh=zJH9l6ENPN6Yidv_)6.jpg;https://ei.phncdn.com/videos/202311/01/442228741/original/(m=eaAaGwObaaamqv)(mh=zJH9l6ENPN6Yidv_)7.jpg;https://ei.phncdn.com/videos/202311/01/442228741/original/(m=eaAaGwObaaamqv)(mh=zJH9l6ENPN6Yidv_)8.jpg;https://ei.phncdn.com/videos/202311/01/442228741/original/(m=eaAaGwObaaamqv)(mh=zJH9l6ENPN6Yidv_)9.jpg;https://ei.phncdn.com/videos/202311/01/442228741/original/(m=eaAaGwObaaamqv)(mh=zJH9l6ENPN6Yidv_)10.jpg;https://ei.phncdn.com/videos/202311/01/442228741/original/(m=eaAaGwObaaamqv)(mh=zJH9l6ENPN6Yidv_)11.jpg;https://ei.phncdn.com/videos/202311/01/442228741/original/(m=eaAaGwObaaamqv)(mh=zJH9l6ENPN6Yidv_)12.jpg;https://ei.phncdn.com/videos/202311/01/442228741/original/(m=eaAaGwObaaamqv)(mh=zJH9l6ENPN6Yidv_)13.jpg;https://ei.phncdn.com/videos/202311/01/442228741/original/(m=eaAaGwObaaamqv)(mh=zJH9l6ENPN6Yidv_)14.jpg;https://ei.phncdn.com/videos/202311/01/442228741/original/(m=eaAaGwObaaamqv)(mh=zJH9l6ENPN6Yidv_)15.jpg;https://ei.phncdn.com/videos/202311/01/442228741/original/(m=eaAaGwObaaamqv)(mh=zJH9l6ENPN6Yidv_)16.jpg
<iframe src="https://www.pornhub.com/embed/657af7fab3894" frameborder="0" height="481" width="608" scrolling="no"></iframe>|https://ei.phncdn.com/videos/202312/14/444756841/original/(m=eaf8GgaaaWavb)(mh=WE5LJIPlAekSrAHD)12.jpg|https://ei.phncdn.com/videos/202312/14/444756841/original/(m=eaf8GgaaaWavb)(mh=WE5LJIPlAekSrAHD)1.jpg;https://ei.phncdn.com/videos/202312/14/444756841/original/(m=eaf8GgaaaWavb)(mh=WE5LJIPlAekSrAHD)2.jpg;https://ei.phncdn.com/videos/202312/14/444756841/original/(m=eaf8GgaaaWavb)(mh=WE5LJIPlAekSrAHD)3.jpg;https://ei.phncdn.com/videos/202312/14/444756841/original/(m=eaf8GgaaaWavb)(mh=WE5LJIPlAekSrAHD)4.jpg;https://ei.phncdn.com/videos/202312/14/444756841/original/(m=eaf8GgaaaWavb)(mh=WE5LJIPlAekSrAHD)5.jpg;https://ei.phncdn.com/videos/202312/14/444756841/original/(m=eaf8GgaaaWavb)(mh=WE5LJIPlAekSrAHD)6.jpg;https://ei.phncdn.com/videos/202312/14/444756841/original/(m=eaf8GgaaaWavb)(mh=WE5LJIPlAekSrAHD)7.jpg;https://ei.phncdn.com/videos/202312/14/444756841/original/(m=eaf8GgaaaWavb)(mh=WE5LJIPlAekSrAHD)8.jpg;https://ei.phncdn.com/videos/202312/14/444756841/original/(m=eaf8GgaaaWavb)(mh=WE5LJIPlAekSrAHD)9.jpg;https://ei.phncdn.com/videos/202312/14/444756841/original/(m=eaf8GgaaaWavb)(mh=WE5LJIPlAekSrAHD)10.jpg;https://ei.phncdn.com/videos/202312/14/444756841/original/(m=eaf8GgaaaWavb)(mh=WE5LJIPlAekSrAHD)11.jpg;https://ei.phncdn.com/videos/202312/14/444756841/original/(m=eaf8GgaaaWavb)(mh=WE5LJIPlAekSrAHD)12.jpg;https://ei.phncdn.com/videos/202312/14/444756841/original/(m=eaf8GgaaaWavb)(mh=WE5LJIPlAekSrAHD)13.jpg;https://ei.phncdn.com/videos/202312/14/444756841/original/(m=eaf8GgaaaWavb)(mh=WE5LJIPlAekSrAHD)14.jpg;https://ei.phncdn.com/videos/202312/14/444756841/original/(m=eaf8GgaaaWavb)(mh=WE5LJIPlAekSrAHD)15.jpg;https://ei.phncdn.com/videos/202312/14/444756841/original/(m=eaf8GgaaaWavb)(mh=WE5LJIPlAekSrAHD)16.jpg|Fitness|dito-nel-culo-uomo;figa-aperta|Pussy Licking;Solo Female;Female Orgasm||21|1711|13|0|https://ei.phncdn.com/videos/202312/14/444756841/original/(m=eaAaGwObaaamqv)(mh=ojn_YIAUmfcR89_a)12.jpg|https://ei.phncdn.com/videos/202312/14/444756841/original/(m=eaAaGwObaaamqv)(mh=ojn_YIAUmfcR89_a)1.jpg;https://ei.phncdn.com/videos/202312/14/444756841/original/(m=eaAaGwObaaamqv)(mh=ojn_YIAUmfcR89_a)2.jpg;https://ei.phncdn.com/videos/202312/14/444756841/original/(m=eaAaGwObaaamqv)(mh=ojn_YIAUmfcR89_a)3.jpg;https://ei.phncdn.com/videos/202312/14/444756841/original/(m=eaAaGwObaaamqv)(mh=ojn_YIAUmfcR89_a)4.jpg;https://ei.phncdn.com/videos/202312/14/444756841/original/(m=eaAaGwObaaamqv)(mh=ojn_YIAUmfcR89_a)5.jpg;https://ei.phncdn.com/videos/202312/14/444756841/original/(m=eaAaGwObaaamqv)(mh=ojn_YIAUmfcR89_a)6.jpg;https://ei.phncdn.com/videos/202312/14/444756841/original/(m=eaAaGwObaaamqv)(mh=ojn_YIAUmfcR89_a)7.jpg;https://ei.phncdn.com/videos/202312/14/444756841/original/(m=eaAaGwObaaamqv)(mh=ojn_YIAUmfcR89_a)8.jpg;https://ei.phncdn.com/videos/202312/14/444756841/original/(m=eaAaGwObaaamqv)(mh=ojn_YIAUmfcR89_a)9.jpg;https://ei.phncdn.com/videos/202312/14/444756841/original/(m=eaAaGwObaaamqv)(mh=ojn_YIAUmfcR89_a)10.jpg;https://ei.phncdn.com/videos/202312/14/444756841/original/(m=eaAaGwObaaamqv)(mh=ojn_YIAUmfcR89_a)11.jpg;https://ei.phncdn.com/videos/202312/14/444756841/original/(m=eaAaGwObaaamqv)(mh=ojn_YIAUmfcR89_a)12.jpg;https://ei.phncdn.com/videos/202312/14/444756841/original/(m=eaAaGwObaaamqv)(mh=ojn_YIAUmfcR89_a)13.jpg;https://ei.phncdn.com/videos/202312/14/444756841/original/(m=eaAaGwObaaamqv)(mh=ojn_YIAUmfcR89_a)14.jpg;https://ei.phncdn.com/videos/202312/14/444756841/original/(m=eaAaGwObaaamqv)(mh=ojn_YIAUmfcR89_a)15.jpg;https://ei.phncdn.com/videos/202312/14/444756841/original/(m=eaAaGwObaaamqv)(mh=ojn_YIAUmfcR89_a)16.jpg
<iframe src="https://www.pornhub.com/embed/65800cdfee8e0" frameborder="0" height="481" width="608" scrolling="no"></iframe>|https://ei.phncdn.com/videos/202312/18/444975481/original/(m=eaf8GgaaaWavb)(mh=wiWxepg6a1hzCRn-)11.jpg|https://ei.phncdn.com/videos/202312/18/444975481/original/(m=eaf8GgaaaWavb)(mh=wiWxepg6a1hzCRn-)1.jpg;https://ei.phncdn.com/videos/202312/18/444975481/original/(m=eaf8GgaaaWavb)(mh=wiWxepg6a1hzCRn-)2.jpg;https://ei.phncdn.com/videos/202312/18/444975481/original/(m=eaf8GgaaaWavb)(mh=wiWxepg6a1hzCRn-)3.jpg;https://ei.phncdn.com/videos/202312/18/444975481/original/(m=eaf8GgaaaWavb)(mh=wiWxepg6a1hzCRn-)4.jpg;https://ei.phncdn.com/videos/202312/18/444975481/original/(m=eaf8GgaaaWavb)(mh=wiWxepg6a1hzCRn-)5.jpg;https://ei.phncdn.com/videos/202312/18/444975481/original/(m=eaf8GgaaaWavb)(mh=wiWxepg6a1hzCRn-)6.jpg;https://ei.phncdn.com/videos/202312/18/444975481/original/(m=eaf8GgaaaWavb)(mh=wiWxepg6a1hzCRn-)7.jpg;https://ei.phncdn.com/videos/202312/18/444975481/original/(m=eaf8GgaaaWavb)(mh=wiWxepg6a1hzCRn-)8.jpg;https://ei.phncdn.com/videos/202312/18/444975481/original/(m=eaf8GgaaaWavb)(mh=wiWxepg6a1hzCRn-)9.jpg;https://ei.phncdn.com/videos/202312/18/444975481/original/(m=eaf8GgaaaWavb)(mh=wiWxepg6a1hzCRn-)10.jpg;https://ei.phncdn.com/videos/202312/18/444975481/original/(m=eaf8GgaaaWavb)(mh=wiWxepg6a1hzCRn-)11.jpg;https://ei.phncdn.com/videos/202312/18/444975481/original/(m=eaf8GgaaaWavb)(mh=wiWxepg6a1hzCRn-)12.jpg;https://ei.phncdn.com/videos/202312/18/444975481/original/(m=eaf8GgaaaWavb)(mh=wiWxepg6a1hzCRn-)13.jpg;https://ei.phncdn.com/videos/202312/18/444975481/original/(m=eaf8GgaaaWavb)(mh=wiWxepg6a1hzCRn-)14.jpg;https://ei.phncdn.com/videos/202312/18/444975481/original/(m=eaf8GgaaaWavb)(mh=wiWxepg6a1hzCRn-)15.jpg;https://ei.phncdn.com/videos/202312/18/444975481/original/(m=eaf8GgaaaWavb)(mh=wiWxepg6a1hzCRn-)16.jpg|Can’t wait to see you naked!|naked;pink-pussy|Pussy Licking;Verified Amateurs;Solo Female;Vertical Video||13|1516|12|1|https://ei.phncdn.com/videos/202312/18/444975481/original/(m=eaAaGwObaaamqv)(mh=fEm3DytG4QFBAoBk)11.jpg|https://ei.phncdn.com/videos/202312/18/444975481/original/(m=eaAaGwObaaamqv)(mh=fEm3DytG4QFBAoBk)1.jpg;https://ei.phncdn.com/videos/202312/18/444975481/original/(m=eaAaGwObaaamqv)(mh=fEm3DytG4QFBAoBk)2.jpg;https://ei.phncdn.com/videos/202312/18/444975481/original/(m=eaAaGwObaaamqv)(mh=fEm3DytG4QFBAoBk)3.jpg;https://ei.phncdn.com/videos/202312/18/444975481/original/(m=eaAaGwObaaamqv)(mh=fEm3DytG4QFBAoBk)4.jpg;https://ei.phncdn.com/videos/202312/18/444975481/original/(m=eaAaGwObaaamqv)(mh=fEm3DytG4QFBAoBk)5.jpg;https://ei.phncdn.com/videos/202312/18/444975481/original/(m=eaAaGwObaaamqv)(mh=fEm3DytG4QFBAoBk)6.jpg;https://ei.phncdn.com/videos/202312/18/444975481/original/(m=eaAaGwObaaamqv)(mh=fEm3DytG4QFBAoBk)7.jpg;https://ei.phncdn.com/videos/202312/18/444975481/original/(m=eaAaGwObaaamqv)(mh=fEm3DytG4QFBAoBk)8.jpg;https://ei.phncdn.com/videos/202312/18/444975481/original/(m=eaAaGwObaaamqv)(mh=fEm3DytG4QFBAoBk)9.jpg;https://ei.phncdn.com/videos/202312/18/444975481/original/(m=eaAaGwObaaamqv)(mh=fEm3DytG4QFBAoBk)10.jpg;https://ei.phncdn.com/videos/202312/18/444975481/original/(m=eaAaGwObaaamqv)(mh=fEm3DytG4QFBAoBk)11.jpg;https://ei.phncdn.com/videos/202312/18/444975481/original/(m=eaAaGwObaaamqv)(mh=fEm3DytG4QFBAoBk)12.jpg;https://ei.phncdn.com/videos/202312/18/444975481/original/(m=eaAaGwObaaamqv)(mh=fEm3DytG4QFBAoBk)13.jpg;https://ei.phncdn.com/videos/202312/18/444975481/original/(m=eaAaGwObaaamqv)(mh=fEm3DytG4QFBAoBk)14.jpg;https://ei.phncdn.com/videos/202312/18/444975481/original/(m=eaAaGwObaaamqv)(mh=fEm3DytG4QFBAoBk)15.jpg;https://ei.phncdn.com/videos/202312/18/444975481/original/(m=eaAaGwObaaamqv)(mh=fEm3DytG4QFBAoBk)16.jpg
<iframe src="https://www.pornhub.com/embed/65ad071366c96" frameborder="0" height="481" width="608" scrolling="no"></iframe>|https://ei.phncdn.com/videos/202401/21/446879941/original/(m=eaf8GgaaaWavb)(mh=IphI31i3OPL4hiiy)12.jpg|https://ei.phncdn.com/videos/202401/21/446879941/original/(m=eaf8GgaaaWavb)(mh=IphI31i3OPL4hiiy)1.jpg;https://ei.phncdn.com/videos/202401/21/446879941/original/(m=eaf8GgaaaWavb)(mh=IphI31i3OPL4hiiy)2.jpg;https://ei.phncdn.com/videos/202401/21/446879941/original/(m=eaf8GgaaaWavb)(mh=IphI31i3OPL4hiiy)3.jpg;https://ei.phncdn.com/videos/202401/21/446879941/original/(m=eaf8GgaaaWavb)(mh=IphI31i3OPL4hiiy)4.jpg;https://ei.phncdn.com/videos/202401/21/446879941/original/(m=eaf8GgaaaWavb)(mh=IphI31i3OPL4hiiy)5.jpg;https://ei.phncdn.com/videos/202401/21/446879941/original/(m=eaf8GgaaaWavb)(mh=IphI31i3OPL4hiiy)6.jpg;https://ei.phncdn.com/videos/202401/21/446879941/original/(m=eaf8GgaaaWavb)(mh=IphI31i3OPL4hiiy)7.jpg;https://ei.phncdn.com/videos/202401/21/446879941/original/(m=eaf8GgaaaWavb)(mh=IphI31i3OPL4hiiy)8.jpg;https://ei.phncdn.com/videos/202401/21/446879941/original/(m=eaf8GgaaaWavb)(mh=IphI31i3OPL4hiiy)9.jpg;https://ei.phncdn.com/videos/202401/21/446879941/original/(m=eaf8GgaaaWavb)(mh=IphI31i3OPL4hiiy)10.jpg;https://ei.phncdn.com/videos/202401/21/446879941/original/(m=eaf8GgaaaWavb)(mh=IphI31i3OPL4hiiy)11.jpg;https://ei.phncdn.com/videos/202401/21/446879941/original/(m=eaf8GgaaaWavb)(mh=IphI31i3OPL4hiiy)12.jpg;https://ei.phncdn.com/videos/202401/21/446879941/original/(m=eaf8GgaaaWavb)(mh=IphI31i3OPL4hiiy)13.jpg;https://ei.phncdn.com/videos/202401/21/446879941/original/(m=eaf8GgaaaWavb)(mh=IphI31i3OPL4hiiy)14.jpg;https://ei.phncdn.com/videos/202401/21/446879941/original/(m=eaf8GgaaaWavb)(mh=IphI31i3OPL4hiiy)15.jpg;https://ei.phncdn.com/videos/202401/21/446879941/original/(m=eaf8GgaaaWavb)(mh=IphI31i3OPL4hiiy)16.jpg|Perfect body blonde gets fucked|culo-perfecto;rubias;big-dick-small-pussy;pornhub;blonde;big-ass|Pussy Licking;Cosplay||75|139978|315|85|https://ei.phncdn.com/videos/202401/21/446879941/original/(m=eaAaGwObaaamqv)(mh=MAudrbNb6Ij0Guhl)12.jpg|https://ei.phncdn.com/videos/202401/21/446879941/original/(m=eaAaGwObaaamqv)(mh=MAudrbNb6Ij0Guhl)1.jpg;https://ei.phncdn.com/videos/202401/21/446879941/original/(m=eaAaGwObaaamqv)(mh=MAudrbNb6Ij0Guhl)2.jpg;https://ei.phncdn.com/videos/202401/21/446879941/original/(m=eaAaGwObaaamqv)(mh=MAudrbNb6Ij0Guhl)3.jpg;https://ei.phncdn.com/videos/202401/21/446879941/original/(m=eaAaGwObaaamqv)(mh=MAudrbNb6Ij0Guhl)4.jpg;https://ei.phncdn.com/videos/202401/21/446879941/original/(m=eaAaGwObaaamqv)(mh=MAudrbNb6Ij0Guhl)5.jpg;https://ei.phncdn.com/videos/202401/21/446879941/original/(m=eaAaGwObaaamqv)(mh=MAudrbNb6Ij0Guhl)6.jpg;https://ei.phncdn.com/videos/202401/21/446879941/original/(m=eaAaGwObaaamqv)(mh=MAudrbNb6Ij0Guhl)7.jpg;https://ei.phncdn.com/videos/202401/21/446879941/original/(m=eaAaGwObaaamqv)(mh=MAudrbNb6Ij0Guhl)8.jpg;https://ei.phncdn.com/videos/202401/21/446879941/original/(m=eaAaGwObaaamqv)(mh=MAudrbNb6Ij0Guhl)9.jpg;https://ei.phncdn.com/videos/202401/21/446879941/original/(m=eaAaGwObaaamqv)(mh=MAudrbNb6Ij0Guhl)10.jpg;https://ei.phncdn.com/videos/202401/21/446879941/original/(m=eaAaGwObaaamqv)(mh=MAudrbNb6Ij0Guhl)11.jpg;https://ei.phncdn.com/videos/202401/21/446879941/original/(m=eaAaGwObaaamqv)(mh=MAudrbNb6Ij0Guhl)12.jpg;https://ei.phncdn.com/videos/202401/21/446879941/original/(m=eaAaGwObaaamqv)(mh=MAudrbNb6Ij0Guhl)13.jpg;https://ei.phncdn.com/videos/202401/21/446879941/original/(m=eaAaGwObaaamqv)(mh=MAudrbNb6Ij0Guhl)14.jpg;https://ei.phncdn.com/videos/202401/21/446879941/original/(m=eaAaGwObaaamqv)(mh=MAudrbNb6Ij0Guhl)15.jpg;https://ei.phncdn.com/videos/202401/21/446879941/original/(m=eaAaGwObaaamqv)(mh=MAudrbNb6Ij0Guhl)16.jpg
<iframe src="https://www.pornhub.com/embed/65ad582accc81" frameborder="0" height="481" width="608" scrolling="no"></iframe>|https://ei.phncdn.com/videos/202401/21/446894091/original/(m=eaf8GgaaaWavb)(mh=_6TZM2195aEuZ52f)7.jpg|https://ei.phncdn.com/videos/202401/21/446894091/original/(m=eaf8GgaaaWavb)(mh=_6TZM2195aEuZ52f)1.jpg;https://ei.phncdn.com/videos/202401/21/446894091/original/(m=eaf8GgaaaWavb)(mh=_6TZM2195aEuZ52f)2.jpg;https://ei.phncdn.com/videos/202401/21/446894091/original/(m=eaf8GgaaaWavb)(mh=_6TZM2195aEuZ52f)3.jpg;https://ei.phncdn.com/videos/202401/21/446894091/original/(m=eaf8GgaaaWavb)(mh=_6TZM2195aEuZ52f)4.jpg;https://ei.phncdn.com/videos/202401/21/446894091/original/(m=eaf8GgaaaWavb)(mh=_6TZM2195aEuZ52f)5.jpg;https://ei.phncdn.com/videos/202401/21/446894091/original/(m=eaf8GgaaaWavb)(mh=_6TZM2195aEuZ52f)6.jpg;https://ei.phncdn.com/videos/202401/21/446894091/original/(m=eaf8GgaaaWavb)(mh=_6TZM2195aEuZ52f)7.jpg;https://ei.phncdn.com/videos/202401/21/446894091/original/(m=eaf8GgaaaWavb)(mh=_6TZM2195aEuZ52f)8.jpg;https://ei.phncdn.com/videos/202401/21/446894091/original/(m=eaf8GgaaaWavb)(mh=_6TZM2195aEuZ52f)9.jpg;https://ei.phncdn.com/videos/202401/21/446894091/original/(m=eaf8GgaaaWavb)(mh=_6TZM2195aEuZ52f)10.jpg;https://ei.phncdn.com/videos/202401/21/446894091/original/(m=eaf8GgaaaWavb)(mh=_6TZM2195aEuZ52f)11.jpg;https://ei.phncdn.com/videos/202401/21/446894091/original/(m=eaf8GgaaaWavb)(mh=_6TZM2195aEuZ52f)12.jpg;https://ei.phncdn.com/videos/202401/21/446894091/original/(m=eaf8GgaaaWavb)(mh=_6TZM2195aEuZ52f)13.jpg;https://ei.phncdn.com/videos/202401/21/446894091/original/(m=eaf8GgaaaWavb)(mh=_6TZM2195aEuZ52f)14.jpg;https://ei.phncdn.com/videos/202401/21/446894091/original/(m=eaf8GgaaaWavb)(mh=_6TZM2195aEuZ52f)15.jpg;https://ei.phncdn.com/videos/202401/21/446894091/original/(m=eaf8GgaaaWavb)(mh=_6TZM2195aEuZ52f)16.jpg|Hazel Sincaid Facesitting (Preview)|facesitting;glasses;mesh;bodysuit;pov;ass;ass-shaking;thick-thighs;hairy-pussy;meaty-pussy;ass-spreading;big-ass;fat-ass;dirty-talk;moaning;ass-grabbing|Pussy Licking;Verified Amateurs;Solo Female||59|3850|36|1|https://ei.phncdn.com/videos/202401/21/446894091/original/(m=eaAaGwObaaamqv)(mh=S5UN55onFL1JqSVa)7.jpg|https://ei.phncdn.com/videos/202401/21/446894091/original/(m=eaAaGwObaaamqv)(mh=S5UN55onFL1JqSVa)1.jpg;https://ei.phncdn.com/videos/202401/21/446894091/original/(m=eaAaGwObaaamqv)(mh=S5UN55onFL1JqSVa)2.jpg;https://ei.phncdn.com/videos/202401/21/446894091/original/(m=eaAaGwObaaamqv)(mh=S5UN55onFL1JqSVa)3.jpg;https://ei.phncdn.com/videos/202401/21/446894091/original/(m=eaAaGwObaaamqv)(mh=S5UN55onFL1JqSVa)4.jpg;https://ei.phncdn.com/videos/202401/21/446894091/original/(m=eaAaGwObaaamqv)(mh=S5UN55onFL1JqSVa)5.jpg;https://ei.phncdn.com/videos/202401/21/446894091/original/(m=eaAaGwObaaamqv)(mh=S5UN55onFL1JqSVa)6.jpg;https://ei.phncdn.com/videos/202401/21/446894091/original/(m=eaAaGwObaaamqv)(mh=S5UN55onFL1JqSVa)7.jpg;https://ei.phncdn.com/videos/202401/21/446894091/original/(m=eaAaGwObaaamqv)(mh=S5UN55onFL1JqSVa)8.jpg;https://ei.phncdn.com/videos/202401/21/446894091/original/(m=eaAaGwObaaamqv)(mh=S5UN55onFL1JqSVa)9.jpg;https://ei.phncdn.com/videos/202401/21/446894091/original/(m=eaAaGwObaaamqv)(mh=S5UN55onFL1JqSVa)10.jpg;https://ei.phncdn.com/videos/202401/21/446894091/original/(m=eaAaGwObaaamqv)(mh=S5UN55onFL1JqSVa)11.jpg;https://ei.phncdn.com/videos/202401/21/446894091/original/(m=eaAaGwObaaamqv)(mh=S5UN55onFL1JqSVa)12.jpg;https://ei.phncdn.com/videos/202401/21/446894091/original/(m=eaAaGwObaaamqv)(mh=S5UN55onFL1JqSVa)13.jpg;https://ei.phncdn.com/videos/202401/21/446894091/original/(m=eaAaGwObaaamqv)(mh=S5UN55onFL1JqSVa)14.jpg;https://ei.phncdn.com/videos/202401/21/446894091/original/(m=eaAaGwObaaamqv)(mh=S5UN55onFL1JqSVa)15.jpg;https://ei.phncdn.com/videos/202401/21/446894091/original/(m=eaAaGwObaaamqv)(mh=S5UN55onFL1JqSVa)16.jpg
<iframe src="https://www.pornhub.com/embed/65d6348a1d029" frameborder="0" height="481" width="608" scrolling="no"></iframe>|https://ei.phncdn.com/videos/202402/21/448489341/original/(m=eaf8GgaaaWavb)(mh=mrMdxmlZeEN_3O9H)2.jpg|https://ei.phncdn.com/videos/202402/21/448489341/original/(m=eaf8GgaaaWavb)(mh=mrMdxmlZeEN_3O9H)1.jpg;https://ei.phncdn.com/videos/202402/21/448489341/original/(m=eaf8GgaaaWavb)(mh=mrMdxmlZeEN_3O9H)2.jpg;https://ei.phncdn.com/videos/202402/21/448489341/original/(m=eaf8GgaaaWavb)(mh=mrMdxmlZeEN_3O9H)3.jpg;https://ei.phncdn.com/videos/202402/21/448489341/original/(m=eaf8GgaaaWavb)(mh=mrMdxmlZeEN_3O9H)4.jpg;https://ei.phncdn.com/videos/202402/21/448489341/original/(m=eaf8GgaaaWavb)(mh=mrMdxmlZeEN_3O9H)5.jpg;https://ei.phncdn.com/videos/202402/21/448489341/original/(m=eaf8GgaaaWavb)(mh=mrMdxmlZeEN_3O9H)6.jpg;https://ei.phncdn.com/videos/202402/21/448489341/original/(m=eaf8GgaaaWavb)(mh=mrMdxmlZeEN_3O9H)7.jpg;https://ei.phncdn.com/videos/202402/21/448489341/original/(m=eaf8GgaaaWavb)(mh=mrMdxmlZeEN_3O9H)8.jpg;https://ei.phncdn.com/videos/202402/21/448489341/original/(m=eaf8GgaaaWavb)(mh=mrMdxmlZeEN_3O9H)9.jpg;https://ei.phncdn.com/videos/202402/21/448489341/original/(m=eaf8GgaaaWavb)(mh=mrMdxmlZeEN_3O9H)10.jpg;https://ei.phncdn.com/videos/202402/21/448489341/original/(m=eaf8GgaaaWavb)(mh=mrMdxmlZeEN_3O9H)11.jpg;https://ei.phncdn.com/videos/202402/21/448489341/original/(m=eaf8GgaaaWavb)(mh=mrMdxmlZeEN_3O9H)12.jpg;https://ei.phncdn.com/videos/202402/21/448489341/original/(m=eaf8GgaaaWavb)(mh=mrMdxmlZeEN_3O9H)13.jpg;https://ei.phncdn.com/videos/202402/21/448489341/original/(m=eaf8GgaaaWavb)(mh=mrMdxmlZeEN_3O9H)14.jpg;https://ei.phncdn.com/videos/202402/21/448489341/original/(m=eaf8GgaaaWavb)(mh=mrMdxmlZeEN_3O9H)15.jpg;https://ei.phncdn.com/videos/202402/21/448489341/original/(m=eaf8GgaaaWavb)(mh=mrMdxmlZeEN_3O9H)16.jpg|Here kitty kitty|solo-girl;caught-masturbating|Pussy Licking;Verified Amateurs;Solo Female;Female Orgasm||388|389|4|2|https://ei.phncdn.com/videos/202402/21/448489341/original/(m=eaAaGwObaaamqv)(mh=YgdEi2J8syQTLPJ_)2.jpg|https://ei.phncdn.com/videos/202402/21/448489341/original/(m=eaAaGwObaaamqv)(mh=YgdEi2J8syQTLPJ_)1.jpg;https://ei.phncdn.com/videos/202402/21/448489341/original/(m=eaAaGwObaaamqv)(mh=YgdEi2J8syQTLPJ_)2.jpg;https://ei.phncdn.com/videos/202402/21/448489341/original/(m=eaAaGwObaaamqv)(mh=YgdEi2J8syQTLPJ_)3.jpg;https://ei.phncdn.com/videos/202402/21/448489341/original/(m=eaAaGwObaaamqv)(mh=YgdEi2J8syQTLPJ_)4.jpg;https://ei.phncdn.com/videos/202402/21/448489341/original/(m=eaAaGwObaaamqv)(mh=YgdEi2J8syQTLPJ_)5.jpg;https://ei.phncdn.com/videos/202402/21/448489341/original/(m=eaAaGwObaaamqv)(mh=YgdEi2J8syQTLPJ_)6.jpg;https://ei.phncdn.com/videos/202402/21/448489341/original/(m=eaAaGwObaaamqv)(mh=YgdEi2J8syQTLPJ_)7.jpg;https://ei.phncdn.com/videos/202402/21/448489341/original/(m=eaAaGwObaaamqv)(mh=YgdEi2J8syQTLPJ_)8.jpg;https://ei.phncdn.com/videos/202402/21/448489341/original/(m=eaAaGwObaaamqv)(mh=YgdEi2J8syQTLPJ_)9.jpg;https://ei.phncdn.com/videos/202402/21/448489341/original/(m=eaAaGwObaaamqv)(mh=YgdEi2J8syQTLPJ_)10.jpg;https://ei.phncdn.com/videos/202402/21/448489341/original/(m=eaAaGwObaaamqv)(mh=YgdEi2J8syQTLPJ_)11.jpg;https://ei.phncdn.com/videos/202402/21/448489341/original/(m=eaAaGwObaaamqv)(mh=YgdEi2J8syQTLPJ_)12.jpg;https://ei.phncdn.com/videos/202402/21/448489341/original/(m=eaAaGwObaaamqv)(mh=YgdEi2J8syQTLPJ_)13.jpg;https://ei.phncdn.com/videos/202402/21/448489341/original/(m=eaAaGwObaaamqv)(mh=YgdEi2J8syQTLPJ_)14.jpg;https://ei.phncdn.com/videos/202402/21/448489341/original/(m=eaAaGwObaaamqv)(mh=YgdEi2J8syQTLPJ_)15.jpg;https://ei.phncdn.com/videos/202402/21/448489341/original/(m=eaAaGwObaaamqv)(mh=YgdEi2J8syQTLPJ_)16.jpg
<iframe src="https://www.pornhub.com/embed/667198d0bcd66" frameborder="0" height="481" width="608" scrolling="no"></iframe>|https://ei.phncdn.com/videos/202406/18/453984521/original/(m=eaf8GgaaaWavb)(mh=C4bnXZIf905cUbR-)10.jpg|https://ei.phncdn.com/videos/202406/18/453984521/original/(m=eaf8GgaaaWavb)(mh=C4bnXZIf905cUbR-)1.jpg;https://ei.phncdn.com/videos/202406/18/453984521/original/(m=eaf8GgaaaWavb)(mh=C4bnXZIf905cUbR-)2.jpg;https://ei.phncdn.com/videos/202406/18/453984521/original/(m=eaf8GgaaaWavb)(mh=C4bnXZIf905cUbR-)3.jpg;https://ei.phncdn.com/videos/202406/18/453984521/original/(m=eaf8GgaaaWavb)(mh=C4bnXZIf905cUbR-)4.jpg;https://ei.phncdn.com/videos/202406/18/453984521/original/(m=eaf8GgaaaWavb)(mh=C4bnXZIf905cUbR-)5.jpg;https://ei.phncdn.com/videos/202406/18/453984521/original/(m=eaf8GgaaaWavb)(mh=C4bnXZIf905cUbR-)6.jpg;https://ei.phncdn.com/videos/202406/18/453984521/original/(m=eaf8GgaaaWavb)(mh=C4bnXZIf905cUbR-)7.jpg;https://ei.phncdn.com/videos/202406/18/453984521/original/(m=eaf8GgaaaWavb)(mh=C4bnXZIf905cUbR-)8.jpg;https://ei.phncdn.com/videos/202406/18/453984521/original/(m=eaf8GgaaaWavb)(mh=C4bnXZIf905cUbR-)9.jpg;https://ei.phncdn.com/videos/202406/18/453984521/original/(m=eaf8GgaaaWavb)(mh=C4bnXZIf905cUbR-)10.jpg;https://ei.phncdn.com/videos/202406/18/453984521/original/(m=eaf8GgaaaWavb)(mh=C4bnXZIf905cUbR-)11.jpg;https://ei.phncdn.com/videos/202406/18/453984521/original/(m=eaf8GgaaaWavb)(mh=C4bnXZIf905cUbR-)12.jpg;https://ei.phncdn.com/videos/202406/18/453984521/original/(m=eaf8GgaaaWavb)(mh=C4bnXZIf905cUbR-)13.jpg;https://ei.phncdn.com/videos/202406/18/453984521/original/(m=eaf8GgaaaWavb)(mh=C4bnXZIf905cUbR-)14.jpg;https://ei.phncdn.com/videos/202406/18/453984521/original/(m=eaf8GgaaaWavb)(mh=C4bnXZIf905cUbR-)15.jpg;https://ei.phncdn.com/videos/202406/18/453984521/original/(m=eaf8GgaaaWavb)(mh=C4bnXZIf905cUbR-)16.jpg|Elugodoy wet|wet-pussy;elugodoy;argentina;argentina-casero|Pussy Licking;Verified Amateurs;Female Orgasm;Vertical Video||125|2655|33|0|https://ei.phncdn.com/videos/202406/18/453984521/original/(m=eaAaGwObaaamqv)(mh=gT8oG8nILpC0i-az)10.jpg|https://ei.phncdn.com/videos/202406/18/453984521/original/(m=eaAaGwObaaamqv)(mh=gT8oG8nILpC0i-az)1.jpg;https://ei.phncdn.com/videos/202406/18/453984521/original/(m=eaAaGwObaaamqv)(mh=gT8oG8nILpC0i-az)2.jpg;https://ei.phncdn.com/videos/202406/18/453984521/original/(m=eaAaGwObaaamqv)(mh=gT8oG8nILpC0i-az)3.jpg;https://ei.phncdn.com/videos/202406/18/453984521/original/(m=eaAaGwObaaamqv)(mh=gT8oG8nILpC0i-az)4.jpg;https://ei.phncdn.com/videos/202406/18/453984521/original/(m=eaAaGwObaaamqv)(mh=gT8oG8nILpC0i-az)5.jpg;https://ei.phncdn.com/videos/202406/18/453984521/original/(m=eaAaGwObaaamqv)(mh=gT8oG8nILpC0i-az)6.jpg;https://ei.phncdn.com/videos/202406/18/453984521/original/(m=eaAaGwObaaamqv)(mh=gT8oG8nILpC0i-az)7.jpg;https://ei.phncdn.com/videos/202406/18/453984521/original/(m=eaAaGwObaaamqv)(mh=gT8oG8nILpC0i-az)8.jpg;https://ei.phncdn.com/videos/202406/18/453984521/original/(m=eaAaGwObaaamqv)(mh=gT8oG8nILpC0i-az)9.jpg;https://ei.phncdn.com/videos/202406/18/453984521/original/(m=eaAaGwObaaamqv)(mh=gT8oG8nILpC0i-az)10.jpg;https://ei.phncdn.com/videos/202406/18/453984521/original/(m=eaAaGwObaaamqv)(mh=gT8oG8nILpC0i-az)11.jpg;https://ei.phncdn.com/videos/202406/18/453984521/original/(m=eaAaGwObaaamqv)(mh=gT8oG8nILpC0i-az)12.jpg;https://ei.phncdn.com/videos/202406/18/453984521/original/(m=eaAaGwObaaamqv)(mh=gT8oG8nILpC0i-az)13.jpg;https://ei.phncdn.com/videos/202406/18/453984521/original/(m=eaAaGwObaaamqv)(mh=gT8oG8nILpC0i-az)14.jpg;https://ei.phncdn.com/videos/202406/18/453984521/original/(m=eaAaGwObaaamqv)(mh=gT8oG8nILpC0i-az)15.jpg;https://ei.phncdn.com/videos/202406/18/453984521/original/(m=eaAaGwObaaamqv)(mh=gT8oG8nILpC0i-az)16.jpg
<iframe src="https://www.pornhub.com/embed/6674e1f340d1a" frameborder="0" height="481" width="608" scrolling="no"></iframe>|https://ei.phncdn.com/videos/202406/21/454110661/original/(m=eaf8GgaaaWavb)(mh=DAPR1mqURbX66YML)15.jpg|https://ei.phncdn.com/videos/202406/21/454110661/original/(m=eaf8GgaaaWavb)(mh=DAPR1mqURbX66YML)1.jpg;https://ei.phncdn.com/videos/202406/21/454110661/original/(m=eaf8GgaaaWavb)(mh=DAPR1mqURbX66YML)2.jpg;https://ei.phncdn.com/videos/202406/21/454110661/original/(m=eaf8GgaaaWavb)(mh=DAPR1mqURbX66YML)3.jpg;https://ei.phncdn.com/videos/202406/21/454110661/original/(m=eaf8GgaaaWavb)(mh=DAPR1mqURbX66YML)4.jpg;https://ei.phncdn.com/videos/202406/21/454110661/original/(m=eaf8GgaaaWavb)(mh=DAPR1mqURbX66YML)5.jpg;https://ei.phncdn.com/videos/202406/21/454110661/original/(m=eaf8GgaaaWavb)(mh=DAPR1mqURbX66YML)6.jpg;https://ei.phncdn.com/videos/202406/21/454110661/original/(m=eaf8GgaaaWavb)(mh=DAPR1mqURbX66YML)7.jpg;https://ei.phncdn.com/videos/202406/21/454110661/original/(m=eaf8GgaaaWavb)(mh=DAPR1mqURbX66YML)8.jpg;https://ei.phncdn.com/videos/202406/21/454110661/original/(m=eaf8GgaaaWavb)(mh=DAPR1mqURbX66YML)9.jpg;https://ei.phncdn.com/videos/202406/21/454110661/original/(m=eaf8GgaaaWavb)(mh=DAPR1mqURbX66YML)10.jpg;https://ei.phncdn.com/videos/202406/21/454110661/original/(m=eaf8GgaaaWavb)(mh=DAPR1mqURbX66YML)11.jpg;https://ei.phncdn.com/videos/202406/21/454110661/original/(m=eaf8GgaaaWavb)(mh=DAPR1mqURbX66YML)12.jpg;https://ei.phncdn.com/videos/202406/21/454110661/original/(m=eaf8GgaaaWavb)(mh=DAPR1mqURbX66YML)13.jpg;https://ei.phncdn.com/videos/202406/21/454110661/original/(m=eaf8GgaaaWavb)(mh=DAPR1mqURbX66YML)14.jpg;https://ei.phncdn.com/videos/202406/21/454110661/original/(m=eaf8GgaaaWavb)(mh=DAPR1mqURbX66YML)15.jpg;https://ei.phncdn.com/videos/202406/21/454110661/original/(m=eaf8GgaaaWavb)(mh=DAPR1mqURbX66YML)16.jpg|Jeanie Marie Sullivan an uninhibited woman gets her pussy filled|pornaamazing;shaving-pussy;tattooed-women;fingering;shaved-pussy;pussy-licking;pornstar|Pussy Licking;Tattooed Women||1396|21|2|0|https://ei.phncdn.com/videos/202406/21/454110661/original/(m=eaAaGwObaaamqv)(mh=RUaOd8j0o4ODfJXq)15.jpg|https://ei.phncdn.com/videos/202406/21/454110661/original/(m=eaAaGwObaaamqv)(mh=RUaOd8j0o4ODfJXq)1.jpg;https://ei.phncdn.com/videos/202406/21/454110661/original/(m=eaAaGwObaaamqv)(mh=RUaOd8j0o4ODfJXq)2.jpg;https://ei.phncdn.com/videos/202406/21/454110661/original/(m=eaAaGwObaaamqv)(mh=RUaOd8j0o4ODfJXq)3.jpg;https://ei.phncdn.com/videos/202406/21/454110661/original/(m=eaAaGwObaaamqv)(mh=RUaOd8j0o4ODfJXq)4.jpg;https://ei.phncdn.com/videos/202406/21/454110661/original/(m=eaAaGwObaaamqv)(mh=RUaOd8j0o4ODfJXq)5.jpg;https://ei.phncdn.com/videos/202406/21/454110661/original/(m=eaAaGwObaaamqv)(mh=RUaOd8j0o4ODfJXq)6.jpg;https://ei.phncdn.com/videos/202406/21/454110661/original/(m=eaAaGwObaaamqv)(mh=RUaOd8j0o4ODfJXq)7.jpg;https://ei.phncdn.com/videos/202406/21/454110661/original/(m=eaAaGwObaaamqv)(mh=RUaOd8j0o4ODfJXq)8.jpg;https://ei.phncdn.com/videos/202406/21/454110661/original/(m=eaAaGwObaaamqv)(mh=RUaOd8j0o4ODfJXq)9.jpg;https://ei.phncdn.com/videos/202406/21/454110661/original/(m=eaAaGwObaaamqv)(mh=RUaOd8j0o4ODfJXq)10.jpg;https://ei.phncdn.com/videos/202406/21/454110661/original/(m=eaAaGwObaaamqv)(mh=RUaOd8j0o4ODfJXq)11.jpg;https://ei.phncdn.com/videos/202406/21/454110661/original/(m=eaAaGwObaaamqv)(mh=RUaOd8j0o4ODfJXq)12.jpg;https://ei.phncdn.com/videos/202406/21/454110661/original/(m=eaAaGwObaaamqv)(mh=RUaOd8j0o4ODfJXq)13.jpg;https://ei.phncdn.com/videos/202406/21/454110661/original/(m=eaAaGwObaaamqv)(mh=RUaOd8j0o4ODfJXq)14.jpg;https://ei.phncdn.com/videos/202406/21/454110661/original/(m=eaAaGwObaaamqv)(mh=RUaOd8j0o4ODfJXq)15.jpg;https://ei.phncdn.com/videos/202406/21/454110661/original/(m=eaAaGwObaaamqv)(mh=RUaOd8j0o4ODfJXq)16.jpg
<iframe src="https://www.pornhub.com/embed/667c716f98696" frameborder="0" height="481" width="608" scrolling="no"></iframe>|https://ei.phncdn.com/videos/202406/26/454384381/original/(m=eaf8GgaaaWavb)(mh=Y6CNzPnuAz2-xdxb)12.jpg|https://ei.phncdn.com/videos/202406/26/454384381/original/(m=eaf8GgaaaWavb)(mh=Y6CNzPnuAz2-xdxb)1.jpg;https://ei.phncdn.com/videos/202406/26/454384381/original/(m=eaf8GgaaaWavb)(mh=Y6CNzPnuAz2-xdxb)2.jpg;https://ei.phncdn.com/videos/202406/26/454384381/original/(m=eaf8GgaaaWavb)(mh=Y6CNzPnuAz2-xdxb)3.jpg;https://ei.phncdn.com/videos/202406/26/454384381/original/(m=eaf8GgaaaWavb)(mh=Y6CNzPnuAz2-xdxb)4.jpg;https://ei.phncdn.com/videos/202406/26/454384381/original/(m=eaf8GgaaaWavb)(mh=Y6CNzPnuAz2-xdxb)5.jpg;https://ei.phncdn.com/videos/202406/26/454384381/original/(m=eaf8GgaaaWavb)(mh=Y6CNzPnuAz2-xdxb)6.jpg;https://ei.phncdn.com/videos/202406/26/454384381/original/(m=eaf8GgaaaWavb)(mh=Y6CNzPnuAz2-xdxb)7.jpg;https://ei.phncdn.com/videos/202406/26/454384381/original/(m=eaf8GgaaaWavb)(mh=Y6CNzPnuAz2-xdxb)8.jpg;https://ei.phncdn.com/videos/202406/26/454384381/original/(m=eaf8GgaaaWavb)(mh=Y6CNzPnuAz2-xdxb)9.jpg;https://ei.phncdn.com/videos/202406/26/454384381/original/(m=eaf8GgaaaWavb)(mh=Y6CNzPnuAz2-xdxb)10.jpg;https://ei.phncdn.com/videos/202406/26/454384381/original/(m=eaf8GgaaaWavb)(mh=Y6CNzPnuAz2-xdxb)11.jpg;https://ei.phncdn.com/videos/202406/26/454384381/original/(m=eaf8GgaaaWavb)(mh=Y6CNzPnuAz2-xdxb)12.jpg;https://ei.phncdn.com/videos/202406/26/454384381/original/(m=eaf8GgaaaWavb)(mh=Y6CNzPnuAz2-xdxb)13.jpg;https://ei.phncdn.com/videos/202406/26/454384381/original/(m=eaf8GgaaaWavb)(mh=Y6CNzPnuAz2-xdxb)14.jpg;https://ei.phncdn.com/videos/202406/26/454384381/original/(m=eaf8GgaaaWavb)(mh=Y6CNzPnuAz2-xdxb)15.jpg;https://ei.phncdn.com/videos/202406/26/454384381/original/(m=eaf8GgaaaWavb)(mh=Y6CNzPnuAz2-xdxb)16.jpg|QUE HUMEDA ESTOY|free-sex-videos;caliente|Pussy Licking;Verified Amateurs;Solo Female||71|384|7|0|https://ei.phncdn.com/videos/202406/26/454384381/original/(m=eaAaGwObaaamqv)(mh=7RbI0Yo1YjEbFIMe)12.jpg|https://ei.phncdn.com/videos/202406/26/454384381/original/(m=eaAaGwObaaamqv)(mh=7RbI0Yo1YjEbFIMe)1.jpg;https://ei.phncdn.com/videos/202406/26/454384381/original/(m=eaAaGwObaaamqv)(mh=7RbI0Yo1YjEbFIMe)2.jpg;https://ei.phncdn.com/videos/202406/26/454384381/original/(m=eaAaGwObaaamqv)(mh=7RbI0Yo1YjEbFIMe)3.jpg;https://ei.phncdn.com/videos/202406/26/454384381/original/(m=eaAaGwObaaamqv)(mh=7RbI0Yo1YjEbFIMe)4.jpg;https://ei.phncdn.com/videos/202406/26/454384381/original/(m=eaAaGwObaaamqv)(mh=7RbI0Yo1YjEbFIMe)5.jpg;https://ei.phncdn.com/videos/202406/26/454384381/original/(m=eaAaGwObaaamqv)(mh=7RbI0Yo1YjEbFIMe)6.jpg;https://ei.phncdn.com/videos/202406/26/454384381/original/(m=eaAaGwObaaamqv)(mh=7RbI0Yo1YjEbFIMe)7.jpg;https://ei.phncdn.com/videos/202406/26/454384381/original/(m=eaAaGwObaaamqv)(mh=7RbI0Yo1YjEbFIMe)8.jpg;https://ei.phncdn.com/videos/202406/26/454384381/original/(m=eaAaGwObaaamqv)(mh=7RbI0Yo1YjEbFIMe)9.jpg;https://ei.phncdn.com/videos/202406/26/454384381/original/(m=eaAaGwObaaamqv)(mh=7RbI0Yo1YjEbFIMe)10.jpg;https://ei.phncdn.com/videos/202406/26/454384381/original/(m=eaAaGwObaaamqv)(mh=7RbI0Yo1YjEbFIMe)11.jpg;https://ei.phncdn.com/videos/202406/26/454384381/original/(m=eaAaGwObaaamqv)(mh=7RbI0Yo1YjEbFIMe)12.jpg;https://ei.phncdn.com/videos/202406/26/454384381/original/(m=eaAaGwObaaamqv)(mh=7RbI0Yo1YjEbFIMe)13.jpg;https://ei.phncdn.com/videos/202406/26/454384381/original/(m=eaAaGwObaaamqv)(mh=7RbI0Yo1YjEbFIMe)14.jpg;https://ei.phncdn.com/videos/202406/26/454384381/original/(m=eaAaGwObaaamqv)(mh=7RbI0Yo1YjEbFIMe)15.jpg;https://ei.phncdn.com/videos/202406/26/454384381/original/(m=eaAaGwObaaamqv)(mh=7RbI0Yo1YjEbFIMe)16.jpg
<iframe src="https://www.pornhub.com/embed/66833d7509424" frameborder="0" height="481" width="608" scrolling="no"></iframe>|https://ei.phncdn.com/videos/202407/01/454616721/original/(m=eaf8GgaaaWavb)(mh=qID2omKwgO2xJEAI)8.jpg|https://ei.phncdn.com/videos/202407/01/454616721/original/(m=eaf8GgaaaWavb)(mh=qID2omKwgO2xJEAI)1.jpg;https://ei.phncdn.com/videos/202407/01/454616721/original/(m=eaf8GgaaaWavb)(mh=qID2omKwgO2xJEAI)2.jpg;https://ei.phncdn.com/videos/202407/01/454616721/original/(m=eaf8GgaaaWavb)(mh=qID2omKwgO2xJEAI)3.jpg;https://ei.phncdn.com/videos/202407/01/454616721/original/(m=eaf8GgaaaWavb)(mh=qID2omKwgO2xJEAI)4.jpg;https://ei.phncdn.com/videos/202407/01/454616721/original/(m=eaf8GgaaaWavb)(mh=qID2omKwgO2xJEAI)5.jpg;https://ei.phncdn.com/videos/202407/01/454616721/original/(m=eaf8GgaaaWavb)(mh=qID2omKwgO2xJEAI)6.jpg;https://ei.phncdn.com/videos/202407/01/454616721/original/(m=eaf8GgaaaWavb)(mh=qID2omKwgO2xJEAI)7.jpg;https://ei.phncdn.com/videos/202407/01/454616721/original/(m=eaf8GgaaaWavb)(mh=qID2omKwgO2xJEAI)8.jpg;https://ei.phncdn.com/videos/202407/01/454616721/original/(m=eaf8GgaaaWavb)(mh=qID2omKwgO2xJEAI)9.jpg;https://ei.phncdn.com/videos/202407/01/454616721/original/(m=eaf8GgaaaWavb)(mh=qID2omKwgO2xJEAI)10.jpg;https://ei.phncdn.com/videos/202407/01/454616721/original/(m=eaf8GgaaaWavb)(mh=qID2omKwgO2xJEAI)11.jpg;https://ei.phncdn.com/videos/202407/01/454616721/original/(m=eaf8GgaaaWavb)(mh=qID2omKwgO2xJEAI)12.jpg;https://ei.phncdn.com/videos/202407/01/454616721/original/(m=eaf8GgaaaWavb)(mh=qID2omKwgO2xJEAI)13.jpg;https://ei.phncdn.com/videos/202407/01/454616721/original/(m=eaf8GgaaaWavb)(mh=qID2omKwgO2xJEAI)14.jpg;https://ei.phncdn.com/videos/202407/01/454616721/original/(m=eaf8GgaaaWavb)(mh=qID2omKwgO2xJEAI)15.jpg;https://ei.phncdn.com/videos/202407/01/454616721/original/(m=eaf8GgaaaWavb)(mh=qID2omKwgO2xJEAI)16.jpg|My girlfriend an experienced woman gets her pussy filled|porntolove;pussy-licking;shaved-pussy;female-orgasm;spanking;fingering;shaving-pussy|Pussy Licking;Female Orgasm||1444|2|||https://ei.phncdn.com/videos/202407/01/454616721/original/(m=eaAaGwObaaamqv)(mh=HyblVBmJVroYc7Ma)8.jpg|https://ei.phncdn.com/videos/202407/01/454616721/original/(m=eaAaGwObaaamqv)(mh=HyblVBmJVroYc7Ma)1.jpg;https://ei.phncdn.com/videos/202407/01/454616721/original/(m=eaAaGwObaaamqv)(mh=HyblVBmJVroYc7Ma)2.jpg;https://ei.phncdn.com/videos/202407/01/454616721/original/(m=eaAaGwObaaamqv)(mh=HyblVBmJVroYc7Ma)3.jpg;https://ei.phncdn.com/videos/202407/01/454616721/original/(m=eaAaGwObaaamqv)(mh=HyblVBmJVroYc7Ma)4.jpg;https://ei.phncdn.com/videos/202407/01/454616721/original/(m=eaAaGwObaaamqv)(mh=HyblVBmJVroYc7Ma)5.jpg;https://ei.phncdn.com/videos/202407/01/454616721/original/(m=eaAaGwObaaamqv)(mh=HyblVBmJVroYc7Ma)6.jpg;https://ei.phncdn.com/videos/202407/01/454616721/original/(m=eaAaGwObaaamqv)(mh=HyblVBmJVroYc7Ma)7.jpg;https://ei.phncdn.com/videos/202407/01/454616721/original/(m=eaAaGwObaaamqv)(mh=HyblVBmJVroYc7Ma)8.jpg;https://ei.phncdn.com/videos/202407/01/454616721/original/(m=eaAaGwObaaamqv)(mh=HyblVBmJVroYc7Ma)9.jpg;https://ei.phncdn.com/videos/202407/01/454616721/original/(m=eaAaGwObaaamqv)(mh=HyblVBmJVroYc7Ma)10.jpg;https://ei.phncdn.com/videos/202407/01/454616721/original/(m=eaAaGwObaaamqv)(mh=HyblVBmJVroYc7Ma)11.jpg;https://ei.phncdn.com/videos/202407/01/454616721/original/(m=eaAaGwObaaamqv)(mh=HyblVBmJVroYc7Ma)12.jpg;https://ei.phncdn.com/videos/202407/01/454616721/original/(m=eaAaGwObaaamqv)(mh=HyblVBmJVroYc7Ma)13.jpg;https://ei.phncdn.com/videos/202407/01/454616721/original/(m=eaAaGwObaaamqv)(mh=HyblVBmJVroYc7Ma)14.jpg;https://ei.phncdn.com/videos/202407/01/454616721/original/(m=eaAaGwObaaamqv)(mh=HyblVBmJVroYc7Ma)15.jpg;https://ei.phncdn.com/videos/202407/01/454616721/original/(m=eaAaGwObaaamqv)(mh=HyblVBmJVroYc7Ma)16.jpg
<iframe src="https://www.pornhub.com/embed/6684a451c7fe4" frameborder="0" height="481" width="608" scrolling="no"></iframe>|https://ei.phncdn.com/videos/202407/03/454661641/original/(m=eaf8GgaaaWavb)(mh=aAwj_OTw6kRrnhtE)13.jpg|https://ei.phncdn.com/videos/202407/03/454661641/original/(m=eaf8GgaaaWavb)(mh=aAwj_OTw6kRrnhtE)1.jpg;https://ei.phncdn.com/videos/202407/03/454661641/original/(m=eaf8GgaaaWavb)(mh=aAwj_OTw6kRrnhtE)2.jpg;https://ei.phncdn.com/videos/202407/03/454661641/original/(m=eaf8GgaaaWavb)(mh=aAwj_OTw6kRrnhtE)3.jpg;https://ei.phncdn.com/videos/202407/03/454661641/original/(m=eaf8GgaaaWavb)(mh=aAwj_OTw6kRrnhtE)4.jpg;https://ei.phncdn.com/videos/202407/03/454661641/original/(m=eaf8GgaaaWavb)(mh=aAwj_OTw6kRrnhtE)5.jpg;https://ei.phncdn.com/videos/202407/03/454661641/original/(m=eaf8GgaaaWavb)(mh=aAwj_OTw6kRrnhtE)6.jpg;https://ei.phncdn.com/videos/202407/03/454661641/original/(m=eaf8GgaaaWavb)(mh=aAwj_OTw6kRrnhtE)7.jpg;https://ei.phncdn.com/videos/202407/03/454661641/original/(m=eaf8GgaaaWavb)(mh=aAwj_OTw6kRrnhtE)8.jpg;https://ei.phncdn.com/videos/202407/03/454661641/original/(m=eaf8GgaaaWavb)(mh=aAwj_OTw6kRrnhtE)9.jpg;https://ei.phncdn.com/videos/202407/03/454661641/original/(m=eaf8GgaaaWavb)(mh=aAwj_OTw6kRrnhtE)10.jpg;https://ei.phncdn.com/videos/202407/03/454661641/original/(m=eaf8GgaaaWavb)(mh=aAwj_OTw6kRrnhtE)11.jpg;https://ei.phncdn.com/videos/202407/03/454661641/original/(m=eaf8GgaaaWavb)(mh=aAwj_OTw6kRrnhtE)12.jpg;https://ei.phncdn.com/videos/202407/03/454661641/original/(m=eaf8GgaaaWavb)(mh=aAwj_OTw6kRrnhtE)13.jpg;https://ei.phncdn.com/videos/202407/03/454661641/original/(m=eaf8GgaaaWavb)(mh=aAwj_OTw6kRrnhtE)14.jpg;https://ei.phncdn.com/videos/202407/03/454661641/original/(m=eaf8GgaaaWavb)(mh=aAwj_OTw6kRrnhtE)15.jpg;https://ei.phncdn.com/videos/202407/03/454661641/original/(m=eaf8GgaaaWavb)(mh=aAwj_OTw6kRrnhtE)16.jpg|My neighbor an experienced woman gets her pussy stuffed|pornaamazing;shaved-pussy;pornstar;tattooed-women;shaving-pussy;fingering;pussy-licking|Pussy Licking;Tattooed Women||1252|6|||https://ei.phncdn.com/videos/202407/03/454661641/original/(m=eaAaGwObaaamqv)(mh=vFI1QyxSe_4grcA8)13.jpg|https://ei.phncdn.com/videos/202407/03/454661641/original/(m=eaAaGwObaaamqv)(mh=vFI1QyxSe_4grcA8)1.jpg;https://ei.phncdn.com/videos/202407/03/454661641/original/(m=eaAaGwObaaamqv)(mh=vFI1QyxSe_4grcA8)2.jpg;https://ei.phncdn.com/videos/202407/03/454661641/original/(m=eaAaGwObaaamqv)(mh=vFI1QyxSe_4grcA8)3.jpg;https://ei.phncdn.com/videos/202407/03/454661641/original/(m=eaAaGwObaaamqv)(mh=vFI1QyxSe_4grcA8)4.jpg;https://ei.phncdn.com/videos/202407/03/454661641/original/(m=eaAaGwObaaamqv)(mh=vFI1QyxSe_4grcA8)5.jpg;https://ei.phncdn.com/videos/202407/03/454661641/original/(m=eaAaGwObaaamqv)(mh=vFI1QyxSe_4grcA8)6.jpg;https://ei.phncdn.com/videos/202407/03/454661641/original/(m=eaAaGwObaaamqv)(mh=vFI1QyxSe_4grcA8)7.jpg;https://ei.phncdn.com/videos/202407/03/454661641/original/(m=eaAaGwObaaamqv)(mh=vFI1QyxSe_4grcA8)8.jpg;https://ei.phncdn.com/videos/202407/03/454661641/original/(m=eaAaGwObaaamqv)(mh=vFI1QyxSe_4grcA8)9.jpg;https://ei.phncdn.com/videos/202407/03/454661641/original/(m=eaAaGwObaaamqv)(mh=vFI1QyxSe_4grcA8)10.jpg;https://ei.phncdn.com/videos/202407/03/454661641/original/(m=eaAaGwObaaamqv)(mh=vFI1QyxSe_4grcA8)11.jpg;https://ei.phncdn.com/videos/202407/03/454661641/original/(m=eaAaGwObaaamqv)(mh=vFI1QyxSe_4grcA8)12.jpg;https://ei.phncdn.com/videos/202407/03/454661641/original/(m=eaAaGwObaaamqv)(mh=vFI1QyxSe_4grcA8)13.jpg;https://ei.phncdn.com/videos/202407/03/454661641/original/(m=eaAaGwObaaamqv)(mh=vFI1QyxSe_4grcA8)14.jpg;https://ei.phncdn.com/videos/202407/03/454661641/original/(m=eaAaGwObaaamqv)(mh=vFI1QyxSe_4grcA8)15.jpg;https://ei.phncdn.com/videos/202407/03/454661641/original/(m=eaAaGwObaaamqv)(mh=vFI1QyxSe_4grcA8)16.jpg
<iframe src="https://www.pornhub.com/embed/6685f0de45fca" frameborder="0" height="481" width="608" scrolling="no"></iframe>|https://ei.phncdn.com/videos/202407/04/454704311/original/(m=qYO1SOZbeaf8GgaaaWavb)(mh=z2SOqjl77-GtfNQS)0.jpg|https://ei.phncdn.com/videos/202407/04/454704311/original/(m=eaf8GgaaaWavb)(mh=ikjB0joySw-cLYiW)1.jpg;https://ei.phncdn.com/videos/202407/04/454704311/original/(m=eaf8GgaaaWavb)(mh=ikjB0joySw-cLYiW)2.jpg;https://ei.phncdn.com/videos/202407/04/454704311/original/(m=eaf8GgaaaWavb)(mh=ikjB0joySw-cLYiW)3.jpg;https://ei.phncdn.com/videos/202407/04/454704311/original/(m=eaf8GgaaaWavb)(mh=ikjB0joySw-cLYiW)4.jpg;https://ei.phncdn.com/videos/202407/04/454704311/original/(m=eaf8GgaaaWavb)(mh=ikjB0joySw-cLYiW)5.jpg;https://ei.phncdn.com/videos/202407/04/454704311/original/(m=eaf8GgaaaWavb)(mh=ikjB0joySw-cLYiW)6.jpg;https://ei.phncdn.com/videos/202407/04/454704311/original/(m=eaf8GgaaaWavb)(mh=ikjB0joySw-cLYiW)7.jpg;https://ei.phncdn.com/videos/202407/04/454704311/original/(m=eaf8GgaaaWavb)(mh=ikjB0joySw-cLYiW)8.jpg;https://ei.phncdn.com/videos/202407/04/454704311/original/(m=eaf8GgaaaWavb)(mh=ikjB0joySw-cLYiW)9.jpg;https://ei.phncdn.com/videos/202407/04/454704311/original/(m=eaf8GgaaaWavb)(mh=ikjB0joySw-cLYiW)10.jpg;https://ei.phncdn.com/videos/202407/04/454704311/original/(m=eaf8GgaaaWavb)(mh=ikjB0joySw-cLYiW)11.jpg;https://ei.phncdn.com/videos/202407/04/454704311/original/(m=eaf8GgaaaWavb)(mh=ikjB0joySw-cLYiW)12.jpg;https://ei.phncdn.com/videos/202407/04/454704311/original/(m=eaf8GgaaaWavb)(mh=ikjB0joySw-cLYiW)13.jpg;https://ei.phncdn.com/videos/202407/04/454704311/original/(m=eaf8GgaaaWavb)(mh=ikjB0joySw-cLYiW)14.jpg;https://ei.phncdn.com/videos/202407/04/454704311/original/(m=eaf8GgaaaWavb)(mh=ikjB0joySw-cLYiW)15.jpg;https://ei.phncdn.com/videos/202407/04/454704311/original/(m=eaf8GgaaaWavb)(mh=ikjB0joySw-cLYiW)16.jpg|A slut with a shaggy pussy likes to have her pussy penetrated and gives blowjobs|ltgsexmovies;housewife;hairy-pussy;kink;fetish;fingering;pussy-licking|Pussy Licking||1582|25|||https://ei.phncdn.com/videos/202407/04/454704311/original/(m=qYO1SOZbeaAaGwObaaamqv)(mh=oNoqqbf4L8DkTXV3)0.jpg|https://ei.phncdn.com/videos/202407/04/454704311/original/(m=eaAaGwObaaamqv)(mh=wsH_is5fkenh2Yjl)1.jpg;https://ei.phncdn.com/videos/202407/04/454704311/original/(m=eaAaGwObaaamqv)(mh=wsH_is5fkenh2Yjl)2.jpg;https://ei.phncdn.com/videos/202407/04/454704311/original/(m=eaAaGwObaaamqv)(mh=wsH_is5fkenh2Yjl)3.jpg;https://ei.phncdn.com/videos/202407/04/454704311/original/(m=eaAaGwObaaamqv)(mh=wsH_is5fkenh2Yjl)4.jpg;https://ei.phncdn.com/videos/202407/04/454704311/original/(m=eaAaGwObaaamqv)(mh=wsH_is5fkenh2Yjl)5.jpg;https://ei.phncdn.com/videos/202407/04/454704311/original/(m=eaAaGwObaaamqv)(mh=wsH_is5fkenh2Yjl)6.jpg;https://ei.phncdn.com/videos/202407/04/454704311/original/(m=eaAaGwObaaamqv)(mh=wsH_is5fkenh2Yjl)7.jpg;https://ei.phncdn.com/videos/202407/04/454704311/original/(m=eaAaGwObaaamqv)(mh=wsH_is5fkenh2Yjl)8.jpg;https://ei.phncdn.com/videos/202407/04/454704311/original/(m=eaAaGwObaaamqv)(mh=wsH_is5fkenh2Yjl)9.jpg;https://ei.phncdn.com/videos/202407/04/454704311/original/(m=eaAaGwObaaamqv)(mh=wsH_is5fkenh2Yjl)10.jpg;https://ei.phncdn.com/videos/202407/04/454704311/original/(m=eaAaGwObaaamqv)(mh=wsH_is5fkenh2Yjl)11.jpg;https://ei.phncdn.com/videos/202407/04/454704311/original/(m=eaAaGwObaaamqv)(mh=wsH_is5fkenh2Yjl)12.jpg;https://ei.phncdn.com/videos/202407/04/454704311/original/(m=eaAaGwObaaamqv)(mh=wsH_is5fkenh2Yjl)13.jpg;https://ei.phncdn.com/videos/202407/04/454704311/original/(m=eaAaGwObaaamqv)(mh=wsH_is5fkenh2Yjl)14.jpg;https://ei.phncdn.com/videos/202407/04/454704311/original/(m=eaAaGwObaaamqv)(mh=wsH_is5fkenh2Yjl)15.jpg;https://ei.phncdn.com/videos/202407/04/454704311/original/(m=eaAaGwObaaamqv)(mh=wsH_is5fkenh2Yjl)16.jpg
<iframe src="https://www.pornhub.com/embed/668634c8b8991" frameborder="0" height="481" width="608" scrolling="no"></iframe>|https://ei.phncdn.com/videos/202407/04/454711771/original/(m=qP52SOZbeaf8GgaaaWavb)(mh=ZKM0Xw2gyPTuKS_7)0.jpg|https://ei.phncdn.com/videos/202407/04/454711771/original/(m=eaf8GgaaaWavb)(mh=4H2oR9lr_L53dP0x)1.jpg;https://ei.phncdn.com/videos/202407/04/454711771/original/(m=eaf8GgaaaWavb)(mh=4H2oR9lr_L53dP0x)2.jpg;https://ei.phncdn.com/videos/202407/04/454711771/original/(m=eaf8GgaaaWavb)(mh=4H2oR9lr_L53dP0x)3.jpg;https://ei.phncdn.com/videos/202407/04/454711771/original/(m=eaf8GgaaaWavb)(mh=4H2oR9lr_L53dP0x)4.jpg;https://ei.phncdn.com/videos/202407/04/454711771/original/(m=eaf8GgaaaWavb)(mh=4H2oR9lr_L53dP0x)5.jpg;https://ei.phncdn.com/videos/202407/04/454711771/original/(m=eaf8GgaaaWavb)(mh=4H2oR9lr_L53dP0x)6.jpg;https://ei.phncdn.com/videos/202407/04/454711771/original/(m=eaf8GgaaaWavb)(mh=4H2oR9lr_L53dP0x)7.jpg;https://ei.phncdn.com/videos/202407/04/454711771/original/(m=eaf8GgaaaWavb)(mh=4H2oR9lr_L53dP0x)8.jpg;https://ei.phncdn.com/videos/202407/04/454711771/original/(m=eaf8GgaaaWavb)(mh=4H2oR9lr_L53dP0x)9.jpg;https://ei.phncdn.com/videos/202407/04/454711771/original/(m=eaf8GgaaaWavb)(mh=4H2oR9lr_L53dP0x)10.jpg;https://ei.phncdn.com/videos/202407/04/454711771/original/(m=eaf8GgaaaWavb)(mh=4H2oR9lr_L53dP0x)11.jpg;https://ei.phncdn.com/videos/202407/04/454711771/original/(m=eaf8GgaaaWavb)(mh=4H2oR9lr_L53dP0x)12.jpg;https://ei.phncdn.com/videos/202407/04/454711771/original/(m=eaf8GgaaaWavb)(mh=4H2oR9lr_L53dP0x)13.jpg;https://ei.phncdn.com/videos/202407/04/454711771/original/(m=eaf8GgaaaWavb)(mh=4H2oR9lr_L53dP0x)14.jpg;https://ei.phncdn.com/videos/202407/04/454711771/original/(m=eaf8GgaaaWavb)(mh=4H2oR9lr_L53dP0x)15.jpg;https://ei.phncdn.com/videos/202407/04/454711771/original/(m=eaf8GgaaaWavb)(mh=4H2oR9lr_L53dP0x)16.jpg|Phoenix Marie a slut enjoys her lover and gives blowjobs|ltgsexmovies;pussy-licking;pornstar;deep-throat;female-orgasm;fingering|Pussy Licking;Female Orgasm||1406|14|||https://ei.phncdn.com/videos/202407/04/454711771/original/(m=qP52SOZbeaAaGwObaaamqv)(mh=veOiFHE38uT8tOKv)0.jpg|https://ei.phncdn.com/videos/202407/04/454711771/original/(m=eaAaGwObaaamqv)(mh=ZmpvEVtReeH_hz4g)1.jpg;https://ei.phncdn.com/videos/202407/04/454711771/original/(m=eaAaGwObaaamqv)(mh=ZmpvEVtReeH_hz4g)2.jpg;https://ei.phncdn.com/videos/202407/04/454711771/original/(m=eaAaGwObaaamqv)(mh=ZmpvEVtReeH_hz4g)3.jpg;https://ei.phncdn.com/videos/202407/04/454711771/original/(m=eaAaGwObaaamqv)(mh=ZmpvEVtReeH_hz4g)4.jpg;https://ei.phncdn.com/videos/202407/04/454711771/original/(m=eaAaGwObaaamqv)(mh=ZmpvEVtReeH_hz4g)5.jpg;https://ei.phncdn.com/videos/202407/04/454711771/original/(m=eaAaGwObaaamqv)(mh=ZmpvEVtReeH_hz4g)6.jpg;https://ei.phncdn.com/videos/202407/04/454711771/original/(m=eaAaGwObaaamqv)(mh=ZmpvEVtReeH_hz4g)7.jpg;https://ei.phncdn.com/videos/202407/04/454711771/original/(m=eaAaGwObaaamqv)(mh=ZmpvEVtReeH_hz4g)8.jpg;https://ei.phncdn.com/videos/202407/04/454711771/original/(m=eaAaGwObaaamqv)(mh=ZmpvEVtReeH_hz4g)9.jpg;https://ei.phncdn.com/videos/202407/04/454711771/original/(m=eaAaGwObaaamqv)(mh=ZmpvEVtReeH_hz4g)10.jpg;https://ei.phncdn.com/videos/202407/04/454711771/original/(m=eaAaGwObaaamqv)(mh=ZmpvEVtReeH_hz4g)11.jpg;https://ei.phncdn.com/videos/202407/04/454711771/original/(m=eaAaGwObaaamqv)(mh=ZmpvEVtReeH_hz4g)12.jpg;https://ei.phncdn.com/videos/202407/04/454711771/original/(m=eaAaGwObaaamqv)(mh=ZmpvEVtReeH_hz4g)13.jpg;https://ei.phncdn.com/videos/202407/04/454711771/original/(m=eaAaGwObaaamqv)(mh=ZmpvEVtReeH_hz4g)14.jpg;https://ei.phncdn.com/videos/202407/04/454711771/original/(m=eaAaGwObaaamqv)(mh=ZmpvEVtReeH_hz4g)15.jpg;https://ei.phncdn.com/videos/202407/04/454711771/original/(m=eaAaGwObaaamqv)(mh=ZmpvEVtReeH_hz4g)16.jpg
<iframe src="https://www.pornhub.com/embed/6686f6906401c" frameborder="0" height="481" width="608" scrolling="no"></iframe>|https://ei.phncdn.com/videos/202407/04/454737151/original/(m=eaf8GgaaaWavb)(mh=a9Pc8eUGx7xe00FS)12.jpg|https://ei.phncdn.com/videos/202407/04/454737151/original/(m=eaf8GgaaaWavb)(mh=a9Pc8eUGx7xe00FS)1.jpg;https://ei.phncdn.com/videos/202407/04/454737151/original/(m=eaf8GgaaaWavb)(mh=a9Pc8eUGx7xe00FS)2.jpg;https://ei.phncdn.com/videos/202407/04/454737151/original/(m=eaf8GgaaaWavb)(mh=a9Pc8eUGx7xe00FS)3.jpg;https://ei.phncdn.com/videos/202407/04/454737151/original/(m=eaf8GgaaaWavb)(mh=a9Pc8eUGx7xe00FS)4.jpg;https://ei.phncdn.com/videos/202407/04/454737151/original/(m=eaf8GgaaaWavb)(mh=a9Pc8eUGx7xe00FS)5.jpg;https://ei.phncdn.com/videos/202407/04/454737151/original/(m=eaf8GgaaaWavb)(mh=a9Pc8eUGx7xe00FS)6.jpg;https://ei.phncdn.com/videos/202407/04/454737151/original/(m=eaf8GgaaaWavb)(mh=a9Pc8eUGx7xe00FS)7.jpg;https://ei.phncdn.com/videos/202407/04/454737151/original/(m=eaf8GgaaaWavb)(mh=a9Pc8eUGx7xe00FS)8.jpg;https://ei.phncdn.com/videos/202407/04/454737151/original/(m=eaf8GgaaaWavb)(mh=a9Pc8eUGx7xe00FS)9.jpg;https://ei.phncdn.com/videos/202407/04/454737151/original/(m=eaf8GgaaaWavb)(mh=a9Pc8eUGx7xe00FS)10.jpg;https://ei.phncdn.com/videos/202407/04/454737151/original/(m=eaf8GgaaaWavb)(mh=a9Pc8eUGx7xe00FS)11.jpg;https://ei.phncdn.com/videos/202407/04/454737151/original/(m=eaf8GgaaaWavb)(mh=a9Pc8eUGx7xe00FS)12.jpg;https://ei.phncdn.com/videos/202407/04/454737151/original/(m=eaf8GgaaaWavb)(mh=a9Pc8eUGx7xe00FS)13.jpg;https://ei.phncdn.com/videos/202407/04/454737151/original/(m=eaf8GgaaaWavb)(mh=a9Pc8eUGx7xe00FS)14.jpg;https://ei.phncdn.com/videos/202407/04/454737151/original/(m=eaf8GgaaaWavb)(mh=a9Pc8eUGx7xe00FS)15.jpg;https://ei.phncdn.com/videos/202407/04/454737151/original/(m=eaf8GgaaaWavb)(mh=a9Pc8eUGx7xe00FS)16.jpg|Holly Halston a horny woman gets her pussy filled|pornaamazing;shaving-pussy;pornstar;pussy-licking;fingering;tattooed-women;shaved-pussy|Pussy Licking;Tattooed Women||1587|20|1|0|https://ei.phncdn.com/videos/202407/04/454737151/original/(m=eaAaGwObaaamqv)(mh=LHEOgjiPEfzoTv3M)12.jpg|https://ei.phncdn.com/videos/202407/04/454737151/original/(m=eaAaGwObaaamqv)(mh=LHEOgjiPEfzoTv3M)1.jpg;https://ei.phncdn.com/videos/202407/04/454737151/original/(m=eaAaGwObaaamqv)(mh=LHEOgjiPEfzoTv3M)2.jpg;https://ei.phncdn.com/videos/202407/04/454737151/original/(m=eaAaGwObaaamqv)(mh=LHEOgjiPEfzoTv3M)3.jpg;https://ei.phncdn.com/videos/202407/04/454737151/original/(m=eaAaGwObaaamqv)(mh=LHEOgjiPEfzoTv3M)4.jpg;https://ei.phncdn.com/videos/202407/04/454737151/original/(m=eaAaGwObaaamqv)(mh=LHEOgjiPEfzoTv3M)5.jpg;https://ei.phncdn.com/videos/202407/04/454737151/original/(m=eaAaGwObaaamqv)(mh=LHEOgjiPEfzoTv3M)6.jpg;https://ei.phncdn.com/videos/202407/04/454737151/original/(m=eaAaGwObaaamqv)(mh=LHEOgjiPEfzoTv3M)7.jpg;https://ei.phncdn.com/videos/202407/04/454737151/original/(m=eaAaGwObaaamqv)(mh=LHEOgjiPEfzoTv3M)8.jpg;https://ei.phncdn.com/videos/202407/04/454737151/original/(m=eaAaGwObaaamqv)(mh=LHEOgjiPEfzoTv3M)9.jpg;https://ei.phncdn.com/videos/202407/04/454737151/original/(m=eaAaGwObaaamqv)(mh=LHEOgjiPEfzoTv3M)10.jpg;https://ei.phncdn.com/videos/202407/04/454737151/original/(m=eaAaGwObaaamqv)(mh=LHEOgjiPEfzoTv3M)11.jpg;https://ei.phncdn.com/videos/202407/04/454737151/original/(m=eaAaGwObaaamqv)(mh=LHEOgjiPEfzoTv3M)12.jpg;https://ei.phncdn.com/videos/202407/04/454737151/original/(m=eaAaGwObaaamqv)(mh=LHEOgjiPEfzoTv3M)13.jpg;https://ei.phncdn.com/videos/202407/04/454737151/original/(m=eaAaGwObaaamqv)(mh=LHEOgjiPEfzoTv3M)14.jpg;https://ei.phncdn.com/videos/202407/04/454737151/original/(m=eaAaGwObaaamqv)(mh=LHEOgjiPEfzoTv3M)15.jpg;https://ei.phncdn.com/videos/202407/04/454737151/original/(m=eaAaGwObaaamqv)(mh=LHEOgjiPEfzoTv3M)16.jpg
<iframe src="https://www.pornhub.com/embed/668c101eb44b9" frameborder="0" height="481" width="608" scrolling="no"></iframe>|https://ei.phncdn.com/videos/202407/08/454901781/original/(m=eaf8GgaaaWavb)(mh=EFGgeawxuzUYQTyd)13.jpg|https://ei.phncdn.com/videos/202407/08/454901781/original/(m=eaf8GgaaaWavb)(mh=EFGgeawxuzUYQTyd)1.jpg;https://ei.phncdn.com/videos/202407/08/454901781/original/(m=eaf8GgaaaWavb)(mh=EFGgeawxuzUYQTyd)2.jpg;https://ei.phncdn.com/videos/202407/08/454901781/original/(m=eaf8GgaaaWavb)(mh=EFGgeawxuzUYQTyd)3.jpg;https://ei.phncdn.com/videos/202407/08/454901781/original/(m=eaf8GgaaaWavb)(mh=EFGgeawxuzUYQTyd)4.jpg;https://ei.phncdn.com/videos/202407/08/454901781/original/(m=eaf8GgaaaWavb)(mh=EFGgeawxuzUYQTyd)5.jpg;https://ei.phncdn.com/videos/202407/08/454901781/original/(m=eaf8GgaaaWavb)(mh=EFGgeawxuzUYQTyd)6.jpg;https://ei.phncdn.com/videos/202407/08/454901781/original/(m=eaf8GgaaaWavb)(mh=EFGgeawxuzUYQTyd)7.jpg;https://ei.phncdn.com/videos/202407/08/454901781/original/(m=eaf8GgaaaWavb)(mh=EFGgeawxuzUYQTyd)8.jpg;https://ei.phncdn.com/videos/202407/08/454901781/original/(m=eaf8GgaaaWavb)(mh=EFGgeawxuzUYQTyd)9.jpg;https://ei.phncdn.com/videos/202407/08/454901781/original/(m=eaf8GgaaaWavb)(mh=EFGgeawxuzUYQTyd)10.jpg;https://ei.phncdn.com/videos/202407/08/454901781/original/(m=eaf8GgaaaWavb)(mh=EFGgeawxuzUYQTyd)11.jpg;https://ei.phncdn.com/videos/202407/08/454901781/original/(m=eaf8GgaaaWavb)(mh=EFGgeawxuzUYQTyd)12.jpg;https://ei.phncdn.com/videos/202407/08/454901781/original/(m=eaf8GgaaaWavb)(mh=EFGgeawxuzUYQTyd)13.jpg;https://ei.phncdn.com/videos/202407/08/454901781/original/(m=eaf8GgaaaWavb)(mh=EFGgeawxuzUYQTyd)14.jpg;https://ei.phncdn.com/videos/202407/08/454901781/original/(m=eaf8GgaaaWavb)(mh=EFGgeawxuzUYQTyd)15.jpg;https://ei.phncdn.com/videos/202407/08/454901781/original/(m=eaf8GgaaaWavb)(mh=EFGgeawxuzUYQTyd)16.jpg|Alexis May a horny woman loves to take it in the pussy|porntolove;fingering;shaving-pussy;pornstar;female-orgasm;shaved-pussy;pussy-licking|Pussy Licking;Female Orgasm||1089|7|||https://ei.phncdn.com/videos/202407/08/454901781/original/(m=eaAaGwObaaamqv)(mh=b9_upG9xKz4q-lNn)13.jpg|https://ei.phncdn.com/videos/202407/08/454901781/original/(m=eaAaGwObaaamqv)(mh=b9_upG9xKz4q-lNn)1.jpg;https://ei.phncdn.com/videos/202407/08/454901781/original/(m=eaAaGwObaaamqv)(mh=b9_upG9xKz4q-lNn)2.jpg;https://ei.phncdn.com/videos/202407/08/454901781/original/(m=eaAaGwObaaamqv)(mh=b9_upG9xKz4q-lNn)3.jpg;https://ei.phncdn.com/videos/202407/08/454901781/original/(m=eaAaGwObaaamqv)(mh=b9_upG9xKz4q-lNn)4.jpg;https://ei.phncdn.com/videos/202407/08/454901781/original/(m=eaAaGwObaaamqv)(mh=b9_upG9xKz4q-lNn)5.jpg;https://ei.phncdn.com/videos/202407/08/454901781/original/(m=eaAaGwObaaamqv)(mh=b9_upG9xKz4q-lNn)6.jpg;https://ei.phncdn.com/videos/202407/08/454901781/original/(m=eaAaGwObaaamqv)(mh=b9_upG9xKz4q-lNn)7.jpg;https://ei.phncdn.com/videos/202407/08/454901781/original/(m=eaAaGwObaaamqv)(mh=b9_upG9xKz4q-lNn)8.jpg;https://ei.phncdn.com/videos/202407/08/454901781/original/(m=eaAaGwObaaamqv)(mh=b9_upG9xKz4q-lNn)9.jpg;https://ei.phncdn.com/videos/202407/08/454901781/original/(m=eaAaGwObaaamqv)(mh=b9_upG9xKz4q-lNn)10.jpg;https://ei.phncdn.com/videos/202407/08/454901781/original/(m=eaAaGwObaaamqv)(mh=b9_upG9xKz4q-lNn)11.jpg;https://ei.phncdn.com/videos/202407/08/454901781/original/(m=eaAaGwObaaamqv)(mh=b9_upG9xKz4q-lNn)12.jpg;https://ei.phncdn.com/videos/202407/08/454901781/original/(m=eaAaGwObaaamqv)(mh=b9_upG9xKz4q-lNn)13.jpg;https://ei.phncdn.com/videos/202407/08/454901781/original/(m=eaAaGwObaaamqv)(mh=b9_upG9xKz4q-lNn)14.jpg;https://ei.phncdn.com/videos/202407/08/454901781/original/(m=eaAaGwObaaamqv)(mh=b9_upG9xKz4q-lNn)15.jpg;https://ei.phncdn.com/videos/202407/08/454901781/original/(m=eaAaGwObaaamqv)(mh=b9_upG9xKz4q-lNn)16.jpg
<iframe src="https://www.pornhub.com/embed/66a3dee01e1a2" frameborder="0" height="481" width="608" scrolling="no"></iframe>|https://ei.phncdn.com/videos/202407/26/455687061/original/(m=eaf8GgaaaWavb)(mh=WcfTMLaZvlZXvFiw)10.jpg|https://ei.phncdn.com/videos/202407/26/455687061/original/(m=eaf8GgaaaWavb)(mh=WcfTMLaZvlZXvFiw)1.jpg;https://ei.phncdn.com/videos/202407/26/455687061/original/(m=eaf8GgaaaWavb)(mh=WcfTMLaZvlZXvFiw)2.jpg;https://ei.phncdn.com/videos/202407/26/455687061/original/(m=eaf8GgaaaWavb)(mh=WcfTMLaZvlZXvFiw)3.jpg;https://ei.phncdn.com/videos/202407/26/455687061/original/(m=eaf8GgaaaWavb)(mh=WcfTMLaZvlZXvFiw)4.jpg;https://ei.phncdn.com/videos/202407/26/455687061/original/(m=eaf8GgaaaWavb)(mh=WcfTMLaZvlZXvFiw)5.jpg;https://ei.phncdn.com/videos/202407/26/455687061/original/(m=eaf8GgaaaWavb)(mh=WcfTMLaZvlZXvFiw)6.jpg;https://ei.phncdn.com/videos/202407/26/455687061/original/(m=eaf8GgaaaWavb)(mh=WcfTMLaZvlZXvFiw)7.jpg;https://ei.phncdn.com/videos/202407/26/455687061/original/(m=eaf8GgaaaWavb)(mh=WcfTMLaZvlZXvFiw)8.jpg;https://ei.phncdn.com/videos/202407/26/455687061/original/(m=eaf8GgaaaWavb)(mh=WcfTMLaZvlZXvFiw)9.jpg;https://ei.phncdn.com/videos/202407/26/455687061/original/(m=eaf8GgaaaWavb)(mh=WcfTMLaZvlZXvFiw)10.jpg;https://ei.phncdn.com/videos/202407/26/455687061/original/(m=eaf8GgaaaWavb)(mh=WcfTMLaZvlZXvFiw)11.jpg;https://ei.phncdn.com/videos/202407/26/455687061/original/(m=eaf8GgaaaWavb)(mh=WcfTMLaZvlZXvFiw)12.jpg;https://ei.phncdn.com/videos/202407/26/455687061/original/(m=eaf8GgaaaWavb)(mh=WcfTMLaZvlZXvFiw)13.jpg;https://ei.phncdn.com/videos/202407/26/455687061/original/(m=eaf8GgaaaWavb)(mh=WcfTMLaZvlZXvFiw)14.jpg;https://ei.phncdn.com/videos/202407/26/455687061/original/(m=eaf8GgaaaWavb)(mh=WcfTMLaZvlZXvFiw)15.jpg;https://ei.phncdn.com/videos/202407/26/455687061/original/(m=eaf8GgaaaWavb)(mh=WcfTMLaZvlZXvFiw)16.jpg|Licking an Tounge fucking my sex doll|solo-girl;sex-doll;tounge-fucking-pussy|Pussy Licking;Verified Amateurs;Solo Female||165|107|1|0|https://ei.phncdn.com/videos/202407/26/455687061/original/(m=eaAaGwObaaamqv)(mh=Vq6Ojwyt9dWZi63z)10.jpg|https://ei.phncdn.com/videos/202407/26/455687061/original/(m=eaAaGwObaaamqv)(mh=Vq6Ojwyt9dWZi63z)1.jpg;https://ei.phncdn.com/videos/202407/26/455687061/original/(m=eaAaGwObaaamqv)(mh=Vq6Ojwyt9dWZi63z)2.jpg;https://ei.phncdn.com/videos/202407/26/455687061/original/(m=eaAaGwObaaamqv)(mh=Vq6Ojwyt9dWZi63z)3.jpg;https://ei.phncdn.com/videos/202407/26/455687061/original/(m=eaAaGwObaaamqv)(mh=Vq6Ojwyt9dWZi63z)4.jpg;https://ei.phncdn.com/videos/202407/26/455687061/original/(m=eaAaGwObaaamqv)(mh=Vq6Ojwyt9dWZi63z)5.jpg;https://ei.phncdn.com/videos/202407/26/455687061/original/(m=eaAaGwObaaamqv)(mh=Vq6Ojwyt9dWZi63z)6.jpg;https://ei.phncdn.com/videos/202407/26/455687061/original/(m=eaAaGwObaaamqv)(mh=Vq6Ojwyt9dWZi63z)7.jpg;https://ei.phncdn.com/videos/202407/26/455687061/original/(m=eaAaGwObaaamqv)(mh=Vq6Ojwyt9dWZi63z)8.jpg;https://ei.phncdn.com/videos/202407/26/455687061/original/(m=eaAaGwObaaamqv)(mh=Vq6Ojwyt9dWZi63z)9.jpg;https://ei.phncdn.com/videos/202407/26/455687061/original/(m=eaAaGwObaaamqv)(mh=Vq6Ojwyt9dWZi63z)10.jpg;https://ei.phncdn.com/videos/202407/26/455687061/original/(m=eaAaGwObaaamqv)(mh=Vq6Ojwyt9dWZi63z)11.jpg;https://ei.phncdn.com/videos/202407/26/455687061/original/(m=eaAaGwObaaamqv)(mh=Vq6Ojwyt9dWZi63z)12.jpg;https://ei.phncdn.com/videos/202407/26/455687061/original/(m=eaAaGwObaaamqv)(mh=Vq6Ojwyt9dWZi63z)13.jpg;https://ei.phncdn.com/videos/202407/26/455687061/original/(m=eaAaGwObaaamqv)(mh=Vq6Ojwyt9dWZi63z)14.jpg;https://ei.phncdn.com/videos/202407/26/455687061/original/(m=eaAaGwObaaamqv)(mh=Vq6Ojwyt9dWZi63z)15.jpg;https://ei.phncdn.com/videos/202407/26/455687061/original/(m=eaAaGwObaaamqv)(mh=Vq6Ojwyt9dWZi63z)16.jpg
<iframe src="https://www.pornhub.com/embed/66a3dfa903515" frameborder="0" height="481" width="608" scrolling="no"></iframe>|https://ei.phncdn.com/videos/202407/26/455687141/original/(m=eaf8GgaaaWavb)(mh=TjkVrwdYHrTsOHS7)5.jpg|https://ei.phncdn.com/videos/202407/26/455687141/original/(m=eaf8GgaaaWavb)(mh=TjkVrwdYHrTsOHS7)1.jpg;https://ei.phncdn.com/videos/202407/26/455687141/original/(m=eaf8GgaaaWavb)(mh=TjkVrwdYHrTsOHS7)2.jpg;https://ei.phncdn.com/videos/202407/26/455687141/original/(m=eaf8GgaaaWavb)(mh=TjkVrwdYHrTsOHS7)3.jpg;https://ei.phncdn.com/videos/202407/26/455687141/original/(m=eaf8GgaaaWavb)(mh=TjkVrwdYHrTsOHS7)4.jpg;https://ei.phncdn.com/videos/202407/26/455687141/original/(m=eaf8GgaaaWavb)(mh=TjkVrwdYHrTsOHS7)5.jpg;https://ei.phncdn.com/videos/202407/26/455687141/original/(m=eaf8GgaaaWavb)(mh=TjkVrwdYHrTsOHS7)6.jpg;https://ei.phncdn.com/videos/202407/26/455687141/original/(m=eaf8GgaaaWavb)(mh=TjkVrwdYHrTsOHS7)7.jpg;https://ei.phncdn.com/videos/202407/26/455687141/original/(m=eaf8GgaaaWavb)(mh=TjkVrwdYHrTsOHS7)8.jpg;https://ei.phncdn.com/videos/202407/26/455687141/original/(m=eaf8GgaaaWavb)(mh=TjkVrwdYHrTsOHS7)9.jpg;https://ei.phncdn.com/videos/202407/26/455687141/original/(m=eaf8GgaaaWavb)(mh=TjkVrwdYHrTsOHS7)10.jpg;https://ei.phncdn.com/videos/202407/26/455687141/original/(m=eaf8GgaaaWavb)(mh=TjkVrwdYHrTsOHS7)11.jpg;https://ei.phncdn.com/videos/202407/26/455687141/original/(m=eaf8GgaaaWavb)(mh=TjkVrwdYHrTsOHS7)12.jpg;https://ei.phncdn.com/videos/202407/26/455687141/original/(m=eaf8GgaaaWavb)(mh=TjkVrwdYHrTsOHS7)13.jpg;https://ei.phncdn.com/videos/202407/26/455687141/original/(m=eaf8GgaaaWavb)(mh=TjkVrwdYHrTsOHS7)14.jpg;https://ei.phncdn.com/videos/202407/26/455687141/original/(m=eaf8GgaaaWavb)(mh=TjkVrwdYHrTsOHS7)15.jpg;https://ei.phncdn.com/videos/202407/26/455687141/original/(m=eaf8GgaaaWavb)(mh=TjkVrwdYHrTsOHS7)16.jpg|Playing with my sex doll|pussy-fingering;sex-doll|Pussy Licking;Verified Amateurs;Solo Female||221|258|0|0|https://ei.phncdn.com/videos/202407/26/455687141/original/(m=eaAaGwObaaamqv)(mh=Xs_wqES0DeImSbPD)5.jpg|https://ei.phncdn.com/videos/202407/26/455687141/original/(m=eaAaGwObaaamqv)(mh=Xs_wqES0DeImSbPD)1.jpg;https://ei.phncdn.com/videos/202407/26/455687141/original/(m=eaAaGwObaaamqv)(mh=Xs_wqES0DeImSbPD)2.jpg;https://ei.phncdn.com/videos/202407/26/455687141/original/(m=eaAaGwObaaamqv)(mh=Xs_wqES0DeImSbPD)3.jpg;https://ei.phncdn.com/videos/202407/26/455687141/original/(m=eaAaGwObaaamqv)(mh=Xs_wqES0DeImSbPD)4.jpg;https://ei.phncdn.com/videos/202407/26/455687141/original/(m=eaAaGwObaaamqv)(mh=Xs_wqES0DeImSbPD)5.jpg;https://ei.phncdn.com/videos/202407/26/455687141/original/(m=eaAaGwObaaamqv)(mh=Xs_wqES0DeImSbPD)6.jpg;https://ei.phncdn.com/videos/202407/26/455687141/original/(m=eaAaGwObaaamqv)(mh=Xs_wqES0DeImSbPD)7.jpg;https://ei.phncdn.com/videos/202407/26/455687141/original/(m=eaAaGwObaaamqv)(mh=Xs_wqES0DeImSbPD)8.jpg;https://ei.phncdn.com/videos/202407/26/455687141/original/(m=eaAaGwObaaamqv)(mh=Xs_wqES0DeImSbPD)9.jpg;https://ei.phncdn.com/videos/202407/26/455687141/original/(m=eaAaGwObaaamqv)(mh=Xs_wqES0DeImSbPD)10.jpg;https://ei.phncdn.com/videos/202407/26/455687141/original/(m=eaAaGwObaaamqv)(mh=Xs_wqES0DeImSbPD)11.jpg;https://ei.phncdn.com/videos/202407/26/455687141/original/(m=eaAaGwObaaamqv)(mh=Xs_wqES0DeImSbPD)12.jpg;https://ei.phncdn.com/videos/202407/26/455687141/original/(m=eaAaGwObaaamqv)(mh=Xs_wqES0DeImSbPD)13.jpg;https://ei.phncdn.com/videos/202407/26/455687141/original/(m=eaAaGwObaaamqv)(mh=Xs_wqES0DeImSbPD)14.jpg;https://ei.phncdn.com/videos/202407/26/455687141/original/(m=eaAaGwObaaamqv)(mh=Xs_wqES0DeImSbPD)15.jpg;https://ei.phncdn.com/videos/202407/26/455687141/original/(m=eaAaGwObaaamqv)(mh=Xs_wqES0DeImSbPD)16.jpg
<iframe src="https://www.pornhub.com/embed/66a3e0ccce383" frameborder="0" height="481" width="608" scrolling="no"></iframe>|https://ei.phncdn.com/videos/202407/26/455687311/original/(m=eaf8GgaaaWavb)(mh=votgFxMJAl70q7uk)11.jpg|https://ei.phncdn.com/videos/202407/26/455687311/original/(m=eaf8GgaaaWavb)(mh=votgFxMJAl70q7uk)1.jpg;https://ei.phncdn.com/videos/202407/26/455687311/original/(m=eaf8GgaaaWavb)(mh=votgFxMJAl70q7uk)2.jpg;https://ei.phncdn.com/videos/202407/26/455687311/original/(m=eaf8GgaaaWavb)(mh=votgFxMJAl70q7uk)3.jpg;https://ei.phncdn.com/videos/202407/26/455687311/original/(m=eaf8GgaaaWavb)(mh=votgFxMJAl70q7uk)4.jpg;https://ei.phncdn.com/videos/202407/26/455687311/original/(m=eaf8GgaaaWavb)(mh=votgFxMJAl70q7uk)5.jpg;https://ei.phncdn.com/videos/202407/26/455687311/original/(m=eaf8GgaaaWavb)(mh=votgFxMJAl70q7uk)6.jpg;https://ei.phncdn.com/videos/202407/26/455687311/original/(m=eaf8GgaaaWavb)(mh=votgFxMJAl70q7uk)7.jpg;https://ei.phncdn.com/videos/202407/26/455687311/original/(m=eaf8GgaaaWavb)(mh=votgFxMJAl70q7uk)8.jpg;https://ei.phncdn.com/videos/202407/26/455687311/original/(m=eaf8GgaaaWavb)(mh=votgFxMJAl70q7uk)9.jpg;https://ei.phncdn.com/videos/202407/26/455687311/original/(m=eaf8GgaaaWavb)(mh=votgFxMJAl70q7uk)10.jpg;https://ei.phncdn.com/videos/202407/26/455687311/original/(m=eaf8GgaaaWavb)(mh=votgFxMJAl70q7uk)11.jpg;https://ei.phncdn.com/videos/202407/26/455687311/original/(m=eaf8GgaaaWavb)(mh=votgFxMJAl70q7uk)12.jpg;https://ei.phncdn.com/videos/202407/26/455687311/original/(m=eaf8GgaaaWavb)(mh=votgFxMJAl70q7uk)13.jpg;https://ei.phncdn.com/videos/202407/26/455687311/original/(m=eaf8GgaaaWavb)(mh=votgFxMJAl70q7uk)14.jpg;https://ei.phncdn.com/videos/202407/26/455687311/original/(m=eaf8GgaaaWavb)(mh=votgFxMJAl70q7uk)15.jpg;https://ei.phncdn.com/videos/202407/26/455687311/original/(m=eaf8GgaaaWavb)(mh=votgFxMJAl70q7uk)16.jpg|Sex play time with my sex doll|ass-licking;licking-pussy;fingering|Pussy Licking;Verified Amateurs;Solo Female||304|76|||https://ei.phncdn.com/videos/202407/26/455687311/original/(m=eaAaGwObaaamqv)(mh=7Xb4AuNtsC06tGKH)11.jpg|https://ei.phncdn.com/videos/202407/26/455687311/original/(m=eaAaGwObaaamqv)(mh=7Xb4AuNtsC06tGKH)1.jpg;https://ei.phncdn.com/videos/202407/26/455687311/original/(m=eaAaGwObaaamqv)(mh=7Xb4AuNtsC06tGKH)2.jpg;https://ei.phncdn.com/videos/202407/26/455687311/original/(m=eaAaGwObaaamqv)(mh=7Xb4AuNtsC06tGKH)3.jpg;https://ei.phncdn.com/videos/202407/26/455687311/original/(m=eaAaGwObaaamqv)(mh=7Xb4AuNtsC06tGKH)4.jpg;https://ei.phncdn.com/videos/202407/26/455687311/original/(m=eaAaGwObaaamqv)(mh=7Xb4AuNtsC06tGKH)5.jpg;https://ei.phncdn.com/videos/202407/26/455687311/original/(m=eaAaGwObaaamqv)(mh=7Xb4AuNtsC06tGKH)6.jpg;https://ei.phncdn.com/videos/202407/26/455687311/original/(m=eaAaGwObaaamqv)(mh=7Xb4AuNtsC06tGKH)7.jpg;https://ei.phncdn.com/videos/202407/26/455687311/original/(m=eaAaGwObaaamqv)(mh=7Xb4AuNtsC06tGKH)8.jpg;https://ei.phncdn.com/videos/202407/26/455687311/original/(m=eaAaGwObaaamqv)(mh=7Xb4AuNtsC06tGKH)9.jpg;https://ei.phncdn.com/videos/202407/26/455687311/original/(m=eaAaGwObaaamqv)(mh=7Xb4AuNtsC06tGKH)10.jpg;https://ei.phncdn.com/videos/202407/26/455687311/original/(m=eaAaGwObaaamqv)(mh=7Xb4AuNtsC06tGKH)11.jpg;https://ei.phncdn.com/videos/202407/26/455687311/original/(m=eaAaGwObaaamqv)(mh=7Xb4AuNtsC06tGKH)12.jpg;https://ei.phncdn.com/videos/202407/26/455687311/original/(m=eaAaGwObaaamqv)(mh=7Xb4AuNtsC06tGKH)13.jpg;https://ei.phncdn.com/videos/202407/26/455687311/original/(m=eaAaGwObaaamqv)(mh=7Xb4AuNtsC06tGKH)14.jpg;https://ei.phncdn.com/videos/202407/26/455687311/original/(m=eaAaGwObaaamqv)(mh=7Xb4AuNtsC06tGKH)15.jpg;https://ei.phncdn.com/videos/202407/26/455687311/original/(m=eaAaGwObaaamqv)(mh=7Xb4AuNtsC06tGKH)16.jpg
<iframe src="https://www.pornhub.com/embed/672b5876e1591" frameborder="0" height="481" width="608" scrolling="no"></iframe>|https://ei.phncdn.com/videos/202411/06/460136121/original/(m=eaf8GgaaaWavb)(mh=wgVrgiBKP-iWAScK)1.jpg|https://ei.phncdn.com/videos/202411/06/460136121/original/(m=eaf8GgaaaWavb)(mh=wgVrgiBKP-iWAScK)1.jpg;https://ei.phncdn.com/videos/202411/06/460136121/original/(m=eaf8GgaaaWavb)(mh=wgVrgiBKP-iWAScK)2.jpg;https://ei.phncdn.com/videos/202411/06/460136121/original/(m=eaf8GgaaaWavb)(mh=wgVrgiBKP-iWAScK)3.jpg;https://ei.phncdn.com/videos/202411/06/460136121/original/(m=eaf8GgaaaWavb)(mh=wgVrgiBKP-iWAScK)4.jpg;https://ei.phncdn.com/videos/202411/06/460136121/original/(m=eaf8GgaaaWavb)(mh=wgVrgiBKP-iWAScK)5.jpg;https://ei.phncdn.com/videos/202411/06/460136121/original/(m=eaf8GgaaaWavb)(mh=wgVrgiBKP-iWAScK)6.jpg;https://ei.phncdn.com/videos/202411/06/460136121/original/(m=eaf8GgaaaWavb)(mh=wgVrgiBKP-iWAScK)7.jpg;https://ei.phncdn.com/videos/202411/06/460136121/original/(m=eaf8GgaaaWavb)(mh=wgVrgiBKP-iWAScK)8.jpg;https://ei.phncdn.com/videos/202411/06/460136121/original/(m=eaf8GgaaaWavb)(mh=wgVrgiBKP-iWAScK)9.jpg;https://ei.phncdn.com/videos/202411/06/460136121/original/(m=eaf8GgaaaWavb)(mh=wgVrgiBKP-iWAScK)10.jpg;https://ei.phncdn.com/videos/202411/06/460136121/original/(m=eaf8GgaaaWavb)(mh=wgVrgiBKP-iWAScK)11.jpg;https://ei.phncdn.com/videos/202411/06/460136121/original/(m=eaf8GgaaaWavb)(mh=wgVrgiBKP-iWAScK)12.jpg;https://ei.phncdn.com/videos/202411/06/460136121/original/(m=eaf8GgaaaWavb)(mh=wgVrgiBKP-iWAScK)13.jpg;https://ei.phncdn.com/videos/202411/06/460136121/original/(m=eaf8GgaaaWavb)(mh=wgVrgiBKP-iWAScK)14.jpg;https://ei.phncdn.com/videos/202411/06/460136121/original/(m=eaf8GgaaaWavb)(mh=wgVrgiBKP-iWAScK)15.jpg;https://ei.phncdn.com/videos/202411/06/460136121/original/(m=eaf8GgaaaWavb)(mh=wgVrgiBKP-iWAScK)16.jpg|素人妻のおしっこ＆放尿後のお掃除クンニ|素人;人妻;熟女;個人-撮影;クンニ;おしっこ;放尿;剛毛-人妻;剛毛-マンコ;pissing;peeing;pussy-licking;pussy-eating;piss;pee|Pussy Licking;Verified Amateurs;Pissing||383|20002|38|11|https://ei.phncdn.com/videos/202411/06/460136121/original/(m=eaAaGwObaaamqv)(mh=YH8jWAf_zYJwMVHu)1.jpg|https://ei.phncdn.com/videos/202411/06/460136121/original/(m=eaAaGwObaaamqv)(mh=YH8jWAf_zYJwMVHu)1.jpg;https://ei.phncdn.com/videos/202411/06/460136121/original/(m=eaAaGwObaaamqv)(mh=YH8jWAf_zYJwMVHu)2.jpg;https://ei.phncdn.com/videos/202411/06/460136121/original/(m=eaAaGwObaaamqv)(mh=YH8jWAf_zYJwMVHu)3.jpg;https://ei.phncdn.com/videos/202411/06/460136121/original/(m=eaAaGwObaaamqv)(mh=YH8jWAf_zYJwMVHu)4.jpg;https://ei.phncdn.com/videos/202411/06/460136121/original/(m=eaAaGwObaaamqv)(mh=YH8jWAf_zYJwMVHu)5.jpg;https://ei.phncdn.com/videos/202411/06/460136121/original/(m=eaAaGwObaaamqv)(mh=YH8jWAf_zYJwMVHu)6.jpg;https://ei.phncdn.com/videos/202411/06/460136121/original/(m=eaAaGwObaaamqv)(mh=YH8jWAf_zYJwMVHu)7.jpg;https://ei.phncdn.com/videos/202411/06/460136121/original/(m=eaAaGwObaaamqv)(mh=YH8jWAf_zYJwMVHu)8.jpg;https://ei.phncdn.com/videos/202411/06/460136121/original/(m=eaAaGwObaaamqv)(mh=YH8jWAf_zYJwMVHu)9.jpg;https://ei.phncdn.com/videos/202411/06/460136121/original/(m=eaAaGwObaaamqv)(mh=YH8jWAf_zYJwMVHu)10.jpg;https://ei.phncdn.com/videos/202411/06/460136121/original/(m=eaAaGwObaaamqv)(mh=YH8jWAf_zYJwMVHu)11.jpg;https://ei.phncdn.com/videos/202411/06/460136121/original/(m=eaAaGwObaaamqv)(mh=YH8jWAf_zYJwMVHu)12.jpg;https://ei.phncdn.com/videos/202411/06/460136121/original/(m=eaAaGwObaaamqv)(mh=YH8jWAf_zYJwMVHu)13.jpg;https://ei.phncdn.com/videos/202411/06/460136121/original/(m=eaAaGwObaaamqv)(mh=YH8jWAf_zYJwMVHu)14.jpg;https://ei.phncdn.com/videos/202411/06/460136121/original/(m=eaAaGwObaaamqv)(mh=YH8jWAf_zYJwMVHu)15.jpg;https://ei.phncdn.com/videos/202411/06/460136121/original/(m=eaAaGwObaaamqv)(mh=YH8jWAf_zYJwMVHu)16.jpg
<iframe src="https://www.pornhub.com/embed/67856184292ef" frameborder="0" height="481" width="608" scrolling="no"></iframe>|https://ei.phncdn.com/videos/202501/13/463142805/original/(m=eaf8GgaaaWavb)(mh=s8btucdxkdSCeIww)2.jpg|https://ei.phncdn.com/videos/202501/13/463142805/original/(m=eaf8GgaaaWavb)(mh=s8btucdxkdSCeIww)1.jpg;https://ei.phncdn.com/videos/202501/13/463142805/original/(m=eaf8GgaaaWavb)(mh=s8btucdxkdSCeIww)2.jpg;https://ei.phncdn.com/videos/202501/13/463142805/original/(m=eaf8GgaaaWavb)(mh=s8btucdxkdSCeIww)3.jpg;https://ei.phncdn.com/videos/202501/13/463142805/original/(m=eaf8GgaaaWavb)(mh=s8btucdxkdSCeIww)4.jpg;https://ei.phncdn.com/videos/202501/13/463142805/original/(m=eaf8GgaaaWavb)(mh=s8btucdxkdSCeIww)5.jpg;https://ei.phncdn.com/videos/202501/13/463142805/original/(m=eaf8GgaaaWavb)(mh=s8btucdxkdSCeIww)6.jpg;https://ei.phncdn.com/videos/202501/13/463142805/original/(m=eaf8GgaaaWavb)(mh=s8btucdxkdSCeIww)7.jpg;https://ei.phncdn.com/videos/202501/13/463142805/original/(m=eaf8GgaaaWavb)(mh=s8btucdxkdSCeIww)8.jpg;https://ei.phncdn.com/videos/202501/13/463142805/original/(m=eaf8GgaaaWavb)(mh=s8btucdxkdSCeIww)9.jpg;https://ei.phncdn.com/videos/202501/13/463142805/original/(m=eaf8GgaaaWavb)(mh=s8btucdxkdSCeIww)10.jpg;https://ei.phncdn.com/videos/202501/13/463142805/original/(m=eaf8GgaaaWavb)(mh=s8btucdxkdSCeIww)11.jpg;https://ei.phncdn.com/videos/202501/13/463142805/original/(m=eaf8GgaaaWavb)(mh=s8btucdxkdSCeIww)12.jpg;https://ei.phncdn.com/videos/202501/13/463142805/original/(m=eaf8GgaaaWavb)(mh=s8btucdxkdSCeIww)13.jpg;https://ei.phncdn.com/videos/202501/13/463142805/original/(m=eaf8GgaaaWavb)(mh=s8btucdxkdSCeIww)14.jpg;https://ei.phncdn.com/videos/202501/13/463142805/original/(m=eaf8GgaaaWavb)(mh=s8btucdxkdSCeIww)15.jpg;https://ei.phncdn.com/videos/202501/13/463142805/original/(m=eaf8GgaaaWavb)(mh=s8btucdxkdSCeIww)16.jpg|F4F  Trapped With Your Coworker During a Snowstorm After the Company Retreat  Switching  Oral|praise-kink;older-younger;kissing;cunnilingus;eating-pussy;lesbian-kissing;asmr;asmr-for-women;erotic-asmr;erotic-audio;erotic-audio-lesbian;asmr-moaning;girl-masturbating;loud-moaning;female-orgasm;switching|Pussy Licking;Verified Amateurs;Solo Female;Romantic||2075|15355|121|8|https://ei.phncdn.com/videos/202501/13/463142805/original/(m=eaAaGwObaaamqv)(mh=TE6vZu8BtLBoQJ-X)2.jpg|https://ei.phncdn.com/videos/202501/13/463142805/original/(m=eaAaGwObaaamqv)(mh=TE6vZu8BtLBoQJ-X)1.jpg;https://ei.phncdn.com/videos/202501/13/463142805/original/(m=eaAaGwObaaamqv)(mh=TE6vZu8BtLBoQJ-X)2.jpg;https://ei.phncdn.com/videos/202501/13/463142805/original/(m=eaAaGwObaaamqv)(mh=TE6vZu8BtLBoQJ-X)3.jpg;https://ei.phncdn.com/videos/202501/13/463142805/original/(m=eaAaGwObaaamqv)(mh=TE6vZu8BtLBoQJ-X)4.jpg;https://ei.phncdn.com/videos/202501/13/463142805/original/(m=eaAaGwObaaamqv)(mh=TE6vZu8BtLBoQJ-X)5.jpg;https://ei.phncdn.com/videos/202501/13/463142805/original/(m=eaAaGwObaaamqv)(mh=TE6vZu8BtLBoQJ-X)6.jpg;https://ei.phncdn.com/videos/202501/13/463142805/original/(m=eaAaGwObaaamqv)(mh=TE6vZu8BtLBoQJ-X)7.jpg;https://ei.phncdn.com/videos/202501/13/463142805/original/(m=eaAaGwObaaamqv)(mh=TE6vZu8BtLBoQJ-X)8.jpg;https://ei.phncdn.com/videos/202501/13/463142805/original/(m=eaAaGwObaaamqv)(mh=TE6vZu8BtLBoQJ-X)9.jpg;https://ei.phncdn.com/videos/202501/13/463142805/original/(m=eaAaGwObaaamqv)(mh=TE6vZu8BtLBoQJ-X)10.jpg;https://ei.phncdn.com/videos/202501/13/463142805/original/(m=eaAaGwObaaamqv)(mh=TE6vZu8BtLBoQJ-X)11.jpg;https://ei.phncdn.com/videos/202501/13/463142805/original/(m=eaAaGwObaaamqv)(mh=TE6vZu8BtLBoQJ-X)12.jpg;https://ei.phncdn.com/videos/202501/13/463142805/original/(m=eaAaGwObaaamqv)(mh=TE6vZu8BtLBoQJ-X)13.jpg;https://ei.phncdn.com/videos/202501/13/463142805/original/(m=eaAaGwObaaamqv)(mh=TE6vZu8BtLBoQJ-X)14.jpg;https://ei.phncdn.com/videos/202501/13/463142805/original/(m=eaAaGwObaaamqv)(mh=TE6vZu8BtLBoQJ-X)15.jpg;https://ei.phncdn.com/videos/202501/13/463142805/original/(m=eaAaGwObaaamqv)(mh=TE6vZu8BtLBoQJ-X)16.jpg
<iframe src="https://www.pornhub.com/embed/678fe3f43fa90" frameborder="0" height="481" width="608" scrolling="no"></iframe>|https://ei.phncdn.com/videos/202501/21/463499495/original/(m=eaf8GgaaaWavb)(mh=zrW0zfykNpc0tUqU)10.jpg|https://ei.phncdn.com/videos/202501/21/463499495/original/(m=eaf8GgaaaWavb)(mh=zrW0zfykNpc0tUqU)1.jpg;https://ei.phncdn.com/videos/202501/21/463499495/original/(m=eaf8GgaaaWavb)(mh=zrW0zfykNpc0tUqU)2.jpg;https://ei.phncdn.com/videos/202501/21/463499495/original/(m=eaf8GgaaaWavb)(mh=zrW0zfykNpc0tUqU)3.jpg;https://ei.phncdn.com/videos/202501/21/463499495/original/(m=eaf8GgaaaWavb)(mh=zrW0zfykNpc0tUqU)4.jpg;https://ei.phncdn.com/videos/202501/21/463499495/original/(m=eaf8GgaaaWavb)(mh=zrW0zfykNpc0tUqU)5.jpg;https://ei.phncdn.com/videos/202501/21/463499495/original/(m=eaf8GgaaaWavb)(mh=zrW0zfykNpc0tUqU)6.jpg;https://ei.phncdn.com/videos/202501/21/463499495/original/(m=eaf8GgaaaWavb)(mh=zrW0zfykNpc0tUqU)7.jpg;https://ei.phncdn.com/videos/202501/21/463499495/original/(m=eaf8GgaaaWavb)(mh=zrW0zfykNpc0tUqU)8.jpg;https://ei.phncdn.com/videos/202501/21/463499495/original/(m=eaf8GgaaaWavb)(mh=zrW0zfykNpc0tUqU)9.jpg;https://ei.phncdn.com/videos/202501/21/463499495/original/(m=eaf8GgaaaWavb)(mh=zrW0zfykNpc0tUqU)10.jpg;https://ei.phncdn.com/videos/202501/21/463499495/original/(m=eaf8GgaaaWavb)(mh=zrW0zfykNpc0tUqU)11.jpg;https://ei.phncdn.com/videos/202501/21/463499495/original/(m=eaf8GgaaaWavb)(mh=zrW0zfykNpc0tUqU)12.jpg;https://ei.phncdn.com/videos/202501/21/463499495/original/(m=eaf8GgaaaWavb)(mh=zrW0zfykNpc0tUqU)13.jpg;https://ei.phncdn.com/videos/202501/21/463499495/original/(m=eaf8GgaaaWavb)(mh=zrW0zfykNpc0tUqU)14.jpg;https://ei.phncdn.com/videos/202501/21/463499495/original/(m=eaf8GgaaaWavb)(mh=zrW0zfykNpc0tUqU)15.jpg;https://ei.phncdn.com/videos/202501/21/463499495/original/(m=eaf8GgaaaWavb)(mh=zrW0zfykNpc0tUqU)16.jpg|HOW TO LICK & FINGER GIRLS|how-to-eat-pussy;how-to-finger-a-girl;how-to-lick-pussy;pussy-licking;sex-teacher;sex-tutorial|Pussy Licking;Verified Amateurs;Solo Female;Female Orgasm||404|18148|46|9|https://ei.phncdn.com/videos/202501/21/463499495/original/(m=eaAaGwObaaamqv)(mh=CPEGKSriVGOyyBNx)10.jpg|https://ei.phncdn.com/videos/202501/21/463499495/original/(m=eaAaGwObaaamqv)(mh=CPEGKSriVGOyyBNx)1.jpg;https://ei.phncdn.com/videos/202501/21/463499495/original/(m=eaAaGwObaaamqv)(mh=CPEGKSriVGOyyBNx)2.jpg;https://ei.phncdn.com/videos/202501/21/463499495/original/(m=eaAaGwObaaamqv)(mh=CPEGKSriVGOyyBNx)3.jpg;https://ei.phncdn.com/videos/202501/21/463499495/original/(m=eaAaGwObaaamqv)(mh=CPEGKSriVGOyyBNx)4.jpg;https://ei.phncdn.com/videos/202501/21/463499495/original/(m=eaAaGwObaaamqv)(mh=CPEGKSriVGOyyBNx)5.jpg;https://ei.phncdn.com/videos/202501/21/463499495/original/(m=eaAaGwObaaamqv)(mh=CPEGKSriVGOyyBNx)6.jpg;https://ei.phncdn.com/videos/202501/21/463499495/original/(m=eaAaGwObaaamqv)(mh=CPEGKSriVGOyyBNx)7.jpg;https://ei.phncdn.com/videos/202501/21/463499495/original/(m=eaAaGwObaaamqv)(mh=CPEGKSriVGOyyBNx)8.jpg;https://ei.phncdn.com/videos/202501/21/463499495/original/(m=eaAaGwObaaamqv)(mh=CPEGKSriVGOyyBNx)9.jpg;https://ei.phncdn.com/videos/202501/21/463499495/original/(m=eaAaGwObaaamqv)(mh=CPEGKSriVGOyyBNx)10.jpg;https://ei.phncdn.com/videos/202501/21/463499495/original/(m=eaAaGwObaaamqv)(mh=CPEGKSriVGOyyBNx)11.jpg;https://ei.phncdn.com/videos/202501/21/463499495/original/(m=eaAaGwObaaamqv)(mh=CPEGKSriVGOyyBNx)12.jpg;https://ei.phncdn.com/videos/202501/21/463499495/original/(m=eaAaGwObaaamqv)(mh=CPEGKSriVGOyyBNx)13.jpg;https://ei.phncdn.com/videos/202501/21/463499495/original/(m=eaAaGwObaaamqv)(mh=CPEGKSriVGOyyBNx)14.jpg;https://ei.phncdn.com/videos/202501/21/463499495/original/(m=eaAaGwObaaamqv)(mh=CPEGKSriVGOyyBNx)15.jpg;https://ei.phncdn.com/videos/202501/21/463499495/original/(m=eaAaGwObaaamqv)(mh=CPEGKSriVGOyyBNx)16.jpg
<iframe src="https://www.pornhub.com/embed/67a7554471947" frameborder="0" height="481" width="608" scrolling="no"></iframe>|https://ei.phncdn.com/videos/202502/08/464293955/original/(m=eaf8GgaaaWavb)(mh=p_rEj96uEaf7lfU5)3.jpg|https://ei.phncdn.com/videos/202502/08/464293955/original/(m=eaf8GgaaaWavb)(mh=p_rEj96uEaf7lfU5)1.jpg;https://ei.phncdn.com/videos/202502/08/464293955/original/(m=eaf8GgaaaWavb)(mh=p_rEj96uEaf7lfU5)2.jpg;https://ei.phncdn.com/videos/202502/08/464293955/original/(m=eaf8GgaaaWavb)(mh=p_rEj96uEaf7lfU5)3.jpg;https://ei.phncdn.com/videos/202502/08/464293955/original/(m=eaf8GgaaaWavb)(mh=p_rEj96uEaf7lfU5)4.jpg;https://ei.phncdn.com/videos/202502/08/464293955/original/(m=eaf8GgaaaWavb)(mh=p_rEj96uEaf7lfU5)5.jpg;https://ei.phncdn.com/videos/202502/08/464293955/original/(m=eaf8GgaaaWavb)(mh=p_rEj96uEaf7lfU5)6.jpg;https://ei.phncdn.com/videos/202502/08/464293955/original/(m=eaf8GgaaaWavb)(mh=p_rEj96uEaf7lfU5)7.jpg;https://ei.phncdn.com/videos/202502/08/464293955/original/(m=eaf8GgaaaWavb)(mh=p_rEj96uEaf7lfU5)8.jpg;https://ei.phncdn.com/videos/202502/08/464293955/original/(m=eaf8GgaaaWavb)(mh=p_rEj96uEaf7lfU5)9.jpg;https://ei.phncdn.com/videos/202502/08/464293955/original/(m=eaf8GgaaaWavb)(mh=p_rEj96uEaf7lfU5)10.jpg;https://ei.phncdn.com/videos/202502/08/464293955/original/(m=eaf8GgaaaWavb)(mh=p_rEj96uEaf7lfU5)11.jpg;https://ei.phncdn.com/videos/202502/08/464293955/original/(m=eaf8GgaaaWavb)(mh=p_rEj96uEaf7lfU5)12.jpg;https://ei.phncdn.com/videos/202502/08/464293955/original/(m=eaf8GgaaaWavb)(mh=p_rEj96uEaf7lfU5)13.jpg;https://ei.phncdn.com/videos/202502/08/464293955/original/(m=eaf8GgaaaWavb)(mh=p_rEj96uEaf7lfU5)14.jpg;https://ei.phncdn.com/videos/202502/08/464293955/original/(m=eaf8GgaaaWavb)(mh=p_rEj96uEaf7lfU5)15.jpg;https://ei.phncdn.com/videos/202502/08/464293955/original/(m=eaf8GgaaaWavb)(mh=p_rEj96uEaf7lfU5)16.jpg|Two beautiful girls are in love|lesbian;lesbian-kissing;beautiful-girl;lesbian-fingering|Pussy Licking;Female Orgasm||977|1311|4|2|https://ei.phncdn.com/videos/202502/08/464293955/original/(m=eaAaGwObaaamqv)(mh=l9HYn5J1q-CH29oT)3.jpg|https://ei.phncdn.com/videos/202502/08/464293955/original/(m=eaAaGwObaaamqv)(mh=l9HYn5J1q-CH29oT)1.jpg;https://ei.phncdn.com/videos/202502/08/464293955/original/(m=eaAaGwObaaamqv)(mh=l9HYn5J1q-CH29oT)2.jpg;https://ei.phncdn.com/videos/202502/08/464293955/original/(m=eaAaGwObaaamqv)(mh=l9HYn5J1q-CH29oT)3.jpg;https://ei.phncdn.com/videos/202502/08/464293955/original/(m=eaAaGwObaaamqv)(mh=l9HYn5J1q-CH29oT)4.jpg;https://ei.phncdn.com/videos/202502/08/464293955/original/(m=eaAaGwObaaamqv)(mh=l9HYn5J1q-CH29oT)5.jpg;https://ei.phncdn.com/videos/202502/08/464293955/original/(m=eaAaGwObaaamqv)(mh=l9HYn5J1q-CH29oT)6.jpg;https://ei.phncdn.com/videos/202502/08/464293955/original/(m=eaAaGwObaaamqv)(mh=l9HYn5J1q-CH29oT)7.jpg;https://ei.phncdn.com/videos/202502/08/464293955/original/(m=eaAaGwObaaamqv)(mh=l9HYn5J1q-CH29oT)8.jpg;https://ei.phncdn.com/videos/202502/08/464293955/original/(m=eaAaGwObaaamqv)(mh=l9HYn5J1q-CH29oT)9.jpg;https://ei.phncdn.com/videos/202502/08/464293955/original/(m=eaAaGwObaaamqv)(mh=l9HYn5J1q-CH29oT)10.jpg;https://ei.phncdn.com/videos/202502/08/464293955/original/(m=eaAaGwObaaamqv)(mh=l9HYn5J1q-CH29oT)11.jpg;https://ei.phncdn.com/videos/202502/08/464293955/original/(m=eaAaGwObaaamqv)(mh=l9HYn5J1q-CH29oT)12.jpg;https://ei.phncdn.com/videos/202502/08/464293955/original/(m=eaAaGwObaaamqv)(mh=l9HYn5J1q-CH29oT)13.jpg;https://ei.phncdn.com/videos/202502/08/464293955/original/(m=eaAaGwObaaamqv)(mh=l9HYn5J1q-CH29oT)14.jpg;https://ei.phncdn.com/videos/202502/08/464293955/original/(m=eaAaGwObaaamqv)(mh=l9HYn5J1q-CH29oT)15.jpg;https://ei.phncdn.com/videos/202502/08/464293955/original/(m=eaAaGwObaaamqv)(mh=l9HYn5J1q-CH29oT)16.jpg
<iframe src="https://www.pornhub.com/embed/67e5b501a1f55" frameborder="0" height="481" width="608" scrolling="no"></iframe>|https://ei.phncdn.com/videos/202503/27/466414675/original/(m=eaf8GgaaaWavb)(mh=K1iuV6lFMOZjt59f)15.jpg|https://ei.phncdn.com/videos/202503/27/466414675/original/(m=eaf8GgaaaWavb)(mh=K1iuV6lFMOZjt59f)1.jpg;https://ei.phncdn.com/videos/202503/27/466414675/original/(m=eaf8GgaaaWavb)(mh=K1iuV6lFMOZjt59f)2.jpg;https://ei.phncdn.com/videos/202503/27/466414675/original/(m=eaf8GgaaaWavb)(mh=K1iuV6lFMOZjt59f)3.jpg;https://ei.phncdn.com/videos/202503/27/466414675/original/(m=eaf8GgaaaWavb)(mh=K1iuV6lFMOZjt59f)4.jpg;https://ei.phncdn.com/videos/202503/27/466414675/original/(m=eaf8GgaaaWavb)(mh=K1iuV6lFMOZjt59f)5.jpg;https://ei.phncdn.com/videos/202503/27/466414675/original/(m=eaf8GgaaaWavb)(mh=K1iuV6lFMOZjt59f)6.jpg;https://ei.phncdn.com/videos/202503/27/466414675/original/(m=eaf8GgaaaWavb)(mh=K1iuV6lFMOZjt59f)7.jpg;https://ei.phncdn.com/videos/202503/27/466414675/original/(m=eaf8GgaaaWavb)(mh=K1iuV6lFMOZjt59f)8.jpg;https://ei.phncdn.com/videos/202503/27/466414675/original/(m=eaf8GgaaaWavb)(mh=K1iuV6lFMOZjt59f)9.jpg;https://ei.phncdn.com/videos/202503/27/466414675/original/(m=eaf8GgaaaWavb)(mh=K1iuV6lFMOZjt59f)10.jpg;https://ei.phncdn.com/videos/202503/27/466414675/original/(m=eaf8GgaaaWavb)(mh=K1iuV6lFMOZjt59f)11.jpg;https://ei.phncdn.com/videos/202503/27/466414675/original/(m=eaf8GgaaaWavb)(mh=K1iuV6lFMOZjt59f)12.jpg;https://ei.phncdn.com/videos/202503/27/466414675/original/(m=eaf8GgaaaWavb)(mh=K1iuV6lFMOZjt59f)13.jpg;https://ei.phncdn.com/videos/202503/27/466414675/original/(m=eaf8GgaaaWavb)(mh=K1iuV6lFMOZjt59f)14.jpg;https://ei.phncdn.com/videos/202503/27/466414675/original/(m=eaf8GgaaaWavb)(mh=K1iuV6lFMOZjt59f)15.jpg;https://ei.phncdn.com/videos/202503/27/466414675/original/(m=eaf8GgaaaWavb)(mh=K1iuV6lFMOZjt59f)16.jpg|We enjoy one each other!|hard-rough-sex;lesbian;lesbian-kissing|Pussy Licking;Verified Amateurs;Solo Female;Tattooed Women;Vertical Video||23|197|9|0|https://ei.phncdn.com/videos/202503/27/466414675/original/(m=eaAaGwObaaamqv)(mh=5CY8DVF5rIVFGTm0)15.jpg|https://ei.phncdn.com/videos/202503/27/466414675/original/(m=eaAaGwObaaamqv)(mh=5CY8DVF5rIVFGTm0)1.jpg;https://ei.phncdn.com/videos/202503/27/466414675/original/(m=eaAaGwObaaamqv)(mh=5CY8DVF5rIVFGTm0)2.jpg;https://ei.phncdn.com/videos/202503/27/466414675/original/(m=eaAaGwObaaamqv)(mh=5CY8DVF5rIVFGTm0)3.jpg;https://ei.phncdn.com/videos/202503/27/466414675/original/(m=eaAaGwObaaamqv)(mh=5CY8DVF5rIVFGTm0)4.jpg;https://ei.phncdn.com/videos/202503/27/466414675/original/(m=eaAaGwObaaamqv)(mh=5CY8DVF5rIVFGTm0)5.jpg;https://ei.phncdn.com/videos/202503/27/466414675/original/(m=eaAaGwObaaamqv)(mh=5CY8DVF5rIVFGTm0)6.jpg;https://ei.phncdn.com/videos/202503/27/466414675/original/(m=eaAaGwObaaamqv)(mh=5CY8DVF5rIVFGTm0)7.jpg;https://ei.phncdn.com/videos/202503/27/466414675/original/(m=eaAaGwObaaamqv)(mh=5CY8DVF5rIVFGTm0)8.jpg;https://ei.phncdn.com/videos/202503/27/466414675/original/(m=eaAaGwObaaamqv)(mh=5CY8DVF5rIVFGTm0)9.jpg;https://ei.phncdn.com/videos/202503/27/466414675/original/(m=eaAaGwObaaamqv)(mh=5CY8DVF5rIVFGTm0)10.jpg;https://ei.phncdn.com/videos/202503/27/466414675/original/(m=eaAaGwObaaamqv)(mh=5CY8DVF5rIVFGTm0)11.jpg;https://ei.phncdn.com/videos/202503/27/466414675/original/(m=eaAaGwObaaamqv)(mh=5CY8DVF5rIVFGTm0)12.jpg;https://ei.phncdn.com/videos/202503/27/466414675/original/(m=eaAaGwObaaamqv)(mh=5CY8DVF5rIVFGTm0)13.jpg;https://ei.phncdn.com/videos/202503/27/466414675/original/(m=eaAaGwObaaamqv)(mh=5CY8DVF5rIVFGTm0)14.jpg;https://ei.phncdn.com/videos/202503/27/466414675/original/(m=eaAaGwObaaamqv)(mh=5CY8DVF5rIVFGTm0)15.jpg;https://ei.phncdn.com/videos/202503/27/466414675/original/(m=eaAaGwObaaamqv)(mh=5CY8DVF5rIVFGTm0)16.jpg
<iframe src="https://www.pornhub.com/embed/67ef28c68ed01" frameborder="0" height="481" width="608" scrolling="no"></iframe>|https://ei.phncdn.com/videos/202504/04/466765475/original/(m=eaf8GgaaaWavb)(mh=nMJP5w8aAeHGXaoW)12.jpg|https://ei.phncdn.com/videos/202504/04/466765475/original/(m=eaf8GgaaaWavb)(mh=nMJP5w8aAeHGXaoW)1.jpg;https://ei.phncdn.com/videos/202504/04/466765475/original/(m=eaf8GgaaaWavb)(mh=nMJP5w8aAeHGXaoW)2.jpg;https://ei.phncdn.com/videos/202504/04/466765475/original/(m=eaf8GgaaaWavb)(mh=nMJP5w8aAeHGXaoW)3.jpg;https://ei.phncdn.com/videos/202504/04/466765475/original/(m=eaf8GgaaaWavb)(mh=nMJP5w8aAeHGXaoW)4.jpg;https://ei.phncdn.com/videos/202504/04/466765475/original/(m=eaf8GgaaaWavb)(mh=nMJP5w8aAeHGXaoW)5.jpg;https://ei.phncdn.com/videos/202504/04/466765475/original/(m=eaf8GgaaaWavb)(mh=nMJP5w8aAeHGXaoW)6.jpg;https://ei.phncdn.com/videos/202504/04/466765475/original/(m=eaf8GgaaaWavb)(mh=nMJP5w8aAeHGXaoW)7.jpg;https://ei.phncdn.com/videos/202504/04/466765475/original/(m=eaf8GgaaaWavb)(mh=nMJP5w8aAeHGXaoW)8.jpg;https://ei.phncdn.com/videos/202504/04/466765475/original/(m=eaf8GgaaaWavb)(mh=nMJP5w8aAeHGXaoW)9.jpg;https://ei.phncdn.com/videos/202504/04/466765475/original/(m=eaf8GgaaaWavb)(mh=nMJP5w8aAeHGXaoW)10.jpg;https://ei.phncdn.com/videos/202504/04/466765475/original/(m=eaf8GgaaaWavb)(mh=nMJP5w8aAeHGXaoW)11.jpg;https://ei.phncdn.com/videos/202504/04/466765475/original/(m=eaf8GgaaaWavb)(mh=nMJP5w8aAeHGXaoW)12.jpg;https://ei.phncdn.com/videos/202504/04/466765475/original/(m=eaf8GgaaaWavb)(mh=nMJP5w8aAeHGXaoW)13.jpg;https://ei.phncdn.com/videos/202504/04/466765475/original/(m=eaf8GgaaaWavb)(mh=nMJP5w8aAeHGXaoW)14.jpg;https://ei.phncdn.com/videos/202504/04/466765475/original/(m=eaf8GgaaaWavb)(mh=nMJP5w8aAeHGXaoW)15.jpg;https://ei.phncdn.com/videos/202504/04/466765475/original/(m=eaf8GgaaaWavb)(mh=nMJP5w8aAeHGXaoW)16.jpg|Lizzy Doll a horny woman gets her pussy fucked|pornstar;pussy-licking;babes;perfect-bussy;fingering;female-orgasm|Pussy Licking;Female Orgasm||1522|10|1|0|https://ei.phncdn.com/videos/202504/04/466765475/original/(m=eaAaGwObaaamqv)(mh=aSM0sNxVXif08CPx)12.jpg|https://ei.phncdn.com/videos/202504/04/466765475/original/(m=eaAaGwObaaamqv)(mh=aSM0sNxVXif08CPx)1.jpg;https://ei.phncdn.com/videos/202504/04/466765475/original/(m=eaAaGwObaaamqv)(mh=aSM0sNxVXif08CPx)2.jpg;https://ei.phncdn.com/videos/202504/04/466765475/original/(m=eaAaGwObaaamqv)(mh=aSM0sNxVXif08CPx)3.jpg;https://ei.phncdn.com/videos/202504/04/466765475/original/(m=eaAaGwObaaamqv)(mh=aSM0sNxVXif08CPx)4.jpg;https://ei.phncdn.com/videos/202504/04/466765475/original/(m=eaAaGwObaaamqv)(mh=aSM0sNxVXif08CPx)5.jpg;https://ei.phncdn.com/videos/202504/04/466765475/original/(m=eaAaGwObaaamqv)(mh=aSM0sNxVXif08CPx)6.jpg;https://ei.phncdn.com/videos/202504/04/466765475/original/(m=eaAaGwObaaamqv)(mh=aSM0sNxVXif08CPx)7.jpg;https://ei.phncdn.com/videos/202504/04/466765475/original/(m=eaAaGwObaaamqv)(mh=aSM0sNxVXif08CPx)8.jpg;https://ei.phncdn.com/videos/202504/04/466765475/original/(m=eaAaGwObaaamqv)(mh=aSM0sNxVXif08CPx)9.jpg;https://ei.phncdn.com/videos/202504/04/466765475/original/(m=eaAaGwObaaamqv)(mh=aSM0sNxVXif08CPx)10.jpg;https://ei.phncdn.com/videos/202504/04/466765475/original/(m=eaAaGwObaaamqv)(mh=aSM0sNxVXif08CPx)11.jpg;https://ei.phncdn.com/videos/202504/04/466765475/original/(m=eaAaGwObaaamqv)(mh=aSM0sNxVXif08CPx)12.jpg;https://ei.phncdn.com/videos/202504/04/466765475/original/(m=eaAaGwObaaamqv)(mh=aSM0sNxVXif08CPx)13.jpg;https://ei.phncdn.com/videos/202504/04/466765475/original/(m=eaAaGwObaaamqv)(mh=aSM0sNxVXif08CPx)14.jpg;https://ei.phncdn.com/videos/202504/04/466765475/original/(m=eaAaGwObaaamqv)(mh=aSM0sNxVXif08CPx)15.jpg;https://ei.phncdn.com/videos/202504/04/466765475/original/(m=eaAaGwObaaamqv)(mh=aSM0sNxVXif08CPx)16.jpg
<iframe src="https://www.pornhub.com/embed/682ceccb03e6d" frameborder="0" height="481" width="608" scrolling="no"></iframe>|https://ei.phncdn.com/videos/202505/20/468920005/original/(m=eaf8GgaaaWavb)(mh=sPMemXIHf1iypeWH)8.jpg|https://ei.phncdn.com/videos/202505/20/468920005/original/(m=eaf8GgaaaWavb)(mh=sPMemXIHf1iypeWH)1.jpg;https://ei.phncdn.com/videos/202505/20/468920005/original/(m=eaf8GgaaaWavb)(mh=sPMemXIHf1iypeWH)2.jpg;https://ei.phncdn.com/videos/202505/20/468920005/original/(m=eaf8GgaaaWavb)(mh=sPMemXIHf1iypeWH)3.jpg;https://ei.phncdn.com/videos/202505/20/468920005/original/(m=eaf8GgaaaWavb)(mh=sPMemXIHf1iypeWH)4.jpg;https://ei.phncdn.com/videos/202505/20/468920005/original/(m=eaf8GgaaaWavb)(mh=sPMemXIHf1iypeWH)5.jpg;https://ei.phncdn.com/videos/202505/20/468920005/original/(m=eaf8GgaaaWavb)(mh=sPMemXIHf1iypeWH)6.jpg;https://ei.phncdn.com/videos/202505/20/468920005/original/(m=eaf8GgaaaWavb)(mh=sPMemXIHf1iypeWH)7.jpg;https://ei.phncdn.com/videos/202505/20/468920005/original/(m=eaf8GgaaaWavb)(mh=sPMemXIHf1iypeWH)8.jpg;https://ei.phncdn.com/videos/202505/20/468920005/original/(m=eaf8GgaaaWavb)(mh=sPMemXIHf1iypeWH)9.jpg;https://ei.phncdn.com/videos/202505/20/468920005/original/(m=eaf8GgaaaWavb)(mh=sPMemXIHf1iypeWH)10.jpg;https://ei.phncdn.com/videos/202505/20/468920005/original/(m=eaf8GgaaaWavb)(mh=sPMemXIHf1iypeWH)11.jpg;https://ei.phncdn.com/videos/202505/20/468920005/original/(m=eaf8GgaaaWavb)(mh=sPMemXIHf1iypeWH)12.jpg;https://ei.phncdn.com/videos/202505/20/468920005/original/(m=eaf8GgaaaWavb)(mh=sPMemXIHf1iypeWH)13.jpg;https://ei.phncdn.com/videos/202505/20/468920005/original/(m=eaf8GgaaaWavb)(mh=sPMemXIHf1iypeWH)14.jpg;https://ei.phncdn.com/videos/202505/20/468920005/original/(m=eaf8GgaaaWavb)(mh=sPMemXIHf1iypeWH)15.jpg;https://ei.phncdn.com/videos/202505/20/468920005/original/(m=eaf8GgaaaWavb)(mh=sPMemXIHf1iypeWH)16.jpg|Eating Her Pussy|eating-pussy;extreme-pussy-eating|Pussy Licking;Verified Amateurs;Old/Young (18+)||11|40|||https://ei.phncdn.com/videos/202505/20/468920005/original/(m=eaAaGwObaaamqv)(mh=SjvlZ02EkMjs0g5f)8.jpg|https://ei.phncdn.com/videos/202505/20/468920005/original/(m=eaAaGwObaaamqv)(mh=SjvlZ02EkMjs0g5f)1.jpg;https://ei.phncdn.com/videos/202505/20/468920005/original/(m=eaAaGwObaaamqv)(mh=SjvlZ02EkMjs0g5f)2.jpg;https://ei.phncdn.com/videos/202505/20/468920005/original/(m=eaAaGwObaaamqv)(mh=SjvlZ02EkMjs0g5f)3.jpg;https://ei.phncdn.com/videos/202505/20/468920005/original/(m=eaAaGwObaaamqv)(mh=SjvlZ02EkMjs0g5f)4.jpg;https://ei.phncdn.com/videos/202505/20/468920005/original/(m=eaAaGwObaaamqv)(mh=SjvlZ02EkMjs0g5f)5.jpg;https://ei.phncdn.com/videos/202505/20/468920005/original/(m=eaAaGwObaaamqv)(mh=SjvlZ02EkMjs0g5f)6.jpg;https://ei.phncdn.com/videos/202505/20/468920005/original/(m=eaAaGwObaaamqv)(mh=SjvlZ02EkMjs0g5f)7.jpg;https://ei.phncdn.com/videos/202505/20/468920005/original/(m=eaAaGwObaaamqv)(mh=SjvlZ02EkMjs0g5f)8.jpg;https://ei.phncdn.com/videos/202505/20/468920005/original/(m=eaAaGwObaaamqv)(mh=SjvlZ02EkMjs0g5f)9.jpg;https://ei.phncdn.com/videos/202505/20/468920005/original/(m=eaAaGwObaaamqv)(mh=SjvlZ02EkMjs0g5f)10.jpg;https://ei.phncdn.com/videos/202505/20/468920005/original/(m=eaAaGwObaaamqv)(mh=SjvlZ02EkMjs0g5f)11.jpg;https://ei.phncdn.com/videos/202505/20/468920005/original/(m=eaAaGwObaaamqv)(mh=SjvlZ02EkMjs0g5f)12.jpg;https://ei.phncdn.com/videos/202505/20/468920005/original/(m=eaAaGwObaaamqv)(mh=SjvlZ02EkMjs0g5f)13.jpg;https://ei.phncdn.com/videos/202505/20/468920005/original/(m=eaAaGwObaaamqv)(mh=SjvlZ02EkMjs0g5f)14.jpg;https://ei.phncdn.com/videos/202505/20/468920005/original/(m=eaAaGwObaaamqv)(mh=SjvlZ02EkMjs0g5f)15.jpg;https://ei.phncdn.com/videos/202505/20/468920005/original/(m=eaAaGwObaaamqv)(mh=SjvlZ02EkMjs0g5f)16.jpg
<iframe src="https://www.pornhub.com/embed/6840ae6c8a73d" frameborder="0" height="481" width="608" scrolling="no"></iframe>|https://ei.phncdn.com/videos/202506/04/469793245/original/(m=eaf8GgaaaWavb)(mh=5Z7xir59j8QALznV)6.jpg|https://ei.phncdn.com/videos/202506/04/469793245/original/(m=eaf8GgaaaWavb)(mh=5Z7xir59j8QALznV)1.jpg;https://ei.phncdn.com/videos/202506/04/469793245/original/(m=eaf8GgaaaWavb)(mh=5Z7xir59j8QALznV)2.jpg;https://ei.phncdn.com/videos/202506/04/469793245/original/(m=eaf8GgaaaWavb)(mh=5Z7xir59j8QALznV)3.jpg;https://ei.phncdn.com/videos/202506/04/469793245/original/(m=eaf8GgaaaWavb)(mh=5Z7xir59j8QALznV)4.jpg;https://ei.phncdn.com/videos/202506/04/469793245/original/(m=eaf8GgaaaWavb)(mh=5Z7xir59j8QALznV)5.jpg;https://ei.phncdn.com/videos/202506/04/469793245/original/(m=eaf8GgaaaWavb)(mh=5Z7xir59j8QALznV)6.jpg;https://ei.phncdn.com/videos/202506/04/469793245/original/(m=eaf8GgaaaWavb)(mh=5Z7xir59j8QALznV)7.jpg;https://ei.phncdn.com/videos/202506/04/469793245/original/(m=eaf8GgaaaWavb)(mh=5Z7xir59j8QALznV)8.jpg;https://ei.phncdn.com/videos/202506/04/469793245/original/(m=eaf8GgaaaWavb)(mh=5Z7xir59j8QALznV)9.jpg;https://ei.phncdn.com/videos/202506/04/469793245/original/(m=eaf8GgaaaWavb)(mh=5Z7xir59j8QALznV)10.jpg;https://ei.phncdn.com/videos/202506/04/469793245/original/(m=eaf8GgaaaWavb)(mh=5Z7xir59j8QALznV)11.jpg;https://ei.phncdn.com/videos/202506/04/469793245/original/(m=eaf8GgaaaWavb)(mh=5Z7xir59j8QALznV)12.jpg;https://ei.phncdn.com/videos/202506/04/469793245/original/(m=eaf8GgaaaWavb)(mh=5Z7xir59j8QALznV)13.jpg;https://ei.phncdn.com/videos/202506/04/469793245/original/(m=eaf8GgaaaWavb)(mh=5Z7xir59j8QALznV)14.jpg;https://ei.phncdn.com/videos/202506/04/469793245/original/(m=eaf8GgaaaWavb)(mh=5Z7xir59j8QALznV)15.jpg;https://ei.phncdn.com/videos/202506/04/469793245/original/(m=eaf8GgaaaWavb)(mh=5Z7xir59j8QALznV)16.jpg|Intense Pussy Licking Orgasms - Listen to her Cum|eating-pussy;licking-pussy;pussy-licking-orgasm;pussy;pussy-worship;female-orgasm;loud-moaning;loud-moaning-orgasm;real-orgasm;clit-sucking;moaning|Pussy Licking;Verified Amateurs;Female Orgasm||232|225806|429|56|https://ei.phncdn.com/videos/202506/04/469793245/original/(m=eaAaGwObaaamqv)(mh=SHnTnxmye1hOwR8P)6.jpg|https://ei.phncdn.com/videos/202506/04/469793245/original/(m=eaAaGwObaaamqv)(mh=SHnTnxmye1hOwR8P)1.jpg;https://ei.phncdn.com/videos/202506/04/469793245/original/(m=eaAaGwObaaamqv)(mh=SHnTnxmye1hOwR8P)2.jpg;https://ei.phncdn.com/videos/202506/04/469793245/original/(m=eaAaGwObaaamqv)(mh=SHnTnxmye1hOwR8P)3.jpg;https://ei.phncdn.com/videos/202506/04/469793245/original/(m=eaAaGwObaaamqv)(mh=SHnTnxmye1hOwR8P)4.jpg;https://ei.phncdn.com/videos/202506/04/469793245/original/(m=eaAaGwObaaamqv)(mh=SHnTnxmye1hOwR8P)5.jpg;https://ei.phncdn.com/videos/202506/04/469793245/original/(m=eaAaGwObaaamqv)(mh=SHnTnxmye1hOwR8P)6.jpg;https://ei.phncdn.com/videos/202506/04/469793245/original/(m=eaAaGwObaaamqv)(mh=SHnTnxmye1hOwR8P)7.jpg;https://ei.phncdn.com/videos/202506/04/469793245/original/(m=eaAaGwObaaamqv)(mh=SHnTnxmye1hOwR8P)8.jpg;https://ei.phncdn.com/videos/202506/04/469793245/original/(m=eaAaGwObaaamqv)(mh=SHnTnxmye1hOwR8P)9.jpg;https://ei.phncdn.com/videos/202506/04/469793245/original/(m=eaAaGwObaaamqv)(mh=SHnTnxmye1hOwR8P)10.jpg;https://ei.phncdn.com/videos/202506/04/469793245/original/(m=eaAaGwObaaamqv)(mh=SHnTnxmye1hOwR8P)11.jpg;https://ei.phncdn.com/videos/202506/04/469793245/original/(m=eaAaGwObaaamqv)(mh=SHnTnxmye1hOwR8P)12.jpg;https://ei.phncdn.com/videos/202506/04/469793245/original/(m=eaAaGwObaaamqv)(mh=SHnTnxmye1hOwR8P)13.jpg;https://ei.phncdn.com/videos/202506/04/469793245/original/(m=eaAaGwObaaamqv)(mh=SHnTnxmye1hOwR8P)14.jpg;https://ei.phncdn.com/videos/202506/04/469793245/original/(m=eaAaGwObaaamqv)(mh=SHnTnxmye1hOwR8P)15.jpg;https://ei.phncdn.com/videos/202506/04/469793245/original/(m=eaAaGwObaaamqv)(mh=SHnTnxmye1hOwR8P)16.jpg
<iframe src="https://www.pornhub.com/embed/6840ae6c7d380" frameborder="0" height="481" width="608" scrolling="no"></iframe>|https://ei.phncdn.com/videos/202506/04/469793375/original/(m=eaf8GgaaaWavb)(mh=BMCdMHo9GsPGwQYT)7.jpg|https://ei.phncdn.com/videos/202506/04/469793375/original/(m=eaf8GgaaaWavb)(mh=BMCdMHo9GsPGwQYT)1.jpg;https://ei.phncdn.com/videos/202506/04/469793375/original/(m=eaf8GgaaaWavb)(mh=BMCdMHo9GsPGwQYT)2.jpg;https://ei.phncdn.com/videos/202506/04/469793375/original/(m=eaf8GgaaaWavb)(mh=BMCdMHo9GsPGwQYT)3.jpg;https://ei.phncdn.com/videos/202506/04/469793375/original/(m=eaf8GgaaaWavb)(mh=BMCdMHo9GsPGwQYT)4.jpg;https://ei.phncdn.com/videos/202506/04/469793375/original/(m=eaf8GgaaaWavb)(mh=BMCdMHo9GsPGwQYT)5.jpg;https://ei.phncdn.com/videos/202506/04/469793375/original/(m=eaf8GgaaaWavb)(mh=BMCdMHo9GsPGwQYT)6.jpg;https://ei.phncdn.com/videos/202506/04/469793375/original/(m=eaf8GgaaaWavb)(mh=BMCdMHo9GsPGwQYT)7.jpg;https://ei.phncdn.com/videos/202506/04/469793375/original/(m=eaf8GgaaaWavb)(mh=BMCdMHo9GsPGwQYT)8.jpg;https://ei.phncdn.com/videos/202506/04/469793375/original/(m=eaf8GgaaaWavb)(mh=BMCdMHo9GsPGwQYT)9.jpg;https://ei.phncdn.com/videos/202506/04/469793375/original/(m=eaf8GgaaaWavb)(mh=BMCdMHo9GsPGwQYT)10.jpg;https://ei.phncdn.com/videos/202506/04/469793375/original/(m=eaf8GgaaaWavb)(mh=BMCdMHo9GsPGwQYT)11.jpg;https://ei.phncdn.com/videos/202506/04/469793375/original/(m=eaf8GgaaaWavb)(mh=BMCdMHo9GsPGwQYT)12.jpg;https://ei.phncdn.com/videos/202506/04/469793375/original/(m=eaf8GgaaaWavb)(mh=BMCdMHo9GsPGwQYT)13.jpg;https://ei.phncdn.com/videos/202506/04/469793375/original/(m=eaf8GgaaaWavb)(mh=BMCdMHo9GsPGwQYT)14.jpg;https://ei.phncdn.com/videos/202506/04/469793375/original/(m=eaf8GgaaaWavb)(mh=BMCdMHo9GsPGwQYT)15.jpg;https://ei.phncdn.com/videos/202506/04/469793375/original/(m=eaf8GgaaaWavb)(mh=BMCdMHo9GsPGwQYT)16.jpg|Loud Moaning Pussy Licking Orgasms - Hear Her Cumming|eating-pussy;pussy-licking;pussy-licking-orgasm;female-orgasm;jim-nova;real-orgasm;loud-moaning-orgasm;shaking-orgasm;loud-moaning;bondage;pussy-worship|Pussy Licking;Verified Amateurs;Female Orgasm;Vertical Video||329|14826|110|10|https://ei.phncdn.com/videos/202506/04/469793375/original/(m=eaAaGwObaaamqv)(mh=6u5PRcx1cMNlJUXG)7.jpg|https://ei.phncdn.com/videos/202506/04/469793375/original/(m=eaAaGwObaaamqv)(mh=6u5PRcx1cMNlJUXG)1.jpg;https://ei.phncdn.com/videos/202506/04/469793375/original/(m=eaAaGwObaaamqv)(mh=6u5PRcx1cMNlJUXG)2.jpg;https://ei.phncdn.com/videos/202506/04/469793375/original/(m=eaAaGwObaaamqv)(mh=6u5PRcx1cMNlJUXG)3.jpg;https://ei.phncdn.com/videos/202506/04/469793375/original/(m=eaAaGwObaaamqv)(mh=6u5PRcx1cMNlJUXG)4.jpg;https://ei.phncdn.com/videos/202506/04/469793375/original/(m=eaAaGwObaaamqv)(mh=6u5PRcx1cMNlJUXG)5.jpg;https://ei.phncdn.com/videos/202506/04/469793375/original/(m=eaAaGwObaaamqv)(mh=6u5PRcx1cMNlJUXG)6.jpg;https://ei.phncdn.com/videos/202506/04/469793375/original/(m=eaAaGwObaaamqv)(mh=6u5PRcx1cMNlJUXG)7.jpg;https://ei.phncdn.com/videos/202506/04/469793375/original/(m=eaAaGwObaaamqv)(mh=6u5PRcx1cMNlJUXG)8.jpg;https://ei.phncdn.com/videos/202506/04/469793375/original/(m=eaAaGwObaaamqv)(mh=6u5PRcx1cMNlJUXG)9.jpg;https://ei.phncdn.com/videos/202506/04/469793375/original/(m=eaAaGwObaaamqv)(mh=6u5PRcx1cMNlJUXG)10.jpg;https://ei.phncdn.com/videos/202506/04/469793375/original/(m=eaAaGwObaaamqv)(mh=6u5PRcx1cMNlJUXG)11.jpg;https://ei.phncdn.com/videos/202506/04/469793375/original/(m=eaAaGwObaaamqv)(mh=6u5PRcx1cMNlJUXG)12.jpg;https://ei.phncdn.com/videos/202506/04/469793375/original/(m=eaAaGwObaaamqv)(mh=6u5PRcx1cMNlJUXG)13.jpg;https://ei.phncdn.com/videos/202506/04/469793375/original/(m=eaAaGwObaaamqv)(mh=6u5PRcx1cMNlJUXG)14.jpg;https://ei.phncdn.com/videos/202506/04/469793375/original/(m=eaAaGwObaaamqv)(mh=6u5PRcx1cMNlJUXG)15.jpg;https://ei.phncdn.com/videos/202506/04/469793375/original/(m=eaAaGwObaaamqv)(mh=6u5PRcx1cMNlJUXG)16.jpg
<iframe src="https://www.pornhub.com/embed/6840ae6c866b5" frameborder="0" height="481" width="608" scrolling="no"></iframe>|https://ei.phncdn.com/videos/202506/04/469793505/original/(m=eaf8GgaaaWavb)(mh=HwEi0luO5Lcddi0D)14.jpg|https://ei.phncdn.com/videos/202506/04/469793505/original/(m=eaf8GgaaaWavb)(mh=HwEi0luO5Lcddi0D)1.jpg;https://ei.phncdn.com/videos/202506/04/469793505/original/(m=eaf8GgaaaWavb)(mh=HwEi0luO5Lcddi0D)2.jpg;https://ei.phncdn.com/videos/202506/04/469793505/original/(m=eaf8GgaaaWavb)(mh=HwEi0luO5Lcddi0D)3.jpg;https://ei.phncdn.com/videos/202506/04/469793505/original/(m=eaf8GgaaaWavb)(mh=HwEi0luO5Lcddi0D)4.jpg;https://ei.phncdn.com/videos/202506/04/469793505/original/(m=eaf8GgaaaWavb)(mh=HwEi0luO5Lcddi0D)5.jpg;https://ei.phncdn.com/videos/202506/04/469793505/original/(m=eaf8GgaaaWavb)(mh=HwEi0luO5Lcddi0D)6.jpg;https://ei.phncdn.com/videos/202506/04/469793505/original/(m=eaf8GgaaaWavb)(mh=HwEi0luO5Lcddi0D)7.jpg;https://ei.phncdn.com/videos/202506/04/469793505/original/(m=eaf8GgaaaWavb)(mh=HwEi0luO5Lcddi0D)8.jpg;https://ei.phncdn.com/videos/202506/04/469793505/original/(m=eaf8GgaaaWavb)(mh=HwEi0luO5Lcddi0D)9.jpg;https://ei.phncdn.com/videos/202506/04/469793505/original/(m=eaf8GgaaaWavb)(mh=HwEi0luO5Lcddi0D)10.jpg;https://ei.phncdn.com/videos/202506/04/469793505/original/(m=eaf8GgaaaWavb)(mh=HwEi0luO5Lcddi0D)11.jpg;https://ei.phncdn.com/videos/202506/04/469793505/original/(m=eaf8GgaaaWavb)(mh=HwEi0luO5Lcddi0D)12.jpg;https://ei.phncdn.com/videos/202506/04/469793505/original/(m=eaf8GgaaaWavb)(mh=HwEi0luO5Lcddi0D)13.jpg;https://ei.phncdn.com/videos/202506/04/469793505/original/(m=eaf8GgaaaWavb)(mh=HwEi0luO5Lcddi0D)14.jpg;https://ei.phncdn.com/videos/202506/04/469793505/original/(m=eaf8GgaaaWavb)(mh=HwEi0luO5Lcddi0D)15.jpg;https://ei.phncdn.com/videos/202506/04/469793505/original/(m=eaf8GgaaaWavb)(mh=HwEi0luO5Lcddi0D)16.jpg|ASMR Pussy Licking + Clit Sucking Orgasms - Love Eating Her Pussy|eating-pussy;pussy-licking;pussy-licking-orgasm;orgasm;shaking-orgasm;real-orgasm;pussy-worship;asmr-pussy-licking;asmr;jim-nova;loud-moaning;loud-moaning-orgasm;moaning|Pussy Licking;Verified Amateurs;Female Orgasm||254|32367|101|2|https://ei.phncdn.com/videos/202506/04/469793505/original/(m=eaAaGwObaaamqv)(mh=E1j8AA8TAettj-lh)14.jpg|https://ei.phncdn.com/videos/202506/04/469793505/original/(m=eaAaGwObaaamqv)(mh=E1j8AA8TAettj-lh)1.jpg;https://ei.phncdn.com/videos/202506/04/469793505/original/(m=eaAaGwObaaamqv)(mh=E1j8AA8TAettj-lh)2.jpg;https://ei.phncdn.com/videos/202506/04/469793505/original/(m=eaAaGwObaaamqv)(mh=E1j8AA8TAettj-lh)3.jpg;https://ei.phncdn.com/videos/202506/04/469793505/original/(m=eaAaGwObaaamqv)(mh=E1j8AA8TAettj-lh)4.jpg;https://ei.phncdn.com/videos/202506/04/469793505/original/(m=eaAaGwObaaamqv)(mh=E1j8AA8TAettj-lh)5.jpg;https://ei.phncdn.com/videos/202506/04/469793505/original/(m=eaAaGwObaaamqv)(mh=E1j8AA8TAettj-lh)6.jpg;https://ei.phncdn.com/videos/202506/04/469793505/original/(m=eaAaGwObaaamqv)(mh=E1j8AA8TAettj-lh)7.jpg;https://ei.phncdn.com/videos/202506/04/469793505/original/(m=eaAaGwObaaamqv)(mh=E1j8AA8TAettj-lh)8.jpg;https://ei.phncdn.com/videos/202506/04/469793505/original/(m=eaAaGwObaaamqv)(mh=E1j8AA8TAettj-lh)9.jpg;https://ei.phncdn.com/videos/202506/04/469793505/original/(m=eaAaGwObaaamqv)(mh=E1j8AA8TAettj-lh)10.jpg;https://ei.phncdn.com/videos/202506/04/469793505/original/(m=eaAaGwObaaamqv)(mh=E1j8AA8TAettj-lh)11.jpg;https://ei.phncdn.com/videos/202506/04/469793505/original/(m=eaAaGwObaaamqv)(mh=E1j8AA8TAettj-lh)12.jpg;https://ei.phncdn.com/videos/202506/04/469793505/original/(m=eaAaGwObaaamqv)(mh=E1j8AA8TAettj-lh)13.jpg;https://ei.phncdn.com/videos/202506/04/469793505/original/(m=eaAaGwObaaamqv)(mh=E1j8AA8TAettj-lh)14.jpg;https://ei.phncdn.com/videos/202506/04/469793505/original/(m=eaAaGwObaaamqv)(mh=E1j8AA8TAettj-lh)15.jpg;https://ei.phncdn.com/videos/202506/04/469793505/original/(m=eaAaGwObaaamqv)(mh=E1j8AA8TAettj-lh)16.jpg
<iframe src="https://www.pornhub.com/embed/6840b0fe3361d" frameborder="0" height="481" width="608" scrolling="no"></iframe>|https://ei.phncdn.com/videos/202506/04/469793785/original/(m=eaf8GgaaaWavb)(mh=4QMcAUYuZj76abAj)4.jpg|https://ei.phncdn.com/videos/202506/04/469793785/original/(m=eaf8GgaaaWavb)(mh=4QMcAUYuZj76abAj)1.jpg;https://ei.phncdn.com/videos/202506/04/469793785/original/(m=eaf8GgaaaWavb)(mh=4QMcAUYuZj76abAj)2.jpg;https://ei.phncdn.com/videos/202506/04/469793785/original/(m=eaf8GgaaaWavb)(mh=4QMcAUYuZj76abAj)3.jpg;https://ei.phncdn.com/videos/202506/04/469793785/original/(m=eaf8GgaaaWavb)(mh=4QMcAUYuZj76abAj)4.jpg;https://ei.phncdn.com/videos/202506/04/469793785/original/(m=eaf8GgaaaWavb)(mh=4QMcAUYuZj76abAj)5.jpg;https://ei.phncdn.com/videos/202506/04/469793785/original/(m=eaf8GgaaaWavb)(mh=4QMcAUYuZj76abAj)6.jpg;https://ei.phncdn.com/videos/202506/04/469793785/original/(m=eaf8GgaaaWavb)(mh=4QMcAUYuZj76abAj)7.jpg;https://ei.phncdn.com/videos/202506/04/469793785/original/(m=eaf8GgaaaWavb)(mh=4QMcAUYuZj76abAj)8.jpg;https://ei.phncdn.com/videos/202506/04/469793785/original/(m=eaf8GgaaaWavb)(mh=4QMcAUYuZj76abAj)9.jpg;https://ei.phncdn.com/videos/202506/04/469793785/original/(m=eaf8GgaaaWavb)(mh=4QMcAUYuZj76abAj)10.jpg;https://ei.phncdn.com/videos/202506/04/469793785/original/(m=eaf8GgaaaWavb)(mh=4QMcAUYuZj76abAj)11.jpg;https://ei.phncdn.com/videos/202506/04/469793785/original/(m=eaf8GgaaaWavb)(mh=4QMcAUYuZj76abAj)12.jpg;https://ei.phncdn.com/videos/202506/04/469793785/original/(m=eaf8GgaaaWavb)(mh=4QMcAUYuZj76abAj)13.jpg;https://ei.phncdn.com/videos/202506/04/469793785/original/(m=eaf8GgaaaWavb)(mh=4QMcAUYuZj76abAj)14.jpg;https://ei.phncdn.com/videos/202506/04/469793785/original/(m=eaf8GgaaaWavb)(mh=4QMcAUYuZj76abAj)15.jpg;https://ei.phncdn.com/videos/202506/04/469793785/original/(m=eaf8GgaaaWavb)(mh=4QMcAUYuZj76abAj)16.jpg|Hot Wet Loud ASMR Pussy Licking + DEEP ORGASMS|loud-moaning-orgasm;orgasm;pussy-licking-orgasm;real-orgasm;big-clit-sucking;pussy-worship;eating-pussy;pussy-licking;loud-moaning;jim-nova;moaning;asmr;asmr-pussy-licking|Pussy Licking;Verified Amateurs;Female Orgasm||808|47115|165|11|https://ei.phncdn.com/videos/202506/04/469793785/original/(m=eaAaGwObaaamqv)(mh=j1ndvZpxQ7fQ_iA4)4.jpg|https://ei.phncdn.com/videos/202506/04/469793785/original/(m=eaAaGwObaaamqv)(mh=j1ndvZpxQ7fQ_iA4)1.jpg;https://ei.phncdn.com/videos/202506/04/469793785/original/(m=eaAaGwObaaamqv)(mh=j1ndvZpxQ7fQ_iA4)2.jpg;https://ei.phncdn.com/videos/202506/04/469793785/original/(m=eaAaGwObaaamqv)(mh=j1ndvZpxQ7fQ_iA4)3.jpg;https://ei.phncdn.com/videos/202506/04/469793785/original/(m=eaAaGwObaaamqv)(mh=j1ndvZpxQ7fQ_iA4)4.jpg;https://ei.phncdn.com/videos/202506/04/469793785/original/(m=eaAaGwObaaamqv)(mh=j1ndvZpxQ7fQ_iA4)5.jpg;https://ei.phncdn.com/videos/202506/04/469793785/original/(m=eaAaGwObaaamqv)(mh=j1ndvZpxQ7fQ_iA4)6.jpg;https://ei.phncdn.com/videos/202506/04/469793785/original/(m=eaAaGwObaaamqv)(mh=j1ndvZpxQ7fQ_iA4)7.jpg;https://ei.phncdn.com/videos/202506/04/469793785/original/(m=eaAaGwObaaamqv)(mh=j1ndvZpxQ7fQ_iA4)8.jpg;https://ei.phncdn.com/videos/202506/04/469793785/original/(m=eaAaGwObaaamqv)(mh=j1ndvZpxQ7fQ_iA4)9.jpg;https://ei.phncdn.com/videos/202506/04/469793785/original/(m=eaAaGwObaaamqv)(mh=j1ndvZpxQ7fQ_iA4)10.jpg;https://ei.phncdn.com/videos/202506/04/469793785/original/(m=eaAaGwObaaamqv)(mh=j1ndvZpxQ7fQ_iA4)11.jpg;https://ei.phncdn.com/videos/202506/04/469793785/original/(m=eaAaGwObaaamqv)(mh=j1ndvZpxQ7fQ_iA4)12.jpg;https://ei.phncdn.com/videos/202506/04/469793785/original/(m=eaAaGwObaaamqv)(mh=j1ndvZpxQ7fQ_iA4)13.jpg;https://ei.phncdn.com/videos/202506/04/469793785/original/(m=eaAaGwObaaamqv)(mh=j1ndvZpxQ7fQ_iA4)14.jpg;https://ei.phncdn.com/videos/202506/04/469793785/original/(m=eaAaGwObaaamqv)(mh=j1ndvZpxQ7fQ_iA4)15.jpg;https://ei.phncdn.com/videos/202506/04/469793785/original/(m=eaAaGwObaaamqv)(mh=j1ndvZpxQ7fQ_iA4)16.jpg
<iframe src="https://www.pornhub.com/embed/68421eb6da601" frameborder="0" height="481" width="608" scrolling="no"></iframe>|https://ei.phncdn.com/videos/202506/05/469843375/original/(m=eaf8GgaaaWavb)(mh=9MM4IdfLAyCCYD7N)10.jpg|https://ei.phncdn.com/videos/202506/05/469843375/original/(m=eaf8GgaaaWavb)(mh=9MM4IdfLAyCCYD7N)1.jpg;https://ei.phncdn.com/videos/202506/05/469843375/original/(m=eaf8GgaaaWavb)(mh=9MM4IdfLAyCCYD7N)2.jpg;https://ei.phncdn.com/videos/202506/05/469843375/original/(m=eaf8GgaaaWavb)(mh=9MM4IdfLAyCCYD7N)3.jpg;https://ei.phncdn.com/videos/202506/05/469843375/original/(m=eaf8GgaaaWavb)(mh=9MM4IdfLAyCCYD7N)4.jpg;https://ei.phncdn.com/videos/202506/05/469843375/original/(m=eaf8GgaaaWavb)(mh=9MM4IdfLAyCCYD7N)5.jpg;https://ei.phncdn.com/videos/202506/05/469843375/original/(m=eaf8GgaaaWavb)(mh=9MM4IdfLAyCCYD7N)6.jpg;https://ei.phncdn.com/videos/202506/05/469843375/original/(m=eaf8GgaaaWavb)(mh=9MM4IdfLAyCCYD7N)7.jpg;https://ei.phncdn.com/videos/202506/05/469843375/original/(m=eaf8GgaaaWavb)(mh=9MM4IdfLAyCCYD7N)8.jpg;https://ei.phncdn.com/videos/202506/05/469843375/original/(m=eaf8GgaaaWavb)(mh=9MM4IdfLAyCCYD7N)9.jpg;https://ei.phncdn.com/videos/202506/05/469843375/original/(m=eaf8GgaaaWavb)(mh=9MM4IdfLAyCCYD7N)10.jpg;https://ei.phncdn.com/videos/202506/05/469843375/original/(m=eaf8GgaaaWavb)(mh=9MM4IdfLAyCCYD7N)11.jpg;https://ei.phncdn.com/videos/202506/05/469843375/original/(m=eaf8GgaaaWavb)(mh=9MM4IdfLAyCCYD7N)12.jpg;https://ei.phncdn.com/videos/202506/05/469843375/original/(m=eaf8GgaaaWavb)(mh=9MM4IdfLAyCCYD7N)13.jpg;https://ei.phncdn.com/videos/202506/05/469843375/original/(m=eaf8GgaaaWavb)(mh=9MM4IdfLAyCCYD7N)14.jpg;https://ei.phncdn.com/videos/202506/05/469843375/original/(m=eaf8GgaaaWavb)(mh=9MM4IdfLAyCCYD7N)15.jpg;https://ei.phncdn.com/videos/202506/05/469843375/original/(m=eaf8GgaaaWavb)(mh=9MM4IdfLAyCCYD7N)16.jpg|VERY Loud Female Orgasm - Real Pussy Licking Orgasms|eating-pussy;pussy-licking;pussy-licking-orgasm;orgasm;shaking-orgasm;real-orgasm;female-orgasm;jim-nova;feelgoodfilth;loud-orgasm;loud-female-moaning;loud-moaning-orgasm;clit-sucking;female-pleasure;pussy-worship|Pussy Licking;Verified Amateurs;Female Orgasm||223|9175|18|2|https://ei.phncdn.com/videos/202506/05/469843375/original/(m=eaAaGwObaaamqv)(mh=bvNraTdLxLqzihwk)10.jpg|https://ei.phncdn.com/videos/202506/05/469843375/original/(m=eaAaGwObaaamqv)(mh=bvNraTdLxLqzihwk)1.jpg;https://ei.phncdn.com/videos/202506/05/469843375/original/(m=eaAaGwObaaamqv)(mh=bvNraTdLxLqzihwk)2.jpg;https://ei.phncdn.com/videos/202506/05/469843375/original/(m=eaAaGwObaaamqv)(mh=bvNraTdLxLqzihwk)3.jpg;https://ei.phncdn.com/videos/202506/05/469843375/original/(m=eaAaGwObaaamqv)(mh=bvNraTdLxLqzihwk)4.jpg;https://ei.phncdn.com/videos/202506/05/469843375/original/(m=eaAaGwObaaamqv)(mh=bvNraTdLxLqzihwk)5.jpg;https://ei.phncdn.com/videos/202506/05/469843375/original/(m=eaAaGwObaaamqv)(mh=bvNraTdLxLqzihwk)6.jpg;https://ei.phncdn.com/videos/202506/05/469843375/original/(m=eaAaGwObaaamqv)(mh=bvNraTdLxLqzihwk)7.jpg;https://ei.phncdn.com/videos/202506/05/469843375/original/(m=eaAaGwObaaamqv)(mh=bvNraTdLxLqzihwk)8.jpg;https://ei.phncdn.com/videos/202506/05/469843375/original/(m=eaAaGwObaaamqv)(mh=bvNraTdLxLqzihwk)9.jpg;https://ei.phncdn.com/videos/202506/05/469843375/original/(m=eaAaGwObaaamqv)(mh=bvNraTdLxLqzihwk)10.jpg;https://ei.phncdn.com/videos/202506/05/469843375/original/(m=eaAaGwObaaamqv)(mh=bvNraTdLxLqzihwk)11.jpg;https://ei.phncdn.com/videos/202506/05/469843375/original/(m=eaAaGwObaaamqv)(mh=bvNraTdLxLqzihwk)12.jpg;https://ei.phncdn.com/videos/202506/05/469843375/original/(m=eaAaGwObaaamqv)(mh=bvNraTdLxLqzihwk)13.jpg;https://ei.phncdn.com/videos/202506/05/469843375/original/(m=eaAaGwObaaamqv)(mh=bvNraTdLxLqzihwk)14.jpg;https://ei.phncdn.com/videos/202506/05/469843375/original/(m=eaAaGwObaaamqv)(mh=bvNraTdLxLqzihwk)15.jpg;https://ei.phncdn.com/videos/202506/05/469843375/original/(m=eaAaGwObaaamqv)(mh=bvNraTdLxLqzihwk)16.jpg
<iframe src="https://www.pornhub.com/embed/68421f2a6b9f2" frameborder="0" height="481" width="608" scrolling="no"></iframe>|https://ei.phncdn.com/videos/202506/05/469843445/original/(m=eaf8GgaaaWavb)(mh=jWH1n5VflkpttXxc)8.jpg|https://ei.phncdn.com/videos/202506/05/469843445/original/(m=eaf8GgaaaWavb)(mh=jWH1n5VflkpttXxc)1.jpg;https://ei.phncdn.com/videos/202506/05/469843445/original/(m=eaf8GgaaaWavb)(mh=jWH1n5VflkpttXxc)2.jpg;https://ei.phncdn.com/videos/202506/05/469843445/original/(m=eaf8GgaaaWavb)(mh=jWH1n5VflkpttXxc)3.jpg;https://ei.phncdn.com/videos/202506/05/469843445/original/(m=eaf8GgaaaWavb)(mh=jWH1n5VflkpttXxc)4.jpg;https://ei.phncdn.com/videos/202506/05/469843445/original/(m=eaf8GgaaaWavb)(mh=jWH1n5VflkpttXxc)5.jpg;https://ei.phncdn.com/videos/202506/05/469843445/original/(m=eaf8GgaaaWavb)(mh=jWH1n5VflkpttXxc)6.jpg;https://ei.phncdn.com/videos/202506/05/469843445/original/(m=eaf8GgaaaWavb)(mh=jWH1n5VflkpttXxc)7.jpg;https://ei.phncdn.com/videos/202506/05/469843445/original/(m=eaf8GgaaaWavb)(mh=jWH1n5VflkpttXxc)8.jpg;https://ei.phncdn.com/videos/202506/05/469843445/original/(m=eaf8GgaaaWavb)(mh=jWH1n5VflkpttXxc)9.jpg;https://ei.phncdn.com/videos/202506/05/469843445/original/(m=eaf8GgaaaWavb)(mh=jWH1n5VflkpttXxc)10.jpg;https://ei.phncdn.com/videos/202506/05/469843445/original/(m=eaf8GgaaaWavb)(mh=jWH1n5VflkpttXxc)11.jpg;https://ei.phncdn.com/videos/202506/05/469843445/original/(m=eaf8GgaaaWavb)(mh=jWH1n5VflkpttXxc)12.jpg;https://ei.phncdn.com/videos/202506/05/469843445/original/(m=eaf8GgaaaWavb)(mh=jWH1n5VflkpttXxc)13.jpg;https://ei.phncdn.com/videos/202506/05/469843445/original/(m=eaf8GgaaaWavb)(mh=jWH1n5VflkpttXxc)14.jpg;https://ei.phncdn.com/videos/202506/05/469843445/original/(m=eaf8GgaaaWavb)(mh=jWH1n5VflkpttXxc)15.jpg;https://ei.phncdn.com/videos/202506/05/469843445/original/(m=eaf8GgaaaWavb)(mh=jWH1n5VflkpttXxc)16.jpg|She Can't Control Her Orgasms - Real Pussy Eating Female Pleasure|eating-pussy;pussy-licking;pussy-licking-orgasm;orgasm;loud-female-orgasm;real-orgasm;shaking-orgasm;female-orgasm;jim-nova;feelgoodfilth;loud-moaning;loud-moaning-fuck;very-loud-moaning;loud-moaning-orgasm;clit-sucking;pussy-worship|Pussy Licking;Verified Amateurs;Female Orgasm||342|16541|65|2|https://ei.phncdn.com/videos/202506/05/469843445/original/(m=eaAaGwObaaamqv)(mh=dNKzhRkytA19Pta9)8.jpg|https://ei.phncdn.com/videos/202506/05/469843445/original/(m=eaAaGwObaaamqv)(mh=dNKzhRkytA19Pta9)1.jpg;https://ei.phncdn.com/videos/202506/05/469843445/original/(m=eaAaGwObaaamqv)(mh=dNKzhRkytA19Pta9)2.jpg;https://ei.phncdn.com/videos/202506/05/469843445/original/(m=eaAaGwObaaamqv)(mh=dNKzhRkytA19Pta9)3.jpg;https://ei.phncdn.com/videos/202506/05/469843445/original/(m=eaAaGwObaaamqv)(mh=dNKzhRkytA19Pta9)4.jpg;https://ei.phncdn.com/videos/202506/05/469843445/original/(m=eaAaGwObaaamqv)(mh=dNKzhRkytA19Pta9)5.jpg;https://ei.phncdn.com/videos/202506/05/469843445/original/(m=eaAaGwObaaamqv)(mh=dNKzhRkytA19Pta9)6.jpg;https://ei.phncdn.com/videos/202506/05/469843445/original/(m=eaAaGwObaaamqv)(mh=dNKzhRkytA19Pta9)7.jpg;https://ei.phncdn.com/videos/202506/05/469843445/original/(m=eaAaGwObaaamqv)(mh=dNKzhRkytA19Pta9)8.jpg;https://ei.phncdn.com/videos/202506/05/469843445/original/(m=eaAaGwObaaamqv)(mh=dNKzhRkytA19Pta9)9.jpg;https://ei.phncdn.com/videos/202506/05/469843445/original/(m=eaAaGwObaaamqv)(mh=dNKzhRkytA19Pta9)10.jpg;https://ei.phncdn.com/videos/202506/05/469843445/original/(m=eaAaGwObaaamqv)(mh=dNKzhRkytA19Pta9)11.jpg;https://ei.phncdn.com/videos/202506/05/469843445/original/(m=eaAaGwObaaamqv)(mh=dNKzhRkytA19Pta9)12.jpg;https://ei.phncdn.com/videos/202506/05/469843445/original/(m=eaAaGwObaaamqv)(mh=dNKzhRkytA19Pta9)13.jpg;https://ei.phncdn.com/videos/202506/05/469843445/original/(m=eaAaGwObaaamqv)(mh=dNKzhRkytA19Pta9)14.jpg;https://ei.phncdn.com/videos/202506/05/469843445/original/(m=eaAaGwObaaamqv)(mh=dNKzhRkytA19Pta9)15.jpg;https://ei.phncdn.com/videos/202506/05/469843445/original/(m=eaAaGwObaaamqv)(mh=dNKzhRkytA19Pta9)16.jpg
<iframe src="https://www.pornhub.com/embed/68421fa86cccb" frameborder="0" height="481" width="608" scrolling="no"></iframe>|https://ei.phncdn.com/videos/202506/05/469843525/original/(m=eaf8GgaaaWavb)(mh=N2vipqJM-ojn_JL_)13.jpg|https://ei.phncdn.com/videos/202506/05/469843525/original/(m=eaf8GgaaaWavb)(mh=N2vipqJM-ojn_JL_)1.jpg;https://ei.phncdn.com/videos/202506/05/469843525/original/(m=eaf8GgaaaWavb)(mh=N2vipqJM-ojn_JL_)2.jpg;https://ei.phncdn.com/videos/202506/05/469843525/original/(m=eaf8GgaaaWavb)(mh=N2vipqJM-ojn_JL_)3.jpg;https://ei.phncdn.com/videos/202506/05/469843525/original/(m=eaf8GgaaaWavb)(mh=N2vipqJM-ojn_JL_)4.jpg;https://ei.phncdn.com/videos/202506/05/469843525/original/(m=eaf8GgaaaWavb)(mh=N2vipqJM-ojn_JL_)5.jpg;https://ei.phncdn.com/videos/202506/05/469843525/original/(m=eaf8GgaaaWavb)(mh=N2vipqJM-ojn_JL_)6.jpg;https://ei.phncdn.com/videos/202506/05/469843525/original/(m=eaf8GgaaaWavb)(mh=N2vipqJM-ojn_JL_)7.jpg;https://ei.phncdn.com/videos/202506/05/469843525/original/(m=eaf8GgaaaWavb)(mh=N2vipqJM-ojn_JL_)8.jpg;https://ei.phncdn.com/videos/202506/05/469843525/original/(m=eaf8GgaaaWavb)(mh=N2vipqJM-ojn_JL_)9.jpg;https://ei.phncdn.com/videos/202506/05/469843525/original/(m=eaf8GgaaaWavb)(mh=N2vipqJM-ojn_JL_)10.jpg;https://ei.phncdn.com/videos/202506/05/469843525/original/(m=eaf8GgaaaWavb)(mh=N2vipqJM-ojn_JL_)11.jpg;https://ei.phncdn.com/videos/202506/05/469843525/original/(m=eaf8GgaaaWavb)(mh=N2vipqJM-ojn_JL_)12.jpg;https://ei.phncdn.com/videos/202506/05/469843525/original/(m=eaf8GgaaaWavb)(mh=N2vipqJM-ojn_JL_)13.jpg;https://ei.phncdn.com/videos/202506/05/469843525/original/(m=eaf8GgaaaWavb)(mh=N2vipqJM-ojn_JL_)14.jpg;https://ei.phncdn.com/videos/202506/05/469843525/original/(m=eaf8GgaaaWavb)(mh=N2vipqJM-ojn_JL_)15.jpg;https://ei.phncdn.com/videos/202506/05/469843525/original/(m=eaf8GgaaaWavb)(mh=N2vipqJM-ojn_JL_)16.jpg|Loud Screaming Orgasms - She Can't Stop Cumming|sheena-ryder;eating-pussy;pussy-licking;pussy-licking-orgasm;orgasm;shaking-orgasm;female-orgasm;real-orgasm;jim-nova;feelgoodfilth;loud-moaning;loud-moaning-orgasm;loud-moaning-fuck;pussy-worship;female-pleasure;clit-sucking|Pussy Licking;Verified Amateurs;Female Orgasm||1054|8970|37|1|https://ei.phncdn.com/videos/202506/05/469843525/original/(m=eaAaGwObaaamqv)(mh=1YyTYMdDXnEkIzMH)13.jpg|https://ei.phncdn.com/videos/202506/05/469843525/original/(m=eaAaGwObaaamqv)(mh=1YyTYMdDXnEkIzMH)1.jpg;https://ei.phncdn.com/videos/202506/05/469843525/original/(m=eaAaGwObaaamqv)(mh=1YyTYMdDXnEkIzMH)2.jpg;https://ei.phncdn.com/videos/202506/05/469843525/original/(m=eaAaGwObaaamqv)(mh=1YyTYMdDXnEkIzMH)3.jpg;https://ei.phncdn.com/videos/202506/05/469843525/original/(m=eaAaGwObaaamqv)(mh=1YyTYMdDXnEkIzMH)4.jpg;https://ei.phncdn.com/videos/202506/05/469843525/original/(m=eaAaGwObaaamqv)(mh=1YyTYMdDXnEkIzMH)5.jpg;https://ei.phncdn.com/videos/202506/05/469843525/original/(m=eaAaGwObaaamqv)(mh=1YyTYMdDXnEkIzMH)6.jpg;https://ei.phncdn.com/videos/202506/05/469843525/original/(m=eaAaGwObaaamqv)(mh=1YyTYMdDXnEkIzMH)7.jpg;https://ei.phncdn.com/videos/202506/05/469843525/original/(m=eaAaGwObaaamqv)(mh=1YyTYMdDXnEkIzMH)8.jpg;https://ei.phncdn.com/videos/202506/05/469843525/original/(m=eaAaGwObaaamqv)(mh=1YyTYMdDXnEkIzMH)9.jpg;https://ei.phncdn.com/videos/202506/05/469843525/original/(m=eaAaGwObaaamqv)(mh=1YyTYMdDXnEkIzMH)10.jpg;https://ei.phncdn.com/videos/202506/05/469843525/original/(m=eaAaGwObaaamqv)(mh=1YyTYMdDXnEkIzMH)11.jpg;https://ei.phncdn.com/videos/202506/05/469843525/original/(m=eaAaGwObaaamqv)(mh=1YyTYMdDXnEkIzMH)12.jpg;https://ei.phncdn.com/videos/202506/05/469843525/original/(m=eaAaGwObaaamqv)(mh=1YyTYMdDXnEkIzMH)13.jpg;https://ei.phncdn.com/videos/202506/05/469843525/original/(m=eaAaGwObaaamqv)(mh=1YyTYMdDXnEkIzMH)14.jpg;https://ei.phncdn.com/videos/202506/05/469843525/original/(m=eaAaGwObaaamqv)(mh=1YyTYMdDXnEkIzMH)15.jpg;https://ei.phncdn.com/videos/202506/05/469843525/original/(m=eaAaGwObaaamqv)(mh=1YyTYMdDXnEkIzMH)16.jpg
<iframe src="https://www.pornhub.com/embed/684c78a2b50a1" frameborder="0" height="481" width="608" scrolling="no"></iframe>|https://ei.phncdn.com/videos/202506/13/470302755/thumbs_5/(m=eaf8GgaaaWavb)(mh=tUlQqMxaLMJBtiXb)16.jpg|https://ei.phncdn.com/videos/202506/13/470302755/thumbs_5/(m=eaf8GgaaaWavb)(mh=tUlQqMxaLMJBtiXb)1.jpg;https://ei.phncdn.com/videos/202506/13/470302755/thumbs_5/(m=eaf8GgaaaWavb)(mh=tUlQqMxaLMJBtiXb)2.jpg;https://ei.phncdn.com/videos/202506/13/470302755/thumbs_5/(m=eaf8GgaaaWavb)(mh=tUlQqMxaLMJBtiXb)3.jpg;https://ei.phncdn.com/videos/202506/13/470302755/thumbs_5/(m=eaf8GgaaaWavb)(mh=tUlQqMxaLMJBtiXb)4.jpg;https://ei.phncdn.com/videos/202506/13/470302755/thumbs_5/(m=eaf8GgaaaWavb)(mh=tUlQqMxaLMJBtiXb)5.jpg;https://ei.phncdn.com/videos/202506/13/470302755/thumbs_5/(m=eaf8GgaaaWavb)(mh=tUlQqMxaLMJBtiXb)6.jpg;https://ei.phncdn.com/videos/202506/13/470302755/thumbs_5/(m=eaf8GgaaaWavb)(mh=tUlQqMxaLMJBtiXb)7.jpg;https://ei.phncdn.com/videos/202506/13/470302755/thumbs_5/(m=eaf8GgaaaWavb)(mh=tUlQqMxaLMJBtiXb)8.jpg;https://ei.phncdn.com/videos/202506/13/470302755/thumbs_5/(m=eaf8GgaaaWavb)(mh=tUlQqMxaLMJBtiXb)9.jpg;https://ei.phncdn.com/videos/202506/13/470302755/thumbs_5/(m=eaf8GgaaaWavb)(mh=tUlQqMxaLMJBtiXb)10.jpg;https://ei.phncdn.com/videos/202506/13/470302755/thumbs_5/(m=eaf8GgaaaWavb)(mh=tUlQqMxaLMJBtiXb)11.jpg;https://ei.phncdn.com/videos/202506/13/470302755/thumbs_5/(m=eaf8GgaaaWavb)(mh=tUlQqMxaLMJBtiXb)12.jpg;https://ei.phncdn.com/videos/202506/13/470302755/thumbs_5/(m=eaf8GgaaaWavb)(mh=tUlQqMxaLMJBtiXb)13.jpg;https://ei.phncdn.com/videos/202506/13/470302755/thumbs_5/(m=eaf8GgaaaWavb)(mh=tUlQqMxaLMJBtiXb)14.jpg;https://ei.phncdn.com/videos/202506/13/470302755/thumbs_5/(m=eaf8GgaaaWavb)(mh=tUlQqMxaLMJBtiXb)15.jpg;https://ei.phncdn.com/videos/202506/13/470302755/thumbs_5/(m=eaf8GgaaaWavb)(mh=tUlQqMxaLMJBtiXb)16.jpg|La ragazza bruna adora farsi leccare la figa pelosa per divertirsi|teen-18;brunette;facial-cumshot;natural-boobs;natural-tits;pussy-licking;female-orgasm;piercing;pantyhose|Pussy Licking;Female Orgasm||1008|13951|54|3|https://ei.phncdn.com/videos/202506/13/470302755/thumbs_5/(m=eaAaGwObaaamqv)(mh=Nx1PJYTvrmbTztf2)16.jpg|https://ei.phncdn.com/videos/202506/13/470302755/thumbs_5/(m=eaAaGwObaaamqv)(mh=Nx1PJYTvrmbTztf2)1.jpg;https://ei.phncdn.com/videos/202506/13/470302755/thumbs_5/(m=eaAaGwObaaamqv)(mh=Nx1PJYTvrmbTztf2)2.jpg;https://ei.phncdn.com/videos/202506/13/470302755/thumbs_5/(m=eaAaGwObaaamqv)(mh=Nx1PJYTvrmbTztf2)3.jpg;https://ei.phncdn.com/videos/202506/13/470302755/thumbs_5/(m=eaAaGwObaaamqv)(mh=Nx1PJYTvrmbTztf2)4.jpg;https://ei.phncdn.com/videos/202506/13/470302755/thumbs_5/(m=eaAaGwObaaamqv)(mh=Nx1PJYTvrmbTztf2)5.jpg;https://ei.phncdn.com/videos/202506/13/470302755/thumbs_5/(m=eaAaGwObaaamqv)(mh=Nx1PJYTvrmbTztf2)6.jpg;https://ei.phncdn.com/videos/202506/13/470302755/thumbs_5/(m=eaAaGwObaaamqv)(mh=Nx1PJYTvrmbTztf2)7.jpg;https://ei.phncdn.com/videos/202506/13/470302755/thumbs_5/(m=eaAaGwObaaamqv)(mh=Nx1PJYTvrmbTztf2)8.jpg;https://ei.phncdn.com/videos/202506/13/470302755/thumbs_5/(m=eaAaGwObaaamqv)(mh=Nx1PJYTvrmbTztf2)9.jpg;https://ei.phncdn.com/videos/202506/13/470302755/thumbs_5/(m=eaAaGwObaaamqv)(mh=Nx1PJYTvrmbTztf2)10.jpg;https://ei.phncdn.com/videos/202506/13/470302755/thumbs_5/(m=eaAaGwObaaamqv)(mh=Nx1PJYTvrmbTztf2)11.jpg;https://ei.phncdn.com/videos/202506/13/470302755/thumbs_5/(m=eaAaGwObaaamqv)(mh=Nx1PJYTvrmbTztf2)12.jpg;https://ei.phncdn.com/videos/202506/13/470302755/thumbs_5/(m=eaAaGwObaaamqv)(mh=Nx1PJYTvrmbTztf2)13.jpg;https://ei.phncdn.com/videos/202506/13/470302755/thumbs_5/(m=eaAaGwObaaamqv)(mh=Nx1PJYTvrmbTztf2)14.jpg;https://ei.phncdn.com/videos/202506/13/470302755/thumbs_5/(m=eaAaGwObaaamqv)(mh=Nx1PJYTvrmbTztf2)15.jpg;https://ei.phncdn.com/videos/202506/13/470302755/thumbs_5/(m=eaAaGwObaaamqv)(mh=Nx1PJYTvrmbTztf2)16.jpg
<iframe src="https://www.pornhub.com/embed/68ac19c70f376" frameborder="0" height="481" width="608" scrolling="no"></iframe>|https://ei.phncdn.com/videos/202508/25/20424715/original/(m=eaf8GgaaaWavb)(mh=xVd9m5K157GThyS6)12.jpg|https://ei.phncdn.com/videos/202508/25/20424715/original/(m=eaf8GgaaaWavb)(mh=xVd9m5K157GThyS6)1.jpg;https://ei.phncdn.com/videos/202508/25/20424715/original/(m=eaf8GgaaaWavb)(mh=xVd9m5K157GThyS6)2.jpg;https://ei.phncdn.com/videos/202508/25/20424715/original/(m=eaf8GgaaaWavb)(mh=xVd9m5K157GThyS6)3.jpg;https://ei.phncdn.com/videos/202508/25/20424715/original/(m=eaf8GgaaaWavb)(mh=xVd9m5K157GThyS6)4.jpg;https://ei.phncdn.com/videos/202508/25/20424715/original/(m=eaf8GgaaaWavb)(mh=xVd9m5K157GThyS6)5.jpg;https://ei.phncdn.com/videos/202508/25/20424715/original/(m=eaf8GgaaaWavb)(mh=xVd9m5K157GThyS6)6.jpg;https://ei.phncdn.com/videos/202508/25/20424715/original/(m=eaf8GgaaaWavb)(mh=xVd9m5K157GThyS6)7.jpg;https://ei.phncdn.com/videos/202508/25/20424715/original/(m=eaf8GgaaaWavb)(mh=xVd9m5K157GThyS6)8.jpg;https://ei.phncdn.com/videos/202508/25/20424715/original/(m=eaf8GgaaaWavb)(mh=xVd9m5K157GThyS6)9.jpg;https://ei.phncdn.com/videos/202508/25/20424715/original/(m=eaf8GgaaaWavb)(mh=xVd9m5K157GThyS6)10.jpg;https://ei.phncdn.com/videos/202508/25/20424715/original/(m=eaf8GgaaaWavb)(mh=xVd9m5K157GThyS6)11.jpg;https://ei.phncdn.com/videos/202508/25/20424715/original/(m=eaf8GgaaaWavb)(mh=xVd9m5K157GThyS6)12.jpg;https://ei.phncdn.com/videos/202508/25/20424715/original/(m=eaf8GgaaaWavb)(mh=xVd9m5K157GThyS6)13.jpg;https://ei.phncdn.com/videos/202508/25/20424715/original/(m=eaf8GgaaaWavb)(mh=xVd9m5K157GThyS6)14.jpg;https://ei.phncdn.com/videos/202508/25/20424715/original/(m=eaf8GgaaaWavb)(mh=xVd9m5K157GThyS6)15.jpg;https://ei.phncdn.com/videos/202508/25/20424715/original/(m=eaf8GgaaaWavb)(mh=xVd9m5K157GThyS6)16.jpg|NSFW Audio: First Time Scissoring|audio-roleplay;scissoring;kissing;moaning;edging;ruined-orgasm;pussy-licking|Pussy Licking;Verified Amateurs;Solo Female||1533|194|1|0|https://ei.phncdn.com/videos/202508/25/20424715/original/(m=eaAaGwObaaamqv)(mh=15KPTvcwkOehLXNi)12.jpg|https://ei.phncdn.com/videos/202508/25/20424715/original/(m=eaAaGwObaaamqv)(mh=15KPTvcwkOehLXNi)1.jpg;https://ei.phncdn.com/videos/202508/25/20424715/original/(m=eaAaGwObaaamqv)(mh=15KPTvcwkOehLXNi)2.jpg;https://ei.phncdn.com/videos/202508/25/20424715/original/(m=eaAaGwObaaamqv)(mh=15KPTvcwkOehLXNi)3.jpg;https://ei.phncdn.com/videos/202508/25/20424715/original/(m=eaAaGwObaaamqv)(mh=15KPTvcwkOehLXNi)4.jpg;https://ei.phncdn.com/videos/202508/25/20424715/original/(m=eaAaGwObaaamqv)(mh=15KPTvcwkOehLXNi)5.jpg;https://ei.phncdn.com/videos/202508/25/20424715/original/(m=eaAaGwObaaamqv)(mh=15KPTvcwkOehLXNi)6.jpg;https://ei.phncdn.com/videos/202508/25/20424715/original/(m=eaAaGwObaaamqv)(mh=15KPTvcwkOehLXNi)7.jpg;https://ei.phncdn.com/videos/202508/25/20424715/original/(m=eaAaGwObaaamqv)(mh=15KPTvcwkOehLXNi)8.jpg;https://ei.phncdn.com/videos/202508/25/20424715/original/(m=eaAaGwObaaamqv)(mh=15KPTvcwkOehLXNi)9.jpg;https://ei.phncdn.com/videos/202508/25/20424715/original/(m=eaAaGwObaaamqv)(mh=15KPTvcwkOehLXNi)10.jpg;https://ei.phncdn.com/videos/202508/25/20424715/original/(m=eaAaGwObaaamqv)(mh=15KPTvcwkOehLXNi)11.jpg;https://ei.phncdn.com/videos/202508/25/20424715/original/(m=eaAaGwObaaamqv)(mh=15KPTvcwkOehLXNi)12.jpg;https://ei.phncdn.com/videos/202508/25/20424715/original/(m=eaAaGwObaaamqv)(mh=15KPTvcwkOehLXNi)13.jpg;https://ei.phncdn.com/videos/202508/25/20424715/original/(m=eaAaGwObaaamqv)(mh=15KPTvcwkOehLXNi)14.jpg;https://ei.phncdn.com/videos/202508/25/20424715/original/(m=eaAaGwObaaamqv)(mh=15KPTvcwkOehLXNi)15.jpg;https://ei.phncdn.com/videos/202508/25/20424715/original/(m=eaAaGwObaaamqv)(mh=15KPTvcwkOehLXNi)16.jpg
<iframe src="https://www.pornhub.com/embed/68ac2631cb760" frameborder="0" height="481" width="608" scrolling="no"></iframe>|https://ei.phncdn.com/videos/202508/25/20427795/original/(m=eaf8GgaaaWavb)(mh=sTx4kEUdjRurL0m2)12.jpg|https://ei.phncdn.com/videos/202508/25/20427795/original/(m=eaf8GgaaaWavb)(mh=sTx4kEUdjRurL0m2)1.jpg;https://ei.phncdn.com/videos/202508/25/20427795/original/(m=eaf8GgaaaWavb)(mh=sTx4kEUdjRurL0m2)2.jpg;https://ei.phncdn.com/videos/202508/25/20427795/original/(m=eaf8GgaaaWavb)(mh=sTx4kEUdjRurL0m2)3.jpg;https://ei.phncdn.com/videos/202508/25/20427795/original/(m=eaf8GgaaaWavb)(mh=sTx4kEUdjRurL0m2)4.jpg;https://ei.phncdn.com/videos/202508/25/20427795/original/(m=eaf8GgaaaWavb)(mh=sTx4kEUdjRurL0m2)5.jpg;https://ei.phncdn.com/videos/202508/25/20427795/original/(m=eaf8GgaaaWavb)(mh=sTx4kEUdjRurL0m2)6.jpg;https://ei.phncdn.com/videos/202508/25/20427795/original/(m=eaf8GgaaaWavb)(mh=sTx4kEUdjRurL0m2)7.jpg;https://ei.phncdn.com/videos/202508/25/20427795/original/(m=eaf8GgaaaWavb)(mh=sTx4kEUdjRurL0m2)8.jpg;https://ei.phncdn.com/videos/202508/25/20427795/original/(m=eaf8GgaaaWavb)(mh=sTx4kEUdjRurL0m2)9.jpg;https://ei.phncdn.com/videos/202508/25/20427795/original/(m=eaf8GgaaaWavb)(mh=sTx4kEUdjRurL0m2)10.jpg;https://ei.phncdn.com/videos/202508/25/20427795/original/(m=eaf8GgaaaWavb)(mh=sTx4kEUdjRurL0m2)11.jpg;https://ei.phncdn.com/videos/202508/25/20427795/original/(m=eaf8GgaaaWavb)(mh=sTx4kEUdjRurL0m2)12.jpg;https://ei.phncdn.com/videos/202508/25/20427795/original/(m=eaf8GgaaaWavb)(mh=sTx4kEUdjRurL0m2)13.jpg;https://ei.phncdn.com/videos/202508/25/20427795/original/(m=eaf8GgaaaWavb)(mh=sTx4kEUdjRurL0m2)14.jpg;https://ei.phncdn.com/videos/202508/25/20427795/original/(m=eaf8GgaaaWavb)(mh=sTx4kEUdjRurL0m2)15.jpg;https://ei.phncdn.com/videos/202508/25/20427795/original/(m=eaf8GgaaaWavb)(mh=sTx4kEUdjRurL0m2)16.jpg|NSFW Audio: Sex Therapy Part 2|joi;moaning;pussy-fingering;pussy-licking;audio-roleplay|Pussy Licking;Verified Amateurs;Solo Female;Female Orgasm||2620|175|||https://ei.phncdn.com/videos/202508/25/20427795/original/(m=eaAaGwObaaamqv)(mh=u7ZDm_wP3q9brRu_)12.jpg|https://ei.phncdn.com/videos/202508/25/20427795/original/(m=eaAaGwObaaamqv)(mh=u7ZDm_wP3q9brRu_)1.jpg;https://ei.phncdn.com/videos/202508/25/20427795/original/(m=eaAaGwObaaamqv)(mh=u7ZDm_wP3q9brRu_)2.jpg;https://ei.phncdn.com/videos/202508/25/20427795/original/(m=eaAaGwObaaamqv)(mh=u7ZDm_wP3q9brRu_)3.jpg;https://ei.phncdn.com/videos/202508/25/20427795/original/(m=eaAaGwObaaamqv)(mh=u7ZDm_wP3q9brRu_)4.jpg;https://ei.phncdn.com/videos/202508/25/20427795/original/(m=eaAaGwObaaamqv)(mh=u7ZDm_wP3q9brRu_)5.jpg;https://ei.phncdn.com/videos/202508/25/20427795/original/(m=eaAaGwObaaamqv)(mh=u7ZDm_wP3q9brRu_)6.jpg;https://ei.phncdn.com/videos/202508/25/20427795/original/(m=eaAaGwObaaamqv)(mh=u7ZDm_wP3q9brRu_)7.jpg;https://ei.phncdn.com/videos/202508/25/20427795/original/(m=eaAaGwObaaamqv)(mh=u7ZDm_wP3q9brRu_)8.jpg;https://ei.phncdn.com/videos/202508/25/20427795/original/(m=eaAaGwObaaamqv)(mh=u7ZDm_wP3q9brRu_)9.jpg;https://ei.phncdn.com/videos/202508/25/20427795/original/(m=eaAaGwObaaamqv)(mh=u7ZDm_wP3q9brRu_)10.jpg;https://ei.phncdn.com/videos/202508/25/20427795/original/(m=eaAaGwObaaamqv)(mh=u7ZDm_wP3q9brRu_)11.jpg;https://ei.phncdn.com/videos/202508/25/20427795/original/(m=eaAaGwObaaamqv)(mh=u7ZDm_wP3q9brRu_)12.jpg;https://ei.phncdn.com/videos/202508/25/20427795/original/(m=eaAaGwObaaamqv)(mh=u7ZDm_wP3q9brRu_)13.jpg;https://ei.phncdn.com/videos/202508/25/20427795/original/(m=eaAaGwObaaamqv)(mh=u7ZDm_wP3q9brRu_)14.jpg;https://ei.phncdn.com/videos/202508/25/20427795/original/(m=eaAaGwObaaamqv)(mh=u7ZDm_wP3q9brRu_)15.jpg;https://ei.phncdn.com/videos/202508/25/20427795/original/(m=eaAaGwObaaamqv)(mh=u7ZDm_wP3q9brRu_)16.jpg
<iframe src="https://www.pornhub.com/embed/68c96c1407d9b" frameborder="0" height="481" width="608" scrolling="no"></iframe>|https://ei.phncdn.com/videos/202509/16/22904715/original/(m=eaf8GgaaaWavb)(mh=eM117Uf7j_34aYCK)9.jpg|https://ei.phncdn.com/videos/202509/16/22904715/original/(m=eaf8GgaaaWavb)(mh=eM117Uf7j_34aYCK)1.jpg;https://ei.phncdn.com/videos/202509/16/22904715/original/(m=eaf8GgaaaWavb)(mh=eM117Uf7j_34aYCK)2.jpg;https://ei.phncdn.com/videos/202509/16/22904715/original/(m=eaf8GgaaaWavb)(mh=eM117Uf7j_34aYCK)3.jpg;https://ei.phncdn.com/videos/202509/16/22904715/original/(m=eaf8GgaaaWavb)(mh=eM117Uf7j_34aYCK)4.jpg;https://ei.phncdn.com/videos/202509/16/22904715/original/(m=eaf8GgaaaWavb)(mh=eM117Uf7j_34aYCK)5.jpg;https://ei.phncdn.com/videos/202509/16/22904715/original/(m=eaf8GgaaaWavb)(mh=eM117Uf7j_34aYCK)6.jpg;https://ei.phncdn.com/videos/202509/16/22904715/original/(m=eaf8GgaaaWavb)(mh=eM117Uf7j_34aYCK)7.jpg;https://ei.phncdn.com/videos/202509/16/22904715/original/(m=eaf8GgaaaWavb)(mh=eM117Uf7j_34aYCK)8.jpg;https://ei.phncdn.com/videos/202509/16/22904715/original/(m=eaf8GgaaaWavb)(mh=eM117Uf7j_34aYCK)9.jpg;https://ei.phncdn.com/videos/202509/16/22904715/original/(m=eaf8GgaaaWavb)(mh=eM117Uf7j_34aYCK)10.jpg;https://ei.phncdn.com/videos/202509/16/22904715/original/(m=eaf8GgaaaWavb)(mh=eM117Uf7j_34aYCK)11.jpg;https://ei.phncdn.com/videos/202509/16/22904715/original/(m=eaf8GgaaaWavb)(mh=eM117Uf7j_34aYCK)12.jpg;https://ei.phncdn.com/videos/202509/16/22904715/original/(m=eaf8GgaaaWavb)(mh=eM117Uf7j_34aYCK)13.jpg;https://ei.phncdn.com/videos/202509/16/22904715/original/(m=eaf8GgaaaWavb)(mh=eM117Uf7j_34aYCK)14.jpg;https://ei.phncdn.com/videos/202509/16/22904715/original/(m=eaf8GgaaaWavb)(mh=eM117Uf7j_34aYCK)15.jpg;https://ei.phncdn.com/videos/202509/16/22904715/original/(m=eaf8GgaaaWavb)(mh=eM117Uf7j_34aYCK)16.jpg|Eat my perfect pussy just how I tell you|pussy;eating-pussy;pussy-play;up-close-pussy;perfect-pussy;pink-pussy;innie-pussy-creampie;real-orgasm;how-to-eat-pussy;pussy-lips;fingering-pussy;fingering-myself;moaning;dirty-talk;housewife;cougar|Pussy Licking;Verified Amateurs;Solo Female;Female Orgasm;Tattooed Women||532|462|4|0|https://ei.phncdn.com/videos/202509/16/22904715/original/(m=eaAaGwObaaamqv)(mh=Con6pgV1N3fpoj7I)9.jpg|https://ei.phncdn.com/videos/202509/16/22904715/original/(m=eaAaGwObaaamqv)(mh=Con6pgV1N3fpoj7I)1.jpg;https://ei.phncdn.com/videos/202509/16/22904715/original/(m=eaAaGwObaaamqv)(mh=Con6pgV1N3fpoj7I)2.jpg;https://ei.phncdn.com/videos/202509/16/22904715/original/(m=eaAaGwObaaamqv)(mh=Con6pgV1N3fpoj7I)3.jpg;https://ei.phncdn.com/videos/202509/16/22904715/original/(m=eaAaGwObaaamqv)(mh=Con6pgV1N3fpoj7I)4.jpg;https://ei.phncdn.com/videos/202509/16/22904715/original/(m=eaAaGwObaaamqv)(mh=Con6pgV1N3fpoj7I)5.jpg;https://ei.phncdn.com/videos/202509/16/22904715/original/(m=eaAaGwObaaamqv)(mh=Con6pgV1N3fpoj7I)6.jpg;https://ei.phncdn.com/videos/202509/16/22904715/original/(m=eaAaGwObaaamqv)(mh=Con6pgV1N3fpoj7I)7.jpg;https://ei.phncdn.com/videos/202509/16/22904715/original/(m=eaAaGwObaaamqv)(mh=Con6pgV1N3fpoj7I)8.jpg;https://ei.phncdn.com/videos/202509/16/22904715/original/(m=eaAaGwObaaamqv)(mh=Con6pgV1N3fpoj7I)9.jpg;https://ei.phncdn.com/videos/202509/16/22904715/original/(m=eaAaGwObaaamqv)(mh=Con6pgV1N3fpoj7I)10.jpg;https://ei.phncdn.com/videos/202509/16/22904715/original/(m=eaAaGwObaaamqv)(mh=Con6pgV1N3fpoj7I)11.jpg;https://ei.phncdn.com/videos/202509/16/22904715/original/(m=eaAaGwObaaamqv)(mh=Con6pgV1N3fpoj7I)12.jpg;https://ei.phncdn.com/videos/202509/16/22904715/original/(m=eaAaGwObaaamqv)(mh=Con6pgV1N3fpoj7I)13.jpg;https://ei.phncdn.com/videos/202509/16/22904715/original/(m=eaAaGwObaaamqv)(mh=Con6pgV1N3fpoj7I)14.jpg;https://ei.phncdn.com/videos/202509/16/22904715/original/(m=eaAaGwObaaamqv)(mh=Con6pgV1N3fpoj7I)15.jpg;https://ei.phncdn.com/videos/202509/16/22904715/original/(m=eaAaGwObaaamqv)(mh=Con6pgV1N3fpoj7I)16.jpg
<iframe src="https://www.pornhub.com/embed/68cecb107ee25" frameborder="0" height="481" width="608" scrolling="no"></iframe>|https://ei.phncdn.com/videos/202509/20/23399865/original/(m=eaf8GgaaaWavb)(mh=UiyKYwkHOxfEYJTT)2.jpg|https://ei.phncdn.com/videos/202509/20/23399865/original/(m=eaf8GgaaaWavb)(mh=UiyKYwkHOxfEYJTT)1.jpg;https://ei.phncdn.com/videos/202509/20/23399865/original/(m=eaf8GgaaaWavb)(mh=UiyKYwkHOxfEYJTT)2.jpg;https://ei.phncdn.com/videos/202509/20/23399865/original/(m=eaf8GgaaaWavb)(mh=UiyKYwkHOxfEYJTT)3.jpg;https://ei.phncdn.com/videos/202509/20/23399865/original/(m=eaf8GgaaaWavb)(mh=UiyKYwkHOxfEYJTT)4.jpg;https://ei.phncdn.com/videos/202509/20/23399865/original/(m=eaf8GgaaaWavb)(mh=UiyKYwkHOxfEYJTT)5.jpg;https://ei.phncdn.com/videos/202509/20/23399865/original/(m=eaf8GgaaaWavb)(mh=UiyKYwkHOxfEYJTT)6.jpg;https://ei.phncdn.com/videos/202509/20/23399865/original/(m=eaf8GgaaaWavb)(mh=UiyKYwkHOxfEYJTT)7.jpg;https://ei.phncdn.com/videos/202509/20/23399865/original/(m=eaf8GgaaaWavb)(mh=UiyKYwkHOxfEYJTT)8.jpg;https://ei.phncdn.com/videos/202509/20/23399865/original/(m=eaf8GgaaaWavb)(mh=UiyKYwkHOxfEYJTT)9.jpg;https://ei.phncdn.com/videos/202509/20/23399865/original/(m=eaf8GgaaaWavb)(mh=UiyKYwkHOxfEYJTT)10.jpg;https://ei.phncdn.com/videos/202509/20/23399865/original/(m=eaf8GgaaaWavb)(mh=UiyKYwkHOxfEYJTT)11.jpg;https://ei.phncdn.com/videos/202509/20/23399865/original/(m=eaf8GgaaaWavb)(mh=UiyKYwkHOxfEYJTT)12.jpg;https://ei.phncdn.com/videos/202509/20/23399865/original/(m=eaf8GgaaaWavb)(mh=UiyKYwkHOxfEYJTT)13.jpg;https://ei.phncdn.com/videos/202509/20/23399865/original/(m=eaf8GgaaaWavb)(mh=UiyKYwkHOxfEYJTT)14.jpg;https://ei.phncdn.com/videos/202509/20/23399865/original/(m=eaf8GgaaaWavb)(mh=UiyKYwkHOxfEYJTT)15.jpg;https://ei.phncdn.com/videos/202509/20/23399865/original/(m=eaf8GgaaaWavb)(mh=UiyKYwkHOxfEYJTT)16.jpg|No Need for Words... Just Cum in my Mouth 💖|cunnilingus;pussy-licking;male-moans;licking;pussy-kisses;teasing;oral-noises;audio-porn;defrostedaudios|Pussy Licking;Verified Amateurs;Behind The Scenes||864|17738|146|6|https://ei.phncdn.com/videos/202509/20/23399865/original/(m=eaAaGwObaaamqv)(mh=1bv2-3W49MqTeH0L)2.jpg|https://ei.phncdn.com/videos/202509/20/23399865/original/(m=eaAaGwObaaamqv)(mh=1bv2-3W49MqTeH0L)1.jpg;https://ei.phncdn.com/videos/202509/20/23399865/original/(m=eaAaGwObaaamqv)(mh=1bv2-3W49MqTeH0L)2.jpg;https://ei.phncdn.com/videos/202509/20/23399865/original/(m=eaAaGwObaaamqv)(mh=1bv2-3W49MqTeH0L)3.jpg;https://ei.phncdn.com/videos/202509/20/23399865/original/(m=eaAaGwObaaamqv)(mh=1bv2-3W49MqTeH0L)4.jpg;https://ei.phncdn.com/videos/202509/20/23399865/original/(m=eaAaGwObaaamqv)(mh=1bv2-3W49MqTeH0L)5.jpg;https://ei.phncdn.com/videos/202509/20/23399865/original/(m=eaAaGwObaaamqv)(mh=1bv2-3W49MqTeH0L)6.jpg;https://ei.phncdn.com/videos/202509/20/23399865/original/(m=eaAaGwObaaamqv)(mh=1bv2-3W49MqTeH0L)7.jpg;https://ei.phncdn.com/videos/202509/20/23399865/original/(m=eaAaGwObaaamqv)(mh=1bv2-3W49MqTeH0L)8.jpg;https://ei.phncdn.com/videos/202509/20/23399865/original/(m=eaAaGwObaaamqv)(mh=1bv2-3W49MqTeH0L)9.jpg;https://ei.phncdn.com/videos/202509/20/23399865/original/(m=eaAaGwObaaamqv)(mh=1bv2-3W49MqTeH0L)10.jpg;https://ei.phncdn.com/videos/202509/20/23399865/original/(m=eaAaGwObaaamqv)(mh=1bv2-3W49MqTeH0L)11.jpg;https://ei.phncdn.com/videos/202509/20/23399865/original/(m=eaAaGwObaaamqv)(mh=1bv2-3W49MqTeH0L)12.jpg;https://ei.phncdn.com/videos/202509/20/23399865/original/(m=eaAaGwObaaamqv)(mh=1bv2-3W49MqTeH0L)13.jpg;https://ei.phncdn.com/videos/202509/20/23399865/original/(m=eaAaGwObaaamqv)(mh=1bv2-3W49MqTeH0L)14.jpg;https://ei.phncdn.com/videos/202509/20/23399865/original/(m=eaAaGwObaaamqv)(mh=1bv2-3W49MqTeH0L)15.jpg;https://ei.phncdn.com/videos/202509/20/23399865/original/(m=eaAaGwObaaamqv)(mh=1bv2-3W49MqTeH0L)16.jpg
<iframe src="https://www.pornhub.com/embed/68dc313cd8a41" frameborder="0" height="481" width="608" scrolling="no"></iframe>|https://ei.phncdn.com/videos/202509/30/24482295/original/(m=eaf8GgaaaWavb)(mh=twVtIY7tS_3_sdPQ)6.jpg|https://ei.phncdn.com/videos/202509/30/24482295/original/(m=eaf8GgaaaWavb)(mh=twVtIY7tS_3_sdPQ)1.jpg;https://ei.phncdn.com/videos/202509/30/24482295/original/(m=eaf8GgaaaWavb)(mh=twVtIY7tS_3_sdPQ)2.jpg;https://ei.phncdn.com/videos/202509/30/24482295/original/(m=eaf8GgaaaWavb)(mh=twVtIY7tS_3_sdPQ)3.jpg;https://ei.phncdn.com/videos/202509/30/24482295/original/(m=eaf8GgaaaWavb)(mh=twVtIY7tS_3_sdPQ)4.jpg;https://ei.phncdn.com/videos/202509/30/24482295/original/(m=eaf8GgaaaWavb)(mh=twVtIY7tS_3_sdPQ)5.jpg;https://ei.phncdn.com/videos/202509/30/24482295/original/(m=eaf8GgaaaWavb)(mh=twVtIY7tS_3_sdPQ)6.jpg;https://ei.phncdn.com/videos/202509/30/24482295/original/(m=eaf8GgaaaWavb)(mh=twVtIY7tS_3_sdPQ)7.jpg;https://ei.phncdn.com/videos/202509/30/24482295/original/(m=eaf8GgaaaWavb)(mh=twVtIY7tS_3_sdPQ)8.jpg;https://ei.phncdn.com/videos/202509/30/24482295/original/(m=eaf8GgaaaWavb)(mh=twVtIY7tS_3_sdPQ)9.jpg;https://ei.phncdn.com/videos/202509/30/24482295/original/(m=eaf8GgaaaWavb)(mh=twVtIY7tS_3_sdPQ)10.jpg;https://ei.phncdn.com/videos/202509/30/24482295/original/(m=eaf8GgaaaWavb)(mh=twVtIY7tS_3_sdPQ)11.jpg;https://ei.phncdn.com/videos/202509/30/24482295/original/(m=eaf8GgaaaWavb)(mh=twVtIY7tS_3_sdPQ)12.jpg;https://ei.phncdn.com/videos/202509/30/24482295/original/(m=eaf8GgaaaWavb)(mh=twVtIY7tS_3_sdPQ)13.jpg;https://ei.phncdn.com/videos/202509/30/24482295/original/(m=eaf8GgaaaWavb)(mh=twVtIY7tS_3_sdPQ)14.jpg;https://ei.phncdn.com/videos/202509/30/24482295/original/(m=eaf8GgaaaWavb)(mh=twVtIY7tS_3_sdPQ)15.jpg;https://ei.phncdn.com/videos/202509/30/24482295/original/(m=eaf8GgaaaWavb)(mh=twVtIY7tS_3_sdPQ)16.jpg|INTENSE - Sweet Romantic Pussy Licking Orgasms - MULTIPLE ORGASMS|jim-nova;feelgoodfilth;eating-pussy;pussy-eating;pussy-licking;female-orgasm;loud-moaning-orgasm;multiple-orgasm;orgasm;loud-moaning;pussy-licking-orgasm;pussy-worship;female-pleasure;romantic;clit-licking;clit-orgasm|Pussy Licking;Verified Amateurs;Female Orgasm;Romantic||421|19191|73|8|https://ei.phncdn.com/videos/202509/30/24482295/original/(m=eaAaGwObaaamqv)(mh=JmPMGUG6TwgXcoGn)6.jpg|https://ei.phncdn.com/videos/202509/30/24482295/original/(m=eaAaGwObaaamqv)(mh=JmPMGUG6TwgXcoGn)1.jpg;https://ei.phncdn.com/videos/202509/30/24482295/original/(m=eaAaGwObaaamqv)(mh=JmPMGUG6TwgXcoGn)2.jpg;https://ei.phncdn.com/videos/202509/30/24482295/original/(m=eaAaGwObaaamqv)(mh=JmPMGUG6TwgXcoGn)3.jpg;https://ei.phncdn.com/videos/202509/30/24482295/original/(m=eaAaGwObaaamqv)(mh=JmPMGUG6TwgXcoGn)4.jpg;https://ei.phncdn.com/videos/202509/30/24482295/original/(m=eaAaGwObaaamqv)(mh=JmPMGUG6TwgXcoGn)5.jpg;https://ei.phncdn.com/videos/202509/30/24482295/original/(m=eaAaGwObaaamqv)(mh=JmPMGUG6TwgXcoGn)6.jpg;https://ei.phncdn.com/videos/202509/30/24482295/original/(m=eaAaGwObaaamqv)(mh=JmPMGUG6TwgXcoGn)7.jpg;https://ei.phncdn.com/videos/202509/30/24482295/original/(m=eaAaGwObaaamqv)(mh=JmPMGUG6TwgXcoGn)8.jpg;https://ei.phncdn.com/videos/202509/30/24482295/original/(m=eaAaGwObaaamqv)(mh=JmPMGUG6TwgXcoGn)9.jpg;https://ei.phncdn.com/videos/202509/30/24482295/original/(m=eaAaGwObaaamqv)(mh=JmPMGUG6TwgXcoGn)10.jpg;https://ei.phncdn.com/videos/202509/30/24482295/original/(m=eaAaGwObaaamqv)(mh=JmPMGUG6TwgXcoGn)11.jpg;https://ei.phncdn.com/videos/202509/30/24482295/original/(m=eaAaGwObaaamqv)(mh=JmPMGUG6TwgXcoGn)12.jpg;https://ei.phncdn.com/videos/202509/30/24482295/original/(m=eaAaGwObaaamqv)(mh=JmPMGUG6TwgXcoGn)13.jpg;https://ei.phncdn.com/videos/202509/30/24482295/original/(m=eaAaGwObaaamqv)(mh=JmPMGUG6TwgXcoGn)14.jpg;https://ei.phncdn.com/videos/202509/30/24482295/original/(m=eaAaGwObaaamqv)(mh=JmPMGUG6TwgXcoGn)15.jpg;https://ei.phncdn.com/videos/202509/30/24482295/original/(m=eaAaGwObaaamqv)(mh=JmPMGUG6TwgXcoGn)16.jpg
<iframe src="https://www.pornhub.com/embed/68dc324ce630f" frameborder="0" height="481" width="608" scrolling="no"></iframe>|https://ei.phncdn.com/videos/202509/30/24482985/original/(m=eaf8GgaaaWavb)(mh=vlVRLe0e_wvUB8Y8)12.jpg|https://ei.phncdn.com/videos/202509/30/24482985/original/(m=eaf8GgaaaWavb)(mh=vlVRLe0e_wvUB8Y8)1.jpg;https://ei.phncdn.com/videos/202509/30/24482985/original/(m=eaf8GgaaaWavb)(mh=vlVRLe0e_wvUB8Y8)2.jpg;https://ei.phncdn.com/videos/202509/30/24482985/original/(m=eaf8GgaaaWavb)(mh=vlVRLe0e_wvUB8Y8)3.jpg;https://ei.phncdn.com/videos/202509/30/24482985/original/(m=eaf8GgaaaWavb)(mh=vlVRLe0e_wvUB8Y8)4.jpg;https://ei.phncdn.com/videos/202509/30/24482985/original/(m=eaf8GgaaaWavb)(mh=vlVRLe0e_wvUB8Y8)5.jpg;https://ei.phncdn.com/videos/202509/30/24482985/original/(m=eaf8GgaaaWavb)(mh=vlVRLe0e_wvUB8Y8)6.jpg;https://ei.phncdn.com/videos/202509/30/24482985/original/(m=eaf8GgaaaWavb)(mh=vlVRLe0e_wvUB8Y8)7.jpg;https://ei.phncdn.com/videos/202509/30/24482985/original/(m=eaf8GgaaaWavb)(mh=vlVRLe0e_wvUB8Y8)8.jpg;https://ei.phncdn.com/videos/202509/30/24482985/original/(m=eaf8GgaaaWavb)(mh=vlVRLe0e_wvUB8Y8)9.jpg;https://ei.phncdn.com/videos/202509/30/24482985/original/(m=eaf8GgaaaWavb)(mh=vlVRLe0e_wvUB8Y8)10.jpg;https://ei.phncdn.com/videos/202509/30/24482985/original/(m=eaf8GgaaaWavb)(mh=vlVRLe0e_wvUB8Y8)11.jpg;https://ei.phncdn.com/videos/202509/30/24482985/original/(m=eaf8GgaaaWavb)(mh=vlVRLe0e_wvUB8Y8)12.jpg;https://ei.phncdn.com/videos/202509/30/24482985/original/(m=eaf8GgaaaWavb)(mh=vlVRLe0e_wvUB8Y8)13.jpg;https://ei.phncdn.com/videos/202509/30/24482985/original/(m=eaf8GgaaaWavb)(mh=vlVRLe0e_wvUB8Y8)14.jpg;https://ei.phncdn.com/videos/202509/30/24482985/original/(m=eaf8GgaaaWavb)(mh=vlVRLe0e_wvUB8Y8)15.jpg;https://ei.phncdn.com/videos/202509/30/24482985/original/(m=eaf8GgaaaWavb)(mh=vlVRLe0e_wvUB8Y8)16.jpg|SHE CAN'T STOP CUMMING - Multiple Pussy Licking Orgasms|jim-nova;feelgoodfilth;eating-pussy;pussy;pussy-eating;pussy-licking;orgasm;pussy-licking-orgasm;extreme-pussy-eating;pussy-eating-orgasm;female-orgasm;loud-moaning;age-gap;pussy-worship|Pussy Licking;Verified Amateurs;Female Orgasm;Romantic||423|23048|59|7|https://ei.phncdn.com/videos/202509/30/24482985/original/(m=eaAaGwObaaamqv)(mh=XAobxVzUoRHhR8BU)12.jpg|https://ei.phncdn.com/videos/202509/30/24482985/original/(m=eaAaGwObaaamqv)(mh=XAobxVzUoRHhR8BU)1.jpg;https://ei.phncdn.com/videos/202509/30/24482985/original/(m=eaAaGwObaaamqv)(mh=XAobxVzUoRHhR8BU)2.jpg;https://ei.phncdn.com/videos/202509/30/24482985/original/(m=eaAaGwObaaamqv)(mh=XAobxVzUoRHhR8BU)3.jpg;https://ei.phncdn.com/videos/202509/30/24482985/original/(m=eaAaGwObaaamqv)(mh=XAobxVzUoRHhR8BU)4.jpg;https://ei.phncdn.com/videos/202509/30/24482985/original/(m=eaAaGwObaaamqv)(mh=XAobxVzUoRHhR8BU)5.jpg;https://ei.phncdn.com/videos/202509/30/24482985/original/(m=eaAaGwObaaamqv)(mh=XAobxVzUoRHhR8BU)6.jpg;https://ei.phncdn.com/videos/202509/30/24482985/original/(m=eaAaGwObaaamqv)(mh=XAobxVzUoRHhR8BU)7.jpg;https://ei.phncdn.com/videos/202509/30/24482985/original/(m=eaAaGwObaaamqv)(mh=XAobxVzUoRHhR8BU)8.jpg;https://ei.phncdn.com/videos/202509/30/24482985/original/(m=eaAaGwObaaamqv)(mh=XAobxVzUoRHhR8BU)9.jpg;https://ei.phncdn.com/videos/202509/30/24482985/original/(m=eaAaGwObaaamqv)(mh=XAobxVzUoRHhR8BU)10.jpg;https://ei.phncdn.com/videos/202509/30/24482985/original/(m=eaAaGwObaaamqv)(mh=XAobxVzUoRHhR8BU)11.jpg;https://ei.phncdn.com/videos/202509/30/24482985/original/(m=eaAaGwObaaamqv)(mh=XAobxVzUoRHhR8BU)12.jpg;https://ei.phncdn.com/videos/202509/30/24482985/original/(m=eaAaGwObaaamqv)(mh=XAobxVzUoRHhR8BU)13.jpg;https://ei.phncdn.com/videos/202509/30/24482985/original/(m=eaAaGwObaaamqv)(mh=XAobxVzUoRHhR8BU)14.jpg;https://ei.phncdn.com/videos/202509/30/24482985/original/(m=eaAaGwObaaamqv)(mh=XAobxVzUoRHhR8BU)15.jpg;https://ei.phncdn.com/videos/202509/30/24482985/original/(m=eaAaGwObaaamqv)(mh=XAobxVzUoRHhR8BU)16.jpg
<iframe src="https://www.pornhub.com/embed/68f7fb9e1cc74" frameborder="0" height="481" width="608" scrolling="no"></iframe>|https://ei.phncdn.com/videos/202510/21/27036285/original/(m=eaf8GgaaaWavb)(mh=JeZtheUWkuo4AkvP)12.jpg|https://ei.phncdn.com/videos/202510/21/27036285/original/(m=eaf8GgaaaWavb)(mh=JeZtheUWkuo4AkvP)1.jpg;https://ei.phncdn.com/videos/202510/21/27036285/original/(m=eaf8GgaaaWavb)(mh=JeZtheUWkuo4AkvP)2.jpg;https://ei.phncdn.com/videos/202510/21/27036285/original/(m=eaf8GgaaaWavb)(mh=JeZtheUWkuo4AkvP)3.jpg;https://ei.phncdn.com/videos/202510/21/27036285/original/(m=eaf8GgaaaWavb)(mh=JeZtheUWkuo4AkvP)4.jpg;https://ei.phncdn.com/videos/202510/21/27036285/original/(m=eaf8GgaaaWavb)(mh=JeZtheUWkuo4AkvP)5.jpg;https://ei.phncdn.com/videos/202510/21/27036285/original/(m=eaf8GgaaaWavb)(mh=JeZtheUWkuo4AkvP)6.jpg;https://ei.phncdn.com/videos/202510/21/27036285/original/(m=eaf8GgaaaWavb)(mh=JeZtheUWkuo4AkvP)7.jpg;https://ei.phncdn.com/videos/202510/21/27036285/original/(m=eaf8GgaaaWavb)(mh=JeZtheUWkuo4AkvP)8.jpg;https://ei.phncdn.com/videos/202510/21/27036285/original/(m=eaf8GgaaaWavb)(mh=JeZtheUWkuo4AkvP)9.jpg;https://ei.phncdn.com/videos/202510/21/27036285/original/(m=eaf8GgaaaWavb)(mh=JeZtheUWkuo4AkvP)10.jpg;https://ei.phncdn.com/videos/202510/21/27036285/original/(m=eaf8GgaaaWavb)(mh=JeZtheUWkuo4AkvP)11.jpg;https://ei.phncdn.com/videos/202510/21/27036285/original/(m=eaf8GgaaaWavb)(mh=JeZtheUWkuo4AkvP)12.jpg;https://ei.phncdn.com/videos/202510/21/27036285/original/(m=eaf8GgaaaWavb)(mh=JeZtheUWkuo4AkvP)13.jpg;https://ei.phncdn.com/videos/202510/21/27036285/original/(m=eaf8GgaaaWavb)(mh=JeZtheUWkuo4AkvP)14.jpg;https://ei.phncdn.com/videos/202510/21/27036285/original/(m=eaf8GgaaaWavb)(mh=JeZtheUWkuo4AkvP)15.jpg;https://ei.phncdn.com/videos/202510/21/27036285/original/(m=eaf8GgaaaWavb)(mh=JeZtheUWkuo4AkvP)16.jpg|Eating my wife's sweet ass pussy|eating-pussy;vibrator|Pussy Licking;Verified Amateurs;Female Orgasm||99|55|3|0|https://ei.phncdn.com/videos/202510/21/27036285/original/(m=eaAaGwObaaamqv)(mh=-9yaYkMiSL7kC1U8)12.jpg|https://ei.phncdn.com/videos/202510/21/27036285/original/(m=eaAaGwObaaamqv)(mh=-9yaYkMiSL7kC1U8)1.jpg;https://ei.phncdn.com/videos/202510/21/27036285/original/(m=eaAaGwObaaamqv)(mh=-9yaYkMiSL7kC1U8)2.jpg;https://ei.phncdn.com/videos/202510/21/27036285/original/(m=eaAaGwObaaamqv)(mh=-9yaYkMiSL7kC1U8)3.jpg;https://ei.phncdn.com/videos/202510/21/27036285/original/(m=eaAaGwObaaamqv)(mh=-9yaYkMiSL7kC1U8)4.jpg;https://ei.phncdn.com/videos/202510/21/27036285/original/(m=eaAaGwObaaamqv)(mh=-9yaYkMiSL7kC1U8)5.jpg;https://ei.phncdn.com/videos/202510/21/27036285/original/(m=eaAaGwObaaamqv)(mh=-9yaYkMiSL7kC1U8)6.jpg;https://ei.phncdn.com/videos/202510/21/27036285/original/(m=eaAaGwObaaamqv)(mh=-9yaYkMiSL7kC1U8)7.jpg;https://ei.phncdn.com/videos/202510/21/27036285/original/(m=eaAaGwObaaamqv)(mh=-9yaYkMiSL7kC1U8)8.jpg;https://ei.phncdn.com/videos/202510/21/27036285/original/(m=eaAaGwObaaamqv)(mh=-9yaYkMiSL7kC1U8)9.jpg;https://ei.phncdn.com/videos/202510/21/27036285/original/(m=eaAaGwObaaamqv)(mh=-9yaYkMiSL7kC1U8)10.jpg;https://ei.phncdn.com/videos/202510/21/27036285/original/(m=eaAaGwObaaamqv)(mh=-9yaYkMiSL7kC1U8)11.jpg;https://ei.phncdn.com/videos/202510/21/27036285/original/(m=eaAaGwObaaamqv)(mh=-9yaYkMiSL7kC1U8)12.jpg;https://ei.phncdn.com/videos/202510/21/27036285/original/(m=eaAaGwObaaamqv)(mh=-9yaYkMiSL7kC1U8)13.jpg;https://ei.phncdn.com/videos/202510/21/27036285/original/(m=eaAaGwObaaamqv)(mh=-9yaYkMiSL7kC1U8)14.jpg;https://ei.phncdn.com/videos/202510/21/27036285/original/(m=eaAaGwObaaamqv)(mh=-9yaYkMiSL7kC1U8)15.jpg;https://ei.phncdn.com/videos/202510/21/27036285/original/(m=eaAaGwObaaamqv)(mh=-9yaYkMiSL7kC1U8)16.jpg
<iframe src="https://www.pornhub.com/embed/692272399a9a0" frameborder="0" height="481" width="608" scrolling="no"></iframe>|https://ei.phncdn.com/videos/202511/23/30578625/original/(m=eaf8GgaaaWavb)(mh=1JTWjpFcI0-zHRG3)6.jpg|https://ei.phncdn.com/videos/202511/23/30578625/original/(m=eaf8GgaaaWavb)(mh=1JTWjpFcI0-zHRG3)1.jpg;https://ei.phncdn.com/videos/202511/23/30578625/original/(m=eaf8GgaaaWavb)(mh=1JTWjpFcI0-zHRG3)2.jpg;https://ei.phncdn.com/videos/202511/23/30578625/original/(m=eaf8GgaaaWavb)(mh=1JTWjpFcI0-zHRG3)3.jpg;https://ei.phncdn.com/videos/202511/23/30578625/original/(m=eaf8GgaaaWavb)(mh=1JTWjpFcI0-zHRG3)4.jpg;https://ei.phncdn.com/videos/202511/23/30578625/original/(m=eaf8GgaaaWavb)(mh=1JTWjpFcI0-zHRG3)5.jpg;https://ei.phncdn.com/videos/202511/23/30578625/original/(m=eaf8GgaaaWavb)(mh=1JTWjpFcI0-zHRG3)6.jpg;https://ei.phncdn.com/videos/202511/23/30578625/original/(m=eaf8GgaaaWavb)(mh=1JTWjpFcI0-zHRG3)7.jpg;https://ei.phncdn.com/videos/202511/23/30578625/original/(m=eaf8GgaaaWavb)(mh=1JTWjpFcI0-zHRG3)8.jpg;https://ei.phncdn.com/videos/202511/23/30578625/original/(m=eaf8GgaaaWavb)(mh=1JTWjpFcI0-zHRG3)9.jpg;https://ei.phncdn.com/videos/202511/23/30578625/original/(m=eaf8GgaaaWavb)(mh=1JTWjpFcI0-zHRG3)10.jpg;https://ei.phncdn.com/videos/202511/23/30578625/original/(m=eaf8GgaaaWavb)(mh=1JTWjpFcI0-zHRG3)11.jpg;https://ei.phncdn.com/videos/202511/23/30578625/original/(m=eaf8GgaaaWavb)(mh=1JTWjpFcI0-zHRG3)12.jpg;https://ei.phncdn.com/videos/202511/23/30578625/original/(m=eaf8GgaaaWavb)(mh=1JTWjpFcI0-zHRG3)13.jpg;https://ei.phncdn.com/videos/202511/23/30578625/original/(m=eaf8GgaaaWavb)(mh=1JTWjpFcI0-zHRG3)14.jpg;https://ei.phncdn.com/videos/202511/23/30578625/original/(m=eaf8GgaaaWavb)(mh=1JTWjpFcI0-zHRG3)15.jpg;https://ei.phncdn.com/videos/202511/23/30578625/original/(m=eaf8GgaaaWavb)(mh=1JTWjpFcI0-zHRG3)16.jpg|Real Life Couple Roleplay as Strangers - Slow Sex & Oral - ForPlay Films|porn-for-women;best-oral-sex;wet-pussy;cinematic;ethical-porn;fantasy;feminist;passionate;real-life-couple;real-sex|Pussy Licking;Romantic||265|14825|26|0|https://ei.phncdn.com/videos/202511/23/30578625/original/(m=eaAaGwObaaamqv)(mh=fmgW8JO-aEX1j4-9)6.jpg|https://ei.phncdn.com/videos/202511/23/30578625/original/(m=eaAaGwObaaamqv)(mh=fmgW8JO-aEX1j4-9)1.jpg;https://ei.phncdn.com/videos/202511/23/30578625/original/(m=eaAaGwObaaamqv)(mh=fmgW8JO-aEX1j4-9)2.jpg;https://ei.phncdn.com/videos/202511/23/30578625/original/(m=eaAaGwObaaamqv)(mh=fmgW8JO-aEX1j4-9)3.jpg;https://ei.phncdn.com/videos/202511/23/30578625/original/(m=eaAaGwObaaamqv)(mh=fmgW8JO-aEX1j4-9)4.jpg;https://ei.phncdn.com/videos/202511/23/30578625/original/(m=eaAaGwObaaamqv)(mh=fmgW8JO-aEX1j4-9)5.jpg;https://ei.phncdn.com/videos/202511/23/30578625/original/(m=eaAaGwObaaamqv)(mh=fmgW8JO-aEX1j4-9)6.jpg;https://ei.phncdn.com/videos/202511/23/30578625/original/(m=eaAaGwObaaamqv)(mh=fmgW8JO-aEX1j4-9)7.jpg;https://ei.phncdn.com/videos/202511/23/30578625/original/(m=eaAaGwObaaamqv)(mh=fmgW8JO-aEX1j4-9)8.jpg;https://ei.phncdn.com/videos/202511/23/30578625/original/(m=eaAaGwObaaamqv)(mh=fmgW8JO-aEX1j4-9)9.jpg;https://ei.phncdn.com/videos/202511/23/30578625/original/(m=eaAaGwObaaamqv)(mh=fmgW8JO-aEX1j4-9)10.jpg;https://ei.phncdn.com/videos/202511/23/30578625/original/(m=eaAaGwObaaamqv)(mh=fmgW8JO-aEX1j4-9)11.jpg;https://ei.phncdn.com/videos/202511/23/30578625/original/(m=eaAaGwObaaamqv)(mh=fmgW8JO-aEX1j4-9)12.jpg;https://ei.phncdn.com/videos/202511/23/30578625/original/(m=eaAaGwObaaamqv)(mh=fmgW8JO-aEX1j4-9)13.jpg;https://ei.phncdn.com/videos/202511/23/30578625/original/(m=eaAaGwObaaamqv)(mh=fmgW8JO-aEX1j4-9)14.jpg;https://ei.phncdn.com/videos/202511/23/30578625/original/(m=eaAaGwObaaamqv)(mh=fmgW8JO-aEX1j4-9)15.jpg;https://ei.phncdn.com/videos/202511/23/30578625/original/(m=eaAaGwObaaamqv)(mh=fmgW8JO-aEX1j4-9)16.jpg
<iframe src="https://www.pornhub.com/embed/6942fecbe8782" frameborder="0" height="481" width="608" scrolling="no"></iframe>|https://ei.phncdn.com/videos/202512/17/33034845/original/(m=eaf8GgaaaWavb)(mh=s9ULyu8wm_DyoZqt)12.jpg|https://ei.phncdn.com/videos/202512/17/33034845/original/(m=eaf8GgaaaWavb)(mh=s9ULyu8wm_DyoZqt)1.jpg;https://ei.phncdn.com/videos/202512/17/33034845/original/(m=eaf8GgaaaWavb)(mh=s9ULyu8wm_DyoZqt)2.jpg;https://ei.phncdn.com/videos/202512/17/33034845/original/(m=eaf8GgaaaWavb)(mh=s9ULyu8wm_DyoZqt)3.jpg;https://ei.phncdn.com/videos/202512/17/33034845/original/(m=eaf8GgaaaWavb)(mh=s9ULyu8wm_DyoZqt)4.jpg;https://ei.phncdn.com/videos/202512/17/33034845/original/(m=eaf8GgaaaWavb)(mh=s9ULyu8wm_DyoZqt)5.jpg;https://ei.phncdn.com/videos/202512/17/33034845/original/(m=eaf8GgaaaWavb)(mh=s9ULyu8wm_DyoZqt)6.jpg;https://ei.phncdn.com/videos/202512/17/33034845/original/(m=eaf8GgaaaWavb)(mh=s9ULyu8wm_DyoZqt)7.jpg;https://ei.phncdn.com/videos/202512/17/33034845/original/(m=eaf8GgaaaWavb)(mh=s9ULyu8wm_DyoZqt)8.jpg;https://ei.phncdn.com/videos/202512/17/33034845/original/(m=eaf8GgaaaWavb)(mh=s9ULyu8wm_DyoZqt)9.jpg;https://ei.phncdn.com/videos/202512/17/33034845/original/(m=eaf8GgaaaWavb)(mh=s9ULyu8wm_DyoZqt)10.jpg;https://ei.phncdn.com/videos/202512/17/33034845/original/(m=eaf8GgaaaWavb)(mh=s9ULyu8wm_DyoZqt)11.jpg;https://ei.phncdn.com/videos/202512/17/33034845/original/(m=eaf8GgaaaWavb)(mh=s9ULyu8wm_DyoZqt)12.jpg;https://ei.phncdn.com/videos/202512/17/33034845/original/(m=eaf8GgaaaWavb)(mh=s9ULyu8wm_DyoZqt)13.jpg;https://ei.phncdn.com/videos/202512/17/33034845/original/(m=eaf8GgaaaWavb)(mh=s9ULyu8wm_DyoZqt)14.jpg;https://ei.phncdn.com/videos/202512/17/33034845/original/(m=eaf8GgaaaWavb)(mh=s9ULyu8wm_DyoZqt)15.jpg;https://ei.phncdn.com/videos/202512/17/33034845/original/(m=eaf8GgaaaWavb)(mh=s9ULyu8wm_DyoZqt)16.jpg|Making Love to her Sweet Pussy With My Tongue - FEMALE ORGASM|jim-nova;feelgoodfilth;pussy-licking;pussy-licking-orgasm;loud-female-moaning;pussy-eating;pussy-eating-orgasm;cunnilingus-orgasm;cunnilingus;loud-moaning;real-orgasm;female-pleasure;loud-orgasm;loud-moaning-orgasm|Pussy Licking;Verified Amateurs;Female Orgasm||510|36097|105|9|https://ei.phncdn.com/videos/202512/17/33034845/original/(m=eaAaGwObaaamqv)(mh=auQFbQCdGoYg2tMR)12.jpg|https://ei.phncdn.com/videos/202512/17/33034845/original/(m=eaAaGwObaaamqv)(mh=auQFbQCdGoYg2tMR)1.jpg;https://ei.phncdn.com/videos/202512/17/33034845/original/(m=eaAaGwObaaamqv)(mh=auQFbQCdGoYg2tMR)2.jpg;https://ei.phncdn.com/videos/202512/17/33034845/original/(m=eaAaGwObaaamqv)(mh=auQFbQCdGoYg2tMR)3.jpg;https://ei.phncdn.com/videos/202512/17/33034845/original/(m=eaAaGwObaaamqv)(mh=auQFbQCdGoYg2tMR)4.jpg;https://ei.phncdn.com/videos/202512/17/33034845/original/(m=eaAaGwObaaamqv)(mh=auQFbQCdGoYg2tMR)5.jpg;https://ei.phncdn.com/videos/202512/17/33034845/original/(m=eaAaGwObaaamqv)(mh=auQFbQCdGoYg2tMR)6.jpg;https://ei.phncdn.com/videos/202512/17/33034845/original/(m=eaAaGwObaaamqv)(mh=auQFbQCdGoYg2tMR)7.jpg;https://ei.phncdn.com/videos/202512/17/33034845/original/(m=eaAaGwObaaamqv)(mh=auQFbQCdGoYg2tMR)8.jpg;https://ei.phncdn.com/videos/202512/17/33034845/original/(m=eaAaGwObaaamqv)(mh=auQFbQCdGoYg2tMR)9.jpg;https://ei.phncdn.com/videos/202512/17/33034845/original/(m=eaAaGwObaaamqv)(mh=auQFbQCdGoYg2tMR)10.jpg;https://ei.phncdn.com/videos/202512/17/33034845/original/(m=eaAaGwObaaamqv)(mh=auQFbQCdGoYg2tMR)11.jpg;https://ei.phncdn.com/videos/202512/17/33034845/original/(m=eaAaGwObaaamqv)(mh=auQFbQCdGoYg2tMR)12.jpg;https://ei.phncdn.com/videos/202512/17/33034845/original/(m=eaAaGwObaaamqv)(mh=auQFbQCdGoYg2tMR)13.jpg;https://ei.phncdn.com/videos/202512/17/33034845/original/(m=eaAaGwObaaamqv)(mh=auQFbQCdGoYg2tMR)14.jpg;https://ei.phncdn.com/videos/202512/17/33034845/original/(m=eaAaGwObaaamqv)(mh=auQFbQCdGoYg2tMR)15.jpg;https://ei.phncdn.com/videos/202512/17/33034845/original/(m=eaAaGwObaaamqv)(mh=auQFbQCdGoYg2tMR)16.jpg
<iframe src="https://www.pornhub.com/embed/694304565fd72" frameborder="0" height="481" width="608" scrolling="no"></iframe>|https://ei.phncdn.com/videos/202512/17/33035955/original/(m=eaf8GgaaaWavb)(mh=p5fcvAb8Yie3h_Bg)12.jpg|https://ei.phncdn.com/videos/202512/17/33035955/original/(m=eaf8GgaaaWavb)(mh=p5fcvAb8Yie3h_Bg)1.jpg;https://ei.phncdn.com/videos/202512/17/33035955/original/(m=eaf8GgaaaWavb)(mh=p5fcvAb8Yie3h_Bg)2.jpg;https://ei.phncdn.com/videos/202512/17/33035955/original/(m=eaf8GgaaaWavb)(mh=p5fcvAb8Yie3h_Bg)3.jpg;https://ei.phncdn.com/videos/202512/17/33035955/original/(m=eaf8GgaaaWavb)(mh=p5fcvAb8Yie3h_Bg)4.jpg;https://ei.phncdn.com/videos/202512/17/33035955/original/(m=eaf8GgaaaWavb)(mh=p5fcvAb8Yie3h_Bg)5.jpg;https://ei.phncdn.com/videos/202512/17/33035955/original/(m=eaf8GgaaaWavb)(mh=p5fcvAb8Yie3h_Bg)6.jpg;https://ei.phncdn.com/videos/202512/17/33035955/original/(m=eaf8GgaaaWavb)(mh=p5fcvAb8Yie3h_Bg)7.jpg;https://ei.phncdn.com/videos/202512/17/33035955/original/(m=eaf8GgaaaWavb)(mh=p5fcvAb8Yie3h_Bg)8.jpg;https://ei.phncdn.com/videos/202512/17/33035955/original/(m=eaf8GgaaaWavb)(mh=p5fcvAb8Yie3h_Bg)9.jpg;https://ei.phncdn.com/videos/202512/17/33035955/original/(m=eaf8GgaaaWavb)(mh=p5fcvAb8Yie3h_Bg)10.jpg;https://ei.phncdn.com/videos/202512/17/33035955/original/(m=eaf8GgaaaWavb)(mh=p5fcvAb8Yie3h_Bg)11.jpg;https://ei.phncdn.com/videos/202512/17/33035955/original/(m=eaf8GgaaaWavb)(mh=p5fcvAb8Yie3h_Bg)12.jpg;https://ei.phncdn.com/videos/202512/17/33035955/original/(m=eaf8GgaaaWavb)(mh=p5fcvAb8Yie3h_Bg)13.jpg;https://ei.phncdn.com/videos/202512/17/33035955/original/(m=eaf8GgaaaWavb)(mh=p5fcvAb8Yie3h_Bg)14.jpg;https://ei.phncdn.com/videos/202512/17/33035955/original/(m=eaf8GgaaaWavb)(mh=p5fcvAb8Yie3h_Bg)15.jpg;https://ei.phncdn.com/videos/202512/17/33035955/original/(m=eaf8GgaaaWavb)(mh=p5fcvAb8Yie3h_Bg)16.jpg|Spoiling Her Swollen Fat Pussy - REAL ORGASM|jim-nova;feelgoodfilth;pussy-licking;pussy-licking-orgasm;pussy-eating;pussy-eating-orgasm;best-cunnilingus;cunnilingus;cunnilingus-orgasm;girl-moaning;loud-moaning-orgasm;loud-female-orgasm;female-orgasm;real-female-orgasm;real-female-pleasure;female-pleasure|Pussy Licking;Verified Amateurs;Female Orgasm||421|11102|63|3|https://ei.phncdn.com/videos/202512/17/33035955/original/(m=eaAaGwObaaamqv)(mh=oghFZuXSdP3Q_3_N)12.jpg|https://ei.phncdn.com/videos/202512/17/33035955/original/(m=eaAaGwObaaamqv)(mh=oghFZuXSdP3Q_3_N)1.jpg;https://ei.phncdn.com/videos/202512/17/33035955/original/(m=eaAaGwObaaamqv)(mh=oghFZuXSdP3Q_3_N)2.jpg;https://ei.phncdn.com/videos/202512/17/33035955/original/(m=eaAaGwObaaamqv)(mh=oghFZuXSdP3Q_3_N)3.jpg;https://ei.phncdn.com/videos/202512/17/33035955/original/(m=eaAaGwObaaamqv)(mh=oghFZuXSdP3Q_3_N)4.jpg;https://ei.phncdn.com/videos/202512/17/33035955/original/(m=eaAaGwObaaamqv)(mh=oghFZuXSdP3Q_3_N)5.jpg;https://ei.phncdn.com/videos/202512/17/33035955/original/(m=eaAaGwObaaamqv)(mh=oghFZuXSdP3Q_3_N)6.jpg;https://ei.phncdn.com/videos/202512/17/33035955/original/(m=eaAaGwObaaamqv)(mh=oghFZuXSdP3Q_3_N)7.jpg;https://ei.phncdn.com/videos/202512/17/33035955/original/(m=eaAaGwObaaamqv)(mh=oghFZuXSdP3Q_3_N)8.jpg;https://ei.phncdn.com/videos/202512/17/33035955/original/(m=eaAaGwObaaamqv)(mh=oghFZuXSdP3Q_3_N)9.jpg;https://ei.phncdn.com/videos/202512/17/33035955/original/(m=eaAaGwObaaamqv)(mh=oghFZuXSdP3Q_3_N)10.jpg;https://ei.phncdn.com/videos/202512/17/33035955/original/(m=eaAaGwObaaamqv)(mh=oghFZuXSdP3Q_3_N)11.jpg;https://ei.phncdn.com/videos/202512/17/33035955/original/(m=eaAaGwObaaamqv)(mh=oghFZuXSdP3Q_3_N)12.jpg;https://ei.phncdn.com/videos/202512/17/33035955/original/(m=eaAaGwObaaamqv)(mh=oghFZuXSdP3Q_3_N)13.jpg;https://ei.phncdn.com/videos/202512/17/33035955/original/(m=eaAaGwObaaamqv)(mh=oghFZuXSdP3Q_3_N)14.jpg;https://ei.phncdn.com/videos/202512/17/33035955/original/(m=eaAaGwObaaamqv)(mh=oghFZuXSdP3Q_3_N)15.jpg;https://ei.phncdn.com/videos/202512/17/33035955/original/(m=eaAaGwObaaamqv)(mh=oghFZuXSdP3Q_3_N)16.jpg
<iframe src="https://www.pornhub.com/embed/69457b745b2a5" frameborder="0" height="481" width="608" scrolling="no"></iframe>|https://ei.phncdn.com/videos/202512/19/33247005/original/(m=eaf8GgaaaWavb)(mh=L-zKlsb03xOTyRNP)12.jpg|https://ei.phncdn.com/videos/202512/19/33247005/original/(m=eaf8GgaaaWavb)(mh=L-zKlsb03xOTyRNP)1.jpg;https://ei.phncdn.com/videos/202512/19/33247005/original/(m=eaf8GgaaaWavb)(mh=L-zKlsb03xOTyRNP)2.jpg;https://ei.phncdn.com/videos/202512/19/33247005/original/(m=eaf8GgaaaWavb)(mh=L-zKlsb03xOTyRNP)3.jpg;https://ei.phncdn.com/videos/202512/19/33247005/original/(m=eaf8GgaaaWavb)(mh=L-zKlsb03xOTyRNP)4.jpg;https://ei.phncdn.com/videos/202512/19/33247005/original/(m=eaf8GgaaaWavb)(mh=L-zKlsb03xOTyRNP)5.jpg;https://ei.phncdn.com/videos/202512/19/33247005/original/(m=eaf8GgaaaWavb)(mh=L-zKlsb03xOTyRNP)6.jpg;https://ei.phncdn.com/videos/202512/19/33247005/original/(m=eaf8GgaaaWavb)(mh=L-zKlsb03xOTyRNP)7.jpg;https://ei.phncdn.com/videos/202512/19/33247005/original/(m=eaf8GgaaaWavb)(mh=L-zKlsb03xOTyRNP)8.jpg;https://ei.phncdn.com/videos/202512/19/33247005/original/(m=eaf8GgaaaWavb)(mh=L-zKlsb03xOTyRNP)9.jpg;https://ei.phncdn.com/videos/202512/19/33247005/original/(m=eaf8GgaaaWavb)(mh=L-zKlsb03xOTyRNP)10.jpg;https://ei.phncdn.com/videos/202512/19/33247005/original/(m=eaf8GgaaaWavb)(mh=L-zKlsb03xOTyRNP)11.jpg;https://ei.phncdn.com/videos/202512/19/33247005/original/(m=eaf8GgaaaWavb)(mh=L-zKlsb03xOTyRNP)12.jpg;https://ei.phncdn.com/videos/202512/19/33247005/original/(m=eaf8GgaaaWavb)(mh=L-zKlsb03xOTyRNP)13.jpg;https://ei.phncdn.com/videos/202512/19/33247005/original/(m=eaf8GgaaaWavb)(mh=L-zKlsb03xOTyRNP)14.jpg;https://ei.phncdn.com/videos/202512/19/33247005/original/(m=eaf8GgaaaWavb)(mh=L-zKlsb03xOTyRNP)15.jpg;https://ei.phncdn.com/videos/202512/19/33247005/original/(m=eaf8GgaaaWavb)(mh=L-zKlsb03xOTyRNP)16.jpg|The best couple: tight pussy and feet|cum-in-pussy;feet|Pussy Licking;Verified Amateurs;Solo Female||15|214|11|0|https://ei.phncdn.com/videos/202512/19/33247005/original/(m=eaAaGwObaaamqv)(mh=E9-vfJjdldeCyJoE)12.jpg|https://ei.phncdn.com/videos/202512/19/33247005/original/(m=eaAaGwObaaamqv)(mh=E9-vfJjdldeCyJoE)1.jpg;https://ei.phncdn.com/videos/202512/19/33247005/original/(m=eaAaGwObaaamqv)(mh=E9-vfJjdldeCyJoE)2.jpg;https://ei.phncdn.com/videos/202512/19/33247005/original/(m=eaAaGwObaaamqv)(mh=E9-vfJjdldeCyJoE)3.jpg;https://ei.phncdn.com/videos/202512/19/33247005/original/(m=eaAaGwObaaamqv)(mh=E9-vfJjdldeCyJoE)4.jpg;https://ei.phncdn.com/videos/202512/19/33247005/original/(m=eaAaGwObaaamqv)(mh=E9-vfJjdldeCyJoE)5.jpg;https://ei.phncdn.com/videos/202512/19/33247005/original/(m=eaAaGwObaaamqv)(mh=E9-vfJjdldeCyJoE)6.jpg;https://ei.phncdn.com/videos/202512/19/33247005/original/(m=eaAaGwObaaamqv)(mh=E9-vfJjdldeCyJoE)7.jpg;https://ei.phncdn.com/videos/202512/19/33247005/original/(m=eaAaGwObaaamqv)(mh=E9-vfJjdldeCyJoE)8.jpg;https://ei.phncdn.com/videos/202512/19/33247005/original/(m=eaAaGwObaaamqv)(mh=E9-vfJjdldeCyJoE)9.jpg;https://ei.phncdn.com/videos/202512/19/33247005/original/(m=eaAaGwObaaamqv)(mh=E9-vfJjdldeCyJoE)10.jpg;https://ei.phncdn.com/videos/202512/19/33247005/original/(m=eaAaGwObaaamqv)(mh=E9-vfJjdldeCyJoE)11.jpg;https://ei.phncdn.com/videos/202512/19/33247005/original/(m=eaAaGwObaaamqv)(mh=E9-vfJjdldeCyJoE)12.jpg;https://ei.phncdn.com/videos/202512/19/33247005/original/(m=eaAaGwObaaamqv)(mh=E9-vfJjdldeCyJoE)13.jpg;https://ei.phncdn.com/videos/202512/19/33247005/original/(m=eaAaGwObaaamqv)(mh=E9-vfJjdldeCyJoE)14.jpg;https://ei.phncdn.com/videos/202512/19/33247005/original/(m=eaAaGwObaaamqv)(mh=E9-vfJjdldeCyJoE)15.jpg;https://ei.phncdn.com/videos/202512/19/33247005/original/(m=eaAaGwObaaamqv)(mh=E9-vfJjdldeCyJoE)16.jpg
<iframe src="https://www.pornhub.com/embed/69469cd2aa1d8" frameborder="0" height="481" width="608" scrolling="no"></iframe>|https://ei.phncdn.com/videos/202512/20/33318495/original/(m=eaf8GgaaaWavb)(mh=6THZQ_YglVUaqxhS)9.jpg|https://ei.phncdn.com/videos/202512/20/33318495/original/(m=eaf8GgaaaWavb)(mh=6THZQ_YglVUaqxhS)1.jpg;https://ei.phncdn.com/videos/202512/20/33318495/original/(m=eaf8GgaaaWavb)(mh=6THZQ_YglVUaqxhS)2.jpg;https://ei.phncdn.com/videos/202512/20/33318495/original/(m=eaf8GgaaaWavb)(mh=6THZQ_YglVUaqxhS)3.jpg;https://ei.phncdn.com/videos/202512/20/33318495/original/(m=eaf8GgaaaWavb)(mh=6THZQ_YglVUaqxhS)4.jpg;https://ei.phncdn.com/videos/202512/20/33318495/original/(m=eaf8GgaaaWavb)(mh=6THZQ_YglVUaqxhS)5.jpg;https://ei.phncdn.com/videos/202512/20/33318495/original/(m=eaf8GgaaaWavb)(mh=6THZQ_YglVUaqxhS)6.jpg;https://ei.phncdn.com/videos/202512/20/33318495/original/(m=eaf8GgaaaWavb)(mh=6THZQ_YglVUaqxhS)7.jpg;https://ei.phncdn.com/videos/202512/20/33318495/original/(m=eaf8GgaaaWavb)(mh=6THZQ_YglVUaqxhS)8.jpg;https://ei.phncdn.com/videos/202512/20/33318495/original/(m=eaf8GgaaaWavb)(mh=6THZQ_YglVUaqxhS)9.jpg;https://ei.phncdn.com/videos/202512/20/33318495/original/(m=eaf8GgaaaWavb)(mh=6THZQ_YglVUaqxhS)10.jpg;https://ei.phncdn.com/videos/202512/20/33318495/original/(m=eaf8GgaaaWavb)(mh=6THZQ_YglVUaqxhS)11.jpg;https://ei.phncdn.com/videos/202512/20/33318495/original/(m=eaf8GgaaaWavb)(mh=6THZQ_YglVUaqxhS)12.jpg;https://ei.phncdn.com/videos/202512/20/33318495/original/(m=eaf8GgaaaWavb)(mh=6THZQ_YglVUaqxhS)13.jpg;https://ei.phncdn.com/videos/202512/20/33318495/original/(m=eaf8GgaaaWavb)(mh=6THZQ_YglVUaqxhS)14.jpg;https://ei.phncdn.com/videos/202512/20/33318495/original/(m=eaf8GgaaaWavb)(mh=6THZQ_YglVUaqxhS)15.jpg;https://ei.phncdn.com/videos/202512/20/33318495/original/(m=eaf8GgaaaWavb)(mh=6THZQ_YglVUaqxhS)16.jpg|A NAUGHTY CHRISTMAS WISH (with SFX) - An Erotic Audio Story read by Mia Hart [FM] [female read] [pussy licking] [christmas party]|office-party;christmas;christmas-party;pussy-eating;christmas-sex;wish|Pussy Licking;Verified Amateurs;Solo Female;Female Orgasm;Podcast||670|155|1|0|https://ei.phncdn.com/videos/202512/20/33318495/original/(m=eaAaGwObaaamqv)(mh=8HCNJqJvra2DeAGy)9.jpg|https://ei.phncdn.com/videos/202512/20/33318495/original/(m=eaAaGwObaaamqv)(mh=8HCNJqJvra2DeAGy)1.jpg;https://ei.phncdn.com/videos/202512/20/33318495/original/(m=eaAaGwObaaamqv)(mh=8HCNJqJvra2DeAGy)2.jpg;https://ei.phncdn.com/videos/202512/20/33318495/original/(m=eaAaGwObaaamqv)(mh=8HCNJqJvra2DeAGy)3.jpg;https://ei.phncdn.com/videos/202512/20/33318495/original/(m=eaAaGwObaaamqv)(mh=8HCNJqJvra2DeAGy)4.jpg;https://ei.phncdn.com/videos/202512/20/33318495/original/(m=eaAaGwObaaamqv)(mh=8HCNJqJvra2DeAGy)5.jpg;https://ei.phncdn.com/videos/202512/20/33318495/original/(m=eaAaGwObaaamqv)(mh=8HCNJqJvra2DeAGy)6.jpg;https://ei.phncdn.com/videos/202512/20/33318495/original/(m=eaAaGwObaaamqv)(mh=8HCNJqJvra2DeAGy)7.jpg;https://ei.phncdn.com/videos/202512/20/33318495/original/(m=eaAaGwObaaamqv)(mh=8HCNJqJvra2DeAGy)8.jpg;https://ei.phncdn.com/videos/202512/20/33318495/original/(m=eaAaGwObaaamqv)(mh=8HCNJqJvra2DeAGy)9.jpg;https://ei.phncdn.com/videos/202512/20/33318495/original/(m=eaAaGwObaaamqv)(mh=8HCNJqJvra2DeAGy)10.jpg;https://ei.phncdn.com/videos/202512/20/33318495/original/(m=eaAaGwObaaamqv)(mh=8HCNJqJvra2DeAGy)11.jpg;https://ei.phncdn.com/videos/202512/20/33318495/original/(m=eaAaGwObaaamqv)(mh=8HCNJqJvra2DeAGy)12.jpg;https://ei.phncdn.com/videos/202512/20/33318495/original/(m=eaAaGwObaaamqv)(mh=8HCNJqJvra2DeAGy)13.jpg;https://ei.phncdn.com/videos/202512/20/33318495/original/(m=eaAaGwObaaamqv)(mh=8HCNJqJvra2DeAGy)14.jpg;https://ei.phncdn.com/videos/202512/20/33318495/original/(m=eaAaGwObaaamqv)(mh=8HCNJqJvra2DeAGy)15.jpg;https://ei.phncdn.com/videos/202512/20/33318495/original/(m=eaAaGwObaaamqv)(mh=8HCNJqJvra2DeAGy)16.jpg
<iframe src="https://www.pornhub.com/embed/695807f3cdf66" frameborder="0" height="481" width="608" scrolling="no"></iframe>|https://ei.phncdn.com/videos/202601/02/34581365/original/(m=eaf8GgaaaWavb)(mh=2xTg3DhgtgCXkNsh)12.jpg|https://ei.phncdn.com/videos/202601/02/34581365/original/(m=eaf8GgaaaWavb)(mh=2xTg3DhgtgCXkNsh)1.jpg;https://ei.phncdn.com/videos/202601/02/34581365/original/(m=eaf8GgaaaWavb)(mh=2xTg3DhgtgCXkNsh)2.jpg;https://ei.phncdn.com/videos/202601/02/34581365/original/(m=eaf8GgaaaWavb)(mh=2xTg3DhgtgCXkNsh)3.jpg;https://ei.phncdn.com/videos/202601/02/34581365/original/(m=eaf8GgaaaWavb)(mh=2xTg3DhgtgCXkNsh)4.jpg;https://ei.phncdn.com/videos/202601/02/34581365/original/(m=eaf8GgaaaWavb)(mh=2xTg3DhgtgCXkNsh)5.jpg;https://ei.phncdn.com/videos/202601/02/34581365/original/(m=eaf8GgaaaWavb)(mh=2xTg3DhgtgCXkNsh)6.jpg;https://ei.phncdn.com/videos/202601/02/34581365/original/(m=eaf8GgaaaWavb)(mh=2xTg3DhgtgCXkNsh)7.jpg;https://ei.phncdn.com/videos/202601/02/34581365/original/(m=eaf8GgaaaWavb)(mh=2xTg3DhgtgCXkNsh)8.jpg;https://ei.phncdn.com/videos/202601/02/34581365/original/(m=eaf8GgaaaWavb)(mh=2xTg3DhgtgCXkNsh)9.jpg;https://ei.phncdn.com/videos/202601/02/34581365/original/(m=eaf8GgaaaWavb)(mh=2xTg3DhgtgCXkNsh)10.jpg;https://ei.phncdn.com/videos/202601/02/34581365/original/(m=eaf8GgaaaWavb)(mh=2xTg3DhgtgCXkNsh)11.jpg;https://ei.phncdn.com/videos/202601/02/34581365/original/(m=eaf8GgaaaWavb)(mh=2xTg3DhgtgCXkNsh)12.jpg;https://ei.phncdn.com/videos/202601/02/34581365/original/(m=eaf8GgaaaWavb)(mh=2xTg3DhgtgCXkNsh)13.jpg;https://ei.phncdn.com/videos/202601/02/34581365/original/(m=eaf8GgaaaWavb)(mh=2xTg3DhgtgCXkNsh)14.jpg;https://ei.phncdn.com/videos/202601/02/34581365/original/(m=eaf8GgaaaWavb)(mh=2xTg3DhgtgCXkNsh)15.jpg;https://ei.phncdn.com/videos/202601/02/34581365/original/(m=eaf8GgaaaWavb)(mh=2xTg3DhgtgCXkNsh)16.jpg|Lecken Lieben: Neue Sachen entdecken nach langer Beziehung|amateur;amateur-couple|Pussy Licking;Verified Amateurs;Podcast||35|11|1|2|https://ei.phncdn.com/videos/202601/02/34581365/original/(m=eaAaGwObaaamqv)(mh=GrEV9tpnR222ynqn)12.jpg|https://ei.phncdn.com/videos/202601/02/34581365/original/(m=eaAaGwObaaamqv)(mh=GrEV9tpnR222ynqn)1.jpg;https://ei.phncdn.com/videos/202601/02/34581365/original/(m=eaAaGwObaaamqv)(mh=GrEV9tpnR222ynqn)2.jpg;https://ei.phncdn.com/videos/202601/02/34581365/original/(m=eaAaGwObaaamqv)(mh=GrEV9tpnR222ynqn)3.jpg;https://ei.phncdn.com/videos/202601/02/34581365/original/(m=eaAaGwObaaamqv)(mh=GrEV9tpnR222ynqn)4.jpg;https://ei.phncdn.com/videos/202601/02/34581365/original/(m=eaAaGwObaaamqv)(mh=GrEV9tpnR222ynqn)5.jpg;https://ei.phncdn.com/videos/202601/02/34581365/original/(m=eaAaGwObaaamqv)(mh=GrEV9tpnR222ynqn)6.jpg;https://ei.phncdn.com/videos/202601/02/34581365/original/(m=eaAaGwObaaamqv)(mh=GrEV9tpnR222ynqn)7.jpg;https://ei.phncdn.com/videos/202601/02/34581365/original/(m=eaAaGwObaaamqv)(mh=GrEV9tpnR222ynqn)8.jpg;https://ei.phncdn.com/videos/202601/02/34581365/original/(m=eaAaGwObaaamqv)(mh=GrEV9tpnR222ynqn)9.jpg;https://ei.phncdn.com/videos/202601/02/34581365/original/(m=eaAaGwObaaamqv)(mh=GrEV9tpnR222ynqn)10.jpg;https://ei.phncdn.com/videos/202601/02/34581365/original/(m=eaAaGwObaaamqv)(mh=GrEV9tpnR222ynqn)11.jpg;https://ei.phncdn.com/videos/202601/02/34581365/original/(m=eaAaGwObaaamqv)(mh=GrEV9tpnR222ynqn)12.jpg;https://ei.phncdn.com/videos/202601/02/34581365/original/(m=eaAaGwObaaamqv)(mh=GrEV9tpnR222ynqn)13.jpg;https://ei.phncdn.com/videos/202601/02/34581365/original/(m=eaAaGwObaaamqv)(mh=GrEV9tpnR222ynqn)14.jpg;https://ei.phncdn.com/videos/202601/02/34581365/original/(m=eaAaGwObaaamqv)(mh=GrEV9tpnR222ynqn)15.jpg;https://ei.phncdn.com/videos/202601/02/34581365/original/(m=eaAaGwObaaamqv)(mh=GrEV9tpnR222ynqn)16.jpg
<iframe src="https://www.pornhub.com/embed/696937da6f303" frameborder="0" height="481" width="608" scrolling="no"></iframe>|https://ei.phncdn.com/videos/202601/15/36118335/original/(m=eaf8GgaaaWavb)(mh=2xZ6x0Lj22qPZmzI)12.jpg|https://ei.phncdn.com/videos/202601/15/36118335/original/(m=eaf8GgaaaWavb)(mh=2xZ6x0Lj22qPZmzI)1.jpg;https://ei.phncdn.com/videos/202601/15/36118335/original/(m=eaf8GgaaaWavb)(mh=2xZ6x0Lj22qPZmzI)2.jpg;https://ei.phncdn.com/videos/202601/15/36118335/original/(m=eaf8GgaaaWavb)(mh=2xZ6x0Lj22qPZmzI)3.jpg;https://ei.phncdn.com/videos/202601/15/36118335/original/(m=eaf8GgaaaWavb)(mh=2xZ6x0Lj22qPZmzI)4.jpg;https://ei.phncdn.com/videos/202601/15/36118335/original/(m=eaf8GgaaaWavb)(mh=2xZ6x0Lj22qPZmzI)5.jpg;https://ei.phncdn.com/videos/202601/15/36118335/original/(m=eaf8GgaaaWavb)(mh=2xZ6x0Lj22qPZmzI)6.jpg;https://ei.phncdn.com/videos/202601/15/36118335/original/(m=eaf8GgaaaWavb)(mh=2xZ6x0Lj22qPZmzI)7.jpg;https://ei.phncdn.com/videos/202601/15/36118335/original/(m=eaf8GgaaaWavb)(mh=2xZ6x0Lj22qPZmzI)8.jpg;https://ei.phncdn.com/videos/202601/15/36118335/original/(m=eaf8GgaaaWavb)(mh=2xZ6x0Lj22qPZmzI)9.jpg;https://ei.phncdn.com/videos/202601/15/36118335/original/(m=eaf8GgaaaWavb)(mh=2xZ6x0Lj22qPZmzI)10.jpg;https://ei.phncdn.com/videos/202601/15/36118335/original/(m=eaf8GgaaaWavb)(mh=2xZ6x0Lj22qPZmzI)11.jpg;https://ei.phncdn.com/videos/202601/15/36118335/original/(m=eaf8GgaaaWavb)(mh=2xZ6x0Lj22qPZmzI)12.jpg;https://ei.phncdn.com/videos/202601/15/36118335/original/(m=eaf8GgaaaWavb)(mh=2xZ6x0Lj22qPZmzI)13.jpg;https://ei.phncdn.com/videos/202601/15/36118335/original/(m=eaf8GgaaaWavb)(mh=2xZ6x0Lj22qPZmzI)14.jpg;https://ei.phncdn.com/videos/202601/15/36118335/original/(m=eaf8GgaaaWavb)(mh=2xZ6x0Lj22qPZmzI)15.jpg;https://ei.phncdn.com/videos/202601/15/36118335/original/(m=eaf8GgaaaWavb)(mh=2xZ6x0Lj22qPZmzI)16.jpg|Just tease your cock🍆Full naked pussy play wait you in my OF vanessapretyy|small-ass;natural-tits;pink-pussy|Pussy Licking;Verified Amateurs;Solo Female||37|58|28|1|https://ei.phncdn.com/videos/202601/15/36118335/original/(m=eaAaGwObaaamqv)(mh=INqS3Chd7MtJkzBK)12.jpg|https://ei.phncdn.com/videos/202601/15/36118335/original/(m=eaAaGwObaaamqv)(mh=INqS3Chd7MtJkzBK)1.jpg;https://ei.phncdn.com/videos/202601/15/36118335/original/(m=eaAaGwObaaamqv)(mh=INqS3Chd7MtJkzBK)2.jpg;https://ei.phncdn.com/videos/202601/15/36118335/original/(m=eaAaGwObaaamqv)(mh=INqS3Chd7MtJkzBK)3.jpg;https://ei.phncdn.com/videos/202601/15/36118335/original/(m=eaAaGwObaaamqv)(mh=INqS3Chd7MtJkzBK)4.jpg;https://ei.phncdn.com/videos/202601/15/36118335/original/(m=eaAaGwObaaamqv)(mh=INqS3Chd7MtJkzBK)5.jpg;https://ei.phncdn.com/videos/202601/15/36118335/original/(m=eaAaGwObaaamqv)(mh=INqS3Chd7MtJkzBK)6.jpg;https://ei.phncdn.com/videos/202601/15/36118335/original/(m=eaAaGwObaaamqv)(mh=INqS3Chd7MtJkzBK)7.jpg;https://ei.phncdn.com/videos/202601/15/36118335/original/(m=eaAaGwObaaamqv)(mh=INqS3Chd7MtJkzBK)8.jpg;https://ei.phncdn.com/videos/202601/15/36118335/original/(m=eaAaGwObaaamqv)(mh=INqS3Chd7MtJkzBK)9.jpg;https://ei.phncdn.com/videos/202601/15/36118335/original/(m=eaAaGwObaaamqv)(mh=INqS3Chd7MtJkzBK)10.jpg;https://ei.phncdn.com/videos/202601/15/36118335/original/(m=eaAaGwObaaamqv)(mh=INqS3Chd7MtJkzBK)11.jpg;https://ei.phncdn.com/videos/202601/15/36118335/original/(m=eaAaGwObaaamqv)(mh=INqS3Chd7MtJkzBK)12.jpg;https://ei.phncdn.com/videos/202601/15/36118335/original/(m=eaAaGwObaaamqv)(mh=INqS3Chd7MtJkzBK)13.jpg;https://ei.phncdn.com/videos/202601/15/36118335/original/(m=eaAaGwObaaamqv)(mh=INqS3Chd7MtJkzBK)14.jpg;https://ei.phncdn.com/videos/202601/15/36118335/original/(m=eaAaGwObaaamqv)(mh=INqS3Chd7MtJkzBK)15.jpg;https://ei.phncdn.com/videos/202601/15/36118335/original/(m=eaAaGwObaaamqv)(mh=INqS3Chd7MtJkzBK)16.jpg
<iframe src="https://www.pornhub.com/embed/699112ef0b696" frameborder="0" height="481" width="608" scrolling="no"></iframe>|https://ei.phncdn.com/videos/202602/15/39373985/original/(m=eaf8GgaaaWavb)(mh=QDTKGUcuwct4MuLv)12.jpg|https://ei.phncdn.com/videos/202602/15/39373985/original/(m=eaf8GgaaaWavb)(mh=QDTKGUcuwct4MuLv)1.jpg;https://ei.phncdn.com/videos/202602/15/39373985/original/(m=eaf8GgaaaWavb)(mh=QDTKGUcuwct4MuLv)2.jpg;https://ei.phncdn.com/videos/202602/15/39373985/original/(m=eaf8GgaaaWavb)(mh=QDTKGUcuwct4MuLv)3.jpg;https://ei.phncdn.com/videos/202602/15/39373985/original/(m=eaf8GgaaaWavb)(mh=QDTKGUcuwct4MuLv)4.jpg;https://ei.phncdn.com/videos/202602/15/39373985/original/(m=eaf8GgaaaWavb)(mh=QDTKGUcuwct4MuLv)5.jpg;https://ei.phncdn.com/videos/202602/15/39373985/original/(m=eaf8GgaaaWavb)(mh=QDTKGUcuwct4MuLv)6.jpg;https://ei.phncdn.com/videos/202602/15/39373985/original/(m=eaf8GgaaaWavb)(mh=QDTKGUcuwct4MuLv)7.jpg;https://ei.phncdn.com/videos/202602/15/39373985/original/(m=eaf8GgaaaWavb)(mh=QDTKGUcuwct4MuLv)8.jpg;https://ei.phncdn.com/videos/202602/15/39373985/original/(m=eaf8GgaaaWavb)(mh=QDTKGUcuwct4MuLv)9.jpg;https://ei.phncdn.com/videos/202602/15/39373985/original/(m=eaf8GgaaaWavb)(mh=QDTKGUcuwct4MuLv)10.jpg;https://ei.phncdn.com/videos/202602/15/39373985/original/(m=eaf8GgaaaWavb)(mh=QDTKGUcuwct4MuLv)11.jpg;https://ei.phncdn.com/videos/202602/15/39373985/original/(m=eaf8GgaaaWavb)(mh=QDTKGUcuwct4MuLv)12.jpg;https://ei.phncdn.com/videos/202602/15/39373985/original/(m=eaf8GgaaaWavb)(mh=QDTKGUcuwct4MuLv)13.jpg;https://ei.phncdn.com/videos/202602/15/39373985/original/(m=eaf8GgaaaWavb)(mh=QDTKGUcuwct4MuLv)14.jpg;https://ei.phncdn.com/videos/202602/15/39373985/original/(m=eaf8GgaaaWavb)(mh=QDTKGUcuwct4MuLv)15.jpg;https://ei.phncdn.com/videos/202602/15/39373985/original/(m=eaf8GgaaaWavb)(mh=QDTKGUcuwct4MuLv)16.jpg|Snowboard instructor eats my pussy for my birthday|extreme-pussy-eating;birthday-surprise;fingering|Pussy Licking;Verified Amateurs;Female Orgasm;Tattooed Women||166|1879|27|0|https://ei.phncdn.com/videos/202602/15/39373985/original/(m=eaAaGwObaaamqv)(mh=ac7Z3X-1Uv0mQJVA)12.jpg|https://ei.phncdn.com/videos/202602/15/39373985/original/(m=eaAaGwObaaamqv)(mh=ac7Z3X-1Uv0mQJVA)1.jpg;https://ei.phncdn.com/videos/202602/15/39373985/original/(m=eaAaGwObaaamqv)(mh=ac7Z3X-1Uv0mQJVA)2.jpg;https://ei.phncdn.com/videos/202602/15/39373985/original/(m=eaAaGwObaaamqv)(mh=ac7Z3X-1Uv0mQJVA)3.jpg;https://ei.phncdn.com/videos/202602/15/39373985/original/(m=eaAaGwObaaamqv)(mh=ac7Z3X-1Uv0mQJVA)4.jpg;https://ei.phncdn.com/videos/202602/15/39373985/original/(m=eaAaGwObaaamqv)(mh=ac7Z3X-1Uv0mQJVA)5.jpg;https://ei.phncdn.com/videos/202602/15/39373985/original/(m=eaAaGwObaaamqv)(mh=ac7Z3X-1Uv0mQJVA)6.jpg;https://ei.phncdn.com/videos/202602/15/39373985/original/(m=eaAaGwObaaamqv)(mh=ac7Z3X-1Uv0mQJVA)7.jpg;https://ei.phncdn.com/videos/202602/15/39373985/original/(m=eaAaGwObaaamqv)(mh=ac7Z3X-1Uv0mQJVA)8.jpg;https://ei.phncdn.com/videos/202602/15/39373985/original/(m=eaAaGwObaaamqv)(mh=ac7Z3X-1Uv0mQJVA)9.jpg;https://ei.phncdn.com/videos/202602/15/39373985/original/(m=eaAaGwObaaamqv)(mh=ac7Z3X-1Uv0mQJVA)10.jpg;https://ei.phncdn.com/videos/202602/15/39373985/original/(m=eaAaGwObaaamqv)(mh=ac7Z3X-1Uv0mQJVA)11.jpg;https://ei.phncdn.com/videos/202602/15/39373985/original/(m=eaAaGwObaaamqv)(mh=ac7Z3X-1Uv0mQJVA)12.jpg;https://ei.phncdn.com/videos/202602/15/39373985/original/(m=eaAaGwObaaamqv)(mh=ac7Z3X-1Uv0mQJVA)13.jpg;https://ei.phncdn.com/videos/202602/15/39373985/original/(m=eaAaGwObaaamqv)(mh=ac7Z3X-1Uv0mQJVA)14.jpg;https://ei.phncdn.com/videos/202602/15/39373985/original/(m=eaAaGwObaaamqv)(mh=ac7Z3X-1Uv0mQJVA)15.jpg;https://ei.phncdn.com/videos/202602/15/39373985/original/(m=eaAaGwObaaamqv)(mh=ac7Z3X-1Uv0mQJVA)16.jpg
<iframe src="https://www.pornhub.com/embed/69b3115fe8ea2" frameborder="0" height="481" width="608" scrolling="no"></iframe>|https://ei.phncdn.com/videos/202603/12/41857565/original/(m=eaf8GgaaaWavb)(mh=d8DbL-hMqSOJQOQM)12.jpg|https://ei.phncdn.com/videos/202603/12/41857565/original/(m=eaf8GgaaaWavb)(mh=d8DbL-hMqSOJQOQM)1.jpg;https://ei.phncdn.com/videos/202603/12/41857565/original/(m=eaf8GgaaaWavb)(mh=d8DbL-hMqSOJQOQM)2.jpg;https://ei.phncdn.com/videos/202603/12/41857565/original/(m=eaf8GgaaaWavb)(mh=d8DbL-hMqSOJQOQM)3.jpg;https://ei.phncdn.com/videos/202603/12/41857565/original/(m=eaf8GgaaaWavb)(mh=d8DbL-hMqSOJQOQM)4.jpg;https://ei.phncdn.com/videos/202603/12/41857565/original/(m=eaf8GgaaaWavb)(mh=d8DbL-hMqSOJQOQM)5.jpg;https://ei.phncdn.com/videos/202603/12/41857565/original/(m=eaf8GgaaaWavb)(mh=d8DbL-hMqSOJQOQM)6.jpg;https://ei.phncdn.com/videos/202603/12/41857565/original/(m=eaf8GgaaaWavb)(mh=d8DbL-hMqSOJQOQM)7.jpg;https://ei.phncdn.com/videos/202603/12/41857565/original/(m=eaf8GgaaaWavb)(mh=d8DbL-hMqSOJQOQM)8.jpg;https://ei.phncdn.com/videos/202603/12/41857565/original/(m=eaf8GgaaaWavb)(mh=d8DbL-hMqSOJQOQM)9.jpg;https://ei.phncdn.com/videos/202603/12/41857565/original/(m=eaf8GgaaaWavb)(mh=d8DbL-hMqSOJQOQM)10.jpg;https://ei.phncdn.com/videos/202603/12/41857565/original/(m=eaf8GgaaaWavb)(mh=d8DbL-hMqSOJQOQM)11.jpg;https://ei.phncdn.com/videos/202603/12/41857565/original/(m=eaf8GgaaaWavb)(mh=d8DbL-hMqSOJQOQM)12.jpg;https://ei.phncdn.com/videos/202603/12/41857565/original/(m=eaf8GgaaaWavb)(mh=d8DbL-hMqSOJQOQM)13.jpg;https://ei.phncdn.com/videos/202603/12/41857565/original/(m=eaf8GgaaaWavb)(mh=d8DbL-hMqSOJQOQM)14.jpg;https://ei.phncdn.com/videos/202603/12/41857565/original/(m=eaf8GgaaaWavb)(mh=d8DbL-hMqSOJQOQM)15.jpg;https://ei.phncdn.com/videos/202603/12/41857565/original/(m=eaf8GgaaaWavb)(mh=d8DbL-hMqSOJQOQM)16.jpg|Termino follada por mi vecino|big-ass-milf;big-ass-latina;americaine;amateur-euro;amateur-couple;pareja-real|Pussy Licking;Verified Amateurs;Tattooed Women||138|1456|7|2|https://ei.phncdn.com/videos/202603/12/41857565/original/(m=eaAaGwObaaamqv)(mh=4dHgiXyAN35ZOmxg)12.jpg|https://ei.phncdn.com/videos/202603/12/41857565/original/(m=eaAaGwObaaamqv)(mh=4dHgiXyAN35ZOmxg)1.jpg;https://ei.phncdn.com/videos/202603/12/41857565/original/(m=eaAaGwObaaamqv)(mh=4dHgiXyAN35ZOmxg)2.jpg;https://ei.phncdn.com/videos/202603/12/41857565/original/(m=eaAaGwObaaamqv)(mh=4dHgiXyAN35ZOmxg)3.jpg;https://ei.phncdn.com/videos/202603/12/41857565/original/(m=eaAaGwObaaamqv)(mh=4dHgiXyAN35ZOmxg)4.jpg;https://ei.phncdn.com/videos/202603/12/41857565/original/(m=eaAaGwObaaamqv)(mh=4dHgiXyAN35ZOmxg)5.jpg;https://ei.phncdn.com/videos/202603/12/41857565/original/(m=eaAaGwObaaamqv)(mh=4dHgiXyAN35ZOmxg)6.jpg;https://ei.phncdn.com/videos/202603/12/41857565/original/(m=eaAaGwObaaamqv)(mh=4dHgiXyAN35ZOmxg)7.jpg;https://ei.phncdn.com/videos/202603/12/41857565/original/(m=eaAaGwObaaamqv)(mh=4dHgiXyAN35ZOmxg)8.jpg;https://ei.phncdn.com/videos/202603/12/41857565/original/(m=eaAaGwObaaamqv)(mh=4dHgiXyAN35ZOmxg)9.jpg;https://ei.phncdn.com/videos/202603/12/41857565/original/(m=eaAaGwObaaamqv)(mh=4dHgiXyAN35ZOmxg)10.jpg;https://ei.phncdn.com/videos/202603/12/41857565/original/(m=eaAaGwObaaamqv)(mh=4dHgiXyAN35ZOmxg)11.jpg;https://ei.phncdn.com/videos/202603/12/41857565/original/(m=eaAaGwObaaamqv)(mh=4dHgiXyAN35ZOmxg)12.jpg;https://ei.phncdn.com/videos/202603/12/41857565/original/(m=eaAaGwObaaamqv)(mh=4dHgiXyAN35ZOmxg)13.jpg;https://ei.phncdn.com/videos/202603/12/41857565/original/(m=eaAaGwObaaamqv)(mh=4dHgiXyAN35ZOmxg)14.jpg;https://ei.phncdn.com/videos/202603/12/41857565/original/(m=eaAaGwObaaamqv)(mh=4dHgiXyAN35ZOmxg)15.jpg;https://ei.phncdn.com/videos/202603/12/41857565/original/(m=eaAaGwObaaamqv)(mh=4dHgiXyAN35ZOmxg)16.jpg
<iframe src="https://www.pornhub.com/embed/69b35f123e944" frameborder="0" height="481" width="608" scrolling="no"></iframe>|https://ei.phncdn.com/videos/202603/13/41877635/original/(m=eaf8GgaaaWavb)(mh=7YHxPOGGXlWHLACz)9.jpg|https://ei.phncdn.com/videos/202603/13/41877635/original/(m=eaf8GgaaaWavb)(mh=7YHxPOGGXlWHLACz)1.jpg;https://ei.phncdn.com/videos/202603/13/41877635/original/(m=eaf8GgaaaWavb)(mh=7YHxPOGGXlWHLACz)2.jpg;https://ei.phncdn.com/videos/202603/13/41877635/original/(m=eaf8GgaaaWavb)(mh=7YHxPOGGXlWHLACz)3.jpg;https://ei.phncdn.com/videos/202603/13/41877635/original/(m=eaf8GgaaaWavb)(mh=7YHxPOGGXlWHLACz)4.jpg;https://ei.phncdn.com/videos/202603/13/41877635/original/(m=eaf8GgaaaWavb)(mh=7YHxPOGGXlWHLACz)5.jpg;https://ei.phncdn.com/videos/202603/13/41877635/original/(m=eaf8GgaaaWavb)(mh=7YHxPOGGXlWHLACz)6.jpg;https://ei.phncdn.com/videos/202603/13/41877635/original/(m=eaf8GgaaaWavb)(mh=7YHxPOGGXlWHLACz)7.jpg;https://ei.phncdn.com/videos/202603/13/41877635/original/(m=eaf8GgaaaWavb)(mh=7YHxPOGGXlWHLACz)8.jpg;https://ei.phncdn.com/videos/202603/13/41877635/original/(m=eaf8GgaaaWavb)(mh=7YHxPOGGXlWHLACz)9.jpg;https://ei.phncdn.com/videos/202603/13/41877635/original/(m=eaf8GgaaaWavb)(mh=7YHxPOGGXlWHLACz)10.jpg;https://ei.phncdn.com/videos/202603/13/41877635/original/(m=eaf8GgaaaWavb)(mh=7YHxPOGGXlWHLACz)11.jpg;https://ei.phncdn.com/videos/202603/13/41877635/original/(m=eaf8GgaaaWavb)(mh=7YHxPOGGXlWHLACz)12.jpg;https://ei.phncdn.com/videos/202603/13/41877635/original/(m=eaf8GgaaaWavb)(mh=7YHxPOGGXlWHLACz)13.jpg;https://ei.phncdn.com/videos/202603/13/41877635/original/(m=eaf8GgaaaWavb)(mh=7YHxPOGGXlWHLACz)14.jpg;https://ei.phncdn.com/videos/202603/13/41877635/original/(m=eaf8GgaaaWavb)(mh=7YHxPOGGXlWHLACz)15.jpg;https://ei.phncdn.com/videos/202603/13/41877635/original/(m=eaf8GgaaaWavb)(mh=7YHxPOGGXlWHLACz)16.jpg|Cleaning wife's bottom|ass-lick;big-ass;big-ass-latina|Pussy Licking;Verified Amateurs;Female Orgasm||59|60|2|0|https://ei.phncdn.com/videos/202603/13/41877635/original/(m=eaAaGwObaaamqv)(mh=-WDGXRIdbqGsNGXk)9.jpg|https://ei.phncdn.com/videos/202603/13/41877635/original/(m=eaAaGwObaaamqv)(mh=-WDGXRIdbqGsNGXk)1.jpg;https://ei.phncdn.com/videos/202603/13/41877635/original/(m=eaAaGwObaaamqv)(mh=-WDGXRIdbqGsNGXk)2.jpg;https://ei.phncdn.com/videos/202603/13/41877635/original/(m=eaAaGwObaaamqv)(mh=-WDGXRIdbqGsNGXk)3.jpg;https://ei.phncdn.com/videos/202603/13/41877635/original/(m=eaAaGwObaaamqv)(mh=-WDGXRIdbqGsNGXk)4.jpg;https://ei.phncdn.com/videos/202603/13/41877635/original/(m=eaAaGwObaaamqv)(mh=-WDGXRIdbqGsNGXk)5.jpg;https://ei.phncdn.com/videos/202603/13/41877635/original/(m=eaAaGwObaaamqv)(mh=-WDGXRIdbqGsNGXk)6.jpg;https://ei.phncdn.com/videos/202603/13/41877635/original/(m=eaAaGwObaaamqv)(mh=-WDGXRIdbqGsNGXk)7.jpg;https://ei.phncdn.com/videos/202603/13/41877635/original/(m=eaAaGwObaaamqv)(mh=-WDGXRIdbqGsNGXk)8.jpg;https://ei.phncdn.com/videos/202603/13/41877635/original/(m=eaAaGwObaaamqv)(mh=-WDGXRIdbqGsNGXk)9.jpg;https://ei.phncdn.com/videos/202603/13/41877635/original/(m=eaAaGwObaaamqv)(mh=-WDGXRIdbqGsNGXk)10.jpg;https://ei.phncdn.com/videos/202603/13/41877635/original/(m=eaAaGwObaaamqv)(mh=-WDGXRIdbqGsNGXk)11.jpg;https://ei.phncdn.com/videos/202603/13/41877635/original/(m=eaAaGwObaaamqv)(mh=-WDGXRIdbqGsNGXk)12.jpg;https://ei.phncdn.com/videos/202603/13/41877635/original/(m=eaAaGwObaaamqv)(mh=-WDGXRIdbqGsNGXk)13.jpg;https://ei.phncdn.com/videos/202603/13/41877635/original/(m=eaAaGwObaaamqv)(mh=-WDGXRIdbqGsNGXk)14.jpg;https://ei.phncdn.com/videos/202603/13/41877635/original/(m=eaAaGwObaaamqv)(mh=-WDGXRIdbqGsNGXk)15.jpg;https://ei.phncdn.com/videos/202603/13/41877635/original/(m=eaAaGwObaaamqv)(mh=-WDGXRIdbqGsNGXk)16.jpg
<iframe src="https://www.pornhub.com/embed/69bf3c49ae7e7" frameborder="0" height="481" width="608" scrolling="no"></iframe>|https://ei.phncdn.com/videos/202603/22/42841845/original/(m=eaf8GgaaaWavb)(mh=16wH7k7zB-nVqp9u)11.jpg|https://ei.phncdn.com/videos/202603/22/42841845/original/(m=eaf8GgaaaWavb)(mh=16wH7k7zB-nVqp9u)1.jpg;https://ei.phncdn.com/videos/202603/22/42841845/original/(m=eaf8GgaaaWavb)(mh=16wH7k7zB-nVqp9u)2.jpg;https://ei.phncdn.com/videos/202603/22/42841845/original/(m=eaf8GgaaaWavb)(mh=16wH7k7zB-nVqp9u)3.jpg;https://ei.phncdn.com/videos/202603/22/42841845/original/(m=eaf8GgaaaWavb)(mh=16wH7k7zB-nVqp9u)4.jpg;https://ei.phncdn.com/videos/202603/22/42841845/original/(m=eaf8GgaaaWavb)(mh=16wH7k7zB-nVqp9u)5.jpg;https://ei.phncdn.com/videos/202603/22/42841845/original/(m=eaf8GgaaaWavb)(mh=16wH7k7zB-nVqp9u)6.jpg;https://ei.phncdn.com/videos/202603/22/42841845/original/(m=eaf8GgaaaWavb)(mh=16wH7k7zB-nVqp9u)7.jpg;https://ei.phncdn.com/videos/202603/22/42841845/original/(m=eaf8GgaaaWavb)(mh=16wH7k7zB-nVqp9u)8.jpg;https://ei.phncdn.com/videos/202603/22/42841845/original/(m=eaf8GgaaaWavb)(mh=16wH7k7zB-nVqp9u)9.jpg;https://ei.phncdn.com/videos/202603/22/42841845/original/(m=eaf8GgaaaWavb)(mh=16wH7k7zB-nVqp9u)10.jpg;https://ei.phncdn.com/videos/202603/22/42841845/original/(m=eaf8GgaaaWavb)(mh=16wH7k7zB-nVqp9u)11.jpg;https://ei.phncdn.com/videos/202603/22/42841845/original/(m=eaf8GgaaaWavb)(mh=16wH7k7zB-nVqp9u)12.jpg;https://ei.phncdn.com/videos/202603/22/42841845/original/(m=eaf8GgaaaWavb)(mh=16wH7k7zB-nVqp9u)13.jpg;https://ei.phncdn.com/videos/202603/22/42841845/original/(m=eaf8GgaaaWavb)(mh=16wH7k7zB-nVqp9u)14.jpg;https://ei.phncdn.com/videos/202603/22/42841845/original/(m=eaf8GgaaaWavb)(mh=16wH7k7zB-nVqp9u)15.jpg;https://ei.phncdn.com/videos/202603/22/42841845/original/(m=eaf8GgaaaWavb)(mh=16wH7k7zB-nVqp9u)16.jpg|My Boyfriend Was In the Living room So I Took His Girlfriend To The Bathroom To Take A Cum Bath|best-pinay-scandals;new-pinay;pinay-and-pinoy;pinay-dirty-talk;pinay-homemade;filipina-milf|Pussy Licking;Verified Amateurs;Behind The Scenes;Female Orgasm;Muscular Men||705|30437|90|12|https://ei.phncdn.com/videos/202603/22/42841845/original/(m=eaAaGwObaaamqv)(mh=D58w0UuHJdI9P0D-)11.jpg|https://ei.phncdn.com/videos/202603/22/42841845/original/(m=eaAaGwObaaamqv)(mh=D58w0UuHJdI9P0D-)1.jpg;https://ei.phncdn.com/videos/202603/22/42841845/original/(m=eaAaGwObaaamqv)(mh=D58w0UuHJdI9P0D-)2.jpg;https://ei.phncdn.com/videos/202603/22/42841845/original/(m=eaAaGwObaaamqv)(mh=D58w0UuHJdI9P0D-)3.jpg;https://ei.phncdn.com/videos/202603/22/42841845/original/(m=eaAaGwObaaamqv)(mh=D58w0UuHJdI9P0D-)4.jpg;https://ei.phncdn.com/videos/202603/22/42841845/original/(m=eaAaGwObaaamqv)(mh=D58w0UuHJdI9P0D-)5.jpg;https://ei.phncdn.com/videos/202603/22/42841845/original/(m=eaAaGwObaaamqv)(mh=D58w0UuHJdI9P0D-)6.jpg;https://ei.phncdn.com/videos/202603/22/42841845/original/(m=eaAaGwObaaamqv)(mh=D58w0UuHJdI9P0D-)7.jpg;https://ei.phncdn.com/videos/202603/22/42841845/original/(m=eaAaGwObaaamqv)(mh=D58w0UuHJdI9P0D-)8.jpg;https://ei.phncdn.com/videos/202603/22/42841845/original/(m=eaAaGwObaaamqv)(mh=D58w0UuHJdI9P0D-)9.jpg;https://ei.phncdn.com/videos/202603/22/42841845/original/(m=eaAaGwObaaamqv)(mh=D58w0UuHJdI9P0D-)10.jpg;https://ei.phncdn.com/videos/202603/22/42841845/original/(m=eaAaGwObaaamqv)(mh=D58w0UuHJdI9P0D-)11.jpg;https://ei.phncdn.com/videos/202603/22/42841845/original/(m=eaAaGwObaaamqv)(mh=D58w0UuHJdI9P0D-)12.jpg;https://ei.phncdn.com/videos/202603/22/42841845/original/(m=eaAaGwObaaamqv)(mh=D58w0UuHJdI9P0D-)13.jpg;https://ei.phncdn.com/videos/202603/22/42841845/original/(m=eaAaGwObaaamqv)(mh=D58w0UuHJdI9P0D-)14.jpg;https://ei.phncdn.com/videos/202603/22/42841845/original/(m=eaAaGwObaaamqv)(mh=D58w0UuHJdI9P0D-)15.jpg;https://ei.phncdn.com/videos/202603/22/42841845/original/(m=eaAaGwObaaamqv)(mh=D58w0UuHJdI9P0D-)16.jpg
<iframe src="https://www.pornhub.com/embed/69de9f84a7d6f" frameborder="0" height="481" width="608" scrolling="no"></iframe>|https://ei.phncdn.com/videos/202604/14/45288475/original/(m=eaf8GgaaaWavb)(mh=py6d8hIDPKauo6Go)5.jpg|https://ei.phncdn.com/videos/202604/14/45288475/original/(m=eaf8GgaaaWavb)(mh=py6d8hIDPKauo6Go)1.jpg;https://ei.phncdn.com/videos/202604/14/45288475/original/(m=eaf8GgaaaWavb)(mh=py6d8hIDPKauo6Go)2.jpg;https://ei.phncdn.com/videos/202604/14/45288475/original/(m=eaf8GgaaaWavb)(mh=py6d8hIDPKauo6Go)3.jpg;https://ei.phncdn.com/videos/202604/14/45288475/original/(m=eaf8GgaaaWavb)(mh=py6d8hIDPKauo6Go)4.jpg;https://ei.phncdn.com/videos/202604/14/45288475/original/(m=eaf8GgaaaWavb)(mh=py6d8hIDPKauo6Go)5.jpg;https://ei.phncdn.com/videos/202604/14/45288475/original/(m=eaf8GgaaaWavb)(mh=py6d8hIDPKauo6Go)6.jpg;https://ei.phncdn.com/videos/202604/14/45288475/original/(m=eaf8GgaaaWavb)(mh=py6d8hIDPKauo6Go)7.jpg;https://ei.phncdn.com/videos/202604/14/45288475/original/(m=eaf8GgaaaWavb)(mh=py6d8hIDPKauo6Go)8.jpg;https://ei.phncdn.com/videos/202604/14/45288475/original/(m=eaf8GgaaaWavb)(mh=py6d8hIDPKauo6Go)9.jpg;https://ei.phncdn.com/videos/202604/14/45288475/original/(m=eaf8GgaaaWavb)(mh=py6d8hIDPKauo6Go)10.jpg;https://ei.phncdn.com/videos/202604/14/45288475/original/(m=eaf8GgaaaWavb)(mh=py6d8hIDPKauo6Go)11.jpg;https://ei.phncdn.com/videos/202604/14/45288475/original/(m=eaf8GgaaaWavb)(mh=py6d8hIDPKauo6Go)12.jpg;https://ei.phncdn.com/videos/202604/14/45288475/original/(m=eaf8GgaaaWavb)(mh=py6d8hIDPKauo6Go)13.jpg;https://ei.phncdn.com/videos/202604/14/45288475/original/(m=eaf8GgaaaWavb)(mh=py6d8hIDPKauo6Go)14.jpg;https://ei.phncdn.com/videos/202604/14/45288475/original/(m=eaf8GgaaaWavb)(mh=py6d8hIDPKauo6Go)15.jpg;https://ei.phncdn.com/videos/202604/14/45288475/original/(m=eaf8GgaaaWavb)(mh=py6d8hIDPKauo6Go)16.jpg|Close-Up Wet Pussy Gets Licked to Shaking Orgasm|pussy-licking;eating-pussy;man-eating-pussy;female-orgasm-real;best-cunnilingus;cunnilingus-close-up;perfect-shaved-pussy;tight-pussy;hot-sex;fingering-orgasm;shaking-orgasm;dripping-wet-pussy;female-pleasure;women-fantasy;female-friendly;eye-rolling-orgasm|Pussy Licking;Verified Amateurs;Female Orgasm;Romantic||646|53764|237|21|https://ei.phncdn.com/videos/202604/14/45288475/original/(m=eaAaGwObaaamqv)(mh=bP9Rvl56PQ962Zd7)5.jpg|https://ei.phncdn.com/videos/202604/14/45288475/original/(m=eaAaGwObaaamqv)(mh=bP9Rvl56PQ962Zd7)1.jpg;https://ei.phncdn.com/videos/202604/14/45288475/original/(m=eaAaGwObaaamqv)(mh=bP9Rvl56PQ962Zd7)2.jpg;https://ei.phncdn.com/videos/202604/14/45288475/original/(m=eaAaGwObaaamqv)(mh=bP9Rvl56PQ962Zd7)3.jpg;https://ei.phncdn.com/videos/202604/14/45288475/original/(m=eaAaGwObaaamqv)(mh=bP9Rvl56PQ962Zd7)4.jpg;https://ei.phncdn.com/videos/202604/14/45288475/original/(m=eaAaGwObaaamqv)(mh=bP9Rvl56PQ962Zd7)5.jpg;https://ei.phncdn.com/videos/202604/14/45288475/original/(m=eaAaGwObaaamqv)(mh=bP9Rvl56PQ962Zd7)6.jpg;https://ei.phncdn.com/videos/202604/14/45288475/original/(m=eaAaGwObaaamqv)(mh=bP9Rvl56PQ962Zd7)7.jpg;https://ei.phncdn.com/videos/202604/14/45288475/original/(m=eaAaGwObaaamqv)(mh=bP9Rvl56PQ962Zd7)8.jpg;https://ei.phncdn.com/videos/202604/14/45288475/original/(m=eaAaGwObaaamqv)(mh=bP9Rvl56PQ962Zd7)9.jpg;https://ei.phncdn.com/videos/202604/14/45288475/original/(m=eaAaGwObaaamqv)(mh=bP9Rvl56PQ962Zd7)10.jpg;https://ei.phncdn.com/videos/202604/14/45288475/original/(m=eaAaGwObaaamqv)(mh=bP9Rvl56PQ962Zd7)11.jpg;https://ei.phncdn.com/videos/202604/14/45288475/original/(m=eaAaGwObaaamqv)(mh=bP9Rvl56PQ962Zd7)12.jpg;https://ei.phncdn.com/videos/202604/14/45288475/original/(m=eaAaGwObaaamqv)(mh=bP9Rvl56PQ962Zd7)13.jpg;https://ei.phncdn.com/videos/202604/14/45288475/original/(m=eaAaGwObaaamqv)(mh=bP9Rvl56PQ962Zd7)14.jpg;https://ei.phncdn.com/videos/202604/14/45288475/original/(m=eaAaGwObaaamqv)(mh=bP9Rvl56PQ962Zd7)15.jpg;https://ei.phncdn.com/videos/202604/14/45288475/original/(m=eaAaGwObaaamqv)(mh=bP9Rvl56PQ962Zd7)16.jpg
<iframe src="https://www.pornhub.com/embed/69df23cf3c777" frameborder="0" height="481" width="608" scrolling="no"></iframe>|https://ei.phncdn.com/videos/202604/15/45329495/original/(m=eaf8GgaaaWavb)(mh=SktwP81im7_-Tbxr)10.jpg|https://ei.phncdn.com/videos/202604/15/45329495/original/(m=eaf8GgaaaWavb)(mh=SktwP81im7_-Tbxr)1.jpg;https://ei.phncdn.com/videos/202604/15/45329495/original/(m=eaf8GgaaaWavb)(mh=SktwP81im7_-Tbxr)2.jpg;https://ei.phncdn.com/videos/202604/15/45329495/original/(m=eaf8GgaaaWavb)(mh=SktwP81im7_-Tbxr)3.jpg;https://ei.phncdn.com/videos/202604/15/45329495/original/(m=eaf8GgaaaWavb)(mh=SktwP81im7_-Tbxr)4.jpg;https://ei.phncdn.com/videos/202604/15/45329495/original/(m=eaf8GgaaaWavb)(mh=SktwP81im7_-Tbxr)5.jpg;https://ei.phncdn.com/videos/202604/15/45329495/original/(m=eaf8GgaaaWavb)(mh=SktwP81im7_-Tbxr)6.jpg;https://ei.phncdn.com/videos/202604/15/45329495/original/(m=eaf8GgaaaWavb)(mh=SktwP81im7_-Tbxr)7.jpg;https://ei.phncdn.com/videos/202604/15/45329495/original/(m=eaf8GgaaaWavb)(mh=SktwP81im7_-Tbxr)8.jpg;https://ei.phncdn.com/videos/202604/15/45329495/original/(m=eaf8GgaaaWavb)(mh=SktwP81im7_-Tbxr)9.jpg;https://ei.phncdn.com/videos/202604/15/45329495/original/(m=eaf8GgaaaWavb)(mh=SktwP81im7_-Tbxr)10.jpg;https://ei.phncdn.com/videos/202604/15/45329495/original/(m=eaf8GgaaaWavb)(mh=SktwP81im7_-Tbxr)11.jpg;https://ei.phncdn.com/videos/202604/15/45329495/original/(m=eaf8GgaaaWavb)(mh=SktwP81im7_-Tbxr)12.jpg;https://ei.phncdn.com/videos/202604/15/45329495/original/(m=eaf8GgaaaWavb)(mh=SktwP81im7_-Tbxr)13.jpg;https://ei.phncdn.com/videos/202604/15/45329495/original/(m=eaf8GgaaaWavb)(mh=SktwP81im7_-Tbxr)14.jpg;https://ei.phncdn.com/videos/202604/15/45329495/original/(m=eaf8GgaaaWavb)(mh=SktwP81im7_-Tbxr)15.jpg;https://ei.phncdn.com/videos/202604/15/45329495/original/(m=eaf8GgaaaWavb)(mh=SktwP81im7_-Tbxr)16.jpg|SUPERPRIVATEx - Petitie Tiny Matty Mila Perez Takes It All from Italian Lover|couple-sex;facial;kissing;latvian;missionary-sex;cunnilingus;riding;ass-eating;ass-eat|Pussy Licking;Female Orgasm;Deepthroat||56|15697|22|7|https://ei.phncdn.com/videos/202604/15/45329495/original/(m=eaAaGwObaaamqv)(mh=WSRaeLJAqHmohvxs)10.jpg|https://ei.phncdn.com/videos/202604/15/45329495/original/(m=eaAaGwObaaamqv)(mh=WSRaeLJAqHmohvxs)1.jpg;https://ei.phncdn.com/videos/202604/15/45329495/original/(m=eaAaGwObaaamqv)(mh=WSRaeLJAqHmohvxs)2.jpg;https://ei.phncdn.com/videos/202604/15/45329495/original/(m=eaAaGwObaaamqv)(mh=WSRaeLJAqHmohvxs)3.jpg;https://ei.phncdn.com/videos/202604/15/45329495/original/(m=eaAaGwObaaamqv)(mh=WSRaeLJAqHmohvxs)4.jpg;https://ei.phncdn.com/videos/202604/15/45329495/original/(m=eaAaGwObaaamqv)(mh=WSRaeLJAqHmohvxs)5.jpg;https://ei.phncdn.com/videos/202604/15/45329495/original/(m=eaAaGwObaaamqv)(mh=WSRaeLJAqHmohvxs)6.jpg;https://ei.phncdn.com/videos/202604/15/45329495/original/(m=eaAaGwObaaamqv)(mh=WSRaeLJAqHmohvxs)7.jpg;https://ei.phncdn.com/videos/202604/15/45329495/original/(m=eaAaGwObaaamqv)(mh=WSRaeLJAqHmohvxs)8.jpg;https://ei.phncdn.com/videos/202604/15/45329495/original/(m=eaAaGwObaaamqv)(mh=WSRaeLJAqHmohvxs)9.jpg;https://ei.phncdn.com/videos/202604/15/45329495/original/(m=eaAaGwObaaamqv)(mh=WSRaeLJAqHmohvxs)10.jpg;https://ei.phncdn.com/videos/202604/15/45329495/original/(m=eaAaGwObaaamqv)(mh=WSRaeLJAqHmohvxs)11.jpg;https://ei.phncdn.com/videos/202604/15/45329495/original/(m=eaAaGwObaaamqv)(mh=WSRaeLJAqHmohvxs)12.jpg;https://ei.phncdn.com/videos/202604/15/45329495/original/(m=eaAaGwObaaamqv)(mh=WSRaeLJAqHmohvxs)13.jpg;https://ei.phncdn.com/videos/202604/15/45329495/original/(m=eaAaGwObaaamqv)(mh=WSRaeLJAqHmohvxs)14.jpg;https://ei.phncdn.com/videos/202604/15/45329495/original/(m=eaAaGwObaaamqv)(mh=WSRaeLJAqHmohvxs)15.jpg;https://ei.phncdn.com/videos/202604/15/45329495/original/(m=eaAaGwObaaamqv)(mh=WSRaeLJAqHmohvxs)16.jpg
<iframe src="https://www.pornhub.com/embed/69df2a2c5e956" frameborder="0" height="481" width="608" scrolling="no"></iframe>|https://ei.phncdn.com/videos/202604/15/45330805/original/(m=eaf8GgaaaWavb)(mh=BAX1J0jyglfC99R3)12.jpg|https://ei.phncdn.com/videos/202604/15/45330805/original/(m=eaf8GgaaaWavb)(mh=BAX1J0jyglfC99R3)1.jpg;https://ei.phncdn.com/videos/202604/15/45330805/original/(m=eaf8GgaaaWavb)(mh=BAX1J0jyglfC99R3)2.jpg;https://ei.phncdn.com/videos/202604/15/45330805/original/(m=eaf8GgaaaWavb)(mh=BAX1J0jyglfC99R3)3.jpg;https://ei.phncdn.com/videos/202604/15/45330805/original/(m=eaf8GgaaaWavb)(mh=BAX1J0jyglfC99R3)4.jpg;https://ei.phncdn.com/videos/202604/15/45330805/original/(m=eaf8GgaaaWavb)(mh=BAX1J0jyglfC99R3)5.jpg;https://ei.phncdn.com/videos/202604/15/45330805/original/(m=eaf8GgaaaWavb)(mh=BAX1J0jyglfC99R3)6.jpg;https://ei.phncdn.com/videos/202604/15/45330805/original/(m=eaf8GgaaaWavb)(mh=BAX1J0jyglfC99R3)7.jpg;https://ei.phncdn.com/videos/202604/15/45330805/original/(m=eaf8GgaaaWavb)(mh=BAX1J0jyglfC99R3)8.jpg;https://ei.phncdn.com/videos/202604/15/45330805/original/(m=eaf8GgaaaWavb)(mh=BAX1J0jyglfC99R3)9.jpg;https://ei.phncdn.com/videos/202604/15/45330805/original/(m=eaf8GgaaaWavb)(mh=BAX1J0jyglfC99R3)10.jpg;https://ei.phncdn.com/videos/202604/15/45330805/original/(m=eaf8GgaaaWavb)(mh=BAX1J0jyglfC99R3)11.jpg;https://ei.phncdn.com/videos/202604/15/45330805/original/(m=eaf8GgaaaWavb)(mh=BAX1J0jyglfC99R3)12.jpg;https://ei.phncdn.com/videos/202604/15/45330805/original/(m=eaf8GgaaaWavb)(mh=BAX1J0jyglfC99R3)13.jpg;https://ei.phncdn.com/videos/202604/15/45330805/original/(m=eaf8GgaaaWavb)(mh=BAX1J0jyglfC99R3)14.jpg;https://ei.phncdn.com/videos/202604/15/45330805/original/(m=eaf8GgaaaWavb)(mh=BAX1J0jyglfC99R3)15.jpg;https://ei.phncdn.com/videos/202604/15/45330805/original/(m=eaf8GgaaaWavb)(mh=BAX1J0jyglfC99R3)16.jpg|Big Scorpio Vibes 🥳 pt. 4|ebony-femdom;ebony-pov;hairy-pussy;juicy-clit|Pussy Licking;Verified Amateurs;Solo Female||68|69|2|0|https://ei.phncdn.com/videos/202604/15/45330805/original/(m=eaAaGwObaaamqv)(mh=FmIyEpjbHdIdjwrm)12.jpg|https://ei.phncdn.com/videos/202604/15/45330805/original/(m=eaAaGwObaaamqv)(mh=FmIyEpjbHdIdjwrm)1.jpg;https://ei.phncdn.com/videos/202604/15/45330805/original/(m=eaAaGwObaaamqv)(mh=FmIyEpjbHdIdjwrm)2.jpg;https://ei.phncdn.com/videos/202604/15/45330805/original/(m=eaAaGwObaaamqv)(mh=FmIyEpjbHdIdjwrm)3.jpg;https://ei.phncdn.com/videos/202604/15/45330805/original/(m=eaAaGwObaaamqv)(mh=FmIyEpjbHdIdjwrm)4.jpg;https://ei.phncdn.com/videos/202604/15/45330805/original/(m=eaAaGwObaaamqv)(mh=FmIyEpjbHdIdjwrm)5.jpg;https://ei.phncdn.com/videos/202604/15/45330805/original/(m=eaAaGwObaaamqv)(mh=FmIyEpjbHdIdjwrm)6.jpg;https://ei.phncdn.com/videos/202604/15/45330805/original/(m=eaAaGwObaaamqv)(mh=FmIyEpjbHdIdjwrm)7.jpg;https://ei.phncdn.com/videos/202604/15/45330805/original/(m=eaAaGwObaaamqv)(mh=FmIyEpjbHdIdjwrm)8.jpg;https://ei.phncdn.com/videos/202604/15/45330805/original/(m=eaAaGwObaaamqv)(mh=FmIyEpjbHdIdjwrm)9.jpg;https://ei.phncdn.com/videos/202604/15/45330805/original/(m=eaAaGwObaaamqv)(mh=FmIyEpjbHdIdjwrm)10.jpg;https://ei.phncdn.com/videos/202604/15/45330805/original/(m=eaAaGwObaaamqv)(mh=FmIyEpjbHdIdjwrm)11.jpg;https://ei.phncdn.com/videos/202604/15/45330805/original/(m=eaAaGwObaaamqv)(mh=FmIyEpjbHdIdjwrm)12.jpg;https://ei.phncdn.com/videos/202604/15/45330805/original/(m=eaAaGwObaaamqv)(mh=FmIyEpjbHdIdjwrm)13.jpg;https://ei.phncdn.com/videos/202604/15/45330805/original/(m=eaAaGwObaaamqv)(mh=FmIyEpjbHdIdjwrm)14.jpg;https://ei.phncdn.com/videos/202604/15/45330805/original/(m=eaAaGwObaaamqv)(mh=FmIyEpjbHdIdjwrm)15.jpg;https://ei.phncdn.com/videos/202604/15/45330805/original/(m=eaAaGwObaaamqv)(mh=FmIyEpjbHdIdjwrm)16.jpg
<iframe src="https://www.pornhub.com/embed/69df2d26e6a07" frameborder="0" height="481" width="608" scrolling="no"></iframe>|https://ei.phncdn.com/videos/202604/15/45331575/original/(m=eaf8GgaaaWavb)(mh=-EKIPe7_rqvQFq9G)12.jpg|https://ei.phncdn.com/videos/202604/15/45331575/original/(m=eaf8GgaaaWavb)(mh=-EKIPe7_rqvQFq9G)1.jpg;https://ei.phncdn.com/videos/202604/15/45331575/original/(m=eaf8GgaaaWavb)(mh=-EKIPe7_rqvQFq9G)2.jpg;https://ei.phncdn.com/videos/202604/15/45331575/original/(m=eaf8GgaaaWavb)(mh=-EKIPe7_rqvQFq9G)3.jpg;https://ei.phncdn.com/videos/202604/15/45331575/original/(m=eaf8GgaaaWavb)(mh=-EKIPe7_rqvQFq9G)4.jpg;https://ei.phncdn.com/videos/202604/15/45331575/original/(m=eaf8GgaaaWavb)(mh=-EKIPe7_rqvQFq9G)5.jpg;https://ei.phncdn.com/videos/202604/15/45331575/original/(m=eaf8GgaaaWavb)(mh=-EKIPe7_rqvQFq9G)6.jpg;https://ei.phncdn.com/videos/202604/15/45331575/original/(m=eaf8GgaaaWavb)(mh=-EKIPe7_rqvQFq9G)7.jpg;https://ei.phncdn.com/videos/202604/15/45331575/original/(m=eaf8GgaaaWavb)(mh=-EKIPe7_rqvQFq9G)8.jpg;https://ei.phncdn.com/videos/202604/15/45331575/original/(m=eaf8GgaaaWavb)(mh=-EKIPe7_rqvQFq9G)9.jpg;https://ei.phncdn.com/videos/202604/15/45331575/original/(m=eaf8GgaaaWavb)(mh=-EKIPe7_rqvQFq9G)10.jpg;https://ei.phncdn.com/videos/202604/15/45331575/original/(m=eaf8GgaaaWavb)(mh=-EKIPe7_rqvQFq9G)11.jpg;https://ei.phncdn.com/videos/202604/15/45331575/original/(m=eaf8GgaaaWavb)(mh=-EKIPe7_rqvQFq9G)12.jpg;https://ei.phncdn.com/videos/202604/15/45331575/original/(m=eaf8GgaaaWavb)(mh=-EKIPe7_rqvQFq9G)13.jpg;https://ei.phncdn.com/videos/202604/15/45331575/original/(m=eaf8GgaaaWavb)(mh=-EKIPe7_rqvQFq9G)14.jpg;https://ei.phncdn.com/videos/202604/15/45331575/original/(m=eaf8GgaaaWavb)(mh=-EKIPe7_rqvQFq9G)15.jpg;https://ei.phncdn.com/videos/202604/15/45331575/original/(m=eaf8GgaaaWavb)(mh=-EKIPe7_rqvQFq9G)16.jpg|Big Scorpio Vibes 🥳 pt. 5|ebony-femdom;ebony-pov;hairy-pussy;juicy-clit|Pussy Licking;Verified Amateurs;Solo Female||53|90|2|0|https://ei.phncdn.com/videos/202604/15/45331575/original/(m=eaAaGwObaaamqv)(mh=z5HB6fH050SYjSRr)12.jpg|https://ei.phncdn.com/videos/202604/15/45331575/original/(m=eaAaGwObaaamqv)(mh=z5HB6fH050SYjSRr)1.jpg;https://ei.phncdn.com/videos/202604/15/45331575/original/(m=eaAaGwObaaamqv)(mh=z5HB6fH050SYjSRr)2.jpg;https://ei.phncdn.com/videos/202604/15/45331575/original/(m=eaAaGwObaaamqv)(mh=z5HB6fH050SYjSRr)3.jpg;https://ei.phncdn.com/videos/202604/15/45331575/original/(m=eaAaGwObaaamqv)(mh=z5HB6fH050SYjSRr)4.jpg;https://ei.phncdn.com/videos/202604/15/45331575/original/(m=eaAaGwObaaamqv)(mh=z5HB6fH050SYjSRr)5.jpg;https://ei.phncdn.com/videos/202604/15/45331575/original/(m=eaAaGwObaaamqv)(mh=z5HB6fH050SYjSRr)6.jpg;https://ei.phncdn.com/videos/202604/15/45331575/original/(m=eaAaGwObaaamqv)(mh=z5HB6fH050SYjSRr)7.jpg;https://ei.phncdn.com/videos/202604/15/45331575/original/(m=eaAaGwObaaamqv)(mh=z5HB6fH050SYjSRr)8.jpg;https://ei.phncdn.com/videos/202604/15/45331575/original/(m=eaAaGwObaaamqv)(mh=z5HB6fH050SYjSRr)9.jpg;https://ei.phncdn.com/videos/202604/15/45331575/original/(m=eaAaGwObaaamqv)(mh=z5HB6fH050SYjSRr)10.jpg;https://ei.phncdn.com/videos/202604/15/45331575/original/(m=eaAaGwObaaamqv)(mh=z5HB6fH050SYjSRr)11.jpg;https://ei.phncdn.com/videos/202604/15/45331575/original/(m=eaAaGwObaaamqv)(mh=z5HB6fH050SYjSRr)12.jpg;https://ei.phncdn.com/videos/202604/15/45331575/original/(m=eaAaGwObaaamqv)(mh=z5HB6fH050SYjSRr)13.jpg;https://ei.phncdn.com/videos/202604/15/45331575/original/(m=eaAaGwObaaamqv)(mh=z5HB6fH050SYjSRr)14.jpg;https://ei.phncdn.com/videos/202604/15/45331575/original/(m=eaAaGwObaaamqv)(mh=z5HB6fH050SYjSRr)15.jpg;https://ei.phncdn.com/videos/202604/15/45331575/original/(m=eaAaGwObaaamqv)(mh=z5HB6fH050SYjSRr)16.jpg
<iframe src="https://www.pornhub.com/embed/69e30bf2755ff" frameborder="0" height="481" width="608" scrolling="no"></iframe>|https://ei.phncdn.com/videos/202604/18/45639235/original/(m=eaf8GgaaaWavb)(mh=IVA8EiGO0pBJQaQq)16.jpg|https://ei.phncdn.com/videos/202604/18/45639235/original/(m=eaf8GgaaaWavb)(mh=IVA8EiGO0pBJQaQq)1.jpg;https://ei.phncdn.com/videos/202604/18/45639235/original/(m=eaf8GgaaaWavb)(mh=IVA8EiGO0pBJQaQq)2.jpg;https://ei.phncdn.com/videos/202604/18/45639235/original/(m=eaf8GgaaaWavb)(mh=IVA8EiGO0pBJQaQq)3.jpg;https://ei.phncdn.com/videos/202604/18/45639235/original/(m=eaf8GgaaaWavb)(mh=IVA8EiGO0pBJQaQq)4.jpg;https://ei.phncdn.com/videos/202604/18/45639235/original/(m=eaf8GgaaaWavb)(mh=IVA8EiGO0pBJQaQq)5.jpg;https://ei.phncdn.com/videos/202604/18/45639235/original/(m=eaf8GgaaaWavb)(mh=IVA8EiGO0pBJQaQq)6.jpg;https://ei.phncdn.com/videos/202604/18/45639235/original/(m=eaf8GgaaaWavb)(mh=IVA8EiGO0pBJQaQq)7.jpg;https://ei.phncdn.com/videos/202604/18/45639235/original/(m=eaf8GgaaaWavb)(mh=IVA8EiGO0pBJQaQq)8.jpg;https://ei.phncdn.com/videos/202604/18/45639235/original/(m=eaf8GgaaaWavb)(mh=IVA8EiGO0pBJQaQq)9.jpg;https://ei.phncdn.com/videos/202604/18/45639235/original/(m=eaf8GgaaaWavb)(mh=IVA8EiGO0pBJQaQq)10.jpg;https://ei.phncdn.com/videos/202604/18/45639235/original/(m=eaf8GgaaaWavb)(mh=IVA8EiGO0pBJQaQq)11.jpg;https://ei.phncdn.com/videos/202604/18/45639235/original/(m=eaf8GgaaaWavb)(mh=IVA8EiGO0pBJQaQq)12.jpg;https://ei.phncdn.com/videos/202604/18/45639235/original/(m=eaf8GgaaaWavb)(mh=IVA8EiGO0pBJQaQq)13.jpg;https://ei.phncdn.com/videos/202604/18/45639235/original/(m=eaf8GgaaaWavb)(mh=IVA8EiGO0pBJQaQq)14.jpg;https://ei.phncdn.com/videos/202604/18/45639235/original/(m=eaf8GgaaaWavb)(mh=IVA8EiGO0pBJQaQq)15.jpg;https://ei.phncdn.com/videos/202604/18/45639235/original/(m=eaf8GgaaaWavb)(mh=IVA8EiGO0pBJQaQq)16.jpg|PeachyandRonni Cracks Ass With Primal Cock Passion|step-mom;step-sis;step-daughters;step-bro;cowgirl;riding;sentones;ricos-sentones;big-ass-latina;culo-grande;culonas;wife;orgasm;intense-sex;reverse-cowgirl;colombiana|Pussy Licking;Verified Amateurs;Step Fantasy;Female Orgasm;Muscular Men||509|987|14|0|https://ei.phncdn.com/videos/202604/18/45639235/original/(m=eaAaGwObaaamqv)(mh=FnGmq7j4E-V6qCOb)16.jpg|https://ei.phncdn.com/videos/202604/18/45639235/original/(m=eaAaGwObaaamqv)(mh=FnGmq7j4E-V6qCOb)1.jpg;https://ei.phncdn.com/videos/202604/18/45639235/original/(m=eaAaGwObaaamqv)(mh=FnGmq7j4E-V6qCOb)2.jpg;https://ei.phncdn.com/videos/202604/18/45639235/original/(m=eaAaGwObaaamqv)(mh=FnGmq7j4E-V6qCOb)3.jpg;https://ei.phncdn.com/videos/202604/18/45639235/original/(m=eaAaGwObaaamqv)(mh=FnGmq7j4E-V6qCOb)4.jpg;https://ei.phncdn.com/videos/202604/18/45639235/original/(m=eaAaGwObaaamqv)(mh=FnGmq7j4E-V6qCOb)5.jpg;https://ei.phncdn.com/videos/202604/18/45639235/original/(m=eaAaGwObaaamqv)(mh=FnGmq7j4E-V6qCOb)6.jpg;https://ei.phncdn.com/videos/202604/18/45639235/original/(m=eaAaGwObaaamqv)(mh=FnGmq7j4E-V6qCOb)7.jpg;https://ei.phncdn.com/videos/202604/18/45639235/original/(m=eaAaGwObaaamqv)(mh=FnGmq7j4E-V6qCOb)8.jpg;https://ei.phncdn.com/videos/202604/18/45639235/original/(m=eaAaGwObaaamqv)(mh=FnGmq7j4E-V6qCOb)9.jpg;https://ei.phncdn.com/videos/202604/18/45639235/original/(m=eaAaGwObaaamqv)(mh=FnGmq7j4E-V6qCOb)10.jpg;https://ei.phncdn.com/videos/202604/18/45639235/original/(m=eaAaGwObaaamqv)(mh=FnGmq7j4E-V6qCOb)11.jpg;https://ei.phncdn.com/videos/202604/18/45639235/original/(m=eaAaGwObaaamqv)(mh=FnGmq7j4E-V6qCOb)12.jpg;https://ei.phncdn.com/videos/202604/18/45639235/original/(m=eaAaGwObaaamqv)(mh=FnGmq7j4E-V6qCOb)13.jpg;https://ei.phncdn.com/videos/202604/18/45639235/original/(m=eaAaGwObaaamqv)(mh=FnGmq7j4E-V6qCOb)14.jpg;https://ei.phncdn.com/videos/202604/18/45639235/original/(m=eaAaGwObaaamqv)(mh=FnGmq7j4E-V6qCOb)15.jpg;https://ei.phncdn.com/videos/202604/18/45639235/original/(m=eaAaGwObaaamqv)(mh=FnGmq7j4E-V6qCOb)16.jpg
<iframe src="https://www.pornhub.com/embed/69e890b4b3fd5" frameborder="0" height="481" width="608" scrolling="no"></iframe>|https://ei.phncdn.com/videos/202604/22/46055535/original/(m=eaf8GgaaaWavb)(mh=HNtQFKt-d_cHP5Zd)8.jpg|https://ei.phncdn.com/videos/202604/22/46055535/original/(m=eaf8GgaaaWavb)(mh=HNtQFKt-d_cHP5Zd)1.jpg;https://ei.phncdn.com/videos/202604/22/46055535/original/(m=eaf8GgaaaWavb)(mh=HNtQFKt-d_cHP5Zd)2.jpg;https://ei.phncdn.com/videos/202604/22/46055535/original/(m=eaf8GgaaaWavb)(mh=HNtQFKt-d_cHP5Zd)3.jpg;https://ei.phncdn.com/videos/202604/22/46055535/original/(m=eaf8GgaaaWavb)(mh=HNtQFKt-d_cHP5Zd)4.jpg;https://ei.phncdn.com/videos/202604/22/46055535/original/(m=eaf8GgaaaWavb)(mh=HNtQFKt-d_cHP5Zd)5.jpg;https://ei.phncdn.com/videos/202604/22/46055535/original/(m=eaf8GgaaaWavb)(mh=HNtQFKt-d_cHP5Zd)6.jpg;https://ei.phncdn.com/videos/202604/22/46055535/original/(m=eaf8GgaaaWavb)(mh=HNtQFKt-d_cHP5Zd)7.jpg;https://ei.phncdn.com/videos/202604/22/46055535/original/(m=eaf8GgaaaWavb)(mh=HNtQFKt-d_cHP5Zd)8.jpg;https://ei.phncdn.com/videos/202604/22/46055535/original/(m=eaf8GgaaaWavb)(mh=HNtQFKt-d_cHP5Zd)9.jpg;https://ei.phncdn.com/videos/202604/22/46055535/original/(m=eaf8GgaaaWavb)(mh=HNtQFKt-d_cHP5Zd)10.jpg;https://ei.phncdn.com/videos/202604/22/46055535/original/(m=eaf8GgaaaWavb)(mh=HNtQFKt-d_cHP5Zd)11.jpg;https://ei.phncdn.com/videos/202604/22/46055535/original/(m=eaf8GgaaaWavb)(mh=HNtQFKt-d_cHP5Zd)12.jpg;https://ei.phncdn.com/videos/202604/22/46055535/original/(m=eaf8GgaaaWavb)(mh=HNtQFKt-d_cHP5Zd)13.jpg;https://ei.phncdn.com/videos/202604/22/46055535/original/(m=eaf8GgaaaWavb)(mh=HNtQFKt-d_cHP5Zd)14.jpg;https://ei.phncdn.com/videos/202604/22/46055535/original/(m=eaf8GgaaaWavb)(mh=HNtQFKt-d_cHP5Zd)15.jpg;https://ei.phncdn.com/videos/202604/22/46055535/original/(m=eaf8GgaaaWavb)(mh=HNtQFKt-d_cHP5Zd)16.jpg|Romantic 69 Pussy Licking in the Early Morning|69;pussy-licking;face-sitting;cinematic;amateur;perfect-shaved-pussy;good-pussy-eating;wet-pussy;extreme-tight-pussy;college;hot-milf;asshole-close-up;close-up-pussy;alt-girl|Pussy Licking;Verified Amateurs;Female Orgasm;Romantic||306|12612|35|5|https://ei.phncdn.com/videos/202604/22/46055535/original/(m=eaAaGwObaaamqv)(mh=UJXcBJaqsF9_e3KI)8.jpg|https://ei.phncdn.com/videos/202604/22/46055535/original/(m=eaAaGwObaaamqv)(mh=UJXcBJaqsF9_e3KI)1.jpg;https://ei.phncdn.com/videos/202604/22/46055535/original/(m=eaAaGwObaaamqv)(mh=UJXcBJaqsF9_e3KI)2.jpg;https://ei.phncdn.com/videos/202604/22/46055535/original/(m=eaAaGwObaaamqv)(mh=UJXcBJaqsF9_e3KI)3.jpg;https://ei.phncdn.com/videos/202604/22/46055535/original/(m=eaAaGwObaaamqv)(mh=UJXcBJaqsF9_e3KI)4.jpg;https://ei.phncdn.com/videos/202604/22/46055535/original/(m=eaAaGwObaaamqv)(mh=UJXcBJaqsF9_e3KI)5.jpg;https://ei.phncdn.com/videos/202604/22/46055535/original/(m=eaAaGwObaaamqv)(mh=UJXcBJaqsF9_e3KI)6.jpg;https://ei.phncdn.com/videos/202604/22/46055535/original/(m=eaAaGwObaaamqv)(mh=UJXcBJaqsF9_e3KI)7.jpg;https://ei.phncdn.com/videos/202604/22/46055535/original/(m=eaAaGwObaaamqv)(mh=UJXcBJaqsF9_e3KI)8.jpg;https://ei.phncdn.com/videos/202604/22/46055535/original/(m=eaAaGwObaaamqv)(mh=UJXcBJaqsF9_e3KI)9.jpg;https://ei.phncdn.com/videos/202604/22/46055535/original/(m=eaAaGwObaaamqv)(mh=UJXcBJaqsF9_e3KI)10.jpg;https://ei.phncdn.com/videos/202604/22/46055535/original/(m=eaAaGwObaaamqv)(mh=UJXcBJaqsF9_e3KI)11.jpg;https://ei.phncdn.com/videos/202604/22/46055535/original/(m=eaAaGwObaaamqv)(mh=UJXcBJaqsF9_e3KI)12.jpg;https://ei.phncdn.com/videos/202604/22/46055535/original/(m=eaAaGwObaaamqv)(mh=UJXcBJaqsF9_e3KI)13.jpg;https://ei.phncdn.com/videos/202604/22/46055535/original/(m=eaAaGwObaaamqv)(mh=UJXcBJaqsF9_e3KI)14.jpg;https://ei.phncdn.com/videos/202604/22/46055535/original/(m=eaAaGwObaaamqv)(mh=UJXcBJaqsF9_e3KI)15.jpg;https://ei.phncdn.com/videos/202604/22/46055535/original/(m=eaAaGwObaaamqv)(mh=UJXcBJaqsF9_e3KI)16.jpg
<iframe src="https://www.pornhub.com/embed/69f34c146b8c2" frameborder="0" height="481" width="608" scrolling="no"></iframe>|https://ei.phncdn.com/videos/202604/30/47148055/original/(m=eaf8GgaaaWavb)(mh=84X_y82dALUjg6bJ)3.jpg|https://ei.phncdn.com/videos/202604/30/47148055/original/(m=eaf8GgaaaWavb)(mh=84X_y82dALUjg6bJ)1.jpg;https://ei.phncdn.com/videos/202604/30/47148055/original/(m=eaf8GgaaaWavb)(mh=84X_y82dALUjg6bJ)2.jpg;https://ei.phncdn.com/videos/202604/30/47148055/original/(m=eaf8GgaaaWavb)(mh=84X_y82dALUjg6bJ)3.jpg;https://ei.phncdn.com/videos/202604/30/47148055/original/(m=eaf8GgaaaWavb)(mh=84X_y82dALUjg6bJ)4.jpg;https://ei.phncdn.com/videos/202604/30/47148055/original/(m=eaf8GgaaaWavb)(mh=84X_y82dALUjg6bJ)5.jpg;https://ei.phncdn.com/videos/202604/30/47148055/original/(m=eaf8GgaaaWavb)(mh=84X_y82dALUjg6bJ)6.jpg;https://ei.phncdn.com/videos/202604/30/47148055/original/(m=eaf8GgaaaWavb)(mh=84X_y82dALUjg6bJ)7.jpg;https://ei.phncdn.com/videos/202604/30/47148055/original/(m=eaf8GgaaaWavb)(mh=84X_y82dALUjg6bJ)8.jpg;https://ei.phncdn.com/videos/202604/30/47148055/original/(m=eaf8GgaaaWavb)(mh=84X_y82dALUjg6bJ)9.jpg;https://ei.phncdn.com/videos/202604/30/47148055/original/(m=eaf8GgaaaWavb)(mh=84X_y82dALUjg6bJ)10.jpg;https://ei.phncdn.com/videos/202604/30/47148055/original/(m=eaf8GgaaaWavb)(mh=84X_y82dALUjg6bJ)11.jpg;https://ei.phncdn.com/videos/202604/30/47148055/original/(m=eaf8GgaaaWavb)(mh=84X_y82dALUjg6bJ)12.jpg;https://ei.phncdn.com/videos/202604/30/47148055/original/(m=eaf8GgaaaWavb)(mh=84X_y82dALUjg6bJ)13.jpg;https://ei.phncdn.com/videos/202604/30/47148055/original/(m=eaf8GgaaaWavb)(mh=84X_y82dALUjg6bJ)14.jpg;https://ei.phncdn.com/videos/202604/30/47148055/original/(m=eaf8GgaaaWavb)(mh=84X_y82dALUjg6bJ)15.jpg;https://ei.phncdn.com/videos/202604/30/47148055/original/(m=eaf8GgaaaWavb)(mh=84X_y82dALUjg6bJ)16.jpg|ONLYFANS GIRLFRIEND - An Erotic Audio Story read by Mia Hart [MF] [orgasm] [pussy licking] [missionary]|onlyfans;cameraman;pussy-licking;missionary;orgasm|Pussy Licking;Verified Amateurs;Solo Female;Female Orgasm;Podcast||680|208|||https://ei.phncdn.com/videos/202604/30/47148055/original/(m=eaAaGwObaaamqv)(mh=2DoNvVGyHogzrmaL)3.jpg|https://ei.phncdn.com/videos/202604/30/47148055/original/(m=eaAaGwObaaamqv)(mh=2DoNvVGyHogzrmaL)1.jpg;https://ei.phncdn.com/videos/202604/30/47148055/original/(m=eaAaGwObaaamqv)(mh=2DoNvVGyHogzrmaL)2.jpg;https://ei.phncdn.com/videos/202604/30/47148055/original/(m=eaAaGwObaaamqv)(mh=2DoNvVGyHogzrmaL)3.jpg;https://ei.phncdn.com/videos/202604/30/47148055/original/(m=eaAaGwObaaamqv)(mh=2DoNvVGyHogzrmaL)4.jpg;https://ei.phncdn.com/videos/202604/30/47148055/original/(m=eaAaGwObaaamqv)(mh=2DoNvVGyHogzrmaL)5.jpg;https://ei.phncdn.com/videos/202604/30/47148055/original/(m=eaAaGwObaaamqv)(mh=2DoNvVGyHogzrmaL)6.jpg;https://ei.phncdn.com/videos/202604/30/47148055/original/(m=eaAaGwObaaamqv)(mh=2DoNvVGyHogzrmaL)7.jpg;https://ei.phncdn.com/videos/202604/30/47148055/original/(m=eaAaGwObaaamqv)(mh=2DoNvVGyHogzrmaL)8.jpg;https://ei.phncdn.com/videos/202604/30/47148055/original/(m=eaAaGwObaaamqv)(mh=2DoNvVGyHogzrmaL)9.jpg;https://ei.phncdn.com/videos/202604/30/47148055/original/(m=eaAaGwObaaamqv)(mh=2DoNvVGyHogzrmaL)10.jpg;https://ei.phncdn.com/videos/202604/30/47148055/original/(m=eaAaGwObaaamqv)(mh=2DoNvVGyHogzrmaL)11.jpg;https://ei.phncdn.com/videos/202604/30/47148055/original/(m=eaAaGwObaaamqv)(mh=2DoNvVGyHogzrmaL)12.jpg;https://ei.phncdn.com/videos/202604/30/47148055/original/(m=eaAaGwObaaamqv)(mh=2DoNvVGyHogzrmaL)13.jpg;https://ei.phncdn.com/videos/202604/30/47148055/original/(m=eaAaGwObaaamqv)(mh=2DoNvVGyHogzrmaL)14.jpg;https://ei.phncdn.com/videos/202604/30/47148055/original/(m=eaAaGwObaaamqv)(mh=2DoNvVGyHogzrmaL)15.jpg;https://ei.phncdn.com/videos/202604/30/47148055/original/(m=eaAaGwObaaamqv)(mh=2DoNvVGyHogzrmaL)16.jpg
<iframe src="https://www.pornhub.com/embed/6a0e2b0441694" frameborder="0" height="481" width="608" scrolling="no"></iframe>|https://ei.phncdn.com/videos/202605/20/49589545/original/(m=eaf8GgaaaWavb)(mh=42ROW7wUA7Gpj3KI)12.jpg|https://ei.phncdn.com/videos/202605/20/49589545/original/(m=eaf8GgaaaWavb)(mh=42ROW7wUA7Gpj3KI)1.jpg;https://ei.phncdn.com/videos/202605/20/49589545/original/(m=eaf8GgaaaWavb)(mh=42ROW7wUA7Gpj3KI)2.jpg;https://ei.phncdn.com/videos/202605/20/49589545/original/(m=eaf8GgaaaWavb)(mh=42ROW7wUA7Gpj3KI)3.jpg;https://ei.phncdn.com/videos/202605/20/49589545/original/(m=eaf8GgaaaWavb)(mh=42ROW7wUA7Gpj3KI)4.jpg;https://ei.phncdn.com/videos/202605/20/49589545/original/(m=eaf8GgaaaWavb)(mh=42ROW7wUA7Gpj3KI)5.jpg;https://ei.phncdn.com/videos/202605/20/49589545/original/(m=eaf8GgaaaWavb)(mh=42ROW7wUA7Gpj3KI)6.jpg;https://ei.phncdn.com/videos/202605/20/49589545/original/(m=eaf8GgaaaWavb)(mh=42ROW7wUA7Gpj3KI)7.jpg;https://ei.phncdn.com/videos/202605/20/49589545/original/(m=eaf8GgaaaWavb)(mh=42ROW7wUA7Gpj3KI)8.jpg;https://ei.phncdn.com/videos/202605/20/49589545/original/(m=eaf8GgaaaWavb)(mh=42ROW7wUA7Gpj3KI)9.jpg;https://ei.phncdn.com/videos/202605/20/49589545/original/(m=eaf8GgaaaWavb)(mh=42ROW7wUA7Gpj3KI)10.jpg;https://ei.phncdn.com/videos/202605/20/49589545/original/(m=eaf8GgaaaWavb)(mh=42ROW7wUA7Gpj3KI)11.jpg;https://ei.phncdn.com/videos/202605/20/49589545/original/(m=eaf8GgaaaWavb)(mh=42ROW7wUA7Gpj3KI)12.jpg;https://ei.phncdn.com/videos/202605/20/49589545/original/(m=eaf8GgaaaWavb)(mh=42ROW7wUA7Gpj3KI)13.jpg;https://ei.phncdn.com/videos/202605/20/49589545/original/(m=eaf8GgaaaWavb)(mh=42ROW7wUA7Gpj3KI)14.jpg;https://ei.phncdn.com/videos/202605/20/49589545/original/(m=eaf8GgaaaWavb)(mh=42ROW7wUA7Gpj3KI)15.jpg;https://ei.phncdn.com/videos/202605/20/49589545/original/(m=eaf8GgaaaWavb)(mh=42ROW7wUA7Gpj3KI)16.jpg|Love her pussy|real-couple;homemade|Pussy Licking;Verified Amateurs;Tattooed Women||87|36|||https://ei.phncdn.com/videos/202605/20/49589545/original/(m=eaAaGwObaaamqv)(mh=Hb_75HmZHZL5rMxt)12.jpg|https://ei.phncdn.com/videos/202605/20/49589545/original/(m=eaAaGwObaaamqv)(mh=Hb_75HmZHZL5rMxt)1.jpg;https://ei.phncdn.com/videos/202605/20/49589545/original/(m=eaAaGwObaaamqv)(mh=Hb_75HmZHZL5rMxt)2.jpg;https://ei.phncdn.com/videos/202605/20/49589545/original/(m=eaAaGwObaaamqv)(mh=Hb_75HmZHZL5rMxt)3.jpg;https://ei.phncdn.com/videos/202605/20/49589545/original/(m=eaAaGwObaaamqv)(mh=Hb_75HmZHZL5rMxt)4.jpg;https://ei.phncdn.com/videos/202605/20/49589545/original/(m=eaAaGwObaaamqv)(mh=Hb_75HmZHZL5rMxt)5.jpg;https://ei.phncdn.com/videos/202605/20/49589545/original/(m=eaAaGwObaaamqv)(mh=Hb_75HmZHZL5rMxt)6.jpg;https://ei.phncdn.com/videos/202605/20/49589545/original/(m=eaAaGwObaaamqv)(mh=Hb_75HmZHZL5rMxt)7.jpg;https://ei.phncdn.com/videos/202605/20/49589545/original/(m=eaAaGwObaaamqv)(mh=Hb_75HmZHZL5rMxt)8.jpg;https://ei.phncdn.com/videos/202605/20/49589545/original/(m=eaAaGwObaaamqv)(mh=Hb_75HmZHZL5rMxt)9.jpg;https://ei.phncdn.com/videos/202605/20/49589545/original/(m=eaAaGwObaaamqv)(mh=Hb_75HmZHZL5rMxt)10.jpg;https://ei.phncdn.com/videos/202605/20/49589545/original/(m=eaAaGwObaaamqv)(mh=Hb_75HmZHZL5rMxt)11.jpg;https://ei.phncdn.com/videos/202605/20/49589545/original/(m=eaAaGwObaaamqv)(mh=Hb_75HmZHZL5rMxt)12.jpg;https://ei.phncdn.com/videos/202605/20/49589545/original/(m=eaAaGwObaaamqv)(mh=Hb_75HmZHZL5rMxt)13.jpg;https://ei.phncdn.com/videos/202605/20/49589545/original/(m=eaAaGwObaaamqv)(mh=Hb_75HmZHZL5rMxt)14.jpg;https://ei.phncdn.com/videos/202605/20/49589545/original/(m=eaAaGwObaaamqv)(mh=Hb_75HmZHZL5rMxt)15.jpg;https://ei.phncdn.com/videos/202605/20/49589545/original/(m=eaAaGwObaaamqv)(mh=Hb_75HmZHZL5rMxt)16.jpg
<iframe src="https://www.pornhub.com/embed/6a429c324b044" frameborder="0" height="481" width="608" scrolling="no"></iframe>|https://ei.phncdn.com/videos/202606/29/53860335/original/(m=eaf8GgaaaWavb)(mh=TafFuw8YF62G7Ozs)12.jpg|https://ei.phncdn.com/videos/202606/29/53860335/original/(m=eaf8GgaaaWavb)(mh=TafFuw8YF62G7Ozs)1.jpg;https://ei.phncdn.com/videos/202606/29/53860335/original/(m=eaf8GgaaaWavb)(mh=TafFuw8YF62G7Ozs)2.jpg;https://ei.phncdn.com/videos/202606/29/53860335/original/(m=eaf8GgaaaWavb)(mh=TafFuw8YF62G7Ozs)3.jpg;https://ei.phncdn.com/videos/202606/29/53860335/original/(m=eaf8GgaaaWavb)(mh=TafFuw8YF62G7Ozs)4.jpg;https://ei.phncdn.com/videos/202606/29/53860335/original/(m=eaf8GgaaaWavb)(mh=TafFuw8YF62G7Ozs)5.jpg;https://ei.phncdn.com/videos/202606/29/53860335/original/(m=eaf8GgaaaWavb)(mh=TafFuw8YF62G7Ozs)6.jpg;https://ei.phncdn.com/videos/202606/29/53860335/original/(m=eaf8GgaaaWavb)(mh=TafFuw8YF62G7Ozs)7.jpg;https://ei.phncdn.com/videos/202606/29/53860335/original/(m=eaf8GgaaaWavb)(mh=TafFuw8YF62G7Ozs)8.jpg;https://ei.phncdn.com/videos/202606/29/53860335/original/(m=eaf8GgaaaWavb)(mh=TafFuw8YF62G7Ozs)9.jpg;https://ei.phncdn.com/videos/202606/29/53860335/original/(m=eaf8GgaaaWavb)(mh=TafFuw8YF62G7Ozs)10.jpg;https://ei.phncdn.com/videos/202606/29/53860335/original/(m=eaf8GgaaaWavb)(mh=TafFuw8YF62G7Ozs)11.jpg;https://ei.phncdn.com/videos/202606/29/53860335/original/(m=eaf8GgaaaWavb)(mh=TafFuw8YF62G7Ozs)12.jpg;https://ei.phncdn.com/videos/202606/29/53860335/original/(m=eaf8GgaaaWavb)(mh=TafFuw8YF62G7Ozs)13.jpg;https://ei.phncdn.com/videos/202606/29/53860335/original/(m=eaf8GgaaaWavb)(mh=TafFuw8YF62G7Ozs)14.jpg;https://ei.phncdn.com/videos/202606/29/53860335/original/(m=eaf8GgaaaWavb)(mh=TafFuw8YF62G7Ozs)15.jpg;https://ei.phncdn.com/videos/202606/29/53860335/original/(m=eaf8GgaaaWavb)(mh=TafFuw8YF62G7Ozs)16.jpg|Coming Over Late to Make Her Cum Before Bed - PUSSY LICKING ORGASM|pussy-licking;pussy-eating;pussy-licking-orgasm;pussy-eating-orgasm;asmr-pussy-eating;asmr-pussy-licking;extreme-pussy-eating;pleasure-dom;loud-moaning-orgasm;jim-nova;asmr;orgasm;girl-moaning;best-real-orgasm;man-eating-pussy;female-pleasure|Pussy Licking;Verified Amateurs;Female Orgasm;Romantic||448|4206|23|1|https://ei.phncdn.com/videos/202606/29/53860335/original/(m=eaAaGwObaaamqv)(mh=ziq3hc0Nd_ahzsJh)12.jpg|https://ei.phncdn.com/videos/202606/29/53860335/original/(m=eaAaGwObaaamqv)(mh=ziq3hc0Nd_ahzsJh)1.jpg;https://ei.phncdn.com/videos/202606/29/53860335/original/(m=eaAaGwObaaamqv)(mh=ziq3hc0Nd_ahzsJh)2.jpg;https://ei.phncdn.com/videos/202606/29/53860335/original/(m=eaAaGwObaaamqv)(mh=ziq3hc0Nd_ahzsJh)3.jpg;https://ei.phncdn.com/videos/202606/29/53860335/original/(m=eaAaGwObaaamqv)(mh=ziq3hc0Nd_ahzsJh)4.jpg;https://ei.phncdn.com/videos/202606/29/53860335/original/(m=eaAaGwObaaamqv)(mh=ziq3hc0Nd_ahzsJh)5.jpg;https://ei.phncdn.com/videos/202606/29/53860335/original/(m=eaAaGwObaaamqv)(mh=ziq3hc0Nd_ahzsJh)6.jpg;https://ei.phncdn.com/videos/202606/29/53860335/original/(m=eaAaGwObaaamqv)(mh=ziq3hc0Nd_ahzsJh)7.jpg;https://ei.phncdn.com/videos/202606/29/53860335/original/(m=eaAaGwObaaamqv)(mh=ziq3hc0Nd_ahzsJh)8.jpg;https://ei.phncdn.com/videos/202606/29/53860335/original/(m=eaAaGwObaaamqv)(mh=ziq3hc0Nd_ahzsJh)9.jpg;https://ei.phncdn.com/videos/202606/29/53860335/original/(m=eaAaGwObaaamqv)(mh=ziq3hc0Nd_ahzsJh)10.jpg;https://ei.phncdn.com/videos/202606/29/53860335/original/(m=eaAaGwObaaamqv)(mh=ziq3hc0Nd_ahzsJh)11.jpg;https://ei.phncdn.com/videos/202606/29/53860335/original/(m=eaAaGwObaaamqv)(mh=ziq3hc0Nd_ahzsJh)12.jpg;https://ei.phncdn.com/videos/202606/29/53860335/original/(m=eaAaGwObaaamqv)(mh=ziq3hc0Nd_ahzsJh)13.jpg;https://ei.phncdn.com/videos/202606/29/53860335/original/(m=eaAaGwObaaamqv)(mh=ziq3hc0Nd_ahzsJh)14.jpg;https://ei.phncdn.com/videos/202606/29/53860335/original/(m=eaAaGwObaaamqv)(mh=ziq3hc0Nd_ahzsJh)15.jpg;https://ei.phncdn.com/videos/202606/29/53860335/original/(m=eaAaGwObaaamqv)(mh=ziq3hc0Nd_ahzsJh)16.jpg
<iframe src="https://www.pornhub.com/embed/6a429c4038c3e" frameborder="0" height="481" width="608" scrolling="no"></iframe>|https://ei.phncdn.com/videos/202606/29/53860365/original/(m=eaf8GgaaaWavb)(mh=KATYUQdZBloMPvFk)12.jpg|https://ei.phncdn.com/videos/202606/29/53860365/original/(m=eaf8GgaaaWavb)(mh=KATYUQdZBloMPvFk)1.jpg;https://ei.phncdn.com/videos/202606/29/53860365/original/(m=eaf8GgaaaWavb)(mh=KATYUQdZBloMPvFk)2.jpg;https://ei.phncdn.com/videos/202606/29/53860365/original/(m=eaf8GgaaaWavb)(mh=KATYUQdZBloMPvFk)3.jpg;https://ei.phncdn.com/videos/202606/29/53860365/original/(m=eaf8GgaaaWavb)(mh=KATYUQdZBloMPvFk)4.jpg;https://ei.phncdn.com/videos/202606/29/53860365/original/(m=eaf8GgaaaWavb)(mh=KATYUQdZBloMPvFk)5.jpg;https://ei.phncdn.com/videos/202606/29/53860365/original/(m=eaf8GgaaaWavb)(mh=KATYUQdZBloMPvFk)6.jpg;https://ei.phncdn.com/videos/202606/29/53860365/original/(m=eaf8GgaaaWavb)(mh=KATYUQdZBloMPvFk)7.jpg;https://ei.phncdn.com/videos/202606/29/53860365/original/(m=eaf8GgaaaWavb)(mh=KATYUQdZBloMPvFk)8.jpg;https://ei.phncdn.com/videos/202606/29/53860365/original/(m=eaf8GgaaaWavb)(mh=KATYUQdZBloMPvFk)9.jpg;https://ei.phncdn.com/videos/202606/29/53860365/original/(m=eaf8GgaaaWavb)(mh=KATYUQdZBloMPvFk)10.jpg;https://ei.phncdn.com/videos/202606/29/53860365/original/(m=eaf8GgaaaWavb)(mh=KATYUQdZBloMPvFk)11.jpg;https://ei.phncdn.com/videos/202606/29/53860365/original/(m=eaf8GgaaaWavb)(mh=KATYUQdZBloMPvFk)12.jpg;https://ei.phncdn.com/videos/202606/29/53860365/original/(m=eaf8GgaaaWavb)(mh=KATYUQdZBloMPvFk)13.jpg;https://ei.phncdn.com/videos/202606/29/53860365/original/(m=eaf8GgaaaWavb)(mh=KATYUQdZBloMPvFk)14.jpg;https://ei.phncdn.com/videos/202606/29/53860365/original/(m=eaf8GgaaaWavb)(mh=KATYUQdZBloMPvFk)15.jpg;https://ei.phncdn.com/videos/202606/29/53860365/original/(m=eaf8GgaaaWavb)(mh=KATYUQdZBloMPvFk)16.jpg|Pussy Worship & Clit Sucking Late at Night - LOUD Orgasm|pussy-licking;pussy-licking-orgasm;pussy-eating;pussy-eating-orgasm;jim-nova;asmr-pussy-eating;asmr-pussy-licking;asmr;extreme-pussy-eating;pleasure-dom;female-pleasure;loud-moaning-orgasm;girl-moaning;best-real-orgasm;man-eating-pussy|Pussy Licking;Verified Amateurs;Female Orgasm;Romantic||421|4074|22|2|https://ei.phncdn.com/videos/202606/29/53860365/original/(m=eaAaGwObaaamqv)(mh=WRVhWrFpoRidTuvx)12.jpg|https://ei.phncdn.com/videos/202606/29/53860365/original/(m=eaAaGwObaaamqv)(mh=WRVhWrFpoRidTuvx)1.jpg;https://ei.phncdn.com/videos/202606/29/53860365/original/(m=eaAaGwObaaamqv)(mh=WRVhWrFpoRidTuvx)2.jpg;https://ei.phncdn.com/videos/202606/29/53860365/original/(m=eaAaGwObaaamqv)(mh=WRVhWrFpoRidTuvx)3.jpg;https://ei.phncdn.com/videos/202606/29/53860365/original/(m=eaAaGwObaaamqv)(mh=WRVhWrFpoRidTuvx)4.jpg;https://ei.phncdn.com/videos/202606/29/53860365/original/(m=eaAaGwObaaamqv)(mh=WRVhWrFpoRidTuvx)5.jpg;https://ei.phncdn.com/videos/202606/29/53860365/original/(m=eaAaGwObaaamqv)(mh=WRVhWrFpoRidTuvx)6.jpg;https://ei.phncdn.com/videos/202606/29/53860365/original/(m=eaAaGwObaaamqv)(mh=WRVhWrFpoRidTuvx)7.jpg;https://ei.phncdn.com/videos/202606/29/53860365/original/(m=eaAaGwObaaamqv)(mh=WRVhWrFpoRidTuvx)8.jpg;https://ei.phncdn.com/videos/202606/29/53860365/original/(m=eaAaGwObaaamqv)(mh=WRVhWrFpoRidTuvx)9.jpg;https://ei.phncdn.com/videos/202606/29/53860365/original/(m=eaAaGwObaaamqv)(mh=WRVhWrFpoRidTuvx)10.jpg;https://ei.phncdn.com/videos/202606/29/53860365/original/(m=eaAaGwObaaamqv)(mh=WRVhWrFpoRidTuvx)11.jpg;https://ei.phncdn.com/videos/202606/29/53860365/original/(m=eaAaGwObaaamqv)(mh=WRVhWrFpoRidTuvx)12.jpg;https://ei.phncdn.com/videos/202606/29/53860365/original/(m=eaAaGwObaaamqv)(mh=WRVhWrFpoRidTuvx)13.jpg;https://ei.phncdn.com/videos/202606/29/53860365/original/(m=eaAaGwObaaamqv)(mh=WRVhWrFpoRidTuvx)14.jpg;https://ei.phncdn.com/videos/202606/29/53860365/original/(m=eaAaGwObaaamqv)(mh=WRVhWrFpoRidTuvx)15.jpg;https://ei.phncdn.com/videos/202606/29/53860365/original/(m=eaAaGwObaaamqv)(mh=WRVhWrFpoRidTuvx)16.jpg
<iframe src="https://www.pornhub.com/embed/6a42a400b9826" frameborder="0" height="481" width="608" scrolling="no"></iframe>|https://ei.phncdn.com/videos/202606/29/53865575/original/(m=eaf8GgaaaWavb)(mh=fIotWjw780p-7H56)12.jpg|https://ei.phncdn.com/videos/202606/29/53865575/original/(m=eaf8GgaaaWavb)(mh=fIotWjw780p-7H56)1.jpg;https://ei.phncdn.com/videos/202606/29/53865575/original/(m=eaf8GgaaaWavb)(mh=fIotWjw780p-7H56)2.jpg;https://ei.phncdn.com/videos/202606/29/53865575/original/(m=eaf8GgaaaWavb)(mh=fIotWjw780p-7H56)3.jpg;https://ei.phncdn.com/videos/202606/29/53865575/original/(m=eaf8GgaaaWavb)(mh=fIotWjw780p-7H56)4.jpg;https://ei.phncdn.com/videos/202606/29/53865575/original/(m=eaf8GgaaaWavb)(mh=fIotWjw780p-7H56)5.jpg;https://ei.phncdn.com/videos/202606/29/53865575/original/(m=eaf8GgaaaWavb)(mh=fIotWjw780p-7H56)6.jpg;https://ei.phncdn.com/videos/202606/29/53865575/original/(m=eaf8GgaaaWavb)(mh=fIotWjw780p-7H56)7.jpg;https://ei.phncdn.com/videos/202606/29/53865575/original/(m=eaf8GgaaaWavb)(mh=fIotWjw780p-7H56)8.jpg;https://ei.phncdn.com/videos/202606/29/53865575/original/(m=eaf8GgaaaWavb)(mh=fIotWjw780p-7H56)9.jpg;https://ei.phncdn.com/videos/202606/29/53865575/original/(m=eaf8GgaaaWavb)(mh=fIotWjw780p-7H56)10.jpg;https://ei.phncdn.com/videos/202606/29/53865575/original/(m=eaf8GgaaaWavb)(mh=fIotWjw780p-7H56)11.jpg;https://ei.phncdn.com/videos/202606/29/53865575/original/(m=eaf8GgaaaWavb)(mh=fIotWjw780p-7H56)12.jpg;https://ei.phncdn.com/videos/202606/29/53865575/original/(m=eaf8GgaaaWavb)(mh=fIotWjw780p-7H56)13.jpg;https://ei.phncdn.com/videos/202606/29/53865575/original/(m=eaf8GgaaaWavb)(mh=fIotWjw780p-7H56)14.jpg;https://ei.phncdn.com/videos/202606/29/53865575/original/(m=eaf8GgaaaWavb)(mh=fIotWjw780p-7H56)15.jpg;https://ei.phncdn.com/videos/202606/29/53865575/original/(m=eaf8GgaaaWavb)(mh=fIotWjw780p-7H56)16.jpg|Romantic Pussy Licking Makes Her Squeal & Shake - LOUD Orgasms|pussy-licking;pussy-licking-orgasm;pussy-eating;pussy-eating-orgasm;jim-nova;asmr-pussy-eating;asmr-pussy-licking;asmr;extreme-pussy-eating;pleasure-dom;female-pleasure;loud-moaning-orgasm;girl-moaning;best-real-orgasm;man-eating-pussy|Pussy Licking;Verified Amateurs;Female Orgasm||419|6237|16|6|https://ei.phncdn.com/videos/202606/29/53865575/original/(m=eaAaGwObaaamqv)(mh=nkPLUKOHuhivEfDC)12.jpg|https://ei.phncdn.com/videos/202606/29/53865575/original/(m=eaAaGwObaaamqv)(mh=nkPLUKOHuhivEfDC)1.jpg;https://ei.phncdn.com/videos/202606/29/53865575/original/(m=eaAaGwObaaamqv)(mh=nkPLUKOHuhivEfDC)2.jpg;https://ei.phncdn.com/videos/202606/29/53865575/original/(m=eaAaGwObaaamqv)(mh=nkPLUKOHuhivEfDC)3.jpg;https://ei.phncdn.com/videos/202606/29/53865575/original/(m=eaAaGwObaaamqv)(mh=nkPLUKOHuhivEfDC)4.jpg;https://ei.phncdn.com/videos/202606/29/53865575/original/(m=eaAaGwObaaamqv)(mh=nkPLUKOHuhivEfDC)5.jpg;https://ei.phncdn.com/videos/202606/29/53865575/original/(m=eaAaGwObaaamqv)(mh=nkPLUKOHuhivEfDC)6.jpg;https://ei.phncdn.com/videos/202606/29/53865575/original/(m=eaAaGwObaaamqv)(mh=nkPLUKOHuhivEfDC)7.jpg;https://ei.phncdn.com/videos/202606/29/53865575/original/(m=eaAaGwObaaamqv)(mh=nkPLUKOHuhivEfDC)8.jpg;https://ei.phncdn.com/videos/202606/29/53865575/original/(m=eaAaGwObaaamqv)(mh=nkPLUKOHuhivEfDC)9.jpg;https://ei.phncdn.com/videos/202606/29/53865575/original/(m=eaAaGwObaaamqv)(mh=nkPLUKOHuhivEfDC)10.jpg;https://ei.phncdn.com/videos/202606/29/53865575/original/(m=eaAaGwObaaamqv)(mh=nkPLUKOHuhivEfDC)11.jpg;https://ei.phncdn.com/videos/202606/29/53865575/original/(m=eaAaGwObaaamqv)(mh=nkPLUKOHuhivEfDC)12.jpg;https://ei.phncdn.com/videos/202606/29/53865575/original/(m=eaAaGwObaaamqv)(mh=nkPLUKOHuhivEfDC)13.jpg;https://ei.phncdn.com/videos/202606/29/53865575/original/(m=eaAaGwObaaamqv)(mh=nkPLUKOHuhivEfDC)14.jpg;https://ei.phncdn.com/videos/202606/29/53865575/original/(m=eaAaGwObaaamqv)(mh=nkPLUKOHuhivEfDC)15.jpg;https://ei.phncdn.com/videos/202606/29/53865575/original/(m=eaAaGwObaaamqv)(mh=nkPLUKOHuhivEfDC)16.jpg
<iframe src="https://www.pornhub.com/embed/6a42a500bd3fa" frameborder="0" height="481" width="608" scrolling="no"></iframe>|https://ei.phncdn.com/videos/202606/29/53866145/original/(m=eaf8GgaaaWavb)(mh=vj1vZfbx5E8DloHc)12.jpg|https://ei.phncdn.com/videos/202606/29/53866145/original/(m=eaf8GgaaaWavb)(mh=vj1vZfbx5E8DloHc)1.jpg;https://ei.phncdn.com/videos/202606/29/53866145/original/(m=eaf8GgaaaWavb)(mh=vj1vZfbx5E8DloHc)2.jpg;https://ei.phncdn.com/videos/202606/29/53866145/original/(m=eaf8GgaaaWavb)(mh=vj1vZfbx5E8DloHc)3.jpg;https://ei.phncdn.com/videos/202606/29/53866145/original/(m=eaf8GgaaaWavb)(mh=vj1vZfbx5E8DloHc)4.jpg;https://ei.phncdn.com/videos/202606/29/53866145/original/(m=eaf8GgaaaWavb)(mh=vj1vZfbx5E8DloHc)5.jpg;https://ei.phncdn.com/videos/202606/29/53866145/original/(m=eaf8GgaaaWavb)(mh=vj1vZfbx5E8DloHc)6.jpg;https://ei.phncdn.com/videos/202606/29/53866145/original/(m=eaf8GgaaaWavb)(mh=vj1vZfbx5E8DloHc)7.jpg;https://ei.phncdn.com/videos/202606/29/53866145/original/(m=eaf8GgaaaWavb)(mh=vj1vZfbx5E8DloHc)8.jpg;https://ei.phncdn.com/videos/202606/29/53866145/original/(m=eaf8GgaaaWavb)(mh=vj1vZfbx5E8DloHc)9.jpg;https://ei.phncdn.com/videos/202606/29/53866145/original/(m=eaf8GgaaaWavb)(mh=vj1vZfbx5E8DloHc)10.jpg;https://ei.phncdn.com/videos/202606/29/53866145/original/(m=eaf8GgaaaWavb)(mh=vj1vZfbx5E8DloHc)11.jpg;https://ei.phncdn.com/videos/202606/29/53866145/original/(m=eaf8GgaaaWavb)(mh=vj1vZfbx5E8DloHc)12.jpg;https://ei.phncdn.com/videos/202606/29/53866145/original/(m=eaf8GgaaaWavb)(mh=vj1vZfbx5E8DloHc)13.jpg;https://ei.phncdn.com/videos/202606/29/53866145/original/(m=eaf8GgaaaWavb)(mh=vj1vZfbx5E8DloHc)14.jpg;https://ei.phncdn.com/videos/202606/29/53866145/original/(m=eaf8GgaaaWavb)(mh=vj1vZfbx5E8DloHc)15.jpg;https://ei.phncdn.com/videos/202606/29/53866145/original/(m=eaf8GgaaaWavb)(mh=vj1vZfbx5E8DloHc)16.jpg|Earth-Shaking Orgasm From INTENSE Pussy Licking|pussy-licking;pussy-licking-orgasm;pussy-eating;pussy-eating-orgasm;jim-nova;asmr-pussy-eating;asmr-pussy-licking;asmr;extreme-pussy-eating;pleasure-dom;loud-moaning-orgasm;girl-moaning;best-real-orgasm;alt-girl;goth-girl|Pussy Licking;Verified Amateurs;Female Orgasm;Romantic;Tattooed Women||933|1821|9|2|https://ei.phncdn.com/videos/202606/29/53866145/original/(m=eaAaGwObaaamqv)(mh=IwLCoaCBIr7K-ECM)12.jpg|https://ei.phncdn.com/videos/202606/29/53866145/original/(m=eaAaGwObaaamqv)(mh=IwLCoaCBIr7K-ECM)1.jpg;https://ei.phncdn.com/videos/202606/29/53866145/original/(m=eaAaGwObaaamqv)(mh=IwLCoaCBIr7K-ECM)2.jpg;https://ei.phncdn.com/videos/202606/29/53866145/original/(m=eaAaGwObaaamqv)(mh=IwLCoaCBIr7K-ECM)3.jpg;https://ei.phncdn.com/videos/202606/29/53866145/original/(m=eaAaGwObaaamqv)(mh=IwLCoaCBIr7K-ECM)4.jpg;https://ei.phncdn.com/videos/202606/29/53866145/original/(m=eaAaGwObaaamqv)(mh=IwLCoaCBIr7K-ECM)5.jpg;https://ei.phncdn.com/videos/202606/29/53866145/original/(m=eaAaGwObaaamqv)(mh=IwLCoaCBIr7K-ECM)6.jpg;https://ei.phncdn.com/videos/202606/29/53866145/original/(m=eaAaGwObaaamqv)(mh=IwLCoaCBIr7K-ECM)7.jpg;https://ei.phncdn.com/videos/202606/29/53866145/original/(m=eaAaGwObaaamqv)(mh=IwLCoaCBIr7K-ECM)8.jpg;https://ei.phncdn.com/videos/202606/29/53866145/original/(m=eaAaGwObaaamqv)(mh=IwLCoaCBIr7K-ECM)9.jpg;https://ei.phncdn.com/videos/202606/29/53866145/original/(m=eaAaGwObaaamqv)(mh=IwLCoaCBIr7K-ECM)10.jpg;https://ei.phncdn.com/videos/202606/29/53866145/original/(m=eaAaGwObaaamqv)(mh=IwLCoaCBIr7K-ECM)11.jpg;https://ei.phncdn.com/videos/202606/29/53866145/original/(m=eaAaGwObaaamqv)(mh=IwLCoaCBIr7K-ECM)12.jpg;https://ei.phncdn.com/videos/202606/29/53866145/original/(m=eaAaGwObaaamqv)(mh=IwLCoaCBIr7K-ECM)13.jpg;https://ei.phncdn.com/videos/202606/29/53866145/original/(m=eaAaGwObaaamqv)(mh=IwLCoaCBIr7K-ECM)14.jpg;https://ei.phncdn.com/videos/202606/29/53866145/original/(m=eaAaGwObaaamqv)(mh=IwLCoaCBIr7K-ECM)15.jpg;https://ei.phncdn.com/videos/202606/29/53866145/original/(m=eaAaGwObaaamqv)(mh=IwLCoaCBIr7K-ECM)16.jpg
<iframe src="https://www.pornhub.com/embed/6a42a6e7a0655" frameborder="0" height="481" width="608" scrolling="no"></iframe>|https://ei.phncdn.com/videos/202606/29/53867485/original/(m=eaf8GgaaaWavb)(mh=h4bf2EwvYuLF2jaZ)12.jpg|https://ei.phncdn.com/videos/202606/29/53867485/original/(m=eaf8GgaaaWavb)(mh=h4bf2EwvYuLF2jaZ)1.jpg;https://ei.phncdn.com/videos/202606/29/53867485/original/(m=eaf8GgaaaWavb)(mh=h4bf2EwvYuLF2jaZ)2.jpg;https://ei.phncdn.com/videos/202606/29/53867485/original/(m=eaf8GgaaaWavb)(mh=h4bf2EwvYuLF2jaZ)3.jpg;https://ei.phncdn.com/videos/202606/29/53867485/original/(m=eaf8GgaaaWavb)(mh=h4bf2EwvYuLF2jaZ)4.jpg;https://ei.phncdn.com/videos/202606/29/53867485/original/(m=eaf8GgaaaWavb)(mh=h4bf2EwvYuLF2jaZ)5.jpg;https://ei.phncdn.com/videos/202606/29/53867485/original/(m=eaf8GgaaaWavb)(mh=h4bf2EwvYuLF2jaZ)6.jpg;https://ei.phncdn.com/videos/202606/29/53867485/original/(m=eaf8GgaaaWavb)(mh=h4bf2EwvYuLF2jaZ)7.jpg;https://ei.phncdn.com/videos/202606/29/53867485/original/(m=eaf8GgaaaWavb)(mh=h4bf2EwvYuLF2jaZ)8.jpg;https://ei.phncdn.com/videos/202606/29/53867485/original/(m=eaf8GgaaaWavb)(mh=h4bf2EwvYuLF2jaZ)9.jpg;https://ei.phncdn.com/videos/202606/29/53867485/original/(m=eaf8GgaaaWavb)(mh=h4bf2EwvYuLF2jaZ)10.jpg;https://ei.phncdn.com/videos/202606/29/53867485/original/(m=eaf8GgaaaWavb)(mh=h4bf2EwvYuLF2jaZ)11.jpg;https://ei.phncdn.com/videos/202606/29/53867485/original/(m=eaf8GgaaaWavb)(mh=h4bf2EwvYuLF2jaZ)12.jpg;https://ei.phncdn.com/videos/202606/29/53867485/original/(m=eaf8GgaaaWavb)(mh=h4bf2EwvYuLF2jaZ)13.jpg;https://ei.phncdn.com/videos/202606/29/53867485/original/(m=eaf8GgaaaWavb)(mh=h4bf2EwvYuLF2jaZ)14.jpg;https://ei.phncdn.com/videos/202606/29/53867485/original/(m=eaf8GgaaaWavb)(mh=h4bf2EwvYuLF2jaZ)15.jpg;https://ei.phncdn.com/videos/202606/29/53867485/original/(m=eaf8GgaaaWavb)(mh=h4bf2EwvYuLF2jaZ)16.jpg|Making Love to Her Clit - Sensual Pussy Licking Orgasm|pussy-licking;pussy-licking-orgasm;pussy-eating;pussy-eating-orgasm;jim-nova;asmr-pussy-eating;asmr-pussy-licking;asmr;extreme-pussy-eating;pleasure-dom;female-pleasure;loud-moaning-orgasm;girl-moaning;best-real-orgasm;man-eating-pussy|Pussy Licking;Verified Amateurs;Female Orgasm;Romantic||603|11679|43|4|https://ei.phncdn.com/videos/202606/29/53867485/original/(m=eaAaGwObaaamqv)(mh=q1w62gjQT3BHUcMa)12.jpg|https://ei.phncdn.com/videos/202606/29/53867485/original/(m=eaAaGwObaaamqv)(mh=q1w62gjQT3BHUcMa)1.jpg;https://ei.phncdn.com/videos/202606/29/53867485/original/(m=eaAaGwObaaamqv)(mh=q1w62gjQT3BHUcMa)2.jpg;https://ei.phncdn.com/videos/202606/29/53867485/original/(m=eaAaGwObaaamqv)(mh=q1w62gjQT3BHUcMa)3.jpg;https://ei.phncdn.com/videos/202606/29/53867485/original/(m=eaAaGwObaaamqv)(mh=q1w62gjQT3BHUcMa)4.jpg;https://ei.phncdn.com/videos/202606/29/53867485/original/(m=eaAaGwObaaamqv)(mh=q1w62gjQT3BHUcMa)5.jpg;https://ei.phncdn.com/videos/202606/29/53867485/original/(m=eaAaGwObaaamqv)(mh=q1w62gjQT3BHUcMa)6.jpg;https://ei.phncdn.com/videos/202606/29/53867485/original/(m=eaAaGwObaaamqv)(mh=q1w62gjQT3BHUcMa)7.jpg;https://ei.phncdn.com/videos/202606/29/53867485/original/(m=eaAaGwObaaamqv)(mh=q1w62gjQT3BHUcMa)8.jpg;https://ei.phncdn.com/videos/202606/29/53867485/original/(m=eaAaGwObaaamqv)(mh=q1w62gjQT3BHUcMa)9.jpg;https://ei.phncdn.com/videos/202606/29/53867485/original/(m=eaAaGwObaaamqv)(mh=q1w62gjQT3BHUcMa)10.jpg;https://ei.phncdn.com/videos/202606/29/53867485/original/(m=eaAaGwObaaamqv)(mh=q1w62gjQT3BHUcMa)11.jpg;https://ei.phncdn.com/videos/202606/29/53867485/original/(m=eaAaGwObaaamqv)(mh=q1w62gjQT3BHUcMa)12.jpg;https://ei.phncdn.com/videos/202606/29/53867485/original/(m=eaAaGwObaaamqv)(mh=q1w62gjQT3BHUcMa)13.jpg;https://ei.phncdn.com/videos/202606/29/53867485/original/(m=eaAaGwObaaamqv)(mh=q1w62gjQT3BHUcMa)14.jpg;https://ei.phncdn.com/videos/202606/29/53867485/original/(m=eaAaGwObaaamqv)(mh=q1w62gjQT3BHUcMa)15.jpg;https://ei.phncdn.com/videos/202606/29/53867485/original/(m=eaAaGwObaaamqv)(mh=q1w62gjQT3BHUcMa)16.jpg
