embed_html|thumbnail|thumbnail_sequence|title|tags|categories|performer|duration_seconds|views|source_metric_1|source_metric_2|thumbnail_large|thumbnail_sequence_large
<iframe src="https://www.pornhub.com/embed/776022463" frameborder="0" height="481" width="608" scrolling="no"></iframe>|https://ei.phncdn.com/videos/201505/12/48912181/original/(m=eaf8GgaaaWavb)(mh=LfeHLJ2wffOe9Pya)0.jpg|https://ei.phncdn.com/videos/201505/12/48912181/original/(m=eaf8GgaaaWavb)(mh=LfeHLJ2wffOe9Pya)1.jpg;https://ei.phncdn.com/videos/201505/12/48912181/original/(m=eaf8GgaaaWavb)(mh=LfeHLJ2wffOe9Pya)2.jpg;https://ei.phncdn.com/videos/201505/12/48912181/original/(m=eaf8GgaaaWavb)(mh=LfeHLJ2wffOe9Pya)3.jpg;https://ei.phncdn.com/videos/201505/12/48912181/original/(m=eaf8GgaaaWavb)(mh=LfeHLJ2wffOe9Pya)4.jpg;https://ei.phncdn.com/videos/201505/12/48912181/original/(m=eaf8GgaaaWavb)(mh=LfeHLJ2wffOe9Pya)5.jpg;https://ei.phncdn.com/videos/201505/12/48912181/original/(m=eaf8GgaaaWavb)(mh=LfeHLJ2wffOe9Pya)6.jpg;https://ei.phncdn.com/videos/201505/12/48912181/original/(m=eaf8GgaaaWavb)(mh=LfeHLJ2wffOe9Pya)7.jpg;https://ei.phncdn.com/videos/201505/12/48912181/original/(m=eaf8GgaaaWavb)(mh=LfeHLJ2wffOe9Pya)8.jpg;https://ei.phncdn.com/videos/201505/12/48912181/original/(m=eaf8GgaaaWavb)(mh=LfeHLJ2wffOe9Pya)9.jpg;https://ei.phncdn.com/videos/201505/12/48912181/original/(m=eaf8GgaaaWavb)(mh=LfeHLJ2wffOe9Pya)10.jpg;https://ei.phncdn.com/videos/201505/12/48912181/original/(m=eaf8GgaaaWavb)(mh=LfeHLJ2wffOe9Pya)11.jpg;https://ei.phncdn.com/videos/201505/12/48912181/original/(m=eaf8GgaaaWavb)(mh=LfeHLJ2wffOe9Pya)12.jpg;https://ei.phncdn.com/videos/201505/12/48912181/original/(m=eaf8GgaaaWavb)(mh=LfeHLJ2wffOe9Pya)13.jpg;https://ei.phncdn.com/videos/201505/12/48912181/original/(m=eaf8GgaaaWavb)(mh=LfeHLJ2wffOe9Pya)14.jpg;https://ei.phncdn.com/videos/201505/12/48912181/original/(m=eaf8GgaaaWavb)(mh=LfeHLJ2wffOe9Pya)15.jpg;https://ei.phncdn.com/videos/201505/12/48912181/original/(m=eaf8GgaaaWavb)(mh=LfeHLJ2wffOe9Pya)16.jpg|Jordan Royale - Pornhub Anthem - Music Video|pornhubrecords;contest;jordan-royale;music-video;music;pornhub-anthem|Music||190|257534|501|332|https://ei.phncdn.com/videos/201505/12/48912181/original/(m=eaAaGwObaaamqv)(mh=JAwTZZ2jpfaHN8zi)0.jpg|https://ei.phncdn.com/videos/201505/12/48912181/original/(m=eaAaGwObaaamqv)(mh=JAwTZZ2jpfaHN8zi)1.jpg;https://ei.phncdn.com/videos/201505/12/48912181/original/(m=eaAaGwObaaamqv)(mh=JAwTZZ2jpfaHN8zi)2.jpg;https://ei.phncdn.com/videos/201505/12/48912181/original/(m=eaAaGwObaaamqv)(mh=JAwTZZ2jpfaHN8zi)3.jpg;https://ei.phncdn.com/videos/201505/12/48912181/original/(m=eaAaGwObaaamqv)(mh=JAwTZZ2jpfaHN8zi)4.jpg;https://ei.phncdn.com/videos/201505/12/48912181/original/(m=eaAaGwObaaamqv)(mh=JAwTZZ2jpfaHN8zi)5.jpg;https://ei.phncdn.com/videos/201505/12/48912181/original/(m=eaAaGwObaaamqv)(mh=JAwTZZ2jpfaHN8zi)6.jpg;https://ei.phncdn.com/videos/201505/12/48912181/original/(m=eaAaGwObaaamqv)(mh=JAwTZZ2jpfaHN8zi)7.jpg;https://ei.phncdn.com/videos/201505/12/48912181/original/(m=eaAaGwObaaamqv)(mh=JAwTZZ2jpfaHN8zi)8.jpg;https://ei.phncdn.com/videos/201505/12/48912181/original/(m=eaAaGwObaaamqv)(mh=JAwTZZ2jpfaHN8zi)9.jpg;https://ei.phncdn.com/videos/201505/12/48912181/original/(m=eaAaGwObaaamqv)(mh=JAwTZZ2jpfaHN8zi)10.jpg;https://ei.phncdn.com/videos/201505/12/48912181/original/(m=eaAaGwObaaamqv)(mh=JAwTZZ2jpfaHN8zi)11.jpg;https://ei.phncdn.com/videos/201505/12/48912181/original/(m=eaAaGwObaaamqv)(mh=JAwTZZ2jpfaHN8zi)12.jpg;https://ei.phncdn.com/videos/201505/12/48912181/original/(m=eaAaGwObaaamqv)(mh=JAwTZZ2jpfaHN8zi)13.jpg;https://ei.phncdn.com/videos/201505/12/48912181/original/(m=eaAaGwObaaamqv)(mh=JAwTZZ2jpfaHN8zi)14.jpg;https://ei.phncdn.com/videos/201505/12/48912181/original/(m=eaAaGwObaaamqv)(mh=JAwTZZ2jpfaHN8zi)15.jpg;https://ei.phncdn.com/videos/201505/12/48912181/original/(m=eaAaGwObaaamqv)(mh=JAwTZZ2jpfaHN8zi)16.jpg
<iframe src="https://www.pornhub.com/embed/ph5947c5188d08d" frameborder="0" height="481" width="608" scrolling="no"></iframe>|https://ei.phncdn.com/videos/201706/19/121053242/original/(m=eaf8GgaaaWavb)(mh=oe7AbnCYA8hz2VGi)1.jpg|https://ei.phncdn.com/videos/201706/19/121053242/original/(m=eaf8GgaaaWavb)(mh=oe7AbnCYA8hz2VGi)1.jpg;https://ei.phncdn.com/videos/201706/19/121053242/original/(m=eaf8GgaaaWavb)(mh=oe7AbnCYA8hz2VGi)2.jpg;https://ei.phncdn.com/videos/201706/19/121053242/original/(m=eaf8GgaaaWavb)(mh=oe7AbnCYA8hz2VGi)3.jpg;https://ei.phncdn.com/videos/201706/19/121053242/original/(m=eaf8GgaaaWavb)(mh=oe7AbnCYA8hz2VGi)4.jpg;https://ei.phncdn.com/videos/201706/19/121053242/original/(m=eaf8GgaaaWavb)(mh=oe7AbnCYA8hz2VGi)5.jpg;https://ei.phncdn.com/videos/201706/19/121053242/original/(m=eaf8GgaaaWavb)(mh=oe7AbnCYA8hz2VGi)6.jpg;https://ei.phncdn.com/videos/201706/19/121053242/original/(m=eaf8GgaaaWavb)(mh=oe7AbnCYA8hz2VGi)7.jpg;https://ei.phncdn.com/videos/201706/19/121053242/original/(m=eaf8GgaaaWavb)(mh=oe7AbnCYA8hz2VGi)8.jpg;https://ei.phncdn.com/videos/201706/19/121053242/original/(m=eaf8GgaaaWavb)(mh=oe7AbnCYA8hz2VGi)9.jpg;https://ei.phncdn.com/videos/201706/19/121053242/original/(m=eaf8GgaaaWavb)(mh=oe7AbnCYA8hz2VGi)10.jpg;https://ei.phncdn.com/videos/201706/19/121053242/original/(m=eaf8GgaaaWavb)(mh=oe7AbnCYA8hz2VGi)11.jpg;https://ei.phncdn.com/videos/201706/19/121053242/original/(m=eaf8GgaaaWavb)(mh=oe7AbnCYA8hz2VGi)12.jpg;https://ei.phncdn.com/videos/201706/19/121053242/original/(m=eaf8GgaaaWavb)(mh=oe7AbnCYA8hz2VGi)13.jpg;https://ei.phncdn.com/videos/201706/19/121053242/original/(m=eaf8GgaaaWavb)(mh=oe7AbnCYA8hz2VGi)14.jpg;https://ei.phncdn.com/videos/201706/19/121053242/original/(m=eaf8GgaaaWavb)(mh=oe7AbnCYA8hz2VGi)15.jpg;https://ei.phncdn.com/videos/201706/19/121053242/original/(m=eaf8GgaaaWavb)(mh=oe7AbnCYA8hz2VGi)16.jpg|Owl City Fireflies Ear Fuck|fireflies;owl-city;ear-fuck;cum-in-3-seconds;music;song;eyes|Music;SFW||233|97823|552|385|https://ei.phncdn.com/videos/201706/19/121053242/original/(m=eaAaGwObaaamqv)(mh=JgRznfjTFbaBz9F9)1.jpg|https://ei.phncdn.com/videos/201706/19/121053242/original/(m=eaAaGwObaaamqv)(mh=JgRznfjTFbaBz9F9)1.jpg;https://ei.phncdn.com/videos/201706/19/121053242/original/(m=eaAaGwObaaamqv)(mh=JgRznfjTFbaBz9F9)2.jpg;https://ei.phncdn.com/videos/201706/19/121053242/original/(m=eaAaGwObaaamqv)(mh=JgRznfjTFbaBz9F9)3.jpg;https://ei.phncdn.com/videos/201706/19/121053242/original/(m=eaAaGwObaaamqv)(mh=JgRznfjTFbaBz9F9)4.jpg;https://ei.phncdn.com/videos/201706/19/121053242/original/(m=eaAaGwObaaamqv)(mh=JgRznfjTFbaBz9F9)5.jpg;https://ei.phncdn.com/videos/201706/19/121053242/original/(m=eaAaGwObaaamqv)(mh=JgRznfjTFbaBz9F9)6.jpg;https://ei.phncdn.com/videos/201706/19/121053242/original/(m=eaAaGwObaaamqv)(mh=JgRznfjTFbaBz9F9)7.jpg;https://ei.phncdn.com/videos/201706/19/121053242/original/(m=eaAaGwObaaamqv)(mh=JgRznfjTFbaBz9F9)8.jpg;https://ei.phncdn.com/videos/201706/19/121053242/original/(m=eaAaGwObaaamqv)(mh=JgRznfjTFbaBz9F9)9.jpg;https://ei.phncdn.com/videos/201706/19/121053242/original/(m=eaAaGwObaaamqv)(mh=JgRznfjTFbaBz9F9)10.jpg;https://ei.phncdn.com/videos/201706/19/121053242/original/(m=eaAaGwObaaamqv)(mh=JgRznfjTFbaBz9F9)11.jpg;https://ei.phncdn.com/videos/201706/19/121053242/original/(m=eaAaGwObaaamqv)(mh=JgRznfjTFbaBz9F9)12.jpg;https://ei.phncdn.com/videos/201706/19/121053242/original/(m=eaAaGwObaaamqv)(mh=JgRznfjTFbaBz9F9)13.jpg;https://ei.phncdn.com/videos/201706/19/121053242/original/(m=eaAaGwObaaamqv)(mh=JgRznfjTFbaBz9F9)14.jpg;https://ei.phncdn.com/videos/201706/19/121053242/original/(m=eaAaGwObaaamqv)(mh=JgRznfjTFbaBz9F9)15.jpg;https://ei.phncdn.com/videos/201706/19/121053242/original/(m=eaAaGwObaaamqv)(mh=JgRznfjTFbaBz9F9)16.jpg
<iframe src="https://www.pornhub.com/embed/ph5b020ce560e5b" frameborder="0" height="481" width="608" scrolling="no"></iframe>|https://ei.phncdn.com/videos/201805/21/167029092/original/(m=eaf8GgaaaWavb)(mh=Dhiavc5NrRuxyuvg)7.jpg|https://ei.phncdn.com/videos/201805/21/167029092/original/(m=eaf8GgaaaWavb)(mh=Dhiavc5NrRuxyuvg)1.jpg;https://ei.phncdn.com/videos/201805/21/167029092/original/(m=eaf8GgaaaWavb)(mh=Dhiavc5NrRuxyuvg)2.jpg;https://ei.phncdn.com/videos/201805/21/167029092/original/(m=eaf8GgaaaWavb)(mh=Dhiavc5NrRuxyuvg)3.jpg;https://ei.phncdn.com/videos/201805/21/167029092/original/(m=eaf8GgaaaWavb)(mh=Dhiavc5NrRuxyuvg)4.jpg;https://ei.phncdn.com/videos/201805/21/167029092/original/(m=eaf8GgaaaWavb)(mh=Dhiavc5NrRuxyuvg)5.jpg;https://ei.phncdn.com/videos/201805/21/167029092/original/(m=eaf8GgaaaWavb)(mh=Dhiavc5NrRuxyuvg)6.jpg;https://ei.phncdn.com/videos/201805/21/167029092/original/(m=eaf8GgaaaWavb)(mh=Dhiavc5NrRuxyuvg)7.jpg;https://ei.phncdn.com/videos/201805/21/167029092/original/(m=eaf8GgaaaWavb)(mh=Dhiavc5NrRuxyuvg)8.jpg;https://ei.phncdn.com/videos/201805/21/167029092/original/(m=eaf8GgaaaWavb)(mh=Dhiavc5NrRuxyuvg)9.jpg;https://ei.phncdn.com/videos/201805/21/167029092/original/(m=eaf8GgaaaWavb)(mh=Dhiavc5NrRuxyuvg)10.jpg;https://ei.phncdn.com/videos/201805/21/167029092/original/(m=eaf8GgaaaWavb)(mh=Dhiavc5NrRuxyuvg)11.jpg;https://ei.phncdn.com/videos/201805/21/167029092/original/(m=eaf8GgaaaWavb)(mh=Dhiavc5NrRuxyuvg)12.jpg;https://ei.phncdn.com/videos/201805/21/167029092/original/(m=eaf8GgaaaWavb)(mh=Dhiavc5NrRuxyuvg)13.jpg;https://ei.phncdn.com/videos/201805/21/167029092/original/(m=eaf8GgaaaWavb)(mh=Dhiavc5NrRuxyuvg)14.jpg;https://ei.phncdn.com/videos/201805/21/167029092/original/(m=eaf8GgaaaWavb)(mh=Dhiavc5NrRuxyuvg)15.jpg;https://ei.phncdn.com/videos/201805/21/167029092/original/(m=eaf8GgaaaWavb)(mh=Dhiavc5NrRuxyuvg)16.jpg|Vixen|twerk;big-ass|Music;Verified Amateurs;Solo Female||57|402|2|4|https://ei.phncdn.com/videos/201805/21/167029092/original/(m=eaAaGwObaaamqv)(mh=8OH6F8cP6wsZa6n-)7.jpg|https://ei.phncdn.com/videos/201805/21/167029092/original/(m=eaAaGwObaaamqv)(mh=8OH6F8cP6wsZa6n-)1.jpg;https://ei.phncdn.com/videos/201805/21/167029092/original/(m=eaAaGwObaaamqv)(mh=8OH6F8cP6wsZa6n-)2.jpg;https://ei.phncdn.com/videos/201805/21/167029092/original/(m=eaAaGwObaaamqv)(mh=8OH6F8cP6wsZa6n-)3.jpg;https://ei.phncdn.com/videos/201805/21/167029092/original/(m=eaAaGwObaaamqv)(mh=8OH6F8cP6wsZa6n-)4.jpg;https://ei.phncdn.com/videos/201805/21/167029092/original/(m=eaAaGwObaaamqv)(mh=8OH6F8cP6wsZa6n-)5.jpg;https://ei.phncdn.com/videos/201805/21/167029092/original/(m=eaAaGwObaaamqv)(mh=8OH6F8cP6wsZa6n-)6.jpg;https://ei.phncdn.com/videos/201805/21/167029092/original/(m=eaAaGwObaaamqv)(mh=8OH6F8cP6wsZa6n-)7.jpg;https://ei.phncdn.com/videos/201805/21/167029092/original/(m=eaAaGwObaaamqv)(mh=8OH6F8cP6wsZa6n-)8.jpg;https://ei.phncdn.com/videos/201805/21/167029092/original/(m=eaAaGwObaaamqv)(mh=8OH6F8cP6wsZa6n-)9.jpg;https://ei.phncdn.com/videos/201805/21/167029092/original/(m=eaAaGwObaaamqv)(mh=8OH6F8cP6wsZa6n-)10.jpg;https://ei.phncdn.com/videos/201805/21/167029092/original/(m=eaAaGwObaaamqv)(mh=8OH6F8cP6wsZa6n-)11.jpg;https://ei.phncdn.com/videos/201805/21/167029092/original/(m=eaAaGwObaaamqv)(mh=8OH6F8cP6wsZa6n-)12.jpg;https://ei.phncdn.com/videos/201805/21/167029092/original/(m=eaAaGwObaaamqv)(mh=8OH6F8cP6wsZa6n-)13.jpg;https://ei.phncdn.com/videos/201805/21/167029092/original/(m=eaAaGwObaaamqv)(mh=8OH6F8cP6wsZa6n-)14.jpg;https://ei.phncdn.com/videos/201805/21/167029092/original/(m=eaAaGwObaaamqv)(mh=8OH6F8cP6wsZa6n-)15.jpg;https://ei.phncdn.com/videos/201805/21/167029092/original/(m=eaAaGwObaaamqv)(mh=8OH6F8cP6wsZa6n-)16.jpg
<iframe src="https://www.pornhub.com/embed/ph5c1b9f5079867" frameborder="0" height="481" width="608" scrolling="no"></iframe>|https://ei.phncdn.com/videos/201812/20/197662801/original/(m=eaf8GgaaaWavb)(mh=CL7DZ-6hgr9iDf8C)6.jpg|https://ei.phncdn.com/videos/201812/20/197662801/original/(m=eaf8GgaaaWavb)(mh=CL7DZ-6hgr9iDf8C)1.jpg;https://ei.phncdn.com/videos/201812/20/197662801/original/(m=eaf8GgaaaWavb)(mh=CL7DZ-6hgr9iDf8C)2.jpg;https://ei.phncdn.com/videos/201812/20/197662801/original/(m=eaf8GgaaaWavb)(mh=CL7DZ-6hgr9iDf8C)3.jpg;https://ei.phncdn.com/videos/201812/20/197662801/original/(m=eaf8GgaaaWavb)(mh=CL7DZ-6hgr9iDf8C)4.jpg;https://ei.phncdn.com/videos/201812/20/197662801/original/(m=eaf8GgaaaWavb)(mh=CL7DZ-6hgr9iDf8C)5.jpg;https://ei.phncdn.com/videos/201812/20/197662801/original/(m=eaf8GgaaaWavb)(mh=CL7DZ-6hgr9iDf8C)6.jpg;https://ei.phncdn.com/videos/201812/20/197662801/original/(m=eaf8GgaaaWavb)(mh=CL7DZ-6hgr9iDf8C)7.jpg;https://ei.phncdn.com/videos/201812/20/197662801/original/(m=eaf8GgaaaWavb)(mh=CL7DZ-6hgr9iDf8C)8.jpg;https://ei.phncdn.com/videos/201812/20/197662801/original/(m=eaf8GgaaaWavb)(mh=CL7DZ-6hgr9iDf8C)9.jpg;https://ei.phncdn.com/videos/201812/20/197662801/original/(m=eaf8GgaaaWavb)(mh=CL7DZ-6hgr9iDf8C)10.jpg;https://ei.phncdn.com/videos/201812/20/197662801/original/(m=eaf8GgaaaWavb)(mh=CL7DZ-6hgr9iDf8C)11.jpg;https://ei.phncdn.com/videos/201812/20/197662801/original/(m=eaf8GgaaaWavb)(mh=CL7DZ-6hgr9iDf8C)12.jpg;https://ei.phncdn.com/videos/201812/20/197662801/original/(m=eaf8GgaaaWavb)(mh=CL7DZ-6hgr9iDf8C)13.jpg;https://ei.phncdn.com/videos/201812/20/197662801/original/(m=eaf8GgaaaWavb)(mh=CL7DZ-6hgr9iDf8C)14.jpg;https://ei.phncdn.com/videos/201812/20/197662801/original/(m=eaf8GgaaaWavb)(mh=CL7DZ-6hgr9iDf8C)15.jpg;https://ei.phncdn.com/videos/201812/20/197662801/original/(m=eaf8GgaaaWavb)(mh=CL7DZ-6hgr9iDf8C)16.jpg|Happy Holidays from Pornhub Premium|pornhubtv;pornhub-premium;commercial;christmas;holiday;gift;musical|Music;Parody||119|2759|15|5|https://ei.phncdn.com/videos/201812/20/197662801/original/(m=eaAaGwObaaamqv)(mh=7LoPWo8bl9AWzWbv)6.jpg|https://ei.phncdn.com/videos/201812/20/197662801/original/(m=eaAaGwObaaamqv)(mh=7LoPWo8bl9AWzWbv)1.jpg;https://ei.phncdn.com/videos/201812/20/197662801/original/(m=eaAaGwObaaamqv)(mh=7LoPWo8bl9AWzWbv)2.jpg;https://ei.phncdn.com/videos/201812/20/197662801/original/(m=eaAaGwObaaamqv)(mh=7LoPWo8bl9AWzWbv)3.jpg;https://ei.phncdn.com/videos/201812/20/197662801/original/(m=eaAaGwObaaamqv)(mh=7LoPWo8bl9AWzWbv)4.jpg;https://ei.phncdn.com/videos/201812/20/197662801/original/(m=eaAaGwObaaamqv)(mh=7LoPWo8bl9AWzWbv)5.jpg;https://ei.phncdn.com/videos/201812/20/197662801/original/(m=eaAaGwObaaamqv)(mh=7LoPWo8bl9AWzWbv)6.jpg;https://ei.phncdn.com/videos/201812/20/197662801/original/(m=eaAaGwObaaamqv)(mh=7LoPWo8bl9AWzWbv)7.jpg;https://ei.phncdn.com/videos/201812/20/197662801/original/(m=eaAaGwObaaamqv)(mh=7LoPWo8bl9AWzWbv)8.jpg;https://ei.phncdn.com/videos/201812/20/197662801/original/(m=eaAaGwObaaamqv)(mh=7LoPWo8bl9AWzWbv)9.jpg;https://ei.phncdn.com/videos/201812/20/197662801/original/(m=eaAaGwObaaamqv)(mh=7LoPWo8bl9AWzWbv)10.jpg;https://ei.phncdn.com/videos/201812/20/197662801/original/(m=eaAaGwObaaamqv)(mh=7LoPWo8bl9AWzWbv)11.jpg;https://ei.phncdn.com/videos/201812/20/197662801/original/(m=eaAaGwObaaamqv)(mh=7LoPWo8bl9AWzWbv)12.jpg;https://ei.phncdn.com/videos/201812/20/197662801/original/(m=eaAaGwObaaamqv)(mh=7LoPWo8bl9AWzWbv)13.jpg;https://ei.phncdn.com/videos/201812/20/197662801/original/(m=eaAaGwObaaamqv)(mh=7LoPWo8bl9AWzWbv)14.jpg;https://ei.phncdn.com/videos/201812/20/197662801/original/(m=eaAaGwObaaamqv)(mh=7LoPWo8bl9AWzWbv)15.jpg;https://ei.phncdn.com/videos/201812/20/197662801/original/(m=eaAaGwObaaamqv)(mh=7LoPWo8bl9AWzWbv)16.jpg
<iframe src="https://www.pornhub.com/embed/5c537861bcac2" frameborder="0" height="481" width="608" scrolling="no"></iframe>|https://ei.phncdn.com/videos/201901/31/205026641/original/(m=eaf8GgaaaWavb)(mh=DgWIkFZXOvuBhwC6)4.jpg|https://ei.phncdn.com/videos/201901/31/205026641/original/(m=eaf8GgaaaWavb)(mh=DgWIkFZXOvuBhwC6)1.jpg;https://ei.phncdn.com/videos/201901/31/205026641/original/(m=eaf8GgaaaWavb)(mh=DgWIkFZXOvuBhwC6)2.jpg;https://ei.phncdn.com/videos/201901/31/205026641/original/(m=eaf8GgaaaWavb)(mh=DgWIkFZXOvuBhwC6)3.jpg;https://ei.phncdn.com/videos/201901/31/205026641/original/(m=eaf8GgaaaWavb)(mh=DgWIkFZXOvuBhwC6)4.jpg;https://ei.phncdn.com/videos/201901/31/205026641/original/(m=eaf8GgaaaWavb)(mh=DgWIkFZXOvuBhwC6)5.jpg;https://ei.phncdn.com/videos/201901/31/205026641/original/(m=eaf8GgaaaWavb)(mh=DgWIkFZXOvuBhwC6)6.jpg;https://ei.phncdn.com/videos/201901/31/205026641/original/(m=eaf8GgaaaWavb)(mh=DgWIkFZXOvuBhwC6)7.jpg;https://ei.phncdn.com/videos/201901/31/205026641/original/(m=eaf8GgaaaWavb)(mh=DgWIkFZXOvuBhwC6)8.jpg;https://ei.phncdn.com/videos/201901/31/205026641/original/(m=eaf8GgaaaWavb)(mh=DgWIkFZXOvuBhwC6)9.jpg;https://ei.phncdn.com/videos/201901/31/205026641/original/(m=eaf8GgaaaWavb)(mh=DgWIkFZXOvuBhwC6)10.jpg;https://ei.phncdn.com/videos/201901/31/205026641/original/(m=eaf8GgaaaWavb)(mh=DgWIkFZXOvuBhwC6)11.jpg;https://ei.phncdn.com/videos/201901/31/205026641/original/(m=eaf8GgaaaWavb)(mh=DgWIkFZXOvuBhwC6)12.jpg;https://ei.phncdn.com/videos/201901/31/205026641/original/(m=eaf8GgaaaWavb)(mh=DgWIkFZXOvuBhwC6)13.jpg;https://ei.phncdn.com/videos/201901/31/205026641/original/(m=eaf8GgaaaWavb)(mh=DgWIkFZXOvuBhwC6)14.jpg;https://ei.phncdn.com/videos/201901/31/205026641/original/(m=eaf8GgaaaWavb)(mh=DgWIkFZXOvuBhwC6)15.jpg;https://ei.phncdn.com/videos/201901/31/205026641/original/(m=eaf8GgaaaWavb)(mh=DgWIkFZXOvuBhwC6)16.jpg|Ebony With Huge Natural Tits Enjoys Shower Fun|ebony;ebony-teen;big-tits;big-nipples-teen;big-nipples;fat-ass;bbw;ebony-bbw;big-natural-tits;shower;shower-sex|Music;Verified Amateurs;Solo Female||42|57|7|0|https://ei.phncdn.com/videos/201901/31/205026641/original/(m=eaAaGwObaaamqv)(mh=WEN9KIiQLFTQrs5D)4.jpg|https://ei.phncdn.com/videos/201901/31/205026641/original/(m=eaAaGwObaaamqv)(mh=WEN9KIiQLFTQrs5D)1.jpg;https://ei.phncdn.com/videos/201901/31/205026641/original/(m=eaAaGwObaaamqv)(mh=WEN9KIiQLFTQrs5D)2.jpg;https://ei.phncdn.com/videos/201901/31/205026641/original/(m=eaAaGwObaaamqv)(mh=WEN9KIiQLFTQrs5D)3.jpg;https://ei.phncdn.com/videos/201901/31/205026641/original/(m=eaAaGwObaaamqv)(mh=WEN9KIiQLFTQrs5D)4.jpg;https://ei.phncdn.com/videos/201901/31/205026641/original/(m=eaAaGwObaaamqv)(mh=WEN9KIiQLFTQrs5D)5.jpg;https://ei.phncdn.com/videos/201901/31/205026641/original/(m=eaAaGwObaaamqv)(mh=WEN9KIiQLFTQrs5D)6.jpg;https://ei.phncdn.com/videos/201901/31/205026641/original/(m=eaAaGwObaaamqv)(mh=WEN9KIiQLFTQrs5D)7.jpg;https://ei.phncdn.com/videos/201901/31/205026641/original/(m=eaAaGwObaaamqv)(mh=WEN9KIiQLFTQrs5D)8.jpg;https://ei.phncdn.com/videos/201901/31/205026641/original/(m=eaAaGwObaaamqv)(mh=WEN9KIiQLFTQrs5D)9.jpg;https://ei.phncdn.com/videos/201901/31/205026641/original/(m=eaAaGwObaaamqv)(mh=WEN9KIiQLFTQrs5D)10.jpg;https://ei.phncdn.com/videos/201901/31/205026641/original/(m=eaAaGwObaaamqv)(mh=WEN9KIiQLFTQrs5D)11.jpg;https://ei.phncdn.com/videos/201901/31/205026641/original/(m=eaAaGwObaaamqv)(mh=WEN9KIiQLFTQrs5D)12.jpg;https://ei.phncdn.com/videos/201901/31/205026641/original/(m=eaAaGwObaaamqv)(mh=WEN9KIiQLFTQrs5D)13.jpg;https://ei.phncdn.com/videos/201901/31/205026641/original/(m=eaAaGwObaaamqv)(mh=WEN9KIiQLFTQrs5D)14.jpg;https://ei.phncdn.com/videos/201901/31/205026641/original/(m=eaAaGwObaaamqv)(mh=WEN9KIiQLFTQrs5D)15.jpg;https://ei.phncdn.com/videos/201901/31/205026641/original/(m=eaAaGwObaaamqv)(mh=WEN9KIiQLFTQrs5D)16.jpg
<iframe src="https://www.pornhub.com/embed/5ce82e6c987e3" frameborder="0" height="481" width="608" scrolling="no"></iframe>|https://ei.phncdn.com/videos/201905/24/225481761/original/(m=eaf8GgaaaWavb)(mh=elY01bF1td-qF_2R)9.jpg|https://ei.phncdn.com/videos/201905/24/225481761/original/(m=eaf8GgaaaWavb)(mh=elY01bF1td-qF_2R)1.jpg;https://ei.phncdn.com/videos/201905/24/225481761/original/(m=eaf8GgaaaWavb)(mh=elY01bF1td-qF_2R)2.jpg;https://ei.phncdn.com/videos/201905/24/225481761/original/(m=eaf8GgaaaWavb)(mh=elY01bF1td-qF_2R)3.jpg;https://ei.phncdn.com/videos/201905/24/225481761/original/(m=eaf8GgaaaWavb)(mh=elY01bF1td-qF_2R)4.jpg;https://ei.phncdn.com/videos/201905/24/225481761/original/(m=eaf8GgaaaWavb)(mh=elY01bF1td-qF_2R)5.jpg;https://ei.phncdn.com/videos/201905/24/225481761/original/(m=eaf8GgaaaWavb)(mh=elY01bF1td-qF_2R)6.jpg;https://ei.phncdn.com/videos/201905/24/225481761/original/(m=eaf8GgaaaWavb)(mh=elY01bF1td-qF_2R)7.jpg;https://ei.phncdn.com/videos/201905/24/225481761/original/(m=eaf8GgaaaWavb)(mh=elY01bF1td-qF_2R)8.jpg;https://ei.phncdn.com/videos/201905/24/225481761/original/(m=eaf8GgaaaWavb)(mh=elY01bF1td-qF_2R)9.jpg;https://ei.phncdn.com/videos/201905/24/225481761/original/(m=eaf8GgaaaWavb)(mh=elY01bF1td-qF_2R)10.jpg;https://ei.phncdn.com/videos/201905/24/225481761/original/(m=eaf8GgaaaWavb)(mh=elY01bF1td-qF_2R)11.jpg;https://ei.phncdn.com/videos/201905/24/225481761/original/(m=eaf8GgaaaWavb)(mh=elY01bF1td-qF_2R)12.jpg;https://ei.phncdn.com/videos/201905/24/225481761/original/(m=eaf8GgaaaWavb)(mh=elY01bF1td-qF_2R)13.jpg;https://ei.phncdn.com/videos/201905/24/225481761/original/(m=eaf8GgaaaWavb)(mh=elY01bF1td-qF_2R)14.jpg;https://ei.phncdn.com/videos/201905/24/225481761/original/(m=eaf8GgaaaWavb)(mh=elY01bF1td-qF_2R)15.jpg;https://ei.phncdn.com/videos/201905/24/225481761/original/(m=eaf8GgaaaWavb)(mh=elY01bF1td-qF_2R)16.jpg|Black boots|ebony;stripper|Music;Verified Amateurs;Solo Female||15|7|||https://ei.phncdn.com/videos/201905/24/225481761/original/(m=eaAaGwObaaamqv)(mh=NguNhv-FSmVNznLP)9.jpg|https://ei.phncdn.com/videos/201905/24/225481761/original/(m=eaAaGwObaaamqv)(mh=NguNhv-FSmVNznLP)1.jpg;https://ei.phncdn.com/videos/201905/24/225481761/original/(m=eaAaGwObaaamqv)(mh=NguNhv-FSmVNznLP)2.jpg;https://ei.phncdn.com/videos/201905/24/225481761/original/(m=eaAaGwObaaamqv)(mh=NguNhv-FSmVNznLP)3.jpg;https://ei.phncdn.com/videos/201905/24/225481761/original/(m=eaAaGwObaaamqv)(mh=NguNhv-FSmVNznLP)4.jpg;https://ei.phncdn.com/videos/201905/24/225481761/original/(m=eaAaGwObaaamqv)(mh=NguNhv-FSmVNznLP)5.jpg;https://ei.phncdn.com/videos/201905/24/225481761/original/(m=eaAaGwObaaamqv)(mh=NguNhv-FSmVNznLP)6.jpg;https://ei.phncdn.com/videos/201905/24/225481761/original/(m=eaAaGwObaaamqv)(mh=NguNhv-FSmVNznLP)7.jpg;https://ei.phncdn.com/videos/201905/24/225481761/original/(m=eaAaGwObaaamqv)(mh=NguNhv-FSmVNznLP)8.jpg;https://ei.phncdn.com/videos/201905/24/225481761/original/(m=eaAaGwObaaamqv)(mh=NguNhv-FSmVNznLP)9.jpg;https://ei.phncdn.com/videos/201905/24/225481761/original/(m=eaAaGwObaaamqv)(mh=NguNhv-FSmVNznLP)10.jpg;https://ei.phncdn.com/videos/201905/24/225481761/original/(m=eaAaGwObaaamqv)(mh=NguNhv-FSmVNznLP)11.jpg;https://ei.phncdn.com/videos/201905/24/225481761/original/(m=eaAaGwObaaamqv)(mh=NguNhv-FSmVNznLP)12.jpg;https://ei.phncdn.com/videos/201905/24/225481761/original/(m=eaAaGwObaaamqv)(mh=NguNhv-FSmVNznLP)13.jpg;https://ei.phncdn.com/videos/201905/24/225481761/original/(m=eaAaGwObaaamqv)(mh=NguNhv-FSmVNznLP)14.jpg;https://ei.phncdn.com/videos/201905/24/225481761/original/(m=eaAaGwObaaamqv)(mh=NguNhv-FSmVNznLP)15.jpg;https://ei.phncdn.com/videos/201905/24/225481761/original/(m=eaAaGwObaaamqv)(mh=NguNhv-FSmVNznLP)16.jpg
<iframe src="https://www.pornhub.com/embed/ph5d216cf78bcf5" frameborder="0" height="481" width="608" scrolling="no"></iframe>|https://ei.phncdn.com/videos/201907/07/233786721/original/(m=eaf8GgaaaWavb)(mh=wCyQ7j1xXARyUasQ)9.jpg|https://ei.phncdn.com/videos/201907/07/233786721/original/(m=eaf8GgaaaWavb)(mh=wCyQ7j1xXARyUasQ)1.jpg;https://ei.phncdn.com/videos/201907/07/233786721/original/(m=eaf8GgaaaWavb)(mh=wCyQ7j1xXARyUasQ)2.jpg;https://ei.phncdn.com/videos/201907/07/233786721/original/(m=eaf8GgaaaWavb)(mh=wCyQ7j1xXARyUasQ)3.jpg;https://ei.phncdn.com/videos/201907/07/233786721/original/(m=eaf8GgaaaWavb)(mh=wCyQ7j1xXARyUasQ)4.jpg;https://ei.phncdn.com/videos/201907/07/233786721/original/(m=eaf8GgaaaWavb)(mh=wCyQ7j1xXARyUasQ)5.jpg;https://ei.phncdn.com/videos/201907/07/233786721/original/(m=eaf8GgaaaWavb)(mh=wCyQ7j1xXARyUasQ)6.jpg;https://ei.phncdn.com/videos/201907/07/233786721/original/(m=eaf8GgaaaWavb)(mh=wCyQ7j1xXARyUasQ)7.jpg;https://ei.phncdn.com/videos/201907/07/233786721/original/(m=eaf8GgaaaWavb)(mh=wCyQ7j1xXARyUasQ)8.jpg;https://ei.phncdn.com/videos/201907/07/233786721/original/(m=eaf8GgaaaWavb)(mh=wCyQ7j1xXARyUasQ)9.jpg;https://ei.phncdn.com/videos/201907/07/233786721/original/(m=eaf8GgaaaWavb)(mh=wCyQ7j1xXARyUasQ)10.jpg;https://ei.phncdn.com/videos/201907/07/233786721/original/(m=eaf8GgaaaWavb)(mh=wCyQ7j1xXARyUasQ)11.jpg;https://ei.phncdn.com/videos/201907/07/233786721/original/(m=eaf8GgaaaWavb)(mh=wCyQ7j1xXARyUasQ)12.jpg;https://ei.phncdn.com/videos/201907/07/233786721/original/(m=eaf8GgaaaWavb)(mh=wCyQ7j1xXARyUasQ)13.jpg;https://ei.phncdn.com/videos/201907/07/233786721/original/(m=eaf8GgaaaWavb)(mh=wCyQ7j1xXARyUasQ)14.jpg;https://ei.phncdn.com/videos/201907/07/233786721/original/(m=eaf8GgaaaWavb)(mh=wCyQ7j1xXARyUasQ)15.jpg;https://ei.phncdn.com/videos/201907/07/233786721/original/(m=eaf8GgaaaWavb)(mh=wCyQ7j1xXARyUasQ)16.jpg|Sneak Peek Of My Ass|latina;lingerie;fat-ass|Music;Verified Amateurs;Solo Female||20|293|7|0|https://ei.phncdn.com/videos/201907/07/233786721/original/(m=eaAaGwObaaamqv)(mh=iGyb8VVHdXdi4ykI)9.jpg|https://ei.phncdn.com/videos/201907/07/233786721/original/(m=eaAaGwObaaamqv)(mh=iGyb8VVHdXdi4ykI)1.jpg;https://ei.phncdn.com/videos/201907/07/233786721/original/(m=eaAaGwObaaamqv)(mh=iGyb8VVHdXdi4ykI)2.jpg;https://ei.phncdn.com/videos/201907/07/233786721/original/(m=eaAaGwObaaamqv)(mh=iGyb8VVHdXdi4ykI)3.jpg;https://ei.phncdn.com/videos/201907/07/233786721/original/(m=eaAaGwObaaamqv)(mh=iGyb8VVHdXdi4ykI)4.jpg;https://ei.phncdn.com/videos/201907/07/233786721/original/(m=eaAaGwObaaamqv)(mh=iGyb8VVHdXdi4ykI)5.jpg;https://ei.phncdn.com/videos/201907/07/233786721/original/(m=eaAaGwObaaamqv)(mh=iGyb8VVHdXdi4ykI)6.jpg;https://ei.phncdn.com/videos/201907/07/233786721/original/(m=eaAaGwObaaamqv)(mh=iGyb8VVHdXdi4ykI)7.jpg;https://ei.phncdn.com/videos/201907/07/233786721/original/(m=eaAaGwObaaamqv)(mh=iGyb8VVHdXdi4ykI)8.jpg;https://ei.phncdn.com/videos/201907/07/233786721/original/(m=eaAaGwObaaamqv)(mh=iGyb8VVHdXdi4ykI)9.jpg;https://ei.phncdn.com/videos/201907/07/233786721/original/(m=eaAaGwObaaamqv)(mh=iGyb8VVHdXdi4ykI)10.jpg;https://ei.phncdn.com/videos/201907/07/233786721/original/(m=eaAaGwObaaamqv)(mh=iGyb8VVHdXdi4ykI)11.jpg;https://ei.phncdn.com/videos/201907/07/233786721/original/(m=eaAaGwObaaamqv)(mh=iGyb8VVHdXdi4ykI)12.jpg;https://ei.phncdn.com/videos/201907/07/233786721/original/(m=eaAaGwObaaamqv)(mh=iGyb8VVHdXdi4ykI)13.jpg;https://ei.phncdn.com/videos/201907/07/233786721/original/(m=eaAaGwObaaamqv)(mh=iGyb8VVHdXdi4ykI)14.jpg;https://ei.phncdn.com/videos/201907/07/233786721/original/(m=eaAaGwObaaamqv)(mh=iGyb8VVHdXdi4ykI)15.jpg;https://ei.phncdn.com/videos/201907/07/233786721/original/(m=eaAaGwObaaamqv)(mh=iGyb8VVHdXdi4ykI)16.jpg
<iframe src="https://www.pornhub.com/embed/ph5dabd0dde8251" frameborder="0" height="481" width="608" scrolling="no"></iframe>|https://ei.phncdn.com/videos/201910/20/255983801/original/(m=eaf8GgaaaWavb)(mh=4ecxBb-5ZHzL6Ie5)7.jpg|https://ei.phncdn.com/videos/201910/20/255983801/original/(m=eaf8GgaaaWavb)(mh=4ecxBb-5ZHzL6Ie5)1.jpg;https://ei.phncdn.com/videos/201910/20/255983801/original/(m=eaf8GgaaaWavb)(mh=4ecxBb-5ZHzL6Ie5)2.jpg;https://ei.phncdn.com/videos/201910/20/255983801/original/(m=eaf8GgaaaWavb)(mh=4ecxBb-5ZHzL6Ie5)3.jpg;https://ei.phncdn.com/videos/201910/20/255983801/original/(m=eaf8GgaaaWavb)(mh=4ecxBb-5ZHzL6Ie5)4.jpg;https://ei.phncdn.com/videos/201910/20/255983801/original/(m=eaf8GgaaaWavb)(mh=4ecxBb-5ZHzL6Ie5)5.jpg;https://ei.phncdn.com/videos/201910/20/255983801/original/(m=eaf8GgaaaWavb)(mh=4ecxBb-5ZHzL6Ie5)6.jpg;https://ei.phncdn.com/videos/201910/20/255983801/original/(m=eaf8GgaaaWavb)(mh=4ecxBb-5ZHzL6Ie5)7.jpg;https://ei.phncdn.com/videos/201910/20/255983801/original/(m=eaf8GgaaaWavb)(mh=4ecxBb-5ZHzL6Ie5)8.jpg;https://ei.phncdn.com/videos/201910/20/255983801/original/(m=eaf8GgaaaWavb)(mh=4ecxBb-5ZHzL6Ie5)9.jpg;https://ei.phncdn.com/videos/201910/20/255983801/original/(m=eaf8GgaaaWavb)(mh=4ecxBb-5ZHzL6Ie5)10.jpg;https://ei.phncdn.com/videos/201910/20/255983801/original/(m=eaf8GgaaaWavb)(mh=4ecxBb-5ZHzL6Ie5)11.jpg;https://ei.phncdn.com/videos/201910/20/255983801/original/(m=eaf8GgaaaWavb)(mh=4ecxBb-5ZHzL6Ie5)12.jpg;https://ei.phncdn.com/videos/201910/20/255983801/original/(m=eaf8GgaaaWavb)(mh=4ecxBb-5ZHzL6Ie5)13.jpg;https://ei.phncdn.com/videos/201910/20/255983801/original/(m=eaf8GgaaaWavb)(mh=4ecxBb-5ZHzL6Ie5)14.jpg;https://ei.phncdn.com/videos/201910/20/255983801/original/(m=eaf8GgaaaWavb)(mh=4ecxBb-5ZHzL6Ie5)15.jpg;https://ei.phncdn.com/videos/201910/20/255983801/original/(m=eaf8GgaaaWavb)(mh=4ecxBb-5ZHzL6Ie5)16.jpg|I pick up a hot cosplay girl at the swimming pool|harley-quinn;cosplay;pick-up;pick-up-artist;lego;legohub;wholesome;funny;real;cosplay-girl;harley-quinn-cosplay|Music||23|6518|119|14|https://ei.phncdn.com/videos/201910/20/255983801/original/(m=eaAaGwObaaamqv)(mh=GhMnBwLOcPfzl6cO)7.jpg|https://ei.phncdn.com/videos/201910/20/255983801/original/(m=eaAaGwObaaamqv)(mh=GhMnBwLOcPfzl6cO)1.jpg;https://ei.phncdn.com/videos/201910/20/255983801/original/(m=eaAaGwObaaamqv)(mh=GhMnBwLOcPfzl6cO)2.jpg;https://ei.phncdn.com/videos/201910/20/255983801/original/(m=eaAaGwObaaamqv)(mh=GhMnBwLOcPfzl6cO)3.jpg;https://ei.phncdn.com/videos/201910/20/255983801/original/(m=eaAaGwObaaamqv)(mh=GhMnBwLOcPfzl6cO)4.jpg;https://ei.phncdn.com/videos/201910/20/255983801/original/(m=eaAaGwObaaamqv)(mh=GhMnBwLOcPfzl6cO)5.jpg;https://ei.phncdn.com/videos/201910/20/255983801/original/(m=eaAaGwObaaamqv)(mh=GhMnBwLOcPfzl6cO)6.jpg;https://ei.phncdn.com/videos/201910/20/255983801/original/(m=eaAaGwObaaamqv)(mh=GhMnBwLOcPfzl6cO)7.jpg;https://ei.phncdn.com/videos/201910/20/255983801/original/(m=eaAaGwObaaamqv)(mh=GhMnBwLOcPfzl6cO)8.jpg;https://ei.phncdn.com/videos/201910/20/255983801/original/(m=eaAaGwObaaamqv)(mh=GhMnBwLOcPfzl6cO)9.jpg;https://ei.phncdn.com/videos/201910/20/255983801/original/(m=eaAaGwObaaamqv)(mh=GhMnBwLOcPfzl6cO)10.jpg;https://ei.phncdn.com/videos/201910/20/255983801/original/(m=eaAaGwObaaamqv)(mh=GhMnBwLOcPfzl6cO)11.jpg;https://ei.phncdn.com/videos/201910/20/255983801/original/(m=eaAaGwObaaamqv)(mh=GhMnBwLOcPfzl6cO)12.jpg;https://ei.phncdn.com/videos/201910/20/255983801/original/(m=eaAaGwObaaamqv)(mh=GhMnBwLOcPfzl6cO)13.jpg;https://ei.phncdn.com/videos/201910/20/255983801/original/(m=eaAaGwObaaamqv)(mh=GhMnBwLOcPfzl6cO)14.jpg;https://ei.phncdn.com/videos/201910/20/255983801/original/(m=eaAaGwObaaamqv)(mh=GhMnBwLOcPfzl6cO)15.jpg;https://ei.phncdn.com/videos/201910/20/255983801/original/(m=eaAaGwObaaamqv)(mh=GhMnBwLOcPfzl6cO)16.jpg
<iframe src="https://www.pornhub.com/embed/ph5dc8c6c7a7f60" frameborder="0" height="481" width="608" scrolling="no"></iframe>|https://ei.phncdn.com/videos/201911/11/260819082/original/(m=eaf8GgaaaWavb)(mh=eKELyFqV6wfRlUpc)1.jpg|https://ei.phncdn.com/videos/201911/11/260819082/original/(m=eaf8GgaaaWavb)(mh=eKELyFqV6wfRlUpc)1.jpg;https://ei.phncdn.com/videos/201911/11/260819082/original/(m=eaf8GgaaaWavb)(mh=eKELyFqV6wfRlUpc)2.jpg;https://ei.phncdn.com/videos/201911/11/260819082/original/(m=eaf8GgaaaWavb)(mh=eKELyFqV6wfRlUpc)3.jpg;https://ei.phncdn.com/videos/201911/11/260819082/original/(m=eaf8GgaaaWavb)(mh=eKELyFqV6wfRlUpc)4.jpg;https://ei.phncdn.com/videos/201911/11/260819082/original/(m=eaf8GgaaaWavb)(mh=eKELyFqV6wfRlUpc)5.jpg;https://ei.phncdn.com/videos/201911/11/260819082/original/(m=eaf8GgaaaWavb)(mh=eKELyFqV6wfRlUpc)6.jpg;https://ei.phncdn.com/videos/201911/11/260819082/original/(m=eaf8GgaaaWavb)(mh=eKELyFqV6wfRlUpc)7.jpg;https://ei.phncdn.com/videos/201911/11/260819082/original/(m=eaf8GgaaaWavb)(mh=eKELyFqV6wfRlUpc)8.jpg;https://ei.phncdn.com/videos/201911/11/260819082/original/(m=eaf8GgaaaWavb)(mh=eKELyFqV6wfRlUpc)9.jpg;https://ei.phncdn.com/videos/201911/11/260819082/original/(m=eaf8GgaaaWavb)(mh=eKELyFqV6wfRlUpc)10.jpg;https://ei.phncdn.com/videos/201911/11/260819082/original/(m=eaf8GgaaaWavb)(mh=eKELyFqV6wfRlUpc)11.jpg;https://ei.phncdn.com/videos/201911/11/260819082/original/(m=eaf8GgaaaWavb)(mh=eKELyFqV6wfRlUpc)12.jpg;https://ei.phncdn.com/videos/201911/11/260819082/original/(m=eaf8GgaaaWavb)(mh=eKELyFqV6wfRlUpc)13.jpg;https://ei.phncdn.com/videos/201911/11/260819082/original/(m=eaf8GgaaaWavb)(mh=eKELyFqV6wfRlUpc)14.jpg;https://ei.phncdn.com/videos/201911/11/260819082/original/(m=eaf8GgaaaWavb)(mh=eKELyFqV6wfRlUpc)15.jpg;https://ei.phncdn.com/videos/201911/11/260819082/original/(m=eaf8GgaaaWavb)(mh=eKELyFqV6wfRlUpc)16.jpg|PIANO CUMCERTO: CHILL PIANO MUSIC FOR STUDYING AND FUCKING AND CUMING AAAAA|ass-fuck;bdsm;cum;cumshot;dp;butt;big-cock;music;meme;fantano;death-grips;noise;creampie|Music||1541|213|1|0|https://ei.phncdn.com/videos/201911/11/260819082/original/(m=eaAaGwObaaamqv)(mh=akEcbVymVUWQSh9I)1.jpg|https://ei.phncdn.com/videos/201911/11/260819082/original/(m=eaAaGwObaaamqv)(mh=akEcbVymVUWQSh9I)1.jpg;https://ei.phncdn.com/videos/201911/11/260819082/original/(m=eaAaGwObaaamqv)(mh=akEcbVymVUWQSh9I)2.jpg;https://ei.phncdn.com/videos/201911/11/260819082/original/(m=eaAaGwObaaamqv)(mh=akEcbVymVUWQSh9I)3.jpg;https://ei.phncdn.com/videos/201911/11/260819082/original/(m=eaAaGwObaaamqv)(mh=akEcbVymVUWQSh9I)4.jpg;https://ei.phncdn.com/videos/201911/11/260819082/original/(m=eaAaGwObaaamqv)(mh=akEcbVymVUWQSh9I)5.jpg;https://ei.phncdn.com/videos/201911/11/260819082/original/(m=eaAaGwObaaamqv)(mh=akEcbVymVUWQSh9I)6.jpg;https://ei.phncdn.com/videos/201911/11/260819082/original/(m=eaAaGwObaaamqv)(mh=akEcbVymVUWQSh9I)7.jpg;https://ei.phncdn.com/videos/201911/11/260819082/original/(m=eaAaGwObaaamqv)(mh=akEcbVymVUWQSh9I)8.jpg;https://ei.phncdn.com/videos/201911/11/260819082/original/(m=eaAaGwObaaamqv)(mh=akEcbVymVUWQSh9I)9.jpg;https://ei.phncdn.com/videos/201911/11/260819082/original/(m=eaAaGwObaaamqv)(mh=akEcbVymVUWQSh9I)10.jpg;https://ei.phncdn.com/videos/201911/11/260819082/original/(m=eaAaGwObaaamqv)(mh=akEcbVymVUWQSh9I)11.jpg;https://ei.phncdn.com/videos/201911/11/260819082/original/(m=eaAaGwObaaamqv)(mh=akEcbVymVUWQSh9I)12.jpg;https://ei.phncdn.com/videos/201911/11/260819082/original/(m=eaAaGwObaaamqv)(mh=akEcbVymVUWQSh9I)13.jpg;https://ei.phncdn.com/videos/201911/11/260819082/original/(m=eaAaGwObaaamqv)(mh=akEcbVymVUWQSh9I)14.jpg;https://ei.phncdn.com/videos/201911/11/260819082/original/(m=eaAaGwObaaamqv)(mh=akEcbVymVUWQSh9I)15.jpg;https://ei.phncdn.com/videos/201911/11/260819082/original/(m=eaAaGwObaaamqv)(mh=akEcbVymVUWQSh9I)16.jpg
<iframe src="https://www.pornhub.com/embed/ph5dc8c6c7b970e" frameborder="0" height="481" width="608" scrolling="no"></iframe>|https://ei.phncdn.com/videos/201911/11/260819152/original/(m=eaf8GgaaaWavb)(mh=lDoeKlvkpSfhKvMd)1.jpg|https://ei.phncdn.com/videos/201911/11/260819152/original/(m=eaf8GgaaaWavb)(mh=lDoeKlvkpSfhKvMd)1.jpg;https://ei.phncdn.com/videos/201911/11/260819152/original/(m=eaf8GgaaaWavb)(mh=lDoeKlvkpSfhKvMd)2.jpg;https://ei.phncdn.com/videos/201911/11/260819152/original/(m=eaf8GgaaaWavb)(mh=lDoeKlvkpSfhKvMd)3.jpg;https://ei.phncdn.com/videos/201911/11/260819152/original/(m=eaf8GgaaaWavb)(mh=lDoeKlvkpSfhKvMd)4.jpg;https://ei.phncdn.com/videos/201911/11/260819152/original/(m=eaf8GgaaaWavb)(mh=lDoeKlvkpSfhKvMd)5.jpg;https://ei.phncdn.com/videos/201911/11/260819152/original/(m=eaf8GgaaaWavb)(mh=lDoeKlvkpSfhKvMd)6.jpg;https://ei.phncdn.com/videos/201911/11/260819152/original/(m=eaf8GgaaaWavb)(mh=lDoeKlvkpSfhKvMd)7.jpg;https://ei.phncdn.com/videos/201911/11/260819152/original/(m=eaf8GgaaaWavb)(mh=lDoeKlvkpSfhKvMd)8.jpg;https://ei.phncdn.com/videos/201911/11/260819152/original/(m=eaf8GgaaaWavb)(mh=lDoeKlvkpSfhKvMd)9.jpg;https://ei.phncdn.com/videos/201911/11/260819152/original/(m=eaf8GgaaaWavb)(mh=lDoeKlvkpSfhKvMd)10.jpg;https://ei.phncdn.com/videos/201911/11/260819152/original/(m=eaf8GgaaaWavb)(mh=lDoeKlvkpSfhKvMd)11.jpg;https://ei.phncdn.com/videos/201911/11/260819152/original/(m=eaf8GgaaaWavb)(mh=lDoeKlvkpSfhKvMd)12.jpg;https://ei.phncdn.com/videos/201911/11/260819152/original/(m=eaf8GgaaaWavb)(mh=lDoeKlvkpSfhKvMd)13.jpg;https://ei.phncdn.com/videos/201911/11/260819152/original/(m=eaf8GgaaaWavb)(mh=lDoeKlvkpSfhKvMd)14.jpg;https://ei.phncdn.com/videos/201911/11/260819152/original/(m=eaf8GgaaaWavb)(mh=lDoeKlvkpSfhKvMd)15.jpg;https://ei.phncdn.com/videos/201911/11/260819152/original/(m=eaf8GgaaaWavb)(mh=lDoeKlvkpSfhKvMd)16.jpg|PIANO CUMCERTO: CHILL PIANO MUSIC FOR STUDYING AND FUCKING AND CUMING AAA 2|ass-fuck;bdsm;cum;cumshot;dp;butt;big-cock;music;meme;fantano;death-grips;noise;creampie|Music||2670|436|1|0|https://ei.phncdn.com/videos/201911/11/260819152/original/(m=eaAaGwObaaamqv)(mh=RvF15NdQ7vY9bsoq)1.jpg|https://ei.phncdn.com/videos/201911/11/260819152/original/(m=eaAaGwObaaamqv)(mh=RvF15NdQ7vY9bsoq)1.jpg;https://ei.phncdn.com/videos/201911/11/260819152/original/(m=eaAaGwObaaamqv)(mh=RvF15NdQ7vY9bsoq)2.jpg;https://ei.phncdn.com/videos/201911/11/260819152/original/(m=eaAaGwObaaamqv)(mh=RvF15NdQ7vY9bsoq)3.jpg;https://ei.phncdn.com/videos/201911/11/260819152/original/(m=eaAaGwObaaamqv)(mh=RvF15NdQ7vY9bsoq)4.jpg;https://ei.phncdn.com/videos/201911/11/260819152/original/(m=eaAaGwObaaamqv)(mh=RvF15NdQ7vY9bsoq)5.jpg;https://ei.phncdn.com/videos/201911/11/260819152/original/(m=eaAaGwObaaamqv)(mh=RvF15NdQ7vY9bsoq)6.jpg;https://ei.phncdn.com/videos/201911/11/260819152/original/(m=eaAaGwObaaamqv)(mh=RvF15NdQ7vY9bsoq)7.jpg;https://ei.phncdn.com/videos/201911/11/260819152/original/(m=eaAaGwObaaamqv)(mh=RvF15NdQ7vY9bsoq)8.jpg;https://ei.phncdn.com/videos/201911/11/260819152/original/(m=eaAaGwObaaamqv)(mh=RvF15NdQ7vY9bsoq)9.jpg;https://ei.phncdn.com/videos/201911/11/260819152/original/(m=eaAaGwObaaamqv)(mh=RvF15NdQ7vY9bsoq)10.jpg;https://ei.phncdn.com/videos/201911/11/260819152/original/(m=eaAaGwObaaamqv)(mh=RvF15NdQ7vY9bsoq)11.jpg;https://ei.phncdn.com/videos/201911/11/260819152/original/(m=eaAaGwObaaamqv)(mh=RvF15NdQ7vY9bsoq)12.jpg;https://ei.phncdn.com/videos/201911/11/260819152/original/(m=eaAaGwObaaamqv)(mh=RvF15NdQ7vY9bsoq)13.jpg;https://ei.phncdn.com/videos/201911/11/260819152/original/(m=eaAaGwObaaamqv)(mh=RvF15NdQ7vY9bsoq)14.jpg;https://ei.phncdn.com/videos/201911/11/260819152/original/(m=eaAaGwObaaamqv)(mh=RvF15NdQ7vY9bsoq)15.jpg;https://ei.phncdn.com/videos/201911/11/260819152/original/(m=eaAaGwObaaamqv)(mh=RvF15NdQ7vY9bsoq)16.jpg
<iframe src="https://www.pornhub.com/embed/ph5dc8c6c7c1682" frameborder="0" height="481" width="608" scrolling="no"></iframe>|https://ei.phncdn.com/videos/201911/11/260819312/original/(m=eaf8GgaaaWavb)(mh=9Jo6hlCrEn6ybjSP)1.jpg|https://ei.phncdn.com/videos/201911/11/260819312/original/(m=eaf8GgaaaWavb)(mh=9Jo6hlCrEn6ybjSP)1.jpg;https://ei.phncdn.com/videos/201911/11/260819312/original/(m=eaf8GgaaaWavb)(mh=9Jo6hlCrEn6ybjSP)2.jpg;https://ei.phncdn.com/videos/201911/11/260819312/original/(m=eaf8GgaaaWavb)(mh=9Jo6hlCrEn6ybjSP)3.jpg;https://ei.phncdn.com/videos/201911/11/260819312/original/(m=eaf8GgaaaWavb)(mh=9Jo6hlCrEn6ybjSP)4.jpg;https://ei.phncdn.com/videos/201911/11/260819312/original/(m=eaf8GgaaaWavb)(mh=9Jo6hlCrEn6ybjSP)5.jpg;https://ei.phncdn.com/videos/201911/11/260819312/original/(m=eaf8GgaaaWavb)(mh=9Jo6hlCrEn6ybjSP)6.jpg;https://ei.phncdn.com/videos/201911/11/260819312/original/(m=eaf8GgaaaWavb)(mh=9Jo6hlCrEn6ybjSP)7.jpg;https://ei.phncdn.com/videos/201911/11/260819312/original/(m=eaf8GgaaaWavb)(mh=9Jo6hlCrEn6ybjSP)8.jpg;https://ei.phncdn.com/videos/201911/11/260819312/original/(m=eaf8GgaaaWavb)(mh=9Jo6hlCrEn6ybjSP)9.jpg;https://ei.phncdn.com/videos/201911/11/260819312/original/(m=eaf8GgaaaWavb)(mh=9Jo6hlCrEn6ybjSP)10.jpg;https://ei.phncdn.com/videos/201911/11/260819312/original/(m=eaf8GgaaaWavb)(mh=9Jo6hlCrEn6ybjSP)11.jpg;https://ei.phncdn.com/videos/201911/11/260819312/original/(m=eaf8GgaaaWavb)(mh=9Jo6hlCrEn6ybjSP)12.jpg;https://ei.phncdn.com/videos/201911/11/260819312/original/(m=eaf8GgaaaWavb)(mh=9Jo6hlCrEn6ybjSP)13.jpg;https://ei.phncdn.com/videos/201911/11/260819312/original/(m=eaf8GgaaaWavb)(mh=9Jo6hlCrEn6ybjSP)14.jpg;https://ei.phncdn.com/videos/201911/11/260819312/original/(m=eaf8GgaaaWavb)(mh=9Jo6hlCrEn6ybjSP)15.jpg;https://ei.phncdn.com/videos/201911/11/260819312/original/(m=eaf8GgaaaWavb)(mh=9Jo6hlCrEn6ybjSP)16.jpg|HAPPY VETERANS DAY: WISH YOU DIED:FUCK YOU ARMY MAN: JK YOU DID NOTHING WR|bdsm;ass-fuck;cum;cumshot;dp;butt;big-cock;music;meme;fantano;death-grips;noise;creampie|Music||1217|2359|5|25|https://ei.phncdn.com/videos/201911/11/260819312/original/(m=eaAaGwObaaamqv)(mh=lWDVFY7uAQ22eozP)1.jpg|https://ei.phncdn.com/videos/201911/11/260819312/original/(m=eaAaGwObaaamqv)(mh=lWDVFY7uAQ22eozP)1.jpg;https://ei.phncdn.com/videos/201911/11/260819312/original/(m=eaAaGwObaaamqv)(mh=lWDVFY7uAQ22eozP)2.jpg;https://ei.phncdn.com/videos/201911/11/260819312/original/(m=eaAaGwObaaamqv)(mh=lWDVFY7uAQ22eozP)3.jpg;https://ei.phncdn.com/videos/201911/11/260819312/original/(m=eaAaGwObaaamqv)(mh=lWDVFY7uAQ22eozP)4.jpg;https://ei.phncdn.com/videos/201911/11/260819312/original/(m=eaAaGwObaaamqv)(mh=lWDVFY7uAQ22eozP)5.jpg;https://ei.phncdn.com/videos/201911/11/260819312/original/(m=eaAaGwObaaamqv)(mh=lWDVFY7uAQ22eozP)6.jpg;https://ei.phncdn.com/videos/201911/11/260819312/original/(m=eaAaGwObaaamqv)(mh=lWDVFY7uAQ22eozP)7.jpg;https://ei.phncdn.com/videos/201911/11/260819312/original/(m=eaAaGwObaaamqv)(mh=lWDVFY7uAQ22eozP)8.jpg;https://ei.phncdn.com/videos/201911/11/260819312/original/(m=eaAaGwObaaamqv)(mh=lWDVFY7uAQ22eozP)9.jpg;https://ei.phncdn.com/videos/201911/11/260819312/original/(m=eaAaGwObaaamqv)(mh=lWDVFY7uAQ22eozP)10.jpg;https://ei.phncdn.com/videos/201911/11/260819312/original/(m=eaAaGwObaaamqv)(mh=lWDVFY7uAQ22eozP)11.jpg;https://ei.phncdn.com/videos/201911/11/260819312/original/(m=eaAaGwObaaamqv)(mh=lWDVFY7uAQ22eozP)12.jpg;https://ei.phncdn.com/videos/201911/11/260819312/original/(m=eaAaGwObaaamqv)(mh=lWDVFY7uAQ22eozP)13.jpg;https://ei.phncdn.com/videos/201911/11/260819312/original/(m=eaAaGwObaaamqv)(mh=lWDVFY7uAQ22eozP)14.jpg;https://ei.phncdn.com/videos/201911/11/260819312/original/(m=eaAaGwObaaamqv)(mh=lWDVFY7uAQ22eozP)15.jpg;https://ei.phncdn.com/videos/201911/11/260819312/original/(m=eaAaGwObaaamqv)(mh=lWDVFY7uAQ22eozP)16.jpg
<iframe src="https://www.pornhub.com/embed/ph5df4799ec5b62" frameborder="0" height="481" width="608" scrolling="no"></iframe>|https://ei.phncdn.com/videos/201912/14/268518282/original/(m=eaf8GgaaaWavb)(mh=pmdfghQvbP82xuCL)1.jpg|https://ei.phncdn.com/videos/201912/14/268518282/original/(m=eaf8GgaaaWavb)(mh=pmdfghQvbP82xuCL)1.jpg;https://ei.phncdn.com/videos/201912/14/268518282/original/(m=eaf8GgaaaWavb)(mh=pmdfghQvbP82xuCL)2.jpg;https://ei.phncdn.com/videos/201912/14/268518282/original/(m=eaf8GgaaaWavb)(mh=pmdfghQvbP82xuCL)3.jpg;https://ei.phncdn.com/videos/201912/14/268518282/original/(m=eaf8GgaaaWavb)(mh=pmdfghQvbP82xuCL)4.jpg;https://ei.phncdn.com/videos/201912/14/268518282/original/(m=eaf8GgaaaWavb)(mh=pmdfghQvbP82xuCL)5.jpg;https://ei.phncdn.com/videos/201912/14/268518282/original/(m=eaf8GgaaaWavb)(mh=pmdfghQvbP82xuCL)6.jpg;https://ei.phncdn.com/videos/201912/14/268518282/original/(m=eaf8GgaaaWavb)(mh=pmdfghQvbP82xuCL)7.jpg;https://ei.phncdn.com/videos/201912/14/268518282/original/(m=eaf8GgaaaWavb)(mh=pmdfghQvbP82xuCL)8.jpg;https://ei.phncdn.com/videos/201912/14/268518282/original/(m=eaf8GgaaaWavb)(mh=pmdfghQvbP82xuCL)9.jpg;https://ei.phncdn.com/videos/201912/14/268518282/original/(m=eaf8GgaaaWavb)(mh=pmdfghQvbP82xuCL)10.jpg;https://ei.phncdn.com/videos/201912/14/268518282/original/(m=eaf8GgaaaWavb)(mh=pmdfghQvbP82xuCL)11.jpg;https://ei.phncdn.com/videos/201912/14/268518282/original/(m=eaf8GgaaaWavb)(mh=pmdfghQvbP82xuCL)12.jpg;https://ei.phncdn.com/videos/201912/14/268518282/original/(m=eaf8GgaaaWavb)(mh=pmdfghQvbP82xuCL)13.jpg;https://ei.phncdn.com/videos/201912/14/268518282/original/(m=eaf8GgaaaWavb)(mh=pmdfghQvbP82xuCL)14.jpg;https://ei.phncdn.com/videos/201912/14/268518282/original/(m=eaf8GgaaaWavb)(mh=pmdfghQvbP82xuCL)15.jpg;https://ei.phncdn.com/videos/201912/14/268518282/original/(m=eaf8GgaaaWavb)(mh=pmdfghQvbP82xuCL)16.jpg|YES I DO IN FACT PLAY THE CHORUS PEDAL AND YES I DO ACID AND YES I GO TO FE|cum;cums;hot;fuck;porn;sex;music;album;anal;pussy;big;dick;sexy;bbw;petite;white|Music||869|228|2|1|https://ei.phncdn.com/videos/201912/14/268518282/original/(m=eaAaGwObaaamqv)(mh=3_TJJAwhNJxJaBBD)1.jpg|https://ei.phncdn.com/videos/201912/14/268518282/original/(m=eaAaGwObaaamqv)(mh=3_TJJAwhNJxJaBBD)1.jpg;https://ei.phncdn.com/videos/201912/14/268518282/original/(m=eaAaGwObaaamqv)(mh=3_TJJAwhNJxJaBBD)2.jpg;https://ei.phncdn.com/videos/201912/14/268518282/original/(m=eaAaGwObaaamqv)(mh=3_TJJAwhNJxJaBBD)3.jpg;https://ei.phncdn.com/videos/201912/14/268518282/original/(m=eaAaGwObaaamqv)(mh=3_TJJAwhNJxJaBBD)4.jpg;https://ei.phncdn.com/videos/201912/14/268518282/original/(m=eaAaGwObaaamqv)(mh=3_TJJAwhNJxJaBBD)5.jpg;https://ei.phncdn.com/videos/201912/14/268518282/original/(m=eaAaGwObaaamqv)(mh=3_TJJAwhNJxJaBBD)6.jpg;https://ei.phncdn.com/videos/201912/14/268518282/original/(m=eaAaGwObaaamqv)(mh=3_TJJAwhNJxJaBBD)7.jpg;https://ei.phncdn.com/videos/201912/14/268518282/original/(m=eaAaGwObaaamqv)(mh=3_TJJAwhNJxJaBBD)8.jpg;https://ei.phncdn.com/videos/201912/14/268518282/original/(m=eaAaGwObaaamqv)(mh=3_TJJAwhNJxJaBBD)9.jpg;https://ei.phncdn.com/videos/201912/14/268518282/original/(m=eaAaGwObaaamqv)(mh=3_TJJAwhNJxJaBBD)10.jpg;https://ei.phncdn.com/videos/201912/14/268518282/original/(m=eaAaGwObaaamqv)(mh=3_TJJAwhNJxJaBBD)11.jpg;https://ei.phncdn.com/videos/201912/14/268518282/original/(m=eaAaGwObaaamqv)(mh=3_TJJAwhNJxJaBBD)12.jpg;https://ei.phncdn.com/videos/201912/14/268518282/original/(m=eaAaGwObaaamqv)(mh=3_TJJAwhNJxJaBBD)13.jpg;https://ei.phncdn.com/videos/201912/14/268518282/original/(m=eaAaGwObaaamqv)(mh=3_TJJAwhNJxJaBBD)14.jpg;https://ei.phncdn.com/videos/201912/14/268518282/original/(m=eaAaGwObaaamqv)(mh=3_TJJAwhNJxJaBBD)15.jpg;https://ei.phncdn.com/videos/201912/14/268518282/original/(m=eaAaGwObaaamqv)(mh=3_TJJAwhNJxJaBBD)16.jpg
<iframe src="https://www.pornhub.com/embed/ph5dfd8b0d9f039" frameborder="0" height="481" width="608" scrolling="no"></iframe>|https://ei.phncdn.com/videos/201912/21/270187621/original/(m=eaf8GgaaaWavb)(mh=NXo_ALEMGD9Uad9O)16.jpg|https://ei.phncdn.com/videos/201912/21/270187621/original/(m=eaf8GgaaaWavb)(mh=NXo_ALEMGD9Uad9O)1.jpg;https://ei.phncdn.com/videos/201912/21/270187621/original/(m=eaf8GgaaaWavb)(mh=NXo_ALEMGD9Uad9O)2.jpg;https://ei.phncdn.com/videos/201912/21/270187621/original/(m=eaf8GgaaaWavb)(mh=NXo_ALEMGD9Uad9O)3.jpg;https://ei.phncdn.com/videos/201912/21/270187621/original/(m=eaf8GgaaaWavb)(mh=NXo_ALEMGD9Uad9O)4.jpg;https://ei.phncdn.com/videos/201912/21/270187621/original/(m=eaf8GgaaaWavb)(mh=NXo_ALEMGD9Uad9O)5.jpg;https://ei.phncdn.com/videos/201912/21/270187621/original/(m=eaf8GgaaaWavb)(mh=NXo_ALEMGD9Uad9O)6.jpg;https://ei.phncdn.com/videos/201912/21/270187621/original/(m=eaf8GgaaaWavb)(mh=NXo_ALEMGD9Uad9O)7.jpg;https://ei.phncdn.com/videos/201912/21/270187621/original/(m=eaf8GgaaaWavb)(mh=NXo_ALEMGD9Uad9O)8.jpg;https://ei.phncdn.com/videos/201912/21/270187621/original/(m=eaf8GgaaaWavb)(mh=NXo_ALEMGD9Uad9O)9.jpg;https://ei.phncdn.com/videos/201912/21/270187621/original/(m=eaf8GgaaaWavb)(mh=NXo_ALEMGD9Uad9O)10.jpg;https://ei.phncdn.com/videos/201912/21/270187621/original/(m=eaf8GgaaaWavb)(mh=NXo_ALEMGD9Uad9O)11.jpg;https://ei.phncdn.com/videos/201912/21/270187621/original/(m=eaf8GgaaaWavb)(mh=NXo_ALEMGD9Uad9O)12.jpg;https://ei.phncdn.com/videos/201912/21/270187621/original/(m=eaf8GgaaaWavb)(mh=NXo_ALEMGD9Uad9O)13.jpg;https://ei.phncdn.com/videos/201912/21/270187621/original/(m=eaf8GgaaaWavb)(mh=NXo_ALEMGD9Uad9O)14.jpg;https://ei.phncdn.com/videos/201912/21/270187621/original/(m=eaf8GgaaaWavb)(mh=NXo_ALEMGD9Uad9O)15.jpg;https://ei.phncdn.com/videos/201912/21/270187621/original/(m=eaf8GgaaaWavb)(mh=NXo_ALEMGD9Uad9O)16.jpg|I'll take it all day long|takeit;traffic;fox29;news|Music||23|17|||https://ei.phncdn.com/videos/201912/21/270187621/original/(m=eaAaGwObaaamqv)(mh=YYRTbX6tVap3tk3N)16.jpg|https://ei.phncdn.com/videos/201912/21/270187621/original/(m=eaAaGwObaaamqv)(mh=YYRTbX6tVap3tk3N)1.jpg;https://ei.phncdn.com/videos/201912/21/270187621/original/(m=eaAaGwObaaamqv)(mh=YYRTbX6tVap3tk3N)2.jpg;https://ei.phncdn.com/videos/201912/21/270187621/original/(m=eaAaGwObaaamqv)(mh=YYRTbX6tVap3tk3N)3.jpg;https://ei.phncdn.com/videos/201912/21/270187621/original/(m=eaAaGwObaaamqv)(mh=YYRTbX6tVap3tk3N)4.jpg;https://ei.phncdn.com/videos/201912/21/270187621/original/(m=eaAaGwObaaamqv)(mh=YYRTbX6tVap3tk3N)5.jpg;https://ei.phncdn.com/videos/201912/21/270187621/original/(m=eaAaGwObaaamqv)(mh=YYRTbX6tVap3tk3N)6.jpg;https://ei.phncdn.com/videos/201912/21/270187621/original/(m=eaAaGwObaaamqv)(mh=YYRTbX6tVap3tk3N)7.jpg;https://ei.phncdn.com/videos/201912/21/270187621/original/(m=eaAaGwObaaamqv)(mh=YYRTbX6tVap3tk3N)8.jpg;https://ei.phncdn.com/videos/201912/21/270187621/original/(m=eaAaGwObaaamqv)(mh=YYRTbX6tVap3tk3N)9.jpg;https://ei.phncdn.com/videos/201912/21/270187621/original/(m=eaAaGwObaaamqv)(mh=YYRTbX6tVap3tk3N)10.jpg;https://ei.phncdn.com/videos/201912/21/270187621/original/(m=eaAaGwObaaamqv)(mh=YYRTbX6tVap3tk3N)11.jpg;https://ei.phncdn.com/videos/201912/21/270187621/original/(m=eaAaGwObaaamqv)(mh=YYRTbX6tVap3tk3N)12.jpg;https://ei.phncdn.com/videos/201912/21/270187621/original/(m=eaAaGwObaaamqv)(mh=YYRTbX6tVap3tk3N)13.jpg;https://ei.phncdn.com/videos/201912/21/270187621/original/(m=eaAaGwObaaamqv)(mh=YYRTbX6tVap3tk3N)14.jpg;https://ei.phncdn.com/videos/201912/21/270187621/original/(m=eaAaGwObaaamqv)(mh=YYRTbX6tVap3tk3N)15.jpg;https://ei.phncdn.com/videos/201912/21/270187621/original/(m=eaAaGwObaaamqv)(mh=YYRTbX6tVap3tk3N)16.jpg
<iframe src="https://www.pornhub.com/embed/ph5e06f07f656c3" frameborder="0" height="481" width="608" scrolling="no"></iframe>|https://ei.phncdn.com/videos/201912/28/271880961/original/(m=eaf8GgaaaWavb)(mh=SlZXAcqTihMBi-Rs)1.jpg|https://ei.phncdn.com/videos/201912/28/271880961/original/(m=eaf8GgaaaWavb)(mh=SlZXAcqTihMBi-Rs)1.jpg;https://ei.phncdn.com/videos/201912/28/271880961/original/(m=eaf8GgaaaWavb)(mh=SlZXAcqTihMBi-Rs)2.jpg;https://ei.phncdn.com/videos/201912/28/271880961/original/(m=eaf8GgaaaWavb)(mh=SlZXAcqTihMBi-Rs)3.jpg;https://ei.phncdn.com/videos/201912/28/271880961/original/(m=eaf8GgaaaWavb)(mh=SlZXAcqTihMBi-Rs)4.jpg;https://ei.phncdn.com/videos/201912/28/271880961/original/(m=eaf8GgaaaWavb)(mh=SlZXAcqTihMBi-Rs)5.jpg;https://ei.phncdn.com/videos/201912/28/271880961/original/(m=eaf8GgaaaWavb)(mh=SlZXAcqTihMBi-Rs)6.jpg;https://ei.phncdn.com/videos/201912/28/271880961/original/(m=eaf8GgaaaWavb)(mh=SlZXAcqTihMBi-Rs)7.jpg;https://ei.phncdn.com/videos/201912/28/271880961/original/(m=eaf8GgaaaWavb)(mh=SlZXAcqTihMBi-Rs)8.jpg;https://ei.phncdn.com/videos/201912/28/271880961/original/(m=eaf8GgaaaWavb)(mh=SlZXAcqTihMBi-Rs)9.jpg;https://ei.phncdn.com/videos/201912/28/271880961/original/(m=eaf8GgaaaWavb)(mh=SlZXAcqTihMBi-Rs)10.jpg;https://ei.phncdn.com/videos/201912/28/271880961/original/(m=eaf8GgaaaWavb)(mh=SlZXAcqTihMBi-Rs)11.jpg;https://ei.phncdn.com/videos/201912/28/271880961/original/(m=eaf8GgaaaWavb)(mh=SlZXAcqTihMBi-Rs)12.jpg;https://ei.phncdn.com/videos/201912/28/271880961/original/(m=eaf8GgaaaWavb)(mh=SlZXAcqTihMBi-Rs)13.jpg;https://ei.phncdn.com/videos/201912/28/271880961/original/(m=eaf8GgaaaWavb)(mh=SlZXAcqTihMBi-Rs)14.jpg;https://ei.phncdn.com/videos/201912/28/271880961/original/(m=eaf8GgaaaWavb)(mh=SlZXAcqTihMBi-Rs)15.jpg;https://ei.phncdn.com/videos/201912/28/271880961/original/(m=eaf8GgaaaWavb)(mh=SlZXAcqTihMBi-Rs)16.jpg|12 DAYS OF CHRISTMAS 12: LARS ULRICH BEATS HIS COCK WITH A TRASH CAN LID|ass-fuck;bdsm;cum;cumshot;dp;butt;big-cock;music;meme;fantano;death-grips;noise;creampie|Music||1599|604|6|1|https://ei.phncdn.com/videos/201912/28/271880961/original/(m=eaAaGwObaaamqv)(mh=cgeyaxQ_wxDdVNDT)1.jpg|https://ei.phncdn.com/videos/201912/28/271880961/original/(m=eaAaGwObaaamqv)(mh=cgeyaxQ_wxDdVNDT)1.jpg;https://ei.phncdn.com/videos/201912/28/271880961/original/(m=eaAaGwObaaamqv)(mh=cgeyaxQ_wxDdVNDT)2.jpg;https://ei.phncdn.com/videos/201912/28/271880961/original/(m=eaAaGwObaaamqv)(mh=cgeyaxQ_wxDdVNDT)3.jpg;https://ei.phncdn.com/videos/201912/28/271880961/original/(m=eaAaGwObaaamqv)(mh=cgeyaxQ_wxDdVNDT)4.jpg;https://ei.phncdn.com/videos/201912/28/271880961/original/(m=eaAaGwObaaamqv)(mh=cgeyaxQ_wxDdVNDT)5.jpg;https://ei.phncdn.com/videos/201912/28/271880961/original/(m=eaAaGwObaaamqv)(mh=cgeyaxQ_wxDdVNDT)6.jpg;https://ei.phncdn.com/videos/201912/28/271880961/original/(m=eaAaGwObaaamqv)(mh=cgeyaxQ_wxDdVNDT)7.jpg;https://ei.phncdn.com/videos/201912/28/271880961/original/(m=eaAaGwObaaamqv)(mh=cgeyaxQ_wxDdVNDT)8.jpg;https://ei.phncdn.com/videos/201912/28/271880961/original/(m=eaAaGwObaaamqv)(mh=cgeyaxQ_wxDdVNDT)9.jpg;https://ei.phncdn.com/videos/201912/28/271880961/original/(m=eaAaGwObaaamqv)(mh=cgeyaxQ_wxDdVNDT)10.jpg;https://ei.phncdn.com/videos/201912/28/271880961/original/(m=eaAaGwObaaamqv)(mh=cgeyaxQ_wxDdVNDT)11.jpg;https://ei.phncdn.com/videos/201912/28/271880961/original/(m=eaAaGwObaaamqv)(mh=cgeyaxQ_wxDdVNDT)12.jpg;https://ei.phncdn.com/videos/201912/28/271880961/original/(m=eaAaGwObaaamqv)(mh=cgeyaxQ_wxDdVNDT)13.jpg;https://ei.phncdn.com/videos/201912/28/271880961/original/(m=eaAaGwObaaamqv)(mh=cgeyaxQ_wxDdVNDT)14.jpg;https://ei.phncdn.com/videos/201912/28/271880961/original/(m=eaAaGwObaaamqv)(mh=cgeyaxQ_wxDdVNDT)15.jpg;https://ei.phncdn.com/videos/201912/28/271880961/original/(m=eaAaGwObaaamqv)(mh=cgeyaxQ_wxDdVNDT)16.jpg
<iframe src="https://www.pornhub.com/embed/ph5e7b25780b7fb" frameborder="0" height="481" width="608" scrolling="no"></iframe>|https://ei.phncdn.com/videos/202003/25/296529071/original/(m=eaf8GgaaaWavb)(mh=cClkUSVTVeLtZyiJ)1.jpg|https://ei.phncdn.com/videos/202003/25/296529071/original/(m=eaf8GgaaaWavb)(mh=cClkUSVTVeLtZyiJ)1.jpg;https://ei.phncdn.com/videos/202003/25/296529071/original/(m=eaf8GgaaaWavb)(mh=cClkUSVTVeLtZyiJ)2.jpg;https://ei.phncdn.com/videos/202003/25/296529071/original/(m=eaf8GgaaaWavb)(mh=cClkUSVTVeLtZyiJ)3.jpg;https://ei.phncdn.com/videos/202003/25/296529071/original/(m=eaf8GgaaaWavb)(mh=cClkUSVTVeLtZyiJ)4.jpg;https://ei.phncdn.com/videos/202003/25/296529071/original/(m=eaf8GgaaaWavb)(mh=cClkUSVTVeLtZyiJ)5.jpg;https://ei.phncdn.com/videos/202003/25/296529071/original/(m=eaf8GgaaaWavb)(mh=cClkUSVTVeLtZyiJ)6.jpg;https://ei.phncdn.com/videos/202003/25/296529071/original/(m=eaf8GgaaaWavb)(mh=cClkUSVTVeLtZyiJ)7.jpg;https://ei.phncdn.com/videos/202003/25/296529071/original/(m=eaf8GgaaaWavb)(mh=cClkUSVTVeLtZyiJ)8.jpg;https://ei.phncdn.com/videos/202003/25/296529071/original/(m=eaf8GgaaaWavb)(mh=cClkUSVTVeLtZyiJ)9.jpg;https://ei.phncdn.com/videos/202003/25/296529071/original/(m=eaf8GgaaaWavb)(mh=cClkUSVTVeLtZyiJ)10.jpg;https://ei.phncdn.com/videos/202003/25/296529071/original/(m=eaf8GgaaaWavb)(mh=cClkUSVTVeLtZyiJ)11.jpg;https://ei.phncdn.com/videos/202003/25/296529071/original/(m=eaf8GgaaaWavb)(mh=cClkUSVTVeLtZyiJ)12.jpg;https://ei.phncdn.com/videos/202003/25/296529071/original/(m=eaf8GgaaaWavb)(mh=cClkUSVTVeLtZyiJ)13.jpg;https://ei.phncdn.com/videos/202003/25/296529071/original/(m=eaf8GgaaaWavb)(mh=cClkUSVTVeLtZyiJ)14.jpg;https://ei.phncdn.com/videos/202003/25/296529071/original/(m=eaf8GgaaaWavb)(mh=cClkUSVTVeLtZyiJ)15.jpg;https://ei.phncdn.com/videos/202003/25/296529071/original/(m=eaf8GgaaaWavb)(mh=cClkUSVTVeLtZyiJ)16.jpg|DAUGHTERS - YOU WONT CUM IN WHAT YOU WANT - IF U LISTEN 2 THIS U R A VIRGIN|ass-fuck;bdsm;cum;cumshot;dp;cums;hot;fuck;porn;sex;music;album;anal;pussy;big;dick|Music||2713|2108|2|6|https://ei.phncdn.com/videos/202003/25/296529071/original/(m=eaAaGwObaaamqv)(mh=Lauj9rGKVwP9FEM3)1.jpg|https://ei.phncdn.com/videos/202003/25/296529071/original/(m=eaAaGwObaaamqv)(mh=Lauj9rGKVwP9FEM3)1.jpg;https://ei.phncdn.com/videos/202003/25/296529071/original/(m=eaAaGwObaaamqv)(mh=Lauj9rGKVwP9FEM3)2.jpg;https://ei.phncdn.com/videos/202003/25/296529071/original/(m=eaAaGwObaaamqv)(mh=Lauj9rGKVwP9FEM3)3.jpg;https://ei.phncdn.com/videos/202003/25/296529071/original/(m=eaAaGwObaaamqv)(mh=Lauj9rGKVwP9FEM3)4.jpg;https://ei.phncdn.com/videos/202003/25/296529071/original/(m=eaAaGwObaaamqv)(mh=Lauj9rGKVwP9FEM3)5.jpg;https://ei.phncdn.com/videos/202003/25/296529071/original/(m=eaAaGwObaaamqv)(mh=Lauj9rGKVwP9FEM3)6.jpg;https://ei.phncdn.com/videos/202003/25/296529071/original/(m=eaAaGwObaaamqv)(mh=Lauj9rGKVwP9FEM3)7.jpg;https://ei.phncdn.com/videos/202003/25/296529071/original/(m=eaAaGwObaaamqv)(mh=Lauj9rGKVwP9FEM3)8.jpg;https://ei.phncdn.com/videos/202003/25/296529071/original/(m=eaAaGwObaaamqv)(mh=Lauj9rGKVwP9FEM3)9.jpg;https://ei.phncdn.com/videos/202003/25/296529071/original/(m=eaAaGwObaaamqv)(mh=Lauj9rGKVwP9FEM3)10.jpg;https://ei.phncdn.com/videos/202003/25/296529071/original/(m=eaAaGwObaaamqv)(mh=Lauj9rGKVwP9FEM3)11.jpg;https://ei.phncdn.com/videos/202003/25/296529071/original/(m=eaAaGwObaaamqv)(mh=Lauj9rGKVwP9FEM3)12.jpg;https://ei.phncdn.com/videos/202003/25/296529071/original/(m=eaAaGwObaaamqv)(mh=Lauj9rGKVwP9FEM3)13.jpg;https://ei.phncdn.com/videos/202003/25/296529071/original/(m=eaAaGwObaaamqv)(mh=Lauj9rGKVwP9FEM3)14.jpg;https://ei.phncdn.com/videos/202003/25/296529071/original/(m=eaAaGwObaaamqv)(mh=Lauj9rGKVwP9FEM3)15.jpg;https://ei.phncdn.com/videos/202003/25/296529071/original/(m=eaAaGwObaaamqv)(mh=Lauj9rGKVwP9FEM3)16.jpg
<iframe src="https://www.pornhub.com/embed/5eae0f69ec5c6" frameborder="0" height="481" width="608" scrolling="no"></iframe>|https://ei.phncdn.com/videos/202005/03/309714061/original/(m=eaf8GgaaaWavb)(mh=omKcpPA5_5iGhiDW)11.jpg|https://ei.phncdn.com/videos/202005/03/309714061/original/(m=eaf8GgaaaWavb)(mh=omKcpPA5_5iGhiDW)1.jpg;https://ei.phncdn.com/videos/202005/03/309714061/original/(m=eaf8GgaaaWavb)(mh=omKcpPA5_5iGhiDW)2.jpg;https://ei.phncdn.com/videos/202005/03/309714061/original/(m=eaf8GgaaaWavb)(mh=omKcpPA5_5iGhiDW)3.jpg;https://ei.phncdn.com/videos/202005/03/309714061/original/(m=eaf8GgaaaWavb)(mh=omKcpPA5_5iGhiDW)4.jpg;https://ei.phncdn.com/videos/202005/03/309714061/original/(m=eaf8GgaaaWavb)(mh=omKcpPA5_5iGhiDW)5.jpg;https://ei.phncdn.com/videos/202005/03/309714061/original/(m=eaf8GgaaaWavb)(mh=omKcpPA5_5iGhiDW)6.jpg;https://ei.phncdn.com/videos/202005/03/309714061/original/(m=eaf8GgaaaWavb)(mh=omKcpPA5_5iGhiDW)7.jpg;https://ei.phncdn.com/videos/202005/03/309714061/original/(m=eaf8GgaaaWavb)(mh=omKcpPA5_5iGhiDW)8.jpg;https://ei.phncdn.com/videos/202005/03/309714061/original/(m=eaf8GgaaaWavb)(mh=omKcpPA5_5iGhiDW)9.jpg;https://ei.phncdn.com/videos/202005/03/309714061/original/(m=eaf8GgaaaWavb)(mh=omKcpPA5_5iGhiDW)10.jpg;https://ei.phncdn.com/videos/202005/03/309714061/original/(m=eaf8GgaaaWavb)(mh=omKcpPA5_5iGhiDW)11.jpg;https://ei.phncdn.com/videos/202005/03/309714061/original/(m=eaf8GgaaaWavb)(mh=omKcpPA5_5iGhiDW)12.jpg;https://ei.phncdn.com/videos/202005/03/309714061/original/(m=eaf8GgaaaWavb)(mh=omKcpPA5_5iGhiDW)13.jpg;https://ei.phncdn.com/videos/202005/03/309714061/original/(m=eaf8GgaaaWavb)(mh=omKcpPA5_5iGhiDW)14.jpg;https://ei.phncdn.com/videos/202005/03/309714061/original/(m=eaf8GgaaaWavb)(mh=omKcpPA5_5iGhiDW)15.jpg;https://ei.phncdn.com/videos/202005/03/309714061/original/(m=eaf8GgaaaWavb)(mh=omKcpPA5_5iGhiDW)16.jpg|im-so-horny need|im-so-horny;need|Music;Verified Amateurs;Solo Female||166|3|||https://ei.phncdn.com/videos/202005/03/309714061/original/(m=eaAaGwObaaamqv)(mh=lWzuCLCLRW-uP2VQ)11.jpg|https://ei.phncdn.com/videos/202005/03/309714061/original/(m=eaAaGwObaaamqv)(mh=lWzuCLCLRW-uP2VQ)1.jpg;https://ei.phncdn.com/videos/202005/03/309714061/original/(m=eaAaGwObaaamqv)(mh=lWzuCLCLRW-uP2VQ)2.jpg;https://ei.phncdn.com/videos/202005/03/309714061/original/(m=eaAaGwObaaamqv)(mh=lWzuCLCLRW-uP2VQ)3.jpg;https://ei.phncdn.com/videos/202005/03/309714061/original/(m=eaAaGwObaaamqv)(mh=lWzuCLCLRW-uP2VQ)4.jpg;https://ei.phncdn.com/videos/202005/03/309714061/original/(m=eaAaGwObaaamqv)(mh=lWzuCLCLRW-uP2VQ)5.jpg;https://ei.phncdn.com/videos/202005/03/309714061/original/(m=eaAaGwObaaamqv)(mh=lWzuCLCLRW-uP2VQ)6.jpg;https://ei.phncdn.com/videos/202005/03/309714061/original/(m=eaAaGwObaaamqv)(mh=lWzuCLCLRW-uP2VQ)7.jpg;https://ei.phncdn.com/videos/202005/03/309714061/original/(m=eaAaGwObaaamqv)(mh=lWzuCLCLRW-uP2VQ)8.jpg;https://ei.phncdn.com/videos/202005/03/309714061/original/(m=eaAaGwObaaamqv)(mh=lWzuCLCLRW-uP2VQ)9.jpg;https://ei.phncdn.com/videos/202005/03/309714061/original/(m=eaAaGwObaaamqv)(mh=lWzuCLCLRW-uP2VQ)10.jpg;https://ei.phncdn.com/videos/202005/03/309714061/original/(m=eaAaGwObaaamqv)(mh=lWzuCLCLRW-uP2VQ)11.jpg;https://ei.phncdn.com/videos/202005/03/309714061/original/(m=eaAaGwObaaamqv)(mh=lWzuCLCLRW-uP2VQ)12.jpg;https://ei.phncdn.com/videos/202005/03/309714061/original/(m=eaAaGwObaaamqv)(mh=lWzuCLCLRW-uP2VQ)13.jpg;https://ei.phncdn.com/videos/202005/03/309714061/original/(m=eaAaGwObaaamqv)(mh=lWzuCLCLRW-uP2VQ)14.jpg;https://ei.phncdn.com/videos/202005/03/309714061/original/(m=eaAaGwObaaamqv)(mh=lWzuCLCLRW-uP2VQ)15.jpg;https://ei.phncdn.com/videos/202005/03/309714061/original/(m=eaAaGwObaaamqv)(mh=lWzuCLCLRW-uP2VQ)16.jpg
<iframe src="https://www.pornhub.com/embed/ph5fc0aad1e4248" frameborder="0" height="481" width="608" scrolling="no"></iframe>|https://ei.phncdn.com/videos/202011/27/374261262/original/(m=eaf8GgaaaWavb)(mh=TCwVMzghSJuyzZVs)6.jpg|https://ei.phncdn.com/videos/202011/27/374261262/original/(m=eaf8GgaaaWavb)(mh=TCwVMzghSJuyzZVs)1.jpg;https://ei.phncdn.com/videos/202011/27/374261262/original/(m=eaf8GgaaaWavb)(mh=TCwVMzghSJuyzZVs)2.jpg;https://ei.phncdn.com/videos/202011/27/374261262/original/(m=eaf8GgaaaWavb)(mh=TCwVMzghSJuyzZVs)3.jpg;https://ei.phncdn.com/videos/202011/27/374261262/original/(m=eaf8GgaaaWavb)(mh=TCwVMzghSJuyzZVs)4.jpg;https://ei.phncdn.com/videos/202011/27/374261262/original/(m=eaf8GgaaaWavb)(mh=TCwVMzghSJuyzZVs)5.jpg;https://ei.phncdn.com/videos/202011/27/374261262/original/(m=eaf8GgaaaWavb)(mh=TCwVMzghSJuyzZVs)6.jpg;https://ei.phncdn.com/videos/202011/27/374261262/original/(m=eaf8GgaaaWavb)(mh=TCwVMzghSJuyzZVs)7.jpg;https://ei.phncdn.com/videos/202011/27/374261262/original/(m=eaf8GgaaaWavb)(mh=TCwVMzghSJuyzZVs)8.jpg;https://ei.phncdn.com/videos/202011/27/374261262/original/(m=eaf8GgaaaWavb)(mh=TCwVMzghSJuyzZVs)9.jpg;https://ei.phncdn.com/videos/202011/27/374261262/original/(m=eaf8GgaaaWavb)(mh=TCwVMzghSJuyzZVs)10.jpg;https://ei.phncdn.com/videos/202011/27/374261262/original/(m=eaf8GgaaaWavb)(mh=TCwVMzghSJuyzZVs)11.jpg;https://ei.phncdn.com/videos/202011/27/374261262/original/(m=eaf8GgaaaWavb)(mh=TCwVMzghSJuyzZVs)12.jpg;https://ei.phncdn.com/videos/202011/27/374261262/original/(m=eaf8GgaaaWavb)(mh=TCwVMzghSJuyzZVs)13.jpg;https://ei.phncdn.com/videos/202011/27/374261262/original/(m=eaf8GgaaaWavb)(mh=TCwVMzghSJuyzZVs)14.jpg;https://ei.phncdn.com/videos/202011/27/374261262/original/(m=eaf8GgaaaWavb)(mh=TCwVMzghSJuyzZVs)15.jpg;https://ei.phncdn.com/videos/202011/27/374261262/original/(m=eaf8GgaaaWavb)(mh=TCwVMzghSJuyzZVs)16.jpg|Minute Of Some Space by Redwater (feat. Axiom & Rxxann)|austin-tx;texas;electronic-music;hip-hop;redwater;rxxann;axiom|Music||277|148|1|0|https://ei.phncdn.com/videos/202011/27/374261262/original/(m=eaAaGwObaaamqv)(mh=3mbxnGZaxILreDNG)6.jpg|https://ei.phncdn.com/videos/202011/27/374261262/original/(m=eaAaGwObaaamqv)(mh=3mbxnGZaxILreDNG)1.jpg;https://ei.phncdn.com/videos/202011/27/374261262/original/(m=eaAaGwObaaamqv)(mh=3mbxnGZaxILreDNG)2.jpg;https://ei.phncdn.com/videos/202011/27/374261262/original/(m=eaAaGwObaaamqv)(mh=3mbxnGZaxILreDNG)3.jpg;https://ei.phncdn.com/videos/202011/27/374261262/original/(m=eaAaGwObaaamqv)(mh=3mbxnGZaxILreDNG)4.jpg;https://ei.phncdn.com/videos/202011/27/374261262/original/(m=eaAaGwObaaamqv)(mh=3mbxnGZaxILreDNG)5.jpg;https://ei.phncdn.com/videos/202011/27/374261262/original/(m=eaAaGwObaaamqv)(mh=3mbxnGZaxILreDNG)6.jpg;https://ei.phncdn.com/videos/202011/27/374261262/original/(m=eaAaGwObaaamqv)(mh=3mbxnGZaxILreDNG)7.jpg;https://ei.phncdn.com/videos/202011/27/374261262/original/(m=eaAaGwObaaamqv)(mh=3mbxnGZaxILreDNG)8.jpg;https://ei.phncdn.com/videos/202011/27/374261262/original/(m=eaAaGwObaaamqv)(mh=3mbxnGZaxILreDNG)9.jpg;https://ei.phncdn.com/videos/202011/27/374261262/original/(m=eaAaGwObaaamqv)(mh=3mbxnGZaxILreDNG)10.jpg;https://ei.phncdn.com/videos/202011/27/374261262/original/(m=eaAaGwObaaamqv)(mh=3mbxnGZaxILreDNG)11.jpg;https://ei.phncdn.com/videos/202011/27/374261262/original/(m=eaAaGwObaaamqv)(mh=3mbxnGZaxILreDNG)12.jpg;https://ei.phncdn.com/videos/202011/27/374261262/original/(m=eaAaGwObaaamqv)(mh=3mbxnGZaxILreDNG)13.jpg;https://ei.phncdn.com/videos/202011/27/374261262/original/(m=eaAaGwObaaamqv)(mh=3mbxnGZaxILreDNG)14.jpg;https://ei.phncdn.com/videos/202011/27/374261262/original/(m=eaAaGwObaaamqv)(mh=3mbxnGZaxILreDNG)15.jpg;https://ei.phncdn.com/videos/202011/27/374261262/original/(m=eaAaGwObaaamqv)(mh=3mbxnGZaxILreDNG)16.jpg
<iframe src="https://www.pornhub.com/embed/ph5ffadacad58f9" frameborder="0" height="481" width="608" scrolling="no"></iframe>|https://ei.phncdn.com/videos/202101/10/381451072/original/(m=eaf8GgaaaWavb)(mh=6zxg2UJNDgQVfQbw)16.jpg|https://ei.phncdn.com/videos/202101/10/381451072/original/(m=eaf8GgaaaWavb)(mh=6zxg2UJNDgQVfQbw)1.jpg;https://ei.phncdn.com/videos/202101/10/381451072/original/(m=eaf8GgaaaWavb)(mh=6zxg2UJNDgQVfQbw)2.jpg;https://ei.phncdn.com/videos/202101/10/381451072/original/(m=eaf8GgaaaWavb)(mh=6zxg2UJNDgQVfQbw)3.jpg;https://ei.phncdn.com/videos/202101/10/381451072/original/(m=eaf8GgaaaWavb)(mh=6zxg2UJNDgQVfQbw)4.jpg;https://ei.phncdn.com/videos/202101/10/381451072/original/(m=eaf8GgaaaWavb)(mh=6zxg2UJNDgQVfQbw)5.jpg;https://ei.phncdn.com/videos/202101/10/381451072/original/(m=eaf8GgaaaWavb)(mh=6zxg2UJNDgQVfQbw)6.jpg;https://ei.phncdn.com/videos/202101/10/381451072/original/(m=eaf8GgaaaWavb)(mh=6zxg2UJNDgQVfQbw)7.jpg;https://ei.phncdn.com/videos/202101/10/381451072/original/(m=eaf8GgaaaWavb)(mh=6zxg2UJNDgQVfQbw)8.jpg;https://ei.phncdn.com/videos/202101/10/381451072/original/(m=eaf8GgaaaWavb)(mh=6zxg2UJNDgQVfQbw)9.jpg;https://ei.phncdn.com/videos/202101/10/381451072/original/(m=eaf8GgaaaWavb)(mh=6zxg2UJNDgQVfQbw)10.jpg;https://ei.phncdn.com/videos/202101/10/381451072/original/(m=eaf8GgaaaWavb)(mh=6zxg2UJNDgQVfQbw)11.jpg;https://ei.phncdn.com/videos/202101/10/381451072/original/(m=eaf8GgaaaWavb)(mh=6zxg2UJNDgQVfQbw)12.jpg;https://ei.phncdn.com/videos/202101/10/381451072/original/(m=eaf8GgaaaWavb)(mh=6zxg2UJNDgQVfQbw)13.jpg;https://ei.phncdn.com/videos/202101/10/381451072/original/(m=eaf8GgaaaWavb)(mh=6zxg2UJNDgQVfQbw)14.jpg;https://ei.phncdn.com/videos/202101/10/381451072/original/(m=eaf8GgaaaWavb)(mh=6zxg2UJNDgQVfQbw)15.jpg;https://ei.phncdn.com/videos/202101/10/381451072/original/(m=eaf8GgaaaWavb)(mh=6zxg2UJNDgQVfQbw)16.jpg|Naked Light|naked;body|Music;Verified Amateurs;Solo Female||151|144|3|1|https://ei.phncdn.com/videos/202101/10/381451072/original/(m=eaAaGwObaaamqv)(mh=vw9q4_IhnWpUyZJo)16.jpg|https://ei.phncdn.com/videos/202101/10/381451072/original/(m=eaAaGwObaaamqv)(mh=vw9q4_IhnWpUyZJo)1.jpg;https://ei.phncdn.com/videos/202101/10/381451072/original/(m=eaAaGwObaaamqv)(mh=vw9q4_IhnWpUyZJo)2.jpg;https://ei.phncdn.com/videos/202101/10/381451072/original/(m=eaAaGwObaaamqv)(mh=vw9q4_IhnWpUyZJo)3.jpg;https://ei.phncdn.com/videos/202101/10/381451072/original/(m=eaAaGwObaaamqv)(mh=vw9q4_IhnWpUyZJo)4.jpg;https://ei.phncdn.com/videos/202101/10/381451072/original/(m=eaAaGwObaaamqv)(mh=vw9q4_IhnWpUyZJo)5.jpg;https://ei.phncdn.com/videos/202101/10/381451072/original/(m=eaAaGwObaaamqv)(mh=vw9q4_IhnWpUyZJo)6.jpg;https://ei.phncdn.com/videos/202101/10/381451072/original/(m=eaAaGwObaaamqv)(mh=vw9q4_IhnWpUyZJo)7.jpg;https://ei.phncdn.com/videos/202101/10/381451072/original/(m=eaAaGwObaaamqv)(mh=vw9q4_IhnWpUyZJo)8.jpg;https://ei.phncdn.com/videos/202101/10/381451072/original/(m=eaAaGwObaaamqv)(mh=vw9q4_IhnWpUyZJo)9.jpg;https://ei.phncdn.com/videos/202101/10/381451072/original/(m=eaAaGwObaaamqv)(mh=vw9q4_IhnWpUyZJo)10.jpg;https://ei.phncdn.com/videos/202101/10/381451072/original/(m=eaAaGwObaaamqv)(mh=vw9q4_IhnWpUyZJo)11.jpg;https://ei.phncdn.com/videos/202101/10/381451072/original/(m=eaAaGwObaaamqv)(mh=vw9q4_IhnWpUyZJo)12.jpg;https://ei.phncdn.com/videos/202101/10/381451072/original/(m=eaAaGwObaaamqv)(mh=vw9q4_IhnWpUyZJo)13.jpg;https://ei.phncdn.com/videos/202101/10/381451072/original/(m=eaAaGwObaaamqv)(mh=vw9q4_IhnWpUyZJo)14.jpg;https://ei.phncdn.com/videos/202101/10/381451072/original/(m=eaAaGwObaaamqv)(mh=vw9q4_IhnWpUyZJo)15.jpg;https://ei.phncdn.com/videos/202101/10/381451072/original/(m=eaAaGwObaaamqv)(mh=vw9q4_IhnWpUyZJo)16.jpg
<iframe src="https://www.pornhub.com/embed/ph5ffc5347865cb" frameborder="0" height="481" width="608" scrolling="no"></iframe>|https://ei.phncdn.com/videos/202101/11/381527502/original/(m=eaf8GgaaaWavb)(mh=v7Nuy83E7Oq5yzy7)15.jpg|https://ei.phncdn.com/videos/202101/11/381527502/original/(m=eaf8GgaaaWavb)(mh=v7Nuy83E7Oq5yzy7)1.jpg;https://ei.phncdn.com/videos/202101/11/381527502/original/(m=eaf8GgaaaWavb)(mh=v7Nuy83E7Oq5yzy7)2.jpg;https://ei.phncdn.com/videos/202101/11/381527502/original/(m=eaf8GgaaaWavb)(mh=v7Nuy83E7Oq5yzy7)3.jpg;https://ei.phncdn.com/videos/202101/11/381527502/original/(m=eaf8GgaaaWavb)(mh=v7Nuy83E7Oq5yzy7)4.jpg;https://ei.phncdn.com/videos/202101/11/381527502/original/(m=eaf8GgaaaWavb)(mh=v7Nuy83E7Oq5yzy7)5.jpg;https://ei.phncdn.com/videos/202101/11/381527502/original/(m=eaf8GgaaaWavb)(mh=v7Nuy83E7Oq5yzy7)6.jpg;https://ei.phncdn.com/videos/202101/11/381527502/original/(m=eaf8GgaaaWavb)(mh=v7Nuy83E7Oq5yzy7)7.jpg;https://ei.phncdn.com/videos/202101/11/381527502/original/(m=eaf8GgaaaWavb)(mh=v7Nuy83E7Oq5yzy7)8.jpg;https://ei.phncdn.com/videos/202101/11/381527502/original/(m=eaf8GgaaaWavb)(mh=v7Nuy83E7Oq5yzy7)9.jpg;https://ei.phncdn.com/videos/202101/11/381527502/original/(m=eaf8GgaaaWavb)(mh=v7Nuy83E7Oq5yzy7)10.jpg;https://ei.phncdn.com/videos/202101/11/381527502/original/(m=eaf8GgaaaWavb)(mh=v7Nuy83E7Oq5yzy7)11.jpg;https://ei.phncdn.com/videos/202101/11/381527502/original/(m=eaf8GgaaaWavb)(mh=v7Nuy83E7Oq5yzy7)12.jpg;https://ei.phncdn.com/videos/202101/11/381527502/original/(m=eaf8GgaaaWavb)(mh=v7Nuy83E7Oq5yzy7)13.jpg;https://ei.phncdn.com/videos/202101/11/381527502/original/(m=eaf8GgaaaWavb)(mh=v7Nuy83E7Oq5yzy7)14.jpg;https://ei.phncdn.com/videos/202101/11/381527502/original/(m=eaf8GgaaaWavb)(mh=v7Nuy83E7Oq5yzy7)15.jpg;https://ei.phncdn.com/videos/202101/11/381527502/original/(m=eaf8GgaaaWavb)(mh=v7Nuy83E7Oq5yzy7)16.jpg|Rick On Hard|wet;hot|Music;Verified Amateurs;Solo Female;Vertical Video||153|21|||https://ei.phncdn.com/videos/202101/11/381527502/original/(m=eaAaGwObaaamqv)(mh=A9t-BlOVVa7M0pxE)15.jpg|https://ei.phncdn.com/videos/202101/11/381527502/original/(m=eaAaGwObaaamqv)(mh=A9t-BlOVVa7M0pxE)1.jpg;https://ei.phncdn.com/videos/202101/11/381527502/original/(m=eaAaGwObaaamqv)(mh=A9t-BlOVVa7M0pxE)2.jpg;https://ei.phncdn.com/videos/202101/11/381527502/original/(m=eaAaGwObaaamqv)(mh=A9t-BlOVVa7M0pxE)3.jpg;https://ei.phncdn.com/videos/202101/11/381527502/original/(m=eaAaGwObaaamqv)(mh=A9t-BlOVVa7M0pxE)4.jpg;https://ei.phncdn.com/videos/202101/11/381527502/original/(m=eaAaGwObaaamqv)(mh=A9t-BlOVVa7M0pxE)5.jpg;https://ei.phncdn.com/videos/202101/11/381527502/original/(m=eaAaGwObaaamqv)(mh=A9t-BlOVVa7M0pxE)6.jpg;https://ei.phncdn.com/videos/202101/11/381527502/original/(m=eaAaGwObaaamqv)(mh=A9t-BlOVVa7M0pxE)7.jpg;https://ei.phncdn.com/videos/202101/11/381527502/original/(m=eaAaGwObaaamqv)(mh=A9t-BlOVVa7M0pxE)8.jpg;https://ei.phncdn.com/videos/202101/11/381527502/original/(m=eaAaGwObaaamqv)(mh=A9t-BlOVVa7M0pxE)9.jpg;https://ei.phncdn.com/videos/202101/11/381527502/original/(m=eaAaGwObaaamqv)(mh=A9t-BlOVVa7M0pxE)10.jpg;https://ei.phncdn.com/videos/202101/11/381527502/original/(m=eaAaGwObaaamqv)(mh=A9t-BlOVVa7M0pxE)11.jpg;https://ei.phncdn.com/videos/202101/11/381527502/original/(m=eaAaGwObaaamqv)(mh=A9t-BlOVVa7M0pxE)12.jpg;https://ei.phncdn.com/videos/202101/11/381527502/original/(m=eaAaGwObaaamqv)(mh=A9t-BlOVVa7M0pxE)13.jpg;https://ei.phncdn.com/videos/202101/11/381527502/original/(m=eaAaGwObaaamqv)(mh=A9t-BlOVVa7M0pxE)14.jpg;https://ei.phncdn.com/videos/202101/11/381527502/original/(m=eaAaGwObaaamqv)(mh=A9t-BlOVVa7M0pxE)15.jpg;https://ei.phncdn.com/videos/202101/11/381527502/original/(m=eaAaGwObaaamqv)(mh=A9t-BlOVVa7M0pxE)16.jpg
<iframe src="https://www.pornhub.com/embed/ph60019dadafac2" frameborder="0" height="481" width="608" scrolling="no"></iframe>|https://ei.phncdn.com/videos/202101/15/381805302/original/(m=eaf8GgaaaWavb)(mh=LwATnsHD6VHX_bJz)16.jpg|https://ei.phncdn.com/videos/202101/15/381805302/original/(m=eaf8GgaaaWavb)(mh=LwATnsHD6VHX_bJz)1.jpg;https://ei.phncdn.com/videos/202101/15/381805302/original/(m=eaf8GgaaaWavb)(mh=LwATnsHD6VHX_bJz)2.jpg;https://ei.phncdn.com/videos/202101/15/381805302/original/(m=eaf8GgaaaWavb)(mh=LwATnsHD6VHX_bJz)3.jpg;https://ei.phncdn.com/videos/202101/15/381805302/original/(m=eaf8GgaaaWavb)(mh=LwATnsHD6VHX_bJz)4.jpg;https://ei.phncdn.com/videos/202101/15/381805302/original/(m=eaf8GgaaaWavb)(mh=LwATnsHD6VHX_bJz)5.jpg;https://ei.phncdn.com/videos/202101/15/381805302/original/(m=eaf8GgaaaWavb)(mh=LwATnsHD6VHX_bJz)6.jpg;https://ei.phncdn.com/videos/202101/15/381805302/original/(m=eaf8GgaaaWavb)(mh=LwATnsHD6VHX_bJz)7.jpg;https://ei.phncdn.com/videos/202101/15/381805302/original/(m=eaf8GgaaaWavb)(mh=LwATnsHD6VHX_bJz)8.jpg;https://ei.phncdn.com/videos/202101/15/381805302/original/(m=eaf8GgaaaWavb)(mh=LwATnsHD6VHX_bJz)9.jpg;https://ei.phncdn.com/videos/202101/15/381805302/original/(m=eaf8GgaaaWavb)(mh=LwATnsHD6VHX_bJz)10.jpg;https://ei.phncdn.com/videos/202101/15/381805302/original/(m=eaf8GgaaaWavb)(mh=LwATnsHD6VHX_bJz)11.jpg;https://ei.phncdn.com/videos/202101/15/381805302/original/(m=eaf8GgaaaWavb)(mh=LwATnsHD6VHX_bJz)12.jpg;https://ei.phncdn.com/videos/202101/15/381805302/original/(m=eaf8GgaaaWavb)(mh=LwATnsHD6VHX_bJz)13.jpg;https://ei.phncdn.com/videos/202101/15/381805302/original/(m=eaf8GgaaaWavb)(mh=LwATnsHD6VHX_bJz)14.jpg;https://ei.phncdn.com/videos/202101/15/381805302/original/(m=eaf8GgaaaWavb)(mh=LwATnsHD6VHX_bJz)15.jpg;https://ei.phncdn.com/videos/202101/15/381805302/original/(m=eaf8GgaaaWavb)(mh=LwATnsHD6VHX_bJz)16.jpg|Voo Doo|music;jimmy-hendrix|Music;Verified Amateurs;Solo Female;Vertical Video||158|204|5|3|https://ei.phncdn.com/videos/202101/15/381805302/original/(m=eaAaGwObaaamqv)(mh=TLo91sCocr2PM_UB)16.jpg|https://ei.phncdn.com/videos/202101/15/381805302/original/(m=eaAaGwObaaamqv)(mh=TLo91sCocr2PM_UB)1.jpg;https://ei.phncdn.com/videos/202101/15/381805302/original/(m=eaAaGwObaaamqv)(mh=TLo91sCocr2PM_UB)2.jpg;https://ei.phncdn.com/videos/202101/15/381805302/original/(m=eaAaGwObaaamqv)(mh=TLo91sCocr2PM_UB)3.jpg;https://ei.phncdn.com/videos/202101/15/381805302/original/(m=eaAaGwObaaamqv)(mh=TLo91sCocr2PM_UB)4.jpg;https://ei.phncdn.com/videos/202101/15/381805302/original/(m=eaAaGwObaaamqv)(mh=TLo91sCocr2PM_UB)5.jpg;https://ei.phncdn.com/videos/202101/15/381805302/original/(m=eaAaGwObaaamqv)(mh=TLo91sCocr2PM_UB)6.jpg;https://ei.phncdn.com/videos/202101/15/381805302/original/(m=eaAaGwObaaamqv)(mh=TLo91sCocr2PM_UB)7.jpg;https://ei.phncdn.com/videos/202101/15/381805302/original/(m=eaAaGwObaaamqv)(mh=TLo91sCocr2PM_UB)8.jpg;https://ei.phncdn.com/videos/202101/15/381805302/original/(m=eaAaGwObaaamqv)(mh=TLo91sCocr2PM_UB)9.jpg;https://ei.phncdn.com/videos/202101/15/381805302/original/(m=eaAaGwObaaamqv)(mh=TLo91sCocr2PM_UB)10.jpg;https://ei.phncdn.com/videos/202101/15/381805302/original/(m=eaAaGwObaaamqv)(mh=TLo91sCocr2PM_UB)11.jpg;https://ei.phncdn.com/videos/202101/15/381805302/original/(m=eaAaGwObaaamqv)(mh=TLo91sCocr2PM_UB)12.jpg;https://ei.phncdn.com/videos/202101/15/381805302/original/(m=eaAaGwObaaamqv)(mh=TLo91sCocr2PM_UB)13.jpg;https://ei.phncdn.com/videos/202101/15/381805302/original/(m=eaAaGwObaaamqv)(mh=TLo91sCocr2PM_UB)14.jpg;https://ei.phncdn.com/videos/202101/15/381805302/original/(m=eaAaGwObaaamqv)(mh=TLo91sCocr2PM_UB)15.jpg;https://ei.phncdn.com/videos/202101/15/381805302/original/(m=eaAaGwObaaamqv)(mh=TLo91sCocr2PM_UB)16.jpg
<iframe src="https://www.pornhub.com/embed/6031af40ebb67" frameborder="0" height="481" width="608" scrolling="no"></iframe>|https://ei.phncdn.com/videos/202102/21/383975932/original/(m=eaf8GgaaaWavb)(mh=K2f0ZFo3gqeDdubL)12.jpg|https://ei.phncdn.com/videos/202102/21/383975932/original/(m=eaf8GgaaaWavb)(mh=K2f0ZFo3gqeDdubL)1.jpg;https://ei.phncdn.com/videos/202102/21/383975932/original/(m=eaf8GgaaaWavb)(mh=K2f0ZFo3gqeDdubL)2.jpg;https://ei.phncdn.com/videos/202102/21/383975932/original/(m=eaf8GgaaaWavb)(mh=K2f0ZFo3gqeDdubL)3.jpg;https://ei.phncdn.com/videos/202102/21/383975932/original/(m=eaf8GgaaaWavb)(mh=K2f0ZFo3gqeDdubL)4.jpg;https://ei.phncdn.com/videos/202102/21/383975932/original/(m=eaf8GgaaaWavb)(mh=K2f0ZFo3gqeDdubL)5.jpg;https://ei.phncdn.com/videos/202102/21/383975932/original/(m=eaf8GgaaaWavb)(mh=K2f0ZFo3gqeDdubL)6.jpg;https://ei.phncdn.com/videos/202102/21/383975932/original/(m=eaf8GgaaaWavb)(mh=K2f0ZFo3gqeDdubL)7.jpg;https://ei.phncdn.com/videos/202102/21/383975932/original/(m=eaf8GgaaaWavb)(mh=K2f0ZFo3gqeDdubL)8.jpg;https://ei.phncdn.com/videos/202102/21/383975932/original/(m=eaf8GgaaaWavb)(mh=K2f0ZFo3gqeDdubL)9.jpg;https://ei.phncdn.com/videos/202102/21/383975932/original/(m=eaf8GgaaaWavb)(mh=K2f0ZFo3gqeDdubL)10.jpg;https://ei.phncdn.com/videos/202102/21/383975932/original/(m=eaf8GgaaaWavb)(mh=K2f0ZFo3gqeDdubL)11.jpg;https://ei.phncdn.com/videos/202102/21/383975932/original/(m=eaf8GgaaaWavb)(mh=K2f0ZFo3gqeDdubL)12.jpg;https://ei.phncdn.com/videos/202102/21/383975932/original/(m=eaf8GgaaaWavb)(mh=K2f0ZFo3gqeDdubL)13.jpg;https://ei.phncdn.com/videos/202102/21/383975932/original/(m=eaf8GgaaaWavb)(mh=K2f0ZFo3gqeDdubL)14.jpg;https://ei.phncdn.com/videos/202102/21/383975932/original/(m=eaf8GgaaaWavb)(mh=K2f0ZFo3gqeDdubL)15.jpg;https://ei.phncdn.com/videos/202102/21/383975932/original/(m=eaf8GgaaaWavb)(mh=K2f0ZFo3gqeDdubL)16.jpg|Dancing|dancing;solo|Music;Verified Amateurs;Solo Female||151|0|||https://ei.phncdn.com/videos/202102/21/383975932/original/(m=eaAaGwObaaamqv)(mh=MJPGXiQtoRy8bOai)12.jpg|https://ei.phncdn.com/videos/202102/21/383975932/original/(m=eaAaGwObaaamqv)(mh=MJPGXiQtoRy8bOai)1.jpg;https://ei.phncdn.com/videos/202102/21/383975932/original/(m=eaAaGwObaaamqv)(mh=MJPGXiQtoRy8bOai)2.jpg;https://ei.phncdn.com/videos/202102/21/383975932/original/(m=eaAaGwObaaamqv)(mh=MJPGXiQtoRy8bOai)3.jpg;https://ei.phncdn.com/videos/202102/21/383975932/original/(m=eaAaGwObaaamqv)(mh=MJPGXiQtoRy8bOai)4.jpg;https://ei.phncdn.com/videos/202102/21/383975932/original/(m=eaAaGwObaaamqv)(mh=MJPGXiQtoRy8bOai)5.jpg;https://ei.phncdn.com/videos/202102/21/383975932/original/(m=eaAaGwObaaamqv)(mh=MJPGXiQtoRy8bOai)6.jpg;https://ei.phncdn.com/videos/202102/21/383975932/original/(m=eaAaGwObaaamqv)(mh=MJPGXiQtoRy8bOai)7.jpg;https://ei.phncdn.com/videos/202102/21/383975932/original/(m=eaAaGwObaaamqv)(mh=MJPGXiQtoRy8bOai)8.jpg;https://ei.phncdn.com/videos/202102/21/383975932/original/(m=eaAaGwObaaamqv)(mh=MJPGXiQtoRy8bOai)9.jpg;https://ei.phncdn.com/videos/202102/21/383975932/original/(m=eaAaGwObaaamqv)(mh=MJPGXiQtoRy8bOai)10.jpg;https://ei.phncdn.com/videos/202102/21/383975932/original/(m=eaAaGwObaaamqv)(mh=MJPGXiQtoRy8bOai)11.jpg;https://ei.phncdn.com/videos/202102/21/383975932/original/(m=eaAaGwObaaamqv)(mh=MJPGXiQtoRy8bOai)12.jpg;https://ei.phncdn.com/videos/202102/21/383975932/original/(m=eaAaGwObaaamqv)(mh=MJPGXiQtoRy8bOai)13.jpg;https://ei.phncdn.com/videos/202102/21/383975932/original/(m=eaAaGwObaaamqv)(mh=MJPGXiQtoRy8bOai)14.jpg;https://ei.phncdn.com/videos/202102/21/383975932/original/(m=eaAaGwObaaamqv)(mh=MJPGXiQtoRy8bOai)15.jpg;https://ei.phncdn.com/videos/202102/21/383975932/original/(m=eaAaGwObaaamqv)(mh=MJPGXiQtoRy8bOai)16.jpg
<iframe src="https://www.pornhub.com/embed/ph60a31fae3672b" frameborder="0" height="481" width="608" scrolling="no"></iframe>|https://ei.phncdn.com/videos/202105/18/388196201/original/(m=eaf8GgaaaWavb)(mh=xy94WZi-H5mt_Vjx)14.jpg|https://ei.phncdn.com/videos/202105/18/388196201/original/(m=eaf8GgaaaWavb)(mh=xy94WZi-H5mt_Vjx)1.jpg;https://ei.phncdn.com/videos/202105/18/388196201/original/(m=eaf8GgaaaWavb)(mh=xy94WZi-H5mt_Vjx)2.jpg;https://ei.phncdn.com/videos/202105/18/388196201/original/(m=eaf8GgaaaWavb)(mh=xy94WZi-H5mt_Vjx)3.jpg;https://ei.phncdn.com/videos/202105/18/388196201/original/(m=eaf8GgaaaWavb)(mh=xy94WZi-H5mt_Vjx)4.jpg;https://ei.phncdn.com/videos/202105/18/388196201/original/(m=eaf8GgaaaWavb)(mh=xy94WZi-H5mt_Vjx)5.jpg;https://ei.phncdn.com/videos/202105/18/388196201/original/(m=eaf8GgaaaWavb)(mh=xy94WZi-H5mt_Vjx)6.jpg;https://ei.phncdn.com/videos/202105/18/388196201/original/(m=eaf8GgaaaWavb)(mh=xy94WZi-H5mt_Vjx)7.jpg;https://ei.phncdn.com/videos/202105/18/388196201/original/(m=eaf8GgaaaWavb)(mh=xy94WZi-H5mt_Vjx)8.jpg;https://ei.phncdn.com/videos/202105/18/388196201/original/(m=eaf8GgaaaWavb)(mh=xy94WZi-H5mt_Vjx)9.jpg;https://ei.phncdn.com/videos/202105/18/388196201/original/(m=eaf8GgaaaWavb)(mh=xy94WZi-H5mt_Vjx)10.jpg;https://ei.phncdn.com/videos/202105/18/388196201/original/(m=eaf8GgaaaWavb)(mh=xy94WZi-H5mt_Vjx)11.jpg;https://ei.phncdn.com/videos/202105/18/388196201/original/(m=eaf8GgaaaWavb)(mh=xy94WZi-H5mt_Vjx)12.jpg;https://ei.phncdn.com/videos/202105/18/388196201/original/(m=eaf8GgaaaWavb)(mh=xy94WZi-H5mt_Vjx)13.jpg;https://ei.phncdn.com/videos/202105/18/388196201/original/(m=eaf8GgaaaWavb)(mh=xy94WZi-H5mt_Vjx)14.jpg;https://ei.phncdn.com/videos/202105/18/388196201/original/(m=eaf8GgaaaWavb)(mh=xy94WZi-H5mt_Vjx)15.jpg;https://ei.phncdn.com/videos/202105/18/388196201/original/(m=eaf8GgaaaWavb)(mh=xy94WZi-H5mt_Vjx)16.jpg|Presentation │ Sarahrockdaring|blondie;sexy;girl;perfect-tits;perfect-ass|Music;Verified Amateurs;Solo Female||39|159089|425|19|https://ei.phncdn.com/videos/202105/18/388196201/original/(m=eaAaGwObaaamqv)(mh=gAC6HwZt-nriPcyf)14.jpg|https://ei.phncdn.com/videos/202105/18/388196201/original/(m=eaAaGwObaaamqv)(mh=gAC6HwZt-nriPcyf)1.jpg;https://ei.phncdn.com/videos/202105/18/388196201/original/(m=eaAaGwObaaamqv)(mh=gAC6HwZt-nriPcyf)2.jpg;https://ei.phncdn.com/videos/202105/18/388196201/original/(m=eaAaGwObaaamqv)(mh=gAC6HwZt-nriPcyf)3.jpg;https://ei.phncdn.com/videos/202105/18/388196201/original/(m=eaAaGwObaaamqv)(mh=gAC6HwZt-nriPcyf)4.jpg;https://ei.phncdn.com/videos/202105/18/388196201/original/(m=eaAaGwObaaamqv)(mh=gAC6HwZt-nriPcyf)5.jpg;https://ei.phncdn.com/videos/202105/18/388196201/original/(m=eaAaGwObaaamqv)(mh=gAC6HwZt-nriPcyf)6.jpg;https://ei.phncdn.com/videos/202105/18/388196201/original/(m=eaAaGwObaaamqv)(mh=gAC6HwZt-nriPcyf)7.jpg;https://ei.phncdn.com/videos/202105/18/388196201/original/(m=eaAaGwObaaamqv)(mh=gAC6HwZt-nriPcyf)8.jpg;https://ei.phncdn.com/videos/202105/18/388196201/original/(m=eaAaGwObaaamqv)(mh=gAC6HwZt-nriPcyf)9.jpg;https://ei.phncdn.com/videos/202105/18/388196201/original/(m=eaAaGwObaaamqv)(mh=gAC6HwZt-nriPcyf)10.jpg;https://ei.phncdn.com/videos/202105/18/388196201/original/(m=eaAaGwObaaamqv)(mh=gAC6HwZt-nriPcyf)11.jpg;https://ei.phncdn.com/videos/202105/18/388196201/original/(m=eaAaGwObaaamqv)(mh=gAC6HwZt-nriPcyf)12.jpg;https://ei.phncdn.com/videos/202105/18/388196201/original/(m=eaAaGwObaaamqv)(mh=gAC6HwZt-nriPcyf)13.jpg;https://ei.phncdn.com/videos/202105/18/388196201/original/(m=eaAaGwObaaamqv)(mh=gAC6HwZt-nriPcyf)14.jpg;https://ei.phncdn.com/videos/202105/18/388196201/original/(m=eaAaGwObaaamqv)(mh=gAC6HwZt-nriPcyf)15.jpg;https://ei.phncdn.com/videos/202105/18/388196201/original/(m=eaAaGwObaaamqv)(mh=gAC6HwZt-nriPcyf)16.jpg
<iframe src="https://www.pornhub.com/embed/ph60be9a307518c" frameborder="0" height="481" width="608" scrolling="no"></iframe>|https://ei.phncdn.com/videos/202106/07/389244191/original/(m=eaf8GgaaaWavb)(mh=UU9mHzz2mY3hdsHV)1.jpg|https://ei.phncdn.com/videos/202106/07/389244191/original/(m=eaf8GgaaaWavb)(mh=UU9mHzz2mY3hdsHV)1.jpg;https://ei.phncdn.com/videos/202106/07/389244191/original/(m=eaf8GgaaaWavb)(mh=UU9mHzz2mY3hdsHV)2.jpg;https://ei.phncdn.com/videos/202106/07/389244191/original/(m=eaf8GgaaaWavb)(mh=UU9mHzz2mY3hdsHV)3.jpg;https://ei.phncdn.com/videos/202106/07/389244191/original/(m=eaf8GgaaaWavb)(mh=UU9mHzz2mY3hdsHV)4.jpg;https://ei.phncdn.com/videos/202106/07/389244191/original/(m=eaf8GgaaaWavb)(mh=UU9mHzz2mY3hdsHV)5.jpg;https://ei.phncdn.com/videos/202106/07/389244191/original/(m=eaf8GgaaaWavb)(mh=UU9mHzz2mY3hdsHV)6.jpg;https://ei.phncdn.com/videos/202106/07/389244191/original/(m=eaf8GgaaaWavb)(mh=UU9mHzz2mY3hdsHV)7.jpg;https://ei.phncdn.com/videos/202106/07/389244191/original/(m=eaf8GgaaaWavb)(mh=UU9mHzz2mY3hdsHV)8.jpg;https://ei.phncdn.com/videos/202106/07/389244191/original/(m=eaf8GgaaaWavb)(mh=UU9mHzz2mY3hdsHV)9.jpg;https://ei.phncdn.com/videos/202106/07/389244191/original/(m=eaf8GgaaaWavb)(mh=UU9mHzz2mY3hdsHV)10.jpg;https://ei.phncdn.com/videos/202106/07/389244191/original/(m=eaf8GgaaaWavb)(mh=UU9mHzz2mY3hdsHV)11.jpg;https://ei.phncdn.com/videos/202106/07/389244191/original/(m=eaf8GgaaaWavb)(mh=UU9mHzz2mY3hdsHV)12.jpg;https://ei.phncdn.com/videos/202106/07/389244191/original/(m=eaf8GgaaaWavb)(mh=UU9mHzz2mY3hdsHV)13.jpg;https://ei.phncdn.com/videos/202106/07/389244191/original/(m=eaf8GgaaaWavb)(mh=UU9mHzz2mY3hdsHV)14.jpg;https://ei.phncdn.com/videos/202106/07/389244191/original/(m=eaf8GgaaaWavb)(mh=UU9mHzz2mY3hdsHV)15.jpg;https://ei.phncdn.com/videos/202106/07/389244191/original/(m=eaf8GgaaaWavb)(mh=UU9mHzz2mY3hdsHV)16.jpg|Hot Day's (Instrumental)|otto-lee;beats;instrumentals;backround-music;beats-for-vids;otto-lee-productions;video-editing|Music||557|167|3|1|https://ei.phncdn.com/videos/202106/07/389244191/original/(m=eaAaGwObaaamqv)(mh=9dsMm0byzMFGUKiP)1.jpg|https://ei.phncdn.com/videos/202106/07/389244191/original/(m=eaAaGwObaaamqv)(mh=9dsMm0byzMFGUKiP)1.jpg;https://ei.phncdn.com/videos/202106/07/389244191/original/(m=eaAaGwObaaamqv)(mh=9dsMm0byzMFGUKiP)2.jpg;https://ei.phncdn.com/videos/202106/07/389244191/original/(m=eaAaGwObaaamqv)(mh=9dsMm0byzMFGUKiP)3.jpg;https://ei.phncdn.com/videos/202106/07/389244191/original/(m=eaAaGwObaaamqv)(mh=9dsMm0byzMFGUKiP)4.jpg;https://ei.phncdn.com/videos/202106/07/389244191/original/(m=eaAaGwObaaamqv)(mh=9dsMm0byzMFGUKiP)5.jpg;https://ei.phncdn.com/videos/202106/07/389244191/original/(m=eaAaGwObaaamqv)(mh=9dsMm0byzMFGUKiP)6.jpg;https://ei.phncdn.com/videos/202106/07/389244191/original/(m=eaAaGwObaaamqv)(mh=9dsMm0byzMFGUKiP)7.jpg;https://ei.phncdn.com/videos/202106/07/389244191/original/(m=eaAaGwObaaamqv)(mh=9dsMm0byzMFGUKiP)8.jpg;https://ei.phncdn.com/videos/202106/07/389244191/original/(m=eaAaGwObaaamqv)(mh=9dsMm0byzMFGUKiP)9.jpg;https://ei.phncdn.com/videos/202106/07/389244191/original/(m=eaAaGwObaaamqv)(mh=9dsMm0byzMFGUKiP)10.jpg;https://ei.phncdn.com/videos/202106/07/389244191/original/(m=eaAaGwObaaamqv)(mh=9dsMm0byzMFGUKiP)11.jpg;https://ei.phncdn.com/videos/202106/07/389244191/original/(m=eaAaGwObaaamqv)(mh=9dsMm0byzMFGUKiP)12.jpg;https://ei.phncdn.com/videos/202106/07/389244191/original/(m=eaAaGwObaaamqv)(mh=9dsMm0byzMFGUKiP)13.jpg;https://ei.phncdn.com/videos/202106/07/389244191/original/(m=eaAaGwObaaamqv)(mh=9dsMm0byzMFGUKiP)14.jpg;https://ei.phncdn.com/videos/202106/07/389244191/original/(m=eaAaGwObaaamqv)(mh=9dsMm0byzMFGUKiP)15.jpg;https://ei.phncdn.com/videos/202106/07/389244191/original/(m=eaAaGwObaaamqv)(mh=9dsMm0byzMFGUKiP)16.jpg
<iframe src="https://www.pornhub.com/embed/ph60bfbb4cb4b8b" frameborder="0" height="481" width="608" scrolling="no"></iframe>|https://ei.phncdn.com/videos/202106/08/389289301/original/(m=eaf8GgaaaWavb)(mh=sIEu5yLKlQdwTil-)1.jpg|https://ei.phncdn.com/videos/202106/08/389289301/original/(m=eaf8GgaaaWavb)(mh=sIEu5yLKlQdwTil-)1.jpg;https://ei.phncdn.com/videos/202106/08/389289301/original/(m=eaf8GgaaaWavb)(mh=sIEu5yLKlQdwTil-)2.jpg;https://ei.phncdn.com/videos/202106/08/389289301/original/(m=eaf8GgaaaWavb)(mh=sIEu5yLKlQdwTil-)3.jpg;https://ei.phncdn.com/videos/202106/08/389289301/original/(m=eaf8GgaaaWavb)(mh=sIEu5yLKlQdwTil-)4.jpg;https://ei.phncdn.com/videos/202106/08/389289301/original/(m=eaf8GgaaaWavb)(mh=sIEu5yLKlQdwTil-)5.jpg;https://ei.phncdn.com/videos/202106/08/389289301/original/(m=eaf8GgaaaWavb)(mh=sIEu5yLKlQdwTil-)6.jpg;https://ei.phncdn.com/videos/202106/08/389289301/original/(m=eaf8GgaaaWavb)(mh=sIEu5yLKlQdwTil-)7.jpg;https://ei.phncdn.com/videos/202106/08/389289301/original/(m=eaf8GgaaaWavb)(mh=sIEu5yLKlQdwTil-)8.jpg;https://ei.phncdn.com/videos/202106/08/389289301/original/(m=eaf8GgaaaWavb)(mh=sIEu5yLKlQdwTil-)9.jpg;https://ei.phncdn.com/videos/202106/08/389289301/original/(m=eaf8GgaaaWavb)(mh=sIEu5yLKlQdwTil-)10.jpg;https://ei.phncdn.com/videos/202106/08/389289301/original/(m=eaf8GgaaaWavb)(mh=sIEu5yLKlQdwTil-)11.jpg;https://ei.phncdn.com/videos/202106/08/389289301/original/(m=eaf8GgaaaWavb)(mh=sIEu5yLKlQdwTil-)12.jpg;https://ei.phncdn.com/videos/202106/08/389289301/original/(m=eaf8GgaaaWavb)(mh=sIEu5yLKlQdwTil-)13.jpg;https://ei.phncdn.com/videos/202106/08/389289301/original/(m=eaf8GgaaaWavb)(mh=sIEu5yLKlQdwTil-)14.jpg;https://ei.phncdn.com/videos/202106/08/389289301/original/(m=eaf8GgaaaWavb)(mh=sIEu5yLKlQdwTil-)15.jpg;https://ei.phncdn.com/videos/202106/08/389289301/original/(m=eaf8GgaaaWavb)(mh=sIEu5yLKlQdwTil-)16.jpg|I'm Different 2 Chains Remix Otto Lee & (Lethal Weapon)|otto-lee;otto-lee-productions;im-different-remix;songs;beats;beats-for-vids;video-editing;audio-engineering|Music||171|257|1|1|https://ei.phncdn.com/videos/202106/08/389289301/original/(m=eaAaGwObaaamqv)(mh=NckY-qXeuVTNShGW)1.jpg|https://ei.phncdn.com/videos/202106/08/389289301/original/(m=eaAaGwObaaamqv)(mh=NckY-qXeuVTNShGW)1.jpg;https://ei.phncdn.com/videos/202106/08/389289301/original/(m=eaAaGwObaaamqv)(mh=NckY-qXeuVTNShGW)2.jpg;https://ei.phncdn.com/videos/202106/08/389289301/original/(m=eaAaGwObaaamqv)(mh=NckY-qXeuVTNShGW)3.jpg;https://ei.phncdn.com/videos/202106/08/389289301/original/(m=eaAaGwObaaamqv)(mh=NckY-qXeuVTNShGW)4.jpg;https://ei.phncdn.com/videos/202106/08/389289301/original/(m=eaAaGwObaaamqv)(mh=NckY-qXeuVTNShGW)5.jpg;https://ei.phncdn.com/videos/202106/08/389289301/original/(m=eaAaGwObaaamqv)(mh=NckY-qXeuVTNShGW)6.jpg;https://ei.phncdn.com/videos/202106/08/389289301/original/(m=eaAaGwObaaamqv)(mh=NckY-qXeuVTNShGW)7.jpg;https://ei.phncdn.com/videos/202106/08/389289301/original/(m=eaAaGwObaaamqv)(mh=NckY-qXeuVTNShGW)8.jpg;https://ei.phncdn.com/videos/202106/08/389289301/original/(m=eaAaGwObaaamqv)(mh=NckY-qXeuVTNShGW)9.jpg;https://ei.phncdn.com/videos/202106/08/389289301/original/(m=eaAaGwObaaamqv)(mh=NckY-qXeuVTNShGW)10.jpg;https://ei.phncdn.com/videos/202106/08/389289301/original/(m=eaAaGwObaaamqv)(mh=NckY-qXeuVTNShGW)11.jpg;https://ei.phncdn.com/videos/202106/08/389289301/original/(m=eaAaGwObaaamqv)(mh=NckY-qXeuVTNShGW)12.jpg;https://ei.phncdn.com/videos/202106/08/389289301/original/(m=eaAaGwObaaamqv)(mh=NckY-qXeuVTNShGW)13.jpg;https://ei.phncdn.com/videos/202106/08/389289301/original/(m=eaAaGwObaaamqv)(mh=NckY-qXeuVTNShGW)14.jpg;https://ei.phncdn.com/videos/202106/08/389289301/original/(m=eaAaGwObaaamqv)(mh=NckY-qXeuVTNShGW)15.jpg;https://ei.phncdn.com/videos/202106/08/389289301/original/(m=eaAaGwObaaamqv)(mh=NckY-qXeuVTNShGW)16.jpg
<iframe src="https://www.pornhub.com/embed/ph60df430f6fa1f" frameborder="0" height="481" width="608" scrolling="no"></iframe>|https://ei.phncdn.com/videos/202107/02/390567321/original/(m=eaf8GgaaaWavb)(mh=kOInSLp6Bs2DFiXv)5.jpg|https://ei.phncdn.com/videos/202107/02/390567321/original/(m=eaf8GgaaaWavb)(mh=kOInSLp6Bs2DFiXv)1.jpg;https://ei.phncdn.com/videos/202107/02/390567321/original/(m=eaf8GgaaaWavb)(mh=kOInSLp6Bs2DFiXv)2.jpg;https://ei.phncdn.com/videos/202107/02/390567321/original/(m=eaf8GgaaaWavb)(mh=kOInSLp6Bs2DFiXv)3.jpg;https://ei.phncdn.com/videos/202107/02/390567321/original/(m=eaf8GgaaaWavb)(mh=kOInSLp6Bs2DFiXv)4.jpg;https://ei.phncdn.com/videos/202107/02/390567321/original/(m=eaf8GgaaaWavb)(mh=kOInSLp6Bs2DFiXv)5.jpg;https://ei.phncdn.com/videos/202107/02/390567321/original/(m=eaf8GgaaaWavb)(mh=kOInSLp6Bs2DFiXv)6.jpg;https://ei.phncdn.com/videos/202107/02/390567321/original/(m=eaf8GgaaaWavb)(mh=kOInSLp6Bs2DFiXv)7.jpg;https://ei.phncdn.com/videos/202107/02/390567321/original/(m=eaf8GgaaaWavb)(mh=kOInSLp6Bs2DFiXv)8.jpg;https://ei.phncdn.com/videos/202107/02/390567321/original/(m=eaf8GgaaaWavb)(mh=kOInSLp6Bs2DFiXv)9.jpg;https://ei.phncdn.com/videos/202107/02/390567321/original/(m=eaf8GgaaaWavb)(mh=kOInSLp6Bs2DFiXv)10.jpg;https://ei.phncdn.com/videos/202107/02/390567321/original/(m=eaf8GgaaaWavb)(mh=kOInSLp6Bs2DFiXv)11.jpg;https://ei.phncdn.com/videos/202107/02/390567321/original/(m=eaf8GgaaaWavb)(mh=kOInSLp6Bs2DFiXv)12.jpg;https://ei.phncdn.com/videos/202107/02/390567321/original/(m=eaf8GgaaaWavb)(mh=kOInSLp6Bs2DFiXv)13.jpg;https://ei.phncdn.com/videos/202107/02/390567321/original/(m=eaf8GgaaaWavb)(mh=kOInSLp6Bs2DFiXv)14.jpg;https://ei.phncdn.com/videos/202107/02/390567321/original/(m=eaf8GgaaaWavb)(mh=kOInSLp6Bs2DFiXv)15.jpg;https://ei.phncdn.com/videos/202107/02/390567321/original/(m=eaf8GgaaaWavb)(mh=kOInSLp6Bs2DFiXv)16.jpg|Dancing |dancing;fine-ass|Music;Verified Amateurs;Solo Female;Vertical Video||18|26|1|0|https://ei.phncdn.com/videos/202107/02/390567321/original/(m=eaAaGwObaaamqv)(mh=p9cV4u3jq7dX2MrX)5.jpg|https://ei.phncdn.com/videos/202107/02/390567321/original/(m=eaAaGwObaaamqv)(mh=p9cV4u3jq7dX2MrX)1.jpg;https://ei.phncdn.com/videos/202107/02/390567321/original/(m=eaAaGwObaaamqv)(mh=p9cV4u3jq7dX2MrX)2.jpg;https://ei.phncdn.com/videos/202107/02/390567321/original/(m=eaAaGwObaaamqv)(mh=p9cV4u3jq7dX2MrX)3.jpg;https://ei.phncdn.com/videos/202107/02/390567321/original/(m=eaAaGwObaaamqv)(mh=p9cV4u3jq7dX2MrX)4.jpg;https://ei.phncdn.com/videos/202107/02/390567321/original/(m=eaAaGwObaaamqv)(mh=p9cV4u3jq7dX2MrX)5.jpg;https://ei.phncdn.com/videos/202107/02/390567321/original/(m=eaAaGwObaaamqv)(mh=p9cV4u3jq7dX2MrX)6.jpg;https://ei.phncdn.com/videos/202107/02/390567321/original/(m=eaAaGwObaaamqv)(mh=p9cV4u3jq7dX2MrX)7.jpg;https://ei.phncdn.com/videos/202107/02/390567321/original/(m=eaAaGwObaaamqv)(mh=p9cV4u3jq7dX2MrX)8.jpg;https://ei.phncdn.com/videos/202107/02/390567321/original/(m=eaAaGwObaaamqv)(mh=p9cV4u3jq7dX2MrX)9.jpg;https://ei.phncdn.com/videos/202107/02/390567321/original/(m=eaAaGwObaaamqv)(mh=p9cV4u3jq7dX2MrX)10.jpg;https://ei.phncdn.com/videos/202107/02/390567321/original/(m=eaAaGwObaaamqv)(mh=p9cV4u3jq7dX2MrX)11.jpg;https://ei.phncdn.com/videos/202107/02/390567321/original/(m=eaAaGwObaaamqv)(mh=p9cV4u3jq7dX2MrX)12.jpg;https://ei.phncdn.com/videos/202107/02/390567321/original/(m=eaAaGwObaaamqv)(mh=p9cV4u3jq7dX2MrX)13.jpg;https://ei.phncdn.com/videos/202107/02/390567321/original/(m=eaAaGwObaaamqv)(mh=p9cV4u3jq7dX2MrX)14.jpg;https://ei.phncdn.com/videos/202107/02/390567321/original/(m=eaAaGwObaaamqv)(mh=p9cV4u3jq7dX2MrX)15.jpg;https://ei.phncdn.com/videos/202107/02/390567321/original/(m=eaAaGwObaaamqv)(mh=p9cV4u3jq7dX2MrX)16.jpg
<iframe src="https://www.pornhub.com/embed/ph6106596c122ce" frameborder="0" height="481" width="608" scrolling="no"></iframe>|https://ei.phncdn.com/videos/202108/01/392212071/original/(m=eaf8GgaaaWavb)(mh=1kDqrNxpBvJ65tHT)3.jpg|https://ei.phncdn.com/videos/202108/01/392212071/original/(m=eaf8GgaaaWavb)(mh=1kDqrNxpBvJ65tHT)1.jpg;https://ei.phncdn.com/videos/202108/01/392212071/original/(m=eaf8GgaaaWavb)(mh=1kDqrNxpBvJ65tHT)2.jpg;https://ei.phncdn.com/videos/202108/01/392212071/original/(m=eaf8GgaaaWavb)(mh=1kDqrNxpBvJ65tHT)3.jpg;https://ei.phncdn.com/videos/202108/01/392212071/original/(m=eaf8GgaaaWavb)(mh=1kDqrNxpBvJ65tHT)4.jpg;https://ei.phncdn.com/videos/202108/01/392212071/original/(m=eaf8GgaaaWavb)(mh=1kDqrNxpBvJ65tHT)5.jpg;https://ei.phncdn.com/videos/202108/01/392212071/original/(m=eaf8GgaaaWavb)(mh=1kDqrNxpBvJ65tHT)6.jpg;https://ei.phncdn.com/videos/202108/01/392212071/original/(m=eaf8GgaaaWavb)(mh=1kDqrNxpBvJ65tHT)7.jpg;https://ei.phncdn.com/videos/202108/01/392212071/original/(m=eaf8GgaaaWavb)(mh=1kDqrNxpBvJ65tHT)8.jpg;https://ei.phncdn.com/videos/202108/01/392212071/original/(m=eaf8GgaaaWavb)(mh=1kDqrNxpBvJ65tHT)9.jpg;https://ei.phncdn.com/videos/202108/01/392212071/original/(m=eaf8GgaaaWavb)(mh=1kDqrNxpBvJ65tHT)10.jpg;https://ei.phncdn.com/videos/202108/01/392212071/original/(m=eaf8GgaaaWavb)(mh=1kDqrNxpBvJ65tHT)11.jpg;https://ei.phncdn.com/videos/202108/01/392212071/original/(m=eaf8GgaaaWavb)(mh=1kDqrNxpBvJ65tHT)12.jpg;https://ei.phncdn.com/videos/202108/01/392212071/original/(m=eaf8GgaaaWavb)(mh=1kDqrNxpBvJ65tHT)13.jpg;https://ei.phncdn.com/videos/202108/01/392212071/original/(m=eaf8GgaaaWavb)(mh=1kDqrNxpBvJ65tHT)14.jpg;https://ei.phncdn.com/videos/202108/01/392212071/original/(m=eaf8GgaaaWavb)(mh=1kDqrNxpBvJ65tHT)15.jpg;https://ei.phncdn.com/videos/202108/01/392212071/original/(m=eaf8GgaaaWavb)(mh=1kDqrNxpBvJ65tHT)16.jpg|Adrian Lozano show  is AWESOME |adrian-lozano-show;music;trippy|Music||201|161|0|1|https://ei.phncdn.com/videos/202108/01/392212071/original/(m=eaAaGwObaaamqv)(mh=ooe-5YKCwrV-YOr9)3.jpg|https://ei.phncdn.com/videos/202108/01/392212071/original/(m=eaAaGwObaaamqv)(mh=ooe-5YKCwrV-YOr9)1.jpg;https://ei.phncdn.com/videos/202108/01/392212071/original/(m=eaAaGwObaaamqv)(mh=ooe-5YKCwrV-YOr9)2.jpg;https://ei.phncdn.com/videos/202108/01/392212071/original/(m=eaAaGwObaaamqv)(mh=ooe-5YKCwrV-YOr9)3.jpg;https://ei.phncdn.com/videos/202108/01/392212071/original/(m=eaAaGwObaaamqv)(mh=ooe-5YKCwrV-YOr9)4.jpg;https://ei.phncdn.com/videos/202108/01/392212071/original/(m=eaAaGwObaaamqv)(mh=ooe-5YKCwrV-YOr9)5.jpg;https://ei.phncdn.com/videos/202108/01/392212071/original/(m=eaAaGwObaaamqv)(mh=ooe-5YKCwrV-YOr9)6.jpg;https://ei.phncdn.com/videos/202108/01/392212071/original/(m=eaAaGwObaaamqv)(mh=ooe-5YKCwrV-YOr9)7.jpg;https://ei.phncdn.com/videos/202108/01/392212071/original/(m=eaAaGwObaaamqv)(mh=ooe-5YKCwrV-YOr9)8.jpg;https://ei.phncdn.com/videos/202108/01/392212071/original/(m=eaAaGwObaaamqv)(mh=ooe-5YKCwrV-YOr9)9.jpg;https://ei.phncdn.com/videos/202108/01/392212071/original/(m=eaAaGwObaaamqv)(mh=ooe-5YKCwrV-YOr9)10.jpg;https://ei.phncdn.com/videos/202108/01/392212071/original/(m=eaAaGwObaaamqv)(mh=ooe-5YKCwrV-YOr9)11.jpg;https://ei.phncdn.com/videos/202108/01/392212071/original/(m=eaAaGwObaaamqv)(mh=ooe-5YKCwrV-YOr9)12.jpg;https://ei.phncdn.com/videos/202108/01/392212071/original/(m=eaAaGwObaaamqv)(mh=ooe-5YKCwrV-YOr9)13.jpg;https://ei.phncdn.com/videos/202108/01/392212071/original/(m=eaAaGwObaaamqv)(mh=ooe-5YKCwrV-YOr9)14.jpg;https://ei.phncdn.com/videos/202108/01/392212071/original/(m=eaAaGwObaaamqv)(mh=ooe-5YKCwrV-YOr9)15.jpg;https://ei.phncdn.com/videos/202108/01/392212071/original/(m=eaAaGwObaaamqv)(mh=ooe-5YKCwrV-YOr9)16.jpg
<iframe src="https://www.pornhub.com/embed/ph611c62300d52b" frameborder="0" height="481" width="608" scrolling="no"></iframe>|https://ei.phncdn.com/videos/202108/18/393127111/original/(m=eaf8GgaaaWavb)(mh=hVVwfcNoJnNELEmA)8.jpg|https://ei.phncdn.com/videos/202108/18/393127111/original/(m=eaf8GgaaaWavb)(mh=hVVwfcNoJnNELEmA)1.jpg;https://ei.phncdn.com/videos/202108/18/393127111/original/(m=eaf8GgaaaWavb)(mh=hVVwfcNoJnNELEmA)2.jpg;https://ei.phncdn.com/videos/202108/18/393127111/original/(m=eaf8GgaaaWavb)(mh=hVVwfcNoJnNELEmA)3.jpg;https://ei.phncdn.com/videos/202108/18/393127111/original/(m=eaf8GgaaaWavb)(mh=hVVwfcNoJnNELEmA)4.jpg;https://ei.phncdn.com/videos/202108/18/393127111/original/(m=eaf8GgaaaWavb)(mh=hVVwfcNoJnNELEmA)5.jpg;https://ei.phncdn.com/videos/202108/18/393127111/original/(m=eaf8GgaaaWavb)(mh=hVVwfcNoJnNELEmA)6.jpg;https://ei.phncdn.com/videos/202108/18/393127111/original/(m=eaf8GgaaaWavb)(mh=hVVwfcNoJnNELEmA)7.jpg;https://ei.phncdn.com/videos/202108/18/393127111/original/(m=eaf8GgaaaWavb)(mh=hVVwfcNoJnNELEmA)8.jpg;https://ei.phncdn.com/videos/202108/18/393127111/original/(m=eaf8GgaaaWavb)(mh=hVVwfcNoJnNELEmA)9.jpg;https://ei.phncdn.com/videos/202108/18/393127111/original/(m=eaf8GgaaaWavb)(mh=hVVwfcNoJnNELEmA)10.jpg;https://ei.phncdn.com/videos/202108/18/393127111/original/(m=eaf8GgaaaWavb)(mh=hVVwfcNoJnNELEmA)11.jpg;https://ei.phncdn.com/videos/202108/18/393127111/original/(m=eaf8GgaaaWavb)(mh=hVVwfcNoJnNELEmA)12.jpg;https://ei.phncdn.com/videos/202108/18/393127111/original/(m=eaf8GgaaaWavb)(mh=hVVwfcNoJnNELEmA)13.jpg;https://ei.phncdn.com/videos/202108/18/393127111/original/(m=eaf8GgaaaWavb)(mh=hVVwfcNoJnNELEmA)14.jpg;https://ei.phncdn.com/videos/202108/18/393127111/original/(m=eaf8GgaaaWavb)(mh=hVVwfcNoJnNELEmA)15.jpg;https://ei.phncdn.com/videos/202108/18/393127111/original/(m=eaf8GgaaaWavb)(mh=hVVwfcNoJnNELEmA)16.jpg|「English Cover」Code Geass R2 OP "O2" FULL VER.【Sam Luff】- Studio Yuraki|music-video;celebrity|Music||239|177|5|0|https://ei.phncdn.com/videos/202108/18/393127111/original/(m=eaAaGwObaaamqv)(mh=B6rZh9p9T_1NVina)8.jpg|https://ei.phncdn.com/videos/202108/18/393127111/original/(m=eaAaGwObaaamqv)(mh=B6rZh9p9T_1NVina)1.jpg;https://ei.phncdn.com/videos/202108/18/393127111/original/(m=eaAaGwObaaamqv)(mh=B6rZh9p9T_1NVina)2.jpg;https://ei.phncdn.com/videos/202108/18/393127111/original/(m=eaAaGwObaaamqv)(mh=B6rZh9p9T_1NVina)3.jpg;https://ei.phncdn.com/videos/202108/18/393127111/original/(m=eaAaGwObaaamqv)(mh=B6rZh9p9T_1NVina)4.jpg;https://ei.phncdn.com/videos/202108/18/393127111/original/(m=eaAaGwObaaamqv)(mh=B6rZh9p9T_1NVina)5.jpg;https://ei.phncdn.com/videos/202108/18/393127111/original/(m=eaAaGwObaaamqv)(mh=B6rZh9p9T_1NVina)6.jpg;https://ei.phncdn.com/videos/202108/18/393127111/original/(m=eaAaGwObaaamqv)(mh=B6rZh9p9T_1NVina)7.jpg;https://ei.phncdn.com/videos/202108/18/393127111/original/(m=eaAaGwObaaamqv)(mh=B6rZh9p9T_1NVina)8.jpg;https://ei.phncdn.com/videos/202108/18/393127111/original/(m=eaAaGwObaaamqv)(mh=B6rZh9p9T_1NVina)9.jpg;https://ei.phncdn.com/videos/202108/18/393127111/original/(m=eaAaGwObaaamqv)(mh=B6rZh9p9T_1NVina)10.jpg;https://ei.phncdn.com/videos/202108/18/393127111/original/(m=eaAaGwObaaamqv)(mh=B6rZh9p9T_1NVina)11.jpg;https://ei.phncdn.com/videos/202108/18/393127111/original/(m=eaAaGwObaaamqv)(mh=B6rZh9p9T_1NVina)12.jpg;https://ei.phncdn.com/videos/202108/18/393127111/original/(m=eaAaGwObaaamqv)(mh=B6rZh9p9T_1NVina)13.jpg;https://ei.phncdn.com/videos/202108/18/393127111/original/(m=eaAaGwObaaamqv)(mh=B6rZh9p9T_1NVina)14.jpg;https://ei.phncdn.com/videos/202108/18/393127111/original/(m=eaAaGwObaaamqv)(mh=B6rZh9p9T_1NVina)15.jpg;https://ei.phncdn.com/videos/202108/18/393127111/original/(m=eaAaGwObaaamqv)(mh=B6rZh9p9T_1NVina)16.jpg
<iframe src="https://www.pornhub.com/embed/ph611f123bb029a" frameborder="0" height="481" width="608" scrolling="no"></iframe>|https://ei.phncdn.com/videos/202108/20/393245881/original/(m=eaf8GgaaaWavb)(mh=3kx4Cos4rD_49B06)13.jpg|https://ei.phncdn.com/videos/202108/20/393245881/original/(m=eaf8GgaaaWavb)(mh=3kx4Cos4rD_49B06)1.jpg;https://ei.phncdn.com/videos/202108/20/393245881/original/(m=eaf8GgaaaWavb)(mh=3kx4Cos4rD_49B06)2.jpg;https://ei.phncdn.com/videos/202108/20/393245881/original/(m=eaf8GgaaaWavb)(mh=3kx4Cos4rD_49B06)3.jpg;https://ei.phncdn.com/videos/202108/20/393245881/original/(m=eaf8GgaaaWavb)(mh=3kx4Cos4rD_49B06)4.jpg;https://ei.phncdn.com/videos/202108/20/393245881/original/(m=eaf8GgaaaWavb)(mh=3kx4Cos4rD_49B06)5.jpg;https://ei.phncdn.com/videos/202108/20/393245881/original/(m=eaf8GgaaaWavb)(mh=3kx4Cos4rD_49B06)6.jpg;https://ei.phncdn.com/videos/202108/20/393245881/original/(m=eaf8GgaaaWavb)(mh=3kx4Cos4rD_49B06)7.jpg;https://ei.phncdn.com/videos/202108/20/393245881/original/(m=eaf8GgaaaWavb)(mh=3kx4Cos4rD_49B06)8.jpg;https://ei.phncdn.com/videos/202108/20/393245881/original/(m=eaf8GgaaaWavb)(mh=3kx4Cos4rD_49B06)9.jpg;https://ei.phncdn.com/videos/202108/20/393245881/original/(m=eaf8GgaaaWavb)(mh=3kx4Cos4rD_49B06)10.jpg;https://ei.phncdn.com/videos/202108/20/393245881/original/(m=eaf8GgaaaWavb)(mh=3kx4Cos4rD_49B06)11.jpg;https://ei.phncdn.com/videos/202108/20/393245881/original/(m=eaf8GgaaaWavb)(mh=3kx4Cos4rD_49B06)12.jpg;https://ei.phncdn.com/videos/202108/20/393245881/original/(m=eaf8GgaaaWavb)(mh=3kx4Cos4rD_49B06)13.jpg;https://ei.phncdn.com/videos/202108/20/393245881/original/(m=eaf8GgaaaWavb)(mh=3kx4Cos4rD_49B06)14.jpg;https://ei.phncdn.com/videos/202108/20/393245881/original/(m=eaf8GgaaaWavb)(mh=3kx4Cos4rD_49B06)15.jpg;https://ei.phncdn.com/videos/202108/20/393245881/original/(m=eaf8GgaaaWavb)(mh=3kx4Cos4rD_49B06)16.jpg|NATEWANTSTOBATTLE - "Stop Rewind" (idobi Sessions)|music-video;celebrity|Music||242|39|||https://ei.phncdn.com/videos/202108/20/393245881/original/(m=eaAaGwObaaamqv)(mh=QUU-MrAkHbB6Szag)13.jpg|https://ei.phncdn.com/videos/202108/20/393245881/original/(m=eaAaGwObaaamqv)(mh=QUU-MrAkHbB6Szag)1.jpg;https://ei.phncdn.com/videos/202108/20/393245881/original/(m=eaAaGwObaaamqv)(mh=QUU-MrAkHbB6Szag)2.jpg;https://ei.phncdn.com/videos/202108/20/393245881/original/(m=eaAaGwObaaamqv)(mh=QUU-MrAkHbB6Szag)3.jpg;https://ei.phncdn.com/videos/202108/20/393245881/original/(m=eaAaGwObaaamqv)(mh=QUU-MrAkHbB6Szag)4.jpg;https://ei.phncdn.com/videos/202108/20/393245881/original/(m=eaAaGwObaaamqv)(mh=QUU-MrAkHbB6Szag)5.jpg;https://ei.phncdn.com/videos/202108/20/393245881/original/(m=eaAaGwObaaamqv)(mh=QUU-MrAkHbB6Szag)6.jpg;https://ei.phncdn.com/videos/202108/20/393245881/original/(m=eaAaGwObaaamqv)(mh=QUU-MrAkHbB6Szag)7.jpg;https://ei.phncdn.com/videos/202108/20/393245881/original/(m=eaAaGwObaaamqv)(mh=QUU-MrAkHbB6Szag)8.jpg;https://ei.phncdn.com/videos/202108/20/393245881/original/(m=eaAaGwObaaamqv)(mh=QUU-MrAkHbB6Szag)9.jpg;https://ei.phncdn.com/videos/202108/20/393245881/original/(m=eaAaGwObaaamqv)(mh=QUU-MrAkHbB6Szag)10.jpg;https://ei.phncdn.com/videos/202108/20/393245881/original/(m=eaAaGwObaaamqv)(mh=QUU-MrAkHbB6Szag)11.jpg;https://ei.phncdn.com/videos/202108/20/393245881/original/(m=eaAaGwObaaamqv)(mh=QUU-MrAkHbB6Szag)12.jpg;https://ei.phncdn.com/videos/202108/20/393245881/original/(m=eaAaGwObaaamqv)(mh=QUU-MrAkHbB6Szag)13.jpg;https://ei.phncdn.com/videos/202108/20/393245881/original/(m=eaAaGwObaaamqv)(mh=QUU-MrAkHbB6Szag)14.jpg;https://ei.phncdn.com/videos/202108/20/393245881/original/(m=eaAaGwObaaamqv)(mh=QUU-MrAkHbB6Szag)15.jpg;https://ei.phncdn.com/videos/202108/20/393245881/original/(m=eaAaGwObaaamqv)(mh=QUU-MrAkHbB6Szag)16.jpg
<iframe src="https://www.pornhub.com/embed/ph611ff8997a385" frameborder="0" height="481" width="608" scrolling="no"></iframe>|https://ei.phncdn.com/videos/202108/20/393286941/original/(m=eaf8GgaaaWavb)(mh=3mi4SgsLIfRgkrO7)2.jpg|https://ei.phncdn.com/videos/202108/20/393286941/original/(m=eaf8GgaaaWavb)(mh=3mi4SgsLIfRgkrO7)1.jpg;https://ei.phncdn.com/videos/202108/20/393286941/original/(m=eaf8GgaaaWavb)(mh=3mi4SgsLIfRgkrO7)2.jpg;https://ei.phncdn.com/videos/202108/20/393286941/original/(m=eaf8GgaaaWavb)(mh=3mi4SgsLIfRgkrO7)3.jpg;https://ei.phncdn.com/videos/202108/20/393286941/original/(m=eaf8GgaaaWavb)(mh=3mi4SgsLIfRgkrO7)4.jpg;https://ei.phncdn.com/videos/202108/20/393286941/original/(m=eaf8GgaaaWavb)(mh=3mi4SgsLIfRgkrO7)5.jpg;https://ei.phncdn.com/videos/202108/20/393286941/original/(m=eaf8GgaaaWavb)(mh=3mi4SgsLIfRgkrO7)6.jpg;https://ei.phncdn.com/videos/202108/20/393286941/original/(m=eaf8GgaaaWavb)(mh=3mi4SgsLIfRgkrO7)7.jpg;https://ei.phncdn.com/videos/202108/20/393286941/original/(m=eaf8GgaaaWavb)(mh=3mi4SgsLIfRgkrO7)8.jpg;https://ei.phncdn.com/videos/202108/20/393286941/original/(m=eaf8GgaaaWavb)(mh=3mi4SgsLIfRgkrO7)9.jpg;https://ei.phncdn.com/videos/202108/20/393286941/original/(m=eaf8GgaaaWavb)(mh=3mi4SgsLIfRgkrO7)10.jpg;https://ei.phncdn.com/videos/202108/20/393286941/original/(m=eaf8GgaaaWavb)(mh=3mi4SgsLIfRgkrO7)11.jpg;https://ei.phncdn.com/videos/202108/20/393286941/original/(m=eaf8GgaaaWavb)(mh=3mi4SgsLIfRgkrO7)12.jpg;https://ei.phncdn.com/videos/202108/20/393286941/original/(m=eaf8GgaaaWavb)(mh=3mi4SgsLIfRgkrO7)13.jpg;https://ei.phncdn.com/videos/202108/20/393286941/original/(m=eaf8GgaaaWavb)(mh=3mi4SgsLIfRgkrO7)14.jpg;https://ei.phncdn.com/videos/202108/20/393286941/original/(m=eaf8GgaaaWavb)(mh=3mi4SgsLIfRgkrO7)15.jpg;https://ei.phncdn.com/videos/202108/20/393286941/original/(m=eaf8GgaaaWavb)(mh=3mi4SgsLIfRgkrO7)16.jpg|Don't let the Crusade Win|arg;decodethis;sexworkiswork|Music||18|30|||https://ei.phncdn.com/videos/202108/20/393286941/original/(m=eaAaGwObaaamqv)(mh=shds9GEMLulXhh7U)2.jpg|https://ei.phncdn.com/videos/202108/20/393286941/original/(m=eaAaGwObaaamqv)(mh=shds9GEMLulXhh7U)1.jpg;https://ei.phncdn.com/videos/202108/20/393286941/original/(m=eaAaGwObaaamqv)(mh=shds9GEMLulXhh7U)2.jpg;https://ei.phncdn.com/videos/202108/20/393286941/original/(m=eaAaGwObaaamqv)(mh=shds9GEMLulXhh7U)3.jpg;https://ei.phncdn.com/videos/202108/20/393286941/original/(m=eaAaGwObaaamqv)(mh=shds9GEMLulXhh7U)4.jpg;https://ei.phncdn.com/videos/202108/20/393286941/original/(m=eaAaGwObaaamqv)(mh=shds9GEMLulXhh7U)5.jpg;https://ei.phncdn.com/videos/202108/20/393286941/original/(m=eaAaGwObaaamqv)(mh=shds9GEMLulXhh7U)6.jpg;https://ei.phncdn.com/videos/202108/20/393286941/original/(m=eaAaGwObaaamqv)(mh=shds9GEMLulXhh7U)7.jpg;https://ei.phncdn.com/videos/202108/20/393286941/original/(m=eaAaGwObaaamqv)(mh=shds9GEMLulXhh7U)8.jpg;https://ei.phncdn.com/videos/202108/20/393286941/original/(m=eaAaGwObaaamqv)(mh=shds9GEMLulXhh7U)9.jpg;https://ei.phncdn.com/videos/202108/20/393286941/original/(m=eaAaGwObaaamqv)(mh=shds9GEMLulXhh7U)10.jpg;https://ei.phncdn.com/videos/202108/20/393286941/original/(m=eaAaGwObaaamqv)(mh=shds9GEMLulXhh7U)11.jpg;https://ei.phncdn.com/videos/202108/20/393286941/original/(m=eaAaGwObaaamqv)(mh=shds9GEMLulXhh7U)12.jpg;https://ei.phncdn.com/videos/202108/20/393286941/original/(m=eaAaGwObaaamqv)(mh=shds9GEMLulXhh7U)13.jpg;https://ei.phncdn.com/videos/202108/20/393286941/original/(m=eaAaGwObaaamqv)(mh=shds9GEMLulXhh7U)14.jpg;https://ei.phncdn.com/videos/202108/20/393286941/original/(m=eaAaGwObaaamqv)(mh=shds9GEMLulXhh7U)15.jpg;https://ei.phncdn.com/videos/202108/20/393286941/original/(m=eaAaGwObaaamqv)(mh=shds9GEMLulXhh7U)16.jpg
<iframe src="https://www.pornhub.com/embed/ph616dae5af40b4" frameborder="0" height="481" width="608" scrolling="no"></iframe>|https://ei.phncdn.com/videos/202110/18/396577701/original/(m=eaf8GgaaaWavb)(mh=RPkOT-rbW_GtGpYT)7.jpg|https://ei.phncdn.com/videos/202110/18/396577701/original/(m=eaf8GgaaaWavb)(mh=RPkOT-rbW_GtGpYT)1.jpg;https://ei.phncdn.com/videos/202110/18/396577701/original/(m=eaf8GgaaaWavb)(mh=RPkOT-rbW_GtGpYT)2.jpg;https://ei.phncdn.com/videos/202110/18/396577701/original/(m=eaf8GgaaaWavb)(mh=RPkOT-rbW_GtGpYT)3.jpg;https://ei.phncdn.com/videos/202110/18/396577701/original/(m=eaf8GgaaaWavb)(mh=RPkOT-rbW_GtGpYT)4.jpg;https://ei.phncdn.com/videos/202110/18/396577701/original/(m=eaf8GgaaaWavb)(mh=RPkOT-rbW_GtGpYT)5.jpg;https://ei.phncdn.com/videos/202110/18/396577701/original/(m=eaf8GgaaaWavb)(mh=RPkOT-rbW_GtGpYT)6.jpg;https://ei.phncdn.com/videos/202110/18/396577701/original/(m=eaf8GgaaaWavb)(mh=RPkOT-rbW_GtGpYT)7.jpg;https://ei.phncdn.com/videos/202110/18/396577701/original/(m=eaf8GgaaaWavb)(mh=RPkOT-rbW_GtGpYT)8.jpg;https://ei.phncdn.com/videos/202110/18/396577701/original/(m=eaf8GgaaaWavb)(mh=RPkOT-rbW_GtGpYT)9.jpg;https://ei.phncdn.com/videos/202110/18/396577701/original/(m=eaf8GgaaaWavb)(mh=RPkOT-rbW_GtGpYT)10.jpg;https://ei.phncdn.com/videos/202110/18/396577701/original/(m=eaf8GgaaaWavb)(mh=RPkOT-rbW_GtGpYT)11.jpg;https://ei.phncdn.com/videos/202110/18/396577701/original/(m=eaf8GgaaaWavb)(mh=RPkOT-rbW_GtGpYT)12.jpg;https://ei.phncdn.com/videos/202110/18/396577701/original/(m=eaf8GgaaaWavb)(mh=RPkOT-rbW_GtGpYT)13.jpg;https://ei.phncdn.com/videos/202110/18/396577701/original/(m=eaf8GgaaaWavb)(mh=RPkOT-rbW_GtGpYT)14.jpg;https://ei.phncdn.com/videos/202110/18/396577701/original/(m=eaf8GgaaaWavb)(mh=RPkOT-rbW_GtGpYT)15.jpg;https://ei.phncdn.com/videos/202110/18/396577701/original/(m=eaf8GgaaaWavb)(mh=RPkOT-rbW_GtGpYT)16.jpg|"OBSESSED WITCH". She is coming soon. Very Hot.|bbc;big-pussy-lips;big-pussy-lips-fuck;pissing;lesbian;bondage;monster-cock;monster;nylon;nylon-sex|Music||286|552|0|2|https://ei.phncdn.com/videos/202110/18/396577701/original/(m=eaAaGwObaaamqv)(mh=i6Wax6UB9UK1u2dL)7.jpg|https://ei.phncdn.com/videos/202110/18/396577701/original/(m=eaAaGwObaaamqv)(mh=i6Wax6UB9UK1u2dL)1.jpg;https://ei.phncdn.com/videos/202110/18/396577701/original/(m=eaAaGwObaaamqv)(mh=i6Wax6UB9UK1u2dL)2.jpg;https://ei.phncdn.com/videos/202110/18/396577701/original/(m=eaAaGwObaaamqv)(mh=i6Wax6UB9UK1u2dL)3.jpg;https://ei.phncdn.com/videos/202110/18/396577701/original/(m=eaAaGwObaaamqv)(mh=i6Wax6UB9UK1u2dL)4.jpg;https://ei.phncdn.com/videos/202110/18/396577701/original/(m=eaAaGwObaaamqv)(mh=i6Wax6UB9UK1u2dL)5.jpg;https://ei.phncdn.com/videos/202110/18/396577701/original/(m=eaAaGwObaaamqv)(mh=i6Wax6UB9UK1u2dL)6.jpg;https://ei.phncdn.com/videos/202110/18/396577701/original/(m=eaAaGwObaaamqv)(mh=i6Wax6UB9UK1u2dL)7.jpg;https://ei.phncdn.com/videos/202110/18/396577701/original/(m=eaAaGwObaaamqv)(mh=i6Wax6UB9UK1u2dL)8.jpg;https://ei.phncdn.com/videos/202110/18/396577701/original/(m=eaAaGwObaaamqv)(mh=i6Wax6UB9UK1u2dL)9.jpg;https://ei.phncdn.com/videos/202110/18/396577701/original/(m=eaAaGwObaaamqv)(mh=i6Wax6UB9UK1u2dL)10.jpg;https://ei.phncdn.com/videos/202110/18/396577701/original/(m=eaAaGwObaaamqv)(mh=i6Wax6UB9UK1u2dL)11.jpg;https://ei.phncdn.com/videos/202110/18/396577701/original/(m=eaAaGwObaaamqv)(mh=i6Wax6UB9UK1u2dL)12.jpg;https://ei.phncdn.com/videos/202110/18/396577701/original/(m=eaAaGwObaaamqv)(mh=i6Wax6UB9UK1u2dL)13.jpg;https://ei.phncdn.com/videos/202110/18/396577701/original/(m=eaAaGwObaaamqv)(mh=i6Wax6UB9UK1u2dL)14.jpg;https://ei.phncdn.com/videos/202110/18/396577701/original/(m=eaAaGwObaaamqv)(mh=i6Wax6UB9UK1u2dL)15.jpg;https://ei.phncdn.com/videos/202110/18/396577701/original/(m=eaAaGwObaaamqv)(mh=i6Wax6UB9UK1u2dL)16.jpg
<iframe src="https://www.pornhub.com/embed/ph61d1e48a4bcaf" frameborder="0" height="481" width="608" scrolling="no"></iframe>|https://ei.phncdn.com/videos/202201/02/400623761/original/(m=eaf8GgaaaWavb)(mh=3WrWnYN0cIquuwYR)6.jpg|https://ei.phncdn.com/videos/202201/02/400623761/original/(m=eaf8GgaaaWavb)(mh=3WrWnYN0cIquuwYR)1.jpg;https://ei.phncdn.com/videos/202201/02/400623761/original/(m=eaf8GgaaaWavb)(mh=3WrWnYN0cIquuwYR)2.jpg;https://ei.phncdn.com/videos/202201/02/400623761/original/(m=eaf8GgaaaWavb)(mh=3WrWnYN0cIquuwYR)3.jpg;https://ei.phncdn.com/videos/202201/02/400623761/original/(m=eaf8GgaaaWavb)(mh=3WrWnYN0cIquuwYR)4.jpg;https://ei.phncdn.com/videos/202201/02/400623761/original/(m=eaf8GgaaaWavb)(mh=3WrWnYN0cIquuwYR)5.jpg;https://ei.phncdn.com/videos/202201/02/400623761/original/(m=eaf8GgaaaWavb)(mh=3WrWnYN0cIquuwYR)6.jpg;https://ei.phncdn.com/videos/202201/02/400623761/original/(m=eaf8GgaaaWavb)(mh=3WrWnYN0cIquuwYR)7.jpg;https://ei.phncdn.com/videos/202201/02/400623761/original/(m=eaf8GgaaaWavb)(mh=3WrWnYN0cIquuwYR)8.jpg;https://ei.phncdn.com/videos/202201/02/400623761/original/(m=eaf8GgaaaWavb)(mh=3WrWnYN0cIquuwYR)9.jpg;https://ei.phncdn.com/videos/202201/02/400623761/original/(m=eaf8GgaaaWavb)(mh=3WrWnYN0cIquuwYR)10.jpg;https://ei.phncdn.com/videos/202201/02/400623761/original/(m=eaf8GgaaaWavb)(mh=3WrWnYN0cIquuwYR)11.jpg;https://ei.phncdn.com/videos/202201/02/400623761/original/(m=eaf8GgaaaWavb)(mh=3WrWnYN0cIquuwYR)12.jpg;https://ei.phncdn.com/videos/202201/02/400623761/original/(m=eaf8GgaaaWavb)(mh=3WrWnYN0cIquuwYR)13.jpg;https://ei.phncdn.com/videos/202201/02/400623761/original/(m=eaf8GgaaaWavb)(mh=3WrWnYN0cIquuwYR)14.jpg;https://ei.phncdn.com/videos/202201/02/400623761/original/(m=eaf8GgaaaWavb)(mh=3WrWnYN0cIquuwYR)15.jpg;https://ei.phncdn.com/videos/202201/02/400623761/original/(m=eaf8GgaaaWavb)(mh=3WrWnYN0cIquuwYR)16.jpg|HAPPY NEW YEAR 2022 tous nos voeux les ❤|soft;charlie-liveshow;happy-new-year|Music;Verified Amateurs;Solo Female||118|1631|4|1|https://ei.phncdn.com/videos/202201/02/400623761/original/(m=eaAaGwObaaamqv)(mh=FvqUiYnshtX0FPS2)6.jpg|https://ei.phncdn.com/videos/202201/02/400623761/original/(m=eaAaGwObaaamqv)(mh=FvqUiYnshtX0FPS2)1.jpg;https://ei.phncdn.com/videos/202201/02/400623761/original/(m=eaAaGwObaaamqv)(mh=FvqUiYnshtX0FPS2)2.jpg;https://ei.phncdn.com/videos/202201/02/400623761/original/(m=eaAaGwObaaamqv)(mh=FvqUiYnshtX0FPS2)3.jpg;https://ei.phncdn.com/videos/202201/02/400623761/original/(m=eaAaGwObaaamqv)(mh=FvqUiYnshtX0FPS2)4.jpg;https://ei.phncdn.com/videos/202201/02/400623761/original/(m=eaAaGwObaaamqv)(mh=FvqUiYnshtX0FPS2)5.jpg;https://ei.phncdn.com/videos/202201/02/400623761/original/(m=eaAaGwObaaamqv)(mh=FvqUiYnshtX0FPS2)6.jpg;https://ei.phncdn.com/videos/202201/02/400623761/original/(m=eaAaGwObaaamqv)(mh=FvqUiYnshtX0FPS2)7.jpg;https://ei.phncdn.com/videos/202201/02/400623761/original/(m=eaAaGwObaaamqv)(mh=FvqUiYnshtX0FPS2)8.jpg;https://ei.phncdn.com/videos/202201/02/400623761/original/(m=eaAaGwObaaamqv)(mh=FvqUiYnshtX0FPS2)9.jpg;https://ei.phncdn.com/videos/202201/02/400623761/original/(m=eaAaGwObaaamqv)(mh=FvqUiYnshtX0FPS2)10.jpg;https://ei.phncdn.com/videos/202201/02/400623761/original/(m=eaAaGwObaaamqv)(mh=FvqUiYnshtX0FPS2)11.jpg;https://ei.phncdn.com/videos/202201/02/400623761/original/(m=eaAaGwObaaamqv)(mh=FvqUiYnshtX0FPS2)12.jpg;https://ei.phncdn.com/videos/202201/02/400623761/original/(m=eaAaGwObaaamqv)(mh=FvqUiYnshtX0FPS2)13.jpg;https://ei.phncdn.com/videos/202201/02/400623761/original/(m=eaAaGwObaaamqv)(mh=FvqUiYnshtX0FPS2)14.jpg;https://ei.phncdn.com/videos/202201/02/400623761/original/(m=eaAaGwObaaamqv)(mh=FvqUiYnshtX0FPS2)15.jpg;https://ei.phncdn.com/videos/202201/02/400623761/original/(m=eaAaGwObaaamqv)(mh=FvqUiYnshtX0FPS2)16.jpg
<iframe src="https://www.pornhub.com/embed/ph624404763b7fc" frameborder="0" height="481" width="608" scrolling="no"></iframe>|https://ei.phncdn.com/videos/202203/30/405567651/original/(m=eaf8GgaaaWavb)(mh=f7nLS-SWdTjWsebd)14.jpg|https://ei.phncdn.com/videos/202203/30/405567651/original/(m=eaf8GgaaaWavb)(mh=f7nLS-SWdTjWsebd)1.jpg;https://ei.phncdn.com/videos/202203/30/405567651/original/(m=eaf8GgaaaWavb)(mh=f7nLS-SWdTjWsebd)2.jpg;https://ei.phncdn.com/videos/202203/30/405567651/original/(m=eaf8GgaaaWavb)(mh=f7nLS-SWdTjWsebd)3.jpg;https://ei.phncdn.com/videos/202203/30/405567651/original/(m=eaf8GgaaaWavb)(mh=f7nLS-SWdTjWsebd)4.jpg;https://ei.phncdn.com/videos/202203/30/405567651/original/(m=eaf8GgaaaWavb)(mh=f7nLS-SWdTjWsebd)5.jpg;https://ei.phncdn.com/videos/202203/30/405567651/original/(m=eaf8GgaaaWavb)(mh=f7nLS-SWdTjWsebd)6.jpg;https://ei.phncdn.com/videos/202203/30/405567651/original/(m=eaf8GgaaaWavb)(mh=f7nLS-SWdTjWsebd)7.jpg;https://ei.phncdn.com/videos/202203/30/405567651/original/(m=eaf8GgaaaWavb)(mh=f7nLS-SWdTjWsebd)8.jpg;https://ei.phncdn.com/videos/202203/30/405567651/original/(m=eaf8GgaaaWavb)(mh=f7nLS-SWdTjWsebd)9.jpg;https://ei.phncdn.com/videos/202203/30/405567651/original/(m=eaf8GgaaaWavb)(mh=f7nLS-SWdTjWsebd)10.jpg;https://ei.phncdn.com/videos/202203/30/405567651/original/(m=eaf8GgaaaWavb)(mh=f7nLS-SWdTjWsebd)11.jpg;https://ei.phncdn.com/videos/202203/30/405567651/original/(m=eaf8GgaaaWavb)(mh=f7nLS-SWdTjWsebd)12.jpg;https://ei.phncdn.com/videos/202203/30/405567651/original/(m=eaf8GgaaaWavb)(mh=f7nLS-SWdTjWsebd)13.jpg;https://ei.phncdn.com/videos/202203/30/405567651/original/(m=eaf8GgaaaWavb)(mh=f7nLS-SWdTjWsebd)14.jpg;https://ei.phncdn.com/videos/202203/30/405567651/original/(m=eaf8GgaaaWavb)(mh=f7nLS-SWdTjWsebd)15.jpg;https://ei.phncdn.com/videos/202203/30/405567651/original/(m=eaf8GgaaaWavb)(mh=f7nLS-SWdTjWsebd)16.jpg|LIL PUNKI (PROD. BY GAXILLIC) (Official Audio)|music;music-video;alternative;hip-hop;trap|Music||147|86|||https://ei.phncdn.com/videos/202203/30/405567651/original/(m=eaAaGwObaaamqv)(mh=lpcbehGcyq3wqxC5)14.jpg|https://ei.phncdn.com/videos/202203/30/405567651/original/(m=eaAaGwObaaamqv)(mh=lpcbehGcyq3wqxC5)1.jpg;https://ei.phncdn.com/videos/202203/30/405567651/original/(m=eaAaGwObaaamqv)(mh=lpcbehGcyq3wqxC5)2.jpg;https://ei.phncdn.com/videos/202203/30/405567651/original/(m=eaAaGwObaaamqv)(mh=lpcbehGcyq3wqxC5)3.jpg;https://ei.phncdn.com/videos/202203/30/405567651/original/(m=eaAaGwObaaamqv)(mh=lpcbehGcyq3wqxC5)4.jpg;https://ei.phncdn.com/videos/202203/30/405567651/original/(m=eaAaGwObaaamqv)(mh=lpcbehGcyq3wqxC5)5.jpg;https://ei.phncdn.com/videos/202203/30/405567651/original/(m=eaAaGwObaaamqv)(mh=lpcbehGcyq3wqxC5)6.jpg;https://ei.phncdn.com/videos/202203/30/405567651/original/(m=eaAaGwObaaamqv)(mh=lpcbehGcyq3wqxC5)7.jpg;https://ei.phncdn.com/videos/202203/30/405567651/original/(m=eaAaGwObaaamqv)(mh=lpcbehGcyq3wqxC5)8.jpg;https://ei.phncdn.com/videos/202203/30/405567651/original/(m=eaAaGwObaaamqv)(mh=lpcbehGcyq3wqxC5)9.jpg;https://ei.phncdn.com/videos/202203/30/405567651/original/(m=eaAaGwObaaamqv)(mh=lpcbehGcyq3wqxC5)10.jpg;https://ei.phncdn.com/videos/202203/30/405567651/original/(m=eaAaGwObaaamqv)(mh=lpcbehGcyq3wqxC5)11.jpg;https://ei.phncdn.com/videos/202203/30/405567651/original/(m=eaAaGwObaaamqv)(mh=lpcbehGcyq3wqxC5)12.jpg;https://ei.phncdn.com/videos/202203/30/405567651/original/(m=eaAaGwObaaamqv)(mh=lpcbehGcyq3wqxC5)13.jpg;https://ei.phncdn.com/videos/202203/30/405567651/original/(m=eaAaGwObaaamqv)(mh=lpcbehGcyq3wqxC5)14.jpg;https://ei.phncdn.com/videos/202203/30/405567651/original/(m=eaAaGwObaaamqv)(mh=lpcbehGcyq3wqxC5)15.jpg;https://ei.phncdn.com/videos/202203/30/405567651/original/(m=eaAaGwObaaamqv)(mh=lpcbehGcyq3wqxC5)16.jpg
<iframe src="https://www.pornhub.com/embed/ph624406b3ad829" frameborder="0" height="481" width="608" scrolling="no"></iframe>|https://ei.phncdn.com/videos/202203/30/405568081/original/(m=eaf8GgaaaWavb)(mh=V_LXWl0oBjsu9Ovo)2.jpg|https://ei.phncdn.com/videos/202203/30/405568081/original/(m=eaf8GgaaaWavb)(mh=V_LXWl0oBjsu9Ovo)1.jpg;https://ei.phncdn.com/videos/202203/30/405568081/original/(m=eaf8GgaaaWavb)(mh=V_LXWl0oBjsu9Ovo)2.jpg;https://ei.phncdn.com/videos/202203/30/405568081/original/(m=eaf8GgaaaWavb)(mh=V_LXWl0oBjsu9Ovo)3.jpg;https://ei.phncdn.com/videos/202203/30/405568081/original/(m=eaf8GgaaaWavb)(mh=V_LXWl0oBjsu9Ovo)4.jpg;https://ei.phncdn.com/videos/202203/30/405568081/original/(m=eaf8GgaaaWavb)(mh=V_LXWl0oBjsu9Ovo)5.jpg;https://ei.phncdn.com/videos/202203/30/405568081/original/(m=eaf8GgaaaWavb)(mh=V_LXWl0oBjsu9Ovo)6.jpg;https://ei.phncdn.com/videos/202203/30/405568081/original/(m=eaf8GgaaaWavb)(mh=V_LXWl0oBjsu9Ovo)7.jpg;https://ei.phncdn.com/videos/202203/30/405568081/original/(m=eaf8GgaaaWavb)(mh=V_LXWl0oBjsu9Ovo)8.jpg;https://ei.phncdn.com/videos/202203/30/405568081/original/(m=eaf8GgaaaWavb)(mh=V_LXWl0oBjsu9Ovo)9.jpg;https://ei.phncdn.com/videos/202203/30/405568081/original/(m=eaf8GgaaaWavb)(mh=V_LXWl0oBjsu9Ovo)10.jpg;https://ei.phncdn.com/videos/202203/30/405568081/original/(m=eaf8GgaaaWavb)(mh=V_LXWl0oBjsu9Ovo)11.jpg;https://ei.phncdn.com/videos/202203/30/405568081/original/(m=eaf8GgaaaWavb)(mh=V_LXWl0oBjsu9Ovo)12.jpg;https://ei.phncdn.com/videos/202203/30/405568081/original/(m=eaf8GgaaaWavb)(mh=V_LXWl0oBjsu9Ovo)13.jpg;https://ei.phncdn.com/videos/202203/30/405568081/original/(m=eaf8GgaaaWavb)(mh=V_LXWl0oBjsu9Ovo)14.jpg;https://ei.phncdn.com/videos/202203/30/405568081/original/(m=eaf8GgaaaWavb)(mh=V_LXWl0oBjsu9Ovo)15.jpg;https://ei.phncdn.com/videos/202203/30/405568081/original/(m=eaf8GgaaaWavb)(mh=V_LXWl0oBjsu9Ovo)16.jpg|year08 - GET QUIET (PROD. BY GERREAUX) (Official Audio)|music;music-video;hip-hop;alternative|Music||145|38|||https://ei.phncdn.com/videos/202203/30/405568081/original/(m=eaAaGwObaaamqv)(mh=f2N1-0t1O0lS3YXw)2.jpg|https://ei.phncdn.com/videos/202203/30/405568081/original/(m=eaAaGwObaaamqv)(mh=f2N1-0t1O0lS3YXw)1.jpg;https://ei.phncdn.com/videos/202203/30/405568081/original/(m=eaAaGwObaaamqv)(mh=f2N1-0t1O0lS3YXw)2.jpg;https://ei.phncdn.com/videos/202203/30/405568081/original/(m=eaAaGwObaaamqv)(mh=f2N1-0t1O0lS3YXw)3.jpg;https://ei.phncdn.com/videos/202203/30/405568081/original/(m=eaAaGwObaaamqv)(mh=f2N1-0t1O0lS3YXw)4.jpg;https://ei.phncdn.com/videos/202203/30/405568081/original/(m=eaAaGwObaaamqv)(mh=f2N1-0t1O0lS3YXw)5.jpg;https://ei.phncdn.com/videos/202203/30/405568081/original/(m=eaAaGwObaaamqv)(mh=f2N1-0t1O0lS3YXw)6.jpg;https://ei.phncdn.com/videos/202203/30/405568081/original/(m=eaAaGwObaaamqv)(mh=f2N1-0t1O0lS3YXw)7.jpg;https://ei.phncdn.com/videos/202203/30/405568081/original/(m=eaAaGwObaaamqv)(mh=f2N1-0t1O0lS3YXw)8.jpg;https://ei.phncdn.com/videos/202203/30/405568081/original/(m=eaAaGwObaaamqv)(mh=f2N1-0t1O0lS3YXw)9.jpg;https://ei.phncdn.com/videos/202203/30/405568081/original/(m=eaAaGwObaaamqv)(mh=f2N1-0t1O0lS3YXw)10.jpg;https://ei.phncdn.com/videos/202203/30/405568081/original/(m=eaAaGwObaaamqv)(mh=f2N1-0t1O0lS3YXw)11.jpg;https://ei.phncdn.com/videos/202203/30/405568081/original/(m=eaAaGwObaaamqv)(mh=f2N1-0t1O0lS3YXw)12.jpg;https://ei.phncdn.com/videos/202203/30/405568081/original/(m=eaAaGwObaaamqv)(mh=f2N1-0t1O0lS3YXw)13.jpg;https://ei.phncdn.com/videos/202203/30/405568081/original/(m=eaAaGwObaaamqv)(mh=f2N1-0t1O0lS3YXw)14.jpg;https://ei.phncdn.com/videos/202203/30/405568081/original/(m=eaAaGwObaaamqv)(mh=f2N1-0t1O0lS3YXw)15.jpg;https://ei.phncdn.com/videos/202203/30/405568081/original/(m=eaAaGwObaaamqv)(mh=f2N1-0t1O0lS3YXw)16.jpg
<iframe src="https://www.pornhub.com/embed/ph6244090eb3656" frameborder="0" height="481" width="608" scrolling="no"></iframe>|https://ei.phncdn.com/videos/202203/30/405568431/original/(m=eaf8GgaaaWavb)(mh=l3oV42MAnjylYkdp)9.jpg|https://ei.phncdn.com/videos/202203/30/405568431/original/(m=eaf8GgaaaWavb)(mh=l3oV42MAnjylYkdp)1.jpg;https://ei.phncdn.com/videos/202203/30/405568431/original/(m=eaf8GgaaaWavb)(mh=l3oV42MAnjylYkdp)2.jpg;https://ei.phncdn.com/videos/202203/30/405568431/original/(m=eaf8GgaaaWavb)(mh=l3oV42MAnjylYkdp)3.jpg;https://ei.phncdn.com/videos/202203/30/405568431/original/(m=eaf8GgaaaWavb)(mh=l3oV42MAnjylYkdp)4.jpg;https://ei.phncdn.com/videos/202203/30/405568431/original/(m=eaf8GgaaaWavb)(mh=l3oV42MAnjylYkdp)5.jpg;https://ei.phncdn.com/videos/202203/30/405568431/original/(m=eaf8GgaaaWavb)(mh=l3oV42MAnjylYkdp)6.jpg;https://ei.phncdn.com/videos/202203/30/405568431/original/(m=eaf8GgaaaWavb)(mh=l3oV42MAnjylYkdp)7.jpg;https://ei.phncdn.com/videos/202203/30/405568431/original/(m=eaf8GgaaaWavb)(mh=l3oV42MAnjylYkdp)8.jpg;https://ei.phncdn.com/videos/202203/30/405568431/original/(m=eaf8GgaaaWavb)(mh=l3oV42MAnjylYkdp)9.jpg;https://ei.phncdn.com/videos/202203/30/405568431/original/(m=eaf8GgaaaWavb)(mh=l3oV42MAnjylYkdp)10.jpg;https://ei.phncdn.com/videos/202203/30/405568431/original/(m=eaf8GgaaaWavb)(mh=l3oV42MAnjylYkdp)11.jpg;https://ei.phncdn.com/videos/202203/30/405568431/original/(m=eaf8GgaaaWavb)(mh=l3oV42MAnjylYkdp)12.jpg;https://ei.phncdn.com/videos/202203/30/405568431/original/(m=eaf8GgaaaWavb)(mh=l3oV42MAnjylYkdp)13.jpg;https://ei.phncdn.com/videos/202203/30/405568431/original/(m=eaf8GgaaaWavb)(mh=l3oV42MAnjylYkdp)14.jpg;https://ei.phncdn.com/videos/202203/30/405568431/original/(m=eaf8GgaaaWavb)(mh=l3oV42MAnjylYkdp)15.jpg;https://ei.phncdn.com/videos/202203/30/405568431/original/(m=eaf8GgaaaWavb)(mh=l3oV42MAnjylYkdp)16.jpg|IRON MAN (PROD. BY LEXNOUR) (Official Visualizer)|music;music-video;hip-hop;alternative|Music||154|289|2|1|https://ei.phncdn.com/videos/202203/30/405568431/original/(m=eaAaGwObaaamqv)(mh=ky0_eeFoZV1szjeV)9.jpg|https://ei.phncdn.com/videos/202203/30/405568431/original/(m=eaAaGwObaaamqv)(mh=ky0_eeFoZV1szjeV)1.jpg;https://ei.phncdn.com/videos/202203/30/405568431/original/(m=eaAaGwObaaamqv)(mh=ky0_eeFoZV1szjeV)2.jpg;https://ei.phncdn.com/videos/202203/30/405568431/original/(m=eaAaGwObaaamqv)(mh=ky0_eeFoZV1szjeV)3.jpg;https://ei.phncdn.com/videos/202203/30/405568431/original/(m=eaAaGwObaaamqv)(mh=ky0_eeFoZV1szjeV)4.jpg;https://ei.phncdn.com/videos/202203/30/405568431/original/(m=eaAaGwObaaamqv)(mh=ky0_eeFoZV1szjeV)5.jpg;https://ei.phncdn.com/videos/202203/30/405568431/original/(m=eaAaGwObaaamqv)(mh=ky0_eeFoZV1szjeV)6.jpg;https://ei.phncdn.com/videos/202203/30/405568431/original/(m=eaAaGwObaaamqv)(mh=ky0_eeFoZV1szjeV)7.jpg;https://ei.phncdn.com/videos/202203/30/405568431/original/(m=eaAaGwObaaamqv)(mh=ky0_eeFoZV1szjeV)8.jpg;https://ei.phncdn.com/videos/202203/30/405568431/original/(m=eaAaGwObaaamqv)(mh=ky0_eeFoZV1szjeV)9.jpg;https://ei.phncdn.com/videos/202203/30/405568431/original/(m=eaAaGwObaaamqv)(mh=ky0_eeFoZV1szjeV)10.jpg;https://ei.phncdn.com/videos/202203/30/405568431/original/(m=eaAaGwObaaamqv)(mh=ky0_eeFoZV1szjeV)11.jpg;https://ei.phncdn.com/videos/202203/30/405568431/original/(m=eaAaGwObaaamqv)(mh=ky0_eeFoZV1szjeV)12.jpg;https://ei.phncdn.com/videos/202203/30/405568431/original/(m=eaAaGwObaaamqv)(mh=ky0_eeFoZV1szjeV)13.jpg;https://ei.phncdn.com/videos/202203/30/405568431/original/(m=eaAaGwObaaamqv)(mh=ky0_eeFoZV1szjeV)14.jpg;https://ei.phncdn.com/videos/202203/30/405568431/original/(m=eaAaGwObaaamqv)(mh=ky0_eeFoZV1szjeV)15.jpg;https://ei.phncdn.com/videos/202203/30/405568431/original/(m=eaAaGwObaaamqv)(mh=ky0_eeFoZV1szjeV)16.jpg
<iframe src="https://www.pornhub.com/embed/ph62c1d0be9070a" frameborder="0" height="481" width="608" scrolling="no"></iframe>|https://ei.phncdn.com/videos/202207/03/411072631/original/(m=eaf8GgaaaWavb)(mh=yPR7OC9vREexZNIP)5.jpg|https://ei.phncdn.com/videos/202207/03/411072631/original/(m=eaf8GgaaaWavb)(mh=yPR7OC9vREexZNIP)1.jpg;https://ei.phncdn.com/videos/202207/03/411072631/original/(m=eaf8GgaaaWavb)(mh=yPR7OC9vREexZNIP)2.jpg;https://ei.phncdn.com/videos/202207/03/411072631/original/(m=eaf8GgaaaWavb)(mh=yPR7OC9vREexZNIP)3.jpg;https://ei.phncdn.com/videos/202207/03/411072631/original/(m=eaf8GgaaaWavb)(mh=yPR7OC9vREexZNIP)4.jpg;https://ei.phncdn.com/videos/202207/03/411072631/original/(m=eaf8GgaaaWavb)(mh=yPR7OC9vREexZNIP)5.jpg;https://ei.phncdn.com/videos/202207/03/411072631/original/(m=eaf8GgaaaWavb)(mh=yPR7OC9vREexZNIP)6.jpg;https://ei.phncdn.com/videos/202207/03/411072631/original/(m=eaf8GgaaaWavb)(mh=yPR7OC9vREexZNIP)7.jpg;https://ei.phncdn.com/videos/202207/03/411072631/original/(m=eaf8GgaaaWavb)(mh=yPR7OC9vREexZNIP)8.jpg;https://ei.phncdn.com/videos/202207/03/411072631/original/(m=eaf8GgaaaWavb)(mh=yPR7OC9vREexZNIP)9.jpg;https://ei.phncdn.com/videos/202207/03/411072631/original/(m=eaf8GgaaaWavb)(mh=yPR7OC9vREexZNIP)10.jpg;https://ei.phncdn.com/videos/202207/03/411072631/original/(m=eaf8GgaaaWavb)(mh=yPR7OC9vREexZNIP)11.jpg;https://ei.phncdn.com/videos/202207/03/411072631/original/(m=eaf8GgaaaWavb)(mh=yPR7OC9vREexZNIP)12.jpg;https://ei.phncdn.com/videos/202207/03/411072631/original/(m=eaf8GgaaaWavb)(mh=yPR7OC9vREexZNIP)13.jpg;https://ei.phncdn.com/videos/202207/03/411072631/original/(m=eaf8GgaaaWavb)(mh=yPR7OC9vREexZNIP)14.jpg;https://ei.phncdn.com/videos/202207/03/411072631/original/(m=eaf8GgaaaWavb)(mh=yPR7OC9vREexZNIP)15.jpg;https://ei.phncdn.com/videos/202207/03/411072631/original/(m=eaf8GgaaaWavb)(mh=yPR7OC9vREexZNIP)16.jpg|Succubus  Rotten Shrines 20min  Dark Ambient  ASMR HFO Audio File|succubus;demoness;lilith;asmr;hfo;anime|Music||2084|19261|80|18|https://ei.phncdn.com/videos/202207/03/411072631/original/(m=eaAaGwObaaamqv)(mh=0k9Y6h5iL3yaJ6lO)5.jpg|https://ei.phncdn.com/videos/202207/03/411072631/original/(m=eaAaGwObaaamqv)(mh=0k9Y6h5iL3yaJ6lO)1.jpg;https://ei.phncdn.com/videos/202207/03/411072631/original/(m=eaAaGwObaaamqv)(mh=0k9Y6h5iL3yaJ6lO)2.jpg;https://ei.phncdn.com/videos/202207/03/411072631/original/(m=eaAaGwObaaamqv)(mh=0k9Y6h5iL3yaJ6lO)3.jpg;https://ei.phncdn.com/videos/202207/03/411072631/original/(m=eaAaGwObaaamqv)(mh=0k9Y6h5iL3yaJ6lO)4.jpg;https://ei.phncdn.com/videos/202207/03/411072631/original/(m=eaAaGwObaaamqv)(mh=0k9Y6h5iL3yaJ6lO)5.jpg;https://ei.phncdn.com/videos/202207/03/411072631/original/(m=eaAaGwObaaamqv)(mh=0k9Y6h5iL3yaJ6lO)6.jpg;https://ei.phncdn.com/videos/202207/03/411072631/original/(m=eaAaGwObaaamqv)(mh=0k9Y6h5iL3yaJ6lO)7.jpg;https://ei.phncdn.com/videos/202207/03/411072631/original/(m=eaAaGwObaaamqv)(mh=0k9Y6h5iL3yaJ6lO)8.jpg;https://ei.phncdn.com/videos/202207/03/411072631/original/(m=eaAaGwObaaamqv)(mh=0k9Y6h5iL3yaJ6lO)9.jpg;https://ei.phncdn.com/videos/202207/03/411072631/original/(m=eaAaGwObaaamqv)(mh=0k9Y6h5iL3yaJ6lO)10.jpg;https://ei.phncdn.com/videos/202207/03/411072631/original/(m=eaAaGwObaaamqv)(mh=0k9Y6h5iL3yaJ6lO)11.jpg;https://ei.phncdn.com/videos/202207/03/411072631/original/(m=eaAaGwObaaamqv)(mh=0k9Y6h5iL3yaJ6lO)12.jpg;https://ei.phncdn.com/videos/202207/03/411072631/original/(m=eaAaGwObaaamqv)(mh=0k9Y6h5iL3yaJ6lO)13.jpg;https://ei.phncdn.com/videos/202207/03/411072631/original/(m=eaAaGwObaaamqv)(mh=0k9Y6h5iL3yaJ6lO)14.jpg;https://ei.phncdn.com/videos/202207/03/411072631/original/(m=eaAaGwObaaamqv)(mh=0k9Y6h5iL3yaJ6lO)15.jpg;https://ei.phncdn.com/videos/202207/03/411072631/original/(m=eaAaGwObaaamqv)(mh=0k9Y6h5iL3yaJ6lO)16.jpg
<iframe src="https://www.pornhub.com/embed/62def1ba76c67" frameborder="0" height="481" width="608" scrolling="no"></iframe>|https://ei.phncdn.com/videos/202207/25/412420551/original/(m=eaf8GgaaaWavb)(mh=xhasA-IJpHq0-TsJ)14.jpg|https://ei.phncdn.com/videos/202207/25/412420551/original/(m=eaf8GgaaaWavb)(mh=xhasA-IJpHq0-TsJ)1.jpg;https://ei.phncdn.com/videos/202207/25/412420551/original/(m=eaf8GgaaaWavb)(mh=xhasA-IJpHq0-TsJ)2.jpg;https://ei.phncdn.com/videos/202207/25/412420551/original/(m=eaf8GgaaaWavb)(mh=xhasA-IJpHq0-TsJ)3.jpg;https://ei.phncdn.com/videos/202207/25/412420551/original/(m=eaf8GgaaaWavb)(mh=xhasA-IJpHq0-TsJ)4.jpg;https://ei.phncdn.com/videos/202207/25/412420551/original/(m=eaf8GgaaaWavb)(mh=xhasA-IJpHq0-TsJ)5.jpg;https://ei.phncdn.com/videos/202207/25/412420551/original/(m=eaf8GgaaaWavb)(mh=xhasA-IJpHq0-TsJ)6.jpg;https://ei.phncdn.com/videos/202207/25/412420551/original/(m=eaf8GgaaaWavb)(mh=xhasA-IJpHq0-TsJ)7.jpg;https://ei.phncdn.com/videos/202207/25/412420551/original/(m=eaf8GgaaaWavb)(mh=xhasA-IJpHq0-TsJ)8.jpg;https://ei.phncdn.com/videos/202207/25/412420551/original/(m=eaf8GgaaaWavb)(mh=xhasA-IJpHq0-TsJ)9.jpg;https://ei.phncdn.com/videos/202207/25/412420551/original/(m=eaf8GgaaaWavb)(mh=xhasA-IJpHq0-TsJ)10.jpg;https://ei.phncdn.com/videos/202207/25/412420551/original/(m=eaf8GgaaaWavb)(mh=xhasA-IJpHq0-TsJ)11.jpg;https://ei.phncdn.com/videos/202207/25/412420551/original/(m=eaf8GgaaaWavb)(mh=xhasA-IJpHq0-TsJ)12.jpg;https://ei.phncdn.com/videos/202207/25/412420551/original/(m=eaf8GgaaaWavb)(mh=xhasA-IJpHq0-TsJ)13.jpg;https://ei.phncdn.com/videos/202207/25/412420551/original/(m=eaf8GgaaaWavb)(mh=xhasA-IJpHq0-TsJ)14.jpg;https://ei.phncdn.com/videos/202207/25/412420551/original/(m=eaf8GgaaaWavb)(mh=xhasA-IJpHq0-TsJ)15.jpg;https://ei.phncdn.com/videos/202207/25/412420551/original/(m=eaf8GgaaaWavb)(mh=xhasA-IJpHq0-TsJ)16.jpg|Bath time with starfiya  would u drink it |pretty-pink-pussy;phat-pussy|Music;Solo Female||33|0|||https://ei.phncdn.com/videos/202207/25/412420551/original/(m=eaAaGwObaaamqv)(mh=S-MaOTFjA0KB6cve)14.jpg|https://ei.phncdn.com/videos/202207/25/412420551/original/(m=eaAaGwObaaamqv)(mh=S-MaOTFjA0KB6cve)1.jpg;https://ei.phncdn.com/videos/202207/25/412420551/original/(m=eaAaGwObaaamqv)(mh=S-MaOTFjA0KB6cve)2.jpg;https://ei.phncdn.com/videos/202207/25/412420551/original/(m=eaAaGwObaaamqv)(mh=S-MaOTFjA0KB6cve)3.jpg;https://ei.phncdn.com/videos/202207/25/412420551/original/(m=eaAaGwObaaamqv)(mh=S-MaOTFjA0KB6cve)4.jpg;https://ei.phncdn.com/videos/202207/25/412420551/original/(m=eaAaGwObaaamqv)(mh=S-MaOTFjA0KB6cve)5.jpg;https://ei.phncdn.com/videos/202207/25/412420551/original/(m=eaAaGwObaaamqv)(mh=S-MaOTFjA0KB6cve)6.jpg;https://ei.phncdn.com/videos/202207/25/412420551/original/(m=eaAaGwObaaamqv)(mh=S-MaOTFjA0KB6cve)7.jpg;https://ei.phncdn.com/videos/202207/25/412420551/original/(m=eaAaGwObaaamqv)(mh=S-MaOTFjA0KB6cve)8.jpg;https://ei.phncdn.com/videos/202207/25/412420551/original/(m=eaAaGwObaaamqv)(mh=S-MaOTFjA0KB6cve)9.jpg;https://ei.phncdn.com/videos/202207/25/412420551/original/(m=eaAaGwObaaamqv)(mh=S-MaOTFjA0KB6cve)10.jpg;https://ei.phncdn.com/videos/202207/25/412420551/original/(m=eaAaGwObaaamqv)(mh=S-MaOTFjA0KB6cve)11.jpg;https://ei.phncdn.com/videos/202207/25/412420551/original/(m=eaAaGwObaaamqv)(mh=S-MaOTFjA0KB6cve)12.jpg;https://ei.phncdn.com/videos/202207/25/412420551/original/(m=eaAaGwObaaamqv)(mh=S-MaOTFjA0KB6cve)13.jpg;https://ei.phncdn.com/videos/202207/25/412420551/original/(m=eaAaGwObaaamqv)(mh=S-MaOTFjA0KB6cve)14.jpg;https://ei.phncdn.com/videos/202207/25/412420551/original/(m=eaAaGwObaaamqv)(mh=S-MaOTFjA0KB6cve)15.jpg;https://ei.phncdn.com/videos/202207/25/412420551/original/(m=eaAaGwObaaamqv)(mh=S-MaOTFjA0KB6cve)16.jpg
<iframe src="https://www.pornhub.com/embed/ph62ee1a238c5ed" frameborder="0" height="481" width="608" scrolling="no"></iframe>|https://ei.phncdn.com/videos/202208/06/413139051/original/(m=eaf8GgaaaWavb)(mh=Em8uOKM15fY1nBak)6.jpg|https://ei.phncdn.com/videos/202208/06/413139051/original/(m=eaf8GgaaaWavb)(mh=Em8uOKM15fY1nBak)1.jpg;https://ei.phncdn.com/videos/202208/06/413139051/original/(m=eaf8GgaaaWavb)(mh=Em8uOKM15fY1nBak)2.jpg;https://ei.phncdn.com/videos/202208/06/413139051/original/(m=eaf8GgaaaWavb)(mh=Em8uOKM15fY1nBak)3.jpg;https://ei.phncdn.com/videos/202208/06/413139051/original/(m=eaf8GgaaaWavb)(mh=Em8uOKM15fY1nBak)4.jpg;https://ei.phncdn.com/videos/202208/06/413139051/original/(m=eaf8GgaaaWavb)(mh=Em8uOKM15fY1nBak)5.jpg;https://ei.phncdn.com/videos/202208/06/413139051/original/(m=eaf8GgaaaWavb)(mh=Em8uOKM15fY1nBak)6.jpg;https://ei.phncdn.com/videos/202208/06/413139051/original/(m=eaf8GgaaaWavb)(mh=Em8uOKM15fY1nBak)7.jpg;https://ei.phncdn.com/videos/202208/06/413139051/original/(m=eaf8GgaaaWavb)(mh=Em8uOKM15fY1nBak)8.jpg;https://ei.phncdn.com/videos/202208/06/413139051/original/(m=eaf8GgaaaWavb)(mh=Em8uOKM15fY1nBak)9.jpg;https://ei.phncdn.com/videos/202208/06/413139051/original/(m=eaf8GgaaaWavb)(mh=Em8uOKM15fY1nBak)10.jpg;https://ei.phncdn.com/videos/202208/06/413139051/original/(m=eaf8GgaaaWavb)(mh=Em8uOKM15fY1nBak)11.jpg;https://ei.phncdn.com/videos/202208/06/413139051/original/(m=eaf8GgaaaWavb)(mh=Em8uOKM15fY1nBak)12.jpg;https://ei.phncdn.com/videos/202208/06/413139051/original/(m=eaf8GgaaaWavb)(mh=Em8uOKM15fY1nBak)13.jpg;https://ei.phncdn.com/videos/202208/06/413139051/original/(m=eaf8GgaaaWavb)(mh=Em8uOKM15fY1nBak)14.jpg;https://ei.phncdn.com/videos/202208/06/413139051/original/(m=eaf8GgaaaWavb)(mh=Em8uOKM15fY1nBak)15.jpg;https://ei.phncdn.com/videos/202208/06/413139051/original/(m=eaf8GgaaaWavb)(mh=Em8uOKM15fY1nBak)16.jpg|[ASMR 18+]  moans  喘ぎ声  신음  喘息  It would be great if you were here...|asmr;moans;喘ぎ声;喘息|Music;Female Orgasm||1240|5520|5|2|https://ei.phncdn.com/videos/202208/06/413139051/original/(m=eaAaGwObaaamqv)(mh=imUFeJGPiuw1dz8K)6.jpg|https://ei.phncdn.com/videos/202208/06/413139051/original/(m=eaAaGwObaaamqv)(mh=imUFeJGPiuw1dz8K)1.jpg;https://ei.phncdn.com/videos/202208/06/413139051/original/(m=eaAaGwObaaamqv)(mh=imUFeJGPiuw1dz8K)2.jpg;https://ei.phncdn.com/videos/202208/06/413139051/original/(m=eaAaGwObaaamqv)(mh=imUFeJGPiuw1dz8K)3.jpg;https://ei.phncdn.com/videos/202208/06/413139051/original/(m=eaAaGwObaaamqv)(mh=imUFeJGPiuw1dz8K)4.jpg;https://ei.phncdn.com/videos/202208/06/413139051/original/(m=eaAaGwObaaamqv)(mh=imUFeJGPiuw1dz8K)5.jpg;https://ei.phncdn.com/videos/202208/06/413139051/original/(m=eaAaGwObaaamqv)(mh=imUFeJGPiuw1dz8K)6.jpg;https://ei.phncdn.com/videos/202208/06/413139051/original/(m=eaAaGwObaaamqv)(mh=imUFeJGPiuw1dz8K)7.jpg;https://ei.phncdn.com/videos/202208/06/413139051/original/(m=eaAaGwObaaamqv)(mh=imUFeJGPiuw1dz8K)8.jpg;https://ei.phncdn.com/videos/202208/06/413139051/original/(m=eaAaGwObaaamqv)(mh=imUFeJGPiuw1dz8K)9.jpg;https://ei.phncdn.com/videos/202208/06/413139051/original/(m=eaAaGwObaaamqv)(mh=imUFeJGPiuw1dz8K)10.jpg;https://ei.phncdn.com/videos/202208/06/413139051/original/(m=eaAaGwObaaamqv)(mh=imUFeJGPiuw1dz8K)11.jpg;https://ei.phncdn.com/videos/202208/06/413139051/original/(m=eaAaGwObaaamqv)(mh=imUFeJGPiuw1dz8K)12.jpg;https://ei.phncdn.com/videos/202208/06/413139051/original/(m=eaAaGwObaaamqv)(mh=imUFeJGPiuw1dz8K)13.jpg;https://ei.phncdn.com/videos/202208/06/413139051/original/(m=eaAaGwObaaamqv)(mh=imUFeJGPiuw1dz8K)14.jpg;https://ei.phncdn.com/videos/202208/06/413139051/original/(m=eaAaGwObaaamqv)(mh=imUFeJGPiuw1dz8K)15.jpg;https://ei.phncdn.com/videos/202208/06/413139051/original/(m=eaAaGwObaaamqv)(mh=imUFeJGPiuw1dz8K)16.jpg
<iframe src="https://www.pornhub.com/embed/ph62f934109b285" frameborder="0" height="481" width="608" scrolling="no"></iframe>|https://ei.phncdn.com/videos/202208/14/413664521/original/(m=eaf8GgaaaWavb)(mh=cTIi21fwWAqU509J)1.jpg|https://ei.phncdn.com/videos/202208/14/413664521/original/(m=eaf8GgaaaWavb)(mh=cTIi21fwWAqU509J)1.jpg;https://ei.phncdn.com/videos/202208/14/413664521/original/(m=eaf8GgaaaWavb)(mh=cTIi21fwWAqU509J)2.jpg;https://ei.phncdn.com/videos/202208/14/413664521/original/(m=eaf8GgaaaWavb)(mh=cTIi21fwWAqU509J)3.jpg;https://ei.phncdn.com/videos/202208/14/413664521/original/(m=eaf8GgaaaWavb)(mh=cTIi21fwWAqU509J)4.jpg;https://ei.phncdn.com/videos/202208/14/413664521/original/(m=eaf8GgaaaWavb)(mh=cTIi21fwWAqU509J)5.jpg;https://ei.phncdn.com/videos/202208/14/413664521/original/(m=eaf8GgaaaWavb)(mh=cTIi21fwWAqU509J)6.jpg;https://ei.phncdn.com/videos/202208/14/413664521/original/(m=eaf8GgaaaWavb)(mh=cTIi21fwWAqU509J)7.jpg;https://ei.phncdn.com/videos/202208/14/413664521/original/(m=eaf8GgaaaWavb)(mh=cTIi21fwWAqU509J)8.jpg;https://ei.phncdn.com/videos/202208/14/413664521/original/(m=eaf8GgaaaWavb)(mh=cTIi21fwWAqU509J)9.jpg;https://ei.phncdn.com/videos/202208/14/413664521/original/(m=eaf8GgaaaWavb)(mh=cTIi21fwWAqU509J)10.jpg;https://ei.phncdn.com/videos/202208/14/413664521/original/(m=eaf8GgaaaWavb)(mh=cTIi21fwWAqU509J)11.jpg;https://ei.phncdn.com/videos/202208/14/413664521/original/(m=eaf8GgaaaWavb)(mh=cTIi21fwWAqU509J)12.jpg;https://ei.phncdn.com/videos/202208/14/413664521/original/(m=eaf8GgaaaWavb)(mh=cTIi21fwWAqU509J)13.jpg;https://ei.phncdn.com/videos/202208/14/413664521/original/(m=eaf8GgaaaWavb)(mh=cTIi21fwWAqU509J)14.jpg;https://ei.phncdn.com/videos/202208/14/413664521/original/(m=eaf8GgaaaWavb)(mh=cTIi21fwWAqU509J)15.jpg;https://ei.phncdn.com/videos/202208/14/413664521/original/(m=eaf8GgaaaWavb)(mh=cTIi21fwWAqU509J)16.jpg|call me back mp4|music-video;music|Music||193|51|||https://ei.phncdn.com/videos/202208/14/413664521/original/(m=eaAaGwObaaamqv)(mh=pX54-plIz35RXa__)1.jpg|https://ei.phncdn.com/videos/202208/14/413664521/original/(m=eaAaGwObaaamqv)(mh=pX54-plIz35RXa__)1.jpg;https://ei.phncdn.com/videos/202208/14/413664521/original/(m=eaAaGwObaaamqv)(mh=pX54-plIz35RXa__)2.jpg;https://ei.phncdn.com/videos/202208/14/413664521/original/(m=eaAaGwObaaamqv)(mh=pX54-plIz35RXa__)3.jpg;https://ei.phncdn.com/videos/202208/14/413664521/original/(m=eaAaGwObaaamqv)(mh=pX54-plIz35RXa__)4.jpg;https://ei.phncdn.com/videos/202208/14/413664521/original/(m=eaAaGwObaaamqv)(mh=pX54-plIz35RXa__)5.jpg;https://ei.phncdn.com/videos/202208/14/413664521/original/(m=eaAaGwObaaamqv)(mh=pX54-plIz35RXa__)6.jpg;https://ei.phncdn.com/videos/202208/14/413664521/original/(m=eaAaGwObaaamqv)(mh=pX54-plIz35RXa__)7.jpg;https://ei.phncdn.com/videos/202208/14/413664521/original/(m=eaAaGwObaaamqv)(mh=pX54-plIz35RXa__)8.jpg;https://ei.phncdn.com/videos/202208/14/413664521/original/(m=eaAaGwObaaamqv)(mh=pX54-plIz35RXa__)9.jpg;https://ei.phncdn.com/videos/202208/14/413664521/original/(m=eaAaGwObaaamqv)(mh=pX54-plIz35RXa__)10.jpg;https://ei.phncdn.com/videos/202208/14/413664521/original/(m=eaAaGwObaaamqv)(mh=pX54-plIz35RXa__)11.jpg;https://ei.phncdn.com/videos/202208/14/413664521/original/(m=eaAaGwObaaamqv)(mh=pX54-plIz35RXa__)12.jpg;https://ei.phncdn.com/videos/202208/14/413664521/original/(m=eaAaGwObaaamqv)(mh=pX54-plIz35RXa__)13.jpg;https://ei.phncdn.com/videos/202208/14/413664521/original/(m=eaAaGwObaaamqv)(mh=pX54-plIz35RXa__)14.jpg;https://ei.phncdn.com/videos/202208/14/413664521/original/(m=eaAaGwObaaamqv)(mh=pX54-plIz35RXa__)15.jpg;https://ei.phncdn.com/videos/202208/14/413664521/original/(m=eaAaGwObaaamqv)(mh=pX54-plIz35RXa__)16.jpg
<iframe src="https://www.pornhub.com/embed/ph62f9343378bc5" frameborder="0" height="481" width="608" scrolling="no"></iframe>|https://ei.phncdn.com/videos/202208/14/413664811/original/(m=eaf8GgaaaWavb)(mh=EGYFCfvJxAiqGnry)16.jpg|https://ei.phncdn.com/videos/202208/14/413664811/original/(m=eaf8GgaaaWavb)(mh=EGYFCfvJxAiqGnry)1.jpg;https://ei.phncdn.com/videos/202208/14/413664811/original/(m=eaf8GgaaaWavb)(mh=EGYFCfvJxAiqGnry)2.jpg;https://ei.phncdn.com/videos/202208/14/413664811/original/(m=eaf8GgaaaWavb)(mh=EGYFCfvJxAiqGnry)3.jpg;https://ei.phncdn.com/videos/202208/14/413664811/original/(m=eaf8GgaaaWavb)(mh=EGYFCfvJxAiqGnry)4.jpg;https://ei.phncdn.com/videos/202208/14/413664811/original/(m=eaf8GgaaaWavb)(mh=EGYFCfvJxAiqGnry)5.jpg;https://ei.phncdn.com/videos/202208/14/413664811/original/(m=eaf8GgaaaWavb)(mh=EGYFCfvJxAiqGnry)6.jpg;https://ei.phncdn.com/videos/202208/14/413664811/original/(m=eaf8GgaaaWavb)(mh=EGYFCfvJxAiqGnry)7.jpg;https://ei.phncdn.com/videos/202208/14/413664811/original/(m=eaf8GgaaaWavb)(mh=EGYFCfvJxAiqGnry)8.jpg;https://ei.phncdn.com/videos/202208/14/413664811/original/(m=eaf8GgaaaWavb)(mh=EGYFCfvJxAiqGnry)9.jpg;https://ei.phncdn.com/videos/202208/14/413664811/original/(m=eaf8GgaaaWavb)(mh=EGYFCfvJxAiqGnry)10.jpg;https://ei.phncdn.com/videos/202208/14/413664811/original/(m=eaf8GgaaaWavb)(mh=EGYFCfvJxAiqGnry)11.jpg;https://ei.phncdn.com/videos/202208/14/413664811/original/(m=eaf8GgaaaWavb)(mh=EGYFCfvJxAiqGnry)12.jpg;https://ei.phncdn.com/videos/202208/14/413664811/original/(m=eaf8GgaaaWavb)(mh=EGYFCfvJxAiqGnry)13.jpg;https://ei.phncdn.com/videos/202208/14/413664811/original/(m=eaf8GgaaaWavb)(mh=EGYFCfvJxAiqGnry)14.jpg;https://ei.phncdn.com/videos/202208/14/413664811/original/(m=eaf8GgaaaWavb)(mh=EGYFCfvJxAiqGnry)15.jpg;https://ei.phncdn.com/videos/202208/14/413664811/original/(m=eaf8GgaaaWavb)(mh=EGYFCfvJxAiqGnry)16.jpg|dance beat|music-compilation;music-video;music|Music||132|23|||https://ei.phncdn.com/videos/202208/14/413664811/original/(m=eaAaGwObaaamqv)(mh=8J7qPnRWpGsW9eOd)16.jpg|https://ei.phncdn.com/videos/202208/14/413664811/original/(m=eaAaGwObaaamqv)(mh=8J7qPnRWpGsW9eOd)1.jpg;https://ei.phncdn.com/videos/202208/14/413664811/original/(m=eaAaGwObaaamqv)(mh=8J7qPnRWpGsW9eOd)2.jpg;https://ei.phncdn.com/videos/202208/14/413664811/original/(m=eaAaGwObaaamqv)(mh=8J7qPnRWpGsW9eOd)3.jpg;https://ei.phncdn.com/videos/202208/14/413664811/original/(m=eaAaGwObaaamqv)(mh=8J7qPnRWpGsW9eOd)4.jpg;https://ei.phncdn.com/videos/202208/14/413664811/original/(m=eaAaGwObaaamqv)(mh=8J7qPnRWpGsW9eOd)5.jpg;https://ei.phncdn.com/videos/202208/14/413664811/original/(m=eaAaGwObaaamqv)(mh=8J7qPnRWpGsW9eOd)6.jpg;https://ei.phncdn.com/videos/202208/14/413664811/original/(m=eaAaGwObaaamqv)(mh=8J7qPnRWpGsW9eOd)7.jpg;https://ei.phncdn.com/videos/202208/14/413664811/original/(m=eaAaGwObaaamqv)(mh=8J7qPnRWpGsW9eOd)8.jpg;https://ei.phncdn.com/videos/202208/14/413664811/original/(m=eaAaGwObaaamqv)(mh=8J7qPnRWpGsW9eOd)9.jpg;https://ei.phncdn.com/videos/202208/14/413664811/original/(m=eaAaGwObaaamqv)(mh=8J7qPnRWpGsW9eOd)10.jpg;https://ei.phncdn.com/videos/202208/14/413664811/original/(m=eaAaGwObaaamqv)(mh=8J7qPnRWpGsW9eOd)11.jpg;https://ei.phncdn.com/videos/202208/14/413664811/original/(m=eaAaGwObaaamqv)(mh=8J7qPnRWpGsW9eOd)12.jpg;https://ei.phncdn.com/videos/202208/14/413664811/original/(m=eaAaGwObaaamqv)(mh=8J7qPnRWpGsW9eOd)13.jpg;https://ei.phncdn.com/videos/202208/14/413664811/original/(m=eaAaGwObaaamqv)(mh=8J7qPnRWpGsW9eOd)14.jpg;https://ei.phncdn.com/videos/202208/14/413664811/original/(m=eaAaGwObaaamqv)(mh=8J7qPnRWpGsW9eOd)15.jpg;https://ei.phncdn.com/videos/202208/14/413664811/original/(m=eaAaGwObaaamqv)(mh=8J7qPnRWpGsW9eOd)16.jpg
<iframe src="https://www.pornhub.com/embed/ph62fb10def0d35" frameborder="0" height="481" width="608" scrolling="no"></iframe>|https://ei.phncdn.com/videos/202208/16/413754541/original/(m=eaf8GgaaaWavb)(mh=GDmR2zpaSVsczNVu)6.jpg|https://ei.phncdn.com/videos/202208/16/413754541/original/(m=eaf8GgaaaWavb)(mh=GDmR2zpaSVsczNVu)1.jpg;https://ei.phncdn.com/videos/202208/16/413754541/original/(m=eaf8GgaaaWavb)(mh=GDmR2zpaSVsczNVu)2.jpg;https://ei.phncdn.com/videos/202208/16/413754541/original/(m=eaf8GgaaaWavb)(mh=GDmR2zpaSVsczNVu)3.jpg;https://ei.phncdn.com/videos/202208/16/413754541/original/(m=eaf8GgaaaWavb)(mh=GDmR2zpaSVsczNVu)4.jpg;https://ei.phncdn.com/videos/202208/16/413754541/original/(m=eaf8GgaaaWavb)(mh=GDmR2zpaSVsczNVu)5.jpg;https://ei.phncdn.com/videos/202208/16/413754541/original/(m=eaf8GgaaaWavb)(mh=GDmR2zpaSVsczNVu)6.jpg;https://ei.phncdn.com/videos/202208/16/413754541/original/(m=eaf8GgaaaWavb)(mh=GDmR2zpaSVsczNVu)7.jpg;https://ei.phncdn.com/videos/202208/16/413754541/original/(m=eaf8GgaaaWavb)(mh=GDmR2zpaSVsczNVu)8.jpg;https://ei.phncdn.com/videos/202208/16/413754541/original/(m=eaf8GgaaaWavb)(mh=GDmR2zpaSVsczNVu)9.jpg;https://ei.phncdn.com/videos/202208/16/413754541/original/(m=eaf8GgaaaWavb)(mh=GDmR2zpaSVsczNVu)10.jpg;https://ei.phncdn.com/videos/202208/16/413754541/original/(m=eaf8GgaaaWavb)(mh=GDmR2zpaSVsczNVu)11.jpg;https://ei.phncdn.com/videos/202208/16/413754541/original/(m=eaf8GgaaaWavb)(mh=GDmR2zpaSVsczNVu)12.jpg;https://ei.phncdn.com/videos/202208/16/413754541/original/(m=eaf8GgaaaWavb)(mh=GDmR2zpaSVsczNVu)13.jpg;https://ei.phncdn.com/videos/202208/16/413754541/original/(m=eaf8GgaaaWavb)(mh=GDmR2zpaSVsczNVu)14.jpg;https://ei.phncdn.com/videos/202208/16/413754541/original/(m=eaf8GgaaaWavb)(mh=GDmR2zpaSVsczNVu)15.jpg;https://ei.phncdn.com/videos/202208/16/413754541/original/(m=eaf8GgaaaWavb)(mh=GDmR2zpaSVsczNVu)16.jpg|Real rap|j-cole;lyrics;tiktok|Music;Vertical Video||37|47|||https://ei.phncdn.com/videos/202208/16/413754541/original/(m=eaAaGwObaaamqv)(mh=lQcT232Y-47aW3Eq)6.jpg|https://ei.phncdn.com/videos/202208/16/413754541/original/(m=eaAaGwObaaamqv)(mh=lQcT232Y-47aW3Eq)1.jpg;https://ei.phncdn.com/videos/202208/16/413754541/original/(m=eaAaGwObaaamqv)(mh=lQcT232Y-47aW3Eq)2.jpg;https://ei.phncdn.com/videos/202208/16/413754541/original/(m=eaAaGwObaaamqv)(mh=lQcT232Y-47aW3Eq)3.jpg;https://ei.phncdn.com/videos/202208/16/413754541/original/(m=eaAaGwObaaamqv)(mh=lQcT232Y-47aW3Eq)4.jpg;https://ei.phncdn.com/videos/202208/16/413754541/original/(m=eaAaGwObaaamqv)(mh=lQcT232Y-47aW3Eq)5.jpg;https://ei.phncdn.com/videos/202208/16/413754541/original/(m=eaAaGwObaaamqv)(mh=lQcT232Y-47aW3Eq)6.jpg;https://ei.phncdn.com/videos/202208/16/413754541/original/(m=eaAaGwObaaamqv)(mh=lQcT232Y-47aW3Eq)7.jpg;https://ei.phncdn.com/videos/202208/16/413754541/original/(m=eaAaGwObaaamqv)(mh=lQcT232Y-47aW3Eq)8.jpg;https://ei.phncdn.com/videos/202208/16/413754541/original/(m=eaAaGwObaaamqv)(mh=lQcT232Y-47aW3Eq)9.jpg;https://ei.phncdn.com/videos/202208/16/413754541/original/(m=eaAaGwObaaamqv)(mh=lQcT232Y-47aW3Eq)10.jpg;https://ei.phncdn.com/videos/202208/16/413754541/original/(m=eaAaGwObaaamqv)(mh=lQcT232Y-47aW3Eq)11.jpg;https://ei.phncdn.com/videos/202208/16/413754541/original/(m=eaAaGwObaaamqv)(mh=lQcT232Y-47aW3Eq)12.jpg;https://ei.phncdn.com/videos/202208/16/413754541/original/(m=eaAaGwObaaamqv)(mh=lQcT232Y-47aW3Eq)13.jpg;https://ei.phncdn.com/videos/202208/16/413754541/original/(m=eaAaGwObaaamqv)(mh=lQcT232Y-47aW3Eq)14.jpg;https://ei.phncdn.com/videos/202208/16/413754541/original/(m=eaAaGwObaaamqv)(mh=lQcT232Y-47aW3Eq)15.jpg;https://ei.phncdn.com/videos/202208/16/413754541/original/(m=eaAaGwObaaamqv)(mh=lQcT232Y-47aW3Eq)16.jpg
<iframe src="https://www.pornhub.com/embed/ph6308cccf3d710" frameborder="0" height="481" width="608" scrolling="no"></iframe>|https://ei.phncdn.com/videos/202208/26/414425531/original/(m=eaf8GgaaaWavb)(mh=95-Z85ab7Zs71FJb)5.jpg|https://ei.phncdn.com/videos/202208/26/414425531/original/(m=eaf8GgaaaWavb)(mh=95-Z85ab7Zs71FJb)1.jpg;https://ei.phncdn.com/videos/202208/26/414425531/original/(m=eaf8GgaaaWavb)(mh=95-Z85ab7Zs71FJb)2.jpg;https://ei.phncdn.com/videos/202208/26/414425531/original/(m=eaf8GgaaaWavb)(mh=95-Z85ab7Zs71FJb)3.jpg;https://ei.phncdn.com/videos/202208/26/414425531/original/(m=eaf8GgaaaWavb)(mh=95-Z85ab7Zs71FJb)4.jpg;https://ei.phncdn.com/videos/202208/26/414425531/original/(m=eaf8GgaaaWavb)(mh=95-Z85ab7Zs71FJb)5.jpg;https://ei.phncdn.com/videos/202208/26/414425531/original/(m=eaf8GgaaaWavb)(mh=95-Z85ab7Zs71FJb)6.jpg;https://ei.phncdn.com/videos/202208/26/414425531/original/(m=eaf8GgaaaWavb)(mh=95-Z85ab7Zs71FJb)7.jpg;https://ei.phncdn.com/videos/202208/26/414425531/original/(m=eaf8GgaaaWavb)(mh=95-Z85ab7Zs71FJb)8.jpg;https://ei.phncdn.com/videos/202208/26/414425531/original/(m=eaf8GgaaaWavb)(mh=95-Z85ab7Zs71FJb)9.jpg;https://ei.phncdn.com/videos/202208/26/414425531/original/(m=eaf8GgaaaWavb)(mh=95-Z85ab7Zs71FJb)10.jpg;https://ei.phncdn.com/videos/202208/26/414425531/original/(m=eaf8GgaaaWavb)(mh=95-Z85ab7Zs71FJb)11.jpg;https://ei.phncdn.com/videos/202208/26/414425531/original/(m=eaf8GgaaaWavb)(mh=95-Z85ab7Zs71FJb)12.jpg;https://ei.phncdn.com/videos/202208/26/414425531/original/(m=eaf8GgaaaWavb)(mh=95-Z85ab7Zs71FJb)13.jpg;https://ei.phncdn.com/videos/202208/26/414425531/original/(m=eaf8GgaaaWavb)(mh=95-Z85ab7Zs71FJb)14.jpg;https://ei.phncdn.com/videos/202208/26/414425531/original/(m=eaf8GgaaaWavb)(mh=95-Z85ab7Zs71FJb)15.jpg;https://ei.phncdn.com/videos/202208/26/414425531/original/(m=eaf8GgaaaWavb)(mh=95-Z85ab7Zs71FJb)16.jpg|Bouncy ass|fun;bouncy-ass;hotmilf|Music;Verified Amateurs||38|572|4|1|https://ei.phncdn.com/videos/202208/26/414425531/original/(m=eaAaGwObaaamqv)(mh=jklabetg5EQaZpta)5.jpg|https://ei.phncdn.com/videos/202208/26/414425531/original/(m=eaAaGwObaaamqv)(mh=jklabetg5EQaZpta)1.jpg;https://ei.phncdn.com/videos/202208/26/414425531/original/(m=eaAaGwObaaamqv)(mh=jklabetg5EQaZpta)2.jpg;https://ei.phncdn.com/videos/202208/26/414425531/original/(m=eaAaGwObaaamqv)(mh=jklabetg5EQaZpta)3.jpg;https://ei.phncdn.com/videos/202208/26/414425531/original/(m=eaAaGwObaaamqv)(mh=jklabetg5EQaZpta)4.jpg;https://ei.phncdn.com/videos/202208/26/414425531/original/(m=eaAaGwObaaamqv)(mh=jklabetg5EQaZpta)5.jpg;https://ei.phncdn.com/videos/202208/26/414425531/original/(m=eaAaGwObaaamqv)(mh=jklabetg5EQaZpta)6.jpg;https://ei.phncdn.com/videos/202208/26/414425531/original/(m=eaAaGwObaaamqv)(mh=jklabetg5EQaZpta)7.jpg;https://ei.phncdn.com/videos/202208/26/414425531/original/(m=eaAaGwObaaamqv)(mh=jklabetg5EQaZpta)8.jpg;https://ei.phncdn.com/videos/202208/26/414425531/original/(m=eaAaGwObaaamqv)(mh=jklabetg5EQaZpta)9.jpg;https://ei.phncdn.com/videos/202208/26/414425531/original/(m=eaAaGwObaaamqv)(mh=jklabetg5EQaZpta)10.jpg;https://ei.phncdn.com/videos/202208/26/414425531/original/(m=eaAaGwObaaamqv)(mh=jklabetg5EQaZpta)11.jpg;https://ei.phncdn.com/videos/202208/26/414425531/original/(m=eaAaGwObaaamqv)(mh=jklabetg5EQaZpta)12.jpg;https://ei.phncdn.com/videos/202208/26/414425531/original/(m=eaAaGwObaaamqv)(mh=jklabetg5EQaZpta)13.jpg;https://ei.phncdn.com/videos/202208/26/414425531/original/(m=eaAaGwObaaamqv)(mh=jklabetg5EQaZpta)14.jpg;https://ei.phncdn.com/videos/202208/26/414425531/original/(m=eaAaGwObaaamqv)(mh=jklabetg5EQaZpta)15.jpg;https://ei.phncdn.com/videos/202208/26/414425531/original/(m=eaAaGwObaaamqv)(mh=jklabetg5EQaZpta)16.jpg
<iframe src="https://www.pornhub.com/embed/ph630b15ce10873" frameborder="0" height="481" width="608" scrolling="no"></iframe>|https://ei.phncdn.com/videos/202208/28/414527401/original/(m=eaf8GgaaaWavb)(mh=3AVaGTEVWAsAqx0Y)13.jpg|https://ei.phncdn.com/videos/202208/28/414527401/original/(m=eaf8GgaaaWavb)(mh=3AVaGTEVWAsAqx0Y)1.jpg;https://ei.phncdn.com/videos/202208/28/414527401/original/(m=eaf8GgaaaWavb)(mh=3AVaGTEVWAsAqx0Y)2.jpg;https://ei.phncdn.com/videos/202208/28/414527401/original/(m=eaf8GgaaaWavb)(mh=3AVaGTEVWAsAqx0Y)3.jpg;https://ei.phncdn.com/videos/202208/28/414527401/original/(m=eaf8GgaaaWavb)(mh=3AVaGTEVWAsAqx0Y)4.jpg;https://ei.phncdn.com/videos/202208/28/414527401/original/(m=eaf8GgaaaWavb)(mh=3AVaGTEVWAsAqx0Y)5.jpg;https://ei.phncdn.com/videos/202208/28/414527401/original/(m=eaf8GgaaaWavb)(mh=3AVaGTEVWAsAqx0Y)6.jpg;https://ei.phncdn.com/videos/202208/28/414527401/original/(m=eaf8GgaaaWavb)(mh=3AVaGTEVWAsAqx0Y)7.jpg;https://ei.phncdn.com/videos/202208/28/414527401/original/(m=eaf8GgaaaWavb)(mh=3AVaGTEVWAsAqx0Y)8.jpg;https://ei.phncdn.com/videos/202208/28/414527401/original/(m=eaf8GgaaaWavb)(mh=3AVaGTEVWAsAqx0Y)9.jpg;https://ei.phncdn.com/videos/202208/28/414527401/original/(m=eaf8GgaaaWavb)(mh=3AVaGTEVWAsAqx0Y)10.jpg;https://ei.phncdn.com/videos/202208/28/414527401/original/(m=eaf8GgaaaWavb)(mh=3AVaGTEVWAsAqx0Y)11.jpg;https://ei.phncdn.com/videos/202208/28/414527401/original/(m=eaf8GgaaaWavb)(mh=3AVaGTEVWAsAqx0Y)12.jpg;https://ei.phncdn.com/videos/202208/28/414527401/original/(m=eaf8GgaaaWavb)(mh=3AVaGTEVWAsAqx0Y)13.jpg;https://ei.phncdn.com/videos/202208/28/414527401/original/(m=eaf8GgaaaWavb)(mh=3AVaGTEVWAsAqx0Y)14.jpg;https://ei.phncdn.com/videos/202208/28/414527401/original/(m=eaf8GgaaaWavb)(mh=3AVaGTEVWAsAqx0Y)15.jpg;https://ei.phncdn.com/videos/202208/28/414527401/original/(m=eaf8GgaaaWavb)(mh=3AVaGTEVWAsAqx0Y)16.jpg|xxxxxx|kink;anime|Music||59|1621|7|2|https://ei.phncdn.com/videos/202208/28/414527401/original/(m=eaAaGwObaaamqv)(mh=dunvhDKqxkv4tLON)13.jpg|https://ei.phncdn.com/videos/202208/28/414527401/original/(m=eaAaGwObaaamqv)(mh=dunvhDKqxkv4tLON)1.jpg;https://ei.phncdn.com/videos/202208/28/414527401/original/(m=eaAaGwObaaamqv)(mh=dunvhDKqxkv4tLON)2.jpg;https://ei.phncdn.com/videos/202208/28/414527401/original/(m=eaAaGwObaaamqv)(mh=dunvhDKqxkv4tLON)3.jpg;https://ei.phncdn.com/videos/202208/28/414527401/original/(m=eaAaGwObaaamqv)(mh=dunvhDKqxkv4tLON)4.jpg;https://ei.phncdn.com/videos/202208/28/414527401/original/(m=eaAaGwObaaamqv)(mh=dunvhDKqxkv4tLON)5.jpg;https://ei.phncdn.com/videos/202208/28/414527401/original/(m=eaAaGwObaaamqv)(mh=dunvhDKqxkv4tLON)6.jpg;https://ei.phncdn.com/videos/202208/28/414527401/original/(m=eaAaGwObaaamqv)(mh=dunvhDKqxkv4tLON)7.jpg;https://ei.phncdn.com/videos/202208/28/414527401/original/(m=eaAaGwObaaamqv)(mh=dunvhDKqxkv4tLON)8.jpg;https://ei.phncdn.com/videos/202208/28/414527401/original/(m=eaAaGwObaaamqv)(mh=dunvhDKqxkv4tLON)9.jpg;https://ei.phncdn.com/videos/202208/28/414527401/original/(m=eaAaGwObaaamqv)(mh=dunvhDKqxkv4tLON)10.jpg;https://ei.phncdn.com/videos/202208/28/414527401/original/(m=eaAaGwObaaamqv)(mh=dunvhDKqxkv4tLON)11.jpg;https://ei.phncdn.com/videos/202208/28/414527401/original/(m=eaAaGwObaaamqv)(mh=dunvhDKqxkv4tLON)12.jpg;https://ei.phncdn.com/videos/202208/28/414527401/original/(m=eaAaGwObaaamqv)(mh=dunvhDKqxkv4tLON)13.jpg;https://ei.phncdn.com/videos/202208/28/414527401/original/(m=eaAaGwObaaamqv)(mh=dunvhDKqxkv4tLON)14.jpg;https://ei.phncdn.com/videos/202208/28/414527401/original/(m=eaAaGwObaaamqv)(mh=dunvhDKqxkv4tLON)15.jpg;https://ei.phncdn.com/videos/202208/28/414527401/original/(m=eaAaGwObaaamqv)(mh=dunvhDKqxkv4tLON)16.jpg
<iframe src="https://www.pornhub.com/embed/ph630b3f8eed2e1" frameborder="0" height="481" width="608" scrolling="no"></iframe>|https://ei.phncdn.com/videos/202208/28/414533591/original/(m=eaf8GgaaaWavb)(mh=eNJDFPzGYMJ41rvR)15.jpg|https://ei.phncdn.com/videos/202208/28/414533591/original/(m=eaf8GgaaaWavb)(mh=eNJDFPzGYMJ41rvR)1.jpg;https://ei.phncdn.com/videos/202208/28/414533591/original/(m=eaf8GgaaaWavb)(mh=eNJDFPzGYMJ41rvR)2.jpg;https://ei.phncdn.com/videos/202208/28/414533591/original/(m=eaf8GgaaaWavb)(mh=eNJDFPzGYMJ41rvR)3.jpg;https://ei.phncdn.com/videos/202208/28/414533591/original/(m=eaf8GgaaaWavb)(mh=eNJDFPzGYMJ41rvR)4.jpg;https://ei.phncdn.com/videos/202208/28/414533591/original/(m=eaf8GgaaaWavb)(mh=eNJDFPzGYMJ41rvR)5.jpg;https://ei.phncdn.com/videos/202208/28/414533591/original/(m=eaf8GgaaaWavb)(mh=eNJDFPzGYMJ41rvR)6.jpg;https://ei.phncdn.com/videos/202208/28/414533591/original/(m=eaf8GgaaaWavb)(mh=eNJDFPzGYMJ41rvR)7.jpg;https://ei.phncdn.com/videos/202208/28/414533591/original/(m=eaf8GgaaaWavb)(mh=eNJDFPzGYMJ41rvR)8.jpg;https://ei.phncdn.com/videos/202208/28/414533591/original/(m=eaf8GgaaaWavb)(mh=eNJDFPzGYMJ41rvR)9.jpg;https://ei.phncdn.com/videos/202208/28/414533591/original/(m=eaf8GgaaaWavb)(mh=eNJDFPzGYMJ41rvR)10.jpg;https://ei.phncdn.com/videos/202208/28/414533591/original/(m=eaf8GgaaaWavb)(mh=eNJDFPzGYMJ41rvR)11.jpg;https://ei.phncdn.com/videos/202208/28/414533591/original/(m=eaf8GgaaaWavb)(mh=eNJDFPzGYMJ41rvR)12.jpg;https://ei.phncdn.com/videos/202208/28/414533591/original/(m=eaf8GgaaaWavb)(mh=eNJDFPzGYMJ41rvR)13.jpg;https://ei.phncdn.com/videos/202208/28/414533591/original/(m=eaf8GgaaaWavb)(mh=eNJDFPzGYMJ41rvR)14.jpg;https://ei.phncdn.com/videos/202208/28/414533591/original/(m=eaf8GgaaaWavb)(mh=eNJDFPzGYMJ41rvR)15.jpg;https://ei.phncdn.com/videos/202208/28/414533591/original/(m=eaf8GgaaaWavb)(mh=eNJDFPzGYMJ41rvR)16.jpg|Stalai - Partybooster|partybooster;stalai;ctv1|Music||55|12|||https://ei.phncdn.com/videos/202208/28/414533591/original/(m=eaAaGwObaaamqv)(mh=F8OMilobI-gZ5W4R)15.jpg|https://ei.phncdn.com/videos/202208/28/414533591/original/(m=eaAaGwObaaamqv)(mh=F8OMilobI-gZ5W4R)1.jpg;https://ei.phncdn.com/videos/202208/28/414533591/original/(m=eaAaGwObaaamqv)(mh=F8OMilobI-gZ5W4R)2.jpg;https://ei.phncdn.com/videos/202208/28/414533591/original/(m=eaAaGwObaaamqv)(mh=F8OMilobI-gZ5W4R)3.jpg;https://ei.phncdn.com/videos/202208/28/414533591/original/(m=eaAaGwObaaamqv)(mh=F8OMilobI-gZ5W4R)4.jpg;https://ei.phncdn.com/videos/202208/28/414533591/original/(m=eaAaGwObaaamqv)(mh=F8OMilobI-gZ5W4R)5.jpg;https://ei.phncdn.com/videos/202208/28/414533591/original/(m=eaAaGwObaaamqv)(mh=F8OMilobI-gZ5W4R)6.jpg;https://ei.phncdn.com/videos/202208/28/414533591/original/(m=eaAaGwObaaamqv)(mh=F8OMilobI-gZ5W4R)7.jpg;https://ei.phncdn.com/videos/202208/28/414533591/original/(m=eaAaGwObaaamqv)(mh=F8OMilobI-gZ5W4R)8.jpg;https://ei.phncdn.com/videos/202208/28/414533591/original/(m=eaAaGwObaaamqv)(mh=F8OMilobI-gZ5W4R)9.jpg;https://ei.phncdn.com/videos/202208/28/414533591/original/(m=eaAaGwObaaamqv)(mh=F8OMilobI-gZ5W4R)10.jpg;https://ei.phncdn.com/videos/202208/28/414533591/original/(m=eaAaGwObaaamqv)(mh=F8OMilobI-gZ5W4R)11.jpg;https://ei.phncdn.com/videos/202208/28/414533591/original/(m=eaAaGwObaaamqv)(mh=F8OMilobI-gZ5W4R)12.jpg;https://ei.phncdn.com/videos/202208/28/414533591/original/(m=eaAaGwObaaamqv)(mh=F8OMilobI-gZ5W4R)13.jpg;https://ei.phncdn.com/videos/202208/28/414533591/original/(m=eaAaGwObaaamqv)(mh=F8OMilobI-gZ5W4R)14.jpg;https://ei.phncdn.com/videos/202208/28/414533591/original/(m=eaAaGwObaaamqv)(mh=F8OMilobI-gZ5W4R)15.jpg;https://ei.phncdn.com/videos/202208/28/414533591/original/(m=eaAaGwObaaamqv)(mh=F8OMilobI-gZ5W4R)16.jpg
<iframe src="https://www.pornhub.com/embed/ph630b3f8f2b113" frameborder="0" height="481" width="608" scrolling="no"></iframe>|https://ei.phncdn.com/videos/202208/28/414533731/original/(m=eaf8GgaaaWavb)(mh=GTJiWqrJfxx_BY-o)6.jpg|https://ei.phncdn.com/videos/202208/28/414533731/original/(m=eaf8GgaaaWavb)(mh=GTJiWqrJfxx_BY-o)1.jpg;https://ei.phncdn.com/videos/202208/28/414533731/original/(m=eaf8GgaaaWavb)(mh=GTJiWqrJfxx_BY-o)2.jpg;https://ei.phncdn.com/videos/202208/28/414533731/original/(m=eaf8GgaaaWavb)(mh=GTJiWqrJfxx_BY-o)3.jpg;https://ei.phncdn.com/videos/202208/28/414533731/original/(m=eaf8GgaaaWavb)(mh=GTJiWqrJfxx_BY-o)4.jpg;https://ei.phncdn.com/videos/202208/28/414533731/original/(m=eaf8GgaaaWavb)(mh=GTJiWqrJfxx_BY-o)5.jpg;https://ei.phncdn.com/videos/202208/28/414533731/original/(m=eaf8GgaaaWavb)(mh=GTJiWqrJfxx_BY-o)6.jpg;https://ei.phncdn.com/videos/202208/28/414533731/original/(m=eaf8GgaaaWavb)(mh=GTJiWqrJfxx_BY-o)7.jpg;https://ei.phncdn.com/videos/202208/28/414533731/original/(m=eaf8GgaaaWavb)(mh=GTJiWqrJfxx_BY-o)8.jpg;https://ei.phncdn.com/videos/202208/28/414533731/original/(m=eaf8GgaaaWavb)(mh=GTJiWqrJfxx_BY-o)9.jpg;https://ei.phncdn.com/videos/202208/28/414533731/original/(m=eaf8GgaaaWavb)(mh=GTJiWqrJfxx_BY-o)10.jpg;https://ei.phncdn.com/videos/202208/28/414533731/original/(m=eaf8GgaaaWavb)(mh=GTJiWqrJfxx_BY-o)11.jpg;https://ei.phncdn.com/videos/202208/28/414533731/original/(m=eaf8GgaaaWavb)(mh=GTJiWqrJfxx_BY-o)12.jpg;https://ei.phncdn.com/videos/202208/28/414533731/original/(m=eaf8GgaaaWavb)(mh=GTJiWqrJfxx_BY-o)13.jpg;https://ei.phncdn.com/videos/202208/28/414533731/original/(m=eaf8GgaaaWavb)(mh=GTJiWqrJfxx_BY-o)14.jpg;https://ei.phncdn.com/videos/202208/28/414533731/original/(m=eaf8GgaaaWavb)(mh=GTJiWqrJfxx_BY-o)15.jpg;https://ei.phncdn.com/videos/202208/28/414533731/original/(m=eaf8GgaaaWavb)(mh=GTJiWqrJfxx_BY-o)16.jpg|Stalai - Slendaaaaar|stalai;slendaaaaar;ctv1|Music||141|6|||https://ei.phncdn.com/videos/202208/28/414533731/original/(m=eaAaGwObaaamqv)(mh=11T1d0_Te3JQKJQo)6.jpg|https://ei.phncdn.com/videos/202208/28/414533731/original/(m=eaAaGwObaaamqv)(mh=11T1d0_Te3JQKJQo)1.jpg;https://ei.phncdn.com/videos/202208/28/414533731/original/(m=eaAaGwObaaamqv)(mh=11T1d0_Te3JQKJQo)2.jpg;https://ei.phncdn.com/videos/202208/28/414533731/original/(m=eaAaGwObaaamqv)(mh=11T1d0_Te3JQKJQo)3.jpg;https://ei.phncdn.com/videos/202208/28/414533731/original/(m=eaAaGwObaaamqv)(mh=11T1d0_Te3JQKJQo)4.jpg;https://ei.phncdn.com/videos/202208/28/414533731/original/(m=eaAaGwObaaamqv)(mh=11T1d0_Te3JQKJQo)5.jpg;https://ei.phncdn.com/videos/202208/28/414533731/original/(m=eaAaGwObaaamqv)(mh=11T1d0_Te3JQKJQo)6.jpg;https://ei.phncdn.com/videos/202208/28/414533731/original/(m=eaAaGwObaaamqv)(mh=11T1d0_Te3JQKJQo)7.jpg;https://ei.phncdn.com/videos/202208/28/414533731/original/(m=eaAaGwObaaamqv)(mh=11T1d0_Te3JQKJQo)8.jpg;https://ei.phncdn.com/videos/202208/28/414533731/original/(m=eaAaGwObaaamqv)(mh=11T1d0_Te3JQKJQo)9.jpg;https://ei.phncdn.com/videos/202208/28/414533731/original/(m=eaAaGwObaaamqv)(mh=11T1d0_Te3JQKJQo)10.jpg;https://ei.phncdn.com/videos/202208/28/414533731/original/(m=eaAaGwObaaamqv)(mh=11T1d0_Te3JQKJQo)11.jpg;https://ei.phncdn.com/videos/202208/28/414533731/original/(m=eaAaGwObaaamqv)(mh=11T1d0_Te3JQKJQo)12.jpg;https://ei.phncdn.com/videos/202208/28/414533731/original/(m=eaAaGwObaaamqv)(mh=11T1d0_Te3JQKJQo)13.jpg;https://ei.phncdn.com/videos/202208/28/414533731/original/(m=eaAaGwObaaamqv)(mh=11T1d0_Te3JQKJQo)14.jpg;https://ei.phncdn.com/videos/202208/28/414533731/original/(m=eaAaGwObaaamqv)(mh=11T1d0_Te3JQKJQo)15.jpg;https://ei.phncdn.com/videos/202208/28/414533731/original/(m=eaAaGwObaaamqv)(mh=11T1d0_Te3JQKJQo)16.jpg
<iframe src="https://www.pornhub.com/embed/ph630b3f8f502b4" frameborder="0" height="481" width="608" scrolling="no"></iframe>|https://ei.phncdn.com/videos/202208/28/414533801/original/(m=eaf8GgaaaWavb)(mh=ipgclXP69YcqYX3H)3.jpg|https://ei.phncdn.com/videos/202208/28/414533801/original/(m=eaf8GgaaaWavb)(mh=ipgclXP69YcqYX3H)1.jpg;https://ei.phncdn.com/videos/202208/28/414533801/original/(m=eaf8GgaaaWavb)(mh=ipgclXP69YcqYX3H)2.jpg;https://ei.phncdn.com/videos/202208/28/414533801/original/(m=eaf8GgaaaWavb)(mh=ipgclXP69YcqYX3H)3.jpg;https://ei.phncdn.com/videos/202208/28/414533801/original/(m=eaf8GgaaaWavb)(mh=ipgclXP69YcqYX3H)4.jpg;https://ei.phncdn.com/videos/202208/28/414533801/original/(m=eaf8GgaaaWavb)(mh=ipgclXP69YcqYX3H)5.jpg;https://ei.phncdn.com/videos/202208/28/414533801/original/(m=eaf8GgaaaWavb)(mh=ipgclXP69YcqYX3H)6.jpg;https://ei.phncdn.com/videos/202208/28/414533801/original/(m=eaf8GgaaaWavb)(mh=ipgclXP69YcqYX3H)7.jpg;https://ei.phncdn.com/videos/202208/28/414533801/original/(m=eaf8GgaaaWavb)(mh=ipgclXP69YcqYX3H)8.jpg;https://ei.phncdn.com/videos/202208/28/414533801/original/(m=eaf8GgaaaWavb)(mh=ipgclXP69YcqYX3H)9.jpg;https://ei.phncdn.com/videos/202208/28/414533801/original/(m=eaf8GgaaaWavb)(mh=ipgclXP69YcqYX3H)10.jpg;https://ei.phncdn.com/videos/202208/28/414533801/original/(m=eaf8GgaaaWavb)(mh=ipgclXP69YcqYX3H)11.jpg;https://ei.phncdn.com/videos/202208/28/414533801/original/(m=eaf8GgaaaWavb)(mh=ipgclXP69YcqYX3H)12.jpg;https://ei.phncdn.com/videos/202208/28/414533801/original/(m=eaf8GgaaaWavb)(mh=ipgclXP69YcqYX3H)13.jpg;https://ei.phncdn.com/videos/202208/28/414533801/original/(m=eaf8GgaaaWavb)(mh=ipgclXP69YcqYX3H)14.jpg;https://ei.phncdn.com/videos/202208/28/414533801/original/(m=eaf8GgaaaWavb)(mh=ipgclXP69YcqYX3H)15.jpg;https://ei.phncdn.com/videos/202208/28/414533801/original/(m=eaf8GgaaaWavb)(mh=ipgclXP69YcqYX3H)16.jpg|Stalai - 4 da|stalai;ctv1|Music||134|7|||https://ei.phncdn.com/videos/202208/28/414533801/original/(m=eaAaGwObaaamqv)(mh=oiZ7zRWK6BIzwZgM)3.jpg|https://ei.phncdn.com/videos/202208/28/414533801/original/(m=eaAaGwObaaamqv)(mh=oiZ7zRWK6BIzwZgM)1.jpg;https://ei.phncdn.com/videos/202208/28/414533801/original/(m=eaAaGwObaaamqv)(mh=oiZ7zRWK6BIzwZgM)2.jpg;https://ei.phncdn.com/videos/202208/28/414533801/original/(m=eaAaGwObaaamqv)(mh=oiZ7zRWK6BIzwZgM)3.jpg;https://ei.phncdn.com/videos/202208/28/414533801/original/(m=eaAaGwObaaamqv)(mh=oiZ7zRWK6BIzwZgM)4.jpg;https://ei.phncdn.com/videos/202208/28/414533801/original/(m=eaAaGwObaaamqv)(mh=oiZ7zRWK6BIzwZgM)5.jpg;https://ei.phncdn.com/videos/202208/28/414533801/original/(m=eaAaGwObaaamqv)(mh=oiZ7zRWK6BIzwZgM)6.jpg;https://ei.phncdn.com/videos/202208/28/414533801/original/(m=eaAaGwObaaamqv)(mh=oiZ7zRWK6BIzwZgM)7.jpg;https://ei.phncdn.com/videos/202208/28/414533801/original/(m=eaAaGwObaaamqv)(mh=oiZ7zRWK6BIzwZgM)8.jpg;https://ei.phncdn.com/videos/202208/28/414533801/original/(m=eaAaGwObaaamqv)(mh=oiZ7zRWK6BIzwZgM)9.jpg;https://ei.phncdn.com/videos/202208/28/414533801/original/(m=eaAaGwObaaamqv)(mh=oiZ7zRWK6BIzwZgM)10.jpg;https://ei.phncdn.com/videos/202208/28/414533801/original/(m=eaAaGwObaaamqv)(mh=oiZ7zRWK6BIzwZgM)11.jpg;https://ei.phncdn.com/videos/202208/28/414533801/original/(m=eaAaGwObaaamqv)(mh=oiZ7zRWK6BIzwZgM)12.jpg;https://ei.phncdn.com/videos/202208/28/414533801/original/(m=eaAaGwObaaamqv)(mh=oiZ7zRWK6BIzwZgM)13.jpg;https://ei.phncdn.com/videos/202208/28/414533801/original/(m=eaAaGwObaaamqv)(mh=oiZ7zRWK6BIzwZgM)14.jpg;https://ei.phncdn.com/videos/202208/28/414533801/original/(m=eaAaGwObaaamqv)(mh=oiZ7zRWK6BIzwZgM)15.jpg;https://ei.phncdn.com/videos/202208/28/414533801/original/(m=eaAaGwObaaamqv)(mh=oiZ7zRWK6BIzwZgM)16.jpg
<iframe src="https://www.pornhub.com/embed/ph630b3f8ed754b" frameborder="0" height="481" width="608" scrolling="no"></iframe>|https://ei.phncdn.com/videos/202208/28/414533841/original/(m=eaf8GgaaaWavb)(mh=zkF2mQalzkzf6hyw)11.jpg|https://ei.phncdn.com/videos/202208/28/414533841/original/(m=eaf8GgaaaWavb)(mh=zkF2mQalzkzf6hyw)1.jpg;https://ei.phncdn.com/videos/202208/28/414533841/original/(m=eaf8GgaaaWavb)(mh=zkF2mQalzkzf6hyw)2.jpg;https://ei.phncdn.com/videos/202208/28/414533841/original/(m=eaf8GgaaaWavb)(mh=zkF2mQalzkzf6hyw)3.jpg;https://ei.phncdn.com/videos/202208/28/414533841/original/(m=eaf8GgaaaWavb)(mh=zkF2mQalzkzf6hyw)4.jpg;https://ei.phncdn.com/videos/202208/28/414533841/original/(m=eaf8GgaaaWavb)(mh=zkF2mQalzkzf6hyw)5.jpg;https://ei.phncdn.com/videos/202208/28/414533841/original/(m=eaf8GgaaaWavb)(mh=zkF2mQalzkzf6hyw)6.jpg;https://ei.phncdn.com/videos/202208/28/414533841/original/(m=eaf8GgaaaWavb)(mh=zkF2mQalzkzf6hyw)7.jpg;https://ei.phncdn.com/videos/202208/28/414533841/original/(m=eaf8GgaaaWavb)(mh=zkF2mQalzkzf6hyw)8.jpg;https://ei.phncdn.com/videos/202208/28/414533841/original/(m=eaf8GgaaaWavb)(mh=zkF2mQalzkzf6hyw)9.jpg;https://ei.phncdn.com/videos/202208/28/414533841/original/(m=eaf8GgaaaWavb)(mh=zkF2mQalzkzf6hyw)10.jpg;https://ei.phncdn.com/videos/202208/28/414533841/original/(m=eaf8GgaaaWavb)(mh=zkF2mQalzkzf6hyw)11.jpg;https://ei.phncdn.com/videos/202208/28/414533841/original/(m=eaf8GgaaaWavb)(mh=zkF2mQalzkzf6hyw)12.jpg;https://ei.phncdn.com/videos/202208/28/414533841/original/(m=eaf8GgaaaWavb)(mh=zkF2mQalzkzf6hyw)13.jpg;https://ei.phncdn.com/videos/202208/28/414533841/original/(m=eaf8GgaaaWavb)(mh=zkF2mQalzkzf6hyw)14.jpg;https://ei.phncdn.com/videos/202208/28/414533841/original/(m=eaf8GgaaaWavb)(mh=zkF2mQalzkzf6hyw)15.jpg;https://ei.phncdn.com/videos/202208/28/414533841/original/(m=eaf8GgaaaWavb)(mh=zkF2mQalzkzf6hyw)16.jpg|Stalai - K bye|stalai-k-bye;stalai;k-bye;ctv1|Music||133|11|||https://ei.phncdn.com/videos/202208/28/414533841/original/(m=eaAaGwObaaamqv)(mh=Dd2rVu9uirDchUMP)11.jpg|https://ei.phncdn.com/videos/202208/28/414533841/original/(m=eaAaGwObaaamqv)(mh=Dd2rVu9uirDchUMP)1.jpg;https://ei.phncdn.com/videos/202208/28/414533841/original/(m=eaAaGwObaaamqv)(mh=Dd2rVu9uirDchUMP)2.jpg;https://ei.phncdn.com/videos/202208/28/414533841/original/(m=eaAaGwObaaamqv)(mh=Dd2rVu9uirDchUMP)3.jpg;https://ei.phncdn.com/videos/202208/28/414533841/original/(m=eaAaGwObaaamqv)(mh=Dd2rVu9uirDchUMP)4.jpg;https://ei.phncdn.com/videos/202208/28/414533841/original/(m=eaAaGwObaaamqv)(mh=Dd2rVu9uirDchUMP)5.jpg;https://ei.phncdn.com/videos/202208/28/414533841/original/(m=eaAaGwObaaamqv)(mh=Dd2rVu9uirDchUMP)6.jpg;https://ei.phncdn.com/videos/202208/28/414533841/original/(m=eaAaGwObaaamqv)(mh=Dd2rVu9uirDchUMP)7.jpg;https://ei.phncdn.com/videos/202208/28/414533841/original/(m=eaAaGwObaaamqv)(mh=Dd2rVu9uirDchUMP)8.jpg;https://ei.phncdn.com/videos/202208/28/414533841/original/(m=eaAaGwObaaamqv)(mh=Dd2rVu9uirDchUMP)9.jpg;https://ei.phncdn.com/videos/202208/28/414533841/original/(m=eaAaGwObaaamqv)(mh=Dd2rVu9uirDchUMP)10.jpg;https://ei.phncdn.com/videos/202208/28/414533841/original/(m=eaAaGwObaaamqv)(mh=Dd2rVu9uirDchUMP)11.jpg;https://ei.phncdn.com/videos/202208/28/414533841/original/(m=eaAaGwObaaamqv)(mh=Dd2rVu9uirDchUMP)12.jpg;https://ei.phncdn.com/videos/202208/28/414533841/original/(m=eaAaGwObaaamqv)(mh=Dd2rVu9uirDchUMP)13.jpg;https://ei.phncdn.com/videos/202208/28/414533841/original/(m=eaAaGwObaaamqv)(mh=Dd2rVu9uirDchUMP)14.jpg;https://ei.phncdn.com/videos/202208/28/414533841/original/(m=eaAaGwObaaamqv)(mh=Dd2rVu9uirDchUMP)15.jpg;https://ei.phncdn.com/videos/202208/28/414533841/original/(m=eaAaGwObaaamqv)(mh=Dd2rVu9uirDchUMP)16.jpg
<iframe src="https://www.pornhub.com/embed/ph630b3f8edf491" frameborder="0" height="481" width="608" scrolling="no"></iframe>|https://ei.phncdn.com/videos/202208/28/414533881/original/(m=eaf8GgaaaWavb)(mh=6-rSWykcocwTX_JE)7.jpg|https://ei.phncdn.com/videos/202208/28/414533881/original/(m=eaf8GgaaaWavb)(mh=6-rSWykcocwTX_JE)1.jpg;https://ei.phncdn.com/videos/202208/28/414533881/original/(m=eaf8GgaaaWavb)(mh=6-rSWykcocwTX_JE)2.jpg;https://ei.phncdn.com/videos/202208/28/414533881/original/(m=eaf8GgaaaWavb)(mh=6-rSWykcocwTX_JE)3.jpg;https://ei.phncdn.com/videos/202208/28/414533881/original/(m=eaf8GgaaaWavb)(mh=6-rSWykcocwTX_JE)4.jpg;https://ei.phncdn.com/videos/202208/28/414533881/original/(m=eaf8GgaaaWavb)(mh=6-rSWykcocwTX_JE)5.jpg;https://ei.phncdn.com/videos/202208/28/414533881/original/(m=eaf8GgaaaWavb)(mh=6-rSWykcocwTX_JE)6.jpg;https://ei.phncdn.com/videos/202208/28/414533881/original/(m=eaf8GgaaaWavb)(mh=6-rSWykcocwTX_JE)7.jpg;https://ei.phncdn.com/videos/202208/28/414533881/original/(m=eaf8GgaaaWavb)(mh=6-rSWykcocwTX_JE)8.jpg;https://ei.phncdn.com/videos/202208/28/414533881/original/(m=eaf8GgaaaWavb)(mh=6-rSWykcocwTX_JE)9.jpg;https://ei.phncdn.com/videos/202208/28/414533881/original/(m=eaf8GgaaaWavb)(mh=6-rSWykcocwTX_JE)10.jpg;https://ei.phncdn.com/videos/202208/28/414533881/original/(m=eaf8GgaaaWavb)(mh=6-rSWykcocwTX_JE)11.jpg;https://ei.phncdn.com/videos/202208/28/414533881/original/(m=eaf8GgaaaWavb)(mh=6-rSWykcocwTX_JE)12.jpg;https://ei.phncdn.com/videos/202208/28/414533881/original/(m=eaf8GgaaaWavb)(mh=6-rSWykcocwTX_JE)13.jpg;https://ei.phncdn.com/videos/202208/28/414533881/original/(m=eaf8GgaaaWavb)(mh=6-rSWykcocwTX_JE)14.jpg;https://ei.phncdn.com/videos/202208/28/414533881/original/(m=eaf8GgaaaWavb)(mh=6-rSWykcocwTX_JE)15.jpg;https://ei.phncdn.com/videos/202208/28/414533881/original/(m=eaf8GgaaaWavb)(mh=6-rSWykcocwTX_JE)16.jpg|Stalai - OMG|stalai-omg;omg;stalai;ctv1|Music||151|15|||https://ei.phncdn.com/videos/202208/28/414533881/original/(m=eaAaGwObaaamqv)(mh=sL8aWtfG1vSo26Tu)7.jpg|https://ei.phncdn.com/videos/202208/28/414533881/original/(m=eaAaGwObaaamqv)(mh=sL8aWtfG1vSo26Tu)1.jpg;https://ei.phncdn.com/videos/202208/28/414533881/original/(m=eaAaGwObaaamqv)(mh=sL8aWtfG1vSo26Tu)2.jpg;https://ei.phncdn.com/videos/202208/28/414533881/original/(m=eaAaGwObaaamqv)(mh=sL8aWtfG1vSo26Tu)3.jpg;https://ei.phncdn.com/videos/202208/28/414533881/original/(m=eaAaGwObaaamqv)(mh=sL8aWtfG1vSo26Tu)4.jpg;https://ei.phncdn.com/videos/202208/28/414533881/original/(m=eaAaGwObaaamqv)(mh=sL8aWtfG1vSo26Tu)5.jpg;https://ei.phncdn.com/videos/202208/28/414533881/original/(m=eaAaGwObaaamqv)(mh=sL8aWtfG1vSo26Tu)6.jpg;https://ei.phncdn.com/videos/202208/28/414533881/original/(m=eaAaGwObaaamqv)(mh=sL8aWtfG1vSo26Tu)7.jpg;https://ei.phncdn.com/videos/202208/28/414533881/original/(m=eaAaGwObaaamqv)(mh=sL8aWtfG1vSo26Tu)8.jpg;https://ei.phncdn.com/videos/202208/28/414533881/original/(m=eaAaGwObaaamqv)(mh=sL8aWtfG1vSo26Tu)9.jpg;https://ei.phncdn.com/videos/202208/28/414533881/original/(m=eaAaGwObaaamqv)(mh=sL8aWtfG1vSo26Tu)10.jpg;https://ei.phncdn.com/videos/202208/28/414533881/original/(m=eaAaGwObaaamqv)(mh=sL8aWtfG1vSo26Tu)11.jpg;https://ei.phncdn.com/videos/202208/28/414533881/original/(m=eaAaGwObaaamqv)(mh=sL8aWtfG1vSo26Tu)12.jpg;https://ei.phncdn.com/videos/202208/28/414533881/original/(m=eaAaGwObaaamqv)(mh=sL8aWtfG1vSo26Tu)13.jpg;https://ei.phncdn.com/videos/202208/28/414533881/original/(m=eaAaGwObaaamqv)(mh=sL8aWtfG1vSo26Tu)14.jpg;https://ei.phncdn.com/videos/202208/28/414533881/original/(m=eaAaGwObaaamqv)(mh=sL8aWtfG1vSo26Tu)15.jpg;https://ei.phncdn.com/videos/202208/28/414533881/original/(m=eaAaGwObaaamqv)(mh=sL8aWtfG1vSo26Tu)16.jpg
<iframe src="https://www.pornhub.com/embed/ph630b3f8f02b61" frameborder="0" height="481" width="608" scrolling="no"></iframe>|https://ei.phncdn.com/videos/202208/28/414533891/original/(m=eaf8GgaaaWavb)(mh=Q5H9HANdqVNpnxcg)7.jpg|https://ei.phncdn.com/videos/202208/28/414533891/original/(m=eaf8GgaaaWavb)(mh=Q5H9HANdqVNpnxcg)1.jpg;https://ei.phncdn.com/videos/202208/28/414533891/original/(m=eaf8GgaaaWavb)(mh=Q5H9HANdqVNpnxcg)2.jpg;https://ei.phncdn.com/videos/202208/28/414533891/original/(m=eaf8GgaaaWavb)(mh=Q5H9HANdqVNpnxcg)3.jpg;https://ei.phncdn.com/videos/202208/28/414533891/original/(m=eaf8GgaaaWavb)(mh=Q5H9HANdqVNpnxcg)4.jpg;https://ei.phncdn.com/videos/202208/28/414533891/original/(m=eaf8GgaaaWavb)(mh=Q5H9HANdqVNpnxcg)5.jpg;https://ei.phncdn.com/videos/202208/28/414533891/original/(m=eaf8GgaaaWavb)(mh=Q5H9HANdqVNpnxcg)6.jpg;https://ei.phncdn.com/videos/202208/28/414533891/original/(m=eaf8GgaaaWavb)(mh=Q5H9HANdqVNpnxcg)7.jpg;https://ei.phncdn.com/videos/202208/28/414533891/original/(m=eaf8GgaaaWavb)(mh=Q5H9HANdqVNpnxcg)8.jpg;https://ei.phncdn.com/videos/202208/28/414533891/original/(m=eaf8GgaaaWavb)(mh=Q5H9HANdqVNpnxcg)9.jpg;https://ei.phncdn.com/videos/202208/28/414533891/original/(m=eaf8GgaaaWavb)(mh=Q5H9HANdqVNpnxcg)10.jpg;https://ei.phncdn.com/videos/202208/28/414533891/original/(m=eaf8GgaaaWavb)(mh=Q5H9HANdqVNpnxcg)11.jpg;https://ei.phncdn.com/videos/202208/28/414533891/original/(m=eaf8GgaaaWavb)(mh=Q5H9HANdqVNpnxcg)12.jpg;https://ei.phncdn.com/videos/202208/28/414533891/original/(m=eaf8GgaaaWavb)(mh=Q5H9HANdqVNpnxcg)13.jpg;https://ei.phncdn.com/videos/202208/28/414533891/original/(m=eaf8GgaaaWavb)(mh=Q5H9HANdqVNpnxcg)14.jpg;https://ei.phncdn.com/videos/202208/28/414533891/original/(m=eaf8GgaaaWavb)(mh=Q5H9HANdqVNpnxcg)15.jpg;https://ei.phncdn.com/videos/202208/28/414533891/original/(m=eaf8GgaaaWavb)(mh=Q5H9HANdqVNpnxcg)16.jpg|Stalai - Payback|stalai;payback;ctv1|Music||282|10|||https://ei.phncdn.com/videos/202208/28/414533891/original/(m=eaAaGwObaaamqv)(mh=UOJYWFwY-WWlIq-x)7.jpg|https://ei.phncdn.com/videos/202208/28/414533891/original/(m=eaAaGwObaaamqv)(mh=UOJYWFwY-WWlIq-x)1.jpg;https://ei.phncdn.com/videos/202208/28/414533891/original/(m=eaAaGwObaaamqv)(mh=UOJYWFwY-WWlIq-x)2.jpg;https://ei.phncdn.com/videos/202208/28/414533891/original/(m=eaAaGwObaaamqv)(mh=UOJYWFwY-WWlIq-x)3.jpg;https://ei.phncdn.com/videos/202208/28/414533891/original/(m=eaAaGwObaaamqv)(mh=UOJYWFwY-WWlIq-x)4.jpg;https://ei.phncdn.com/videos/202208/28/414533891/original/(m=eaAaGwObaaamqv)(mh=UOJYWFwY-WWlIq-x)5.jpg;https://ei.phncdn.com/videos/202208/28/414533891/original/(m=eaAaGwObaaamqv)(mh=UOJYWFwY-WWlIq-x)6.jpg;https://ei.phncdn.com/videos/202208/28/414533891/original/(m=eaAaGwObaaamqv)(mh=UOJYWFwY-WWlIq-x)7.jpg;https://ei.phncdn.com/videos/202208/28/414533891/original/(m=eaAaGwObaaamqv)(mh=UOJYWFwY-WWlIq-x)8.jpg;https://ei.phncdn.com/videos/202208/28/414533891/original/(m=eaAaGwObaaamqv)(mh=UOJYWFwY-WWlIq-x)9.jpg;https://ei.phncdn.com/videos/202208/28/414533891/original/(m=eaAaGwObaaamqv)(mh=UOJYWFwY-WWlIq-x)10.jpg;https://ei.phncdn.com/videos/202208/28/414533891/original/(m=eaAaGwObaaamqv)(mh=UOJYWFwY-WWlIq-x)11.jpg;https://ei.phncdn.com/videos/202208/28/414533891/original/(m=eaAaGwObaaamqv)(mh=UOJYWFwY-WWlIq-x)12.jpg;https://ei.phncdn.com/videos/202208/28/414533891/original/(m=eaAaGwObaaamqv)(mh=UOJYWFwY-WWlIq-x)13.jpg;https://ei.phncdn.com/videos/202208/28/414533891/original/(m=eaAaGwObaaamqv)(mh=UOJYWFwY-WWlIq-x)14.jpg;https://ei.phncdn.com/videos/202208/28/414533891/original/(m=eaAaGwObaaamqv)(mh=UOJYWFwY-WWlIq-x)15.jpg;https://ei.phncdn.com/videos/202208/28/414533891/original/(m=eaAaGwObaaamqv)(mh=UOJYWFwY-WWlIq-x)16.jpg
<iframe src="https://www.pornhub.com/embed/ph630b3f8f0f5c7" frameborder="0" height="481" width="608" scrolling="no"></iframe>|https://ei.phncdn.com/videos/202208/28/414533901/original/(m=eaf8GgaaaWavb)(mh=Rq5xeS7CXGd9kjXb)8.jpg|https://ei.phncdn.com/videos/202208/28/414533901/original/(m=eaf8GgaaaWavb)(mh=Rq5xeS7CXGd9kjXb)1.jpg;https://ei.phncdn.com/videos/202208/28/414533901/original/(m=eaf8GgaaaWavb)(mh=Rq5xeS7CXGd9kjXb)2.jpg;https://ei.phncdn.com/videos/202208/28/414533901/original/(m=eaf8GgaaaWavb)(mh=Rq5xeS7CXGd9kjXb)3.jpg;https://ei.phncdn.com/videos/202208/28/414533901/original/(m=eaf8GgaaaWavb)(mh=Rq5xeS7CXGd9kjXb)4.jpg;https://ei.phncdn.com/videos/202208/28/414533901/original/(m=eaf8GgaaaWavb)(mh=Rq5xeS7CXGd9kjXb)5.jpg;https://ei.phncdn.com/videos/202208/28/414533901/original/(m=eaf8GgaaaWavb)(mh=Rq5xeS7CXGd9kjXb)6.jpg;https://ei.phncdn.com/videos/202208/28/414533901/original/(m=eaf8GgaaaWavb)(mh=Rq5xeS7CXGd9kjXb)7.jpg;https://ei.phncdn.com/videos/202208/28/414533901/original/(m=eaf8GgaaaWavb)(mh=Rq5xeS7CXGd9kjXb)8.jpg;https://ei.phncdn.com/videos/202208/28/414533901/original/(m=eaf8GgaaaWavb)(mh=Rq5xeS7CXGd9kjXb)9.jpg;https://ei.phncdn.com/videos/202208/28/414533901/original/(m=eaf8GgaaaWavb)(mh=Rq5xeS7CXGd9kjXb)10.jpg;https://ei.phncdn.com/videos/202208/28/414533901/original/(m=eaf8GgaaaWavb)(mh=Rq5xeS7CXGd9kjXb)11.jpg;https://ei.phncdn.com/videos/202208/28/414533901/original/(m=eaf8GgaaaWavb)(mh=Rq5xeS7CXGd9kjXb)12.jpg;https://ei.phncdn.com/videos/202208/28/414533901/original/(m=eaf8GgaaaWavb)(mh=Rq5xeS7CXGd9kjXb)13.jpg;https://ei.phncdn.com/videos/202208/28/414533901/original/(m=eaf8GgaaaWavb)(mh=Rq5xeS7CXGd9kjXb)14.jpg;https://ei.phncdn.com/videos/202208/28/414533901/original/(m=eaf8GgaaaWavb)(mh=Rq5xeS7CXGd9kjXb)15.jpg;https://ei.phncdn.com/videos/202208/28/414533901/original/(m=eaf8GgaaaWavb)(mh=Rq5xeS7CXGd9kjXb)16.jpg|Stalai - Rags to Riches|rags-to-riches;stalai;ctv1|Music||133|10|||https://ei.phncdn.com/videos/202208/28/414533901/original/(m=eaAaGwObaaamqv)(mh=C8-_XIOcRzCSFS-K)8.jpg|https://ei.phncdn.com/videos/202208/28/414533901/original/(m=eaAaGwObaaamqv)(mh=C8-_XIOcRzCSFS-K)1.jpg;https://ei.phncdn.com/videos/202208/28/414533901/original/(m=eaAaGwObaaamqv)(mh=C8-_XIOcRzCSFS-K)2.jpg;https://ei.phncdn.com/videos/202208/28/414533901/original/(m=eaAaGwObaaamqv)(mh=C8-_XIOcRzCSFS-K)3.jpg;https://ei.phncdn.com/videos/202208/28/414533901/original/(m=eaAaGwObaaamqv)(mh=C8-_XIOcRzCSFS-K)4.jpg;https://ei.phncdn.com/videos/202208/28/414533901/original/(m=eaAaGwObaaamqv)(mh=C8-_XIOcRzCSFS-K)5.jpg;https://ei.phncdn.com/videos/202208/28/414533901/original/(m=eaAaGwObaaamqv)(mh=C8-_XIOcRzCSFS-K)6.jpg;https://ei.phncdn.com/videos/202208/28/414533901/original/(m=eaAaGwObaaamqv)(mh=C8-_XIOcRzCSFS-K)7.jpg;https://ei.phncdn.com/videos/202208/28/414533901/original/(m=eaAaGwObaaamqv)(mh=C8-_XIOcRzCSFS-K)8.jpg;https://ei.phncdn.com/videos/202208/28/414533901/original/(m=eaAaGwObaaamqv)(mh=C8-_XIOcRzCSFS-K)9.jpg;https://ei.phncdn.com/videos/202208/28/414533901/original/(m=eaAaGwObaaamqv)(mh=C8-_XIOcRzCSFS-K)10.jpg;https://ei.phncdn.com/videos/202208/28/414533901/original/(m=eaAaGwObaaamqv)(mh=C8-_XIOcRzCSFS-K)11.jpg;https://ei.phncdn.com/videos/202208/28/414533901/original/(m=eaAaGwObaaamqv)(mh=C8-_XIOcRzCSFS-K)12.jpg;https://ei.phncdn.com/videos/202208/28/414533901/original/(m=eaAaGwObaaamqv)(mh=C8-_XIOcRzCSFS-K)13.jpg;https://ei.phncdn.com/videos/202208/28/414533901/original/(m=eaAaGwObaaamqv)(mh=C8-_XIOcRzCSFS-K)14.jpg;https://ei.phncdn.com/videos/202208/28/414533901/original/(m=eaAaGwObaaamqv)(mh=C8-_XIOcRzCSFS-K)15.jpg;https://ei.phncdn.com/videos/202208/28/414533901/original/(m=eaAaGwObaaamqv)(mh=C8-_XIOcRzCSFS-K)16.jpg
<iframe src="https://www.pornhub.com/embed/ph630b3f8f208b4" frameborder="0" height="481" width="608" scrolling="no"></iframe>|https://ei.phncdn.com/videos/202208/28/414533921/original/(m=eaf8GgaaaWavb)(mh=t74LTAasieR3BOAP)1.jpg|https://ei.phncdn.com/videos/202208/28/414533921/original/(m=eaf8GgaaaWavb)(mh=t74LTAasieR3BOAP)1.jpg;https://ei.phncdn.com/videos/202208/28/414533921/original/(m=eaf8GgaaaWavb)(mh=t74LTAasieR3BOAP)2.jpg;https://ei.phncdn.com/videos/202208/28/414533921/original/(m=eaf8GgaaaWavb)(mh=t74LTAasieR3BOAP)3.jpg;https://ei.phncdn.com/videos/202208/28/414533921/original/(m=eaf8GgaaaWavb)(mh=t74LTAasieR3BOAP)4.jpg;https://ei.phncdn.com/videos/202208/28/414533921/original/(m=eaf8GgaaaWavb)(mh=t74LTAasieR3BOAP)5.jpg;https://ei.phncdn.com/videos/202208/28/414533921/original/(m=eaf8GgaaaWavb)(mh=t74LTAasieR3BOAP)6.jpg;https://ei.phncdn.com/videos/202208/28/414533921/original/(m=eaf8GgaaaWavb)(mh=t74LTAasieR3BOAP)7.jpg;https://ei.phncdn.com/videos/202208/28/414533921/original/(m=eaf8GgaaaWavb)(mh=t74LTAasieR3BOAP)8.jpg;https://ei.phncdn.com/videos/202208/28/414533921/original/(m=eaf8GgaaaWavb)(mh=t74LTAasieR3BOAP)9.jpg;https://ei.phncdn.com/videos/202208/28/414533921/original/(m=eaf8GgaaaWavb)(mh=t74LTAasieR3BOAP)10.jpg;https://ei.phncdn.com/videos/202208/28/414533921/original/(m=eaf8GgaaaWavb)(mh=t74LTAasieR3BOAP)11.jpg;https://ei.phncdn.com/videos/202208/28/414533921/original/(m=eaf8GgaaaWavb)(mh=t74LTAasieR3BOAP)12.jpg;https://ei.phncdn.com/videos/202208/28/414533921/original/(m=eaf8GgaaaWavb)(mh=t74LTAasieR3BOAP)13.jpg;https://ei.phncdn.com/videos/202208/28/414533921/original/(m=eaf8GgaaaWavb)(mh=t74LTAasieR3BOAP)14.jpg;https://ei.phncdn.com/videos/202208/28/414533921/original/(m=eaf8GgaaaWavb)(mh=t74LTAasieR3BOAP)15.jpg;https://ei.phncdn.com/videos/202208/28/414533921/original/(m=eaf8GgaaaWavb)(mh=t74LTAasieR3BOAP)16.jpg|Stalai :::Satoshi:::|stalai;satoshi;ctv1|Music||179|28|0|1|https://ei.phncdn.com/videos/202208/28/414533921/original/(m=eaAaGwObaaamqv)(mh=q85JSaBNjwqlT8-W)1.jpg|https://ei.phncdn.com/videos/202208/28/414533921/original/(m=eaAaGwObaaamqv)(mh=q85JSaBNjwqlT8-W)1.jpg;https://ei.phncdn.com/videos/202208/28/414533921/original/(m=eaAaGwObaaamqv)(mh=q85JSaBNjwqlT8-W)2.jpg;https://ei.phncdn.com/videos/202208/28/414533921/original/(m=eaAaGwObaaamqv)(mh=q85JSaBNjwqlT8-W)3.jpg;https://ei.phncdn.com/videos/202208/28/414533921/original/(m=eaAaGwObaaamqv)(mh=q85JSaBNjwqlT8-W)4.jpg;https://ei.phncdn.com/videos/202208/28/414533921/original/(m=eaAaGwObaaamqv)(mh=q85JSaBNjwqlT8-W)5.jpg;https://ei.phncdn.com/videos/202208/28/414533921/original/(m=eaAaGwObaaamqv)(mh=q85JSaBNjwqlT8-W)6.jpg;https://ei.phncdn.com/videos/202208/28/414533921/original/(m=eaAaGwObaaamqv)(mh=q85JSaBNjwqlT8-W)7.jpg;https://ei.phncdn.com/videos/202208/28/414533921/original/(m=eaAaGwObaaamqv)(mh=q85JSaBNjwqlT8-W)8.jpg;https://ei.phncdn.com/videos/202208/28/414533921/original/(m=eaAaGwObaaamqv)(mh=q85JSaBNjwqlT8-W)9.jpg;https://ei.phncdn.com/videos/202208/28/414533921/original/(m=eaAaGwObaaamqv)(mh=q85JSaBNjwqlT8-W)10.jpg;https://ei.phncdn.com/videos/202208/28/414533921/original/(m=eaAaGwObaaamqv)(mh=q85JSaBNjwqlT8-W)11.jpg;https://ei.phncdn.com/videos/202208/28/414533921/original/(m=eaAaGwObaaamqv)(mh=q85JSaBNjwqlT8-W)12.jpg;https://ei.phncdn.com/videos/202208/28/414533921/original/(m=eaAaGwObaaamqv)(mh=q85JSaBNjwqlT8-W)13.jpg;https://ei.phncdn.com/videos/202208/28/414533921/original/(m=eaAaGwObaaamqv)(mh=q85JSaBNjwqlT8-W)14.jpg;https://ei.phncdn.com/videos/202208/28/414533921/original/(m=eaAaGwObaaamqv)(mh=q85JSaBNjwqlT8-W)15.jpg;https://ei.phncdn.com/videos/202208/28/414533921/original/(m=eaAaGwObaaamqv)(mh=q85JSaBNjwqlT8-W)16.jpg
<iframe src="https://www.pornhub.com/embed/ph630b3f8f658cd" frameborder="0" height="481" width="608" scrolling="no"></iframe>|https://ei.phncdn.com/videos/202208/28/414534091/original/(m=eaf8GgaaaWavb)(mh=H9myEnJ82MO51GRS)7.jpg|https://ei.phncdn.com/videos/202208/28/414534091/original/(m=eaf8GgaaaWavb)(mh=H9myEnJ82MO51GRS)1.jpg;https://ei.phncdn.com/videos/202208/28/414534091/original/(m=eaf8GgaaaWavb)(mh=H9myEnJ82MO51GRS)2.jpg;https://ei.phncdn.com/videos/202208/28/414534091/original/(m=eaf8GgaaaWavb)(mh=H9myEnJ82MO51GRS)3.jpg;https://ei.phncdn.com/videos/202208/28/414534091/original/(m=eaf8GgaaaWavb)(mh=H9myEnJ82MO51GRS)4.jpg;https://ei.phncdn.com/videos/202208/28/414534091/original/(m=eaf8GgaaaWavb)(mh=H9myEnJ82MO51GRS)5.jpg;https://ei.phncdn.com/videos/202208/28/414534091/original/(m=eaf8GgaaaWavb)(mh=H9myEnJ82MO51GRS)6.jpg;https://ei.phncdn.com/videos/202208/28/414534091/original/(m=eaf8GgaaaWavb)(mh=H9myEnJ82MO51GRS)7.jpg;https://ei.phncdn.com/videos/202208/28/414534091/original/(m=eaf8GgaaaWavb)(mh=H9myEnJ82MO51GRS)8.jpg;https://ei.phncdn.com/videos/202208/28/414534091/original/(m=eaf8GgaaaWavb)(mh=H9myEnJ82MO51GRS)9.jpg;https://ei.phncdn.com/videos/202208/28/414534091/original/(m=eaf8GgaaaWavb)(mh=H9myEnJ82MO51GRS)10.jpg;https://ei.phncdn.com/videos/202208/28/414534091/original/(m=eaf8GgaaaWavb)(mh=H9myEnJ82MO51GRS)11.jpg;https://ei.phncdn.com/videos/202208/28/414534091/original/(m=eaf8GgaaaWavb)(mh=H9myEnJ82MO51GRS)12.jpg;https://ei.phncdn.com/videos/202208/28/414534091/original/(m=eaf8GgaaaWavb)(mh=H9myEnJ82MO51GRS)13.jpg;https://ei.phncdn.com/videos/202208/28/414534091/original/(m=eaf8GgaaaWavb)(mh=H9myEnJ82MO51GRS)14.jpg;https://ei.phncdn.com/videos/202208/28/414534091/original/(m=eaf8GgaaaWavb)(mh=H9myEnJ82MO51GRS)15.jpg;https://ei.phncdn.com/videos/202208/28/414534091/original/(m=eaf8GgaaaWavb)(mh=H9myEnJ82MO51GRS)16.jpg|Stalai :::Das:::Programm:::|das-programm;stalai;ctv1|Music||395|15|||https://ei.phncdn.com/videos/202208/28/414534091/original/(m=eaAaGwObaaamqv)(mh=Byutl9DvVHWiVAw9)7.jpg|https://ei.phncdn.com/videos/202208/28/414534091/original/(m=eaAaGwObaaamqv)(mh=Byutl9DvVHWiVAw9)1.jpg;https://ei.phncdn.com/videos/202208/28/414534091/original/(m=eaAaGwObaaamqv)(mh=Byutl9DvVHWiVAw9)2.jpg;https://ei.phncdn.com/videos/202208/28/414534091/original/(m=eaAaGwObaaamqv)(mh=Byutl9DvVHWiVAw9)3.jpg;https://ei.phncdn.com/videos/202208/28/414534091/original/(m=eaAaGwObaaamqv)(mh=Byutl9DvVHWiVAw9)4.jpg;https://ei.phncdn.com/videos/202208/28/414534091/original/(m=eaAaGwObaaamqv)(mh=Byutl9DvVHWiVAw9)5.jpg;https://ei.phncdn.com/videos/202208/28/414534091/original/(m=eaAaGwObaaamqv)(mh=Byutl9DvVHWiVAw9)6.jpg;https://ei.phncdn.com/videos/202208/28/414534091/original/(m=eaAaGwObaaamqv)(mh=Byutl9DvVHWiVAw9)7.jpg;https://ei.phncdn.com/videos/202208/28/414534091/original/(m=eaAaGwObaaamqv)(mh=Byutl9DvVHWiVAw9)8.jpg;https://ei.phncdn.com/videos/202208/28/414534091/original/(m=eaAaGwObaaamqv)(mh=Byutl9DvVHWiVAw9)9.jpg;https://ei.phncdn.com/videos/202208/28/414534091/original/(m=eaAaGwObaaamqv)(mh=Byutl9DvVHWiVAw9)10.jpg;https://ei.phncdn.com/videos/202208/28/414534091/original/(m=eaAaGwObaaamqv)(mh=Byutl9DvVHWiVAw9)11.jpg;https://ei.phncdn.com/videos/202208/28/414534091/original/(m=eaAaGwObaaamqv)(mh=Byutl9DvVHWiVAw9)12.jpg;https://ei.phncdn.com/videos/202208/28/414534091/original/(m=eaAaGwObaaamqv)(mh=Byutl9DvVHWiVAw9)13.jpg;https://ei.phncdn.com/videos/202208/28/414534091/original/(m=eaAaGwObaaamqv)(mh=Byutl9DvVHWiVAw9)14.jpg;https://ei.phncdn.com/videos/202208/28/414534091/original/(m=eaAaGwObaaamqv)(mh=Byutl9DvVHWiVAw9)15.jpg;https://ei.phncdn.com/videos/202208/28/414534091/original/(m=eaAaGwObaaamqv)(mh=Byutl9DvVHWiVAw9)16.jpg
<iframe src="https://www.pornhub.com/embed/ph630b3f8f90054" frameborder="0" height="481" width="608" scrolling="no"></iframe>|https://ei.phncdn.com/videos/202208/28/414534101/original/(m=eaf8GgaaaWavb)(mh=YDiuYptav2yKpj38)8.jpg|https://ei.phncdn.com/videos/202208/28/414534101/original/(m=eaf8GgaaaWavb)(mh=YDiuYptav2yKpj38)1.jpg;https://ei.phncdn.com/videos/202208/28/414534101/original/(m=eaf8GgaaaWavb)(mh=YDiuYptav2yKpj38)2.jpg;https://ei.phncdn.com/videos/202208/28/414534101/original/(m=eaf8GgaaaWavb)(mh=YDiuYptav2yKpj38)3.jpg;https://ei.phncdn.com/videos/202208/28/414534101/original/(m=eaf8GgaaaWavb)(mh=YDiuYptav2yKpj38)4.jpg;https://ei.phncdn.com/videos/202208/28/414534101/original/(m=eaf8GgaaaWavb)(mh=YDiuYptav2yKpj38)5.jpg;https://ei.phncdn.com/videos/202208/28/414534101/original/(m=eaf8GgaaaWavb)(mh=YDiuYptav2yKpj38)6.jpg;https://ei.phncdn.com/videos/202208/28/414534101/original/(m=eaf8GgaaaWavb)(mh=YDiuYptav2yKpj38)7.jpg;https://ei.phncdn.com/videos/202208/28/414534101/original/(m=eaf8GgaaaWavb)(mh=YDiuYptav2yKpj38)8.jpg;https://ei.phncdn.com/videos/202208/28/414534101/original/(m=eaf8GgaaaWavb)(mh=YDiuYptav2yKpj38)9.jpg;https://ei.phncdn.com/videos/202208/28/414534101/original/(m=eaf8GgaaaWavb)(mh=YDiuYptav2yKpj38)10.jpg;https://ei.phncdn.com/videos/202208/28/414534101/original/(m=eaf8GgaaaWavb)(mh=YDiuYptav2yKpj38)11.jpg;https://ei.phncdn.com/videos/202208/28/414534101/original/(m=eaf8GgaaaWavb)(mh=YDiuYptav2yKpj38)12.jpg;https://ei.phncdn.com/videos/202208/28/414534101/original/(m=eaf8GgaaaWavb)(mh=YDiuYptav2yKpj38)13.jpg;https://ei.phncdn.com/videos/202208/28/414534101/original/(m=eaf8GgaaaWavb)(mh=YDiuYptav2yKpj38)14.jpg;https://ei.phncdn.com/videos/202208/28/414534101/original/(m=eaf8GgaaaWavb)(mh=YDiuYptav2yKpj38)15.jpg;https://ei.phncdn.com/videos/202208/28/414534101/original/(m=eaf8GgaaaWavb)(mh=YDiuYptav2yKpj38)16.jpg|Stalai - Heat|heat;stalai;ctv1|Music||104|9|||https://ei.phncdn.com/videos/202208/28/414534101/original/(m=eaAaGwObaaamqv)(mh=tYK9VTUQTUmzVos8)8.jpg|https://ei.phncdn.com/videos/202208/28/414534101/original/(m=eaAaGwObaaamqv)(mh=tYK9VTUQTUmzVos8)1.jpg;https://ei.phncdn.com/videos/202208/28/414534101/original/(m=eaAaGwObaaamqv)(mh=tYK9VTUQTUmzVos8)2.jpg;https://ei.phncdn.com/videos/202208/28/414534101/original/(m=eaAaGwObaaamqv)(mh=tYK9VTUQTUmzVos8)3.jpg;https://ei.phncdn.com/videos/202208/28/414534101/original/(m=eaAaGwObaaamqv)(mh=tYK9VTUQTUmzVos8)4.jpg;https://ei.phncdn.com/videos/202208/28/414534101/original/(m=eaAaGwObaaamqv)(mh=tYK9VTUQTUmzVos8)5.jpg;https://ei.phncdn.com/videos/202208/28/414534101/original/(m=eaAaGwObaaamqv)(mh=tYK9VTUQTUmzVos8)6.jpg;https://ei.phncdn.com/videos/202208/28/414534101/original/(m=eaAaGwObaaamqv)(mh=tYK9VTUQTUmzVos8)7.jpg;https://ei.phncdn.com/videos/202208/28/414534101/original/(m=eaAaGwObaaamqv)(mh=tYK9VTUQTUmzVos8)8.jpg;https://ei.phncdn.com/videos/202208/28/414534101/original/(m=eaAaGwObaaamqv)(mh=tYK9VTUQTUmzVos8)9.jpg;https://ei.phncdn.com/videos/202208/28/414534101/original/(m=eaAaGwObaaamqv)(mh=tYK9VTUQTUmzVos8)10.jpg;https://ei.phncdn.com/videos/202208/28/414534101/original/(m=eaAaGwObaaamqv)(mh=tYK9VTUQTUmzVos8)11.jpg;https://ei.phncdn.com/videos/202208/28/414534101/original/(m=eaAaGwObaaamqv)(mh=tYK9VTUQTUmzVos8)12.jpg;https://ei.phncdn.com/videos/202208/28/414534101/original/(m=eaAaGwObaaamqv)(mh=tYK9VTUQTUmzVos8)13.jpg;https://ei.phncdn.com/videos/202208/28/414534101/original/(m=eaAaGwObaaamqv)(mh=tYK9VTUQTUmzVos8)14.jpg;https://ei.phncdn.com/videos/202208/28/414534101/original/(m=eaAaGwObaaamqv)(mh=tYK9VTUQTUmzVos8)15.jpg;https://ei.phncdn.com/videos/202208/28/414534101/original/(m=eaAaGwObaaamqv)(mh=tYK9VTUQTUmzVos8)16.jpg
<iframe src="https://www.pornhub.com/embed/ph631734a13301d" frameborder="0" height="481" width="608" scrolling="no"></iframe>|https://ei.phncdn.com/videos/202209/06/415087031/original/(m=eaf8GgaaaWavb)(mh=izQFviwSe5u8dlB5)11.jpg|https://ei.phncdn.com/videos/202209/06/415087031/original/(m=eaf8GgaaaWavb)(mh=izQFviwSe5u8dlB5)1.jpg;https://ei.phncdn.com/videos/202209/06/415087031/original/(m=eaf8GgaaaWavb)(mh=izQFviwSe5u8dlB5)2.jpg;https://ei.phncdn.com/videos/202209/06/415087031/original/(m=eaf8GgaaaWavb)(mh=izQFviwSe5u8dlB5)3.jpg;https://ei.phncdn.com/videos/202209/06/415087031/original/(m=eaf8GgaaaWavb)(mh=izQFviwSe5u8dlB5)4.jpg;https://ei.phncdn.com/videos/202209/06/415087031/original/(m=eaf8GgaaaWavb)(mh=izQFviwSe5u8dlB5)5.jpg;https://ei.phncdn.com/videos/202209/06/415087031/original/(m=eaf8GgaaaWavb)(mh=izQFviwSe5u8dlB5)6.jpg;https://ei.phncdn.com/videos/202209/06/415087031/original/(m=eaf8GgaaaWavb)(mh=izQFviwSe5u8dlB5)7.jpg;https://ei.phncdn.com/videos/202209/06/415087031/original/(m=eaf8GgaaaWavb)(mh=izQFviwSe5u8dlB5)8.jpg;https://ei.phncdn.com/videos/202209/06/415087031/original/(m=eaf8GgaaaWavb)(mh=izQFviwSe5u8dlB5)9.jpg;https://ei.phncdn.com/videos/202209/06/415087031/original/(m=eaf8GgaaaWavb)(mh=izQFviwSe5u8dlB5)10.jpg;https://ei.phncdn.com/videos/202209/06/415087031/original/(m=eaf8GgaaaWavb)(mh=izQFviwSe5u8dlB5)11.jpg;https://ei.phncdn.com/videos/202209/06/415087031/original/(m=eaf8GgaaaWavb)(mh=izQFviwSe5u8dlB5)12.jpg;https://ei.phncdn.com/videos/202209/06/415087031/original/(m=eaf8GgaaaWavb)(mh=izQFviwSe5u8dlB5)13.jpg;https://ei.phncdn.com/videos/202209/06/415087031/original/(m=eaf8GgaaaWavb)(mh=izQFviwSe5u8dlB5)14.jpg;https://ei.phncdn.com/videos/202209/06/415087031/original/(m=eaf8GgaaaWavb)(mh=izQFviwSe5u8dlB5)15.jpg;https://ei.phncdn.com/videos/202209/06/415087031/original/(m=eaf8GgaaaWavb)(mh=izQFviwSe5u8dlB5)16.jpg|Stalai - TAUSEND (Official Audio)|stalai;tausend;musik|Music||159|36|1|0|https://ei.phncdn.com/videos/202209/06/415087031/original/(m=eaAaGwObaaamqv)(mh=gAfn0UvcQi9t2j_U)11.jpg|https://ei.phncdn.com/videos/202209/06/415087031/original/(m=eaAaGwObaaamqv)(mh=gAfn0UvcQi9t2j_U)1.jpg;https://ei.phncdn.com/videos/202209/06/415087031/original/(m=eaAaGwObaaamqv)(mh=gAfn0UvcQi9t2j_U)2.jpg;https://ei.phncdn.com/videos/202209/06/415087031/original/(m=eaAaGwObaaamqv)(mh=gAfn0UvcQi9t2j_U)3.jpg;https://ei.phncdn.com/videos/202209/06/415087031/original/(m=eaAaGwObaaamqv)(mh=gAfn0UvcQi9t2j_U)4.jpg;https://ei.phncdn.com/videos/202209/06/415087031/original/(m=eaAaGwObaaamqv)(mh=gAfn0UvcQi9t2j_U)5.jpg;https://ei.phncdn.com/videos/202209/06/415087031/original/(m=eaAaGwObaaamqv)(mh=gAfn0UvcQi9t2j_U)6.jpg;https://ei.phncdn.com/videos/202209/06/415087031/original/(m=eaAaGwObaaamqv)(mh=gAfn0UvcQi9t2j_U)7.jpg;https://ei.phncdn.com/videos/202209/06/415087031/original/(m=eaAaGwObaaamqv)(mh=gAfn0UvcQi9t2j_U)8.jpg;https://ei.phncdn.com/videos/202209/06/415087031/original/(m=eaAaGwObaaamqv)(mh=gAfn0UvcQi9t2j_U)9.jpg;https://ei.phncdn.com/videos/202209/06/415087031/original/(m=eaAaGwObaaamqv)(mh=gAfn0UvcQi9t2j_U)10.jpg;https://ei.phncdn.com/videos/202209/06/415087031/original/(m=eaAaGwObaaamqv)(mh=gAfn0UvcQi9t2j_U)11.jpg;https://ei.phncdn.com/videos/202209/06/415087031/original/(m=eaAaGwObaaamqv)(mh=gAfn0UvcQi9t2j_U)12.jpg;https://ei.phncdn.com/videos/202209/06/415087031/original/(m=eaAaGwObaaamqv)(mh=gAfn0UvcQi9t2j_U)13.jpg;https://ei.phncdn.com/videos/202209/06/415087031/original/(m=eaAaGwObaaamqv)(mh=gAfn0UvcQi9t2j_U)14.jpg;https://ei.phncdn.com/videos/202209/06/415087031/original/(m=eaAaGwObaaamqv)(mh=gAfn0UvcQi9t2j_U)15.jpg;https://ei.phncdn.com/videos/202209/06/415087031/original/(m=eaAaGwObaaamqv)(mh=gAfn0UvcQi9t2j_U)16.jpg
<iframe src="https://www.pornhub.com/embed/ph633eb8452d957" frameborder="0" height="481" width="608" scrolling="no"></iframe>|https://ei.phncdn.com/videos/202210/06/416979551/original/(m=eaf8GgaaaWavb)(mh=jBn707q6_eU7bten)9.jpg|https://ei.phncdn.com/videos/202210/06/416979551/original/(m=eaf8GgaaaWavb)(mh=jBn707q6_eU7bten)1.jpg;https://ei.phncdn.com/videos/202210/06/416979551/original/(m=eaf8GgaaaWavb)(mh=jBn707q6_eU7bten)2.jpg;https://ei.phncdn.com/videos/202210/06/416979551/original/(m=eaf8GgaaaWavb)(mh=jBn707q6_eU7bten)3.jpg;https://ei.phncdn.com/videos/202210/06/416979551/original/(m=eaf8GgaaaWavb)(mh=jBn707q6_eU7bten)4.jpg;https://ei.phncdn.com/videos/202210/06/416979551/original/(m=eaf8GgaaaWavb)(mh=jBn707q6_eU7bten)5.jpg;https://ei.phncdn.com/videos/202210/06/416979551/original/(m=eaf8GgaaaWavb)(mh=jBn707q6_eU7bten)6.jpg;https://ei.phncdn.com/videos/202210/06/416979551/original/(m=eaf8GgaaaWavb)(mh=jBn707q6_eU7bten)7.jpg;https://ei.phncdn.com/videos/202210/06/416979551/original/(m=eaf8GgaaaWavb)(mh=jBn707q6_eU7bten)8.jpg;https://ei.phncdn.com/videos/202210/06/416979551/original/(m=eaf8GgaaaWavb)(mh=jBn707q6_eU7bten)9.jpg;https://ei.phncdn.com/videos/202210/06/416979551/original/(m=eaf8GgaaaWavb)(mh=jBn707q6_eU7bten)10.jpg;https://ei.phncdn.com/videos/202210/06/416979551/original/(m=eaf8GgaaaWavb)(mh=jBn707q6_eU7bten)11.jpg;https://ei.phncdn.com/videos/202210/06/416979551/original/(m=eaf8GgaaaWavb)(mh=jBn707q6_eU7bten)12.jpg;https://ei.phncdn.com/videos/202210/06/416979551/original/(m=eaf8GgaaaWavb)(mh=jBn707q6_eU7bten)13.jpg;https://ei.phncdn.com/videos/202210/06/416979551/original/(m=eaf8GgaaaWavb)(mh=jBn707q6_eU7bten)14.jpg;https://ei.phncdn.com/videos/202210/06/416979551/original/(m=eaf8GgaaaWavb)(mh=jBn707q6_eU7bten)15.jpg;https://ei.phncdn.com/videos/202210/06/416979551/original/(m=eaf8GgaaaWavb)(mh=jBn707q6_eU7bten)16.jpg|STALAI - ENDLOSER EINSATZ (Official Audio + Lyrics)|endloser-einsatz;stalai;audio;deutschrap;german;musik|Music||124|40|1|0|https://ei.phncdn.com/videos/202210/06/416979551/original/(m=eaAaGwObaaamqv)(mh=b-4KxmN0Ii8SyVEQ)9.jpg|https://ei.phncdn.com/videos/202210/06/416979551/original/(m=eaAaGwObaaamqv)(mh=b-4KxmN0Ii8SyVEQ)1.jpg;https://ei.phncdn.com/videos/202210/06/416979551/original/(m=eaAaGwObaaamqv)(mh=b-4KxmN0Ii8SyVEQ)2.jpg;https://ei.phncdn.com/videos/202210/06/416979551/original/(m=eaAaGwObaaamqv)(mh=b-4KxmN0Ii8SyVEQ)3.jpg;https://ei.phncdn.com/videos/202210/06/416979551/original/(m=eaAaGwObaaamqv)(mh=b-4KxmN0Ii8SyVEQ)4.jpg;https://ei.phncdn.com/videos/202210/06/416979551/original/(m=eaAaGwObaaamqv)(mh=b-4KxmN0Ii8SyVEQ)5.jpg;https://ei.phncdn.com/videos/202210/06/416979551/original/(m=eaAaGwObaaamqv)(mh=b-4KxmN0Ii8SyVEQ)6.jpg;https://ei.phncdn.com/videos/202210/06/416979551/original/(m=eaAaGwObaaamqv)(mh=b-4KxmN0Ii8SyVEQ)7.jpg;https://ei.phncdn.com/videos/202210/06/416979551/original/(m=eaAaGwObaaamqv)(mh=b-4KxmN0Ii8SyVEQ)8.jpg;https://ei.phncdn.com/videos/202210/06/416979551/original/(m=eaAaGwObaaamqv)(mh=b-4KxmN0Ii8SyVEQ)9.jpg;https://ei.phncdn.com/videos/202210/06/416979551/original/(m=eaAaGwObaaamqv)(mh=b-4KxmN0Ii8SyVEQ)10.jpg;https://ei.phncdn.com/videos/202210/06/416979551/original/(m=eaAaGwObaaamqv)(mh=b-4KxmN0Ii8SyVEQ)11.jpg;https://ei.phncdn.com/videos/202210/06/416979551/original/(m=eaAaGwObaaamqv)(mh=b-4KxmN0Ii8SyVEQ)12.jpg;https://ei.phncdn.com/videos/202210/06/416979551/original/(m=eaAaGwObaaamqv)(mh=b-4KxmN0Ii8SyVEQ)13.jpg;https://ei.phncdn.com/videos/202210/06/416979551/original/(m=eaAaGwObaaamqv)(mh=b-4KxmN0Ii8SyVEQ)14.jpg;https://ei.phncdn.com/videos/202210/06/416979551/original/(m=eaAaGwObaaamqv)(mh=b-4KxmN0Ii8SyVEQ)15.jpg;https://ei.phncdn.com/videos/202210/06/416979551/original/(m=eaAaGwObaaamqv)(mh=b-4KxmN0Ii8SyVEQ)16.jpg
<iframe src="https://www.pornhub.com/embed/ph63466d804c678" frameborder="0" height="481" width="608" scrolling="no"></iframe>|https://ei.phncdn.com/videos/202210/12/417387061/original/(m=eaf8GgaaaWavb)(mh=1zReoedmSl2hlQrs)16.jpg|https://ei.phncdn.com/videos/202210/12/417387061/original/(m=eaf8GgaaaWavb)(mh=1zReoedmSl2hlQrs)1.jpg;https://ei.phncdn.com/videos/202210/12/417387061/original/(m=eaf8GgaaaWavb)(mh=1zReoedmSl2hlQrs)2.jpg;https://ei.phncdn.com/videos/202210/12/417387061/original/(m=eaf8GgaaaWavb)(mh=1zReoedmSl2hlQrs)3.jpg;https://ei.phncdn.com/videos/202210/12/417387061/original/(m=eaf8GgaaaWavb)(mh=1zReoedmSl2hlQrs)4.jpg;https://ei.phncdn.com/videos/202210/12/417387061/original/(m=eaf8GgaaaWavb)(mh=1zReoedmSl2hlQrs)5.jpg;https://ei.phncdn.com/videos/202210/12/417387061/original/(m=eaf8GgaaaWavb)(mh=1zReoedmSl2hlQrs)6.jpg;https://ei.phncdn.com/videos/202210/12/417387061/original/(m=eaf8GgaaaWavb)(mh=1zReoedmSl2hlQrs)7.jpg;https://ei.phncdn.com/videos/202210/12/417387061/original/(m=eaf8GgaaaWavb)(mh=1zReoedmSl2hlQrs)8.jpg;https://ei.phncdn.com/videos/202210/12/417387061/original/(m=eaf8GgaaaWavb)(mh=1zReoedmSl2hlQrs)9.jpg;https://ei.phncdn.com/videos/202210/12/417387061/original/(m=eaf8GgaaaWavb)(mh=1zReoedmSl2hlQrs)10.jpg;https://ei.phncdn.com/videos/202210/12/417387061/original/(m=eaf8GgaaaWavb)(mh=1zReoedmSl2hlQrs)11.jpg;https://ei.phncdn.com/videos/202210/12/417387061/original/(m=eaf8GgaaaWavb)(mh=1zReoedmSl2hlQrs)12.jpg;https://ei.phncdn.com/videos/202210/12/417387061/original/(m=eaf8GgaaaWavb)(mh=1zReoedmSl2hlQrs)13.jpg;https://ei.phncdn.com/videos/202210/12/417387061/original/(m=eaf8GgaaaWavb)(mh=1zReoedmSl2hlQrs)14.jpg;https://ei.phncdn.com/videos/202210/12/417387061/original/(m=eaf8GgaaaWavb)(mh=1zReoedmSl2hlQrs)15.jpg;https://ei.phncdn.com/videos/202210/12/417387061/original/(m=eaf8GgaaaWavb)(mh=1zReoedmSl2hlQrs)16.jpg|Hot curvy girl with big natural tits shows all her charms in sportswear|music;solo-female|Music;Verified Amateurs;Solo Female||674|14328|77|5|https://ei.phncdn.com/videos/202210/12/417387061/original/(m=eaAaGwObaaamqv)(mh=BFJQem3ZmJ-KbfWM)16.jpg|https://ei.phncdn.com/videos/202210/12/417387061/original/(m=eaAaGwObaaamqv)(mh=BFJQem3ZmJ-KbfWM)1.jpg;https://ei.phncdn.com/videos/202210/12/417387061/original/(m=eaAaGwObaaamqv)(mh=BFJQem3ZmJ-KbfWM)2.jpg;https://ei.phncdn.com/videos/202210/12/417387061/original/(m=eaAaGwObaaamqv)(mh=BFJQem3ZmJ-KbfWM)3.jpg;https://ei.phncdn.com/videos/202210/12/417387061/original/(m=eaAaGwObaaamqv)(mh=BFJQem3ZmJ-KbfWM)4.jpg;https://ei.phncdn.com/videos/202210/12/417387061/original/(m=eaAaGwObaaamqv)(mh=BFJQem3ZmJ-KbfWM)5.jpg;https://ei.phncdn.com/videos/202210/12/417387061/original/(m=eaAaGwObaaamqv)(mh=BFJQem3ZmJ-KbfWM)6.jpg;https://ei.phncdn.com/videos/202210/12/417387061/original/(m=eaAaGwObaaamqv)(mh=BFJQem3ZmJ-KbfWM)7.jpg;https://ei.phncdn.com/videos/202210/12/417387061/original/(m=eaAaGwObaaamqv)(mh=BFJQem3ZmJ-KbfWM)8.jpg;https://ei.phncdn.com/videos/202210/12/417387061/original/(m=eaAaGwObaaamqv)(mh=BFJQem3ZmJ-KbfWM)9.jpg;https://ei.phncdn.com/videos/202210/12/417387061/original/(m=eaAaGwObaaamqv)(mh=BFJQem3ZmJ-KbfWM)10.jpg;https://ei.phncdn.com/videos/202210/12/417387061/original/(m=eaAaGwObaaamqv)(mh=BFJQem3ZmJ-KbfWM)11.jpg;https://ei.phncdn.com/videos/202210/12/417387061/original/(m=eaAaGwObaaamqv)(mh=BFJQem3ZmJ-KbfWM)12.jpg;https://ei.phncdn.com/videos/202210/12/417387061/original/(m=eaAaGwObaaamqv)(mh=BFJQem3ZmJ-KbfWM)13.jpg;https://ei.phncdn.com/videos/202210/12/417387061/original/(m=eaAaGwObaaamqv)(mh=BFJQem3ZmJ-KbfWM)14.jpg;https://ei.phncdn.com/videos/202210/12/417387061/original/(m=eaAaGwObaaamqv)(mh=BFJQem3ZmJ-KbfWM)15.jpg;https://ei.phncdn.com/videos/202210/12/417387061/original/(m=eaAaGwObaaamqv)(mh=BFJQem3ZmJ-KbfWM)16.jpg
<iframe src="https://www.pornhub.com/embed/ph635b52bb83e95" frameborder="0" height="481" width="608" scrolling="no"></iframe>|https://ei.phncdn.com/videos/202210/28/418407711/original/(m=eaf8GgaaaWavb)(mh=1fsrkVYdXH2TQvkG)3.jpg|https://ei.phncdn.com/videos/202210/28/418407711/original/(m=eaf8GgaaaWavb)(mh=1fsrkVYdXH2TQvkG)1.jpg;https://ei.phncdn.com/videos/202210/28/418407711/original/(m=eaf8GgaaaWavb)(mh=1fsrkVYdXH2TQvkG)2.jpg;https://ei.phncdn.com/videos/202210/28/418407711/original/(m=eaf8GgaaaWavb)(mh=1fsrkVYdXH2TQvkG)3.jpg;https://ei.phncdn.com/videos/202210/28/418407711/original/(m=eaf8GgaaaWavb)(mh=1fsrkVYdXH2TQvkG)4.jpg;https://ei.phncdn.com/videos/202210/28/418407711/original/(m=eaf8GgaaaWavb)(mh=1fsrkVYdXH2TQvkG)5.jpg;https://ei.phncdn.com/videos/202210/28/418407711/original/(m=eaf8GgaaaWavb)(mh=1fsrkVYdXH2TQvkG)6.jpg;https://ei.phncdn.com/videos/202210/28/418407711/original/(m=eaf8GgaaaWavb)(mh=1fsrkVYdXH2TQvkG)7.jpg;https://ei.phncdn.com/videos/202210/28/418407711/original/(m=eaf8GgaaaWavb)(mh=1fsrkVYdXH2TQvkG)8.jpg;https://ei.phncdn.com/videos/202210/28/418407711/original/(m=eaf8GgaaaWavb)(mh=1fsrkVYdXH2TQvkG)9.jpg;https://ei.phncdn.com/videos/202210/28/418407711/original/(m=eaf8GgaaaWavb)(mh=1fsrkVYdXH2TQvkG)10.jpg;https://ei.phncdn.com/videos/202210/28/418407711/original/(m=eaf8GgaaaWavb)(mh=1fsrkVYdXH2TQvkG)11.jpg;https://ei.phncdn.com/videos/202210/28/418407711/original/(m=eaf8GgaaaWavb)(mh=1fsrkVYdXH2TQvkG)12.jpg;https://ei.phncdn.com/videos/202210/28/418407711/original/(m=eaf8GgaaaWavb)(mh=1fsrkVYdXH2TQvkG)13.jpg;https://ei.phncdn.com/videos/202210/28/418407711/original/(m=eaf8GgaaaWavb)(mh=1fsrkVYdXH2TQvkG)14.jpg;https://ei.phncdn.com/videos/202210/28/418407711/original/(m=eaf8GgaaaWavb)(mh=1fsrkVYdXH2TQvkG)15.jpg;https://ei.phncdn.com/videos/202210/28/418407711/original/(m=eaf8GgaaaWavb)(mh=1fsrkVYdXH2TQvkG)16.jpg|Adolph|adolph;lilbrobigdeal;music;texas;good|Music;Vertical Video||35|599|4|2|https://ei.phncdn.com/videos/202210/28/418407711/original/(m=eaAaGwObaaamqv)(mh=98KxuwaNFTrGo5WH)3.jpg|https://ei.phncdn.com/videos/202210/28/418407711/original/(m=eaAaGwObaaamqv)(mh=98KxuwaNFTrGo5WH)1.jpg;https://ei.phncdn.com/videos/202210/28/418407711/original/(m=eaAaGwObaaamqv)(mh=98KxuwaNFTrGo5WH)2.jpg;https://ei.phncdn.com/videos/202210/28/418407711/original/(m=eaAaGwObaaamqv)(mh=98KxuwaNFTrGo5WH)3.jpg;https://ei.phncdn.com/videos/202210/28/418407711/original/(m=eaAaGwObaaamqv)(mh=98KxuwaNFTrGo5WH)4.jpg;https://ei.phncdn.com/videos/202210/28/418407711/original/(m=eaAaGwObaaamqv)(mh=98KxuwaNFTrGo5WH)5.jpg;https://ei.phncdn.com/videos/202210/28/418407711/original/(m=eaAaGwObaaamqv)(mh=98KxuwaNFTrGo5WH)6.jpg;https://ei.phncdn.com/videos/202210/28/418407711/original/(m=eaAaGwObaaamqv)(mh=98KxuwaNFTrGo5WH)7.jpg;https://ei.phncdn.com/videos/202210/28/418407711/original/(m=eaAaGwObaaamqv)(mh=98KxuwaNFTrGo5WH)8.jpg;https://ei.phncdn.com/videos/202210/28/418407711/original/(m=eaAaGwObaaamqv)(mh=98KxuwaNFTrGo5WH)9.jpg;https://ei.phncdn.com/videos/202210/28/418407711/original/(m=eaAaGwObaaamqv)(mh=98KxuwaNFTrGo5WH)10.jpg;https://ei.phncdn.com/videos/202210/28/418407711/original/(m=eaAaGwObaaamqv)(mh=98KxuwaNFTrGo5WH)11.jpg;https://ei.phncdn.com/videos/202210/28/418407711/original/(m=eaAaGwObaaamqv)(mh=98KxuwaNFTrGo5WH)12.jpg;https://ei.phncdn.com/videos/202210/28/418407711/original/(m=eaAaGwObaaamqv)(mh=98KxuwaNFTrGo5WH)13.jpg;https://ei.phncdn.com/videos/202210/28/418407711/original/(m=eaAaGwObaaamqv)(mh=98KxuwaNFTrGo5WH)14.jpg;https://ei.phncdn.com/videos/202210/28/418407711/original/(m=eaAaGwObaaamqv)(mh=98KxuwaNFTrGo5WH)15.jpg;https://ei.phncdn.com/videos/202210/28/418407711/original/(m=eaAaGwObaaamqv)(mh=98KxuwaNFTrGo5WH)16.jpg
<iframe src="https://www.pornhub.com/embed/ph6392d26a4105d" frameborder="0" height="481" width="608" scrolling="no"></iframe>|https://ei.phncdn.com/videos/202212/09/421072301/original/(m=eaf8GgaaaWavb)(mh=lyXZKpPgWVDQUQJc)2.jpg|https://ei.phncdn.com/videos/202212/09/421072301/original/(m=eaf8GgaaaWavb)(mh=lyXZKpPgWVDQUQJc)1.jpg;https://ei.phncdn.com/videos/202212/09/421072301/original/(m=eaf8GgaaaWavb)(mh=lyXZKpPgWVDQUQJc)2.jpg;https://ei.phncdn.com/videos/202212/09/421072301/original/(m=eaf8GgaaaWavb)(mh=lyXZKpPgWVDQUQJc)3.jpg;https://ei.phncdn.com/videos/202212/09/421072301/original/(m=eaf8GgaaaWavb)(mh=lyXZKpPgWVDQUQJc)4.jpg;https://ei.phncdn.com/videos/202212/09/421072301/original/(m=eaf8GgaaaWavb)(mh=lyXZKpPgWVDQUQJc)5.jpg;https://ei.phncdn.com/videos/202212/09/421072301/original/(m=eaf8GgaaaWavb)(mh=lyXZKpPgWVDQUQJc)6.jpg;https://ei.phncdn.com/videos/202212/09/421072301/original/(m=eaf8GgaaaWavb)(mh=lyXZKpPgWVDQUQJc)7.jpg;https://ei.phncdn.com/videos/202212/09/421072301/original/(m=eaf8GgaaaWavb)(mh=lyXZKpPgWVDQUQJc)8.jpg;https://ei.phncdn.com/videos/202212/09/421072301/original/(m=eaf8GgaaaWavb)(mh=lyXZKpPgWVDQUQJc)9.jpg;https://ei.phncdn.com/videos/202212/09/421072301/original/(m=eaf8GgaaaWavb)(mh=lyXZKpPgWVDQUQJc)10.jpg;https://ei.phncdn.com/videos/202212/09/421072301/original/(m=eaf8GgaaaWavb)(mh=lyXZKpPgWVDQUQJc)11.jpg;https://ei.phncdn.com/videos/202212/09/421072301/original/(m=eaf8GgaaaWavb)(mh=lyXZKpPgWVDQUQJc)12.jpg;https://ei.phncdn.com/videos/202212/09/421072301/original/(m=eaf8GgaaaWavb)(mh=lyXZKpPgWVDQUQJc)13.jpg;https://ei.phncdn.com/videos/202212/09/421072301/original/(m=eaf8GgaaaWavb)(mh=lyXZKpPgWVDQUQJc)14.jpg;https://ei.phncdn.com/videos/202212/09/421072301/original/(m=eaf8GgaaaWavb)(mh=lyXZKpPgWVDQUQJc)15.jpg;https://ei.phncdn.com/videos/202212/09/421072301/original/(m=eaf8GgaaaWavb)(mh=lyXZKpPgWVDQUQJc)16.jpg|Она  хочет секса во сне|порно;порнотелки;сексителки;сексуальныетелки;русскиетелкисекси;спящаятелка;сексуальныеролики;sexy;sexy-girl|Music;Verified Amateurs;Solo Female||48|1868|2|0|https://ei.phncdn.com/videos/202212/09/421072301/original/(m=eaAaGwObaaamqv)(mh=PlrTrgrvlVjaPUrM)2.jpg|https://ei.phncdn.com/videos/202212/09/421072301/original/(m=eaAaGwObaaamqv)(mh=PlrTrgrvlVjaPUrM)1.jpg;https://ei.phncdn.com/videos/202212/09/421072301/original/(m=eaAaGwObaaamqv)(mh=PlrTrgrvlVjaPUrM)2.jpg;https://ei.phncdn.com/videos/202212/09/421072301/original/(m=eaAaGwObaaamqv)(mh=PlrTrgrvlVjaPUrM)3.jpg;https://ei.phncdn.com/videos/202212/09/421072301/original/(m=eaAaGwObaaamqv)(mh=PlrTrgrvlVjaPUrM)4.jpg;https://ei.phncdn.com/videos/202212/09/421072301/original/(m=eaAaGwObaaamqv)(mh=PlrTrgrvlVjaPUrM)5.jpg;https://ei.phncdn.com/videos/202212/09/421072301/original/(m=eaAaGwObaaamqv)(mh=PlrTrgrvlVjaPUrM)6.jpg;https://ei.phncdn.com/videos/202212/09/421072301/original/(m=eaAaGwObaaamqv)(mh=PlrTrgrvlVjaPUrM)7.jpg;https://ei.phncdn.com/videos/202212/09/421072301/original/(m=eaAaGwObaaamqv)(mh=PlrTrgrvlVjaPUrM)8.jpg;https://ei.phncdn.com/videos/202212/09/421072301/original/(m=eaAaGwObaaamqv)(mh=PlrTrgrvlVjaPUrM)9.jpg;https://ei.phncdn.com/videos/202212/09/421072301/original/(m=eaAaGwObaaamqv)(mh=PlrTrgrvlVjaPUrM)10.jpg;https://ei.phncdn.com/videos/202212/09/421072301/original/(m=eaAaGwObaaamqv)(mh=PlrTrgrvlVjaPUrM)11.jpg;https://ei.phncdn.com/videos/202212/09/421072301/original/(m=eaAaGwObaaamqv)(mh=PlrTrgrvlVjaPUrM)12.jpg;https://ei.phncdn.com/videos/202212/09/421072301/original/(m=eaAaGwObaaamqv)(mh=PlrTrgrvlVjaPUrM)13.jpg;https://ei.phncdn.com/videos/202212/09/421072301/original/(m=eaAaGwObaaamqv)(mh=PlrTrgrvlVjaPUrM)14.jpg;https://ei.phncdn.com/videos/202212/09/421072301/original/(m=eaAaGwObaaamqv)(mh=PlrTrgrvlVjaPUrM)15.jpg;https://ei.phncdn.com/videos/202212/09/421072301/original/(m=eaAaGwObaaamqv)(mh=PlrTrgrvlVjaPUrM)16.jpg
<iframe src="https://www.pornhub.com/embed/ph639497a0f12be" frameborder="0" height="481" width="608" scrolling="no"></iframe>|https://ei.phncdn.com/videos/202212/10/421146941/original/(m=eaf8GgaaaWavb)(mh=mN8spIkoYErAg0-A)5.jpg|https://ei.phncdn.com/videos/202212/10/421146941/original/(m=eaf8GgaaaWavb)(mh=mN8spIkoYErAg0-A)1.jpg;https://ei.phncdn.com/videos/202212/10/421146941/original/(m=eaf8GgaaaWavb)(mh=mN8spIkoYErAg0-A)2.jpg;https://ei.phncdn.com/videos/202212/10/421146941/original/(m=eaf8GgaaaWavb)(mh=mN8spIkoYErAg0-A)3.jpg;https://ei.phncdn.com/videos/202212/10/421146941/original/(m=eaf8GgaaaWavb)(mh=mN8spIkoYErAg0-A)4.jpg;https://ei.phncdn.com/videos/202212/10/421146941/original/(m=eaf8GgaaaWavb)(mh=mN8spIkoYErAg0-A)5.jpg;https://ei.phncdn.com/videos/202212/10/421146941/original/(m=eaf8GgaaaWavb)(mh=mN8spIkoYErAg0-A)6.jpg;https://ei.phncdn.com/videos/202212/10/421146941/original/(m=eaf8GgaaaWavb)(mh=mN8spIkoYErAg0-A)7.jpg;https://ei.phncdn.com/videos/202212/10/421146941/original/(m=eaf8GgaaaWavb)(mh=mN8spIkoYErAg0-A)8.jpg;https://ei.phncdn.com/videos/202212/10/421146941/original/(m=eaf8GgaaaWavb)(mh=mN8spIkoYErAg0-A)9.jpg;https://ei.phncdn.com/videos/202212/10/421146941/original/(m=eaf8GgaaaWavb)(mh=mN8spIkoYErAg0-A)10.jpg;https://ei.phncdn.com/videos/202212/10/421146941/original/(m=eaf8GgaaaWavb)(mh=mN8spIkoYErAg0-A)11.jpg;https://ei.phncdn.com/videos/202212/10/421146941/original/(m=eaf8GgaaaWavb)(mh=mN8spIkoYErAg0-A)12.jpg;https://ei.phncdn.com/videos/202212/10/421146941/original/(m=eaf8GgaaaWavb)(mh=mN8spIkoYErAg0-A)13.jpg;https://ei.phncdn.com/videos/202212/10/421146941/original/(m=eaf8GgaaaWavb)(mh=mN8spIkoYErAg0-A)14.jpg;https://ei.phncdn.com/videos/202212/10/421146941/original/(m=eaf8GgaaaWavb)(mh=mN8spIkoYErAg0-A)15.jpg;https://ei.phncdn.com/videos/202212/10/421146941/original/(m=eaf8GgaaaWavb)(mh=mN8spIkoYErAg0-A)16.jpg|[FREE] tyga x wiz khalifa x tory lanez type beat "leaches" (prod. v-empire)|free-beat;type-beat;trap-beat;oldschool-beat;music;tyga-rapper;wiz-khalifa;tory-lanez|Music||123|1557|7|0|https://ei.phncdn.com/videos/202212/10/421146941/original/(m=eaAaGwObaaamqv)(mh=w7eJAvtCWw-Rs_U3)5.jpg|https://ei.phncdn.com/videos/202212/10/421146941/original/(m=eaAaGwObaaamqv)(mh=w7eJAvtCWw-Rs_U3)1.jpg;https://ei.phncdn.com/videos/202212/10/421146941/original/(m=eaAaGwObaaamqv)(mh=w7eJAvtCWw-Rs_U3)2.jpg;https://ei.phncdn.com/videos/202212/10/421146941/original/(m=eaAaGwObaaamqv)(mh=w7eJAvtCWw-Rs_U3)3.jpg;https://ei.phncdn.com/videos/202212/10/421146941/original/(m=eaAaGwObaaamqv)(mh=w7eJAvtCWw-Rs_U3)4.jpg;https://ei.phncdn.com/videos/202212/10/421146941/original/(m=eaAaGwObaaamqv)(mh=w7eJAvtCWw-Rs_U3)5.jpg;https://ei.phncdn.com/videos/202212/10/421146941/original/(m=eaAaGwObaaamqv)(mh=w7eJAvtCWw-Rs_U3)6.jpg;https://ei.phncdn.com/videos/202212/10/421146941/original/(m=eaAaGwObaaamqv)(mh=w7eJAvtCWw-Rs_U3)7.jpg;https://ei.phncdn.com/videos/202212/10/421146941/original/(m=eaAaGwObaaamqv)(mh=w7eJAvtCWw-Rs_U3)8.jpg;https://ei.phncdn.com/videos/202212/10/421146941/original/(m=eaAaGwObaaamqv)(mh=w7eJAvtCWw-Rs_U3)9.jpg;https://ei.phncdn.com/videos/202212/10/421146941/original/(m=eaAaGwObaaamqv)(mh=w7eJAvtCWw-Rs_U3)10.jpg;https://ei.phncdn.com/videos/202212/10/421146941/original/(m=eaAaGwObaaamqv)(mh=w7eJAvtCWw-Rs_U3)11.jpg;https://ei.phncdn.com/videos/202212/10/421146941/original/(m=eaAaGwObaaamqv)(mh=w7eJAvtCWw-Rs_U3)12.jpg;https://ei.phncdn.com/videos/202212/10/421146941/original/(m=eaAaGwObaaamqv)(mh=w7eJAvtCWw-Rs_U3)13.jpg;https://ei.phncdn.com/videos/202212/10/421146941/original/(m=eaAaGwObaaamqv)(mh=w7eJAvtCWw-Rs_U3)14.jpg;https://ei.phncdn.com/videos/202212/10/421146941/original/(m=eaAaGwObaaamqv)(mh=w7eJAvtCWw-Rs_U3)15.jpg;https://ei.phncdn.com/videos/202212/10/421146941/original/(m=eaAaGwObaaamqv)(mh=w7eJAvtCWw-Rs_U3)16.jpg
<iframe src="https://www.pornhub.com/embed/63e230c8e54b9" frameborder="0" height="481" width="608" scrolling="no"></iframe>|https://ei.phncdn.com/videos/202302/07/424975901/original/(m=eaf8GgaaaWavb)(mh=ngl9oqESXzmRX75I)5.jpg|https://ei.phncdn.com/videos/202302/07/424975901/original/(m=eaf8GgaaaWavb)(mh=ngl9oqESXzmRX75I)1.jpg;https://ei.phncdn.com/videos/202302/07/424975901/original/(m=eaf8GgaaaWavb)(mh=ngl9oqESXzmRX75I)2.jpg;https://ei.phncdn.com/videos/202302/07/424975901/original/(m=eaf8GgaaaWavb)(mh=ngl9oqESXzmRX75I)3.jpg;https://ei.phncdn.com/videos/202302/07/424975901/original/(m=eaf8GgaaaWavb)(mh=ngl9oqESXzmRX75I)4.jpg;https://ei.phncdn.com/videos/202302/07/424975901/original/(m=eaf8GgaaaWavb)(mh=ngl9oqESXzmRX75I)5.jpg;https://ei.phncdn.com/videos/202302/07/424975901/original/(m=eaf8GgaaaWavb)(mh=ngl9oqESXzmRX75I)6.jpg;https://ei.phncdn.com/videos/202302/07/424975901/original/(m=eaf8GgaaaWavb)(mh=ngl9oqESXzmRX75I)7.jpg;https://ei.phncdn.com/videos/202302/07/424975901/original/(m=eaf8GgaaaWavb)(mh=ngl9oqESXzmRX75I)8.jpg;https://ei.phncdn.com/videos/202302/07/424975901/original/(m=eaf8GgaaaWavb)(mh=ngl9oqESXzmRX75I)9.jpg;https://ei.phncdn.com/videos/202302/07/424975901/original/(m=eaf8GgaaaWavb)(mh=ngl9oqESXzmRX75I)10.jpg;https://ei.phncdn.com/videos/202302/07/424975901/original/(m=eaf8GgaaaWavb)(mh=ngl9oqESXzmRX75I)11.jpg;https://ei.phncdn.com/videos/202302/07/424975901/original/(m=eaf8GgaaaWavb)(mh=ngl9oqESXzmRX75I)12.jpg;https://ei.phncdn.com/videos/202302/07/424975901/original/(m=eaf8GgaaaWavb)(mh=ngl9oqESXzmRX75I)13.jpg;https://ei.phncdn.com/videos/202302/07/424975901/original/(m=eaf8GgaaaWavb)(mh=ngl9oqESXzmRX75I)14.jpg;https://ei.phncdn.com/videos/202302/07/424975901/original/(m=eaf8GgaaaWavb)(mh=ngl9oqESXzmRX75I)15.jpg;https://ei.phncdn.com/videos/202302/07/424975901/original/(m=eaf8GgaaaWavb)(mh=ngl9oqESXzmRX75I)16.jpg|I NEED YOUR HELP DADDY  NAOMI STAR|amateur;daddy;sugar-daddy;step-daddy;daddy-fuck;milf;girl;virgin;bdsm;shy;homemade;amateur-milf;tatoos;butt;big-boobs|Music;Verified Amateurs;Step Fantasy||18|2323|3|1|https://ei.phncdn.com/videos/202302/07/424975901/original/(m=eaAaGwObaaamqv)(mh=IAS1gDCkiOLpAIwV)5.jpg|https://ei.phncdn.com/videos/202302/07/424975901/original/(m=eaAaGwObaaamqv)(mh=IAS1gDCkiOLpAIwV)1.jpg;https://ei.phncdn.com/videos/202302/07/424975901/original/(m=eaAaGwObaaamqv)(mh=IAS1gDCkiOLpAIwV)2.jpg;https://ei.phncdn.com/videos/202302/07/424975901/original/(m=eaAaGwObaaamqv)(mh=IAS1gDCkiOLpAIwV)3.jpg;https://ei.phncdn.com/videos/202302/07/424975901/original/(m=eaAaGwObaaamqv)(mh=IAS1gDCkiOLpAIwV)4.jpg;https://ei.phncdn.com/videos/202302/07/424975901/original/(m=eaAaGwObaaamqv)(mh=IAS1gDCkiOLpAIwV)5.jpg;https://ei.phncdn.com/videos/202302/07/424975901/original/(m=eaAaGwObaaamqv)(mh=IAS1gDCkiOLpAIwV)6.jpg;https://ei.phncdn.com/videos/202302/07/424975901/original/(m=eaAaGwObaaamqv)(mh=IAS1gDCkiOLpAIwV)7.jpg;https://ei.phncdn.com/videos/202302/07/424975901/original/(m=eaAaGwObaaamqv)(mh=IAS1gDCkiOLpAIwV)8.jpg;https://ei.phncdn.com/videos/202302/07/424975901/original/(m=eaAaGwObaaamqv)(mh=IAS1gDCkiOLpAIwV)9.jpg;https://ei.phncdn.com/videos/202302/07/424975901/original/(m=eaAaGwObaaamqv)(mh=IAS1gDCkiOLpAIwV)10.jpg;https://ei.phncdn.com/videos/202302/07/424975901/original/(m=eaAaGwObaaamqv)(mh=IAS1gDCkiOLpAIwV)11.jpg;https://ei.phncdn.com/videos/202302/07/424975901/original/(m=eaAaGwObaaamqv)(mh=IAS1gDCkiOLpAIwV)12.jpg;https://ei.phncdn.com/videos/202302/07/424975901/original/(m=eaAaGwObaaamqv)(mh=IAS1gDCkiOLpAIwV)13.jpg;https://ei.phncdn.com/videos/202302/07/424975901/original/(m=eaAaGwObaaamqv)(mh=IAS1gDCkiOLpAIwV)14.jpg;https://ei.phncdn.com/videos/202302/07/424975901/original/(m=eaAaGwObaaamqv)(mh=IAS1gDCkiOLpAIwV)15.jpg;https://ei.phncdn.com/videos/202302/07/424975901/original/(m=eaAaGwObaaamqv)(mh=IAS1gDCkiOLpAIwV)16.jpg
<iframe src="https://www.pornhub.com/embed/644aa2c7a6da5" frameborder="0" height="481" width="608" scrolling="no"></iframe>|https://ei.phncdn.com/videos/202304/27/430405871/original/(m=eaf8GgaaaWavb)(mh=ieF09k9HMH4Ml0jW)5.jpg|https://ei.phncdn.com/videos/202304/27/430405871/original/(m=eaf8GgaaaWavb)(mh=ieF09k9HMH4Ml0jW)1.jpg;https://ei.phncdn.com/videos/202304/27/430405871/original/(m=eaf8GgaaaWavb)(mh=ieF09k9HMH4Ml0jW)2.jpg;https://ei.phncdn.com/videos/202304/27/430405871/original/(m=eaf8GgaaaWavb)(mh=ieF09k9HMH4Ml0jW)3.jpg;https://ei.phncdn.com/videos/202304/27/430405871/original/(m=eaf8GgaaaWavb)(mh=ieF09k9HMH4Ml0jW)4.jpg;https://ei.phncdn.com/videos/202304/27/430405871/original/(m=eaf8GgaaaWavb)(mh=ieF09k9HMH4Ml0jW)5.jpg;https://ei.phncdn.com/videos/202304/27/430405871/original/(m=eaf8GgaaaWavb)(mh=ieF09k9HMH4Ml0jW)6.jpg;https://ei.phncdn.com/videos/202304/27/430405871/original/(m=eaf8GgaaaWavb)(mh=ieF09k9HMH4Ml0jW)7.jpg;https://ei.phncdn.com/videos/202304/27/430405871/original/(m=eaf8GgaaaWavb)(mh=ieF09k9HMH4Ml0jW)8.jpg;https://ei.phncdn.com/videos/202304/27/430405871/original/(m=eaf8GgaaaWavb)(mh=ieF09k9HMH4Ml0jW)9.jpg;https://ei.phncdn.com/videos/202304/27/430405871/original/(m=eaf8GgaaaWavb)(mh=ieF09k9HMH4Ml0jW)10.jpg;https://ei.phncdn.com/videos/202304/27/430405871/original/(m=eaf8GgaaaWavb)(mh=ieF09k9HMH4Ml0jW)11.jpg;https://ei.phncdn.com/videos/202304/27/430405871/original/(m=eaf8GgaaaWavb)(mh=ieF09k9HMH4Ml0jW)12.jpg;https://ei.phncdn.com/videos/202304/27/430405871/original/(m=eaf8GgaaaWavb)(mh=ieF09k9HMH4Ml0jW)13.jpg;https://ei.phncdn.com/videos/202304/27/430405871/original/(m=eaf8GgaaaWavb)(mh=ieF09k9HMH4Ml0jW)14.jpg;https://ei.phncdn.com/videos/202304/27/430405871/original/(m=eaf8GgaaaWavb)(mh=ieF09k9HMH4Ml0jW)15.jpg;https://ei.phncdn.com/videos/202304/27/430405871/original/(m=eaf8GgaaaWavb)(mh=ieF09k9HMH4Ml0jW)16.jpg|SEXY TEASE|panties;sexy;pov;seduce;pawg;tits;ass;legs|Music;Verified Amateurs;Solo Female||125|9|||https://ei.phncdn.com/videos/202304/27/430405871/original/(m=eaAaGwObaaamqv)(mh=CFsorWkcB0LxtnhH)5.jpg|https://ei.phncdn.com/videos/202304/27/430405871/original/(m=eaAaGwObaaamqv)(mh=CFsorWkcB0LxtnhH)1.jpg;https://ei.phncdn.com/videos/202304/27/430405871/original/(m=eaAaGwObaaamqv)(mh=CFsorWkcB0LxtnhH)2.jpg;https://ei.phncdn.com/videos/202304/27/430405871/original/(m=eaAaGwObaaamqv)(mh=CFsorWkcB0LxtnhH)3.jpg;https://ei.phncdn.com/videos/202304/27/430405871/original/(m=eaAaGwObaaamqv)(mh=CFsorWkcB0LxtnhH)4.jpg;https://ei.phncdn.com/videos/202304/27/430405871/original/(m=eaAaGwObaaamqv)(mh=CFsorWkcB0LxtnhH)5.jpg;https://ei.phncdn.com/videos/202304/27/430405871/original/(m=eaAaGwObaaamqv)(mh=CFsorWkcB0LxtnhH)6.jpg;https://ei.phncdn.com/videos/202304/27/430405871/original/(m=eaAaGwObaaamqv)(mh=CFsorWkcB0LxtnhH)7.jpg;https://ei.phncdn.com/videos/202304/27/430405871/original/(m=eaAaGwObaaamqv)(mh=CFsorWkcB0LxtnhH)8.jpg;https://ei.phncdn.com/videos/202304/27/430405871/original/(m=eaAaGwObaaamqv)(mh=CFsorWkcB0LxtnhH)9.jpg;https://ei.phncdn.com/videos/202304/27/430405871/original/(m=eaAaGwObaaamqv)(mh=CFsorWkcB0LxtnhH)10.jpg;https://ei.phncdn.com/videos/202304/27/430405871/original/(m=eaAaGwObaaamqv)(mh=CFsorWkcB0LxtnhH)11.jpg;https://ei.phncdn.com/videos/202304/27/430405871/original/(m=eaAaGwObaaamqv)(mh=CFsorWkcB0LxtnhH)12.jpg;https://ei.phncdn.com/videos/202304/27/430405871/original/(m=eaAaGwObaaamqv)(mh=CFsorWkcB0LxtnhH)13.jpg;https://ei.phncdn.com/videos/202304/27/430405871/original/(m=eaAaGwObaaamqv)(mh=CFsorWkcB0LxtnhH)14.jpg;https://ei.phncdn.com/videos/202304/27/430405871/original/(m=eaAaGwObaaamqv)(mh=CFsorWkcB0LxtnhH)15.jpg;https://ei.phncdn.com/videos/202304/27/430405871/original/(m=eaAaGwObaaamqv)(mh=CFsorWkcB0LxtnhH)16.jpg
<iframe src="https://www.pornhub.com/embed/647a84ef7bf91" frameborder="0" height="481" width="608" scrolling="no"></iframe>|https://ei.phncdn.com/videos/202306/03/432785941/original/(m=eaf8GgaaaWavb)(mh=9iiioBmLbhl2g9t2)15.jpg|https://ei.phncdn.com/videos/202306/03/432785941/original/(m=eaf8GgaaaWavb)(mh=9iiioBmLbhl2g9t2)1.jpg;https://ei.phncdn.com/videos/202306/03/432785941/original/(m=eaf8GgaaaWavb)(mh=9iiioBmLbhl2g9t2)2.jpg;https://ei.phncdn.com/videos/202306/03/432785941/original/(m=eaf8GgaaaWavb)(mh=9iiioBmLbhl2g9t2)3.jpg;https://ei.phncdn.com/videos/202306/03/432785941/original/(m=eaf8GgaaaWavb)(mh=9iiioBmLbhl2g9t2)4.jpg;https://ei.phncdn.com/videos/202306/03/432785941/original/(m=eaf8GgaaaWavb)(mh=9iiioBmLbhl2g9t2)5.jpg;https://ei.phncdn.com/videos/202306/03/432785941/original/(m=eaf8GgaaaWavb)(mh=9iiioBmLbhl2g9t2)6.jpg;https://ei.phncdn.com/videos/202306/03/432785941/original/(m=eaf8GgaaaWavb)(mh=9iiioBmLbhl2g9t2)7.jpg;https://ei.phncdn.com/videos/202306/03/432785941/original/(m=eaf8GgaaaWavb)(mh=9iiioBmLbhl2g9t2)8.jpg;https://ei.phncdn.com/videos/202306/03/432785941/original/(m=eaf8GgaaaWavb)(mh=9iiioBmLbhl2g9t2)9.jpg;https://ei.phncdn.com/videos/202306/03/432785941/original/(m=eaf8GgaaaWavb)(mh=9iiioBmLbhl2g9t2)10.jpg;https://ei.phncdn.com/videos/202306/03/432785941/original/(m=eaf8GgaaaWavb)(mh=9iiioBmLbhl2g9t2)11.jpg;https://ei.phncdn.com/videos/202306/03/432785941/original/(m=eaf8GgaaaWavb)(mh=9iiioBmLbhl2g9t2)12.jpg;https://ei.phncdn.com/videos/202306/03/432785941/original/(m=eaf8GgaaaWavb)(mh=9iiioBmLbhl2g9t2)13.jpg;https://ei.phncdn.com/videos/202306/03/432785941/original/(m=eaf8GgaaaWavb)(mh=9iiioBmLbhl2g9t2)14.jpg;https://ei.phncdn.com/videos/202306/03/432785941/original/(m=eaf8GgaaaWavb)(mh=9iiioBmLbhl2g9t2)15.jpg;https://ei.phncdn.com/videos/202306/03/432785941/original/(m=eaf8GgaaaWavb)(mh=9iiioBmLbhl2g9t2)16.jpg|PRIMERA VEZ QUE ME METO ESTA VERGA , MUY RICO ME VINE EN LA VERGA|sexoduro;vergadura|Music;Verified Amateurs;Solo Female;Vertical Video||179|44135|527|31|https://ei.phncdn.com/videos/202306/03/432785941/original/(m=eaAaGwObaaamqv)(mh=tsKbyF114BQ9j1oE)15.jpg|https://ei.phncdn.com/videos/202306/03/432785941/original/(m=eaAaGwObaaamqv)(mh=tsKbyF114BQ9j1oE)1.jpg;https://ei.phncdn.com/videos/202306/03/432785941/original/(m=eaAaGwObaaamqv)(mh=tsKbyF114BQ9j1oE)2.jpg;https://ei.phncdn.com/videos/202306/03/432785941/original/(m=eaAaGwObaaamqv)(mh=tsKbyF114BQ9j1oE)3.jpg;https://ei.phncdn.com/videos/202306/03/432785941/original/(m=eaAaGwObaaamqv)(mh=tsKbyF114BQ9j1oE)4.jpg;https://ei.phncdn.com/videos/202306/03/432785941/original/(m=eaAaGwObaaamqv)(mh=tsKbyF114BQ9j1oE)5.jpg;https://ei.phncdn.com/videos/202306/03/432785941/original/(m=eaAaGwObaaamqv)(mh=tsKbyF114BQ9j1oE)6.jpg;https://ei.phncdn.com/videos/202306/03/432785941/original/(m=eaAaGwObaaamqv)(mh=tsKbyF114BQ9j1oE)7.jpg;https://ei.phncdn.com/videos/202306/03/432785941/original/(m=eaAaGwObaaamqv)(mh=tsKbyF114BQ9j1oE)8.jpg;https://ei.phncdn.com/videos/202306/03/432785941/original/(m=eaAaGwObaaamqv)(mh=tsKbyF114BQ9j1oE)9.jpg;https://ei.phncdn.com/videos/202306/03/432785941/original/(m=eaAaGwObaaamqv)(mh=tsKbyF114BQ9j1oE)10.jpg;https://ei.phncdn.com/videos/202306/03/432785941/original/(m=eaAaGwObaaamqv)(mh=tsKbyF114BQ9j1oE)11.jpg;https://ei.phncdn.com/videos/202306/03/432785941/original/(m=eaAaGwObaaamqv)(mh=tsKbyF114BQ9j1oE)12.jpg;https://ei.phncdn.com/videos/202306/03/432785941/original/(m=eaAaGwObaaamqv)(mh=tsKbyF114BQ9j1oE)13.jpg;https://ei.phncdn.com/videos/202306/03/432785941/original/(m=eaAaGwObaaamqv)(mh=tsKbyF114BQ9j1oE)14.jpg;https://ei.phncdn.com/videos/202306/03/432785941/original/(m=eaAaGwObaaamqv)(mh=tsKbyF114BQ9j1oE)15.jpg;https://ei.phncdn.com/videos/202306/03/432785941/original/(m=eaAaGwObaaamqv)(mh=tsKbyF114BQ9j1oE)16.jpg
<iframe src="https://www.pornhub.com/embed/64ade199756e8" frameborder="0" height="481" width="608" scrolling="no"></iframe>|https://ei.phncdn.com/videos/202307/11/435302261/original/(m=eaf8GgaaaWavb)(mh=YFf-0o43RR7H-FRD)11.jpg|https://ei.phncdn.com/videos/202307/11/435302261/original/(m=eaf8GgaaaWavb)(mh=YFf-0o43RR7H-FRD)1.jpg;https://ei.phncdn.com/videos/202307/11/435302261/original/(m=eaf8GgaaaWavb)(mh=YFf-0o43RR7H-FRD)2.jpg;https://ei.phncdn.com/videos/202307/11/435302261/original/(m=eaf8GgaaaWavb)(mh=YFf-0o43RR7H-FRD)3.jpg;https://ei.phncdn.com/videos/202307/11/435302261/original/(m=eaf8GgaaaWavb)(mh=YFf-0o43RR7H-FRD)4.jpg;https://ei.phncdn.com/videos/202307/11/435302261/original/(m=eaf8GgaaaWavb)(mh=YFf-0o43RR7H-FRD)5.jpg;https://ei.phncdn.com/videos/202307/11/435302261/original/(m=eaf8GgaaaWavb)(mh=YFf-0o43RR7H-FRD)6.jpg;https://ei.phncdn.com/videos/202307/11/435302261/original/(m=eaf8GgaaaWavb)(mh=YFf-0o43RR7H-FRD)7.jpg;https://ei.phncdn.com/videos/202307/11/435302261/original/(m=eaf8GgaaaWavb)(mh=YFf-0o43RR7H-FRD)8.jpg;https://ei.phncdn.com/videos/202307/11/435302261/original/(m=eaf8GgaaaWavb)(mh=YFf-0o43RR7H-FRD)9.jpg;https://ei.phncdn.com/videos/202307/11/435302261/original/(m=eaf8GgaaaWavb)(mh=YFf-0o43RR7H-FRD)10.jpg;https://ei.phncdn.com/videos/202307/11/435302261/original/(m=eaf8GgaaaWavb)(mh=YFf-0o43RR7H-FRD)11.jpg;https://ei.phncdn.com/videos/202307/11/435302261/original/(m=eaf8GgaaaWavb)(mh=YFf-0o43RR7H-FRD)12.jpg;https://ei.phncdn.com/videos/202307/11/435302261/original/(m=eaf8GgaaaWavb)(mh=YFf-0o43RR7H-FRD)13.jpg;https://ei.phncdn.com/videos/202307/11/435302261/original/(m=eaf8GgaaaWavb)(mh=YFf-0o43RR7H-FRD)14.jpg;https://ei.phncdn.com/videos/202307/11/435302261/original/(m=eaf8GgaaaWavb)(mh=YFf-0o43RR7H-FRD)15.jpg;https://ei.phncdn.com/videos/202307/11/435302261/original/(m=eaf8GgaaaWavb)(mh=YFf-0o43RR7H-FRD)16.jpg|Bill an action pmv|pmv;music-pmv|Music||194|12034|56|9|https://ei.phncdn.com/videos/202307/11/435302261/original/(m=eaAaGwObaaamqv)(mh=fD3TgpOfROlDkbQw)11.jpg|https://ei.phncdn.com/videos/202307/11/435302261/original/(m=eaAaGwObaaamqv)(mh=fD3TgpOfROlDkbQw)1.jpg;https://ei.phncdn.com/videos/202307/11/435302261/original/(m=eaAaGwObaaamqv)(mh=fD3TgpOfROlDkbQw)2.jpg;https://ei.phncdn.com/videos/202307/11/435302261/original/(m=eaAaGwObaaamqv)(mh=fD3TgpOfROlDkbQw)3.jpg;https://ei.phncdn.com/videos/202307/11/435302261/original/(m=eaAaGwObaaamqv)(mh=fD3TgpOfROlDkbQw)4.jpg;https://ei.phncdn.com/videos/202307/11/435302261/original/(m=eaAaGwObaaamqv)(mh=fD3TgpOfROlDkbQw)5.jpg;https://ei.phncdn.com/videos/202307/11/435302261/original/(m=eaAaGwObaaamqv)(mh=fD3TgpOfROlDkbQw)6.jpg;https://ei.phncdn.com/videos/202307/11/435302261/original/(m=eaAaGwObaaamqv)(mh=fD3TgpOfROlDkbQw)7.jpg;https://ei.phncdn.com/videos/202307/11/435302261/original/(m=eaAaGwObaaamqv)(mh=fD3TgpOfROlDkbQw)8.jpg;https://ei.phncdn.com/videos/202307/11/435302261/original/(m=eaAaGwObaaamqv)(mh=fD3TgpOfROlDkbQw)9.jpg;https://ei.phncdn.com/videos/202307/11/435302261/original/(m=eaAaGwObaaamqv)(mh=fD3TgpOfROlDkbQw)10.jpg;https://ei.phncdn.com/videos/202307/11/435302261/original/(m=eaAaGwObaaamqv)(mh=fD3TgpOfROlDkbQw)11.jpg;https://ei.phncdn.com/videos/202307/11/435302261/original/(m=eaAaGwObaaamqv)(mh=fD3TgpOfROlDkbQw)12.jpg;https://ei.phncdn.com/videos/202307/11/435302261/original/(m=eaAaGwObaaamqv)(mh=fD3TgpOfROlDkbQw)13.jpg;https://ei.phncdn.com/videos/202307/11/435302261/original/(m=eaAaGwObaaamqv)(mh=fD3TgpOfROlDkbQw)14.jpg;https://ei.phncdn.com/videos/202307/11/435302261/original/(m=eaAaGwObaaamqv)(mh=fD3TgpOfROlDkbQw)15.jpg;https://ei.phncdn.com/videos/202307/11/435302261/original/(m=eaAaGwObaaamqv)(mh=fD3TgpOfROlDkbQw)16.jpg
<iframe src="https://www.pornhub.com/embed/64af36a3d6532" frameborder="0" height="481" width="608" scrolling="no"></iframe>|https://ei.phncdn.com/videos/202307/12/435369661/original/(m=eaf8GgaaaWavb)(mh=QuS5eGwojVf9hMhl)1.jpg|https://ei.phncdn.com/videos/202307/12/435369661/original/(m=eaf8GgaaaWavb)(mh=QuS5eGwojVf9hMhl)1.jpg;https://ei.phncdn.com/videos/202307/12/435369661/original/(m=eaf8GgaaaWavb)(mh=QuS5eGwojVf9hMhl)2.jpg;https://ei.phncdn.com/videos/202307/12/435369661/original/(m=eaf8GgaaaWavb)(mh=QuS5eGwojVf9hMhl)3.jpg;https://ei.phncdn.com/videos/202307/12/435369661/original/(m=eaf8GgaaaWavb)(mh=QuS5eGwojVf9hMhl)4.jpg;https://ei.phncdn.com/videos/202307/12/435369661/original/(m=eaf8GgaaaWavb)(mh=QuS5eGwojVf9hMhl)5.jpg;https://ei.phncdn.com/videos/202307/12/435369661/original/(m=eaf8GgaaaWavb)(mh=QuS5eGwojVf9hMhl)6.jpg;https://ei.phncdn.com/videos/202307/12/435369661/original/(m=eaf8GgaaaWavb)(mh=QuS5eGwojVf9hMhl)7.jpg;https://ei.phncdn.com/videos/202307/12/435369661/original/(m=eaf8GgaaaWavb)(mh=QuS5eGwojVf9hMhl)8.jpg;https://ei.phncdn.com/videos/202307/12/435369661/original/(m=eaf8GgaaaWavb)(mh=QuS5eGwojVf9hMhl)9.jpg;https://ei.phncdn.com/videos/202307/12/435369661/original/(m=eaf8GgaaaWavb)(mh=QuS5eGwojVf9hMhl)10.jpg;https://ei.phncdn.com/videos/202307/12/435369661/original/(m=eaf8GgaaaWavb)(mh=QuS5eGwojVf9hMhl)11.jpg;https://ei.phncdn.com/videos/202307/12/435369661/original/(m=eaf8GgaaaWavb)(mh=QuS5eGwojVf9hMhl)12.jpg;https://ei.phncdn.com/videos/202307/12/435369661/original/(m=eaf8GgaaaWavb)(mh=QuS5eGwojVf9hMhl)13.jpg;https://ei.phncdn.com/videos/202307/12/435369661/original/(m=eaf8GgaaaWavb)(mh=QuS5eGwojVf9hMhl)14.jpg;https://ei.phncdn.com/videos/202307/12/435369661/original/(m=eaf8GgaaaWavb)(mh=QuS5eGwojVf9hMhl)15.jpg;https://ei.phncdn.com/videos/202307/12/435369661/original/(m=eaf8GgaaaWavb)(mh=QuS5eGwojVf9hMhl)16.jpg|Midnight city pmv|pmv;music-video|Music||243|42350|237|31|https://ei.phncdn.com/videos/202307/12/435369661/original/(m=eaAaGwObaaamqv)(mh=a-zf8UhZzpj3i0mm)1.jpg|https://ei.phncdn.com/videos/202307/12/435369661/original/(m=eaAaGwObaaamqv)(mh=a-zf8UhZzpj3i0mm)1.jpg;https://ei.phncdn.com/videos/202307/12/435369661/original/(m=eaAaGwObaaamqv)(mh=a-zf8UhZzpj3i0mm)2.jpg;https://ei.phncdn.com/videos/202307/12/435369661/original/(m=eaAaGwObaaamqv)(mh=a-zf8UhZzpj3i0mm)3.jpg;https://ei.phncdn.com/videos/202307/12/435369661/original/(m=eaAaGwObaaamqv)(mh=a-zf8UhZzpj3i0mm)4.jpg;https://ei.phncdn.com/videos/202307/12/435369661/original/(m=eaAaGwObaaamqv)(mh=a-zf8UhZzpj3i0mm)5.jpg;https://ei.phncdn.com/videos/202307/12/435369661/original/(m=eaAaGwObaaamqv)(mh=a-zf8UhZzpj3i0mm)6.jpg;https://ei.phncdn.com/videos/202307/12/435369661/original/(m=eaAaGwObaaamqv)(mh=a-zf8UhZzpj3i0mm)7.jpg;https://ei.phncdn.com/videos/202307/12/435369661/original/(m=eaAaGwObaaamqv)(mh=a-zf8UhZzpj3i0mm)8.jpg;https://ei.phncdn.com/videos/202307/12/435369661/original/(m=eaAaGwObaaamqv)(mh=a-zf8UhZzpj3i0mm)9.jpg;https://ei.phncdn.com/videos/202307/12/435369661/original/(m=eaAaGwObaaamqv)(mh=a-zf8UhZzpj3i0mm)10.jpg;https://ei.phncdn.com/videos/202307/12/435369661/original/(m=eaAaGwObaaamqv)(mh=a-zf8UhZzpj3i0mm)11.jpg;https://ei.phncdn.com/videos/202307/12/435369661/original/(m=eaAaGwObaaamqv)(mh=a-zf8UhZzpj3i0mm)12.jpg;https://ei.phncdn.com/videos/202307/12/435369661/original/(m=eaAaGwObaaamqv)(mh=a-zf8UhZzpj3i0mm)13.jpg;https://ei.phncdn.com/videos/202307/12/435369661/original/(m=eaAaGwObaaamqv)(mh=a-zf8UhZzpj3i0mm)14.jpg;https://ei.phncdn.com/videos/202307/12/435369661/original/(m=eaAaGwObaaamqv)(mh=a-zf8UhZzpj3i0mm)15.jpg;https://ei.phncdn.com/videos/202307/12/435369661/original/(m=eaAaGwObaaamqv)(mh=a-zf8UhZzpj3i0mm)16.jpg
<iframe src="https://www.pornhub.com/embed/64b363831cfb3" frameborder="0" height="481" width="608" scrolling="no"></iframe>|https://ei.phncdn.com/videos/202307/16/435570631/original/(m=eaf8GgaaaWavb)(mh=5cfVFQcdTZruwsKU)14.jpg|https://ei.phncdn.com/videos/202307/16/435570631/original/(m=eaf8GgaaaWavb)(mh=5cfVFQcdTZruwsKU)1.jpg;https://ei.phncdn.com/videos/202307/16/435570631/original/(m=eaf8GgaaaWavb)(mh=5cfVFQcdTZruwsKU)2.jpg;https://ei.phncdn.com/videos/202307/16/435570631/original/(m=eaf8GgaaaWavb)(mh=5cfVFQcdTZruwsKU)3.jpg;https://ei.phncdn.com/videos/202307/16/435570631/original/(m=eaf8GgaaaWavb)(mh=5cfVFQcdTZruwsKU)4.jpg;https://ei.phncdn.com/videos/202307/16/435570631/original/(m=eaf8GgaaaWavb)(mh=5cfVFQcdTZruwsKU)5.jpg;https://ei.phncdn.com/videos/202307/16/435570631/original/(m=eaf8GgaaaWavb)(mh=5cfVFQcdTZruwsKU)6.jpg;https://ei.phncdn.com/videos/202307/16/435570631/original/(m=eaf8GgaaaWavb)(mh=5cfVFQcdTZruwsKU)7.jpg;https://ei.phncdn.com/videos/202307/16/435570631/original/(m=eaf8GgaaaWavb)(mh=5cfVFQcdTZruwsKU)8.jpg;https://ei.phncdn.com/videos/202307/16/435570631/original/(m=eaf8GgaaaWavb)(mh=5cfVFQcdTZruwsKU)9.jpg;https://ei.phncdn.com/videos/202307/16/435570631/original/(m=eaf8GgaaaWavb)(mh=5cfVFQcdTZruwsKU)10.jpg;https://ei.phncdn.com/videos/202307/16/435570631/original/(m=eaf8GgaaaWavb)(mh=5cfVFQcdTZruwsKU)11.jpg;https://ei.phncdn.com/videos/202307/16/435570631/original/(m=eaf8GgaaaWavb)(mh=5cfVFQcdTZruwsKU)12.jpg;https://ei.phncdn.com/videos/202307/16/435570631/original/(m=eaf8GgaaaWavb)(mh=5cfVFQcdTZruwsKU)13.jpg;https://ei.phncdn.com/videos/202307/16/435570631/original/(m=eaf8GgaaaWavb)(mh=5cfVFQcdTZruwsKU)14.jpg;https://ei.phncdn.com/videos/202307/16/435570631/original/(m=eaf8GgaaaWavb)(mh=5cfVFQcdTZruwsKU)15.jpg;https://ei.phncdn.com/videos/202307/16/435570631/original/(m=eaf8GgaaaWavb)(mh=5cfVFQcdTZruwsKU)16.jpg|Cool pmv|pmv;music|Music||235|206636|1152|118|https://ei.phncdn.com/videos/202307/16/435570631/original/(m=eaAaGwObaaamqv)(mh=wI28jYv_2eQ35epZ)14.jpg|https://ei.phncdn.com/videos/202307/16/435570631/original/(m=eaAaGwObaaamqv)(mh=wI28jYv_2eQ35epZ)1.jpg;https://ei.phncdn.com/videos/202307/16/435570631/original/(m=eaAaGwObaaamqv)(mh=wI28jYv_2eQ35epZ)2.jpg;https://ei.phncdn.com/videos/202307/16/435570631/original/(m=eaAaGwObaaamqv)(mh=wI28jYv_2eQ35epZ)3.jpg;https://ei.phncdn.com/videos/202307/16/435570631/original/(m=eaAaGwObaaamqv)(mh=wI28jYv_2eQ35epZ)4.jpg;https://ei.phncdn.com/videos/202307/16/435570631/original/(m=eaAaGwObaaamqv)(mh=wI28jYv_2eQ35epZ)5.jpg;https://ei.phncdn.com/videos/202307/16/435570631/original/(m=eaAaGwObaaamqv)(mh=wI28jYv_2eQ35epZ)6.jpg;https://ei.phncdn.com/videos/202307/16/435570631/original/(m=eaAaGwObaaamqv)(mh=wI28jYv_2eQ35epZ)7.jpg;https://ei.phncdn.com/videos/202307/16/435570631/original/(m=eaAaGwObaaamqv)(mh=wI28jYv_2eQ35epZ)8.jpg;https://ei.phncdn.com/videos/202307/16/435570631/original/(m=eaAaGwObaaamqv)(mh=wI28jYv_2eQ35epZ)9.jpg;https://ei.phncdn.com/videos/202307/16/435570631/original/(m=eaAaGwObaaamqv)(mh=wI28jYv_2eQ35epZ)10.jpg;https://ei.phncdn.com/videos/202307/16/435570631/original/(m=eaAaGwObaaamqv)(mh=wI28jYv_2eQ35epZ)11.jpg;https://ei.phncdn.com/videos/202307/16/435570631/original/(m=eaAaGwObaaamqv)(mh=wI28jYv_2eQ35epZ)12.jpg;https://ei.phncdn.com/videos/202307/16/435570631/original/(m=eaAaGwObaaamqv)(mh=wI28jYv_2eQ35epZ)13.jpg;https://ei.phncdn.com/videos/202307/16/435570631/original/(m=eaAaGwObaaamqv)(mh=wI28jYv_2eQ35epZ)14.jpg;https://ei.phncdn.com/videos/202307/16/435570631/original/(m=eaAaGwObaaamqv)(mh=wI28jYv_2eQ35epZ)15.jpg;https://ei.phncdn.com/videos/202307/16/435570631/original/(m=eaAaGwObaaamqv)(mh=wI28jYv_2eQ35epZ)16.jpg
<iframe src="https://www.pornhub.com/embed/64d2a3f5efdf7" frameborder="0" height="481" width="608" scrolling="no"></iframe>|https://ei.phncdn.com/videos/202308/08/437049661/original/(m=eaf8GgaaaWavb)(mh=-frF1OAiIGYm1jFD)2.jpg|https://ei.phncdn.com/videos/202308/08/437049661/original/(m=eaf8GgaaaWavb)(mh=-frF1OAiIGYm1jFD)1.jpg;https://ei.phncdn.com/videos/202308/08/437049661/original/(m=eaf8GgaaaWavb)(mh=-frF1OAiIGYm1jFD)2.jpg;https://ei.phncdn.com/videos/202308/08/437049661/original/(m=eaf8GgaaaWavb)(mh=-frF1OAiIGYm1jFD)3.jpg;https://ei.phncdn.com/videos/202308/08/437049661/original/(m=eaf8GgaaaWavb)(mh=-frF1OAiIGYm1jFD)4.jpg;https://ei.phncdn.com/videos/202308/08/437049661/original/(m=eaf8GgaaaWavb)(mh=-frF1OAiIGYm1jFD)5.jpg;https://ei.phncdn.com/videos/202308/08/437049661/original/(m=eaf8GgaaaWavb)(mh=-frF1OAiIGYm1jFD)6.jpg;https://ei.phncdn.com/videos/202308/08/437049661/original/(m=eaf8GgaaaWavb)(mh=-frF1OAiIGYm1jFD)7.jpg;https://ei.phncdn.com/videos/202308/08/437049661/original/(m=eaf8GgaaaWavb)(mh=-frF1OAiIGYm1jFD)8.jpg;https://ei.phncdn.com/videos/202308/08/437049661/original/(m=eaf8GgaaaWavb)(mh=-frF1OAiIGYm1jFD)9.jpg;https://ei.phncdn.com/videos/202308/08/437049661/original/(m=eaf8GgaaaWavb)(mh=-frF1OAiIGYm1jFD)10.jpg;https://ei.phncdn.com/videos/202308/08/437049661/original/(m=eaf8GgaaaWavb)(mh=-frF1OAiIGYm1jFD)11.jpg;https://ei.phncdn.com/videos/202308/08/437049661/original/(m=eaf8GgaaaWavb)(mh=-frF1OAiIGYm1jFD)12.jpg;https://ei.phncdn.com/videos/202308/08/437049661/original/(m=eaf8GgaaaWavb)(mh=-frF1OAiIGYm1jFD)13.jpg;https://ei.phncdn.com/videos/202308/08/437049661/original/(m=eaf8GgaaaWavb)(mh=-frF1OAiIGYm1jFD)14.jpg;https://ei.phncdn.com/videos/202308/08/437049661/original/(m=eaf8GgaaaWavb)(mh=-frF1OAiIGYm1jFD)15.jpg;https://ei.phncdn.com/videos/202308/08/437049661/original/(m=eaf8GgaaaWavb)(mh=-frF1OAiIGYm1jFD)16.jpg|Music Trance|porn-music-video;music;trance|Music;Vertical Video||4284|1028|2|2|https://ei.phncdn.com/videos/202308/08/437049661/original/(m=eaAaGwObaaamqv)(mh=pskxHdnTcl97s_FH)2.jpg|https://ei.phncdn.com/videos/202308/08/437049661/original/(m=eaAaGwObaaamqv)(mh=pskxHdnTcl97s_FH)1.jpg;https://ei.phncdn.com/videos/202308/08/437049661/original/(m=eaAaGwObaaamqv)(mh=pskxHdnTcl97s_FH)2.jpg;https://ei.phncdn.com/videos/202308/08/437049661/original/(m=eaAaGwObaaamqv)(mh=pskxHdnTcl97s_FH)3.jpg;https://ei.phncdn.com/videos/202308/08/437049661/original/(m=eaAaGwObaaamqv)(mh=pskxHdnTcl97s_FH)4.jpg;https://ei.phncdn.com/videos/202308/08/437049661/original/(m=eaAaGwObaaamqv)(mh=pskxHdnTcl97s_FH)5.jpg;https://ei.phncdn.com/videos/202308/08/437049661/original/(m=eaAaGwObaaamqv)(mh=pskxHdnTcl97s_FH)6.jpg;https://ei.phncdn.com/videos/202308/08/437049661/original/(m=eaAaGwObaaamqv)(mh=pskxHdnTcl97s_FH)7.jpg;https://ei.phncdn.com/videos/202308/08/437049661/original/(m=eaAaGwObaaamqv)(mh=pskxHdnTcl97s_FH)8.jpg;https://ei.phncdn.com/videos/202308/08/437049661/original/(m=eaAaGwObaaamqv)(mh=pskxHdnTcl97s_FH)9.jpg;https://ei.phncdn.com/videos/202308/08/437049661/original/(m=eaAaGwObaaamqv)(mh=pskxHdnTcl97s_FH)10.jpg;https://ei.phncdn.com/videos/202308/08/437049661/original/(m=eaAaGwObaaamqv)(mh=pskxHdnTcl97s_FH)11.jpg;https://ei.phncdn.com/videos/202308/08/437049661/original/(m=eaAaGwObaaamqv)(mh=pskxHdnTcl97s_FH)12.jpg;https://ei.phncdn.com/videos/202308/08/437049661/original/(m=eaAaGwObaaamqv)(mh=pskxHdnTcl97s_FH)13.jpg;https://ei.phncdn.com/videos/202308/08/437049661/original/(m=eaAaGwObaaamqv)(mh=pskxHdnTcl97s_FH)14.jpg;https://ei.phncdn.com/videos/202308/08/437049661/original/(m=eaAaGwObaaamqv)(mh=pskxHdnTcl97s_FH)15.jpg;https://ei.phncdn.com/videos/202308/08/437049661/original/(m=eaAaGwObaaamqv)(mh=pskxHdnTcl97s_FH)16.jpg
<iframe src="https://www.pornhub.com/embed/64dcb8a7ac966" frameborder="0" height="481" width="608" scrolling="no"></iframe>|https://ei.phncdn.com/videos/202308/16/437534011/original/(m=eaf8GgaaaWavb)(mh=9YNI-rkyw9lCGVId)11.jpg|https://ei.phncdn.com/videos/202308/16/437534011/original/(m=eaf8GgaaaWavb)(mh=9YNI-rkyw9lCGVId)1.jpg;https://ei.phncdn.com/videos/202308/16/437534011/original/(m=eaf8GgaaaWavb)(mh=9YNI-rkyw9lCGVId)2.jpg;https://ei.phncdn.com/videos/202308/16/437534011/original/(m=eaf8GgaaaWavb)(mh=9YNI-rkyw9lCGVId)3.jpg;https://ei.phncdn.com/videos/202308/16/437534011/original/(m=eaf8GgaaaWavb)(mh=9YNI-rkyw9lCGVId)4.jpg;https://ei.phncdn.com/videos/202308/16/437534011/original/(m=eaf8GgaaaWavb)(mh=9YNI-rkyw9lCGVId)5.jpg;https://ei.phncdn.com/videos/202308/16/437534011/original/(m=eaf8GgaaaWavb)(mh=9YNI-rkyw9lCGVId)6.jpg;https://ei.phncdn.com/videos/202308/16/437534011/original/(m=eaf8GgaaaWavb)(mh=9YNI-rkyw9lCGVId)7.jpg;https://ei.phncdn.com/videos/202308/16/437534011/original/(m=eaf8GgaaaWavb)(mh=9YNI-rkyw9lCGVId)8.jpg;https://ei.phncdn.com/videos/202308/16/437534011/original/(m=eaf8GgaaaWavb)(mh=9YNI-rkyw9lCGVId)9.jpg;https://ei.phncdn.com/videos/202308/16/437534011/original/(m=eaf8GgaaaWavb)(mh=9YNI-rkyw9lCGVId)10.jpg;https://ei.phncdn.com/videos/202308/16/437534011/original/(m=eaf8GgaaaWavb)(mh=9YNI-rkyw9lCGVId)11.jpg;https://ei.phncdn.com/videos/202308/16/437534011/original/(m=eaf8GgaaaWavb)(mh=9YNI-rkyw9lCGVId)12.jpg;https://ei.phncdn.com/videos/202308/16/437534011/original/(m=eaf8GgaaaWavb)(mh=9YNI-rkyw9lCGVId)13.jpg;https://ei.phncdn.com/videos/202308/16/437534011/original/(m=eaf8GgaaaWavb)(mh=9YNI-rkyw9lCGVId)14.jpg;https://ei.phncdn.com/videos/202308/16/437534011/original/(m=eaf8GgaaaWavb)(mh=9YNI-rkyw9lCGVId)15.jpg;https://ei.phncdn.com/videos/202308/16/437534011/original/(m=eaf8GgaaaWavb)(mh=9YNI-rkyw9lCGVId)16.jpg|see my ass? eat me|negansbitch;bigbutt;bubblebutt|Music;Verified Amateurs;Solo Female;Vertical Video||31|240|4|1|https://ei.phncdn.com/videos/202308/16/437534011/original/(m=eaAaGwObaaamqv)(mh=3RWx-XYjmMOI9Nak)11.jpg|https://ei.phncdn.com/videos/202308/16/437534011/original/(m=eaAaGwObaaamqv)(mh=3RWx-XYjmMOI9Nak)1.jpg;https://ei.phncdn.com/videos/202308/16/437534011/original/(m=eaAaGwObaaamqv)(mh=3RWx-XYjmMOI9Nak)2.jpg;https://ei.phncdn.com/videos/202308/16/437534011/original/(m=eaAaGwObaaamqv)(mh=3RWx-XYjmMOI9Nak)3.jpg;https://ei.phncdn.com/videos/202308/16/437534011/original/(m=eaAaGwObaaamqv)(mh=3RWx-XYjmMOI9Nak)4.jpg;https://ei.phncdn.com/videos/202308/16/437534011/original/(m=eaAaGwObaaamqv)(mh=3RWx-XYjmMOI9Nak)5.jpg;https://ei.phncdn.com/videos/202308/16/437534011/original/(m=eaAaGwObaaamqv)(mh=3RWx-XYjmMOI9Nak)6.jpg;https://ei.phncdn.com/videos/202308/16/437534011/original/(m=eaAaGwObaaamqv)(mh=3RWx-XYjmMOI9Nak)7.jpg;https://ei.phncdn.com/videos/202308/16/437534011/original/(m=eaAaGwObaaamqv)(mh=3RWx-XYjmMOI9Nak)8.jpg;https://ei.phncdn.com/videos/202308/16/437534011/original/(m=eaAaGwObaaamqv)(mh=3RWx-XYjmMOI9Nak)9.jpg;https://ei.phncdn.com/videos/202308/16/437534011/original/(m=eaAaGwObaaamqv)(mh=3RWx-XYjmMOI9Nak)10.jpg;https://ei.phncdn.com/videos/202308/16/437534011/original/(m=eaAaGwObaaamqv)(mh=3RWx-XYjmMOI9Nak)11.jpg;https://ei.phncdn.com/videos/202308/16/437534011/original/(m=eaAaGwObaaamqv)(mh=3RWx-XYjmMOI9Nak)12.jpg;https://ei.phncdn.com/videos/202308/16/437534011/original/(m=eaAaGwObaaamqv)(mh=3RWx-XYjmMOI9Nak)13.jpg;https://ei.phncdn.com/videos/202308/16/437534011/original/(m=eaAaGwObaaamqv)(mh=3RWx-XYjmMOI9Nak)14.jpg;https://ei.phncdn.com/videos/202308/16/437534011/original/(m=eaAaGwObaaamqv)(mh=3RWx-XYjmMOI9Nak)15.jpg;https://ei.phncdn.com/videos/202308/16/437534011/original/(m=eaAaGwObaaamqv)(mh=3RWx-XYjmMOI9Nak)16.jpg
<iframe src="https://www.pornhub.com/embed/65211df269567" frameborder="0" height="481" width="608" scrolling="no"></iframe>|https://ei.phncdn.com/videos/202310/07/440776871/original/(m=eaf8GgaaaWavb)(mh=hCKu5_xtJ0pou_PS)9.jpg|https://ei.phncdn.com/videos/202310/07/440776871/original/(m=eaf8GgaaaWavb)(mh=hCKu5_xtJ0pou_PS)1.jpg;https://ei.phncdn.com/videos/202310/07/440776871/original/(m=eaf8GgaaaWavb)(mh=hCKu5_xtJ0pou_PS)2.jpg;https://ei.phncdn.com/videos/202310/07/440776871/original/(m=eaf8GgaaaWavb)(mh=hCKu5_xtJ0pou_PS)3.jpg;https://ei.phncdn.com/videos/202310/07/440776871/original/(m=eaf8GgaaaWavb)(mh=hCKu5_xtJ0pou_PS)4.jpg;https://ei.phncdn.com/videos/202310/07/440776871/original/(m=eaf8GgaaaWavb)(mh=hCKu5_xtJ0pou_PS)5.jpg;https://ei.phncdn.com/videos/202310/07/440776871/original/(m=eaf8GgaaaWavb)(mh=hCKu5_xtJ0pou_PS)6.jpg;https://ei.phncdn.com/videos/202310/07/440776871/original/(m=eaf8GgaaaWavb)(mh=hCKu5_xtJ0pou_PS)7.jpg;https://ei.phncdn.com/videos/202310/07/440776871/original/(m=eaf8GgaaaWavb)(mh=hCKu5_xtJ0pou_PS)8.jpg;https://ei.phncdn.com/videos/202310/07/440776871/original/(m=eaf8GgaaaWavb)(mh=hCKu5_xtJ0pou_PS)9.jpg;https://ei.phncdn.com/videos/202310/07/440776871/original/(m=eaf8GgaaaWavb)(mh=hCKu5_xtJ0pou_PS)10.jpg;https://ei.phncdn.com/videos/202310/07/440776871/original/(m=eaf8GgaaaWavb)(mh=hCKu5_xtJ0pou_PS)11.jpg;https://ei.phncdn.com/videos/202310/07/440776871/original/(m=eaf8GgaaaWavb)(mh=hCKu5_xtJ0pou_PS)12.jpg;https://ei.phncdn.com/videos/202310/07/440776871/original/(m=eaf8GgaaaWavb)(mh=hCKu5_xtJ0pou_PS)13.jpg;https://ei.phncdn.com/videos/202310/07/440776871/original/(m=eaf8GgaaaWavb)(mh=hCKu5_xtJ0pou_PS)14.jpg;https://ei.phncdn.com/videos/202310/07/440776871/original/(m=eaf8GgaaaWavb)(mh=hCKu5_xtJ0pou_PS)15.jpg;https://ei.phncdn.com/videos/202310/07/440776871/original/(m=eaf8GgaaaWavb)(mh=hCKu5_xtJ0pou_PS)16.jpg|HOT TWERK SEXY DANCE|twerk;twerking;bigass;ass|Music;Verified Amateurs;Solo Female||324|62220|381|25|https://ei.phncdn.com/videos/202310/07/440776871/original/(m=eaAaGwObaaamqv)(mh=15fNb6AzXXkh65wC)9.jpg|https://ei.phncdn.com/videos/202310/07/440776871/original/(m=eaAaGwObaaamqv)(mh=15fNb6AzXXkh65wC)1.jpg;https://ei.phncdn.com/videos/202310/07/440776871/original/(m=eaAaGwObaaamqv)(mh=15fNb6AzXXkh65wC)2.jpg;https://ei.phncdn.com/videos/202310/07/440776871/original/(m=eaAaGwObaaamqv)(mh=15fNb6AzXXkh65wC)3.jpg;https://ei.phncdn.com/videos/202310/07/440776871/original/(m=eaAaGwObaaamqv)(mh=15fNb6AzXXkh65wC)4.jpg;https://ei.phncdn.com/videos/202310/07/440776871/original/(m=eaAaGwObaaamqv)(mh=15fNb6AzXXkh65wC)5.jpg;https://ei.phncdn.com/videos/202310/07/440776871/original/(m=eaAaGwObaaamqv)(mh=15fNb6AzXXkh65wC)6.jpg;https://ei.phncdn.com/videos/202310/07/440776871/original/(m=eaAaGwObaaamqv)(mh=15fNb6AzXXkh65wC)7.jpg;https://ei.phncdn.com/videos/202310/07/440776871/original/(m=eaAaGwObaaamqv)(mh=15fNb6AzXXkh65wC)8.jpg;https://ei.phncdn.com/videos/202310/07/440776871/original/(m=eaAaGwObaaamqv)(mh=15fNb6AzXXkh65wC)9.jpg;https://ei.phncdn.com/videos/202310/07/440776871/original/(m=eaAaGwObaaamqv)(mh=15fNb6AzXXkh65wC)10.jpg;https://ei.phncdn.com/videos/202310/07/440776871/original/(m=eaAaGwObaaamqv)(mh=15fNb6AzXXkh65wC)11.jpg;https://ei.phncdn.com/videos/202310/07/440776871/original/(m=eaAaGwObaaamqv)(mh=15fNb6AzXXkh65wC)12.jpg;https://ei.phncdn.com/videos/202310/07/440776871/original/(m=eaAaGwObaaamqv)(mh=15fNb6AzXXkh65wC)13.jpg;https://ei.phncdn.com/videos/202310/07/440776871/original/(m=eaAaGwObaaamqv)(mh=15fNb6AzXXkh65wC)14.jpg;https://ei.phncdn.com/videos/202310/07/440776871/original/(m=eaAaGwObaaamqv)(mh=15fNb6AzXXkh65wC)15.jpg;https://ei.phncdn.com/videos/202310/07/440776871/original/(m=eaAaGwObaaamqv)(mh=15fNb6AzXXkh65wC)16.jpg
<iframe src="https://www.pornhub.com/embed/65291e9524eaa" frameborder="0" height="481" width="608" scrolling="no"></iframe>|https://ei.phncdn.com/videos/202310/13/441131501/original/(m=eaf8GgaaaWavb)(mh=2lok1h9ZVvPlSarc)2.jpg|https://ei.phncdn.com/videos/202310/13/441131501/original/(m=eaf8GgaaaWavb)(mh=2lok1h9ZVvPlSarc)1.jpg;https://ei.phncdn.com/videos/202310/13/441131501/original/(m=eaf8GgaaaWavb)(mh=2lok1h9ZVvPlSarc)2.jpg;https://ei.phncdn.com/videos/202310/13/441131501/original/(m=eaf8GgaaaWavb)(mh=2lok1h9ZVvPlSarc)3.jpg;https://ei.phncdn.com/videos/202310/13/441131501/original/(m=eaf8GgaaaWavb)(mh=2lok1h9ZVvPlSarc)4.jpg;https://ei.phncdn.com/videos/202310/13/441131501/original/(m=eaf8GgaaaWavb)(mh=2lok1h9ZVvPlSarc)5.jpg;https://ei.phncdn.com/videos/202310/13/441131501/original/(m=eaf8GgaaaWavb)(mh=2lok1h9ZVvPlSarc)6.jpg;https://ei.phncdn.com/videos/202310/13/441131501/original/(m=eaf8GgaaaWavb)(mh=2lok1h9ZVvPlSarc)7.jpg;https://ei.phncdn.com/videos/202310/13/441131501/original/(m=eaf8GgaaaWavb)(mh=2lok1h9ZVvPlSarc)8.jpg;https://ei.phncdn.com/videos/202310/13/441131501/original/(m=eaf8GgaaaWavb)(mh=2lok1h9ZVvPlSarc)9.jpg;https://ei.phncdn.com/videos/202310/13/441131501/original/(m=eaf8GgaaaWavb)(mh=2lok1h9ZVvPlSarc)10.jpg;https://ei.phncdn.com/videos/202310/13/441131501/original/(m=eaf8GgaaaWavb)(mh=2lok1h9ZVvPlSarc)11.jpg;https://ei.phncdn.com/videos/202310/13/441131501/original/(m=eaf8GgaaaWavb)(mh=2lok1h9ZVvPlSarc)12.jpg;https://ei.phncdn.com/videos/202310/13/441131501/original/(m=eaf8GgaaaWavb)(mh=2lok1h9ZVvPlSarc)13.jpg;https://ei.phncdn.com/videos/202310/13/441131501/original/(m=eaf8GgaaaWavb)(mh=2lok1h9ZVvPlSarc)14.jpg;https://ei.phncdn.com/videos/202310/13/441131501/original/(m=eaf8GgaaaWavb)(mh=2lok1h9ZVvPlSarc)15.jpg;https://ei.phncdn.com/videos/202310/13/441131501/original/(m=eaf8GgaaaWavb)(mh=2lok1h9ZVvPlSarc)16.jpg|AI created music|funny-dude;music|Music||205|156|2|0|https://ei.phncdn.com/videos/202310/13/441131501/original/(m=eaAaGwObaaamqv)(mh=TsmieH0RGTcRcFDM)2.jpg|https://ei.phncdn.com/videos/202310/13/441131501/original/(m=eaAaGwObaaamqv)(mh=TsmieH0RGTcRcFDM)1.jpg;https://ei.phncdn.com/videos/202310/13/441131501/original/(m=eaAaGwObaaamqv)(mh=TsmieH0RGTcRcFDM)2.jpg;https://ei.phncdn.com/videos/202310/13/441131501/original/(m=eaAaGwObaaamqv)(mh=TsmieH0RGTcRcFDM)3.jpg;https://ei.phncdn.com/videos/202310/13/441131501/original/(m=eaAaGwObaaamqv)(mh=TsmieH0RGTcRcFDM)4.jpg;https://ei.phncdn.com/videos/202310/13/441131501/original/(m=eaAaGwObaaamqv)(mh=TsmieH0RGTcRcFDM)5.jpg;https://ei.phncdn.com/videos/202310/13/441131501/original/(m=eaAaGwObaaamqv)(mh=TsmieH0RGTcRcFDM)6.jpg;https://ei.phncdn.com/videos/202310/13/441131501/original/(m=eaAaGwObaaamqv)(mh=TsmieH0RGTcRcFDM)7.jpg;https://ei.phncdn.com/videos/202310/13/441131501/original/(m=eaAaGwObaaamqv)(mh=TsmieH0RGTcRcFDM)8.jpg;https://ei.phncdn.com/videos/202310/13/441131501/original/(m=eaAaGwObaaamqv)(mh=TsmieH0RGTcRcFDM)9.jpg;https://ei.phncdn.com/videos/202310/13/441131501/original/(m=eaAaGwObaaamqv)(mh=TsmieH0RGTcRcFDM)10.jpg;https://ei.phncdn.com/videos/202310/13/441131501/original/(m=eaAaGwObaaamqv)(mh=TsmieH0RGTcRcFDM)11.jpg;https://ei.phncdn.com/videos/202310/13/441131501/original/(m=eaAaGwObaaamqv)(mh=TsmieH0RGTcRcFDM)12.jpg;https://ei.phncdn.com/videos/202310/13/441131501/original/(m=eaAaGwObaaamqv)(mh=TsmieH0RGTcRcFDM)13.jpg;https://ei.phncdn.com/videos/202310/13/441131501/original/(m=eaAaGwObaaamqv)(mh=TsmieH0RGTcRcFDM)14.jpg;https://ei.phncdn.com/videos/202310/13/441131501/original/(m=eaAaGwObaaamqv)(mh=TsmieH0RGTcRcFDM)15.jpg;https://ei.phncdn.com/videos/202310/13/441131501/original/(m=eaAaGwObaaamqv)(mh=TsmieH0RGTcRcFDM)16.jpg
<iframe src="https://www.pornhub.com/embed/6541f2a2c6797" frameborder="0" height="481" width="608" scrolling="no"></iframe>|https://ei.phncdn.com/videos/202311/01/442216211/thumbs_5/(m=eaf8GgaaaWavb)(mh=2-989ZimnCqLP4QL)4.jpg|https://ei.phncdn.com/videos/202311/01/442216211/thumbs_5/(m=eaf8GgaaaWavb)(mh=2-989ZimnCqLP4QL)1.jpg;https://ei.phncdn.com/videos/202311/01/442216211/thumbs_5/(m=eaf8GgaaaWavb)(mh=2-989ZimnCqLP4QL)2.jpg;https://ei.phncdn.com/videos/202311/01/442216211/thumbs_5/(m=eaf8GgaaaWavb)(mh=2-989ZimnCqLP4QL)3.jpg;https://ei.phncdn.com/videos/202311/01/442216211/thumbs_5/(m=eaf8GgaaaWavb)(mh=2-989ZimnCqLP4QL)4.jpg;https://ei.phncdn.com/videos/202311/01/442216211/thumbs_5/(m=eaf8GgaaaWavb)(mh=2-989ZimnCqLP4QL)5.jpg;https://ei.phncdn.com/videos/202311/01/442216211/thumbs_5/(m=eaf8GgaaaWavb)(mh=2-989ZimnCqLP4QL)6.jpg;https://ei.phncdn.com/videos/202311/01/442216211/thumbs_5/(m=eaf8GgaaaWavb)(mh=2-989ZimnCqLP4QL)7.jpg;https://ei.phncdn.com/videos/202311/01/442216211/thumbs_5/(m=eaf8GgaaaWavb)(mh=2-989ZimnCqLP4QL)8.jpg;https://ei.phncdn.com/videos/202311/01/442216211/thumbs_5/(m=eaf8GgaaaWavb)(mh=2-989ZimnCqLP4QL)9.jpg;https://ei.phncdn.com/videos/202311/01/442216211/thumbs_5/(m=eaf8GgaaaWavb)(mh=2-989ZimnCqLP4QL)10.jpg;https://ei.phncdn.com/videos/202311/01/442216211/thumbs_5/(m=eaf8GgaaaWavb)(mh=2-989ZimnCqLP4QL)11.jpg;https://ei.phncdn.com/videos/202311/01/442216211/thumbs_5/(m=eaf8GgaaaWavb)(mh=2-989ZimnCqLP4QL)12.jpg;https://ei.phncdn.com/videos/202311/01/442216211/thumbs_5/(m=eaf8GgaaaWavb)(mh=2-989ZimnCqLP4QL)13.jpg;https://ei.phncdn.com/videos/202311/01/442216211/thumbs_5/(m=eaf8GgaaaWavb)(mh=2-989ZimnCqLP4QL)14.jpg;https://ei.phncdn.com/videos/202311/01/442216211/thumbs_5/(m=eaf8GgaaaWavb)(mh=2-989ZimnCqLP4QL)15.jpg;https://ei.phncdn.com/videos/202311/01/442216211/thumbs_5/(m=eaf8GgaaaWavb)(mh=2-989ZimnCqLP4QL)16.jpg|Vecina cachonda me invita a su apartamento para coger|whatsapp;cum-in-ass;culona;amateur;sexting;messenger;mensajes-calientes;neighbors-wife;doggystyle;chat;mensajes;kink;butt;latin;point-of-view|Music;Verified Amateurs||714|421072|1206|360|https://ei.phncdn.com/videos/202311/01/442216211/thumbs_5/(m=eaAaGwObaaamqv)(mh=ZNZi0ar-h5UFnaGL)4.jpg|https://ei.phncdn.com/videos/202311/01/442216211/thumbs_5/(m=eaAaGwObaaamqv)(mh=ZNZi0ar-h5UFnaGL)1.jpg;https://ei.phncdn.com/videos/202311/01/442216211/thumbs_5/(m=eaAaGwObaaamqv)(mh=ZNZi0ar-h5UFnaGL)2.jpg;https://ei.phncdn.com/videos/202311/01/442216211/thumbs_5/(m=eaAaGwObaaamqv)(mh=ZNZi0ar-h5UFnaGL)3.jpg;https://ei.phncdn.com/videos/202311/01/442216211/thumbs_5/(m=eaAaGwObaaamqv)(mh=ZNZi0ar-h5UFnaGL)4.jpg;https://ei.phncdn.com/videos/202311/01/442216211/thumbs_5/(m=eaAaGwObaaamqv)(mh=ZNZi0ar-h5UFnaGL)5.jpg;https://ei.phncdn.com/videos/202311/01/442216211/thumbs_5/(m=eaAaGwObaaamqv)(mh=ZNZi0ar-h5UFnaGL)6.jpg;https://ei.phncdn.com/videos/202311/01/442216211/thumbs_5/(m=eaAaGwObaaamqv)(mh=ZNZi0ar-h5UFnaGL)7.jpg;https://ei.phncdn.com/videos/202311/01/442216211/thumbs_5/(m=eaAaGwObaaamqv)(mh=ZNZi0ar-h5UFnaGL)8.jpg;https://ei.phncdn.com/videos/202311/01/442216211/thumbs_5/(m=eaAaGwObaaamqv)(mh=ZNZi0ar-h5UFnaGL)9.jpg;https://ei.phncdn.com/videos/202311/01/442216211/thumbs_5/(m=eaAaGwObaaamqv)(mh=ZNZi0ar-h5UFnaGL)10.jpg;https://ei.phncdn.com/videos/202311/01/442216211/thumbs_5/(m=eaAaGwObaaamqv)(mh=ZNZi0ar-h5UFnaGL)11.jpg;https://ei.phncdn.com/videos/202311/01/442216211/thumbs_5/(m=eaAaGwObaaamqv)(mh=ZNZi0ar-h5UFnaGL)12.jpg;https://ei.phncdn.com/videos/202311/01/442216211/thumbs_5/(m=eaAaGwObaaamqv)(mh=ZNZi0ar-h5UFnaGL)13.jpg;https://ei.phncdn.com/videos/202311/01/442216211/thumbs_5/(m=eaAaGwObaaamqv)(mh=ZNZi0ar-h5UFnaGL)14.jpg;https://ei.phncdn.com/videos/202311/01/442216211/thumbs_5/(m=eaAaGwObaaamqv)(mh=ZNZi0ar-h5UFnaGL)15.jpg;https://ei.phncdn.com/videos/202311/01/442216211/thumbs_5/(m=eaAaGwObaaamqv)(mh=ZNZi0ar-h5UFnaGL)16.jpg
<iframe src="https://www.pornhub.com/embed/65861449c8922" frameborder="0" height="481" width="608" scrolling="no"></iframe>|https://ei.phncdn.com/videos/202312/22/445250691/original/(m=eaf8GgaaaWavb)(mh=Uw9a9EN8GPrkvat8)15.jpg|https://ei.phncdn.com/videos/202312/22/445250691/original/(m=eaf8GgaaaWavb)(mh=Uw9a9EN8GPrkvat8)1.jpg;https://ei.phncdn.com/videos/202312/22/445250691/original/(m=eaf8GgaaaWavb)(mh=Uw9a9EN8GPrkvat8)2.jpg;https://ei.phncdn.com/videos/202312/22/445250691/original/(m=eaf8GgaaaWavb)(mh=Uw9a9EN8GPrkvat8)3.jpg;https://ei.phncdn.com/videos/202312/22/445250691/original/(m=eaf8GgaaaWavb)(mh=Uw9a9EN8GPrkvat8)4.jpg;https://ei.phncdn.com/videos/202312/22/445250691/original/(m=eaf8GgaaaWavb)(mh=Uw9a9EN8GPrkvat8)5.jpg;https://ei.phncdn.com/videos/202312/22/445250691/original/(m=eaf8GgaaaWavb)(mh=Uw9a9EN8GPrkvat8)6.jpg;https://ei.phncdn.com/videos/202312/22/445250691/original/(m=eaf8GgaaaWavb)(mh=Uw9a9EN8GPrkvat8)7.jpg;https://ei.phncdn.com/videos/202312/22/445250691/original/(m=eaf8GgaaaWavb)(mh=Uw9a9EN8GPrkvat8)8.jpg;https://ei.phncdn.com/videos/202312/22/445250691/original/(m=eaf8GgaaaWavb)(mh=Uw9a9EN8GPrkvat8)9.jpg;https://ei.phncdn.com/videos/202312/22/445250691/original/(m=eaf8GgaaaWavb)(mh=Uw9a9EN8GPrkvat8)10.jpg;https://ei.phncdn.com/videos/202312/22/445250691/original/(m=eaf8GgaaaWavb)(mh=Uw9a9EN8GPrkvat8)11.jpg;https://ei.phncdn.com/videos/202312/22/445250691/original/(m=eaf8GgaaaWavb)(mh=Uw9a9EN8GPrkvat8)12.jpg;https://ei.phncdn.com/videos/202312/22/445250691/original/(m=eaf8GgaaaWavb)(mh=Uw9a9EN8GPrkvat8)13.jpg;https://ei.phncdn.com/videos/202312/22/445250691/original/(m=eaf8GgaaaWavb)(mh=Uw9a9EN8GPrkvat8)14.jpg;https://ei.phncdn.com/videos/202312/22/445250691/original/(m=eaf8GgaaaWavb)(mh=Uw9a9EN8GPrkvat8)15.jpg;https://ei.phncdn.com/videos/202312/22/445250691/original/(m=eaf8GgaaaWavb)(mh=Uw9a9EN8GPrkvat8)16.jpg|*Sneak Peak* Beat that Pussy up Master|solo-girl;verified-amateur|Music;Verified Amateurs;Solo Female||308|851|5|1|https://ei.phncdn.com/videos/202312/22/445250691/original/(m=eaAaGwObaaamqv)(mh=zWb8uMpk3xvAQu5_)15.jpg|https://ei.phncdn.com/videos/202312/22/445250691/original/(m=eaAaGwObaaamqv)(mh=zWb8uMpk3xvAQu5_)1.jpg;https://ei.phncdn.com/videos/202312/22/445250691/original/(m=eaAaGwObaaamqv)(mh=zWb8uMpk3xvAQu5_)2.jpg;https://ei.phncdn.com/videos/202312/22/445250691/original/(m=eaAaGwObaaamqv)(mh=zWb8uMpk3xvAQu5_)3.jpg;https://ei.phncdn.com/videos/202312/22/445250691/original/(m=eaAaGwObaaamqv)(mh=zWb8uMpk3xvAQu5_)4.jpg;https://ei.phncdn.com/videos/202312/22/445250691/original/(m=eaAaGwObaaamqv)(mh=zWb8uMpk3xvAQu5_)5.jpg;https://ei.phncdn.com/videos/202312/22/445250691/original/(m=eaAaGwObaaamqv)(mh=zWb8uMpk3xvAQu5_)6.jpg;https://ei.phncdn.com/videos/202312/22/445250691/original/(m=eaAaGwObaaamqv)(mh=zWb8uMpk3xvAQu5_)7.jpg;https://ei.phncdn.com/videos/202312/22/445250691/original/(m=eaAaGwObaaamqv)(mh=zWb8uMpk3xvAQu5_)8.jpg;https://ei.phncdn.com/videos/202312/22/445250691/original/(m=eaAaGwObaaamqv)(mh=zWb8uMpk3xvAQu5_)9.jpg;https://ei.phncdn.com/videos/202312/22/445250691/original/(m=eaAaGwObaaamqv)(mh=zWb8uMpk3xvAQu5_)10.jpg;https://ei.phncdn.com/videos/202312/22/445250691/original/(m=eaAaGwObaaamqv)(mh=zWb8uMpk3xvAQu5_)11.jpg;https://ei.phncdn.com/videos/202312/22/445250691/original/(m=eaAaGwObaaamqv)(mh=zWb8uMpk3xvAQu5_)12.jpg;https://ei.phncdn.com/videos/202312/22/445250691/original/(m=eaAaGwObaaamqv)(mh=zWb8uMpk3xvAQu5_)13.jpg;https://ei.phncdn.com/videos/202312/22/445250691/original/(m=eaAaGwObaaamqv)(mh=zWb8uMpk3xvAQu5_)14.jpg;https://ei.phncdn.com/videos/202312/22/445250691/original/(m=eaAaGwObaaamqv)(mh=zWb8uMpk3xvAQu5_)15.jpg;https://ei.phncdn.com/videos/202312/22/445250691/original/(m=eaAaGwObaaamqv)(mh=zWb8uMpk3xvAQu5_)16.jpg
<iframe src="https://www.pornhub.com/embed/65863ec22a902" frameborder="0" height="481" width="608" scrolling="no"></iframe>|https://ei.phncdn.com/videos/202312/23/445257531/original/(m=eaf8GgaaaWavb)(mh=YjDvlaAHu7MAQ11s)3.jpg|https://ei.phncdn.com/videos/202312/23/445257531/original/(m=eaf8GgaaaWavb)(mh=YjDvlaAHu7MAQ11s)1.jpg;https://ei.phncdn.com/videos/202312/23/445257531/original/(m=eaf8GgaaaWavb)(mh=YjDvlaAHu7MAQ11s)2.jpg;https://ei.phncdn.com/videos/202312/23/445257531/original/(m=eaf8GgaaaWavb)(mh=YjDvlaAHu7MAQ11s)3.jpg;https://ei.phncdn.com/videos/202312/23/445257531/original/(m=eaf8GgaaaWavb)(mh=YjDvlaAHu7MAQ11s)4.jpg;https://ei.phncdn.com/videos/202312/23/445257531/original/(m=eaf8GgaaaWavb)(mh=YjDvlaAHu7MAQ11s)5.jpg;https://ei.phncdn.com/videos/202312/23/445257531/original/(m=eaf8GgaaaWavb)(mh=YjDvlaAHu7MAQ11s)6.jpg;https://ei.phncdn.com/videos/202312/23/445257531/original/(m=eaf8GgaaaWavb)(mh=YjDvlaAHu7MAQ11s)7.jpg;https://ei.phncdn.com/videos/202312/23/445257531/original/(m=eaf8GgaaaWavb)(mh=YjDvlaAHu7MAQ11s)8.jpg;https://ei.phncdn.com/videos/202312/23/445257531/original/(m=eaf8GgaaaWavb)(mh=YjDvlaAHu7MAQ11s)9.jpg;https://ei.phncdn.com/videos/202312/23/445257531/original/(m=eaf8GgaaaWavb)(mh=YjDvlaAHu7MAQ11s)10.jpg;https://ei.phncdn.com/videos/202312/23/445257531/original/(m=eaf8GgaaaWavb)(mh=YjDvlaAHu7MAQ11s)11.jpg;https://ei.phncdn.com/videos/202312/23/445257531/original/(m=eaf8GgaaaWavb)(mh=YjDvlaAHu7MAQ11s)12.jpg;https://ei.phncdn.com/videos/202312/23/445257531/original/(m=eaf8GgaaaWavb)(mh=YjDvlaAHu7MAQ11s)13.jpg;https://ei.phncdn.com/videos/202312/23/445257531/original/(m=eaf8GgaaaWavb)(mh=YjDvlaAHu7MAQ11s)14.jpg;https://ei.phncdn.com/videos/202312/23/445257531/original/(m=eaf8GgaaaWavb)(mh=YjDvlaAHu7MAQ11s)15.jpg;https://ei.phncdn.com/videos/202312/23/445257531/original/(m=eaf8GgaaaWavb)(mh=YjDvlaAHu7MAQ11s)16.jpg|*Sneak Peak* Watch my New Toy Pound my Pussy|solo-girl;verified-amateur|Music;Verified Amateurs;Solo Female||312|356|2|0|https://ei.phncdn.com/videos/202312/23/445257531/original/(m=eaAaGwObaaamqv)(mh=SSjvqVZx_P1QIVHw)3.jpg|https://ei.phncdn.com/videos/202312/23/445257531/original/(m=eaAaGwObaaamqv)(mh=SSjvqVZx_P1QIVHw)1.jpg;https://ei.phncdn.com/videos/202312/23/445257531/original/(m=eaAaGwObaaamqv)(mh=SSjvqVZx_P1QIVHw)2.jpg;https://ei.phncdn.com/videos/202312/23/445257531/original/(m=eaAaGwObaaamqv)(mh=SSjvqVZx_P1QIVHw)3.jpg;https://ei.phncdn.com/videos/202312/23/445257531/original/(m=eaAaGwObaaamqv)(mh=SSjvqVZx_P1QIVHw)4.jpg;https://ei.phncdn.com/videos/202312/23/445257531/original/(m=eaAaGwObaaamqv)(mh=SSjvqVZx_P1QIVHw)5.jpg;https://ei.phncdn.com/videos/202312/23/445257531/original/(m=eaAaGwObaaamqv)(mh=SSjvqVZx_P1QIVHw)6.jpg;https://ei.phncdn.com/videos/202312/23/445257531/original/(m=eaAaGwObaaamqv)(mh=SSjvqVZx_P1QIVHw)7.jpg;https://ei.phncdn.com/videos/202312/23/445257531/original/(m=eaAaGwObaaamqv)(mh=SSjvqVZx_P1QIVHw)8.jpg;https://ei.phncdn.com/videos/202312/23/445257531/original/(m=eaAaGwObaaamqv)(mh=SSjvqVZx_P1QIVHw)9.jpg;https://ei.phncdn.com/videos/202312/23/445257531/original/(m=eaAaGwObaaamqv)(mh=SSjvqVZx_P1QIVHw)10.jpg;https://ei.phncdn.com/videos/202312/23/445257531/original/(m=eaAaGwObaaamqv)(mh=SSjvqVZx_P1QIVHw)11.jpg;https://ei.phncdn.com/videos/202312/23/445257531/original/(m=eaAaGwObaaamqv)(mh=SSjvqVZx_P1QIVHw)12.jpg;https://ei.phncdn.com/videos/202312/23/445257531/original/(m=eaAaGwObaaamqv)(mh=SSjvqVZx_P1QIVHw)13.jpg;https://ei.phncdn.com/videos/202312/23/445257531/original/(m=eaAaGwObaaamqv)(mh=SSjvqVZx_P1QIVHw)14.jpg;https://ei.phncdn.com/videos/202312/23/445257531/original/(m=eaAaGwObaaamqv)(mh=SSjvqVZx_P1QIVHw)15.jpg;https://ei.phncdn.com/videos/202312/23/445257531/original/(m=eaAaGwObaaamqv)(mh=SSjvqVZx_P1QIVHw)16.jpg
<iframe src="https://www.pornhub.com/embed/658696b90859a" frameborder="0" height="481" width="608" scrolling="no"></iframe>|https://ei.phncdn.com/videos/202312/23/445270701/original/(m=eaf8GgaaaWavb)(mh=LX4hy115bugiDwZ5)7.jpg|https://ei.phncdn.com/videos/202312/23/445270701/original/(m=eaf8GgaaaWavb)(mh=LX4hy115bugiDwZ5)1.jpg;https://ei.phncdn.com/videos/202312/23/445270701/original/(m=eaf8GgaaaWavb)(mh=LX4hy115bugiDwZ5)2.jpg;https://ei.phncdn.com/videos/202312/23/445270701/original/(m=eaf8GgaaaWavb)(mh=LX4hy115bugiDwZ5)3.jpg;https://ei.phncdn.com/videos/202312/23/445270701/original/(m=eaf8GgaaaWavb)(mh=LX4hy115bugiDwZ5)4.jpg;https://ei.phncdn.com/videos/202312/23/445270701/original/(m=eaf8GgaaaWavb)(mh=LX4hy115bugiDwZ5)5.jpg;https://ei.phncdn.com/videos/202312/23/445270701/original/(m=eaf8GgaaaWavb)(mh=LX4hy115bugiDwZ5)6.jpg;https://ei.phncdn.com/videos/202312/23/445270701/original/(m=eaf8GgaaaWavb)(mh=LX4hy115bugiDwZ5)7.jpg;https://ei.phncdn.com/videos/202312/23/445270701/original/(m=eaf8GgaaaWavb)(mh=LX4hy115bugiDwZ5)8.jpg;https://ei.phncdn.com/videos/202312/23/445270701/original/(m=eaf8GgaaaWavb)(mh=LX4hy115bugiDwZ5)9.jpg;https://ei.phncdn.com/videos/202312/23/445270701/original/(m=eaf8GgaaaWavb)(mh=LX4hy115bugiDwZ5)10.jpg;https://ei.phncdn.com/videos/202312/23/445270701/original/(m=eaf8GgaaaWavb)(mh=LX4hy115bugiDwZ5)11.jpg;https://ei.phncdn.com/videos/202312/23/445270701/original/(m=eaf8GgaaaWavb)(mh=LX4hy115bugiDwZ5)12.jpg;https://ei.phncdn.com/videos/202312/23/445270701/original/(m=eaf8GgaaaWavb)(mh=LX4hy115bugiDwZ5)13.jpg;https://ei.phncdn.com/videos/202312/23/445270701/original/(m=eaf8GgaaaWavb)(mh=LX4hy115bugiDwZ5)14.jpg;https://ei.phncdn.com/videos/202312/23/445270701/original/(m=eaf8GgaaaWavb)(mh=LX4hy115bugiDwZ5)15.jpg;https://ei.phncdn.com/videos/202312/23/445270701/original/(m=eaf8GgaaaWavb)(mh=LX4hy115bugiDwZ5)16.jpg|*Sneak Peak* Lick my Pussy just like that|solo-girl;verified-amateur|Music;Verified Amateurs;Solo Female||308|365|3|0|https://ei.phncdn.com/videos/202312/23/445270701/original/(m=eaAaGwObaaamqv)(mh=qNATkz505F0w2_Xm)7.jpg|https://ei.phncdn.com/videos/202312/23/445270701/original/(m=eaAaGwObaaamqv)(mh=qNATkz505F0w2_Xm)1.jpg;https://ei.phncdn.com/videos/202312/23/445270701/original/(m=eaAaGwObaaamqv)(mh=qNATkz505F0w2_Xm)2.jpg;https://ei.phncdn.com/videos/202312/23/445270701/original/(m=eaAaGwObaaamqv)(mh=qNATkz505F0w2_Xm)3.jpg;https://ei.phncdn.com/videos/202312/23/445270701/original/(m=eaAaGwObaaamqv)(mh=qNATkz505F0w2_Xm)4.jpg;https://ei.phncdn.com/videos/202312/23/445270701/original/(m=eaAaGwObaaamqv)(mh=qNATkz505F0w2_Xm)5.jpg;https://ei.phncdn.com/videos/202312/23/445270701/original/(m=eaAaGwObaaamqv)(mh=qNATkz505F0w2_Xm)6.jpg;https://ei.phncdn.com/videos/202312/23/445270701/original/(m=eaAaGwObaaamqv)(mh=qNATkz505F0w2_Xm)7.jpg;https://ei.phncdn.com/videos/202312/23/445270701/original/(m=eaAaGwObaaamqv)(mh=qNATkz505F0w2_Xm)8.jpg;https://ei.phncdn.com/videos/202312/23/445270701/original/(m=eaAaGwObaaamqv)(mh=qNATkz505F0w2_Xm)9.jpg;https://ei.phncdn.com/videos/202312/23/445270701/original/(m=eaAaGwObaaamqv)(mh=qNATkz505F0w2_Xm)10.jpg;https://ei.phncdn.com/videos/202312/23/445270701/original/(m=eaAaGwObaaamqv)(mh=qNATkz505F0w2_Xm)11.jpg;https://ei.phncdn.com/videos/202312/23/445270701/original/(m=eaAaGwObaaamqv)(mh=qNATkz505F0w2_Xm)12.jpg;https://ei.phncdn.com/videos/202312/23/445270701/original/(m=eaAaGwObaaamqv)(mh=qNATkz505F0w2_Xm)13.jpg;https://ei.phncdn.com/videos/202312/23/445270701/original/(m=eaAaGwObaaamqv)(mh=qNATkz505F0w2_Xm)14.jpg;https://ei.phncdn.com/videos/202312/23/445270701/original/(m=eaAaGwObaaamqv)(mh=qNATkz505F0w2_Xm)15.jpg;https://ei.phncdn.com/videos/202312/23/445270701/original/(m=eaAaGwObaaamqv)(mh=qNATkz505F0w2_Xm)16.jpg
<iframe src="https://www.pornhub.com/embed/6587c1bb89016" frameborder="0" height="481" width="608" scrolling="no"></iframe>|https://ei.phncdn.com/videos/202312/24/445317271/original/(m=eaf8GgaaaWavb)(mh=EJxh7WrZBkV_wd5f)9.jpg|https://ei.phncdn.com/videos/202312/24/445317271/original/(m=eaf8GgaaaWavb)(mh=EJxh7WrZBkV_wd5f)1.jpg;https://ei.phncdn.com/videos/202312/24/445317271/original/(m=eaf8GgaaaWavb)(mh=EJxh7WrZBkV_wd5f)2.jpg;https://ei.phncdn.com/videos/202312/24/445317271/original/(m=eaf8GgaaaWavb)(mh=EJxh7WrZBkV_wd5f)3.jpg;https://ei.phncdn.com/videos/202312/24/445317271/original/(m=eaf8GgaaaWavb)(mh=EJxh7WrZBkV_wd5f)4.jpg;https://ei.phncdn.com/videos/202312/24/445317271/original/(m=eaf8GgaaaWavb)(mh=EJxh7WrZBkV_wd5f)5.jpg;https://ei.phncdn.com/videos/202312/24/445317271/original/(m=eaf8GgaaaWavb)(mh=EJxh7WrZBkV_wd5f)6.jpg;https://ei.phncdn.com/videos/202312/24/445317271/original/(m=eaf8GgaaaWavb)(mh=EJxh7WrZBkV_wd5f)7.jpg;https://ei.phncdn.com/videos/202312/24/445317271/original/(m=eaf8GgaaaWavb)(mh=EJxh7WrZBkV_wd5f)8.jpg;https://ei.phncdn.com/videos/202312/24/445317271/original/(m=eaf8GgaaaWavb)(mh=EJxh7WrZBkV_wd5f)9.jpg;https://ei.phncdn.com/videos/202312/24/445317271/original/(m=eaf8GgaaaWavb)(mh=EJxh7WrZBkV_wd5f)10.jpg;https://ei.phncdn.com/videos/202312/24/445317271/original/(m=eaf8GgaaaWavb)(mh=EJxh7WrZBkV_wd5f)11.jpg;https://ei.phncdn.com/videos/202312/24/445317271/original/(m=eaf8GgaaaWavb)(mh=EJxh7WrZBkV_wd5f)12.jpg;https://ei.phncdn.com/videos/202312/24/445317271/original/(m=eaf8GgaaaWavb)(mh=EJxh7WrZBkV_wd5f)13.jpg;https://ei.phncdn.com/videos/202312/24/445317271/original/(m=eaf8GgaaaWavb)(mh=EJxh7WrZBkV_wd5f)14.jpg;https://ei.phncdn.com/videos/202312/24/445317271/original/(m=eaf8GgaaaWavb)(mh=EJxh7WrZBkV_wd5f)15.jpg;https://ei.phncdn.com/videos/202312/24/445317271/original/(m=eaf8GgaaaWavb)(mh=EJxh7WrZBkV_wd5f)16.jpg|*Sneak Peak* Look me in the Eyes as I Orgasm Love|solo-girl;verified-amateur|Music;Verified Amateurs;Solo Female||331|230|2|0|https://ei.phncdn.com/videos/202312/24/445317271/original/(m=eaAaGwObaaamqv)(mh=yUkS4q3D7uZMLsEw)9.jpg|https://ei.phncdn.com/videos/202312/24/445317271/original/(m=eaAaGwObaaamqv)(mh=yUkS4q3D7uZMLsEw)1.jpg;https://ei.phncdn.com/videos/202312/24/445317271/original/(m=eaAaGwObaaamqv)(mh=yUkS4q3D7uZMLsEw)2.jpg;https://ei.phncdn.com/videos/202312/24/445317271/original/(m=eaAaGwObaaamqv)(mh=yUkS4q3D7uZMLsEw)3.jpg;https://ei.phncdn.com/videos/202312/24/445317271/original/(m=eaAaGwObaaamqv)(mh=yUkS4q3D7uZMLsEw)4.jpg;https://ei.phncdn.com/videos/202312/24/445317271/original/(m=eaAaGwObaaamqv)(mh=yUkS4q3D7uZMLsEw)5.jpg;https://ei.phncdn.com/videos/202312/24/445317271/original/(m=eaAaGwObaaamqv)(mh=yUkS4q3D7uZMLsEw)6.jpg;https://ei.phncdn.com/videos/202312/24/445317271/original/(m=eaAaGwObaaamqv)(mh=yUkS4q3D7uZMLsEw)7.jpg;https://ei.phncdn.com/videos/202312/24/445317271/original/(m=eaAaGwObaaamqv)(mh=yUkS4q3D7uZMLsEw)8.jpg;https://ei.phncdn.com/videos/202312/24/445317271/original/(m=eaAaGwObaaamqv)(mh=yUkS4q3D7uZMLsEw)9.jpg;https://ei.phncdn.com/videos/202312/24/445317271/original/(m=eaAaGwObaaamqv)(mh=yUkS4q3D7uZMLsEw)10.jpg;https://ei.phncdn.com/videos/202312/24/445317271/original/(m=eaAaGwObaaamqv)(mh=yUkS4q3D7uZMLsEw)11.jpg;https://ei.phncdn.com/videos/202312/24/445317271/original/(m=eaAaGwObaaamqv)(mh=yUkS4q3D7uZMLsEw)12.jpg;https://ei.phncdn.com/videos/202312/24/445317271/original/(m=eaAaGwObaaamqv)(mh=yUkS4q3D7uZMLsEw)13.jpg;https://ei.phncdn.com/videos/202312/24/445317271/original/(m=eaAaGwObaaamqv)(mh=yUkS4q3D7uZMLsEw)14.jpg;https://ei.phncdn.com/videos/202312/24/445317271/original/(m=eaAaGwObaaamqv)(mh=yUkS4q3D7uZMLsEw)15.jpg;https://ei.phncdn.com/videos/202312/24/445317271/original/(m=eaAaGwObaaamqv)(mh=yUkS4q3D7uZMLsEw)16.jpg
<iframe src="https://www.pornhub.com/embed/66c9aa63ac95a" frameborder="0" height="481" width="608" scrolling="no"></iframe>|https://ei.phncdn.com/videos/202408/24/456887251/original/(m=eaf8GgaaaWavb)(mh=sA-09_u_uYUtZmJ1)13.jpg|https://ei.phncdn.com/videos/202408/24/456887251/original/(m=eaf8GgaaaWavb)(mh=sA-09_u_uYUtZmJ1)1.jpg;https://ei.phncdn.com/videos/202408/24/456887251/original/(m=eaf8GgaaaWavb)(mh=sA-09_u_uYUtZmJ1)2.jpg;https://ei.phncdn.com/videos/202408/24/456887251/original/(m=eaf8GgaaaWavb)(mh=sA-09_u_uYUtZmJ1)3.jpg;https://ei.phncdn.com/videos/202408/24/456887251/original/(m=eaf8GgaaaWavb)(mh=sA-09_u_uYUtZmJ1)4.jpg;https://ei.phncdn.com/videos/202408/24/456887251/original/(m=eaf8GgaaaWavb)(mh=sA-09_u_uYUtZmJ1)5.jpg;https://ei.phncdn.com/videos/202408/24/456887251/original/(m=eaf8GgaaaWavb)(mh=sA-09_u_uYUtZmJ1)6.jpg;https://ei.phncdn.com/videos/202408/24/456887251/original/(m=eaf8GgaaaWavb)(mh=sA-09_u_uYUtZmJ1)7.jpg;https://ei.phncdn.com/videos/202408/24/456887251/original/(m=eaf8GgaaaWavb)(mh=sA-09_u_uYUtZmJ1)8.jpg;https://ei.phncdn.com/videos/202408/24/456887251/original/(m=eaf8GgaaaWavb)(mh=sA-09_u_uYUtZmJ1)9.jpg;https://ei.phncdn.com/videos/202408/24/456887251/original/(m=eaf8GgaaaWavb)(mh=sA-09_u_uYUtZmJ1)10.jpg;https://ei.phncdn.com/videos/202408/24/456887251/original/(m=eaf8GgaaaWavb)(mh=sA-09_u_uYUtZmJ1)11.jpg;https://ei.phncdn.com/videos/202408/24/456887251/original/(m=eaf8GgaaaWavb)(mh=sA-09_u_uYUtZmJ1)12.jpg;https://ei.phncdn.com/videos/202408/24/456887251/original/(m=eaf8GgaaaWavb)(mh=sA-09_u_uYUtZmJ1)13.jpg;https://ei.phncdn.com/videos/202408/24/456887251/original/(m=eaf8GgaaaWavb)(mh=sA-09_u_uYUtZmJ1)14.jpg;https://ei.phncdn.com/videos/202408/24/456887251/original/(m=eaf8GgaaaWavb)(mh=sA-09_u_uYUtZmJ1)15.jpg;https://ei.phncdn.com/videos/202408/24/456887251/original/(m=eaf8GgaaaWavb)(mh=sA-09_u_uYUtZmJ1)16.jpg|Arka Noego|music;hardcore|Music||202|26|||https://ei.phncdn.com/videos/202408/24/456887251/original/(m=eaAaGwObaaamqv)(mh=LGbc5oGNWMRUoHNt)13.jpg|https://ei.phncdn.com/videos/202408/24/456887251/original/(m=eaAaGwObaaamqv)(mh=LGbc5oGNWMRUoHNt)1.jpg;https://ei.phncdn.com/videos/202408/24/456887251/original/(m=eaAaGwObaaamqv)(mh=LGbc5oGNWMRUoHNt)2.jpg;https://ei.phncdn.com/videos/202408/24/456887251/original/(m=eaAaGwObaaamqv)(mh=LGbc5oGNWMRUoHNt)3.jpg;https://ei.phncdn.com/videos/202408/24/456887251/original/(m=eaAaGwObaaamqv)(mh=LGbc5oGNWMRUoHNt)4.jpg;https://ei.phncdn.com/videos/202408/24/456887251/original/(m=eaAaGwObaaamqv)(mh=LGbc5oGNWMRUoHNt)5.jpg;https://ei.phncdn.com/videos/202408/24/456887251/original/(m=eaAaGwObaaamqv)(mh=LGbc5oGNWMRUoHNt)6.jpg;https://ei.phncdn.com/videos/202408/24/456887251/original/(m=eaAaGwObaaamqv)(mh=LGbc5oGNWMRUoHNt)7.jpg;https://ei.phncdn.com/videos/202408/24/456887251/original/(m=eaAaGwObaaamqv)(mh=LGbc5oGNWMRUoHNt)8.jpg;https://ei.phncdn.com/videos/202408/24/456887251/original/(m=eaAaGwObaaamqv)(mh=LGbc5oGNWMRUoHNt)9.jpg;https://ei.phncdn.com/videos/202408/24/456887251/original/(m=eaAaGwObaaamqv)(mh=LGbc5oGNWMRUoHNt)10.jpg;https://ei.phncdn.com/videos/202408/24/456887251/original/(m=eaAaGwObaaamqv)(mh=LGbc5oGNWMRUoHNt)11.jpg;https://ei.phncdn.com/videos/202408/24/456887251/original/(m=eaAaGwObaaamqv)(mh=LGbc5oGNWMRUoHNt)12.jpg;https://ei.phncdn.com/videos/202408/24/456887251/original/(m=eaAaGwObaaamqv)(mh=LGbc5oGNWMRUoHNt)13.jpg;https://ei.phncdn.com/videos/202408/24/456887251/original/(m=eaAaGwObaaamqv)(mh=LGbc5oGNWMRUoHNt)14.jpg;https://ei.phncdn.com/videos/202408/24/456887251/original/(m=eaAaGwObaaamqv)(mh=LGbc5oGNWMRUoHNt)15.jpg;https://ei.phncdn.com/videos/202408/24/456887251/original/(m=eaAaGwObaaamqv)(mh=LGbc5oGNWMRUoHNt)16.jpg
<iframe src="https://www.pornhub.com/embed/674611609d866" frameborder="0" height="481" width="608" scrolling="no"></iframe>|https://ei.phncdn.com/videos/202411/26/461053111/original/(m=eaf8GgaaaWavb)(mh=w1bk5U5Ju4Tn4gF4)1.jpg|https://ei.phncdn.com/videos/202411/26/461053111/original/(m=eaf8GgaaaWavb)(mh=w1bk5U5Ju4Tn4gF4)1.jpg;https://ei.phncdn.com/videos/202411/26/461053111/original/(m=eaf8GgaaaWavb)(mh=w1bk5U5Ju4Tn4gF4)2.jpg;https://ei.phncdn.com/videos/202411/26/461053111/original/(m=eaf8GgaaaWavb)(mh=w1bk5U5Ju4Tn4gF4)3.jpg;https://ei.phncdn.com/videos/202411/26/461053111/original/(m=eaf8GgaaaWavb)(mh=w1bk5U5Ju4Tn4gF4)4.jpg;https://ei.phncdn.com/videos/202411/26/461053111/original/(m=eaf8GgaaaWavb)(mh=w1bk5U5Ju4Tn4gF4)5.jpg;https://ei.phncdn.com/videos/202411/26/461053111/original/(m=eaf8GgaaaWavb)(mh=w1bk5U5Ju4Tn4gF4)6.jpg;https://ei.phncdn.com/videos/202411/26/461053111/original/(m=eaf8GgaaaWavb)(mh=w1bk5U5Ju4Tn4gF4)7.jpg;https://ei.phncdn.com/videos/202411/26/461053111/original/(m=eaf8GgaaaWavb)(mh=w1bk5U5Ju4Tn4gF4)8.jpg;https://ei.phncdn.com/videos/202411/26/461053111/original/(m=eaf8GgaaaWavb)(mh=w1bk5U5Ju4Tn4gF4)9.jpg;https://ei.phncdn.com/videos/202411/26/461053111/original/(m=eaf8GgaaaWavb)(mh=w1bk5U5Ju4Tn4gF4)10.jpg;https://ei.phncdn.com/videos/202411/26/461053111/original/(m=eaf8GgaaaWavb)(mh=w1bk5U5Ju4Tn4gF4)11.jpg;https://ei.phncdn.com/videos/202411/26/461053111/original/(m=eaf8GgaaaWavb)(mh=w1bk5U5Ju4Tn4gF4)12.jpg;https://ei.phncdn.com/videos/202411/26/461053111/original/(m=eaf8GgaaaWavb)(mh=w1bk5U5Ju4Tn4gF4)13.jpg;https://ei.phncdn.com/videos/202411/26/461053111/original/(m=eaf8GgaaaWavb)(mh=w1bk5U5Ju4Tn4gF4)14.jpg;https://ei.phncdn.com/videos/202411/26/461053111/original/(m=eaf8GgaaaWavb)(mh=w1bk5U5Ju4Tn4gF4)15.jpg;https://ei.phncdn.com/videos/202411/26/461053111/original/(m=eaf8GgaaaWavb)(mh=w1bk5U5Ju4Tn4gF4)16.jpg|Music for group scenes  Party Like This|music;music-video;porn-music-video|Music;Gaming||185|236|0|0|https://ei.phncdn.com/videos/202411/26/461053111/original/(m=eaAaGwObaaamqv)(mh=PiE1tgBizzmAXysI)1.jpg|https://ei.phncdn.com/videos/202411/26/461053111/original/(m=eaAaGwObaaamqv)(mh=PiE1tgBizzmAXysI)1.jpg;https://ei.phncdn.com/videos/202411/26/461053111/original/(m=eaAaGwObaaamqv)(mh=PiE1tgBizzmAXysI)2.jpg;https://ei.phncdn.com/videos/202411/26/461053111/original/(m=eaAaGwObaaamqv)(mh=PiE1tgBizzmAXysI)3.jpg;https://ei.phncdn.com/videos/202411/26/461053111/original/(m=eaAaGwObaaamqv)(mh=PiE1tgBizzmAXysI)4.jpg;https://ei.phncdn.com/videos/202411/26/461053111/original/(m=eaAaGwObaaamqv)(mh=PiE1tgBizzmAXysI)5.jpg;https://ei.phncdn.com/videos/202411/26/461053111/original/(m=eaAaGwObaaamqv)(mh=PiE1tgBizzmAXysI)6.jpg;https://ei.phncdn.com/videos/202411/26/461053111/original/(m=eaAaGwObaaamqv)(mh=PiE1tgBizzmAXysI)7.jpg;https://ei.phncdn.com/videos/202411/26/461053111/original/(m=eaAaGwObaaamqv)(mh=PiE1tgBizzmAXysI)8.jpg;https://ei.phncdn.com/videos/202411/26/461053111/original/(m=eaAaGwObaaamqv)(mh=PiE1tgBizzmAXysI)9.jpg;https://ei.phncdn.com/videos/202411/26/461053111/original/(m=eaAaGwObaaamqv)(mh=PiE1tgBizzmAXysI)10.jpg;https://ei.phncdn.com/videos/202411/26/461053111/original/(m=eaAaGwObaaamqv)(mh=PiE1tgBizzmAXysI)11.jpg;https://ei.phncdn.com/videos/202411/26/461053111/original/(m=eaAaGwObaaamqv)(mh=PiE1tgBizzmAXysI)12.jpg;https://ei.phncdn.com/videos/202411/26/461053111/original/(m=eaAaGwObaaamqv)(mh=PiE1tgBizzmAXysI)13.jpg;https://ei.phncdn.com/videos/202411/26/461053111/original/(m=eaAaGwObaaamqv)(mh=PiE1tgBizzmAXysI)14.jpg;https://ei.phncdn.com/videos/202411/26/461053111/original/(m=eaAaGwObaaamqv)(mh=PiE1tgBizzmAXysI)15.jpg;https://ei.phncdn.com/videos/202411/26/461053111/original/(m=eaAaGwObaaamqv)(mh=PiE1tgBizzmAXysI)16.jpg
<iframe src="https://www.pornhub.com/embed/67501ffd1a9e4" frameborder="0" height="481" width="608" scrolling="no"></iframe>|https://ei.phncdn.com/videos/202412/04/461406141/original/(m=eaf8GgaaaWavb)(mh=0zfiAmQ7A_M8wmHR)7.jpg|https://ei.phncdn.com/videos/202412/04/461406141/original/(m=eaf8GgaaaWavb)(mh=0zfiAmQ7A_M8wmHR)1.jpg;https://ei.phncdn.com/videos/202412/04/461406141/original/(m=eaf8GgaaaWavb)(mh=0zfiAmQ7A_M8wmHR)2.jpg;https://ei.phncdn.com/videos/202412/04/461406141/original/(m=eaf8GgaaaWavb)(mh=0zfiAmQ7A_M8wmHR)3.jpg;https://ei.phncdn.com/videos/202412/04/461406141/original/(m=eaf8GgaaaWavb)(mh=0zfiAmQ7A_M8wmHR)4.jpg;https://ei.phncdn.com/videos/202412/04/461406141/original/(m=eaf8GgaaaWavb)(mh=0zfiAmQ7A_M8wmHR)5.jpg;https://ei.phncdn.com/videos/202412/04/461406141/original/(m=eaf8GgaaaWavb)(mh=0zfiAmQ7A_M8wmHR)6.jpg;https://ei.phncdn.com/videos/202412/04/461406141/original/(m=eaf8GgaaaWavb)(mh=0zfiAmQ7A_M8wmHR)7.jpg;https://ei.phncdn.com/videos/202412/04/461406141/original/(m=eaf8GgaaaWavb)(mh=0zfiAmQ7A_M8wmHR)8.jpg;https://ei.phncdn.com/videos/202412/04/461406141/original/(m=eaf8GgaaaWavb)(mh=0zfiAmQ7A_M8wmHR)9.jpg;https://ei.phncdn.com/videos/202412/04/461406141/original/(m=eaf8GgaaaWavb)(mh=0zfiAmQ7A_M8wmHR)10.jpg;https://ei.phncdn.com/videos/202412/04/461406141/original/(m=eaf8GgaaaWavb)(mh=0zfiAmQ7A_M8wmHR)11.jpg;https://ei.phncdn.com/videos/202412/04/461406141/original/(m=eaf8GgaaaWavb)(mh=0zfiAmQ7A_M8wmHR)12.jpg;https://ei.phncdn.com/videos/202412/04/461406141/original/(m=eaf8GgaaaWavb)(mh=0zfiAmQ7A_M8wmHR)13.jpg;https://ei.phncdn.com/videos/202412/04/461406141/original/(m=eaf8GgaaaWavb)(mh=0zfiAmQ7A_M8wmHR)14.jpg;https://ei.phncdn.com/videos/202412/04/461406141/original/(m=eaf8GgaaaWavb)(mh=0zfiAmQ7A_M8wmHR)15.jpg;https://ei.phncdn.com/videos/202412/04/461406141/original/(m=eaf8GgaaaWavb)(mh=0zfiAmQ7A_M8wmHR)16.jpg|Cleaning Up the Kitchen with BODY ART|beautiful-body;perfect-body|Music;Verified Amateurs;Cosplay;Solo Female||91|3204|17|2|https://ei.phncdn.com/videos/202412/04/461406141/original/(m=eaAaGwObaaamqv)(mh=FsxkRm2HClkvA7ki)7.jpg|https://ei.phncdn.com/videos/202412/04/461406141/original/(m=eaAaGwObaaamqv)(mh=FsxkRm2HClkvA7ki)1.jpg;https://ei.phncdn.com/videos/202412/04/461406141/original/(m=eaAaGwObaaamqv)(mh=FsxkRm2HClkvA7ki)2.jpg;https://ei.phncdn.com/videos/202412/04/461406141/original/(m=eaAaGwObaaamqv)(mh=FsxkRm2HClkvA7ki)3.jpg;https://ei.phncdn.com/videos/202412/04/461406141/original/(m=eaAaGwObaaamqv)(mh=FsxkRm2HClkvA7ki)4.jpg;https://ei.phncdn.com/videos/202412/04/461406141/original/(m=eaAaGwObaaamqv)(mh=FsxkRm2HClkvA7ki)5.jpg;https://ei.phncdn.com/videos/202412/04/461406141/original/(m=eaAaGwObaaamqv)(mh=FsxkRm2HClkvA7ki)6.jpg;https://ei.phncdn.com/videos/202412/04/461406141/original/(m=eaAaGwObaaamqv)(mh=FsxkRm2HClkvA7ki)7.jpg;https://ei.phncdn.com/videos/202412/04/461406141/original/(m=eaAaGwObaaamqv)(mh=FsxkRm2HClkvA7ki)8.jpg;https://ei.phncdn.com/videos/202412/04/461406141/original/(m=eaAaGwObaaamqv)(mh=FsxkRm2HClkvA7ki)9.jpg;https://ei.phncdn.com/videos/202412/04/461406141/original/(m=eaAaGwObaaamqv)(mh=FsxkRm2HClkvA7ki)10.jpg;https://ei.phncdn.com/videos/202412/04/461406141/original/(m=eaAaGwObaaamqv)(mh=FsxkRm2HClkvA7ki)11.jpg;https://ei.phncdn.com/videos/202412/04/461406141/original/(m=eaAaGwObaaamqv)(mh=FsxkRm2HClkvA7ki)12.jpg;https://ei.phncdn.com/videos/202412/04/461406141/original/(m=eaAaGwObaaamqv)(mh=FsxkRm2HClkvA7ki)13.jpg;https://ei.phncdn.com/videos/202412/04/461406141/original/(m=eaAaGwObaaamqv)(mh=FsxkRm2HClkvA7ki)14.jpg;https://ei.phncdn.com/videos/202412/04/461406141/original/(m=eaAaGwObaaamqv)(mh=FsxkRm2HClkvA7ki)15.jpg;https://ei.phncdn.com/videos/202412/04/461406141/original/(m=eaAaGwObaaamqv)(mh=FsxkRm2HClkvA7ki)16.jpg
<iframe src="https://www.pornhub.com/embed/6783c7375c60d" frameborder="0" height="481" width="608" scrolling="no"></iframe>|https://ei.phncdn.com/videos/202501/12/463085631/original/(m=eaf8GgaaaWavb)(mh=GY1LRE70G3n5aAxG)14.jpg|https://ei.phncdn.com/videos/202501/12/463085631/original/(m=eaf8GgaaaWavb)(mh=GY1LRE70G3n5aAxG)1.jpg;https://ei.phncdn.com/videos/202501/12/463085631/original/(m=eaf8GgaaaWavb)(mh=GY1LRE70G3n5aAxG)2.jpg;https://ei.phncdn.com/videos/202501/12/463085631/original/(m=eaf8GgaaaWavb)(mh=GY1LRE70G3n5aAxG)3.jpg;https://ei.phncdn.com/videos/202501/12/463085631/original/(m=eaf8GgaaaWavb)(mh=GY1LRE70G3n5aAxG)4.jpg;https://ei.phncdn.com/videos/202501/12/463085631/original/(m=eaf8GgaaaWavb)(mh=GY1LRE70G3n5aAxG)5.jpg;https://ei.phncdn.com/videos/202501/12/463085631/original/(m=eaf8GgaaaWavb)(mh=GY1LRE70G3n5aAxG)6.jpg;https://ei.phncdn.com/videos/202501/12/463085631/original/(m=eaf8GgaaaWavb)(mh=GY1LRE70G3n5aAxG)7.jpg;https://ei.phncdn.com/videos/202501/12/463085631/original/(m=eaf8GgaaaWavb)(mh=GY1LRE70G3n5aAxG)8.jpg;https://ei.phncdn.com/videos/202501/12/463085631/original/(m=eaf8GgaaaWavb)(mh=GY1LRE70G3n5aAxG)9.jpg;https://ei.phncdn.com/videos/202501/12/463085631/original/(m=eaf8GgaaaWavb)(mh=GY1LRE70G3n5aAxG)10.jpg;https://ei.phncdn.com/videos/202501/12/463085631/original/(m=eaf8GgaaaWavb)(mh=GY1LRE70G3n5aAxG)11.jpg;https://ei.phncdn.com/videos/202501/12/463085631/original/(m=eaf8GgaaaWavb)(mh=GY1LRE70G3n5aAxG)12.jpg;https://ei.phncdn.com/videos/202501/12/463085631/original/(m=eaf8GgaaaWavb)(mh=GY1LRE70G3n5aAxG)13.jpg;https://ei.phncdn.com/videos/202501/12/463085631/original/(m=eaf8GgaaaWavb)(mh=GY1LRE70G3n5aAxG)14.jpg;https://ei.phncdn.com/videos/202501/12/463085631/original/(m=eaf8GgaaaWavb)(mh=GY1LRE70G3n5aAxG)15.jpg;https://ei.phncdn.com/videos/202501/12/463085631/original/(m=eaf8GgaaaWavb)(mh=GY1LRE70G3n5aAxG)16.jpg|Dj Caraso Alien on the road|hermanastra;jerk-off;jerk-off-instruction;anal;amateur-threesome;anal-creampie;asian-big-tits;big-ass;big-ass-latina;big-boobs;big-cock;big-natural-tits;big-dick;big-tits;sex-games;sex-toys|Music;Muscular Men||217|26|||https://ei.phncdn.com/videos/202501/12/463085631/original/(m=eaAaGwObaaamqv)(mh=MDV_zH9xUWaUUxul)14.jpg|https://ei.phncdn.com/videos/202501/12/463085631/original/(m=eaAaGwObaaamqv)(mh=MDV_zH9xUWaUUxul)1.jpg;https://ei.phncdn.com/videos/202501/12/463085631/original/(m=eaAaGwObaaamqv)(mh=MDV_zH9xUWaUUxul)2.jpg;https://ei.phncdn.com/videos/202501/12/463085631/original/(m=eaAaGwObaaamqv)(mh=MDV_zH9xUWaUUxul)3.jpg;https://ei.phncdn.com/videos/202501/12/463085631/original/(m=eaAaGwObaaamqv)(mh=MDV_zH9xUWaUUxul)4.jpg;https://ei.phncdn.com/videos/202501/12/463085631/original/(m=eaAaGwObaaamqv)(mh=MDV_zH9xUWaUUxul)5.jpg;https://ei.phncdn.com/videos/202501/12/463085631/original/(m=eaAaGwObaaamqv)(mh=MDV_zH9xUWaUUxul)6.jpg;https://ei.phncdn.com/videos/202501/12/463085631/original/(m=eaAaGwObaaamqv)(mh=MDV_zH9xUWaUUxul)7.jpg;https://ei.phncdn.com/videos/202501/12/463085631/original/(m=eaAaGwObaaamqv)(mh=MDV_zH9xUWaUUxul)8.jpg;https://ei.phncdn.com/videos/202501/12/463085631/original/(m=eaAaGwObaaamqv)(mh=MDV_zH9xUWaUUxul)9.jpg;https://ei.phncdn.com/videos/202501/12/463085631/original/(m=eaAaGwObaaamqv)(mh=MDV_zH9xUWaUUxul)10.jpg;https://ei.phncdn.com/videos/202501/12/463085631/original/(m=eaAaGwObaaamqv)(mh=MDV_zH9xUWaUUxul)11.jpg;https://ei.phncdn.com/videos/202501/12/463085631/original/(m=eaAaGwObaaamqv)(mh=MDV_zH9xUWaUUxul)12.jpg;https://ei.phncdn.com/videos/202501/12/463085631/original/(m=eaAaGwObaaamqv)(mh=MDV_zH9xUWaUUxul)13.jpg;https://ei.phncdn.com/videos/202501/12/463085631/original/(m=eaAaGwObaaamqv)(mh=MDV_zH9xUWaUUxul)14.jpg;https://ei.phncdn.com/videos/202501/12/463085631/original/(m=eaAaGwObaaamqv)(mh=MDV_zH9xUWaUUxul)15.jpg;https://ei.phncdn.com/videos/202501/12/463085631/original/(m=eaAaGwObaaamqv)(mh=MDV_zH9xUWaUUxul)16.jpg
<iframe src="https://www.pornhub.com/embed/6783e18944f8a" frameborder="0" height="481" width="608" scrolling="no"></iframe>|https://ei.phncdn.com/videos/202501/12/463089991/original/(m=eaf8GgaaaWavb)(mh=ySDXjSWJhcY4R-BS)1.jpg|https://ei.phncdn.com/videos/202501/12/463089991/original/(m=eaf8GgaaaWavb)(mh=ySDXjSWJhcY4R-BS)1.jpg;https://ei.phncdn.com/videos/202501/12/463089991/original/(m=eaf8GgaaaWavb)(mh=ySDXjSWJhcY4R-BS)2.jpg;https://ei.phncdn.com/videos/202501/12/463089991/original/(m=eaf8GgaaaWavb)(mh=ySDXjSWJhcY4R-BS)3.jpg;https://ei.phncdn.com/videos/202501/12/463089991/original/(m=eaf8GgaaaWavb)(mh=ySDXjSWJhcY4R-BS)4.jpg;https://ei.phncdn.com/videos/202501/12/463089991/original/(m=eaf8GgaaaWavb)(mh=ySDXjSWJhcY4R-BS)5.jpg;https://ei.phncdn.com/videos/202501/12/463089991/original/(m=eaf8GgaaaWavb)(mh=ySDXjSWJhcY4R-BS)6.jpg;https://ei.phncdn.com/videos/202501/12/463089991/original/(m=eaf8GgaaaWavb)(mh=ySDXjSWJhcY4R-BS)7.jpg;https://ei.phncdn.com/videos/202501/12/463089991/original/(m=eaf8GgaaaWavb)(mh=ySDXjSWJhcY4R-BS)8.jpg;https://ei.phncdn.com/videos/202501/12/463089991/original/(m=eaf8GgaaaWavb)(mh=ySDXjSWJhcY4R-BS)9.jpg;https://ei.phncdn.com/videos/202501/12/463089991/original/(m=eaf8GgaaaWavb)(mh=ySDXjSWJhcY4R-BS)10.jpg;https://ei.phncdn.com/videos/202501/12/463089991/original/(m=eaf8GgaaaWavb)(mh=ySDXjSWJhcY4R-BS)11.jpg;https://ei.phncdn.com/videos/202501/12/463089991/original/(m=eaf8GgaaaWavb)(mh=ySDXjSWJhcY4R-BS)12.jpg;https://ei.phncdn.com/videos/202501/12/463089991/original/(m=eaf8GgaaaWavb)(mh=ySDXjSWJhcY4R-BS)13.jpg;https://ei.phncdn.com/videos/202501/12/463089991/original/(m=eaf8GgaaaWavb)(mh=ySDXjSWJhcY4R-BS)14.jpg;https://ei.phncdn.com/videos/202501/12/463089991/original/(m=eaf8GgaaaWavb)(mh=ySDXjSWJhcY4R-BS)15.jpg;https://ei.phncdn.com/videos/202501/12/463089991/original/(m=eaf8GgaaaWavb)(mh=ySDXjSWJhcY4R-BS)16.jpg|Dj Caraso Freak|caught-jerking-off;hermanastra;japanese;brazzers-step-mom;my-hot-stepmom;step-mom;step-mom-shares-bed;step-sis;step-daddy;stepdaughter;stepdad;stepdad-stepdaughter;amateur-anal;anal;anal-creampie;asian-anal|Music;Step Fantasy;Muscular Men||67|104|||https://ei.phncdn.com/videos/202501/12/463089991/original/(m=eaAaGwObaaamqv)(mh=ZPceLEIB7_Q_zUvz)1.jpg|https://ei.phncdn.com/videos/202501/12/463089991/original/(m=eaAaGwObaaamqv)(mh=ZPceLEIB7_Q_zUvz)1.jpg;https://ei.phncdn.com/videos/202501/12/463089991/original/(m=eaAaGwObaaamqv)(mh=ZPceLEIB7_Q_zUvz)2.jpg;https://ei.phncdn.com/videos/202501/12/463089991/original/(m=eaAaGwObaaamqv)(mh=ZPceLEIB7_Q_zUvz)3.jpg;https://ei.phncdn.com/videos/202501/12/463089991/original/(m=eaAaGwObaaamqv)(mh=ZPceLEIB7_Q_zUvz)4.jpg;https://ei.phncdn.com/videos/202501/12/463089991/original/(m=eaAaGwObaaamqv)(mh=ZPceLEIB7_Q_zUvz)5.jpg;https://ei.phncdn.com/videos/202501/12/463089991/original/(m=eaAaGwObaaamqv)(mh=ZPceLEIB7_Q_zUvz)6.jpg;https://ei.phncdn.com/videos/202501/12/463089991/original/(m=eaAaGwObaaamqv)(mh=ZPceLEIB7_Q_zUvz)7.jpg;https://ei.phncdn.com/videos/202501/12/463089991/original/(m=eaAaGwObaaamqv)(mh=ZPceLEIB7_Q_zUvz)8.jpg;https://ei.phncdn.com/videos/202501/12/463089991/original/(m=eaAaGwObaaamqv)(mh=ZPceLEIB7_Q_zUvz)9.jpg;https://ei.phncdn.com/videos/202501/12/463089991/original/(m=eaAaGwObaaamqv)(mh=ZPceLEIB7_Q_zUvz)10.jpg;https://ei.phncdn.com/videos/202501/12/463089991/original/(m=eaAaGwObaaamqv)(mh=ZPceLEIB7_Q_zUvz)11.jpg;https://ei.phncdn.com/videos/202501/12/463089991/original/(m=eaAaGwObaaamqv)(mh=ZPceLEIB7_Q_zUvz)12.jpg;https://ei.phncdn.com/videos/202501/12/463089991/original/(m=eaAaGwObaaamqv)(mh=ZPceLEIB7_Q_zUvz)13.jpg;https://ei.phncdn.com/videos/202501/12/463089991/original/(m=eaAaGwObaaamqv)(mh=ZPceLEIB7_Q_zUvz)14.jpg;https://ei.phncdn.com/videos/202501/12/463089991/original/(m=eaAaGwObaaamqv)(mh=ZPceLEIB7_Q_zUvz)15.jpg;https://ei.phncdn.com/videos/202501/12/463089991/original/(m=eaAaGwObaaamqv)(mh=ZPceLEIB7_Q_zUvz)16.jpg
<iframe src="https://www.pornhub.com/embed/6783e1f86e46d" frameborder="0" height="481" width="608" scrolling="no"></iframe>|https://ei.phncdn.com/videos/202501/12/463090071/original/(m=eaf8GgaaaWavb)(mh=XPM2eaiPReGGRWHX)2.jpg|https://ei.phncdn.com/videos/202501/12/463090071/original/(m=eaf8GgaaaWavb)(mh=XPM2eaiPReGGRWHX)1.jpg;https://ei.phncdn.com/videos/202501/12/463090071/original/(m=eaf8GgaaaWavb)(mh=XPM2eaiPReGGRWHX)2.jpg;https://ei.phncdn.com/videos/202501/12/463090071/original/(m=eaf8GgaaaWavb)(mh=XPM2eaiPReGGRWHX)3.jpg;https://ei.phncdn.com/videos/202501/12/463090071/original/(m=eaf8GgaaaWavb)(mh=XPM2eaiPReGGRWHX)4.jpg;https://ei.phncdn.com/videos/202501/12/463090071/original/(m=eaf8GgaaaWavb)(mh=XPM2eaiPReGGRWHX)5.jpg;https://ei.phncdn.com/videos/202501/12/463090071/original/(m=eaf8GgaaaWavb)(mh=XPM2eaiPReGGRWHX)6.jpg;https://ei.phncdn.com/videos/202501/12/463090071/original/(m=eaf8GgaaaWavb)(mh=XPM2eaiPReGGRWHX)7.jpg;https://ei.phncdn.com/videos/202501/12/463090071/original/(m=eaf8GgaaaWavb)(mh=XPM2eaiPReGGRWHX)8.jpg;https://ei.phncdn.com/videos/202501/12/463090071/original/(m=eaf8GgaaaWavb)(mh=XPM2eaiPReGGRWHX)9.jpg;https://ei.phncdn.com/videos/202501/12/463090071/original/(m=eaf8GgaaaWavb)(mh=XPM2eaiPReGGRWHX)10.jpg;https://ei.phncdn.com/videos/202501/12/463090071/original/(m=eaf8GgaaaWavb)(mh=XPM2eaiPReGGRWHX)11.jpg;https://ei.phncdn.com/videos/202501/12/463090071/original/(m=eaf8GgaaaWavb)(mh=XPM2eaiPReGGRWHX)12.jpg;https://ei.phncdn.com/videos/202501/12/463090071/original/(m=eaf8GgaaaWavb)(mh=XPM2eaiPReGGRWHX)13.jpg;https://ei.phncdn.com/videos/202501/12/463090071/original/(m=eaf8GgaaaWavb)(mh=XPM2eaiPReGGRWHX)14.jpg;https://ei.phncdn.com/videos/202501/12/463090071/original/(m=eaf8GgaaaWavb)(mh=XPM2eaiPReGGRWHX)15.jpg;https://ei.phncdn.com/videos/202501/12/463090071/original/(m=eaf8GgaaaWavb)(mh=XPM2eaiPReGGRWHX)16.jpg|Hocus Pocus 639 hz Positive energy|hermanastra;jerk-off;jerk-off-challenge;amateur-anal;anal;anal-creampie;compilation;cum-compilation;cum;blowjob-cum-in-mouth;cum-inside;cum-inside-pussy;big-dick-small-pussy;eating-pussy;hairy-pussy;perfect-pink-pussy|Music;Muscular Men||363|184|3|0|https://ei.phncdn.com/videos/202501/12/463090071/original/(m=eaAaGwObaaamqv)(mh=tMYvDACgYYVc6yWA)2.jpg|https://ei.phncdn.com/videos/202501/12/463090071/original/(m=eaAaGwObaaamqv)(mh=tMYvDACgYYVc6yWA)1.jpg;https://ei.phncdn.com/videos/202501/12/463090071/original/(m=eaAaGwObaaamqv)(mh=tMYvDACgYYVc6yWA)2.jpg;https://ei.phncdn.com/videos/202501/12/463090071/original/(m=eaAaGwObaaamqv)(mh=tMYvDACgYYVc6yWA)3.jpg;https://ei.phncdn.com/videos/202501/12/463090071/original/(m=eaAaGwObaaamqv)(mh=tMYvDACgYYVc6yWA)4.jpg;https://ei.phncdn.com/videos/202501/12/463090071/original/(m=eaAaGwObaaamqv)(mh=tMYvDACgYYVc6yWA)5.jpg;https://ei.phncdn.com/videos/202501/12/463090071/original/(m=eaAaGwObaaamqv)(mh=tMYvDACgYYVc6yWA)6.jpg;https://ei.phncdn.com/videos/202501/12/463090071/original/(m=eaAaGwObaaamqv)(mh=tMYvDACgYYVc6yWA)7.jpg;https://ei.phncdn.com/videos/202501/12/463090071/original/(m=eaAaGwObaaamqv)(mh=tMYvDACgYYVc6yWA)8.jpg;https://ei.phncdn.com/videos/202501/12/463090071/original/(m=eaAaGwObaaamqv)(mh=tMYvDACgYYVc6yWA)9.jpg;https://ei.phncdn.com/videos/202501/12/463090071/original/(m=eaAaGwObaaamqv)(mh=tMYvDACgYYVc6yWA)10.jpg;https://ei.phncdn.com/videos/202501/12/463090071/original/(m=eaAaGwObaaamqv)(mh=tMYvDACgYYVc6yWA)11.jpg;https://ei.phncdn.com/videos/202501/12/463090071/original/(m=eaAaGwObaaamqv)(mh=tMYvDACgYYVc6yWA)12.jpg;https://ei.phncdn.com/videos/202501/12/463090071/original/(m=eaAaGwObaaamqv)(mh=tMYvDACgYYVc6yWA)13.jpg;https://ei.phncdn.com/videos/202501/12/463090071/original/(m=eaAaGwObaaamqv)(mh=tMYvDACgYYVc6yWA)14.jpg;https://ei.phncdn.com/videos/202501/12/463090071/original/(m=eaAaGwObaaamqv)(mh=tMYvDACgYYVc6yWA)15.jpg;https://ei.phncdn.com/videos/202501/12/463090071/original/(m=eaAaGwObaaamqv)(mh=tMYvDACgYYVc6yWA)16.jpg
<iframe src="https://www.pornhub.com/embed/67e2428fb09cc" frameborder="0" height="481" width="608" scrolling="no"></iframe>|https://ei.phncdn.com/videos/202503/25/466281825/original/(m=eaf8GgaaaWavb)(mh=KHvz1N5-nqc3YmB0)1.jpg|https://ei.phncdn.com/videos/202503/25/466281825/original/(m=eaf8GgaaaWavb)(mh=KHvz1N5-nqc3YmB0)1.jpg;https://ei.phncdn.com/videos/202503/25/466281825/original/(m=eaf8GgaaaWavb)(mh=KHvz1N5-nqc3YmB0)2.jpg;https://ei.phncdn.com/videos/202503/25/466281825/original/(m=eaf8GgaaaWavb)(mh=KHvz1N5-nqc3YmB0)3.jpg;https://ei.phncdn.com/videos/202503/25/466281825/original/(m=eaf8GgaaaWavb)(mh=KHvz1N5-nqc3YmB0)4.jpg;https://ei.phncdn.com/videos/202503/25/466281825/original/(m=eaf8GgaaaWavb)(mh=KHvz1N5-nqc3YmB0)5.jpg;https://ei.phncdn.com/videos/202503/25/466281825/original/(m=eaf8GgaaaWavb)(mh=KHvz1N5-nqc3YmB0)6.jpg;https://ei.phncdn.com/videos/202503/25/466281825/original/(m=eaf8GgaaaWavb)(mh=KHvz1N5-nqc3YmB0)7.jpg;https://ei.phncdn.com/videos/202503/25/466281825/original/(m=eaf8GgaaaWavb)(mh=KHvz1N5-nqc3YmB0)8.jpg;https://ei.phncdn.com/videos/202503/25/466281825/original/(m=eaf8GgaaaWavb)(mh=KHvz1N5-nqc3YmB0)9.jpg;https://ei.phncdn.com/videos/202503/25/466281825/original/(m=eaf8GgaaaWavb)(mh=KHvz1N5-nqc3YmB0)10.jpg;https://ei.phncdn.com/videos/202503/25/466281825/original/(m=eaf8GgaaaWavb)(mh=KHvz1N5-nqc3YmB0)11.jpg;https://ei.phncdn.com/videos/202503/25/466281825/original/(m=eaf8GgaaaWavb)(mh=KHvz1N5-nqc3YmB0)12.jpg;https://ei.phncdn.com/videos/202503/25/466281825/original/(m=eaf8GgaaaWavb)(mh=KHvz1N5-nqc3YmB0)13.jpg;https://ei.phncdn.com/videos/202503/25/466281825/original/(m=eaf8GgaaaWavb)(mh=KHvz1N5-nqc3YmB0)14.jpg;https://ei.phncdn.com/videos/202503/25/466281825/original/(m=eaf8GgaaaWavb)(mh=KHvz1N5-nqc3YmB0)15.jpg;https://ei.phncdn.com/videos/202503/25/466281825/original/(m=eaf8GgaaaWavb)(mh=KHvz1N5-nqc3YmB0)16.jpg|Sombras que bailan Lo-fi|music;music-videos|Music;SFW||182|16|0|0|https://ei.phncdn.com/videos/202503/25/466281825/original/(m=eaAaGwObaaamqv)(mh=6RWAU-zKZZ14YbCS)1.jpg|https://ei.phncdn.com/videos/202503/25/466281825/original/(m=eaAaGwObaaamqv)(mh=6RWAU-zKZZ14YbCS)1.jpg;https://ei.phncdn.com/videos/202503/25/466281825/original/(m=eaAaGwObaaamqv)(mh=6RWAU-zKZZ14YbCS)2.jpg;https://ei.phncdn.com/videos/202503/25/466281825/original/(m=eaAaGwObaaamqv)(mh=6RWAU-zKZZ14YbCS)3.jpg;https://ei.phncdn.com/videos/202503/25/466281825/original/(m=eaAaGwObaaamqv)(mh=6RWAU-zKZZ14YbCS)4.jpg;https://ei.phncdn.com/videos/202503/25/466281825/original/(m=eaAaGwObaaamqv)(mh=6RWAU-zKZZ14YbCS)5.jpg;https://ei.phncdn.com/videos/202503/25/466281825/original/(m=eaAaGwObaaamqv)(mh=6RWAU-zKZZ14YbCS)6.jpg;https://ei.phncdn.com/videos/202503/25/466281825/original/(m=eaAaGwObaaamqv)(mh=6RWAU-zKZZ14YbCS)7.jpg;https://ei.phncdn.com/videos/202503/25/466281825/original/(m=eaAaGwObaaamqv)(mh=6RWAU-zKZZ14YbCS)8.jpg;https://ei.phncdn.com/videos/202503/25/466281825/original/(m=eaAaGwObaaamqv)(mh=6RWAU-zKZZ14YbCS)9.jpg;https://ei.phncdn.com/videos/202503/25/466281825/original/(m=eaAaGwObaaamqv)(mh=6RWAU-zKZZ14YbCS)10.jpg;https://ei.phncdn.com/videos/202503/25/466281825/original/(m=eaAaGwObaaamqv)(mh=6RWAU-zKZZ14YbCS)11.jpg;https://ei.phncdn.com/videos/202503/25/466281825/original/(m=eaAaGwObaaamqv)(mh=6RWAU-zKZZ14YbCS)12.jpg;https://ei.phncdn.com/videos/202503/25/466281825/original/(m=eaAaGwObaaamqv)(mh=6RWAU-zKZZ14YbCS)13.jpg;https://ei.phncdn.com/videos/202503/25/466281825/original/(m=eaAaGwObaaamqv)(mh=6RWAU-zKZZ14YbCS)14.jpg;https://ei.phncdn.com/videos/202503/25/466281825/original/(m=eaAaGwObaaamqv)(mh=6RWAU-zKZZ14YbCS)15.jpg;https://ei.phncdn.com/videos/202503/25/466281825/original/(m=eaAaGwObaaamqv)(mh=6RWAU-zKZZ14YbCS)16.jpg
<iframe src="https://www.pornhub.com/embed/67e6408b6bf4d" frameborder="0" height="481" width="608" scrolling="no"></iframe>|https://ei.phncdn.com/videos/202503/28/466434595/original/(m=eaf8GgaaaWavb)(mh=O2ZjMxgC8fnNPRe1)13.jpg|https://ei.phncdn.com/videos/202503/28/466434595/original/(m=eaf8GgaaaWavb)(mh=O2ZjMxgC8fnNPRe1)1.jpg;https://ei.phncdn.com/videos/202503/28/466434595/original/(m=eaf8GgaaaWavb)(mh=O2ZjMxgC8fnNPRe1)2.jpg;https://ei.phncdn.com/videos/202503/28/466434595/original/(m=eaf8GgaaaWavb)(mh=O2ZjMxgC8fnNPRe1)3.jpg;https://ei.phncdn.com/videos/202503/28/466434595/original/(m=eaf8GgaaaWavb)(mh=O2ZjMxgC8fnNPRe1)4.jpg;https://ei.phncdn.com/videos/202503/28/466434595/original/(m=eaf8GgaaaWavb)(mh=O2ZjMxgC8fnNPRe1)5.jpg;https://ei.phncdn.com/videos/202503/28/466434595/original/(m=eaf8GgaaaWavb)(mh=O2ZjMxgC8fnNPRe1)6.jpg;https://ei.phncdn.com/videos/202503/28/466434595/original/(m=eaf8GgaaaWavb)(mh=O2ZjMxgC8fnNPRe1)7.jpg;https://ei.phncdn.com/videos/202503/28/466434595/original/(m=eaf8GgaaaWavb)(mh=O2ZjMxgC8fnNPRe1)8.jpg;https://ei.phncdn.com/videos/202503/28/466434595/original/(m=eaf8GgaaaWavb)(mh=O2ZjMxgC8fnNPRe1)9.jpg;https://ei.phncdn.com/videos/202503/28/466434595/original/(m=eaf8GgaaaWavb)(mh=O2ZjMxgC8fnNPRe1)10.jpg;https://ei.phncdn.com/videos/202503/28/466434595/original/(m=eaf8GgaaaWavb)(mh=O2ZjMxgC8fnNPRe1)11.jpg;https://ei.phncdn.com/videos/202503/28/466434595/original/(m=eaf8GgaaaWavb)(mh=O2ZjMxgC8fnNPRe1)12.jpg;https://ei.phncdn.com/videos/202503/28/466434595/original/(m=eaf8GgaaaWavb)(mh=O2ZjMxgC8fnNPRe1)13.jpg;https://ei.phncdn.com/videos/202503/28/466434595/original/(m=eaf8GgaaaWavb)(mh=O2ZjMxgC8fnNPRe1)14.jpg;https://ei.phncdn.com/videos/202503/28/466434595/original/(m=eaf8GgaaaWavb)(mh=O2ZjMxgC8fnNPRe1)15.jpg;https://ei.phncdn.com/videos/202503/28/466434595/original/(m=eaf8GgaaaWavb)(mh=O2ZjMxgC8fnNPRe1)16.jpg|What you realize|live;happy-ending-massage|Music;Parody;Vertical Video||67|26|||https://ei.phncdn.com/videos/202503/28/466434595/original/(m=eaAaGwObaaamqv)(mh=siIoDgtoLl9ZCxOi)13.jpg|https://ei.phncdn.com/videos/202503/28/466434595/original/(m=eaAaGwObaaamqv)(mh=siIoDgtoLl9ZCxOi)1.jpg;https://ei.phncdn.com/videos/202503/28/466434595/original/(m=eaAaGwObaaamqv)(mh=siIoDgtoLl9ZCxOi)2.jpg;https://ei.phncdn.com/videos/202503/28/466434595/original/(m=eaAaGwObaaamqv)(mh=siIoDgtoLl9ZCxOi)3.jpg;https://ei.phncdn.com/videos/202503/28/466434595/original/(m=eaAaGwObaaamqv)(mh=siIoDgtoLl9ZCxOi)4.jpg;https://ei.phncdn.com/videos/202503/28/466434595/original/(m=eaAaGwObaaamqv)(mh=siIoDgtoLl9ZCxOi)5.jpg;https://ei.phncdn.com/videos/202503/28/466434595/original/(m=eaAaGwObaaamqv)(mh=siIoDgtoLl9ZCxOi)6.jpg;https://ei.phncdn.com/videos/202503/28/466434595/original/(m=eaAaGwObaaamqv)(mh=siIoDgtoLl9ZCxOi)7.jpg;https://ei.phncdn.com/videos/202503/28/466434595/original/(m=eaAaGwObaaamqv)(mh=siIoDgtoLl9ZCxOi)8.jpg;https://ei.phncdn.com/videos/202503/28/466434595/original/(m=eaAaGwObaaamqv)(mh=siIoDgtoLl9ZCxOi)9.jpg;https://ei.phncdn.com/videos/202503/28/466434595/original/(m=eaAaGwObaaamqv)(mh=siIoDgtoLl9ZCxOi)10.jpg;https://ei.phncdn.com/videos/202503/28/466434595/original/(m=eaAaGwObaaamqv)(mh=siIoDgtoLl9ZCxOi)11.jpg;https://ei.phncdn.com/videos/202503/28/466434595/original/(m=eaAaGwObaaamqv)(mh=siIoDgtoLl9ZCxOi)12.jpg;https://ei.phncdn.com/videos/202503/28/466434595/original/(m=eaAaGwObaaamqv)(mh=siIoDgtoLl9ZCxOi)13.jpg;https://ei.phncdn.com/videos/202503/28/466434595/original/(m=eaAaGwObaaamqv)(mh=siIoDgtoLl9ZCxOi)14.jpg;https://ei.phncdn.com/videos/202503/28/466434595/original/(m=eaAaGwObaaamqv)(mh=siIoDgtoLl9ZCxOi)15.jpg;https://ei.phncdn.com/videos/202503/28/466434595/original/(m=eaAaGwObaaamqv)(mh=siIoDgtoLl9ZCxOi)16.jpg
<iframe src="https://www.pornhub.com/embed/68aefb6878196" frameborder="0" height="481" width="608" scrolling="no"></iframe>|https://ei.phncdn.com/videos/202508/27/20634945/original/(m=eaf8GgaaaWavb)(mh=3HshMjj_yPRiT8Jm)1.jpg|https://ei.phncdn.com/videos/202508/27/20634945/original/(m=eaf8GgaaaWavb)(mh=3HshMjj_yPRiT8Jm)1.jpg;https://ei.phncdn.com/videos/202508/27/20634945/original/(m=eaf8GgaaaWavb)(mh=3HshMjj_yPRiT8Jm)2.jpg;https://ei.phncdn.com/videos/202508/27/20634945/original/(m=eaf8GgaaaWavb)(mh=3HshMjj_yPRiT8Jm)3.jpg;https://ei.phncdn.com/videos/202508/27/20634945/original/(m=eaf8GgaaaWavb)(mh=3HshMjj_yPRiT8Jm)4.jpg;https://ei.phncdn.com/videos/202508/27/20634945/original/(m=eaf8GgaaaWavb)(mh=3HshMjj_yPRiT8Jm)5.jpg;https://ei.phncdn.com/videos/202508/27/20634945/original/(m=eaf8GgaaaWavb)(mh=3HshMjj_yPRiT8Jm)6.jpg;https://ei.phncdn.com/videos/202508/27/20634945/original/(m=eaf8GgaaaWavb)(mh=3HshMjj_yPRiT8Jm)7.jpg;https://ei.phncdn.com/videos/202508/27/20634945/original/(m=eaf8GgaaaWavb)(mh=3HshMjj_yPRiT8Jm)8.jpg;https://ei.phncdn.com/videos/202508/27/20634945/original/(m=eaf8GgaaaWavb)(mh=3HshMjj_yPRiT8Jm)9.jpg;https://ei.phncdn.com/videos/202508/27/20634945/original/(m=eaf8GgaaaWavb)(mh=3HshMjj_yPRiT8Jm)10.jpg;https://ei.phncdn.com/videos/202508/27/20634945/original/(m=eaf8GgaaaWavb)(mh=3HshMjj_yPRiT8Jm)11.jpg;https://ei.phncdn.com/videos/202508/27/20634945/original/(m=eaf8GgaaaWavb)(mh=3HshMjj_yPRiT8Jm)12.jpg;https://ei.phncdn.com/videos/202508/27/20634945/original/(m=eaf8GgaaaWavb)(mh=3HshMjj_yPRiT8Jm)13.jpg;https://ei.phncdn.com/videos/202508/27/20634945/original/(m=eaf8GgaaaWavb)(mh=3HshMjj_yPRiT8Jm)14.jpg;https://ei.phncdn.com/videos/202508/27/20634945/original/(m=eaf8GgaaaWavb)(mh=3HshMjj_yPRiT8Jm)15.jpg;https://ei.phncdn.com/videos/202508/27/20634945/original/(m=eaf8GgaaaWavb)(mh=3HshMjj_yPRiT8Jm)16.jpg|Porn Music GO DOWN Video For PornHub|pornhub-music;music;porn-music;music-porn;solo-female;ebony;song;music-video;porn-music-video;music-video-porn;cartoon;toon;hentai;japan|Music;Verified Amateurs;Podcast;Reaction||507|113|||https://ei.phncdn.com/videos/202508/27/20634945/original/(m=eaAaGwObaaamqv)(mh=yjPzYMMODzsQwZ8D)1.jpg|https://ei.phncdn.com/videos/202508/27/20634945/original/(m=eaAaGwObaaamqv)(mh=yjPzYMMODzsQwZ8D)1.jpg;https://ei.phncdn.com/videos/202508/27/20634945/original/(m=eaAaGwObaaamqv)(mh=yjPzYMMODzsQwZ8D)2.jpg;https://ei.phncdn.com/videos/202508/27/20634945/original/(m=eaAaGwObaaamqv)(mh=yjPzYMMODzsQwZ8D)3.jpg;https://ei.phncdn.com/videos/202508/27/20634945/original/(m=eaAaGwObaaamqv)(mh=yjPzYMMODzsQwZ8D)4.jpg;https://ei.phncdn.com/videos/202508/27/20634945/original/(m=eaAaGwObaaamqv)(mh=yjPzYMMODzsQwZ8D)5.jpg;https://ei.phncdn.com/videos/202508/27/20634945/original/(m=eaAaGwObaaamqv)(mh=yjPzYMMODzsQwZ8D)6.jpg;https://ei.phncdn.com/videos/202508/27/20634945/original/(m=eaAaGwObaaamqv)(mh=yjPzYMMODzsQwZ8D)7.jpg;https://ei.phncdn.com/videos/202508/27/20634945/original/(m=eaAaGwObaaamqv)(mh=yjPzYMMODzsQwZ8D)8.jpg;https://ei.phncdn.com/videos/202508/27/20634945/original/(m=eaAaGwObaaamqv)(mh=yjPzYMMODzsQwZ8D)9.jpg;https://ei.phncdn.com/videos/202508/27/20634945/original/(m=eaAaGwObaaamqv)(mh=yjPzYMMODzsQwZ8D)10.jpg;https://ei.phncdn.com/videos/202508/27/20634945/original/(m=eaAaGwObaaamqv)(mh=yjPzYMMODzsQwZ8D)11.jpg;https://ei.phncdn.com/videos/202508/27/20634945/original/(m=eaAaGwObaaamqv)(mh=yjPzYMMODzsQwZ8D)12.jpg;https://ei.phncdn.com/videos/202508/27/20634945/original/(m=eaAaGwObaaamqv)(mh=yjPzYMMODzsQwZ8D)13.jpg;https://ei.phncdn.com/videos/202508/27/20634945/original/(m=eaAaGwObaaamqv)(mh=yjPzYMMODzsQwZ8D)14.jpg;https://ei.phncdn.com/videos/202508/27/20634945/original/(m=eaAaGwObaaamqv)(mh=yjPzYMMODzsQwZ8D)15.jpg;https://ei.phncdn.com/videos/202508/27/20634945/original/(m=eaAaGwObaaamqv)(mh=yjPzYMMODzsQwZ8D)16.jpg
<iframe src="https://www.pornhub.com/embed/690b2efd8a2e0" frameborder="0" height="481" width="608" scrolling="no"></iframe>|https://ei.phncdn.com/videos/202511/05/28733005/original/(m=eaf8GgaaaWavb)(mh=O7WAbeCLED6H2Ct9)12.jpg|https://ei.phncdn.com/videos/202511/05/28733005/original/(m=eaf8GgaaaWavb)(mh=O7WAbeCLED6H2Ct9)1.jpg;https://ei.phncdn.com/videos/202511/05/28733005/original/(m=eaf8GgaaaWavb)(mh=O7WAbeCLED6H2Ct9)2.jpg;https://ei.phncdn.com/videos/202511/05/28733005/original/(m=eaf8GgaaaWavb)(mh=O7WAbeCLED6H2Ct9)3.jpg;https://ei.phncdn.com/videos/202511/05/28733005/original/(m=eaf8GgaaaWavb)(mh=O7WAbeCLED6H2Ct9)4.jpg;https://ei.phncdn.com/videos/202511/05/28733005/original/(m=eaf8GgaaaWavb)(mh=O7WAbeCLED6H2Ct9)5.jpg;https://ei.phncdn.com/videos/202511/05/28733005/original/(m=eaf8GgaaaWavb)(mh=O7WAbeCLED6H2Ct9)6.jpg;https://ei.phncdn.com/videos/202511/05/28733005/original/(m=eaf8GgaaaWavb)(mh=O7WAbeCLED6H2Ct9)7.jpg;https://ei.phncdn.com/videos/202511/05/28733005/original/(m=eaf8GgaaaWavb)(mh=O7WAbeCLED6H2Ct9)8.jpg;https://ei.phncdn.com/videos/202511/05/28733005/original/(m=eaf8GgaaaWavb)(mh=O7WAbeCLED6H2Ct9)9.jpg;https://ei.phncdn.com/videos/202511/05/28733005/original/(m=eaf8GgaaaWavb)(mh=O7WAbeCLED6H2Ct9)10.jpg;https://ei.phncdn.com/videos/202511/05/28733005/original/(m=eaf8GgaaaWavb)(mh=O7WAbeCLED6H2Ct9)11.jpg;https://ei.phncdn.com/videos/202511/05/28733005/original/(m=eaf8GgaaaWavb)(mh=O7WAbeCLED6H2Ct9)12.jpg;https://ei.phncdn.com/videos/202511/05/28733005/original/(m=eaf8GgaaaWavb)(mh=O7WAbeCLED6H2Ct9)13.jpg;https://ei.phncdn.com/videos/202511/05/28733005/original/(m=eaf8GgaaaWavb)(mh=O7WAbeCLED6H2Ct9)14.jpg;https://ei.phncdn.com/videos/202511/05/28733005/original/(m=eaf8GgaaaWavb)(mh=O7WAbeCLED6H2Ct9)15.jpg;https://ei.phncdn.com/videos/202511/05/28733005/original/(m=eaf8GgaaaWavb)(mh=O7WAbeCLED6H2Ct9)16.jpg|bananoules PH TRY|fruit-fuck;fruit-roll-up|Music;Deepthroat||11|3|||https://ei.phncdn.com/videos/202511/05/28733005/original/(m=eaAaGwObaaamqv)(mh=ZEw5lxD2fxwe7xng)12.jpg|https://ei.phncdn.com/videos/202511/05/28733005/original/(m=eaAaGwObaaamqv)(mh=ZEw5lxD2fxwe7xng)1.jpg;https://ei.phncdn.com/videos/202511/05/28733005/original/(m=eaAaGwObaaamqv)(mh=ZEw5lxD2fxwe7xng)2.jpg;https://ei.phncdn.com/videos/202511/05/28733005/original/(m=eaAaGwObaaamqv)(mh=ZEw5lxD2fxwe7xng)3.jpg;https://ei.phncdn.com/videos/202511/05/28733005/original/(m=eaAaGwObaaamqv)(mh=ZEw5lxD2fxwe7xng)4.jpg;https://ei.phncdn.com/videos/202511/05/28733005/original/(m=eaAaGwObaaamqv)(mh=ZEw5lxD2fxwe7xng)5.jpg;https://ei.phncdn.com/videos/202511/05/28733005/original/(m=eaAaGwObaaamqv)(mh=ZEw5lxD2fxwe7xng)6.jpg;https://ei.phncdn.com/videos/202511/05/28733005/original/(m=eaAaGwObaaamqv)(mh=ZEw5lxD2fxwe7xng)7.jpg;https://ei.phncdn.com/videos/202511/05/28733005/original/(m=eaAaGwObaaamqv)(mh=ZEw5lxD2fxwe7xng)8.jpg;https://ei.phncdn.com/videos/202511/05/28733005/original/(m=eaAaGwObaaamqv)(mh=ZEw5lxD2fxwe7xng)9.jpg;https://ei.phncdn.com/videos/202511/05/28733005/original/(m=eaAaGwObaaamqv)(mh=ZEw5lxD2fxwe7xng)10.jpg;https://ei.phncdn.com/videos/202511/05/28733005/original/(m=eaAaGwObaaamqv)(mh=ZEw5lxD2fxwe7xng)11.jpg;https://ei.phncdn.com/videos/202511/05/28733005/original/(m=eaAaGwObaaamqv)(mh=ZEw5lxD2fxwe7xng)12.jpg;https://ei.phncdn.com/videos/202511/05/28733005/original/(m=eaAaGwObaaamqv)(mh=ZEw5lxD2fxwe7xng)13.jpg;https://ei.phncdn.com/videos/202511/05/28733005/original/(m=eaAaGwObaaamqv)(mh=ZEw5lxD2fxwe7xng)14.jpg;https://ei.phncdn.com/videos/202511/05/28733005/original/(m=eaAaGwObaaamqv)(mh=ZEw5lxD2fxwe7xng)15.jpg;https://ei.phncdn.com/videos/202511/05/28733005/original/(m=eaAaGwObaaamqv)(mh=ZEw5lxD2fxwe7xng)16.jpg
<iframe src="https://www.pornhub.com/embed/6951488e1ca5c" frameborder="0" height="481" width="608" scrolling="no"></iframe>|https://ei.phncdn.com/videos/202512/28/34090355/original/(m=eaf8GgaaaWavb)(mh=QR44YVTx_P2B1cLU)16.jpg|https://ei.phncdn.com/videos/202512/28/34090355/original/(m=eaf8GgaaaWavb)(mh=QR44YVTx_P2B1cLU)1.jpg;https://ei.phncdn.com/videos/202512/28/34090355/original/(m=eaf8GgaaaWavb)(mh=QR44YVTx_P2B1cLU)2.jpg;https://ei.phncdn.com/videos/202512/28/34090355/original/(m=eaf8GgaaaWavb)(mh=QR44YVTx_P2B1cLU)3.jpg;https://ei.phncdn.com/videos/202512/28/34090355/original/(m=eaf8GgaaaWavb)(mh=QR44YVTx_P2B1cLU)4.jpg;https://ei.phncdn.com/videos/202512/28/34090355/original/(m=eaf8GgaaaWavb)(mh=QR44YVTx_P2B1cLU)5.jpg;https://ei.phncdn.com/videos/202512/28/34090355/original/(m=eaf8GgaaaWavb)(mh=QR44YVTx_P2B1cLU)6.jpg;https://ei.phncdn.com/videos/202512/28/34090355/original/(m=eaf8GgaaaWavb)(mh=QR44YVTx_P2B1cLU)7.jpg;https://ei.phncdn.com/videos/202512/28/34090355/original/(m=eaf8GgaaaWavb)(mh=QR44YVTx_P2B1cLU)8.jpg;https://ei.phncdn.com/videos/202512/28/34090355/original/(m=eaf8GgaaaWavb)(mh=QR44YVTx_P2B1cLU)9.jpg;https://ei.phncdn.com/videos/202512/28/34090355/original/(m=eaf8GgaaaWavb)(mh=QR44YVTx_P2B1cLU)10.jpg;https://ei.phncdn.com/videos/202512/28/34090355/original/(m=eaf8GgaaaWavb)(mh=QR44YVTx_P2B1cLU)11.jpg;https://ei.phncdn.com/videos/202512/28/34090355/original/(m=eaf8GgaaaWavb)(mh=QR44YVTx_P2B1cLU)12.jpg;https://ei.phncdn.com/videos/202512/28/34090355/original/(m=eaf8GgaaaWavb)(mh=QR44YVTx_P2B1cLU)13.jpg;https://ei.phncdn.com/videos/202512/28/34090355/original/(m=eaf8GgaaaWavb)(mh=QR44YVTx_P2B1cLU)14.jpg;https://ei.phncdn.com/videos/202512/28/34090355/original/(m=eaf8GgaaaWavb)(mh=QR44YVTx_P2B1cLU)15.jpg;https://ei.phncdn.com/videos/202512/28/34090355/original/(m=eaf8GgaaaWavb)(mh=QR44YVTx_P2B1cLU)16.jpg|Wyld Yasmin Dancing and Flashing Herself in Public|wyld-yasmin;dancing;public;public-flash;public-flashing;flashing-pussy;flashing-tits;ass-flashing;sexy-dance;pretty-face;booty-shake;twerk;walking;beautiful-girl;hot-body;hot-girl|Music;Verified Amateurs;Solo Female||190|1042|4|1|https://ei.phncdn.com/videos/202512/28/34090355/original/(m=eaAaGwObaaamqv)(mh=t32zlT2wIwss9c7c)16.jpg|https://ei.phncdn.com/videos/202512/28/34090355/original/(m=eaAaGwObaaamqv)(mh=t32zlT2wIwss9c7c)1.jpg;https://ei.phncdn.com/videos/202512/28/34090355/original/(m=eaAaGwObaaamqv)(mh=t32zlT2wIwss9c7c)2.jpg;https://ei.phncdn.com/videos/202512/28/34090355/original/(m=eaAaGwObaaamqv)(mh=t32zlT2wIwss9c7c)3.jpg;https://ei.phncdn.com/videos/202512/28/34090355/original/(m=eaAaGwObaaamqv)(mh=t32zlT2wIwss9c7c)4.jpg;https://ei.phncdn.com/videos/202512/28/34090355/original/(m=eaAaGwObaaamqv)(mh=t32zlT2wIwss9c7c)5.jpg;https://ei.phncdn.com/videos/202512/28/34090355/original/(m=eaAaGwObaaamqv)(mh=t32zlT2wIwss9c7c)6.jpg;https://ei.phncdn.com/videos/202512/28/34090355/original/(m=eaAaGwObaaamqv)(mh=t32zlT2wIwss9c7c)7.jpg;https://ei.phncdn.com/videos/202512/28/34090355/original/(m=eaAaGwObaaamqv)(mh=t32zlT2wIwss9c7c)8.jpg;https://ei.phncdn.com/videos/202512/28/34090355/original/(m=eaAaGwObaaamqv)(mh=t32zlT2wIwss9c7c)9.jpg;https://ei.phncdn.com/videos/202512/28/34090355/original/(m=eaAaGwObaaamqv)(mh=t32zlT2wIwss9c7c)10.jpg;https://ei.phncdn.com/videos/202512/28/34090355/original/(m=eaAaGwObaaamqv)(mh=t32zlT2wIwss9c7c)11.jpg;https://ei.phncdn.com/videos/202512/28/34090355/original/(m=eaAaGwObaaamqv)(mh=t32zlT2wIwss9c7c)12.jpg;https://ei.phncdn.com/videos/202512/28/34090355/original/(m=eaAaGwObaaamqv)(mh=t32zlT2wIwss9c7c)13.jpg;https://ei.phncdn.com/videos/202512/28/34090355/original/(m=eaAaGwObaaamqv)(mh=t32zlT2wIwss9c7c)14.jpg;https://ei.phncdn.com/videos/202512/28/34090355/original/(m=eaAaGwObaaamqv)(mh=t32zlT2wIwss9c7c)15.jpg;https://ei.phncdn.com/videos/202512/28/34090355/original/(m=eaAaGwObaaamqv)(mh=t32zlT2wIwss9c7c)16.jpg
<iframe src="https://www.pornhub.com/embed/69832b0142e68" frameborder="0" height="481" width="608" scrolling="no"></iframe>|https://ei.phncdn.com/videos/202602/04/38322685/original/(m=eaf8GgaaaWavb)(mh=akYmO-bSusb9uSF8)12.jpg|https://ei.phncdn.com/videos/202602/04/38322685/original/(m=eaf8GgaaaWavb)(mh=akYmO-bSusb9uSF8)1.jpg;https://ei.phncdn.com/videos/202602/04/38322685/original/(m=eaf8GgaaaWavb)(mh=akYmO-bSusb9uSF8)2.jpg;https://ei.phncdn.com/videos/202602/04/38322685/original/(m=eaf8GgaaaWavb)(mh=akYmO-bSusb9uSF8)3.jpg;https://ei.phncdn.com/videos/202602/04/38322685/original/(m=eaf8GgaaaWavb)(mh=akYmO-bSusb9uSF8)4.jpg;https://ei.phncdn.com/videos/202602/04/38322685/original/(m=eaf8GgaaaWavb)(mh=akYmO-bSusb9uSF8)5.jpg;https://ei.phncdn.com/videos/202602/04/38322685/original/(m=eaf8GgaaaWavb)(mh=akYmO-bSusb9uSF8)6.jpg;https://ei.phncdn.com/videos/202602/04/38322685/original/(m=eaf8GgaaaWavb)(mh=akYmO-bSusb9uSF8)7.jpg;https://ei.phncdn.com/videos/202602/04/38322685/original/(m=eaf8GgaaaWavb)(mh=akYmO-bSusb9uSF8)8.jpg;https://ei.phncdn.com/videos/202602/04/38322685/original/(m=eaf8GgaaaWavb)(mh=akYmO-bSusb9uSF8)9.jpg;https://ei.phncdn.com/videos/202602/04/38322685/original/(m=eaf8GgaaaWavb)(mh=akYmO-bSusb9uSF8)10.jpg;https://ei.phncdn.com/videos/202602/04/38322685/original/(m=eaf8GgaaaWavb)(mh=akYmO-bSusb9uSF8)11.jpg;https://ei.phncdn.com/videos/202602/04/38322685/original/(m=eaf8GgaaaWavb)(mh=akYmO-bSusb9uSF8)12.jpg;https://ei.phncdn.com/videos/202602/04/38322685/original/(m=eaf8GgaaaWavb)(mh=akYmO-bSusb9uSF8)13.jpg;https://ei.phncdn.com/videos/202602/04/38322685/original/(m=eaf8GgaaaWavb)(mh=akYmO-bSusb9uSF8)14.jpg;https://ei.phncdn.com/videos/202602/04/38322685/original/(m=eaf8GgaaaWavb)(mh=akYmO-bSusb9uSF8)15.jpg;https://ei.phncdn.com/videos/202602/04/38322685/original/(m=eaf8GgaaaWavb)(mh=akYmO-bSusb9uSF8)16.jpg|Beat Banger - Boykisser|beat-banger;gay-porn;gay-sex;boy-kisser;music;cum|Music;Gaming||125|41880|112|22|https://ei.phncdn.com/videos/202602/04/38322685/original/(m=eaAaGwObaaamqv)(mh=OFkSCd7Xn82Ew6oL)12.jpg|https://ei.phncdn.com/videos/202602/04/38322685/original/(m=eaAaGwObaaamqv)(mh=OFkSCd7Xn82Ew6oL)1.jpg;https://ei.phncdn.com/videos/202602/04/38322685/original/(m=eaAaGwObaaamqv)(mh=OFkSCd7Xn82Ew6oL)2.jpg;https://ei.phncdn.com/videos/202602/04/38322685/original/(m=eaAaGwObaaamqv)(mh=OFkSCd7Xn82Ew6oL)3.jpg;https://ei.phncdn.com/videos/202602/04/38322685/original/(m=eaAaGwObaaamqv)(mh=OFkSCd7Xn82Ew6oL)4.jpg;https://ei.phncdn.com/videos/202602/04/38322685/original/(m=eaAaGwObaaamqv)(mh=OFkSCd7Xn82Ew6oL)5.jpg;https://ei.phncdn.com/videos/202602/04/38322685/original/(m=eaAaGwObaaamqv)(mh=OFkSCd7Xn82Ew6oL)6.jpg;https://ei.phncdn.com/videos/202602/04/38322685/original/(m=eaAaGwObaaamqv)(mh=OFkSCd7Xn82Ew6oL)7.jpg;https://ei.phncdn.com/videos/202602/04/38322685/original/(m=eaAaGwObaaamqv)(mh=OFkSCd7Xn82Ew6oL)8.jpg;https://ei.phncdn.com/videos/202602/04/38322685/original/(m=eaAaGwObaaamqv)(mh=OFkSCd7Xn82Ew6oL)9.jpg;https://ei.phncdn.com/videos/202602/04/38322685/original/(m=eaAaGwObaaamqv)(mh=OFkSCd7Xn82Ew6oL)10.jpg;https://ei.phncdn.com/videos/202602/04/38322685/original/(m=eaAaGwObaaamqv)(mh=OFkSCd7Xn82Ew6oL)11.jpg;https://ei.phncdn.com/videos/202602/04/38322685/original/(m=eaAaGwObaaamqv)(mh=OFkSCd7Xn82Ew6oL)12.jpg;https://ei.phncdn.com/videos/202602/04/38322685/original/(m=eaAaGwObaaamqv)(mh=OFkSCd7Xn82Ew6oL)13.jpg;https://ei.phncdn.com/videos/202602/04/38322685/original/(m=eaAaGwObaaamqv)(mh=OFkSCd7Xn82Ew6oL)14.jpg;https://ei.phncdn.com/videos/202602/04/38322685/original/(m=eaAaGwObaaamqv)(mh=OFkSCd7Xn82Ew6oL)15.jpg;https://ei.phncdn.com/videos/202602/04/38322685/original/(m=eaAaGwObaaamqv)(mh=OFkSCd7Xn82Ew6oL)16.jpg
<iframe src="https://www.pornhub.com/embed/6984186c496b3" frameborder="0" height="481" width="608" scrolling="no"></iframe>|https://ei.phncdn.com/videos/202602/05/38394635/thumbs_10/(m=eaf8GgaaaWavb)(mh=f6kbYVH8mQ3hGbZ3)16.jpg|https://ei.phncdn.com/videos/202602/05/38394635/thumbs_10/(m=eaf8GgaaaWavb)(mh=f6kbYVH8mQ3hGbZ3)1.jpg;https://ei.phncdn.com/videos/202602/05/38394635/thumbs_10/(m=eaf8GgaaaWavb)(mh=f6kbYVH8mQ3hGbZ3)2.jpg;https://ei.phncdn.com/videos/202602/05/38394635/thumbs_10/(m=eaf8GgaaaWavb)(mh=f6kbYVH8mQ3hGbZ3)3.jpg;https://ei.phncdn.com/videos/202602/05/38394635/thumbs_10/(m=eaf8GgaaaWavb)(mh=f6kbYVH8mQ3hGbZ3)4.jpg;https://ei.phncdn.com/videos/202602/05/38394635/thumbs_10/(m=eaf8GgaaaWavb)(mh=f6kbYVH8mQ3hGbZ3)5.jpg;https://ei.phncdn.com/videos/202602/05/38394635/thumbs_10/(m=eaf8GgaaaWavb)(mh=f6kbYVH8mQ3hGbZ3)6.jpg;https://ei.phncdn.com/videos/202602/05/38394635/thumbs_10/(m=eaf8GgaaaWavb)(mh=f6kbYVH8mQ3hGbZ3)7.jpg;https://ei.phncdn.com/videos/202602/05/38394635/thumbs_10/(m=eaf8GgaaaWavb)(mh=f6kbYVH8mQ3hGbZ3)8.jpg;https://ei.phncdn.com/videos/202602/05/38394635/thumbs_10/(m=eaf8GgaaaWavb)(mh=f6kbYVH8mQ3hGbZ3)9.jpg;https://ei.phncdn.com/videos/202602/05/38394635/thumbs_10/(m=eaf8GgaaaWavb)(mh=f6kbYVH8mQ3hGbZ3)10.jpg;https://ei.phncdn.com/videos/202602/05/38394635/thumbs_10/(m=eaf8GgaaaWavb)(mh=f6kbYVH8mQ3hGbZ3)11.jpg;https://ei.phncdn.com/videos/202602/05/38394635/thumbs_10/(m=eaf8GgaaaWavb)(mh=f6kbYVH8mQ3hGbZ3)12.jpg;https://ei.phncdn.com/videos/202602/05/38394635/thumbs_10/(m=eaf8GgaaaWavb)(mh=f6kbYVH8mQ3hGbZ3)13.jpg;https://ei.phncdn.com/videos/202602/05/38394635/thumbs_10/(m=eaf8GgaaaWavb)(mh=f6kbYVH8mQ3hGbZ3)14.jpg;https://ei.phncdn.com/videos/202602/05/38394635/thumbs_10/(m=eaf8GgaaaWavb)(mh=f6kbYVH8mQ3hGbZ3)15.jpg;https://ei.phncdn.com/videos/202602/05/38394635/thumbs_10/(m=eaf8GgaaaWavb)(mh=f6kbYVH8mQ3hGbZ3)16.jpg|alone at home again , my ass is so hungry|ass-fuck;ass-worship;ass-worship-joi;adoracion-de-culo;adoracion;big-ass-milf;spit;dildo;ass-tease;mama;wife|Music;Verified Amateurs;Solo Female;Romantic||565|117|11|0|https://ei.phncdn.com/videos/202602/05/38394635/thumbs_10/(m=eaAaGwObaaamqv)(mh=iPvpMnma8ltd5Lan)16.jpg|https://ei.phncdn.com/videos/202602/05/38394635/thumbs_10/(m=eaAaGwObaaamqv)(mh=iPvpMnma8ltd5Lan)1.jpg;https://ei.phncdn.com/videos/202602/05/38394635/thumbs_10/(m=eaAaGwObaaamqv)(mh=iPvpMnma8ltd5Lan)2.jpg;https://ei.phncdn.com/videos/202602/05/38394635/thumbs_10/(m=eaAaGwObaaamqv)(mh=iPvpMnma8ltd5Lan)3.jpg;https://ei.phncdn.com/videos/202602/05/38394635/thumbs_10/(m=eaAaGwObaaamqv)(mh=iPvpMnma8ltd5Lan)4.jpg;https://ei.phncdn.com/videos/202602/05/38394635/thumbs_10/(m=eaAaGwObaaamqv)(mh=iPvpMnma8ltd5Lan)5.jpg;https://ei.phncdn.com/videos/202602/05/38394635/thumbs_10/(m=eaAaGwObaaamqv)(mh=iPvpMnma8ltd5Lan)6.jpg;https://ei.phncdn.com/videos/202602/05/38394635/thumbs_10/(m=eaAaGwObaaamqv)(mh=iPvpMnma8ltd5Lan)7.jpg;https://ei.phncdn.com/videos/202602/05/38394635/thumbs_10/(m=eaAaGwObaaamqv)(mh=iPvpMnma8ltd5Lan)8.jpg;https://ei.phncdn.com/videos/202602/05/38394635/thumbs_10/(m=eaAaGwObaaamqv)(mh=iPvpMnma8ltd5Lan)9.jpg;https://ei.phncdn.com/videos/202602/05/38394635/thumbs_10/(m=eaAaGwObaaamqv)(mh=iPvpMnma8ltd5Lan)10.jpg;https://ei.phncdn.com/videos/202602/05/38394635/thumbs_10/(m=eaAaGwObaaamqv)(mh=iPvpMnma8ltd5Lan)11.jpg;https://ei.phncdn.com/videos/202602/05/38394635/thumbs_10/(m=eaAaGwObaaamqv)(mh=iPvpMnma8ltd5Lan)12.jpg;https://ei.phncdn.com/videos/202602/05/38394635/thumbs_10/(m=eaAaGwObaaamqv)(mh=iPvpMnma8ltd5Lan)13.jpg;https://ei.phncdn.com/videos/202602/05/38394635/thumbs_10/(m=eaAaGwObaaamqv)(mh=iPvpMnma8ltd5Lan)14.jpg;https://ei.phncdn.com/videos/202602/05/38394635/thumbs_10/(m=eaAaGwObaaamqv)(mh=iPvpMnma8ltd5Lan)15.jpg;https://ei.phncdn.com/videos/202602/05/38394635/thumbs_10/(m=eaAaGwObaaamqv)(mh=iPvpMnma8ltd5Lan)16.jpg
<iframe src="https://www.pornhub.com/embed/69a0de2867c71" frameborder="0" height="481" width="608" scrolling="no"></iframe>|https://ei.phncdn.com/videos/202602/26/40578005/original/(m=eaf8GgaaaWavb)(mh=IlKHhjymUr675NL0)12.jpg|https://ei.phncdn.com/videos/202602/26/40578005/original/(m=eaf8GgaaaWavb)(mh=IlKHhjymUr675NL0)1.jpg;https://ei.phncdn.com/videos/202602/26/40578005/original/(m=eaf8GgaaaWavb)(mh=IlKHhjymUr675NL0)2.jpg;https://ei.phncdn.com/videos/202602/26/40578005/original/(m=eaf8GgaaaWavb)(mh=IlKHhjymUr675NL0)3.jpg;https://ei.phncdn.com/videos/202602/26/40578005/original/(m=eaf8GgaaaWavb)(mh=IlKHhjymUr675NL0)4.jpg;https://ei.phncdn.com/videos/202602/26/40578005/original/(m=eaf8GgaaaWavb)(mh=IlKHhjymUr675NL0)5.jpg;https://ei.phncdn.com/videos/202602/26/40578005/original/(m=eaf8GgaaaWavb)(mh=IlKHhjymUr675NL0)6.jpg;https://ei.phncdn.com/videos/202602/26/40578005/original/(m=eaf8GgaaaWavb)(mh=IlKHhjymUr675NL0)7.jpg;https://ei.phncdn.com/videos/202602/26/40578005/original/(m=eaf8GgaaaWavb)(mh=IlKHhjymUr675NL0)8.jpg;https://ei.phncdn.com/videos/202602/26/40578005/original/(m=eaf8GgaaaWavb)(mh=IlKHhjymUr675NL0)9.jpg;https://ei.phncdn.com/videos/202602/26/40578005/original/(m=eaf8GgaaaWavb)(mh=IlKHhjymUr675NL0)10.jpg;https://ei.phncdn.com/videos/202602/26/40578005/original/(m=eaf8GgaaaWavb)(mh=IlKHhjymUr675NL0)11.jpg;https://ei.phncdn.com/videos/202602/26/40578005/original/(m=eaf8GgaaaWavb)(mh=IlKHhjymUr675NL0)12.jpg;https://ei.phncdn.com/videos/202602/26/40578005/original/(m=eaf8GgaaaWavb)(mh=IlKHhjymUr675NL0)13.jpg;https://ei.phncdn.com/videos/202602/26/40578005/original/(m=eaf8GgaaaWavb)(mh=IlKHhjymUr675NL0)14.jpg;https://ei.phncdn.com/videos/202602/26/40578005/original/(m=eaf8GgaaaWavb)(mh=IlKHhjymUr675NL0)15.jpg;https://ei.phncdn.com/videos/202602/26/40578005/original/(m=eaf8GgaaaWavb)(mh=IlKHhjymUr675NL0)16.jpg|Wife takes dildo on sex chair hard. In and out|dildo;gape;ride;chair;fast;deep;pussy;wife;asshole;perfect-ass|Music;Verified Amateurs;Solo Female||128|3157|56|6|https://ei.phncdn.com/videos/202602/26/40578005/original/(m=eaAaGwObaaamqv)(mh=188jeWF78Qix_AiY)12.jpg|https://ei.phncdn.com/videos/202602/26/40578005/original/(m=eaAaGwObaaamqv)(mh=188jeWF78Qix_AiY)1.jpg;https://ei.phncdn.com/videos/202602/26/40578005/original/(m=eaAaGwObaaamqv)(mh=188jeWF78Qix_AiY)2.jpg;https://ei.phncdn.com/videos/202602/26/40578005/original/(m=eaAaGwObaaamqv)(mh=188jeWF78Qix_AiY)3.jpg;https://ei.phncdn.com/videos/202602/26/40578005/original/(m=eaAaGwObaaamqv)(mh=188jeWF78Qix_AiY)4.jpg;https://ei.phncdn.com/videos/202602/26/40578005/original/(m=eaAaGwObaaamqv)(mh=188jeWF78Qix_AiY)5.jpg;https://ei.phncdn.com/videos/202602/26/40578005/original/(m=eaAaGwObaaamqv)(mh=188jeWF78Qix_AiY)6.jpg;https://ei.phncdn.com/videos/202602/26/40578005/original/(m=eaAaGwObaaamqv)(mh=188jeWF78Qix_AiY)7.jpg;https://ei.phncdn.com/videos/202602/26/40578005/original/(m=eaAaGwObaaamqv)(mh=188jeWF78Qix_AiY)8.jpg;https://ei.phncdn.com/videos/202602/26/40578005/original/(m=eaAaGwObaaamqv)(mh=188jeWF78Qix_AiY)9.jpg;https://ei.phncdn.com/videos/202602/26/40578005/original/(m=eaAaGwObaaamqv)(mh=188jeWF78Qix_AiY)10.jpg;https://ei.phncdn.com/videos/202602/26/40578005/original/(m=eaAaGwObaaamqv)(mh=188jeWF78Qix_AiY)11.jpg;https://ei.phncdn.com/videos/202602/26/40578005/original/(m=eaAaGwObaaamqv)(mh=188jeWF78Qix_AiY)12.jpg;https://ei.phncdn.com/videos/202602/26/40578005/original/(m=eaAaGwObaaamqv)(mh=188jeWF78Qix_AiY)13.jpg;https://ei.phncdn.com/videos/202602/26/40578005/original/(m=eaAaGwObaaamqv)(mh=188jeWF78Qix_AiY)14.jpg;https://ei.phncdn.com/videos/202602/26/40578005/original/(m=eaAaGwObaaamqv)(mh=188jeWF78Qix_AiY)15.jpg;https://ei.phncdn.com/videos/202602/26/40578005/original/(m=eaAaGwObaaamqv)(mh=188jeWF78Qix_AiY)16.jpg
<iframe src="https://www.pornhub.com/embed/69a6ce7fb6f36" frameborder="0" height="481" width="608" scrolling="no"></iframe>|https://ei.phncdn.com/videos/202603/03/40979985/original/(m=eaf8GgaaaWavb)(mh=hUa34X8-B3bjfp6C)12.jpg|https://ei.phncdn.com/videos/202603/03/40979985/original/(m=eaf8GgaaaWavb)(mh=hUa34X8-B3bjfp6C)1.jpg;https://ei.phncdn.com/videos/202603/03/40979985/original/(m=eaf8GgaaaWavb)(mh=hUa34X8-B3bjfp6C)2.jpg;https://ei.phncdn.com/videos/202603/03/40979985/original/(m=eaf8GgaaaWavb)(mh=hUa34X8-B3bjfp6C)3.jpg;https://ei.phncdn.com/videos/202603/03/40979985/original/(m=eaf8GgaaaWavb)(mh=hUa34X8-B3bjfp6C)4.jpg;https://ei.phncdn.com/videos/202603/03/40979985/original/(m=eaf8GgaaaWavb)(mh=hUa34X8-B3bjfp6C)5.jpg;https://ei.phncdn.com/videos/202603/03/40979985/original/(m=eaf8GgaaaWavb)(mh=hUa34X8-B3bjfp6C)6.jpg;https://ei.phncdn.com/videos/202603/03/40979985/original/(m=eaf8GgaaaWavb)(mh=hUa34X8-B3bjfp6C)7.jpg;https://ei.phncdn.com/videos/202603/03/40979985/original/(m=eaf8GgaaaWavb)(mh=hUa34X8-B3bjfp6C)8.jpg;https://ei.phncdn.com/videos/202603/03/40979985/original/(m=eaf8GgaaaWavb)(mh=hUa34X8-B3bjfp6C)9.jpg;https://ei.phncdn.com/videos/202603/03/40979985/original/(m=eaf8GgaaaWavb)(mh=hUa34X8-B3bjfp6C)10.jpg;https://ei.phncdn.com/videos/202603/03/40979985/original/(m=eaf8GgaaaWavb)(mh=hUa34X8-B3bjfp6C)11.jpg;https://ei.phncdn.com/videos/202603/03/40979985/original/(m=eaf8GgaaaWavb)(mh=hUa34X8-B3bjfp6C)12.jpg;https://ei.phncdn.com/videos/202603/03/40979985/original/(m=eaf8GgaaaWavb)(mh=hUa34X8-B3bjfp6C)13.jpg;https://ei.phncdn.com/videos/202603/03/40979985/original/(m=eaf8GgaaaWavb)(mh=hUa34X8-B3bjfp6C)14.jpg;https://ei.phncdn.com/videos/202603/03/40979985/original/(m=eaf8GgaaaWavb)(mh=hUa34X8-B3bjfp6C)15.jpg;https://ei.phncdn.com/videos/202603/03/40979985/original/(m=eaf8GgaaaWavb)(mh=hUa34X8-B3bjfp6C)16.jpg|Wyld Yasmin Found Upstairs Dancing Naked|wyld-yasmin;dancing-naked;dancing;girls-dancing-naked;pretty-face;pretty-girl;booty;shaking-ass;pussy;naked-twerk;twerking;twerk;naked-girls;boobs;natural-tits;natural-boobs|Music;Verified Amateurs;Solo Female||37|323|9|0|https://ei.phncdn.com/videos/202603/03/40979985/original/(m=eaAaGwObaaamqv)(mh=eq9KVp-V2CMYMdsp)12.jpg|https://ei.phncdn.com/videos/202603/03/40979985/original/(m=eaAaGwObaaamqv)(mh=eq9KVp-V2CMYMdsp)1.jpg;https://ei.phncdn.com/videos/202603/03/40979985/original/(m=eaAaGwObaaamqv)(mh=eq9KVp-V2CMYMdsp)2.jpg;https://ei.phncdn.com/videos/202603/03/40979985/original/(m=eaAaGwObaaamqv)(mh=eq9KVp-V2CMYMdsp)3.jpg;https://ei.phncdn.com/videos/202603/03/40979985/original/(m=eaAaGwObaaamqv)(mh=eq9KVp-V2CMYMdsp)4.jpg;https://ei.phncdn.com/videos/202603/03/40979985/original/(m=eaAaGwObaaamqv)(mh=eq9KVp-V2CMYMdsp)5.jpg;https://ei.phncdn.com/videos/202603/03/40979985/original/(m=eaAaGwObaaamqv)(mh=eq9KVp-V2CMYMdsp)6.jpg;https://ei.phncdn.com/videos/202603/03/40979985/original/(m=eaAaGwObaaamqv)(mh=eq9KVp-V2CMYMdsp)7.jpg;https://ei.phncdn.com/videos/202603/03/40979985/original/(m=eaAaGwObaaamqv)(mh=eq9KVp-V2CMYMdsp)8.jpg;https://ei.phncdn.com/videos/202603/03/40979985/original/(m=eaAaGwObaaamqv)(mh=eq9KVp-V2CMYMdsp)9.jpg;https://ei.phncdn.com/videos/202603/03/40979985/original/(m=eaAaGwObaaamqv)(mh=eq9KVp-V2CMYMdsp)10.jpg;https://ei.phncdn.com/videos/202603/03/40979985/original/(m=eaAaGwObaaamqv)(mh=eq9KVp-V2CMYMdsp)11.jpg;https://ei.phncdn.com/videos/202603/03/40979985/original/(m=eaAaGwObaaamqv)(mh=eq9KVp-V2CMYMdsp)12.jpg;https://ei.phncdn.com/videos/202603/03/40979985/original/(m=eaAaGwObaaamqv)(mh=eq9KVp-V2CMYMdsp)13.jpg;https://ei.phncdn.com/videos/202603/03/40979985/original/(m=eaAaGwObaaamqv)(mh=eq9KVp-V2CMYMdsp)14.jpg;https://ei.phncdn.com/videos/202603/03/40979985/original/(m=eaAaGwObaaamqv)(mh=eq9KVp-V2CMYMdsp)15.jpg;https://ei.phncdn.com/videos/202603/03/40979985/original/(m=eaAaGwObaaamqv)(mh=eq9KVp-V2CMYMdsp)16.jpg
<iframe src="https://www.pornhub.com/embed/69b2145f1c911" frameborder="0" height="481" width="608" scrolling="no"></iframe>|https://ei.phncdn.com/videos/202603/12/41794555/original/(m=eaf8GgaaaWavb)(mh=7jelCVQy8P0BznR2)12.jpg|https://ei.phncdn.com/videos/202603/12/41794555/original/(m=eaf8GgaaaWavb)(mh=7jelCVQy8P0BznR2)1.jpg;https://ei.phncdn.com/videos/202603/12/41794555/original/(m=eaf8GgaaaWavb)(mh=7jelCVQy8P0BznR2)2.jpg;https://ei.phncdn.com/videos/202603/12/41794555/original/(m=eaf8GgaaaWavb)(mh=7jelCVQy8P0BznR2)3.jpg;https://ei.phncdn.com/videos/202603/12/41794555/original/(m=eaf8GgaaaWavb)(mh=7jelCVQy8P0BznR2)4.jpg;https://ei.phncdn.com/videos/202603/12/41794555/original/(m=eaf8GgaaaWavb)(mh=7jelCVQy8P0BznR2)5.jpg;https://ei.phncdn.com/videos/202603/12/41794555/original/(m=eaf8GgaaaWavb)(mh=7jelCVQy8P0BznR2)6.jpg;https://ei.phncdn.com/videos/202603/12/41794555/original/(m=eaf8GgaaaWavb)(mh=7jelCVQy8P0BznR2)7.jpg;https://ei.phncdn.com/videos/202603/12/41794555/original/(m=eaf8GgaaaWavb)(mh=7jelCVQy8P0BznR2)8.jpg;https://ei.phncdn.com/videos/202603/12/41794555/original/(m=eaf8GgaaaWavb)(mh=7jelCVQy8P0BznR2)9.jpg;https://ei.phncdn.com/videos/202603/12/41794555/original/(m=eaf8GgaaaWavb)(mh=7jelCVQy8P0BznR2)10.jpg;https://ei.phncdn.com/videos/202603/12/41794555/original/(m=eaf8GgaaaWavb)(mh=7jelCVQy8P0BznR2)11.jpg;https://ei.phncdn.com/videos/202603/12/41794555/original/(m=eaf8GgaaaWavb)(mh=7jelCVQy8P0BznR2)12.jpg;https://ei.phncdn.com/videos/202603/12/41794555/original/(m=eaf8GgaaaWavb)(mh=7jelCVQy8P0BznR2)13.jpg;https://ei.phncdn.com/videos/202603/12/41794555/original/(m=eaf8GgaaaWavb)(mh=7jelCVQy8P0BznR2)14.jpg;https://ei.phncdn.com/videos/202603/12/41794555/original/(m=eaf8GgaaaWavb)(mh=7jelCVQy8P0BznR2)15.jpg;https://ei.phncdn.com/videos/202603/12/41794555/original/(m=eaf8GgaaaWavb)(mh=7jelCVQy8P0BznR2)16.jpg|Shot in a good hole 🤭|petite;brunette;mini-skirt;panties;boots;small-and-tiny;small-boobs|Music;Verified Amateurs;Behind The Scenes;Solo Female||10|69|1|0|https://ei.phncdn.com/videos/202603/12/41794555/original/(m=eaAaGwObaaamqv)(mh=LP4zKO-PVlqFZMoQ)12.jpg|https://ei.phncdn.com/videos/202603/12/41794555/original/(m=eaAaGwObaaamqv)(mh=LP4zKO-PVlqFZMoQ)1.jpg;https://ei.phncdn.com/videos/202603/12/41794555/original/(m=eaAaGwObaaamqv)(mh=LP4zKO-PVlqFZMoQ)2.jpg;https://ei.phncdn.com/videos/202603/12/41794555/original/(m=eaAaGwObaaamqv)(mh=LP4zKO-PVlqFZMoQ)3.jpg;https://ei.phncdn.com/videos/202603/12/41794555/original/(m=eaAaGwObaaamqv)(mh=LP4zKO-PVlqFZMoQ)4.jpg;https://ei.phncdn.com/videos/202603/12/41794555/original/(m=eaAaGwObaaamqv)(mh=LP4zKO-PVlqFZMoQ)5.jpg;https://ei.phncdn.com/videos/202603/12/41794555/original/(m=eaAaGwObaaamqv)(mh=LP4zKO-PVlqFZMoQ)6.jpg;https://ei.phncdn.com/videos/202603/12/41794555/original/(m=eaAaGwObaaamqv)(mh=LP4zKO-PVlqFZMoQ)7.jpg;https://ei.phncdn.com/videos/202603/12/41794555/original/(m=eaAaGwObaaamqv)(mh=LP4zKO-PVlqFZMoQ)8.jpg;https://ei.phncdn.com/videos/202603/12/41794555/original/(m=eaAaGwObaaamqv)(mh=LP4zKO-PVlqFZMoQ)9.jpg;https://ei.phncdn.com/videos/202603/12/41794555/original/(m=eaAaGwObaaamqv)(mh=LP4zKO-PVlqFZMoQ)10.jpg;https://ei.phncdn.com/videos/202603/12/41794555/original/(m=eaAaGwObaaamqv)(mh=LP4zKO-PVlqFZMoQ)11.jpg;https://ei.phncdn.com/videos/202603/12/41794555/original/(m=eaAaGwObaaamqv)(mh=LP4zKO-PVlqFZMoQ)12.jpg;https://ei.phncdn.com/videos/202603/12/41794555/original/(m=eaAaGwObaaamqv)(mh=LP4zKO-PVlqFZMoQ)13.jpg;https://ei.phncdn.com/videos/202603/12/41794555/original/(m=eaAaGwObaaamqv)(mh=LP4zKO-PVlqFZMoQ)14.jpg;https://ei.phncdn.com/videos/202603/12/41794555/original/(m=eaAaGwObaaamqv)(mh=LP4zKO-PVlqFZMoQ)15.jpg;https://ei.phncdn.com/videos/202603/12/41794555/original/(m=eaAaGwObaaamqv)(mh=LP4zKO-PVlqFZMoQ)16.jpg
<iframe src="https://www.pornhub.com/embed/69b23c00c45d8" frameborder="0" height="481" width="608" scrolling="no"></iframe>|https://ei.phncdn.com/videos/202603/12/41800965/thumbs_40/(m=eaf8GgaaaWavb)(mh=3AcqrQpYqZX3Ls2A)9.jpg|https://ei.phncdn.com/videos/202603/12/41800965/thumbs_40/(m=eaf8GgaaaWavb)(mh=3AcqrQpYqZX3Ls2A)1.jpg;https://ei.phncdn.com/videos/202603/12/41800965/thumbs_40/(m=eaf8GgaaaWavb)(mh=3AcqrQpYqZX3Ls2A)2.jpg;https://ei.phncdn.com/videos/202603/12/41800965/thumbs_40/(m=eaf8GgaaaWavb)(mh=3AcqrQpYqZX3Ls2A)3.jpg;https://ei.phncdn.com/videos/202603/12/41800965/thumbs_40/(m=eaf8GgaaaWavb)(mh=3AcqrQpYqZX3Ls2A)4.jpg;https://ei.phncdn.com/videos/202603/12/41800965/thumbs_40/(m=eaf8GgaaaWavb)(mh=3AcqrQpYqZX3Ls2A)5.jpg;https://ei.phncdn.com/videos/202603/12/41800965/thumbs_40/(m=eaf8GgaaaWavb)(mh=3AcqrQpYqZX3Ls2A)6.jpg;https://ei.phncdn.com/videos/202603/12/41800965/thumbs_40/(m=eaf8GgaaaWavb)(mh=3AcqrQpYqZX3Ls2A)7.jpg;https://ei.phncdn.com/videos/202603/12/41800965/thumbs_40/(m=eaf8GgaaaWavb)(mh=3AcqrQpYqZX3Ls2A)8.jpg;https://ei.phncdn.com/videos/202603/12/41800965/thumbs_40/(m=eaf8GgaaaWavb)(mh=3AcqrQpYqZX3Ls2A)9.jpg;https://ei.phncdn.com/videos/202603/12/41800965/thumbs_40/(m=eaf8GgaaaWavb)(mh=3AcqrQpYqZX3Ls2A)10.jpg;https://ei.phncdn.com/videos/202603/12/41800965/thumbs_40/(m=eaf8GgaaaWavb)(mh=3AcqrQpYqZX3Ls2A)11.jpg;https://ei.phncdn.com/videos/202603/12/41800965/thumbs_40/(m=eaf8GgaaaWavb)(mh=3AcqrQpYqZX3Ls2A)12.jpg;https://ei.phncdn.com/videos/202603/12/41800965/thumbs_40/(m=eaf8GgaaaWavb)(mh=3AcqrQpYqZX3Ls2A)13.jpg;https://ei.phncdn.com/videos/202603/12/41800965/thumbs_40/(m=eaf8GgaaaWavb)(mh=3AcqrQpYqZX3Ls2A)14.jpg;https://ei.phncdn.com/videos/202603/12/41800965/thumbs_40/(m=eaf8GgaaaWavb)(mh=3AcqrQpYqZX3Ls2A)15.jpg;https://ei.phncdn.com/videos/202603/12/41800965/thumbs_40/(m=eaf8GgaaaWavb)(mh=3AcqrQpYqZX3Ls2A)16.jpg|Sneaky hote blonde Goth Girl Caught Masturbating in Roommate's Bedroom - Risky POV Tease"|fantasy-roommate;golf-girl;housewife-next-door;girl-nextdoor;wand-play;topless-tease;panty-pull;black-lace;alternative-goth;p-o-v;caught-red-handed;luxury-teas;wand-solo;petite-goth|Music;Verified Amateurs;Verified Couples;Solo Female||726|425|6|0|https://ei.phncdn.com/videos/202603/12/41800965/thumbs_40/(m=eaAaGwObaaamqv)(mh=7w9z4rvH2Rky8WFV)9.jpg|https://ei.phncdn.com/videos/202603/12/41800965/thumbs_40/(m=eaAaGwObaaamqv)(mh=7w9z4rvH2Rky8WFV)1.jpg;https://ei.phncdn.com/videos/202603/12/41800965/thumbs_40/(m=eaAaGwObaaamqv)(mh=7w9z4rvH2Rky8WFV)2.jpg;https://ei.phncdn.com/videos/202603/12/41800965/thumbs_40/(m=eaAaGwObaaamqv)(mh=7w9z4rvH2Rky8WFV)3.jpg;https://ei.phncdn.com/videos/202603/12/41800965/thumbs_40/(m=eaAaGwObaaamqv)(mh=7w9z4rvH2Rky8WFV)4.jpg;https://ei.phncdn.com/videos/202603/12/41800965/thumbs_40/(m=eaAaGwObaaamqv)(mh=7w9z4rvH2Rky8WFV)5.jpg;https://ei.phncdn.com/videos/202603/12/41800965/thumbs_40/(m=eaAaGwObaaamqv)(mh=7w9z4rvH2Rky8WFV)6.jpg;https://ei.phncdn.com/videos/202603/12/41800965/thumbs_40/(m=eaAaGwObaaamqv)(mh=7w9z4rvH2Rky8WFV)7.jpg;https://ei.phncdn.com/videos/202603/12/41800965/thumbs_40/(m=eaAaGwObaaamqv)(mh=7w9z4rvH2Rky8WFV)8.jpg;https://ei.phncdn.com/videos/202603/12/41800965/thumbs_40/(m=eaAaGwObaaamqv)(mh=7w9z4rvH2Rky8WFV)9.jpg;https://ei.phncdn.com/videos/202603/12/41800965/thumbs_40/(m=eaAaGwObaaamqv)(mh=7w9z4rvH2Rky8WFV)10.jpg;https://ei.phncdn.com/videos/202603/12/41800965/thumbs_40/(m=eaAaGwObaaamqv)(mh=7w9z4rvH2Rky8WFV)11.jpg;https://ei.phncdn.com/videos/202603/12/41800965/thumbs_40/(m=eaAaGwObaaamqv)(mh=7w9z4rvH2Rky8WFV)12.jpg;https://ei.phncdn.com/videos/202603/12/41800965/thumbs_40/(m=eaAaGwObaaamqv)(mh=7w9z4rvH2Rky8WFV)13.jpg;https://ei.phncdn.com/videos/202603/12/41800965/thumbs_40/(m=eaAaGwObaaamqv)(mh=7w9z4rvH2Rky8WFV)14.jpg;https://ei.phncdn.com/videos/202603/12/41800965/thumbs_40/(m=eaAaGwObaaamqv)(mh=7w9z4rvH2Rky8WFV)15.jpg;https://ei.phncdn.com/videos/202603/12/41800965/thumbs_40/(m=eaAaGwObaaamqv)(mh=7w9z4rvH2Rky8WFV)16.jpg
<iframe src="https://www.pornhub.com/embed/69b2fdf0537fc" frameborder="0" height="481" width="608" scrolling="no"></iframe>|https://ei.phncdn.com/videos/202603/12/41852515/original/(m=eaf8GgaaaWavb)(mh=rsujy123ApCVPAHV)12.jpg|https://ei.phncdn.com/videos/202603/12/41852515/original/(m=eaf8GgaaaWavb)(mh=rsujy123ApCVPAHV)1.jpg;https://ei.phncdn.com/videos/202603/12/41852515/original/(m=eaf8GgaaaWavb)(mh=rsujy123ApCVPAHV)2.jpg;https://ei.phncdn.com/videos/202603/12/41852515/original/(m=eaf8GgaaaWavb)(mh=rsujy123ApCVPAHV)3.jpg;https://ei.phncdn.com/videos/202603/12/41852515/original/(m=eaf8GgaaaWavb)(mh=rsujy123ApCVPAHV)4.jpg;https://ei.phncdn.com/videos/202603/12/41852515/original/(m=eaf8GgaaaWavb)(mh=rsujy123ApCVPAHV)5.jpg;https://ei.phncdn.com/videos/202603/12/41852515/original/(m=eaf8GgaaaWavb)(mh=rsujy123ApCVPAHV)6.jpg;https://ei.phncdn.com/videos/202603/12/41852515/original/(m=eaf8GgaaaWavb)(mh=rsujy123ApCVPAHV)7.jpg;https://ei.phncdn.com/videos/202603/12/41852515/original/(m=eaf8GgaaaWavb)(mh=rsujy123ApCVPAHV)8.jpg;https://ei.phncdn.com/videos/202603/12/41852515/original/(m=eaf8GgaaaWavb)(mh=rsujy123ApCVPAHV)9.jpg;https://ei.phncdn.com/videos/202603/12/41852515/original/(m=eaf8GgaaaWavb)(mh=rsujy123ApCVPAHV)10.jpg;https://ei.phncdn.com/videos/202603/12/41852515/original/(m=eaf8GgaaaWavb)(mh=rsujy123ApCVPAHV)11.jpg;https://ei.phncdn.com/videos/202603/12/41852515/original/(m=eaf8GgaaaWavb)(mh=rsujy123ApCVPAHV)12.jpg;https://ei.phncdn.com/videos/202603/12/41852515/original/(m=eaf8GgaaaWavb)(mh=rsujy123ApCVPAHV)13.jpg;https://ei.phncdn.com/videos/202603/12/41852515/original/(m=eaf8GgaaaWavb)(mh=rsujy123ApCVPAHV)14.jpg;https://ei.phncdn.com/videos/202603/12/41852515/original/(m=eaf8GgaaaWavb)(mh=rsujy123ApCVPAHV)15.jpg;https://ei.phncdn.com/videos/202603/12/41852515/original/(m=eaf8GgaaaWavb)(mh=rsujy123ApCVPAHV)16.jpg|Awkward to Sexy|dancing;dancing-milf;girl-with-glasses;awkward;nerdy;just-talking;red-hair;music;real;homemade;dancing-naked|Music;Verified Amateurs;Solo Female;Tattooed Women||49|33|10|1|https://ei.phncdn.com/videos/202603/12/41852515/original/(m=eaAaGwObaaamqv)(mh=mDG4jHrvVjUZGuvX)12.jpg|https://ei.phncdn.com/videos/202603/12/41852515/original/(m=eaAaGwObaaamqv)(mh=mDG4jHrvVjUZGuvX)1.jpg;https://ei.phncdn.com/videos/202603/12/41852515/original/(m=eaAaGwObaaamqv)(mh=mDG4jHrvVjUZGuvX)2.jpg;https://ei.phncdn.com/videos/202603/12/41852515/original/(m=eaAaGwObaaamqv)(mh=mDG4jHrvVjUZGuvX)3.jpg;https://ei.phncdn.com/videos/202603/12/41852515/original/(m=eaAaGwObaaamqv)(mh=mDG4jHrvVjUZGuvX)4.jpg;https://ei.phncdn.com/videos/202603/12/41852515/original/(m=eaAaGwObaaamqv)(mh=mDG4jHrvVjUZGuvX)5.jpg;https://ei.phncdn.com/videos/202603/12/41852515/original/(m=eaAaGwObaaamqv)(mh=mDG4jHrvVjUZGuvX)6.jpg;https://ei.phncdn.com/videos/202603/12/41852515/original/(m=eaAaGwObaaamqv)(mh=mDG4jHrvVjUZGuvX)7.jpg;https://ei.phncdn.com/videos/202603/12/41852515/original/(m=eaAaGwObaaamqv)(mh=mDG4jHrvVjUZGuvX)8.jpg;https://ei.phncdn.com/videos/202603/12/41852515/original/(m=eaAaGwObaaamqv)(mh=mDG4jHrvVjUZGuvX)9.jpg;https://ei.phncdn.com/videos/202603/12/41852515/original/(m=eaAaGwObaaamqv)(mh=mDG4jHrvVjUZGuvX)10.jpg;https://ei.phncdn.com/videos/202603/12/41852515/original/(m=eaAaGwObaaamqv)(mh=mDG4jHrvVjUZGuvX)11.jpg;https://ei.phncdn.com/videos/202603/12/41852515/original/(m=eaAaGwObaaamqv)(mh=mDG4jHrvVjUZGuvX)12.jpg;https://ei.phncdn.com/videos/202603/12/41852515/original/(m=eaAaGwObaaamqv)(mh=mDG4jHrvVjUZGuvX)13.jpg;https://ei.phncdn.com/videos/202603/12/41852515/original/(m=eaAaGwObaaamqv)(mh=mDG4jHrvVjUZGuvX)14.jpg;https://ei.phncdn.com/videos/202603/12/41852515/original/(m=eaAaGwObaaamqv)(mh=mDG4jHrvVjUZGuvX)15.jpg;https://ei.phncdn.com/videos/202603/12/41852515/original/(m=eaAaGwObaaamqv)(mh=mDG4jHrvVjUZGuvX)16.jpg
<iframe src="https://www.pornhub.com/embed/69b324901a85b" frameborder="0" height="481" width="608" scrolling="no"></iframe>|https://ei.phncdn.com/videos/202603/12/41862385/original/(m=eaf8GgaaaWavb)(mh=OjNwqLxTwmj3RKlr)12.jpg|https://ei.phncdn.com/videos/202603/12/41862385/original/(m=eaf8GgaaaWavb)(mh=OjNwqLxTwmj3RKlr)1.jpg;https://ei.phncdn.com/videos/202603/12/41862385/original/(m=eaf8GgaaaWavb)(mh=OjNwqLxTwmj3RKlr)2.jpg;https://ei.phncdn.com/videos/202603/12/41862385/original/(m=eaf8GgaaaWavb)(mh=OjNwqLxTwmj3RKlr)3.jpg;https://ei.phncdn.com/videos/202603/12/41862385/original/(m=eaf8GgaaaWavb)(mh=OjNwqLxTwmj3RKlr)4.jpg;https://ei.phncdn.com/videos/202603/12/41862385/original/(m=eaf8GgaaaWavb)(mh=OjNwqLxTwmj3RKlr)5.jpg;https://ei.phncdn.com/videos/202603/12/41862385/original/(m=eaf8GgaaaWavb)(mh=OjNwqLxTwmj3RKlr)6.jpg;https://ei.phncdn.com/videos/202603/12/41862385/original/(m=eaf8GgaaaWavb)(mh=OjNwqLxTwmj3RKlr)7.jpg;https://ei.phncdn.com/videos/202603/12/41862385/original/(m=eaf8GgaaaWavb)(mh=OjNwqLxTwmj3RKlr)8.jpg;https://ei.phncdn.com/videos/202603/12/41862385/original/(m=eaf8GgaaaWavb)(mh=OjNwqLxTwmj3RKlr)9.jpg;https://ei.phncdn.com/videos/202603/12/41862385/original/(m=eaf8GgaaaWavb)(mh=OjNwqLxTwmj3RKlr)10.jpg;https://ei.phncdn.com/videos/202603/12/41862385/original/(m=eaf8GgaaaWavb)(mh=OjNwqLxTwmj3RKlr)11.jpg;https://ei.phncdn.com/videos/202603/12/41862385/original/(m=eaf8GgaaaWavb)(mh=OjNwqLxTwmj3RKlr)12.jpg;https://ei.phncdn.com/videos/202603/12/41862385/original/(m=eaf8GgaaaWavb)(mh=OjNwqLxTwmj3RKlr)13.jpg;https://ei.phncdn.com/videos/202603/12/41862385/original/(m=eaf8GgaaaWavb)(mh=OjNwqLxTwmj3RKlr)14.jpg;https://ei.phncdn.com/videos/202603/12/41862385/original/(m=eaf8GgaaaWavb)(mh=OjNwqLxTwmj3RKlr)15.jpg;https://ei.phncdn.com/videos/202603/12/41862385/original/(m=eaf8GgaaaWavb)(mh=OjNwqLxTwmj3RKlr)16.jpg|"What the hell am I doing here?" Dancing in a cute outfit of course|milf-dancing;fishnet;music;gloves;fake-tits-milf;big-boobs;girl-with-glasses;amateur-tattoo-milf;homemade;cell-phone-video;sexy-dancing;awkward-girl|Music;Verified Amateurs;Solo Female;Tattooed Women||40|41|15|0|https://ei.phncdn.com/videos/202603/12/41862385/original/(m=eaAaGwObaaamqv)(mh=FlSNRBlObq5NATfB)12.jpg|https://ei.phncdn.com/videos/202603/12/41862385/original/(m=eaAaGwObaaamqv)(mh=FlSNRBlObq5NATfB)1.jpg;https://ei.phncdn.com/videos/202603/12/41862385/original/(m=eaAaGwObaaamqv)(mh=FlSNRBlObq5NATfB)2.jpg;https://ei.phncdn.com/videos/202603/12/41862385/original/(m=eaAaGwObaaamqv)(mh=FlSNRBlObq5NATfB)3.jpg;https://ei.phncdn.com/videos/202603/12/41862385/original/(m=eaAaGwObaaamqv)(mh=FlSNRBlObq5NATfB)4.jpg;https://ei.phncdn.com/videos/202603/12/41862385/original/(m=eaAaGwObaaamqv)(mh=FlSNRBlObq5NATfB)5.jpg;https://ei.phncdn.com/videos/202603/12/41862385/original/(m=eaAaGwObaaamqv)(mh=FlSNRBlObq5NATfB)6.jpg;https://ei.phncdn.com/videos/202603/12/41862385/original/(m=eaAaGwObaaamqv)(mh=FlSNRBlObq5NATfB)7.jpg;https://ei.phncdn.com/videos/202603/12/41862385/original/(m=eaAaGwObaaamqv)(mh=FlSNRBlObq5NATfB)8.jpg;https://ei.phncdn.com/videos/202603/12/41862385/original/(m=eaAaGwObaaamqv)(mh=FlSNRBlObq5NATfB)9.jpg;https://ei.phncdn.com/videos/202603/12/41862385/original/(m=eaAaGwObaaamqv)(mh=FlSNRBlObq5NATfB)10.jpg;https://ei.phncdn.com/videos/202603/12/41862385/original/(m=eaAaGwObaaamqv)(mh=FlSNRBlObq5NATfB)11.jpg;https://ei.phncdn.com/videos/202603/12/41862385/original/(m=eaAaGwObaaamqv)(mh=FlSNRBlObq5NATfB)12.jpg;https://ei.phncdn.com/videos/202603/12/41862385/original/(m=eaAaGwObaaamqv)(mh=FlSNRBlObq5NATfB)13.jpg;https://ei.phncdn.com/videos/202603/12/41862385/original/(m=eaAaGwObaaamqv)(mh=FlSNRBlObq5NATfB)14.jpg;https://ei.phncdn.com/videos/202603/12/41862385/original/(m=eaAaGwObaaamqv)(mh=FlSNRBlObq5NATfB)15.jpg;https://ei.phncdn.com/videos/202603/12/41862385/original/(m=eaAaGwObaaamqv)(mh=FlSNRBlObq5NATfB)16.jpg
<iframe src="https://www.pornhub.com/embed/69b8af96aeb97" frameborder="0" height="481" width="608" scrolling="no"></iframe>|https://ei.phncdn.com/videos/202603/17/42250435/original/(m=eaf8GgaaaWavb)(mh=SCK1qIun6dl3wfC0)12.jpg|https://ei.phncdn.com/videos/202603/17/42250435/original/(m=eaf8GgaaaWavb)(mh=SCK1qIun6dl3wfC0)1.jpg;https://ei.phncdn.com/videos/202603/17/42250435/original/(m=eaf8GgaaaWavb)(mh=SCK1qIun6dl3wfC0)2.jpg;https://ei.phncdn.com/videos/202603/17/42250435/original/(m=eaf8GgaaaWavb)(mh=SCK1qIun6dl3wfC0)3.jpg;https://ei.phncdn.com/videos/202603/17/42250435/original/(m=eaf8GgaaaWavb)(mh=SCK1qIun6dl3wfC0)4.jpg;https://ei.phncdn.com/videos/202603/17/42250435/original/(m=eaf8GgaaaWavb)(mh=SCK1qIun6dl3wfC0)5.jpg;https://ei.phncdn.com/videos/202603/17/42250435/original/(m=eaf8GgaaaWavb)(mh=SCK1qIun6dl3wfC0)6.jpg;https://ei.phncdn.com/videos/202603/17/42250435/original/(m=eaf8GgaaaWavb)(mh=SCK1qIun6dl3wfC0)7.jpg;https://ei.phncdn.com/videos/202603/17/42250435/original/(m=eaf8GgaaaWavb)(mh=SCK1qIun6dl3wfC0)8.jpg;https://ei.phncdn.com/videos/202603/17/42250435/original/(m=eaf8GgaaaWavb)(mh=SCK1qIun6dl3wfC0)9.jpg;https://ei.phncdn.com/videos/202603/17/42250435/original/(m=eaf8GgaaaWavb)(mh=SCK1qIun6dl3wfC0)10.jpg;https://ei.phncdn.com/videos/202603/17/42250435/original/(m=eaf8GgaaaWavb)(mh=SCK1qIun6dl3wfC0)11.jpg;https://ei.phncdn.com/videos/202603/17/42250435/original/(m=eaf8GgaaaWavb)(mh=SCK1qIun6dl3wfC0)12.jpg;https://ei.phncdn.com/videos/202603/17/42250435/original/(m=eaf8GgaaaWavb)(mh=SCK1qIun6dl3wfC0)13.jpg;https://ei.phncdn.com/videos/202603/17/42250435/original/(m=eaf8GgaaaWavb)(mh=SCK1qIun6dl3wfC0)14.jpg;https://ei.phncdn.com/videos/202603/17/42250435/original/(m=eaf8GgaaaWavb)(mh=SCK1qIun6dl3wfC0)15.jpg;https://ei.phncdn.com/videos/202603/17/42250435/original/(m=eaf8GgaaaWavb)(mh=SCK1qIun6dl3wfC0)16.jpg|For my #1 fan LoadedLavaLamp I ❤️U|big-ass-titties;nipple-piercing|Music;Verified Amateurs;Solo Female||49|143|9|0|https://ei.phncdn.com/videos/202603/17/42250435/original/(m=eaAaGwObaaamqv)(mh=qBzvYRU-5QP5DXb6)12.jpg|https://ei.phncdn.com/videos/202603/17/42250435/original/(m=eaAaGwObaaamqv)(mh=qBzvYRU-5QP5DXb6)1.jpg;https://ei.phncdn.com/videos/202603/17/42250435/original/(m=eaAaGwObaaamqv)(mh=qBzvYRU-5QP5DXb6)2.jpg;https://ei.phncdn.com/videos/202603/17/42250435/original/(m=eaAaGwObaaamqv)(mh=qBzvYRU-5QP5DXb6)3.jpg;https://ei.phncdn.com/videos/202603/17/42250435/original/(m=eaAaGwObaaamqv)(mh=qBzvYRU-5QP5DXb6)4.jpg;https://ei.phncdn.com/videos/202603/17/42250435/original/(m=eaAaGwObaaamqv)(mh=qBzvYRU-5QP5DXb6)5.jpg;https://ei.phncdn.com/videos/202603/17/42250435/original/(m=eaAaGwObaaamqv)(mh=qBzvYRU-5QP5DXb6)6.jpg;https://ei.phncdn.com/videos/202603/17/42250435/original/(m=eaAaGwObaaamqv)(mh=qBzvYRU-5QP5DXb6)7.jpg;https://ei.phncdn.com/videos/202603/17/42250435/original/(m=eaAaGwObaaamqv)(mh=qBzvYRU-5QP5DXb6)8.jpg;https://ei.phncdn.com/videos/202603/17/42250435/original/(m=eaAaGwObaaamqv)(mh=qBzvYRU-5QP5DXb6)9.jpg;https://ei.phncdn.com/videos/202603/17/42250435/original/(m=eaAaGwObaaamqv)(mh=qBzvYRU-5QP5DXb6)10.jpg;https://ei.phncdn.com/videos/202603/17/42250435/original/(m=eaAaGwObaaamqv)(mh=qBzvYRU-5QP5DXb6)11.jpg;https://ei.phncdn.com/videos/202603/17/42250435/original/(m=eaAaGwObaaamqv)(mh=qBzvYRU-5QP5DXb6)12.jpg;https://ei.phncdn.com/videos/202603/17/42250435/original/(m=eaAaGwObaaamqv)(mh=qBzvYRU-5QP5DXb6)13.jpg;https://ei.phncdn.com/videos/202603/17/42250435/original/(m=eaAaGwObaaamqv)(mh=qBzvYRU-5QP5DXb6)14.jpg;https://ei.phncdn.com/videos/202603/17/42250435/original/(m=eaAaGwObaaamqv)(mh=qBzvYRU-5QP5DXb6)15.jpg;https://ei.phncdn.com/videos/202603/17/42250435/original/(m=eaAaGwObaaamqv)(mh=qBzvYRU-5QP5DXb6)16.jpg
<iframe src="https://www.pornhub.com/embed/69ce7019525c3" frameborder="0" height="481" width="608" scrolling="no"></iframe>|https://ei.phncdn.com/videos/202604/02/44119565/original/(m=qYN9J_0beaf8GgaaaWavb)(mh=6Vxwul7KNDeR-LSL)0.jpg|https://ei.phncdn.com/videos/202604/02/44119565/thumbs_5/(m=eaf8GgaaaWavb)(mh=_XwiKnvQ3BTFqifm)1.jpg;https://ei.phncdn.com/videos/202604/02/44119565/thumbs_5/(m=eaf8GgaaaWavb)(mh=_XwiKnvQ3BTFqifm)2.jpg;https://ei.phncdn.com/videos/202604/02/44119565/thumbs_5/(m=eaf8GgaaaWavb)(mh=_XwiKnvQ3BTFqifm)3.jpg;https://ei.phncdn.com/videos/202604/02/44119565/thumbs_5/(m=eaf8GgaaaWavb)(mh=_XwiKnvQ3BTFqifm)4.jpg;https://ei.phncdn.com/videos/202604/02/44119565/thumbs_5/(m=eaf8GgaaaWavb)(mh=_XwiKnvQ3BTFqifm)5.jpg;https://ei.phncdn.com/videos/202604/02/44119565/thumbs_5/(m=eaf8GgaaaWavb)(mh=_XwiKnvQ3BTFqifm)6.jpg;https://ei.phncdn.com/videos/202604/02/44119565/thumbs_5/(m=eaf8GgaaaWavb)(mh=_XwiKnvQ3BTFqifm)7.jpg;https://ei.phncdn.com/videos/202604/02/44119565/thumbs_5/(m=eaf8GgaaaWavb)(mh=_XwiKnvQ3BTFqifm)8.jpg;https://ei.phncdn.com/videos/202604/02/44119565/thumbs_5/(m=eaf8GgaaaWavb)(mh=_XwiKnvQ3BTFqifm)9.jpg;https://ei.phncdn.com/videos/202604/02/44119565/thumbs_5/(m=eaf8GgaaaWavb)(mh=_XwiKnvQ3BTFqifm)10.jpg;https://ei.phncdn.com/videos/202604/02/44119565/thumbs_5/(m=eaf8GgaaaWavb)(mh=_XwiKnvQ3BTFqifm)11.jpg;https://ei.phncdn.com/videos/202604/02/44119565/thumbs_5/(m=eaf8GgaaaWavb)(mh=_XwiKnvQ3BTFqifm)12.jpg;https://ei.phncdn.com/videos/202604/02/44119565/thumbs_5/(m=eaf8GgaaaWavb)(mh=_XwiKnvQ3BTFqifm)13.jpg;https://ei.phncdn.com/videos/202604/02/44119565/thumbs_5/(m=eaf8GgaaaWavb)(mh=_XwiKnvQ3BTFqifm)14.jpg;https://ei.phncdn.com/videos/202604/02/44119565/thumbs_5/(m=eaf8GgaaaWavb)(mh=_XwiKnvQ3BTFqifm)15.jpg;https://ei.phncdn.com/videos/202604/02/44119565/thumbs_5/(m=eaf8GgaaaWavb)(mh=_XwiKnvQ3BTFqifm)16.jpg|Sacramento - The Duck (Official Video)|music;music-video;sacramento;Indie-rock;lofi-rock|Music;Verified Amateurs;Romantic||344|184|||https://ei.phncdn.com/videos/202604/02/44119565/original/(m=qYN9J_0beaAaGwObaaamqv)(mh=MvPN7DbpKAZEoiXL)0.jpg|https://ei.phncdn.com/videos/202604/02/44119565/thumbs_5/(m=eaAaGwObaaamqv)(mh=BT-PMLjf22gTLqlP)1.jpg;https://ei.phncdn.com/videos/202604/02/44119565/thumbs_5/(m=eaAaGwObaaamqv)(mh=BT-PMLjf22gTLqlP)2.jpg;https://ei.phncdn.com/videos/202604/02/44119565/thumbs_5/(m=eaAaGwObaaamqv)(mh=BT-PMLjf22gTLqlP)3.jpg;https://ei.phncdn.com/videos/202604/02/44119565/thumbs_5/(m=eaAaGwObaaamqv)(mh=BT-PMLjf22gTLqlP)4.jpg;https://ei.phncdn.com/videos/202604/02/44119565/thumbs_5/(m=eaAaGwObaaamqv)(mh=BT-PMLjf22gTLqlP)5.jpg;https://ei.phncdn.com/videos/202604/02/44119565/thumbs_5/(m=eaAaGwObaaamqv)(mh=BT-PMLjf22gTLqlP)6.jpg;https://ei.phncdn.com/videos/202604/02/44119565/thumbs_5/(m=eaAaGwObaaamqv)(mh=BT-PMLjf22gTLqlP)7.jpg;https://ei.phncdn.com/videos/202604/02/44119565/thumbs_5/(m=eaAaGwObaaamqv)(mh=BT-PMLjf22gTLqlP)8.jpg;https://ei.phncdn.com/videos/202604/02/44119565/thumbs_5/(m=eaAaGwObaaamqv)(mh=BT-PMLjf22gTLqlP)9.jpg;https://ei.phncdn.com/videos/202604/02/44119565/thumbs_5/(m=eaAaGwObaaamqv)(mh=BT-PMLjf22gTLqlP)10.jpg;https://ei.phncdn.com/videos/202604/02/44119565/thumbs_5/(m=eaAaGwObaaamqv)(mh=BT-PMLjf22gTLqlP)11.jpg;https://ei.phncdn.com/videos/202604/02/44119565/thumbs_5/(m=eaAaGwObaaamqv)(mh=BT-PMLjf22gTLqlP)12.jpg;https://ei.phncdn.com/videos/202604/02/44119565/thumbs_5/(m=eaAaGwObaaamqv)(mh=BT-PMLjf22gTLqlP)13.jpg;https://ei.phncdn.com/videos/202604/02/44119565/thumbs_5/(m=eaAaGwObaaamqv)(mh=BT-PMLjf22gTLqlP)14.jpg;https://ei.phncdn.com/videos/202604/02/44119565/thumbs_5/(m=eaAaGwObaaamqv)(mh=BT-PMLjf22gTLqlP)15.jpg;https://ei.phncdn.com/videos/202604/02/44119565/thumbs_5/(m=eaAaGwObaaamqv)(mh=BT-PMLjf22gTLqlP)16.jpg
