embed_html|thumbnail|thumbnail_sequence|title|tags|categories|performer|duration_seconds|views|source_metric_1|source_metric_2|thumbnail_large|thumbnail_sequence_large
<iframe src="https://www.pornhub.com/embed/ph5c81c72d4beae" frameborder="0" height="481" width="608" scrolling="no"></iframe>|https://ei.phncdn.com/videos/201903/08/211839772/original/(m=eaf8GgaaaWavb)(mh=dZQ-2JuwQx_62m_r)10.jpg|https://ei.phncdn.com/videos/201903/08/211839772/original/(m=eaf8GgaaaWavb)(mh=dZQ-2JuwQx_62m_r)1.jpg;https://ei.phncdn.com/videos/201903/08/211839772/original/(m=eaf8GgaaaWavb)(mh=dZQ-2JuwQx_62m_r)2.jpg;https://ei.phncdn.com/videos/201903/08/211839772/original/(m=eaf8GgaaaWavb)(mh=dZQ-2JuwQx_62m_r)3.jpg;https://ei.phncdn.com/videos/201903/08/211839772/original/(m=eaf8GgaaaWavb)(mh=dZQ-2JuwQx_62m_r)4.jpg;https://ei.phncdn.com/videos/201903/08/211839772/original/(m=eaf8GgaaaWavb)(mh=dZQ-2JuwQx_62m_r)5.jpg;https://ei.phncdn.com/videos/201903/08/211839772/original/(m=eaf8GgaaaWavb)(mh=dZQ-2JuwQx_62m_r)6.jpg;https://ei.phncdn.com/videos/201903/08/211839772/original/(m=eaf8GgaaaWavb)(mh=dZQ-2JuwQx_62m_r)7.jpg;https://ei.phncdn.com/videos/201903/08/211839772/original/(m=eaf8GgaaaWavb)(mh=dZQ-2JuwQx_62m_r)8.jpg;https://ei.phncdn.com/videos/201903/08/211839772/original/(m=eaf8GgaaaWavb)(mh=dZQ-2JuwQx_62m_r)9.jpg;https://ei.phncdn.com/videos/201903/08/211839772/original/(m=eaf8GgaaaWavb)(mh=dZQ-2JuwQx_62m_r)10.jpg;https://ei.phncdn.com/videos/201903/08/211839772/original/(m=eaf8GgaaaWavb)(mh=dZQ-2JuwQx_62m_r)11.jpg;https://ei.phncdn.com/videos/201903/08/211839772/original/(m=eaf8GgaaaWavb)(mh=dZQ-2JuwQx_62m_r)12.jpg;https://ei.phncdn.com/videos/201903/08/211839772/original/(m=eaf8GgaaaWavb)(mh=dZQ-2JuwQx_62m_r)13.jpg;https://ei.phncdn.com/videos/201903/08/211839772/original/(m=eaf8GgaaaWavb)(mh=dZQ-2JuwQx_62m_r)14.jpg;https://ei.phncdn.com/videos/201903/08/211839772/original/(m=eaf8GgaaaWavb)(mh=dZQ-2JuwQx_62m_r)15.jpg;https://ei.phncdn.com/videos/201903/08/211839772/original/(m=eaf8GgaaaWavb)(mh=dZQ-2JuwQx_62m_r)16.jpg|horny step mom big butt shaking|pawg;bubble-butt;big-white-ass;big-ass;big-ass-mom|Arab;Exclusive;Verified Amateurs;Step Fantasy;Solo Female||68|47022|274|13|https://ei.phncdn.com/videos/201903/08/211839772/original/(m=eaAaGwObaaamqv)(mh=qkO-2ovPqo5dgdUr)10.jpg|https://ei.phncdn.com/videos/201903/08/211839772/original/(m=eaAaGwObaaamqv)(mh=qkO-2ovPqo5dgdUr)1.jpg;https://ei.phncdn.com/videos/201903/08/211839772/original/(m=eaAaGwObaaamqv)(mh=qkO-2ovPqo5dgdUr)2.jpg;https://ei.phncdn.com/videos/201903/08/211839772/original/(m=eaAaGwObaaamqv)(mh=qkO-2ovPqo5dgdUr)3.jpg;https://ei.phncdn.com/videos/201903/08/211839772/original/(m=eaAaGwObaaamqv)(mh=qkO-2ovPqo5dgdUr)4.jpg;https://ei.phncdn.com/videos/201903/08/211839772/original/(m=eaAaGwObaaamqv)(mh=qkO-2ovPqo5dgdUr)5.jpg;https://ei.phncdn.com/videos/201903/08/211839772/original/(m=eaAaGwObaaamqv)(mh=qkO-2ovPqo5dgdUr)6.jpg;https://ei.phncdn.com/videos/201903/08/211839772/original/(m=eaAaGwObaaamqv)(mh=qkO-2ovPqo5dgdUr)7.jpg;https://ei.phncdn.com/videos/201903/08/211839772/original/(m=eaAaGwObaaamqv)(mh=qkO-2ovPqo5dgdUr)8.jpg;https://ei.phncdn.com/videos/201903/08/211839772/original/(m=eaAaGwObaaamqv)(mh=qkO-2ovPqo5dgdUr)9.jpg;https://ei.phncdn.com/videos/201903/08/211839772/original/(m=eaAaGwObaaamqv)(mh=qkO-2ovPqo5dgdUr)10.jpg;https://ei.phncdn.com/videos/201903/08/211839772/original/(m=eaAaGwObaaamqv)(mh=qkO-2ovPqo5dgdUr)11.jpg;https://ei.phncdn.com/videos/201903/08/211839772/original/(m=eaAaGwObaaamqv)(mh=qkO-2ovPqo5dgdUr)12.jpg;https://ei.phncdn.com/videos/201903/08/211839772/original/(m=eaAaGwObaaamqv)(mh=qkO-2ovPqo5dgdUr)13.jpg;https://ei.phncdn.com/videos/201903/08/211839772/original/(m=eaAaGwObaaamqv)(mh=qkO-2ovPqo5dgdUr)14.jpg;https://ei.phncdn.com/videos/201903/08/211839772/original/(m=eaAaGwObaaamqv)(mh=qkO-2ovPqo5dgdUr)15.jpg;https://ei.phncdn.com/videos/201903/08/211839772/original/(m=eaAaGwObaaamqv)(mh=qkO-2ovPqo5dgdUr)16.jpg
<iframe src="https://www.pornhub.com/embed/ph5d797b0eb8a87" frameborder="0" height="481" width="608" scrolling="no"></iframe>|https://ei.phncdn.com/videos/201909/11/247795481/original/(m=eaf8GgaaaWavb)(mh=AOUqq6yOj1f1i6aG)12.jpg|https://ei.phncdn.com/videos/201909/11/247795481/original/(m=eaf8GgaaaWavb)(mh=AOUqq6yOj1f1i6aG)1.jpg;https://ei.phncdn.com/videos/201909/11/247795481/original/(m=eaf8GgaaaWavb)(mh=AOUqq6yOj1f1i6aG)2.jpg;https://ei.phncdn.com/videos/201909/11/247795481/original/(m=eaf8GgaaaWavb)(mh=AOUqq6yOj1f1i6aG)3.jpg;https://ei.phncdn.com/videos/201909/11/247795481/original/(m=eaf8GgaaaWavb)(mh=AOUqq6yOj1f1i6aG)4.jpg;https://ei.phncdn.com/videos/201909/11/247795481/original/(m=eaf8GgaaaWavb)(mh=AOUqq6yOj1f1i6aG)5.jpg;https://ei.phncdn.com/videos/201909/11/247795481/original/(m=eaf8GgaaaWavb)(mh=AOUqq6yOj1f1i6aG)6.jpg;https://ei.phncdn.com/videos/201909/11/247795481/original/(m=eaf8GgaaaWavb)(mh=AOUqq6yOj1f1i6aG)7.jpg;https://ei.phncdn.com/videos/201909/11/247795481/original/(m=eaf8GgaaaWavb)(mh=AOUqq6yOj1f1i6aG)8.jpg;https://ei.phncdn.com/videos/201909/11/247795481/original/(m=eaf8GgaaaWavb)(mh=AOUqq6yOj1f1i6aG)9.jpg;https://ei.phncdn.com/videos/201909/11/247795481/original/(m=eaf8GgaaaWavb)(mh=AOUqq6yOj1f1i6aG)10.jpg;https://ei.phncdn.com/videos/201909/11/247795481/original/(m=eaf8GgaaaWavb)(mh=AOUqq6yOj1f1i6aG)11.jpg;https://ei.phncdn.com/videos/201909/11/247795481/original/(m=eaf8GgaaaWavb)(mh=AOUqq6yOj1f1i6aG)12.jpg;https://ei.phncdn.com/videos/201909/11/247795481/original/(m=eaf8GgaaaWavb)(mh=AOUqq6yOj1f1i6aG)13.jpg;https://ei.phncdn.com/videos/201909/11/247795481/original/(m=eaf8GgaaaWavb)(mh=AOUqq6yOj1f1i6aG)14.jpg;https://ei.phncdn.com/videos/201909/11/247795481/original/(m=eaf8GgaaaWavb)(mh=AOUqq6yOj1f1i6aG)15.jpg;https://ei.phncdn.com/videos/201909/11/247795481/original/(m=eaf8GgaaaWavb)(mh=AOUqq6yOj1f1i6aG)16.jpg|shower scene get off if u want|petite;black;mom;mother;lil-titties;sexy-black-girl;head|Arab;Exclusive;Verified Amateurs;Solo Female||310|21096|116|14|https://ei.phncdn.com/videos/201909/11/247795481/original/(m=eaAaGwObaaamqv)(mh=1nidXDQYdA9la-6Z)12.jpg|https://ei.phncdn.com/videos/201909/11/247795481/original/(m=eaAaGwObaaamqv)(mh=1nidXDQYdA9la-6Z)1.jpg;https://ei.phncdn.com/videos/201909/11/247795481/original/(m=eaAaGwObaaamqv)(mh=1nidXDQYdA9la-6Z)2.jpg;https://ei.phncdn.com/videos/201909/11/247795481/original/(m=eaAaGwObaaamqv)(mh=1nidXDQYdA9la-6Z)3.jpg;https://ei.phncdn.com/videos/201909/11/247795481/original/(m=eaAaGwObaaamqv)(mh=1nidXDQYdA9la-6Z)4.jpg;https://ei.phncdn.com/videos/201909/11/247795481/original/(m=eaAaGwObaaamqv)(mh=1nidXDQYdA9la-6Z)5.jpg;https://ei.phncdn.com/videos/201909/11/247795481/original/(m=eaAaGwObaaamqv)(mh=1nidXDQYdA9la-6Z)6.jpg;https://ei.phncdn.com/videos/201909/11/247795481/original/(m=eaAaGwObaaamqv)(mh=1nidXDQYdA9la-6Z)7.jpg;https://ei.phncdn.com/videos/201909/11/247795481/original/(m=eaAaGwObaaamqv)(mh=1nidXDQYdA9la-6Z)8.jpg;https://ei.phncdn.com/videos/201909/11/247795481/original/(m=eaAaGwObaaamqv)(mh=1nidXDQYdA9la-6Z)9.jpg;https://ei.phncdn.com/videos/201909/11/247795481/original/(m=eaAaGwObaaamqv)(mh=1nidXDQYdA9la-6Z)10.jpg;https://ei.phncdn.com/videos/201909/11/247795481/original/(m=eaAaGwObaaamqv)(mh=1nidXDQYdA9la-6Z)11.jpg;https://ei.phncdn.com/videos/201909/11/247795481/original/(m=eaAaGwObaaamqv)(mh=1nidXDQYdA9la-6Z)12.jpg;https://ei.phncdn.com/videos/201909/11/247795481/original/(m=eaAaGwObaaamqv)(mh=1nidXDQYdA9la-6Z)13.jpg;https://ei.phncdn.com/videos/201909/11/247795481/original/(m=eaAaGwObaaamqv)(mh=1nidXDQYdA9la-6Z)14.jpg;https://ei.phncdn.com/videos/201909/11/247795481/original/(m=eaAaGwObaaamqv)(mh=1nidXDQYdA9la-6Z)15.jpg;https://ei.phncdn.com/videos/201909/11/247795481/original/(m=eaAaGwObaaamqv)(mh=1nidXDQYdA9la-6Z)16.jpg
<iframe src="https://www.pornhub.com/embed/ph606e5a44109ca" frameborder="0" height="481" width="608" scrolling="no"></iframe>|https://ei.phncdn.com/videos/202104/08/386295541/original/(m=eaf8GgaaaWavb)(mh=IyG8D2qDe2VDltbk)8.jpg|https://ei.phncdn.com/videos/202104/08/386295541/original/(m=eaf8GgaaaWavb)(mh=IyG8D2qDe2VDltbk)1.jpg;https://ei.phncdn.com/videos/202104/08/386295541/original/(m=eaf8GgaaaWavb)(mh=IyG8D2qDe2VDltbk)2.jpg;https://ei.phncdn.com/videos/202104/08/386295541/original/(m=eaf8GgaaaWavb)(mh=IyG8D2qDe2VDltbk)3.jpg;https://ei.phncdn.com/videos/202104/08/386295541/original/(m=eaf8GgaaaWavb)(mh=IyG8D2qDe2VDltbk)4.jpg;https://ei.phncdn.com/videos/202104/08/386295541/original/(m=eaf8GgaaaWavb)(mh=IyG8D2qDe2VDltbk)5.jpg;https://ei.phncdn.com/videos/202104/08/386295541/original/(m=eaf8GgaaaWavb)(mh=IyG8D2qDe2VDltbk)6.jpg;https://ei.phncdn.com/videos/202104/08/386295541/original/(m=eaf8GgaaaWavb)(mh=IyG8D2qDe2VDltbk)7.jpg;https://ei.phncdn.com/videos/202104/08/386295541/original/(m=eaf8GgaaaWavb)(mh=IyG8D2qDe2VDltbk)8.jpg;https://ei.phncdn.com/videos/202104/08/386295541/original/(m=eaf8GgaaaWavb)(mh=IyG8D2qDe2VDltbk)9.jpg;https://ei.phncdn.com/videos/202104/08/386295541/original/(m=eaf8GgaaaWavb)(mh=IyG8D2qDe2VDltbk)10.jpg;https://ei.phncdn.com/videos/202104/08/386295541/original/(m=eaf8GgaaaWavb)(mh=IyG8D2qDe2VDltbk)11.jpg;https://ei.phncdn.com/videos/202104/08/386295541/original/(m=eaf8GgaaaWavb)(mh=IyG8D2qDe2VDltbk)12.jpg;https://ei.phncdn.com/videos/202104/08/386295541/original/(m=eaf8GgaaaWavb)(mh=IyG8D2qDe2VDltbk)13.jpg;https://ei.phncdn.com/videos/202104/08/386295541/original/(m=eaf8GgaaaWavb)(mh=IyG8D2qDe2VDltbk)14.jpg;https://ei.phncdn.com/videos/202104/08/386295541/original/(m=eaf8GgaaaWavb)(mh=IyG8D2qDe2VDltbk)15.jpg;https://ei.phncdn.com/videos/202104/08/386295541/original/(m=eaf8GgaaaWavb)(mh=IyG8D2qDe2VDltbk)16.jpg|Get me all wet |shower;nude|Arab;Exclusive;Verified Amateurs;Solo Female||89|996|5|0|https://ei.phncdn.com/videos/202104/08/386295541/original/(m=eaAaGwObaaamqv)(mh=U0Tb7nRwvBWlL-io)8.jpg|https://ei.phncdn.com/videos/202104/08/386295541/original/(m=eaAaGwObaaamqv)(mh=U0Tb7nRwvBWlL-io)1.jpg;https://ei.phncdn.com/videos/202104/08/386295541/original/(m=eaAaGwObaaamqv)(mh=U0Tb7nRwvBWlL-io)2.jpg;https://ei.phncdn.com/videos/202104/08/386295541/original/(m=eaAaGwObaaamqv)(mh=U0Tb7nRwvBWlL-io)3.jpg;https://ei.phncdn.com/videos/202104/08/386295541/original/(m=eaAaGwObaaamqv)(mh=U0Tb7nRwvBWlL-io)4.jpg;https://ei.phncdn.com/videos/202104/08/386295541/original/(m=eaAaGwObaaamqv)(mh=U0Tb7nRwvBWlL-io)5.jpg;https://ei.phncdn.com/videos/202104/08/386295541/original/(m=eaAaGwObaaamqv)(mh=U0Tb7nRwvBWlL-io)6.jpg;https://ei.phncdn.com/videos/202104/08/386295541/original/(m=eaAaGwObaaamqv)(mh=U0Tb7nRwvBWlL-io)7.jpg;https://ei.phncdn.com/videos/202104/08/386295541/original/(m=eaAaGwObaaamqv)(mh=U0Tb7nRwvBWlL-io)8.jpg;https://ei.phncdn.com/videos/202104/08/386295541/original/(m=eaAaGwObaaamqv)(mh=U0Tb7nRwvBWlL-io)9.jpg;https://ei.phncdn.com/videos/202104/08/386295541/original/(m=eaAaGwObaaamqv)(mh=U0Tb7nRwvBWlL-io)10.jpg;https://ei.phncdn.com/videos/202104/08/386295541/original/(m=eaAaGwObaaamqv)(mh=U0Tb7nRwvBWlL-io)11.jpg;https://ei.phncdn.com/videos/202104/08/386295541/original/(m=eaAaGwObaaamqv)(mh=U0Tb7nRwvBWlL-io)12.jpg;https://ei.phncdn.com/videos/202104/08/386295541/original/(m=eaAaGwObaaamqv)(mh=U0Tb7nRwvBWlL-io)13.jpg;https://ei.phncdn.com/videos/202104/08/386295541/original/(m=eaAaGwObaaamqv)(mh=U0Tb7nRwvBWlL-io)14.jpg;https://ei.phncdn.com/videos/202104/08/386295541/original/(m=eaAaGwObaaamqv)(mh=U0Tb7nRwvBWlL-io)15.jpg;https://ei.phncdn.com/videos/202104/08/386295541/original/(m=eaAaGwObaaamqv)(mh=U0Tb7nRwvBWlL-io)16.jpg
<iframe src="https://www.pornhub.com/embed/ph6174be913fc68" frameborder="0" height="481" width="608" scrolling="no"></iframe>|https://ei.phncdn.com/videos/202110/24/396876331/original/(m=eaf8GgaaaWavb)(mh=h27APFl_fTdjj-15)6.jpg|https://ei.phncdn.com/videos/202110/24/396876331/original/(m=eaf8GgaaaWavb)(mh=h27APFl_fTdjj-15)1.jpg;https://ei.phncdn.com/videos/202110/24/396876331/original/(m=eaf8GgaaaWavb)(mh=h27APFl_fTdjj-15)2.jpg;https://ei.phncdn.com/videos/202110/24/396876331/original/(m=eaf8GgaaaWavb)(mh=h27APFl_fTdjj-15)3.jpg;https://ei.phncdn.com/videos/202110/24/396876331/original/(m=eaf8GgaaaWavb)(mh=h27APFl_fTdjj-15)4.jpg;https://ei.phncdn.com/videos/202110/24/396876331/original/(m=eaf8GgaaaWavb)(mh=h27APFl_fTdjj-15)5.jpg;https://ei.phncdn.com/videos/202110/24/396876331/original/(m=eaf8GgaaaWavb)(mh=h27APFl_fTdjj-15)6.jpg;https://ei.phncdn.com/videos/202110/24/396876331/original/(m=eaf8GgaaaWavb)(mh=h27APFl_fTdjj-15)7.jpg;https://ei.phncdn.com/videos/202110/24/396876331/original/(m=eaf8GgaaaWavb)(mh=h27APFl_fTdjj-15)8.jpg;https://ei.phncdn.com/videos/202110/24/396876331/original/(m=eaf8GgaaaWavb)(mh=h27APFl_fTdjj-15)9.jpg;https://ei.phncdn.com/videos/202110/24/396876331/original/(m=eaf8GgaaaWavb)(mh=h27APFl_fTdjj-15)10.jpg;https://ei.phncdn.com/videos/202110/24/396876331/original/(m=eaf8GgaaaWavb)(mh=h27APFl_fTdjj-15)11.jpg;https://ei.phncdn.com/videos/202110/24/396876331/original/(m=eaf8GgaaaWavb)(mh=h27APFl_fTdjj-15)12.jpg;https://ei.phncdn.com/videos/202110/24/396876331/original/(m=eaf8GgaaaWavb)(mh=h27APFl_fTdjj-15)13.jpg;https://ei.phncdn.com/videos/202110/24/396876331/original/(m=eaf8GgaaaWavb)(mh=h27APFl_fTdjj-15)14.jpg;https://ei.phncdn.com/videos/202110/24/396876331/original/(m=eaf8GgaaaWavb)(mh=h27APFl_fTdjj-15)15.jpg;https://ei.phncdn.com/videos/202110/24/396876331/original/(m=eaf8GgaaaWavb)(mh=h27APFl_fTdjj-15)16.jpg|Wonderful weekend with my voluptuous vixen in a luxury hotel suite, #3: hot tub fun|jacuzzi-amateur;jacuzzi;redhead;butt;big-boobs;chubby;kissing;hot-tub;bbw-bhm;bhm;ass-slap;ass-slapping;fingering;guy-fingering-pussy;pussy-licking;fingering-orgasm|Arab;Exclusive;Verified Amateurs||1126|14495|21|5|https://ei.phncdn.com/videos/202110/24/396876331/original/(m=eaAaGwObaaamqv)(mh=-GdH4QPzApInMhLk)6.jpg|https://ei.phncdn.com/videos/202110/24/396876331/original/(m=eaAaGwObaaamqv)(mh=-GdH4QPzApInMhLk)1.jpg;https://ei.phncdn.com/videos/202110/24/396876331/original/(m=eaAaGwObaaamqv)(mh=-GdH4QPzApInMhLk)2.jpg;https://ei.phncdn.com/videos/202110/24/396876331/original/(m=eaAaGwObaaamqv)(mh=-GdH4QPzApInMhLk)3.jpg;https://ei.phncdn.com/videos/202110/24/396876331/original/(m=eaAaGwObaaamqv)(mh=-GdH4QPzApInMhLk)4.jpg;https://ei.phncdn.com/videos/202110/24/396876331/original/(m=eaAaGwObaaamqv)(mh=-GdH4QPzApInMhLk)5.jpg;https://ei.phncdn.com/videos/202110/24/396876331/original/(m=eaAaGwObaaamqv)(mh=-GdH4QPzApInMhLk)6.jpg;https://ei.phncdn.com/videos/202110/24/396876331/original/(m=eaAaGwObaaamqv)(mh=-GdH4QPzApInMhLk)7.jpg;https://ei.phncdn.com/videos/202110/24/396876331/original/(m=eaAaGwObaaamqv)(mh=-GdH4QPzApInMhLk)8.jpg;https://ei.phncdn.com/videos/202110/24/396876331/original/(m=eaAaGwObaaamqv)(mh=-GdH4QPzApInMhLk)9.jpg;https://ei.phncdn.com/videos/202110/24/396876331/original/(m=eaAaGwObaaamqv)(mh=-GdH4QPzApInMhLk)10.jpg;https://ei.phncdn.com/videos/202110/24/396876331/original/(m=eaAaGwObaaamqv)(mh=-GdH4QPzApInMhLk)11.jpg;https://ei.phncdn.com/videos/202110/24/396876331/original/(m=eaAaGwObaaamqv)(mh=-GdH4QPzApInMhLk)12.jpg;https://ei.phncdn.com/videos/202110/24/396876331/original/(m=eaAaGwObaaamqv)(mh=-GdH4QPzApInMhLk)13.jpg;https://ei.phncdn.com/videos/202110/24/396876331/original/(m=eaAaGwObaaamqv)(mh=-GdH4QPzApInMhLk)14.jpg;https://ei.phncdn.com/videos/202110/24/396876331/original/(m=eaAaGwObaaamqv)(mh=-GdH4QPzApInMhLk)15.jpg;https://ei.phncdn.com/videos/202110/24/396876331/original/(m=eaAaGwObaaamqv)(mh=-GdH4QPzApInMhLk)16.jpg
<iframe src="https://www.pornhub.com/embed/ph6176bdbdb6869" frameborder="0" height="481" width="608" scrolling="no"></iframe>|https://ei.phncdn.com/videos/202110/25/396950731/thumbs_1/(m=eaf8GgaaaWavb)(mh=45yrmUwfJdh4I5cc)8.jpg|https://ei.phncdn.com/videos/202110/25/396950731/thumbs_1/(m=eaf8GgaaaWavb)(mh=45yrmUwfJdh4I5cc)1.jpg;https://ei.phncdn.com/videos/202110/25/396950731/thumbs_1/(m=eaf8GgaaaWavb)(mh=45yrmUwfJdh4I5cc)2.jpg;https://ei.phncdn.com/videos/202110/25/396950731/thumbs_1/(m=eaf8GgaaaWavb)(mh=45yrmUwfJdh4I5cc)3.jpg;https://ei.phncdn.com/videos/202110/25/396950731/thumbs_1/(m=eaf8GgaaaWavb)(mh=45yrmUwfJdh4I5cc)4.jpg;https://ei.phncdn.com/videos/202110/25/396950731/thumbs_1/(m=eaf8GgaaaWavb)(mh=45yrmUwfJdh4I5cc)5.jpg;https://ei.phncdn.com/videos/202110/25/396950731/thumbs_1/(m=eaf8GgaaaWavb)(mh=45yrmUwfJdh4I5cc)6.jpg;https://ei.phncdn.com/videos/202110/25/396950731/thumbs_1/(m=eaf8GgaaaWavb)(mh=45yrmUwfJdh4I5cc)7.jpg;https://ei.phncdn.com/videos/202110/25/396950731/thumbs_1/(m=eaf8GgaaaWavb)(mh=45yrmUwfJdh4I5cc)8.jpg;https://ei.phncdn.com/videos/202110/25/396950731/thumbs_1/(m=eaf8GgaaaWavb)(mh=45yrmUwfJdh4I5cc)9.jpg;https://ei.phncdn.com/videos/202110/25/396950731/thumbs_1/(m=eaf8GgaaaWavb)(mh=45yrmUwfJdh4I5cc)10.jpg;https://ei.phncdn.com/videos/202110/25/396950731/thumbs_1/(m=eaf8GgaaaWavb)(mh=45yrmUwfJdh4I5cc)11.jpg;https://ei.phncdn.com/videos/202110/25/396950731/thumbs_1/(m=eaf8GgaaaWavb)(mh=45yrmUwfJdh4I5cc)12.jpg;https://ei.phncdn.com/videos/202110/25/396950731/thumbs_1/(m=eaf8GgaaaWavb)(mh=45yrmUwfJdh4I5cc)13.jpg;https://ei.phncdn.com/videos/202110/25/396950731/thumbs_1/(m=eaf8GgaaaWavb)(mh=45yrmUwfJdh4I5cc)14.jpg;https://ei.phncdn.com/videos/202110/25/396950731/thumbs_1/(m=eaf8GgaaaWavb)(mh=45yrmUwfJdh4I5cc)15.jpg;https://ei.phncdn.com/videos/202110/25/396950731/thumbs_1/(m=eaf8GgaaaWavb)(mh=45yrmUwfJdh4I5cc)16.jpg|Im here waiting you to fuck me|best;souki|Arab;Verified Amateurs;Solo Female;Romantic;Vertical Video||29|1111|3|0|https://ei.phncdn.com/videos/202110/25/396950731/thumbs_1/(m=eaAaGwObaaamqv)(mh=W3_1JS8m_wZo1Nel)8.jpg|https://ei.phncdn.com/videos/202110/25/396950731/thumbs_1/(m=eaAaGwObaaamqv)(mh=W3_1JS8m_wZo1Nel)1.jpg;https://ei.phncdn.com/videos/202110/25/396950731/thumbs_1/(m=eaAaGwObaaamqv)(mh=W3_1JS8m_wZo1Nel)2.jpg;https://ei.phncdn.com/videos/202110/25/396950731/thumbs_1/(m=eaAaGwObaaamqv)(mh=W3_1JS8m_wZo1Nel)3.jpg;https://ei.phncdn.com/videos/202110/25/396950731/thumbs_1/(m=eaAaGwObaaamqv)(mh=W3_1JS8m_wZo1Nel)4.jpg;https://ei.phncdn.com/videos/202110/25/396950731/thumbs_1/(m=eaAaGwObaaamqv)(mh=W3_1JS8m_wZo1Nel)5.jpg;https://ei.phncdn.com/videos/202110/25/396950731/thumbs_1/(m=eaAaGwObaaamqv)(mh=W3_1JS8m_wZo1Nel)6.jpg;https://ei.phncdn.com/videos/202110/25/396950731/thumbs_1/(m=eaAaGwObaaamqv)(mh=W3_1JS8m_wZo1Nel)7.jpg;https://ei.phncdn.com/videos/202110/25/396950731/thumbs_1/(m=eaAaGwObaaamqv)(mh=W3_1JS8m_wZo1Nel)8.jpg;https://ei.phncdn.com/videos/202110/25/396950731/thumbs_1/(m=eaAaGwObaaamqv)(mh=W3_1JS8m_wZo1Nel)9.jpg;https://ei.phncdn.com/videos/202110/25/396950731/thumbs_1/(m=eaAaGwObaaamqv)(mh=W3_1JS8m_wZo1Nel)10.jpg;https://ei.phncdn.com/videos/202110/25/396950731/thumbs_1/(m=eaAaGwObaaamqv)(mh=W3_1JS8m_wZo1Nel)11.jpg;https://ei.phncdn.com/videos/202110/25/396950731/thumbs_1/(m=eaAaGwObaaamqv)(mh=W3_1JS8m_wZo1Nel)12.jpg;https://ei.phncdn.com/videos/202110/25/396950731/thumbs_1/(m=eaAaGwObaaamqv)(mh=W3_1JS8m_wZo1Nel)13.jpg;https://ei.phncdn.com/videos/202110/25/396950731/thumbs_1/(m=eaAaGwObaaamqv)(mh=W3_1JS8m_wZo1Nel)14.jpg;https://ei.phncdn.com/videos/202110/25/396950731/thumbs_1/(m=eaAaGwObaaamqv)(mh=W3_1JS8m_wZo1Nel)15.jpg;https://ei.phncdn.com/videos/202110/25/396950731/thumbs_1/(m=eaAaGwObaaamqv)(mh=W3_1JS8m_wZo1Nel)16.jpg
<iframe src="https://www.pornhub.com/embed/ph6177c14f173c8" frameborder="0" height="481" width="608" scrolling="no"></iframe>|https://ei.phncdn.com/videos/202110/26/396995861/original/(m=eaf8GgaaaWavb)(mh=PsHilqXo8iPCPSJB)4.jpg|https://ei.phncdn.com/videos/202110/26/396995861/original/(m=eaf8GgaaaWavb)(mh=PsHilqXo8iPCPSJB)1.jpg;https://ei.phncdn.com/videos/202110/26/396995861/original/(m=eaf8GgaaaWavb)(mh=PsHilqXo8iPCPSJB)2.jpg;https://ei.phncdn.com/videos/202110/26/396995861/original/(m=eaf8GgaaaWavb)(mh=PsHilqXo8iPCPSJB)3.jpg;https://ei.phncdn.com/videos/202110/26/396995861/original/(m=eaf8GgaaaWavb)(mh=PsHilqXo8iPCPSJB)4.jpg;https://ei.phncdn.com/videos/202110/26/396995861/original/(m=eaf8GgaaaWavb)(mh=PsHilqXo8iPCPSJB)5.jpg;https://ei.phncdn.com/videos/202110/26/396995861/original/(m=eaf8GgaaaWavb)(mh=PsHilqXo8iPCPSJB)6.jpg;https://ei.phncdn.com/videos/202110/26/396995861/original/(m=eaf8GgaaaWavb)(mh=PsHilqXo8iPCPSJB)7.jpg;https://ei.phncdn.com/videos/202110/26/396995861/original/(m=eaf8GgaaaWavb)(mh=PsHilqXo8iPCPSJB)8.jpg;https://ei.phncdn.com/videos/202110/26/396995861/original/(m=eaf8GgaaaWavb)(mh=PsHilqXo8iPCPSJB)9.jpg;https://ei.phncdn.com/videos/202110/26/396995861/original/(m=eaf8GgaaaWavb)(mh=PsHilqXo8iPCPSJB)10.jpg;https://ei.phncdn.com/videos/202110/26/396995861/original/(m=eaf8GgaaaWavb)(mh=PsHilqXo8iPCPSJB)11.jpg;https://ei.phncdn.com/videos/202110/26/396995861/original/(m=eaf8GgaaaWavb)(mh=PsHilqXo8iPCPSJB)12.jpg;https://ei.phncdn.com/videos/202110/26/396995861/original/(m=eaf8GgaaaWavb)(mh=PsHilqXo8iPCPSJB)13.jpg;https://ei.phncdn.com/videos/202110/26/396995861/original/(m=eaf8GgaaaWavb)(mh=PsHilqXo8iPCPSJB)14.jpg;https://ei.phncdn.com/videos/202110/26/396995861/original/(m=eaf8GgaaaWavb)(mh=PsHilqXo8iPCPSJB)15.jpg;https://ei.phncdn.com/videos/202110/26/396995861/original/(m=eaf8GgaaaWavb)(mh=PsHilqXo8iPCPSJB)16.jpg|انا قحبة مغربية احب زب او الحوا  im a moroccan bitch love to fuck |spanking;licking|Arab;Verified Amateurs;Solo Female;Vertical Video||63|82608|117|34|https://ei.phncdn.com/videos/202110/26/396995861/original/(m=eaAaGwObaaamqv)(mh=HgZjzlHY3esWYF_H)4.jpg|https://ei.phncdn.com/videos/202110/26/396995861/original/(m=eaAaGwObaaamqv)(mh=HgZjzlHY3esWYF_H)1.jpg;https://ei.phncdn.com/videos/202110/26/396995861/original/(m=eaAaGwObaaamqv)(mh=HgZjzlHY3esWYF_H)2.jpg;https://ei.phncdn.com/videos/202110/26/396995861/original/(m=eaAaGwObaaamqv)(mh=HgZjzlHY3esWYF_H)3.jpg;https://ei.phncdn.com/videos/202110/26/396995861/original/(m=eaAaGwObaaamqv)(mh=HgZjzlHY3esWYF_H)4.jpg;https://ei.phncdn.com/videos/202110/26/396995861/original/(m=eaAaGwObaaamqv)(mh=HgZjzlHY3esWYF_H)5.jpg;https://ei.phncdn.com/videos/202110/26/396995861/original/(m=eaAaGwObaaamqv)(mh=HgZjzlHY3esWYF_H)6.jpg;https://ei.phncdn.com/videos/202110/26/396995861/original/(m=eaAaGwObaaamqv)(mh=HgZjzlHY3esWYF_H)7.jpg;https://ei.phncdn.com/videos/202110/26/396995861/original/(m=eaAaGwObaaamqv)(mh=HgZjzlHY3esWYF_H)8.jpg;https://ei.phncdn.com/videos/202110/26/396995861/original/(m=eaAaGwObaaamqv)(mh=HgZjzlHY3esWYF_H)9.jpg;https://ei.phncdn.com/videos/202110/26/396995861/original/(m=eaAaGwObaaamqv)(mh=HgZjzlHY3esWYF_H)10.jpg;https://ei.phncdn.com/videos/202110/26/396995861/original/(m=eaAaGwObaaamqv)(mh=HgZjzlHY3esWYF_H)11.jpg;https://ei.phncdn.com/videos/202110/26/396995861/original/(m=eaAaGwObaaamqv)(mh=HgZjzlHY3esWYF_H)12.jpg;https://ei.phncdn.com/videos/202110/26/396995861/original/(m=eaAaGwObaaamqv)(mh=HgZjzlHY3esWYF_H)13.jpg;https://ei.phncdn.com/videos/202110/26/396995861/original/(m=eaAaGwObaaamqv)(mh=HgZjzlHY3esWYF_H)14.jpg;https://ei.phncdn.com/videos/202110/26/396995861/original/(m=eaAaGwObaaamqv)(mh=HgZjzlHY3esWYF_H)15.jpg;https://ei.phncdn.com/videos/202110/26/396995861/original/(m=eaAaGwObaaamqv)(mh=HgZjzlHY3esWYF_H)16.jpg
<iframe src="https://www.pornhub.com/embed/ph617d2f52600b3" frameborder="0" height="481" width="608" scrolling="no"></iframe>|https://ei.phncdn.com/videos/202110/30/397225231/original/(m=eaf8GgaaaWavb)(mh=coR9PIswHojHAQsw)12.jpg|https://ei.phncdn.com/videos/202110/30/397225231/original/(m=eaf8GgaaaWavb)(mh=coR9PIswHojHAQsw)1.jpg;https://ei.phncdn.com/videos/202110/30/397225231/original/(m=eaf8GgaaaWavb)(mh=coR9PIswHojHAQsw)2.jpg;https://ei.phncdn.com/videos/202110/30/397225231/original/(m=eaf8GgaaaWavb)(mh=coR9PIswHojHAQsw)3.jpg;https://ei.phncdn.com/videos/202110/30/397225231/original/(m=eaf8GgaaaWavb)(mh=coR9PIswHojHAQsw)4.jpg;https://ei.phncdn.com/videos/202110/30/397225231/original/(m=eaf8GgaaaWavb)(mh=coR9PIswHojHAQsw)5.jpg;https://ei.phncdn.com/videos/202110/30/397225231/original/(m=eaf8GgaaaWavb)(mh=coR9PIswHojHAQsw)6.jpg;https://ei.phncdn.com/videos/202110/30/397225231/original/(m=eaf8GgaaaWavb)(mh=coR9PIswHojHAQsw)7.jpg;https://ei.phncdn.com/videos/202110/30/397225231/original/(m=eaf8GgaaaWavb)(mh=coR9PIswHojHAQsw)8.jpg;https://ei.phncdn.com/videos/202110/30/397225231/original/(m=eaf8GgaaaWavb)(mh=coR9PIswHojHAQsw)9.jpg;https://ei.phncdn.com/videos/202110/30/397225231/original/(m=eaf8GgaaaWavb)(mh=coR9PIswHojHAQsw)10.jpg;https://ei.phncdn.com/videos/202110/30/397225231/original/(m=eaf8GgaaaWavb)(mh=coR9PIswHojHAQsw)11.jpg;https://ei.phncdn.com/videos/202110/30/397225231/original/(m=eaf8GgaaaWavb)(mh=coR9PIswHojHAQsw)12.jpg;https://ei.phncdn.com/videos/202110/30/397225231/original/(m=eaf8GgaaaWavb)(mh=coR9PIswHojHAQsw)13.jpg;https://ei.phncdn.com/videos/202110/30/397225231/original/(m=eaf8GgaaaWavb)(mh=coR9PIswHojHAQsw)14.jpg;https://ei.phncdn.com/videos/202110/30/397225231/original/(m=eaf8GgaaaWavb)(mh=coR9PIswHojHAQsw)15.jpg;https://ei.phncdn.com/videos/202110/30/397225231/original/(m=eaf8GgaaaWavb)(mh=coR9PIswHojHAQsw)16.jpg|come fuck me hard and open all my holes 🥵🥵🥵|best;souki|Arab;Verified Amateurs;Solo Female;Female Orgasm;Vertical Video||63|16676|32|3|https://ei.phncdn.com/videos/202110/30/397225231/original/(m=eaAaGwObaaamqv)(mh=ahzTBqGgIe5JK67v)12.jpg|https://ei.phncdn.com/videos/202110/30/397225231/original/(m=eaAaGwObaaamqv)(mh=ahzTBqGgIe5JK67v)1.jpg;https://ei.phncdn.com/videos/202110/30/397225231/original/(m=eaAaGwObaaamqv)(mh=ahzTBqGgIe5JK67v)2.jpg;https://ei.phncdn.com/videos/202110/30/397225231/original/(m=eaAaGwObaaamqv)(mh=ahzTBqGgIe5JK67v)3.jpg;https://ei.phncdn.com/videos/202110/30/397225231/original/(m=eaAaGwObaaamqv)(mh=ahzTBqGgIe5JK67v)4.jpg;https://ei.phncdn.com/videos/202110/30/397225231/original/(m=eaAaGwObaaamqv)(mh=ahzTBqGgIe5JK67v)5.jpg;https://ei.phncdn.com/videos/202110/30/397225231/original/(m=eaAaGwObaaamqv)(mh=ahzTBqGgIe5JK67v)6.jpg;https://ei.phncdn.com/videos/202110/30/397225231/original/(m=eaAaGwObaaamqv)(mh=ahzTBqGgIe5JK67v)7.jpg;https://ei.phncdn.com/videos/202110/30/397225231/original/(m=eaAaGwObaaamqv)(mh=ahzTBqGgIe5JK67v)8.jpg;https://ei.phncdn.com/videos/202110/30/397225231/original/(m=eaAaGwObaaamqv)(mh=ahzTBqGgIe5JK67v)9.jpg;https://ei.phncdn.com/videos/202110/30/397225231/original/(m=eaAaGwObaaamqv)(mh=ahzTBqGgIe5JK67v)10.jpg;https://ei.phncdn.com/videos/202110/30/397225231/original/(m=eaAaGwObaaamqv)(mh=ahzTBqGgIe5JK67v)11.jpg;https://ei.phncdn.com/videos/202110/30/397225231/original/(m=eaAaGwObaaamqv)(mh=ahzTBqGgIe5JK67v)12.jpg;https://ei.phncdn.com/videos/202110/30/397225231/original/(m=eaAaGwObaaamqv)(mh=ahzTBqGgIe5JK67v)13.jpg;https://ei.phncdn.com/videos/202110/30/397225231/original/(m=eaAaGwObaaamqv)(mh=ahzTBqGgIe5JK67v)14.jpg;https://ei.phncdn.com/videos/202110/30/397225231/original/(m=eaAaGwObaaamqv)(mh=ahzTBqGgIe5JK67v)15.jpg;https://ei.phncdn.com/videos/202110/30/397225231/original/(m=eaAaGwObaaamqv)(mh=ahzTBqGgIe5JK67v)16.jpg
<iframe src="https://www.pornhub.com/embed/ph62c1e379707be" frameborder="0" height="481" width="608" scrolling="no"></iframe>|https://ei.phncdn.com/videos/202207/03/411070381/original/(m=eaf8GgaaaWavb)(mh=es9IJlQOoKdrT_jL)12.jpg|https://ei.phncdn.com/videos/202207/03/411070381/original/(m=eaf8GgaaaWavb)(mh=es9IJlQOoKdrT_jL)1.jpg;https://ei.phncdn.com/videos/202207/03/411070381/original/(m=eaf8GgaaaWavb)(mh=es9IJlQOoKdrT_jL)2.jpg;https://ei.phncdn.com/videos/202207/03/411070381/original/(m=eaf8GgaaaWavb)(mh=es9IJlQOoKdrT_jL)3.jpg;https://ei.phncdn.com/videos/202207/03/411070381/original/(m=eaf8GgaaaWavb)(mh=es9IJlQOoKdrT_jL)4.jpg;https://ei.phncdn.com/videos/202207/03/411070381/original/(m=eaf8GgaaaWavb)(mh=es9IJlQOoKdrT_jL)5.jpg;https://ei.phncdn.com/videos/202207/03/411070381/original/(m=eaf8GgaaaWavb)(mh=es9IJlQOoKdrT_jL)6.jpg;https://ei.phncdn.com/videos/202207/03/411070381/original/(m=eaf8GgaaaWavb)(mh=es9IJlQOoKdrT_jL)7.jpg;https://ei.phncdn.com/videos/202207/03/411070381/original/(m=eaf8GgaaaWavb)(mh=es9IJlQOoKdrT_jL)8.jpg;https://ei.phncdn.com/videos/202207/03/411070381/original/(m=eaf8GgaaaWavb)(mh=es9IJlQOoKdrT_jL)9.jpg;https://ei.phncdn.com/videos/202207/03/411070381/original/(m=eaf8GgaaaWavb)(mh=es9IJlQOoKdrT_jL)10.jpg;https://ei.phncdn.com/videos/202207/03/411070381/original/(m=eaf8GgaaaWavb)(mh=es9IJlQOoKdrT_jL)11.jpg;https://ei.phncdn.com/videos/202207/03/411070381/original/(m=eaf8GgaaaWavb)(mh=es9IJlQOoKdrT_jL)12.jpg;https://ei.phncdn.com/videos/202207/03/411070381/original/(m=eaf8GgaaaWavb)(mh=es9IJlQOoKdrT_jL)13.jpg;https://ei.phncdn.com/videos/202207/03/411070381/original/(m=eaf8GgaaaWavb)(mh=es9IJlQOoKdrT_jL)14.jpg;https://ei.phncdn.com/videos/202207/03/411070381/original/(m=eaf8GgaaaWavb)(mh=es9IJlQOoKdrT_jL)15.jpg;https://ei.phncdn.com/videos/202207/03/411070381/original/(m=eaf8GgaaaWavb)(mh=es9IJlQOoKdrT_jL)16.jpg|Puta árabe|arab;arabic|Arab;Exclusive;Verified Amateurs;Solo Female;Vertical Video||109|45963|70|21|https://ei.phncdn.com/videos/202207/03/411070381/original/(m=eaAaGwObaaamqv)(mh=vav9WR4wYeecxVVH)12.jpg|https://ei.phncdn.com/videos/202207/03/411070381/original/(m=eaAaGwObaaamqv)(mh=vav9WR4wYeecxVVH)1.jpg;https://ei.phncdn.com/videos/202207/03/411070381/original/(m=eaAaGwObaaamqv)(mh=vav9WR4wYeecxVVH)2.jpg;https://ei.phncdn.com/videos/202207/03/411070381/original/(m=eaAaGwObaaamqv)(mh=vav9WR4wYeecxVVH)3.jpg;https://ei.phncdn.com/videos/202207/03/411070381/original/(m=eaAaGwObaaamqv)(mh=vav9WR4wYeecxVVH)4.jpg;https://ei.phncdn.com/videos/202207/03/411070381/original/(m=eaAaGwObaaamqv)(mh=vav9WR4wYeecxVVH)5.jpg;https://ei.phncdn.com/videos/202207/03/411070381/original/(m=eaAaGwObaaamqv)(mh=vav9WR4wYeecxVVH)6.jpg;https://ei.phncdn.com/videos/202207/03/411070381/original/(m=eaAaGwObaaamqv)(mh=vav9WR4wYeecxVVH)7.jpg;https://ei.phncdn.com/videos/202207/03/411070381/original/(m=eaAaGwObaaamqv)(mh=vav9WR4wYeecxVVH)8.jpg;https://ei.phncdn.com/videos/202207/03/411070381/original/(m=eaAaGwObaaamqv)(mh=vav9WR4wYeecxVVH)9.jpg;https://ei.phncdn.com/videos/202207/03/411070381/original/(m=eaAaGwObaaamqv)(mh=vav9WR4wYeecxVVH)10.jpg;https://ei.phncdn.com/videos/202207/03/411070381/original/(m=eaAaGwObaaamqv)(mh=vav9WR4wYeecxVVH)11.jpg;https://ei.phncdn.com/videos/202207/03/411070381/original/(m=eaAaGwObaaamqv)(mh=vav9WR4wYeecxVVH)12.jpg;https://ei.phncdn.com/videos/202207/03/411070381/original/(m=eaAaGwObaaamqv)(mh=vav9WR4wYeecxVVH)13.jpg;https://ei.phncdn.com/videos/202207/03/411070381/original/(m=eaAaGwObaaamqv)(mh=vav9WR4wYeecxVVH)14.jpg;https://ei.phncdn.com/videos/202207/03/411070381/original/(m=eaAaGwObaaamqv)(mh=vav9WR4wYeecxVVH)15.jpg;https://ei.phncdn.com/videos/202207/03/411070381/original/(m=eaAaGwObaaamqv)(mh=vav9WR4wYeecxVVH)16.jpg
<iframe src="https://www.pornhub.com/embed/ph62c1e44b6f8c4" frameborder="0" height="481" width="608" scrolling="no"></iframe>|https://ei.phncdn.com/videos/202207/03/411070661/original/(m=eaf8GgaaaWavb)(mh=4ARaj-TCgiIa9jBT)5.jpg|https://ei.phncdn.com/videos/202207/03/411070661/original/(m=eaf8GgaaaWavb)(mh=4ARaj-TCgiIa9jBT)1.jpg;https://ei.phncdn.com/videos/202207/03/411070661/original/(m=eaf8GgaaaWavb)(mh=4ARaj-TCgiIa9jBT)2.jpg;https://ei.phncdn.com/videos/202207/03/411070661/original/(m=eaf8GgaaaWavb)(mh=4ARaj-TCgiIa9jBT)3.jpg;https://ei.phncdn.com/videos/202207/03/411070661/original/(m=eaf8GgaaaWavb)(mh=4ARaj-TCgiIa9jBT)4.jpg;https://ei.phncdn.com/videos/202207/03/411070661/original/(m=eaf8GgaaaWavb)(mh=4ARaj-TCgiIa9jBT)5.jpg;https://ei.phncdn.com/videos/202207/03/411070661/original/(m=eaf8GgaaaWavb)(mh=4ARaj-TCgiIa9jBT)6.jpg;https://ei.phncdn.com/videos/202207/03/411070661/original/(m=eaf8GgaaaWavb)(mh=4ARaj-TCgiIa9jBT)7.jpg;https://ei.phncdn.com/videos/202207/03/411070661/original/(m=eaf8GgaaaWavb)(mh=4ARaj-TCgiIa9jBT)8.jpg;https://ei.phncdn.com/videos/202207/03/411070661/original/(m=eaf8GgaaaWavb)(mh=4ARaj-TCgiIa9jBT)9.jpg;https://ei.phncdn.com/videos/202207/03/411070661/original/(m=eaf8GgaaaWavb)(mh=4ARaj-TCgiIa9jBT)10.jpg;https://ei.phncdn.com/videos/202207/03/411070661/original/(m=eaf8GgaaaWavb)(mh=4ARaj-TCgiIa9jBT)11.jpg;https://ei.phncdn.com/videos/202207/03/411070661/original/(m=eaf8GgaaaWavb)(mh=4ARaj-TCgiIa9jBT)12.jpg;https://ei.phncdn.com/videos/202207/03/411070661/original/(m=eaf8GgaaaWavb)(mh=4ARaj-TCgiIa9jBT)13.jpg;https://ei.phncdn.com/videos/202207/03/411070661/original/(m=eaf8GgaaaWavb)(mh=4ARaj-TCgiIa9jBT)14.jpg;https://ei.phncdn.com/videos/202207/03/411070661/original/(m=eaf8GgaaaWavb)(mh=4ARaj-TCgiIa9jBT)15.jpg;https://ei.phncdn.com/videos/202207/03/411070661/original/(m=eaf8GgaaaWavb)(mh=4ARaj-TCgiIa9jBT)16.jpg|Arabic bitch|arabic;arab-egypt;arab-anal|Arab;Exclusive;Verified Amateurs;Solo Female;Vertical Video||173|73541|151|22|https://ei.phncdn.com/videos/202207/03/411070661/original/(m=eaAaGwObaaamqv)(mh=GwsBsyppOVYEBnqu)5.jpg|https://ei.phncdn.com/videos/202207/03/411070661/original/(m=eaAaGwObaaamqv)(mh=GwsBsyppOVYEBnqu)1.jpg;https://ei.phncdn.com/videos/202207/03/411070661/original/(m=eaAaGwObaaamqv)(mh=GwsBsyppOVYEBnqu)2.jpg;https://ei.phncdn.com/videos/202207/03/411070661/original/(m=eaAaGwObaaamqv)(mh=GwsBsyppOVYEBnqu)3.jpg;https://ei.phncdn.com/videos/202207/03/411070661/original/(m=eaAaGwObaaamqv)(mh=GwsBsyppOVYEBnqu)4.jpg;https://ei.phncdn.com/videos/202207/03/411070661/original/(m=eaAaGwObaaamqv)(mh=GwsBsyppOVYEBnqu)5.jpg;https://ei.phncdn.com/videos/202207/03/411070661/original/(m=eaAaGwObaaamqv)(mh=GwsBsyppOVYEBnqu)6.jpg;https://ei.phncdn.com/videos/202207/03/411070661/original/(m=eaAaGwObaaamqv)(mh=GwsBsyppOVYEBnqu)7.jpg;https://ei.phncdn.com/videos/202207/03/411070661/original/(m=eaAaGwObaaamqv)(mh=GwsBsyppOVYEBnqu)8.jpg;https://ei.phncdn.com/videos/202207/03/411070661/original/(m=eaAaGwObaaamqv)(mh=GwsBsyppOVYEBnqu)9.jpg;https://ei.phncdn.com/videos/202207/03/411070661/original/(m=eaAaGwObaaamqv)(mh=GwsBsyppOVYEBnqu)10.jpg;https://ei.phncdn.com/videos/202207/03/411070661/original/(m=eaAaGwObaaamqv)(mh=GwsBsyppOVYEBnqu)11.jpg;https://ei.phncdn.com/videos/202207/03/411070661/original/(m=eaAaGwObaaamqv)(mh=GwsBsyppOVYEBnqu)12.jpg;https://ei.phncdn.com/videos/202207/03/411070661/original/(m=eaAaGwObaaamqv)(mh=GwsBsyppOVYEBnqu)13.jpg;https://ei.phncdn.com/videos/202207/03/411070661/original/(m=eaAaGwObaaamqv)(mh=GwsBsyppOVYEBnqu)14.jpg;https://ei.phncdn.com/videos/202207/03/411070661/original/(m=eaAaGwObaaamqv)(mh=GwsBsyppOVYEBnqu)15.jpg;https://ei.phncdn.com/videos/202207/03/411070661/original/(m=eaAaGwObaaamqv)(mh=GwsBsyppOVYEBnqu)16.jpg
<iframe src="https://www.pornhub.com/embed/ph62c1e69f0a4fc" frameborder="0" height="481" width="608" scrolling="no"></iframe>|https://ei.phncdn.com/videos/202207/03/411071221/original/(m=eaf8GgaaaWavb)(mh=W3ZyT-U2YInZGlOr)14.jpg|https://ei.phncdn.com/videos/202207/03/411071221/original/(m=eaf8GgaaaWavb)(mh=W3ZyT-U2YInZGlOr)1.jpg;https://ei.phncdn.com/videos/202207/03/411071221/original/(m=eaf8GgaaaWavb)(mh=W3ZyT-U2YInZGlOr)2.jpg;https://ei.phncdn.com/videos/202207/03/411071221/original/(m=eaf8GgaaaWavb)(mh=W3ZyT-U2YInZGlOr)3.jpg;https://ei.phncdn.com/videos/202207/03/411071221/original/(m=eaf8GgaaaWavb)(mh=W3ZyT-U2YInZGlOr)4.jpg;https://ei.phncdn.com/videos/202207/03/411071221/original/(m=eaf8GgaaaWavb)(mh=W3ZyT-U2YInZGlOr)5.jpg;https://ei.phncdn.com/videos/202207/03/411071221/original/(m=eaf8GgaaaWavb)(mh=W3ZyT-U2YInZGlOr)6.jpg;https://ei.phncdn.com/videos/202207/03/411071221/original/(m=eaf8GgaaaWavb)(mh=W3ZyT-U2YInZGlOr)7.jpg;https://ei.phncdn.com/videos/202207/03/411071221/original/(m=eaf8GgaaaWavb)(mh=W3ZyT-U2YInZGlOr)8.jpg;https://ei.phncdn.com/videos/202207/03/411071221/original/(m=eaf8GgaaaWavb)(mh=W3ZyT-U2YInZGlOr)9.jpg;https://ei.phncdn.com/videos/202207/03/411071221/original/(m=eaf8GgaaaWavb)(mh=W3ZyT-U2YInZGlOr)10.jpg;https://ei.phncdn.com/videos/202207/03/411071221/original/(m=eaf8GgaaaWavb)(mh=W3ZyT-U2YInZGlOr)11.jpg;https://ei.phncdn.com/videos/202207/03/411071221/original/(m=eaf8GgaaaWavb)(mh=W3ZyT-U2YInZGlOr)12.jpg;https://ei.phncdn.com/videos/202207/03/411071221/original/(m=eaf8GgaaaWavb)(mh=W3ZyT-U2YInZGlOr)13.jpg;https://ei.phncdn.com/videos/202207/03/411071221/original/(m=eaf8GgaaaWavb)(mh=W3ZyT-U2YInZGlOr)14.jpg;https://ei.phncdn.com/videos/202207/03/411071221/original/(m=eaf8GgaaaWavb)(mh=W3ZyT-U2YInZGlOr)15.jpg;https://ei.phncdn.com/videos/202207/03/411071221/original/(m=eaf8GgaaaWavb)(mh=W3ZyT-U2YInZGlOr)16.jpg|Puta árabe masturbación arabe|arab-hijab;arabic;egyptian;girl-masturbating|Arab;Brazilian;Exclusive;Verified Amateurs;Solo Female;Vertical Video||123|49783|89|14|https://ei.phncdn.com/videos/202207/03/411071221/original/(m=eaAaGwObaaamqv)(mh=cVZcbizmqzzmjYr3)14.jpg|https://ei.phncdn.com/videos/202207/03/411071221/original/(m=eaAaGwObaaamqv)(mh=cVZcbizmqzzmjYr3)1.jpg;https://ei.phncdn.com/videos/202207/03/411071221/original/(m=eaAaGwObaaamqv)(mh=cVZcbizmqzzmjYr3)2.jpg;https://ei.phncdn.com/videos/202207/03/411071221/original/(m=eaAaGwObaaamqv)(mh=cVZcbizmqzzmjYr3)3.jpg;https://ei.phncdn.com/videos/202207/03/411071221/original/(m=eaAaGwObaaamqv)(mh=cVZcbizmqzzmjYr3)4.jpg;https://ei.phncdn.com/videos/202207/03/411071221/original/(m=eaAaGwObaaamqv)(mh=cVZcbizmqzzmjYr3)5.jpg;https://ei.phncdn.com/videos/202207/03/411071221/original/(m=eaAaGwObaaamqv)(mh=cVZcbizmqzzmjYr3)6.jpg;https://ei.phncdn.com/videos/202207/03/411071221/original/(m=eaAaGwObaaamqv)(mh=cVZcbizmqzzmjYr3)7.jpg;https://ei.phncdn.com/videos/202207/03/411071221/original/(m=eaAaGwObaaamqv)(mh=cVZcbizmqzzmjYr3)8.jpg;https://ei.phncdn.com/videos/202207/03/411071221/original/(m=eaAaGwObaaamqv)(mh=cVZcbizmqzzmjYr3)9.jpg;https://ei.phncdn.com/videos/202207/03/411071221/original/(m=eaAaGwObaaamqv)(mh=cVZcbizmqzzmjYr3)10.jpg;https://ei.phncdn.com/videos/202207/03/411071221/original/(m=eaAaGwObaaamqv)(mh=cVZcbizmqzzmjYr3)11.jpg;https://ei.phncdn.com/videos/202207/03/411071221/original/(m=eaAaGwObaaamqv)(mh=cVZcbizmqzzmjYr3)12.jpg;https://ei.phncdn.com/videos/202207/03/411071221/original/(m=eaAaGwObaaamqv)(mh=cVZcbizmqzzmjYr3)13.jpg;https://ei.phncdn.com/videos/202207/03/411071221/original/(m=eaAaGwObaaamqv)(mh=cVZcbizmqzzmjYr3)14.jpg;https://ei.phncdn.com/videos/202207/03/411071221/original/(m=eaAaGwObaaamqv)(mh=cVZcbizmqzzmjYr3)15.jpg;https://ei.phncdn.com/videos/202207/03/411071221/original/(m=eaAaGwObaaamqv)(mh=cVZcbizmqzzmjYr3)16.jpg
<iframe src="https://www.pornhub.com/embed/ph62c5a05514248" frameborder="0" height="481" width="608" scrolling="no"></iframe>|https://ei.phncdn.com/videos/202207/06/411248811/original/(m=eaf8GgaaaWavb)(mh=p6MFIm0RDA80pmPw)1.jpg|https://ei.phncdn.com/videos/202207/06/411248811/original/(m=eaf8GgaaaWavb)(mh=p6MFIm0RDA80pmPw)1.jpg;https://ei.phncdn.com/videos/202207/06/411248811/original/(m=eaf8GgaaaWavb)(mh=p6MFIm0RDA80pmPw)2.jpg;https://ei.phncdn.com/videos/202207/06/411248811/original/(m=eaf8GgaaaWavb)(mh=p6MFIm0RDA80pmPw)3.jpg;https://ei.phncdn.com/videos/202207/06/411248811/original/(m=eaf8GgaaaWavb)(mh=p6MFIm0RDA80pmPw)4.jpg;https://ei.phncdn.com/videos/202207/06/411248811/original/(m=eaf8GgaaaWavb)(mh=p6MFIm0RDA80pmPw)5.jpg;https://ei.phncdn.com/videos/202207/06/411248811/original/(m=eaf8GgaaaWavb)(mh=p6MFIm0RDA80pmPw)6.jpg;https://ei.phncdn.com/videos/202207/06/411248811/original/(m=eaf8GgaaaWavb)(mh=p6MFIm0RDA80pmPw)7.jpg;https://ei.phncdn.com/videos/202207/06/411248811/original/(m=eaf8GgaaaWavb)(mh=p6MFIm0RDA80pmPw)8.jpg;https://ei.phncdn.com/videos/202207/06/411248811/original/(m=eaf8GgaaaWavb)(mh=p6MFIm0RDA80pmPw)9.jpg;https://ei.phncdn.com/videos/202207/06/411248811/original/(m=eaf8GgaaaWavb)(mh=p6MFIm0RDA80pmPw)10.jpg;https://ei.phncdn.com/videos/202207/06/411248811/original/(m=eaf8GgaaaWavb)(mh=p6MFIm0RDA80pmPw)11.jpg;https://ei.phncdn.com/videos/202207/06/411248811/original/(m=eaf8GgaaaWavb)(mh=p6MFIm0RDA80pmPw)12.jpg;https://ei.phncdn.com/videos/202207/06/411248811/original/(m=eaf8GgaaaWavb)(mh=p6MFIm0RDA80pmPw)13.jpg;https://ei.phncdn.com/videos/202207/06/411248811/original/(m=eaf8GgaaaWavb)(mh=p6MFIm0RDA80pmPw)14.jpg;https://ei.phncdn.com/videos/202207/06/411248811/original/(m=eaf8GgaaaWavb)(mh=p6MFIm0RDA80pmPw)15.jpg;https://ei.phncdn.com/videos/202207/06/411248811/original/(m=eaf8GgaaaWavb)(mh=p6MFIm0RDA80pmPw)16.jpg|Fingering asian|lesbian-fingering;anal-fingering;pussy-fingering|Arab;Korean;Exclusive;Verified Amateurs;Solo Female;Vertical Video||147|45753|73|15|https://ei.phncdn.com/videos/202207/06/411248811/original/(m=eaAaGwObaaamqv)(mh=G6h11iJt0g47PEGc)1.jpg|https://ei.phncdn.com/videos/202207/06/411248811/original/(m=eaAaGwObaaamqv)(mh=G6h11iJt0g47PEGc)1.jpg;https://ei.phncdn.com/videos/202207/06/411248811/original/(m=eaAaGwObaaamqv)(mh=G6h11iJt0g47PEGc)2.jpg;https://ei.phncdn.com/videos/202207/06/411248811/original/(m=eaAaGwObaaamqv)(mh=G6h11iJt0g47PEGc)3.jpg;https://ei.phncdn.com/videos/202207/06/411248811/original/(m=eaAaGwObaaamqv)(mh=G6h11iJt0g47PEGc)4.jpg;https://ei.phncdn.com/videos/202207/06/411248811/original/(m=eaAaGwObaaamqv)(mh=G6h11iJt0g47PEGc)5.jpg;https://ei.phncdn.com/videos/202207/06/411248811/original/(m=eaAaGwObaaamqv)(mh=G6h11iJt0g47PEGc)6.jpg;https://ei.phncdn.com/videos/202207/06/411248811/original/(m=eaAaGwObaaamqv)(mh=G6h11iJt0g47PEGc)7.jpg;https://ei.phncdn.com/videos/202207/06/411248811/original/(m=eaAaGwObaaamqv)(mh=G6h11iJt0g47PEGc)8.jpg;https://ei.phncdn.com/videos/202207/06/411248811/original/(m=eaAaGwObaaamqv)(mh=G6h11iJt0g47PEGc)9.jpg;https://ei.phncdn.com/videos/202207/06/411248811/original/(m=eaAaGwObaaamqv)(mh=G6h11iJt0g47PEGc)10.jpg;https://ei.phncdn.com/videos/202207/06/411248811/original/(m=eaAaGwObaaamqv)(mh=G6h11iJt0g47PEGc)11.jpg;https://ei.phncdn.com/videos/202207/06/411248811/original/(m=eaAaGwObaaamqv)(mh=G6h11iJt0g47PEGc)12.jpg;https://ei.phncdn.com/videos/202207/06/411248811/original/(m=eaAaGwObaaamqv)(mh=G6h11iJt0g47PEGc)13.jpg;https://ei.phncdn.com/videos/202207/06/411248811/original/(m=eaAaGwObaaamqv)(mh=G6h11iJt0g47PEGc)14.jpg;https://ei.phncdn.com/videos/202207/06/411248811/original/(m=eaAaGwObaaamqv)(mh=G6h11iJt0g47PEGc)15.jpg;https://ei.phncdn.com/videos/202207/06/411248811/original/(m=eaAaGwObaaamqv)(mh=G6h11iJt0g47PEGc)16.jpg
<iframe src="https://www.pornhub.com/embed/ph630e4c860edeb" frameborder="0" height="481" width="608" scrolling="no"></iframe>|https://ei.phncdn.com/videos/202208/30/414686481/original/(m=eaf8GgaaaWavb)(mh=tthWmcDLqDoTboUD)15.jpg|https://ei.phncdn.com/videos/202208/30/414686481/original/(m=eaf8GgaaaWavb)(mh=tthWmcDLqDoTboUD)1.jpg;https://ei.phncdn.com/videos/202208/30/414686481/original/(m=eaf8GgaaaWavb)(mh=tthWmcDLqDoTboUD)2.jpg;https://ei.phncdn.com/videos/202208/30/414686481/original/(m=eaf8GgaaaWavb)(mh=tthWmcDLqDoTboUD)3.jpg;https://ei.phncdn.com/videos/202208/30/414686481/original/(m=eaf8GgaaaWavb)(mh=tthWmcDLqDoTboUD)4.jpg;https://ei.phncdn.com/videos/202208/30/414686481/original/(m=eaf8GgaaaWavb)(mh=tthWmcDLqDoTboUD)5.jpg;https://ei.phncdn.com/videos/202208/30/414686481/original/(m=eaf8GgaaaWavb)(mh=tthWmcDLqDoTboUD)6.jpg;https://ei.phncdn.com/videos/202208/30/414686481/original/(m=eaf8GgaaaWavb)(mh=tthWmcDLqDoTboUD)7.jpg;https://ei.phncdn.com/videos/202208/30/414686481/original/(m=eaf8GgaaaWavb)(mh=tthWmcDLqDoTboUD)8.jpg;https://ei.phncdn.com/videos/202208/30/414686481/original/(m=eaf8GgaaaWavb)(mh=tthWmcDLqDoTboUD)9.jpg;https://ei.phncdn.com/videos/202208/30/414686481/original/(m=eaf8GgaaaWavb)(mh=tthWmcDLqDoTboUD)10.jpg;https://ei.phncdn.com/videos/202208/30/414686481/original/(m=eaf8GgaaaWavb)(mh=tthWmcDLqDoTboUD)11.jpg;https://ei.phncdn.com/videos/202208/30/414686481/original/(m=eaf8GgaaaWavb)(mh=tthWmcDLqDoTboUD)12.jpg;https://ei.phncdn.com/videos/202208/30/414686481/original/(m=eaf8GgaaaWavb)(mh=tthWmcDLqDoTboUD)13.jpg;https://ei.phncdn.com/videos/202208/30/414686481/original/(m=eaf8GgaaaWavb)(mh=tthWmcDLqDoTboUD)14.jpg;https://ei.phncdn.com/videos/202208/30/414686481/original/(m=eaf8GgaaaWavb)(mh=tthWmcDLqDoTboUD)15.jpg;https://ei.phncdn.com/videos/202208/30/414686481/original/(m=eaf8GgaaaWavb)(mh=tthWmcDLqDoTboUD)16.jpg|نعست مع مرات صاحبي ديوثي طلبني نحوي ليه مرتو ومرديتهاش ليه متعتها ليه مزيان بزب 🍆💦🇲🇦|maroc;arab-hijab;maroc-2022;arab;morocco;sex-maroc;algerie;hot-arabic-girl;lhwa-maroc;irani;porno-maroc;arab-marocain;sex-arab;egypt;arab-egypt;iranian-sex|Arab;Exclusive;Verified Amateurs||121|252860|347|53|https://ei.phncdn.com/videos/202208/30/414686481/original/(m=eaAaGwObaaamqv)(mh=wpi9-FHz5wOLLr9t)15.jpg|https://ei.phncdn.com/videos/202208/30/414686481/original/(m=eaAaGwObaaamqv)(mh=wpi9-FHz5wOLLr9t)1.jpg;https://ei.phncdn.com/videos/202208/30/414686481/original/(m=eaAaGwObaaamqv)(mh=wpi9-FHz5wOLLr9t)2.jpg;https://ei.phncdn.com/videos/202208/30/414686481/original/(m=eaAaGwObaaamqv)(mh=wpi9-FHz5wOLLr9t)3.jpg;https://ei.phncdn.com/videos/202208/30/414686481/original/(m=eaAaGwObaaamqv)(mh=wpi9-FHz5wOLLr9t)4.jpg;https://ei.phncdn.com/videos/202208/30/414686481/original/(m=eaAaGwObaaamqv)(mh=wpi9-FHz5wOLLr9t)5.jpg;https://ei.phncdn.com/videos/202208/30/414686481/original/(m=eaAaGwObaaamqv)(mh=wpi9-FHz5wOLLr9t)6.jpg;https://ei.phncdn.com/videos/202208/30/414686481/original/(m=eaAaGwObaaamqv)(mh=wpi9-FHz5wOLLr9t)7.jpg;https://ei.phncdn.com/videos/202208/30/414686481/original/(m=eaAaGwObaaamqv)(mh=wpi9-FHz5wOLLr9t)8.jpg;https://ei.phncdn.com/videos/202208/30/414686481/original/(m=eaAaGwObaaamqv)(mh=wpi9-FHz5wOLLr9t)9.jpg;https://ei.phncdn.com/videos/202208/30/414686481/original/(m=eaAaGwObaaamqv)(mh=wpi9-FHz5wOLLr9t)10.jpg;https://ei.phncdn.com/videos/202208/30/414686481/original/(m=eaAaGwObaaamqv)(mh=wpi9-FHz5wOLLr9t)11.jpg;https://ei.phncdn.com/videos/202208/30/414686481/original/(m=eaAaGwObaaamqv)(mh=wpi9-FHz5wOLLr9t)12.jpg;https://ei.phncdn.com/videos/202208/30/414686481/original/(m=eaAaGwObaaamqv)(mh=wpi9-FHz5wOLLr9t)13.jpg;https://ei.phncdn.com/videos/202208/30/414686481/original/(m=eaAaGwObaaamqv)(mh=wpi9-FHz5wOLLr9t)14.jpg;https://ei.phncdn.com/videos/202208/30/414686481/original/(m=eaAaGwObaaamqv)(mh=wpi9-FHz5wOLLr9t)15.jpg;https://ei.phncdn.com/videos/202208/30/414686481/original/(m=eaAaGwObaaamqv)(mh=wpi9-FHz5wOLLr9t)16.jpg
<iframe src="https://www.pornhub.com/embed/ph630e4eb8872c0" frameborder="0" height="481" width="608" scrolling="no"></iframe>|https://ei.phncdn.com/videos/202208/30/414686801/original/(m=eaf8GgaaaWavb)(mh=n1wmJ0KywWr5Bhxn)15.jpg|https://ei.phncdn.com/videos/202208/30/414686801/original/(m=eaf8GgaaaWavb)(mh=n1wmJ0KywWr5Bhxn)1.jpg;https://ei.phncdn.com/videos/202208/30/414686801/original/(m=eaf8GgaaaWavb)(mh=n1wmJ0KywWr5Bhxn)2.jpg;https://ei.phncdn.com/videos/202208/30/414686801/original/(m=eaf8GgaaaWavb)(mh=n1wmJ0KywWr5Bhxn)3.jpg;https://ei.phncdn.com/videos/202208/30/414686801/original/(m=eaf8GgaaaWavb)(mh=n1wmJ0KywWr5Bhxn)4.jpg;https://ei.phncdn.com/videos/202208/30/414686801/original/(m=eaf8GgaaaWavb)(mh=n1wmJ0KywWr5Bhxn)5.jpg;https://ei.phncdn.com/videos/202208/30/414686801/original/(m=eaf8GgaaaWavb)(mh=n1wmJ0KywWr5Bhxn)6.jpg;https://ei.phncdn.com/videos/202208/30/414686801/original/(m=eaf8GgaaaWavb)(mh=n1wmJ0KywWr5Bhxn)7.jpg;https://ei.phncdn.com/videos/202208/30/414686801/original/(m=eaf8GgaaaWavb)(mh=n1wmJ0KywWr5Bhxn)8.jpg;https://ei.phncdn.com/videos/202208/30/414686801/original/(m=eaf8GgaaaWavb)(mh=n1wmJ0KywWr5Bhxn)9.jpg;https://ei.phncdn.com/videos/202208/30/414686801/original/(m=eaf8GgaaaWavb)(mh=n1wmJ0KywWr5Bhxn)10.jpg;https://ei.phncdn.com/videos/202208/30/414686801/original/(m=eaf8GgaaaWavb)(mh=n1wmJ0KywWr5Bhxn)11.jpg;https://ei.phncdn.com/videos/202208/30/414686801/original/(m=eaf8GgaaaWavb)(mh=n1wmJ0KywWr5Bhxn)12.jpg;https://ei.phncdn.com/videos/202208/30/414686801/original/(m=eaf8GgaaaWavb)(mh=n1wmJ0KywWr5Bhxn)13.jpg;https://ei.phncdn.com/videos/202208/30/414686801/original/(m=eaf8GgaaaWavb)(mh=n1wmJ0KywWr5Bhxn)14.jpg;https://ei.phncdn.com/videos/202208/30/414686801/original/(m=eaf8GgaaaWavb)(mh=n1wmJ0KywWr5Bhxn)15.jpg;https://ei.phncdn.com/videos/202208/30/414686801/original/(m=eaf8GgaaaWavb)(mh=n1wmJ0KywWr5Bhxn)16.jpg|صاحبي ديوثي عجباتو الحوية لي درت لمراتو🔥💦مكرهش نحويه تاههو بحالها🇲🇦 |maroc;arab-hijab;maroc-2022;arab;morocco;sex-maroc;hot-arabic-girl;lhwa-maroc;irani;porno-maroc;arab-marocain;sex-arab;egypt;arab-egypt;iranian-sex|Arab;Exclusive;Verified Amateurs||113|41330|65|7|https://ei.phncdn.com/videos/202208/30/414686801/original/(m=eaAaGwObaaamqv)(mh=eSfVkekPTWE9Ffsv)15.jpg|https://ei.phncdn.com/videos/202208/30/414686801/original/(m=eaAaGwObaaamqv)(mh=eSfVkekPTWE9Ffsv)1.jpg;https://ei.phncdn.com/videos/202208/30/414686801/original/(m=eaAaGwObaaamqv)(mh=eSfVkekPTWE9Ffsv)2.jpg;https://ei.phncdn.com/videos/202208/30/414686801/original/(m=eaAaGwObaaamqv)(mh=eSfVkekPTWE9Ffsv)3.jpg;https://ei.phncdn.com/videos/202208/30/414686801/original/(m=eaAaGwObaaamqv)(mh=eSfVkekPTWE9Ffsv)4.jpg;https://ei.phncdn.com/videos/202208/30/414686801/original/(m=eaAaGwObaaamqv)(mh=eSfVkekPTWE9Ffsv)5.jpg;https://ei.phncdn.com/videos/202208/30/414686801/original/(m=eaAaGwObaaamqv)(mh=eSfVkekPTWE9Ffsv)6.jpg;https://ei.phncdn.com/videos/202208/30/414686801/original/(m=eaAaGwObaaamqv)(mh=eSfVkekPTWE9Ffsv)7.jpg;https://ei.phncdn.com/videos/202208/30/414686801/original/(m=eaAaGwObaaamqv)(mh=eSfVkekPTWE9Ffsv)8.jpg;https://ei.phncdn.com/videos/202208/30/414686801/original/(m=eaAaGwObaaamqv)(mh=eSfVkekPTWE9Ffsv)9.jpg;https://ei.phncdn.com/videos/202208/30/414686801/original/(m=eaAaGwObaaamqv)(mh=eSfVkekPTWE9Ffsv)10.jpg;https://ei.phncdn.com/videos/202208/30/414686801/original/(m=eaAaGwObaaamqv)(mh=eSfVkekPTWE9Ffsv)11.jpg;https://ei.phncdn.com/videos/202208/30/414686801/original/(m=eaAaGwObaaamqv)(mh=eSfVkekPTWE9Ffsv)12.jpg;https://ei.phncdn.com/videos/202208/30/414686801/original/(m=eaAaGwObaaamqv)(mh=eSfVkekPTWE9Ffsv)13.jpg;https://ei.phncdn.com/videos/202208/30/414686801/original/(m=eaAaGwObaaamqv)(mh=eSfVkekPTWE9Ffsv)14.jpg;https://ei.phncdn.com/videos/202208/30/414686801/original/(m=eaAaGwObaaamqv)(mh=eSfVkekPTWE9Ffsv)15.jpg;https://ei.phncdn.com/videos/202208/30/414686801/original/(m=eaAaGwObaaamqv)(mh=eSfVkekPTWE9Ffsv)16.jpg
<iframe src="https://www.pornhub.com/embed/63d7cdf5d0872" frameborder="0" height="481" width="608" scrolling="no"></iframe>|https://ei.phncdn.com/videos/202301/30/424426521/original/(m=eaf8GgaaaWavb)(mh=LF8G9sEq8p7h1bN0)4.jpg|https://ei.phncdn.com/videos/202301/30/424426521/original/(m=eaf8GgaaaWavb)(mh=LF8G9sEq8p7h1bN0)1.jpg;https://ei.phncdn.com/videos/202301/30/424426521/original/(m=eaf8GgaaaWavb)(mh=LF8G9sEq8p7h1bN0)2.jpg;https://ei.phncdn.com/videos/202301/30/424426521/original/(m=eaf8GgaaaWavb)(mh=LF8G9sEq8p7h1bN0)3.jpg;https://ei.phncdn.com/videos/202301/30/424426521/original/(m=eaf8GgaaaWavb)(mh=LF8G9sEq8p7h1bN0)4.jpg;https://ei.phncdn.com/videos/202301/30/424426521/original/(m=eaf8GgaaaWavb)(mh=LF8G9sEq8p7h1bN0)5.jpg;https://ei.phncdn.com/videos/202301/30/424426521/original/(m=eaf8GgaaaWavb)(mh=LF8G9sEq8p7h1bN0)6.jpg;https://ei.phncdn.com/videos/202301/30/424426521/original/(m=eaf8GgaaaWavb)(mh=LF8G9sEq8p7h1bN0)7.jpg;https://ei.phncdn.com/videos/202301/30/424426521/original/(m=eaf8GgaaaWavb)(mh=LF8G9sEq8p7h1bN0)8.jpg;https://ei.phncdn.com/videos/202301/30/424426521/original/(m=eaf8GgaaaWavb)(mh=LF8G9sEq8p7h1bN0)9.jpg;https://ei.phncdn.com/videos/202301/30/424426521/original/(m=eaf8GgaaaWavb)(mh=LF8G9sEq8p7h1bN0)10.jpg;https://ei.phncdn.com/videos/202301/30/424426521/original/(m=eaf8GgaaaWavb)(mh=LF8G9sEq8p7h1bN0)11.jpg;https://ei.phncdn.com/videos/202301/30/424426521/original/(m=eaf8GgaaaWavb)(mh=LF8G9sEq8p7h1bN0)12.jpg;https://ei.phncdn.com/videos/202301/30/424426521/original/(m=eaf8GgaaaWavb)(mh=LF8G9sEq8p7h1bN0)13.jpg;https://ei.phncdn.com/videos/202301/30/424426521/original/(m=eaf8GgaaaWavb)(mh=LF8G9sEq8p7h1bN0)14.jpg;https://ei.phncdn.com/videos/202301/30/424426521/original/(m=eaf8GgaaaWavb)(mh=LF8G9sEq8p7h1bN0)15.jpg;https://ei.phncdn.com/videos/202301/30/424426521/original/(m=eaf8GgaaaWavb)(mh=LF8G9sEq8p7h1bN0)16.jpg|Marocaine Casablanca|maroc;morocco|Arab;Exclusive;Verified Amateurs;Solo Female;Vertical Video||63|451|1|0|https://ei.phncdn.com/videos/202301/30/424426521/original/(m=eaAaGwObaaamqv)(mh=MJiugw9xljHLxZgB)4.jpg|https://ei.phncdn.com/videos/202301/30/424426521/original/(m=eaAaGwObaaamqv)(mh=MJiugw9xljHLxZgB)1.jpg;https://ei.phncdn.com/videos/202301/30/424426521/original/(m=eaAaGwObaaamqv)(mh=MJiugw9xljHLxZgB)2.jpg;https://ei.phncdn.com/videos/202301/30/424426521/original/(m=eaAaGwObaaamqv)(mh=MJiugw9xljHLxZgB)3.jpg;https://ei.phncdn.com/videos/202301/30/424426521/original/(m=eaAaGwObaaamqv)(mh=MJiugw9xljHLxZgB)4.jpg;https://ei.phncdn.com/videos/202301/30/424426521/original/(m=eaAaGwObaaamqv)(mh=MJiugw9xljHLxZgB)5.jpg;https://ei.phncdn.com/videos/202301/30/424426521/original/(m=eaAaGwObaaamqv)(mh=MJiugw9xljHLxZgB)6.jpg;https://ei.phncdn.com/videos/202301/30/424426521/original/(m=eaAaGwObaaamqv)(mh=MJiugw9xljHLxZgB)7.jpg;https://ei.phncdn.com/videos/202301/30/424426521/original/(m=eaAaGwObaaamqv)(mh=MJiugw9xljHLxZgB)8.jpg;https://ei.phncdn.com/videos/202301/30/424426521/original/(m=eaAaGwObaaamqv)(mh=MJiugw9xljHLxZgB)9.jpg;https://ei.phncdn.com/videos/202301/30/424426521/original/(m=eaAaGwObaaamqv)(mh=MJiugw9xljHLxZgB)10.jpg;https://ei.phncdn.com/videos/202301/30/424426521/original/(m=eaAaGwObaaamqv)(mh=MJiugw9xljHLxZgB)11.jpg;https://ei.phncdn.com/videos/202301/30/424426521/original/(m=eaAaGwObaaamqv)(mh=MJiugw9xljHLxZgB)12.jpg;https://ei.phncdn.com/videos/202301/30/424426521/original/(m=eaAaGwObaaamqv)(mh=MJiugw9xljHLxZgB)13.jpg;https://ei.phncdn.com/videos/202301/30/424426521/original/(m=eaAaGwObaaamqv)(mh=MJiugw9xljHLxZgB)14.jpg;https://ei.phncdn.com/videos/202301/30/424426521/original/(m=eaAaGwObaaamqv)(mh=MJiugw9xljHLxZgB)15.jpg;https://ei.phncdn.com/videos/202301/30/424426521/original/(m=eaAaGwObaaamqv)(mh=MJiugw9xljHLxZgB)16.jpg
<iframe src="https://www.pornhub.com/embed/655c660332293" frameborder="0" height="481" width="608" scrolling="no"></iframe>|https://ei.phncdn.com/videos/202311/21/443379871/original/(m=eaf8GgaaaWavb)(mh=_rtWFnWKLryzAfci)5.jpg|https://ei.phncdn.com/videos/202311/21/443379871/original/(m=eaf8GgaaaWavb)(mh=_rtWFnWKLryzAfci)1.jpg;https://ei.phncdn.com/videos/202311/21/443379871/original/(m=eaf8GgaaaWavb)(mh=_rtWFnWKLryzAfci)2.jpg;https://ei.phncdn.com/videos/202311/21/443379871/original/(m=eaf8GgaaaWavb)(mh=_rtWFnWKLryzAfci)3.jpg;https://ei.phncdn.com/videos/202311/21/443379871/original/(m=eaf8GgaaaWavb)(mh=_rtWFnWKLryzAfci)4.jpg;https://ei.phncdn.com/videos/202311/21/443379871/original/(m=eaf8GgaaaWavb)(mh=_rtWFnWKLryzAfci)5.jpg;https://ei.phncdn.com/videos/202311/21/443379871/original/(m=eaf8GgaaaWavb)(mh=_rtWFnWKLryzAfci)6.jpg;https://ei.phncdn.com/videos/202311/21/443379871/original/(m=eaf8GgaaaWavb)(mh=_rtWFnWKLryzAfci)7.jpg;https://ei.phncdn.com/videos/202311/21/443379871/original/(m=eaf8GgaaaWavb)(mh=_rtWFnWKLryzAfci)8.jpg;https://ei.phncdn.com/videos/202311/21/443379871/original/(m=eaf8GgaaaWavb)(mh=_rtWFnWKLryzAfci)9.jpg;https://ei.phncdn.com/videos/202311/21/443379871/original/(m=eaf8GgaaaWavb)(mh=_rtWFnWKLryzAfci)10.jpg;https://ei.phncdn.com/videos/202311/21/443379871/original/(m=eaf8GgaaaWavb)(mh=_rtWFnWKLryzAfci)11.jpg;https://ei.phncdn.com/videos/202311/21/443379871/original/(m=eaf8GgaaaWavb)(mh=_rtWFnWKLryzAfci)12.jpg;https://ei.phncdn.com/videos/202311/21/443379871/original/(m=eaf8GgaaaWavb)(mh=_rtWFnWKLryzAfci)13.jpg;https://ei.phncdn.com/videos/202311/21/443379871/original/(m=eaf8GgaaaWavb)(mh=_rtWFnWKLryzAfci)14.jpg;https://ei.phncdn.com/videos/202311/21/443379871/original/(m=eaf8GgaaaWavb)(mh=_rtWFnWKLryzAfci)15.jpg;https://ei.phncdn.com/videos/202311/21/443379871/original/(m=eaf8GgaaaWavb)(mh=_rtWFnWKLryzAfci)16.jpg|load moanng and long shaking to orgasim during ramadan day memories|قحبه-سعوديه;كحاب-عراقيات;نيك;ديوث-خليجي;ramadan;muslim-girls-fucking;loud-moaning-orgasm;masturbation-orgasm;sex-toy-testing;vibrator-orgasm;shaking-orgasm;pussy-fingering;arab-pussy;russian-homemade;loud-moaning;ممحونه|Arab;Russian;Verified Amateurs;Solo Female;Tattooed Women;Vertical Video||100|8262|46|1|https://ei.phncdn.com/videos/202311/21/443379871/original/(m=eaAaGwObaaamqv)(mh=0wvA2M_A2BN5C4DR)5.jpg|https://ei.phncdn.com/videos/202311/21/443379871/original/(m=eaAaGwObaaamqv)(mh=0wvA2M_A2BN5C4DR)1.jpg;https://ei.phncdn.com/videos/202311/21/443379871/original/(m=eaAaGwObaaamqv)(mh=0wvA2M_A2BN5C4DR)2.jpg;https://ei.phncdn.com/videos/202311/21/443379871/original/(m=eaAaGwObaaamqv)(mh=0wvA2M_A2BN5C4DR)3.jpg;https://ei.phncdn.com/videos/202311/21/443379871/original/(m=eaAaGwObaaamqv)(mh=0wvA2M_A2BN5C4DR)4.jpg;https://ei.phncdn.com/videos/202311/21/443379871/original/(m=eaAaGwObaaamqv)(mh=0wvA2M_A2BN5C4DR)5.jpg;https://ei.phncdn.com/videos/202311/21/443379871/original/(m=eaAaGwObaaamqv)(mh=0wvA2M_A2BN5C4DR)6.jpg;https://ei.phncdn.com/videos/202311/21/443379871/original/(m=eaAaGwObaaamqv)(mh=0wvA2M_A2BN5C4DR)7.jpg;https://ei.phncdn.com/videos/202311/21/443379871/original/(m=eaAaGwObaaamqv)(mh=0wvA2M_A2BN5C4DR)8.jpg;https://ei.phncdn.com/videos/202311/21/443379871/original/(m=eaAaGwObaaamqv)(mh=0wvA2M_A2BN5C4DR)9.jpg;https://ei.phncdn.com/videos/202311/21/443379871/original/(m=eaAaGwObaaamqv)(mh=0wvA2M_A2BN5C4DR)10.jpg;https://ei.phncdn.com/videos/202311/21/443379871/original/(m=eaAaGwObaaamqv)(mh=0wvA2M_A2BN5C4DR)11.jpg;https://ei.phncdn.com/videos/202311/21/443379871/original/(m=eaAaGwObaaamqv)(mh=0wvA2M_A2BN5C4DR)12.jpg;https://ei.phncdn.com/videos/202311/21/443379871/original/(m=eaAaGwObaaamqv)(mh=0wvA2M_A2BN5C4DR)13.jpg;https://ei.phncdn.com/videos/202311/21/443379871/original/(m=eaAaGwObaaamqv)(mh=0wvA2M_A2BN5C4DR)14.jpg;https://ei.phncdn.com/videos/202311/21/443379871/original/(m=eaAaGwObaaamqv)(mh=0wvA2M_A2BN5C4DR)15.jpg;https://ei.phncdn.com/videos/202311/21/443379871/original/(m=eaAaGwObaaamqv)(mh=0wvA2M_A2BN5C4DR)16.jpg
<iframe src="https://www.pornhub.com/embed/663092abd08ae" frameborder="0" height="481" width="608" scrolling="no"></iframe>|https://ei.phncdn.com/videos/202404/30/451793841/original/(m=eaf8GgaaaWavb)(mh=MTbRBqGWEo2LSzd-)16.jpg|https://ei.phncdn.com/videos/202404/30/451793841/original/(m=eaf8GgaaaWavb)(mh=MTbRBqGWEo2LSzd-)1.jpg;https://ei.phncdn.com/videos/202404/30/451793841/original/(m=eaf8GgaaaWavb)(mh=MTbRBqGWEo2LSzd-)2.jpg;https://ei.phncdn.com/videos/202404/30/451793841/original/(m=eaf8GgaaaWavb)(mh=MTbRBqGWEo2LSzd-)3.jpg;https://ei.phncdn.com/videos/202404/30/451793841/original/(m=eaf8GgaaaWavb)(mh=MTbRBqGWEo2LSzd-)4.jpg;https://ei.phncdn.com/videos/202404/30/451793841/original/(m=eaf8GgaaaWavb)(mh=MTbRBqGWEo2LSzd-)5.jpg;https://ei.phncdn.com/videos/202404/30/451793841/original/(m=eaf8GgaaaWavb)(mh=MTbRBqGWEo2LSzd-)6.jpg;https://ei.phncdn.com/videos/202404/30/451793841/original/(m=eaf8GgaaaWavb)(mh=MTbRBqGWEo2LSzd-)7.jpg;https://ei.phncdn.com/videos/202404/30/451793841/original/(m=eaf8GgaaaWavb)(mh=MTbRBqGWEo2LSzd-)8.jpg;https://ei.phncdn.com/videos/202404/30/451793841/original/(m=eaf8GgaaaWavb)(mh=MTbRBqGWEo2LSzd-)9.jpg;https://ei.phncdn.com/videos/202404/30/451793841/original/(m=eaf8GgaaaWavb)(mh=MTbRBqGWEo2LSzd-)10.jpg;https://ei.phncdn.com/videos/202404/30/451793841/original/(m=eaf8GgaaaWavb)(mh=MTbRBqGWEo2LSzd-)11.jpg;https://ei.phncdn.com/videos/202404/30/451793841/original/(m=eaf8GgaaaWavb)(mh=MTbRBqGWEo2LSzd-)12.jpg;https://ei.phncdn.com/videos/202404/30/451793841/original/(m=eaf8GgaaaWavb)(mh=MTbRBqGWEo2LSzd-)13.jpg;https://ei.phncdn.com/videos/202404/30/451793841/original/(m=eaf8GgaaaWavb)(mh=MTbRBqGWEo2LSzd-)14.jpg;https://ei.phncdn.com/videos/202404/30/451793841/original/(m=eaf8GgaaaWavb)(mh=MTbRBqGWEo2LSzd-)15.jpg;https://ei.phncdn.com/videos/202404/30/451793841/original/(m=eaf8GgaaaWavb)(mh=MTbRBqGWEo2LSzd-)16.jpg|ACTIVATE THE VIDEO FUCKER!|fucking-moderator;stupid-moderator|Arab;60FPS;Verified Amateurs;Pissing||830|22283|97|8|https://ei.phncdn.com/videos/202404/30/451793841/original/(m=eaAaGwObaaamqv)(mh=5XNZNaqhOvyj9bxs)16.jpg|https://ei.phncdn.com/videos/202404/30/451793841/original/(m=eaAaGwObaaamqv)(mh=5XNZNaqhOvyj9bxs)1.jpg;https://ei.phncdn.com/videos/202404/30/451793841/original/(m=eaAaGwObaaamqv)(mh=5XNZNaqhOvyj9bxs)2.jpg;https://ei.phncdn.com/videos/202404/30/451793841/original/(m=eaAaGwObaaamqv)(mh=5XNZNaqhOvyj9bxs)3.jpg;https://ei.phncdn.com/videos/202404/30/451793841/original/(m=eaAaGwObaaamqv)(mh=5XNZNaqhOvyj9bxs)4.jpg;https://ei.phncdn.com/videos/202404/30/451793841/original/(m=eaAaGwObaaamqv)(mh=5XNZNaqhOvyj9bxs)5.jpg;https://ei.phncdn.com/videos/202404/30/451793841/original/(m=eaAaGwObaaamqv)(mh=5XNZNaqhOvyj9bxs)6.jpg;https://ei.phncdn.com/videos/202404/30/451793841/original/(m=eaAaGwObaaamqv)(mh=5XNZNaqhOvyj9bxs)7.jpg;https://ei.phncdn.com/videos/202404/30/451793841/original/(m=eaAaGwObaaamqv)(mh=5XNZNaqhOvyj9bxs)8.jpg;https://ei.phncdn.com/videos/202404/30/451793841/original/(m=eaAaGwObaaamqv)(mh=5XNZNaqhOvyj9bxs)9.jpg;https://ei.phncdn.com/videos/202404/30/451793841/original/(m=eaAaGwObaaamqv)(mh=5XNZNaqhOvyj9bxs)10.jpg;https://ei.phncdn.com/videos/202404/30/451793841/original/(m=eaAaGwObaaamqv)(mh=5XNZNaqhOvyj9bxs)11.jpg;https://ei.phncdn.com/videos/202404/30/451793841/original/(m=eaAaGwObaaamqv)(mh=5XNZNaqhOvyj9bxs)12.jpg;https://ei.phncdn.com/videos/202404/30/451793841/original/(m=eaAaGwObaaamqv)(mh=5XNZNaqhOvyj9bxs)13.jpg;https://ei.phncdn.com/videos/202404/30/451793841/original/(m=eaAaGwObaaamqv)(mh=5XNZNaqhOvyj9bxs)14.jpg;https://ei.phncdn.com/videos/202404/30/451793841/original/(m=eaAaGwObaaamqv)(mh=5XNZNaqhOvyj9bxs)15.jpg;https://ei.phncdn.com/videos/202404/30/451793841/original/(m=eaAaGwObaaamqv)(mh=5XNZNaqhOvyj9bxs)16.jpg
<iframe src="https://www.pornhub.com/embed/66c1a493919ab" frameborder="0" height="481" width="608" scrolling="no"></iframe>|https://ei.phncdn.com/videos/202408/18/456641641/thumbs_5/(m=eaf8GgaaaWavb)(mh=VQb9DMsDa4qtGU_D)11.jpg|https://ei.phncdn.com/videos/202408/18/456641641/thumbs_5/(m=eaf8GgaaaWavb)(mh=VQb9DMsDa4qtGU_D)1.jpg;https://ei.phncdn.com/videos/202408/18/456641641/thumbs_5/(m=eaf8GgaaaWavb)(mh=VQb9DMsDa4qtGU_D)2.jpg;https://ei.phncdn.com/videos/202408/18/456641641/thumbs_5/(m=eaf8GgaaaWavb)(mh=VQb9DMsDa4qtGU_D)3.jpg;https://ei.phncdn.com/videos/202408/18/456641641/thumbs_5/(m=eaf8GgaaaWavb)(mh=VQb9DMsDa4qtGU_D)4.jpg;https://ei.phncdn.com/videos/202408/18/456641641/thumbs_5/(m=eaf8GgaaaWavb)(mh=VQb9DMsDa4qtGU_D)5.jpg;https://ei.phncdn.com/videos/202408/18/456641641/thumbs_5/(m=eaf8GgaaaWavb)(mh=VQb9DMsDa4qtGU_D)6.jpg;https://ei.phncdn.com/videos/202408/18/456641641/thumbs_5/(m=eaf8GgaaaWavb)(mh=VQb9DMsDa4qtGU_D)7.jpg;https://ei.phncdn.com/videos/202408/18/456641641/thumbs_5/(m=eaf8GgaaaWavb)(mh=VQb9DMsDa4qtGU_D)8.jpg;https://ei.phncdn.com/videos/202408/18/456641641/thumbs_5/(m=eaf8GgaaaWavb)(mh=VQb9DMsDa4qtGU_D)9.jpg;https://ei.phncdn.com/videos/202408/18/456641641/thumbs_5/(m=eaf8GgaaaWavb)(mh=VQb9DMsDa4qtGU_D)10.jpg;https://ei.phncdn.com/videos/202408/18/456641641/thumbs_5/(m=eaf8GgaaaWavb)(mh=VQb9DMsDa4qtGU_D)11.jpg;https://ei.phncdn.com/videos/202408/18/456641641/thumbs_5/(m=eaf8GgaaaWavb)(mh=VQb9DMsDa4qtGU_D)12.jpg;https://ei.phncdn.com/videos/202408/18/456641641/thumbs_5/(m=eaf8GgaaaWavb)(mh=VQb9DMsDa4qtGU_D)13.jpg;https://ei.phncdn.com/videos/202408/18/456641641/thumbs_5/(m=eaf8GgaaaWavb)(mh=VQb9DMsDa4qtGU_D)14.jpg;https://ei.phncdn.com/videos/202408/18/456641641/thumbs_5/(m=eaf8GgaaaWavb)(mh=VQb9DMsDa4qtGU_D)15.jpg;https://ei.phncdn.com/videos/202408/18/456641641/thumbs_5/(m=eaf8GgaaaWavb)(mh=VQb9DMsDa4qtGU_D)16.jpg|Working no|how-to-last-longer;nipple-sucking|Arab;Exclusive;Verified Amateurs;Behind The Scenes;Vertical Video||1147|1177|10|0|https://ei.phncdn.com/videos/202408/18/456641641/thumbs_5/(m=eaAaGwObaaamqv)(mh=phLH3YeWGCPy3Tqs)11.jpg|https://ei.phncdn.com/videos/202408/18/456641641/thumbs_5/(m=eaAaGwObaaamqv)(mh=phLH3YeWGCPy3Tqs)1.jpg;https://ei.phncdn.com/videos/202408/18/456641641/thumbs_5/(m=eaAaGwObaaamqv)(mh=phLH3YeWGCPy3Tqs)2.jpg;https://ei.phncdn.com/videos/202408/18/456641641/thumbs_5/(m=eaAaGwObaaamqv)(mh=phLH3YeWGCPy3Tqs)3.jpg;https://ei.phncdn.com/videos/202408/18/456641641/thumbs_5/(m=eaAaGwObaaamqv)(mh=phLH3YeWGCPy3Tqs)4.jpg;https://ei.phncdn.com/videos/202408/18/456641641/thumbs_5/(m=eaAaGwObaaamqv)(mh=phLH3YeWGCPy3Tqs)5.jpg;https://ei.phncdn.com/videos/202408/18/456641641/thumbs_5/(m=eaAaGwObaaamqv)(mh=phLH3YeWGCPy3Tqs)6.jpg;https://ei.phncdn.com/videos/202408/18/456641641/thumbs_5/(m=eaAaGwObaaamqv)(mh=phLH3YeWGCPy3Tqs)7.jpg;https://ei.phncdn.com/videos/202408/18/456641641/thumbs_5/(m=eaAaGwObaaamqv)(mh=phLH3YeWGCPy3Tqs)8.jpg;https://ei.phncdn.com/videos/202408/18/456641641/thumbs_5/(m=eaAaGwObaaamqv)(mh=phLH3YeWGCPy3Tqs)9.jpg;https://ei.phncdn.com/videos/202408/18/456641641/thumbs_5/(m=eaAaGwObaaamqv)(mh=phLH3YeWGCPy3Tqs)10.jpg;https://ei.phncdn.com/videos/202408/18/456641641/thumbs_5/(m=eaAaGwObaaamqv)(mh=phLH3YeWGCPy3Tqs)11.jpg;https://ei.phncdn.com/videos/202408/18/456641641/thumbs_5/(m=eaAaGwObaaamqv)(mh=phLH3YeWGCPy3Tqs)12.jpg;https://ei.phncdn.com/videos/202408/18/456641641/thumbs_5/(m=eaAaGwObaaamqv)(mh=phLH3YeWGCPy3Tqs)13.jpg;https://ei.phncdn.com/videos/202408/18/456641641/thumbs_5/(m=eaAaGwObaaamqv)(mh=phLH3YeWGCPy3Tqs)14.jpg;https://ei.phncdn.com/videos/202408/18/456641641/thumbs_5/(m=eaAaGwObaaamqv)(mh=phLH3YeWGCPy3Tqs)15.jpg;https://ei.phncdn.com/videos/202408/18/456641641/thumbs_5/(m=eaAaGwObaaamqv)(mh=phLH3YeWGCPy3Tqs)16.jpg
<iframe src="https://www.pornhub.com/embed/672ad29cdd910" frameborder="0" height="481" width="608" scrolling="no"></iframe>|https://ei.phncdn.com/videos/202411/06/460118931/original/(m=eaf8GgaaaWavb)(mh=HJntbOrHZvGw7aM0)5.jpg|https://ei.phncdn.com/videos/202411/06/460118931/original/(m=eaf8GgaaaWavb)(mh=HJntbOrHZvGw7aM0)1.jpg;https://ei.phncdn.com/videos/202411/06/460118931/original/(m=eaf8GgaaaWavb)(mh=HJntbOrHZvGw7aM0)2.jpg;https://ei.phncdn.com/videos/202411/06/460118931/original/(m=eaf8GgaaaWavb)(mh=HJntbOrHZvGw7aM0)3.jpg;https://ei.phncdn.com/videos/202411/06/460118931/original/(m=eaf8GgaaaWavb)(mh=HJntbOrHZvGw7aM0)4.jpg;https://ei.phncdn.com/videos/202411/06/460118931/original/(m=eaf8GgaaaWavb)(mh=HJntbOrHZvGw7aM0)5.jpg;https://ei.phncdn.com/videos/202411/06/460118931/original/(m=eaf8GgaaaWavb)(mh=HJntbOrHZvGw7aM0)6.jpg;https://ei.phncdn.com/videos/202411/06/460118931/original/(m=eaf8GgaaaWavb)(mh=HJntbOrHZvGw7aM0)7.jpg;https://ei.phncdn.com/videos/202411/06/460118931/original/(m=eaf8GgaaaWavb)(mh=HJntbOrHZvGw7aM0)8.jpg;https://ei.phncdn.com/videos/202411/06/460118931/original/(m=eaf8GgaaaWavb)(mh=HJntbOrHZvGw7aM0)9.jpg;https://ei.phncdn.com/videos/202411/06/460118931/original/(m=eaf8GgaaaWavb)(mh=HJntbOrHZvGw7aM0)10.jpg;https://ei.phncdn.com/videos/202411/06/460118931/original/(m=eaf8GgaaaWavb)(mh=HJntbOrHZvGw7aM0)11.jpg;https://ei.phncdn.com/videos/202411/06/460118931/original/(m=eaf8GgaaaWavb)(mh=HJntbOrHZvGw7aM0)12.jpg;https://ei.phncdn.com/videos/202411/06/460118931/original/(m=eaf8GgaaaWavb)(mh=HJntbOrHZvGw7aM0)13.jpg;https://ei.phncdn.com/videos/202411/06/460118931/original/(m=eaf8GgaaaWavb)(mh=HJntbOrHZvGw7aM0)14.jpg;https://ei.phncdn.com/videos/202411/06/460118931/original/(m=eaf8GgaaaWavb)(mh=HJntbOrHZvGw7aM0)15.jpg;https://ei.phncdn.com/videos/202411/06/460118931/original/(m=eaf8GgaaaWavb)(mh=HJntbOrHZvGw7aM0)16.jpg|Me encanta hacerle el culo a esta zorra.  Milf muy trola me la cojo toda|big-ass-milf;big-tits-milf;mi-padrastro|Arab;Exclusive;Verified Amateurs;Muscular Men||110|13613|67|8|https://ei.phncdn.com/videos/202411/06/460118931/original/(m=eaAaGwObaaamqv)(mh=dMYnBKSdxsK270e9)5.jpg|https://ei.phncdn.com/videos/202411/06/460118931/original/(m=eaAaGwObaaamqv)(mh=dMYnBKSdxsK270e9)1.jpg;https://ei.phncdn.com/videos/202411/06/460118931/original/(m=eaAaGwObaaamqv)(mh=dMYnBKSdxsK270e9)2.jpg;https://ei.phncdn.com/videos/202411/06/460118931/original/(m=eaAaGwObaaamqv)(mh=dMYnBKSdxsK270e9)3.jpg;https://ei.phncdn.com/videos/202411/06/460118931/original/(m=eaAaGwObaaamqv)(mh=dMYnBKSdxsK270e9)4.jpg;https://ei.phncdn.com/videos/202411/06/460118931/original/(m=eaAaGwObaaamqv)(mh=dMYnBKSdxsK270e9)5.jpg;https://ei.phncdn.com/videos/202411/06/460118931/original/(m=eaAaGwObaaamqv)(mh=dMYnBKSdxsK270e9)6.jpg;https://ei.phncdn.com/videos/202411/06/460118931/original/(m=eaAaGwObaaamqv)(mh=dMYnBKSdxsK270e9)7.jpg;https://ei.phncdn.com/videos/202411/06/460118931/original/(m=eaAaGwObaaamqv)(mh=dMYnBKSdxsK270e9)8.jpg;https://ei.phncdn.com/videos/202411/06/460118931/original/(m=eaAaGwObaaamqv)(mh=dMYnBKSdxsK270e9)9.jpg;https://ei.phncdn.com/videos/202411/06/460118931/original/(m=eaAaGwObaaamqv)(mh=dMYnBKSdxsK270e9)10.jpg;https://ei.phncdn.com/videos/202411/06/460118931/original/(m=eaAaGwObaaamqv)(mh=dMYnBKSdxsK270e9)11.jpg;https://ei.phncdn.com/videos/202411/06/460118931/original/(m=eaAaGwObaaamqv)(mh=dMYnBKSdxsK270e9)12.jpg;https://ei.phncdn.com/videos/202411/06/460118931/original/(m=eaAaGwObaaamqv)(mh=dMYnBKSdxsK270e9)13.jpg;https://ei.phncdn.com/videos/202411/06/460118931/original/(m=eaAaGwObaaamqv)(mh=dMYnBKSdxsK270e9)14.jpg;https://ei.phncdn.com/videos/202411/06/460118931/original/(m=eaAaGwObaaamqv)(mh=dMYnBKSdxsK270e9)15.jpg;https://ei.phncdn.com/videos/202411/06/460118931/original/(m=eaAaGwObaaamqv)(mh=dMYnBKSdxsK270e9)16.jpg
<iframe src="https://www.pornhub.com/embed/673d47249f74f" frameborder="0" height="481" width="608" scrolling="no"></iframe>|https://ei.phncdn.com/videos/202411/20/460764481/original/(m=eaf8GgaaaWavb)(mh=HfhT7RC0gL6Dx8c6)16.jpg|https://ei.phncdn.com/videos/202411/20/460764481/original/(m=eaf8GgaaaWavb)(mh=HfhT7RC0gL6Dx8c6)1.jpg;https://ei.phncdn.com/videos/202411/20/460764481/original/(m=eaf8GgaaaWavb)(mh=HfhT7RC0gL6Dx8c6)2.jpg;https://ei.phncdn.com/videos/202411/20/460764481/original/(m=eaf8GgaaaWavb)(mh=HfhT7RC0gL6Dx8c6)3.jpg;https://ei.phncdn.com/videos/202411/20/460764481/original/(m=eaf8GgaaaWavb)(mh=HfhT7RC0gL6Dx8c6)4.jpg;https://ei.phncdn.com/videos/202411/20/460764481/original/(m=eaf8GgaaaWavb)(mh=HfhT7RC0gL6Dx8c6)5.jpg;https://ei.phncdn.com/videos/202411/20/460764481/original/(m=eaf8GgaaaWavb)(mh=HfhT7RC0gL6Dx8c6)6.jpg;https://ei.phncdn.com/videos/202411/20/460764481/original/(m=eaf8GgaaaWavb)(mh=HfhT7RC0gL6Dx8c6)7.jpg;https://ei.phncdn.com/videos/202411/20/460764481/original/(m=eaf8GgaaaWavb)(mh=HfhT7RC0gL6Dx8c6)8.jpg;https://ei.phncdn.com/videos/202411/20/460764481/original/(m=eaf8GgaaaWavb)(mh=HfhT7RC0gL6Dx8c6)9.jpg;https://ei.phncdn.com/videos/202411/20/460764481/original/(m=eaf8GgaaaWavb)(mh=HfhT7RC0gL6Dx8c6)10.jpg;https://ei.phncdn.com/videos/202411/20/460764481/original/(m=eaf8GgaaaWavb)(mh=HfhT7RC0gL6Dx8c6)11.jpg;https://ei.phncdn.com/videos/202411/20/460764481/original/(m=eaf8GgaaaWavb)(mh=HfhT7RC0gL6Dx8c6)12.jpg;https://ei.phncdn.com/videos/202411/20/460764481/original/(m=eaf8GgaaaWavb)(mh=HfhT7RC0gL6Dx8c6)13.jpg;https://ei.phncdn.com/videos/202411/20/460764481/original/(m=eaf8GgaaaWavb)(mh=HfhT7RC0gL6Dx8c6)14.jpg;https://ei.phncdn.com/videos/202411/20/460764481/original/(m=eaf8GgaaaWavb)(mh=HfhT7RC0gL6Dx8c6)15.jpg;https://ei.phncdn.com/videos/202411/20/460764481/original/(m=eaf8GgaaaWavb)(mh=HfhT7RC0gL6Dx8c6)16.jpg|شرموطة مصرية بتتناك من عامل الدليفري لييتزا mom with pizza delivery|lara-rose-birch;aflam-sex-maroc;nik-arab;arab-masturbation;delivery;pizza;piss-in-ass;زب-كبير;سكس-ايراني;سكس-مصري-بصوت-واضح;لارا-ديابلا;بسنت-محمد;سكس-عراقي;femme-30-ans;hot-japanese-mom;belgium-milf|Arab;Exclusive;Verified Amateurs;Pissing||697|76167|158|38|https://ei.phncdn.com/videos/202411/20/460764481/original/(m=eaAaGwObaaamqv)(mh=mpwm3izKzny96my_)16.jpg|https://ei.phncdn.com/videos/202411/20/460764481/original/(m=eaAaGwObaaamqv)(mh=mpwm3izKzny96my_)1.jpg;https://ei.phncdn.com/videos/202411/20/460764481/original/(m=eaAaGwObaaamqv)(mh=mpwm3izKzny96my_)2.jpg;https://ei.phncdn.com/videos/202411/20/460764481/original/(m=eaAaGwObaaamqv)(mh=mpwm3izKzny96my_)3.jpg;https://ei.phncdn.com/videos/202411/20/460764481/original/(m=eaAaGwObaaamqv)(mh=mpwm3izKzny96my_)4.jpg;https://ei.phncdn.com/videos/202411/20/460764481/original/(m=eaAaGwObaaamqv)(mh=mpwm3izKzny96my_)5.jpg;https://ei.phncdn.com/videos/202411/20/460764481/original/(m=eaAaGwObaaamqv)(mh=mpwm3izKzny96my_)6.jpg;https://ei.phncdn.com/videos/202411/20/460764481/original/(m=eaAaGwObaaamqv)(mh=mpwm3izKzny96my_)7.jpg;https://ei.phncdn.com/videos/202411/20/460764481/original/(m=eaAaGwObaaamqv)(mh=mpwm3izKzny96my_)8.jpg;https://ei.phncdn.com/videos/202411/20/460764481/original/(m=eaAaGwObaaamqv)(mh=mpwm3izKzny96my_)9.jpg;https://ei.phncdn.com/videos/202411/20/460764481/original/(m=eaAaGwObaaamqv)(mh=mpwm3izKzny96my_)10.jpg;https://ei.phncdn.com/videos/202411/20/460764481/original/(m=eaAaGwObaaamqv)(mh=mpwm3izKzny96my_)11.jpg;https://ei.phncdn.com/videos/202411/20/460764481/original/(m=eaAaGwObaaamqv)(mh=mpwm3izKzny96my_)12.jpg;https://ei.phncdn.com/videos/202411/20/460764481/original/(m=eaAaGwObaaamqv)(mh=mpwm3izKzny96my_)13.jpg;https://ei.phncdn.com/videos/202411/20/460764481/original/(m=eaAaGwObaaamqv)(mh=mpwm3izKzny96my_)14.jpg;https://ei.phncdn.com/videos/202411/20/460764481/original/(m=eaAaGwObaaamqv)(mh=mpwm3izKzny96my_)15.jpg;https://ei.phncdn.com/videos/202411/20/460764481/original/(m=eaAaGwObaaamqv)(mh=mpwm3izKzny96my_)16.jpg
<iframe src="https://www.pornhub.com/embed/676d35f616b1a" frameborder="0" height="481" width="608" scrolling="no"></iframe>|https://ei.phncdn.com/videos/202412/26/462355351/original/(m=eaf8GgaaaWavb)(mh=eMZUEa9RwCBuTwoM)1.jpg|https://ei.phncdn.com/videos/202412/26/462355351/original/(m=eaf8GgaaaWavb)(mh=eMZUEa9RwCBuTwoM)1.jpg;https://ei.phncdn.com/videos/202412/26/462355351/original/(m=eaf8GgaaaWavb)(mh=eMZUEa9RwCBuTwoM)2.jpg;https://ei.phncdn.com/videos/202412/26/462355351/original/(m=eaf8GgaaaWavb)(mh=eMZUEa9RwCBuTwoM)3.jpg;https://ei.phncdn.com/videos/202412/26/462355351/original/(m=eaf8GgaaaWavb)(mh=eMZUEa9RwCBuTwoM)4.jpg;https://ei.phncdn.com/videos/202412/26/462355351/original/(m=eaf8GgaaaWavb)(mh=eMZUEa9RwCBuTwoM)5.jpg;https://ei.phncdn.com/videos/202412/26/462355351/original/(m=eaf8GgaaaWavb)(mh=eMZUEa9RwCBuTwoM)6.jpg;https://ei.phncdn.com/videos/202412/26/462355351/original/(m=eaf8GgaaaWavb)(mh=eMZUEa9RwCBuTwoM)7.jpg;https://ei.phncdn.com/videos/202412/26/462355351/original/(m=eaf8GgaaaWavb)(mh=eMZUEa9RwCBuTwoM)8.jpg;https://ei.phncdn.com/videos/202412/26/462355351/original/(m=eaf8GgaaaWavb)(mh=eMZUEa9RwCBuTwoM)9.jpg;https://ei.phncdn.com/videos/202412/26/462355351/original/(m=eaf8GgaaaWavb)(mh=eMZUEa9RwCBuTwoM)10.jpg;https://ei.phncdn.com/videos/202412/26/462355351/original/(m=eaf8GgaaaWavb)(mh=eMZUEa9RwCBuTwoM)11.jpg;https://ei.phncdn.com/videos/202412/26/462355351/original/(m=eaf8GgaaaWavb)(mh=eMZUEa9RwCBuTwoM)12.jpg;https://ei.phncdn.com/videos/202412/26/462355351/original/(m=eaf8GgaaaWavb)(mh=eMZUEa9RwCBuTwoM)13.jpg;https://ei.phncdn.com/videos/202412/26/462355351/original/(m=eaf8GgaaaWavb)(mh=eMZUEa9RwCBuTwoM)14.jpg;https://ei.phncdn.com/videos/202412/26/462355351/original/(m=eaf8GgaaaWavb)(mh=eMZUEa9RwCBuTwoM)15.jpg;https://ei.phncdn.com/videos/202412/26/462355351/original/(m=eaf8GgaaaWavb)(mh=eMZUEa9RwCBuTwoM)16.jpg|مصور خليجي ينشر على موقعه|بنت-سعوديه-في-سياره;sex-arab-hd;متناكه-مصريه|Arab;Exclusive;Verified Amateurs;Solo Female||63|33301|57|12|https://ei.phncdn.com/videos/202412/26/462355351/original/(m=eaAaGwObaaamqv)(mh=lU9V5YL0mm3Lpd9o)1.jpg|https://ei.phncdn.com/videos/202412/26/462355351/original/(m=eaAaGwObaaamqv)(mh=lU9V5YL0mm3Lpd9o)1.jpg;https://ei.phncdn.com/videos/202412/26/462355351/original/(m=eaAaGwObaaamqv)(mh=lU9V5YL0mm3Lpd9o)2.jpg;https://ei.phncdn.com/videos/202412/26/462355351/original/(m=eaAaGwObaaamqv)(mh=lU9V5YL0mm3Lpd9o)3.jpg;https://ei.phncdn.com/videos/202412/26/462355351/original/(m=eaAaGwObaaamqv)(mh=lU9V5YL0mm3Lpd9o)4.jpg;https://ei.phncdn.com/videos/202412/26/462355351/original/(m=eaAaGwObaaamqv)(mh=lU9V5YL0mm3Lpd9o)5.jpg;https://ei.phncdn.com/videos/202412/26/462355351/original/(m=eaAaGwObaaamqv)(mh=lU9V5YL0mm3Lpd9o)6.jpg;https://ei.phncdn.com/videos/202412/26/462355351/original/(m=eaAaGwObaaamqv)(mh=lU9V5YL0mm3Lpd9o)7.jpg;https://ei.phncdn.com/videos/202412/26/462355351/original/(m=eaAaGwObaaamqv)(mh=lU9V5YL0mm3Lpd9o)8.jpg;https://ei.phncdn.com/videos/202412/26/462355351/original/(m=eaAaGwObaaamqv)(mh=lU9V5YL0mm3Lpd9o)9.jpg;https://ei.phncdn.com/videos/202412/26/462355351/original/(m=eaAaGwObaaamqv)(mh=lU9V5YL0mm3Lpd9o)10.jpg;https://ei.phncdn.com/videos/202412/26/462355351/original/(m=eaAaGwObaaamqv)(mh=lU9V5YL0mm3Lpd9o)11.jpg;https://ei.phncdn.com/videos/202412/26/462355351/original/(m=eaAaGwObaaamqv)(mh=lU9V5YL0mm3Lpd9o)12.jpg;https://ei.phncdn.com/videos/202412/26/462355351/original/(m=eaAaGwObaaamqv)(mh=lU9V5YL0mm3Lpd9o)13.jpg;https://ei.phncdn.com/videos/202412/26/462355351/original/(m=eaAaGwObaaamqv)(mh=lU9V5YL0mm3Lpd9o)14.jpg;https://ei.phncdn.com/videos/202412/26/462355351/original/(m=eaAaGwObaaamqv)(mh=lU9V5YL0mm3Lpd9o)15.jpg;https://ei.phncdn.com/videos/202412/26/462355351/original/(m=eaAaGwObaaamqv)(mh=lU9V5YL0mm3Lpd9o)16.jpg
<iframe src="https://www.pornhub.com/embed/6772fcd065cb4" frameborder="0" height="481" width="608" scrolling="no"></iframe>|https://ei.phncdn.com/videos/202412/30/462533041/original/(m=eaf8GgaaaWavb)(mh=i1wcDtfcPokORPjo)9.jpg|https://ei.phncdn.com/videos/202412/30/462533041/original/(m=eaf8GgaaaWavb)(mh=i1wcDtfcPokORPjo)1.jpg;https://ei.phncdn.com/videos/202412/30/462533041/original/(m=eaf8GgaaaWavb)(mh=i1wcDtfcPokORPjo)2.jpg;https://ei.phncdn.com/videos/202412/30/462533041/original/(m=eaf8GgaaaWavb)(mh=i1wcDtfcPokORPjo)3.jpg;https://ei.phncdn.com/videos/202412/30/462533041/original/(m=eaf8GgaaaWavb)(mh=i1wcDtfcPokORPjo)4.jpg;https://ei.phncdn.com/videos/202412/30/462533041/original/(m=eaf8GgaaaWavb)(mh=i1wcDtfcPokORPjo)5.jpg;https://ei.phncdn.com/videos/202412/30/462533041/original/(m=eaf8GgaaaWavb)(mh=i1wcDtfcPokORPjo)6.jpg;https://ei.phncdn.com/videos/202412/30/462533041/original/(m=eaf8GgaaaWavb)(mh=i1wcDtfcPokORPjo)7.jpg;https://ei.phncdn.com/videos/202412/30/462533041/original/(m=eaf8GgaaaWavb)(mh=i1wcDtfcPokORPjo)8.jpg;https://ei.phncdn.com/videos/202412/30/462533041/original/(m=eaf8GgaaaWavb)(mh=i1wcDtfcPokORPjo)9.jpg;https://ei.phncdn.com/videos/202412/30/462533041/original/(m=eaf8GgaaaWavb)(mh=i1wcDtfcPokORPjo)10.jpg;https://ei.phncdn.com/videos/202412/30/462533041/original/(m=eaf8GgaaaWavb)(mh=i1wcDtfcPokORPjo)11.jpg;https://ei.phncdn.com/videos/202412/30/462533041/original/(m=eaf8GgaaaWavb)(mh=i1wcDtfcPokORPjo)12.jpg;https://ei.phncdn.com/videos/202412/30/462533041/original/(m=eaf8GgaaaWavb)(mh=i1wcDtfcPokORPjo)13.jpg;https://ei.phncdn.com/videos/202412/30/462533041/original/(m=eaf8GgaaaWavb)(mh=i1wcDtfcPokORPjo)14.jpg;https://ei.phncdn.com/videos/202412/30/462533041/original/(m=eaf8GgaaaWavb)(mh=i1wcDtfcPokORPjo)15.jpg;https://ei.phncdn.com/videos/202412/30/462533041/original/(m=eaf8GgaaaWavb)(mh=i1wcDtfcPokORPjo)16.jpg|Mia Niqab Striptease and Riding BBC|arab;muslim;hijab;arab-hijab;bbc-dildo;big-dildo|Arab;Verified Amateurs;Solo Female;Vertical Video||586|15381|174|16|https://ei.phncdn.com/videos/202412/30/462533041/original/(m=eaAaGwObaaamqv)(mh=pRapwdZ7iRX95PqY)9.jpg|https://ei.phncdn.com/videos/202412/30/462533041/original/(m=eaAaGwObaaamqv)(mh=pRapwdZ7iRX95PqY)1.jpg;https://ei.phncdn.com/videos/202412/30/462533041/original/(m=eaAaGwObaaamqv)(mh=pRapwdZ7iRX95PqY)2.jpg;https://ei.phncdn.com/videos/202412/30/462533041/original/(m=eaAaGwObaaamqv)(mh=pRapwdZ7iRX95PqY)3.jpg;https://ei.phncdn.com/videos/202412/30/462533041/original/(m=eaAaGwObaaamqv)(mh=pRapwdZ7iRX95PqY)4.jpg;https://ei.phncdn.com/videos/202412/30/462533041/original/(m=eaAaGwObaaamqv)(mh=pRapwdZ7iRX95PqY)5.jpg;https://ei.phncdn.com/videos/202412/30/462533041/original/(m=eaAaGwObaaamqv)(mh=pRapwdZ7iRX95PqY)6.jpg;https://ei.phncdn.com/videos/202412/30/462533041/original/(m=eaAaGwObaaamqv)(mh=pRapwdZ7iRX95PqY)7.jpg;https://ei.phncdn.com/videos/202412/30/462533041/original/(m=eaAaGwObaaamqv)(mh=pRapwdZ7iRX95PqY)8.jpg;https://ei.phncdn.com/videos/202412/30/462533041/original/(m=eaAaGwObaaamqv)(mh=pRapwdZ7iRX95PqY)9.jpg;https://ei.phncdn.com/videos/202412/30/462533041/original/(m=eaAaGwObaaamqv)(mh=pRapwdZ7iRX95PqY)10.jpg;https://ei.phncdn.com/videos/202412/30/462533041/original/(m=eaAaGwObaaamqv)(mh=pRapwdZ7iRX95PqY)11.jpg;https://ei.phncdn.com/videos/202412/30/462533041/original/(m=eaAaGwObaaamqv)(mh=pRapwdZ7iRX95PqY)12.jpg;https://ei.phncdn.com/videos/202412/30/462533041/original/(m=eaAaGwObaaamqv)(mh=pRapwdZ7iRX95PqY)13.jpg;https://ei.phncdn.com/videos/202412/30/462533041/original/(m=eaAaGwObaaamqv)(mh=pRapwdZ7iRX95PqY)14.jpg;https://ei.phncdn.com/videos/202412/30/462533041/original/(m=eaAaGwObaaamqv)(mh=pRapwdZ7iRX95PqY)15.jpg;https://ei.phncdn.com/videos/202412/30/462533041/original/(m=eaAaGwObaaamqv)(mh=pRapwdZ7iRX95PqY)16.jpg
<iframe src="https://www.pornhub.com/embed/68c18799a8ffe" frameborder="0" height="481" width="608" scrolling="no"></iframe>|https://ei.phncdn.com/videos/202509/10/22109905/original/(m=eaf8GgaaaWavb)(mh=zzQVdtYHVMAfky6W)12.jpg|https://ei.phncdn.com/videos/202509/10/22109905/original/(m=eaf8GgaaaWavb)(mh=zzQVdtYHVMAfky6W)1.jpg;https://ei.phncdn.com/videos/202509/10/22109905/original/(m=eaf8GgaaaWavb)(mh=zzQVdtYHVMAfky6W)2.jpg;https://ei.phncdn.com/videos/202509/10/22109905/original/(m=eaf8GgaaaWavb)(mh=zzQVdtYHVMAfky6W)3.jpg;https://ei.phncdn.com/videos/202509/10/22109905/original/(m=eaf8GgaaaWavb)(mh=zzQVdtYHVMAfky6W)4.jpg;https://ei.phncdn.com/videos/202509/10/22109905/original/(m=eaf8GgaaaWavb)(mh=zzQVdtYHVMAfky6W)5.jpg;https://ei.phncdn.com/videos/202509/10/22109905/original/(m=eaf8GgaaaWavb)(mh=zzQVdtYHVMAfky6W)6.jpg;https://ei.phncdn.com/videos/202509/10/22109905/original/(m=eaf8GgaaaWavb)(mh=zzQVdtYHVMAfky6W)7.jpg;https://ei.phncdn.com/videos/202509/10/22109905/original/(m=eaf8GgaaaWavb)(mh=zzQVdtYHVMAfky6W)8.jpg;https://ei.phncdn.com/videos/202509/10/22109905/original/(m=eaf8GgaaaWavb)(mh=zzQVdtYHVMAfky6W)9.jpg;https://ei.phncdn.com/videos/202509/10/22109905/original/(m=eaf8GgaaaWavb)(mh=zzQVdtYHVMAfky6W)10.jpg;https://ei.phncdn.com/videos/202509/10/22109905/original/(m=eaf8GgaaaWavb)(mh=zzQVdtYHVMAfky6W)11.jpg;https://ei.phncdn.com/videos/202509/10/22109905/original/(m=eaf8GgaaaWavb)(mh=zzQVdtYHVMAfky6W)12.jpg;https://ei.phncdn.com/videos/202509/10/22109905/original/(m=eaf8GgaaaWavb)(mh=zzQVdtYHVMAfky6W)13.jpg;https://ei.phncdn.com/videos/202509/10/22109905/original/(m=eaf8GgaaaWavb)(mh=zzQVdtYHVMAfky6W)14.jpg;https://ei.phncdn.com/videos/202509/10/22109905/original/(m=eaf8GgaaaWavb)(mh=zzQVdtYHVMAfky6W)15.jpg;https://ei.phncdn.com/videos/202509/10/22109905/original/(m=eaf8GgaaaWavb)(mh=zzQVdtYHVMAfky6W)16.jpg|Subscribe and enjoy the beauty! 💖|solo;asian|Arab;Verified Amateurs;Behind The Scenes;Solo Female||22|152|20|0|https://ei.phncdn.com/videos/202509/10/22109905/original/(m=eaAaGwObaaamqv)(mh=lPzukqq_MAIKdLwI)12.jpg|https://ei.phncdn.com/videos/202509/10/22109905/original/(m=eaAaGwObaaamqv)(mh=lPzukqq_MAIKdLwI)1.jpg;https://ei.phncdn.com/videos/202509/10/22109905/original/(m=eaAaGwObaaamqv)(mh=lPzukqq_MAIKdLwI)2.jpg;https://ei.phncdn.com/videos/202509/10/22109905/original/(m=eaAaGwObaaamqv)(mh=lPzukqq_MAIKdLwI)3.jpg;https://ei.phncdn.com/videos/202509/10/22109905/original/(m=eaAaGwObaaamqv)(mh=lPzukqq_MAIKdLwI)4.jpg;https://ei.phncdn.com/videos/202509/10/22109905/original/(m=eaAaGwObaaamqv)(mh=lPzukqq_MAIKdLwI)5.jpg;https://ei.phncdn.com/videos/202509/10/22109905/original/(m=eaAaGwObaaamqv)(mh=lPzukqq_MAIKdLwI)6.jpg;https://ei.phncdn.com/videos/202509/10/22109905/original/(m=eaAaGwObaaamqv)(mh=lPzukqq_MAIKdLwI)7.jpg;https://ei.phncdn.com/videos/202509/10/22109905/original/(m=eaAaGwObaaamqv)(mh=lPzukqq_MAIKdLwI)8.jpg;https://ei.phncdn.com/videos/202509/10/22109905/original/(m=eaAaGwObaaamqv)(mh=lPzukqq_MAIKdLwI)9.jpg;https://ei.phncdn.com/videos/202509/10/22109905/original/(m=eaAaGwObaaamqv)(mh=lPzukqq_MAIKdLwI)10.jpg;https://ei.phncdn.com/videos/202509/10/22109905/original/(m=eaAaGwObaaamqv)(mh=lPzukqq_MAIKdLwI)11.jpg;https://ei.phncdn.com/videos/202509/10/22109905/original/(m=eaAaGwObaaamqv)(mh=lPzukqq_MAIKdLwI)12.jpg;https://ei.phncdn.com/videos/202509/10/22109905/original/(m=eaAaGwObaaamqv)(mh=lPzukqq_MAIKdLwI)13.jpg;https://ei.phncdn.com/videos/202509/10/22109905/original/(m=eaAaGwObaaamqv)(mh=lPzukqq_MAIKdLwI)14.jpg;https://ei.phncdn.com/videos/202509/10/22109905/original/(m=eaAaGwObaaamqv)(mh=lPzukqq_MAIKdLwI)15.jpg;https://ei.phncdn.com/videos/202509/10/22109905/original/(m=eaAaGwObaaamqv)(mh=lPzukqq_MAIKdLwI)16.jpg
<iframe src="https://www.pornhub.com/embed/68cb3074f0367" frameborder="0" height="481" width="608" scrolling="no"></iframe>|https://ei.phncdn.com/videos/202509/17/23058015/original/(m=eaf8GgaaaWavb)(mh=n9mC-6-rEQrt6bUs)8.jpg|https://ei.phncdn.com/videos/202509/17/23058015/original/(m=eaf8GgaaaWavb)(mh=n9mC-6-rEQrt6bUs)1.jpg;https://ei.phncdn.com/videos/202509/17/23058015/original/(m=eaf8GgaaaWavb)(mh=n9mC-6-rEQrt6bUs)2.jpg;https://ei.phncdn.com/videos/202509/17/23058015/original/(m=eaf8GgaaaWavb)(mh=n9mC-6-rEQrt6bUs)3.jpg;https://ei.phncdn.com/videos/202509/17/23058015/original/(m=eaf8GgaaaWavb)(mh=n9mC-6-rEQrt6bUs)4.jpg;https://ei.phncdn.com/videos/202509/17/23058015/original/(m=eaf8GgaaaWavb)(mh=n9mC-6-rEQrt6bUs)5.jpg;https://ei.phncdn.com/videos/202509/17/23058015/original/(m=eaf8GgaaaWavb)(mh=n9mC-6-rEQrt6bUs)6.jpg;https://ei.phncdn.com/videos/202509/17/23058015/original/(m=eaf8GgaaaWavb)(mh=n9mC-6-rEQrt6bUs)7.jpg;https://ei.phncdn.com/videos/202509/17/23058015/original/(m=eaf8GgaaaWavb)(mh=n9mC-6-rEQrt6bUs)8.jpg;https://ei.phncdn.com/videos/202509/17/23058015/original/(m=eaf8GgaaaWavb)(mh=n9mC-6-rEQrt6bUs)9.jpg;https://ei.phncdn.com/videos/202509/17/23058015/original/(m=eaf8GgaaaWavb)(mh=n9mC-6-rEQrt6bUs)10.jpg;https://ei.phncdn.com/videos/202509/17/23058015/original/(m=eaf8GgaaaWavb)(mh=n9mC-6-rEQrt6bUs)11.jpg;https://ei.phncdn.com/videos/202509/17/23058015/original/(m=eaf8GgaaaWavb)(mh=n9mC-6-rEQrt6bUs)12.jpg;https://ei.phncdn.com/videos/202509/17/23058015/original/(m=eaf8GgaaaWavb)(mh=n9mC-6-rEQrt6bUs)13.jpg;https://ei.phncdn.com/videos/202509/17/23058015/original/(m=eaf8GgaaaWavb)(mh=n9mC-6-rEQrt6bUs)14.jpg;https://ei.phncdn.com/videos/202509/17/23058015/original/(m=eaf8GgaaaWavb)(mh=n9mC-6-rEQrt6bUs)15.jpg;https://ei.phncdn.com/videos/202509/17/23058015/original/(m=eaf8GgaaaWavb)(mh=n9mC-6-rEQrt6bUs)16.jpg|راجلي نعس و خلاني بلا حوا و حويت راسي عذبت طبيبين ديالي كيسيل ب لما و سخون اححح🥵🥵🥵🥵|moroccan-girl;sex-arab|Arab;Exclusive;Music;Verified Amateurs;Solo Female||120|13579|191|12|https://ei.phncdn.com/videos/202509/17/23058015/original/(m=eaAaGwObaaamqv)(mh=Pt9wjxaRCjjYlAXe)8.jpg|https://ei.phncdn.com/videos/202509/17/23058015/original/(m=eaAaGwObaaamqv)(mh=Pt9wjxaRCjjYlAXe)1.jpg;https://ei.phncdn.com/videos/202509/17/23058015/original/(m=eaAaGwObaaamqv)(mh=Pt9wjxaRCjjYlAXe)2.jpg;https://ei.phncdn.com/videos/202509/17/23058015/original/(m=eaAaGwObaaamqv)(mh=Pt9wjxaRCjjYlAXe)3.jpg;https://ei.phncdn.com/videos/202509/17/23058015/original/(m=eaAaGwObaaamqv)(mh=Pt9wjxaRCjjYlAXe)4.jpg;https://ei.phncdn.com/videos/202509/17/23058015/original/(m=eaAaGwObaaamqv)(mh=Pt9wjxaRCjjYlAXe)5.jpg;https://ei.phncdn.com/videos/202509/17/23058015/original/(m=eaAaGwObaaamqv)(mh=Pt9wjxaRCjjYlAXe)6.jpg;https://ei.phncdn.com/videos/202509/17/23058015/original/(m=eaAaGwObaaamqv)(mh=Pt9wjxaRCjjYlAXe)7.jpg;https://ei.phncdn.com/videos/202509/17/23058015/original/(m=eaAaGwObaaamqv)(mh=Pt9wjxaRCjjYlAXe)8.jpg;https://ei.phncdn.com/videos/202509/17/23058015/original/(m=eaAaGwObaaamqv)(mh=Pt9wjxaRCjjYlAXe)9.jpg;https://ei.phncdn.com/videos/202509/17/23058015/original/(m=eaAaGwObaaamqv)(mh=Pt9wjxaRCjjYlAXe)10.jpg;https://ei.phncdn.com/videos/202509/17/23058015/original/(m=eaAaGwObaaamqv)(mh=Pt9wjxaRCjjYlAXe)11.jpg;https://ei.phncdn.com/videos/202509/17/23058015/original/(m=eaAaGwObaaamqv)(mh=Pt9wjxaRCjjYlAXe)12.jpg;https://ei.phncdn.com/videos/202509/17/23058015/original/(m=eaAaGwObaaamqv)(mh=Pt9wjxaRCjjYlAXe)13.jpg;https://ei.phncdn.com/videos/202509/17/23058015/original/(m=eaAaGwObaaamqv)(mh=Pt9wjxaRCjjYlAXe)14.jpg;https://ei.phncdn.com/videos/202509/17/23058015/original/(m=eaAaGwObaaamqv)(mh=Pt9wjxaRCjjYlAXe)15.jpg;https://ei.phncdn.com/videos/202509/17/23058015/original/(m=eaAaGwObaaamqv)(mh=Pt9wjxaRCjjYlAXe)16.jpg
<iframe src="https://www.pornhub.com/embed/68d0a11c27d81" frameborder="0" height="481" width="608" scrolling="no"></iframe>|https://ei.phncdn.com/videos/202509/22/23524145/original/(m=eaf8GgaaaWavb)(mh=BnO9X84MUNsajWip)12.jpg|https://ei.phncdn.com/videos/202509/22/23524145/original/(m=eaf8GgaaaWavb)(mh=BnO9X84MUNsajWip)1.jpg;https://ei.phncdn.com/videos/202509/22/23524145/original/(m=eaf8GgaaaWavb)(mh=BnO9X84MUNsajWip)2.jpg;https://ei.phncdn.com/videos/202509/22/23524145/original/(m=eaf8GgaaaWavb)(mh=BnO9X84MUNsajWip)3.jpg;https://ei.phncdn.com/videos/202509/22/23524145/original/(m=eaf8GgaaaWavb)(mh=BnO9X84MUNsajWip)4.jpg;https://ei.phncdn.com/videos/202509/22/23524145/original/(m=eaf8GgaaaWavb)(mh=BnO9X84MUNsajWip)5.jpg;https://ei.phncdn.com/videos/202509/22/23524145/original/(m=eaf8GgaaaWavb)(mh=BnO9X84MUNsajWip)6.jpg;https://ei.phncdn.com/videos/202509/22/23524145/original/(m=eaf8GgaaaWavb)(mh=BnO9X84MUNsajWip)7.jpg;https://ei.phncdn.com/videos/202509/22/23524145/original/(m=eaf8GgaaaWavb)(mh=BnO9X84MUNsajWip)8.jpg;https://ei.phncdn.com/videos/202509/22/23524145/original/(m=eaf8GgaaaWavb)(mh=BnO9X84MUNsajWip)9.jpg;https://ei.phncdn.com/videos/202509/22/23524145/original/(m=eaf8GgaaaWavb)(mh=BnO9X84MUNsajWip)10.jpg;https://ei.phncdn.com/videos/202509/22/23524145/original/(m=eaf8GgaaaWavb)(mh=BnO9X84MUNsajWip)11.jpg;https://ei.phncdn.com/videos/202509/22/23524145/original/(m=eaf8GgaaaWavb)(mh=BnO9X84MUNsajWip)12.jpg;https://ei.phncdn.com/videos/202509/22/23524145/original/(m=eaf8GgaaaWavb)(mh=BnO9X84MUNsajWip)13.jpg;https://ei.phncdn.com/videos/202509/22/23524145/original/(m=eaf8GgaaaWavb)(mh=BnO9X84MUNsajWip)14.jpg;https://ei.phncdn.com/videos/202509/22/23524145/original/(m=eaf8GgaaaWavb)(mh=BnO9X84MUNsajWip)15.jpg;https://ei.phncdn.com/videos/202509/22/23524145/original/(m=eaf8GgaaaWavb)(mh=BnO9X84MUNsajWip)16.jpg|Vídeo viejo 🫦|chicas-masturbandose;pornbub-best-video|Arab;Exclusive;Verified Amateurs;Solo Female||8|154|21|1|https://ei.phncdn.com/videos/202509/22/23524145/original/(m=eaAaGwObaaamqv)(mh=1yiAS8PGlG0RYdPq)12.jpg|https://ei.phncdn.com/videos/202509/22/23524145/original/(m=eaAaGwObaaamqv)(mh=1yiAS8PGlG0RYdPq)1.jpg;https://ei.phncdn.com/videos/202509/22/23524145/original/(m=eaAaGwObaaamqv)(mh=1yiAS8PGlG0RYdPq)2.jpg;https://ei.phncdn.com/videos/202509/22/23524145/original/(m=eaAaGwObaaamqv)(mh=1yiAS8PGlG0RYdPq)3.jpg;https://ei.phncdn.com/videos/202509/22/23524145/original/(m=eaAaGwObaaamqv)(mh=1yiAS8PGlG0RYdPq)4.jpg;https://ei.phncdn.com/videos/202509/22/23524145/original/(m=eaAaGwObaaamqv)(mh=1yiAS8PGlG0RYdPq)5.jpg;https://ei.phncdn.com/videos/202509/22/23524145/original/(m=eaAaGwObaaamqv)(mh=1yiAS8PGlG0RYdPq)6.jpg;https://ei.phncdn.com/videos/202509/22/23524145/original/(m=eaAaGwObaaamqv)(mh=1yiAS8PGlG0RYdPq)7.jpg;https://ei.phncdn.com/videos/202509/22/23524145/original/(m=eaAaGwObaaamqv)(mh=1yiAS8PGlG0RYdPq)8.jpg;https://ei.phncdn.com/videos/202509/22/23524145/original/(m=eaAaGwObaaamqv)(mh=1yiAS8PGlG0RYdPq)9.jpg;https://ei.phncdn.com/videos/202509/22/23524145/original/(m=eaAaGwObaaamqv)(mh=1yiAS8PGlG0RYdPq)10.jpg;https://ei.phncdn.com/videos/202509/22/23524145/original/(m=eaAaGwObaaamqv)(mh=1yiAS8PGlG0RYdPq)11.jpg;https://ei.phncdn.com/videos/202509/22/23524145/original/(m=eaAaGwObaaamqv)(mh=1yiAS8PGlG0RYdPq)12.jpg;https://ei.phncdn.com/videos/202509/22/23524145/original/(m=eaAaGwObaaamqv)(mh=1yiAS8PGlG0RYdPq)13.jpg;https://ei.phncdn.com/videos/202509/22/23524145/original/(m=eaAaGwObaaamqv)(mh=1yiAS8PGlG0RYdPq)14.jpg;https://ei.phncdn.com/videos/202509/22/23524145/original/(m=eaAaGwObaaamqv)(mh=1yiAS8PGlG0RYdPq)15.jpg;https://ei.phncdn.com/videos/202509/22/23524145/original/(m=eaAaGwObaaamqv)(mh=1yiAS8PGlG0RYdPq)16.jpg
<iframe src="https://www.pornhub.com/embed/68d6b489ae4fc" frameborder="0" height="481" width="608" scrolling="no"></iframe>|https://ei.phncdn.com/videos/202509/26/24027995/original/(m=eaf8GgaaaWavb)(mh=eDih7Fw9H2rMTblO)3.jpg|https://ei.phncdn.com/videos/202509/26/24027995/original/(m=eaf8GgaaaWavb)(mh=eDih7Fw9H2rMTblO)1.jpg;https://ei.phncdn.com/videos/202509/26/24027995/original/(m=eaf8GgaaaWavb)(mh=eDih7Fw9H2rMTblO)2.jpg;https://ei.phncdn.com/videos/202509/26/24027995/original/(m=eaf8GgaaaWavb)(mh=eDih7Fw9H2rMTblO)3.jpg;https://ei.phncdn.com/videos/202509/26/24027995/original/(m=eaf8GgaaaWavb)(mh=eDih7Fw9H2rMTblO)4.jpg;https://ei.phncdn.com/videos/202509/26/24027995/original/(m=eaf8GgaaaWavb)(mh=eDih7Fw9H2rMTblO)5.jpg;https://ei.phncdn.com/videos/202509/26/24027995/original/(m=eaf8GgaaaWavb)(mh=eDih7Fw9H2rMTblO)6.jpg;https://ei.phncdn.com/videos/202509/26/24027995/original/(m=eaf8GgaaaWavb)(mh=eDih7Fw9H2rMTblO)7.jpg;https://ei.phncdn.com/videos/202509/26/24027995/original/(m=eaf8GgaaaWavb)(mh=eDih7Fw9H2rMTblO)8.jpg;https://ei.phncdn.com/videos/202509/26/24027995/original/(m=eaf8GgaaaWavb)(mh=eDih7Fw9H2rMTblO)9.jpg;https://ei.phncdn.com/videos/202509/26/24027995/original/(m=eaf8GgaaaWavb)(mh=eDih7Fw9H2rMTblO)10.jpg;https://ei.phncdn.com/videos/202509/26/24027995/original/(m=eaf8GgaaaWavb)(mh=eDih7Fw9H2rMTblO)11.jpg;https://ei.phncdn.com/videos/202509/26/24027995/original/(m=eaf8GgaaaWavb)(mh=eDih7Fw9H2rMTblO)12.jpg;https://ei.phncdn.com/videos/202509/26/24027995/original/(m=eaf8GgaaaWavb)(mh=eDih7Fw9H2rMTblO)13.jpg;https://ei.phncdn.com/videos/202509/26/24027995/original/(m=eaf8GgaaaWavb)(mh=eDih7Fw9H2rMTblO)14.jpg;https://ei.phncdn.com/videos/202509/26/24027995/original/(m=eaf8GgaaaWavb)(mh=eDih7Fw9H2rMTblO)15.jpg;https://ei.phncdn.com/videos/202509/26/24027995/original/(m=eaf8GgaaaWavb)(mh=eDih7Fw9H2rMTblO)16.jpg|Love To Play With My Pussycat Mia Niqab|mia-niqab;mianiqab;arab;muslim;hijab;catwoman;cosplay-masturbation;girl-masturbating;dildo;bdsm;girls-using-sex-toys;toys;arab-hijab;muslim-hijab|Arab;Verified Amateurs;Cosplay;Solo Female||892|2008|3|2|https://ei.phncdn.com/videos/202509/26/24027995/original/(m=eaAaGwObaaamqv)(mh=XjAjDMheOWiJzKYK)3.jpg|https://ei.phncdn.com/videos/202509/26/24027995/original/(m=eaAaGwObaaamqv)(mh=XjAjDMheOWiJzKYK)1.jpg;https://ei.phncdn.com/videos/202509/26/24027995/original/(m=eaAaGwObaaamqv)(mh=XjAjDMheOWiJzKYK)2.jpg;https://ei.phncdn.com/videos/202509/26/24027995/original/(m=eaAaGwObaaamqv)(mh=XjAjDMheOWiJzKYK)3.jpg;https://ei.phncdn.com/videos/202509/26/24027995/original/(m=eaAaGwObaaamqv)(mh=XjAjDMheOWiJzKYK)4.jpg;https://ei.phncdn.com/videos/202509/26/24027995/original/(m=eaAaGwObaaamqv)(mh=XjAjDMheOWiJzKYK)5.jpg;https://ei.phncdn.com/videos/202509/26/24027995/original/(m=eaAaGwObaaamqv)(mh=XjAjDMheOWiJzKYK)6.jpg;https://ei.phncdn.com/videos/202509/26/24027995/original/(m=eaAaGwObaaamqv)(mh=XjAjDMheOWiJzKYK)7.jpg;https://ei.phncdn.com/videos/202509/26/24027995/original/(m=eaAaGwObaaamqv)(mh=XjAjDMheOWiJzKYK)8.jpg;https://ei.phncdn.com/videos/202509/26/24027995/original/(m=eaAaGwObaaamqv)(mh=XjAjDMheOWiJzKYK)9.jpg;https://ei.phncdn.com/videos/202509/26/24027995/original/(m=eaAaGwObaaamqv)(mh=XjAjDMheOWiJzKYK)10.jpg;https://ei.phncdn.com/videos/202509/26/24027995/original/(m=eaAaGwObaaamqv)(mh=XjAjDMheOWiJzKYK)11.jpg;https://ei.phncdn.com/videos/202509/26/24027995/original/(m=eaAaGwObaaamqv)(mh=XjAjDMheOWiJzKYK)12.jpg;https://ei.phncdn.com/videos/202509/26/24027995/original/(m=eaAaGwObaaamqv)(mh=XjAjDMheOWiJzKYK)13.jpg;https://ei.phncdn.com/videos/202509/26/24027995/original/(m=eaAaGwObaaamqv)(mh=XjAjDMheOWiJzKYK)14.jpg;https://ei.phncdn.com/videos/202509/26/24027995/original/(m=eaAaGwObaaamqv)(mh=XjAjDMheOWiJzKYK)15.jpg;https://ei.phncdn.com/videos/202509/26/24027995/original/(m=eaAaGwObaaamqv)(mh=XjAjDMheOWiJzKYK)16.jpg
<iframe src="https://www.pornhub.com/embed/68f8d5ba9ddd8" frameborder="0" height="481" width="608" scrolling="no"></iframe>|https://ei.phncdn.com/videos/202510/22/27096345/original/(m=eaf8GgaaaWavb)(mh=SErr9EGYlA08uSwX)13.jpg|https://ei.phncdn.com/videos/202510/22/27096345/original/(m=eaf8GgaaaWavb)(mh=SErr9EGYlA08uSwX)1.jpg;https://ei.phncdn.com/videos/202510/22/27096345/original/(m=eaf8GgaaaWavb)(mh=SErr9EGYlA08uSwX)2.jpg;https://ei.phncdn.com/videos/202510/22/27096345/original/(m=eaf8GgaaaWavb)(mh=SErr9EGYlA08uSwX)3.jpg;https://ei.phncdn.com/videos/202510/22/27096345/original/(m=eaf8GgaaaWavb)(mh=SErr9EGYlA08uSwX)4.jpg;https://ei.phncdn.com/videos/202510/22/27096345/original/(m=eaf8GgaaaWavb)(mh=SErr9EGYlA08uSwX)5.jpg;https://ei.phncdn.com/videos/202510/22/27096345/original/(m=eaf8GgaaaWavb)(mh=SErr9EGYlA08uSwX)6.jpg;https://ei.phncdn.com/videos/202510/22/27096345/original/(m=eaf8GgaaaWavb)(mh=SErr9EGYlA08uSwX)7.jpg;https://ei.phncdn.com/videos/202510/22/27096345/original/(m=eaf8GgaaaWavb)(mh=SErr9EGYlA08uSwX)8.jpg;https://ei.phncdn.com/videos/202510/22/27096345/original/(m=eaf8GgaaaWavb)(mh=SErr9EGYlA08uSwX)9.jpg;https://ei.phncdn.com/videos/202510/22/27096345/original/(m=eaf8GgaaaWavb)(mh=SErr9EGYlA08uSwX)10.jpg;https://ei.phncdn.com/videos/202510/22/27096345/original/(m=eaf8GgaaaWavb)(mh=SErr9EGYlA08uSwX)11.jpg;https://ei.phncdn.com/videos/202510/22/27096345/original/(m=eaf8GgaaaWavb)(mh=SErr9EGYlA08uSwX)12.jpg;https://ei.phncdn.com/videos/202510/22/27096345/original/(m=eaf8GgaaaWavb)(mh=SErr9EGYlA08uSwX)13.jpg;https://ei.phncdn.com/videos/202510/22/27096345/original/(m=eaf8GgaaaWavb)(mh=SErr9EGYlA08uSwX)14.jpg;https://ei.phncdn.com/videos/202510/22/27096345/original/(m=eaf8GgaaaWavb)(mh=SErr9EGYlA08uSwX)15.jpg;https://ei.phncdn.com/videos/202510/22/27096345/original/(m=eaf8GgaaaWavb)(mh=SErr9EGYlA08uSwX)16.jpg|Cool World Parody Hentai Style Japanese Couple Erotic|toons;cartoon;cosplay;hentai;cool-world;parody;japan;japanese;big-dick;doggystyle;indian;arab;filter;cuckold|Arab;Verified Amateurs||541|299|||https://ei.phncdn.com/videos/202510/22/27096345/original/(m=eaAaGwObaaamqv)(mh=t8qPmKXh_eS0r7-T)13.jpg|https://ei.phncdn.com/videos/202510/22/27096345/original/(m=eaAaGwObaaamqv)(mh=t8qPmKXh_eS0r7-T)1.jpg;https://ei.phncdn.com/videos/202510/22/27096345/original/(m=eaAaGwObaaamqv)(mh=t8qPmKXh_eS0r7-T)2.jpg;https://ei.phncdn.com/videos/202510/22/27096345/original/(m=eaAaGwObaaamqv)(mh=t8qPmKXh_eS0r7-T)3.jpg;https://ei.phncdn.com/videos/202510/22/27096345/original/(m=eaAaGwObaaamqv)(mh=t8qPmKXh_eS0r7-T)4.jpg;https://ei.phncdn.com/videos/202510/22/27096345/original/(m=eaAaGwObaaamqv)(mh=t8qPmKXh_eS0r7-T)5.jpg;https://ei.phncdn.com/videos/202510/22/27096345/original/(m=eaAaGwObaaamqv)(mh=t8qPmKXh_eS0r7-T)6.jpg;https://ei.phncdn.com/videos/202510/22/27096345/original/(m=eaAaGwObaaamqv)(mh=t8qPmKXh_eS0r7-T)7.jpg;https://ei.phncdn.com/videos/202510/22/27096345/original/(m=eaAaGwObaaamqv)(mh=t8qPmKXh_eS0r7-T)8.jpg;https://ei.phncdn.com/videos/202510/22/27096345/original/(m=eaAaGwObaaamqv)(mh=t8qPmKXh_eS0r7-T)9.jpg;https://ei.phncdn.com/videos/202510/22/27096345/original/(m=eaAaGwObaaamqv)(mh=t8qPmKXh_eS0r7-T)10.jpg;https://ei.phncdn.com/videos/202510/22/27096345/original/(m=eaAaGwObaaamqv)(mh=t8qPmKXh_eS0r7-T)11.jpg;https://ei.phncdn.com/videos/202510/22/27096345/original/(m=eaAaGwObaaamqv)(mh=t8qPmKXh_eS0r7-T)12.jpg;https://ei.phncdn.com/videos/202510/22/27096345/original/(m=eaAaGwObaaamqv)(mh=t8qPmKXh_eS0r7-T)13.jpg;https://ei.phncdn.com/videos/202510/22/27096345/original/(m=eaAaGwObaaamqv)(mh=t8qPmKXh_eS0r7-T)14.jpg;https://ei.phncdn.com/videos/202510/22/27096345/original/(m=eaAaGwObaaamqv)(mh=t8qPmKXh_eS0r7-T)15.jpg;https://ei.phncdn.com/videos/202510/22/27096345/original/(m=eaAaGwObaaamqv)(mh=t8qPmKXh_eS0r7-T)16.jpg
<iframe src="https://www.pornhub.com/embed/6917c7d72483d" frameborder="0" height="481" width="608" scrolling="no"></iframe>|https://ei.phncdn.com/videos/202511/15/29729745/original/(m=eaf8GgaaaWavb)(mh=CMeQySJOcBM3J_Qk)12.jpg|https://ei.phncdn.com/videos/202511/15/29729745/original/(m=eaf8GgaaaWavb)(mh=CMeQySJOcBM3J_Qk)1.jpg;https://ei.phncdn.com/videos/202511/15/29729745/original/(m=eaf8GgaaaWavb)(mh=CMeQySJOcBM3J_Qk)2.jpg;https://ei.phncdn.com/videos/202511/15/29729745/original/(m=eaf8GgaaaWavb)(mh=CMeQySJOcBM3J_Qk)3.jpg;https://ei.phncdn.com/videos/202511/15/29729745/original/(m=eaf8GgaaaWavb)(mh=CMeQySJOcBM3J_Qk)4.jpg;https://ei.phncdn.com/videos/202511/15/29729745/original/(m=eaf8GgaaaWavb)(mh=CMeQySJOcBM3J_Qk)5.jpg;https://ei.phncdn.com/videos/202511/15/29729745/original/(m=eaf8GgaaaWavb)(mh=CMeQySJOcBM3J_Qk)6.jpg;https://ei.phncdn.com/videos/202511/15/29729745/original/(m=eaf8GgaaaWavb)(mh=CMeQySJOcBM3J_Qk)7.jpg;https://ei.phncdn.com/videos/202511/15/29729745/original/(m=eaf8GgaaaWavb)(mh=CMeQySJOcBM3J_Qk)8.jpg;https://ei.phncdn.com/videos/202511/15/29729745/original/(m=eaf8GgaaaWavb)(mh=CMeQySJOcBM3J_Qk)9.jpg;https://ei.phncdn.com/videos/202511/15/29729745/original/(m=eaf8GgaaaWavb)(mh=CMeQySJOcBM3J_Qk)10.jpg;https://ei.phncdn.com/videos/202511/15/29729745/original/(m=eaf8GgaaaWavb)(mh=CMeQySJOcBM3J_Qk)11.jpg;https://ei.phncdn.com/videos/202511/15/29729745/original/(m=eaf8GgaaaWavb)(mh=CMeQySJOcBM3J_Qk)12.jpg;https://ei.phncdn.com/videos/202511/15/29729745/original/(m=eaf8GgaaaWavb)(mh=CMeQySJOcBM3J_Qk)13.jpg;https://ei.phncdn.com/videos/202511/15/29729745/original/(m=eaf8GgaaaWavb)(mh=CMeQySJOcBM3J_Qk)14.jpg;https://ei.phncdn.com/videos/202511/15/29729745/original/(m=eaf8GgaaaWavb)(mh=CMeQySJOcBM3J_Qk)15.jpg;https://ei.phncdn.com/videos/202511/15/29729745/original/(m=eaf8GgaaaWavb)(mh=CMeQySJOcBM3J_Qk)16.jpg|Shaking my ass just for you|solo;ass-shaking;big-ass;big-ass-anal-pov;big-ass-muslim;big-ass-milf;ass-bouncing;homemade|Arab;Indian;Verified Amateurs;Behind The Scenes;Solo Female||23|45|2|0|https://ei.phncdn.com/videos/202511/15/29729745/original/(m=eaAaGwObaaamqv)(mh=dIkMHnakAQM8Xg6m)12.jpg|https://ei.phncdn.com/videos/202511/15/29729745/original/(m=eaAaGwObaaamqv)(mh=dIkMHnakAQM8Xg6m)1.jpg;https://ei.phncdn.com/videos/202511/15/29729745/original/(m=eaAaGwObaaamqv)(mh=dIkMHnakAQM8Xg6m)2.jpg;https://ei.phncdn.com/videos/202511/15/29729745/original/(m=eaAaGwObaaamqv)(mh=dIkMHnakAQM8Xg6m)3.jpg;https://ei.phncdn.com/videos/202511/15/29729745/original/(m=eaAaGwObaaamqv)(mh=dIkMHnakAQM8Xg6m)4.jpg;https://ei.phncdn.com/videos/202511/15/29729745/original/(m=eaAaGwObaaamqv)(mh=dIkMHnakAQM8Xg6m)5.jpg;https://ei.phncdn.com/videos/202511/15/29729745/original/(m=eaAaGwObaaamqv)(mh=dIkMHnakAQM8Xg6m)6.jpg;https://ei.phncdn.com/videos/202511/15/29729745/original/(m=eaAaGwObaaamqv)(mh=dIkMHnakAQM8Xg6m)7.jpg;https://ei.phncdn.com/videos/202511/15/29729745/original/(m=eaAaGwObaaamqv)(mh=dIkMHnakAQM8Xg6m)8.jpg;https://ei.phncdn.com/videos/202511/15/29729745/original/(m=eaAaGwObaaamqv)(mh=dIkMHnakAQM8Xg6m)9.jpg;https://ei.phncdn.com/videos/202511/15/29729745/original/(m=eaAaGwObaaamqv)(mh=dIkMHnakAQM8Xg6m)10.jpg;https://ei.phncdn.com/videos/202511/15/29729745/original/(m=eaAaGwObaaamqv)(mh=dIkMHnakAQM8Xg6m)11.jpg;https://ei.phncdn.com/videos/202511/15/29729745/original/(m=eaAaGwObaaamqv)(mh=dIkMHnakAQM8Xg6m)12.jpg;https://ei.phncdn.com/videos/202511/15/29729745/original/(m=eaAaGwObaaamqv)(mh=dIkMHnakAQM8Xg6m)13.jpg;https://ei.phncdn.com/videos/202511/15/29729745/original/(m=eaAaGwObaaamqv)(mh=dIkMHnakAQM8Xg6m)14.jpg;https://ei.phncdn.com/videos/202511/15/29729745/original/(m=eaAaGwObaaamqv)(mh=dIkMHnakAQM8Xg6m)15.jpg;https://ei.phncdn.com/videos/202511/15/29729745/original/(m=eaAaGwObaaamqv)(mh=dIkMHnakAQM8Xg6m)16.jpg
<iframe src="https://www.pornhub.com/embed/69851fafc6ed0" frameborder="0" height="481" width="608" scrolling="no"></iframe>|https://ei.phncdn.com/videos/202602/05/38485565/original/(m=eaf8GgaaaWavb)(mh=lGitWFhwZNad-T66)12.jpg|https://ei.phncdn.com/videos/202602/05/38485565/original/(m=eaf8GgaaaWavb)(mh=lGitWFhwZNad-T66)1.jpg;https://ei.phncdn.com/videos/202602/05/38485565/original/(m=eaf8GgaaaWavb)(mh=lGitWFhwZNad-T66)2.jpg;https://ei.phncdn.com/videos/202602/05/38485565/original/(m=eaf8GgaaaWavb)(mh=lGitWFhwZNad-T66)3.jpg;https://ei.phncdn.com/videos/202602/05/38485565/original/(m=eaf8GgaaaWavb)(mh=lGitWFhwZNad-T66)4.jpg;https://ei.phncdn.com/videos/202602/05/38485565/original/(m=eaf8GgaaaWavb)(mh=lGitWFhwZNad-T66)5.jpg;https://ei.phncdn.com/videos/202602/05/38485565/original/(m=eaf8GgaaaWavb)(mh=lGitWFhwZNad-T66)6.jpg;https://ei.phncdn.com/videos/202602/05/38485565/original/(m=eaf8GgaaaWavb)(mh=lGitWFhwZNad-T66)7.jpg;https://ei.phncdn.com/videos/202602/05/38485565/original/(m=eaf8GgaaaWavb)(mh=lGitWFhwZNad-T66)8.jpg;https://ei.phncdn.com/videos/202602/05/38485565/original/(m=eaf8GgaaaWavb)(mh=lGitWFhwZNad-T66)9.jpg;https://ei.phncdn.com/videos/202602/05/38485565/original/(m=eaf8GgaaaWavb)(mh=lGitWFhwZNad-T66)10.jpg;https://ei.phncdn.com/videos/202602/05/38485565/original/(m=eaf8GgaaaWavb)(mh=lGitWFhwZNad-T66)11.jpg;https://ei.phncdn.com/videos/202602/05/38485565/original/(m=eaf8GgaaaWavb)(mh=lGitWFhwZNad-T66)12.jpg;https://ei.phncdn.com/videos/202602/05/38485565/original/(m=eaf8GgaaaWavb)(mh=lGitWFhwZNad-T66)13.jpg;https://ei.phncdn.com/videos/202602/05/38485565/original/(m=eaf8GgaaaWavb)(mh=lGitWFhwZNad-T66)14.jpg;https://ei.phncdn.com/videos/202602/05/38485565/original/(m=eaf8GgaaaWavb)(mh=lGitWFhwZNad-T66)15.jpg;https://ei.phncdn.com/videos/202602/05/38485565/original/(m=eaf8GgaaaWavb)(mh=lGitWFhwZNad-T66)16.jpg|dedos y polla grande dentro de coño estrecho|masturbation;cameltoe;babe;pink-pussy;innie-pussy;tight-pussy;pinay;anatomy;squat;pinay-student;asian;smallclit;closeup;pinay-solo;standing;pinay-student-virgin|Arab;Russian;Exclusive;Verified Amateurs;Solo Female||2495|365|1|0|https://ei.phncdn.com/videos/202602/05/38485565/original/(m=eaAaGwObaaamqv)(mh=DDtMWCSXQ9_5T3uy)12.jpg|https://ei.phncdn.com/videos/202602/05/38485565/original/(m=eaAaGwObaaamqv)(mh=DDtMWCSXQ9_5T3uy)1.jpg;https://ei.phncdn.com/videos/202602/05/38485565/original/(m=eaAaGwObaaamqv)(mh=DDtMWCSXQ9_5T3uy)2.jpg;https://ei.phncdn.com/videos/202602/05/38485565/original/(m=eaAaGwObaaamqv)(mh=DDtMWCSXQ9_5T3uy)3.jpg;https://ei.phncdn.com/videos/202602/05/38485565/original/(m=eaAaGwObaaamqv)(mh=DDtMWCSXQ9_5T3uy)4.jpg;https://ei.phncdn.com/videos/202602/05/38485565/original/(m=eaAaGwObaaamqv)(mh=DDtMWCSXQ9_5T3uy)5.jpg;https://ei.phncdn.com/videos/202602/05/38485565/original/(m=eaAaGwObaaamqv)(mh=DDtMWCSXQ9_5T3uy)6.jpg;https://ei.phncdn.com/videos/202602/05/38485565/original/(m=eaAaGwObaaamqv)(mh=DDtMWCSXQ9_5T3uy)7.jpg;https://ei.phncdn.com/videos/202602/05/38485565/original/(m=eaAaGwObaaamqv)(mh=DDtMWCSXQ9_5T3uy)8.jpg;https://ei.phncdn.com/videos/202602/05/38485565/original/(m=eaAaGwObaaamqv)(mh=DDtMWCSXQ9_5T3uy)9.jpg;https://ei.phncdn.com/videos/202602/05/38485565/original/(m=eaAaGwObaaamqv)(mh=DDtMWCSXQ9_5T3uy)10.jpg;https://ei.phncdn.com/videos/202602/05/38485565/original/(m=eaAaGwObaaamqv)(mh=DDtMWCSXQ9_5T3uy)11.jpg;https://ei.phncdn.com/videos/202602/05/38485565/original/(m=eaAaGwObaaamqv)(mh=DDtMWCSXQ9_5T3uy)12.jpg;https://ei.phncdn.com/videos/202602/05/38485565/original/(m=eaAaGwObaaamqv)(mh=DDtMWCSXQ9_5T3uy)13.jpg;https://ei.phncdn.com/videos/202602/05/38485565/original/(m=eaAaGwObaaamqv)(mh=DDtMWCSXQ9_5T3uy)14.jpg;https://ei.phncdn.com/videos/202602/05/38485565/original/(m=eaAaGwObaaamqv)(mh=DDtMWCSXQ9_5T3uy)15.jpg;https://ei.phncdn.com/videos/202602/05/38485565/original/(m=eaAaGwObaaamqv)(mh=DDtMWCSXQ9_5T3uy)16.jpg
<iframe src="https://www.pornhub.com/embed/69852669cc9b0" frameborder="0" height="481" width="608" scrolling="no"></iframe>|https://ei.phncdn.com/videos/202602/05/38487495/original/(m=eaf8GgaaaWavb)(mh=4HYDMSOnKAONlwoG)12.jpg|https://ei.phncdn.com/videos/202602/05/38487495/original/(m=eaf8GgaaaWavb)(mh=4HYDMSOnKAONlwoG)1.jpg;https://ei.phncdn.com/videos/202602/05/38487495/original/(m=eaf8GgaaaWavb)(mh=4HYDMSOnKAONlwoG)2.jpg;https://ei.phncdn.com/videos/202602/05/38487495/original/(m=eaf8GgaaaWavb)(mh=4HYDMSOnKAONlwoG)3.jpg;https://ei.phncdn.com/videos/202602/05/38487495/original/(m=eaf8GgaaaWavb)(mh=4HYDMSOnKAONlwoG)4.jpg;https://ei.phncdn.com/videos/202602/05/38487495/original/(m=eaf8GgaaaWavb)(mh=4HYDMSOnKAONlwoG)5.jpg;https://ei.phncdn.com/videos/202602/05/38487495/original/(m=eaf8GgaaaWavb)(mh=4HYDMSOnKAONlwoG)6.jpg;https://ei.phncdn.com/videos/202602/05/38487495/original/(m=eaf8GgaaaWavb)(mh=4HYDMSOnKAONlwoG)7.jpg;https://ei.phncdn.com/videos/202602/05/38487495/original/(m=eaf8GgaaaWavb)(mh=4HYDMSOnKAONlwoG)8.jpg;https://ei.phncdn.com/videos/202602/05/38487495/original/(m=eaf8GgaaaWavb)(mh=4HYDMSOnKAONlwoG)9.jpg;https://ei.phncdn.com/videos/202602/05/38487495/original/(m=eaf8GgaaaWavb)(mh=4HYDMSOnKAONlwoG)10.jpg;https://ei.phncdn.com/videos/202602/05/38487495/original/(m=eaf8GgaaaWavb)(mh=4HYDMSOnKAONlwoG)11.jpg;https://ei.phncdn.com/videos/202602/05/38487495/original/(m=eaf8GgaaaWavb)(mh=4HYDMSOnKAONlwoG)12.jpg;https://ei.phncdn.com/videos/202602/05/38487495/original/(m=eaf8GgaaaWavb)(mh=4HYDMSOnKAONlwoG)13.jpg;https://ei.phncdn.com/videos/202602/05/38487495/original/(m=eaf8GgaaaWavb)(mh=4HYDMSOnKAONlwoG)14.jpg;https://ei.phncdn.com/videos/202602/05/38487495/original/(m=eaf8GgaaaWavb)(mh=4HYDMSOnKAONlwoG)15.jpg;https://ei.phncdn.com/videos/202602/05/38487495/original/(m=eaf8GgaaaWavb)(mh=4HYDMSOnKAONlwoG)16.jpg|Avoid This 18-Year-Old Japanese!|japanese;asian;chinese|Arab;Czech;Brazilian||2007|896|2|0|https://ei.phncdn.com/videos/202602/05/38487495/original/(m=eaAaGwObaaamqv)(mh=fuRNIPy6PMZzEPmH)12.jpg|https://ei.phncdn.com/videos/202602/05/38487495/original/(m=eaAaGwObaaamqv)(mh=fuRNIPy6PMZzEPmH)1.jpg;https://ei.phncdn.com/videos/202602/05/38487495/original/(m=eaAaGwObaaamqv)(mh=fuRNIPy6PMZzEPmH)2.jpg;https://ei.phncdn.com/videos/202602/05/38487495/original/(m=eaAaGwObaaamqv)(mh=fuRNIPy6PMZzEPmH)3.jpg;https://ei.phncdn.com/videos/202602/05/38487495/original/(m=eaAaGwObaaamqv)(mh=fuRNIPy6PMZzEPmH)4.jpg;https://ei.phncdn.com/videos/202602/05/38487495/original/(m=eaAaGwObaaamqv)(mh=fuRNIPy6PMZzEPmH)5.jpg;https://ei.phncdn.com/videos/202602/05/38487495/original/(m=eaAaGwObaaamqv)(mh=fuRNIPy6PMZzEPmH)6.jpg;https://ei.phncdn.com/videos/202602/05/38487495/original/(m=eaAaGwObaaamqv)(mh=fuRNIPy6PMZzEPmH)7.jpg;https://ei.phncdn.com/videos/202602/05/38487495/original/(m=eaAaGwObaaamqv)(mh=fuRNIPy6PMZzEPmH)8.jpg;https://ei.phncdn.com/videos/202602/05/38487495/original/(m=eaAaGwObaaamqv)(mh=fuRNIPy6PMZzEPmH)9.jpg;https://ei.phncdn.com/videos/202602/05/38487495/original/(m=eaAaGwObaaamqv)(mh=fuRNIPy6PMZzEPmH)10.jpg;https://ei.phncdn.com/videos/202602/05/38487495/original/(m=eaAaGwObaaamqv)(mh=fuRNIPy6PMZzEPmH)11.jpg;https://ei.phncdn.com/videos/202602/05/38487495/original/(m=eaAaGwObaaamqv)(mh=fuRNIPy6PMZzEPmH)12.jpg;https://ei.phncdn.com/videos/202602/05/38487495/original/(m=eaAaGwObaaamqv)(mh=fuRNIPy6PMZzEPmH)13.jpg;https://ei.phncdn.com/videos/202602/05/38487495/original/(m=eaAaGwObaaamqv)(mh=fuRNIPy6PMZzEPmH)14.jpg;https://ei.phncdn.com/videos/202602/05/38487495/original/(m=eaAaGwObaaamqv)(mh=fuRNIPy6PMZzEPmH)15.jpg;https://ei.phncdn.com/videos/202602/05/38487495/original/(m=eaAaGwObaaamqv)(mh=fuRNIPy6PMZzEPmH)16.jpg
<iframe src="https://www.pornhub.com/embed/698526839eabe" frameborder="0" height="481" width="608" scrolling="no"></iframe>|https://ei.phncdn.com/videos/202602/05/38487615/original/(m=eaf8GgaaaWavb)(mh=nLJdmmvvH_JQN7DW)12.jpg|https://ei.phncdn.com/videos/202602/05/38487615/original/(m=eaf8GgaaaWavb)(mh=nLJdmmvvH_JQN7DW)1.jpg;https://ei.phncdn.com/videos/202602/05/38487615/original/(m=eaf8GgaaaWavb)(mh=nLJdmmvvH_JQN7DW)2.jpg;https://ei.phncdn.com/videos/202602/05/38487615/original/(m=eaf8GgaaaWavb)(mh=nLJdmmvvH_JQN7DW)3.jpg;https://ei.phncdn.com/videos/202602/05/38487615/original/(m=eaf8GgaaaWavb)(mh=nLJdmmvvH_JQN7DW)4.jpg;https://ei.phncdn.com/videos/202602/05/38487615/original/(m=eaf8GgaaaWavb)(mh=nLJdmmvvH_JQN7DW)5.jpg;https://ei.phncdn.com/videos/202602/05/38487615/original/(m=eaf8GgaaaWavb)(mh=nLJdmmvvH_JQN7DW)6.jpg;https://ei.phncdn.com/videos/202602/05/38487615/original/(m=eaf8GgaaaWavb)(mh=nLJdmmvvH_JQN7DW)7.jpg;https://ei.phncdn.com/videos/202602/05/38487615/original/(m=eaf8GgaaaWavb)(mh=nLJdmmvvH_JQN7DW)8.jpg;https://ei.phncdn.com/videos/202602/05/38487615/original/(m=eaf8GgaaaWavb)(mh=nLJdmmvvH_JQN7DW)9.jpg;https://ei.phncdn.com/videos/202602/05/38487615/original/(m=eaf8GgaaaWavb)(mh=nLJdmmvvH_JQN7DW)10.jpg;https://ei.phncdn.com/videos/202602/05/38487615/original/(m=eaf8GgaaaWavb)(mh=nLJdmmvvH_JQN7DW)11.jpg;https://ei.phncdn.com/videos/202602/05/38487615/original/(m=eaf8GgaaaWavb)(mh=nLJdmmvvH_JQN7DW)12.jpg;https://ei.phncdn.com/videos/202602/05/38487615/original/(m=eaf8GgaaaWavb)(mh=nLJdmmvvH_JQN7DW)13.jpg;https://ei.phncdn.com/videos/202602/05/38487615/original/(m=eaf8GgaaaWavb)(mh=nLJdmmvvH_JQN7DW)14.jpg;https://ei.phncdn.com/videos/202602/05/38487615/original/(m=eaf8GgaaaWavb)(mh=nLJdmmvvH_JQN7DW)15.jpg;https://ei.phncdn.com/videos/202602/05/38487615/original/(m=eaf8GgaaaWavb)(mh=nLJdmmvvH_JQN7DW)16.jpg|Stunning Japanese Model Captured on Film!|japanese;asian;chinese|Arab;Czech;Brazilian||1671|3386|10|1|https://ei.phncdn.com/videos/202602/05/38487615/original/(m=eaAaGwObaaamqv)(mh=PrejOldWo5lAsfrv)12.jpg|https://ei.phncdn.com/videos/202602/05/38487615/original/(m=eaAaGwObaaamqv)(mh=PrejOldWo5lAsfrv)1.jpg;https://ei.phncdn.com/videos/202602/05/38487615/original/(m=eaAaGwObaaamqv)(mh=PrejOldWo5lAsfrv)2.jpg;https://ei.phncdn.com/videos/202602/05/38487615/original/(m=eaAaGwObaaamqv)(mh=PrejOldWo5lAsfrv)3.jpg;https://ei.phncdn.com/videos/202602/05/38487615/original/(m=eaAaGwObaaamqv)(mh=PrejOldWo5lAsfrv)4.jpg;https://ei.phncdn.com/videos/202602/05/38487615/original/(m=eaAaGwObaaamqv)(mh=PrejOldWo5lAsfrv)5.jpg;https://ei.phncdn.com/videos/202602/05/38487615/original/(m=eaAaGwObaaamqv)(mh=PrejOldWo5lAsfrv)6.jpg;https://ei.phncdn.com/videos/202602/05/38487615/original/(m=eaAaGwObaaamqv)(mh=PrejOldWo5lAsfrv)7.jpg;https://ei.phncdn.com/videos/202602/05/38487615/original/(m=eaAaGwObaaamqv)(mh=PrejOldWo5lAsfrv)8.jpg;https://ei.phncdn.com/videos/202602/05/38487615/original/(m=eaAaGwObaaamqv)(mh=PrejOldWo5lAsfrv)9.jpg;https://ei.phncdn.com/videos/202602/05/38487615/original/(m=eaAaGwObaaamqv)(mh=PrejOldWo5lAsfrv)10.jpg;https://ei.phncdn.com/videos/202602/05/38487615/original/(m=eaAaGwObaaamqv)(mh=PrejOldWo5lAsfrv)11.jpg;https://ei.phncdn.com/videos/202602/05/38487615/original/(m=eaAaGwObaaamqv)(mh=PrejOldWo5lAsfrv)12.jpg;https://ei.phncdn.com/videos/202602/05/38487615/original/(m=eaAaGwObaaamqv)(mh=PrejOldWo5lAsfrv)13.jpg;https://ei.phncdn.com/videos/202602/05/38487615/original/(m=eaAaGwObaaamqv)(mh=PrejOldWo5lAsfrv)14.jpg;https://ei.phncdn.com/videos/202602/05/38487615/original/(m=eaAaGwObaaamqv)(mh=PrejOldWo5lAsfrv)15.jpg;https://ei.phncdn.com/videos/202602/05/38487615/original/(m=eaAaGwObaaamqv)(mh=PrejOldWo5lAsfrv)16.jpg
<iframe src="https://www.pornhub.com/embed/6985269e0483f" frameborder="0" height="481" width="608" scrolling="no"></iframe>|https://ei.phncdn.com/videos/202602/05/38487705/original/(m=eaf8GgaaaWavb)(mh=VWCZxGV-NE9SE0xP)12.jpg|https://ei.phncdn.com/videos/202602/05/38487705/original/(m=eaf8GgaaaWavb)(mh=VWCZxGV-NE9SE0xP)1.jpg;https://ei.phncdn.com/videos/202602/05/38487705/original/(m=eaf8GgaaaWavb)(mh=VWCZxGV-NE9SE0xP)2.jpg;https://ei.phncdn.com/videos/202602/05/38487705/original/(m=eaf8GgaaaWavb)(mh=VWCZxGV-NE9SE0xP)3.jpg;https://ei.phncdn.com/videos/202602/05/38487705/original/(m=eaf8GgaaaWavb)(mh=VWCZxGV-NE9SE0xP)4.jpg;https://ei.phncdn.com/videos/202602/05/38487705/original/(m=eaf8GgaaaWavb)(mh=VWCZxGV-NE9SE0xP)5.jpg;https://ei.phncdn.com/videos/202602/05/38487705/original/(m=eaf8GgaaaWavb)(mh=VWCZxGV-NE9SE0xP)6.jpg;https://ei.phncdn.com/videos/202602/05/38487705/original/(m=eaf8GgaaaWavb)(mh=VWCZxGV-NE9SE0xP)7.jpg;https://ei.phncdn.com/videos/202602/05/38487705/original/(m=eaf8GgaaaWavb)(mh=VWCZxGV-NE9SE0xP)8.jpg;https://ei.phncdn.com/videos/202602/05/38487705/original/(m=eaf8GgaaaWavb)(mh=VWCZxGV-NE9SE0xP)9.jpg;https://ei.phncdn.com/videos/202602/05/38487705/original/(m=eaf8GgaaaWavb)(mh=VWCZxGV-NE9SE0xP)10.jpg;https://ei.phncdn.com/videos/202602/05/38487705/original/(m=eaf8GgaaaWavb)(mh=VWCZxGV-NE9SE0xP)11.jpg;https://ei.phncdn.com/videos/202602/05/38487705/original/(m=eaf8GgaaaWavb)(mh=VWCZxGV-NE9SE0xP)12.jpg;https://ei.phncdn.com/videos/202602/05/38487705/original/(m=eaf8GgaaaWavb)(mh=VWCZxGV-NE9SE0xP)13.jpg;https://ei.phncdn.com/videos/202602/05/38487705/original/(m=eaf8GgaaaWavb)(mh=VWCZxGV-NE9SE0xP)14.jpg;https://ei.phncdn.com/videos/202602/05/38487705/original/(m=eaf8GgaaaWavb)(mh=VWCZxGV-NE9SE0xP)15.jpg;https://ei.phncdn.com/videos/202602/05/38487705/original/(m=eaf8GgaaaWavb)(mh=VWCZxGV-NE9SE0xP)16.jpg|Japanese College Student Enthusiastically Receives A Creampie|japanese;asian;chinese|Arab;Czech;Brazilian||1853|1431|4|0|https://ei.phncdn.com/videos/202602/05/38487705/original/(m=eaAaGwObaaamqv)(mh=tuou4Jwp5ruIOh7X)12.jpg|https://ei.phncdn.com/videos/202602/05/38487705/original/(m=eaAaGwObaaamqv)(mh=tuou4Jwp5ruIOh7X)1.jpg;https://ei.phncdn.com/videos/202602/05/38487705/original/(m=eaAaGwObaaamqv)(mh=tuou4Jwp5ruIOh7X)2.jpg;https://ei.phncdn.com/videos/202602/05/38487705/original/(m=eaAaGwObaaamqv)(mh=tuou4Jwp5ruIOh7X)3.jpg;https://ei.phncdn.com/videos/202602/05/38487705/original/(m=eaAaGwObaaamqv)(mh=tuou4Jwp5ruIOh7X)4.jpg;https://ei.phncdn.com/videos/202602/05/38487705/original/(m=eaAaGwObaaamqv)(mh=tuou4Jwp5ruIOh7X)5.jpg;https://ei.phncdn.com/videos/202602/05/38487705/original/(m=eaAaGwObaaamqv)(mh=tuou4Jwp5ruIOh7X)6.jpg;https://ei.phncdn.com/videos/202602/05/38487705/original/(m=eaAaGwObaaamqv)(mh=tuou4Jwp5ruIOh7X)7.jpg;https://ei.phncdn.com/videos/202602/05/38487705/original/(m=eaAaGwObaaamqv)(mh=tuou4Jwp5ruIOh7X)8.jpg;https://ei.phncdn.com/videos/202602/05/38487705/original/(m=eaAaGwObaaamqv)(mh=tuou4Jwp5ruIOh7X)9.jpg;https://ei.phncdn.com/videos/202602/05/38487705/original/(m=eaAaGwObaaamqv)(mh=tuou4Jwp5ruIOh7X)10.jpg;https://ei.phncdn.com/videos/202602/05/38487705/original/(m=eaAaGwObaaamqv)(mh=tuou4Jwp5ruIOh7X)11.jpg;https://ei.phncdn.com/videos/202602/05/38487705/original/(m=eaAaGwObaaamqv)(mh=tuou4Jwp5ruIOh7X)12.jpg;https://ei.phncdn.com/videos/202602/05/38487705/original/(m=eaAaGwObaaamqv)(mh=tuou4Jwp5ruIOh7X)13.jpg;https://ei.phncdn.com/videos/202602/05/38487705/original/(m=eaAaGwObaaamqv)(mh=tuou4Jwp5ruIOh7X)14.jpg;https://ei.phncdn.com/videos/202602/05/38487705/original/(m=eaAaGwObaaamqv)(mh=tuou4Jwp5ruIOh7X)15.jpg;https://ei.phncdn.com/videos/202602/05/38487705/original/(m=eaAaGwObaaamqv)(mh=tuou4Jwp5ruIOh7X)16.jpg
<iframe src="https://www.pornhub.com/embed/698526b866602" frameborder="0" height="481" width="608" scrolling="no"></iframe>|https://ei.phncdn.com/videos/202602/05/38487745/original/(m=eaf8GgaaaWavb)(mh=pK-Ja3j80HcO8nzh)12.jpg|https://ei.phncdn.com/videos/202602/05/38487745/original/(m=eaf8GgaaaWavb)(mh=pK-Ja3j80HcO8nzh)1.jpg;https://ei.phncdn.com/videos/202602/05/38487745/original/(m=eaf8GgaaaWavb)(mh=pK-Ja3j80HcO8nzh)2.jpg;https://ei.phncdn.com/videos/202602/05/38487745/original/(m=eaf8GgaaaWavb)(mh=pK-Ja3j80HcO8nzh)3.jpg;https://ei.phncdn.com/videos/202602/05/38487745/original/(m=eaf8GgaaaWavb)(mh=pK-Ja3j80HcO8nzh)4.jpg;https://ei.phncdn.com/videos/202602/05/38487745/original/(m=eaf8GgaaaWavb)(mh=pK-Ja3j80HcO8nzh)5.jpg;https://ei.phncdn.com/videos/202602/05/38487745/original/(m=eaf8GgaaaWavb)(mh=pK-Ja3j80HcO8nzh)6.jpg;https://ei.phncdn.com/videos/202602/05/38487745/original/(m=eaf8GgaaaWavb)(mh=pK-Ja3j80HcO8nzh)7.jpg;https://ei.phncdn.com/videos/202602/05/38487745/original/(m=eaf8GgaaaWavb)(mh=pK-Ja3j80HcO8nzh)8.jpg;https://ei.phncdn.com/videos/202602/05/38487745/original/(m=eaf8GgaaaWavb)(mh=pK-Ja3j80HcO8nzh)9.jpg;https://ei.phncdn.com/videos/202602/05/38487745/original/(m=eaf8GgaaaWavb)(mh=pK-Ja3j80HcO8nzh)10.jpg;https://ei.phncdn.com/videos/202602/05/38487745/original/(m=eaf8GgaaaWavb)(mh=pK-Ja3j80HcO8nzh)11.jpg;https://ei.phncdn.com/videos/202602/05/38487745/original/(m=eaf8GgaaaWavb)(mh=pK-Ja3j80HcO8nzh)12.jpg;https://ei.phncdn.com/videos/202602/05/38487745/original/(m=eaf8GgaaaWavb)(mh=pK-Ja3j80HcO8nzh)13.jpg;https://ei.phncdn.com/videos/202602/05/38487745/original/(m=eaf8GgaaaWavb)(mh=pK-Ja3j80HcO8nzh)14.jpg;https://ei.phncdn.com/videos/202602/05/38487745/original/(m=eaf8GgaaaWavb)(mh=pK-Ja3j80HcO8nzh)15.jpg;https://ei.phncdn.com/videos/202602/05/38487745/original/(m=eaf8GgaaaWavb)(mh=pK-Ja3j80HcO8nzh)16.jpg|Japanese Escort Offers Oral Services In Hotel Room|japanese;asian;chinese|Arab;Czech;Brazilian||1532|883|4|0|https://ei.phncdn.com/videos/202602/05/38487745/original/(m=eaAaGwObaaamqv)(mh=ElossPQtF6150Rir)12.jpg|https://ei.phncdn.com/videos/202602/05/38487745/original/(m=eaAaGwObaaamqv)(mh=ElossPQtF6150Rir)1.jpg;https://ei.phncdn.com/videos/202602/05/38487745/original/(m=eaAaGwObaaamqv)(mh=ElossPQtF6150Rir)2.jpg;https://ei.phncdn.com/videos/202602/05/38487745/original/(m=eaAaGwObaaamqv)(mh=ElossPQtF6150Rir)3.jpg;https://ei.phncdn.com/videos/202602/05/38487745/original/(m=eaAaGwObaaamqv)(mh=ElossPQtF6150Rir)4.jpg;https://ei.phncdn.com/videos/202602/05/38487745/original/(m=eaAaGwObaaamqv)(mh=ElossPQtF6150Rir)5.jpg;https://ei.phncdn.com/videos/202602/05/38487745/original/(m=eaAaGwObaaamqv)(mh=ElossPQtF6150Rir)6.jpg;https://ei.phncdn.com/videos/202602/05/38487745/original/(m=eaAaGwObaaamqv)(mh=ElossPQtF6150Rir)7.jpg;https://ei.phncdn.com/videos/202602/05/38487745/original/(m=eaAaGwObaaamqv)(mh=ElossPQtF6150Rir)8.jpg;https://ei.phncdn.com/videos/202602/05/38487745/original/(m=eaAaGwObaaamqv)(mh=ElossPQtF6150Rir)9.jpg;https://ei.phncdn.com/videos/202602/05/38487745/original/(m=eaAaGwObaaamqv)(mh=ElossPQtF6150Rir)10.jpg;https://ei.phncdn.com/videos/202602/05/38487745/original/(m=eaAaGwObaaamqv)(mh=ElossPQtF6150Rir)11.jpg;https://ei.phncdn.com/videos/202602/05/38487745/original/(m=eaAaGwObaaamqv)(mh=ElossPQtF6150Rir)12.jpg;https://ei.phncdn.com/videos/202602/05/38487745/original/(m=eaAaGwObaaamqv)(mh=ElossPQtF6150Rir)13.jpg;https://ei.phncdn.com/videos/202602/05/38487745/original/(m=eaAaGwObaaamqv)(mh=ElossPQtF6150Rir)14.jpg;https://ei.phncdn.com/videos/202602/05/38487745/original/(m=eaAaGwObaaamqv)(mh=ElossPQtF6150Rir)15.jpg;https://ei.phncdn.com/videos/202602/05/38487745/original/(m=eaAaGwObaaamqv)(mh=ElossPQtF6150Rir)16.jpg
<iframe src="https://www.pornhub.com/embed/698526d12ef13" frameborder="0" height="481" width="608" scrolling="no"></iframe>|https://ei.phncdn.com/videos/202602/05/38487785/original/(m=eaf8GgaaaWavb)(mh=qtbqOutQc7ipqsil)12.jpg|https://ei.phncdn.com/videos/202602/05/38487785/original/(m=eaf8GgaaaWavb)(mh=qtbqOutQc7ipqsil)1.jpg;https://ei.phncdn.com/videos/202602/05/38487785/original/(m=eaf8GgaaaWavb)(mh=qtbqOutQc7ipqsil)2.jpg;https://ei.phncdn.com/videos/202602/05/38487785/original/(m=eaf8GgaaaWavb)(mh=qtbqOutQc7ipqsil)3.jpg;https://ei.phncdn.com/videos/202602/05/38487785/original/(m=eaf8GgaaaWavb)(mh=qtbqOutQc7ipqsil)4.jpg;https://ei.phncdn.com/videos/202602/05/38487785/original/(m=eaf8GgaaaWavb)(mh=qtbqOutQc7ipqsil)5.jpg;https://ei.phncdn.com/videos/202602/05/38487785/original/(m=eaf8GgaaaWavb)(mh=qtbqOutQc7ipqsil)6.jpg;https://ei.phncdn.com/videos/202602/05/38487785/original/(m=eaf8GgaaaWavb)(mh=qtbqOutQc7ipqsil)7.jpg;https://ei.phncdn.com/videos/202602/05/38487785/original/(m=eaf8GgaaaWavb)(mh=qtbqOutQc7ipqsil)8.jpg;https://ei.phncdn.com/videos/202602/05/38487785/original/(m=eaf8GgaaaWavb)(mh=qtbqOutQc7ipqsil)9.jpg;https://ei.phncdn.com/videos/202602/05/38487785/original/(m=eaf8GgaaaWavb)(mh=qtbqOutQc7ipqsil)10.jpg;https://ei.phncdn.com/videos/202602/05/38487785/original/(m=eaf8GgaaaWavb)(mh=qtbqOutQc7ipqsil)11.jpg;https://ei.phncdn.com/videos/202602/05/38487785/original/(m=eaf8GgaaaWavb)(mh=qtbqOutQc7ipqsil)12.jpg;https://ei.phncdn.com/videos/202602/05/38487785/original/(m=eaf8GgaaaWavb)(mh=qtbqOutQc7ipqsil)13.jpg;https://ei.phncdn.com/videos/202602/05/38487785/original/(m=eaf8GgaaaWavb)(mh=qtbqOutQc7ipqsil)14.jpg;https://ei.phncdn.com/videos/202602/05/38487785/original/(m=eaf8GgaaaWavb)(mh=qtbqOutQc7ipqsil)15.jpg;https://ei.phncdn.com/videos/202602/05/38487785/original/(m=eaf8GgaaaWavb)(mh=qtbqOutQc7ipqsil)16.jpg|Japanese Student Is Persuaded To Create Private Video!|japanese;asian;chinese|Arab;Czech;Brazilian||2227|1686|8|0|https://ei.phncdn.com/videos/202602/05/38487785/original/(m=eaAaGwObaaamqv)(mh=JzV7FUHm-93n3Wfx)12.jpg|https://ei.phncdn.com/videos/202602/05/38487785/original/(m=eaAaGwObaaamqv)(mh=JzV7FUHm-93n3Wfx)1.jpg;https://ei.phncdn.com/videos/202602/05/38487785/original/(m=eaAaGwObaaamqv)(mh=JzV7FUHm-93n3Wfx)2.jpg;https://ei.phncdn.com/videos/202602/05/38487785/original/(m=eaAaGwObaaamqv)(mh=JzV7FUHm-93n3Wfx)3.jpg;https://ei.phncdn.com/videos/202602/05/38487785/original/(m=eaAaGwObaaamqv)(mh=JzV7FUHm-93n3Wfx)4.jpg;https://ei.phncdn.com/videos/202602/05/38487785/original/(m=eaAaGwObaaamqv)(mh=JzV7FUHm-93n3Wfx)5.jpg;https://ei.phncdn.com/videos/202602/05/38487785/original/(m=eaAaGwObaaamqv)(mh=JzV7FUHm-93n3Wfx)6.jpg;https://ei.phncdn.com/videos/202602/05/38487785/original/(m=eaAaGwObaaamqv)(mh=JzV7FUHm-93n3Wfx)7.jpg;https://ei.phncdn.com/videos/202602/05/38487785/original/(m=eaAaGwObaaamqv)(mh=JzV7FUHm-93n3Wfx)8.jpg;https://ei.phncdn.com/videos/202602/05/38487785/original/(m=eaAaGwObaaamqv)(mh=JzV7FUHm-93n3Wfx)9.jpg;https://ei.phncdn.com/videos/202602/05/38487785/original/(m=eaAaGwObaaamqv)(mh=JzV7FUHm-93n3Wfx)10.jpg;https://ei.phncdn.com/videos/202602/05/38487785/original/(m=eaAaGwObaaamqv)(mh=JzV7FUHm-93n3Wfx)11.jpg;https://ei.phncdn.com/videos/202602/05/38487785/original/(m=eaAaGwObaaamqv)(mh=JzV7FUHm-93n3Wfx)12.jpg;https://ei.phncdn.com/videos/202602/05/38487785/original/(m=eaAaGwObaaamqv)(mh=JzV7FUHm-93n3Wfx)13.jpg;https://ei.phncdn.com/videos/202602/05/38487785/original/(m=eaAaGwObaaamqv)(mh=JzV7FUHm-93n3Wfx)14.jpg;https://ei.phncdn.com/videos/202602/05/38487785/original/(m=eaAaGwObaaamqv)(mh=JzV7FUHm-93n3Wfx)15.jpg;https://ei.phncdn.com/videos/202602/05/38487785/original/(m=eaAaGwObaaamqv)(mh=JzV7FUHm-93n3Wfx)16.jpg
<iframe src="https://www.pornhub.com/embed/698526e9cb9db" frameborder="0" height="481" width="608" scrolling="no"></iframe>|https://ei.phncdn.com/videos/202602/05/38487825/original/(m=eaf8GgaaaWavb)(mh=D86LxUhbrw5zQB-0)12.jpg|https://ei.phncdn.com/videos/202602/05/38487825/original/(m=eaf8GgaaaWavb)(mh=D86LxUhbrw5zQB-0)1.jpg;https://ei.phncdn.com/videos/202602/05/38487825/original/(m=eaf8GgaaaWavb)(mh=D86LxUhbrw5zQB-0)2.jpg;https://ei.phncdn.com/videos/202602/05/38487825/original/(m=eaf8GgaaaWavb)(mh=D86LxUhbrw5zQB-0)3.jpg;https://ei.phncdn.com/videos/202602/05/38487825/original/(m=eaf8GgaaaWavb)(mh=D86LxUhbrw5zQB-0)4.jpg;https://ei.phncdn.com/videos/202602/05/38487825/original/(m=eaf8GgaaaWavb)(mh=D86LxUhbrw5zQB-0)5.jpg;https://ei.phncdn.com/videos/202602/05/38487825/original/(m=eaf8GgaaaWavb)(mh=D86LxUhbrw5zQB-0)6.jpg;https://ei.phncdn.com/videos/202602/05/38487825/original/(m=eaf8GgaaaWavb)(mh=D86LxUhbrw5zQB-0)7.jpg;https://ei.phncdn.com/videos/202602/05/38487825/original/(m=eaf8GgaaaWavb)(mh=D86LxUhbrw5zQB-0)8.jpg;https://ei.phncdn.com/videos/202602/05/38487825/original/(m=eaf8GgaaaWavb)(mh=D86LxUhbrw5zQB-0)9.jpg;https://ei.phncdn.com/videos/202602/05/38487825/original/(m=eaf8GgaaaWavb)(mh=D86LxUhbrw5zQB-0)10.jpg;https://ei.phncdn.com/videos/202602/05/38487825/original/(m=eaf8GgaaaWavb)(mh=D86LxUhbrw5zQB-0)11.jpg;https://ei.phncdn.com/videos/202602/05/38487825/original/(m=eaf8GgaaaWavb)(mh=D86LxUhbrw5zQB-0)12.jpg;https://ei.phncdn.com/videos/202602/05/38487825/original/(m=eaf8GgaaaWavb)(mh=D86LxUhbrw5zQB-0)13.jpg;https://ei.phncdn.com/videos/202602/05/38487825/original/(m=eaf8GgaaaWavb)(mh=D86LxUhbrw5zQB-0)14.jpg;https://ei.phncdn.com/videos/202602/05/38487825/original/(m=eaf8GgaaaWavb)(mh=D86LxUhbrw5zQB-0)15.jpg;https://ei.phncdn.com/videos/202602/05/38487825/original/(m=eaf8GgaaaWavb)(mh=D86LxUhbrw5zQB-0)16.jpg|Japan's Osaka Sex Worker Engaging in Unprotected Sex|japanese;asian;chinese|Arab;Czech;Brazilian||2425|5268|22|1|https://ei.phncdn.com/videos/202602/05/38487825/original/(m=eaAaGwObaaamqv)(mh=CBEzpxQT5MmeuHdU)12.jpg|https://ei.phncdn.com/videos/202602/05/38487825/original/(m=eaAaGwObaaamqv)(mh=CBEzpxQT5MmeuHdU)1.jpg;https://ei.phncdn.com/videos/202602/05/38487825/original/(m=eaAaGwObaaamqv)(mh=CBEzpxQT5MmeuHdU)2.jpg;https://ei.phncdn.com/videos/202602/05/38487825/original/(m=eaAaGwObaaamqv)(mh=CBEzpxQT5MmeuHdU)3.jpg;https://ei.phncdn.com/videos/202602/05/38487825/original/(m=eaAaGwObaaamqv)(mh=CBEzpxQT5MmeuHdU)4.jpg;https://ei.phncdn.com/videos/202602/05/38487825/original/(m=eaAaGwObaaamqv)(mh=CBEzpxQT5MmeuHdU)5.jpg;https://ei.phncdn.com/videos/202602/05/38487825/original/(m=eaAaGwObaaamqv)(mh=CBEzpxQT5MmeuHdU)6.jpg;https://ei.phncdn.com/videos/202602/05/38487825/original/(m=eaAaGwObaaamqv)(mh=CBEzpxQT5MmeuHdU)7.jpg;https://ei.phncdn.com/videos/202602/05/38487825/original/(m=eaAaGwObaaamqv)(mh=CBEzpxQT5MmeuHdU)8.jpg;https://ei.phncdn.com/videos/202602/05/38487825/original/(m=eaAaGwObaaamqv)(mh=CBEzpxQT5MmeuHdU)9.jpg;https://ei.phncdn.com/videos/202602/05/38487825/original/(m=eaAaGwObaaamqv)(mh=CBEzpxQT5MmeuHdU)10.jpg;https://ei.phncdn.com/videos/202602/05/38487825/original/(m=eaAaGwObaaamqv)(mh=CBEzpxQT5MmeuHdU)11.jpg;https://ei.phncdn.com/videos/202602/05/38487825/original/(m=eaAaGwObaaamqv)(mh=CBEzpxQT5MmeuHdU)12.jpg;https://ei.phncdn.com/videos/202602/05/38487825/original/(m=eaAaGwObaaamqv)(mh=CBEzpxQT5MmeuHdU)13.jpg;https://ei.phncdn.com/videos/202602/05/38487825/original/(m=eaAaGwObaaamqv)(mh=CBEzpxQT5MmeuHdU)14.jpg;https://ei.phncdn.com/videos/202602/05/38487825/original/(m=eaAaGwObaaamqv)(mh=CBEzpxQT5MmeuHdU)15.jpg;https://ei.phncdn.com/videos/202602/05/38487825/original/(m=eaAaGwObaaamqv)(mh=CBEzpxQT5MmeuHdU)16.jpg
<iframe src="https://www.pornhub.com/embed/698527028e96a" frameborder="0" height="481" width="608" scrolling="no"></iframe>|https://ei.phncdn.com/videos/202602/05/38487855/original/(m=eaf8GgaaaWavb)(mh=7QlXrd20Dz5O2sPW)12.jpg|https://ei.phncdn.com/videos/202602/05/38487855/original/(m=eaf8GgaaaWavb)(mh=7QlXrd20Dz5O2sPW)1.jpg;https://ei.phncdn.com/videos/202602/05/38487855/original/(m=eaf8GgaaaWavb)(mh=7QlXrd20Dz5O2sPW)2.jpg;https://ei.phncdn.com/videos/202602/05/38487855/original/(m=eaf8GgaaaWavb)(mh=7QlXrd20Dz5O2sPW)3.jpg;https://ei.phncdn.com/videos/202602/05/38487855/original/(m=eaf8GgaaaWavb)(mh=7QlXrd20Dz5O2sPW)4.jpg;https://ei.phncdn.com/videos/202602/05/38487855/original/(m=eaf8GgaaaWavb)(mh=7QlXrd20Dz5O2sPW)5.jpg;https://ei.phncdn.com/videos/202602/05/38487855/original/(m=eaf8GgaaaWavb)(mh=7QlXrd20Dz5O2sPW)6.jpg;https://ei.phncdn.com/videos/202602/05/38487855/original/(m=eaf8GgaaaWavb)(mh=7QlXrd20Dz5O2sPW)7.jpg;https://ei.phncdn.com/videos/202602/05/38487855/original/(m=eaf8GgaaaWavb)(mh=7QlXrd20Dz5O2sPW)8.jpg;https://ei.phncdn.com/videos/202602/05/38487855/original/(m=eaf8GgaaaWavb)(mh=7QlXrd20Dz5O2sPW)9.jpg;https://ei.phncdn.com/videos/202602/05/38487855/original/(m=eaf8GgaaaWavb)(mh=7QlXrd20Dz5O2sPW)10.jpg;https://ei.phncdn.com/videos/202602/05/38487855/original/(m=eaf8GgaaaWavb)(mh=7QlXrd20Dz5O2sPW)11.jpg;https://ei.phncdn.com/videos/202602/05/38487855/original/(m=eaf8GgaaaWavb)(mh=7QlXrd20Dz5O2sPW)12.jpg;https://ei.phncdn.com/videos/202602/05/38487855/original/(m=eaf8GgaaaWavb)(mh=7QlXrd20Dz5O2sPW)13.jpg;https://ei.phncdn.com/videos/202602/05/38487855/original/(m=eaf8GgaaaWavb)(mh=7QlXrd20Dz5O2sPW)14.jpg;https://ei.phncdn.com/videos/202602/05/38487855/original/(m=eaf8GgaaaWavb)(mh=7QlXrd20Dz5O2sPW)15.jpg;https://ei.phncdn.com/videos/202602/05/38487855/original/(m=eaf8GgaaaWavb)(mh=7QlXrd20Dz5O2sPW)16.jpg|Japanese Stepsister Participating in Unprotected Sex|japanese;asian;chinese|Arab;Czech;Brazilian;Step Fantasy||2314|1322|8|2|https://ei.phncdn.com/videos/202602/05/38487855/original/(m=eaAaGwObaaamqv)(mh=zUmXVN6idyF5IzEw)12.jpg|https://ei.phncdn.com/videos/202602/05/38487855/original/(m=eaAaGwObaaamqv)(mh=zUmXVN6idyF5IzEw)1.jpg;https://ei.phncdn.com/videos/202602/05/38487855/original/(m=eaAaGwObaaamqv)(mh=zUmXVN6idyF5IzEw)2.jpg;https://ei.phncdn.com/videos/202602/05/38487855/original/(m=eaAaGwObaaamqv)(mh=zUmXVN6idyF5IzEw)3.jpg;https://ei.phncdn.com/videos/202602/05/38487855/original/(m=eaAaGwObaaamqv)(mh=zUmXVN6idyF5IzEw)4.jpg;https://ei.phncdn.com/videos/202602/05/38487855/original/(m=eaAaGwObaaamqv)(mh=zUmXVN6idyF5IzEw)5.jpg;https://ei.phncdn.com/videos/202602/05/38487855/original/(m=eaAaGwObaaamqv)(mh=zUmXVN6idyF5IzEw)6.jpg;https://ei.phncdn.com/videos/202602/05/38487855/original/(m=eaAaGwObaaamqv)(mh=zUmXVN6idyF5IzEw)7.jpg;https://ei.phncdn.com/videos/202602/05/38487855/original/(m=eaAaGwObaaamqv)(mh=zUmXVN6idyF5IzEw)8.jpg;https://ei.phncdn.com/videos/202602/05/38487855/original/(m=eaAaGwObaaamqv)(mh=zUmXVN6idyF5IzEw)9.jpg;https://ei.phncdn.com/videos/202602/05/38487855/original/(m=eaAaGwObaaamqv)(mh=zUmXVN6idyF5IzEw)10.jpg;https://ei.phncdn.com/videos/202602/05/38487855/original/(m=eaAaGwObaaamqv)(mh=zUmXVN6idyF5IzEw)11.jpg;https://ei.phncdn.com/videos/202602/05/38487855/original/(m=eaAaGwObaaamqv)(mh=zUmXVN6idyF5IzEw)12.jpg;https://ei.phncdn.com/videos/202602/05/38487855/original/(m=eaAaGwObaaamqv)(mh=zUmXVN6idyF5IzEw)13.jpg;https://ei.phncdn.com/videos/202602/05/38487855/original/(m=eaAaGwObaaamqv)(mh=zUmXVN6idyF5IzEw)14.jpg;https://ei.phncdn.com/videos/202602/05/38487855/original/(m=eaAaGwObaaamqv)(mh=zUmXVN6idyF5IzEw)15.jpg;https://ei.phncdn.com/videos/202602/05/38487855/original/(m=eaAaGwObaaamqv)(mh=zUmXVN6idyF5IzEw)16.jpg
<iframe src="https://www.pornhub.com/embed/6985271b660de" frameborder="0" height="481" width="608" scrolling="no"></iframe>|https://ei.phncdn.com/videos/202602/05/38487895/original/(m=eaf8GgaaaWavb)(mh=nNnbKGnqYCYAZ3LQ)12.jpg|https://ei.phncdn.com/videos/202602/05/38487895/original/(m=eaf8GgaaaWavb)(mh=nNnbKGnqYCYAZ3LQ)1.jpg;https://ei.phncdn.com/videos/202602/05/38487895/original/(m=eaf8GgaaaWavb)(mh=nNnbKGnqYCYAZ3LQ)2.jpg;https://ei.phncdn.com/videos/202602/05/38487895/original/(m=eaf8GgaaaWavb)(mh=nNnbKGnqYCYAZ3LQ)3.jpg;https://ei.phncdn.com/videos/202602/05/38487895/original/(m=eaf8GgaaaWavb)(mh=nNnbKGnqYCYAZ3LQ)4.jpg;https://ei.phncdn.com/videos/202602/05/38487895/original/(m=eaf8GgaaaWavb)(mh=nNnbKGnqYCYAZ3LQ)5.jpg;https://ei.phncdn.com/videos/202602/05/38487895/original/(m=eaf8GgaaaWavb)(mh=nNnbKGnqYCYAZ3LQ)6.jpg;https://ei.phncdn.com/videos/202602/05/38487895/original/(m=eaf8GgaaaWavb)(mh=nNnbKGnqYCYAZ3LQ)7.jpg;https://ei.phncdn.com/videos/202602/05/38487895/original/(m=eaf8GgaaaWavb)(mh=nNnbKGnqYCYAZ3LQ)8.jpg;https://ei.phncdn.com/videos/202602/05/38487895/original/(m=eaf8GgaaaWavb)(mh=nNnbKGnqYCYAZ3LQ)9.jpg;https://ei.phncdn.com/videos/202602/05/38487895/original/(m=eaf8GgaaaWavb)(mh=nNnbKGnqYCYAZ3LQ)10.jpg;https://ei.phncdn.com/videos/202602/05/38487895/original/(m=eaf8GgaaaWavb)(mh=nNnbKGnqYCYAZ3LQ)11.jpg;https://ei.phncdn.com/videos/202602/05/38487895/original/(m=eaf8GgaaaWavb)(mh=nNnbKGnqYCYAZ3LQ)12.jpg;https://ei.phncdn.com/videos/202602/05/38487895/original/(m=eaf8GgaaaWavb)(mh=nNnbKGnqYCYAZ3LQ)13.jpg;https://ei.phncdn.com/videos/202602/05/38487895/original/(m=eaf8GgaaaWavb)(mh=nNnbKGnqYCYAZ3LQ)14.jpg;https://ei.phncdn.com/videos/202602/05/38487895/original/(m=eaf8GgaaaWavb)(mh=nNnbKGnqYCYAZ3LQ)15.jpg;https://ei.phncdn.com/videos/202602/05/38487895/original/(m=eaf8GgaaaWavb)(mh=nNnbKGnqYCYAZ3LQ)16.jpg|Expecting Japanese Step-Sister Creates an Adult Film!|japanese;asian;chinese|Arab;Czech;Brazilian;Step Fantasy||2227|6029|21|3|https://ei.phncdn.com/videos/202602/05/38487895/original/(m=eaAaGwObaaamqv)(mh=mMQ3tCrAlqRp9i1K)12.jpg|https://ei.phncdn.com/videos/202602/05/38487895/original/(m=eaAaGwObaaamqv)(mh=mMQ3tCrAlqRp9i1K)1.jpg;https://ei.phncdn.com/videos/202602/05/38487895/original/(m=eaAaGwObaaamqv)(mh=mMQ3tCrAlqRp9i1K)2.jpg;https://ei.phncdn.com/videos/202602/05/38487895/original/(m=eaAaGwObaaamqv)(mh=mMQ3tCrAlqRp9i1K)3.jpg;https://ei.phncdn.com/videos/202602/05/38487895/original/(m=eaAaGwObaaamqv)(mh=mMQ3tCrAlqRp9i1K)4.jpg;https://ei.phncdn.com/videos/202602/05/38487895/original/(m=eaAaGwObaaamqv)(mh=mMQ3tCrAlqRp9i1K)5.jpg;https://ei.phncdn.com/videos/202602/05/38487895/original/(m=eaAaGwObaaamqv)(mh=mMQ3tCrAlqRp9i1K)6.jpg;https://ei.phncdn.com/videos/202602/05/38487895/original/(m=eaAaGwObaaamqv)(mh=mMQ3tCrAlqRp9i1K)7.jpg;https://ei.phncdn.com/videos/202602/05/38487895/original/(m=eaAaGwObaaamqv)(mh=mMQ3tCrAlqRp9i1K)8.jpg;https://ei.phncdn.com/videos/202602/05/38487895/original/(m=eaAaGwObaaamqv)(mh=mMQ3tCrAlqRp9i1K)9.jpg;https://ei.phncdn.com/videos/202602/05/38487895/original/(m=eaAaGwObaaamqv)(mh=mMQ3tCrAlqRp9i1K)10.jpg;https://ei.phncdn.com/videos/202602/05/38487895/original/(m=eaAaGwObaaamqv)(mh=mMQ3tCrAlqRp9i1K)11.jpg;https://ei.phncdn.com/videos/202602/05/38487895/original/(m=eaAaGwObaaamqv)(mh=mMQ3tCrAlqRp9i1K)12.jpg;https://ei.phncdn.com/videos/202602/05/38487895/original/(m=eaAaGwObaaamqv)(mh=mMQ3tCrAlqRp9i1K)13.jpg;https://ei.phncdn.com/videos/202602/05/38487895/original/(m=eaAaGwObaaamqv)(mh=mMQ3tCrAlqRp9i1K)14.jpg;https://ei.phncdn.com/videos/202602/05/38487895/original/(m=eaAaGwObaaamqv)(mh=mMQ3tCrAlqRp9i1K)15.jpg;https://ei.phncdn.com/videos/202602/05/38487895/original/(m=eaAaGwObaaamqv)(mh=mMQ3tCrAlqRp9i1K)16.jpg
<iframe src="https://www.pornhub.com/embed/69852735da441" frameborder="0" height="481" width="608" scrolling="no"></iframe>|https://ei.phncdn.com/videos/202602/05/38487965/original/(m=eaf8GgaaaWavb)(mh=bPELNTE2J_OfmxVW)12.jpg|https://ei.phncdn.com/videos/202602/05/38487965/original/(m=eaf8GgaaaWavb)(mh=bPELNTE2J_OfmxVW)1.jpg;https://ei.phncdn.com/videos/202602/05/38487965/original/(m=eaf8GgaaaWavb)(mh=bPELNTE2J_OfmxVW)2.jpg;https://ei.phncdn.com/videos/202602/05/38487965/original/(m=eaf8GgaaaWavb)(mh=bPELNTE2J_OfmxVW)3.jpg;https://ei.phncdn.com/videos/202602/05/38487965/original/(m=eaf8GgaaaWavb)(mh=bPELNTE2J_OfmxVW)4.jpg;https://ei.phncdn.com/videos/202602/05/38487965/original/(m=eaf8GgaaaWavb)(mh=bPELNTE2J_OfmxVW)5.jpg;https://ei.phncdn.com/videos/202602/05/38487965/original/(m=eaf8GgaaaWavb)(mh=bPELNTE2J_OfmxVW)6.jpg;https://ei.phncdn.com/videos/202602/05/38487965/original/(m=eaf8GgaaaWavb)(mh=bPELNTE2J_OfmxVW)7.jpg;https://ei.phncdn.com/videos/202602/05/38487965/original/(m=eaf8GgaaaWavb)(mh=bPELNTE2J_OfmxVW)8.jpg;https://ei.phncdn.com/videos/202602/05/38487965/original/(m=eaf8GgaaaWavb)(mh=bPELNTE2J_OfmxVW)9.jpg;https://ei.phncdn.com/videos/202602/05/38487965/original/(m=eaf8GgaaaWavb)(mh=bPELNTE2J_OfmxVW)10.jpg;https://ei.phncdn.com/videos/202602/05/38487965/original/(m=eaf8GgaaaWavb)(mh=bPELNTE2J_OfmxVW)11.jpg;https://ei.phncdn.com/videos/202602/05/38487965/original/(m=eaf8GgaaaWavb)(mh=bPELNTE2J_OfmxVW)12.jpg;https://ei.phncdn.com/videos/202602/05/38487965/original/(m=eaf8GgaaaWavb)(mh=bPELNTE2J_OfmxVW)13.jpg;https://ei.phncdn.com/videos/202602/05/38487965/original/(m=eaf8GgaaaWavb)(mh=bPELNTE2J_OfmxVW)14.jpg;https://ei.phncdn.com/videos/202602/05/38487965/original/(m=eaf8GgaaaWavb)(mh=bPELNTE2J_OfmxVW)15.jpg;https://ei.phncdn.com/videos/202602/05/38487965/original/(m=eaf8GgaaaWavb)(mh=bPELNTE2J_OfmxVW)16.jpg|Awesome Japanese Student Enjoys Participating in Oral Sex|japanese;asian;chinese|Arab;Czech;Brazilian||2185|2882|13|1|https://ei.phncdn.com/videos/202602/05/38487965/original/(m=eaAaGwObaaamqv)(mh=tEFNiFbNkCaOarcj)12.jpg|https://ei.phncdn.com/videos/202602/05/38487965/original/(m=eaAaGwObaaamqv)(mh=tEFNiFbNkCaOarcj)1.jpg;https://ei.phncdn.com/videos/202602/05/38487965/original/(m=eaAaGwObaaamqv)(mh=tEFNiFbNkCaOarcj)2.jpg;https://ei.phncdn.com/videos/202602/05/38487965/original/(m=eaAaGwObaaamqv)(mh=tEFNiFbNkCaOarcj)3.jpg;https://ei.phncdn.com/videos/202602/05/38487965/original/(m=eaAaGwObaaamqv)(mh=tEFNiFbNkCaOarcj)4.jpg;https://ei.phncdn.com/videos/202602/05/38487965/original/(m=eaAaGwObaaamqv)(mh=tEFNiFbNkCaOarcj)5.jpg;https://ei.phncdn.com/videos/202602/05/38487965/original/(m=eaAaGwObaaamqv)(mh=tEFNiFbNkCaOarcj)6.jpg;https://ei.phncdn.com/videos/202602/05/38487965/original/(m=eaAaGwObaaamqv)(mh=tEFNiFbNkCaOarcj)7.jpg;https://ei.phncdn.com/videos/202602/05/38487965/original/(m=eaAaGwObaaamqv)(mh=tEFNiFbNkCaOarcj)8.jpg;https://ei.phncdn.com/videos/202602/05/38487965/original/(m=eaAaGwObaaamqv)(mh=tEFNiFbNkCaOarcj)9.jpg;https://ei.phncdn.com/videos/202602/05/38487965/original/(m=eaAaGwObaaamqv)(mh=tEFNiFbNkCaOarcj)10.jpg;https://ei.phncdn.com/videos/202602/05/38487965/original/(m=eaAaGwObaaamqv)(mh=tEFNiFbNkCaOarcj)11.jpg;https://ei.phncdn.com/videos/202602/05/38487965/original/(m=eaAaGwObaaamqv)(mh=tEFNiFbNkCaOarcj)12.jpg;https://ei.phncdn.com/videos/202602/05/38487965/original/(m=eaAaGwObaaamqv)(mh=tEFNiFbNkCaOarcj)13.jpg;https://ei.phncdn.com/videos/202602/05/38487965/original/(m=eaAaGwObaaamqv)(mh=tEFNiFbNkCaOarcj)14.jpg;https://ei.phncdn.com/videos/202602/05/38487965/original/(m=eaAaGwObaaamqv)(mh=tEFNiFbNkCaOarcj)15.jpg;https://ei.phncdn.com/videos/202602/05/38487965/original/(m=eaAaGwObaaamqv)(mh=tEFNiFbNkCaOarcj)16.jpg
<iframe src="https://www.pornhub.com/embed/6985275034b57" frameborder="0" height="481" width="608" scrolling="no"></iframe>|https://ei.phncdn.com/videos/202602/05/38488035/original/(m=eaf8GgaaaWavb)(mh=YvbWkFPl-YinHhqN)12.jpg|https://ei.phncdn.com/videos/202602/05/38488035/original/(m=eaf8GgaaaWavb)(mh=YvbWkFPl-YinHhqN)1.jpg;https://ei.phncdn.com/videos/202602/05/38488035/original/(m=eaf8GgaaaWavb)(mh=YvbWkFPl-YinHhqN)2.jpg;https://ei.phncdn.com/videos/202602/05/38488035/original/(m=eaf8GgaaaWavb)(mh=YvbWkFPl-YinHhqN)3.jpg;https://ei.phncdn.com/videos/202602/05/38488035/original/(m=eaf8GgaaaWavb)(mh=YvbWkFPl-YinHhqN)4.jpg;https://ei.phncdn.com/videos/202602/05/38488035/original/(m=eaf8GgaaaWavb)(mh=YvbWkFPl-YinHhqN)5.jpg;https://ei.phncdn.com/videos/202602/05/38488035/original/(m=eaf8GgaaaWavb)(mh=YvbWkFPl-YinHhqN)6.jpg;https://ei.phncdn.com/videos/202602/05/38488035/original/(m=eaf8GgaaaWavb)(mh=YvbWkFPl-YinHhqN)7.jpg;https://ei.phncdn.com/videos/202602/05/38488035/original/(m=eaf8GgaaaWavb)(mh=YvbWkFPl-YinHhqN)8.jpg;https://ei.phncdn.com/videos/202602/05/38488035/original/(m=eaf8GgaaaWavb)(mh=YvbWkFPl-YinHhqN)9.jpg;https://ei.phncdn.com/videos/202602/05/38488035/original/(m=eaf8GgaaaWavb)(mh=YvbWkFPl-YinHhqN)10.jpg;https://ei.phncdn.com/videos/202602/05/38488035/original/(m=eaf8GgaaaWavb)(mh=YvbWkFPl-YinHhqN)11.jpg;https://ei.phncdn.com/videos/202602/05/38488035/original/(m=eaf8GgaaaWavb)(mh=YvbWkFPl-YinHhqN)12.jpg;https://ei.phncdn.com/videos/202602/05/38488035/original/(m=eaf8GgaaaWavb)(mh=YvbWkFPl-YinHhqN)13.jpg;https://ei.phncdn.com/videos/202602/05/38488035/original/(m=eaf8GgaaaWavb)(mh=YvbWkFPl-YinHhqN)14.jpg;https://ei.phncdn.com/videos/202602/05/38488035/original/(m=eaf8GgaaaWavb)(mh=YvbWkFPl-YinHhqN)15.jpg;https://ei.phncdn.com/videos/202602/05/38488035/original/(m=eaf8GgaaaWavb)(mh=YvbWkFPl-YinHhqN)16.jpg|Japanese Stepsister Gets Two Unique Creampies!|japanese;asian;chinese|Arab;Czech;Brazilian;Step Fantasy||1779|1307|4|0|https://ei.phncdn.com/videos/202602/05/38488035/original/(m=eaAaGwObaaamqv)(mh=LI1VHyp5rTb_mbf8)12.jpg|https://ei.phncdn.com/videos/202602/05/38488035/original/(m=eaAaGwObaaamqv)(mh=LI1VHyp5rTb_mbf8)1.jpg;https://ei.phncdn.com/videos/202602/05/38488035/original/(m=eaAaGwObaaamqv)(mh=LI1VHyp5rTb_mbf8)2.jpg;https://ei.phncdn.com/videos/202602/05/38488035/original/(m=eaAaGwObaaamqv)(mh=LI1VHyp5rTb_mbf8)3.jpg;https://ei.phncdn.com/videos/202602/05/38488035/original/(m=eaAaGwObaaamqv)(mh=LI1VHyp5rTb_mbf8)4.jpg;https://ei.phncdn.com/videos/202602/05/38488035/original/(m=eaAaGwObaaamqv)(mh=LI1VHyp5rTb_mbf8)5.jpg;https://ei.phncdn.com/videos/202602/05/38488035/original/(m=eaAaGwObaaamqv)(mh=LI1VHyp5rTb_mbf8)6.jpg;https://ei.phncdn.com/videos/202602/05/38488035/original/(m=eaAaGwObaaamqv)(mh=LI1VHyp5rTb_mbf8)7.jpg;https://ei.phncdn.com/videos/202602/05/38488035/original/(m=eaAaGwObaaamqv)(mh=LI1VHyp5rTb_mbf8)8.jpg;https://ei.phncdn.com/videos/202602/05/38488035/original/(m=eaAaGwObaaamqv)(mh=LI1VHyp5rTb_mbf8)9.jpg;https://ei.phncdn.com/videos/202602/05/38488035/original/(m=eaAaGwObaaamqv)(mh=LI1VHyp5rTb_mbf8)10.jpg;https://ei.phncdn.com/videos/202602/05/38488035/original/(m=eaAaGwObaaamqv)(mh=LI1VHyp5rTb_mbf8)11.jpg;https://ei.phncdn.com/videos/202602/05/38488035/original/(m=eaAaGwObaaamqv)(mh=LI1VHyp5rTb_mbf8)12.jpg;https://ei.phncdn.com/videos/202602/05/38488035/original/(m=eaAaGwObaaamqv)(mh=LI1VHyp5rTb_mbf8)13.jpg;https://ei.phncdn.com/videos/202602/05/38488035/original/(m=eaAaGwObaaamqv)(mh=LI1VHyp5rTb_mbf8)14.jpg;https://ei.phncdn.com/videos/202602/05/38488035/original/(m=eaAaGwObaaamqv)(mh=LI1VHyp5rTb_mbf8)15.jpg;https://ei.phncdn.com/videos/202602/05/38488035/original/(m=eaAaGwObaaamqv)(mh=LI1VHyp5rTb_mbf8)16.jpg
<iframe src="https://www.pornhub.com/embed/6985276a5d83e" frameborder="0" height="481" width="608" scrolling="no"></iframe>|https://ei.phncdn.com/videos/202602/05/38488095/original/(m=eaf8GgaaaWavb)(mh=AmCdU7LSwwFsx5Af)12.jpg|https://ei.phncdn.com/videos/202602/05/38488095/original/(m=eaf8GgaaaWavb)(mh=AmCdU7LSwwFsx5Af)1.jpg;https://ei.phncdn.com/videos/202602/05/38488095/original/(m=eaf8GgaaaWavb)(mh=AmCdU7LSwwFsx5Af)2.jpg;https://ei.phncdn.com/videos/202602/05/38488095/original/(m=eaf8GgaaaWavb)(mh=AmCdU7LSwwFsx5Af)3.jpg;https://ei.phncdn.com/videos/202602/05/38488095/original/(m=eaf8GgaaaWavb)(mh=AmCdU7LSwwFsx5Af)4.jpg;https://ei.phncdn.com/videos/202602/05/38488095/original/(m=eaf8GgaaaWavb)(mh=AmCdU7LSwwFsx5Af)5.jpg;https://ei.phncdn.com/videos/202602/05/38488095/original/(m=eaf8GgaaaWavb)(mh=AmCdU7LSwwFsx5Af)6.jpg;https://ei.phncdn.com/videos/202602/05/38488095/original/(m=eaf8GgaaaWavb)(mh=AmCdU7LSwwFsx5Af)7.jpg;https://ei.phncdn.com/videos/202602/05/38488095/original/(m=eaf8GgaaaWavb)(mh=AmCdU7LSwwFsx5Af)8.jpg;https://ei.phncdn.com/videos/202602/05/38488095/original/(m=eaf8GgaaaWavb)(mh=AmCdU7LSwwFsx5Af)9.jpg;https://ei.phncdn.com/videos/202602/05/38488095/original/(m=eaf8GgaaaWavb)(mh=AmCdU7LSwwFsx5Af)10.jpg;https://ei.phncdn.com/videos/202602/05/38488095/original/(m=eaf8GgaaaWavb)(mh=AmCdU7LSwwFsx5Af)11.jpg;https://ei.phncdn.com/videos/202602/05/38488095/original/(m=eaf8GgaaaWavb)(mh=AmCdU7LSwwFsx5Af)12.jpg;https://ei.phncdn.com/videos/202602/05/38488095/original/(m=eaf8GgaaaWavb)(mh=AmCdU7LSwwFsx5Af)13.jpg;https://ei.phncdn.com/videos/202602/05/38488095/original/(m=eaf8GgaaaWavb)(mh=AmCdU7LSwwFsx5Af)14.jpg;https://ei.phncdn.com/videos/202602/05/38488095/original/(m=eaf8GgaaaWavb)(mh=AmCdU7LSwwFsx5Af)15.jpg;https://ei.phncdn.com/videos/202602/05/38488095/original/(m=eaf8GgaaaWavb)(mh=AmCdU7LSwwFsx5Af)16.jpg|19-year-old Japanese stepsibling participating in unprotected sexual activity.|japanese;asian;chinese|Arab;Czech;Brazilian||2275|885|3|0|https://ei.phncdn.com/videos/202602/05/38488095/original/(m=eaAaGwObaaamqv)(mh=gV81xyiVIyLgg9Xh)12.jpg|https://ei.phncdn.com/videos/202602/05/38488095/original/(m=eaAaGwObaaamqv)(mh=gV81xyiVIyLgg9Xh)1.jpg;https://ei.phncdn.com/videos/202602/05/38488095/original/(m=eaAaGwObaaamqv)(mh=gV81xyiVIyLgg9Xh)2.jpg;https://ei.phncdn.com/videos/202602/05/38488095/original/(m=eaAaGwObaaamqv)(mh=gV81xyiVIyLgg9Xh)3.jpg;https://ei.phncdn.com/videos/202602/05/38488095/original/(m=eaAaGwObaaamqv)(mh=gV81xyiVIyLgg9Xh)4.jpg;https://ei.phncdn.com/videos/202602/05/38488095/original/(m=eaAaGwObaaamqv)(mh=gV81xyiVIyLgg9Xh)5.jpg;https://ei.phncdn.com/videos/202602/05/38488095/original/(m=eaAaGwObaaamqv)(mh=gV81xyiVIyLgg9Xh)6.jpg;https://ei.phncdn.com/videos/202602/05/38488095/original/(m=eaAaGwObaaamqv)(mh=gV81xyiVIyLgg9Xh)7.jpg;https://ei.phncdn.com/videos/202602/05/38488095/original/(m=eaAaGwObaaamqv)(mh=gV81xyiVIyLgg9Xh)8.jpg;https://ei.phncdn.com/videos/202602/05/38488095/original/(m=eaAaGwObaaamqv)(mh=gV81xyiVIyLgg9Xh)9.jpg;https://ei.phncdn.com/videos/202602/05/38488095/original/(m=eaAaGwObaaamqv)(mh=gV81xyiVIyLgg9Xh)10.jpg;https://ei.phncdn.com/videos/202602/05/38488095/original/(m=eaAaGwObaaamqv)(mh=gV81xyiVIyLgg9Xh)11.jpg;https://ei.phncdn.com/videos/202602/05/38488095/original/(m=eaAaGwObaaamqv)(mh=gV81xyiVIyLgg9Xh)12.jpg;https://ei.phncdn.com/videos/202602/05/38488095/original/(m=eaAaGwObaaamqv)(mh=gV81xyiVIyLgg9Xh)13.jpg;https://ei.phncdn.com/videos/202602/05/38488095/original/(m=eaAaGwObaaamqv)(mh=gV81xyiVIyLgg9Xh)14.jpg;https://ei.phncdn.com/videos/202602/05/38488095/original/(m=eaAaGwObaaamqv)(mh=gV81xyiVIyLgg9Xh)15.jpg;https://ei.phncdn.com/videos/202602/05/38488095/original/(m=eaAaGwObaaamqv)(mh=gV81xyiVIyLgg9Xh)16.jpg
<iframe src="https://www.pornhub.com/embed/69852784a919a" frameborder="0" height="481" width="608" scrolling="no"></iframe>|https://ei.phncdn.com/videos/202602/05/38488165/original/(m=eaf8GgaaaWavb)(mh=uiGSdYOVvCGrJrQf)12.jpg|https://ei.phncdn.com/videos/202602/05/38488165/original/(m=eaf8GgaaaWavb)(mh=uiGSdYOVvCGrJrQf)1.jpg;https://ei.phncdn.com/videos/202602/05/38488165/original/(m=eaf8GgaaaWavb)(mh=uiGSdYOVvCGrJrQf)2.jpg;https://ei.phncdn.com/videos/202602/05/38488165/original/(m=eaf8GgaaaWavb)(mh=uiGSdYOVvCGrJrQf)3.jpg;https://ei.phncdn.com/videos/202602/05/38488165/original/(m=eaf8GgaaaWavb)(mh=uiGSdYOVvCGrJrQf)4.jpg;https://ei.phncdn.com/videos/202602/05/38488165/original/(m=eaf8GgaaaWavb)(mh=uiGSdYOVvCGrJrQf)5.jpg;https://ei.phncdn.com/videos/202602/05/38488165/original/(m=eaf8GgaaaWavb)(mh=uiGSdYOVvCGrJrQf)6.jpg;https://ei.phncdn.com/videos/202602/05/38488165/original/(m=eaf8GgaaaWavb)(mh=uiGSdYOVvCGrJrQf)7.jpg;https://ei.phncdn.com/videos/202602/05/38488165/original/(m=eaf8GgaaaWavb)(mh=uiGSdYOVvCGrJrQf)8.jpg;https://ei.phncdn.com/videos/202602/05/38488165/original/(m=eaf8GgaaaWavb)(mh=uiGSdYOVvCGrJrQf)9.jpg;https://ei.phncdn.com/videos/202602/05/38488165/original/(m=eaf8GgaaaWavb)(mh=uiGSdYOVvCGrJrQf)10.jpg;https://ei.phncdn.com/videos/202602/05/38488165/original/(m=eaf8GgaaaWavb)(mh=uiGSdYOVvCGrJrQf)11.jpg;https://ei.phncdn.com/videos/202602/05/38488165/original/(m=eaf8GgaaaWavb)(mh=uiGSdYOVvCGrJrQf)12.jpg;https://ei.phncdn.com/videos/202602/05/38488165/original/(m=eaf8GgaaaWavb)(mh=uiGSdYOVvCGrJrQf)13.jpg;https://ei.phncdn.com/videos/202602/05/38488165/original/(m=eaf8GgaaaWavb)(mh=uiGSdYOVvCGrJrQf)14.jpg;https://ei.phncdn.com/videos/202602/05/38488165/original/(m=eaf8GgaaaWavb)(mh=uiGSdYOVvCGrJrQf)15.jpg;https://ei.phncdn.com/videos/202602/05/38488165/original/(m=eaf8GgaaaWavb)(mh=uiGSdYOVvCGrJrQf)16.jpg|Japanese College Student Anticipated A Creampie In Her Vagina|japanese;asian;chinese|Arab;Czech;Brazilian||1848|2160|11|0|https://ei.phncdn.com/videos/202602/05/38488165/original/(m=eaAaGwObaaamqv)(mh=ms6ppzqHUrOvclxI)12.jpg|https://ei.phncdn.com/videos/202602/05/38488165/original/(m=eaAaGwObaaamqv)(mh=ms6ppzqHUrOvclxI)1.jpg;https://ei.phncdn.com/videos/202602/05/38488165/original/(m=eaAaGwObaaamqv)(mh=ms6ppzqHUrOvclxI)2.jpg;https://ei.phncdn.com/videos/202602/05/38488165/original/(m=eaAaGwObaaamqv)(mh=ms6ppzqHUrOvclxI)3.jpg;https://ei.phncdn.com/videos/202602/05/38488165/original/(m=eaAaGwObaaamqv)(mh=ms6ppzqHUrOvclxI)4.jpg;https://ei.phncdn.com/videos/202602/05/38488165/original/(m=eaAaGwObaaamqv)(mh=ms6ppzqHUrOvclxI)5.jpg;https://ei.phncdn.com/videos/202602/05/38488165/original/(m=eaAaGwObaaamqv)(mh=ms6ppzqHUrOvclxI)6.jpg;https://ei.phncdn.com/videos/202602/05/38488165/original/(m=eaAaGwObaaamqv)(mh=ms6ppzqHUrOvclxI)7.jpg;https://ei.phncdn.com/videos/202602/05/38488165/original/(m=eaAaGwObaaamqv)(mh=ms6ppzqHUrOvclxI)8.jpg;https://ei.phncdn.com/videos/202602/05/38488165/original/(m=eaAaGwObaaamqv)(mh=ms6ppzqHUrOvclxI)9.jpg;https://ei.phncdn.com/videos/202602/05/38488165/original/(m=eaAaGwObaaamqv)(mh=ms6ppzqHUrOvclxI)10.jpg;https://ei.phncdn.com/videos/202602/05/38488165/original/(m=eaAaGwObaaamqv)(mh=ms6ppzqHUrOvclxI)11.jpg;https://ei.phncdn.com/videos/202602/05/38488165/original/(m=eaAaGwObaaamqv)(mh=ms6ppzqHUrOvclxI)12.jpg;https://ei.phncdn.com/videos/202602/05/38488165/original/(m=eaAaGwObaaamqv)(mh=ms6ppzqHUrOvclxI)13.jpg;https://ei.phncdn.com/videos/202602/05/38488165/original/(m=eaAaGwObaaamqv)(mh=ms6ppzqHUrOvclxI)14.jpg;https://ei.phncdn.com/videos/202602/05/38488165/original/(m=eaAaGwObaaamqv)(mh=ms6ppzqHUrOvclxI)15.jpg;https://ei.phncdn.com/videos/202602/05/38488165/original/(m=eaAaGwObaaamqv)(mh=ms6ppzqHUrOvclxI)16.jpg
<iframe src="https://www.pornhub.com/embed/6985279f2bfb5" frameborder="0" height="481" width="608" scrolling="no"></iframe>|https://ei.phncdn.com/videos/202602/05/38488225/original/(m=eaf8GgaaaWavb)(mh=A6WBSWjc4ayT6vpe)12.jpg|https://ei.phncdn.com/videos/202602/05/38488225/original/(m=eaf8GgaaaWavb)(mh=A6WBSWjc4ayT6vpe)1.jpg;https://ei.phncdn.com/videos/202602/05/38488225/original/(m=eaf8GgaaaWavb)(mh=A6WBSWjc4ayT6vpe)2.jpg;https://ei.phncdn.com/videos/202602/05/38488225/original/(m=eaf8GgaaaWavb)(mh=A6WBSWjc4ayT6vpe)3.jpg;https://ei.phncdn.com/videos/202602/05/38488225/original/(m=eaf8GgaaaWavb)(mh=A6WBSWjc4ayT6vpe)4.jpg;https://ei.phncdn.com/videos/202602/05/38488225/original/(m=eaf8GgaaaWavb)(mh=A6WBSWjc4ayT6vpe)5.jpg;https://ei.phncdn.com/videos/202602/05/38488225/original/(m=eaf8GgaaaWavb)(mh=A6WBSWjc4ayT6vpe)6.jpg;https://ei.phncdn.com/videos/202602/05/38488225/original/(m=eaf8GgaaaWavb)(mh=A6WBSWjc4ayT6vpe)7.jpg;https://ei.phncdn.com/videos/202602/05/38488225/original/(m=eaf8GgaaaWavb)(mh=A6WBSWjc4ayT6vpe)8.jpg;https://ei.phncdn.com/videos/202602/05/38488225/original/(m=eaf8GgaaaWavb)(mh=A6WBSWjc4ayT6vpe)9.jpg;https://ei.phncdn.com/videos/202602/05/38488225/original/(m=eaf8GgaaaWavb)(mh=A6WBSWjc4ayT6vpe)10.jpg;https://ei.phncdn.com/videos/202602/05/38488225/original/(m=eaf8GgaaaWavb)(mh=A6WBSWjc4ayT6vpe)11.jpg;https://ei.phncdn.com/videos/202602/05/38488225/original/(m=eaf8GgaaaWavb)(mh=A6WBSWjc4ayT6vpe)12.jpg;https://ei.phncdn.com/videos/202602/05/38488225/original/(m=eaf8GgaaaWavb)(mh=A6WBSWjc4ayT6vpe)13.jpg;https://ei.phncdn.com/videos/202602/05/38488225/original/(m=eaf8GgaaaWavb)(mh=A6WBSWjc4ayT6vpe)14.jpg;https://ei.phncdn.com/videos/202602/05/38488225/original/(m=eaf8GgaaaWavb)(mh=A6WBSWjc4ayT6vpe)15.jpg;https://ei.phncdn.com/videos/202602/05/38488225/original/(m=eaf8GgaaaWavb)(mh=A6WBSWjc4ayT6vpe)16.jpg|Japanese Stepsister Acknowledges the Risks of Going Bareback!|japanese;asian;chinese|Arab;Czech;Brazilian;Step Fantasy||2366|1605|5|0|https://ei.phncdn.com/videos/202602/05/38488225/original/(m=eaAaGwObaaamqv)(mh=bYfg4VpJ4qwvo4FJ)12.jpg|https://ei.phncdn.com/videos/202602/05/38488225/original/(m=eaAaGwObaaamqv)(mh=bYfg4VpJ4qwvo4FJ)1.jpg;https://ei.phncdn.com/videos/202602/05/38488225/original/(m=eaAaGwObaaamqv)(mh=bYfg4VpJ4qwvo4FJ)2.jpg;https://ei.phncdn.com/videos/202602/05/38488225/original/(m=eaAaGwObaaamqv)(mh=bYfg4VpJ4qwvo4FJ)3.jpg;https://ei.phncdn.com/videos/202602/05/38488225/original/(m=eaAaGwObaaamqv)(mh=bYfg4VpJ4qwvo4FJ)4.jpg;https://ei.phncdn.com/videos/202602/05/38488225/original/(m=eaAaGwObaaamqv)(mh=bYfg4VpJ4qwvo4FJ)5.jpg;https://ei.phncdn.com/videos/202602/05/38488225/original/(m=eaAaGwObaaamqv)(mh=bYfg4VpJ4qwvo4FJ)6.jpg;https://ei.phncdn.com/videos/202602/05/38488225/original/(m=eaAaGwObaaamqv)(mh=bYfg4VpJ4qwvo4FJ)7.jpg;https://ei.phncdn.com/videos/202602/05/38488225/original/(m=eaAaGwObaaamqv)(mh=bYfg4VpJ4qwvo4FJ)8.jpg;https://ei.phncdn.com/videos/202602/05/38488225/original/(m=eaAaGwObaaamqv)(mh=bYfg4VpJ4qwvo4FJ)9.jpg;https://ei.phncdn.com/videos/202602/05/38488225/original/(m=eaAaGwObaaamqv)(mh=bYfg4VpJ4qwvo4FJ)10.jpg;https://ei.phncdn.com/videos/202602/05/38488225/original/(m=eaAaGwObaaamqv)(mh=bYfg4VpJ4qwvo4FJ)11.jpg;https://ei.phncdn.com/videos/202602/05/38488225/original/(m=eaAaGwObaaamqv)(mh=bYfg4VpJ4qwvo4FJ)12.jpg;https://ei.phncdn.com/videos/202602/05/38488225/original/(m=eaAaGwObaaamqv)(mh=bYfg4VpJ4qwvo4FJ)13.jpg;https://ei.phncdn.com/videos/202602/05/38488225/original/(m=eaAaGwObaaamqv)(mh=bYfg4VpJ4qwvo4FJ)14.jpg;https://ei.phncdn.com/videos/202602/05/38488225/original/(m=eaAaGwObaaamqv)(mh=bYfg4VpJ4qwvo4FJ)15.jpg;https://ei.phncdn.com/videos/202602/05/38488225/original/(m=eaAaGwObaaamqv)(mh=bYfg4VpJ4qwvo4FJ)16.jpg
<iframe src="https://www.pornhub.com/embed/698527b955f89" frameborder="0" height="481" width="608" scrolling="no"></iframe>|https://ei.phncdn.com/videos/202602/05/38488255/original/(m=eaf8GgaaaWavb)(mh=5kJSb3IsRURovZeW)12.jpg|https://ei.phncdn.com/videos/202602/05/38488255/original/(m=eaf8GgaaaWavb)(mh=5kJSb3IsRURovZeW)1.jpg;https://ei.phncdn.com/videos/202602/05/38488255/original/(m=eaf8GgaaaWavb)(mh=5kJSb3IsRURovZeW)2.jpg;https://ei.phncdn.com/videos/202602/05/38488255/original/(m=eaf8GgaaaWavb)(mh=5kJSb3IsRURovZeW)3.jpg;https://ei.phncdn.com/videos/202602/05/38488255/original/(m=eaf8GgaaaWavb)(mh=5kJSb3IsRURovZeW)4.jpg;https://ei.phncdn.com/videos/202602/05/38488255/original/(m=eaf8GgaaaWavb)(mh=5kJSb3IsRURovZeW)5.jpg;https://ei.phncdn.com/videos/202602/05/38488255/original/(m=eaf8GgaaaWavb)(mh=5kJSb3IsRURovZeW)6.jpg;https://ei.phncdn.com/videos/202602/05/38488255/original/(m=eaf8GgaaaWavb)(mh=5kJSb3IsRURovZeW)7.jpg;https://ei.phncdn.com/videos/202602/05/38488255/original/(m=eaf8GgaaaWavb)(mh=5kJSb3IsRURovZeW)8.jpg;https://ei.phncdn.com/videos/202602/05/38488255/original/(m=eaf8GgaaaWavb)(mh=5kJSb3IsRURovZeW)9.jpg;https://ei.phncdn.com/videos/202602/05/38488255/original/(m=eaf8GgaaaWavb)(mh=5kJSb3IsRURovZeW)10.jpg;https://ei.phncdn.com/videos/202602/05/38488255/original/(m=eaf8GgaaaWavb)(mh=5kJSb3IsRURovZeW)11.jpg;https://ei.phncdn.com/videos/202602/05/38488255/original/(m=eaf8GgaaaWavb)(mh=5kJSb3IsRURovZeW)12.jpg;https://ei.phncdn.com/videos/202602/05/38488255/original/(m=eaf8GgaaaWavb)(mh=5kJSb3IsRURovZeW)13.jpg;https://ei.phncdn.com/videos/202602/05/38488255/original/(m=eaf8GgaaaWavb)(mh=5kJSb3IsRURovZeW)14.jpg;https://ei.phncdn.com/videos/202602/05/38488255/original/(m=eaf8GgaaaWavb)(mh=5kJSb3IsRURovZeW)15.jpg;https://ei.phncdn.com/videos/202602/05/38488255/original/(m=eaf8GgaaaWavb)(mh=5kJSb3IsRURovZeW)16.jpg|An 18-year-old Japanese novice was captivated by adult films.|japanese;asian;chinese|Arab;Czech;Brazilian||1293|3044|7|1|https://ei.phncdn.com/videos/202602/05/38488255/original/(m=eaAaGwObaaamqv)(mh=TRMQGdkx0077zjap)12.jpg|https://ei.phncdn.com/videos/202602/05/38488255/original/(m=eaAaGwObaaamqv)(mh=TRMQGdkx0077zjap)1.jpg;https://ei.phncdn.com/videos/202602/05/38488255/original/(m=eaAaGwObaaamqv)(mh=TRMQGdkx0077zjap)2.jpg;https://ei.phncdn.com/videos/202602/05/38488255/original/(m=eaAaGwObaaamqv)(mh=TRMQGdkx0077zjap)3.jpg;https://ei.phncdn.com/videos/202602/05/38488255/original/(m=eaAaGwObaaamqv)(mh=TRMQGdkx0077zjap)4.jpg;https://ei.phncdn.com/videos/202602/05/38488255/original/(m=eaAaGwObaaamqv)(mh=TRMQGdkx0077zjap)5.jpg;https://ei.phncdn.com/videos/202602/05/38488255/original/(m=eaAaGwObaaamqv)(mh=TRMQGdkx0077zjap)6.jpg;https://ei.phncdn.com/videos/202602/05/38488255/original/(m=eaAaGwObaaamqv)(mh=TRMQGdkx0077zjap)7.jpg;https://ei.phncdn.com/videos/202602/05/38488255/original/(m=eaAaGwObaaamqv)(mh=TRMQGdkx0077zjap)8.jpg;https://ei.phncdn.com/videos/202602/05/38488255/original/(m=eaAaGwObaaamqv)(mh=TRMQGdkx0077zjap)9.jpg;https://ei.phncdn.com/videos/202602/05/38488255/original/(m=eaAaGwObaaamqv)(mh=TRMQGdkx0077zjap)10.jpg;https://ei.phncdn.com/videos/202602/05/38488255/original/(m=eaAaGwObaaamqv)(mh=TRMQGdkx0077zjap)11.jpg;https://ei.phncdn.com/videos/202602/05/38488255/original/(m=eaAaGwObaaamqv)(mh=TRMQGdkx0077zjap)12.jpg;https://ei.phncdn.com/videos/202602/05/38488255/original/(m=eaAaGwObaaamqv)(mh=TRMQGdkx0077zjap)13.jpg;https://ei.phncdn.com/videos/202602/05/38488255/original/(m=eaAaGwObaaamqv)(mh=TRMQGdkx0077zjap)14.jpg;https://ei.phncdn.com/videos/202602/05/38488255/original/(m=eaAaGwObaaamqv)(mh=TRMQGdkx0077zjap)15.jpg;https://ei.phncdn.com/videos/202602/05/38488255/original/(m=eaAaGwObaaamqv)(mh=TRMQGdkx0077zjap)16.jpg
<iframe src="https://www.pornhub.com/embed/698527d3b4b23" frameborder="0" height="481" width="608" scrolling="no"></iframe>|https://ei.phncdn.com/videos/202602/05/38488305/original/(m=eaf8GgaaaWavb)(mh=g8utHGYT4N2eJXNK)12.jpg|https://ei.phncdn.com/videos/202602/05/38488305/original/(m=eaf8GgaaaWavb)(mh=g8utHGYT4N2eJXNK)1.jpg;https://ei.phncdn.com/videos/202602/05/38488305/original/(m=eaf8GgaaaWavb)(mh=g8utHGYT4N2eJXNK)2.jpg;https://ei.phncdn.com/videos/202602/05/38488305/original/(m=eaf8GgaaaWavb)(mh=g8utHGYT4N2eJXNK)3.jpg;https://ei.phncdn.com/videos/202602/05/38488305/original/(m=eaf8GgaaaWavb)(mh=g8utHGYT4N2eJXNK)4.jpg;https://ei.phncdn.com/videos/202602/05/38488305/original/(m=eaf8GgaaaWavb)(mh=g8utHGYT4N2eJXNK)5.jpg;https://ei.phncdn.com/videos/202602/05/38488305/original/(m=eaf8GgaaaWavb)(mh=g8utHGYT4N2eJXNK)6.jpg;https://ei.phncdn.com/videos/202602/05/38488305/original/(m=eaf8GgaaaWavb)(mh=g8utHGYT4N2eJXNK)7.jpg;https://ei.phncdn.com/videos/202602/05/38488305/original/(m=eaf8GgaaaWavb)(mh=g8utHGYT4N2eJXNK)8.jpg;https://ei.phncdn.com/videos/202602/05/38488305/original/(m=eaf8GgaaaWavb)(mh=g8utHGYT4N2eJXNK)9.jpg;https://ei.phncdn.com/videos/202602/05/38488305/original/(m=eaf8GgaaaWavb)(mh=g8utHGYT4N2eJXNK)10.jpg;https://ei.phncdn.com/videos/202602/05/38488305/original/(m=eaf8GgaaaWavb)(mh=g8utHGYT4N2eJXNK)11.jpg;https://ei.phncdn.com/videos/202602/05/38488305/original/(m=eaf8GgaaaWavb)(mh=g8utHGYT4N2eJXNK)12.jpg;https://ei.phncdn.com/videos/202602/05/38488305/original/(m=eaf8GgaaaWavb)(mh=g8utHGYT4N2eJXNK)13.jpg;https://ei.phncdn.com/videos/202602/05/38488305/original/(m=eaf8GgaaaWavb)(mh=g8utHGYT4N2eJXNK)14.jpg;https://ei.phncdn.com/videos/202602/05/38488305/original/(m=eaf8GgaaaWavb)(mh=g8utHGYT4N2eJXNK)15.jpg;https://ei.phncdn.com/videos/202602/05/38488305/original/(m=eaf8GgaaaWavb)(mh=g8utHGYT4N2eJXNK)16.jpg|Japanese Stepdaughter Participating in Oral in the Hotel Room|japanese;asian;chinese|Arab;Czech;Brazilian;Step Fantasy||2116|1728|4|0|https://ei.phncdn.com/videos/202602/05/38488305/original/(m=eaAaGwObaaamqv)(mh=NCzM-mdwYNuPugI0)12.jpg|https://ei.phncdn.com/videos/202602/05/38488305/original/(m=eaAaGwObaaamqv)(mh=NCzM-mdwYNuPugI0)1.jpg;https://ei.phncdn.com/videos/202602/05/38488305/original/(m=eaAaGwObaaamqv)(mh=NCzM-mdwYNuPugI0)2.jpg;https://ei.phncdn.com/videos/202602/05/38488305/original/(m=eaAaGwObaaamqv)(mh=NCzM-mdwYNuPugI0)3.jpg;https://ei.phncdn.com/videos/202602/05/38488305/original/(m=eaAaGwObaaamqv)(mh=NCzM-mdwYNuPugI0)4.jpg;https://ei.phncdn.com/videos/202602/05/38488305/original/(m=eaAaGwObaaamqv)(mh=NCzM-mdwYNuPugI0)5.jpg;https://ei.phncdn.com/videos/202602/05/38488305/original/(m=eaAaGwObaaamqv)(mh=NCzM-mdwYNuPugI0)6.jpg;https://ei.phncdn.com/videos/202602/05/38488305/original/(m=eaAaGwObaaamqv)(mh=NCzM-mdwYNuPugI0)7.jpg;https://ei.phncdn.com/videos/202602/05/38488305/original/(m=eaAaGwObaaamqv)(mh=NCzM-mdwYNuPugI0)8.jpg;https://ei.phncdn.com/videos/202602/05/38488305/original/(m=eaAaGwObaaamqv)(mh=NCzM-mdwYNuPugI0)9.jpg;https://ei.phncdn.com/videos/202602/05/38488305/original/(m=eaAaGwObaaamqv)(mh=NCzM-mdwYNuPugI0)10.jpg;https://ei.phncdn.com/videos/202602/05/38488305/original/(m=eaAaGwObaaamqv)(mh=NCzM-mdwYNuPugI0)11.jpg;https://ei.phncdn.com/videos/202602/05/38488305/original/(m=eaAaGwObaaamqv)(mh=NCzM-mdwYNuPugI0)12.jpg;https://ei.phncdn.com/videos/202602/05/38488305/original/(m=eaAaGwObaaamqv)(mh=NCzM-mdwYNuPugI0)13.jpg;https://ei.phncdn.com/videos/202602/05/38488305/original/(m=eaAaGwObaaamqv)(mh=NCzM-mdwYNuPugI0)14.jpg;https://ei.phncdn.com/videos/202602/05/38488305/original/(m=eaAaGwObaaamqv)(mh=NCzM-mdwYNuPugI0)15.jpg;https://ei.phncdn.com/videos/202602/05/38488305/original/(m=eaAaGwObaaamqv)(mh=NCzM-mdwYNuPugI0)16.jpg
<iframe src="https://www.pornhub.com/embed/698527ee2490e" frameborder="0" height="481" width="608" scrolling="no"></iframe>|https://ei.phncdn.com/videos/202602/05/38488355/original/(m=eaf8GgaaaWavb)(mh=l85u-yiEs5ttzD3I)12.jpg|https://ei.phncdn.com/videos/202602/05/38488355/original/(m=eaf8GgaaaWavb)(mh=l85u-yiEs5ttzD3I)1.jpg;https://ei.phncdn.com/videos/202602/05/38488355/original/(m=eaf8GgaaaWavb)(mh=l85u-yiEs5ttzD3I)2.jpg;https://ei.phncdn.com/videos/202602/05/38488355/original/(m=eaf8GgaaaWavb)(mh=l85u-yiEs5ttzD3I)3.jpg;https://ei.phncdn.com/videos/202602/05/38488355/original/(m=eaf8GgaaaWavb)(mh=l85u-yiEs5ttzD3I)4.jpg;https://ei.phncdn.com/videos/202602/05/38488355/original/(m=eaf8GgaaaWavb)(mh=l85u-yiEs5ttzD3I)5.jpg;https://ei.phncdn.com/videos/202602/05/38488355/original/(m=eaf8GgaaaWavb)(mh=l85u-yiEs5ttzD3I)6.jpg;https://ei.phncdn.com/videos/202602/05/38488355/original/(m=eaf8GgaaaWavb)(mh=l85u-yiEs5ttzD3I)7.jpg;https://ei.phncdn.com/videos/202602/05/38488355/original/(m=eaf8GgaaaWavb)(mh=l85u-yiEs5ttzD3I)8.jpg;https://ei.phncdn.com/videos/202602/05/38488355/original/(m=eaf8GgaaaWavb)(mh=l85u-yiEs5ttzD3I)9.jpg;https://ei.phncdn.com/videos/202602/05/38488355/original/(m=eaf8GgaaaWavb)(mh=l85u-yiEs5ttzD3I)10.jpg;https://ei.phncdn.com/videos/202602/05/38488355/original/(m=eaf8GgaaaWavb)(mh=l85u-yiEs5ttzD3I)11.jpg;https://ei.phncdn.com/videos/202602/05/38488355/original/(m=eaf8GgaaaWavb)(mh=l85u-yiEs5ttzD3I)12.jpg;https://ei.phncdn.com/videos/202602/05/38488355/original/(m=eaf8GgaaaWavb)(mh=l85u-yiEs5ttzD3I)13.jpg;https://ei.phncdn.com/videos/202602/05/38488355/original/(m=eaf8GgaaaWavb)(mh=l85u-yiEs5ttzD3I)14.jpg;https://ei.phncdn.com/videos/202602/05/38488355/original/(m=eaf8GgaaaWavb)(mh=l85u-yiEs5ttzD3I)15.jpg;https://ei.phncdn.com/videos/202602/05/38488355/original/(m=eaf8GgaaaWavb)(mh=l85u-yiEs5ttzD3I)16.jpg|Lean Japanese Stepsister Likes To Straddle The Pole|japanese;asian;chinese|Arab;Czech;Brazilian;Step Fantasy||2215|708|2|0|https://ei.phncdn.com/videos/202602/05/38488355/original/(m=eaAaGwObaaamqv)(mh=EsMZMIHx9euoJkQM)12.jpg|https://ei.phncdn.com/videos/202602/05/38488355/original/(m=eaAaGwObaaamqv)(mh=EsMZMIHx9euoJkQM)1.jpg;https://ei.phncdn.com/videos/202602/05/38488355/original/(m=eaAaGwObaaamqv)(mh=EsMZMIHx9euoJkQM)2.jpg;https://ei.phncdn.com/videos/202602/05/38488355/original/(m=eaAaGwObaaamqv)(mh=EsMZMIHx9euoJkQM)3.jpg;https://ei.phncdn.com/videos/202602/05/38488355/original/(m=eaAaGwObaaamqv)(mh=EsMZMIHx9euoJkQM)4.jpg;https://ei.phncdn.com/videos/202602/05/38488355/original/(m=eaAaGwObaaamqv)(mh=EsMZMIHx9euoJkQM)5.jpg;https://ei.phncdn.com/videos/202602/05/38488355/original/(m=eaAaGwObaaamqv)(mh=EsMZMIHx9euoJkQM)6.jpg;https://ei.phncdn.com/videos/202602/05/38488355/original/(m=eaAaGwObaaamqv)(mh=EsMZMIHx9euoJkQM)7.jpg;https://ei.phncdn.com/videos/202602/05/38488355/original/(m=eaAaGwObaaamqv)(mh=EsMZMIHx9euoJkQM)8.jpg;https://ei.phncdn.com/videos/202602/05/38488355/original/(m=eaAaGwObaaamqv)(mh=EsMZMIHx9euoJkQM)9.jpg;https://ei.phncdn.com/videos/202602/05/38488355/original/(m=eaAaGwObaaamqv)(mh=EsMZMIHx9euoJkQM)10.jpg;https://ei.phncdn.com/videos/202602/05/38488355/original/(m=eaAaGwObaaamqv)(mh=EsMZMIHx9euoJkQM)11.jpg;https://ei.phncdn.com/videos/202602/05/38488355/original/(m=eaAaGwObaaamqv)(mh=EsMZMIHx9euoJkQM)12.jpg;https://ei.phncdn.com/videos/202602/05/38488355/original/(m=eaAaGwObaaamqv)(mh=EsMZMIHx9euoJkQM)13.jpg;https://ei.phncdn.com/videos/202602/05/38488355/original/(m=eaAaGwObaaamqv)(mh=EsMZMIHx9euoJkQM)14.jpg;https://ei.phncdn.com/videos/202602/05/38488355/original/(m=eaAaGwObaaamqv)(mh=EsMZMIHx9euoJkQM)15.jpg;https://ei.phncdn.com/videos/202602/05/38488355/original/(m=eaAaGwObaaamqv)(mh=EsMZMIHx9euoJkQM)16.jpg
<iframe src="https://www.pornhub.com/embed/69852808afd38" frameborder="0" height="481" width="608" scrolling="no"></iframe>|https://ei.phncdn.com/videos/202602/05/38488445/original/(m=eaf8GgaaaWavb)(mh=D6jiLDN88ua12oew)12.jpg|https://ei.phncdn.com/videos/202602/05/38488445/original/(m=eaf8GgaaaWavb)(mh=D6jiLDN88ua12oew)1.jpg;https://ei.phncdn.com/videos/202602/05/38488445/original/(m=eaf8GgaaaWavb)(mh=D6jiLDN88ua12oew)2.jpg;https://ei.phncdn.com/videos/202602/05/38488445/original/(m=eaf8GgaaaWavb)(mh=D6jiLDN88ua12oew)3.jpg;https://ei.phncdn.com/videos/202602/05/38488445/original/(m=eaf8GgaaaWavb)(mh=D6jiLDN88ua12oew)4.jpg;https://ei.phncdn.com/videos/202602/05/38488445/original/(m=eaf8GgaaaWavb)(mh=D6jiLDN88ua12oew)5.jpg;https://ei.phncdn.com/videos/202602/05/38488445/original/(m=eaf8GgaaaWavb)(mh=D6jiLDN88ua12oew)6.jpg;https://ei.phncdn.com/videos/202602/05/38488445/original/(m=eaf8GgaaaWavb)(mh=D6jiLDN88ua12oew)7.jpg;https://ei.phncdn.com/videos/202602/05/38488445/original/(m=eaf8GgaaaWavb)(mh=D6jiLDN88ua12oew)8.jpg;https://ei.phncdn.com/videos/202602/05/38488445/original/(m=eaf8GgaaaWavb)(mh=D6jiLDN88ua12oew)9.jpg;https://ei.phncdn.com/videos/202602/05/38488445/original/(m=eaf8GgaaaWavb)(mh=D6jiLDN88ua12oew)10.jpg;https://ei.phncdn.com/videos/202602/05/38488445/original/(m=eaf8GgaaaWavb)(mh=D6jiLDN88ua12oew)11.jpg;https://ei.phncdn.com/videos/202602/05/38488445/original/(m=eaf8GgaaaWavb)(mh=D6jiLDN88ua12oew)12.jpg;https://ei.phncdn.com/videos/202602/05/38488445/original/(m=eaf8GgaaaWavb)(mh=D6jiLDN88ua12oew)13.jpg;https://ei.phncdn.com/videos/202602/05/38488445/original/(m=eaf8GgaaaWavb)(mh=D6jiLDN88ua12oew)14.jpg;https://ei.phncdn.com/videos/202602/05/38488445/original/(m=eaf8GgaaaWavb)(mh=D6jiLDN88ua12oew)15.jpg;https://ei.phncdn.com/videos/202602/05/38488445/original/(m=eaf8GgaaaWavb)(mh=D6jiLDN88ua12oew)16.jpg|Impressive 18-year-old Japanese talent featuring in her debut adult film.|japanese;asian;chinese|Arab;Czech;Brazilian||1665|1654|2|2|https://ei.phncdn.com/videos/202602/05/38488445/original/(m=eaAaGwObaaamqv)(mh=xJJBNjpc5xQSanED)12.jpg|https://ei.phncdn.com/videos/202602/05/38488445/original/(m=eaAaGwObaaamqv)(mh=xJJBNjpc5xQSanED)1.jpg;https://ei.phncdn.com/videos/202602/05/38488445/original/(m=eaAaGwObaaamqv)(mh=xJJBNjpc5xQSanED)2.jpg;https://ei.phncdn.com/videos/202602/05/38488445/original/(m=eaAaGwObaaamqv)(mh=xJJBNjpc5xQSanED)3.jpg;https://ei.phncdn.com/videos/202602/05/38488445/original/(m=eaAaGwObaaamqv)(mh=xJJBNjpc5xQSanED)4.jpg;https://ei.phncdn.com/videos/202602/05/38488445/original/(m=eaAaGwObaaamqv)(mh=xJJBNjpc5xQSanED)5.jpg;https://ei.phncdn.com/videos/202602/05/38488445/original/(m=eaAaGwObaaamqv)(mh=xJJBNjpc5xQSanED)6.jpg;https://ei.phncdn.com/videos/202602/05/38488445/original/(m=eaAaGwObaaamqv)(mh=xJJBNjpc5xQSanED)7.jpg;https://ei.phncdn.com/videos/202602/05/38488445/original/(m=eaAaGwObaaamqv)(mh=xJJBNjpc5xQSanED)8.jpg;https://ei.phncdn.com/videos/202602/05/38488445/original/(m=eaAaGwObaaamqv)(mh=xJJBNjpc5xQSanED)9.jpg;https://ei.phncdn.com/videos/202602/05/38488445/original/(m=eaAaGwObaaamqv)(mh=xJJBNjpc5xQSanED)10.jpg;https://ei.phncdn.com/videos/202602/05/38488445/original/(m=eaAaGwObaaamqv)(mh=xJJBNjpc5xQSanED)11.jpg;https://ei.phncdn.com/videos/202602/05/38488445/original/(m=eaAaGwObaaamqv)(mh=xJJBNjpc5xQSanED)12.jpg;https://ei.phncdn.com/videos/202602/05/38488445/original/(m=eaAaGwObaaamqv)(mh=xJJBNjpc5xQSanED)13.jpg;https://ei.phncdn.com/videos/202602/05/38488445/original/(m=eaAaGwObaaamqv)(mh=xJJBNjpc5xQSanED)14.jpg;https://ei.phncdn.com/videos/202602/05/38488445/original/(m=eaAaGwObaaamqv)(mh=xJJBNjpc5xQSanED)15.jpg;https://ei.phncdn.com/videos/202602/05/38488445/original/(m=eaAaGwObaaamqv)(mh=xJJBNjpc5xQSanED)16.jpg
<iframe src="https://www.pornhub.com/embed/6985282194a35" frameborder="0" height="481" width="608" scrolling="no"></iframe>|https://ei.phncdn.com/videos/202602/05/38488495/original/(m=eaf8GgaaaWavb)(mh=3fP3oDuflbrVVseI)12.jpg|https://ei.phncdn.com/videos/202602/05/38488495/original/(m=eaf8GgaaaWavb)(mh=3fP3oDuflbrVVseI)1.jpg;https://ei.phncdn.com/videos/202602/05/38488495/original/(m=eaf8GgaaaWavb)(mh=3fP3oDuflbrVVseI)2.jpg;https://ei.phncdn.com/videos/202602/05/38488495/original/(m=eaf8GgaaaWavb)(mh=3fP3oDuflbrVVseI)3.jpg;https://ei.phncdn.com/videos/202602/05/38488495/original/(m=eaf8GgaaaWavb)(mh=3fP3oDuflbrVVseI)4.jpg;https://ei.phncdn.com/videos/202602/05/38488495/original/(m=eaf8GgaaaWavb)(mh=3fP3oDuflbrVVseI)5.jpg;https://ei.phncdn.com/videos/202602/05/38488495/original/(m=eaf8GgaaaWavb)(mh=3fP3oDuflbrVVseI)6.jpg;https://ei.phncdn.com/videos/202602/05/38488495/original/(m=eaf8GgaaaWavb)(mh=3fP3oDuflbrVVseI)7.jpg;https://ei.phncdn.com/videos/202602/05/38488495/original/(m=eaf8GgaaaWavb)(mh=3fP3oDuflbrVVseI)8.jpg;https://ei.phncdn.com/videos/202602/05/38488495/original/(m=eaf8GgaaaWavb)(mh=3fP3oDuflbrVVseI)9.jpg;https://ei.phncdn.com/videos/202602/05/38488495/original/(m=eaf8GgaaaWavb)(mh=3fP3oDuflbrVVseI)10.jpg;https://ei.phncdn.com/videos/202602/05/38488495/original/(m=eaf8GgaaaWavb)(mh=3fP3oDuflbrVVseI)11.jpg;https://ei.phncdn.com/videos/202602/05/38488495/original/(m=eaf8GgaaaWavb)(mh=3fP3oDuflbrVVseI)12.jpg;https://ei.phncdn.com/videos/202602/05/38488495/original/(m=eaf8GgaaaWavb)(mh=3fP3oDuflbrVVseI)13.jpg;https://ei.phncdn.com/videos/202602/05/38488495/original/(m=eaf8GgaaaWavb)(mh=3fP3oDuflbrVVseI)14.jpg;https://ei.phncdn.com/videos/202602/05/38488495/original/(m=eaf8GgaaaWavb)(mh=3fP3oDuflbrVVseI)15.jpg;https://ei.phncdn.com/videos/202602/05/38488495/original/(m=eaf8GgaaaWavb)(mh=3fP3oDuflbrVVseI)16.jpg|Intense Clash with the Japanese Stepdaughter|japanese;asian;chinese|Arab;Czech;Brazilian;Step Fantasy||1769|618|1|1|https://ei.phncdn.com/videos/202602/05/38488495/original/(m=eaAaGwObaaamqv)(mh=XL20uA_gXXE2WxXy)12.jpg|https://ei.phncdn.com/videos/202602/05/38488495/original/(m=eaAaGwObaaamqv)(mh=XL20uA_gXXE2WxXy)1.jpg;https://ei.phncdn.com/videos/202602/05/38488495/original/(m=eaAaGwObaaamqv)(mh=XL20uA_gXXE2WxXy)2.jpg;https://ei.phncdn.com/videos/202602/05/38488495/original/(m=eaAaGwObaaamqv)(mh=XL20uA_gXXE2WxXy)3.jpg;https://ei.phncdn.com/videos/202602/05/38488495/original/(m=eaAaGwObaaamqv)(mh=XL20uA_gXXE2WxXy)4.jpg;https://ei.phncdn.com/videos/202602/05/38488495/original/(m=eaAaGwObaaamqv)(mh=XL20uA_gXXE2WxXy)5.jpg;https://ei.phncdn.com/videos/202602/05/38488495/original/(m=eaAaGwObaaamqv)(mh=XL20uA_gXXE2WxXy)6.jpg;https://ei.phncdn.com/videos/202602/05/38488495/original/(m=eaAaGwObaaamqv)(mh=XL20uA_gXXE2WxXy)7.jpg;https://ei.phncdn.com/videos/202602/05/38488495/original/(m=eaAaGwObaaamqv)(mh=XL20uA_gXXE2WxXy)8.jpg;https://ei.phncdn.com/videos/202602/05/38488495/original/(m=eaAaGwObaaamqv)(mh=XL20uA_gXXE2WxXy)9.jpg;https://ei.phncdn.com/videos/202602/05/38488495/original/(m=eaAaGwObaaamqv)(mh=XL20uA_gXXE2WxXy)10.jpg;https://ei.phncdn.com/videos/202602/05/38488495/original/(m=eaAaGwObaaamqv)(mh=XL20uA_gXXE2WxXy)11.jpg;https://ei.phncdn.com/videos/202602/05/38488495/original/(m=eaAaGwObaaamqv)(mh=XL20uA_gXXE2WxXy)12.jpg;https://ei.phncdn.com/videos/202602/05/38488495/original/(m=eaAaGwObaaamqv)(mh=XL20uA_gXXE2WxXy)13.jpg;https://ei.phncdn.com/videos/202602/05/38488495/original/(m=eaAaGwObaaamqv)(mh=XL20uA_gXXE2WxXy)14.jpg;https://ei.phncdn.com/videos/202602/05/38488495/original/(m=eaAaGwObaaamqv)(mh=XL20uA_gXXE2WxXy)15.jpg;https://ei.phncdn.com/videos/202602/05/38488495/original/(m=eaAaGwObaaamqv)(mh=XL20uA_gXXE2WxXy)16.jpg
<iframe src="https://www.pornhub.com/embed/6985283a0bb77" frameborder="0" height="481" width="608" scrolling="no"></iframe>|https://ei.phncdn.com/videos/202602/05/38488535/original/(m=eaf8GgaaaWavb)(mh=xTBpO-VKyGmTPrUd)12.jpg|https://ei.phncdn.com/videos/202602/05/38488535/original/(m=eaf8GgaaaWavb)(mh=xTBpO-VKyGmTPrUd)1.jpg;https://ei.phncdn.com/videos/202602/05/38488535/original/(m=eaf8GgaaaWavb)(mh=xTBpO-VKyGmTPrUd)2.jpg;https://ei.phncdn.com/videos/202602/05/38488535/original/(m=eaf8GgaaaWavb)(mh=xTBpO-VKyGmTPrUd)3.jpg;https://ei.phncdn.com/videos/202602/05/38488535/original/(m=eaf8GgaaaWavb)(mh=xTBpO-VKyGmTPrUd)4.jpg;https://ei.phncdn.com/videos/202602/05/38488535/original/(m=eaf8GgaaaWavb)(mh=xTBpO-VKyGmTPrUd)5.jpg;https://ei.phncdn.com/videos/202602/05/38488535/original/(m=eaf8GgaaaWavb)(mh=xTBpO-VKyGmTPrUd)6.jpg;https://ei.phncdn.com/videos/202602/05/38488535/original/(m=eaf8GgaaaWavb)(mh=xTBpO-VKyGmTPrUd)7.jpg;https://ei.phncdn.com/videos/202602/05/38488535/original/(m=eaf8GgaaaWavb)(mh=xTBpO-VKyGmTPrUd)8.jpg;https://ei.phncdn.com/videos/202602/05/38488535/original/(m=eaf8GgaaaWavb)(mh=xTBpO-VKyGmTPrUd)9.jpg;https://ei.phncdn.com/videos/202602/05/38488535/original/(m=eaf8GgaaaWavb)(mh=xTBpO-VKyGmTPrUd)10.jpg;https://ei.phncdn.com/videos/202602/05/38488535/original/(m=eaf8GgaaaWavb)(mh=xTBpO-VKyGmTPrUd)11.jpg;https://ei.phncdn.com/videos/202602/05/38488535/original/(m=eaf8GgaaaWavb)(mh=xTBpO-VKyGmTPrUd)12.jpg;https://ei.phncdn.com/videos/202602/05/38488535/original/(m=eaf8GgaaaWavb)(mh=xTBpO-VKyGmTPrUd)13.jpg;https://ei.phncdn.com/videos/202602/05/38488535/original/(m=eaf8GgaaaWavb)(mh=xTBpO-VKyGmTPrUd)14.jpg;https://ei.phncdn.com/videos/202602/05/38488535/original/(m=eaf8GgaaaWavb)(mh=xTBpO-VKyGmTPrUd)15.jpg;https://ei.phncdn.com/videos/202602/05/38488535/original/(m=eaf8GgaaaWavb)(mh=xTBpO-VKyGmTPrUd)16.jpg|Furry Japanese mom relishing intimacy with her partner.|japanese;asian;chinese|Arab;Czech;Brazilian||2298|785|2|0|https://ei.phncdn.com/videos/202602/05/38488535/original/(m=eaAaGwObaaamqv)(mh=BLO9UCT7qKp62dhf)12.jpg|https://ei.phncdn.com/videos/202602/05/38488535/original/(m=eaAaGwObaaamqv)(mh=BLO9UCT7qKp62dhf)1.jpg;https://ei.phncdn.com/videos/202602/05/38488535/original/(m=eaAaGwObaaamqv)(mh=BLO9UCT7qKp62dhf)2.jpg;https://ei.phncdn.com/videos/202602/05/38488535/original/(m=eaAaGwObaaamqv)(mh=BLO9UCT7qKp62dhf)3.jpg;https://ei.phncdn.com/videos/202602/05/38488535/original/(m=eaAaGwObaaamqv)(mh=BLO9UCT7qKp62dhf)4.jpg;https://ei.phncdn.com/videos/202602/05/38488535/original/(m=eaAaGwObaaamqv)(mh=BLO9UCT7qKp62dhf)5.jpg;https://ei.phncdn.com/videos/202602/05/38488535/original/(m=eaAaGwObaaamqv)(mh=BLO9UCT7qKp62dhf)6.jpg;https://ei.phncdn.com/videos/202602/05/38488535/original/(m=eaAaGwObaaamqv)(mh=BLO9UCT7qKp62dhf)7.jpg;https://ei.phncdn.com/videos/202602/05/38488535/original/(m=eaAaGwObaaamqv)(mh=BLO9UCT7qKp62dhf)8.jpg;https://ei.phncdn.com/videos/202602/05/38488535/original/(m=eaAaGwObaaamqv)(mh=BLO9UCT7qKp62dhf)9.jpg;https://ei.phncdn.com/videos/202602/05/38488535/original/(m=eaAaGwObaaamqv)(mh=BLO9UCT7qKp62dhf)10.jpg;https://ei.phncdn.com/videos/202602/05/38488535/original/(m=eaAaGwObaaamqv)(mh=BLO9UCT7qKp62dhf)11.jpg;https://ei.phncdn.com/videos/202602/05/38488535/original/(m=eaAaGwObaaamqv)(mh=BLO9UCT7qKp62dhf)12.jpg;https://ei.phncdn.com/videos/202602/05/38488535/original/(m=eaAaGwObaaamqv)(mh=BLO9UCT7qKp62dhf)13.jpg;https://ei.phncdn.com/videos/202602/05/38488535/original/(m=eaAaGwObaaamqv)(mh=BLO9UCT7qKp62dhf)14.jpg;https://ei.phncdn.com/videos/202602/05/38488535/original/(m=eaAaGwObaaamqv)(mh=BLO9UCT7qKp62dhf)15.jpg;https://ei.phncdn.com/videos/202602/05/38488535/original/(m=eaAaGwObaaamqv)(mh=BLO9UCT7qKp62dhf)16.jpg
<iframe src="https://www.pornhub.com/embed/69852852a3a46" frameborder="0" height="481" width="608" scrolling="no"></iframe>|https://ei.phncdn.com/videos/202602/05/38488575/original/(m=eaf8GgaaaWavb)(mh=jPZogW_4aIpAo5lS)12.jpg|https://ei.phncdn.com/videos/202602/05/38488575/original/(m=eaf8GgaaaWavb)(mh=jPZogW_4aIpAo5lS)1.jpg;https://ei.phncdn.com/videos/202602/05/38488575/original/(m=eaf8GgaaaWavb)(mh=jPZogW_4aIpAo5lS)2.jpg;https://ei.phncdn.com/videos/202602/05/38488575/original/(m=eaf8GgaaaWavb)(mh=jPZogW_4aIpAo5lS)3.jpg;https://ei.phncdn.com/videos/202602/05/38488575/original/(m=eaf8GgaaaWavb)(mh=jPZogW_4aIpAo5lS)4.jpg;https://ei.phncdn.com/videos/202602/05/38488575/original/(m=eaf8GgaaaWavb)(mh=jPZogW_4aIpAo5lS)5.jpg;https://ei.phncdn.com/videos/202602/05/38488575/original/(m=eaf8GgaaaWavb)(mh=jPZogW_4aIpAo5lS)6.jpg;https://ei.phncdn.com/videos/202602/05/38488575/original/(m=eaf8GgaaaWavb)(mh=jPZogW_4aIpAo5lS)7.jpg;https://ei.phncdn.com/videos/202602/05/38488575/original/(m=eaf8GgaaaWavb)(mh=jPZogW_4aIpAo5lS)8.jpg;https://ei.phncdn.com/videos/202602/05/38488575/original/(m=eaf8GgaaaWavb)(mh=jPZogW_4aIpAo5lS)9.jpg;https://ei.phncdn.com/videos/202602/05/38488575/original/(m=eaf8GgaaaWavb)(mh=jPZogW_4aIpAo5lS)10.jpg;https://ei.phncdn.com/videos/202602/05/38488575/original/(m=eaf8GgaaaWavb)(mh=jPZogW_4aIpAo5lS)11.jpg;https://ei.phncdn.com/videos/202602/05/38488575/original/(m=eaf8GgaaaWavb)(mh=jPZogW_4aIpAo5lS)12.jpg;https://ei.phncdn.com/videos/202602/05/38488575/original/(m=eaf8GgaaaWavb)(mh=jPZogW_4aIpAo5lS)13.jpg;https://ei.phncdn.com/videos/202602/05/38488575/original/(m=eaf8GgaaaWavb)(mh=jPZogW_4aIpAo5lS)14.jpg;https://ei.phncdn.com/videos/202602/05/38488575/original/(m=eaf8GgaaaWavb)(mh=jPZogW_4aIpAo5lS)15.jpg;https://ei.phncdn.com/videos/202602/05/38488575/original/(m=eaf8GgaaaWavb)(mh=jPZogW_4aIpAo5lS)16.jpg|19-year-old Japanese university student debuts in her first adult film.|japanese;asian|Arab;Czech;Brazilian||1522|505|0|2|https://ei.phncdn.com/videos/202602/05/38488575/original/(m=eaAaGwObaaamqv)(mh=e2dJlRYBE8FO2qgN)12.jpg|https://ei.phncdn.com/videos/202602/05/38488575/original/(m=eaAaGwObaaamqv)(mh=e2dJlRYBE8FO2qgN)1.jpg;https://ei.phncdn.com/videos/202602/05/38488575/original/(m=eaAaGwObaaamqv)(mh=e2dJlRYBE8FO2qgN)2.jpg;https://ei.phncdn.com/videos/202602/05/38488575/original/(m=eaAaGwObaaamqv)(mh=e2dJlRYBE8FO2qgN)3.jpg;https://ei.phncdn.com/videos/202602/05/38488575/original/(m=eaAaGwObaaamqv)(mh=e2dJlRYBE8FO2qgN)4.jpg;https://ei.phncdn.com/videos/202602/05/38488575/original/(m=eaAaGwObaaamqv)(mh=e2dJlRYBE8FO2qgN)5.jpg;https://ei.phncdn.com/videos/202602/05/38488575/original/(m=eaAaGwObaaamqv)(mh=e2dJlRYBE8FO2qgN)6.jpg;https://ei.phncdn.com/videos/202602/05/38488575/original/(m=eaAaGwObaaamqv)(mh=e2dJlRYBE8FO2qgN)7.jpg;https://ei.phncdn.com/videos/202602/05/38488575/original/(m=eaAaGwObaaamqv)(mh=e2dJlRYBE8FO2qgN)8.jpg;https://ei.phncdn.com/videos/202602/05/38488575/original/(m=eaAaGwObaaamqv)(mh=e2dJlRYBE8FO2qgN)9.jpg;https://ei.phncdn.com/videos/202602/05/38488575/original/(m=eaAaGwObaaamqv)(mh=e2dJlRYBE8FO2qgN)10.jpg;https://ei.phncdn.com/videos/202602/05/38488575/original/(m=eaAaGwObaaamqv)(mh=e2dJlRYBE8FO2qgN)11.jpg;https://ei.phncdn.com/videos/202602/05/38488575/original/(m=eaAaGwObaaamqv)(mh=e2dJlRYBE8FO2qgN)12.jpg;https://ei.phncdn.com/videos/202602/05/38488575/original/(m=eaAaGwObaaamqv)(mh=e2dJlRYBE8FO2qgN)13.jpg;https://ei.phncdn.com/videos/202602/05/38488575/original/(m=eaAaGwObaaamqv)(mh=e2dJlRYBE8FO2qgN)14.jpg;https://ei.phncdn.com/videos/202602/05/38488575/original/(m=eaAaGwObaaamqv)(mh=e2dJlRYBE8FO2qgN)15.jpg;https://ei.phncdn.com/videos/202602/05/38488575/original/(m=eaAaGwObaaamqv)(mh=e2dJlRYBE8FO2qgN)16.jpg
<iframe src="https://www.pornhub.com/embed/6996e89cc16ba" frameborder="0" height="481" width="608" scrolling="no"></iframe>|https://ei.phncdn.com/videos/202602/19/39804595/original/(m=eaf8GgaaaWavb)(mh=Kyw1i6nOQfBu7o9Z)5.jpg|https://ei.phncdn.com/videos/202602/19/39804595/original/(m=eaf8GgaaaWavb)(mh=Kyw1i6nOQfBu7o9Z)1.jpg;https://ei.phncdn.com/videos/202602/19/39804595/original/(m=eaf8GgaaaWavb)(mh=Kyw1i6nOQfBu7o9Z)2.jpg;https://ei.phncdn.com/videos/202602/19/39804595/original/(m=eaf8GgaaaWavb)(mh=Kyw1i6nOQfBu7o9Z)3.jpg;https://ei.phncdn.com/videos/202602/19/39804595/original/(m=eaf8GgaaaWavb)(mh=Kyw1i6nOQfBu7o9Z)4.jpg;https://ei.phncdn.com/videos/202602/19/39804595/original/(m=eaf8GgaaaWavb)(mh=Kyw1i6nOQfBu7o9Z)5.jpg;https://ei.phncdn.com/videos/202602/19/39804595/original/(m=eaf8GgaaaWavb)(mh=Kyw1i6nOQfBu7o9Z)6.jpg;https://ei.phncdn.com/videos/202602/19/39804595/original/(m=eaf8GgaaaWavb)(mh=Kyw1i6nOQfBu7o9Z)7.jpg;https://ei.phncdn.com/videos/202602/19/39804595/original/(m=eaf8GgaaaWavb)(mh=Kyw1i6nOQfBu7o9Z)8.jpg;https://ei.phncdn.com/videos/202602/19/39804595/original/(m=eaf8GgaaaWavb)(mh=Kyw1i6nOQfBu7o9Z)9.jpg;https://ei.phncdn.com/videos/202602/19/39804595/original/(m=eaf8GgaaaWavb)(mh=Kyw1i6nOQfBu7o9Z)10.jpg;https://ei.phncdn.com/videos/202602/19/39804595/original/(m=eaf8GgaaaWavb)(mh=Kyw1i6nOQfBu7o9Z)11.jpg;https://ei.phncdn.com/videos/202602/19/39804595/original/(m=eaf8GgaaaWavb)(mh=Kyw1i6nOQfBu7o9Z)12.jpg;https://ei.phncdn.com/videos/202602/19/39804595/original/(m=eaf8GgaaaWavb)(mh=Kyw1i6nOQfBu7o9Z)13.jpg;https://ei.phncdn.com/videos/202602/19/39804595/original/(m=eaf8GgaaaWavb)(mh=Kyw1i6nOQfBu7o9Z)14.jpg;https://ei.phncdn.com/videos/202602/19/39804595/original/(m=eaf8GgaaaWavb)(mh=Kyw1i6nOQfBu7o9Z)15.jpg;https://ei.phncdn.com/videos/202602/19/39804595/original/(m=eaf8GgaaaWavb)(mh=Kyw1i6nOQfBu7o9Z)16.jpg|Oily dick cumming at friends cabin|cum;loud-male-orgasm;oiled;nut|Arab;Exclusive;Verified Amateurs;Solo Female;Gaming||29|34|1|0|https://ei.phncdn.com/videos/202602/19/39804595/original/(m=eaAaGwObaaamqv)(mh=9rWKY5ToRLqGbnkL)5.jpg|https://ei.phncdn.com/videos/202602/19/39804595/original/(m=eaAaGwObaaamqv)(mh=9rWKY5ToRLqGbnkL)1.jpg;https://ei.phncdn.com/videos/202602/19/39804595/original/(m=eaAaGwObaaamqv)(mh=9rWKY5ToRLqGbnkL)2.jpg;https://ei.phncdn.com/videos/202602/19/39804595/original/(m=eaAaGwObaaamqv)(mh=9rWKY5ToRLqGbnkL)3.jpg;https://ei.phncdn.com/videos/202602/19/39804595/original/(m=eaAaGwObaaamqv)(mh=9rWKY5ToRLqGbnkL)4.jpg;https://ei.phncdn.com/videos/202602/19/39804595/original/(m=eaAaGwObaaamqv)(mh=9rWKY5ToRLqGbnkL)5.jpg;https://ei.phncdn.com/videos/202602/19/39804595/original/(m=eaAaGwObaaamqv)(mh=9rWKY5ToRLqGbnkL)6.jpg;https://ei.phncdn.com/videos/202602/19/39804595/original/(m=eaAaGwObaaamqv)(mh=9rWKY5ToRLqGbnkL)7.jpg;https://ei.phncdn.com/videos/202602/19/39804595/original/(m=eaAaGwObaaamqv)(mh=9rWKY5ToRLqGbnkL)8.jpg;https://ei.phncdn.com/videos/202602/19/39804595/original/(m=eaAaGwObaaamqv)(mh=9rWKY5ToRLqGbnkL)9.jpg;https://ei.phncdn.com/videos/202602/19/39804595/original/(m=eaAaGwObaaamqv)(mh=9rWKY5ToRLqGbnkL)10.jpg;https://ei.phncdn.com/videos/202602/19/39804595/original/(m=eaAaGwObaaamqv)(mh=9rWKY5ToRLqGbnkL)11.jpg;https://ei.phncdn.com/videos/202602/19/39804595/original/(m=eaAaGwObaaamqv)(mh=9rWKY5ToRLqGbnkL)12.jpg;https://ei.phncdn.com/videos/202602/19/39804595/original/(m=eaAaGwObaaamqv)(mh=9rWKY5ToRLqGbnkL)13.jpg;https://ei.phncdn.com/videos/202602/19/39804595/original/(m=eaAaGwObaaamqv)(mh=9rWKY5ToRLqGbnkL)14.jpg;https://ei.phncdn.com/videos/202602/19/39804595/original/(m=eaAaGwObaaamqv)(mh=9rWKY5ToRLqGbnkL)15.jpg;https://ei.phncdn.com/videos/202602/19/39804595/original/(m=eaAaGwObaaamqv)(mh=9rWKY5ToRLqGbnkL)16.jpg
<iframe src="https://www.pornhub.com/embed/69afc1e9ea5b0" frameborder="0" height="481" width="608" scrolling="no"></iframe>|https://ei.phncdn.com/videos/202603/10/41617385/original/(m=eaf8GgaaaWavb)(mh=Lptr0DuC8x9sU7pX)9.jpg|https://ei.phncdn.com/videos/202603/10/41617385/original/(m=eaf8GgaaaWavb)(mh=Lptr0DuC8x9sU7pX)1.jpg;https://ei.phncdn.com/videos/202603/10/41617385/original/(m=eaf8GgaaaWavb)(mh=Lptr0DuC8x9sU7pX)2.jpg;https://ei.phncdn.com/videos/202603/10/41617385/original/(m=eaf8GgaaaWavb)(mh=Lptr0DuC8x9sU7pX)3.jpg;https://ei.phncdn.com/videos/202603/10/41617385/original/(m=eaf8GgaaaWavb)(mh=Lptr0DuC8x9sU7pX)4.jpg;https://ei.phncdn.com/videos/202603/10/41617385/original/(m=eaf8GgaaaWavb)(mh=Lptr0DuC8x9sU7pX)5.jpg;https://ei.phncdn.com/videos/202603/10/41617385/original/(m=eaf8GgaaaWavb)(mh=Lptr0DuC8x9sU7pX)6.jpg;https://ei.phncdn.com/videos/202603/10/41617385/original/(m=eaf8GgaaaWavb)(mh=Lptr0DuC8x9sU7pX)7.jpg;https://ei.phncdn.com/videos/202603/10/41617385/original/(m=eaf8GgaaaWavb)(mh=Lptr0DuC8x9sU7pX)8.jpg;https://ei.phncdn.com/videos/202603/10/41617385/original/(m=eaf8GgaaaWavb)(mh=Lptr0DuC8x9sU7pX)9.jpg;https://ei.phncdn.com/videos/202603/10/41617385/original/(m=eaf8GgaaaWavb)(mh=Lptr0DuC8x9sU7pX)10.jpg;https://ei.phncdn.com/videos/202603/10/41617385/original/(m=eaf8GgaaaWavb)(mh=Lptr0DuC8x9sU7pX)11.jpg;https://ei.phncdn.com/videos/202603/10/41617385/original/(m=eaf8GgaaaWavb)(mh=Lptr0DuC8x9sU7pX)12.jpg;https://ei.phncdn.com/videos/202603/10/41617385/original/(m=eaf8GgaaaWavb)(mh=Lptr0DuC8x9sU7pX)13.jpg;https://ei.phncdn.com/videos/202603/10/41617385/original/(m=eaf8GgaaaWavb)(mh=Lptr0DuC8x9sU7pX)14.jpg;https://ei.phncdn.com/videos/202603/10/41617385/original/(m=eaf8GgaaaWavb)(mh=Lptr0DuC8x9sU7pX)15.jpg;https://ei.phncdn.com/videos/202603/10/41617385/original/(m=eaf8GgaaaWavb)(mh=Lptr0DuC8x9sU7pX)16.jpg|Things got out of control faster than I imagined.|anal-squirt;lesbian;magrinha-gostosa;bundao-anal;bundao;solo-squirt;solo-girl;solo;gozando-na-siririca;siririca-gemendo;siririca-escondida;brasileira-siririca;anal-brasileira;brasileiras-gemendo;brasileiras-gostosas;gostosa-com-tesao|Arab;Brazilian;Verified Amateurs;Solo Female||644|18045|93|8|https://ei.phncdn.com/videos/202603/10/41617385/original/(m=eaAaGwObaaamqv)(mh=n4XqYSPwShEuILcE)9.jpg|https://ei.phncdn.com/videos/202603/10/41617385/original/(m=eaAaGwObaaamqv)(mh=n4XqYSPwShEuILcE)1.jpg;https://ei.phncdn.com/videos/202603/10/41617385/original/(m=eaAaGwObaaamqv)(mh=n4XqYSPwShEuILcE)2.jpg;https://ei.phncdn.com/videos/202603/10/41617385/original/(m=eaAaGwObaaamqv)(mh=n4XqYSPwShEuILcE)3.jpg;https://ei.phncdn.com/videos/202603/10/41617385/original/(m=eaAaGwObaaamqv)(mh=n4XqYSPwShEuILcE)4.jpg;https://ei.phncdn.com/videos/202603/10/41617385/original/(m=eaAaGwObaaamqv)(mh=n4XqYSPwShEuILcE)5.jpg;https://ei.phncdn.com/videos/202603/10/41617385/original/(m=eaAaGwObaaamqv)(mh=n4XqYSPwShEuILcE)6.jpg;https://ei.phncdn.com/videos/202603/10/41617385/original/(m=eaAaGwObaaamqv)(mh=n4XqYSPwShEuILcE)7.jpg;https://ei.phncdn.com/videos/202603/10/41617385/original/(m=eaAaGwObaaamqv)(mh=n4XqYSPwShEuILcE)8.jpg;https://ei.phncdn.com/videos/202603/10/41617385/original/(m=eaAaGwObaaamqv)(mh=n4XqYSPwShEuILcE)9.jpg;https://ei.phncdn.com/videos/202603/10/41617385/original/(m=eaAaGwObaaamqv)(mh=n4XqYSPwShEuILcE)10.jpg;https://ei.phncdn.com/videos/202603/10/41617385/original/(m=eaAaGwObaaamqv)(mh=n4XqYSPwShEuILcE)11.jpg;https://ei.phncdn.com/videos/202603/10/41617385/original/(m=eaAaGwObaaamqv)(mh=n4XqYSPwShEuILcE)12.jpg;https://ei.phncdn.com/videos/202603/10/41617385/original/(m=eaAaGwObaaamqv)(mh=n4XqYSPwShEuILcE)13.jpg;https://ei.phncdn.com/videos/202603/10/41617385/original/(m=eaAaGwObaaamqv)(mh=n4XqYSPwShEuILcE)14.jpg;https://ei.phncdn.com/videos/202603/10/41617385/original/(m=eaAaGwObaaamqv)(mh=n4XqYSPwShEuILcE)15.jpg;https://ei.phncdn.com/videos/202603/10/41617385/original/(m=eaAaGwObaaamqv)(mh=n4XqYSPwShEuILcE)16.jpg
<iframe src="https://www.pornhub.com/embed/69c3af48dc80e" frameborder="0" height="481" width="608" scrolling="no"></iframe>|https://ei.phncdn.com/videos/202603/25/43275015/original/(m=eaf8GgaaaWavb)(mh=SwR-bAV82UiVgA8m)12.jpg|https://ei.phncdn.com/videos/202603/25/43275015/original/(m=eaf8GgaaaWavb)(mh=SwR-bAV82UiVgA8m)1.jpg;https://ei.phncdn.com/videos/202603/25/43275015/original/(m=eaf8GgaaaWavb)(mh=SwR-bAV82UiVgA8m)2.jpg;https://ei.phncdn.com/videos/202603/25/43275015/original/(m=eaf8GgaaaWavb)(mh=SwR-bAV82UiVgA8m)3.jpg;https://ei.phncdn.com/videos/202603/25/43275015/original/(m=eaf8GgaaaWavb)(mh=SwR-bAV82UiVgA8m)4.jpg;https://ei.phncdn.com/videos/202603/25/43275015/original/(m=eaf8GgaaaWavb)(mh=SwR-bAV82UiVgA8m)5.jpg;https://ei.phncdn.com/videos/202603/25/43275015/original/(m=eaf8GgaaaWavb)(mh=SwR-bAV82UiVgA8m)6.jpg;https://ei.phncdn.com/videos/202603/25/43275015/original/(m=eaf8GgaaaWavb)(mh=SwR-bAV82UiVgA8m)7.jpg;https://ei.phncdn.com/videos/202603/25/43275015/original/(m=eaf8GgaaaWavb)(mh=SwR-bAV82UiVgA8m)8.jpg;https://ei.phncdn.com/videos/202603/25/43275015/original/(m=eaf8GgaaaWavb)(mh=SwR-bAV82UiVgA8m)9.jpg;https://ei.phncdn.com/videos/202603/25/43275015/original/(m=eaf8GgaaaWavb)(mh=SwR-bAV82UiVgA8m)10.jpg;https://ei.phncdn.com/videos/202603/25/43275015/original/(m=eaf8GgaaaWavb)(mh=SwR-bAV82UiVgA8m)11.jpg;https://ei.phncdn.com/videos/202603/25/43275015/original/(m=eaf8GgaaaWavb)(mh=SwR-bAV82UiVgA8m)12.jpg;https://ei.phncdn.com/videos/202603/25/43275015/original/(m=eaf8GgaaaWavb)(mh=SwR-bAV82UiVgA8m)13.jpg;https://ei.phncdn.com/videos/202603/25/43275015/original/(m=eaf8GgaaaWavb)(mh=SwR-bAV82UiVgA8m)14.jpg;https://ei.phncdn.com/videos/202603/25/43275015/original/(m=eaf8GgaaaWavb)(mh=SwR-bAV82UiVgA8m)15.jpg;https://ei.phncdn.com/videos/202603/25/43275015/original/(m=eaf8GgaaaWavb)(mh=SwR-bAV82UiVgA8m)16.jpg|My friend's hot mom punished me and sat with her wet pussy on her face, super-slim pink pussy|face-sitting;face-fuck;close-up;close-up-anal;femdom-mistress;mistress-domination;perfect-pink-pussy;big-ass-milf;big-tits-milf;hot-milf;pussy-licker;fist;transgender;anal-lick|Arab;Russian;Japanese;Exclusive;Verified Amateurs;Solo Female||124|5372|58|3|https://ei.phncdn.com/videos/202603/25/43275015/original/(m=eaAaGwObaaamqv)(mh=JieGRBeFd-kfI7Qv)12.jpg|https://ei.phncdn.com/videos/202603/25/43275015/original/(m=eaAaGwObaaamqv)(mh=JieGRBeFd-kfI7Qv)1.jpg;https://ei.phncdn.com/videos/202603/25/43275015/original/(m=eaAaGwObaaamqv)(mh=JieGRBeFd-kfI7Qv)2.jpg;https://ei.phncdn.com/videos/202603/25/43275015/original/(m=eaAaGwObaaamqv)(mh=JieGRBeFd-kfI7Qv)3.jpg;https://ei.phncdn.com/videos/202603/25/43275015/original/(m=eaAaGwObaaamqv)(mh=JieGRBeFd-kfI7Qv)4.jpg;https://ei.phncdn.com/videos/202603/25/43275015/original/(m=eaAaGwObaaamqv)(mh=JieGRBeFd-kfI7Qv)5.jpg;https://ei.phncdn.com/videos/202603/25/43275015/original/(m=eaAaGwObaaamqv)(mh=JieGRBeFd-kfI7Qv)6.jpg;https://ei.phncdn.com/videos/202603/25/43275015/original/(m=eaAaGwObaaamqv)(mh=JieGRBeFd-kfI7Qv)7.jpg;https://ei.phncdn.com/videos/202603/25/43275015/original/(m=eaAaGwObaaamqv)(mh=JieGRBeFd-kfI7Qv)8.jpg;https://ei.phncdn.com/videos/202603/25/43275015/original/(m=eaAaGwObaaamqv)(mh=JieGRBeFd-kfI7Qv)9.jpg;https://ei.phncdn.com/videos/202603/25/43275015/original/(m=eaAaGwObaaamqv)(mh=JieGRBeFd-kfI7Qv)10.jpg;https://ei.phncdn.com/videos/202603/25/43275015/original/(m=eaAaGwObaaamqv)(mh=JieGRBeFd-kfI7Qv)11.jpg;https://ei.phncdn.com/videos/202603/25/43275015/original/(m=eaAaGwObaaamqv)(mh=JieGRBeFd-kfI7Qv)12.jpg;https://ei.phncdn.com/videos/202603/25/43275015/original/(m=eaAaGwObaaamqv)(mh=JieGRBeFd-kfI7Qv)13.jpg;https://ei.phncdn.com/videos/202603/25/43275015/original/(m=eaAaGwObaaamqv)(mh=JieGRBeFd-kfI7Qv)14.jpg;https://ei.phncdn.com/videos/202603/25/43275015/original/(m=eaAaGwObaaamqv)(mh=JieGRBeFd-kfI7Qv)15.jpg;https://ei.phncdn.com/videos/202603/25/43275015/original/(m=eaAaGwObaaamqv)(mh=JieGRBeFd-kfI7Qv)16.jpg
<iframe src="https://www.pornhub.com/embed/69c7070a29bfd" frameborder="0" height="481" width="608" scrolling="no"></iframe>|https://ei.phncdn.com/videos/202603/27/43583395/original/(m=eaf8GgaaaWavb)(mh=l-xoikTmWzMQJxxc)12.jpg|https://ei.phncdn.com/videos/202603/27/43583395/original/(m=eaf8GgaaaWavb)(mh=l-xoikTmWzMQJxxc)1.jpg;https://ei.phncdn.com/videos/202603/27/43583395/original/(m=eaf8GgaaaWavb)(mh=l-xoikTmWzMQJxxc)2.jpg;https://ei.phncdn.com/videos/202603/27/43583395/original/(m=eaf8GgaaaWavb)(mh=l-xoikTmWzMQJxxc)3.jpg;https://ei.phncdn.com/videos/202603/27/43583395/original/(m=eaf8GgaaaWavb)(mh=l-xoikTmWzMQJxxc)4.jpg;https://ei.phncdn.com/videos/202603/27/43583395/original/(m=eaf8GgaaaWavb)(mh=l-xoikTmWzMQJxxc)5.jpg;https://ei.phncdn.com/videos/202603/27/43583395/original/(m=eaf8GgaaaWavb)(mh=l-xoikTmWzMQJxxc)6.jpg;https://ei.phncdn.com/videos/202603/27/43583395/original/(m=eaf8GgaaaWavb)(mh=l-xoikTmWzMQJxxc)7.jpg;https://ei.phncdn.com/videos/202603/27/43583395/original/(m=eaf8GgaaaWavb)(mh=l-xoikTmWzMQJxxc)8.jpg;https://ei.phncdn.com/videos/202603/27/43583395/original/(m=eaf8GgaaaWavb)(mh=l-xoikTmWzMQJxxc)9.jpg;https://ei.phncdn.com/videos/202603/27/43583395/original/(m=eaf8GgaaaWavb)(mh=l-xoikTmWzMQJxxc)10.jpg;https://ei.phncdn.com/videos/202603/27/43583395/original/(m=eaf8GgaaaWavb)(mh=l-xoikTmWzMQJxxc)11.jpg;https://ei.phncdn.com/videos/202603/27/43583395/original/(m=eaf8GgaaaWavb)(mh=l-xoikTmWzMQJxxc)12.jpg;https://ei.phncdn.com/videos/202603/27/43583395/original/(m=eaf8GgaaaWavb)(mh=l-xoikTmWzMQJxxc)13.jpg;https://ei.phncdn.com/videos/202603/27/43583395/original/(m=eaf8GgaaaWavb)(mh=l-xoikTmWzMQJxxc)14.jpg;https://ei.phncdn.com/videos/202603/27/43583395/original/(m=eaf8GgaaaWavb)(mh=l-xoikTmWzMQJxxc)15.jpg;https://ei.phncdn.com/videos/202603/27/43583395/original/(m=eaf8GgaaaWavb)(mh=l-xoikTmWzMQJxxc)16.jpg|EXTREME CUMFLATION-HENTAI IN REAL LIFE-KINKY FOOD PORN-STEPSISTER HAVE FUN WITH YOGURT IN HER PUSSY-FETISH MASTURBATION BY DILDO-ARAB AMATEUR|cum;cumflation;hentai;hentai-in-real-life;yogurt;food;food-porn;extreme;kinky;saudi;vibrator;dildo;homemade;step-sis;arab;masturbation|Arab;Exclusive;Verified Amateurs;Step Fantasy;Solo Female||482|807|7|0|https://ei.phncdn.com/videos/202603/27/43583395/original/(m=eaAaGwObaaamqv)(mh=Z4hUTViHBeILuaHR)12.jpg|https://ei.phncdn.com/videos/202603/27/43583395/original/(m=eaAaGwObaaamqv)(mh=Z4hUTViHBeILuaHR)1.jpg;https://ei.phncdn.com/videos/202603/27/43583395/original/(m=eaAaGwObaaamqv)(mh=Z4hUTViHBeILuaHR)2.jpg;https://ei.phncdn.com/videos/202603/27/43583395/original/(m=eaAaGwObaaamqv)(mh=Z4hUTViHBeILuaHR)3.jpg;https://ei.phncdn.com/videos/202603/27/43583395/original/(m=eaAaGwObaaamqv)(mh=Z4hUTViHBeILuaHR)4.jpg;https://ei.phncdn.com/videos/202603/27/43583395/original/(m=eaAaGwObaaamqv)(mh=Z4hUTViHBeILuaHR)5.jpg;https://ei.phncdn.com/videos/202603/27/43583395/original/(m=eaAaGwObaaamqv)(mh=Z4hUTViHBeILuaHR)6.jpg;https://ei.phncdn.com/videos/202603/27/43583395/original/(m=eaAaGwObaaamqv)(mh=Z4hUTViHBeILuaHR)7.jpg;https://ei.phncdn.com/videos/202603/27/43583395/original/(m=eaAaGwObaaamqv)(mh=Z4hUTViHBeILuaHR)8.jpg;https://ei.phncdn.com/videos/202603/27/43583395/original/(m=eaAaGwObaaamqv)(mh=Z4hUTViHBeILuaHR)9.jpg;https://ei.phncdn.com/videos/202603/27/43583395/original/(m=eaAaGwObaaamqv)(mh=Z4hUTViHBeILuaHR)10.jpg;https://ei.phncdn.com/videos/202603/27/43583395/original/(m=eaAaGwObaaamqv)(mh=Z4hUTViHBeILuaHR)11.jpg;https://ei.phncdn.com/videos/202603/27/43583395/original/(m=eaAaGwObaaamqv)(mh=Z4hUTViHBeILuaHR)12.jpg;https://ei.phncdn.com/videos/202603/27/43583395/original/(m=eaAaGwObaaamqv)(mh=Z4hUTViHBeILuaHR)13.jpg;https://ei.phncdn.com/videos/202603/27/43583395/original/(m=eaAaGwObaaamqv)(mh=Z4hUTViHBeILuaHR)14.jpg;https://ei.phncdn.com/videos/202603/27/43583395/original/(m=eaAaGwObaaamqv)(mh=Z4hUTViHBeILuaHR)15.jpg;https://ei.phncdn.com/videos/202603/27/43583395/original/(m=eaAaGwObaaamqv)(mh=Z4hUTViHBeILuaHR)16.jpg
<iframe src="https://www.pornhub.com/embed/69d87758ac098" frameborder="0" height="481" width="608" scrolling="no"></iframe>|https://ei.phncdn.com/videos/202604/10/44852865/original/(m=eaf8GgaaaWavb)(mh=o21Yzra8gASXezge)12.jpg|https://ei.phncdn.com/videos/202604/10/44852865/original/(m=eaf8GgaaaWavb)(mh=o21Yzra8gASXezge)1.jpg;https://ei.phncdn.com/videos/202604/10/44852865/original/(m=eaf8GgaaaWavb)(mh=o21Yzra8gASXezge)2.jpg;https://ei.phncdn.com/videos/202604/10/44852865/original/(m=eaf8GgaaaWavb)(mh=o21Yzra8gASXezge)3.jpg;https://ei.phncdn.com/videos/202604/10/44852865/original/(m=eaf8GgaaaWavb)(mh=o21Yzra8gASXezge)4.jpg;https://ei.phncdn.com/videos/202604/10/44852865/original/(m=eaf8GgaaaWavb)(mh=o21Yzra8gASXezge)5.jpg;https://ei.phncdn.com/videos/202604/10/44852865/original/(m=eaf8GgaaaWavb)(mh=o21Yzra8gASXezge)6.jpg;https://ei.phncdn.com/videos/202604/10/44852865/original/(m=eaf8GgaaaWavb)(mh=o21Yzra8gASXezge)7.jpg;https://ei.phncdn.com/videos/202604/10/44852865/original/(m=eaf8GgaaaWavb)(mh=o21Yzra8gASXezge)8.jpg;https://ei.phncdn.com/videos/202604/10/44852865/original/(m=eaf8GgaaaWavb)(mh=o21Yzra8gASXezge)9.jpg;https://ei.phncdn.com/videos/202604/10/44852865/original/(m=eaf8GgaaaWavb)(mh=o21Yzra8gASXezge)10.jpg;https://ei.phncdn.com/videos/202604/10/44852865/original/(m=eaf8GgaaaWavb)(mh=o21Yzra8gASXezge)11.jpg;https://ei.phncdn.com/videos/202604/10/44852865/original/(m=eaf8GgaaaWavb)(mh=o21Yzra8gASXezge)12.jpg;https://ei.phncdn.com/videos/202604/10/44852865/original/(m=eaf8GgaaaWavb)(mh=o21Yzra8gASXezge)13.jpg;https://ei.phncdn.com/videos/202604/10/44852865/original/(m=eaf8GgaaaWavb)(mh=o21Yzra8gASXezge)14.jpg;https://ei.phncdn.com/videos/202604/10/44852865/original/(m=eaf8GgaaaWavb)(mh=o21Yzra8gASXezge)15.jpg;https://ei.phncdn.com/videos/202604/10/44852865/original/(m=eaf8GgaaaWavb)(mh=o21Yzra8gASXezge)16.jpg|Really stretching out this shirt|step-mom;step-sis;arab;iranian-persian;brunette;busty;petite;big-boobs;big-natural-tits;big-ass-titties;big-titties-bouncing;huge-titties;perfect-titties;big-tits-tight-shirt;compilation;best-onlyfans|Arab;Verified Amateurs;Step Fantasy;Solo Female||432|15518|274|21|https://ei.phncdn.com/videos/202604/10/44852865/original/(m=eaAaGwObaaamqv)(mh=U3Ea1nJ7JyDUlhyK)12.jpg|https://ei.phncdn.com/videos/202604/10/44852865/original/(m=eaAaGwObaaamqv)(mh=U3Ea1nJ7JyDUlhyK)1.jpg;https://ei.phncdn.com/videos/202604/10/44852865/original/(m=eaAaGwObaaamqv)(mh=U3Ea1nJ7JyDUlhyK)2.jpg;https://ei.phncdn.com/videos/202604/10/44852865/original/(m=eaAaGwObaaamqv)(mh=U3Ea1nJ7JyDUlhyK)3.jpg;https://ei.phncdn.com/videos/202604/10/44852865/original/(m=eaAaGwObaaamqv)(mh=U3Ea1nJ7JyDUlhyK)4.jpg;https://ei.phncdn.com/videos/202604/10/44852865/original/(m=eaAaGwObaaamqv)(mh=U3Ea1nJ7JyDUlhyK)5.jpg;https://ei.phncdn.com/videos/202604/10/44852865/original/(m=eaAaGwObaaamqv)(mh=U3Ea1nJ7JyDUlhyK)6.jpg;https://ei.phncdn.com/videos/202604/10/44852865/original/(m=eaAaGwObaaamqv)(mh=U3Ea1nJ7JyDUlhyK)7.jpg;https://ei.phncdn.com/videos/202604/10/44852865/original/(m=eaAaGwObaaamqv)(mh=U3Ea1nJ7JyDUlhyK)8.jpg;https://ei.phncdn.com/videos/202604/10/44852865/original/(m=eaAaGwObaaamqv)(mh=U3Ea1nJ7JyDUlhyK)9.jpg;https://ei.phncdn.com/videos/202604/10/44852865/original/(m=eaAaGwObaaamqv)(mh=U3Ea1nJ7JyDUlhyK)10.jpg;https://ei.phncdn.com/videos/202604/10/44852865/original/(m=eaAaGwObaaamqv)(mh=U3Ea1nJ7JyDUlhyK)11.jpg;https://ei.phncdn.com/videos/202604/10/44852865/original/(m=eaAaGwObaaamqv)(mh=U3Ea1nJ7JyDUlhyK)12.jpg;https://ei.phncdn.com/videos/202604/10/44852865/original/(m=eaAaGwObaaamqv)(mh=U3Ea1nJ7JyDUlhyK)13.jpg;https://ei.phncdn.com/videos/202604/10/44852865/original/(m=eaAaGwObaaamqv)(mh=U3Ea1nJ7JyDUlhyK)14.jpg;https://ei.phncdn.com/videos/202604/10/44852865/original/(m=eaAaGwObaaamqv)(mh=U3Ea1nJ7JyDUlhyK)15.jpg;https://ei.phncdn.com/videos/202604/10/44852865/original/(m=eaAaGwObaaamqv)(mh=U3Ea1nJ7JyDUlhyK)16.jpg
<iframe src="https://www.pornhub.com/embed/69dec09a9e87b" frameborder="0" height="481" width="608" scrolling="no"></iframe>|https://ei.phncdn.com/videos/202604/14/45301275/original/(m=eaf8GgaaaWavb)(mh=7q6rsS-k-wd68p2Y)12.jpg|https://ei.phncdn.com/videos/202604/14/45301275/original/(m=eaf8GgaaaWavb)(mh=7q6rsS-k-wd68p2Y)1.jpg;https://ei.phncdn.com/videos/202604/14/45301275/original/(m=eaf8GgaaaWavb)(mh=7q6rsS-k-wd68p2Y)2.jpg;https://ei.phncdn.com/videos/202604/14/45301275/original/(m=eaf8GgaaaWavb)(mh=7q6rsS-k-wd68p2Y)3.jpg;https://ei.phncdn.com/videos/202604/14/45301275/original/(m=eaf8GgaaaWavb)(mh=7q6rsS-k-wd68p2Y)4.jpg;https://ei.phncdn.com/videos/202604/14/45301275/original/(m=eaf8GgaaaWavb)(mh=7q6rsS-k-wd68p2Y)5.jpg;https://ei.phncdn.com/videos/202604/14/45301275/original/(m=eaf8GgaaaWavb)(mh=7q6rsS-k-wd68p2Y)6.jpg;https://ei.phncdn.com/videos/202604/14/45301275/original/(m=eaf8GgaaaWavb)(mh=7q6rsS-k-wd68p2Y)7.jpg;https://ei.phncdn.com/videos/202604/14/45301275/original/(m=eaf8GgaaaWavb)(mh=7q6rsS-k-wd68p2Y)8.jpg;https://ei.phncdn.com/videos/202604/14/45301275/original/(m=eaf8GgaaaWavb)(mh=7q6rsS-k-wd68p2Y)9.jpg;https://ei.phncdn.com/videos/202604/14/45301275/original/(m=eaf8GgaaaWavb)(mh=7q6rsS-k-wd68p2Y)10.jpg;https://ei.phncdn.com/videos/202604/14/45301275/original/(m=eaf8GgaaaWavb)(mh=7q6rsS-k-wd68p2Y)11.jpg;https://ei.phncdn.com/videos/202604/14/45301275/original/(m=eaf8GgaaaWavb)(mh=7q6rsS-k-wd68p2Y)12.jpg;https://ei.phncdn.com/videos/202604/14/45301275/original/(m=eaf8GgaaaWavb)(mh=7q6rsS-k-wd68p2Y)13.jpg;https://ei.phncdn.com/videos/202604/14/45301275/original/(m=eaf8GgaaaWavb)(mh=7q6rsS-k-wd68p2Y)14.jpg;https://ei.phncdn.com/videos/202604/14/45301275/original/(m=eaf8GgaaaWavb)(mh=7q6rsS-k-wd68p2Y)15.jpg;https://ei.phncdn.com/videos/202604/14/45301275/original/(m=eaf8GgaaaWavb)(mh=7q6rsS-k-wd68p2Y)16.jpg|I can feel your eyes on me through the screen, and I absolutely love it.|ass-focus;lesbian;dom-and-sub-lesbian|Arab;Exclusive;Verified Amateurs;Solo Female||59|53|||https://ei.phncdn.com/videos/202604/14/45301275/original/(m=eaAaGwObaaamqv)(mh=Ti5KxWJ_jZW1HU2i)12.jpg|https://ei.phncdn.com/videos/202604/14/45301275/original/(m=eaAaGwObaaamqv)(mh=Ti5KxWJ_jZW1HU2i)1.jpg;https://ei.phncdn.com/videos/202604/14/45301275/original/(m=eaAaGwObaaamqv)(mh=Ti5KxWJ_jZW1HU2i)2.jpg;https://ei.phncdn.com/videos/202604/14/45301275/original/(m=eaAaGwObaaamqv)(mh=Ti5KxWJ_jZW1HU2i)3.jpg;https://ei.phncdn.com/videos/202604/14/45301275/original/(m=eaAaGwObaaamqv)(mh=Ti5KxWJ_jZW1HU2i)4.jpg;https://ei.phncdn.com/videos/202604/14/45301275/original/(m=eaAaGwObaaamqv)(mh=Ti5KxWJ_jZW1HU2i)5.jpg;https://ei.phncdn.com/videos/202604/14/45301275/original/(m=eaAaGwObaaamqv)(mh=Ti5KxWJ_jZW1HU2i)6.jpg;https://ei.phncdn.com/videos/202604/14/45301275/original/(m=eaAaGwObaaamqv)(mh=Ti5KxWJ_jZW1HU2i)7.jpg;https://ei.phncdn.com/videos/202604/14/45301275/original/(m=eaAaGwObaaamqv)(mh=Ti5KxWJ_jZW1HU2i)8.jpg;https://ei.phncdn.com/videos/202604/14/45301275/original/(m=eaAaGwObaaamqv)(mh=Ti5KxWJ_jZW1HU2i)9.jpg;https://ei.phncdn.com/videos/202604/14/45301275/original/(m=eaAaGwObaaamqv)(mh=Ti5KxWJ_jZW1HU2i)10.jpg;https://ei.phncdn.com/videos/202604/14/45301275/original/(m=eaAaGwObaaamqv)(mh=Ti5KxWJ_jZW1HU2i)11.jpg;https://ei.phncdn.com/videos/202604/14/45301275/original/(m=eaAaGwObaaamqv)(mh=Ti5KxWJ_jZW1HU2i)12.jpg;https://ei.phncdn.com/videos/202604/14/45301275/original/(m=eaAaGwObaaamqv)(mh=Ti5KxWJ_jZW1HU2i)13.jpg;https://ei.phncdn.com/videos/202604/14/45301275/original/(m=eaAaGwObaaamqv)(mh=Ti5KxWJ_jZW1HU2i)14.jpg;https://ei.phncdn.com/videos/202604/14/45301275/original/(m=eaAaGwObaaamqv)(mh=Ti5KxWJ_jZW1HU2i)15.jpg;https://ei.phncdn.com/videos/202604/14/45301275/original/(m=eaAaGwObaaamqv)(mh=Ti5KxWJ_jZW1HU2i)16.jpg
<iframe src="https://www.pornhub.com/embed/6a4e27f5b3ebd" frameborder="0" height="481" width="608" scrolling="no"></iframe>|https://ei.phncdn.com/videos/202607/08/54802155/original/(m=eaf8GgaaaWavb)(mh=Ja-0LoEF8NCqGBV_)12.jpg|https://ei.phncdn.com/videos/202607/08/54802155/original/(m=eaf8GgaaaWavb)(mh=Ja-0LoEF8NCqGBV_)1.jpg;https://ei.phncdn.com/videos/202607/08/54802155/original/(m=eaf8GgaaaWavb)(mh=Ja-0LoEF8NCqGBV_)2.jpg;https://ei.phncdn.com/videos/202607/08/54802155/original/(m=eaf8GgaaaWavb)(mh=Ja-0LoEF8NCqGBV_)3.jpg;https://ei.phncdn.com/videos/202607/08/54802155/original/(m=eaf8GgaaaWavb)(mh=Ja-0LoEF8NCqGBV_)4.jpg;https://ei.phncdn.com/videos/202607/08/54802155/original/(m=eaf8GgaaaWavb)(mh=Ja-0LoEF8NCqGBV_)5.jpg;https://ei.phncdn.com/videos/202607/08/54802155/original/(m=eaf8GgaaaWavb)(mh=Ja-0LoEF8NCqGBV_)6.jpg;https://ei.phncdn.com/videos/202607/08/54802155/original/(m=eaf8GgaaaWavb)(mh=Ja-0LoEF8NCqGBV_)7.jpg;https://ei.phncdn.com/videos/202607/08/54802155/original/(m=eaf8GgaaaWavb)(mh=Ja-0LoEF8NCqGBV_)8.jpg;https://ei.phncdn.com/videos/202607/08/54802155/original/(m=eaf8GgaaaWavb)(mh=Ja-0LoEF8NCqGBV_)9.jpg;https://ei.phncdn.com/videos/202607/08/54802155/original/(m=eaf8GgaaaWavb)(mh=Ja-0LoEF8NCqGBV_)10.jpg;https://ei.phncdn.com/videos/202607/08/54802155/original/(m=eaf8GgaaaWavb)(mh=Ja-0LoEF8NCqGBV_)11.jpg;https://ei.phncdn.com/videos/202607/08/54802155/original/(m=eaf8GgaaaWavb)(mh=Ja-0LoEF8NCqGBV_)12.jpg;https://ei.phncdn.com/videos/202607/08/54802155/original/(m=eaf8GgaaaWavb)(mh=Ja-0LoEF8NCqGBV_)13.jpg;https://ei.phncdn.com/videos/202607/08/54802155/original/(m=eaf8GgaaaWavb)(mh=Ja-0LoEF8NCqGBV_)14.jpg;https://ei.phncdn.com/videos/202607/08/54802155/original/(m=eaf8GgaaaWavb)(mh=Ja-0LoEF8NCqGBV_)15.jpg;https://ei.phncdn.com/videos/202607/08/54802155/original/(m=eaf8GgaaaWavb)(mh=Ja-0LoEF8NCqGBV_)16.jpg|I want to try making myself come|try-to-cum;girls-using-dildos|Arab;Exclusive;Verified Amateurs;Behind The Scenes;Solo Female||29|68|5|0|https://ei.phncdn.com/videos/202607/08/54802155/original/(m=eaAaGwObaaamqv)(mh=UxawDNHy0IbHRqjO)12.jpg|https://ei.phncdn.com/videos/202607/08/54802155/original/(m=eaAaGwObaaamqv)(mh=UxawDNHy0IbHRqjO)1.jpg;https://ei.phncdn.com/videos/202607/08/54802155/original/(m=eaAaGwObaaamqv)(mh=UxawDNHy0IbHRqjO)2.jpg;https://ei.phncdn.com/videos/202607/08/54802155/original/(m=eaAaGwObaaamqv)(mh=UxawDNHy0IbHRqjO)3.jpg;https://ei.phncdn.com/videos/202607/08/54802155/original/(m=eaAaGwObaaamqv)(mh=UxawDNHy0IbHRqjO)4.jpg;https://ei.phncdn.com/videos/202607/08/54802155/original/(m=eaAaGwObaaamqv)(mh=UxawDNHy0IbHRqjO)5.jpg;https://ei.phncdn.com/videos/202607/08/54802155/original/(m=eaAaGwObaaamqv)(mh=UxawDNHy0IbHRqjO)6.jpg;https://ei.phncdn.com/videos/202607/08/54802155/original/(m=eaAaGwObaaamqv)(mh=UxawDNHy0IbHRqjO)7.jpg;https://ei.phncdn.com/videos/202607/08/54802155/original/(m=eaAaGwObaaamqv)(mh=UxawDNHy0IbHRqjO)8.jpg;https://ei.phncdn.com/videos/202607/08/54802155/original/(m=eaAaGwObaaamqv)(mh=UxawDNHy0IbHRqjO)9.jpg;https://ei.phncdn.com/videos/202607/08/54802155/original/(m=eaAaGwObaaamqv)(mh=UxawDNHy0IbHRqjO)10.jpg;https://ei.phncdn.com/videos/202607/08/54802155/original/(m=eaAaGwObaaamqv)(mh=UxawDNHy0IbHRqjO)11.jpg;https://ei.phncdn.com/videos/202607/08/54802155/original/(m=eaAaGwObaaamqv)(mh=UxawDNHy0IbHRqjO)12.jpg;https://ei.phncdn.com/videos/202607/08/54802155/original/(m=eaAaGwObaaamqv)(mh=UxawDNHy0IbHRqjO)13.jpg;https://ei.phncdn.com/videos/202607/08/54802155/original/(m=eaAaGwObaaamqv)(mh=UxawDNHy0IbHRqjO)14.jpg;https://ei.phncdn.com/videos/202607/08/54802155/original/(m=eaAaGwObaaamqv)(mh=UxawDNHy0IbHRqjO)15.jpg;https://ei.phncdn.com/videos/202607/08/54802155/original/(m=eaAaGwObaaamqv)(mh=UxawDNHy0IbHRqjO)16.jpg
<iframe src="https://www.pornhub.com/embed/6a7b382f491a2" frameborder="0" height="481" width="608" scrolling="no"></iframe>|https://ei.phncdn.com/videos/202608/11/58649135/original/(m=eaf8GgaaaWavb)(mh=r31HWZW1usLIHvBi)12.jpg|https://ei.phncdn.com/videos/202608/11/58649135/original/(m=eaf8GgaaaWavb)(mh=r31HWZW1usLIHvBi)1.jpg;https://ei.phncdn.com/videos/202608/11/58649135/original/(m=eaf8GgaaaWavb)(mh=r31HWZW1usLIHvBi)2.jpg;https://ei.phncdn.com/videos/202608/11/58649135/original/(m=eaf8GgaaaWavb)(mh=r31HWZW1usLIHvBi)3.jpg;https://ei.phncdn.com/videos/202608/11/58649135/original/(m=eaf8GgaaaWavb)(mh=r31HWZW1usLIHvBi)4.jpg;https://ei.phncdn.com/videos/202608/11/58649135/original/(m=eaf8GgaaaWavb)(mh=r31HWZW1usLIHvBi)5.jpg;https://ei.phncdn.com/videos/202608/11/58649135/original/(m=eaf8GgaaaWavb)(mh=r31HWZW1usLIHvBi)6.jpg;https://ei.phncdn.com/videos/202608/11/58649135/original/(m=eaf8GgaaaWavb)(mh=r31HWZW1usLIHvBi)7.jpg;https://ei.phncdn.com/videos/202608/11/58649135/original/(m=eaf8GgaaaWavb)(mh=r31HWZW1usLIHvBi)8.jpg;https://ei.phncdn.com/videos/202608/11/58649135/original/(m=eaf8GgaaaWavb)(mh=r31HWZW1usLIHvBi)9.jpg;https://ei.phncdn.com/videos/202608/11/58649135/original/(m=eaf8GgaaaWavb)(mh=r31HWZW1usLIHvBi)10.jpg;https://ei.phncdn.com/videos/202608/11/58649135/original/(m=eaf8GgaaaWavb)(mh=r31HWZW1usLIHvBi)11.jpg;https://ei.phncdn.com/videos/202608/11/58649135/original/(m=eaf8GgaaaWavb)(mh=r31HWZW1usLIHvBi)12.jpg;https://ei.phncdn.com/videos/202608/11/58649135/original/(m=eaf8GgaaaWavb)(mh=r31HWZW1usLIHvBi)13.jpg;https://ei.phncdn.com/videos/202608/11/58649135/original/(m=eaf8GgaaaWavb)(mh=r31HWZW1usLIHvBi)14.jpg;https://ei.phncdn.com/videos/202608/11/58649135/original/(m=eaf8GgaaaWavb)(mh=r31HWZW1usLIHvBi)15.jpg;https://ei.phncdn.com/videos/202608/11/58649135/original/(m=eaf8GgaaaWavb)(mh=r31HWZW1usLIHvBi)16.jpg|Would you eat this pussy for breakfast, lunch, or all day?|wetpussy;tightpussy;pussyplay;girl-masturbating|Arab;Pussy Licking;Verified Amateurs;Solo Female||23|94|||https://ei.phncdn.com/videos/202608/11/58649135/original/(m=eaAaGwObaaamqv)(mh=u1M83dYrQVnHG8Tk)12.jpg|https://ei.phncdn.com/videos/202608/11/58649135/original/(m=eaAaGwObaaamqv)(mh=u1M83dYrQVnHG8Tk)1.jpg;https://ei.phncdn.com/videos/202608/11/58649135/original/(m=eaAaGwObaaamqv)(mh=u1M83dYrQVnHG8Tk)2.jpg;https://ei.phncdn.com/videos/202608/11/58649135/original/(m=eaAaGwObaaamqv)(mh=u1M83dYrQVnHG8Tk)3.jpg;https://ei.phncdn.com/videos/202608/11/58649135/original/(m=eaAaGwObaaamqv)(mh=u1M83dYrQVnHG8Tk)4.jpg;https://ei.phncdn.com/videos/202608/11/58649135/original/(m=eaAaGwObaaamqv)(mh=u1M83dYrQVnHG8Tk)5.jpg;https://ei.phncdn.com/videos/202608/11/58649135/original/(m=eaAaGwObaaamqv)(mh=u1M83dYrQVnHG8Tk)6.jpg;https://ei.phncdn.com/videos/202608/11/58649135/original/(m=eaAaGwObaaamqv)(mh=u1M83dYrQVnHG8Tk)7.jpg;https://ei.phncdn.com/videos/202608/11/58649135/original/(m=eaAaGwObaaamqv)(mh=u1M83dYrQVnHG8Tk)8.jpg;https://ei.phncdn.com/videos/202608/11/58649135/original/(m=eaAaGwObaaamqv)(mh=u1M83dYrQVnHG8Tk)9.jpg;https://ei.phncdn.com/videos/202608/11/58649135/original/(m=eaAaGwObaaamqv)(mh=u1M83dYrQVnHG8Tk)10.jpg;https://ei.phncdn.com/videos/202608/11/58649135/original/(m=eaAaGwObaaamqv)(mh=u1M83dYrQVnHG8Tk)11.jpg;https://ei.phncdn.com/videos/202608/11/58649135/original/(m=eaAaGwObaaamqv)(mh=u1M83dYrQVnHG8Tk)12.jpg;https://ei.phncdn.com/videos/202608/11/58649135/original/(m=eaAaGwObaaamqv)(mh=u1M83dYrQVnHG8Tk)13.jpg;https://ei.phncdn.com/videos/202608/11/58649135/original/(m=eaAaGwObaaamqv)(mh=u1M83dYrQVnHG8Tk)14.jpg;https://ei.phncdn.com/videos/202608/11/58649135/original/(m=eaAaGwObaaamqv)(mh=u1M83dYrQVnHG8Tk)15.jpg;https://ei.phncdn.com/videos/202608/11/58649135/original/(m=eaAaGwObaaamqv)(mh=u1M83dYrQVnHG8Tk)16.jpg
